gloss	plural	suffix	plural_stress_from_right	plural_outcome	singulars	singular_stress	singular_ids	plural_id	family_ids	plural_description	review_index	manual_lexical_note	reviewed_family_comparison	primary_check	morphological_assessment	final_vowel_accented	acute_count	suffix_accent_status
air	ó:ʃe	-e	2	stress-marked	[]	[]	[]	f_rnp6mmnvwlbie	[]	m.pl	0	The matched source forms were inspected. The plural ending and its accent are retained as printed; no etymology is assigned from a shared English gloss alone.		database source citation and candidate lexemes inspected	Plain e/i must distinguish suffix addition, vowel replacement, glide formation, syncope and lexical stem alternants; the source marks are not normalized to the majority pattern.	0	1	stem-accent-only
bank of the river	ʧhúpe	-e	2	stress-marked	[]	[]	[]	f_s4fnv2fox34py	[]	m.pl	1	The matched source forms were inspected. The plural ending and its accent are retained as printed; no etymology is assigned from a shared English gloss alone.		database source citation and candidate lexemes inspected	Plain e/i must distinguish suffix addition, vowel replacement, glide formation, syncope and lexical stem alternants; the source marks are not normalized to the majority pattern.	0	1	stem-accent-only
cave	bóyé	-e		multiple-stress	"[""bó""]"	[1]	"[""f_c2xftdu3evho2""]"	f_t6muzwjvnwlqy	[]	m.pl	2	Cave bó/bóyé retains a root acute and adds a suffix acute. The same two marks occur in the grammar discussion; do not normalize to a single final accent. Proposed khola/kotara comparisons are segmentally insufficient.		database source citation and candidate lexemes inspected	Plain e/i must distinguish suffix addition, vowel replacement, glide formation, syncope and lexical stem alternants; the source marks are not normalized to the majority pattern.	1	2	final-plus-other-accent
cloud	áʐe	-e	2	stress-marked	[]	[]	[]	f_373cdo5ejqomk	[]	m.pl	3	The matched source forms were inspected. The plural ending and its accent are retained as printed; no etymology is assigned from a shared English gloss alone. Research comparison: abhrá (549), cloud, rainy weather. This links the root/lexeme, not each inflected cell directly to the old headword.	549	database source citation and candidate lexemes inspected	Plain e/i must distinguish suffix addition, vowel replacement, glide formation, syncope and lexical stem alternants; the source marks are not normalized to the majority pattern.	0	1	stem-accent-only
dew	phúruʦe	-e	3	stress-marked	"[""phúrus""]"	[2]	"[""f_dywhshxyrqdrm""]"	f_gfzm5kjn6hueu	[]	m.pl	4	The matched source forms were inspected. The plural ending and its accent are retained as printed; no etymology is assigned from a shared English gloss alone.		database source citation and candidate lexemes inspected	Plain e/i must distinguish suffix addition, vowel replacement, glide formation, syncope and lexical stem alternants; the source marks are not normalized to the majority pattern.	0	1	stem-accent-only
dust	udú:e	-e	2	stress-marked	"[""udú:""]"	[1]	"[""f_5mzh7hen3spkc""]"	f_zqyigo3xmsxjs	"[""2025""]"	m.pl	5	The matched source forms were inspected. The plural ending and its accent are retained as printed; no etymology is assigned from a shared English gloss alone. Research comparison: *uddhūḍi (2025), excessive dust. This links the root/lexeme, not each inflected cell directly to the old headword.	2025	database source citation and candidate lexemes inspected	Plain e/i must distinguish suffix addition, vowel replacement, glide formation, syncope and lexical stem alternants; the source marks are not normalized to the majority pattern.	0	1	stem-accent-only
flood	mu:ze	-e		unmarked	"[""buʧeʋázẽĩ"", ""mu:s""]"	"[3, """"]"	"[""f_2gc5s7cjws4d2"", ""f_jt5pacvrp2ooi""]"	f_y5to7jfbbh6vo	[]	f.pl	6	The flood candidates mix mu:s/mu:ze with a different multi-component expression. Use only the mu:s paradigm for segmental comparison; neither citation marks stress.		database source citation and candidate lexemes inspected	Plain e/i must distinguish suffix addition, vowel replacement, glide formation, syncope and lexical stem alternants; the source marks are not normalized to the majority pattern.	0	0	unmarked
hail	ɖóɾe	-e	2	stress-marked	"[""ɖóɾo""]"	[2]	"[""f_xyvag2lyx27cq""]"	f_kltorbwjt26ec	[]	m.pl	7	The matched source forms were inspected. The plural ending and its accent are retained as printed; no etymology is assigned from a shared English gloss alone.		database source citation and candidate lexemes inspected	Plain e/i must distinguish suffix addition, vowel replacement, glide formation, syncope and lexical stem alternants; the source marks are not normalized to the majority pattern.	0	1	stem-accent-only
hillock	ʈhuké	-e	1	stress-marked	"[""ʈhúko""]"	[2]	"[""f_snkuuxxqocuc2""]"	f_iitragnlv4xrm	[]	m.pl	8	Hillock changes ʈhúko to ʈhuké: stress moves to the replacement plural vowel. The unextended -e rule is not sufficient.		database source citation and candidate lexemes inspected	Plain e/i must distinguish suffix addition, vowel replacement, glide formation, syncope and lexical stem alternants; the source marks are not normalized to the majority pattern.	1	1	final-accent-only
ice	so:re	-e		unmarked	"[""so:r""]"	"[""""]"	"[""f_ems5ebwpqwjew""]"	f_rs5gjv3rx5aty	"[""13355""]"	m.pl	9	The matched source forms were inspected. The plural ending and its accent are retained as printed; no etymology is assigned from a shared English gloss alone. Research comparison: sā́ra (13355), hardness (of wood); best part; firm, strong; resin, sour cream. This links the root/lexeme, not each inflected cell directly to the old headword.	13355	database source citation and candidate lexemes inspected	Plain e/i must distinguish suffix addition, vowel replacement, glide formation, syncope and lexical stem alternants; the source marks are not normalized to the majority pattern.	0	0	unmarked
isthmus	tóre	-e	2	stress-marked	"[""tóri"", ""torí:""]"	[2, 1]	"[""f_jertms3a37xps"", ""f_bzriuzo3mlcf6""]"	f_wzmhw5zfu25yc	[]	f.pl	10	Two singular vowel/accent variants occur under isthmus. Plural tóre agrees with tóri, but the source also has torí:. Preserve both as source-internal variation.		database source citation and candidate lexemes inspected	Plain e/i must distinguish suffix addition, vowel replacement, glide formation, syncope and lexical stem alternants; the source marks are not normalized to the majority pattern.	0	1	stem-accent-only
lake	bíre	-e	2	stress-marked	"[""bír""]"	[1]	"[""f_t6hv6u6jejtuc""]"	f_7zi63ntnxfj64	[]	f.pl	11	The matched source forms were inspected. The plural ending and its accent are retained as printed; no etymology is assigned from a shared English gloss alone.		database source citation and candidate lexemes inspected	Plain e/i must distinguish suffix addition, vowel replacement, glide formation, syncope and lexical stem alternants; the source marks are not normalized to the majority pattern.	0	1	stem-accent-only
lightening	bíʧuʐe	-e	3	stress-marked	"[""bíʧuʂ""]"	[2]	"[""f_zxemwd6jb57so""]"	f_twunzewjszo5y	[]	f.pl	12	The matched source forms were inspected. The plural ending and its accent are retained as printed; no etymology is assigned from a shared English gloss alone.		database source citation and candidate lexemes inspected	Plain e/i must distinguish suffix addition, vowel replacement, glide formation, syncope and lexical stem alternants; the source marks are not normalized to the majority pattern.	0	1	stem-accent-only
limestone	móte	-e	2	stress-marked	"[""móti""]"	[2]	"[""f_ebfeyixcyj7hi""]"	f_mjd2nu2slxsek	[]	f.pl	13	The matched source forms were inspected. The plural ending and its accent are retained as printed; no etymology is assigned from a shared English gloss alone.		database source citation and candidate lexemes inspected	Plain e/i must distinguish suffix addition, vowel replacement, glide formation, syncope and lexical stem alternants; the source marks are not normalized to the majority pattern.	0	1	stem-accent-only
mountain	ʃʌyé	-e	1	stress-marked	"[""ʃeí""]"	[1]	"[""f_xohr2iu3bzvd6""]"	f_skhi4vkaqlwjw	[]	f.pl	14	Mountain ʃeí/ʃʌyé involves vowel-sequence and glide alternation; old mountain synonyms do not establish its etymology. Final plural stress is marked.		database source citation and candidate lexemes inspected	Plain e/i must distinguish suffix addition, vowel replacement, glide formation, syncope and lexical stem alternants; the source marks are not normalized to the majority pattern.	1	1	final-accent-only
moss	khʌɽʌ́ke	-e	2	stress-marked	"[""khʌɽʌ́k""]"	[1]	"[""f_u4uafmbkftady""]"	f_a4oswjamlhibg	[]	m.pl	15	The matched source forms were inspected. The plural ending and its accent are retained as printed; no etymology is assigned from a shared English gloss alone.		database source citation and candidate lexemes inspected	Plain e/i must distinguish suffix addition, vowel replacement, glide formation, syncope and lexical stem alternants; the source marks are not normalized to the majority pattern.	0	1	stem-accent-only
peak	ʧhí:ʐe	-e	2	stress-marked	"[""ʧhí:ʂ""]"	[1]	"[""f_btclih5cvrekm""]"	f_onwxas54bhlqm	[]	f.pl	16	The matched source forms were inspected. The plural ending and its accent are retained as printed; no etymology is assigned from a shared English gloss alone.		database source citation and candidate lexemes inspected	Plain e/i must distinguish suffix addition, vowel replacement, glide formation, syncope and lexical stem alternants; the source marks are not normalized to the majority pattern.	0	1	stem-accent-only
pebble	kha:ye	-e		unmarked	"[""kha:y""]"	"[""""]"	"[""f_ep6jbmfvenwnk""]"	f_xz7ap2v6xfgta	[]	f.pl	17	The matched source forms were inspected. The plural ending and its accent are retained as printed; no etymology is assigned from a shared English gloss alone.		database source citation and candidate lexemes inspected	Plain e/i must distinguish suffix addition, vowel replacement, glide formation, syncope and lexical stem alternants; the source marks are not normalized to the majority pattern.	0	0	unmarked
ray	gále	-e	2	stress-marked	"[""gálo""]"	[2]	"[""f_ot23sco5p3vuc""]"	f_onuqeu35mbxxi	[]	m.pl	18	The matched source forms were inspected. The plural ending and its accent are retained as printed; no etymology is assigned from a shared English gloss alone.		database source citation and candidate lexemes inspected	Plain e/i must distinguish suffix addition, vowel replacement, glide formation, syncope and lexical stem alternants; the source marks are not normalized to the majority pattern.	0	1	stem-accent-only
river	sine	-e		unmarked	[]	[]	[]	f_3sw4z5xlufzva	[]	f.pl	19	The matched source forms were inspected. The plural ending and its accent are retained as printed; no etymology is assigned from a shared English gloss alone. Research comparison: síndhu (13415), river, the Indus; flow (in general), sea. This links the root/lexeme, not each inflected cell directly to the old headword.	13415	database source citation and candidate lexemes inspected	Plain e/i must distinguish suffix addition, vowel replacement, glide formation, syncope and lexical stem alternants; the source marks are not normalized to the majority pattern.	0	0	unmarked
road	pone	-e		unmarked	[]	[]	[]	f_rbq72w4pjuxf6	[]	f.pl	20	The matched source forms were inspected. The plural ending and its accent are retained as printed; no etymology is assigned from a shared English gloss alone. Research comparison: pánthā (7785), path, road. This links the root/lexeme, not each inflected cell directly to the old headword.	7785	database source citation and candidate lexemes inspected	Plain e/i must distinguish suffix addition, vowel replacement, glide formation, syncope and lexical stem alternants; the source marks are not normalized to the majority pattern.	0	0	unmarked
rock	gí:re	-e	2	stress-marked	"[""gí:ro""]"	[2]	"[""f_eswuns6t53wkq""]"	f_rnzrq6o2dxnle	[]	m.pl	21	The matched source forms were inspected. The plural ending and its accent are retained as printed; no etymology is assigned from a shared English gloss alone. Research comparison: girí (4161), rock, mountain. This links the root/lexeme, not each inflected cell directly to the old headword.	4161	database source citation and candidate lexemes inspected	Plain e/i must distinguish suffix addition, vowel replacement, glide formation, syncope and lexical stem alternants; the source marks are not normalized to the majority pattern.	0	1	stem-accent-only
satellite; star	táre	-e	2	stress-marked	[]	[]	[]	f_3wk6hbnlovwik	[]	m.pl	22	The matched source forms were inspected. The plural ending and its accent are retained as printed; no etymology is assigned from a shared English gloss alone. Research comparison: tārā (5798), fixed star. This links the root/lexeme, not each inflected cell directly to the old headword.	5798	database source citation and candidate lexemes inspected	Plain e/i must distinguish suffix addition, vowel replacement, glide formation, syncope and lexical stem alternants; the source marks are not normalized to the majority pattern.	0	1	stem-accent-only
stone	bʌʈi	-i		unmarked	[]	[]	[]	f_6rgfqh2w7eylq	[]	m.pl	23	The matched source forms were inspected. The plural ending and its accent are retained as printed; no etymology is assigned from a shared English gloss alone. Research comparison: *varta (11348), round stone. This links the root/lexeme, not each inflected cell directly to the old headword.	11348	database source citation and candidate lexemes inspected	Plain e/i must distinguish suffix addition, vowel replacement, glide formation, syncope and lexical stem alternants; the source marks are not normalized to the majority pattern.	0	0	unmarked
blind	ʂé:ʋe	-e	2	stress-marked	"[""ʂé:ʋ""]"	[1]	"[""f_wymng5psl77f2""]"	f_r3ixsmxhzsp2o	[]		24	Blind has two plural formations ʂé:ʋe and ʂé:. The first retains the consonant and adds a vowel; the second contracts. The suggested śrēḍa comparison requires independent segmental support.		database source citation and candidate lexemes inspected	Plain e/i must distinguish suffix addition, vowel replacement, glide formation, syncope and lexical stem alternants; the source marks are not normalized to the majority pattern.	0	1	stem-accent-only
blind	ʂé:	other	1	stress-marked	"[""ʂé:ʋ""]"	[1]	"[""f_wymng5psl77f2""]"	f_gjnpvmnupfzvw	[]		25	Contracted plural of blind; keep separate from the extended ʂé:ʋe. Final accent is not the same suffixal mechanism as -éh.		database source citation and candidate lexemes inspected	Plain e/i must distinguish suffix addition, vowel replacement, glide formation, syncope and lexical stem alternants; the source marks are not normalized to the majority pattern.	1	1	final-accent-only
bridge	ɖaŋé:	other	1	stress-marked	"[""ɖaŋó:""]"	[1]	"[""f_k6lusr7u6osf4""]"	f_a4eke4atbh2w2	[]		26	The matched source forms were inspected. The plural ending and its accent are retained as printed; no etymology is assigned from a shared English gloss alone.		database source citation and candidate lexemes inspected	Plain e/i must distinguish suffix addition, vowel replacement, glide formation, syncope and lexical stem alternants; the source marks are not normalized to the majority pattern.	1	1	final-accent-only
father	bábe	-e	2	stress-marked	"[""bábo""]"	[2]	"[""f_vr57jlhqjqrbg""]"	f_faafle6drsa5y	"[""9209""]"	m.pl	27	The matched source forms were inspected. The plural ending and its accent are retained as printed; no etymology is assigned from a shared English gloss alone. Research comparison: *bāppa (9209), father. This links the root/lexeme, not each inflected cell directly to the old headword.	9209	database source citation and candidate lexemes inspected	Plain e/i must distinguish suffix addition, vowel replacement, glide formation, syncope and lexical stem alternants; the source marks are not normalized to the majority pattern.	0	1	stem-accent-only
marriage	kʌ́ʒe	-e	2	stress-marked	"[""kʌ́ʃ""]"	[1]	"[""f_mzoe27hbfiiee""]"	f_e5g44xfsyj2va	[]	f.pl	28	The matched source forms were inspected. The plural ending and its accent are retained as printed; no etymology is assigned from a shared English gloss alone.		database source citation and candidate lexemes inspected	Plain e/i must distinguish suffix addition, vowel replacement, glide formation, syncope and lexical stem alternants; the source marks are not normalized to the majority pattern.	0	1	stem-accent-only
maternal uncle’s wife	phʌpyé:	other	1	stress-marked	"[""phʌpi:""]"	"[""""]"	"[""f_bg7qlrtzqaw32""]"	f_evfsepjdpphca	[]	f.pl	29	The kin gloss maternal uncle’s wife needs checking against the phapi word’s usual paternal-aunt association; gender/kinship substitutions cannot be silently repaired.		database source citation and candidate lexemes inspected	Plain e/i must distinguish suffix addition, vowel replacement, glide formation, syncope and lexical stem alternants; the source marks are not normalized to the majority pattern.	1	1	final-accent-only
orphan	ʒʌró:e	-e	2	stress-marked	"[""ʒʌró:""]"	[1]	"[""f_fnkuehjwecepm""]"	f_qrhb3o3dex4uc	[]	m.pl	30	The matched source forms were inspected. The plural ending and its accent are retained as printed; no etymology is assigned from a shared English gloss alone.		database source citation and candidate lexemes inspected	Plain e/i must distinguish suffix addition, vowel replacement, glide formation, syncope and lexical stem alternants; the source marks are not normalized to the majority pattern.	0	1	stem-accent-only
people	ʤʌ́keɦ	-eh/-eɦ	2	stress-marked	"[""ʤʌ́k""]"	[1]	"[""f_fsywtcivnvyjk""]"	f_22tosiwomum3g	[]		31	People ʤʌ́k/ʤʌ́keɦ is stem-accented in vocabulary item170, whereas grammar p42 prints ʤʌ́kéɦ with an additional final acute. This is a real source-internal difference, not an exception to hide.		exact printed passage inspected	Final eh/eɦ is an independently identified suffix; compare final versus retained stem marks without defining membership by acute placement.	0	1	stem-accent-only
wife’s brother	ʃeiryé	-e	1	stress-in-vowel-sequence	"[""ʃeirí:""]"	[1]	"[""f_viceofat7mgqg""]"	f_bnm7fo262lr4y	[]		32	Wife’s brother has final-vowel/glide alternation, with several adjacent vowels; positional statistics require explicit syllabification.		database source citation and candidate lexemes inspected	Plain e/i must distinguish suffix addition, vowel replacement, glide formation, syncope and lexical stem alternants; the source marks are not normalized to the majority pattern.	1	1	final-accent-only
ass	ʐʌkúɳi	-i	2	stress-marked	"[""ʐʌkúɳ"", ""sṍʈʂiʐʌkúɳ""]"	"[1, """"]"	"[""f_74bkiyof6gw76"", ""f_3eymkbkcgcosw""]"	f_sx4euq4xe3awk	[]	m.pl	33	The gloss group contains plain donkey and a female-donkey compound. The plural is the simple stem plus i; do not treat all SG strings as the same grammatical cell.		database source citation and candidate lexemes inspected	Plain e/i must distinguish suffix addition, vowel replacement, glide formation, syncope and lexical stem alternants; the source marks are not normalized to the majority pattern.	0	1	stem-accent-only
monkey	ʃʌdyé:	other	1	stress-marked	"[""ʃʌdí:""]"	[1]	"[""f_hi65iloqnhqw2""]"	f_ydw4xjjmm4sn6	[]		34	The matched source forms were inspected. The plural ending and its accent are retained as printed; no etymology is assigned from a shared English gloss alone.		database source citation and candidate lexemes inspected	Plain e/i must distinguish suffix addition, vowel replacement, glide formation, syncope and lexical stem alternants; the source marks are not normalized to the majority pattern.	1	1	final-accent-only
bed bug	phʌ́ʃe	-e	2	stress-marked	"[""phə́:ʃe"", ""phə́:ʃi"", ""phʌ́ʃi""]"	[2, 2, 2]	"[""f_wggjsgeff7wdq"", ""f_qj7r7l3jvu6bs"", ""f_glojxshnsfnic""]"	f_eufzr3asgvtsm	[]		35	Bedbug has ə:/ʌ and e/i variants. The plural retains first-syllable stress across these variants.		database source citation and candidate lexemes inspected	Plain e/i must distinguish suffix addition, vowel replacement, glide formation, syncope and lexical stem alternants; the source marks are not normalized to the majority pattern.	0	1	stem-accent-only
bitch	sṍʈʂiʃúŋi	-i		multiple-stress	"[""sṍʈʂiʃúŋ""]"	"[""""]"	"[""f_hrflrjho6chwe""]"	f_nhrnmq4upmgzq	[]		36	Female-dog compound has two lexical stress marks; compound prosody is outside the one-stress simplex test.		database source citation and candidate lexemes inspected	Plain e/i must distinguish suffix addition, vowel replacement, glide formation, syncope and lexical stem alternants; the source marks are not normalized to the majority pattern.	0	2	stem-accent-only
boar	sú:re	-e	2	stress-marked	[]	[]	[]	f_dp4ssrhvxtquq	[]		37	The matched source forms were inspected. The plural ending and its accent are retained as printed; no etymology is assigned from a shared English gloss alone. Research comparison: sūkará (13544), boar. This links the root/lexeme, not each inflected cell directly to the old headword.	13544	database source citation and candidate lexemes inspected	Plain e/i must distinguish suffix addition, vowel replacement, glide formation, syncope and lexical stem alternants; the source marks are not normalized to the majority pattern.	0	1	stem-accent-only
buffalo (he)	bí:romʌ́iʂe	-e		multiple-stress	"[""bí:romʌ́iʂ"", ""sṍʈʂimʌ́iʂ""]"	"["""", """"]"	"[""f_b3ihyxy7mftdo"", ""f_wmhs563dwihte""]"	f_pyosnbwhbdaog	[]	pl. (she	38	Buffalo group conflates male/female compounds under a he-buffalo gloss. The two constituent accents must be retained; the compounds are not simple nominal citation words.		database source citation and candidate lexemes inspected	Plain e/i must distinguish suffix addition, vowel replacement, glide formation, syncope and lexical stem alternants; the source marks are not normalized to the majority pattern.	0	2	stem-accent-only
buffalo (he)	sṍʈʂimʌ́iʐi	-i		multiple-stress	"[""bí:romʌ́iʂ"", ""sṍʈʂimʌ́iʂ""]"	"["""", """"]"	"[""f_b3ihyxy7mftdo"", ""f_wmhs563dwihte""]"	f_n63ir53rpebp4	[]		39	Female-buffalo compound is present under the he-buffalo gloss. Its final i and consonant voicing belong to the female paradigm, not an alternative plural of the male compound.		database source citation and candidate lexemes inspected	Plain e/i must distinguish suffix addition, vowel replacement, glide formation, syncope and lexical stem alternants; the source marks are not normalized to the majority pattern.	0	2	stem-accent-only
cage	takʃé:	other	1	stress-marked	"[""takʃá:""]"	[1]	"[""f_ydprjty2vqrgq""]"	f_4pcjn67efb2dm	[]		40	The matched source forms were inspected. The plural ending and its accent are retained as printed; no etymology is assigned from a shared English gloss alone.		database source citation and candidate lexemes inspected	Plain e/i must distinguish suffix addition, vowel replacement, glide formation, syncope and lexical stem alternants; the source marks are not normalized to the majority pattern.	1	1	final-accent-only
cat	píʃe	-e	2	stress-marked	"[""píʃu""]"	[2]	"[""f_sxfthkg4cfxx4""]"	f_s6ywkq6xqp2nu	[]	male, pl	41	The matched source forms were inspected. The plural ending and its accent are retained as printed; no etymology is assigned from a shared English gloss alone. Research comparison: *puśśī (8298), cat. This links the root/lexeme, not each inflected cell directly to the old headword.	8298	database source citation and candidate lexemes inspected	Plain e/i must distinguish suffix addition, vowel replacement, glide formation, syncope and lexical stem alternants; the source marks are not normalized to the majority pattern.	0	1	stem-accent-only
claw	nó:re	-e	2	stress-marked	[]	[]	[]	f_m6slbozdxsaba	[]	f.pl	42	The matched source forms were inspected. The plural ending and its accent are retained as printed; no etymology is assigned from a shared English gloss alone.		database source citation and candidate lexemes inspected	Plain e/i must distinguish suffix addition, vowel replacement, glide formation, syncope and lexical stem alternants; the source marks are not normalized to the majority pattern.	0	1	stem-accent-only
cow	gáʋe	-e	2	stress-marked	"[""gá:ʋ""]"	[1]	"[""f_uis4oupb3v7xe""]"	f_p67c47ocrlk2a	[]		43	Dras gaa(v) belongs to the cow lexeme; comparative family gō is used as a root-level anchor, not proof that its citation singular is directly the old nominative. Research comparison: gṓ (4255), ox; cow. This links the root/lexeme, not each inflected cell directly to the old headword.	4255	database source citation and candidate lexemes inspected	Plain e/i must distinguish suffix addition, vowel replacement, glide formation, syncope and lexical stem alternants; the source marks are not normalized to the majority pattern.	0	1	stem-accent-only
crab	nɛzʌ́me	-e	2	stress-marked	"[""nɛzʌ́m""]"	[1]	"[""f_teqmoxosy5lwy""]"	f_klwkozc43j44c	[]		44	The matched source forms were inspected. The plural ending and its accent are retained as printed; no etymology is assigned from a shared English gloss alone.		database source citation and candidate lexemes inspected	Plain e/i must distinguish suffix addition, vowel replacement, glide formation, syncope and lexical stem alternants; the source marks are not normalized to the majority pattern.	0	1	stem-accent-only
crow	kórkuʦe	-e	3	stress-marked	"[""kórkus""]"	[2]	"[""f_fylgholqplcu4""]"	f_qne6kumtcolse	[]		45	The matched source forms were inspected. The plural ending and its accent are retained as printed; no etymology is assigned from a shared English gloss alone.		database source citation and candidate lexemes inspected	Plain e/i must distinguish suffix addition, vowel replacement, glide formation, syncope and lexical stem alternants; the source marks are not normalized to the majority pattern.	0	1	stem-accent-only
deer	ró:ŋse	-e	2	stress-marked	"[""ró:ŋs""]"	[1]	"[""f_jssd7focgul2o""]"	f_qnziq3ld4aq5w	[]		46	The matched source forms were inspected. The plural ending and its accent are retained as printed; no etymology is assigned from a shared English gloss alone.		database source citation and candidate lexemes inspected	Plain e/i must distinguish suffix addition, vowel replacement, glide formation, syncope and lexical stem alternants; the source marks are not normalized to the majority pattern.	0	1	stem-accent-only
dog	ʃúŋe	-e	2	stress-marked	"[""ʃúŋ""]"	[1]	"[""f_hmrl6kugz7eae""]"	f_vf3yxokaw3zju	[]		47	The matched source forms were inspected. The plural ending and its accent are retained as printed; no etymology is assigned from a shared English gloss alone. Research comparison: śuna (12528), dog. This links the root/lexeme, not each inflected cell directly to the old headword.	12528	database source citation and candidate lexemes inspected	Plain e/i must distinguish suffix addition, vowel replacement, glide formation, syncope and lexical stem alternants; the source marks are not normalized to the majority pattern.	0	1	stem-accent-only
earth worm	ʧh	other		unmarked	"[""ʧhí:mokrĩ́""]"	"[""""]"	"[""f_pscbvpdxzk5xe""]"	f_yicoqisu3pqme	[]		48	Plural earthworm ʧh is visibly truncated relative to its singular compound. Exclude from accent tests; source extraction needs independent repair outside this research task.		database source citation and candidate lexemes inspected	Plain e/i must distinguish suffix addition, vowel replacement, glide formation, syncope and lexical stem alternants; the source marks are not normalized to the majority pattern.	0	0	unmarked
egg	ʈhuléh	-eh/-eɦ	1	stress-marked	"[""ʈhú:l""]"	[1]	"[""f_s6k43ikowzeyq""]"	f_hkhfsiica2smk	[]		49	Vocabulary egg ʈhuléh has suffix stress, whereas grammar discussion prints ʈhúle. Competing -eh/-e plural formations are independently attested; do not choose one for regularity. Research comparison: sthūlá (13776), large, thick, stout. This links the root/lexeme, not each inflected cell directly to the old headword.	13776	exact printed passage inspected	Final eh/eɦ is an independently identified suffix; compare final versus retained stem marks without defining membership by acute placement.	1	1	final-accent-only
fish	ʧhí:me	-e	2	stress-marked	"[""ʧhí:mo""]"	[2]	"[""f_apuiig7xv7mqu""]"	f_2fpesg7axljfo	[]		50	The matched source forms were inspected. The plural ending and its accent are retained as printed; no etymology is assigned from a shared English gloss alone.		database source citation and candidate lexemes inspected	Plain e/i must distinguish suffix addition, vowel replacement, glide formation, syncope and lexical stem alternants; the source marks are not normalized to the majority pattern.	0	1	stem-accent-only
frog	mʌɳóke	-e	2	stress-marked	[]	[]	[]	f_zueja7bqyxbkq	[]		51	The matched source forms were inspected. The plural ending and its accent are retained as printed; no etymology is assigned from a shared English gloss alone. Research comparison: maṇḍū́ka (9746), frog. This links the root/lexeme, not each inflected cell directly to the old headword.	9746	database source citation and candidate lexemes inspected	Plain e/i must distinguish suffix addition, vowel replacement, glide formation, syncope and lexical stem alternants; the source marks are not normalized to the majority pattern.	0	1	stem-accent-only
gnat ]; mosquito ] pl.	mũẽ; mũẽ	other		unmarked	[]	[]	[]	f_xj7msdddoutdy	[]		52	The duplicated gnat/mosquito string and leaked number markers are extraction problems. Preserve as unresolved; do not parse as a single lexical form.		database source citation and candidate lexemes inspected	Plain e/i must distinguish suffix addition, vowel replacement, glide formation, syncope and lexical stem alternants; the source marks are not normalized to the majority pattern.	0	0	unmarked
goose	bulóe	-e	2	stress-in-vowel-sequence	[]	[]	[]	f_lqg27mm2cihp4	[]	mf.pl	53	The matched source forms were inspected. The plural ending and its accent are retained as printed; no etymology is assigned from a shared English gloss alone.		database source citation and candidate lexemes inspected	Plain e/i must distinguish suffix addition, vowel replacement, glide formation, syncope and lexical stem alternants; the source marks are not normalized to the majority pattern.	0	1	stem-accent-only
hoof	khó:re	-e	2	stress-marked	"[""khó:r""]"	[1]	"[""f_a3tnz7mk5sn4e""]"	f_gqgsb6ecreb2m	[]		54	The matched source forms were inspected. The plural ending and its accent are retained as printed; no etymology is assigned from a shared English gloss alone. Research comparison: khura (3906), hoof. This links the root/lexeme, not each inflected cell directly to the old headword.	3906	database source citation and candidate lexemes inspected	Plain e/i must distinguish suffix addition, vowel replacement, glide formation, syncope and lexical stem alternants; the source marks are not normalized to the majority pattern.	0	1	stem-accent-only
horn	ʂíŋe	-e	2	stress-marked	"[""ʂíŋo""]"	[2]	"[""f_x2xpg5ctt4plk""]"	f_dx6unaabtwwq6	[]	m.pl	55	The matched source forms were inspected. The plural ending and its accent are retained as printed; no etymology is assigned from a shared English gloss alone. Research comparison: śŕ̥ṅga (12583), horn. This links the root/lexeme, not each inflected cell directly to the old headword.	12583	database source citation and candidate lexemes inspected	Plain e/i must distinguish suffix addition, vowel replacement, glide formation, syncope and lexical stem alternants; the source marks are not normalized to the majority pattern.	0	1	stem-accent-only
horse	ã́ʃpe	-e	2	stress-marked	"[""ã́ʃup""]"	[2]	"[""f_cq2d42psfez7y""]"	f_j4tmrtck6y2pc	[]		56	Dras ašp-like horse has an sp cluster shared with Iranian horse vocabulary. The comparative áśva family is a root comparison; inherited versus contact transmission remains open. Research comparison: áśva (920), horse. This links the root/lexeme, not each inflected cell directly to the old headword.	920	database source citation and candidate lexemes inspected	Plain e/i must distinguish suffix addition, vowel replacement, glide formation, syncope and lexical stem alternants; the source marks are not normalized to the majority pattern.	0	1	stem-accent-only
lamb	oró:ɳe	-e	2	stress-marked	"[""oró:ɳ""]"	[1]	"[""f_5up3qdpujils4""]"	f_ki5krulsalkde	[]		57	The matched source forms were inspected. The plural ending and its accent are retained as printed; no etymology is assigned from a shared English gloss alone. Research comparison: úraṇa (2349), ram, sheep, young ram. This links the root/lexeme, not each inflected cell directly to the old headword.	2349	database source citation and candidate lexemes inspected	Plain e/i must distinguish suffix addition, vowel replacement, glide formation, syncope and lexical stem alternants; the source marks are not normalized to the majority pattern.	0	1	stem-accent-only
leopard ]	dĩye	-e		unmarked	"[""dĩ""]"	"[""""]"	"[""f_x7set5j57agdc""]"	f_eespruaru3iqy	[]		58	Leopard dĩ and dĩye preserve nasalization but no written accent. Their reduced shape matches the dvīpin family; no E/L outcome can be inferred. Research comparison: dvīpín (6694), tiger, panther, leopard. This links the root/lexeme, not each inflected cell directly to the old headword.	6694	database source citation and candidate lexemes inspected	Plain e/i must distinguish suffix addition, vowel replacement, glide formation, syncope and lexical stem alternants; the source marks are not normalized to the majority pattern.	0	0	unmarked
louse ] pl.	ʤũẽ	other		unmarked	"[""ʤũ""]"	"[""""]"	"[""f_f4kbpzhwtx7dq""]"	f_gc7dlhe4uzvoo	[]		59	Louse jũ/jũẽ has no explicit accent in this source. It cannot adjudicate the Gilgit/Palula late-long result. Research comparison: yū́kā (10512), louse. This links the root/lexeme, not each inflected cell directly to the old headword.	10512	database source citation and candidate lexemes inspected	Plain e/i must distinguish suffix addition, vowel replacement, glide formation, syncope and lexical stem alternants; the source marks are not normalized to the majority pattern.	0	0	unmarked
mouse	mṹʐe	-e	2	stress-marked	"[""mṹʐi""]"	[2]	"[""f_7in7odvosmvti""]"	f_pofdnervr5uxi	[]		60	The matched source forms were inspected. The plural ending and its accent are retained as printed; no etymology is assigned from a shared English gloss alone. Research comparison: mūṣa (10258), . This links the root/lexeme, not each inflected cell directly to the old headword.	10258	database source citation and candidate lexemes inspected	Plain e/i must distinguish suffix addition, vowel replacement, glide formation, syncope and lexical stem alternants; the source marks are not normalized to the majority pattern.	0	1	stem-accent-only
nest	ɦaló:le	-e	2	stress-marked	"[""ɦaló:l""]"	[1]	"[""f_gys574z2cphxy""]"	f_u65kmsiubcno6	[]		61	Nest halo:l differs from the maa-derived nest comparison. No etymology is assigned from meaning alone.		database source citation and candidate lexemes inspected	Plain e/i must distinguish suffix addition, vowel replacement, glide formation, syncope and lexical stem alternants; the source marks are not normalized to the majority pattern.	0	1	stem-accent-only
owl	ɦúe	-e	2	stress-in-vowel-sequence	"[""ɦú:""]"	[1]	"[""f_dvt2eqhymkwio""]"	f_62amuxe2zocyq	[]		62	The matched source forms were inspected. The plural ending and its accent are retained as printed; no etymology is assigned from a shared English gloss alone.		database source citation and candidate lexemes inspected	Plain e/i must distinguish suffix addition, vowel replacement, glide formation, syncope and lexical stem alternants; the source marks are not normalized to the majority pattern.	0	1	stem-accent-only
paw	no:ryé	-e	1	stress-marked	[]	[]	[]	f_faoymkjzoxjdy	[]		63	Paw no:ryé illustrates the independently discussed -yé plural allomorph, with final accent; compare plain claw nó:re separately.		database source citation and candidate lexemes inspected	Plain e/i must distinguish suffix addition, vowel replacement, glide formation, syncope and lexical stem alternants; the source marks are not normalized to the majority pattern.	1	1	final-accent-only
pheasant	kʌ́kəʦe	-e	3	stress-marked	"[""kʌ́kəs""]"	[2]	"[""f_wommlnguv6wu2""]"	f_hvytwd5oxby46	[]		64	The matched source forms were inspected. The plural ending and its accent are retained as printed; no etymology is assigned from a shared English gloss alone.		database source citation and candidate lexemes inspected	Plain e/i must distinguish suffix addition, vowel replacement, glide formation, syncope and lexical stem alternants; the source marks are not normalized to the majority pattern.	0	1	stem-accent-only
puppy	khukúri	-i	2	stress-marked	"[""khukúr""]"	[1]	"[""f_e4b3oy6gqv556""]"	f_523uknitwegxc	[]		65	The matched source forms were inspected. The plural ending and its accent are retained as printed; no etymology is assigned from a shared English gloss alone. Research comparison: kurkurá (3329), dog. This links the root/lexeme, not each inflected cell directly to the old headword.	3329	database source citation and candidate lexemes inspected	Plain e/i must distinguish suffix addition, vowel replacement, glide formation, syncope and lexical stem alternants; the source marks are not normalized to the majority pattern.	0	1	stem-accent-only
rat	mú:ʐe	-e	2	stress-marked	"[""mú:ʂ""]"	[1]	"[""f_zbinexnjqaaiy""]"	f_5tfgpyst54yme	[]		66	The matched source forms were inspected. The plural ending and its accent are retained as printed; no etymology is assigned from a shared English gloss alone. Research comparison: mūṣa (10258), . This links the root/lexeme, not each inflected cell directly to the old headword.	10258	database source citation and candidate lexemes inspected	Plain e/i must distinguish suffix addition, vowel replacement, glide formation, syncope and lexical stem alternants; the source marks are not normalized to the majority pattern.	0	1	stem-accent-only
raven	kó:rkuʦi	-i	3	stress-marked	"[""kó:rkus""]"	[2]	"[""f_7zco57homafuo""]"	f_gviv4asu5bc6u	[]		67	Raven/crow korkus has an expressive bird-name shape; do not force it under kāka solely by semantics. Final s/c alternation is visible in the plural.		database source citation and candidate lexemes inspected	Plain e/i must distinguish suffix addition, vowel replacement, glide formation, syncope and lexical stem alternants; the source marks are not normalized to the majority pattern.	0	1	stem-accent-only
snail	ʧʌ́ɲʧuli	-i	3	stress-marked	"[""ʧʌ́ɲʧul""]"	[2]	"[""f_65gdouofpwuf2""]"	f_knqbyc3m3hdny	[]		68	The matched source forms were inspected. The plural ending and its accent are retained as printed; no etymology is assigned from a shared English gloss alone.		database source citation and candidate lexemes inspected	Plain e/i must distinguish suffix addition, vowel replacement, glide formation, syncope and lexical stem alternants; the source marks are not normalized to the majority pattern.	0	1	stem-accent-only
stork; swan	oibʌ́roʐe	-e	3	stress-in-vowel-sequence	"[""oibʌ́roʂ""]"	[2]	"[""f_hvmmgtzahvj3a""]"	f_gx6pukrvlmlii	[]		69	The matched source forms were inspected. The plural ending and its accent are retained as printed; no etymology is assigned from a shared English gloss alone.		database source citation and candidate lexemes inspected	Plain e/i must distinguish suffix addition, vowel replacement, glide formation, syncope and lexical stem alternants; the source marks are not normalized to the majority pattern.	0	1	stem-accent-only
tail	lʌmúʈe	-e	2	stress-marked	[]	[]	[]	f_gj4b62d62kwjw	[]		70	Tail lamuṭe agrees segmentally with older Dras lumuṭ in the lāṅgūla family. Competing lūma/lamba and compound analyses are retained in the broader tail dossiers; this is not secure preservation of that headword’s accent. Research comparison: lāṅgūlá (11009), tail; having a tail; penis. This links the root/lexeme, not each inflected cell directly to the old headword.	11009	database source citation and candidate lexemes inspected	Plain e/i must distinguish suffix addition, vowel replacement, glide formation, syncope and lexical stem alternants; the source marks are not normalized to the majority pattern.	0	1	stem-accent-only
trunk	ʦuʦúe	-e	2	stress-in-vowel-sequence	"[""ʦuʦúi""]"	[2]	"[""f_slybai4tbahli""]"	f_q4eafqhtk6d2i	[]		71	Trunk has a ui/ue sequence; retain marked accent but leave syllable-count statistics unscored.		database source citation and candidate lexemes inspected	Plain e/i must distinguish suffix addition, vowel replacement, glide formation, syncope and lexical stem alternants; the source marks are not normalized to the majority pattern.	0	1	stem-accent-only
wing; page	pə́:ʈe	-e	2	stress-marked	[]	[]	[]	f_a44c5lv53tgk2	[]		72	The matched source forms were inspected. The plural ending and its accent are retained as printed; no etymology is assigned from a shared English gloss alone. Research comparison: páttra (7733), wing-feather; wing; leaf, petal; leaf of book. This links the root/lexeme, not each inflected cell directly to the old headword.	7733	database source citation and candidate lexemes inspected	Plain e/i must distinguish suffix addition, vowel replacement, glide formation, syncope and lexical stem alternants; the source marks are not normalized to the majority pattern.	0	1	stem-accent-only
wolf	úrke	-e	2	stress-marked	"[""úruk""]"	[2]	"[""f_6tbwfj2cfynx6""]"	f_fstlhusnui5ru	[]		73	Wolf uruk/urke is a direct segmental and semantic comparison with vṛka; initial cluster vocalization and plural syncope are relevant, not the suggested unrelated wolf synonyms. Research comparison: vŕ̥ka (12062), wolf. This links the root/lexeme, not each inflected cell directly to the old headword.	12062	database source citation and candidate lexemes inspected	Plain e/i must distinguish suffix addition, vowel replacement, glide formation, syncope and lexical stem alternants; the source marks are not normalized to the majority pattern.	0	1	stem-accent-only
worm ] pl.	krĩ́yẽ	other	2	stress-marked	[]	[]	[]	f_uztoeqkgsdlfe	[]		74	The matched source forms were inspected. The plural ending and its accent are retained as printed; no etymology is assigned from a shared English gloss alone. Research comparison: kŕ̥mi (3438), worm, insect. This links the root/lexeme, not each inflected cell directly to the old headword.	3438	database source citation and candidate lexemes inspected	Plain e/i must distinguish suffix addition, vowel replacement, glide formation, syncope and lexical stem alternants; the source marks are not normalized to the majority pattern.	0	1	stem-accent-only
young one; small	ʧúɳe	-e	2	stress-marked	[]	[]	[]	f_75hrkwjupiz64	[]		75	The matched source forms were inspected. The plural ending and its accent are retained as printed; no etymology is assigned from a shared English gloss alone. Research comparison: cūrṇa (4889), *pulverized; *anything ground. This links the root/lexeme, not each inflected cell directly to the old headword.	4889	database source citation and candidate lexemes inspected	Plain e/i must distinguish suffix addition, vowel replacement, glide formation, syncope and lexical stem alternants; the source marks are not normalized to the majority pattern.	0	1	stem-accent-only
ankle	khríʦi	-i	2	stress-marked	"[""khríʦ""]"	[1]	"[""f_7vntg2jdger24""]"	f_aqbq6jifkyz6w	[]		76	The matched source forms were inspected. The plural ending and its accent are retained as printed; no etymology is assigned from a shared English gloss alone.		database source citation and candidate lexemes inspected	Plain e/i must distinguish suffix addition, vowel replacement, glide formation, syncope and lexical stem alternants; the source marks are not normalized to the majority pattern.	0	1	stem-accent-only
anus	pó:ɳe	-e	2	stress-marked	"[""pó:ɳi""]"	[2]	"[""f_isqtjoraux3xa""]"	f_3kvhyldyyslai	[]		77	The matched source forms were inspected. The plural ending and its accent are retained as printed; no etymology is assigned from a shared English gloss alone.		database source citation and candidate lexemes inspected	Plain e/i must distinguish suffix addition, vowel replacement, glide formation, syncope and lexical stem alternants; the source marks are not normalized to the majority pattern.	0	1	stem-accent-only
bald	phaɽáre	-e	2	stress-marked	"[""phaɽáro""]"	[2]	"[""f_biimvw44umdmc""]"	f_z2azbkdxhy2mg	[]		78	The matched source forms were inspected. The plural ending and its accent are retained as printed; no etymology is assigned from a shared English gloss alone.		database source citation and candidate lexemes inspected	Plain e/i must distinguish suffix addition, vowel replacement, glide formation, syncope and lexical stem alternants; the source marks are not normalized to the majority pattern.	0	1	stem-accent-only
belly	ɖé:re	-e	2	stress-marked	"[""ɖé:r""]"	[1]	"[""f_ajj5skjuhpcaq""]"	f_ea3knwjq3cnqi	[]		79	The matched source forms were inspected. The plural ending and its accent are retained as printed; no etymology is assigned from a shared English gloss alone. Research comparison: *ḍhiḍḍha (5589), belly. This links the root/lexeme, not each inflected cell directly to the old headword.	5589	database source citation and candidate lexemes inspected	Plain e/i must distinguish suffix addition, vowel replacement, glide formation, syncope and lexical stem alternants; the source marks are not normalized to the majority pattern.	0	1	stem-accent-only
breast	máme	-e	2	stress-marked	[]	[]	[]	f_uvmx3zm3y3qd4	[]		80	The matched source forms were inspected. The plural ending and its accent are retained as printed; no etymology is assigned from a shared English gloss alone.		database source citation and candidate lexemes inspected	Plain e/i must distinguish suffix addition, vowel replacement, glide formation, syncope and lexical stem alternants; the source marks are not normalized to the majority pattern.	0	1	stem-accent-only
calf of the leg.; muscle	pí:ɳye	-e	2	stress-marked	[]	[]	[]	f_jzvv6odyl747y	[]		81	The matched source forms were inspected. The plural ending and its accent are retained as printed; no etymology is assigned from a shared English gloss alone.		database source citation and candidate lexemes inspected	Plain e/i must distinguish suffix addition, vowel replacement, glide formation, syncope and lexical stem alternants; the source marks are not normalized to the majority pattern.	0	1	stem-accent-only
canine tooth	muʈʂínedóni	-i		multiple-stress	"[""muʈʂínodón""]"	"[""""]"	"[""f_woujpm54hlq6o""]"	f_hygx4v3t2y46o	[]		82	Canine tooth is a compound with accents on both constituents. The plural changes more than the final suffix; exclude from single-stress simplex tests.		database source citation and candidate lexemes inspected	Plain e/i must distinguish suffix addition, vowel replacement, glide formation, syncope and lexical stem alternants; the source marks are not normalized to the majority pattern.	0	2	stem-accent-only
chest	kroe	-e		unmarked	"[""kro:""]"	"[""""]"	"[""f_nni55bol224xu""]"	f_coaz5t6axpw66	[]		83	The matched source forms were inspected. The plural ending and its accent are retained as printed; no etymology is assigned from a shared English gloss alone. Research comparison: krōḍá (3607), breast, bosom. This links the root/lexeme, not each inflected cell directly to the old headword.	3607	database source citation and candidate lexemes inspected	Plain e/i must distinguish suffix addition, vowel replacement, glide formation, syncope and lexical stem alternants; the source marks are not normalized to the majority pattern.	0	0	unmarked
corpse	kúɳe	-e	2	stress-marked	"[""kúɳo""]"	[2]	"[""f_ifgxd7mdvpqcq""]"	f_ouq5wx2e43e7k	[]		84	The matched source forms were inspected. The plural ending and its accent are retained as printed; no etymology is assigned from a shared English gloss alone. Research comparison: kúṇapa (3257), corpse. This links the root/lexeme, not each inflected cell directly to the old headword.	3257	database source citation and candidate lexemes inspected	Plain e/i must distinguish suffix addition, vowel replacement, glide formation, syncope and lexical stem alternants; the source marks are not normalized to the majority pattern.	0	1	stem-accent-only
cough	khú:zye	-e	2	stress-marked	"[""khú:zi""]"	[2]	"[""f_ef4kwqgmkm4zm""]"	f_p333bxyu5eeiq	[]		85	The matched source forms were inspected. The plural ending and its accent are retained as printed; no etymology is assigned from a shared English gloss alone. Research comparison: kā́satē (3135), coughs. This links the root/lexeme, not each inflected cell directly to the old headword.	3135	database source citation and candidate lexemes inspected	Plain e/i must distinguish suffix addition, vowel replacement, glide formation, syncope and lexical stem alternants; the source marks are not normalized to the majority pattern.	0	1	stem-accent-only
elbow	bʌkhúɳe	-e	2	stress-marked	"[""bʌkhúɳi""]"	[2]	"[""f_jfm5olokiawia""]"	f_eaxpkla3vefuk	"[""2757""]"		86	The matched source forms were inspected. The plural ending and its accent are retained as printed; no etymology is assigned from a shared English gloss alone. Research comparison: kaphōṇi (2757), elbow. This links the root/lexeme, not each inflected cell directly to the old headword.	2757	database source citation and candidate lexemes inspected	Plain e/i must distinguish suffix addition, vowel replacement, glide formation, syncope and lexical stem alternants; the source marks are not normalized to the majority pattern.	0	1	stem-accent-only
eye	ʌʈʂé:	other	1	stress-marked	"[""ʌʈʂí:""]"	[1]	"[""f_ngiuxmsdr6xci""]"	f_ta26dfceqqad2	[]		87	The matched source forms were inspected. The plural ending and its accent are retained as printed; no etymology is assigned from a shared English gloss alone. Research comparison: ákṣi (43), eye. This links the root/lexeme, not each inflected cell directly to the old headword.	43	database source citation and candidate lexemes inspected	Plain e/i must distinguish suffix addition, vowel replacement, glide formation, syncope and lexical stem alternants; the source marks are not normalized to the majority pattern.	1	1	final-accent-only
eye brow	ʌʈʂé:gále	-e		multiple-stress	"[""ʌʈʂó:gálo""]"	"[""""]"	"[""f_b2ilpyzepisrw""]"	f_oe3r7xe577tgq	[]		88	Eyebrow includes the eye stem plus a second accented component. Compound accent and number agreement must be separated from simple noun stress.		database source citation and candidate lexemes inspected	Plain e/i must distinguish suffix addition, vowel replacement, glide formation, syncope and lexical stem alternants; the source marks are not normalized to the majority pattern.	0	2	stem-accent-only
eye lid	ʌ́ʈʂepó:ʈʂe	-e		multiple-stress	[]	[]	[]	f_xp42gtfhtdf5e	[]		89	Eyelid is an eye-plus-cover compound with two accent marks; the source lacks a matched simple SG in this candidate group.		database source citation and candidate lexemes inspected	Plain e/i must distinguish suffix addition, vowel replacement, glide formation, syncope and lexical stem alternants; the source marks are not normalized to the majority pattern.	0	2	stem-accent-only
finger ] sg.	ʌŋṹẽ	other	2	stress-in-vowel-sequence	"[""ʌŋṹ""]"	[1]	"[""f_kd236gsnryim4""]"	f_xdpittxbbpdjo	[]		90	Finger has nasalized adjacent vowels and leaked SG markers in the gloss. Accent exists but exact syllabification is unresolved.		database source citation and candidate lexemes inspected	Plain e/i must distinguish suffix addition, vowel replacement, glide formation, syncope and lexical stem alternants; the source marks are not normalized to the majority pattern.	0	1	stem-accent-only
forehead	yó:ŋe	-e	2	stress-marked	"[""yó:ŋ""]"	[1]	"[""f_uwdg223ryr4lw""]"	f_rura556t6blgo	[]		91	The matched source forms were inspected. The plural ending and its accent are retained as printed; no etymology is assigned from a shared English gloss alone.		database source citation and candidate lexemes inspected	Plain e/i must distinguish suffix addition, vowel replacement, glide formation, syncope and lexical stem alternants; the source marks are not normalized to the majority pattern.	0	1	stem-accent-only
guts	ʔṍʐi	-i	2	stress-marked	"[""ʔṍʂ""]"	[1]	"[""f_v3dw6rvfivfx6""]"	f_ihegj7pvhli32	[]		92	The matched source forms were inspected. The plural ending and its accent are retained as printed; no etymology is assigned from a shared English gloss alone. Research comparison: ū́badhya (2417), . This links the root/lexeme, not each inflected cell directly to the old headword.	2417	database source citation and candidate lexemes inspected	Plain e/i must distinguish suffix addition, vowel replacement, glide formation, syncope and lexical stem alternants; the source marks are not normalized to the majority pattern.	0	1	stem-accent-only
hair	ʒʌkúe	-e	2	stress-in-vowel-sequence	"[""ʒʌkú:""]"	[1]	"[""f_ggio5k2yobqcm""]"	f_oippb7re36326	[]		93	The matched source forms were inspected. The plural ending and its accent are retained as printed; no etymology is assigned from a shared English gloss alone. Research comparison: *jakka (5075), hair. This links the root/lexeme, not each inflected cell directly to the old headword.	5075	database source citation and candidate lexemes inspected	Plain e/i must distinguish suffix addition, vowel replacement, glide formation, syncope and lexical stem alternants; the source marks are not normalized to the majority pattern.	0	1	stem-accent-only
head	ʂíʐe	-e	2	stress-marked	"[""ʂíʂ""]"	[1]	"[""f_23svgfvh74tuu""]"	f_tc55mtuopm7me	[]		94	The matched source forms were inspected. The plural ending and its accent are retained as printed; no etymology is assigned from a shared English gloss alone. Research comparison: śīrṣá (12497), head, skull. This links the root/lexeme, not each inflected cell directly to the old headword.	12497	database source citation and candidate lexemes inspected	Plain e/i must distinguish suffix addition, vowel replacement, glide formation, syncope and lexical stem alternants; the source marks are not normalized to the majority pattern.	0	1	stem-accent-only
intestine	ṍʐe	-e	2	stress-marked	"[""ṍʐi""]"	[2]	"[""f_f6kwh4m5go2cc""]"	f_au4f4ncglpxwq	[]		95	The matched source forms were inspected. The plural ending and its accent are retained as printed; no etymology is assigned from a shared English gloss alone.		database source citation and candidate lexemes inspected	Plain e/i must distinguish suffix addition, vowel replacement, glide formation, syncope and lexical stem alternants; the source marks are not normalized to the majority pattern.	0	1	stem-accent-only
joints	khriʦí	-i	1	stress-marked	[]	[]	[]	f_6l6ky7pku5u36	[]		96	Joints khriʦí has final i accent, contrasting with ankle khríʦ/khríʦi. Related anatomy is not sufficient to erase semantic or paradigm differences.		database source citation and candidate lexemes inspected	Plain e/i must distinguish suffix addition, vowel replacement, glide formation, syncope and lexical stem alternants; the source marks are not normalized to the majority pattern.	1	1	final-accent-only
kidney	ʐúki	-i	2	stress-marked	"[""ʐúk""]"	[1]	"[""f_gpreruffrxhhe""]"	f_qwb3px62dq5bo	[]		97	The matched source forms were inspected. The plural ending and its accent are retained as printed; no etymology is assigned from a shared English gloss alone. Research comparison: vr̥kká (12064), kidneys. This links the root/lexeme, not each inflected cell directly to the old headword.	12064	database source citation and candidate lexemes inspected	Plain e/i must distinguish suffix addition, vowel replacement, glide formation, syncope and lexical stem alternants; the source marks are not normalized to the majority pattern.	0	1	stem-accent-only
leg e] pl.	kíye	-e	2	stress-marked	"[""kí""]"	[1]	"[""f_vqtjfwustbrg6""]"	f_zyevwyumjs2no	[]		98	The matched source forms were inspected. The plural ending and its accent are retained as printed; no etymology is assigned from a shared English gloss alone.		database source citation and candidate lexemes inspected	Plain e/i must distinguish suffix addition, vowel replacement, glide formation, syncope and lexical stem alternants; the source marks are not normalized to the majority pattern.	0	1	stem-accent-only
lips	ó:ʈe	-e	2	stress-marked	"[""ó:ʈo""]"	[2]	"[""f_r6zcwdizjg3ty""]"	f_k4j2fvlhhbqyk	[]		99	The matched source forms were inspected. The plural ending and its accent are retained as printed; no etymology is assigned from a shared English gloss alone. Research comparison: ṓṣṭha (2563), lip. This links the root/lexeme, not each inflected cell directly to the old headword.	2563	database source citation and candidate lexemes inspected	Plain e/i must distinguish suffix addition, vowel replacement, glide formation, syncope and lexical stem alternants; the source marks are not normalized to the majority pattern.	0	1	stem-accent-only
liver	yú:ŋe	-e	2	stress-marked	"[""yú:ŋ""]"	[1]	"[""f_76feiecokbojk""]"	f_pw3jtn2xowmns	[]		100	The matched source forms were inspected. The plural ending and its accent are retained as printed; no etymology is assigned from a shared English gloss alone. Research comparison: yákr̥t (10394), liver. This links the root/lexeme, not each inflected cell directly to the old headword.	10394	database source citation and candidate lexemes inspected	Plain e/i must distinguish suffix addition, vowel replacement, glide formation, syncope and lexical stem alternants; the source marks are not normalized to the majority pattern.	0	1	stem-accent-only
lung	ɖó:re	-e	2	stress-marked	"[""ɖó:ro""]"	[2]	"[""f_gugzwn7u2ty7u""]"	f_ehvdafyachf4i	[]		101	Lung ḍo:ro does not segmentally match the bhaṣma or phupphusa candidates. Leave its etymology open rather than propagating the earlier lung-reference problem.		database source citation and candidate lexemes inspected	Plain e/i must distinguish suffix addition, vowel replacement, glide formation, syncope and lexical stem alternants; the source marks are not normalized to the majority pattern.	0	1	stem-accent-only
nose	nóte	-e	2	stress-marked	"[""nóto""]"	[2]	"[""f_oqy7ksfzh2yfs""]"	f_7r7bnh6nsvtwu	"[""7031""]"		102	The matched source forms were inspected. The plural ending and its accent are retained as printed; no etymology is assigned from a shared English gloss alone. Research comparison: nasta (7031), nose. This links the root/lexeme, not each inflected cell directly to the old headword.	7031	database source citation and candidate lexemes inspected	Plain e/i must distinguish suffix addition, vowel replacement, glide formation, syncope and lexical stem alternants; the source marks are not normalized to the majority pattern.	0	1	stem-accent-only
rib	prʌ́ʃe	-e	2	stress-marked	"[""prʌ́ʃu""]"	[2]	"[""f_oqwxnnctxsc3c""]"	f_xk4jhmy36bhys	[]		103	The matched source forms were inspected. The plural ending and its accent are retained as printed; no etymology is assigned from a shared English gloss alone. Research comparison: párśu (7948), rib. This links the root/lexeme, not each inflected cell directly to the old headword.	7948	database source citation and candidate lexemes inspected	Plain e/i must distinguish suffix addition, vowel replacement, glide formation, syncope and lexical stem alternants; the source marks are not normalized to the majority pattern.	0	1	stem-accent-only
shoulder	phíʤe	-e	2	stress-marked	"[""phíʤo""]"	[2]	"[""f_ssgmulil4l2ji""]"	f_qxi5vvixecsmk	[]		104	The matched source forms were inspected. The plural ending and its accent are retained as printed; no etymology is assigned from a shared English gloss alone. Research comparison: *spʰiyá (13839), . This links the root/lexeme, not each inflected cell directly to the old headword.	13839	database source citation and candidate lexemes inspected	Plain e/i must distinguish suffix addition, vowel replacement, glide formation, syncope and lexical stem alternants; the source marks are not normalized to the majority pattern.	0	1	stem-accent-only
skin	ʧóme	-e	2	stress-marked	"[""ʧóm""]"	[1]	"[""f_apc4x6cvn7zc4""]"	f_766uzyhomkxfs	[]		105	The matched source forms were inspected. The plural ending and its accent are retained as printed; no etymology is assigned from a shared English gloss alone. Research comparison: cárman (4701), hide, skin. This links the root/lexeme, not each inflected cell directly to the old headword.	4701	database source citation and candidate lexemes inspected	Plain e/i must distinguish suffix addition, vowel replacement, glide formation, syncope and lexical stem alternants; the source marks are not normalized to the majority pattern.	0	1	stem-accent-only
stomach :] pl.	ã́ʐlé:	other		multiple-stress	"[""ã́ʐló:""]"	"[""""]"	"[""f_wywrvshj6cc3y""]"	f_buup53xna3cyk	[]		106	Stomach has two acute marks and an additional stem element; its plural is a contraction/replacement pattern, outside the simple one-stress test.		database source citation and candidate lexemes inspected	Plain e/i must distinguish suffix addition, vowel replacement, glide formation, syncope and lexical stem alternants; the source marks are not normalized to the majority pattern.	1	2	final-plus-other-accent
testicle	ʈʂwe	-e		unmarked	"[""ʈʂo:""]"	"[""""]"	"[""f_5vehqaanuslus""]"	f_hbhgsskkxl5du	[]		107	The matched source forms were inspected. The plural ending and its accent are retained as printed; no etymology is assigned from a shared English gloss alone.		database source citation and candidate lexemes inspected	Plain e/i must distinguish suffix addition, vowel replacement, glide formation, syncope and lexical stem alternants; the source marks are not normalized to the majority pattern.	0	0	unmarked
thigh	ʃʌ́sne	-e	2	stress-marked	"[""ʃʌ́sna:""]"	[2]	"[""f_jlkzcqzwlkkwq""]"	f_gkxwv6n3hz2pg	[]		108	Thigh śasna/śasne is compared with the independently recorded sakthan family through its distinctive sibilant/cluster structure. The exact nasal/long-vowel formation is not fixed by this comparison. Research comparison: sakthán (13073), thigh, thighbone. This links the root/lexeme, not each inflected cell directly to the old headword.	13073	database source citation and candidate lexemes inspected	Plain e/i must distinguish suffix addition, vowel replacement, glide formation, syncope and lexical stem alternants; the source marks are not normalized to the majority pattern.	0	1	stem-accent-only
throat	ʂó:ʈe	-e	2	stress-marked	"[""ʂó:ʈo""]"	[2]	"[""f_fpvuc2kkjih4m""]"	f_vt3ygeuafsvze	[]		109	The matched source forms were inspected. The plural ending and its accent are retained as printed; no etymology is assigned from a shared English gloss alone.		database source citation and candidate lexemes inspected	Plain e/i must distinguish suffix addition, vowel replacement, glide formation, syncope and lexical stem alternants; the source marks are not normalized to the majority pattern.	0	1	stem-accent-only
tooth	dóni	-i	2	stress-marked	[]	[]	[]	f_bqmdwwjgu3byy	[]		110	The matched source forms were inspected. The plural ending and its accent are retained as printed; no etymology is assigned from a shared English gloss alone. Research comparison: dánta (6152), tooth. This links the root/lexeme, not each inflected cell directly to the old headword.	6152	database source citation and candidate lexemes inspected	Plain e/i must distinguish suffix addition, vowel replacement, glide formation, syncope and lexical stem alternants; the source marks are not normalized to the majority pattern.	0	1	stem-accent-only
wound	gá:le	-e	2	stress-marked	"[""gá:l""]"	[1]	"[""f_5jogv4yadyeru""]"	f_ls36bu7zy3kvc	"[""4460""]"		111	The matched source forms were inspected. The plural ending and its accent are retained as printed; no etymology is assigned from a shared English gloss alone. Research comparison: ghāta (4460), killing; blow, bruise. This links the root/lexeme, not each inflected cell directly to the old headword.	4460	database source citation and candidate lexemes inspected	Plain e/i must distinguish suffix addition, vowel replacement, glide formation, syncope and lexical stem alternants; the source marks are not normalized to the majority pattern.	0	1	stem-accent-only
wrinkle	brʌ́ke	-e	2	stress-marked	"[""brʌ́ko""]"	[2]	"[""f_dqynl5mvymxuq""]"	f_diwbfsj6qg5o6	[]		112	The matched source forms were inspected. The plural ending and its accent are retained as printed; no etymology is assigned from a shared English gloss alone.		database source citation and candidate lexemes inspected	Plain e/i must distinguish suffix addition, vowel replacement, glide formation, syncope and lexical stem alternants; the source marks are not normalized to the majority pattern.	0	1	stem-accent-only
bowl	muɣuréh	-eh/-eɦ	1	stress-marked	[]	[]	[]	f_isd2sxobumyym	[]		113	The matched source forms were inspected. The plural ending and its accent are retained as printed; no etymology is assigned from a shared English gloss alone.		database source citation and candidate lexemes inspected	Final eh/eɦ is an independently identified suffix; compare final versus retained stem marks without defining membership by acute placement.	1	1	final-accent-only
brew	ʌyʌméh	-eh/-eɦ	1	stress-marked	"[""ʌyʌ́m""]"	[1]	"[""f_exw4rx2pucpwa""]"	f_kk6d2gxzwekzw	[]		114	The matched source forms were inspected. The plural ending and its accent are retained as printed; no etymology is assigned from a shared English gloss alone.		database source citation and candidate lexemes inspected	Final eh/eɦ is an independently identified suffix; compare final versus retained stem marks without defining membership by acute placement.	1	1	final-accent-only
churning rod	ʈʂhʌparéh	-eh/-eɦ	1	stress-marked	"[""ʈʂhʌpáro""]"	[2]	"[""f_3pc6gh7sidets""]"	f_ndcuutx2i4foy	[]		115	The matched source forms were inspected. The plural ending and its accent are retained as printed; no etymology is assigned from a shared English gloss alone.		database source citation and candidate lexemes inspected	Final eh/eɦ is an independently identified suffix; compare final versus retained stem marks without defining membership by acute placement.	1	1	final-accent-only
cream	ʃʌmʌléh	-eh/-eɦ	1	stress-marked	"[""ʃʌmʌ́l""]"	[1]	"[""f_36e3vbh7343pw""]"	f_q6h5zxs5v4ysg	[]		116	The matched source forms were inspected. The plural ending and its accent are retained as printed; no etymology is assigned from a shared English gloss alone.		database source citation and candidate lexemes inspected	Final eh/eɦ is an independently identified suffix; compare final versus retained stem marks without defining membership by acute placement.	1	1	final-accent-only
essence	ʌrʌkéh	-eh/-eɦ	1	stress-marked	"[""ʌrʌ́k""]"	[1]	"[""f_hjoglrilnruek""]"	f_ptj4nubgnxfa4	[]		117	The matched source forms were inspected. The plural ending and its accent are retained as printed; no etymology is assigned from a shared English gloss alone.		database source citation and candidate lexemes inspected	Final eh/eɦ is an independently identified suffix; compare final versus retained stem marks without defining membership by acute placement.	1	1	final-accent-only
fruit	me:vé:	other	1	stress-marked	"[""me:ʋá:; me:vá:""]"	"[""""]"	"[""f_f5x4j2ogw4vzg""]"	f_zbzmn2qhtfwk6	[]		118	Fruit meva is an independently recorded regional loan comparison. The plural is an adapted vowel replacement; no Old Indo-Aryan inherited accent is claimed. Research comparison: meva (f_iizwuh3wokzh6), fruit. This links the root/lexeme, not each inflected cell directly to the old headword.	f_iizwuh3wokzh6	database source citation and candidate lexemes inspected	Plain e/i must distinguish suffix addition, vowel replacement, glide formation, syncope and lexical stem alternants; the source marks are not normalized to the majority pattern.	1	1	final-accent-only
jar (earthen pot)	ʈekeréh	-eh/-eɦ	1	stress-marked	[]	[]	[]	f_mcnpml5ugcd3c	[]		119	The matched source forms were inspected. The plural ending and its accent are retained as printed; no etymology is assigned from a shared English gloss alone.		database source citation and candidate lexemes inspected	Final eh/eɦ is an independently identified suffix; compare final versus retained stem marks without defining membership by acute placement.	1	1	final-accent-only
knife	kəɽá:reh	-eh/-eɦ	2	stress-marked	"[""kəɽá:r""]"	[1]	"[""f_rcf5jqujoi7ag""]"	f_iqv7ddbejfccw	[]		120	Knife item556 p95 has kəɽá:r/kəɽá:reh, stem stress. Item655 gives kʌɽá:r/kʌɽa:réh, suffix stress. Both readings are printed; treat the lexeme as conflicting. Research comparison: *karttāra (2860), knife. This links the root/lexeme, not each inflected cell directly to the old headword.	2860	exact printed passage inspected	Final eh/eɦ is an independently identified suffix; compare final versus retained stem marks without defining membership by acute placement.	0	1	stem-accent-only
knife	kʌɽa:réh	-eh/-eɦ	1	stress-marked	"[""kəɽá:r""]"	[1]	"[""f_rcf5jqujoi7ag""]"	f_a3os6ptruznxg	[]		121	Second knife entry has final plural stress; preserve its disagreement with item556 rather than selecting the regular-looking token. Research comparison: *karttāra (2860), knife. This links the root/lexeme, not each inflected cell directly to the old headword.	2860	exact printed passage inspected	Final eh/eɦ is an independently identified suffix; compare final versus retained stem marks without defining membership by acute placement.	1	1	final-accent-only
lid	khʌ́:ʈe	-e	2	stress-marked	"[""khʌ́:ʈo""]"	[2]	"[""f_worrk25b7gcye""]"	f_kn7lkvufotsp4	[]		122	The matched source forms were inspected. The plural ending and its accent are retained as printed; no etymology is assigned from a shared English gloss alone.		database source citation and candidate lexemes inspected	Plain e/i must distinguish suffix addition, vowel replacement, glide formation, syncope and lexical stem alternants; the source marks are not normalized to the majority pattern.	0	1	stem-accent-only
opium	ʈʂʌŋúle	-e	2	stress-marked	"[""ʈʂʌŋúl""]"	[1]	"[""f_ulrmn54sccmlm""]"	f_3svjlv7bun6t2	[]		123	The matched source forms were inspected. The plural ending and its accent are retained as printed; no etymology is assigned from a shared English gloss alone.		database source citation and candidate lexemes inspected	Plain e/i must distinguish suffix addition, vowel replacement, glide formation, syncope and lexical stem alternants; the source marks are not normalized to the majority pattern.	0	1	stem-accent-only
scissors	dukʌ́ʈeh	-eh/-eɦ	2	stress-marked	"[""dukʌ́ʈ""]"	[1]	"[""f_ybweopslpgxhi""]"	f_5rpl6sb2pkv3a	[]		124	Scissors dukʌ́ṭ/dukʌ́ṭeh retains stem stress despite final eh. The vocabulary prints it this way. A possible lexical compound/dual origin does not yet establish why its suffix differs.		exact printed passage inspected	Final eh/eɦ is an independently identified suffix; compare final versus retained stem marks without defining membership by acute placement.	0	1	stem-accent-only
sieve	dʌlí:ʐe	-e	2	stress-marked	"[""dʌlí:ʂ""]"	[1]	"[""f_4lsmumlswf2co""]"	f_fj5ceb3doi2iy	[]		125	The matched source forms were inspected. The plural ending and its accent are retained as printed; no etymology is assigned from a shared English gloss alone.		database source citation and candidate lexemes inspected	Plain e/i must distinguish suffix addition, vowel replacement, glide formation, syncope and lexical stem alternants; the source marks are not normalized to the majority pattern.	0	1	stem-accent-only
soup	ʌzuméh	-eh/-eɦ	1	stress-marked	"[""ʌzúm""]"	[1]	"[""f_hkz7hffq2szkg""]"	f_ghowlfd4n23xu	[]		126	The matched source forms were inspected. The plural ending and its accent are retained as printed; no etymology is assigned from a shared English gloss alone.		database source citation and candidate lexemes inspected	Final eh/eɦ is an independently identified suffix; compare final versus retained stem marks without defining membership by acute placement.	1	1	final-accent-only
spoon ] pl.	khʌpẽ́ẽ	other	1	stress-in-vowel-sequence	"[""khʌpẽ́ĩ""]"	[2]	"[""f_hydyfszb6k6re""]"	f_wfrbrtbbb4oxi	[]		127	Spoon has nasalized vowel sequences and an incomplete gloss boundary. Inflection is visible but nucleus/mora interpretation is unresolved.		database source citation and candidate lexemes inspected	Plain e/i must distinguish suffix addition, vowel replacement, glide formation, syncope and lexical stem alternants; the source marks are not normalized to the majority pattern.	0	1	stem-accent-only
strainer	ʦhákse	-e	2	stress-marked	"[""ʦháks""]"	[1]	"[""f_jtmas7l5v2lhe""]"	f_7ijliohlmh3ui	[]		128	The matched source forms were inspected. The plural ending and its accent are retained as printed; no etymology is assigned from a shared English gloss alone.		database source citation and candidate lexemes inspected	Plain e/i must distinguish suffix addition, vowel replacement, glide formation, syncope and lexical stem alternants; the source marks are not normalized to the majority pattern.	0	1	stem-accent-only
tin	ɖʌbé:	other	1	stress-marked	"[""ɖʌbá:""]"	[1]	"[""f_nyqeg2vcob6wq""]"	f_uu264cao7gztc	[]		129	The matched source forms were inspected. The plural ending and its accent are retained as printed; no etymology is assigned from a shared English gloss alone.		database source citation and candidate lexemes inspected	Plain e/i must distinguish suffix addition, vowel replacement, glide formation, syncope and lexical stem alternants; the source marks are not normalized to the majority pattern.	1	1	final-accent-only
tongs	mɛlɛnéh	-eh/-eɦ	1	stress-marked	"[""mɛlʌn""]"	"[""""]"	"[""f_loe2imezt7kh4""]"	f_e4gcb5imtxh4u	[]		130	The matched source forms were inspected. The plural ending and its accent are retained as printed; no etymology is assigned from a shared English gloss alone.		database source citation and candidate lexemes inspected	Final eh/eɦ is an independently identified suffix; compare final versus retained stem marks without defining membership by acute placement.	1	1	final-accent-only
bell	gʌɳʈyé:	other	1	stress-marked	"[""gʌɳʈí:""]"	[1]	"[""f_qkbzfrjviajvi""]"	f_e2bguirhh2ijy	[]		131	The matched source forms were inspected. The plural ending and its accent are retained as printed; no etymology is assigned from a shared English gloss alone.		database source citation and candidate lexemes inspected	Plain e/i must distinguish suffix addition, vowel replacement, glide formation, syncope and lexical stem alternants; the source marks are not normalized to the majority pattern.	1	1	final-accent-only
bracelet	ká:	other	1	stress-marked	"[""ká:v""]"	[1]	"[""f_447ythuj4emuk""]"	f_meqhrljhbzn2c	[]		132	The matched source forms were inspected. The plural ending and its accent are retained as printed; no etymology is assigned from a shared English gloss alone. Research comparison: káṭa (2629), twist of straw, mat. This links the root/lexeme, not each inflected cell directly to the old headword.	2629	database source citation and candidate lexemes inspected	Plain e/i must distinguish suffix addition, vowel replacement, glide formation, syncope and lexical stem alternants; the source marks are not normalized to the majority pattern.	1	1	final-accent-only
cap	khóe	-e	2	stress-in-vowel-sequence	"[""khói""]"	[2]	"[""f_xo2vjxetkowja""]"	f_fivotdegzip3e	[]		133	The matched source forms were inspected. The plural ending and its accent are retained as printed; no etymology is assigned from a shared English gloss alone. Research comparison: khōla (3942), a kind of hat; helmet. This links the root/lexeme, not each inflected cell directly to the old headword.	3942	database source citation and candidate lexemes inspected	Plain e/i must distinguish suffix addition, vowel replacement, glide formation, syncope and lexical stem alternants; the source marks are not normalized to the majority pattern.	0	1	stem-accent-only
chappals (foot-wear)	khʌɽʌké	-e	1	stress-marked	"[""khʌ́ɽʌk""]"	[2]	"[""f_hc32ymzcy4doo""]"	f_husvpfqugth7i	[]		134	Footwear khʌ́ɽʌk/khʌɽʌké retracts neither accent nor quantity uniformly; its plural shifts to final e. No independent class feature yet distinguishes it from stem-retaining e nouns.		database source citation and candidate lexemes inspected	Plain e/i must distinguish suffix addition, vowel replacement, glide formation, syncope and lexical stem alternants; the source marks are not normalized to the majority pattern.	1	1	final-accent-only
cloak	ʈʂhí:le	-e	2	stress-marked	"[""ʈʂhí:li""]"	[2]	"[""f_4bysbipckqyoc""]"	f_xnfilqr25texs	[]		135	The matched source forms were inspected. The plural ending and its accent are retained as printed; no etymology is assigned from a shared English gloss alone.		database source citation and candidate lexemes inspected	Plain e/i must distinguish suffix addition, vowel replacement, glide formation, syncope and lexical stem alternants; the source marks are not normalized to the majority pattern.	0	1	stem-accent-only
coat	ko:ʈéh	-eh/-eɦ	1	stress-marked	"[""ko:ʈ""]"	"[""""]"	"[""f_6pgpfom5dymzk""]"	f_vz3d2qi2jwqwe	[]		136	Coat ko:ṭ is compatible with the English/regional loan coat. Its -eh plural is fully integrated into Dras suffix stress; lexical origin is a contact lead, not an established historical sound correspondence.		database source citation and candidate lexemes inspected	Final eh/eɦ is an independently identified suffix; compare final versus retained stem marks without defining membership by acute placement.	1	1	final-accent-only
crutch	ɖɪŋárye	-e	2	stress-marked	"[""ɖɪŋári""]"	[2]	"[""f_ulwtwalqtbshq""]"	f_nqn5ozyhgxrn6	[]		137	The matched source forms were inspected. The plural ending and its accent are retained as printed; no etymology is assigned from a shared English gloss alone.		database source citation and candidate lexemes inspected	Plain e/i must distinguish suffix addition, vowel replacement, glide formation, syncope and lexical stem alternants; the source marks are not normalized to the majority pattern.	0	1	stem-accent-only
emerald	yu:e	-e		unmarked	"[""yu:""]"	"[""""]"	"[""f_buoc5rdnwrq24""]"	f_rubb3auhnspxc	[]		138	The matched source forms were inspected. The plural ending and its accent are retained as printed; no etymology is assigned from a shared English gloss alone.		database source citation and candidate lexemes inspected	Plain e/i must distinguish suffix addition, vowel replacement, glide formation, syncope and lexical stem alternants; the source marks are not normalized to the majority pattern.	0	0	unmarked
fiber	ʤʌʈe	-e		unmarked	[]	[]	[]	f_uhwdrq56rfzo2	[]		139	The matched source forms were inspected. The plural ending and its accent are retained as printed; no etymology is assigned from a shared English gloss alone.		database source citation and candidate lexemes inspected	Plain e/i must distinguish suffix addition, vowel replacement, glide formation, syncope and lexical stem alternants; the source marks are not normalized to the majority pattern.	0	0	unmarked
flute	tʌrué	-e	1	stress-in-vowel-sequence	"[""tʌruí""]"	[1]	"[""f_w3pxdtw5hdpg2""]"	f_psc3h42sx2hwq	[]		140	The matched source forms were inspected. The plural ending and its accent are retained as printed; no etymology is assigned from a shared English gloss alone.		database source citation and candidate lexemes inspected	Plain e/i must distinguish suffix addition, vowel replacement, glide formation, syncope and lexical stem alternants; the source marks are not normalized to the majority pattern.	1	1	final-accent-only
iron	ʧímere	-e	3	stress-marked	"[""ʧímer""]"	[2]	"[""f_oluqmlc32qmps""]"	f_z2mtqpgcbzzps	[]		141	The matched source forms were inspected. The plural ending and its accent are retained as printed; no etymology is assigned from a shared English gloss alone. Research comparison: cīmara (4842a), copper. This links the root/lexeme, not each inflected cell directly to the old headword.	4842a	database source citation and candidate lexemes inspected	Plain e/i must distinguish suffix addition, vowel replacement, glide formation, syncope and lexical stem alternants; the source marks are not normalized to the majority pattern.	0	1	stem-accent-only
loom	ʈʂó:ʐe	-e	2	stress-marked	"[""ʈʂó:ʂ""]"	[1]	"[""f_fxxzkuemkc7ok""]"	f_vj3nyaqm2f3ys	[]		142	The matched source forms were inspected. The plural ending and its accent are retained as printed; no etymology is assigned from a shared English gloss alone.		database source citation and candidate lexemes inspected	Plain e/i must distinguish suffix addition, vowel replacement, glide formation, syncope and lexical stem alternants; the source marks are not normalized to the majority pattern.	0	1	stem-accent-only
necklace	ʃʌríʐe	-e	2	stress-marked	"[""ʃʌríʂo""]"	[2]	"[""f_uah3ezd3g2mfu""]"	f_us56hvhbkuvls	[]		143	The matched source forms were inspected. The plural ending and its accent are retained as printed; no etymology is assigned from a shared English gloss alone.		database source citation and candidate lexemes inspected	Plain e/i must distinguish suffix addition, vowel replacement, glide formation, syncope and lexical stem alternants; the source marks are not normalized to the majority pattern.	0	1	stem-accent-only
needle	sue	-e		unmarked	"[""su:""]"	"[""""]"	"[""f_wa7tbs4la2kz6""]"	f_qprxswqpj7bk2	"[""13551""]"		144	The matched source forms were inspected. The plural ending and its accent are retained as printed; no etymology is assigned from a shared English gloss alone. Research comparison: sūcī́ (13551), needle. This links the root/lexeme, not each inflected cell directly to the old headword.	13551	database source citation and candidate lexemes inspected	Plain e/i must distinguish suffix addition, vowel replacement, glide formation, syncope and lexical stem alternants; the source marks are not normalized to the majority pattern.	0	0	unmarked
nose ring	nʌtiŋéh	-eh/-eɦ	1	stress-marked	"[""nʌtíŋ""]"	[1]	"[""f_lsfsgik6xksec""]"	f_4stfspoodjzsk	[]		145	The matched source forms were inspected. The plural ending and its accent are retained as printed; no etymology is assigned from a shared English gloss alone.		database source citation and candidate lexemes inspected	Final eh/eɦ is an independently identified suffix; compare final versus retained stem marks without defining membership by acute placement.	1	1	final-accent-only
pyjama	ʦʌlen(i)yé	-e	1	stress-marked	[]	[]	[]	f_foycuwz7oefdq	[]		146	Pyjama has a parenthesized optional segment. Preserve as a variant expression and exclude from a single-form count.		database source citation and candidate lexemes inspected	Plain e/i must distinguish suffix addition, vowel replacement, glide formation, syncope and lexical stem alternants; the source marks are not normalized to the majority pattern.	1	1	final-accent-only
pearl	motikéh	-eh/-eɦ	1	stress-marked	"[""motík""]"	[1]	"[""f_x3r5g6gsmkivk""]"	f_k72kyjfdrm3li	[]		147	Pearl motik suggests a regional motī plus k formation; māṇiya is not accepted from the shared pearl gloss alone.		database source citation and candidate lexemes inspected	Final eh/eɦ is an independently identified suffix; compare final versus retained stem marks without defining membership by acute placement.	1	1	final-accent-only
pocket (men’s dress)	ʂʌturéh	-eh/-eɦ	1	stress-marked	"[""ʂʌ́tur""]"	[2]	"[""f_rtsnrtco7fqw2""]"	f_dudleeknp4xx2	[]		148	The matched source forms were inspected. The plural ending and its accent are retained as printed; no etymology is assigned from a shared English gloss alone.		database source citation and candidate lexemes inspected	Final eh/eɦ is an independently identified suffix; compare final versus retained stem marks without defining membership by acute placement.	1	1	final-accent-only
razor	khuruéh	-eh/-eɦ	1	stress-in-vowel-sequence	[]	[]	[]	f_iemobsxjdd7zy	[]		149	The matched source forms were inspected. The plural ending and its accent are retained as printed; no etymology is assigned from a shared English gloss alone.		database source citation and candidate lexemes inspected	Final eh/eɦ is an independently identified suffix; compare final versus retained stem marks without defining membership by acute placement.	1	1	final-accent-only
ring	ʤó:le	-e	2	stress-marked	[]	[]	[]	f_la54ovr4puw2y	[]		150	The matched source forms were inspected. The plural ending and its accent are retained as printed; no etymology is assigned from a shared English gloss alone.		database source citation and candidate lexemes inspected	Plain e/i must distinguish suffix addition, vowel replacement, glide formation, syncope and lexical stem alternants; the source marks are not normalized to the majority pattern.	0	1	stem-accent-only
sandals	ʦʌ́:pye	-e	2	stress-marked	"[""ʦʌ́:pi""]"	[2]	"[""f_6dzjzrxe45be6""]"	f_zp463g54kv2qu	[]		151	The matched source forms were inspected. The plural ending and its accent are retained as printed; no etymology is assigned from a shared English gloss alone.		database source citation and candidate lexemes inspected	Plain e/i must distinguish suffix addition, vowel replacement, glide formation, syncope and lexical stem alternants; the source marks are not normalized to the majority pattern.	0	1	stem-accent-only
sapphire ] sg.	niliméh	-eh/-eɦ	1	stress-marked	"[""nilím""]"	[1]	"[""f_sqwddsib45c3q""]"	f_awqltptutjrri	[]		152	Sapphire nilim resembles regional nīlam. The plural has suffix stress; an inherited nīla-derived analysis and a loan route remain alternatives.		database source citation and candidate lexemes inspected	Final eh/eɦ is an independently identified suffix; compare final versus retained stem marks without defining membership by acute placement.	1	1	final-accent-only
sari	dʌχonéh	-eh/-eɦ	1	stress-marked	"[""dʌχón""]"	[1]	"[""f_bvmkb6j2kqtn2""]"	f_2bwy7m7bjotym	[]		153	The matched source forms were inspected. The plural ending and its accent are retained as printed; no etymology is assigned from a shared English gloss alone.		database source citation and candidate lexemes inspected	Final eh/eɦ is an independently identified suffix; compare final versus retained stem marks without defining membership by acute placement.	1	1	final-accent-only
scarf	gulbʌnéh	-eh/-eɦ	1	stress-marked	"[""gulbʌ́n""]"	[1]	"[""f_m2nwfouvq4cvk""]"	f_4y7wtilqxyntg	[]		154	The matched source forms were inspected. The plural ending and its accent are retained as printed; no etymology is assigned from a shared English gloss alone.		database source citation and candidate lexemes inspected	Final eh/eɦ is an independently identified suffix; compare final versus retained stem marks without defining membership by acute placement.	1	1	final-accent-only
shirt	kurte:néh	-eh/-eɦ	1	stress-marked	[]	[]	[]	f_oauven4fzguem	[]		155	The matched source forms were inspected. The plural ending and its accent are retained as printed; no etymology is assigned from a shared English gloss alone.		database source citation and candidate lexemes inspected	Final eh/eɦ is an independently identified suffix; compare final versus retained stem marks without defining membership by acute placement.	1	1	final-accent-only
sleeve	boe	-e		unmarked	[]	[]	[]	f_mgo4cja3bf6yw	[]		156	The matched source forms were inspected. The plural ending and its accent are retained as printed; no etymology is assigned from a shared English gloss alone. Research comparison: bāhú (9229), arm. This links the root/lexeme, not each inflected cell directly to the old headword.	9229	database source citation and candidate lexemes inspected	Plain e/i must distinguish suffix addition, vowel replacement, glide formation, syncope and lexical stem alternants; the source marks are not normalized to the majority pattern.	0	0	unmarked
soap	sʌbonéh	-eh/-eɦ	1	stress-marked	"[""sʌbón""]"	[1]	"[""f_7kokljmkjbvsm""]"	f_e4wfxhxxlviiy	[]		157	Soap sabon is a regional loan-shaped stem and takes final-stressed eh; no Vedic-accent ancestry is asserted.		database source citation and candidate lexemes inspected	Final eh/eɦ is an independently identified suffix; compare final versus retained stem marks without defining membership by acute placement.	1	1	final-accent-only
spindle	ʈʂʌké	-e	1	stress-marked	"[""ʈʂʌ́ku"", ""ʈʂʌ́:ku""]"	[2, 2]	"[""f_5d72cclmt7l46"", ""f_ysyhdyver23ia""]"	f_gb7m6nfe64ohg	[]		158	Spindle item690 has final-stressed ʈʂʌké, whereas item1001 and the grammar have root-stressed ʈʂʌ́ke. Retain the same-lexeme conflict and the SG quantity difference. Research comparison: tarkú (5717), spindle. This links the root/lexeme, not each inflected cell directly to the old headword.	5717	exact printed passage inspected	Plain e/i must distinguish suffix addition, vowel replacement, glide formation, syncope and lexical stem alternants; the source marks are not normalized to the majority pattern.	1	1	final-accent-only
spindle	ʈʂʌ́ke	-e	2	stress-marked	"[""ʈʂʌ́ku"", ""ʈʂʌ́:ku""]"	[2, 2]	"[""f_5d72cclmt7l46"", ""f_ysyhdyver23ia""]"	f_nq6p42kelcg7a	[]		159	The second spindle plural has root stress; it agrees with the grammar example and conflicts with item690. More tokens do not resolve the disagreement. Research comparison: tarkú (5717), spindle. This links the root/lexeme, not each inflected cell directly to the old headword.	5717	exact printed passage inspected	Plain e/i must distinguish suffix addition, vowel replacement, glide formation, syncope and lexical stem alternants; the source marks are not normalized to the majority pattern.	0	1	stem-accent-only
stick	ɖʌkéh	-eh/-eɦ	1	stress-marked	[]	[]	[]	f_hgz47tg3rmys6	[]		160	The matched source forms were inspected. The plural ending and its accent are retained as printed; no etymology is assigned from a shared English gloss alone.		database source citation and candidate lexemes inspected	Final eh/eɦ is an independently identified suffix; compare final versus retained stem marks without defining membership by acute placement.	1	1	final-accent-only
sword	khʌŋa:ré	-e	1	stress-marked	"[""khʌŋá:r""]"	[1]	"[""f_kd3h3d5l3kcyo""]"	f_uxumlw3fuxqsu	[]		161	The matched source forms were inspected. The plural ending and its accent are retained as printed; no etymology is assigned from a shared English gloss alone.		database source citation and candidate lexemes inspected	Plain e/i must distinguish suffix addition, vowel replacement, glide formation, syncope and lexical stem alternants; the source marks are not normalized to the majority pattern.	1	1	final-accent-only
turban	pʌʂé	-e	1	stress-marked	"[""pʌʂó:""]"	[1]	"[""f_uynfp64stywzw""]"	f_bzfulyr6vwmeq	[]		162	The matched source forms were inspected. The plural ending and its accent are retained as printed; no etymology is assigned from a shared English gloss alone.		database source citation and candidate lexemes inspected	Plain e/i must distinguish suffix addition, vowel replacement, glide formation, syncope and lexical stem alternants; the source marks are not normalized to the majority pattern.	1	1	final-accent-only
attic	gó:ʐe	-e	2	stress-marked	"[""gó:ʂ""]"	[1]	"[""f_tjgeomu5dimcu""]"	f_bi4ihsd6x3ncc	[]		163	The matched source forms were inspected. The plural ending and its accent are retained as printed; no etymology is assigned from a shared English gloss alone. Research comparison: gōṣṭhá (4336), cow-house; meeting place. This links the root/lexeme, not each inflected cell directly to the old headword.	4336	database source citation and candidate lexemes inspected	Plain e/i must distinguish suffix addition, vowel replacement, glide formation, syncope and lexical stem alternants; the source marks are not normalized to the majority pattern.	0	1	stem-accent-only
beam (of light)	bʌmʌléh	-eh/-eɦ	1	stress-marked	"[""bʌmʌ́l""]"	[1]	"[""f_oh6t2a6rgyf3y""]"	f_qthr2jxsdmfpg	[]		164	The matched source forms were inspected. The plural ending and its accent are retained as printed; no etymology is assigned from a shared English gloss alone.		database source citation and candidate lexemes inspected	Final eh/eɦ is an independently identified suffix; compare final versus retained stem marks without defining membership by acute placement.	1	1	final-accent-only
blanket	kʌmbʌléh	-eh/-eɦ	1	stress-marked	"[""kʌmbʌ́l""]"	[1]	"[""f_czeo7n45f2t2q""]"	f_u6isuhqvgy7ny	[]		165	The matched source forms were inspected. The plural ending and its accent are retained as printed; no etymology is assigned from a shared English gloss alone.		database source citation and candidate lexemes inspected	Final eh/eɦ is an independently identified suffix; compare final versus retained stem marks without defining membership by acute placement.	1	1	final-accent-only
bolster (pillow)	uné:h	other	1	stress-marked	[]	[]	[]	f_v4jakzxmxjxm6	[]	pl. (to lean back	166	Bolster uné:h has final long e plus h. It is listed separately from the short-eh screen because segmental identity of the suffix is not established by spelling alone.		database source citation and candidate lexemes inspected	Plain e/i must distinguish suffix addition, vowel replacement, glide formation, syncope and lexical stem alternants; the source marks are not normalized to the majority pattern.	1	1	final-accent-only
brick	diʂʈikéh	-eh/-eɦ	1	stress-marked	"[""diʂʈík""]"	[1]	"[""f_addczkrfwb2aw""]"	f_vkbejbn4friau	[]		167	Brick diṣṭik resembles iṣṭakā with an additional initial d and modified suffix. This is a provisional root comparison, excluded from strict historical-accent tests. Research comparison: íṣṭakā (1600), brick. This links the root/lexeme, not each inflected cell directly to the old headword.	1600	database source citation and candidate lexemes inspected	Final eh/eɦ is an independently identified suffix; compare final versus retained stem marks without defining membership by acute placement.	1	1	final-accent-only
broom	lo:ʃyéh	-eh/-eɦ	1	stress-marked	"[""ló:ʃi""]"	[2]	"[""f_2n6akgtbqjtom""]"	f_shs2jqqn6wazy	[]		168	The matched source forms were inspected. The plural ending and its accent are retained as printed; no etymology is assigned from a shared English gloss alone.		database source citation and candidate lexemes inspected	Final eh/eɦ is an independently identified suffix; compare final versus retained stem marks without defining membership by acute placement.	1	1	final-accent-only
building	lʌ́ite	-e	3	stress-in-vowel-sequence	"[""lʌ́iti""]"	[3]	"[""f_aysnbwk3dth4c""]"	f_x5drlir7dvn2q	[]		169	The matched source forms were inspected. The plural ending and its accent are retained as printed; no etymology is assigned from a shared English gloss alone.		database source citation and candidate lexemes inspected	Plain e/i must distinguish suffix addition, vowel replacement, glide formation, syncope and lexical stem alternants; the source marks are not normalized to the majority pattern.	0	1	stem-accent-only
carpet	ka:lí:ne	-e	2	stress-marked	"[""qa:lí:n""]"	[1]	"[""f_dwkylipwfs3la""]"	f_s2chcuf4ni2d6	[]		170	Carpet qali:n/kali:ne shows q/k variation and preserves stem stress. It is a regional loan-shaped stem; -e does not automatically attract stress.		database source citation and candidate lexemes inspected	Plain e/i must distinguish suffix addition, vowel replacement, glide formation, syncope and lexical stem alternants; the source marks are not normalized to the majority pattern.	0	1	stem-accent-only
chair	kurʧéh	-eh/-eɦ	1	stress-marked	"[""kurʧí:""]"	[1]	"[""f_o3uoyt5r2tfue""]"	f_cdgjerzp5dg5i	[]		171	Chair kurči resembles regional kursī. The -eh replacement is final-stressed; unrelated chair gloss comparisons are rejected.		database source citation and candidate lexemes inspected	Final eh/eɦ is an independently identified suffix; compare final versus retained stem marks without defining membership by acute placement.	1	1	final-accent-only
hinge	kʌbzé:	other	1	stress-marked	"[""kʌbzá:""]"	[1]	"[""f_f7jeq2kd2foqs""]"	f_j5bl5v4prohrq	[]		172	The matched source forms were inspected. The plural ending and its accent are retained as printed; no etymology is assigned from a shared English gloss alone.		database source citation and candidate lexemes inspected	Plain e/i must distinguish suffix addition, vowel replacement, glide formation, syncope and lexical stem alternants; the source marks are not normalized to the majority pattern.	1	1	final-accent-only
hut	ɖu:kuréh	-eh/-eɦ	1	stress-marked	"[""ɖú:kur""]"	[2]	"[""f_cjd5xhclh4cdy""]"	f_fwoaz3vsjdvl6	[]		173	The matched source forms were inspected. The plural ending and its accent are retained as printed; no etymology is assigned from a shared English gloss alone.		database source citation and candidate lexemes inspected	Final eh/eɦ is an independently identified suffix; compare final versus retained stem marks without defining membership by acute placement.	1	1	final-accent-only
latch (lock-on)	kuʦuréh	-eh/-eɦ	1	stress-marked	"[""kuʦúr""]"	[1]	"[""f_2itf6l4ihbzho""]"	f_uvkfzcna37yuw	[]	pl. Latch (moving part	174	The matched source forms were inspected. The plural ending and its accent are retained as printed; no etymology is assigned from a shared English gloss alone.		database source citation and candidate lexemes inspected	Final eh/eɦ is an independently identified suffix; compare final versus retained stem marks without defining membership by acute placement.	1	1	final-accent-only
lock	ʧhʌylo:léh	-eh/-eɦ	1	stress-marked	"[""ʧhʌyló:l""]"	[1]	"[""f_ct5arfkjpfylo""]"	f_sjwvxdkodgm4g	[]		175	The matched source forms were inspected. The plural ending and its accent are retained as printed; no etymology is assigned from a shared English gloss alone.		database source citation and candidate lexemes inspected	Final eh/eɦ is an independently identified suffix; compare final versus retained stem marks without defining membership by acute placement.	1	1	final-accent-only
mat (general)	ʧhʌryéh	-eh/-eɦ	1	stress-marked	"[""ʧhʌrí:"", ""ʧhʌstʌ́n"", ""zʌŋgóʂ""]"	[1, 1, 1]	"[""f_j5fk3stiyjaug"", ""f_td7ttoh5lz5sg"", ""f_eidlzyufig4pe""]"	f_lqwnrkdjyk7wc	[]	general, pl	176	The mat gloss groups three different nouns. Pair chhari only with chharyeh; the other mat nouns are not allomorphs selected by accent.		database source citation and candidate lexemes inspected	Final eh/eɦ is an independently identified suffix; compare final versus retained stem marks without defining membership by acute placement.	1	1	final-accent-only
mat (general)	ʧhʌstʌn zʌŋgóʂ	other	1	stress-marked	"[""ʧhʌrí:"", ""ʧhʌstʌ́n"", ""zʌŋgóʂ""]"	[1, 1, 1]	"[""f_j5fk3stiyjaug"", ""f_td7ttoh5lz5sg"", ""f_eidlzyufig4pe""]"	f_rda63r7v3rdr4	[]	grass, pl	177	The purported plural is a multiword mat expression combining separate lexemes. Exclude from the simplex paradigm test.		database source citation and candidate lexemes inspected	Plain e/i must distinguish suffix addition, vowel replacement, glide formation, syncope and lexical stem alternants; the source marks are not normalized to the majority pattern.	1	1	final-accent-only
mat (general)	zʌŋgoʂéh	-eh/-eɦ	1	stress-marked	"[""ʧhʌrí:"", ""ʧhʌstʌ́n"", ""zʌŋgóʂ""]"	[1, 1, 1]	"[""f_j5fk3stiyjaug"", ""f_td7ttoh5lz5sg"", ""f_eidlzyufig4pe""]"	f_6db7u3d3k3czg	[]	goat skin, pl	178	The zangoṣ mat plural pairs with zangoṣ, not the other two singular mat nouns.		database source citation and candidate lexemes inspected	Final eh/eɦ is an independently identified suffix; compare final versus retained stem marks without defining membership by acute placement.	1	1	final-accent-only
mattress (cotton); quilt	gʌdéle	-e	2	stress-marked	"[""gʌdéla""]"	[2]	"[""f_jckzqj4itm2vg""]"	f_ledjxerzktnfy	[]	pl. (wool	179	The matched source forms were inspected. The plural ending and its accent are retained as printed; no etymology is assigned from a shared English gloss alone.		database source citation and candidate lexemes inspected	Plain e/i must distinguish suffix addition, vowel replacement, glide formation, syncope and lexical stem alternants; the source marks are not normalized to the majority pattern.	0	1	stem-accent-only
mattress (cotton)	hʌrutéh	-eh/-eɦ	1	stress-marked	"[""hʌrút""]"	[1]	"[""f_omfm76m56lzvg""]"	f_xmdscpgkvyca2	[]		180	The matched source forms were inspected. The plural ending and its accent are retained as printed; no etymology is assigned from a shared English gloss alone.		database source citation and candidate lexemes inspected	Final eh/eɦ is an independently identified suffix; compare final versus retained stem marks without defining membership by acute placement.	1	1	final-accent-only
mosquito net; weaver	ʈʂʌʐé:	other	1	stress-marked	[]	[]	[]	f_2xnnhclhx5yxw	[]		181	The matched source forms were inspected. The plural ending and its accent are retained as printed; no etymology is assigned from a shared English gloss alone.		database source citation and candidate lexemes inspected	Plain e/i must distinguish suffix addition, vowel replacement, glide formation, syncope and lexical stem alternants; the source marks are not normalized to the majority pattern.	1	1	final-accent-only
nail	kí:lyéh	-eh/-eɦ		multiple-stress	"[""kí:li""]"	[2]	"[""f_ph2uiffkpegvq""]"	f_eqecsfyzwv674	"[""3202""]"		182	Nail vocabulary prints kí:l yéh with a space and two accents; the merged DB form kí:lyéh retains both. This may be a clitic-like/plural expression or inconsistent accent typography; do not silently remove the root mark. Research comparison: kīla (3202), stake, peg, tumour. This links the root/lexeme, not each inflected cell directly to the old headword.	3202	exact printed passage inspected	Final eh/eɦ is an independently identified suffix; compare final versus retained stem marks without defining membership by acute placement.	1	2	final-plus-other-accent
pillow	unó:e	-e	2	stress-marked	[]	[]	[]	f_vso2wqu5wuou2	[]		183	The matched source forms were inspected. The plural ending and its accent are retained as printed; no etymology is assigned from a shared English gloss alone.		database source citation and candidate lexemes inspected	Plain e/i must distinguish suffix addition, vowel replacement, glide formation, syncope and lexical stem alternants; the source marks are not normalized to the majority pattern.	0	1	stem-accent-only
plinth	khúre	-e	2	stress-marked	[]	[]	[]	f_gzbv5scdz5y2a	[]		184	The matched source forms were inspected. The plural ending and its accent are retained as printed; no etymology is assigned from a shared English gloss alone.		database source citation and candidate lexemes inspected	Plain e/i must distinguish suffix addition, vowel replacement, glide formation, syncope and lexical stem alternants; the source marks are not normalized to the majority pattern.	0	1	stem-accent-only
rafter	bo:ʃe	-e		unmarked	"[""bo:ʃ""]"	"[""""]"	"[""f_5kjuyegfatmkg""]"	f_tuol7u2v5hluc	[]		185	The matched source forms were inspected. The plural ending and its accent are retained as printed; no etymology is assigned from a shared English gloss alone.		database source citation and candidate lexemes inspected	Plain e/i must distinguish suffix addition, vowel replacement, glide formation, syncope and lexical stem alternants; the source marks are not normalized to the majority pattern.	0	0	unmarked
roof	ʃʌro:ɳéh	-eh/-eɦ	1	stress-marked	"[""ʃʌró:ɳ""]"	[1]	"[""f_owz3hu5jg7axk""]"	f_6yyktgwn5xkfi	[]		186	The matched source forms were inspected. The plural ending and its accent are retained as printed; no etymology is assigned from a shared English gloss alone. Research comparison: śaraṇá (12326), protecting; shelter, home. This links the root/lexeme, not each inflected cell directly to the old headword.	12326	database source citation and candidate lexemes inspected	Final eh/eɦ is an independently identified suffix; compare final versus retained stem marks without defining membership by acute placement.	1	1	final-accent-only
roof	ʧhilíʂéh	-eh/-eɦ		multiple-stress	"[""ʃʌró:ɳ""]"	[1]	"[""f_owz3hu5jg7axk""]"	f_ikc3l7ndfsho4	[]		187	The roof candidate chhiliṣeh is not the plural of śaro:ṇ. Its root and suffix both have acute marks. The other roof noun has an ordinary final-stressed eh plural.		database source citation and candidate lexemes inspected	Final eh/eɦ is an independently identified suffix; compare final versus retained stem marks without defining membership by acute placement.	1	2	final-plus-other-accent
rope	ráʒe	-e	2	stress-marked	"[""ráʒu""]"	[2]	"[""f_svmrxzq7octqg""]"	f_vt7kf2ylx7th2	[]		188	The matched source forms were inspected. The plural ending and its accent are retained as printed; no etymology is assigned from a shared English gloss alone. Research comparison: rájju (10582), rope, cord. This links the root/lexeme, not each inflected cell directly to the old headword.	10582	database source citation and candidate lexemes inspected	Plain e/i must distinguish suffix addition, vowel replacement, glide formation, syncope and lexical stem alternants; the source marks are not normalized to the majority pattern.	0	1	stem-accent-only
scream	kríve	-e	2	stress-marked	"[""krív""]"	[1]	"[""f_amkoj4oxav45q""]"	f_a3mrm5dskijmw	[]		189	The matched source forms were inspected. The plural ending and its accent are retained as printed; no etymology is assigned from a shared English gloss alone.		database source citation and candidate lexemes inspected	Plain e/i must distinguish suffix addition, vowel replacement, glide formation, syncope and lexical stem alternants; the source marks are not normalized to the majority pattern.	0	1	stem-accent-only
shed	ʤossále	-e	2	stress-marked	"[""ʤossál""]"	[1]	"[""f_al4xtepyuxcma""]"	f_ooniuosfmdnpu	[]		190	The matched source forms were inspected. The plural ending and its accent are retained as printed; no etymology is assigned from a shared English gloss alone.		database source citation and candidate lexemes inspected	Plain e/i must distinguish suffix addition, vowel replacement, glide formation, syncope and lexical stem alternants; the source marks are not normalized to the majority pattern.	0	1	stem-accent-only
stable (horse-shed) ] pl.	ə̃ʃ pʌléh	-eh/-eɦ	1	stress-marked	"[""ə̃ʃ pá:l""]"	[1]	"[""f_arxzqhprdtubs""]"	f_rsyugp2zzpq7a	[]		191	Horse-shed is a compound with a separate horse word. Its final eh is stressed, but it is outside the simplex test.		database source citation and candidate lexemes inspected	Final eh/eɦ is an independently identified suffix; compare final versus retained stem marks without defining membership by acute placement.	1	1	final-accent-only
storey	póre	-e	2	stress-marked	"[""póro""]"	[2]	"[""f_lguoiierhrtfw""]"	f_3fqv45ew732be	[]		192	The matched source forms were inspected. The plural ending and its accent are retained as printed; no etymology is assigned from a shared English gloss alone.		database source citation and candidate lexemes inspected	Plain e/i must distinguish suffix addition, vowel replacement, glide formation, syncope and lexical stem alternants; the source marks are not normalized to the majority pattern.	0	1	stem-accent-only
swing	ʤu:léh	-eh/-eɦ	1	stress-marked	"[""ʤu:lá:""]"	[1]	"[""f_u3cs22zee5efk""]"	f_z4czswy6ubsse	[]		193	The matched source forms were inspected. The plural ending and its accent are retained as printed; no etymology is assigned from a shared English gloss alone.		database source citation and candidate lexemes inspected	Final eh/eɦ is an independently identified suffix; compare final versus retained stem marks without defining membership by acute placement.	1	1	final-accent-only
table	me:ze	-e		unmarked	"[""me:s""]"	"[""""]"	"[""f_6n4stn5ablgja""]"	f_mvsfe6rgnscde	[]		194	The matched source forms were inspected. The plural ending and its accent are retained as printed; no etymology is assigned from a shared English gloss alone.		database source citation and candidate lexemes inspected	Plain e/i must distinguish suffix addition, vowel replacement, glide formation, syncope and lexical stem alternants; the source marks are not normalized to the majority pattern.	0	0	unmarked
tube	na:lyéh	-eh/-eɦ	1	stress-marked	"[""na:lí:""]"	[1]	"[""f_mkujfsamx7lww""]"	f_mecchxwbk4v6s	[]		195	Tube nāli/nālyeh is an i-derived form within the reed/channel complex. Do not transfer the unextended bamboo headword’s accent to it. Research comparison: nāḍī́ (7047), tubular stalk of any plant, tubular organ, tube. This links the root/lexeme, not each inflected cell directly to the old headword.	7047	database source citation and candidate lexemes inspected	Final eh/eɦ is an independently identified suffix; compare final versus retained stem marks without defining membership by acute placement.	1	1	final-accent-only
yard (measurement)	diʂʈe	-e		unmarked	[]	[]	[]	f_get3eutukl7ea	[]		196	The matched source forms were inspected. The plural ending and its accent are retained as printed; no etymology is assigned from a shared English gloss alone.		database source citation and candidate lexemes inspected	Plain e/i must distinguish suffix addition, vowel replacement, glide formation, syncope and lexical stem alternants; the source marks are not normalized to the majority pattern.	0	0	unmarked
banana	ké:le	-e	2	stress-marked	"[""ké:la""]"	[2]	"[""f_asli3nqa7bb5y""]"	f_ntcqlwz5mqnoa	[]		197	The matched source forms were inspected. The plural ending and its accent are retained as printed; no etymology is assigned from a shared English gloss alone. Research comparison: kadala (2712), . This links the root/lexeme, not each inflected cell directly to the old headword.	2712	database source citation and candidate lexemes inspected	Plain e/i must distinguish suffix addition, vowel replacement, glide formation, syncope and lexical stem alternants; the source marks are not normalized to the majority pattern.	0	1	stem-accent-only
bark (of tree)	díle	-e	2	stress-marked	[]	[]	[]	f_nqlewkr3f3viq	[]		198	The matched source forms were inspected. The plural ending and its accent are retained as printed; no etymology is assigned from a shared English gloss alone.		database source citation and candidate lexemes inspected	Plain e/i must distinguish suffix addition, vowel replacement, glide formation, syncope and lexical stem alternants; the source marks are not normalized to the majority pattern.	0	1	stem-accent-only
branch (of tree); twig	bʌ́:ke	-e	2	stress-marked	"[""bʌ́:ko""]"	[2]	"[""f_z6bd4h3cyjv5o""]"	f_55da22um645y4	[]		199	The matched source forms were inspected. The plural ending and its accent are retained as printed; no etymology is assigned from a shared English gloss alone.		database source citation and candidate lexemes inspected	Plain e/i must distinguish suffix addition, vowel replacement, glide formation, syncope and lexical stem alternants; the source marks are not normalized to the majority pattern.	0	1	stem-accent-only
bud	ʧhʌʈuléh	-eh/-eɦ	1	stress-marked	"[""ʧhʌʈúl""]"	[1]	"[""f_mpeh2od3szzmi""]"	f_tfqrpilbryl5s	[]		200	The matched source forms were inspected. The plural ending and its accent are retained as printed; no etymology is assigned from a shared English gloss alone.		database source citation and candidate lexemes inspected	Final eh/eɦ is an independently identified suffix; compare final versus retained stem marks without defining membership by acute placement.	1	1	final-accent-only
cardemom	ela:ʧyé	-e	1	stress-marked	"[""ela:ʧí:""]"	[1]	"[""f_lv5wipdcxrbci""]"	f_q5xhdycjd5tgy	[]		201	Cardamom elachi is a regional plant-name form; final i is replaced by ye with final stress, which is not simple addition of unstressed e.		database source citation and candidate lexemes inspected	Plain e/i must distinguish suffix addition, vowel replacement, glide formation, syncope and lexical stem alternants; the source marks are not normalized to the majority pattern.	1	1	final-accent-only
carrot	ga:ʤʌréh	-eh/-eɦ	1	stress-marked	"[""ga:ʤʌ́r""]"	[1]	"[""f_tm3zkvkfg6kns""]"	f_3ezwp4t5kbb3w	[]		202	Carrot gajar has suffix-stressed eh; regional lexical transmission is plausible, but plural behavior is directly observed regardless of etymology.		database source citation and candidate lexemes inspected	Final eh/eɦ is an independently identified suffix; compare final versus retained stem marks without defining membership by acute placement.	1	1	final-accent-only
crow bar	ʤʌbʌléh	-eh/-eɦ	1	stress-marked	"[""ʤʌbʌ́l""]"	[1]	"[""f_zjggkgamtxyjk""]"	f_ubjtj2xxoj52q	[]		203	The matched source forms were inspected. The plural ending and its accent are retained as printed; no etymology is assigned from a shared English gloss alone.		database source citation and candidate lexemes inspected	Final eh/eɦ is an independently identified suffix; compare final versus retained stem marks without defining membership by acute placement.	1	1	final-accent-only
cucumber	mú:le	-e	2	stress-marked	[]	[]	[]	f_fcprpoub6logi	[]		204	The matched source forms were inspected. The plural ending and its accent are retained as printed; no etymology is assigned from a shared English gloss alone.		database source citation and candidate lexemes inspected	Plain e/i must distinguish suffix addition, vowel replacement, glide formation, syncope and lexical stem alternants; the source marks are not normalized to the majority pattern.	0	1	stem-accent-only
dall (pigeon-pea)	mózure	-e	3	stress-marked	"[""mózur""]"	[2]	"[""f_mfrknnedmhx6s""]"	f_wukqmrv3vtab4	[]		205	The matched source forms were inspected. The plural ending and its accent are retained as printed; no etymology is assigned from a shared English gloss alone.		database source citation and candidate lexemes inspected	Plain e/i must distinguish suffix addition, vowel replacement, glide formation, syncope and lexical stem alternants; the source marks are not normalized to the majority pattern.	0	1	stem-accent-only
dam	bʌne	-e		unmarked	[]	[]	[]	f_6inmukcwpmo72	[]	pl. (small	206	The matched source forms were inspected. The plural ending and its accent are retained as printed; no etymology is assigned from a shared English gloss alone.		database source citation and candidate lexemes inspected	Plain e/i must distinguish suffix addition, vowel replacement, glide formation, syncope and lexical stem alternants; the source marks are not normalized to the majority pattern.	0	0	unmarked
date palm	khrméh	-eh/-eɦ	1	stress-marked	"[""khórma:""]"	[2]	"[""f_sqftbbfld6kzs""]"	f_e2c5qpfa6hqqo	[]		207	Vocabulary item827 prints khrméh, while grammar p42 prints khórméh with both root and suffix acute marks. Preserve this source-internal segment/accent difference.		exact printed passage inspected	Final eh/eɦ is an independently identified suffix; compare final versus retained stem marks without defining membership by acute placement.	1	1	final-accent-only
farm	ʈʂhé:ʐe	-e	2	stress-marked	"[""ʈʂhé:ʂ""]"	[1]	"[""f_mh6ir7xmf2gzs""]"	f_bjjxwclsubijm	[]		208	The matched source forms were inspected. The plural ending and its accent are retained as printed; no etymology is assigned from a shared English gloss alone. Research comparison: kṣḗtra (3735), land. This links the root/lexeme, not each inflected cell directly to the old headword.	3735	database source citation and candidate lexemes inspected	Plain e/i must distinguish suffix addition, vowel replacement, glide formation, syncope and lexical stem alternants; the source marks are not normalized to the majority pattern.	0	1	stem-accent-only
farmer	zʌminda:réh	-eh/-eɦ	1	stress-marked	"[""zʌmindá:r""]"	[1]	"[""f_46kmss3oyenv2""]"	f_7ehrtqkzuj4hw	[]		209	Farmer zamin-dar is a transparently regional Persian-derived compound/title; the Dras plural assigns final suffix stress despite stem stress in the singular.		database source citation and candidate lexemes inspected	Final eh/eɦ is an independently identified suffix; compare final versus retained stem marks without defining membership by acute placement.	1	1	final-accent-only
fence	ʤa:léh	-eh/-eɦ	1	stress-marked	[]	[]	[]	f_ebk2ho565l3ba	[]		210	The matched source forms were inspected. The plural ending and its accent are retained as printed; no etymology is assigned from a shared English gloss alone.		database source citation and candidate lexemes inspected	Final eh/eɦ is an independently identified suffix; compare final versus retained stem marks without defining membership by acute placement.	1	1	final-accent-only
flower	púʂe	-e	2	stress-marked	"[""púʂo""]"	[2]	"[""f_umao2sbgy5o4c""]"	f_gvucva2mxc6ui	[]		211	The matched source forms were inspected. The plural ending and its accent are retained as printed; no etymology is assigned from a shared English gloss alone. Research comparison: púṣya (8306), vigour. This links the root/lexeme, not each inflected cell directly to the old headword.	8306	database source citation and candidate lexemes inspected	Plain e/i must distinguish suffix addition, vowel replacement, glide formation, syncope and lexical stem alternants; the source marks are not normalized to the majority pattern.	0	1	stem-accent-only
fodder	ʧhʌké	-e	1	stress-marked	"[""ʧhʌk""]"	"[""""]"	"[""f_k4dj2fkstnfai""]"	f_63ktiwz2pk42e	[]		212	Fodder chhak/chhaké is unmarked in the monosyllabic SG and final-stressed in the plural. The SG omission does not establish a toneless or preaccenting class.		database source citation and candidate lexemes inspected	Plain e/i must distinguish suffix addition, vowel replacement, glide formation, syncope and lexical stem alternants; the source marks are not normalized to the majority pattern.	1	1	final-accent-only
garden	bʌkéh	-eh/-eɦ	1	stress-marked	"[""bá:k""]"	[1]	"[""f_c5snkxywoqgl2""]"	f_b7puarwzybf3a	[]		213	Garden ba:k/bakeh is a regional bāgh-shaped loan, with final devoicing and shortening before the accented plural suffix.		database source citation and candidate lexemes inspected	Final eh/eɦ is an independently identified suffix; compare final versus retained stem marks without defining membership by acute placement.	1	1	final-accent-only
garlic	gokpé:	other	1	stress-marked	"[""gokpá:""]"	[1]	"[""f_lznvzfshxmz5w""]"	f_xpetrutjeg4qm	[]		214	Garlic gokpa suggests a regional Himalayan contact form; uṣṇa is not a sufficient segmental match. Vowel replacement forms its final-stressed plural.		database source citation and candidate lexemes inspected	Plain e/i must distinguish suffix addition, vowel replacement, glide formation, syncope and lexical stem alternants; the source marks are not normalized to the majority pattern.	1	1	final-accent-only
grape	dʌ́ʃe	-e	2	stress-marked	"[""dʌʃ""]"	"[""""]"	"[""f_gptlvmtkdgrho""]"	f_2facrw76vpaeo	[]		215	The matched source forms were inspected. The plural ending and its accent are retained as printed; no etymology is assigned from a shared English gloss alone. Research comparison: drā́kṣā (6628), . This links the root/lexeme, not each inflected cell directly to the old headword.	6628	database source citation and candidate lexemes inspected	Plain e/i must distinguish suffix addition, vowel replacement, glide formation, syncope and lexical stem alternants; the source marks are not normalized to the majority pattern.	0	1	stem-accent-only
grass	kʌʂe	-e		unmarked	"[""kʌʂ""]"	"[""""]"	"[""f_ntap64nmrnu5s""]"	f_ja3rcpxpj7zeg	[]	pl. (many grasses	216	The matched source forms were inspected. The plural ending and its accent are retained as printed; no etymology is assigned from a shared English gloss alone. Research comparison: kákṣa (2589), undergrowth; dead wood; grass. This links the root/lexeme, not each inflected cell directly to the old headword.	2589	database source citation and candidate lexemes inspected	Plain e/i must distinguish suffix addition, vowel replacement, glide formation, syncope and lexical stem alternants; the source marks are not normalized to the majority pattern.	0	0	unmarked
green gram	ʧinʌséh	-eh/-eɦ	1	stress-marked	[]	[]	[]	f_es2pklhfvutve	[]		217	The matched source forms were inspected. The plural ending and its accent are retained as printed; no etymology is assigned from a shared English gloss alone.		database source citation and candidate lexemes inspected	Final eh/eɦ is an independently identified suffix; compare final versus retained stem marks without defining membership by acute placement.	1	1	final-accent-only
guava fruit	əmrutéh	-eh/-eɦ	1	stress-marked	"[""əmrú:d""]"	[1]	"[""f_wrg2cwvzfoyrc""]"	f_kqfvvgeujrsie	[]		218	The matched source forms were inspected. The plural ending and its accent are retained as printed; no etymology is assigned from a shared English gloss alone.		database source citation and candidate lexemes inspected	Final eh/eɦ is an independently identified suffix; compare final versus retained stem marks without defining membership by acute placement.	1	1	final-accent-only
hawk; plant	thoké	-e	1	stress-marked	"[""thók""]"	[1]	"[""f_qtv5aikfhxkhs""]"	f_h6uh3awbcxadc	[]		219	The combined hawk/plant gloss may conflate homonyms. Final plural accent is printed, but its lexical identity requires source clarification.		database source citation and candidate lexemes inspected	Plain e/i must distinguish suffix addition, vowel replacement, glide formation, syncope and lexical stem alternants; the source marks are not normalized to the majority pattern.	1	1	final-accent-only
herb	ʧhiliʂéh	-eh/-eɦ	1	stress-marked	[]	[]	[]	f_gg2ffy5cjqo7a	[]		220	The matched source forms were inspected. The plural ending and its accent are retained as printed; no etymology is assigned from a shared English gloss alone.		database source citation and candidate lexemes inspected	Final eh/eɦ is an independently identified suffix; compare final versus retained stem marks without defining membership by acute placement.	1	1	final-accent-only
jasmine	puɳʌré	-e	1	stress-marked	"[""puɳʌ́r""]"	[1]	"[""f_k7qqo6pgz65lk""]"	f_bagygmxjeusro	[]		221	The matched source forms were inspected. The plural ending and its accent are retained as printed; no etymology is assigned from a shared English gloss alone.		database source citation and candidate lexemes inspected	Plain e/i must distinguish suffix addition, vowel replacement, glide formation, syncope and lexical stem alternants; the source marks are not normalized to the majority pattern.	1	1	final-accent-only
jute	boréh	-eh/-eɦ	1	stress-marked	"[""borá:""]"	[1]	"[""f_p23omo7oj7dv6""]"	f_sxo5efqa5o2g4	[]		222	The matched source forms were inspected. The plural ending and its accent are retained as printed; no etymology is assigned from a shared English gloss alone.		database source citation and candidate lexemes inspected	Final eh/eɦ is an independently identified suffix; compare final versus retained stem marks without defining membership by acute placement.	1	1	final-accent-only
leaf	pʌ́:ʈe	-e	2	stress-marked	"[""pʌ́:ʈo""]"	[2]	"[""f_fnvlleq2socp2""]"	f_4674l576w3lu2	[]		223	The matched source forms were inspected. The plural ending and its accent are retained as printed; no etymology is assigned from a shared English gloss alone. Research comparison: páttra (7733), wing-feather; wing; leaf, petal; leaf of book. This links the root/lexeme, not each inflected cell directly to the old headword.	7733	database source citation and candidate lexemes inspected	Plain e/i must distinguish suffix addition, vowel replacement, glide formation, syncope and lexical stem alternants; the source marks are not normalized to the majority pattern.	0	1	stem-accent-only
maize	məkʌ́ie	-e	3	stress-in-vowel-sequence	"[""məkʌ́i""]"	[2]	"[""f_kazxsi7yuwdia""]"	f_vdpq76cks3qqe	[]		224	Maize makai is not securely inherited from markaka bird. The historical semantic/contact problem is retained; the nasal/adjacent-vowel spelling also prevents a simple nucleus count.		database source citation and candidate lexemes inspected	Plain e/i must distinguish suffix addition, vowel replacement, glide formation, syncope and lexical stem alternants; the source marks are not normalized to the majority pattern.	0	1	stem-accent-only
mace	ɖophoséh	-eh/-eɦ	1	stress-marked	[]	[]	[]	f_amphdsqmmctc4	[]		225	Mace ḍophos has final-stressed eh. The botanical sense must be distinguished from the club/weapon sense before proposing a compound etymology.		database source citation and candidate lexemes inspected	Final eh/eɦ is an independently identified suffix; compare final versus retained stem marks without defining membership by acute placement.	1	1	final-accent-only
marsh	nʌmbeléh	-eh/-eɦ	1	stress-marked	"[""nʌmbél""]"	[1]	"[""f_vxricd2j6rrmu""]"	f_iogpb7lhakcdq	[]		226	The matched source forms were inspected. The plural ending and its accent are retained as printed; no etymology is assigned from a shared English gloss alone.		database source citation and candidate lexemes inspected	Final eh/eɦ is an independently identified suffix; compare final versus retained stem marks without defining membership by acute placement.	1	1	final-accent-only
mushroom	ʃɪɳʈi:lyé	-e	1	stress-marked	"[""ʃɪɳʈí:li""]"	[2]	"[""f_izmpzfvv5idwq""]"	f_ngqsysd6ix5vy	[]		227	Mushroom śiṇṭili has an extended feminine ending; its plural yé carries stress after the i-to-y alternation. It is not a direct unextended śilīndhra citation reflex. Research comparison: śilīndhra (12468), plaintain tree; mushroom. This links the root/lexeme, not each inflected cell directly to the old headword.	12468	database source citation and candidate lexemes inspected	Plain e/i must distinguish suffix addition, vowel replacement, glide formation, syncope and lexical stem alternants; the source marks are not normalized to the majority pattern.	1	1	final-accent-only
nut	kálye	-e	2	stress-marked	"[""káli""]"	[2]	"[""f_xz77f72hkzake""]"	f_b526qbkix5txc	[]		228	The matched source forms were inspected. The plural ending and its accent are retained as printed; no etymology is assigned from a shared English gloss alone. Research comparison: kali-² (2934), . This links the root/lexeme, not each inflected cell directly to the old headword.	2934	database source citation and candidate lexemes inspected	Plain e/i must distinguish suffix addition, vowel replacement, glide formation, syncope and lexical stem alternants; the source marks are not normalized to the majority pattern.	0	1	stem-accent-only
pasture	yu:té:	other	1	stress-marked	"[""yu:t""]"	"[""""]"	"[""f_wd3jogtvw24sw""]"	f_4x6kh5u3vr2na	[]		229	The matched source forms were inspected. The plural ending and its accent are retained as printed; no etymology is assigned from a shared English gloss alone.		database source citation and candidate lexemes inspected	Plain e/i must distinguish suffix addition, vowel replacement, glide formation, syncope and lexical stem alternants; the source marks are not normalized to the majority pattern.	1	1	final-accent-only
pigeon pea	khúkuɳé	-e		multiple-stress	[]	[]	[]	f_xaixm4vvvofzm	[]		230	Pigeon-pea khukuṇé also retains a root acute. Preserve multiple accent marking; no single-stress rule can be tested without resolving it.		database source citation and candidate lexemes inspected	Plain e/i must distinguish suffix addition, vowel replacement, glide formation, syncope and lexical stem alternants; the source marks are not normalized to the majority pattern.	1	2	final-plus-other-accent
pot for plant	kʌryé:	other	1	stress-marked	"[""kʌrí:""]"	[1]	"[""f_7hilkuybatbwe""]"	f_sqkpajumqn7v6	[]		231	The matched source forms were inspected. The plural ending and its accent are retained as printed; no etymology is assigned from a shared English gloss alone.		database source citation and candidate lexemes inspected	Plain e/i must distinguish suffix addition, vowel replacement, glide formation, syncope and lexical stem alternants; the source marks are not normalized to the majority pattern.	1	1	final-accent-only
pulley	gʌɽa:ré:	other	1	stress-marked	"[""gʌ́ɽa:ri""]"	[3]	"[""f_x6agjcd3wbu64""]"	f_4sylqr54vshls	[]		232	Pulley gʌ́ɽa:ri/gʌɽa:ré: shifts stress to the replacement final vowel. This differs from additive unstressed e.		database source citation and candidate lexemes inspected	Plain e/i must distinguish suffix addition, vowel replacement, glide formation, syncope and lexical stem alternants; the source marks are not normalized to the majority pattern.	1	1	final-accent-only
shovel	phyṍ:lye	-e	2	stress-marked	"[""phyṍ:li""]"	[2]	"[""f_xhb5yyttulvtc""]"	f_hu5afk3wec364	[]		233	The matched source forms were inspected. The plural ending and its accent are retained as printed; no etymology is assigned from a shared English gloss alone.		database source citation and candidate lexemes inspected	Plain e/i must distinguish suffix addition, vowel replacement, glide formation, syncope and lexical stem alternants; the source marks are not normalized to the majority pattern.	0	1	stem-accent-only
sickle	ʔóŋe	-e	2	stress-marked	"[""ʔóŋo""]"	[2]	"[""f_7d4enrh4egg4q""]"	f_hx4nmaxlpao56	[]		234	Sickle oŋo/oŋe agrees with the aṅka-derived extended tool noun; root stress remains. The precise historical extension remains distinct from the simplex hook headword. Research comparison: aṅká (100), hook; hip where children are carried; curved line, mark, sign. This links the root/lexeme, not each inflected cell directly to the old headword.	100	database source citation and candidate lexemes inspected	Plain e/i must distinguish suffix addition, vowel replacement, glide formation, syncope and lexical stem alternants; the source marks are not normalized to the majority pattern.	0	1	stem-accent-only
teak	ʤó:ʐe	-e	2	stress-marked	"[""ʤó:ʐi""]"	[2]	"[""f_e7trboxeacywg""]"	f_gs7uywiw7rhge	[]		235	The matched source forms were inspected. The plural ending and its accent are retained as printed; no etymology is assigned from a shared English gloss alone.		database source citation and candidate lexemes inspected	Plain e/i must distinguish suffix addition, vowel replacement, glide formation, syncope and lexical stem alternants; the source marks are not normalized to the majority pattern.	0	1	stem-accent-only
walnut	ʌʈʂhé:	other	1	stress-marked	"[""ʌʈʂhó:""]"	[1]	"[""f_um57nua4v4pcg""]"	f_2sp6bma47jd72	[]		236	The matched source forms were inspected. The plural ending and its accent are retained as printed; no etymology is assigned from a shared English gloss alone. Research comparison: akṣōṭa (48), walnut (or pistacio nut ?); Aleurites triloba, Croton moluccanum; a mountain-tree <smallcaps>pīlú</smallcaps>-¹. This links the root/lexeme, not each inflected cell directly to the old headword.	48	database source citation and candidate lexemes inspected	Plain e/i must distinguish suffix addition, vowel replacement, glide formation, syncope and lexical stem alternants; the source marks are not normalized to the majority pattern.	1	1	final-accent-only
water wheel	kopúe	-e	2	stress-in-vowel-sequence	"[""kopúh""]"	[1]	"[""f_yyszopqntykxo""]"	f_xrr3uggjnjyly	[]		237	Water-wheel kopuh/kopue loses final h and introduces a vowel sequence. The acute stays on u; exact syllabicity must be checked before calling it penultimate.		database source citation and candidate lexemes inspected	Plain e/i must distinguish suffix addition, vowel replacement, glide formation, syncope and lexical stem alternants; the source marks are not normalized to the majority pattern.	0	1	stem-accent-only
wheel	giryé:	other	1	stress-marked	"[""girí:""]"	[1]	"[""f_ltsu2sbtqom64""]"	f_dx27q74unfbwg	[]		238	The matched source forms were inspected. The plural ending and its accent are retained as printed; no etymology is assigned from a shared English gloss alone.		database source citation and candidate lexemes inspected	Plain e/i must distinguish suffix addition, vowel replacement, glide formation, syncope and lexical stem alternants; the source marks are not normalized to the majority pattern.	1	1	final-accent-only
yoke	nalé	-e	1	stress-marked	"[""ná:l""]"	[1]	"[""f_736mbqs2hzrxu""]"	f_stbyzrmxzvhqu	[]		239	Yoke na:l/nalé shortens the root and stresses final e. The semantic candidates yugá and upastambha do not establish a segmental origin; this remains a lexical inflectional residual.		database source citation and candidate lexemes inspected	Plain e/i must distinguish suffix addition, vowel replacement, glide formation, syncope and lexical stem alternants; the source marks are not normalized to the majority pattern.	1	1	final-accent-only
anvil	mʌ́:te	-e	2	stress-marked	"[""mʌ́:to""]"	[2]	"[""f_ipe4vz6rhoea4""]"	f_yro236uwdnbwk	[]		240	The matched source forms were inspected. The plural ending and its accent are retained as printed; no etymology is assigned from a shared English gloss alone.		database source citation and candidate lexemes inspected	Plain e/i must distinguish suffix addition, vowel replacement, glide formation, syncope and lexical stem alternants; the source marks are not normalized to the majority pattern.	0	1	stem-accent-only
artisan	ʃiŋkhʌné	-e	1	stress-marked	[]	[]	[]	f_7wifhggm3ggy4	[]		241	The matched source forms were inspected. The plural ending and its accent are retained as printed; no etymology is assigned from a shared English gloss alone.		database source citation and candidate lexemes inspected	Plain e/i must distinguish suffix addition, vowel replacement, glide formation, syncope and lexical stem alternants; the source marks are not normalized to the majority pattern.	1	1	final-accent-only
barber	ʈhʌkuréh	-eh/-eɦ	1	stress-marked	"[""ʈhʌkúr""]"	[1]	"[""f_hnbmnbmkfznda""]"	f_7du73gc342cha	[]		242	Barber thakur is a regionally circulating title/occupation word within the ṭhakkura comparison. Its accented eh is an inflectional adaptation, not a direct old-accent reflex. Research comparison: ṭhakkura (5488), idol, deity (cf. <i>ḍhakkārī</i>-),; title. This links the root/lexeme, not each inflected cell directly to the old headword.	5488	database source citation and candidate lexemes inspected	Final eh/eɦ is an independently identified suffix; compare final versus retained stem marks without defining membership by acute placement.	1	1	final-accent-only
brush	burúʃéh	-eh/-eɦ		multiple-stress	"[""burúʃ""]"	[1]	"[""f_p4eakagf7vne4""]"	f_rrd3e6zd7adcc	[]		243	Brush buruš has acute on both the stem and eh. The likely regional/English loan route cannot itself explain whether the two marks represent two prosodic domains or inconsistent notation.		exact printed passage inspected	Final eh/eɦ is an independently identified suffix; compare final versus retained stem marks without defining membership by acute placement.	1	2	final-plus-other-accent
hammer	əʈhó:réh	-eh/-eɦ		multiple-stress	"[""əʈhó:ra""]"	[2]	"[""f_z4oeirwfi5wzy""]"	f_bekmf4gzkvfts	[]	pl. (sledge	244	Hammer aṭho:ra/aṭho:reh retains the root acute and adds another on eh. The hastakūṭa-derived regional hammer family is plausible; contact and fossilized compound history remain open. Research comparison: *hastakūṭa (14028), hand hammer. This links the root/lexeme, not each inflected cell directly to the old headword.	14028	exact printed passage inspected	Final eh/eɦ is an independently identified suffix; compare final versus retained stem marks without defining membership by acute placement.	1	2	final-plus-other-accent
statue	kue	-e		unmarked	"[""ku:""]"	"[""""]"	"[""f_h4va7r7yuyotw""]"	f_jtmg5ab52v57u	[]		245	The matched source forms were inspected. The plural ending and its accent are retained as printed; no etymology is assigned from a shared English gloss alone.		database source citation and candidate lexemes inspected	Plain e/i must distinguish suffix addition, vowel replacement, glide formation, syncope and lexical stem alternants; the source marks are not normalized to the majority pattern.	0	0	unmarked
touch stone	palyé	-e	1	stress-marked	"[""páli""]"	[2]	"[""f_t5lsuelkfuxhm""]"	f_fw7qoj45ldwee	[]		246	Touchstone pali/palyé loses the final i nucleus through glide formation and adds final stress. Vowel-replacement morphology is independently visible.		database source citation and candidate lexemes inspected	Plain e/i must distinguish suffix addition, vowel replacement, glide formation, syncope and lexical stem alternants; the source marks are not normalized to the majority pattern.	1	1	final-accent-only
thread	gú:ɳe	-e	2	stress-marked	"[""gú:ɳi""]"	[2]	"[""f_ngaqfjom24en2""]"	f_zhaqjqpwrxqlu	[]		247	The matched source forms were inspected. The plural ending and its accent are retained as printed; no etymology is assigned from a shared English gloss alone. Research comparison: guṇá (4190), single thread or strand of a cord, rope; species, quality, good quality. This links the root/lexeme, not each inflected cell directly to the old headword.	4190	database source citation and candidate lexemes inspected	Plain e/i must distinguish suffix addition, vowel replacement, glide formation, syncope and lexical stem alternants; the source marks are not normalized to the majority pattern.	0	1	stem-accent-only
conveyance	ga:ɽyé:	other	1	stress-marked	"[""ga:ɽí:""]"	[1]	"[""f_7uw4slw7wjjus""]"	f_ojqiiq2odfrja	[]		248	Vehicle ga:ri is a regional gaṛī form; the plural replaces final i with stressed long e through y. It is a contact/formation case rather than a simplex old-accent test.		database source citation and candidate lexemes inspected	Plain e/i must distinguish suffix addition, vowel replacement, glide formation, syncope and lexical stem alternants; the source marks are not normalized to the majority pattern.	1	1	final-accent-only
mast (of flag etc)	ɖákye	-e	2	stress-marked	[]	[]	[]	f_3tgipfkebvjhu	[]		249	The matched source forms were inspected. The plural ending and its accent are retained as printed; no etymology is assigned from a shared English gloss alone.		database source citation and candidate lexemes inspected	Plain e/i must distinguish suffix addition, vowel replacement, glide formation, syncope and lexical stem alternants; the source marks are not normalized to the majority pattern.	0	1	stem-accent-only
whip ẽ́] pl.	ʈʂʌ̃ũẽ	other		unmarked	"[""ʈʂãũ""]"	"[""""]"	"[""f_osvjh6overlos""]"	f_bpatvztyzjpja	[]		250	Whip has nasalized vowel sequences plus leaked number markers; keep the form in the inventory but leave its nucleus interpretation unresolved.		database source citation and candidate lexemes inspected	Plain e/i must distinguish suffix addition, vowel replacement, glide formation, syncope and lexical stem alternants; the source marks are not normalized to the majority pattern.	0	0	unmarked
reason	vʌ́ʒe	-e	2	stress-marked	[]	[]	[]	f_jj3b2rtlw5bta	[]		251	The matched source forms were inspected. The plural ending and its accent are retained as printed; no etymology is assigned from a shared English gloss alone.		database source citation and candidate lexemes inspected	Plain e/i must distinguish suffix addition, vowel replacement, glide formation, syncope and lexical stem alternants; the source marks are not normalized to the majority pattern.	0	1	stem-accent-only
shame	lʌʒé	-e	1	stress-marked	"[""lʌʃ""]"	"[""""]"	"[""f_mmab245r4xc6w""]"	f_w4dwtmlxqe2vc	[]		252	Shame laś/laʒé has a voiced plural alternant and final stress, a clear residual against universal stress-preserving -e. Research comparison: lajjā (10910), shame, modesty. This links the root/lexeme, not each inflected cell directly to the old headword.	10910	database source citation and candidate lexemes inspected	Plain e/i must distinguish suffix addition, vowel replacement, glide formation, syncope and lexical stem alternants; the source marks are not normalized to the majority pattern.	1	1	final-accent-only
sorrow	hi:ʐe	-e		unmarked	"[""hi:ʂ""]"	"[""""]"	"[""f_c2uinuv47anrq""]"	f_jazxc5bwlu7qq	[]		253	The matched source forms were inspected. The plural ending and its accent are retained as printed; no etymology is assigned from a shared English gloss alone.		database source citation and candidate lexemes inspected	Plain e/i must distinguish suffix addition, vowel replacement, glide formation, syncope and lexical stem alternants; the source marks are not normalized to the majority pattern.	0	0	unmarked
temper	ró:ʐe	-e	2	stress-marked	[]	[]	[]	f_v4pqpc2xzx32u	[]		254	The matched source forms were inspected. The plural ending and its accent are retained as printed; no etymology is assigned from a shared English gloss alone.		database source citation and candidate lexemes inspected	Plain e/i must distinguish suffix addition, vowel replacement, glide formation, syncope and lexical stem alternants; the source marks are not normalized to the majority pattern.	0	1	stem-accent-only
blotting paper	syaʧú:ze	-e	2	stress-marked	"[""syaʧú:s""]"	[1]	"[""f_y42fcvz5awkwc""]"	f_kaf3izzxtcvzy	[]		255	Blotting paper is a regional compound involving ink and sucking. Its plural preserves the final component’s stem stress; do not treat it as one inherited nominal root.		database source citation and candidate lexemes inspected	Plain e/i must distinguish suffix addition, vowel replacement, glide formation, syncope and lexical stem alternants; the source marks are not normalized to the majority pattern.	0	1	stem-accent-only
ink	míle	-e	2	stress-marked	"[""mil""]"	"[""""]"	"[""f_jjjav4pp4xi5w""]"	f_rbwcmz5z7iffg	[]		256	The matched source forms were inspected. The plural ending and its accent are retained as printed; no etymology is assigned from a shared English gloss alone.		database source citation and candidate lexemes inspected	Plain e/i must distinguish suffix addition, vowel replacement, glide formation, syncope and lexical stem alternants; the source marks are not normalized to the majority pattern.	0	1	stem-accent-only
ink pot	dʌvá:te	-e	2	stress-marked	"[""dʌvá:t""]"	[1]	"[""f_7bmjyol34lw4o""]"	f_52qs2aitcepss	[]		257	The matched source forms were inspected. The plural ending and its accent are retained as printed; no etymology is assigned from a shared English gloss alone.		database source citation and candidate lexemes inspected	Plain e/i must distinguish suffix addition, vowel replacement, glide formation, syncope and lexical stem alternants; the source marks are not normalized to the majority pattern.	0	1	stem-accent-only
letter	ʤu:ʐe	-e		unmarked	"[""ʤu:ʂ""]"	"[""""]"	"[""f_qmrwzzm7wipck""]"	f_plnrieh5i64js	[]		258	The matched source forms were inspected. The plural ending and its accent are retained as printed; no etymology is assigned from a shared English gloss alone.		database source citation and candidate lexemes inspected	Plain e/i must distinguish suffix addition, vowel replacement, glide formation, syncope and lexical stem alternants; the source marks are not normalized to the majority pattern.	0	0	unmarked
lesson	sʌbʌkéh	-eh/-eɦ	1	stress-marked	"[""sʌbʌ́k""]"	[1]	"[""f_xernmq52g4wt4""]"	f_bjqrrvdbg4lkc	[]		259	The matched source forms were inspected. The plural ending and its accent are retained as printed; no etymology is assigned from a shared English gloss alone.		database source citation and candidate lexemes inspected	Final eh/eɦ is an independently identified suffix; compare final versus retained stem marks without defining membership by acute placement.	1	1	final-accent-only
line	kiʂyé	-e	1	stress-marked	"[""kiʂí""]"	[1]	"[""f_qhtpljs2etqoo""]"	f_gjb4tlk7j4yd6	[]		260	Line kiṣi/kiśyé can be compared with the independently listed kṛṣi furrow/line family. The final vowel becomes a glide and the new final e bears stress. Research comparison: kr̥ṣí (3448), ploughing. This links the root/lexeme, not each inflected cell directly to the old headword.	3448	database source citation and candidate lexemes inspected	Plain e/i must distinguish suffix addition, vowel replacement, glide formation, syncope and lexical stem alternants; the source marks are not normalized to the majority pattern.	1	1	final-accent-only
nib	nibé	-e	1	stress-marked	"[""nip""]"	"[""""]"	"[""f_fyp7pubidygde""]"	f_b7kcucxrbdgeg	[]		261	Nib nip/nibé is compatible with a recent regional/English loan and shows intervocalic voicing plus final-stressed e. Contact status is a lead, not a substitute for an inflection rule.		database source citation and candidate lexemes inspected	Plain e/i must distinguish suffix addition, vowel replacement, glide formation, syncope and lexical stem alternants; the source marks are not normalized to the majority pattern.	1	1	final-accent-only
tablet	ʈíke	-e	2	stress-marked	"[""ʈíki""]"	[2]	"[""f_7qvcrpbuzxcuo""]"	f_tz5bgfgi3hrks	[]		262	The matched source forms were inspected. The plural ending and its accent are retained as printed; no etymology is assigned from a shared English gloss alone.		database source citation and candidate lexemes inspected	Plain e/i must distinguish suffix addition, vowel replacement, glide formation, syncope and lexical stem alternants; the source marks are not normalized to the majority pattern.	0	1	stem-accent-only
boundary	bʌné	-e	1	stress-marked	"[""bʌná""]"	[1]	"[""f_2lqmsni5yfvci""]"	f_couulmgmwq352	[]		263	Boundary bana/bané has stress on the final vowel in both cells, which is vowel replacement rather than adding a new accented syllable.		database source citation and candidate lexemes inspected	Plain e/i must distinguish suffix addition, vowel replacement, glide formation, syncope and lexical stem alternants; the source marks are not normalized to the majority pattern.	1	1	final-accent-only
minister	vʌzí:re	-e	2	stress-marked	"[""vʌzí:r""]"	[1]	"[""f_aseluxatffqfw""]"	f_fhbo5wxdiwbua	[]		264	Minister vazir is a regional Perso-Arabic title and preserves stem stress before e. This contrasts with similarly borrowed stems taking stressed eh.		database source citation and candidate lexemes inspected	Plain e/i must distinguish suffix addition, vowel replacement, glide formation, syncope and lexical stem alternants; the source marks are not normalized to the majority pattern.	0	1	stem-accent-only
office	dʌftʌri	-i		unmarked	"[""dʌftʌr""]"	"[""""]"	"[""f_5k77j5lpkhhhm""]"	f_ir4aabxpcnax2	[]		265	Office daftar/daftari is unmarked; regional loan identity does not supply a missing accent.		database source citation and candidate lexemes inspected	Plain e/i must distinguish suffix addition, vowel replacement, glide formation, syncope and lexical stem alternants; the source marks are not normalized to the majority pattern.	0	0	unmarked
officer	əfsəri	-i		unmarked	"[""əfsər""]"	"[""""]"	"[""f_czhpoplavf4kc""]"	f_h42e44xq4rpjw	[]		266	Officer afsar/afsari is unmarked; do not infer stress from related regional pronunciations.		database source citation and candidate lexemes inspected	Plain e/i must distinguish suffix addition, vowel replacement, glide formation, syncope and lexical stem alternants; the source marks are not normalized to the majority pattern.	0	0	unmarked
fortress	kíle	-e	2	stress-marked	[]	[]	[]	f_l2bhtssbs2hd4	[]		267	The matched source forms were inspected. The plural ending and its accent are retained as printed; no etymology is assigned from a shared English gloss alone.		database source citation and candidate lexemes inspected	Plain e/i must distinguish suffix addition, vowel replacement, glide formation, syncope and lexical stem alternants; the source marks are not normalized to the majority pattern.	0	1	stem-accent-only
friendship	sa:tyé:	other	1	stress-marked	"[""sá:ti""]"	[2]	"[""f_xpoimifmjxhvs""]"	f_w6mkpkdgbmgjc	[]		268	Friendship sati/satye has final-vowel replacement with glide formation and final plural stress.		database source citation and candidate lexemes inspected	Plain e/i must distinguish suffix addition, vowel replacement, glide formation, syncope and lexical stem alternants; the source marks are not normalized to the majority pattern.	1	1	final-accent-only
gun powder	ʃoré:	other	1	stress-marked	"[""ʃorá:h""]"	[1]	"[""f_l5vcdljqag3jw""]"	f_dtteq5ipkvclo	[]		269	Gunpowder śorah/śore has loss of final h and vowel replacement. Its regional nitrate/chemical-name history is distinct from a simple inherited noun.		database source citation and candidate lexemes inspected	Plain e/i must distinguish suffix addition, vowel replacement, glide formation, syncope and lexical stem alternants; the source marks are not normalized to the majority pattern.	1	1	final-accent-only
prisoner	qaidyé:	other	1	stress-in-vowel-sequence	"[""qɛdí:""]"	[1]	"[""f_b43qvmvurpera""]"	f_ja7y32mvviav6	[]		270	Prisoner qaidi/qaidye involves a regional loan stem and vowel sequence. Final accent is present, but conservative syllabification remains unresolved.		database source citation and candidate lexemes inspected	Plain e/i must distinguish suffix addition, vowel replacement, glide formation, syncope and lexical stem alternants; the source marks are not normalized to the majority pattern.	1	1	final-accent-only
shield	phʌ́lie	-e	3	stress-in-vowel-sequence	[]	[]	[]	f_zxe3iynzagb7m	[]		271	Shield phalie has adjacent vowels; the khēṭa comparison is not sufficiently constrained here.		database source citation and candidate lexemes inspected	Plain e/i must distinguish suffix addition, vowel replacement, glide formation, syncope and lexical stem alternants; the source marks are not normalized to the majority pattern.	0	1	stem-accent-only
wrestling	sʌlʌméh	-eh/-eɦ	1	stress-marked	"[""sʌlá:m""]"	[1]	"[""f_2ast624w3h6oi""]"	f_wkn5eslh4pdli	[]		272	The matched source forms were inspected. The plural ending and its accent are retained as printed; no etymology is assigned from a shared English gloss alone.		database source citation and candidate lexemes inspected	Final eh/eɦ is an independently identified suffix; compare final versus retained stem marks without defining membership by acute placement.	1	1	final-accent-only
debt	u:ʐe	-e		unmarked	"[""u:ʂ""]"	"[""""]"	"[""f_4o7t26wgovbjy""]"	f_l3ah5bow3c3kc	[]		273	Debt u:ṣ/u:ʐe is unmarked and shows voicing. The generic debt comparators duḥkha and dhana are not accepted from meaning alone.		database source citation and candidate lexemes inspected	Plain e/i must distinguish suffix addition, vowel replacement, glide formation, syncope and lexical stem alternants; the source marks are not normalized to the majority pattern.	0	0	unmarked
debtor	uʂya:réh	-eh/-eɦ	1	stress-marked	"[""uʂyá:r""]"	[1]	"[""f_alniy476jmpro""]"	f_aof32rubbbmye	[]		274	Debtor uṣ-yar is visibly related to the debt noun through a suffix. The plural eh bears final stress; the inherited source of the debt root remains open.		database source citation and candidate lexemes inspected	Final eh/eɦ is an independently identified suffix; compare final versus retained stem marks without defining membership by acute placement.	1	1	final-accent-only
language	bá:ʃe	-e	2	stress-marked	"[""bá:ʃ""]"	[1]	"[""f_ppydrnpiscxni""]"	f_zyaftnwg3ky22	[]		275	The matched source forms were inspected. The plural ending and its accent are retained as printed; no etymology is assigned from a shared English gloss alone. Research comparison: bhāṣā (9479), speech. This links the root/lexeme, not each inflected cell directly to the old headword.	9479	database source citation and candidate lexemes inspected	Plain e/i must distinguish suffix addition, vowel replacement, glide formation, syncope and lexical stem alternants; the source marks are not normalized to the majority pattern.	0	1	stem-accent-only
message	bó:de	-e	2	stress-marked	"[""bo:t""]"	"[""""]"	"[""f_a5hdmspl7ckku""]"	f_6xplh5xrq6r3e	[]		276	Message bo:t/bó:de has an unmarked monosyllabic SG and explicitly root-stressed PL with voicing. The SG omission is not evidence for accent shift.		database source citation and candidate lexemes inspected	Plain e/i must distinguish suffix addition, vowel replacement, glide formation, syncope and lexical stem alternants; the source marks are not normalized to the majority pattern.	0	1	stem-accent-only
protest	ʔózure	-e	3	stress-marked	"[""ʔózur""]"	[2]	"[""f_qgfxfuuqmtihm""]"	f_cebcuimrbgads	[]		277	The matched source forms were inspected. The plural ending and its accent are retained as printed; no etymology is assigned from a shared English gloss alone.		database source citation and candidate lexemes inspected	Plain e/i must distinguish suffix addition, vowel replacement, glide formation, syncope and lexical stem alternants; the source marks are not normalized to the majority pattern.	0	1	stem-accent-only
alter	diʃe	-e		unmarked	"[""kurba:nthé:nekdiʃ""]"	[3]	"[""f_c5lyahufkrxvi""]"	f_tlqm4g3iahd5m	[]		278	Altar is represented by a descriptive phrase containing diś place, whereas the plural candidate is just diśe. These are not matched whole-word cells.		database source citation and candidate lexemes inspected	Plain e/i must distinguish suffix addition, vowel replacement, glide formation, syncope and lexical stem alternants; the source marks are not normalized to the majority pattern.	0	0	unmarked
ghost; giant	yʌʈʂé:	other	1	stress-marked	"[""yʌʂ""]"	"[""""]"	"[""f_zzmgiasgyj2js""]"	f_woonwlwrii4so	[]		279	Ghost/giant yaṣ/yaṭṣe agrees with yakṣa, retaining/reintroducing the affricate in the plural; final long e bears stress. The extended plural differs from the bare old stem. Research comparison: yakṣá (10395), a supernatural being. This links the root/lexeme, not each inflected cell directly to the old headword.	10395	database source citation and candidate lexemes inspected	Plain e/i must distinguish suffix addition, vowel replacement, glide formation, syncope and lexical stem alternants; the source marks are not normalized to the majority pattern.	1	1	final-accent-only
hermitage	ʧilé:	other	1	stress-marked	"[""ʧilá:""]"	[1]	"[""f_6g3wqcrc5fxno""]"	f_zjt2vzf5jcwgm	[]		280	Hermitage chila/chile is a regional religious term with final vowel replacement; contact history is more plausible than an arbitrary ancient synonym.		database source citation and candidate lexemes inspected	Plain e/i must distinguish suffix addition, vowel replacement, glide formation, syncope and lexical stem alternants; the source marks are not normalized to the majority pattern.	1	1	final-accent-only
nun	ʧomé:	other	1	stress-marked	"[""ʧomó:""]"	[1]	"[""f_5r4xjp7t2z32u""]"	f_v2wj6bjb7x45e	[]		281	Nun chomo/chome has the shape of a regional Tibetan religious title; final-vowel replacement preserves the final stress domain. Treat contact origin as a lead pending a primary lexicon.		database source citation and candidate lexemes inspected	Plain e/i must distinguish suffix addition, vowel replacement, glide formation, syncope and lexical stem alternants; the source marks are not normalized to the majority pattern.	1	1	final-accent-only
ball	ʈhóke	-e	2	stress-marked	"[""ʈhóki""]"	[2]	"[""f_tuy5oxaamaais""]"	f_tjfmsoeboqdie	[]		282	The matched source forms were inspected. The plural ending and its accent are retained as printed; no etymology is assigned from a shared English gloss alone.		database source citation and candidate lexemes inspected	Plain e/i must distinguish suffix addition, vowel replacement, glide formation, syncope and lexical stem alternants; the source marks are not normalized to the majority pattern.	0	1	stem-accent-only
doll	ʦuké:e	-e	2	stress-marked	[]	[]	[]	f_5p77o4jrqwl3k	[]		283	The matched source forms were inspected. The plural ending and its accent are retained as printed; no etymology is assigned from a shared English gloss alone.		database source citation and candidate lexemes inspected	Plain e/i must distinguish suffix addition, vowel replacement, glide formation, syncope and lexical stem alternants; the source marks are not normalized to the majority pattern.	0	1	stem-accent-only
music	dáɳye	-e	2	stress-marked	"[""dáɳi""]"	[2]	"[""f_2xea655h7oylm""]"	f_4qjqiloeuwc6q	[]		284	The matched source forms were inspected. The plural ending and its accent are retained as printed; no etymology is assigned from a shared English gloss alone.		database source citation and candidate lexemes inspected	Plain e/i must distinguish suffix addition, vowel replacement, glide formation, syncope and lexical stem alternants; the source marks are not normalized to the majority pattern.	0	1	stem-accent-only
player	dópe:	other	2	stress-marked	"[""dópa:""]"	[2]	"[""f_obnavygpm4ksm""]"	f_nmqxnryb4mfkk	[]		285	Player dopa/dope has initial stress before a long final vowel in both cells. Final-vowel length does not automatically attract accent.		database source citation and candidate lexemes inspected	Plain e/i must distinguish suffix addition, vowel replacement, glide formation, syncope and lexical stem alternants; the source marks are not normalized to the majority pattern.	0	1	stem-accent-only
tempo	ʃóŋe	-e	2	stress-marked	"[""ʃóŋo""]"	[2]	"[""f_ujfw22u4mvrra""]"	f_n4iuepllfmc7e	[]		286	The matched source forms were inspected. The plural ending and its accent are retained as printed; no etymology is assigned from a shared English gloss alone.		database source citation and candidate lexemes inspected	Plain e/i must distinguish suffix addition, vowel replacement, glide formation, syncope and lexical stem alternants; the source marks are not normalized to the majority pattern.	0	1	stem-accent-only
