entry_id	family_id	concept	reconstruction	c1	v1	v1_quantity	c2	c2_structure	v2	structure	grammatical_category	boundary_evidence	input_support	input_confidence	direction_argument	derivation	exception_notes	confidence	references	eligibility	mechanism	review_status	review_date
d63	d63	hide, subdue, be compressed	*aṭ-a-nk- / *aṭ-a-nkk-	Ø	a	short	ṭ	singleton	a	VC-a-NP / VC-a-NPP	verb	Nasal intransitive versus stronger transitive formations recur independently in Tamil, Kannada, Telugu and the reconstruction.	Tamil aṭaŋku/aṭakku, Kannada aḍaŋgu/aḍaku and Telugu aḍãgu/aḍacu independently support the uncontracted low-vowel formative. K03 p.107 reconstructs these derivatives at Proto-South Dravidian level; PDr labels in CLDF are not precise historical levels.	high	The shared vowel-initial aṭ/aḍ order in SD I and aṛ- in Kurux–Malto, including the same stop/nasal formative contrasts, favors older *aṭ-aŋ- over an initial *ḍā- followed by multiple independent vowel insertions.	*aṭ-aŋ- > *aḍ-aŋ- > *ḍāŋ- > Telugu ḍā̃gu/dā̃gu; independently *aṭ-aŋkk- > *ḍāŋc- > ḍā̃cu/dā̃cu. Literal *ḍaaŋ- contraction and assimilation/stress-induced V1 loss are competing implementations; the Telugu nasal-loss and initial ḍ>d are subsequent developments.	Telugu retains aḍagu/aḍãgu “submit” and aḍacu “suppress” beside displaced “hide” forms: a real within-family semantic/formation split, not proof of a phonological exceptionless class. Kui also retains āṛpa/āṭpa. Kolami and Naikri are diagnosed as early Telugu loans by K03 p.107; aspiration in Naikri needs a recipient history. Tulu aḍeŋgɯ : ḍeŋgɯ/deŋguni is compatible with local aphaeresis, not independently the Telugu contraction. d80 shares compressed/piled semantics and homophonous Toda/Kannada evidence; sensitivity analysis should collapse d63+d80 without asserting that DEDR erred.	high	K03 pp.107,162; PSS83 pp.229,233; K61 pp.51–54; DEDR 63	core	Target initial-order comparison; literal exchange, assimilation and syncope distinguished in the derivation and language notes	reviewed	2026-09-09
d72	d72	foot, base	*aṭ-V; regional *aṭ-Vk-	Ø	a	short	ṭ	singleton	unknown	VC-V(k)	noun	*-Vk expansion contrasts regionally with bare *aṭ-V; independent of metathesis outcome.	Tamil aṭi, Kannada aḍi and Telugu aḍugu support *aṭ- and different vowel/consonant formatives. K03-derived CLDF reconstructions explicitly leave V unspecified.	medium	Initial vowel preceding the apical occurs in SD I and Gondi–Konda, supporting V–C order without using Telugu as the sole conservative witness.	*aṭ-Vk- > *aḍ-Vg- > Telugu aḍugu; Konda aḍgi shows medial-vowel loss without movement. Tamil/Kannada *aṭ-i gives aṭi/aḍi; they are not the identical -Vk derivative.	The independent suffix-vowel quality is not securely recovered: do not use Telugu u alone to prove a historical high-vowel class. Gadaba aḍugu is explicitly marked a Telugu loan. The Indo-Aryan heel forms attached to this family are contact comparisons, not votes for a Dravidian proto-vowel.	medium	DEDR 72; K03 reconstruction records in Jambu	core	Target initial-order comparison; literal exchange, assimilation and syncope distinguished in the derivation and language notes	reviewed	2026-09-09
d77	d77	pound, beat	*aṭ-V-; *aṭ-aŋ- / *aṭ-Vmp- derivatives	Ø	a	short	ṭ	singleton	unknown	VC-V-NP and other formations	verb	plausible formative boundary; not independently dated	Tamil aṭu/aṭi/aṭar and Kannada aḍi/aḍar establish short a and postvocalic retroflex; Telugu aḍucu and aḍupu retain that ordering. Kui ḍāmba and Kuvi ḍamb- support a labial nasal formative but do not independently establish Telugu *-aŋ-.	medium	Independent SD I vowel-initial forms plus Parji/Gadaba aṭ(t)- support earlier V–ṭ; deriving them all by vowel insertion before Proto-*ḍa- is poorly motivated.	Possible *aṭ-aŋ- > *aḍ-aŋ- > *ḍāŋ- > ḍaŋgu > daŋgu, with shortening before NP; alternatively a consonantal formative produces short vowel directly. Transitive ḍancu/dancu and dampu have distinct extensions. Konda ḍaŋ-/ḍak-/ḍas- shows related displaced stems; exact shared suffixes require reconstruction.	Kui ā in ḍāmba supports investigating an early long vowel but is not an attested intermediate of Telugu ŋg. The Telugu non-displaced beat/fight forms must not be dropped. Tulu darpuni could reflect *aḍar- with aphaeresis, but the local vowel/stop history does not uniquely identify a literal swap. Kota ayṛ-/aṛc- is a distinct glide alternation.	medium	K61 pp.53–54; PSS83 comparison of pound; DEDR 77	core	Target initial-order comparison; literal exchange, assimilation and syncope distinguished in the derivation and language notes	reviewed	2026-09-09
d78	d78	be fit, be able	*aṭ-u-; Telugu *aṭ-ar- formation	Ø	a	short	ṭ	singleton	unknown	VC-V / VC-VC	verb	Derivative status of Telugu -ar- plausible from cross-language comparison; bare ability stems do not independently test the formative-conditioned rule.	Tamil aṭu, Malayalam aṭukka, Kannada aḍavu, Konda aṭ-, Pengo/Manda aḍ- support vowel-initial root. Telugu aḍaru has a different extension from the bare ability root.	medium	Vowel-first root occurs in SD I, SD II and Malto, so the comparison supplies a broadly supported retained order.	*aṭ-V- > aḍ-/aṭ- in daughter languages; Telugu *aḍ-ar- > aḍaru. Kui/Kuvi āḍ- lengthens while retaining V–C; this is not metathesis.	A short-versus-long ability root alternation exists in Kuvi dialect/source records. Its quantity cannot be labeled concealed displacement because the apical remains postvocalic. Exact reconstruction of Telugu -ar- and whether it is productive morphology remain open.	medium	DEDR 78	core-formation-uncertain	Target initial-order comparison; literal exchange, assimilation and syncope distinguished in the derivation and language notes	reviewed	2026-09-09
d79	d79	approach, join, near	*aṭ-ay-; *aṭ-ar- and *aṭ-Vk- extensions	Ø	a	short	ṭ	singleton	a	VC-ay / other derivatives	verb/noun	The -ay- formation is supported by Tamil aṭai and Kannada aḍe; additional -ar/-Vk formations kept separate.	Tamil aṭai and Kannada aḍe support *aṭ-ay- independently; Tamil/Kannada aṭu/aḍar and aḍapu show distinct extensions. Long and short Telugu outcomes cannot all be assigned one suffix.	high	SD I aṭ/aḍ-initial bases and Malto aṭg- preserve V–apical ordering; Telugu ḍā- and Kui ṛā- are innovations under the cognacy hypothesis.	*aṭ-ay- > *aḍ-ay- > *ḍāy- > Telugu ḍāyu/dāyu; *aṭ-Vk- may yield *ḍak(k)- > ḍaggaṟa/daggaṟa, but the exact suffix and strengthening history are unresolved. Kui *aḍ-a-NC > ṛānja requires local ṭ/ṛ correspondence and is a separate derivation.	Telugu aḍaru “arise” retains order; a derived -k- nearness noun differs from the -ay- approach verb. Kuvi dagira/daggire/ḍagre resembles the Telugu extended nearness word and may be a loan; independently proving that donor history is necessary before counting an inherited Kuvi innovation. Kui retains aḍa/aṭpa beside ṛānja etc. No semantic label is used as an automatic phonological condition.	medium	K61 vowel-initial cases pp.51–57; DEDR 79	core	Target initial-order comparison; literal exchange, assimilation and syncope distinguished in the derivation and language notes	reviewed	2026-09-09
d80	d80	pile, arrange in tiers	*aṭ-uk(k)- / *aṭ-aŋk-	Ø	a	short	ṭ	singleton	u	VC-u-PP	verb/noun	-uk(k) formation corroborated across Tamil/Malayalam/Telugu; root singleton is before the formative vowel.	Tamil aṭukku, Malayalam aṭukkuka, Telugu aḍuku independently support high u in a pile formation; Kannada aḍuku/aḍaku and Kodagu aḍak-/aḍaŋg- show vowel and transitivity variants.	high	All attested branches keep the root vowel before the apical. The medial cluster in Nilgiri forms is a syncope outcome, not initial apical movement.	*aṭ-ukk- > Tamil aṭukku; *aḍ-uk- > Telugu aḍuku; *aḍ-Vk- > Kota aṛk-/Toda oṛk-. No displacement is required for any reviewed reflex.	This is a retained high-formative counterpart to displaced high-formative cases elsewhere: vowel height alone does not decide application. The etymon overlaps d63 in Toda oṛk- “subdue, pile” and Kannada packing vocabulary. Report both strict DEDR counts and a conservative collapse with d63; do not count the same Toda token twice as independent root evidence.	medium	DEDR 80; compare DEDR 63	core	Target initial-order comparison; literal exchange, assimilation and syncope distinguished in the derivation and language notes	reviewed	2026-09-09
d81	d81	ask, beg	*aṭ-uk-?; wider root *aṭ-/aḷ- uncertain	Ø	a	short	ṭ	singleton	u	VC-u-C	verb	plausible formative boundary; not independently dated	Telugu aḍugu and Parji aḍ-/aḍi support older vowel–apical order; Tamil aḷavu has a lateral and Tulu naṭṭu adds n and gemination. The precise PDr reconstruction is less secure than its starred CLDF display suggests.	low	Vowel-first Telugu and Parji agree, while Kui jāpa is analyzed in DEDR as an innovative reflex with a special ṭ : j correspondence. The disparate Tamil/Tulu roots prevent simply assuming all strings are regular descendants of one fully specified stem.	Telugu *aḍ-ug- > aḍugu retains order. Under DEDR cognacy, Kui *aṭ-a-p- > *ṭāp- > jāp- is a possible displacement derivation, requiring a low formative distinct from Telugu u and independent support for ṭ>j.	DEDR cites Burrow and Bhattacharya, IIJ 5:122 for ṭ : Kui j; that primary argument has not yet been obtained. The Kui history remains tentative, not a secure success in a quantitative sound-law test. Tamil lateral and Tulu n require either separate changes, morphological analysis, or revised cognacy.	low	DEDR 81, citing Burrow and Bhattacharya IIJ 5:122; Starostin via Merriam record 86	cognacy-or-input-uncertain	Target initial-order comparison; literal exchange, assimilation and syncope distinguished in the derivation and language notes	reviewed	2026-09-09
d86	d86	anvil, support	*aṭ-ay(-kal)	Ø	a	short	ṭ	singleton	a	VC-ay + noun compound	noun	Support + stone composition independently visible in Tamil, Malayalam, Kannada and Telugu.	Tamil aṭai “support” and aṭai-kal “anvil”, Malayalam aṭa-kkallu and Kannada aḍe-gal/aḍa-gallu establish the support-stone compound independently of Telugu.	high	Vowel-first support nouns in three southern languages and Kota aṛ gal favor original *aṭay; Telugu initial ḍā is an innovation in the first compound member.	*aṭ-ay-kal > *aḍ-ay-kal > *ḍāy-kal > ḍā-kallu / ḍā-kali > dākali; dāyi can reflect the uncompounded first member. Intermediate y loss and changes of the stone component are separate from displacement.	This compound shows that a morphological boundary after the eligible first member need not block displacement. It does not license moving arbitrary consonants across a compound boundary. The detailed kali/gali/kallu variation needs suffix/compound history; it is not a free phonological substitution. No independent SCDr non-Telugu attestation is in this set.	medium	DEDR 86; K61 vowel-initial displacement pp.51–57	core	Target initial-order comparison; literal exchange, assimilation and syncope distinguished in the derivation and language notes	reviewed	2026-09-09
d202	d202	pipal tree	*ar-a- (extensions *-c, *-ḷ, *-y and Telugu -v/-g)	Ø	a	short	r	singleton	a	VC-a-C	noun	plausible formative boundary; not independently dated	Tamil aracu/arai, Malayalam aracu/arayāl and Kannada arase/araḷi support initial ar-a- and several lexical extensions. K03 p.10 lists *ar-ac/-aḷ; those are not literal ancestors of Telugu rāvi.	high	Several SD I languages retain ar- and show internal suffix variation. The parsimonious directional comparison is ar-a- > rā-, but it does not independently reconstruct the final Telugu consonant.	*ar-a-... > *rā-... > rāvi/rāgi, with the -v/-g material unexplained by displacement itself. A specific *ar-avi or *ar-agi intermediate would be a fitted reconstruction and is not asserted.	Kannada rāvi is explicitly borrowed from Telugu. Kolami ra·vi and Konda rāyi maran could reflect contact with Telugu tree terminology; no independent chronology establishes separate innovations. Tamil arai already has a reduced extension, so later truncation is possible but does not explain all v/g/y correspondences.	medium	K03 p.10; DEDR 202	core	Target initial-order comparison; literal exchange, assimilation and syncope distinguished in the derivation and language notes	reviewed	2026-09-09
d221	d221	rare, difficult	*ar-u(-t)- / *ar-i(-t)-	Ø	a	short	r	singleton	u/i	VC-high-C	adjective/noun	Adjectival *-t- corroborated in Malayalam arutu and Telugu/Kannada arudu; not inferred from desired outcome.	Tamil aru/ariya, Malayalam arutu/ariya and Kannada arudu/aridu independently support a short ar- base with high-vowel extensions. Telugu arudu/aridi preserves both qualities.	high	All reviewed languages place a before r; there is no evidence for earlier initial r followed by inserted a.	*ar-u-tu > arudu in Telugu/Kannada, beside *ar-i- formations; Kota arg-/Toda arx- show ordinary loss of a medial high vowel. No displacement is required.	The bare root may be free, but the -t- nominal/adjectival formation is independently comparable and supplies a retained formative-bearing control. Tamil long āri etc. are root-quantity variants, not inferred metathesis stages. Kota “cry out in pain” appears as a separate lexicographic sense and is not used to reconstruct this family.	medium	DEDR 221	core	Target initial-order comparison; literal exchange, assimilation and syncope distinguished in the derivation and language notes	reviewed	2026-09-09
d228	d228	rub, grind, smear	*ar-ay-; additional *ar-a-C formations	Ø	a	short	r	singleton	a	VC-ay / VC-a-C	verb/noun	plausible formative boundary; not independently dated	Tamil arai, Malayalam arayuka and Kannada are/arayisu establish the ar-ay type independently. Telugu ṟ/r doublets need historical rhotic checking; their existence does not overturn the cross-language V–rhotic ordering.	high	The wide SD I ar- comparison and Gondi aṛs make vowel-first order preferable; Telugu rā- and several SCDr r-initial formations are innovative. The initial vowel cannot be restored merely from a hypothesized ban on initial r.	*ar-ay- > *rāy- > Telugu rāyu; strengthened/transitive derivatives give rācu/ṟācu and rāpu/ṟāpu. Different rē-/re- formations in Konda, Kui and Pengo require a vowel or suffix history beyond simple a+a contraction. Kui rāk-p- > rāpka illustrates separate stop metathesis after the initial displacement.	Telugu fragment nouns aravuḍu/aṟavaṟalu preserve order; ragulu/ravulu “kindle” have short a and semantic drift, so no unique long-to-short derivation is assumed. Kuvi mlekʰ'nai lacks a convincing segmental path from ar- and remains a questionable member. Gondi Koya rāy may be influenced by Telugu; Kolami rāk is a loan candidate. Malayalam rākuka beside irāvuka could arise by local aphaeresis plus v/k derivational variation. Neither southern nor central initial r automatically demonstrates shared inheritance.	medium	DEDR 228; PSS83 pp.246–248 on independent southern aphaeresis	core	Target initial-order comparison; literal exchange, assimilation and syncope distinguished in the derivation and language notes	reviewed	2026-09-09
d229	d229	half	*ar-ay	Ø	a	short	r	singleton	a	VC-ay; free nominal base	noun/adjective	The historical separability of -ay is unproved; retain as a root-shape control instead of forcing the core classification.	Tamil arai, Kannada are, Telugu ara/aṟa and Naiki ar establish V–r ordering and the ay/a/e regional vowel correspondences.	high	The same ordering is widespread within SD I and retained in Telugu and Naiki. Nothing requires either a prior displacement or reinsertion.	*aray > Tamil arai, Kannada/Tulu are, Malayalam/Telugu ara; Kota/Toda/Naiki ar lose the final vowel. These changes do not relocate the rhotic.	This is a useful contrast to *ar-ay “grind”, but historical identity of the formative -ay is not proven: half may be a lexical free base, whereas grind enters verbal derivation. The distinction cannot be manufactured after noticing opposite outcomes. Telugu ṟ/r is recorded but its chronology remains unestablished.	medium	DEDR 229	free-base-control	Target initial-order comparison; literal exchange, assimilation and syncope distinguished in the derivation and language notes	reviewed	2026-09-09
d233	d233	fall, drop	*ar-; Telugu *ar-al-? and regional high-vowel derivatives	Ø	a	short	r	singleton	unknown	VC-VC / VC-V	verb	-al in Telugu is recoverable conditionally from the older Tamil comparison, not independently from current DEDR descendants.	Gondi ar, Konda ar/arap and Pengo ar- support the vowel-first root. The -al required by Telugu rālu is not independently preserved in this current DEDR set; K61 p.56 compares Tamil aṟ-al, outside the present grouping.	medium	Regional ar- stems independently favor earlier V–r order. Telugu rāl- has an added lateral formation; the Koya rāl loan cannot be counted as independent support for its antiquity.	If the older -al comparison is accepted, *ar-al- > *rāl- > Telugu rālu, with causative rāl-p-/rāl-c-. Pengo ar- : rat- suggests displacement in a derived causative. Kuvi rī- and Manda re- cannot be predicted from *ar-al; their formations and vowel histories remain separate.	Gondi rāl is explicitly labeled from Telugu. Kolami/Naikri rāl- forms are probable contact comparanda but have not been independently dated. K61 source comparison must be checked before *ar-al is treated as a secure low-vowel input. A shared abstract “fall” meaning does not make every derivative identical.	medium	K61 p.56; PSS83 p.233; DEDR 233	core-formation-uncertain	Target initial-order comparison; literal exchange, assimilation and syncope distinguished in the derivation and language notes	reviewed	2026-09-09
d236	d236	suffer, tire	*al-a- and *al-a-NC- formations	Ø	a	short	l	singleton	a	VC-a-(NC)	verb/noun	-ay and nasal extensions are independently attested; lampaṭa segmentation remains unresolved.	Tamil alai/alaŋku, Malayalam alayuka/alaŋŋuka, Telugu alayu/alãgu independently supply short al-a- and extended stems. The CLDF negative *al “be not” is not evidence for this lexical family.	medium	SD I, Telugu, Kolami and Parji agree on initial al-; r/l-initial variants need their own histories rather than a uniform reconstructed initial liquid.	Retained *al-a-y > Telugu alayu and *al-aŋ- > alãgu. Telugu lampaṭa and Kannada lampaṭe admit initial-vowel loss or contact-related restructuring; their exact earlier compound is unknown. Kui laha may reflect loss/reordering from al-a-, but short a and h are not fully explained.	DEDR explicitly separates Sanskrit-derived Telugu lampaṭũḍu from the trouble noun and tentatively proposes Dravidian > Sanskrit borrowing for lampaṭa. This can involve export and reborrowing, not a simple one-way loan label. Kurux layā- vs algā requires separate suffix and vowel analysis. A bogus Malto alaŋku row is actually the opening of DEDR editorial prose about Tamil; only Malto alesi is lexical evidence. DEDR warns that d236 “suffer” and d240 “move” have converged semantically; separate roots remain the primary partition, with a collapsed sensitivity analysis.	medium	DEDR 236 and preserved editorial comparison; PSS83 pp.246–248	core	Target initial-order comparison; literal exchange, assimilation and syncope distinguished in the derivation and language notes	reviewed	2026-09-09
d237	d237	blade, tip	*al-ak- / *al-uk-	Ø	a	short	l	singleton	a/u	VC-V-C	noun	plausible formative boundary; not independently dated	Tamil/Malayalam alaku and Kannada alagu/alugu establish vowel-first lateral and an extended stem; Telugu alũgu has nasalization and high medial u.	medium	All witnesses retain a before l. Vowel change and nasalization in Telugu are not evidence that earlier metathesis has occurred.	*al-ak- > alaku/alagu, beside *al-uk- > alugu and Telugu alũgu; no apical relocation. The origin of nasalization needs source or derivative evidence.	Root/formative segmentation is plausible but not established by a corresponding bare *al “blade”. Keep exact V2 classification variable, not a chosen vowel tailored to expected length. The root is phonologically eligible if that segmentation is accepted; retention itself does not establish non-eligibility.	medium	DEDR 237	core-formation-uncertain	Target initial-order comparison; literal exchange, assimilation and syncope distinguished in the derivation and language notes	reviewed	2026-09-09
d240	d240	move, shake, wave	*al-ay-; *al-aŋ- / *al-uk- extensions	Ø	a	short	l	singleton	a	VC-ay / VC-a-NC	verb/noun	-ay and -aŋ/-uk formations independently visible in SD I; exact Pengo/Irula formations unknown.	Tamil alai/alaŋku, Malayalam alayuka/alaŋŋuka and Kannada ale/alagu supply medial l and low formative independently; Telugu ala and allāḍu preserve the order.	high	The shared vowel-first SD I/Telugu base plus Kurux alr- favors original al-. Kui lāng- is a derived innovative outcome, not a reason to reverse the reconstructed comparison.	*al-aŋ- > *lāŋ- > Kui lānga; its causative lāk-p- > lāpka requires separate stop-cluster metathesis. Telugu allāḍu can be analyzed as a reinforced/reduplicated formation associated with “move” and must not be reduced to an imaginary initial *lā-. Pengo lem- and Irula le·- require a separate vowel and derivative history.	Tulu landuni/landele may show independent aphaeresis in a wanderer derivative; no shared SCDr event follows. Pengo e and Irula e· cannot be generated by simple a+a contraction without another change. Malayalam alaŋŋ-/anaŋŋ- is l/n assimilation/variation, not vowel–liquid displacement. DEDR treats this root as originally distinct from d236 but acknowledges semantic convergence.	medium	DEDR 240; DEDR 236 editorial note	core	Target initial-order comparison; literal exchange, assimilation and syncope distinguished in the derivation and language notes	reviewed	2026-09-09
d61	d61	shoot, discharge	regional *aṭ-a- (Te -r-, Tu -k-)	Ø	a	short	ṭ	singleton	a	VC-a-C	verb	Different final extensions support segmentation only provisionally.	Tulu aḍakuni and Telugu aḍarucu/aḍarincu agree in aḍa-, with different final extensions. The database PSTDr reconstruction rests on only this two-language comparison.	low	Both comparative members are vowel-initial; no independent displaced member motivates an earlier alternative order.	*aṭ-a-r- > aḍarucu in Telugu; *aṭ-a-k- > aḍakuni in Tulu, conditionally on cognacy. No vowel/apical exchange is necessary.	A low second vowel is directly shared, but the narrow distribution and final r:k mismatch limit the reconstruction level. The contrast is retained as a narrow comparison, not elevated to secure PDr evidence.	medium	DEDR 61	narrow-comparison-control	Target initial-order comparison; literal exchange, assimilation and syncope distinguished in the derivation and language notes	reviewed	2026-09-09
d64	d64+d88	betel pouch	*aṭ-a-ppay / *aṭay-ppay	Ø	a	short	ṭ	singleton	a	VC-a(y) + pp-ay	noun	Areca + bag comparison is explicit in DEDR 88; probable cultural diffusion is not independently dated.	Tamil aṭappam/aṭaippam, Malayalam aṭappam and Kannada aḍapa support aṭ-a-pp-. DEDR 88 supplies Tamil aṭaippai and explicitly cross-refers to this pouch family.	high	All daughter forms retain the vowel before ṭ/ḍ. Optional h in Kannada, Tulu and Telugu does not reverse the vowel/apical sequence.	*aṭay-ppay (areca + bag) > aṭappam/aṭaippam and aḍapa-mu, with compounding and nominal-final alternation. The exact relation of pp-ay to -ppam needs separate morphology; no metathesis is needed.	Count together with d88, since the pouch is an areca compound and d88 actually repeats its Tamil form and Telugu derivatives. h-prothesis may mark regional transmission, but is not alone proof of a particular loan direction. This cultural vocabulary supplies an attested retention comparison with uncertain inheritance chronology.	medium	DEDR 64,88; K03 reconstruction in CLDF	compound-contact-control	Target initial-order comparison; literal exchange, assimilation and syncope distinguished in the derivation and language notes	reviewed	2026-09-09
d75	d75	earthen pot	*aṭ-V-k-? / *aṭ-V-	Ø	a	short	ṭ	singleton	unknown	VC-V-C / VC-C	noun	plausible formative boundary; not independently dated	Kannada aḍigera, Telugu aṭika and Gondi aṛka/aṭkā suggest *aṭ-Vk-. Tulu aḍḍyara and Kurux aṛī have different extensions; reconstruction of one fully specified word is unwarranted.	medium	SD I, Telugu, Gondi and Kurux agree on V–apical ordering, independently supporting a vowel-initial base.	*aṭ-ik- > aṭika is compatible with Telugu, but i is not securely common to all extensions; *aṭ-Vk- > Gondi aṛka/aṭkā illustrates medial syncope. No initial displacement.	Tulu gemination and the final r/k correspondence require formation-level history. Gondi Chanda adka and aṛka include broken editorial gloss fragments; use the securely glossed dialect rows for semantics. Pot terminology could diffuse, so inheritance at PDr level remains provisional.	medium	DEDR 75	core-formation-uncertain	Target initial-order comparison; literal exchange, assimilation and syncope distinguished in the derivation and language notes	reviewed	2026-09-09
d76	d76	cook, burn; pancake	*aṭ-u- / *aṭ-; strengthened *aṭṭ-u noun	Ø	a	short	ṭ	singleton	u	VC-u; VC-CV; derivatives and compounds	verb/noun	Root singleton versus tense/noun gemination is independently supported by Tamil and Kannada paradigms; compounds not treated as independent roots.	Tamil aṭu (aṭuv-, aṭṭ-), Malayalam aṭuka and Kannada aḍu (aṭṭ-) support singleton *aṭ- and high-vowel verb formations independently of the geminate food noun *aṭṭu displayed at the DEDR head.	high	Both southern and south-central languages have vowel-initial roots, including Kui aṭa and Kuvi aṭ. An initial ṭ reconstruction would require unmotivated widespread prothesis.	*aṭ-u- > retained cooking verbs; tense/noun strengthening yields aṭṭ- and Telugu aṭṭu. Telugu aḍugaṇṭu retains the singleton in a compound. Kui aṭa and Konda aṭk- retain order in heat/burn formations.	The pancake head is not the only reconstructed input of this etymon. Counting all members as geminate-root exclusions would discard eligible singleton derivatives. Conversely the geminate pancake alone does not test movement of a singleton. Telugu aḍasāla contains a separate kitchen component and may be regionally transmitted. Badaga aṭra/attara hot variants require local cluster/epenthesis history, not the initial metathesis examined here; nāgaṭṭte plant name has uncertain linkage.	medium	DEDR 76; K03 pancake reconstruction in CLDF	core	Target initial-order comparison; literal exchange, assimilation and syncope distinguished in the derivation and language notes	reviewed	2026-09-09
d83	d83	close, obstruct, transverse	*aṭ-ay- beside *aṭṭ-a- / *aṭṭ-i-	Ø	a	short	ṭ	singleton-and-geminate-formations	a	VC-ay and VCC-V	verb/noun/adjective	Singleton -ay verbal root and strengthened crosswise noun supported across SD I; root-family relation plausible but not a license to erase stem distinctions.	Tamil aṭai and Malayalam aṭayuka support singleton *aṭ-ay, while Tamil aṭṭam, Kannada aḍḍa and Telugu aḍḍamu independently support a strengthened transverse/obstruction formation. Both must be represented.	high	Numerous SD I and SD II forms retain initial a. Initial ḍ in Kui ḍākoli could be displaced, but the word is not segmentally identical to the native simple closing stems and needs independent history.	Retained *aṭay > Tamil aṭai / Tulu aḍe-vuni; strengthened *aṭṭa > Telugu aḍḍa(mu). Telugu aḍucu-konu retains the singleton in a derived construction. Hypothetical *aṭ-a-k... > *ḍāk... for Kui shield remains unverified.	Do not classify the entire etymon as a geminate blocker from Telugu aḍḍa alone. Kui aḍa is explicitly said to be from Oriya; ḍākoli shield could be inherited, compounded or borrowed, with no independently recovered complete input. Brahui āṛ and Malto aṛatre have explicit IA doubts. The broad IA obstruction series is contact evidence, not extra independent Dravidian controls. Kuvi kīnai is an extracted light verb, not a standalone cognate of aṭ-.	medium	DEDR 83	mixed-input-formations	Target initial-order comparison; literal exchange, assimilation and syncope distinguished in the derivation and language notes	reviewed	2026-09-09
d84	d84	collect, crowd, increase	*aṭ-ay- / *aṭ-ar-; strengthened *aṭṭ-	Ø	a	short	ṭ	singleton	a	VC-ay / VC-ar / VCC	verb/noun	plausible formative boundary; not independently dated	Tamil aṭai/aṭar, Kannada aḍe/aḍar and Telugu aḍaru establish short a, singleton apical and low vowel extensions. These are independent of the strengthened pile nouns.	high	SD I, Telugu, Konda aḍar and Pengo aḍer all put a before the apical; no reversal is required.	*aṭ-ar- > aḍaru in Telugu and aḍar in Kannada/Konda. *aṭ-ay- > aṭai/aḍe; strengthened *aṭṭ- appears in pile nouns. Pengo e after the apical is a local vowel development without displacement.	Telugu eṭṭam differs in V1, and aṭṭaḍi/aṭṭava have strengthened compound-like shapes: these are not examples of initial displacement. The root is semantically close to pile d80 and approach d79; audit an alternative broad family collapse rather than treating semantic similarity as proof of one root.	medium	DEDR 84	core	Target initial-order comparison; literal exchange, assimilation and syncope distinguished in the derivation and language notes	reviewed	2026-09-09
d88	d64+d88	areca nut and its implements	*aṭ-ay-kkāy; *aṭay + tool/bag	Ø	a	short	ṭ	singleton	a	VC-ay + compound noun	noun	Fruit, bag and tool components compared independently; root is shared with d64.	Tamil aṭaikkāy, Malayalam aṭakka/aṭekka and Kannada aḍake support the areca + fruit compound; Kannada aḍa and tool compounds support a reduced first member independently.	high	Vowel-first ordering is supported by several SD I languages. Koraga initial ḍ can arise by loss of initial a in a locally contracted areca word, without importing a Telugu history.	*aṭay-kkāy > aṭaikkāy / aḍake, then in Tappu Koraga *aḍakke > ḍakke by aphaeresis and local compound reduction. Telugu aḍa-katti etc. retain the first member; aḍḍa-kattera has additional strengthening.	Koraga preserves short a after the initial stop and a following geminate, so this is compatible with straightforward aphaeresis; a literal vowel/stop exchange is not demonstrated. Telugu has tools/bag attendants, not the identical inherited fruit noun; contact among areca-using communities remains plausible. Kannada Areca catecʰu is a botanical Latin fragment misparsed as a Kannada form and is excluded. Count d64+d88 once as the areca/bag family.	medium	DEDR 88,64; K03 SD I areca reconstruction	compound-contact-control	Target initial-order comparison; literal exchange, assimilation and syncope distinguished in the derivation and language notes	reviewed	2026-09-09
d89	d89	sign, token	regional *aṭay-āḷ-am? (internal analysis uncertain)	Ø	a	short	ṭ	singleton	a	VCay-VVCV(m)	noun	Opaque internal segmentation; no outcome-based boundary is invented.	Tamil aṭaiyāḷam, Malayalam aṭayāḷam and Kannada aḍayāḷa agree in a long word; Telugu has aḍiyālamu. The inherited morpheme structure is not independently established.	low	All comparison languages have a before the apical. The Toda source explicitly compares Tamil, so Toda is not an independent proto-stage witness.	Regional aṭayāḷam > aḍayāḷa / aḍiyālamu is a plausible transmission/adaptation series; exact vowel, lateral and direction of loans need separate evidence. No displacement is required.	Do not use the starred database PSTDr string as proof of ancient inheritance. This word may have spread after the sound change or contain an ineligible boundary. Neither explanation is established by its retained outcome, so it remains outside the decisive inherited denominator.	medium	DEDR 89; Emeneau 1984 p.10 via Toda record	compound-contact-control	Target initial-order comparison; literal exchange, assimilation and syncope distinguished in the derivation and language notes	reviewed	2026-09-09
d109	d109	thirst, hunger	*aṭ/ẓ/ṇṭ-? plus Telugu *-p(p)- formation	Ø	a	short	uncertain-apical	singleton/geminate/nasal-cluster-uncertain	unknown	VC(-C) plus P formation	noun/verb	Telugu -pp- is a possible formative, not independently recovered from the compared stems.	Kannada nīr-aṛ̆ke/nīr-aḍike, Kolami aḍḍ-, Naikri aḍ and Parji/Gadaba anḍ suggest a vowel-initial apical base, but disagree on apical identity and pre-apical nasal/gemination. Starostin marks the reconstruction questionable.	low	All non-Telugu comparanda favor a before an apical; Telugu ḍappi could be displaced if the comparison is correct. Their divergent consonants prevent a unique detailed proto-form.	Conditional *aḍ-p- > *ḍa-pp- > ḍappi > dappi, with formative strengthening, is compatible with the short vowel. An older nasal or *ẓ requires different consonant developments. No *aḍa- input is inserted just to predict ā and then explain it away.	This is evidence for investigating displacement, but not a secure geminate exception or proof of a low-vowel shortening rule. Kannada aṛ̆ is a distinct historical apical, while Parji/Gadaba have a nasal. Etymon d277 also contains ḍappi in the sense distress/perishing: evaluate lexical conflation and possible semantic overlap. A primary source paradigm for thirst dayyu and an early dated ḍappi would help separate analyses.	low	DEDR 109; compare DEDR 277	cognacy-or-input-uncertain	Target initial-order comparison; literal exchange, assimilation and syncope distinguished in the derivation and language notes	reviewed	2026-09-09
d201	d201	king, royalty	Sanskrit *rājan- > regional *(a)rāca- / araca-	r	ā	long	j	singleton	a	CVVCVC donor; prothetic recipient form	noun	Sanskrit nominal stem and recipient nominal/compound morphology.	DEDR explicitly derives the family from Sanskrit rājan-. K03 pp.476–477 independently identifies Tamil aracan and Kannada arasu as early adapted loans with prothetic a. Toda source explicitly says Kannada/Sanskrit borrowing.	high	Comparative direction is donor r-initial > recipient ar-initial, not Proto-Dravidian ar- > r-. Modern initial a in several Dravidian languages therefore does not establish inherited a-r ordering.	Sanskrit rājan- > regional *arāca- > araca(n)/arasu/arusu, with prothesis, quantity adaptation, intervocalic consonant adaptation and recipient endings. Intermediate recipient steps are schematic; a single shared borrowing episode is not established.	The PSTDr starred database head is a regional comparison, not evidence that this is inherited PDr. Telugu rāju elsewhere is not automatically a metathesized doublet of arusu: separate Sanskrit loan strata must be tested. DEDR cites a 2nd-century Śātavāhana coin form arahaṇasha, but identifies its language as unknown and only presumably South Dravidian; it cannot securely date specifically Telugu metathesis.	high	DEDR 201 editorial note; K03 pp.476–478; Sircar 1961 EI 35:247–252 cited by DEDR (not independently checked)	loan-input-control	Prothesis and loan adaptation, not inherited apical displacement	reviewed	2026-09-09
d205	d205	banana, plantain	regional *ar-Vṇṭṭi; independent earlier form uncertain	Ø	a	short	r	singleton	unknown	VC-V-NPPV	noun	Botanical stem segmentation opaque.	Telugu araṭi/araṇṭi/arãṭi and anaṇṭi/anãṭi/aṇṭi provide internal variation. The only non-Telugu evidence, Gondi arṭi, is explicitly marked borrowed from Telugu; K03 labels the reconstruction SD II, but the current set does not independently justify a shared proto-stage.	low	Telugu variants favor an older r-containing local stem, but no independent inherited cognate establishes exact early segment order or V2. The Gondi loan reproduces recipient syncope after borrowing.	Within the local family araṇṭi > arãṭi/araṭi is compatible with nasal weakening/loss; araṇṭi > anaṇṭi suggests regressive nasal assimilation; reduction gives aṇṭi. Relative order of these reductions is not uniquely recoverable.	No initial *rā- reflex occurs, and the loss of r in aṇṭi does not require concealed metathesis. Treat as a single-language reconstruction problem, not an independently reconstructed unchanged success. The Kittel-only variants may preserve valuable dialect history; independent historical spellings could decide the r/n chronology.	medium	DEDR 205; K03 SD II reconstruction in CLDF	single-language-input-uncertain	Nasal assimilation, nasal loss and stem reduction; no displacement demonstrated	reviewed	2026-09-09
d207	d207	interlace, spread as a creeper	*ar-il- / *ar-al-?	Ø	a	short	r	singleton	i/a	VC-VC	verb/noun	Final lateral may be a formative, but independent morphological status is unknown.	Tamil aril and Telugu aralu independently provide initial ar- plus a later lateral. Telugu allu and Salur Gadaba all lack the rhotic. Tamil i versus Telugu a prevents recovering one exact medial vowel.	medium	The rhotic-bearing Tamil and Telugu forms favor an earlier ar-V-l sequence; rhotic assimilation after medial syncope produces ll more economically than a vowel–rhotic swap followed by reinsertion of initial a.	*ar-V-l- > *ar-l- > *al-l- > Telugu allu, Gadaba all, conditional on cognacy. Telugu aralu retains the longer formation. This orders vowel loss before rl assimilation, but does not independently date either.	The lexeme may be related to weaving d260; evaluate a merged family sensitivity because allu occurs in both with closely related senses. The r-bearing witnesses prevent automatically treating every all- as original geminate l. Whether Gadaba borrowed Telugu allu rather than inherited the assimilation remains open.	medium	DEDR 207; compare DEDR 260	core-formation-uncertain	Medial syncope and rhotic–lateral assimilation; not initial displacement	reviewed	2026-09-09
d216	d216	tax, debt, pay	*ar-i tax; *ar-VC and strengthened derivatives uncertain	Ø	a	short	r	singleton	i	VC-i; VC-VC; VCCV	noun/verb	plausible formative boundary; not independently dated	Tamil ari and Telugu ari agree in the tax noun; Telugu aruvu supplies another rhotic formation. The relationship of Kannada/Telugu accu and Telugu appu to these nouns is not a regular consequence of metathesis.	low	Vowel-first ari is independently supported, but it does not alone reconstruct the entire debt series. A hypothetical *ar-pp > appu requires assimilation and a separately motivated formative, not initial-r movement.	*ari > retained tax noun. Conditional *ar-pp- > *app- > appu and *ar-cc- > *acc- > accu invoke regressive assimilation or loss of the rhotic after suffix combination. Their exact formative origins are unresolved. No initial *rV- stage is necessary.	DEDR cross-refers to d223 arukku take, snatch, demand; that may explain the payment verb semantically, but must be reviewed before a single derivation is accepted. Tamil appu and Kuvi aruvu/aṛvū are explicit Telugu loans. They do not independently corroborate a common *ar-pp stage.	medium	DEDR 216 and cross-reference to 223	cognacy-or-input-uncertain	Possible suffix-triggered cluster assimilation, not evidence for apical displacement	reviewed	2026-09-09
d222	d222	approach, near, edge	*ar-u-k- / *ar-u-v- and high-vowel variants	Ø	a	short	r	singleton	u/i	VC-high-C	verb/noun	Bare aru and parallel -k/-v extensions support root/formative distinction without recourse to outcomes.	Tamil aruku/aruvu, Malayalam ariku/aruvu and Kannada arugu/arigu independently show short ar- and high-vowel extensions; Telugu arugu and aṟu/aṟuta have rhotic spelling variation.	high	Multiple southern languages place the root vowel before r. Telugu agrees; no displacement or restoration of an earlier displaced form is demanded.	*ar-uk- > aruku/arugu; *ar-uv- > aruvu; short base *ar-u > aṟu and related locative/adverbial extensions. Telugu arudencu contains additional come/go morphology rather than a reversed root.	Kannada aragu has a low-vowel variant, and Gondi araluk is a more extended close/follow expression; neither can be used to assign the same historical V2 to all forms. Kurux arbar-parbar is a paired/echo expression with uncertain exact cognacy. Telugu ṟ/r history needs early spellings, but both preserve vowel-first order.	medium	DEDR 222; DEN1 p.400, entry185	core	Target initial-order comparison; literal exchange, assimilation and syncope distinguished in the derivation and language notes	reviewed	2026-09-09
d227	d227	grace, favor, affection	*ar-uḷ- (internal boundary uncertain)	Ø	a	short	r	singleton	u	VCVC root/extension	noun/verb	Historical separability of -uḷ is unproved.	Tamil aruḷ, Malayalam aruḷ and Telugu arulu independently support the two-liquid stem, with Telugu merger of retroflex lateral. Kota arḷ has medial vowel loss.	high	The ordering ar-u-ḷ is common to the southern and Telugu evidence; Kota syncope supports loss of the medial vowel rather than a shift of the rhotic to the start.	*aruḷ > Telugu arulu, with ḷ>l; *aruḷ > Kota arḷ by syncope. Neither change requires metathesis. Date and direction of possible religious vocabulary transmission are unknown.	The source compares d381 ārvam and tentatively d203 araṇa; neither proves a productive -uḷ formative. Treat this as an eligible root-shape comparison with uncertain morphological status, not an invented free-root exception. Affection and divine utterance differ semantically but have ordinary potential links through favor/command.	medium	DEDR 227	core-formation-uncertain	Target initial-order comparison; literal exchange, assimilation and syncope distinguished in the derivation and language notes	reviewed	2026-09-09
d232	d232	gain, enjoyment, good luck	*ar-b-? / *ar-V-b-?	Ø	a	short	r	cluster-or-syncopated-unknown	unknown	VC-C / VC-V-C	verb/noun	plausible formative boundary; not independently dated	Kota and Toda arb have r before b; Telugu abbu and Kuvi abbinai have a geminate b and compatible enjoyment/prosperity semantics. The shared Nilgiri form is not independent evidence for a particular lost vowel.	low	If cognate, arb > abb by assimilation is preferable to reconstructing initial r and then losing it while restoring a. The current evidence does not determine whether rb was original or produced by syncope.	*ar(V)b- > *arb- > abb- > Telugu abbu, conditionally on cognacy. Kuvi abb- may share assimilation or be influenced by Telugu. No initial apical displacement is needed.	The reconstructed boundary and vowels are unknown; label this a probable competing mechanism, not a regular retained liquid outcome. Nilgiri extreme happiness versus Telugu acquire/Kuvi prosper is semantically plausible but not proof. An uncontracted matching derivative outside Nilgiri or early Kuvi evidence would strengthen the comparison.	medium	DEDR 232	cognacy-or-input-uncertain	Probable rb assimilation, with syncope optional and cognacy provisional	reviewed	2026-09-09
d244	d244	weeds, leguminous plants	regional *al-a/u-b/m- (medial nasal uncertain)	Ø	a	short	l	singleton	a/u	VC-V-C	noun	No secure independent formative boundary; reconstructed nasal cluster is only a hypothesis.	Kannada alabu/alubu and Telugu alamu agree on vowel-first al-, but b:m and a:u variation do not uniquely support the full starred *alamb- supplied in CLDF. Gondi allam is explicitly a Telugu loan.	low	The two non-identical comparison stems both preserve a before l. There is no displaced form from which an earlier reversed order can be independently inferred.	A regional *al-Vmb- could yield Kannada alabu and Telugu alamu by different cluster reductions, but neither the nasal cluster nor a common V2 is securely attested. No metathesis is required.	Botanical identifications and semantic breadth need primary lexicographic checking. The Kannada Latin genus record Alysicarpus is a parsing artifact. This narrow comparison is useful for recording uncertainty, not for proving a PDr unchanged control.	medium	DEDR 244	narrow-comparison-control	Target initial-order comparison; literal exchange, assimilation and syncope distinguished in the derivation and language notes	reviewed	2026-09-09
d245	d245	chatter, roar, noise	*al-a- with *-r/ṟ, *-mp and other extensions	Ø	a	short	l	singleton	a	VC-a-C	verb/noun	Distinct -pp/-mp/-ṟ verbal extensions independently compared; Telugu suffixes are not forced into the same shape.	Tamil alappu/alampu/alaṟu, Malayalam alappu/alaṟuka and Old Kannada alaṟu support a low-vowel initial al-a- base independently. Telugu has different alikiḍi/alabalamu formations.	high	Independent southern arousal/noise stems support a before l; Irula lā·ru is plausibly an innovative initial-loss/contraction outcome of the roaring derivative.	*al-aṟ- > alaṟu in Tamil/Old Kannada; possible *alaṟ- > *lāṟ- > Irula lā·ru. This could involve vowel coalescence with apical displacement or aphaeresis and compensatory lengthening. Telugu alikiḍi has a high-vowel extension not identical to the roaring stem.	Do not group by expressive meaning to exempt words from sound change: the morphological and segmental inputs still need reconstruction. Malayalam aḷavan boaster is explicitly an alternative comparison with measure d296, so retroflex ḷ is not silently regularized to l. Irula length and donor/native status require a local source history before counting a shared SCDr innovation.	medium	DEDR 245; compare DEDR 296	core	Target initial-order comparison; literal exchange, assimilation and syncope distinguished in the derivation and language notes	reviewed	2026-09-09
d246	d246	wash, rinse, smear	*al-ay- / *al-a-mp- / *al-a-k(k)-; *al-uk-	Ø	a	short	l	singleton	a/u	VC-V-C	verb/noun	-ay, -mp, -kk and -k extensions have independent southern evidence; no single suffix is assigned to all.	Tamil alaicu/alampu, Malayalam alakkuka/alampuka and Kannada ale/alambu independently support vowel-first al- and low-vowel formations. Kannada alumbu and Telugu aluku supply high-vowel variants.	high	Southern cognates favor earlier initial al-. Tulu lumbuni can be derived directly from the attested alumbuni by aphaeresis; Kui akali requires a different account of k and l positions.	*al-amp- > retained alamp-/alamb-; *al-ump- > Tulu alumbuni > lumbuni by initial a loss. Telugu alãdu and aluku have separate consonantal extensions. Conditional *al-akk- > *ak-al- > Kui akali would be nonadjacent consonant transposition, but the exact input/formation is not independently established.	Tulu retains u after l and a nasal cluster, so an initial vowel/stop exchange is unnecessary. Kui akali is genuinely printed in a Kui vocabulary, with akali-pakali and light-verb constructions; it is not merely a Jambu typo. The existence of that noun does not prove its DEDR etymology. Toda as̱p- lacks l and may involve a local lateral-plus-stop development; its exact history must be checked separately.	medium	DEDR 246; Winfield 1929, A Vocabulary of the Kui Language, p.3; NBU handle 123456789/1942 (title and entry visually checked)	core	Retentions plus independent aphaeresis; possible other consonant metathesis in Kui	reviewed	2026-09-09
d247	d247	blossom, expand, flower	*al-ar- (two distinct liquids)	Ø	a	short	l	singleton	a	VC-VC with L...R	verb/noun	Whether -ar is a separable formative is unresolved; the consonant order is directly comparable.	Tamil alar, Malayalam alar and Telugu alaru support older l...r order, independently of Kannada/Tulu variants. Kannada retains alar beside aral/araḷ, so both orders occur within one language.	high	Concordant l...r in Tamil, Malayalam and Telugu plus retained Kannada alar favors *alar > aral, not *aral as the uniform family input. There is no evidence that the initial vowel has moved.	*alar > Kannada/Tulu aral by nonadjacent consonant metathesis; *aral > araḷ by a separate lateral change. Kannada alal may instead reflect r-to-l assimilation. Kannada arlu involves medial syncope, plausibly after the r...l ordering had developed.	This is a real comparative metathesis candidate outside Telugu, but a different process from initial apical promotion. R in the main outcome matrix means the target initial V–apical order remains; an orthogonal process annotation records the l/r exchange. DEDR tentatively relates beauty d248, which must be collapsed in a conservative family sensitivity. Marathi araḷ/arala is a contact comparison, not an independent Dravidian language vote.	high	DEDR 247 and editorial cross-references to DEDR 248 and Marathi	core	Nonadjacent l...r > r...l metathesis in Kannada/Tulu; no initial-vowel displacement	reviewed	2026-09-09
d248	d248	beauty, please, shine	*al-ar-? beside *al-amp-?	Ø	a	short	l	singleton	a	VC-a-C; different extensions	noun/verb	plausible formative boundary; not independently dated	Tamil alari and Telugu alarincu/alarāru support al-ar; Kannada alampu has a different labial/nasal extension and lampu lacks initial a.	medium	Vowel-first ordering is supported by the Tamil/Telugu comparison and by Kannada alampu itself. The lampu variant is therefore an innovation, without requiring a displaced shared proto-root.	Kannada alampu > lampu by aphaeresis gives the attested short a directly. Telugu alarāru is an extended shine/suit verb retaining initial al-; its internal long vowel is not evidence of initial metathesis.	DEDR tentatively cross-refers to blossom d247; the overlapping shine/rejoice semantics suggest a derivative relationship, but do not prove it. Treat root-family merging as a sensitivity test. Kannada -mp versus -r needs a derivative or cognacy account independent of aphaeresis.	medium	DEDR 248,247	core-formation-uncertain	Local Kannada aphaeresis, not proof of SCDr vowel–apical metathesis	reviewed	2026-09-09
d249	d249	habit, become accustomed	Telugu ala-vaḍ-/ala-vaṟ-; earlier independent base unknown	Ø	a	short	l	singleton	a	VCV + verbal element	verb/noun	Local compound/derivative segmentation plausible, proto-stage not independently recovered.	Telugu ala-vaḍu, ala-vaṟucu and ala-vāṭu show local derivative alternation. The Tamil alavāṭṭu is explicitly borrowed from Telugu, so it supplies no independent earlier input.	low	The current evidence gives only a local vowel-first stem, not a comparative proof of a Proto-South-Central *ala-. The database starred PSD2 root overstates what this isolated group can establish.	Telugu ala-vaḍu : ala-vaṟucu : ala-vāṭu exhibits verb/causative/nominal morphology. No initial consonant movement is observed; chronology and origin of the first component are unknown.	This cannot become a secure retained sound-law counterexample merely because it looks like ala-. Conversely, absence of independent cognates does not prove it entered Telugu too late for the sound change. A dated early compound and independently cognate first member would resolve eligibility.	medium	DEDR 249	single-language-input-uncertain	Target initial-order comparison; literal exchange, assimilation and syncope distinguished in the derivation and language notes	reviewed	2026-09-09
d259	d259+d260	bowstring	*al-k-?; weaving-family formation	Ø	a	short	l	singleton	Ø	VC-C	noun	Consonantal -k may be an instrument/product formative; relationship to weaving supported by semantics and source cross-reference.	Parji alka and Telugu alle/alliya support al- plus a possible consonantal extension; DEDR explicitly cross-refers to weave d260.	medium	Both languages keep the initial vowel. If the forms are cognate, lk > ll accounts for Telugu without moving l across the vowel.	*al-k- > alka in Parji; *alk- > *all- > alle/alliya in Telugu with progressive cluster assimilation and nominal-final development. A stem without *k plus distinct formations is also possible.	Count together with weave d260 in the conservative main family partition; the bowstring is a plausible woven-product noun, not automatically a separate root. The absence of an attested Telugu k-bearing precursor keeps the assimilation route conditional.	medium	DEDR 259,260	consonantal-formation-control	Possible progressive cluster assimilation; no initial apical displacement	reviewed	2026-09-09
d260	d259+d260	weave, plait, intertwine	*al- with consonantal *-p/-t and strengthened *all-	Ø	a	short	l	singleton-and-geminate-formations	Ø	VC-C / VC and VCC derivatives	verb/noun	Consonantal p/t and tense allomorphs independently documented in Konda, Kui and Kolami; geminate southern stems are kept distinct.	Kolami al-, Konda al-/aṛ-, Kui alpa and Kuvi al- support a singleton lateral root and consonantal extensions. Tamil/Kannada/Telugu allu is a strengthened formation, not proof that the entire proto-root was geminate.	high	SD I, SD II and Central Dravidian agree on an initial vowel before the lateral. There is no evidence that the root began l- and acquired a independently in every branch.	*al-p- > Konda/ Kui alpa; *al-t- gives relevant tense/extended clusters; strengthened *all- > Telugu/Tamil/Kannada allu. Konda al- : aṭ-/aṇ- reflects separately conditioned tense allomorphy. None requires initial movement.	Five forms assigned Gondi in the corpus are actually under the Konda heading in DEDR p.25; research corrections are ID-specific and preserve original labels. The only genuine Gondi form is Koya all-. Brahui allī has an explicit source question mark and cannot prove inherited North Dravidian cognacy. Bowstring d259 is conservatively one root family; creeper d207 is a further uncertain relationship, with r-bearing evidence that could indicate a different earlier root.	medium	DEDR 260 p.25 and 259; original DSAL p.25 directly inspected	consonantal-formation-control	Target initial-order comparison; literal exchange, assimilation and syncope distinguished in the derivation and language notes	reviewed	2026-09-09
d276	d276	burn, grieve, ember	*aẓ-al- / *aẓ-Vŋk-; possible older *c/t-initial cognate	Ø	a	short	ẓ	singleton	a/u	VC-VC / VC-V-NC	verb/noun	Low -al and high -uŋk independently distinguished; Konda/Kuvi extensions are not assigned an invented vowel to fit their outputs.	Tamil aṛ̆al and Malayalam aṛ̆aluka support *aẓ-al independently; Tamil aṛ̆uŋku supports a different high-vowel nasal extension. Old Kannada aṛ̆v and Tulu arluni corroborate the vowel-first root. The database head **aẓVnkV is not the sole reconstructed formation.	high	The southern comparison favors V–ẓ order for the regional input. DEDR tentatively connects initial t-bearing fire vocabulary d3115: that would place earlier initial-consonant loss before the regional vowel-initial stage, but is not established by this set alone.	*aẓ-al > Telugu aḍalu/aḍaru with ẓ>ḍ and final-liquid variation, without initial displacement. Kannada aẓ-kaj > akkaja illustrates cluster assimilation. Conditional *aẓ-V-mp > *ẓV̄mp > Konda ṛīmbu would require an independently justified high-vowel history; the modern ī is not sufficient to reconstruct that history.	Konda ember and Kuvi blaze/light forms begin ṛī-, compatible with displacement but with unexplained vowel quality and different extensions. Gondi eṛki/eṛk explicitly carries DEDR’s warning that its vowel is difficult. Kota arl fever has an alternative d214 comparison. Tamil aṭalai and Kannada aḍalu/aṛ̆al are source-marked Telugu loans. Kurux aŋgnā may lose ẓ in a medial cluster; it is not evidence of initial relocation.	medium	DEDR 276 and its comments on d214,281,3115	core	Target initial-order comparison; literal exchange, assimilation and syncope distinguished in the derivation and language notes	reviewed	2026-09-09
d277	d277	perish, destroy	*aẓ-i-; transitive *aẓ-i-mpp- and *aẓ-i-ntt-	Ø	a	short	ẓ	singleton	i	VC-i-NPP / VC-i-	verb/noun	Tamil tense and transitivity morphology independently supports i plus labial versus dental strong extensions; K03 reconstructs nasal precursors.	Tamil aṛ̆i with transitive -pp-/-tt-, Malayalam aṛ̆iyuka/aṛ̆ikka and Kannada aṛ̆i/aṛ̆ipu independently support high i and vowel-first ẓ. K03 p.195 explicitly derives Telugu destruction forms from non-past *aẓ-i-mpp and past *aẓ-i-ntt.	high	SD I and Gondi vowel-first stems, together with retained Telugu aṛ̆isina/aṛ̆ipuṭa, favor earlier aẓi-. Inscriptional Telugu ṛ̆accu has initial ẓ while still preserving its identity: displacement need not wait until ẓ has become ḍ.	K03: *aẓ-i-ntt > *aẓ-i-cc > inscriptional ẓaccu; *aẓ-i-mpp > *ẓapp- > Telugu ḍappi. Palatalization after i must precede deletion of its conditioning vowel under this account. Initial ẓ>ḍ follows displacement in the labial formation; the inscriptional palatal formation directly attests the otherwise hidden initial-ẓ stage. These are related tense/voice formations, not two independent sound-change events.	Sastri 1969 pp.310–311, inscription38 (dated there 890 CE), has displaced ḻassi line14 and retained aḻisina lines20–21, aḻiputa line35 in one text, but different grammatical formations: coexistence is not identical-context free variation. Earlier inscription16 (pp.291–292, dated 670–680) has ḻaccina; DHARMA00026 distinguishes this reading from older editorial ḍaccina. ṛ̆assi and ḍappi are displaced, but ḍakkā has a different extension and remains uncertain. Parji/Gadaba killing forms have an explicit alternative d309. Homophonous thirst ḍappi d109 must not be merged solely by spelling.	high	K03 pp.194–195; DEDR 277; Sastri 1969 pp.291–292 inscription16, pp.310–311 inscription38, p.350 index; https://dharmalekha.info/texts/INSTelugu00026	core	Target initial-order comparison; literal exchange, assimilation and syncope distinguished in the derivation and language notes	reviewed	2026-09-09
d281	d281	affection, desire	*aẓ-i-; *aẓ(i)-k-ar- and *aẓ-ti formations	Ø	a	short	ẓ	singleton	i	VC-i-C / VC-C	noun/verb	i-stem and consonantal extensions independently attested; exact historical age of -kar unknown.	Malayalam aṛ̆ivu and Kannada aṛ̆ipu independently support vowel-first *aẓi; Kannada aṛ̆kaṟ beside akkaṟe directly supplies the relevant medial-cluster comparison.	high	Kannada preserves both ẓk and kk, favoring assimilation after medial syncope. Telugu akkaṟa remains vowel-initial, so its missing ẓ does not require an earlier initial promotion.	*aẓi-kar > *aẓkar > akkar gives Telugu akkaṟa and Kannada akkaṟe with regressive assimilation ẓk>kk. *aẓ-ti > arti retains the rhotic-order reflex in another formation; remaining suffix vowels vary independently.	DEDR tentatively relates burn/grieve d276, so root independence needs a sensitivity collapse. Tulu arti has an alternative long-root d381 comparison. Toda arkyn and Kota akm have different final morphology; their exact full derivations are less secure than the initial-order diagnosis.	medium	DEDR 281 and cross-references d276,381	core	Medial syncope and regressive consonant assimilation, not initial apical displacement	reviewed	2026-09-09
d282	d282	cry, weep, call	*aẓ-u- / *aẓ-ay-; regional vowel history unresolved	Ø	a	short	ẓ	singleton	u/a	VC-V / VC-V-C	verb/noun	u/ay and causative formations independently attested; exact formative vowels for short Pengo and long Kui stems not forced.	Tamil aṛ̆u/aṛ̆ai, Malayalam aṛ̆uka, Kannada aṛ̆u and Gondi–Konda aṛ- independently establish vowel-first apical and at least u/ay formations. PSS83 pp.14–15 compares *aẓ-u; the database Starostin *jeẓ head is an alternative analysis, not adopted as a given.	high	Agreement of SD I, Gondi–Konda, Central Dravidian and retained Pengo aṛ- favors earlier V–ẓ. Kui/Kuvi/Manda initial ṛ are innovative under this cognacy, but their ī needs a regional vowel explanation. Pengo causatives supply a within-language original/displaced contrast.	Retained *aẓ-u > Telugu ēḍu- requires vowel fronting/lengthening before or alongside ẓ>ḍ; ēḍucu has an incorporated past palatal according to K03 p.193. Pengo aṛ-/aṛba versus ṛat/ṛatpa shows apical displacement in causative formations; a possible *aẓ-a-t > ṛat route remains conditional. Kui/Kuvi/Manda *aẓV > ṛī is directionally plausible, but a uniquely supported sequence yielding ī is not yet available.	Telugu long ē does not mean metathesis: the apical is still after the vowel. Pengo ṛatpa is a source correction of earlier aratpa, which would reverse its outcome classification if not followed. Tulu leppuni/leppu/lāvu may involve local aphaeresis/contraction or another root; DEN1 corrects lāvu for earlier levu. Badaga aḷu/avu/au exemplifies lateral lenition/loss. Gondi R Epic aḍusānā could reflect contact and is not needed to establish native retention.	medium	DEDR 282; DEN1 1972 p.400 entry 240; PSS83 pp.14–15; K03 p.193	core	Target initial-order comparison; literal exchange, assimilation and syncope distinguished in the derivation and language notes	reviewed	2026-09-09
d285	d285	dip, press, immerse	*aẓ-unt- / *aẓ-utt-	Ø	a	short	ẓ	singleton	u	VC-u-NP / VC-u-PP	verb/noun	u plus dental intransitive/transitive extensions independently paired in Tamil/Malayalam.	Tamil aṛ̆untu/aṛ̆uttu and Malayalam aṛ̆untuka/aṛ̆uttuka independently support high u and transitivity-related dental extensions. Kannada aṛ̆du beside addu preserves an intermediate medial cluster.	high	Southern high-vowel stems and retained Kannada ẓd provide a direct route to Telugu dd by medial syncope and assimilation. No language in the reviewed set requires initial apical movement.	*aẓ-unt/utt > *aẓd > addu in Telugu/Kannada; Kannada ajju and Kota aj require an additional local palatal-cluster development. Tulu arduni retains a rhotic-plus-stop cluster. The details of dental voicing/strengthening are conditional, but initial-vowel deletion is unnecessary.	DEDR’s possible link to long-root d396 āẓ could change the remote root quantity; retain that as a sensitivity issue rather than assign long input from an uncertain cross-reference. Gadaba addap blot closely resembles Telugu addu and could be a loan; donor evidence is not explicit, so do not count it as independent phonological confirmation.	medium	DEDR 285 and tentative cross-reference 396	core	Medial syncope and cluster assimilation; independent palatal outcomes	reviewed	2026-09-09
d295	d291+d295	measure, size	*aḷ-a-; *aḷ-a-p/-v and dental extensions	Ø	a	short	ḷ	singleton	a	VC-a-C	verb/noun	Low a and labial/dental derivative alternations corroborated independently in SD I.	Tamil aḷa/aḷavu/aḷappu, Kannada aḷe/aḷavu and Kodagu aḷa independently support low a and postvocalic lateral. Telugu alavi supplies a retained related measure noun.	high	SD I and retained Telugu alavi support earlier *aḷav rather than initial *lāv with repeated prothesis. Kui/Kuvi/Pengo initial apical forms are therefore innovations under the shared measurement comparison.	*aḷ-av > *ḷāv > lāvu in Telugu, with separate ḷ>l. Related palatal extensions give Kuvi/Pengo lāc and Kui ḍās/ḍāc, requiring local lateral-to-stop correspondence. Tulu aḷapuni > lappuni is compatible with aphaeresis and strengthening; K03 p.117 explicitly groups its short-vowel counterpart under aphaeresis.	Telugu alavi and lāvu are not independent roots. Tulu short lapp- should not be equated uncritically with Telugu long lāv-. Manda lēc has unexplained e, so quantity/quality tests exclude it pending a supported vowel history. Badaga ādu measured has an explicitly cited archaic aldu precursor, evidence for lateral loss plus contraction/lengthening, not promotion. Toda’s Q in the DEDR digital tense string is a transcription issue; retain raw data and use independent Toda citation for order.	high	DEDR 295; K03 p.117; Hockings & Pilot-Raichoor 1992 pp.4,38,43 (citing Emeneau 1939 p.46)	core	Target initial-order comparison; literal exchange, assimilation and syncope distinguished in the derivation and language notes	reviewed	2026-09-09
d296	d296	mix, join, approach, seize	*aḷ-a- / *aḷ-ay-; *aḷ-p-? and other formations	Ø	a	short	ḷ	singleton	a	VC-ay / VC-a-C / VC-C	verb	-ay and low-vowel labial formations independently visible; exact consonantal Konda/Pengo formative remains uncertain.	Tamil aḷai/aḷa/aḷavu and Malayalam aḷayuka independently support low a and lateral after the vowel. Kannada aḷa/aḷavu agree; Telugu alamu has a different labial extension from lāyu.	high	The southern comparison and retained Telugu alamu favor V–ḷ. Initial l in Telugu lāyu and Konda/Pengo lap is innovative, but their different final formations prevent a single inferred vowel-quantity derivation.	*aḷ-ay > *ḷāy > Telugu lāyu, with lateral merger; *aḷ-am > alamu retains order. Konda/Pengo *aḷ-p > lap/lab is one possible consonantal-formation displacement route; deriving them by shortening earlier *lāp requires independent evidence. Brahui halling retains a before l after initial h addition; h is not evidence for loss of the root vowel.	Mix/measure d295 share similar shapes but are not merged just because their roots are homophonous. Brahui ha in and hatining are associated morphological comparisons in the source; they are not independently counted as three reflexes of this root. Exact origin of Brahui h and stem grades requires its local grammar. Konda/Pengo short vowels may test formative conditioning once their earlier suffix is recovered.	medium	DEDR 296; Brahui comparison cites Emeneau 1962 p.63	core	Target initial-order comparison; literal exchange, assimilation and syncope distinguished in the derivation and language notes	reviewed	2026-09-09
d298	d298	water, semiliquid	*aḷ-ak- / *aḷ-uk-?	Ø	a	short	ḷ	singleton	a/u	VC-V-C	noun/adjective	Exact segmentation and high-vowel counterpart uncertain.	Tamil aḷakam and Kannada aḷaka/aḷḷaka support an initial vowel and lateral; the Telugu nasal correspondence is explicitly queried by DEDR.	medium	Under the cognacy, earlier V–ḷ is supported independently of Telugu. Telugu anuku remains vowel-first and therefore supplies no positive evidence of initial metathesis.	DEDR suggests *aḷuku > *aṇuku > anuku, with lateral nasalization and loss of retroflexion. This is a conditional consonant-correspondence proposal; no unambiguous environment for ḷ>ṇ is established in this entry.	Do not count the proposed nasal route as regular until other independently cognate cases establish its conditioning. Difference a/u in the second vowel and liquid-state semantics could reflect a genuine formation alternation or questionable cognacy; additional regional fluid adjectives would discriminate.	low	DEDR 298	cognacy-or-input-uncertain	Tentative lateral-to-nasal development; no initial metathesis	reviewed	2026-09-09
d299	d299	saltpan, salt marsh	*aḷ-am; compound *uppu + aḷam	Ø	a	short	ḷ	singleton	a	VC-am as noninitial compound member	noun	Explicit independently recurring salt + saltpan compound; target sequence is internal in Telugu.	Tamil aḷam/uppaḷam and Malayalam aḷam/upp-aḷam independently attest the free base and salt compound. Telugu attests only upp-aḷamu in this group.	high	Comparative free southern forms establish V–ḷ order of the second compound member. The Telugu compound does not itself supply a word-initial aḷ input at the time of sound change.	*uppu + aḷam > upp-aḷamu retains the vowel–lateral sequence within a compound. A borrowed whole compound would give the same attested result; the Telugu retroflex lateral merits a source/history check.	Exclude this from the decisive word-initial sound-law denominator unless the free base or date of composition can be established in Telugu. The compound is nevertheless a relevant boundary control. Native inheritance, preserved compound allomorph and borrowing remain alternatives; no loan is asserted merely from the ḷ spelling.	medium	DEDR 299	noninitial-compound-control	Target initial-order comparison; literal exchange, assimilation and syncope distinguished in the derivation and language notes	reviewed	2026-09-09
d301	d301	love, desire, protect	*aḷ-i-; Telugu nasal-palatal extension unresolved	Ø	a	short	ḷ	singleton	i	VC-i-C / VC-V-NC?	verb/noun	Independent root i, but no securely matched Telugu nasal-palatal derivative in the other languages.	Tamil aḷi and Malayalam aḷi/aḷikkuka independently establish high i; Kannada aḷipu/aḷupu supports related high-vowel labial formations. Telugu lā̃cu has a distinct nasal-palatal extension.	high	Agreement of Tamil, Malayalam and Kannada favors earlier aḷi-. Telugu initial l is plausibly displaced, but neither its long ā nor the nasal-palatal suffix may be used to invent a low formative in the input.	Conditional *aḷ-i-NC > *ḷaNC > lā̃cu would require later nasal loss with compensatory lengthening or a different independently reconstructed extension. A direct a+i > ā contraction conflicts with the short-vowel branch of K03 Rule 20. Without a matching derivative, the exact quantity history is unresolved.	This is a candidate counterexample to an unrestricted prediction of short output after high-i input, not grounds for quietly changing i to a. Kota ayḷ mog twin children is semantically indirect; its glide/lateral order and relationship to unlinked ayḷ classificatory brother-in-law (f_cynufhnk3o6sm) need separate checking. The DEDR parse ayḷ with gloss mog twin children truncates the expression; Wolf’s source preserves the whole expression.	medium	DEDR 301; Wolf Kota p.4 entry 3; compare K03 p.157 Rule 20	core	Target initial-order comparison; literal exchange, assimilation and syncope distinguished in the derivation and language notes	reviewed	2026-09-09
d303	d303	earthen vessel	*aḷ-Vk-; regional a/i variation	Ø	a	short	ḷ	singleton	a/i	VC-V-C	noun	No independently attested bare vessel root; formative segmentation tentative.	Kannada aḷige/aḷage and Telugu alaki share vowel-first lateral and velar; the two-language comparison does not establish a unique formative vowel or deeper inheritance.	medium	Both languages retain V–lateral order; neither is assumed to be automatically conservative outside this comparison.	*aḷVk > Kannada aḷige/aḷage and Telugu alaki, with lateral merger and final-vowel/velar differences. No initial movement is required.	Narrow distribution leaves early borrowing versus inheritance open. The vowel variants must remain one variable-input class, not two classes defined by an expected metathesis outcome. An early attestation or additional cognate would strengthen eligibility.	medium	DEDR 303 (DEDS 39)	core-formation-uncertain	Target initial-order comparison; literal exchange, assimilation and syncope distinguished in the derivation and language notes	reviewed	2026-09-09
d304	d304	prick, throb, be angry	*aḷ-Vk-; high-u and low-a variants	Ø	a	short	ḷ	singleton	u/a	VC-V-C	verb/noun	Velar extension visible in both languages; bare root and date of extension not established.	Kannada aḷuku/aḷaku and Telugu alugu/aluka independently show a vowel-first lateral/velar formation, but differ in the semantic focus prick versus take offence.	medium	Both languages agree on initial a before the lateral. This is a retained candidate with independently attested high vowel, not an exception explained by an invented root boundary.	*aḷ-uk > Telugu alugu, Kannada aḷuku with later intervocalic voicing differences; Telugu aluvu may reflect additional velar lenition or an alternate extension. No initial metathesis is required.	The physical-pain to displeasure semantic relation is plausible but does not independently prove cognacy. Kannada a/u variation prevents a unique V2 assignment. No evidence currently dates these particular extended stems before the Telugu change.	medium	DEDR 304 (DEDS 40)	core-formation-uncertain	Target initial-order comparison; literal exchange, assimilation and syncope distinguished in the derivation and language notes	reviewed	2026-09-09
d305	d305	sprinkle, scatter, bail water	*al/ḷ- with *-Vk and *-Vñc formations	Ø	a	short	l/ḷ	singleton	unknown	VC-V-C / VC-C	verb	Velar versus nasal-palatal formations independently distinguished; intervening proto-vowel unknown.	Tamil alavu has plain l but is explicitly queried in DEDR p.29; Naikri aḷk has retroflex ḷ, and Kolami/Parji alk retain a medial lateral. Telugu aluku shares a velar formation; Kui/Kuvi/Manda forms have a nasal-palatal extension.	medium	Independent southern and Central Dravidian vowel-first forms favor older V–lateral order; initial liquids in Kui/Kuvi/Manda are innovative if the extended formations are cognate.	Retained *al/ḷ-Vk > Telugu aluku, Kolami/Parji alk and Naikri aḷk. Conditional *aḷ-Vñc > lāñj/lanj/ṛanj accounts for initial displacement in eastern SCDr, but its vowel quantity and liquid identity require separately reconstructed regional changes.	Kui lānja and lanj, Kuvi rānjali and ṛanj/lanjinai preserve real source/dialect quantity differences. Do not reconstruct a low formative solely for the long variants or a high formative for the short ones. DEDR refers to d3790 noḷ, raising an older initial-consonant/cognacy alternative to investigate.	medium	DEDR 305 and cross-reference 3790	core	Target initial-order comparison; literal exchange, assimilation and syncope distinguished in the derivation and language notes	reviewed	2026-09-09
d314	d314	know, understand, inquire	*aṯ-V-; regional *eṟ-uk/ŋk-	Ø	a	short	ṯ	singleton	unknown	VC-V / VC-V-C	verb/noun	i-root and distinct u/velar expansion visible; exact regional proto-vowel and age of extension unresolved.	Tamil aṟi, Malayalam aṟiyuka, Kannada aṟi and the independent K03 *aṯ-V reconstruction support a vowel-first alveolar root. Telugu eṟũgu has a distinct high-u velar/nasal extension; rare Tamil aruku supports investigating that formation but has a different rhotic spelling.	high	Agreement of multiple southern languages and Brahui vowel-before-r favors V–alveolar order. Telugu eṟũgu is therefore a retained candidate, not a metathesized item concealed merely by initial e.	*aṯ-V > southern aṟi; regional *a/eṟ-uk/ŋk > Telugu eṟũgu/eṟuka retains initial order while vowel and formative changes occur. Kota *ar-y > ayr is a separate glide/apical transposition; Brahui harrifing has initial h while preserving vowel-before-r.	PSS83 p.229 explicitly lists the Telugu know form among exceptions to generalized apical metathesis. Unknown age and vowel of its exact extended input limit a fully specified law test, but are not proof that it was ineligible. Kolami erka is explicitly a Telugu loan. Badaga aḷi search has an unexplained lateral beside ari/aru forms and is not normalized to r.	medium	DEDR 314; PSS83 p.229; K03 reconstruction; Hockings & Pilot-Raichoor 1992 pp.28–29,38	core-formation-uncertain	Target initial-order comparison; literal exchange, assimilation and syncope distinguished in the derivation and language notes	reviewed	2026-09-09
d321	d321	rock, stone	*aṯ-ay / regional *aṟ-ay; *aṟ-pp-? derivative	Ø	a	short	ṯ	singleton	a	VC-ay / VC-C	noun	ay formation independently supported; separate pp formation has uncertain proto-vowel.	Tamil aṟai, Kannada aṟe and Kota ar independently support a vowel-first alveolar and an ay formation; Toda aṟ corroborates the consonant class. Telugu ṟāyi/rāyi preserves two rhotic spellings.	high	The shared SD I vowel-first forms favor *aṯ/ṟ-ay > ṟāy, not widespread insertion before an original *ṟāy. Kannada rāyi is explicitly borrowed from Telugu and cannot support an inherited Kannada innovation.	*aṟ-ay > *ṟāy > Telugu ṟāyi > rāyi, with later ṟ/r merger. Short ṟappa small stone has a different strong labial extension; *aṟ-pp > ṟapp is plausible, but shortening an earlier long vowel is not uniquely supported.	Badaga are is the lexical evidence; dozens of place names containing it are dependent derivatives and count as one family, with historical labels preserved. The precise *ṯ versus *ṟ reconstruction depends on the wider alveolar correspondence; modern Kannada is not assumed to preserve the proto manner of articulation.	high	DEDR 321; DEN1 1972 p.400 entry 271; Hockings & Pilot-Raichoor 1992 p.30	core	Target initial-order comparison; literal exchange, assimilation and syncope distinguished in the derivation and language notes	reviewed	2026-09-09
d203	d203	nuptial gift	regional *araṇa-; internal segmentation unknown	Ø	a	short	r	singleton	a	VCVCV, segmentation uncertain	noun	No independently demonstrated root/formative boundary.	Kannada araṇa and Telugu araṇamu independently agree on the whole stem. DEDR only tentatively compares grace d227, so a bare *ar plus a formative is not established.	medium	Both attested languages have vowel-first order; their agreement supports the regional stem, while inheritance versus early borrowing is unresolved.	Regional araṇa > Kannada araṇa and Telugu araṇamu by final nominal adaptation. No initial displacement is required.	The possible relationship to aruḷ grace would require a lateral/nasal correspondence and a different stem vowel. Do not use that uncertain comparison to supply a decisive reconstructed sound-law input. The cultural gift term needs earlier textual and contact evidence.	medium	DEDR 203 and tentative comparison 227	core-formation-uncertain	Target initial-order comparison; literal exchange, assimilation and syncope distinguished in the derivation and language notes	reviewed	2026-09-09
d211	d211	trunk, post, pillar	*ar-ay / *ar-aḷ-?; Telugu -ḍ extension uncertain	Ø	a	short	r	singleton	a	VC-ay / VC-a-C	noun	Root versus nominal extensions not uniquely reconstructed.	Tamil arai trunk and Kannada araḷe post independently support initial ar- and low vowel; Telugu rāḍu and Kolami rāḍ/rāl have different final consonants. The database initial *rāḍ head is not automatically the earlier comparative input.	medium	A low-vowel *ara- regional input is favored by the Tamil/Kannada comparison and the broader displacement correspondence, but the final y/ḷ/ḍ variation weakens a fully specified reconstruction.	Conditional *ar-aḌ > *rāḌ > Telugu rāḍu, or *aray plus a later ḍ-bearing nominal formation. The exact final consonant and morphological sequence remain unknown. Gondi rāyi and Kolami rāḍ/rāl may share the innovation or be loans from Telugu.	Do not reconstruct final *ḍ solely because Telugu has it. Trunk/post/peg semantics are compatible, but culture-word diffusion is a real competing explanation for the regional r-initial forms. A dated donor form, a wider pattern of Kolami ḍ/l variation, or a matching southern ḍ-bearing derivative would discriminate.	low	DEDR 211; DEN1 1972 p.400 entry 174	cognacy-or-input-uncertain	Target initial-order comparison; literal exchange, assimilation and syncope distinguished in the derivation and language notes	reviewed	2026-09-09
d215	d215	rice, rice cake	*ari; *ar-i-ci / *ar-ki- formations	Ø	a	short	r	singleton	i	VC-i-C / VC-C	noun	Bare ari versus extended grain forms independently visible; Telugu food derivative not assumed to be primordial.	Tamil ari/arici, Malayalam ari and Tulu ari/argi independently attest vowel-first r. Kannada/Kodagu akki and Kota/Toda forms require medial cluster histories; Telugu arise is a rice-food derivative.	medium	Bare ari and cluster-bearing argi favor earlier V–r order, making akki explainable by medial assimilation rather than apical promotion.	Conditional *ar-ki > *arki > akki in Kannada/Kodagu, beside preserved Tulu argi; Tamil arici has a palatal formation or different development. Telugu arise retains ar-; mapping its s directly onto the whole arici formation remains a hypothesis requiring source history.	Rice terminology has a wider contact history, but this entry alone does not decide ultimate origin. Telugu attests a particular food name, not the basic rice word: late culinary borrowing could make it ineligible for an inherited sound law. Toda nel-compounds and Badaga dish names are derivatives, not additional roots. A Tulu bibliographic fragment is not a lexical record.	medium	DEDR 215; comparative origin beyond the regional input unresolved	core-formation-uncertain	Retention and medial assimilation; exact velar/palatal formation history unresolved	reviewed	2026-09-09
d241	d241	confusion, tumult	alaŋkōlam / allakallōla; complex or contaminated stem	Ø	a	short	l	singleton-and-geminate-formations	a	complex lexical formation, single/geminate variants	noun	Possible compound/echo formation; components and chronology not independently established.	Tamil/Malayalam alaŋkōlam and Kannada/Telugu allakallōla share a complex stem. DEDR compares both shake alaŋku d240 and Sanskrit kallola wave; this is not secure evidence for a uniform simple proto-root.	low	All forms preserve initial a. The mixed shape can reflect lexical remodeling or a compound/echo formation rather than any displacement of the initial lateral.	A shake-root formation associated with alaŋku may have converged with kallola wave; gemination and the repeated all-/kall- shape require lexical/morphological history. The evidence does not uniquely order those developments.	Exclude this opaque complex formation from the decisive singleton-root denominator. It remains relevant to how analogy/borrowing can create apparent controls. Tulu allambra has a different final cluster and cannot be generated by simply swapping a and l.	low	DEDR 241 and cross-reference 240; Sanskrit kallola comparison; CDIAL 2955	complex-or-contact-input-uncertain	Target initial-order comparison; literal exchange, assimilation and syncope distinguished in the derivation and language notes	reviewed	2026-09-09
d242	d242	pulse, cowpea	regional alasand-/alasaṇḍ-; ultimate origin undetermined	Ø	a	short	l	singleton	a	VCVCVNC, lexical crop name	noun	No independently established bare al- root; entire crop-name history matters.	Malayalam alaśaṇṭa/alasāndram, Kannada alasande and Telugu alacandalu support a regional vowel-first crop name. DEDR compares Prakrit ālisaṃdaga/ālisaṃdaya and Marathi aḷasudā, so deep Dravidian inheritance is not established.	medium	Tulu brahmin alasaṇḍɛ and non-brahmin lattaṇḍɛ/lattanɛ supply a source-labeled initial-loss contrast. Other Dravidian forms agree on initial a, but this does not settle the ultimate loan direction.	Tulu alasaṇḍ- > alataṇḍ- (attested B-K variant) > lattaṇḍ-/lattan- is an illustrative sequence of s/t change, initial loss, strengthening and cluster simplification; exact ordering and variant ancestry are not proven. Telugu alacand-/alasand- keeps initial al-.	Five Kannada forms were misassigned Malayalam by the parser; corrected only in research. Botanical Latin is excluded. Tulu sociolinguistic labels are preserved and not assumed to represent successive historical periods. An inherited sound-law denominator would require an independently dated Dravidian entry of the crop name, so this is a contact/lexical control.	medium	DEDR 242 p.23, original language headings inspected; B-K/Männer/BRR source labels	complex-or-contact-input-uncertain	Regional lexical diffusion and local aphaeresis/assimilation candidate	reviewed	2026-09-09
d256	d256	waterlily	*alli (geminate lateral)	Ø	a	short	l	geminate	i	VCCV	noun	Root-internal gemination supported across languages, not inferred from Telugu alone.	Tamil, Malayalam, Tulu and Telugu independently attest alli with ll. The singleton *ali reconstruction displayed in an imported record is not supported by a singleton reflex in this comparison.	high	The four-language agreement favors earlier geminate ll for the shared lexical input; there is no reason to delete one l merely to place this root in the metathesis-eligible class.	*alli > alli across the reviewed languages; Tulu allige adds a nominal extension. No apical promotion occurs.	Tamil pulli is explicitly contrasted stamen vocabulary, not another reflex of alli; the Latin plant name is a gloss, not a Tamil form. Ultimate plant-name borrowing cannot be excluded, but the independent gemination makes this a useful structural control without relying on outcome.	medium	DEDR 256 p.24, original entry inspected	geminate-control	Target initial-order comparison; literal exchange, assimilation and syncope distinguished in the derivation and language notes	reviewed	2026-09-09
d257	d257	iron-wood tree	*al/alli; compound *ali-mar	Ø	a	short	l	singleton-and-geminate-formations	i/a	VCV / VCCV + tree noun	noun	Tree component -mar independently identifiable; bare-base strengthening and date unresolved.	Tamil/Telugu alli and Kannada alle have ll, but Tulu alimarɯ/alimārɯ and Kannada alamar show singleton l in tree compounds. Unlike d256, whole-family gemination is not secure.	medium	All languages retain an initial vowel before l. Compound forms establish singleton evidence independently, without implying that bare and compounded variants had identical historical shapes.	A plant base al/ali plus mar tree gives alimar-/alamar- compounds, beside strengthened alli/alle. Kodagu uḍɨt-ale has the plant component noninitial. No initial promotion is observed.	Roxburgh-mediated Telugu attestation and regional plant-name diffusion merit a provenance check. Do not merge with waterlily d256 solely because alli is homophonous, or use the tree compounds as evidence that waterlily had singleton l. Botanical Memecylon has been separated from the Tulu form in a research-only source observation.	medium	DEDR 257 p.24, original entry inspected	complex-or-contact-input-uncertain	Target initial-order comparison; literal exchange, assimilation and syncope distinguished in the derivation and language notes	reviewed	2026-09-09
d291	d291+d295	strength, size, ability	*aḷ-; *aḷ-av-; long-root alternative *āḷ?	Ø	a	short	ḷ	singleton	a	VC-a-C	noun/adjective	Bare strength root plus independent -av formation; root-family collapse based on repeated forms and intersecting meanings.	Tamil aḷ strength and Kannada aḷa/aḷavu/aḷavi support short a and postvocalic lateral independently. Telugu alavi/alavu retain exactly the kind of low-vowel expansion compared in measure d295.	high	Independent southern vowel-first forms and Konda alvi favor *aḷav > lāv. The long Konda āl is a retained-order quantity variant, not evidence of an original initial lā-.	*aḷ-av > *ḷāv > Telugu lāvu, alongside retained alavi/alavu. Gondi lāv, Kolami la·v and Parji lāv could reflect the same historical development or spread of the Telugu adjective/noun; local donor diagnostics are needed.	Treat d291 and d295 as one conservative root family: Kannada/Telugu repeat alavi/alavu and lāvu with overlapping size, power and capacity meanings. This does not assert that every measurement-verb suffix was already part of one undifferentiated proto-lexeme. DEDR’s comparison with long-root d399 is tentative and should be tested as a quantity alternative. Konda lāvu much resembles the Telugu broad adjective and may be borrowed.	medium	DEDR 291,295; tentative cross-reference 399	core	Target initial-order comparison; literal exchange, assimilation and syncope distinguished in the derivation and language notes	reviewed	2026-09-09
d306	d306	fear, start, be frightened	*aḷ-uk(k)-, beside *aḷ-ar/ik-	Ø	a	short	ḷ	singleton	u	VC-u-C(C)	verb/noun	High-vowel velar derivative independently supported in four languages; lateral itself remains singleton.	Tamil aḷukku, Malayalam aḷukkuka, Kannada aḷuku and Telugu aluku independently establish high u following a singleton lateral. The database *nari jackal head and reconstruction record are unrelated contamination, excluded from historical inference.	high	Vowel-before-lateral order agrees across the southern languages and Telugu. Tulu aḷkuni shows medial syncope without initial promotion.	*aḷ-uk(k) > Tamil aḷukku, Kannada aḷuku, Telugu aluku; *aḷ-uk > Tulu aḷk-/alk-. Kannada -ar and -ik extensions and local l/ḷ variation are separate developments.	Fear d306 and anger/pricking d304 overlap in Kannada aḷaku/aḷuku and Telugu aluku with related affective semantics; conservative sensitivity should collapse them. Retention cannot be explained by a root geminate: the geminate is the later velar, while the target lateral is singleton. Telugu aḷuku = aluku is an editorial equivalence string, not a third lexical root.	medium	DEDR 306 p.29; erroneous nari head excluded by direct source comparison	core	Target initial-order comparison; literal exchange, assimilation and syncope distinguished in the derivation and language notes	reviewed	2026-09-09
d307	d307	enclose, cover, spread	*aḷ-V- with *-r, *-m and nasal-palatal extensions	Ø	a	short	ḷ	singleton	unknown	VC-V-C	verb/noun	Different final r/m/nasal-palatal formations independently visible; a unique shared suffix vowel is not recovered.	Kannada aḷur and Telugu alamu independently agree on initial aḷ/al but have different high versus low medial vowels and final formatives. Konda almi supplies vowel-first lateral plus labial consonant.	medium	Vowel-first ordering in Kannada and Konda supports the retained Telugu alamu as an earlier-type stem; Telugu lā̃ncu/lā̃pu are innovated formations under the cognacy.	Conditional *aḷ-a-NC > *ḷāNC > lā̃ncu, with nasal developments, and related noun lā̃pu. An alternative high formative followed by nasal loss/lengthening remains possible. The velar/palatal versus labial morphology must be reconstructed separately from initial displacement.	The source gives lā̃ncu as intransitive and lā̃pu as its noun; the latter was absent from the parsed group and is explicitly supplemented from DEDR p.29. Kannada aḷur does not independently prove the low vowel required by a simple long-output derivation. Compare mix/seize d296 alamu as a family-overlap sensitivity; the evidence does not warrant silently merging desire d301 merely because its lā̃cu looks similar.	medium	DEDR 307 p.29, original source checked	core	Target initial-order comparison; literal exchange, assimilation and syncope distinguished in the derivation and language notes	reviewed	2026-09-09
d308	d308	hole, cave, burrow	*aḷ-ay; labial and velar formations of uncertain relationship	Ø	a	short	ḷ	singleton	a	VC-ay / VC-V-C	noun	ay input secure for southern bare noun, not for every labial/velar derivative.	Tamil aḷai, Malayalam aḷa and Kota aḷ independently support vowel-first *aḷay. Malayalam aḷḷāppu and Kurux alap add labial morphology; Telugu lā̃ga has a different velar/nasal extension. The displayed **aḷVppV head must not erase this mismatch.	high	The southern vowel-first base supports innovative initial l in Telugu, but the exact velar formation is not recovered solely from Telugu. Kurux lātā has different final morphology from alap and cannot automatically be called the same metathesis.	Conditional *aḷ-aŋk > *ḷāŋk > Telugu lā̃ga requires an unattested but morphologically plausible velar extension; *aḷay plus a later noun suffix is an alternative. Kurux alap > lātā cannot follow by initial a loss alone because p/t differs. Badaga ae can follow lateral loss in *aḷay without initial promotion.	PSS83 p.56 example63 proposes moving Toda oḷb to the concealment family (old DED853, current d1015), because a before ay should not yield Toda o. That objection depends on comparing the identical ay formation; an independently justified different labial derivative could weaken it. Keep Toda cognacy ambiguous. The Kurub. aḷe source is mislabeled Malayalam and its precise lect is unresolved; neither it nor the parsed heading is counted as Malayalam evidence.	medium	DEDR 308 p.29; PSS83 p.56 example63; comparison d1015	core	Target initial-order comparison; literal exchange, assimilation and syncope distinguished in the derivation and language notes	reviewed	2026-09-09
d310	d310	palm of hand, sole of foot	*aṟ-a(n) + hand/foot compound	Ø	a	short	ṯ	singleton	a	VCV(N) + body-part noun	noun	First component before hand/foot noun is independently comparable; exact lexical status of that component unknown.	Tamil aṟaŋ-kai, Telugu aṟa-cēyi/aṟa-kālu and Kolami ārankei/árungkei independently attest an aṟ/an-bearing first component in body-part compounds. Its precise sense and nasal segmentation are unresolved.	medium	All source forms retain a vowel before the apical. These are initial compound members, so the compound boundary is after the candidate sequence rather than before it as in saltpan d299.	*aṟa(n)+kai gives the compared palm compounds, with hand replaced by Telugu cēyi and foot kālu in parallel formations. Kolami length and n/ŋ variants have separate source histories; no initial apical displacement occurs.	The source explicitly says ārankei has n, not ŋ. The parser split that editorial correction into fragments, including a spurious standalone ŋ. Do not count the compound as a bare free root; equally, a following compound boundary alone cannot explain its retention, since anvil d86 changes in that position. Possible connection to half/inner/partition vocabulary needs independent semantic evidence.	medium	DEDR 310 p.29 (DEDS(N) 42), original source checked	compound-formation-control	Target initial-order comparison; literal exchange, assimilation and syncope distinguished in the derivation and language notes	reviewed	2026-09-09
d313	d313	Tamil people/language, regional name	aruvā/arava regional ethnonym; proto-root unspecified	Ø	a	short	r/ṟ	singleton	u/a	VCVCV, regional name	proper noun/ethnonym	No independently reconstructed simple root/formative segmentation.	Tamil aruvā-nāṭu/aruvar, Kannada arava/aruvu and Telugu aṟavamu share a regional ethnonym. Cross-language attestation does not establish inheritance from Proto-Dravidian or a unique earlier r/ṟ.	low	All languages preserve a before the apical. The names may have spread between languages, so their agreement cannot be treated as multiple independent retentions of an established proto-input.	Regional aruvā/arava forms undergo ethnonym and language-name suffixation, medial-vowel variation and Kannada syncope arva. No initial apical displacement is observed.	Proper-name chronology is essential here: no dated earliest local attestation has yet established whether the Telugu ethnonym existed before metathesis. The ṟ versus r mismatch is retained as evidence, not normalized to fit an input class.	medium	DEDR 313 p.29	proper-name-contact-control	Target initial-order comparison; literal exchange, assimilation and syncope distinguished in the derivation and language notes	reviewed	2026-09-09
d315	d315	sever, cut, decrease, scratch	*aṯ-u- / *aṯ-al- and velar/labial formations	Ø	a	short	ṯ	singleton	u	VC-u-C / VC-a-C	verb/noun	Independent high-u bare sever stem versus low-al and velar/labial expansions; no single extension assigned across all reflexes.	Tamil aṟu, Malayalam aṟuka and Kannada aṟu independently establish a high-u sever root; Tamil aṟal supplies a separate low-vowel detachment formation. Telugu aṟu retains the root, while ṟakku/rakku has a velar extension.	high	Broad southern vowel-first evidence and Brahui harring support earlier V–alveolar ordering. Telugu scratch ṟakku is innovative under this cognacy; the velar derivative’s exact vowel is not automatically identical to that of the bare sever stem.	*aṯ-u > Telugu aṟu; conditional *aṟ-uk(k) > *ṟakk > ṟakku/rakku gives short a after a different high vowel. Alternative consonantal *aṟ-kk formation yields the same output, so suffix-vowel identity is not uniquely recovered. Brahui harring adds h before the retained vowel-r sequence.	K61 p.56’s proposed comparison for Telugu rālu invokes Tamil aṟal from this family, linking it to d233 as an alternative analysis. Do not count this source cross-family borrowing of evidence twice. Kolami/Naikri ark may instead belong to cut d175. DEDR also compares n-initial naṟukku d3625: initial n loss versus separate lexical roots needs testing. Badaga place/plant compounds and archaic harakada do not all have equally secure cognacy.	medium	DEDR 315 p.29; K61 p.56; cross-references d175,233,3625	core	Target initial-order comparison; literal exchange, assimilation and syncope distinguished in the derivation and language notes	reviewed	2026-09-09
d316	d316	digest, wear away, indigestion	*aṯ-u-; *aṟ-ak/uk- and labial formations	Ø	a	short	ṯ	singleton	u/a	VC-V-C	verb/noun	Regional velar formation independently corroborated; other labial/nasal-palatal formations not forced into it.	Tamil aṟu digest and Kannada aragu/aṟave independently support vowel-first apical and different extensions. Telugu aṟugu, Konda aṟgi and Kuvi arg provide a directly comparable regional velar stem.	high	SD I and SD II agree on vowel-before-apical in the core digestion comparison. Tulu reñjuni and Gondi rokk are initial-r outliers whose vowels and extensions must be checked before accepting metathesis.	*aṟ-Vk > Telugu aṟugu, Konda aṟgi and Kuvi arg with regional vowel/syncope differences. Tulu arkame/akku supplies a plausible medial rk>kk route. Conditional *ar-Vñc > reñjuni would require initial loss/displacement plus a separately supported e history.	Original DEDR explicitly questions the Gondi rokkānā/rokk comparison; its o and kk cannot be explained by writing an invented earlier *oru solely to fit it. Kui ārgagāṭi giva is a full light-verb construction whose nominal component may have a contact history. The indigestion subentry has ṟ/ẓ variation and different nouns; do not treat every nasal/velar form as the same input.	medium	DEDR 316(a,b) p.30, original question mark on Gondi checked	core	Target initial-order comparison; literal exchange, assimilation and syncope distinguished in the derivation and language notes	reviewed	2026-09-09
d317	d317	abide, preserve, secure	*aṯ-u-; labial extension *-p	Ø	a	short	ṯ	singleton	u	VC-u-p / VC-u-	verb/noun	Labial extension independently compared; chronology of regional lexicalization unknown.	Tamil aṟu and aṟuppu fort independently support the high-u base and labial formation; Telugu aṟupu is a keep/preserve verb. Tamil aṟai camp has a different low-vowel formation.	medium	Both languages preserve a before the alveolar, supporting the compared regional input. No displaced form is attested in this group.	*aṟ-u-p > Telugu aṟupu; Tamil stronger *aṟ-u-pp > aṟuppu fort. Tamil aṟku/alku may reflect medial syncope and consonant variation but are explicitly questioned by the source.	A two-language semantic bridge between dwell and preserve is plausible, not certain. A independently established early Telugu p-formation would strengthen its status as a counterexample to general metathesis; no such date is inferred just from modern retention. Do not explain it away as a free root: the Telugu form is visibly extended.	medium	DEDR 317 p.30; Annamalai Tamil dictionary p.875 for aṟuppu	core-formation-uncertain	Target initial-order comparison; literal exchange, assimilation and syncope distinguished in the derivation and language notes	reviewed	2026-09-09
d318	d318	cloth, rag, curtain	*aṟ-Vv-ay / *aṟ-ay; quantity of formative variable	Ø	a	short	ṯ	singleton	u/a/i	VC-V-v-ay / VC-ay	noun	Labial/ay morphology supported, exact shorter Telugu formation uncertain.	Tamil aṟuvai/aṟai, Kannada aṟave/aṟive/aṟuve and Tulu arve independently establish vowel-first alveolar and labial/ay formations. Telugu aṟa is a shorter rag noun.	medium	All reviewed languages retain initial V–apical; Tulu arve shows medial syncope rather than initial movement.	*aṟ-Vv-ay > aṟuvai/aṟave/arve with vowel variation and syncope; a shorter ay or contracted formation yields Telugu aṟa. The exact relation of the two noun shapes is not uniquely established.	DEDR compares blouse d5163 (i)ravikkai, an apparent initial-r counterpart with contact possibilities that needs separate review. A semantic derivative of cut d315 is conceivable for cloth pieces, but is not assumed without morphological evidence. V2 is kept variable; no single vowel is selected to fit retention.	medium	DEDR 318 p.30 and cross-reference 5163	core-formation-uncertain	Target initial-order comparison; literal exchange, assimilation and syncope distinguished in the derivation and language notes	reviewed	2026-09-09
d319	d319	sound, shout, ring, prattle	*aṯ-ay / *aṯ-a-; *-c/-p/-ŋk and consonantal extensions	Ø	a	short	ṯ	singleton	a	VC-a-C / VC-C	verb/noun	Independent variation in formative vowels and consonants; K61 reconstructs rajju with consonantal extension.	Tamil aṟai and Kannada aṟacu/aṟicu/aṟucu independently establish V–alveolar ordering and several extensions; Telugu aṟacu/aṟapu supply retained related forms. The exact input of rajju is less specific than the head *aṟ-a.	high	Multiple southern vowel-first forms favor earlier aṟ-. Telugu initial ṟ/r formations are innovative under the cognacy. Naiki arap and Gadaba arg support retained initial order outside SD I/Telugu.	K61 p.55 compares rajju with consonantal *ar-j; Telugu ṟaŋke can reflect a nasal-velar derivative with displacement, while aṟacu/aṟapu retain order. Kui ṛaspa has a separate s/p cluster; its origin is not explained by simply adding -pa to modern Telugu. Kannada racce may reflect local displacement plus strengthening, but its cognacy/contact history remains unresolved.	Kannada racce was stranded in a gloss and would be missed by a search limited to Form; it is source-verified and added as one research observation. Gondi rāŋ(g) is explicitly queried by DEDR, so its long vowel does not automatically confirm a shared innovation. Kolami raz could be inherited or borrowed; no automatic Telugu loan is assumed. Koraga ajike lacks r and needs a local cluster-loss/cognacy explanation.	medium	DEDR 319 p.30, original entry checked; K61 p.55 §1.130	core	Target initial-order comparison; literal exchange, assimilation and syncope distinguished in the derivation and language notes	reviewed	2026-09-09
d322	d322	room, partition	*aṯ-ay; regional strengthened *aṟṟa	Ø	a	short	ṯ	singleton-and-geminate-formations	a	VC-ay / VCCV	noun	Independent singleton input; later regional strengthening must not determine whole-family eligibility.	Tamil aṟai and Malayalam aṟa independently support singleton alveolar and ay formation; Telugu aṟa beside aṟṟa shows strengthening in a regional variant. Tulu adɛ has a stop reflex.	high	Shared vowel-first ordering supports older aṟay. Telugu singleton aṟa cannot be excluded from an eligible input class merely because the same entry also has a strengthened variant.	*aṟay > Tamil aṟai, Malayalam aṟa, Telugu aṟa; regional gemination yields Telugu aṟṟa and potentially Gondi arra. Tulu adɛ and Badaga -ādu require local alveolar/stop and quantity histories, without initial relocation.	This is a near input match to displaced rock d321: a short initial vowel, singleton alveolar and ay noun. Different meanings do not create a phonological condition. Gondi arrā/arra could reflect Telugu contact; Muria ahpi has a substantially different cluster requiring an independent account. Badaga attests only compound components, so their word-boundary eligibility differs.	medium	DEDR 322 p.30; compare DEDR 321	core	Target initial-order comparison; literal exchange, assimilation and syncope distinguished in the derivation and language notes	reviewed	2026-09-09
d328	d328	fit, suitable, fertile	*an-V-v-; possible older *can- comparison	Ø	a	short	n	singleton	u/a	VC-V-C	adjective/noun	Regional labial derivative independently visible; possible older initial c is an unconfirmed deeper stage.	Kannada anu/anavu/anuvu, Telugu anuvu and Kota anv support a nasal after the initial vowel and a labial extension. Tamil a/aṁ beauty is explicitly questioned; DEDR compares c-initial cannu d2423.	medium	The regional vowel-first nasal input is supported independently of Telugu. A possible earlier initial c loss does not imply n has subsequently exchanged with a.	*an-V-v > Telugu anuvu and Kannada anavu/anuvu, Kota anv by medial syncope; Tulu anutana adds another nominal formative. No initial nasal displacement is observed.	Use as a nasal control, not as an automatic test of a rule restricted to nonnasal apicals. The Tamil loss/nasalization comparison and possible older c-bearing root need separate reconstruction. Vowel quality of the intervening syllable is variable rather than fixed from Telugu alone.	medium	DEDR 328 p.30 and cross-reference 2423	nasal-control	Target initial-order comparison; literal exchange, assimilation and syncope distinguished in the derivation and language notes	reviewed	2026-09-09
d329	d329	send, leave, start off	*an-V-p-; high-u regional extension	Ø	a	short	n	singleton	u	VC-u-p / VC-p	verb/noun	Independent high-u stem and consonantal/labial variants; palatal and s-bearing derivatives kept distinct.	Tamil aṉuppu and Malayalam anuppuka independently establish high u and nasal before labial; Telugu anupu preserves the uncontracted order. Kannada ampaka, Kurux ambnā and Malto ambe support a consonantal nasal-labial variant.	high	Independent uncontracted southern forms plus Telugu anupu show that ampu need not reflect initial nasal metathesis: medial vowel deletion and place assimilation are sufficient.	*an-up > *anp > amp gives Telugu ampu and related labial-cluster forms; Telugu anucu/ancu needs a separate palatal extension or stem remodeling, not a p-to-c change assumed without context. Brahui hamp- adds initial h while preserving a before the nasal cluster.	These are related derivatives and must count once per root. The relationship between full-vowel and consonantal formations could partly be inherited morphology rather than one universal syncope event. Gadaba anisp load on cart has an i/s extension whose history is not supplied by the basic send comparison.	medium	DEDR 329; Kobayashi 2022 reconstruction record *anVp-; Brahui source cites Emeneau 1962 p.63	nasal-control	Medial vowel loss and nasal place assimilation, no initial nasal displacement	reviewed	2026-09-09
d432	d432	split, crumble, crack	*iṭ-i- / *iṭ-a- and labial nominal extensions	Ø	i	short	ṭ	singleton	i/a	VCV / VCVC	verb/noun	i/a verbal formations and u-p nominal formation independently attested; no single V2 assigned to all derivatives.	Tamil iṭi/iṭa, Malayalam iṭika/iṭakka, Kannada iḍi/iḍupu and Telugu iḍiyu/iḍupu support vowel-first order and more than one formative vowel independently.	high	Agreement on initial i before the apical across several branches favors earlier iṭ-, without assuming the Tamil forms alone are conservative.	*iṭ-i > Telugu iḍiyu, Kannada iḍi; *iṭ-u-p > iḍupu in both. Kota/Toda lose final/medial vowels but retain the initial vowel. Irula ḍepisu may involve local aphaeresis after vowel lowering, but the source does not supply its immediate earlier form.	Irula is an uncertain local initial-loss candidate, not evidence that the Telugu innovation was shared with Irula. The nasal in iṇḍe needs a separate formation history. Pengo d2955 and Kolami d2974 are explicitly tentative comparisons and are not silently added to this root. Badaga idi is source-marked uncertain; do not treat hamlet Idukore as another root.	medium	DEDR 432; cross-references 2955,2974 remain tentative	core	Target initial-order comparison; literal exchange, assimilation and syncope distinguished in the derivation and language notes	reviewed	2026-09-09
d434	d434+d448	place, room, opportunity	*iṭ-a-m / *iṭ-ay	Ø	i	short	ṭ	singleton	a	VC-a-C / VC-ay	noun	m and ay nominal formations independently supported; proto-root unity with other iṭ- meanings is only a sensitivity hypothesis.	Tamil iṭam/iṭai, Malayalam iṭam/eṭam and Kannada iḍe/eḍe agree on vowel-first i/e plus apical; Kota eṛm preserves the nominal m.	high	The shared vowel-first forms establish the pre-displacement order. Southern i/e alternation supports lowering before a, not a proto-initial d.	*iṭ-am > *eḍam > Telugu eḍamu; *iṭ-ay > *eḍay > eḍa/eḍe. Kota and Toda shorten the word by final loss while keeping the first vowel. Tulu source contains dekki alongside iḍɛ, a likely local initial-loss formation with gemination.	Merge d434 with interval d448 for primary root counts: Tamil iṭai and Telugu eḍa/eḍamu recur with intersecting place/space senses. This avoids counting one spatial noun twice. The exact relationship of Tulu dekki to the other nominal formations remains unresolved and it is not automatically a SCDr-type contraction.	medium	DEDR 434,448	core	Target initial-order comparison; literal exchange, assimilation and syncope distinguished in the derivation and language notes	reviewed	2026-09-09
d435	d435	affliction, obstacle	*iṭ-ar / *iṭ-um(p)-	Ø	i	short	ṭ	singleton	a/u	VCVC / VC-V-NC	noun/verb	ar and um(p) independently attested; Telugu ppar morphology is not reconstructed from outcome alone.	Tamil/Malayalam iṭar, Kannada iḍaru/iḍuru and Old Telugu eḍaṟu support initial vowel plus apical. Tamil iṭumpai and Telugu iḍuma independently support a distinct labial/nasal derivative.	medium	The historical Telugu retained form and southern comparison establish vowel-first ancestry. Telugu ḍepparamu is related semantically but its exact pp-bearing formation is not independently matched.	*iṭ-ar > *eḍar > eḍaru; *iṭ-um(p) > iḍuma with independent labial changes. A conditional *iṭ-a-ppar > *ḍēppar > ḍeppar with pre-geminate shortening could yield ḍepparamu/depparamu, but the reconstructed extension is not established by iṭar alone.	Treat ḍepparamu as probable displacement with unresolved formation rather than inventing *-appar to guarantee the rule. eḍḍamu/eḍḍami have strengthening or cluster assimilation, not initial metathesis. The older obstruction verb may belong with stumble d437; that family collapse is a sensitivity, not an asserted etymology.	medium	DEDR 435; tentative comparison 788	core	Target initial-order comparison; literal exchange, assimilation and syncope distinguished in the derivation and language notes	reviewed	2026-09-09
d437	d437	stumble, hinder	*iṭ-aṟ / *iṭ-aŋk / *iṭ-Vp	Ø	i	short	ṭ	singleton	a	VC-a-C	verb	Rhotic, nasal-velar and labial formations attested separately; exact Telugu strong velar suffix not assumed to be identical to all.	Tamil/Malayalam iṭaṟ-, Kannada iḍaṟu/eḍaṟu/eḍagu, Tulu eḍaŋkɯ and Malto iṛpe support initial vowel plus retroflex. The velar and rhotic extensions must be distinguished.	medium	The comparative vowel-first order and Tulu dialect doublets establish earlier V–ṭ; Telugu ḍekku has shifted/lost the initial vowel under this cognacy.	Conditional *iṭ-a-k(k) > *eḍakk > *ḍēkk > ḍekku with shortening before kk. Tulu eḍaŋkɯ > ḍaŋkɯ/daŋkɯ is independently described as dialectal aphaeresis (K03 p.116), not a required same event. Kannada Havyaka ḍaŋku and Koraga ḍakki could be local losses or contact forms.	The Telugu vowel e fits lowered *i before a, but its exact kk formation remains uncertain. Tulu dompu/dumpiyuni and doŋkɯ have labial/velar alternatives and rounded vowels that initial loss alone does not explain. Neither matching initial ḍ nor geographic proximity proves shared ancestry. Badaga erandu is source-uncertain and has an unexplained nasal sequence.	medium	DEDR 437; DEN1 1972 p.400 entry 371; K03 p.116 citing Kekunnaya 1994 pp.42–44	core	Target initial-order comparison; literal exchange, assimilation and syncope distinguished in the derivation and language notes	reviewed	2026-09-09
d439	d439	flour-based cake	*iṭ-i (food noun)	Ø	i	short	ṭ	singleton	i	VCV, also compound-initial	noun	Food compounds are transparent at their first component; their historical entry into Telugu remains undated.	Tamil iṭi flour/confection and iṭiyappam, Malayalam iṭiyappam and Telugu iḍi/iḍikuḍumu agree on the vowel-first food base.	high	Independent southern food compounds corroborate vowel-first iṭi; there is no evidence here for a proto-initial ḍi.	*iṭi > Telugu iḍi; appam/kuḍumu are separate compound components. The high-i match makes this a formal comparison to beat d443, but food-name diffusion may be later than the native change.	Possible relation to pounding/beat and to iṭṭali d455 must be considered in family sensitivity. Do not count each kind of cake as an independent negative. Culinary borrowing chronology is unresolved, so retain it as a lexical control rather than use it alone to falsify an inherited law.	medium	DEDR 439, cross-reference 455	core-formation-uncertain	Target initial-order comparison; literal exchange, assimilation and syncope distinguished in the derivation and language notes	reviewed	2026-09-09
d442	d442	put, place, give	*iṭ-u- (past *iṭ-ṭ-); nominal *īṭ-u	Ø	i	short	ṭ	singleton	u	VC-u / VC-C tense alternation	verb/noun	Nonpast u and geminate past are independently supported; nominal length and causatives require formation-level classification.	Tamil iṭu : iṭṭ-, Kannada iḍu : iṭṭ-, Telugu iḍu, and matching Central Dravidian paradigms independently support high u and vowel-first root. Long īḍu nouns are a separate quantity formation.	high	Broad family distribution, including Kui/Kuvi/Pengo/Manda retention, supports original iṭ- order and rules out using Tulu dīpini as the reconstructive starting point.	*iṭ-u > iḍu/ɨḍ-; past *iṭ-ṭ remains geminate in many languages. Gondi intervocalic ṭ corresponds to rhotic in ir/irr, Konda iṟ-, without initial relocation. Tulu dīpini beside iḍpini may show displacement, analogical remodeling or interaction with long īḍɯ; a literal *i+u contraction to ī is not established.	The initial apical is singleton in the nonpast, despite past gemination; do not exclude the whole root as a geminate. Tulu dīḍɯ/jīḍɯ/ījɯ/īḍɯ require a linked paradigm/causative history, potentially d addition or expressive reinforcement; their shared ī is not evidence for a universal metathesis rule. Long nouns and aspectual auxiliary uses are not additional etyma.	medium	DEDR 442; K03 Rule20 pp.157–158	core	Target initial-order comparison; literal exchange, assimilation and syncope distinguished in the derivation and language notes	reviewed	2026-09-09
d443	d443	beat, strike, butt	*iṭ-i- / *iṭ-u- / *iṭ-a- formations	Ø	i	short	ṭ	singleton	i	VC-i (beside u/a formations)	verb/noun	i-vocalism in the impact noun/verb is independently attested; do not replace all a/u extensions with i.	Tamil iṭi, Malayalam iṭi/iṭikka and Kannada iḍi independently support i+i, while Tamil iṭu and Kannada iḍaku support other formations. Kota/Toda, Kolami, Pengo and Kurux have vowel-first root cognates.	high	The independent high-i formation supports earlier iṭi > Telugu ḍī. Konda ṛey/ṛī were incorrectly assigned Kolami in the database: source p.43 makes Kolami iṛ- retained and Konda innovated.	*iṭ-i > *ḍii > ḍī is a possible implementation of Rule20a; same-quality high vowels meet its contraction condition. Konda *iṭV > ṛī/ṛey involves its own apical correspondence and vowel variants. Kannada ḍī/ḍīku/ḍikki beside iḍi may be a Telugu loan, expressive reinforcement, or local displacement; no donor date yet decides.	Do not count Kannada and Telugu identical impact nouns automatically as independent changes. Telugu ḍīkonu is a light-verb/compound extension of ḍī, not another etymon. Imported Badaga sickle/iron-saw records have possible cut/iron segmentation rather than the beat root; their linkage is questionable and not used as a decisive control. The Konda correction reverses which comparison language appears to innovate.	medium	DEDR 443 p.43 directly inspected; K03 Rule6 p.107 and Rule20 p.157	core	Target initial-order comparison; literal exchange, assimilation and syncope distinguished in the derivation and language notes	reviewed	2026-09-09
d445	d445	narrow, crowded, abundant	*iṭ-u-k / *iṭ-ṭ-aḷ formation	Ø	i	short	ṭ	geminate	a	VCC-a-C (Telugu-matching strong formation)	adjective/noun/verb	Gemination belongs to the independently matched ṭṭaḷ formation, not every derivative of the etymological root.	Tamil iṭṭaḷam, Kannada iṭṭaḷa/iṭṭaṇa and Telugu iṭṭalamu independently support a geminate target in this formation, alongside a singleton high-u narrowness family iṭukku/iḍuku.	high	Both formations preserve initial i/e across southern languages; singleton and geminate stems must be classified separately before comparing Telugu.	*iṭṭ-aḷ-am > Telugu iṭṭalamu with lateral simplification; crowded mass > abundant is independently bridged by Kannada meanings. The iṭ-uk narrowness words retain a singleton ṭ before a velar formative and cannot be treated as the identical input to iṭṭalamu.	Telugu is a geminate-formation control, not proof that its singleton *iṭuk input resisted metathesis: that input is not attested in Telugu here. Gadaba iḍigeda a few has different morphology and possible contact, while Badaga glade/nook and place names have queried etymologies. Broad connection with spatial d434/d448 or distress d435 is plausible but unproven.	medium	DEDR 445 p.43; omitted nineteenth Tamil item source iṭakkar also checked	geminate-control	Target initial-order comparison; literal exchange, assimilation and syncope distinguished in the derivation and language notes	reviewed	2026-09-09
d446	d446	separate, distant	*iṭ-ay / *iṭ-av; regional *eṭ-	Ø	i	short	ṭ	singleton	a	VC-a-y / VC-a-v	verb/adjective	ay and av formations independently visible; no unattested vowel distinction invented for davvu.	Tamil iṭai, Malayalam iṭayikka and Telugu eḍayu/eḍavu independently support vowel-first ordering with low second vowel; Malto eṛare provides a northern order comparison.	high	Retained southern and northern orders favor an earlier vowel-first root. Telugu davvu is likely related to eḍavu, but its a and geminate vv require more than simply exchanging the initial e and ḍ.	*iṭ-ay > *eḍay > eḍayu regularly retains the initial vowel. A displacement analysis of davvu would require an earlier vowel or analogical variant, plus vv strengthening/shortening; *eḍ-av > *ḍēv does not directly yield davvu. Kolami davva/dautān and Naikri dʰāv may be Telugu-area loans, not independent support for the missing steps.	K03 p.57 explicitly doubts the derivation of davvu/dhāv from *iṭ-a; his alternative discussion concerns voiced aspiration and a possible older laryngeal, not a demonstrated solution. Brahui is explicitly questioned in DEDR p.43. Nahali dhava is a contact-zone comparison, not a Dravidian cognate vote. The spatial-root relation to d434/d448 is a sensitivity hypothesis; do not silently explain the vowel by assuming different proto-roots.	medium	DEDR 446 p.43 directly checked, including question mark before Brahui; K03 p.57 explicitly questions the etymology of davvu/dhāv	core	Target initial-order comparison; literal exchange, assimilation and syncope distinguished in the derivation and language notes	reviewed	2026-09-09
d447	d447	grow weary, become thin	*iṭ-ay?; vowel reconstruction and lexical direction not final	Ø	i	short	ṭ	singleton	a	VC-ay	verb	ay verbal base probable from Tamil; pp thirst noun is a separate morphological hypothesis, not a new positive.	Tamil iṭai weary is the sole independent unshifted witness in this entry. Telugu ḍayyu and Kuvi ḍah/daha/ḍāh agree semantically, but the imported initial *ḍaj reconstruction simply repeats the innovated-looking order.	medium	Tamil vowel-first order, general apical correspondences, and Kuvi y/h comparison favor earlier *iṭay, provisionally; with only one unshifted branch, prothesis or imperfect cognacy cannot be ruled out on majority arithmetic.	Conditional *iṭay > an initial ḍay stem gives Telugu ḍayyu and Kuvi ḍah; the expected lowered/contracted ē and actual a are not reconciled. Kuvi length varies by source/lect. Kolami ḍay is explicitly a Telugu loan. Sastri 1969 p.111 derives Telugu dappi thirst from dayyu weary, offering an alternative to d109 aṭ-/aṇṭ- ancestry.	Do not invent an unattested *aṭay just to match a. The fatigue-to-thirst derivative is semantically and morphologically plausible (compare noccu/noppi in Sastri), but it needs historical attestation and comparison with southern thirst cognates before merging d109. It also must remain separate from homophonous destruction ḍappi d277.	low	DEDR 447 p.44; Sastri 1969 p.111, image verified (PDF136)	cognacy-or-input-uncertain	Target initial-order comparison; literal exchange, assimilation and syncope distinguished in the derivation and language notes	reviewed	2026-09-09
d448	d434+d448	interval, middle, waist	*iṭ-ay / *iṭ-a-m	Ø	i	short	ṭ	singleton	a	VC-ay / VC-a-C	noun	ay/m spatial noun variants independently attested; do not assume Tulu dekkārɯ has precisely the same suffix.	Tamil iṭai, Malayalam iṭa/eṭa, Kannada eḍa/eḍe and Telugu eḍa/eḍamu independently agree on vowel-first spatial input; Kota eṛ supports the shortened noun.	high	The same independently supported order appears in place d434, whose forms and meanings overlap. Tulu dekkārɯ is a distinct compound/extension and does not reverse the reconstruction.	*iṭay > *eḍay > eḍa; extended *iṭam > eḍamu. Tulu iḍɛ versus dekkārɯ may combine initial vowel loss with gemination and a leg-related compound component; exact segmentation requires a fuller dialect dictionary.	Merge with d434 in primary root counts. Toda dairy-vessel and Badaga ritual/toponym compounds do not add etyma. The Tulu initial-loss derivative remains ambiguous because its immediate full input is not attested here; no outcome-defined suffix class is proposed.	medium	DEDR 448 p.44; primary family merged with 434	core	Target initial-order comparison; literal exchange, assimilation and syncope distinguished in the derivation and language notes	reviewed	2026-09-09
d449	d449	left side	*iṭ-a(y)/m; *eṭ- regional outcome	Ø	i	short	ṭ	singleton	a	VC-a-C / VC-ay	noun/adjective	a/m/ay left-side formations supported independently; short commands or clipping not assumed without source labels.	Tamil iṭai/iṭam, Malayalam iṭam/eṭam, Kannada eḍa and Telugu eḍama support earlier vowel-first i/e plus retroflex. Kota/Toda and Kodagu agree in order, though vowel quality differs.	high	Telugu ḍā/dā is innovated relative to the comparative vowel-first left-side noun, but cannot be assigned the expected ē contraction without an additional vowel history. Tulu damma/datta has strengthening and local initial loss.	*iṭam > *eḍam > eḍama is retained. Aphaeresis/clipping of an already a-bearing derivative, analogy with regional left-side words, or displacement followed by vowel change may underlie ḍā/dā; the current source does not select one. Kolami edamakei is explicitly a Telugu loan and was mislabeled Telugu in the parsed corpus.	DEDR separately assigns many other SCDr left words to Indo-Aryan *ḍavva/*ḍevva: Kui deba/debe/debo, Kuvi tebri, Gondi ḍema/demar/ḍāvā, etc. Those are a loan comparison, not absent cognates or shared metathesis. Source-only loan observations are inventoried separately. Naiki ḍākiyan kī may reflect regional borrowing; its full donor is unresolved.	medium	DEDR 449 p.44; CDIAL 5539 loan comparison; source headings directly checked	core	Target initial-order comparison; literal exchange, assimilation and syncope distinguished in the derivation and language notes	reviewed	2026-09-09
d455	d455	steamed cake	regional *iṭṭali / *iḍḍali	Ø	i	short	ṭ	geminate	a	VCCVCV	noun	Regional lexical gemination is independently supported; deep morphology and direction of culinary diffusion unresolved.	Tamil/Malayalam iṭṭali, Kannada iḍḍali/iḍḍalige and Telugu iḍḍena independently support gemination and vowel-first ordering of the regional food name.	high	No language in this entry supplies initial ḍ as the original order; the shared food name begins i. Its date and ultimate origin remain open, including comparison with Sanskrit lexicographic iṇḍarī/iṇḍalī.	Regional iṭṭali > iḍḍali-type variants; Telugu iḍḍena additionally changes the later lateral and vowel, requiring a loan/dialect history. Initial order is retained throughout.	A structural geminate control, but not a decisive ancient inherited-law control without chronology. Link with flour/cake d439 and pounding verbs is plausible enough for sensitivity, not established from homophony. Modern dish variants do not add independent roots.	medium	DEDR 455 p.44; comparisons 439 and Skt iṇḍarī/iṇḍalī	geminate-contact-control	Target initial-order comparison; literal exchange, assimilation and syncope distinguished in the derivation and language notes	reviewed	2026-09-09
d444	d444	pinch, pincers, tongs	*iṭ-uk-; distinct tool-name formations	Ø	i	short	ṭ	singleton	u	VC-u-CC	verb/noun	Velar verb/tool formation independently supported; labial Kui tool formation must be reconstructed separately.	Tamil/Malayalam iṭukku and iṭukki independently support high u after ṭ. Kannada iḍaku provides a low-vowel variant, while Old Kannada iẓkuẓi has a different apical and internal structure.	medium	Vowel-first southern pinch verbs favor earlier V–apical order, but the tool nouns do not all share an independently recoverable complete stem.	Tamil *iṭ-uk > iṭukku retains order. Kannada ikkuẓ and Tulu ikkuḷ may involve medial assimilation of the first apical, leaving another apical after k; alternatively their internal apical order reflects a different noun formation. Kui ḍīpa is an initial-displacement candidate, but i+u does not straightforwardly produce ī and its labial noun suffix differs.	No Telugu attestation in this database group: record a gap, not a failure to change. Reconstructing *iṭi-pp solely to predict Kui ī would be circular. A source paradigm connecting the pinch verb to a labial noun, or an independently attested i-bearing formative, would distinguish contraction from another etymology. The superficial k/l reversal in tongs needs its own analysis, not the initial-metathesis label.	medium	DEDR 444 p.43 directly checked	core-formation-uncertain	Target initial-order comparison; literal exchange, assimilation and syncope distinguished in the derivation and language notes	reviewed	2026-09-09
d451	d451	parch, roast grain	Kurux–Malto *i/eṛ-; deeper apical source unresolved	Ø	i/e	short	ṛ	singleton	unknown	VC plus language-specific inflection	verb	Infinitival endings are language-specific; no unattested common V2 invented.	Kurux iṛnā and Malto eṛye agree on vowel before retroflex rhotic. This two-language comparison does not recover a uniquely Proto-Dravidian ṭ/ẓ input or a formative vowel.	medium	Both attested branches preserve V–ṛ; there is no displacement contrast from which to infer an earlier opposite order.	Regional *i/eṛ- plus distinct Kurux -nā and Malto -ye endings gives the forms with order retained. The first-vowel correspondence needs the wider Kurux–Malto system, not an outcome-selected assumption.	Retain as a northern apical-root comparison, with Telugu and other SCDr unattested. It does not create seven negatives for languages with no cognate. The imported reconstruction is regional even when the interface groups it under PDr.	medium	DEDR 451 p.44	regional-input-only	Target initial-order comparison; literal exchange, assimilation and syncope distinguished in the derivation and language notes	reviewed	2026-09-09
d452	d452	wall	regional *iṬ-V-p; Ṭ likely retroflex, V2 unknown	Ø	i	short	ṭ	singleton	unknown	VC-(V)-p	noun	Final labial matches; no independent common formative vowel survives in the pair.	Kolami Kinwat iṛp and Gondi Muria ḍīpi form the comparison. The database incorrectly assigns both to Kolami; source DEDR p.44 explicitly switches language.	medium	Kolami vowel-first order and the regular possibility of retroflex-rhotic correspondence favor *iṬVp, but only one unshifted language is available; initial prothesis/loan history remains possible.	Conditional *iṭ-i-p > *ḍīp > Gondi ḍīpi would fit equal-vowel contraction, whereas Kolami iṛp could reflect medial syncope. However the missing formative i is not independently observed and must not be used as a deterministic prediction.	Treat Gondi as a probable but uncertain displacement case, not a dialectal Kolami D/R alternation. More wall nouns or a source derivational base could establish V2 and direction. No Telugu form is supplied; this is a comparative gap there.	medium	DEDR 452 p.44; DEN2 p.475 S²8	cognacy-or-input-uncertain	Target initial-order comparison; literal exchange, assimilation and syncope distinguished in the derivation and language notes	reviewed	2026-09-09
d453	d453	touch, feel	regional *iṭ-(V)-; velar extension, quantity unresolved	Ø	i	short	ṭ	singleton	unknown	VC-(V)-k / VC-C	verb/noun	Velar present in Kui/Kuvi but absent Pengo; neither its vowel nor the exact Gondi strong-stem ancestry forced.	Gondi iṭ/iṭṭānā provides the vowel-first branch; Kui ḍīga, Kuvi dīg-/dī- and Pengo ḍū- have initial apicals. The imported *ḍū cannot simply be accepted as ancestral to all.	medium	Gondi order plus the recurring ṭ/ḍ correspondence supports a vowel-first regional input provisionally, but the common vowel and velar formative are not uniquely reconstructed.	A hypothesized *iṭ-i-k would contract to ḍīk and yield Kui/Kuvi ḍīg-. Pengo ḍū requires a different vowel or subsequent rounding, neither demonstrated here. Gondi gemination in the long citation form may be paradigm-specific; short iṭ is also attested.	Four Kuvi forms were parsed as Kui and are research-corrected. This is not five Kui variants with Kuvi missing. The whole comparison remains an uncertain mechanism test until independent i/u formative evidence and the Gondi tense classes are checked. No Telugu token is supplied.	medium	DEDR 453 p.44 directly checked	core-formation-uncertain	Target initial-order comparison; literal exchange, assimilation and syncope distinguished in the derivation and language notes	reviewed	2026-09-09
d454	d454	notched timber block, mortice	regional *iṭṭaṟa / *iṭṭire	Ø	i	short	ṭ	geminate	a/i	VCCVCV	noun	Whole technical word compared; no independently established inner morpheme division.	Malayalam iṭṭaṟa and Tulu iṭṭarɛ/iṭṭire independently support initial i plus geminate ṭṭ in the shared carpentry term.	high	Both source languages are vowel-first; no positive supports an earlier initial ṭi order.	Retained iṭṭ- with later a/i variation and regular source orthographic r/ṟ difference; exact later rhotic correspondence is not settled by the first syllable.	A regional geminate control, with no Telugu attestation. Ultimate borrowing or specialized compound origin is possible; it cannot be projected as a securely Proto-Dravidian technical term solely from two languages.	medium	DEDR 454 p.44	geminate-contact-control	Target initial-order comparison; literal exchange, assimilation and syncope distinguished in the derivation and language notes	reviewed	2026-09-09
d457	d457	join, equal, pair	*iṇ-ay / *iṇ-aŋk-; nasal control	Ø	i	short	ṇ	singleton	a	VC-ay / VC-a-NC	verb/noun	Low-vowel formative independently attested; the extra initial n in nenayu needs a separate morphological account.	Tamil iṇai/iṇaŋku, Malayalam iṇa/iṇayuka, Kannada eṇe and Telugu ena/enayu support a retroflex nasal after an initial vowel, and low formative independently.	high	Agreement supports earlier iṇ-, with Telugu ṇ>n and southern lowering. Telugu nenayu retains a second n as well as an initial n, so it is not the result of simply moving the sole root nasal.	*iṇ-ay > *eṇay > enayu; derivative enucu/enupu has distinct palatal/labial morphology. nenayu can reflect added n through rebracketing or analogical reinforcement, but a source context is needed to choose. Tamil eḷḷu equal is explicitly questioned by DEDR and is not secure proof of a nasal/lateral root alternation.	A control for the published exclusion of nasal C2. The initial n in nenayu cannot be counted as metathesis on surface inspection. The n survives medially, so deletion-plus-insertion or morphology would be required under a movement account. Comparison with iẓai d507 is tentative.	medium	DEDR 457 p.44 directly checked; K03 Rule20 excludes nasal apicals	nasal-control	Target initial-order comparison; literal exchange, assimilation and syncope distinguished in the derivation and language notes	reviewed	2026-09-09
d472	d472	beg, borrow	*ir-a / *ir-av-	Ø	i	short	r	singleton	a	VC-a / VC-a-v	verb/noun	av noun matched in several languages; Tulu nd verb is a different formation, not a reason to change its input class.	Tamil ira/iravu, Malayalam iravu/irakkuka, Kannada era/eravu and Telugu eravu independently support i/e before r and a low formative.	high	The widespread vowel-first form, corroborated by Malto irɣre, favors original ir-; Tulu randuni is innovated under this comparison.	*ir-av > *erav > Telugu eravu preserves the order despite an input that could permit contraction. Tulu randuni may follow initial vowel loss in a nasal-bearing begging formation; its exact preceding full form is not attested here.	Do not explain Telugu retention by assigning an unsupported high formative: southern av words directly match its loan noun. Late lexical borrowing remains possible but is not documented, so this stays a genuine low-vowel retention counterexample. Tulu verbal morphology differs from eravu and does not prove a shared event.	medium	DEDR 472	core	Target initial-order comparison; literal exchange, assimilation and syncope distinguished in the derivation and language notes	reviewed	2026-09-09
d490	d490	food, prey	*ir-ay	Ø	i	short	r	singleton	a	VC-ay	noun	ay formation independently supported in southern comparison; Brahui final material not equated mechanically.	Tamil irai/erav, Malayalam ira, Kannada ere, Kota er and Telugu era independently support a vowel-first r with low a/ay formation.	high	The cross-branch agreement, including Brahui iraɣẖ food, favors earlier ir- rather than repeated prothesis before a hypothetical rē.	*ir-ay > *eray > Telugu era, Kannada ere and Kota er with lowering/final contraction while maintaining V–r order. Brahui has a different final extension.	A genuine simple low-vowel retention comparison, semantically basic and not source-marked as a loan. No attested SCDr comparison in this group besides Telugu: missing elsewhere is not retention. Full Brahui suffix reconstruction is unnecessary for the initial-order observation but remains unresolved.	medium	DEDR 490	core	Target initial-order comparison; literal exchange, assimilation and syncope distinguished in the derivation and language notes	reviewed	2026-09-09
d474	d474	two	*īr / *ir-V; nonhuman *ir-aṇ-ṭ; human *ir-u-var	Ø	i	short-and-long-bound-allomorphs	r	singleton	a/u	VC-V + gender/number formation	numeral	Bound īr/iru, nonhuman aṇṭ and human u-var are independently motivated categories; comparisons/counts must not treat them as repeated independent etyma.	Tamil iru-/īr, Kannada iru/ir and eraḍu, Central Dravidian ir- forms and Brahui irā/iraṭ support vowel-first order independently. Nonhuman aṇṭ and human u-var formations can be distinguished by their morphology before their outcomes are inspected.	high	Wide independent retention of bound ir-/īr and the different human and nonhuman derivatives favors earlier ir-, not original r- with prothesis throughout the family. The shared r-initial nonhuman numeral across SCDr is strong comparative evidence, but recent Tamil/Malayalam/Tulu initial loss must be evaluated separately.	K03 pp.159–160: *ir-aṇṭ > *eraṇḍ > hypothetical *rēṇḍ > Telugu reṇḍu with shortening before a nasal-stop cluster; other SCDr *ir-i/u-ṇṭ > *rīṇḍ with variable shortening and Konda backing to runḍi. Human *iru-var remains vowel-first in Telugu iruvuru and Gondi irvur; r+v assimilation yields Kannada/Old Telugu ibbar forms. Tamil/Malayalam/Tulu aphaeresis produces reṇṭu/raṇṭu/raḍḍɯ in later language histories. Malto *irw > iwr (corpus ivr) is a separate medial consonant transposition.	Do not count human, nonhuman, twenty, two hundred and ordinal derivatives as independent roots. Telugu retained iru/īr is a bound root and cannot be treated as an identical free-word input to reṇḍu. The short Telugu output does not prove that a long intermediate existed; *rēṇḍ is K03’s conditional reconstruction. Kui rīnḍe shows that pre-cluster shortening was not universal across languages. Konda iddum retains an initial vowel in a measure compound and needs separate cluster-assimilation/contact analysis. Kodagu daṇḍɨ, Markodi dad and Badaga ratte require local phonological/contact histories; do not automatically equate them with the SCDr innovation. Kurux ēṇḍ has a vowel history K03 explicitly calls puzzling. Toda ačok/acok is a measure term within an example, not another reflex of two.	high	DEDR 474 p.46 directly checked; K03 pp.159–160 and p.116; Hockings–Pilot-Raichoor 1992 pp.54,86,507; Canvin 2025 lect data	core	Target initial-order comparison; literal exchange, assimilation and syncope distinguished in the derivation and language notes	reviewed	2026-09-09
d475	d475	jujube	regional *ir-a-; nasal/velar and dental tree-name formations	Ø	i	short	r/l	singleton	a	VC-a-NC / VC-a-C	noun	Low vowel independently observed; exact dental/nasal/velar tree-name formatives are not assumed identical.	Tamil irati/irantai/ilantai, Malayalam ilanta and Kannada era/elaci support an initial vowel and medial liquid independently. The exact nasal-velar formation of Telugu rē̃gu is not matched by every southern tree name.	medium	Independent retained southern forms favor earlier ir-/il- order. Original DEDR p.46 supplies actual Telugu rē̃gu/rēnu; the database instead mislabeled Kolami rēŋga as Telugu and omitted those Telugu forms.	Conditional *ir-aŋk > *eraŋk > *rēŋk > Telugu rē̃gu, with voicing/nasal developments; rēnu requires a different consonant change or variant. Tamil r/l alternation and dental rather than velar suffix need separate formation histories. Malayalam ilanta > lanta is straightforward initial vowel loss.	Kannada rēgu is explicitly borrowed from Telugu. Gondi, Kolami, Naikri/Naiki, Parji and Gadaba rēŋg-type tree names might spread with the plant name; no independent innovation is inferred just from initial r. More southern velar derivatives or historical recipient attestations would discriminate inheritance from diffusion. Malto ilkru has a different cluster. Source supplements do not add roots.	medium	DEDR 475 p.46 directly checked; Southworth 2006 imported *irak is a proposal, not an attestation	core	Target initial-order comparison; literal exchange, assimilation and syncope distinguished in the derivation and language notes	reviewed	2026-09-09
d476	d476	deer, antelope	*ir-al-ay, r/l order variation	Ø	i	short	r	singleton	a	VC-a-C-ay	noun	Whole deer noun compared; later l/ḍ material in Telugu has no demonstrated identical formative ancestry.	Tamil iralai and Kannada/Tulu eraḷe agree on initial vowel and r before later lateral; Malto ilaru has the liquids in the opposite order. Old Telugu iri also begins with a vowel.	medium	The southern r...l agreement favors earlier *iral provisionally; Malto may show internal liquid reversal. Telugu lēḍi would require movement of a different liquid and an additional final consonant history, not just initial i/r metathesis.	Retained *iralay > eraḷe in Kannada/Tulu; reduced Old Telugu iri and strengthened iṟṟi require morphological/cluster changes. A proposed *ilara > *lēra > lēḍi path would need both an independent liquid reversal and a regular r/ḍ development; neither is established by this set.	DEDR explicitly prefixes a question mark to Telugu lēṭi/lēḍi. Keep them uncertain rather than forcing them into a lateral-metathesis class. Malto internal reversal is separately plausible but not proved directionally by simple majority. Badaga iya may reflect liquid loss but is source-uncertain. Historical iri is the reliable Telugu retained comparison.	medium	DEDR 476 p.46 directly checked, including question mark before lēṭi/lēḍi	core	Target initial-order comparison; literal exchange, assimilation and syncope distinguished in the derivation and language notes	reviewed	2026-09-09
d477	d477	cassia tree	*ir/ṟ-al/ḷ-i; regional liquid identity uncertain	Ø	i	short	r/ṟ	singleton	a	VC-a-C-i	noun	Plant-name ending independently present in Tamil; exact historical donor and rhotic quality unestablished.	Tamil iraḷi/iṟali preserves an initial vowel plus two differently ordered-quality liquids. Kannada/Telugu rēla and Gondi rēlā share an r-initial plant name; only Tamil supplies the unshifted word here.	medium	Earlier *iral- is plausible by the low-vowel contraction correspondence, but a Tamil prothetic adaptation of a regional rēl word remains possible without wider retained evidence.	Conditional *iral > *eral > *rēl > Telugu rēla-ceṭṭu; historical ṛēla gives an older r-initial attestation. Gondi rērkā requires an added velar and lateral/rhotic change; Kannada and Gondi may have borrowed the tree name.	Do not treat the imported *rēl as proved proto-input or Tamil as necessarily conservative. The old Telugu rhotic is transcribed ṛ in this source and should not be assigned a phonetic value without its inscriptional edition. Cassia is a Latin gloss incorrectly parsed as Telugu. Exact cognacy/donor history keeps this out of the decisive reconstructed-input cohort.	medium	DEDR 477 p.46 directly checked	cognacy-or-input-uncertain	Target initial-order comparison; literal exchange, assimilation and syncope distinguished in the derivation and language notes	reviewed	2026-09-09
d480	d480	be, sit, abode	*ir-u-; *ir-u-v / *ir-a-v place nouns	Ø	i	short	r	singleton	u/a	VC-u / VC-V-v / VC-C formations	verb/noun	Existential high-u root and a/u place-noun formations distinguished; Kui suffix vowels not chosen from outputs.	Tamil iru/iruppu, Kannada iru/irdu and Kodagu ir- independently support a vowel-first existential root. Telugu iruvu/iravu retains noun formations; Malayalam irippu differs in formative vowel from Tamil iruppu.	high	The broad existential comparison favors earlier ir-. Kui rīnda/rīspa is innovative under its related steady/stand meaning, but its high-i length and added consonants require separate reconstruction.	Retained *iru-v > Telugu iruvu, with a-bearing iravu; Kannada irke > ikke and Telugu ikka are compatible with medial syncope plus assimilation. Tulu ippuni/itt- can continue r+labial/dental cluster assimilation. Kui *ir-i-nt/*ir-i-sp could yield rīnda/rīspa, but i in those exact formations is not independently established. Kota ig-/ir-/it- is a paradigm, not initial promotion.	Low-vowel Telugu iravu must not be erased by choosing only the high-u root label. Telugu iŋkuva has DEDR’s explicit alternative demonstrative iṅku d420. Kui rītka includes plural morphology and possible consonant-order changes, not another etymon. Badaga negative illa/ille is cross-linked but belongs to a separate negative-base analysis, not straightforward irregular sound change of iru.	medium	DEDR 480; DEN1 p.400 entry407; K03 existential reconstruction; alternative d420 for iŋkuva	core	Target initial-order comparison; literal exchange, assimilation and syncope distinguished in the derivation and language notes	reviewed	2026-09-09
d481	d481	great, vast	*ir-u, compound-bound; Telugu inu-	Ø	i	short	r	singleton	u	VC-u + compound member	adjective	Only Telugu combining form attested; following m is independently present in the comparison compounds.	Tamil iru great and irumai greatness provide the independent rhotic comparison; Telugu has inu- in compounds, especially inumikkili very great.	medium	Tamil rhotic versus Telugu nasal can reflect assimilation before a following m in the compound. There is no evidence of r moving before the initial vowel.	Conditional *iru-mikkili > *inu-mikkili by anticipatory nasal influence, followed by extraction/generalization of inu- as a combining form. Compare Telugu inu māṟu twice (d474) and inumu iron (d486), without assuming all three have identical history.	Only a narrow two-language adjective comparison; no free Telugu inu paradigm is supplied, and the corpus inu is an in-construction fragment. Do not classify it as metathesis concealed by r loss unless an initial r-stage is independently attested. Compound-bound status is visible before outcome classification.	medium	DEDR 481; DEN2 p.475 S²9	compound-formation-control	Target initial-order comparison; literal exchange, assimilation and syncope distinguished in the derivation and language notes	reviewed	2026-09-09
d483	d483	blackwood tree	*ir-u-? plus tree-name formations; bīṭi series uncertain	Ø	i	short	r	singleton	u	complex plant-name derivatives	noun	Plant-name segmentation remains uncertain; do not infer a simple proto-root from one surface variant.	Malayalam iruviḷ/irūḷ, Kannada iruguṇḍi and Telugu iruguḍu/iruvuḍu support a vowel-first dark/tree component, tentatively compared with darkness d2552. Tamil īṭṭi and Tulu bīṭi differ too much to be the same simple input.	low	A retained ir-u formation is credible for part of the set. The b/v-initial wood names may reflect another tree word, compound reduction or contact, rather than relocation of r.	Telugu iruguḍu/iruvuḍu retain ir-; ibbaḍa/ibbeḍa could reflect reduction/assimilation in a different compound or stem. Deriving bīṭi from iruguḍu by metathesis alone is impossible; additional consonant loss and formation differences are required.	Keep the complex plant-name family uncertain for inherited-law counts. The fact that blackwood can be named after darkness is a semantic hypothesis, not evidence for every segment. Tulu kari-bīṭi independently adds black, which can support either reinforcement or a different lexical base. No unsupported chain is selected.	low	DEDR 483; tentative darkness comparison d2552	complex-or-contact-input-uncertain	Target initial-order comparison; literal exchange, assimilation and syncope distinguished in the derivation and language notes	reviewed	2026-09-09
d484	d484	axle	*ir-u-c/s; regional technical term	Ø	i	short	r	singleton	u	VC-u-C	noun	Whole technical stem compared; u/i/a variation recorded independently, origin and date of dissemination unresolved.	Tamil irucu, Kannada irucu/iricu/iracu and Telugu irusu support vowel-first r plus a final coronal; second-vowel alternatives are independently attested.	high	Vowel-first order agrees across the independent southern witnesses. Gondi/Kuvi/Gadaba forms are explicitly Telugu loans and cannot supply independent confirmation.	*ir-u-c > Telugu irusu is a possible coronal correspondence; Kannada ircu has medial syncope without initial movement. Gondi nirsu adds initial n and Kuvi hīrsū adds h/length after borrowing; these do not move r to word beginning.	Preserve a high-u control but flag the technical lexeme’s undated dissemination. Its possible wider loan origin should be researched before treating it as ancient inherited vocabulary. Kolami i·rcu is not explicitly marked a loan in this snippet, but its length and donor chronology remain uncertain. Parser Br/Early-Vedic tag on that form is not evidence of a Dravidian dialect.	medium	DEDR 484	core-formation-uncertain	Target initial-order comparison; literal exchange, assimilation and syncope distinguished in the derivation and language notes	reviewed	2026-09-09
d485	d485	mahua tree	*ir-u-ppay / *ir-V-p; r/l variants	Ø	i	short	r	singleton	u	VC-u-PP-ay / VC-C	noun	Labial plant-name formation independently attested; exact vowels and nasal/geminate variants retained rather than flattened.	Tamil iruppai/iluppai/irumpai, Malayalam iruppa/iluppa, Tulu irippe and Gondi/Parji irup support initial vowel plus liquid and a labial formation. Kui irpi : ripi directly attests the relevant short closed-syllable alternation.	high	Shared vowel-first forms and attested irp clusters favor earlier irup > irp. Kui ripi is an initial i/r reversal of a structure independently present as irpi, unlike Telugu ippa, where the first vowel remains.	*ir-up(p) > *irp(p) > Telugu ippa through medial assimilation/loss, matched by Tamil ippai and Kannada ippe. Kui irpi > ripi exchanges initial vowel and rhotic with no added length; this can follow medial syncope. Kuvi irpi retains that same cluster. Gondi hirp/hiruk and long forms have h/quantity/plural morphology separate from initial displacement.	The same plant family offers competing outcomes: retention, medial assimilation and short displacement. It does not establish that metathesis occurred to prevent assimilation as a purposeful process. Konda ipa maran could be an assimilated inherited base or contact form. Badaga irippe kāi is glossed as chironji, not mahua, so cognacy/species association is uncertain and should be checked against d2628.	medium	DEDR 485; DEN1 p.400 entry410; K03 reconstruction *ir-u-ppay	core	Target initial-order comparison; literal exchange, assimilation and syncope distinguished in the derivation and language notes	reviewed	2026-09-09
d486	d486	iron	regional *ir-ump; earlier *cir-ump proposed	Ø	i	short	r	singleton	u	VC-u-NP	noun	Regional ir-ump formation independently supported; deep initial c and cultural diffusion require separate evidence.	Tamil/Malayalam irumpu and Kodagu irɨmbɨ support initial vowel, liquid and labial nasal-stop. The proposed initial c belongs to a deeper darkness comparison d2552, not an attested initial consonant in these iron words.	high	The independent southern words establish earlier irump- for the regional comparison. Kui rumba has lost the first vowel under a straightforward account; its surviving vowel is the original u, so literal i/r exchange is not independently demonstrated.	*irump > Telugu inumu may combine weakening of mp and anticipatory nasal influence on r; the exact sequence is unresolved. Kota/Toda ib requires medial cluster simplification. Kui irumba > rumba is compatible with aphaeresis; a displacement-plus-vowel-assimilation route is possible but adds unsupported steps here.	Iron is a cultural term, so the time of lexical diffusion and possible deep *c loss matter. Neither Telugu n nor absence of r in Kota/Toda proves concealed metathesis. Kolami inum may be borrowed from Telugu; no independent event is counted. Compare inu-mikkili d481 and inu māṟu d474 for a testable r/n-before-m pattern, without declaring it exceptionless yet.	medium	DEDR 486; K03 deeper *cir-umpu reconstruction; darkness d2552	core	Target initial-order comparison; literal exchange, assimilation and syncope distinguished in the derivation and language notes	reviewed	2026-09-09
d489	d489	roar, noise, cough	*ir-a/um(p)- versus expressive *ramp-; direction uncertain	Ø	i	short	r	singleton	a/u	VC-V-NP or original expressive CVC	verb/noun	a/u and echo/compound formations differ; no outcome-selected common vowel assigned.	Tamil irai/iraŋku/irumu and Malayalam irampuka/irumal have vowel-first forms, whereas Kannada/Kodagu/Tulu/Telugu ramp/ramb forms cluster in expressive noise senses. DEDR calls Telugu ṟ probably expressive.	low	An earlier iramp with local initial loss is plausible, but expressive r-initial formation and later southern prothesis or contamination also fit. Neither a modern Tamil word nor the imported *ramp head alone establishes direction.	Conditional iramp > ramp by aphaeresis retains the following a. A regular lowered i+a contraction would instead need an explained route from ē to a/shortness; that route is not established. Cough irum- may be a distinct derivative or related expressive formation, not the exact same input as rampu.	Keep this outside the secure inherited input cohort. Sanskrit-like aspirated rambʰa/rambʰāṭa forms warrant a contact/source check; aspiration is not proof of inherited Proto-Dravidian phonology. Parji ran ban is an echo-like expression with a different second component. Need historical unshifted ramp-family attestations or a reliable donor history to choose among analyses.	low	DEDR 489; DEN1 p.400 entry414; source expressive ṟ note	expressive-or-contact-input-uncertain	Target initial-order comparison; literal exchange, assimilation and syncope distinguished in the derivation and language notes	reviewed	2026-09-09
d494	d494	house	*il; strengthened free form *ill-u/am	Ø	i	short	l	root-final-singleton-with-strengthened-free-forms	none	VC root / VCCV free form	noun	VC bare root, free-form strengthening and oblique/plural morphology independently visible across languages.	Tamil/Malayalam il, Konda ilu, Pengo/Manda il and Telugu illu support a monosyllabic lateral root with strengthened free forms. Seven imported *iẓi descend paradigm reconstructions are erroneous links, not alternative house inputs.	high	The wide vowel-first house root supports original il. Kui iḍu changes the medial lateral realization without moving it before the initial vowel.	*il > illu/illam in free/extended forms; language-specific oblique stems include Telugu iṇṭi and Pengo inj-. Those require oblique suffix/cluster assimilation, not an initial metathesis. Konda ilku and Kuvi ilka preserve a lateral before plural material.	Classify the independently supported VC root and strengthened free form separately from a hypothetical singleton VCV input. Do not use the spurious *iẓi data to predict displacement in house. Kolami iltam is explicitly a Telugu loan tied to residence with a wife’s family; related iltāmā may be contact-associated, whereas ella house is a separate retained-order witness.	medium	DEDR 494; K03 *il house versus *iẓi descend (d502) distinguished	root-shape-control	Target initial-order comparison; literal exchange, assimilation and syncope distinguished in the derivation and language notes	reviewed	2026-09-09
d495	d495	silk-cotton tree	regional *il-av-; *il-a-k tree formation?	Ø	i	short	l	singleton	a	VC-a-v / VC-a-k	noun	Southern -av and eastern -ak formations distinguished; common plant-name origin does not prove identical suffix ancestry.	Tamil ila/ilavam/ilavu, Malayalam ilavu and Kannada elava establish initial vowel and medial lateral independently. Parji neluk has an additional initial nasal; the displayed optional *ń is a hypothesis rather than observed proto-evidence.	medium	The independent southern il/el forms favor an earlier vowel-first plant name. Eastern lēk is plausibly displaced, but its velar rather than labial ending needs a separate formation history.	Conditional *il-a-k > *ela-k > *lēk gives Gondi/Konda/Kuvi lēk. Kuvi ḍākāngi would additionally require l > ḍ and a different formative or plant-name compound; its ā may preserve an earlier suffix vowel only under the cognacy analysis.	K80 item 3 has no Kui attestation. Kuvi e versus ā is a real dialect/source contrast, not two independent roots. Parji n cannot simply be deleted from reconstruction to obtain a positive case; contact, nasal accretion and an older nasal input remain competing explanations. Badaga muccukikku means veil and is not a relevant tree-name witness.	medium	DEDR 495; K80 table 1 item 3, pp.496–499; parent vowel-lowering audit	core	Target initial-order comparison; literal exchange, assimilation and syncope distinguished in the derivation and language notes	reviewed	2026-09-09
d499	d499	backbiter, tell-tale	regional illāmalli; deeper segmentation unknown	Ø	i	short	ll	geminate	ā	VCCVCCV opaque word	noun	No secure segmentation of the whole word.	Kannada and Telugu both attest illāmalli. Neither supplies an independent ancient simplex or a soundly dated morphological analysis.	low	The observed initial geminate and vowel-first order agree across the two languages; inheritance versus lexical diffusion is unresolved.	No reversal is needed. The word could have circulated intact between neighboring languages; its date relative to Telugu metathesis is unknown.	An opaque identical regional word is a boundary control, not a strong inherited counterexample. Do not reconstruct singleton *il merely by removing one l from its attested spelling.	medium	DEDR 499	regional-opaque-control	No initial displacement required.	reviewed	2026-09-09
d502	d502	descend, lower, sink	*iẓ-i-; *iẓ-k-, *iẓi-(m)pp-, *iẓi-nt(t)-	Ø	i	short	ẓ	singleton	i/zero	VC-i + tense/voice suffixes	verb	Independent comparative tense/voice alternations motivate -k/-p, -nt/-ntt formations; not classes invented from outcomes.	Tamil iẓi with nonpast v/pp and past nt/tt, Kannada iẓi/iẓipu and the retained Parji iṛv and Gadaba iṛg independently establish vowel-first order. K03 pp.188–190 compares velar and labial nonpast stems and nasal past formations.	high	Agreement between SD I and Central Dravidian supports older i–ẓ. The velar is independently present in Toda, Kannada, Parji and Gadaba formations, so Telugu digu does not require an invented velar inserted after metathesis.	K03 p.189 derives *iẓ-g > *ẓi-gg > ḍiggu > ḍigu > digu: displacement, voiced-stop gemination and later degemination. Distinct *iẓ(i)-mpp > ḍimp and *iẓ(i)-ntt > *iẓ(i)-ncc > ḍinc retain old nonpast/past transitive formations. *iẓ-nd > dindu lexicalizes the intransitive past. ẓ > ḍ and later ḍ > d are separate positional developments.	Short i in digu is compatible with a consonantal formative and later degemination; it must not be judged against an invented identical *iẓigV sequence with two vowels. The precise prehistoric suffix paradigm is K03’s reconstruction, not attested Proto-Dravidian. DEDR explicitly labels Gondi forms Telugu loans; K03 p.162 and PSS83 p.234 diagnose Kolami/Naikri borrowing. Naiki extensions remain recipient morphology. Kui d/ḍ transcription differs between Winfield works, noted by DEDR; do not convert that source discrepancy into a dated sound change.	high	K03 pp.162,188–190; K61 pp.52–53 §1.124 as cited by K03; PSS83 p.234; DEDR 502	core	Target initial-order comparison; literal exchange, assimilation and syncope distinguished in the derivation and language notes	reviewed	2026-09-09
d504	d504	pull, drag, pant	*i/īẓ-u-; long and short formations	Ø	i/ī	mixed/uncertain	ẓ	singleton	u	VC-u / VVC-C	verb	Short *iẓ-u and long *īẓ-C formations distinguished; exact inherited quantity conditioning not assumed.	Tamil/Malayalam iẓu, Kannada iẓ/īẓ/eẓe and Konda īṛis independently support a vowel before the apical, but not one invariant original quantity. Telugu īḍucu belongs to the long series; Tamil short iẓu cannot alone fix its exact input.	medium	Several branches agree on vowel-first order. Kui/Kuvi ḍr- may be innovative under cognacy, but the two-consonant onset cannot be derived by a bare swap with a single reconstructed ẓ without an independent consonant history.	Long *īẓ- > Telugu īḍ- with suffix -cu retains order. An independently short *iẓ-k- > *iḍk > igg is a possible medial-assimilation route to iggu; exact cluster details remain conditional. Kui *iẓ-u-p > *ẓip plus ẓ > ḍr, or an earlier local consonant complex, could yield ḍripa; neither is established here. Brahui rūsing may reflect initial-vowel loss from a related u-vowel stem plus its own s extension.	PSS83 p.244 places Brahui rūs among cases compatible with aphaeresis, not among its two stronger reversal cases. Long vowel controls cannot be defined using only modern Telugu length. Toda īṣf is explicitly alternatively compared with d542 īr; its imported Tamil iẓu cross-reference is not a Toda lexeme. Differences among pull, pant and suck formations may also involve distinct morphology.	medium	DEDR 504, including alternative Toda comparison; PSS83 p.244 example 821	core	Target initial-order comparison; literal exchange, assimilation and syncope distinguished in the derivation and language notes	reviewed	2026-09-09
d507	d507	copulate, desire	regional *iẓ-ay- / *iẓ-aŋ-?	Ø	i	short	ẓ	singleton	a	VC-ay / VC-a-NC	verb	Nasal-velar expansion is not independently matched to Tamil -ay or Kannada -as.	Tamil iẓai, Kota iṛ- and Kannada eḷasu favor an initial vowel and apical. Telugu/Kannada/Kolami deŋg has a velar nasal expansion; the imported *deŋ does not establish earlier order.	low	The non-Telugu vowel-first comparison supports a potential displacement history, but the differing expansions and the source’s queried link to d457 iṇai leave exact cognacy less secure.	Conditional *iẓ-aŋk > *eẓaŋk > *ẓēŋk > *ḍēŋg > dẽg requires contraction, ẓ > ḍ > d and shortening/nasal changes. That full suffix input is not independently attested. Kannada deŋgu and Kolami deŋg may reflect Telugu-area diffusion.	Sexual-union vocabulary may spread or undergo expressive restructuring; this is a hypothesis requiring historical distribution, not a reason to exclude a inconvenient form automatically. Do not count Kannada and Kolami as independent innovations or reconstruct their suffix entirely from Telugu.	medium	DEDR 507, queried comparison with 457	cognacy-or-input-uncertain	Target initial-order comparison; literal exchange, assimilation and syncope distinguished in the derivation and language notes	reviewed	2026-09-09
d508	d508	creep, slide along ground	regional *iẓ-ay-; *iẓ-aŋk-?	Ø	i	short	ẓ	singleton	a	VC-ay / VC-a-NC	verb	-ay and -aŋk must remain separate proposed formations.	Malayalam iẓayuka supplies the sole unshifted comparator; Telugu ḍē̃ku/dē̃ku has an additional nasal and velar. The source-level PSTDr label does not prove a wider reconstructed clade.	low	The matching meaning and known vowel-first ẓ roots make earlier *iẓ plausible, but an independently shared nasal-velar derivative is missing.	Conditional *iẓ-aŋk > *eẓaŋk > *ẓēŋk > ḍē̃ku > dē̃ku; dē̃kuru adds further morphology. Malayalam ēyuka can instead reflect medial ẓ loss and vowel contraction while remaining vowel-initial.	Do not use Telugu ē alone as independent evidence for low *a. A second unshifted velar formation or early textual cognate would strengthen this etymology; otherwise separate inheritance from diffusion or accidental semantic resemblance.	medium	DEDR 508	cognacy-or-input-uncertain	Target initial-order comparison; literal exchange, assimilation and syncope distinguished in the derivation and language notes	reviewed	2026-09-09
d512	d512	grow weary, become emaciated	*iḷ-ay-; Telugu *iḷ-a-n-?	Ø	i	short	ḷ	singleton	a	VC-ay / VC-a-n	verb/noun	Low -ay independently observed, Telugu nominal extension differs.	Tamil iḷai/iḷaippu, Malayalam iḷaykkuka and Kannada iḷidu support an initial vowel before lateral. Telugu ēlanna has a different nominal ending.	medium	All secure comparisons begin with a vowel; Telugu ēl retains V–l and provides no evidence for l-initial displacement.	Possible *iḷa-n > *ela-n > ēlanna involves vowel/quantity and nominal strengthening, with original segment order retained. Tamil ciḷai has an additional initial consonant; it may be a related extended form or imply a deeper lost initial, unresolved.	The low-vowel weary formation is an observed retention, but exact Telugu nn and long ē history needs lexical/historical support. Badaga heḷa explicitly competes with d4419; do not use it to reconstruct original h/c.	medium	DEDR 512; Hockings–Pilot-Raichoor 1992 p.610	core	Target initial-order comparison; literal exchange, assimilation and syncope distinguished in the derivation and language notes	reviewed	2026-09-09
d513	d513	young, tender; young person; calf	*i/eḷ-a-; *iḷ-aŋk- and human formations	Ø	i/e	short	ḷ	singleton	a	VC-a + nominal/human suffixes	adjective/noun	Young-person, calf and tender adjective formations are independently distinguishable; no semantic exceptionless law inferred.	Tamil iḷa/iḷam/iḷai, Kannada eḷa/eḷatu and Parji/Gadaba ile/iled independently support vowel-first short root. Exact proto *i versus *e must be separated from the secure relative vowel/lateral order.	high	Agreement of SD I and Central Dravidian makes original V–ḷ more likely than independent vowel insertion into a common l-initial root. Telugu ela provides internal retained evidence without being the sole basis.	Low-vowel derivatives *iḷ-aŋk > *eḷaŋk > *lēŋk > Telugu lē̃ga and *iḷ-ant > *lēnt > lē̃ta illustrate lowering plus displacement and subsequent nasal/stop changes. Telugu ela retains the root in other formations. Human and calf suffixes have distinct histories; Kui lāvenju/Kuvi lāa may preserve a differently ordered lowering/displacement history if correctly cognate.	K80’s reassignment of Kui/Kuvi young-person forms to this family partly relies on the proposed rule, so those forms cannot independently prove that same rule. Konda lēta is explicitly a Telugu loan, whereas lēŋa requires a separate inheritance/contact assessment. PSS83 p.234 labels Kolami/Naikri lēŋga borrowed; Naikri lēta has the Telugu form too. Kurux lidum may be a regional loan or another formation. Telugu nelãta adds n while keeping medial l; it is not simple metathesis. Historical ḷēnṟu titles are being separately checked in DHARMA, not treated as modern independent roots.	medium	DEDR 513; K80 table 1 item 2 and discussion; PSS83 p.234; DHARMA Telugu 00038/00040 (historical appendix)	core	Target initial-order comparison; literal exchange, assimilation and syncope distinguished in the derivation and language notes	reviewed	2026-09-09
d516	d516	descend, bow; landing place	*i/eṟ-a-; *iṟ-aŋk- and *iṟ-av- formations	Ø	i/e	short	ṟ	singleton	a	VC-a-NC / VC-av	verb/noun	The nasal-velar verb and -av landing-place noun have independent comparative support and must be separately tested.	Tamil iṟai/iṟaŋku/iṟakku, Kannada eṟagu, Kodagu əraŋg and Telugu eṟãgu establish short vowel before the alveolar. The displayed elephant *yĀn-ay is a mislinked reconstruction and is excluded.	high	Independent SD I witnesses support older V–ṟ. Telugu port ṟēvu/rēvu is displaced relative to the comparable Malayalam iṟavu valley noun, while Telugu descend/bow preserves the fuller nasal-velar formation.	Conditional *iṟ-av > *eṟav > *ṟēv > historical ṟēvu > rēvu; *iṟ-aŋk > eṟãgu retains order. Gondi ray/rey and Konda ṟe/ṟes are shortened/extended displaced stems. Tulu ija beside japp/jāp suggests local initial-vowel loss plus ṟ-related consonant changes; an exact history is not a bare r swap.	The database dates Old Telugu ṟēvu to tenth-century place names; these are source assertions pending inscription-level identification. Pengo jū has an unexplained vowel under a uniform low-a rule. K80 proposes moving some d2456 Kui jāpa/Manda forms here: treat that as a cognacy hypothesis, not an extra certain row. Irula ṟaŋgu may reflect local aphaeresis or contraction and has short/long variants. Toda hair-vow compound is explicitly borrowed from Tamil, distinct from inherited direction/swallow forms.	medium	DEDR 516; K80 table 1 item 5 and reassignment discussion; original DEDR historical labels	core	Target initial-order comparison; literal exchange, assimilation and syncope distinguished in the derivation and language notes	reviewed	2026-09-09
d517	d517	prawn, shrimp	*i/eṟ-a/v/y-; exact nominal formation uncertain	Ø	i/e	short	ṟ	singleton	a	VC-a-v / VC-V-y	noun	Southern -av and eastern -y noun formations are related hypotheses, not one unexamined suffix.	Tamil iṟavu/iṟā and Malayalam iṟāvu support vowel-first alveolar order. Tulu eṭṭi has an additional geminate/consonant history. The prawn reconstructions mislinked to d533 are related scholarly proposals, not fly inputs.	medium	Southern vowel-first names favor earlier V–ṟ, making Telugu reyya/royya plausibly innovative. Regional rēy nouns could nevertheless have spread after a single change.	Possible *iṟ-ay > *eṟay > *ṟēy > reyya with gemination/shortening; royya additionally requires vowel rounding or an independently rounded variant. Tamil -av and eastern -y are not silently assumed identical. Konda ṟeyo preserves distinct alveolar transcription.	The o in royya is not predicted by a uniform *i+a > ē account; contact or rounding needs independent evidence. Gondi Koya and Gadaba reyya are especially close to Telugu and remain contact candidates. Parji rēḍa has a different consonant ending; its inheritance versus regional diffusion needs historical support. No separate root counts for dialect variants.	medium	DEDR 517; prawn *eṯ-V-y reconstruction is mislinked under d533 in Jambu	core	Target initial-order comparison; literal exchange, assimilation and syncope distinguished in the derivation and language notes	reviewed	2026-09-09
d520	d520	break, snap	*iṟ-u-; eastern *iṟ-aŋk / *iṟ-ek-p?	Ø	i	short	ṟ	singleton	u/unknown	VC-u / VC-NC / VC-C-p	verb	High-u southern stem distinguished from eastern nasal/causative expansions.	Tamil iṟu and Malayalam iṟuka independently establish a high-u formation and vowel-first alveolar. Telugu iriyu differs in final vowel, while Kui renga/repka contains additional consonantal morphology.	medium	The southern comparison plus Kurux e-initial cognates favors earlier initial vowel. Kui initial r is plausibly displaced but its exact formative vowel is not established from the southern u verb.	Telugu *iṟ-i > iriyu retains order. Kui *iṟ-Vŋk > reng and *iṟ-Vk-p > *rekp > repk could reflect initial displacement followed by a morphologically motivated k/p exchange. The first operation’s vowel history is underdetermined; the second is explicitly given in DEDR.	Do not infer a low formative from Kui e alone. Kurux esnā/eṣ-type consonant development is separate and does not erase the initial vowel. The published underlying rek-p and past rekt provide stronger direction evidence for consonant-cluster metathesis than this set provides for the exact earlier initial vowels.	medium	DEDR 520; explicit Kui <rek-p-, past rekt- in source	core	Target initial-order comparison; literal exchange, assimilation and syncope distinguished in the derivation and language notes	reviewed	2026-09-09
d524	d524	be tight, squeeze, narrow place	*iṟ-u-k(k)-; other *iṟ-V formations	Ø	i	short	ṟ	singleton	u	VC-u-k(k)	verb/noun	The -uk(k) formation is independently matched across Tamil, Kannada and Telugu.	Tamil iṟuku/iṟukku, Kannada iṟuku and Telugu iṟuku independently support the same high-u velar expansion. Konda iRku/iṟmu and Kota irg/irk corroborate vowel-first order after syncope.	high	Broad southern and Konda agreement supports retained V–ṟ. Medial apical loss in ikku-type words is distinct from movement to word onset.	*iṟ-uk > Telugu iṟuku; syncope *iṟ-k > ikk can produce ikku/ikkaṭṭu by medial assimilation. *iṟ-m > imm is a plausible route in immudappu; ibbandi has additional unexplained morphology. Kui ṛuhpa may reflect initial loss before a retained u vowel or a separately formed displaced stem.	Kui u does not demonstrate a vowel swap from the independent i/u input: aphaeresis preserves the second vowel directly. Telugu iṟi/iṟiyu retain high-i formations too. The complex adversity nouns must not be counted as independent retained roots or assumed fully derived merely from semantic similarity.	medium	DEDR 524	core	Target initial-order comparison; literal exchange, assimilation and syncope distinguished in the derivation and language notes	reviewed	2026-09-09
d527	d527	lord, king, husband	*i/eṟ-ay-; human *iṟ-ay-anṟu	Ø	i/e	short	ṟ	singleton	a	VC-ay + human suffix	noun	Human suffix and bare title distinguished; exact prehistoric ending reconstructed, not attested.	Tamil iṟai/iṟaivaṉ and Kannada eṟe/eṟeya establish vowel-first low-ay input independently. Telugu historical eṟa is a retained title, while ṟē̃ḍu incorporates a human ending.	high	Independent SD I agreement plus historical Telugu eṟa favors older vowel before alveolar. The displaced extended title is not a reason to reclassify the bare historical title as noncognate.	*iṟ-ay-anṟu > *eṟayanṟu > *ṟēyanṟu > ṟē̃ḍu is a plausible schematic path; exact y loss and human-ending assimilation require their own chronology. Malayalam iṟān > rān can instead result from aphaeresis.	DEDR identifies eṟa in a seventh–eighth-century Nellore inscription, citing Master BSOAS 12:351. This date belongs to that source claim pending primary inscription check. The singular/human morphology is independently motivated, but no blanket claim that all human suffixes trigger metathesis follows.	medium	DEDR 527; Master BSOAS 12:351 cited there; K03 *eṯ-ay-anṯu reconstruction in corpus	core	Target initial-order comparison; literal exchange, assimilation and syncope distinguished in the derivation and language notes	reviewed	2026-09-09
d528	d528	eaves, roof, edge	*i/eṟ-ay-; *iṟ-ak- roof formation	Ø	i/e	short	ṟ	singleton	a	VC-ay / VC-ak; second compound member	noun	Telugu relevant root occurs as second compound member; southern velar and labial expansions independently matched.	Tamil iṟai/iṟappu, Malayalam iṟa and Kannada eṟake/eṟakil establish initial vowel and low formative; Kodagu ərakɨ corroborates the velar roof formation.	high	The southern vowel-first forms make Konda ṟēkam, Kui rēpa and Pengo jēgom likely innovations. Telugu retains eṟa as the second member of a well-parapet compound.	Possible *iṟ-ak > *eṟak > *ṟēk > Konda ṟēkam/Pengo jēgom, followed by local consonant/ending changes. Kui rēpa has a labial formation, compared with Tamil iṟappu. Telugu talli-y-eṟa retains the vowel of the second member, with a boundary glide.	This Telugu attestation tests a compound-medial environment, not necessarily the rule’s word-initial domain. It must remain in the dataset but separate from free simplex counterexamples. Badaga topographic names multiply records without multiplying roots; only ere and ere mane are direct lexical witnesses.	medium	DEDR 528	core	Target initial-order comparison; literal exchange, assimilation and syncope distinguished in the derivation and language notes	reviewed	2026-09-09
d529	d529	meat, eat meat	*iṟ-ay-cci / *iṟ-a-cci	Ø	i	short	ṟ	singleton	a	VC-a-cc-i	noun/denominal verb	The -acci noun is independently matched; Konda shorter verbal formation cannot test precisely the same full input.	Tamil iṟacci, Malayalam iṟacci and Kodagu eraci independently support a low-vowel nominal formation; Telugu eṟaci matches it closely.	high	Independent southern agreement supports vowel-first ordering; Konda ṟe is innovative if its eat-meat verb is derived from this noun/root.	*iṟacci > *eṟacci > Telugu eṟaci through lowering and degemination without initial displacement. Konda *iṟ-a > *ṟē > ṟe could be a displaced shorter verbal formation, but its exact derivational relation is not given by the noun alone.	This is a strong retained low-formative comparison. The later cc does not make the eligible first apical geminate. Pengo jey explicitly competes with d2549 sprout, so it cannot be a certain metathesis success in this family. Tamil iṟṟi is a separate strengthened noun variant.	medium	DEDR 529; K03 *iṯ-ay-cci reconstruction in corpus	core	Target initial-order comparison; literal exchange, assimilation and syncope distinguished in the derivation and language notes	reviewed	2026-09-09
d533	d533	fly, bee	*ī; formations with -p/-k and compounds	Ø	ī	long	Ø	absent	none	V long root + nominal extensions	noun	Compound first members and simplex nominal extensions distinguished.	Tamil ī, Malayalam īcca, Kota īp and Toda īpy support a vowel-only long root with distinct extensions. Telugu ī̃ga has a velar/nasal formation. Prawn *eṯ-V-y under this entry is a mislinked reconstruction.	high	There is no reconstructed initial vowel–apical sequence to reverse in the fly simplex. Initial consonants in honey/flower compounds belong to their first members, not a moved segment of ī.	Telugu *ī-Nk > ī̃ga retains initial long vowel. Kolami/Naikri nīŋga may add n or preserve a different formation. Tamil tēṉ-ī, Gondi pʰuk+ī, Kui pūk+i and Kurux tīn+ī are compounds, not evidence for original *tēn as the fly root.	The imported *tēn fly/bee reconstruction conflates compound material with the simplex hypothesis unless independently argued. Brahui hīṛ̆ẖ has prothetic/extended consonants requiring its own history. Tulu ippi is strengthened and denotes fly eggs. Latin Bombinatrix glabra is not a Telugu word. These are scope controls, excluded from the apical denominator.	medium	DEDR 533	outside-target-control	No eligible apical in the inherited simplex; compound and extension histories separate.	reviewed	2026-09-09
d561	d561	finger/toe nail; finger	regional *ukir, *gōr/*kōr, *or-kk; deeper order unresolved	Ø	u/o	mixed/uncertain	k	singleton	i/u/unknown	VC-VC / CVC / VC-CC regional formations	noun	Multiple regional formations recorded; no fully specified single Proto-Dravidian input asserted.	Tamil/Malayalam ukir, Kannada ugur and Tulu uguru establish southern vowel–velar–vowel–rhotic. Telugu/Konda gōru, Central Dravidian gōr and Brahui hōr form another regional set; Kurux orᵒx and Malto orgu have r before velar. K03 p.484 deliberately lists distinct regional reconstructions.	low	The broad southern sequence favors *ukir for SD I, but cannot by itself decide whether all gōr and ork forms arose from that exact proto-input. A universal *okar selected to yield gōr would use the outcome to choose the second vowel.	Conditional *ok-ar > *ko-ar > kōr > gōru would require exceptional displacement of a velar, contraction and voicing. Alternatively a separate *kōr stem and an expanded southern *ukir need a deeper morphological/phonological explanation. Kurux/Malto could show *ukir > *urk > ork with liquid/velar reversal, but inherited *ork is also possible; direction is not fixed.	This is not evidence that the ordinary Telugu apical condition freely extends to k. The same gōr family spans several subgroups and Brahui, so a late Telugu-only event is insufficient. Kui unguli looks like an Indo-Aryan finger term and must be checked against the original source instead of counted as a conservative ukir reflex. Parji gēri has a separate vowel history. Related d926/d2257 comparisons remain to adjudicate.	medium	DEDR 561; K03 pp.109,484; PSS83 exceptional *okar discussion	exceptional-nonapical-input	Competing regional reconstructions; nonapical displacement and internal consonant reversal remain hypotheses.	reviewed	2026-09-09
d570	d570	suspending cord, load-rope knot	regional *ukk/ugg-; relation to *uṟ-V unresolved	Ø	u	short	kk	geminate	unknown	VCC-V nominal formations	noun	Nominal expansions are regional; deeper apical reconstruction is not treated as established.	Kannada ugga/ukkaḍa, Telugu uggamu and Tulu oggi establish a geminate velar regional cord name. The displayed **uṯVkV depends on a deeper comparison with d708, not on an apical attested in these core reflexes.	medium	All present lexical witnesses are vowel-initial; an earlier apical plus assimilation is a hypothesis needing the separate d708 comparison.	Regional *ugg > Telugu uggamu/Kannada ugga involves nominal endings, not initial displacement. Naiki ugur/uggur/ogur shows consonant strength and vowel variation, with a rhotic after the velar.	Tamil ukkam is explicitly a Telugu loan and supplies no independent proto-input. A related Prakrit ukkā well-lever term is cited by DEDR, leaving diffusion direction and scope open. Count as a geminate/control formation, not an independently established singleton apical counterexample.	medium	DEDR 570 and its comparisons with d708 and Prakrit ukkā	input-or-contact-uncertain-control	Target initial-order comparison; literal exchange, assimilation and syncope distinguished in the derivation and language notes	reviewed	2026-09-09
d572	d572	finger ring	regional *uŋgar- / *uŋgur-	Ø	u	short	ŋg	nasal-stop-cluster	a/u	VNCVC regional noun	noun	Whole regional noun; shorter variants result from medial syncope.	Kannada uŋgara/uŋgura, Telugu uŋgaramu and Badaga ungara agree on an initial nasal–velar cluster after the vowel. The displayed pestle *ula-kk-V is wrongly linked and is not evidence for a lateral input.	high	The regional forms support vowel–ŋg order; shorter uŋgra lacks only the medial vowel and does not reverse segments.	*uŋgara > uŋgra through medial syncope, independently attested beside fuller Kannada and Telugu forms. Tulu uŋgila and Naiki uŋgriyam have distinct vowel/liquid and suffix histories.	Identical regional ring names may diffuse, so their agreement is not proof of Proto-Dravidian antiquity. Toda ugorm is explicitly borrowed from Badaga. This is an outside-apical control that the erroneous pestle head would otherwise make appear relevant.	medium	DEDR 572; Hockings–Pilot-Raichoor 1992 p.62	outside-target-control	Medial vowel deletion, not metathesis.	reviewed	2026-09-09
d586	d586	body, belly	*uṭ-al / *uṭ-amp-; expressive belly formations	Ø	u	short	ṭ	singleton	a	VC-al / VC-a-mp	noun	Body -al and -amp expansions independently observed; expressive potbelly derivatives not assumed identical.	Tamil uṭal/uṭampu, Malayalam uṭal and Kannada oḍal independently support vowel-first retroflex with low second vowel. Konda oṛol and Kota oṛḷ preserve the same consonant order.	high	Broad vowel-first body nouns favor original V–ṭ. Telugu oḷḷu contains later medial assimilation from oḍalu, not initial movement of ḍ.	*uṭ-al > *oḍal > Telugu oḍalu > oḷḷu via medial-vowel loss and retroflex/lateral assimilation. Kannada ḍoḷḷu/doḷḷu and Tulu ḍoḷḷu/ṭoḷḷu could involve aphaeresis/displacement plus expressive strengthening, but may instead be separately expressive belly words.	The independently matched low-a body noun is a substantive Telugu retained-order case. The southern consonant-initial potbelly forms should not be counted as inherited metathesis until their derivation or early attestations are established. Toda v before its reflex is prothesis, not movement of the medial retroflex. Badaga bodily cloth compounds do not create new root evidence.	medium	DEDR 586	core	Telugu medial assimilation; southern initial-loss/expressive alternatives unresolved.	reviewed	2026-09-09
d536	d536	winged termite	*īc-al / *īy-al; Telugu i/u-vowel variants	Ø	ī	long	c/y	singleton	a	VVC-al	noun	Lateral noun formation and singular/plural alternation separate from the palatal root.	Tamil īcal/īyal, Malayalam īyal and Kannada īcal support a long initial vowel and medial palatal/glide, followed by a lateral suffix. Telugu isuḷḷu/usiḷḷu differs in quantity, vowel quality and lateral strengthening.	medium	Southern long ī followed by c/y precedes the later lateral, whereas Telugu has short i/u. The two Telugu variants differ in the order of their vowels, not initial promotion of an apical.	Conditional *īcal > *ical > *isalu > isuḷḷu requires shortening, palatal weakening, rounding and morphological strengthening; this is not a fully demonstrated chain. isuḷḷu versus usiḷḷu is compatible with vowel-order reversal or assimilatory variation. Singular usiḍi and plural usiḷḷu require a separate ḍ/ḷḷ paradigm.	Do not infer the direction of i/u reversal from which variant is listed first. Earlier Telugu attestations or dialect paradigms could distinguish vowel metathesis from rounding/unrounding. DEDR compares fly d533, so conservative sensitivity may group insect-root formations, without assuming full identity.	medium	DEDR 536 p.53 directly checked	other-process-control	Possible vowel metathesis or vowel-quality variation; initial-apical rule inapplicable.	reviewed	2026-09-09
d545	d545	slight, minute	regional *īr	Ø	ī	long	r	singleton	none	VVC free/bound adjective	adjective/noun	No following formative vowel in the root; -mai belongs to a derived Tamil noun.	Tamil īr/īrmai and Telugu īr independently attest a long initial vowel before rhotic.	high	Both languages preserve V–r and long quantity; there is no displaced form in this entry.	*īr > īr, with Tamil -mai nominal formation. Telugu īr occurs before sunlight/voice nouns, so compound/attributive behavior is explicit.	Only two languages attest the root here; borrowing or restricted antiquity cannot be excluded from this small set. It is a long-vowel/root-shape control, not a guaranteed Proto-Dravidian negative.	medium	DEDR 545 p.53 directly checked	long-root-control	Target initial-order comparison; literal exchange, assimilation and syncope distinguished in the derivation and language notes	reviewed	2026-09-09
d558	d558	be pleased, love; affection	*uk-a / *uv-a; possible Telugu gōmu comparison	Ø	u	short	k/v	singleton	a	VC-a + nominal extensions	verb/noun	Distinct nominal/compound extensions; no independent common *ukam reconstructed.	Tamil uka/uva and Kota og support a vowel-first root with velar/labial correspondence. Malayalam uvakka and Telugu uvvāyi support a labial series. Kannada ō is compatible with medial consonant loss.	medium	Multiple southern witnesses support vowel before k/v, but DEDR explicitly questions the Telugu gōmu comparison. Its initial g does not establish a historical velar swap.	Tamil uvakai > ōkai is explicitly contraction after medial consonant loss. A hypothetical *uk-am > *kōm > gōmu would require velar displacement and contraction, but the matching -am formation is not independently supplied by this set.	Keep gōmu uncertain instead of creating an exception to the apical condition from a queried cognate. Telugu uvviḷ-ūru compounds retain initial uv; their additional lateral and light-verb material must not be treated as root consonants. Kannada ose and the Kota lover compounds are also queried in the original source.	medium	DEDR 558 p.55 directly checked	exceptional-nonapical-input	Target initial-order comparison; literal exchange, assimilation and syncope distinguished in the derivation and language notes	reviewed	2026-09-09
d560	d560	sandpaper, toothbrush and related tree names	regional *uk-a / *uv-a; Kannada *og-an-	Ø	u/o	short	k/v	singleton	a	VC-a / VC-a-n	noun	Kannada nasal ending differs from southern bare -a tree name.	Tamil ukā/uvā, Malayalam uka-maram and Telugu uvva support vowel-first tree-name variants. Kannada ogani/uguni beside gōṇi/gōnu supplies internal initial-order variation with a nasal formation.	medium	Independent vowel-first velar forms favor earlier uk/og in the relevant regional tree-name family; exact cognacy is weakened by several botanical identifications and differing extensions.	Conditional Kannada *og-an > *gōn > gōṇi/gōnu resembles nonapical displacement with contraction. Alternative initial-vowel loss plus lengthening or loan adaptation remains possible. Telugu *uv-a > uvva retains initial order and strengthens the labial.	A Kannada velar case cannot automatically establish the Telugu apical rule. Careya, Dillenia, Salvadora and Aleurites identifications differ in the original source; botanical-name transfer must be evaluated before asserting one inherited etymon. Latin Careya arborea is not a Malayalam lexeme.	medium	DEDR 560 p.55 directly checked	exceptional-nonapical-input	Target initial-order comparison; literal exchange, assimilation and syncope distinguished in the derivation and language notes	reviewed	2026-09-09
d562	d562	shed, spill, pour	*uk-u; *uk-ipp / *uk-upp transitive formations	Ø	u	short	k	singleton	u/i	VC-u / VC-V-pp	verb	Transitive -pp formation supported by Tulu ugipu; exact i/u formative correspondence remains open.	Tamil uku and Kannada ugu corroborate vowel-first velar root. Tulu ugipu directly supports an expanded transitive formation beside guppuni; Telugu guppu shares the latter consonant-first shape.	medium	Independent southern vowel-first roots and Tulu ugipu favor an earlier initial vowel in the family. Exact cognacy of the formerly separate guppu entry is a published DEDR merger, not established by shape alone.	Possible *uk-upp > *ku-upp > kupp/g upp with contraction, or *ugipp > gipp/gupp by initial loss plus vowel adjustment. Telugu ūcu can reflect a different suffix/cluster development with a surviving initial vowel; it is not the retained exact counterpart of guppu.	The Tulu/ Telugu transitive pair is a serious nonapical comparison, but homogeneous u vowels leave literal exchange versus aphaeresis weakly identifiable. Parji uy/uv can arise through medial velar weakening. A distinct expressive throw verb or contact between Tulu and Telugu remains to rule out; do not settle it by labeling every g-initial form metathesis.	medium	DEDR 562 p.55 directly checked; DEN1 merger of old DED 1443 into 480	exceptional-nonapical-input	Target initial-order comparison; literal exchange, assimilation and syncope distinguished in the derivation and language notes	reviewed	2026-09-09
d587	d587	wear clothes; clothing	*uṭ-u-; *uṭ-upp- clothing noun	Ø	u	short	ṭ	singleton	u	VC-u-pp	verb/noun	Labial clothing noun and transitive paradigm independently visible across branches.	Tamil uṭu/uṭuppu, Malayalam uṭuppu and Kannada uḍu/uḍupu independently support matching u vowels and a labial clothing formation. Telugu uḍupu directly matches this series.	high	SD I and Konda/Gondi/Pengo/Manda vowel-first forms agree; no initial apical promotion is necessary even where medial vowels or consonants are lost.	*uṭ-upp > Telugu uḍupu through voicing/lenition, retaining order. Syncope gives Konda uRpa and Pengo uspa; local apical weakening gives Manda uhpa. These histories remove/alter the medial consonant while leaving the initial vowel.	Same-vowel u+u is not sufficient to trigger contraction/displacement: this is a direct counterexample to application of such a blanket rule. Indo-Aryan *ōḍḍh clothing words are linked contact comparisons and do not determine the Dravidian reconstruction. Toda non-Toda dress noun may reflect cultural diffusion and does not add a separate root.	medium	DEDR 587; DEN1 p.401 additions; linked CDIAL 2547 kept separate	core	Target initial-order comparison; literal exchange, assimilation and syncope distinguished in the derivation and language notes	reviewed	2026-09-09
d588	d588	boil, heat	regional *uṭ-uk- / *uṭ-ik-; deeper *uṭ-V	Ø	u	short	ṭ	singleton	u/i	VC-V-k	verb/noun	Velar heat formation regional; causative i versus base u may be morphological.	Telugu uḍuku/uḍikincu, Gondi uḍk ēru and Kuvi uḍku show vowel-first retroflex-plus-velar heat words; Kurux uṛturnā supports a related vowel-first root with a different extension.	medium	The available roots all retain V–apical order. Gondi/Kuvi may have borrowed the Telugu regional heat word, so they do not independently prove its high second vowel.	Telugu *uḍ-uk > uḍuku; syncope produces uḍk in hot-water compounds. Kurux *uṭ-t > uṛt is a separate derivative/correspondence hypothesis, not a displaced form.	The apparent Tamil udku is actually Keikadi quoted by Hislop and explicitly < Telugu. Keikadi has no resolved research language mapping here; preserve the source observation separately rather than count it as inherited Tamil. Bibliographic fragments parsed as Tamil are excluded.	medium	DEDR 588; Hislop Keikadi note in source	core-formation-uncertain	Target initial-order comparison; literal exchange, assimilation and syncope distinguished in the derivation and language notes	reviewed	2026-09-09
d589	d589	hourglass drum	regional *uṭ-ukk-ay	Ø	u	short	ṭ	singleton	u	VC-u-kk-ay	noun	Regional instrument noun; deeper morphological segmentation and direction of diffusion unresolved.	Tamil uṭukkai, Malayalam uṭukka, Tulu uḍuku and Telugu uḍuka independently match vowel-first retroflex with a high-u velar extension.	high	All forms retain initial vowel and medial apical. Sanskrit huḍukka/huḍukkā cited by DEDR raises contact and ultimate-origin questions; no modern language is assumed the original donor.	Regional *uṭukkay gives uṭukkai/uṭukka/uḍuku/uḍuka through local voicing, degemination and ending changes; no initial displacement is required.	A structural same-vowel control, but antiquity relative to metathesis is not known. Its later kk is distinct from the first singleton ṭ. Do not call the target apical geminate simply because the noun has a geminate later in the word.	medium	DEDR 589; Sanskrit huḍukka comparison	contact-chronology-control	Target initial-order comparison; literal exchange, assimilation and syncope distinguished in the derivation and language notes	reviewed	2026-09-09
d590	d590	squirrel	regional *uḍ-ut-V	Ø	u	short	ṭ/ḍ	singleton	u	VC-u-t-V	noun	Whole regional animal name; final dental expansion independently shared.	Kannada uḍute and Telugu uḍuta agree on vowel-first uḍu with a dental ending. The comparison with d713 uṟukku is explicitly cross-referenced, not yet established as identical morphology.	medium	Both neighboring languages have the same vowel/apical order; no independent displaced shape is present.	Regional uḍutV > uḍute/uḍuta through final-vowel variation, retaining order.	Two-language distribution permits lexical diffusion. A broader squirrel comparison is needed before asserting Proto-Dravidian antiquity or using this as a decisive inherited exception. Do not manufacture gemination or a low vowel to explain its retention.	medium	DEDR 590, compare d713	regional-control	Target initial-order comparison; literal exchange, assimilation and syncope distinguished in the derivation and language notes	reviewed	2026-09-09
d592	d592	monitor lizard	*uṭ-ump-; regional velar and labial formations	Ø	u	short	ṭ	singleton	u	VC-u-mp	noun	Southern nasal-labial noun independently matched; central velar expansion separately recorded.	Tamil/Malayalam uṭumpu, Kodagu uḍumbɨ and Telugu uḍumu directly support a u-vowel labial-nasal animal name. Central Dravidian uḍug/uṛug has a distinct velar expansion.	high	Widespread vowel-first names, including Gondi/Konda, support older u–ṭ order independent of Telugu.	*uṭ-ump > Telugu uḍumu involves medial voicing and loss/assimilation of the labial stop after m, without initial displacement. Konda uṟbu and Gondi urpal involve syncope and apical/labial changes; Kolami uḍug is a different suffix formation.	Another same-vowel u+u retention in an independently matched inherited-looking formation. Source identifications include monitor, pangolin and anteater; DEDR itself questions one pangolin meaning. Those zoological uncertainties may affect individual cognacy but cannot erase the stable southern monitor comparison. Naikri h is prothetic; Irula i/u differs while order is retained.	medium	DEDR 592; K03 *uṭ-ump reconstruction	core	Target initial-order comparison; literal exchange, assimilation and syncope distinguished in the derivation and language notes	reviewed	2026-09-09
d593	d593	property; owner, lord	*uṭ-ay-; *uṭ-ay-an human and *uṭ-am property forms	Ø	u	short	ṭ	singleton	a	VC-ay + human/nominal suffixes	noun	Possession -ay and human endings independently supported; no outcome-defined morphological class.	Tamil uṭai/uṭaimai/uṭaiyāṉ, Malayalam uṭaya/uṭama, Kannada oḍeya/oḍame and Telugu oḍami/oḍayãḍu independently support the low-ay possession formation.	high	Several southern languages agree in initial vowel before retroflex; Telugu owner nouns preserve this sequence even with a human ending comparable in function to displaced lord d527.	*uṭ-ay > *oḍay through lowering before a, followed by nominal/human suffixes, gives Telugu oḍayãḍu/oḍayũḍu without initial displacement. *uṭ-am > oḍami/oḍame gives property nouns. Kota oyṛm may reflect glide/apical reordering locally; this does not move the apical before the first vowel.	This directly limits a claim that low-a or human morphology alone determines Telugu application. Kurux ūṇḍrī/ū̃ṛī requires nasal and suffix history and is less secure as the exact same formation. Old Marathi oḍēra is a contact comparison, not evidence for Proto-Dravidian order. Homophonous wear uṭu d587 may be historically related but is not automatically merged.	medium	DEDR 593; Old Marathi comparison cited there	core	Target initial-order comparison; literal exchange, assimilation and syncope distinguished in the derivation and language notes	reviewed	2026-09-09
d648	d648	speak, roar, pant; silence	*ur-ay / *ur-a; nasal-palatal extensions	Ø	u	short	r	singleton	a	VC-ay / VC-a-NC	verb/noun	Negative gerund and nasal-palatal pant/prattle formation distinguished; exact suffix ancestry unresolved.	Tamil urai/ura, Malayalam ura/urekka and Kannada ore establish a low-vowel speech formation; Parji ur groan independently preserves vowel-first root order.	medium	The independent southern and central comparison supports older u–r; Telugu uraka retains that order alongside rō̃ju/rō̃juḍu.	Possible *ur-añc > *orañc > *rōñc > rō̃ju requires a nasal-palatal formative not fully matched here. Telugu uraka/ūraka is source-analyzed as a negative gerund and retains the initial vowel; its length is not evidence for displacement. roda has an additional dental and may have a separate expressive or contact history.	Negative morphology could contribute to retention, but a single family does not establish a rule that negation blocks metathesis. Gondi ronjānā may share the derived stem or borrow it. Codagu answer has an explicit alternative comparison with d650; the noisy/expressive series cannot be unified just by broad speech semantics.	medium	DEDR 648	core	Target initial-order comparison; literal exchange, assimilation and syncope distinguished in the derivation and language notes	reviewed	2026-09-09
d649	d649	strength, firmness, coarseness	*ur-a-; *ur-k- and *ur-aṭ- formations	Ø	u	short	r	singleton	a/zero	VC-a / VC-k / VC-aṭ	noun/adjective/verb	Velar strength noun is independently represented by Kannada urku, rather than invented from Telugu kk.	Tamil ura/uram/uravu, Malayalam uram and Kannada urku/oraṭu establish a vowel-first strength root. Kannada urku beside ukku independently shows the medial cluster potentially underlying Telugu ukku.	medium	The full southern forms and Kannada urku support r after u, with later loss/assimilation in ukku; they do not require r ever to have moved to word onset.	*ur-k > *ukk > Telugu ukku, with a velar expansion and assimilation/loss of r. Kannada oraṭu > orṭu/uṭṭu supplies a parallel dental-cluster development. Toda pith ūṇ requires different nominal/nasal history.	Telugu ukku hides the root rhotic, but its retained initial vowel favors medial assimilation over a concealed initial metathesis. The homophonous steel word d661 has a related heat/melting analysis; merge these only as a sensitivity scenario, not an established etymology of strength from steel.	medium	DEDR 649	core	Medial cluster assimilation; no initial displacement.	reviewed	2026-09-09
d651	d651	mortar	*ur-al; compounds with stone	Ø	u	short	r	singleton	a	VC-a-C	noun	Simplex -al noun independently matched; compound stone material not part of its target domain.	Tamil/Malayalam ural and Kannada oral/oraḷ independently support short u/o before r and low a after it. Tulu oralɯ/uraḷɯ supplies a fourth southern comparison.	high	Independent agreement supports earlier vowel-first ural, making Telugu rōlu a strong displacement-family case. The displayed *uram-kkal grinding-stone compound is not silently substituted for the simpler mortar noun.	*ur-al > *or-al > *rōl > Telugu rōlu. Literal *roual contraction versus lowering/assimilation followed by initial-vowel loss is not uniquely recoverable. Kannada oral > orḷu > oḷḷu instead loses/assimilates the medial rhotic and retains the initial vowel. Kota oḷkāl contains stone-compound morphology.	Telugu ṟōlu versus rōlu has an alveolar/rhotic transcription issue: original non-Telugu ural supports r, and a separate Telugu r/ṟ history is required. Do not use the later spelling to reconstruct original *ṟ. The d665 rub comparison may make this a derivative of the same root; family sensitivity must collapse mortar and rubbing when assessing independence.	medium	DEDR 651; PSS83 p.234 example 780; K61 vowel-initial section	core	Target initial-order comparison; literal exchange, assimilation and syncope distinguished in the derivation and language notes	reviewed	2026-09-09
d655	d655	noose, snare	*ur-i/u; *ur-ul and related extensions	Ø	u	short	r/ṟ	singleton	i/u	VC-V / VC-V-l	noun/verb	Different noose and verbal extensions distinguished.	Malayalam uṟi, Kannada uril/urul and Telugu uri/urulu preserve vowel-first order; exact original r/ṟ and formative i/u vary in the comparison.	medium	Southern and Konda/Kuvi vowel-first forms favor older u–rhotic, while Kui ruhu/rusu probably lost the initial vowel or displaced the rhotic in a separately extended stem.	Telugu uri retains order; urulu/uralu adds a lateral extension. A possible *ur-c > ucc underlies uccu, but this extension is not directly reconstructed from the noose noun alone. Kui *uru-s > ru-s can be aphaeresis; homogeneous vowels cannot independently show exchange. Kuvi huru adds an initial h before the retained u–r sequence.	Kuvi short, long and strengthened-r variants are separate dialect/source observations, not separate roots. Konda ūri lengthens without metathesis. Possible d582 linkage noted by DEDR may alter the deeper analysis; retain uncertainty rather than count uccu as proof of an original palatal.	medium	DEDR 655	core	Target initial-order comparison; literal exchange, assimilation and syncope distinguished in the derivation and language notes	reviewed	2026-09-09
d656	d656	burn, heat, sweat, grief	*ur-u / *ur-i; nominal *ur-u-m and other extensions	Ø	u	short	r	singleton	u/i	VC-V + heat/sweat formations	verb/noun	Heat, sweat, causative and intensive formatives are not a single invariant V2 environment.	Tamil uru/uruppu/urumam, Kannada uripu/urupu, Tulu uri and Central Dravidian urj establish a vowel-first heat root. Its formatives independently vary between i and u.	high	Agreement of southern and central branches favors earlier u–r; eastern rū/rund stems are innovative under cognacy. Telugu uriyu and uralu retain the original order.	A same-u formation *ur-u > *rū can yield Konda rūṇ(u), Kuvi rūh and Pengo rūmi/rūc with further suffixes; shorter Kui ru/rut and Manda rund need distinct cluster/quantity histories. Telugu ummalincu may continue *ur-m with medial assimilation, not initial displacement.	The exact suffix of Konda summer sweat and Pengo sweat is not recoverable from a generic burn root alone. Hume’s earlier VLV > LV example is therefore a family-level generalization, not proof that every *uri derivative moved. Brahui hushing may involve prothesis and consonant change but the r history is unclear. Toda yry contains a vowel represented y, not an initial palatal consonant.	medium	DEDR 656; Hume 2004 p.226 VLV > LV discussion	core	Target initial-order comparison; literal exchange, assimilation and syncope distinguished in the derivation and language notes	reviewed	2026-09-09
d657	d657	form, shape, beauty	regional *ur-u/v; possible adaptation of Sanskrit rūpa	Ø	u	short	r	singleton	u/a	VC-u-v	noun/verb	Labial shape formation; possible borrowing must precede assigning a Proto-Dravidian class.	Tamil urupu/uruvu, Malayalam uruvam and Telugu uruvu/uravu share a vowel-first shape-word family. DEDR explicitly queries derivation from Sanskrit rūpa.	low	Under inherited analysis the attested regional order is u–r; under borrowing analysis it could arise from prothesis/adaptation of initial rū-. Neither should be silently treated as established.	Regional uru-v gives Telugu uruvu and related forms without metathesis. A loan route rūpa > *urūpa > urupu/uruvu requires prothesis, shortening and labial weakening; evidence here does not select that chain over inherited morphology.	This is a direction-sensitive loan control: treating Tamil urupu as necessarily conservative could reverse the history. Badaga bathing compound urugaṭṭu may have another ancestry; use the simplex uru only as a form witness.	medium	DEDR 657, explicit ? < Skt. rūpa-	loan-or-inheritance-uncertain	Target initial-order comparison; literal exchange, assimilation and syncope distinguished in the derivation and language notes	reviewed	2026-09-09
d658	d658	ripen, mature, become grey	regional *ur-u / *ur-i	Ø	u	short	r	singleton	u/i	VC-V	verb	V2 alternation independently observed; common verbal formation not fully reconstructed.	Tamil uru ripe and Telugu uriyu agree on vowel-first rhotic with different final vowels. Tulu urve unripe is explicitly queried by DEDR.	medium	Both secure languages retain original-looking u–r order; no initial displacement is observed.	Tamil *ur-u > uru; Telugu *ur-i > uriyu with final glide/vowel morphology, without reordering.	The distinct final vowels prevent treating the two words as the same fully specified u+u input without morphological reconstruction. Queried Tulu unripe semantics needs a privative analysis or alternate cognacy. Do not merge with burn merely because the roots are homophonous.	medium	DEDR 658 p.64 directly checked	core	Target initial-order comparison; literal exchange, assimilation and syncope distinguished in the derivation and language notes	reviewed	2026-09-09
d661	d661	melt, steel	*ur-uk(k)-; shorter *ur- forms	Ø	u	short	r	singleton	u	VC-u-k(k)	verb/noun	Melt verb, plural-action formation and steel noun analyzed separately.	Tamil uruku/urukku, Malayalam urukuka/urukku and Kannada urku independently support a u-vowel velar formation. The steel noun and melt verb have related but distinct morphological histories.	high	Southern and Gondi vowel-first forms support older u–r; eastern rūg/rūy is displaced under the melt comparison. Telugu ukku retains the initial vowel and loses medial r.	*ur-ukk > *urkk > ukku gives the Telugu steel noun by syncope/assimilation. *ur-uk > *rūg gives Konda/Kui melt stems through displacement/contraction and voicing. Kui ūra/ūrka retains initial vowel with a long root, whereas rūga displaces it in the velar formation.	Kui is genuinely mixed within one source, so its retained forms cannot be coded missing or assigned to a separate outcome-defined root. Kuvi uku/ukku steel may be a regional technical loan or parallel medial assimilation; either way it is not the same displaced melt formation as rūy. d656 burn is a plausible parent-root relation, to be collapsed in sensitivity counts.	medium	DEDR 661 p.64 directly checked	core	Target initial-order comparison; literal exchange, assimilation and syncope distinguished in the derivation and language notes	reviewed	2026-09-09
d663	d663	pierce, penetrate	*ur-uv- / *ur-c-; labial nasal extension	Ø	u	short	r	singleton	u/zero	VC-u-v / VC-c	verb	-c cluster independently established by Kannada; Tulu nasal-labial formation separate.	Tamil/Malayalam uruvu and Kannada urcu independently support vowel-first rhotic. Tulu urumbuni supplies a nasal-labial formation beside rummuni.	high	Independent full forms favor u–r; Telugu uccu can arise by medial cluster assimilation, while Tulu rummuni is compatible with a local initial-loss history.	*ur-c > ucc yields Telugu uccu, Kannada uccu and Parji ucc, preserving initial vowel. Tulu urumbuni > rummuni would combine initial-vowel loss with nasal/labial assimilation; a literal u/r swap is not distinguishable with identical u vowels. Kuvi uh/ust reflects another medial cluster development.	Do not infer hidden initial metathesis from the absence of r in Telugu: the independent Kannada urcu : uccu comparison supports medial assimilation directly. Kurux hurnā/huṛnā has an added initial h but retains the root vowel before r. Shared ucc forms could also diffuse; no precise shared-innovation date follows.	medium	DEDR 663 p.64 directly checked	core	Medial cluster assimilation; Tulu initial loss or displacement not uniquely resolved.	reviewed	2026-09-09
d664	d664	roll, round object, wheel, egg	*ur-uḷ-; *ur-uṇṭ- and low-vowel variants	Ø	u	short	r	singleton	u/a	VC-V-lateral / nasal-stop formation	verb/noun	Verb, round-object noun and egg comparison distinguished; exact egg formative vowel unestablished.	Tamil uruḷ/uruṇṭai, Malayalam uruḷ/uruṇṭa and Kannada uruḷ/uraḷu/uraṇṭu independently establish r before later lateral/nasal-stop material. Original DEDR p.64 restores Telugu uralu/urlu/oralu, mislabeled Kodagu in the database.	high	Broad r-before-lateral agreement supports earlier urVḷ. Telugu uṇḍa loses/assimilates medial r in a round-object formation; Pengo rōnḍa/Manda runḍa promote r under the proposed egg-from-round comparison.	Telugu *ur-aḷ > uralu > urlu retains initial order; *uruṇṭ > *urṇḍ > uṇḍa loses r medially. *urṇḍ > uṇḍr could instead underlie uṇḍramu/uṇḍrālu, but suffixal r or analogy is not excluded. Pengo *ur-aṇḍ > *rōṇḍ and Manda *ur-uṇḍ > runḍ are conditional different-vowel paths; neither exact egg input is independently fixed.	The existence of Kannada both u and a does not license choosing whichever vowel produces the eastern outcome. Pengo egg is long rōnḍa, explicitly corrected by DEN1; Manda is short runḍa. Irula ruḷḷu/ruṭṭu may reflect local aphaeresis and strengthening. Sanskrit round-lump words are contact comparisons. Modern Telugu round-cake derivatives count once, and their possible medial r transposition is separate from initial metathesis.	medium	DEDR 664 p.64 directly checked; DEN1 p.401 Pengo correction	core	Target initial-order comparison; literal exchange, assimilation and syncope distinguished in the derivation and language notes	reviewed	2026-09-09
d665	d665	rub, grind, touchstone; pestle	*ur-ay; *ur-d / *ur-upp and other formations	Ø	u	short	r	singleton	a/u/zero	VC-ay / VC-C / VC-V-pp	verb/noun	-ay, dental cluster and labial transitive formations independently motivated; possible stone compound separately uncertain.	Tamil urai, Malayalam urayuka and Kannada ore establish a low-ay formation; Kannada urdu/uddu/ujju independently supplies the medial dental cluster relevant to Telugu ruddu. Labial rubbing formations occur in Tamil/Malayalam, but their precise vowel varies.	high	Multiple independent full roots support earlier u–r. Telugu orayu retains the low-ay formation while ruddu/rubbu promotes r in other formations; this is not a reversal of the same fully specified stem in every derivative.	K61 p.55 derives ruddu from *ur-d and rubbu from *ur-upp: *ur-d > *ru-dd, and *ur-upp > *ru-pp > rubbu with displacement and strengthening/voicing. *ur-ay > *or-ay > orayu retains order. Kannada urdu > uddu/ujju instead assimilates r medially. Konda rōs can reflect a low-a derivative; Kui rūsa and Kuvi rub require distinct high-vowel/consonantal formations.	Telugu rō̃kali is explicitly questioned and compared alternatively with d672 ulakkai pestle; its r/l ancestry is not solved by the rub root. Kannada rubbu may be inherited displacement or a Telugu loan; Kannada ruddu and Telugu ruttu are explicitly queried in the original source. Kolami/Naikri/Gondi pestle names are explicitly Telugu loans and are excluded from independent innovations. Telugu retained low-a forms remain genuine counterexamples to obligatory application.	medium	DEDR 665 p.64 directly checked; K61 p.55 §1.131 inspected in Google Books; alternative d672	core	Target initial-order comparison; literal exchange, assimilation and syncope distinguished in the derivation and language notes	reviewed	2026-09-09
d666	d666	swell, boil over	*ur-p / *ur-k; long and short *ūr/ur	Ø	u/ū	mixed/uncertain	r	singleton	zero/unknown	VC-C / VVC	verb/noun	Rhotic-stop clusters independently attested; quantity and complex derivatives kept unresolved.	Kannada urbu/urvu beside ubbu, Tulu urkuni beside ukkuni and Konda/Kui urp independently support medial rhotic-plus-stop clusters. Root quantity alternates and is not fixed by a single proto-head.	medium	Independent retained clusters favor r after u; assimilated labial/velar forms do not require initial promotion of r.	*ur-p > *urb > ubb gives Telugu ubbu and related forms; *ur-k > ukk produces local boil-over forms. Telugu ūru keeps a long rhotic root. ubuku may reflect a labial root plus velar extension rather than direct r-to-b conversion, so its full derivation is separate.	This is a widespread negative for initial displacement and a positive for medial assimilation. Exact Proto-Dravidian quantity and whether all swelling/boiling words descend from one root remain uncertain. Tamil upparam is explicitly Telugu-borrowed. A Manda label was swallowed into a Pengo record; do not count the duplicate Pengo-looking stem as an independent language without source correction.	medium	DEDR 666	core	Medial rhotic assimilation, not initial displacement.	reviewed	2026-09-09
d675	d675	Crataeva tree	regional *ulimiri	Ø	u	short	l	singleton	i	VC-i-C-i-C-i	noun	Opaque regional plant name; no securely identified morpheme boundaries.	Kannada ulimiri and Telugu ulimiri/ulimiḍi share the full regional plant name with high i after l.	medium	Both languages retain u before l; internal final r/ḍ variation does not reverse the initial sequence.	Regional ulimiri > Telugu ulimiri/ulimiḍi, requiring a separate final consonant correspondence or analogical variant; no initial displacement.	Only two neighboring languages and one botanical name are available; diffusion and deeper segmentation remain open. The Latin Crataeva tapia record is a gloss, not another Kannada reflex.	medium	DEDR 675	regional-control	Target initial-order comparison; literal exchange, assimilation and syncope distinguished in the derivation and language notes	reviewed	2026-09-09
d676	d676	hilsa fish	regional *ullam / *uḷḷam	Ø	u	short	ll/ḷḷ	geminate	a	VCC-am + fish compound	noun	Fish compound boundary occurs after the eligible first member; the first lateral itself is geminate.	Tamil ullam/uḷḷam, Malayalam ullam and Telugu ullam-cēpa independently show a geminate lateral fish name.	high	All lexical forms preserve vowel before lateral; no initial displacement in this entry.	Regional ullam combines with Telugu cēpa fish; ullāku-cēpa has a different long-vowel velar expansion, not a reversal.	A clear geminate structural control, with unknown diffusion chronology. The uncertain species glosses and lexicalized compound variants do not add independent roots. The later velar extension needs its own derivation.	medium	DEDR 676	geminate-contact-control	Target initial-order comparison; literal exchange, assimilation and syncope distinguished in the derivation and language notes	reviewed	2026-09-09
d686	d686+d689	stroke, rub, anoint	*uẓ-i/v-; long *ū-s anoint series uncertain	Ø	u	short	ẓ	singleton	i/u/unknown	VC-V + labial/palatal extensions	verb	Source distinguishes two formations/semantic series; they cannot be assigned the same proto-input solely from modern similarity.	Malayalam uẓiyuka/uẓivu establishes vowel-first ẓ in the stroke family; Kannada ūḍu preserves vowel-first retroflex with long quantity. DEDR separates a stroke/scrape series from a long ū-s anoint series.	medium	Earlier u–ẓ is plausible for the stroke comparison, reinforced by comb d689. Whether the ū-s series reflects earlier ẓ loss or an independent root is not settled by combining the source’s two subentries.	Conditional *uẓ-v > *ẓuvv > ḍuvv > duvvu gives Telugu stroke, sharing the comb formation in d689. *uẓ-u-s > *ẓūs could yield eastern ṛūs; an alternative *ūẓ-s > ūs accounts for vowel-first anoint forms by medial assimilation. ṛūs > ūs through later initial-r loss is another testable concealed-metathesis hypothesis, but requires independent evidence of that initial loss.	Do not assign all ū-s forms a definite retained or concealed-metathesized status: the contrast may predate the proposed event. The exact V2 of Telugu duvvu cannot be inferred from modern u alone. Pengo ṛoh and Kui ṛōsa have an additional vowel-quality problem. Shared Telugu duvvu stroke/comb means d686+d689 form one primary counting family.	medium	DEDR 686(a,b) p.67 directly checked; compare 689	core	Target initial-order comparison; literal exchange, assimilation and syncope distinguished in the derivation and language notes	reviewed	2026-09-09
d688	d688	plough, root up soil	*uẓ-u; *uẓ-n- verb and *uẓ-kk- noun	Ø	u	short	ẓ	singleton	u/zero	VC-u / VC-n / VC-kk	verb/noun	Consonantal -n verb, -kk noun and eastern -u formation are explicitly distinguished in the comparative scholarship.	Tamil/Malayalam uẓu, Kannada uẓ and Central Dravidian ur/uṛ independently support vowel-first approximant root. K03 pp.152–153 distinguishes Telugu nasal plough verb and velar tillage noun from the eastern vowel-final formation.	high	Independent southern/central order favors u–ẓ. Eastern ṛū and Telugu dunnu/dukki are displaced under the shared root comparison; initial ẓ then has its separate daughter-language reflexes.	K03 derives *uẓ-n > *ẓun(n) > ḍunn > dunnu, and *uẓ-kk > *ẓukk > ḍukk > dukki. Eastern *uẓ-u > *ẓū > ṛū contracts matching vowels. These are distinct independently discussed formations; Telugu short u need not be a shortened reflex of eastern long ū.	Kui ūṛa root up retains vowel first beside ṛūva plough; its semantic/formation split must remain mixed. Gondi lum/lumm root/gore may be displaced but requires approximant-to-l and suffix history, and the gore comparison is explicitly queried. Tulu dappuni/aḍapuni has dialectal initial-vowel loss and a different vowel/root history; source corrections restore those forms from mistaken Kodagu labels. Tamil tunnu and Parji ḍukki are explicit Telugu loans. Agriculture-contact possibilities do not by themselves negate the deep comparative root.	high	K03 pp.152–153 example 86; PSS83 p.235 example 781; DEDR 688 p.67 directly checked	core	Target initial-order comparison; literal exchange, assimilation and syncope distinguished in the derivation and language notes	reviewed	2026-09-09
d689	d686+d689	comb, arrange hair	*uẓ-u/v; consonantal labial expansion	Ø	u	short	ẓ	singleton	u/zero	VC-u / VC-v	verb/noun	Labial expansion independently preserved in Parji/Gadaba; comb-tool suffix not counted as another root.	Tamil uẓu, Parji uṛ/uṛv and Gadaba uḍuv/uṛv independently support earlier vowel–approximant order and a labial extension. Gondi uṛ/ūs corroborates the root; Tamil uḷar is explicitly queried.	high	Agreement of SD I and Central Dravidian supports u–ẓ independently of Telugu. Telugu duvvu and eastern ḍūs/ṛūc are innovative under the hair-arranging comparison.	*uẓ-v > *ẓuvv > ḍuvv > duvvu, with labial strengthening and later initial ḍ>d, gives Telugu comb. Konda ḍūs and Kuvi ṛūc reflect different coronal extensions and possibly vowel contraction. Kodagu ū-k and Naiki ū instead lose the medial approximant while keeping the vowel first.	The identical Telugu stroke duvvu in d686 is counted in the same primary family. Gondi Koya dus might be borrowed from a neighboring displaced language or reflect a local innovation; root and suffix history do not decide it yet. Tulu dūbina is a possible Telugu-area loan or local displacement, while urvaṇe retains order. Tamil uḷar does not establish a second lateral root without further evidence.	medium	DEDR 689 p.67 directly checked; comparison with stroke d686	core	Target initial-order comparison; literal exchange, assimilation and syncope distinguished in the derivation and language notes	reviewed	2026-09-09
d690	d690	black gram	*uẓ-unt- / *uẓ-untu	Ø	u	short	ẓ	singleton	u	VC-u-NT	noun	Nasal-stop crop-name formation independently matched.	Tamil uẓuntu, Malayalam uẓunnu and Kolami urunde preserve vowel–approximant–vowel–nasal-stop order. Kannada urdu/uddu supplies the intermediate medial cluster and its assimilated outcome.	high	Independent full southern and central forms favor an earlier initial vowel; Telugu uddulu lacks the medial approximant because of cluster reduction, not initial promotion.	*uẓ-unt > *ur-nd > *ur-d > udd, with nasal/stop simplification and assimilation, is a schematic route to Telugu uddulu. Exact sequencing of nasal loss and r assimilation may differ; Kannada urdu : uddu directly supports the latter step.	This same-u comparison retains the initial vowel despite the shared approximant found in displaced comb/tiger. Crop-name borrowing can spread either full or reduced forms, so branch distribution cannot by itself date each sound change. Marathi/Prakrit urad names are contact comparisons, not independent evidence for Dravidian metathesis.	medium	DEDR 690 p.67 directly checked; K03 *uẓ-untu reconstruction	core	Medial approximant/cluster assimilation, with contact chronology unresolved.	reviewed	2026-09-09
d692	d692	tiger, panther	*uẓ-uv-ay / *uẓ-v-	Ø	u	short	ẓ	singleton	u/zero	VC-u-v-ay / VC-v	noun	Labial big-cat formation; Tamil -ay and Gondi -al expansions not assumed identical without argument.	Tamil uẓuvai supplies a vowel-first approximant plus labial big-cat name. Gondi ḍuvval/ḍūāl and Telugu duvvu support the related labial formation but are not additional unshifted witnesses.	medium	Vowel-first ancestry is supported by the established comparative approximant correspondence and the Tamil form, but only one unshifted lexical witness survives here; direction confidence is lower than in comb/plough.	K03 p.162 gives *uẓ-(u)-w > *ẓu-ww > ḍuww > duvvu. Kolami/Parji ḍū can preserve an older borrowed ḍ-initial stem with later labial loss/contraction. Gondi quantity and labial variation needs separate dialect history.	K03 and PSS83 explicitly diagnose Kolami/Parji Telugu loans; their retained ḍ is evidence about relative borrowing chronology, not independent metathesis. Gondi ḍuhkyā/ḍuhkiak and Gadaba ḍuccā wolf are queried in DEDR and need separate cognacy. The identical Tamil fish name d693 is not merged on homophony alone.	medium	K03 p.162; PSS83 p.235 example 782; DEDR 692 p.68 directly checked	core	Target initial-order comparison; literal exchange, assimilation and syncope distinguished in the derivation and language notes	reviewed	2026-09-09
d693	d693	goby and related fish names	regional *uẓ-uv-ay; Telugu comparison uncertain	Ø	u	short	ẓ	singleton	u	VC-u-v-ay	noun	Whole fish name; no new suffix selected merely to fix the Telugu outcome.	Tamil uẓuvai/uḷuvai and Malayalam uẓuva support vowel-first approximant/lateral plus labial fish name. Telugu uṇuju has both nasal and palatal consonants in place of the expected sequence.	medium	Southern vowel-first order is secure regionally; Telugu cognacy is not independently secured by the generic fish gloss.	A path *uẓuvay > uṇuju would require ẓ > ṇ and v/y > j with additional vowel changes. No independently established conditions for those steps are supplied here. Initial vowel retention is observed, but a full inherited derivation remains unproved.	This superficially matches the input of tiger d692 and retains the initial vowel, yet cannot be advertised as a decisive sound-law falsifier until its nasal/palatal correspondence is explained. Better species identification, historical Telugu spellings and nearby fish names could distinguish changed cognacy from irregular sound change.	medium	DEDR 693 p.68 directly checked	cognacy-or-input-uncertain	Target initial-order comparison; literal exchange, assimilation and syncope distinguished in the derivation and language notes	reviewed	2026-09-09
d694	d694	spotted deer, stag	*uẓ-up(p)-; southern shorter *uẓ-ay	Ø	u	short	ẓ	singleton	u	VC-u-p(p)	noun	Labial suffix independently preserved in Parji, unlike an inference from Telugu alone.	Parji uṛup independently supplies vowel-first approximant with high u and final labial. Tamil uẓai and Tulu ure/uḷe supply shorter related deer names; they do not themselves prove the labial suffix.	high	Parji’s full labial form and southern vowel-first shorter forms support earlier u–ẓ. Telugu duppi and Konda ḍupi are displaced under the independently supported labial comparison.	*uẓ-up(p) > *ẓup(p) > ḍupp > duppi, or matching-vowel contraction followed by shortening before pp; the short output alone does not decide between these timing alternatives. Gondi luppi/lūpi involves a lateral approximant reflex plus dialectal length/strength variation.	Kannada duppi, Kolami ḍuppi and Gadaba duppi may be regional loans; their donor histories are not established just by matching Telugu. Keep them uncertain in innovation counts. Parji uṛup is a valuable inherited-order control in the same family. Distinct animal suffixes and dialect variants are not extra etyma.	medium	DEDR 694 p.68 directly checked; K03 *uẓ-u-pp reconstruction	core	Target initial-order comparison; literal exchange, assimilation and syncope distinguished in the derivation and language notes	reviewed	2026-09-09
d695	d695	sweep, scrape into heap	regional *ū/uẓ-C; labial, velar and coronal extensions	Ø	u/ū	mixed/uncertain	ẓ	singleton	zero/unknown	V(V)C-C	verb/noun	Different suffixes and long/short stem series kept explicit; no short allomorph invented as established fact.	Telugu ūḍucu, Konda ūṛs and Gadaba ūrs support a long-vowel series; Kolami/Naikri uṛp and Gondi uṛp support short-vowel labial formations. No unshifted SD I comparator occurs in this entry.	medium	Widespread vowel before apical establishes regional V–C order, but exact deeper approximant and root quantity are less secure. Source-corrected Kui ḍupka is the consonant-first comparison.	Long *ūẓ-s > ūṛs/ūḍcu retains initial order. Conditional short *uẓ-k-p > *ẓukp > ḍupk gives Kui ḍupka with a separate, morphologically explicit k-p > p-k exchange. Kui rūṭpa is queried and has extra dental/quantity changes.	This does not prove metathesis of an inherited long *ūẓ root: the Kui velar derivative may have a short stem allomorph, but that must be independently demonstrated. Until then its initial development is uncertain. The original source assigns ūṛs to Konda and both ḍupka/rūṭpa to Kui, not Gondi; that correction materially changes the geography.	medium	DEDR 695 p.68 directly checked	core	Target initial-order comparison; literal exchange, assimilation and syncope distinguished in the derivation and language notes	reviewed	2026-09-09
d696	d696	urine, purge, diarrhoea	*ur/ẓ-c-; northern *uṛ-k- extension	Ø	u	short	r/ẓ	singleton	zero	VC-C	noun/verb	Palatal southern and velar Gondi extensions separately identified.	Kannada urcu and Tulu urcuni/uḷc preserve a medial liquid before a palatal; Gondi uṛk preserves a retroflex rhotic before a velar. The shared liquid identity and exact suffix relationship remain less certain than vowel-first order.	medium	The full medial clusters support r/liquid before the final stop. Telugu ucca is compatible with medial assimilation, not movement of the liquid to onset.	*ur-c > *ucc > Telugu ucca and Kannada uccu/ucce; Gondi *uṛ-k retains the liquid, while Kota uc and Toda ūc have local consonant/quantity histories.	Do not count medial liquid loss as hidden metathesis when an unchanged initial vowel and retained cluster comparanda provide a simpler account. Urine, purge and diarrhoea may share a root but distinct noun/verb derivations are not independent examples. The r/ẓ reconstruction should remain uncertain until more correspondences settle it.	medium	DEDR 696 p.68 directly checked	core	Medial liquid assimilation, not initial displacement.	reviewed	2026-09-09
d672	d672	pestle	regional *ul-akk-ay; contact comparison with Indo-Aryan ulūkhala	Ø	u	short	l	singleton	a	VC-a-kk-ay	noun	Velar tool formation is shared independently; Indo-Aryan relationship and Telugu alternative remain unresolved.	Tamil ulakkai, Malayalam ulakka, Kannada olake and Kodagu oḷake establish vowel-first lateral plus velar tool name. The linked Indo-Aryan mortar words form a separate comparison, not many independent Dravidian witnesses.	medium	Vowel-first order is supported within the southern comparison. The relationship to Indo-Aryan ulūkhala and Telugu rō̃kali (queried under d665) does not establish a uniquely recoverable pan-Dravidian input.	*ulakkay > olake/oḷake includes lowering and daughter-language suffix changes; Kannada onake/onike has lateral-to-nasal variation. Kota elk has syncope. Toda vas̱k requires initial glide and lateral/velar developments; no initial promotion of l is visible.	No Telugu record is linked here. Deriving Telugu rō̃kali from this rather than rub d665 would require an independently justified l/r correspondence and nasal origin; preserve both hypotheses. Kuruba alke is wrongly labeled Malayalam in the corpus. Do not count either the large Indo-Aryan contact fan-out or pestle derivatives as independent Dravidian etyma.	medium	DEDR 672; compare d665, d651; Indo-Aryan CDIAL 2360	regional-contact-uncertain	Target initial-order comparison; literal exchange, assimilation and syncope distinguished in the derivation and language notes	reviewed	2026-09-09
d697	d697	be, exist, have	*uḷ-; *uḷ-nt- > *uṇṭ-	Ø	u	short	ḷ	singleton	zero/a	VC + person/tense formations	verb	Existential *-nt is independently reconstructed, distinct from locative formations in d698.	Tamil and Malayalam uḷ, Kannada uḷ/oḷ and Kota oḷ independently support short vowel before lateral. The existential nasal-stop formation is explicitly reconstructed *uḷ-nt- by K03.	high	The full southern paradigms establish earlier u–ḷ without treating Telugu uṇḍu as an unchanged root. Its initial vowel survives an independently motivated medial cluster assimilation.	*uḷ-nt > *uṇṭ > Telugu uṇḍu; related nasal causative unucu/uncu and existence noun uniki preserve the initial vowel. Toda viḷd-/vɨḍ- includes prothesis and internal strengthening. Kolami an-/Naikri anḍ require separate root-vowel history.	Kui lohpa and Kuvi loy/lōi are explicitly questioned in the source comparison; exact formative vowels and cognacy are unresolved. Their l-first appearance alone does not prove metathesis. Brahui anning has a suppletive-looking present uṭ/us/un/ure/ur in the source; full paradigm history is needed. Potential semantic connection with inside d698 is a sensitivity merge, not evidence for one homogeneous input.	medium	DEDR 697 p.68 directly checked; K03 *uḷ-nt reconstruction	core	Medial assimilation; uncertain eastern lexical comparisons.	reviewed	2026-09-09
d698	d698	inside, mind, house	*uḷ; locative *uḷ-a-n; geminate *uḷḷ-am mind	Ø	u	short	ḷ	singleton/geminate by formation	a/zero	VC-a-n versus VCC-am	postposition/noun/verb	Singleton locative and geminate mind formation are independently attested and must receive separate formation classes.	Tamil uḷ locative and Kannada oḷ/oḷa support the vowel-first singleton locative independently. The source-cited Old Telugu oḷana reading is now uncertain: DHARMA00099 and Sastri1969 p.285 n.1 read ēḷan ruling in the candidate inscription instead. Tamil/Malayalam uḷḷam independently establish a geminate mind formation.	high	Southern and Central Dravidian vowel-first locatives favor u/o–ḷ before Telugu lōna; the alleged earlier Old Telugu oḷana is not presently secure chronological evidence. The mind noun ullamu is not a same-input counterexample: its geminate is independently matched outside Telugu.	*uḷ-a-n > *oḷan > *ḷōn > lōn gives Telugu lōna/lōnu and comparable Gondi lōn/rōn, with final suffix history differing by language. *uḷḷ-am > ullamu retains order. Konda olbi and Kuvi oṛp/onp thought verbs preserve initial V with internal consonant development.	DEDR dates oḷana to the seventh century and ḷōna to the ninth–tenth; a corpus lōna record incorrectly inherits the seventh-century date. These are source dating claims. The candidate seventh-century witness at Inpuḻōli has oḷana only in an older edition: Sastri1969 p.285 n.1 and DHARMA00099 read ēḷan ruling. Unless another inscription is identified, do not use oḷana to establish retention in seventh-century Telugu. Kui lai cannot be explained by the same o outcome without another vowel/formation history. Telugu submit loŋgu/loggu series is queried; Central Dravidian lopal may be Telugu loans. Brahui house urā and heart ust have explicit alternative etymologies; exclude them from secure core counts. An existence/inside common ancestor is plausible but not settled.	medium	DEDR 698 p.68 directly checked; K03 *uḷḷ-am and *oḷ-an records	core	Target initial-order comparison; literal exchange, assimilation and syncope distinguished in the derivation and language notes	reviewed	2026-09-09
d699	d699	chisel	*uḷ-i	Ø	u	short	ḷ	singleton	i	VC-i	noun	High-i tool formation shared outside Telugu.	Tamil, Malayalam, Kannada and Tulu uḷi independently support short u, singleton lateral, and high i. Kota/Toda uḷy agrees in order.	high	Multiple southern branches support vowel-first input; Telugu uli retains it with regular loss of retroflexion.	*uḷ-i > uli in Telugu; Nilgiri final i > y is a separate development. No initial metathesis is required.	A tool name could diffuse, but the sources supply no particular donor diagnosis. Keep this independently motivated high-i retention control, with contact chronology unresolved. Gadaba ulli strengthens the medial lateral; it is not initial metathesis.	medium	DEDR 699 p.69 directly checked	core	Retention; medial lateral reflex changes.	reviewed	2026-09-09
d700	d700	woodworm, ant	*uḷ-u; *uḷ-u-pp derivatives; ant cognacy queried	Ø	u	short	ḷ	singleton	u	VC-u-(pp)	noun/verb	Only southern pp derivative independently supported; ant suffixes unknown.	Tamil/Malayalam uḷu and uḷuppu independently establish vowel-first lateral and high u. Telugu lūta and Kui lupenji are explicitly queried by DEDR.	medium	The southern woodworm family has secure vowel-first order, but that cannot settle whether the two ant names are its cognates. Imported *ḷup- should not override this evidential uncertainty.	If cognate, *uḷ-u > *ḷū would explain Telugu lū-, but the extra -ta is not independently matched. Kui lu-penji would also need suffix analysis and an explanation of quantity. Alternative comparison with nuḷampu d3715 admits an earlier initial nasal.	Keep Telugu and Kui uncertain rather than using their output to invent *-ta or claim an exceptionless high-u class. Species identification, historical ant forms, and analysis of -penji would distinguish a displaced derivative from questionable cognacy.	medium	DEDR 700 p.69 directly checked; cf. d3715	cognacy-or-input-uncertain	Target initial-order comparison; literal exchange, assimilation and syncope distinguished in the derivation and language notes	reviewed	2026-09-09
d703	d703	start with fear	*uḷ-k / *uḷ-uk; Tamil uṭk; exact deep cluster uncertain	Ø	u	short	ḷ/ṭ	cluster-or-vocalic-extension	zero/u/a	VC-C / VC-V-C	verb/noun	Medial vowel and cluster history not uniquely reconstructible.	Malayalam uḷukka/uḷuppu, Kannada ulaku and Telugu uluku/ulku support a lateral family; Tamil uṭku has a stop before k. Medial vowel quality varies independently.	medium	Every witness is vowel first. Tamil ṭk could arise from *ḷk cluster hardening rather than representing a proto-singleton ṭ followed by a vowel.	Possible *uḷ-k > Tamil uṭk, with Telugu ulk ~ uluk and Malayalam uḷukk. This distinguishes syncope/epenthesis and cluster assimilation from movement of the apical to initial position.	Which branch retained a medial vowel is unresolved. Do not manufacture a uniform *uluk input merely from Telugu or take Tamil ṭ to prove the same environment as open *uṭV animal names. Kannada low a also remains to be historically explained.	medium	DEDR 703 p.69 directly checked	core-formation-uncertain	Retention with internal syncope/epenthesis and possible assimilation.	reviewed	2026-09-09
d704	d704	snipe, lapwing	regional *uḷḷ-V(n/k)-	Ø	u	short	ḷ	geminate	a/i/u	VCC-V	noun	No independently supported bare singleton root; whole geminate bird name.	Tamil uḷḷal/uḷḷān/uḷḷu, Malayalam uḷḷi and Kannada ullaŋgi independently support a medial geminate bird name.	high	The same vowel-first geminate order is inherited or diffused across the region; no language supplies an initial lateral reflex here.	*uḷḷ- > Telugu ull- with loss of retroflexion and differing bird-name suffixes; no initial promotion. Exact suffix correspondence and species identity are not needed to observe retained initial order.	This is a geminate control, not a singleton metathesis exception. DEDR explicitly reports disagreement on the Telugu species; suffix/meaning differences cannot be counted as several independent roots.	medium	DEDR 704 p.69 directly checked	structural-control	Retention.	reviewed	2026-09-09
d705	d705	onion, garlic	*uḷḷ-i	Ø	u	short	ḷ	geminate	i	VCC-i	noun	Geminate supported by independent southern forms; compound boundaries explicit.	Tamil, Malayalam and Kannada independently preserve geminate ḷḷ. K03 reconstructs *uḷḷi; the alternative singleton database reconstruction conflicts with those witnesses.	high	Widespread u before lateral supports original vowel-first order; singleton daughter reflexes can result from degemination. It is not legitimate to reclassify their ancestors as singleton solely to enlarge the eligible denominator.	*uḷḷi > Telugu ulli; Central/Eastern uli and Pengo ūṛi involve degemination and apical/quantity developments. Toda u·ḷy also changes vowel quantity. Garlic compounds with white/water modifiers retain the root internally.	The plant term has Indo-Aryan comparisons (Sanskrit ūlī, Oriya uli); the contact direction is not settled here. Four corpus Manda forms are actually Kuvi F./S./Su.; source-corrected. Compound garlic forms and repetitions across sources add no independent etyma.	medium	DEDR 705 p.69 directly checked; K03 *uḷḷi reconstruction	structural-control	Retention with medial/quantity changes and unresolved plant-name diffusion.	reviewed	2026-09-09
d707	d707	sleep, recline, bend	*u/oṯ-a-nk-; shorter *u/oṯ-ak-	Ø	u/o	short	ṟ	singleton	a	VC-a-NK / VC-a-K	verb/noun	Low-a nasal/velar formation independently shared in Tamil, Malayalam, Kannada; Telugu nasal-free derivative has matching low a.	Tamil uṟaŋku, Malayalam uṟaŋŋuka and Kannada oṟaŋgu/oṟagu independently establish vowel-first alveolar and a low-a expansion. K03 reconstructs *oṯ-a-nku at Proto-South Dravidian level.	high	The southern full formations and Parji org agree on V before alveolar, with internal syncope in the latter. Telugu oṟagu retains this order; modern Tamil is not the sole basis for direction.	*oṯ-a-nk > oṟaŋg > oṟag gives Telugu recline, with nasal loss separately required. *oṟ-g > ogg is a possible route to Telugu oggu yield. Irula roŋgu can arise by initial-vowel loss; its exact vowel development does not uniquely select literal exchange. Gondi urh/uhr has a distinct medial consonant reversal.	This is a clear independently low-a retained Telugu formation, despite its broad segmental eligibility. The semantic specialization bend/recline versus sleep may matter lexically but is not a deterministic sound condition. Toda v- and Gondi var- are compatible with prothesis, not promotion of the medial alveolar. The offered/given sense of oggu requires semantic history; it is not proof of hidden initial metathesis.	medium	DEDR 707 p.69 directly checked; K03 *oṯ-a-nku reconstruction	core	Target initial-order comparison; literal exchange, assimilation and syncope distinguished in the derivation and language notes	reviewed	2026-09-09
d708	d708	rope sling, suspend	*uṯ-i and strengthened *uṯ-C formations	Ø	u	short	ṟ	singleton/strengthened by formation	i	VC-i / VCC-i	noun/verb	Strengthening occurs independently in Kannada; its exact morphological source is unresolved.	Tamil/Malayalam/Kannada uṟi and Konda uRi establish a vowel-first alveolar with high i. Kannada also has uṭṭi/oṭṭi, independently matching the strengthened Telugu form.	medium	The high-i full forms support older V–alveolar. Telugu ṭṭ is an internal strengthened reflex, not an initial segment that later acquired an epenthetic vowel.	Possible *uṯ-t-i or strengthened *uṯṯ-i > uṭṭi gives the Telugu sling; exact strengthening morphology is unresolved. Parji ut/utip/utka preserves a consonantal base and derivational suffixes, without initial exchange.	Do not use Telugu ṭṭ alone to classify the proto-root as obligatorily geminate: singleton and strengthened formations coexist independently in Kannada. Gadaba uṭṭi is explicitly compared with Telugu but not unambiguously marked borrowed; contact is uncertain. The d570 ukkam comparison is queried and cannot establish a regular velar alternation.	medium	DEDR 708 p.69 directly checked	core	Retention with internal strengthening.	reviewed	2026-09-09
d710	d710	be, happen, be fit, join	*uṯ-u; consonantal person/tense/voice derivatives	Ø	u	short	ṟ	singleton	u	VC-u / VC-C	verb	Independent high-u base; nasal/labial derivatives need morphological reconstruction.	Tamil uṟu, Malayalam uṟuka and Kannada uṟu independently establish short u followed by alveolar and high u. Kannada urt/utt alternation documents internal cluster assimilation.	high	Southern vowel-first agreement supports earlier u–ṯ; Telugu uṟu directly preserves this order. The unrelated shark reconstruction in the database is excluded.	*uṯ-u > Telugu uṟu/uru retains order. *uṯ-n > *unn > ūn is a possible route to ūnu/ūncu with medial assimilation and later quantity change; the exact stages need historical forms. Kannada uppu and Tulu uppuni/untuni similarly invite consonantal-formation assimilation. Kui ug-b > ubg is a separate morphologically explicit stop reversal.	Do not treat every u-initial derivative as evidence for one invariant suffix. Kui ubga also occurs under butt d706 with a different gloss; its root-level relationship to uṟu is less secure than the local g/b exchange. Koraga ujji has a palatal medial development, not initial metathesis.	medium	DEDR 710 p.70 directly checked; compare 706 p.69	core	Retention and internal assimilation; Kui stop-cluster metathesis is orthogonal.	reviewed	2026-09-09
d711	d711	increase, abundance	*uṯ-u; *uṯ-a/u-v derivatives	Ø	u	short	ṟ	singleton	u/a	VC-u / VC-V-v	verb/noun/adjective	Labial and vowel expansions independently shared; ommu history unresolved.	Tamil/Malayalam uṟu and Kannada uṟuvu/uṟubu support vowel-first alveolar, high u, and a labial expansion. Low-vowel derivatives also occur independently in Tamil/Kannada.	high	Agreement of full southern forms establishes V before alveolar. Telugu uravu/uruvu preserves that order rather than requiring restoration after an undocumented initial change.	*uṯ-V-v > Telugu uravu/uruvu with apical merging and suffix-vowel variation. oṟṟu/odde/ommu may represent strengthened or assimilated consonantal formations; exact nasality and labial origin in ommu are not independently demonstrated.	Keep the clear retained forms as evidence even though some other derivatives are uncertain. Homophonous uṟu happen d710 and force d719 are potential semantic-family relationships, not automatic independent roots or automatic mergers. The Pampa form is historical Kannada, not another genealogically independent language.	medium	DEDR 711 p.70 directly checked	core	Retention; strengthened/internal-assimilation derivatives uncertain.	reviewed	2026-09-09
d712	d712	think, care, heed	*uṯ-u; negative *uṯ-a-k/person endings	Ø	u	short	ṟ	singleton	u/a	VC-u / negative VC-a	verb	Negative formation explicitly identified by original source; reconstructed positive is supported independently.	Tamil uṟu and historical Kannada uṟade negative independently establish vowel-first alveolar with both positive high-u and negative low-a formations.	high	Tamil and Kannada agreement supports earlier vowel first; Telugu Kittel examples are specifically negative and retain this order.	*uṯ-a-ka > Telugu uṟaka not minding, and *uṯ-a-person ending > uṟãḍu he does not care, as given inside the lexical record. No initial displacement is required. Exact segmentation of the personal ending remains a grammatical rather than lexical comparison.	Negative forms form an independently motivated grammatical class, but one or several retained roots do not establish a universal negative blocking rule. Compare negative-only uraka d648 and the early destroy paradigm; the exact inherited stem grades must be checked before generalizing. Brahui hunning is only a cross-reference to d727, not an attestation in this entry.	medium	DEDR 712 p.70 directly checked; cited BDCG §3.16 n.11 concerns alternative Brahui comparison	core	Retention in negative formations.	reviewed	2026-09-09
d713	d713	jump, run away; squirrel	*uṯ-uk(k); *uṯ-tt-ay animal derivative	Ø	u	short	ṟ	singleton	u	VC-u-K / VC-tt-ay	verb/noun	Velar verbal and coronal animal formations independently matched.	Tamil uṟukku jump independently matches Telugu uṟuku and Konda uRk; Tamil uṟuttai squirrel matches Telugu uṟuta with a distinct coronal animal-name formation.	high	Full Tamil/Telugu and syncopated Konda/Kuvi all keep initial vowel before alveolar, supporting V-first root without a consonant-initial comparator.	*uṯ-ukk > Telugu uṟuk(u), Konda uRk and Kuvi urk, with medial-vowel loss and suffix-strength changes. Animal *uṯ-tt-ay yields Tamil uṟuttai and Telugu uṟuta after simplification; the exact cluster prehistory remains to be established.	The velar is later than the first singleton apical and does not exclude the root from phonological eligibility. The associated squirrel d590 may be the same family with a strengthened/retroflex root variant; show sensitivity collapse rather than counting two independent animal counterexamples.	medium	DEDR 713 p.70 directly checked; cf. d590	core	Retention with internal syncope/cluster changes.	reviewed	2026-09-09
d718	d718	roar, thunder, lament	*uṯ/ur-um; *u/oṟ-al; labial derivatives	Ø	u/o	short	ṟ/r	singleton	u/a	VC-u-m / VC-a-l / VC-pp	verb/noun	Thunder -um and lament -al are independently distinct; expressive convergences and exact short-form suffixes unresolved.	Tamil uṟumu, Malayalam uṟumpuka and Central Dravidian urum support initial u before rhotic and high-u labial formation. Kannada oṟalu independently matches Telugu oṟalu lament with low a and a lateral extension.	medium	Independent full forms favor V-first inputs in each formation. The long ṟōlu lament series is innovative under comparison with oṟalu; the uṟumu thunder series itself retains order in Telugu.	*uṟ-um > Telugu uṟumu retains order, while conditional *oṟ-al > *ṟōl > ṟōlu/rōlu gives a displaced lament derivative. Kui *uṟ-um > *ṟūm > rūma/rūmba combines initial displacement/contraction with labial formation. Telugu roppu/rollu requires consonantal-suffix reconstruction or later shortening, not simply one uniform vowel input.	Expressive sound words can converge independently; do not use their semantic resemblance as decisive cognacy. Kui ṛunja is explicitly queried and has an unexplained nasal-palatal formation. Kannada ṟoppu could be an independent development or a regional loan; Brahui hūrra has an explicit Balochi comparison. Keep these separate from secure retained thunder forms and probable displaced lament forms.	medium	DEDR 718 p.70 directly checked	core	Target initial-order comparison; literal exchange, assimilation and syncope distinguished in the derivation and language notes	reviewed	2026-09-09
d719	d719	throw, speed, force	*uṯ-u-b/v; *uṯ-a-v; nasal throwing derivative	Ø	u	short	ṟ	singleton	u/a	VC-u-b / VC-a-v / VC-m	verb/noun	High-u labial and low-a speed formations distinguished independently; exact Telugu precluster vowels unresolved.	Kannada uṟubu independently supplies vowel-first alveolar with high u and labial expansion. Telugu uravaḍi retains a related low-a speed formation; Konda uṟmi supports a vowel-first nasal throwing derivative.	medium	Kannada and Konda agreement gives evidence for earlier V–alveolar beyond Telugu alone. Telugu ṟuvvu/ruvvu is consonant first under that comparison.	Conditional *uṯ-v > *ṯuvv > ṟuvvu, or *uṯ-uv > *ṯūv with later strengthening/shortening, accounts for Telugu throw; ṟūvu supports investigating a long stage but does not uniquely establish it. Tulu rummuni/rumbu is compatible with initial-vowel loss plus medial assimilation; Konda uṟmi retains initial order.	The exact correspondence between Kannada -ub and Telugu -vv is plausible but does not prove an identical syllabification before change. Kolami ruv may be an early Telugu loan or an independent related displacement; rusi is explicitly ruv+si give and is not a second etymon. Sound-symbolic/semantic relation to abundance d711 and roar d718 deserves sensitivity treatment, not automatic merging.	medium	DEDR 719; DED(N) 617 p.401 for Tulu	core	Target initial-order comparison; literal exchange, assimilation and syncope distinguished in the derivation and language notes	reviewed	2026-09-09
d721	d721	firm, steady, support	*u/oṯ-ay; consonantal support derivatives	Ø	u/o	short	ṟ	singleton	a/i	VC-ay / VC-C	verb/adjective/noun	Low-ay base and stronger labial formation independently attested; exact personal noun suffix separate.	Tamil uṟai, Malayalam uṟayuka/uṟappu and Telugu oṟapu independently support vowel-first alveolar with low-a formation; Tamil uṟuti has a separate high-u nominal suffix.	high	Southern forms and Kurux ordnā all put the vowel before the apical, supporting V-first ancestry. No initial displaced reflex occurs among reviewed forms.	*uṯ-ay > Tamil uṟai; low-vowel labial derivative > Telugu oṟapu. Telugu uṟidi/uṟiya requires its own suffix and vowel history, while Kurux ordnā has a consonantal support stem. All retain initial V.	Low-a oṟapu is a relevant retained Telugu control; do not remove it merely because firm is not a stereotypical action verb. Cross-reference to ūṉṟu d763 could relate a nasal/long formation, but does not prove this root was originally long.	medium	DEDR 721; cf. d763	core	Retention with vowel/suffix developments.	reviewed	2026-09-09
d722	d722	pungent, acrid	*uṯ-ay; strengthened *uṯ-C-a	Ø	u	short	ṟ	singleton/strengthened-history-uncertain	a	VC-ay / VCC-a	adjective/noun	Strengthening not independently reconstructed from output alone.	Tamil uṟai/uṟaippu and Malayalam uṟa establish vowel-first singleton alveolar and low vowel. Telugu oṟṟa independently displays a strengthened apical output.	medium	The southern low-vowel forms establish earlier u–ṯ; Telugu oṟṟa retains the initial vowel, and vaṟṟa has an additional v rather than the apical moving first.	Conditional *uṯ-C-a > oṟṟa with strengthening and vowel lowering; vaṟṟa may have glide prothesis and quality change. The origin/timing of the strengthening needs independent evidence before asserting a geminate input blocked metathesis.	This remains a structural-history uncertainty, not a conveniently defined geminate exception. Historical Telugu and related pungency derivatives would distinguish inherited strengthened stem from later local reinforcement. The o/a alternation is not consonant/vowel exchange.	medium	DEDR 722	core-formation-uncertain	Retention with strengthening/prothesis.	reviewed	2026-09-09
d723	d723	sheath, cover	*u/oṯ-ay	Ø	u/o	short	ṟ	singleton	a	VC-ay	noun	Low nominal formation independently matched across southern languages.	Tamil uṟai, Malayalam uṟa, Kannada oṟe and Kodagu/Tulu ore independently establish vowel-first alveolar plus low-vowel/ay nominal formation.	high	Agreement across southern languages establishes earlier V–alveolar; Telugu oṟa/oṟṟa retains this initial order with variable medial strengthening.	*uṯ-ay > oṟa in Telugu, with vowel lowering and suffix changes; Kittel oṟṟa has stronger medial apical. Tulu ude changes the medial consonant but keeps the vowel first. Parji/Gadaba ora are explicit Telugu loans.	A useful low-a noun control: the short-vowel singleton history is independently supported and cannot be ruled out just because one Telugu source spells ṟṟ. The two Telugu spellings are source variants, not independent roots. Borrowed Central Dravidian forms cannot count as inherited retention evidence.	medium	DEDR 723	core	Retention with medial strengthening; Central Dravidian loans.	reviewed	2026-09-09
d2149	d2149	new, sprout, young; kinship derivatives	*koẓ-utt-V; short *koẓ-V and long *kōẓ formations	k	o	mixed by formation	ẓ	singleton	u/unknown	CVC-u-tt / CVC-V / CVVC	adjective/verb/noun	Short new adjective and short/long kinship formations must be separate input classes; exact tt extension is reconstructed, not identical to Tamil nt.	Tamil koẓuntu, Malayalam koẓunnu, Gondi koṛs and Parji koṛ/koṛc independently establish k-V-apical order. K03 pp.159,198 distinguishes short *koẓ-utt-V new from short/long kinship formations.	high	Full southern and Central Dravidian forms support V before apical; Telugu krotta has changed order. Modern kotta is independently documented by K03 as the r-loss continuation, making concealed displacement demonstrable here.	*koẓ-utt-V > *koẓ-tt-V > *kẓott-V > krott-V > kotta is the proposed short branch. The tt belongs to the formation before metathesis in K03, not automatic new gemination. Telugu koḍuku preserves medial *ẓ > ḍ; kōḍalu has a long root grade. Kui kuṛa/kṛua and Kuvi koṛgi/kṛōgi show different formations and dialect outcomes.	Tamil koẓuntu has nt, not the identical tt formation: do not invent nt>tt to derive Telugu from Tamil directly. Exact *-utt support is the comparative reconstruction, whereas high-u formation is independently visible. Kui kṛua preserves two vowels and need not represent contraction; Kuvi long ō needs its own vowel/quantity history. Some kinship/nasal forms may have assimilated medially; neither those nor the related crop and kinship derivatives count as independent roots. Konda kodma is explicitly Telugu borrowing.	high	K03 pp.158–159 example 90, p.198 *koẓ-utt-V; DEDR 2149	core	Target initial-order comparison; literal exchange, assimilation and syncope distinguished in the derivation and language notes	reviewed	2026-09-09
d4711	d4711	tree	*mar-am / *mar-an	m	a	short	r	singleton	a	CVC-a-N	noun	Low-a nominal formation independently supported; n/m endings and velar derivatives kept distinct.	Tamil/Malayalam maram, Kannada/Kodagu/Tulu mara, Gondi mara and Gadaba marin independently establish ma-r-a order; Konda maran independently supplies final n. K03 pp.150,160–161 discusses nominal n/m and dialect stress.	high	Widespread uncontracted mar- and matching low second vowel make *mar-an earlier than mrān. A consonant-first ancestor would require multiple independent epentheses plus a low-vowel restoration without independent motivation.	*mar-an > *mrān > Telugu mrānu > mānu. Literal *mraan contraction and *marán > *marān > mrān via stress and first-vowel loss are competing implementations. Konda Araku marán versus Sova mrānu supplies a synchronic phonetic analogue, not a directly observed prehistoric time series.	Do not derive Telugu n from modern Tamil m: both nominal suffix types have comparative support. Telugu mrā̃ku/mā̃ku has an additional velar formation whose source must be reconstructed separately. Kuvi marnu/mrānu/mārnu preserves dialect and paradigm variation; the long-vowel mārnu type is not a retained exact short input. Kolami/Naikri māk could reflect direct internal assimilation or a borrowed/reduced mrā-type, so its lost r alone cannot prove metathesis. Kurux mann/Malto manu similarly admit medial assimilation.	high	K03 pp.107,150,160–162 n.16; DEDR 4711(a)	core	Target initial-order comparison; literal exchange, assimilation and syncope distinguished in the derivation and language notes	reviewed	2026-09-09
d5409	d5409	finger	*wir/wer-al; distinct *wir-and/anj derivatives	w	i/e	short	r	singleton	a	CVC-a-L / CVC-a-NC	noun	Southern -al and regional -and/-anj are independently different formations; no free substitution of suffix consonants.	Tamil/Malayalam viral, Kannada beral/beraḷ and Tulu berel independently establish initial labial, V, rhotic, then a second vowel/liquid. Gondi varanj/virinj and regional *-and/anj forms are different formations. K03 pp.101–106 explains historical i/e ambiguity.	high	The full southern forms and retained Gondi/Konda variants support labial–vowel–rhotic order. Telugu vrēlu reverses the relative vowel/rhotic order, and vēlu is its documented cluster-reduced counterpart.	Immediate *wer-al > *wrēl > vrēlu > vēlu. Deeper *wir-al > *wer-al lowering is one analysis; ancestral e is an alternative where southern vowel mergers obscure the contrast. Simple initial-vowel deletion from weral would give wral with wrong quality; prior a>e assimilation plus deletion gives wrēl without literal exchange.	The exact mechanism remains underdetermined but plain deletion alone is inadequate. Konda veṛska versus ṛeska/ṛaska permits *vṛ- > ṛ- with first-member loss; exact a/e suffix history differs from Telugu -al. Kui vanju/Kuvi vansu and Central vande admit medial r assimilation in a nasal-stop formation; they are not secure concealed initial metathesis. Toda pēḷ can likewise arise by medial r loss and contraction. Badaga bēru index finger has a competing relation to full beralu or another finger-name root.	high	K03 pp.101–106,483; K61 pp.61–62,67; PSS83 ch.15; DEDR 5409	core	Target initial-order comparison; literal exchange, assimilation and syncope distinguished in the derivation and language notes	reviewed	2026-09-09
d1787	d1787	blind	*kur-uṭ-V; immediate *kur-ḍ-V	k	u	short	r	singleton	u	CVC-u-ṭV / CVC-ḍV	adjective/noun	Whole blindness stem supported independently; person endings do not add etyma; timing of V2 syncope remains inferential.	Tamil/Malayalam kuruṭu and Kannada kuruḍu independently supply high-u disyllabic input. Tulu kurḍu and Kota kurḍ independently support the syncopated medial cluster, while Kannada kuḍḍu shows its assimilated alternative.	high	The full and syncopated southern series establishes k-u-r ordering. Telugu gruḍḍi/gruḍḍu has the rhotic before u; guḍḍi is attested beside it but cannot be mechanically generalized to every language with guḍḍi.	*kur-uḍ-V > *kur-ḍ-V > *kru-ḍḍ-V > gruḍḍi/gruḍḍu > guḍḍi, with initial k/g alternation and later r loss. Strengthening might precede displacement; *kurḍḍ > kruḍḍ yields the same result. Contraction followed by shortening is another possible route. Final i/u and gender formations remain separate.	Identical u+u does not guarantee a long modern vowel: the independently attested consonantal branch is crucial. Initial g is not explained by naming the r/vowel exchange. Gondi/Kolami/Naikri guḍḍi could be Telugu loans or local medial assimilation; no observed cluster establishes independent metathesis there. Malto qoṭri may involve internal consonant reversal relative to kur-ṭ, but its precise morphology and quantity require separate study.	high	K61 §§1.142–154; K03 pp.130–131,157–162; DEDR 1787	core	Target initial-order comparison; literal exchange, assimilation and syncope distinguished in the derivation and language notes	reviewed	2026-09-09
d4866	d4866	swallow	*miẓ-u-nk; regional *miẓ-i-nk and mu/v variants	m	i	short	ẓ	singleton	u/i	CVC-V-NK	verb	Nasal-velar extension independently supported, with u/i V2 variants; no new geminate needed for existing NK cluster.	Tamil miẓuŋku and Malayalam miẓuŋŋuka independently give m-i-apical-u; Konda miṛiŋ supplies an independent high-i second-vowel variant. K03 p.161 explicitly uses *miẓ-u-ŋ.	high	Full southern and Konda forms establish m-V-apical order. Telugu mriŋgu is innovative, and its miŋgu variant can be traced through r loss because the cluster is independently attested in Telugu.	*miẓ-u-ŋk > *miẓ-ŋk > *mẓiŋk > mriŋgu > miŋgu, with nasal-stop voicing and postconsonantal ẓ>r. Konda miṛiŋ > *mṛiŋ > ṛiŋ gives first-member loss under the displacement account. Tamil/Malayalam v-initial forms need a separate labial history.	Do not replace all historical V2 values with u: the Konda i form is real and may involve assimilation. Kannada/Kota/central miŋ(g) can result directly from medial ẓ loss, or contact with Telugu, so matching modern Telugu miŋgu is not independent proof of concealed metathesis. Pengo ṛuggiŋga/ṛugginda is explicitly onomatopoeic and has different vowels/formation. Tamil English gloss words consume/devour are parser errors, not linguistic witnesses.	high	K03 pp.161–162; K61 pp.61–64; DEDR 4866	core	Target initial-order comparison; literal exchange, assimilation and syncope distinguished in the derivation and language notes	reviewed	2026-09-09
d4993	d4993	sink, immerse, drown	*muẓ-u-nk / *muẓ-u-nkk; long and shorter formations	m	u	mixed by formation	ẓ	singleton	u/i/a	CVC-u-NK / CVVC-K / CVC-C	verb/noun	Independent high-u nasal-velar formation; long roots and different voice suffixes remain distinct.	Tamil muẓuku, Malayalam muẓukuka, Kannada muẓuŋgu and Gondi muṛuŋg independently establish m-u-apical-u. Tulu murk and Konda muṛg/muṛk support a medial consonant-cluster branch.	high	Full SD I and Gondi/Konda forms establish earlier m-V-apical; Telugu bruŋgu has a moved apical and an additional initial m>b change. Full muḍũgu remains in Telugu itself.	*muẓ-u-ŋk > *muẓ-ŋk > *mẓuŋk > *mruŋg > bruŋgu; the initial denasalization m>b is separate (K61 p.28 §1.69). Alternatively vowel contraction and later shortening before NK can give the same short output. Bruncu has a different stronger transitive formation. Telugu muṇugu/munũgu and southern muŋg/mukk can arise by medial assimilation without initial metathesis.	This is another independent same-u short outcome, contradicting obligatory surface ū but not uniquely deciding syncope versus contraction plus shortening. Kui bṛuḍga adds a retroflex stop whose origin cannot be read off the Telugu ŋg; Kuvi mrūkʰali differs in quantity and suffix/aspiration. The shared initial b in Telugu and Kui is suggestive but insufficient to choose inheritance, independent denasalization or contact. None of the surviving mu-initial assimilated forms can be labeled hidden metathesis without separate evidence.	high	K61 p.28 §1.69, pp.61–64; K03 *muẓ-u-nk/nkk; DEDR 4993	core	Target initial-order comparison; literal exchange, assimilation and syncope distinguished in the derivation and language notes	reviewed	2026-09-09
d1619	d1619	below, lower, east	short *kiẓ-nd / *kiẓ-V-kk versus long *kīẓ	k	i	mixed by formation	ẓ	singleton	zero/unknown	CVC-nd / CVC-V-kk / CVVC	postposition/adjective/verb	Short/long grades independently attested; Telugu consonantal local formation not identical to southern east -kk.	Tamil/Malayalam kiẓakku and Kannada kiẓ/kiẓgu independently establish a short allomorph alongside long kīẓ. Parji kiṛi corroborates short vowel before apical. K03 p.128 uses immediate *kiẓ-nd for Telugu below.	high	Southern short and long forms establish k-V-apical order. Telugu krinda places the apical before the vowel; kinda can be connected to it by independently attested cluster simplification.	*kiẓ-nd > *kẓind > krind > kind gives krinda/kinda. Displacement removes the front vowel from immediately after k, blocking Telugu k>c palatalization; later r-loss restores ki after that palatalization has ceased to act on this item. Long kīḍupaḍu retains the apical medially; krī may be a separate contraction or abbreviated derivative.	This is a relative chronology argument conditional on inheritance and the independently established palatalization environment, not proof from an isolated unpalatalized k. Do not shorten the citation root kīẓ ad hoc: a short allomorph is independently attested. Exact -nd and -nc history is less secure than initial order. Nilgiri/Brahui kī types admit medial-apical loss without displacement; they do not independently prove the Telugu route.	high	K03 p.128 Rule 14, p.158 Rule 21; DEDR 1619	core	Target initial-order comparison; literal exchange, assimilation and syncope distinguished in the derivation and language notes	reviewed	2026-09-09
d3976	d3976	cotton	*par-utti; immediate *par-tt-i	p	a	short	r	singleton	u	CVC-u-tt-i	noun	High-u cotton-name formation independently matched; full -utti not inferred from Telugu output.	Tamil/Malayalam parutti independently supplies a before r and high u before tt. Kannada/Tulu parti and Gondi part support a syncopated medial cluster.	high	Full and syncopated comparanda support par- as earlier than Telugu pra-. Telugu pratti and patti document the cluster and its rhotic-free outcome in the same language.	*par-utti > *par-tti > *pra-tti > pratti > patti. The derivative already has tt; metathesis need not create it anew. Kannada parti > patti is also possible through direct medial r assimilation, without a pra stage.	Cotton vocabulary can travel, and Kuvi Sunkarametta pratti may be a Telugu loan; other Kuvi/Kui forms retain part-. Neither shared crop semantics nor a matching modern patti establishes inheritance. Kannada paẓti has an additional apical correspondence and should not override the robust r series. Long Tamil pāram is a separate formation, not the exact input to Telugu short a.	medium	DEDR 3976; K03 *par-utti reconstruction	core	Target initial-order comparison; literal exchange, assimilation and syncope distinguished in the derivation and language notes	reviewed	2026-09-09
d4005	d4005	rib, side, armpit	*paẓ-k-; shorter *paẓ-u	p	a	short	ẓ	singleton	zero/u	CVC-k / CVC-u	noun	Velar extension independently attested; convergence with Indo-Aryan pakkha must be represented separately.	Kannada paẓke, Konda paṛka and Kuvi paṛka independently support a medial approximant plus velar extension; Tamil paẓu supplies a shorter rib root.	high	The independent velar formations support pa-apical-k as earlier order. Kuvi paṛka/pṛaka demonstrates actual order variation, while Telugu prakka has promoted r and a strengthened velar.	*paẓ-k > *pẓak(k) > prakka in Telugu; strengthening may precede or follow displacement. Kuvi paṛka > pṛaka is a separate local exchange without Telugu gemination. Later Telugu r-loss would produce pakka, but that modern form is not supplied as a standalone reflex in this corpus group.	DEDR explicitly notes convergence with Middle Indo-Aryan pakkha, especially in Telugu. Thus a pure inherited account of every pakka/prakka token would be unjustified: inherited metathesis, borrowing and analogical mixing may all contribute. Exact corpus prakka retains the apical, but the formation’s loan history still needs independent textual evidence. Do not treat Tamil paẓu as proof of a vocalic suffix in the velar derivative.	medium	DEDR 4005 and explicit DBIA 233a convergence note; Hume 2004 p.225	core-contact-convergence	Target initial-order comparison; literal exchange, assimilation and syncope distinguished in the derivation and language notes	reviewed	2026-09-09
d5263	d5263	write, draw lines, scratch	*war-ay; *war-i and other scratching formations	w	a	short	r	singleton	a/i	CVC-ay / CVC-i	verb/noun	Low-ay write versus high-i scratch/test formations independently attested; derivatives and recipient writing vocabulary not independent roots.	Tamil varai and Malayalam varayuka independently establish low-a drawing formation; Kannada bare and Tulu barepini corroborate labial-V-r order. Tamil vari independently establishes a high-i counterpart.	high	Multiple southern forms support var- before Telugu vrā-. The coexistence of vrāyu/rāyu directly supports subsequent loss of the first cluster member, unlike Telugu finger vrēlu>vēlu.	*war-ay > *wrāy > vrāyu > rāyu. Writing nouns vrā̃ta/vrālu and causative vrāyincu have distinct suffix histories. Telugu variyu metal-testing preserves the high-i formation. Kui vrīsa/Kuvi brīnai has high ī and different suffix history, potentially *war-i versus a different earlier vowel grade.	One first-member-loss word does not establish a universal low-vowel rule for wr clusters. Literacy vocabulary readily diffuses: Gondi/Konda/Kuvi rās/rāc and Gadaba rāyap may be Telugu exports or reflect local developments. Gondi varasānā retains full order, but its relation to a possible borrowed rās is uncertain. Telugu baruku and Parji varc have explicit alternative d5322 etymologies. Badaga finger/place-name homonyms attached to this group are not writing reflexes.	high	K61 pp.67–68; K03 pp.157–158; PSS83 pp.230–231; DEDR 5263	core	Target initial-order comparison; literal exchange, assimilation and syncope distinguished in the derivation and language notes	reviewed	2026-09-09
d5295	d5295	scrape, wipe, erase inscription	*waẓ-i; *waẓ-C / *waẓ-a/icu causative formations	w	a	short	ẓ	singleton	i/a/zero	CVC-i / CVC-C	verb	Exact short -cc formation is not independently identical to Kannada low-a -acu; preserve this unresolved step.	Tamil vaẓi and Kannada baẓi/baẓicu/baẓacu establish w/b-V-ẓ and different vowel-bearing extensions. Telugu vẓaccu preserves the identity of the promoted approximant before its merger with r.	medium	Independent southern medial ẓ plus old Telugu cluster vẓ supports displacement before postconsonantal ẓ>r. The surviving cluster consonant is stronger direction evidence than a modern r alone.	A consonantal *waẓ-cc > *wẓacc > vraccu accounts for short a with cc; alternatively high-i syncope could precede the consonantal stage. Kannada baẓacu has low a and cannot be mechanically chosen as the exact immediate Telugu input without explaining the short output. Telugu baḍiyu retains V before the apical in a different ritual sweeping formation.	The exact causative/input vowel remains a substantive uncertainty; old cluster spelling does not solve it. Inscriptional vẓ/vr dates need separate localization. Badaga bāku may have medial assimilation/loss and lengthening rather than initial metathesis. Toda poṛt ud contains the comparison in a compound; bare ud must not be counted as another independent reflex of waẓ.	high for order; medium for full formation	DEDR 5295; K61 pp.67–68; K03 p.158 apical reflex table	core	Target initial-order comparison; literal exchange, assimilation and syncope distinguished in the derivation and language notes	reviewed	2026-09-09
d4555	d4555	town, city	regional *poẓ-al	p	o	short	ẓ	singleton	a	CVC-a-L	noun	Low-al city formation supported in Kannada; deeper cognacy/contact direction unresolved.	Kannada poẓal directly supplies medial approximant, short o and low a. Telugu archaic pẓōl/pẓōlu retains the same approximant in the newly formed initial cluster.	medium	The consonant identity correspondence and fuller Kannada formation support po-ẓ-al earlier than p-ẓō-l. Only one unshifted language is attested, so wider ancestral level and loan direction remain less secure than local order.	*poẓ-al > *pẓōl > prōl, with later Telugu ending u. Literal rearrangement+contraction and a>o assimilation followed by first-vowel loss are alternatives; pẓ precedes merger to pr under either mechanism.	Settlement vocabulary can be borrowed. Even if Telugu borrowed an uncontracted poẓal-type stem and changed it locally, it would still witness Telugu displacement but not inherited pan-Dravidian cognacy. The queried poẓil d4558 comparison needs separate review. A dated town-name spelling would bound its own form, not date the inception of the rule.	medium	DEDR 4555; K61 pp.67–68	regional-contact-uncertain	Target initial-order comparison; literal exchange, assimilation and syncope distinguished in the derivation and language notes	reviewed	2026-09-09
d910	d910	seven, seventy	short *eẓ-u-pat- tens versus long *ēẓ-u numeral	Ø	e	mixed by formation	ẓ	singleton	u/zero	VC-u + ten / VVC-u	numeral	Short attributive/tens grade and long independent numeral are independently attested in several languages.	Tamil/Malayalam eẓu-patu seventy and short attributive eẓu- independently establish the short root beside ēẓu seven. Tulu eḷpa and Kodagu əḷu-vadɨ independently retain a short tens formation.	high	Southern short attributive/tens forms support e before ẓ. Telugu ḍebbadi promotes the apical, whereas ēḍu preserves the independent long root in numeral and person formation.	*eẓ-(u)-pat > *ẓe-ppat > ḍebbadi is schematic: vowel loss, displacement, labial strengthening/voicing and the Telugu tens suffix require separate chronology. Later ḍebbʰai/ḍabbʰai adds suffix contraction, aspiration and e/a variation. Long *ēẓ-u > ēḍu retains order; no ad hoc shortening of modern ēḍu is required to feed seventy.	The compound boundary supplies independent conditioning information, but exact prehistoric weakening of u and voicing of p cannot be inferred merely from a compound label. The original ḍ in seventy remains distinct from later d elsewhere; orthography/source traditions need checking before claiming one universal merger date. K03 p.264 diagnoses Kolami seven forms as Telugu loans. Kui oḍgi is itself queried and has separate vowel/suffix history, not initial metathesis.	medium	K03 p.264 §6.5.7; PSS83 p.235; DEDR 910	core	Target initial-order comparison; literal exchange, assimilation and syncope distinguished in the derivation and language notes	reviewed	2026-09-09
d1959	d1959	scoop up	regional *ker-V; K80 proposes *ker-a	k	e	short	r	singleton	unknown	CVC-V + labial/palatal formation	verb	Konda establishes the root, not the exact low formative proposed in K80.	Konda ker independently supplies k-e-r order, but its stem notation ker- does not independently establish a following a. K80 reconstructs *ker-a from this comparison.	medium	The full Konda root and initial gr in all other reflexes support displacement, with separate k>g. Direction of e/a quality change is an additional issue, not settled by consonant order.	Conditional *ker-a > *krē > grē, with Kui lowering to grā in one dialect; alternatively pre-contraction e>a before a yields grā. Kuvi grec, Pengo gre and Manda grepa preserve e. Exact labial/palatal formative and vowel quantities differ.	Kui grāpa/grēpa is a valuable dialect contrast, but cannot independently validate the reconstructed low V2 which helps explain it. No Telugu cognate is supplied. Do not count each language’s suffix as an independent root. The regional proto-level is more defensible than a pan-Dravidian *grä already containing the outcome.	medium	K80 pp.496–499 item 1; DEDR 1959	core-formation-uncertain	Target initial-order comparison; literal exchange, assimilation and syncope distinguished in the derivation and language notes	reviewed	2026-09-09
d1818	d1818	pit, hollow, tube, dig	*ku/oẓ-i pit; *ku/oẓ-al/av tube; consonantal digging formations	k	u/o	short	ẓ	singleton	i/a/u	CVC-i / CVC-a-L / CVC-a-v / CVC-C	noun/verb	Pit -i, tube -al/-av and digging consonantal formations independently distinguished; no uniform low-a assignment.	Tamil kuẓi pit contrasts with kuẓal/kuẓai tube; Malayalam kuẓa/kuẓal and Kannada koẓal/koẓavi independently establish low-a tube formations. Gondi koṛi and Konda kuṛk corroborate initial k-V-apical order.	high	Independent full southern/central forms support k-V-ẓ before Telugu kr and old kẓ. Different high/low and consonantal formations must not be collapsed to a single convenient *koẓ-a input.	Low-a *koẓ-al/av > *kẓōl/ōv > krōlu/krōvi, then kōlu. A consonantal *koẓ-cc > *kẓocc > kroccu explains short digging forms; old kẓōce has a distinct long variant. Kui kṛāu/Kuvi gṛāyu are displaced pit names with low outcome, but independently known pit *kuẓ-i is not the same low-a tube derivative. Exact pit-name -ay formation needs reconstruction.	K80 explicitly contrasts Kui pit kṛāu and tube krōḍu; that semantic distinction describes distribution without itself explaining a sound condition. Kui krūpa has another vowel/formation. Telugu kukki/goppu could be direct medial assimilation; do not infer concealed metathesis merely from lost ẓ. Kannada kōvi is explicitly Telugu borrowing. The porridge *kūẓ reconstruction attached to this group is not evidence for a long pit input.	medium	K80 pp.497–499 item 7; DEDR 1818; K61 pp.67–68 old kẓ clusters	core	Target initial-order comparison; literal exchange, assimilation and syncope distinguished in the derivation and language notes	reviewed	2026-09-09
d1859	d1859	cut, reap, saw	*ku/oṯ-ay; high-vowel and consonantal cut derivatives	k	u/o	short	ṟ	singleton	a/u/zero	CVC-ay / CVC-u / CVC-C	verb/noun	Low-ay base independent; exact Kui labial formation reconstructed, historical Telugu noun is long.	Tamil kuṟai and Malayalam kuṟekka independently support low-ay cutting formation; Kannada koṟe and the shorter Tamil kuṟu support additional vowel histories. Central Dravidian kud/kut forms support medial apical but not identical suffixes.	high	Southern/Central k-V-apical order supports earlier unshifted root. Kui krāpa has moved r before V; Old Telugu kōṟa remains V-before-r and is a long nominal formation.	Conditional *koṯ-a-p > *krōp > krāp gives Kui krāpa under contraction then lowering; pre-contraction o>a is the competing order. Kannada korcu > koccu and Tulu koccu can arise by medial assimilation. Telugu kōṟa has a long vowel but no initial cluster and is not a displaced reflex.	K80’s low-a comparison has independent southern support, but exact causative p formation and its vowel remain reconstructed. Do not apply the expected short-root change to the Old Telugu long noun without establishing its grade. Cutting, boring and fire-kindling meanings may converge with d2168; the source explicitly questions some Kannada comparisons.	medium	K80 pp.497–499 item 8; DEDR 1859	core	Target initial-order comparison; literal exchange, assimilation and syncope distinguished in the derivation and language notes	reviewed	2026-09-09
d2018	d2018	kindred, family, friend	short *ki/eḷ-ay and long *kēḷ; Kui nominal -mbu formation	k	i/e	mixed by formation	ḷ	singleton	a	CVC-ay / CVVC / CVC-a-mb	noun/verb	Short kiḷai and long kēḷ independently distinct; Kui nominal ending not inferred as part of a bare root.	Tamil kiḷai ramify/kindred and Kannada keḷe/geḷe independently establish a short low-formative series alongside Tamil kēḷ friend. Short vowel cannot be rejected merely because the dictionary headword selects long kēḷ.	high	Southern short and long forms have V before lateral; Kui klāmbu has initial cluster and additional nominal morphology. Direction of displacement is plausible independently of the long ā outcome.	*keḷ-a-mbu > *klēmbu > klāmbu is K80-type contraction then lowering; pre-contraction e>a is also possible. Plural klāpka has stem/number alternation with mb/pk, not a second independent metathesis root. Kannada geṇe/geṇiya and Tulu geṇe have medial lateral-to-nasal developments.	The exact -mbu formative should be checked against Kui nominal morphology; Tamil kiḷai alone does not supply it. K80 prints old DED 1628, but the correct old number is 1678 (modern2018); 1628 is do1957. Badaga kliūgidu is a plant name with a different Kannada comparison and is not evidence for lateral displacement in friend; its inclusion would manufacture an exception to southern distribution.	medium	K80 pp.497–499 item 9, old-DED misnumbering; DEDR 2018	core	Target initial-order comparison; literal exchange, assimilation and syncope distinguished in the derivation and language notes	reviewed	2026-09-09
d4411	d4411	grow, increase, big; elder kin	*per-u-k(k); *per-V / *pēr; kinship derivatives	p	e	mixed by formation	r	singleton	u/i/unknown	CVC-u-K / CVC-V / CVVC	verb/adjective/noun	Short high-u grow formation independently matched; free/long big and elder compounds receive separate formation classes.	Tamil peruku/perukku, Malayalam perukuka and Telugu perugu independently share e-r-u-k. Konda pergi and Kolami perg corroborate consonantal derivatives. Long *pēr is independently distinct from the short grow verb.	high	Multiple branches support p-V-r, and Telugu perugu/pergu retains it even after medial syncope. Old Telugu perddaḷ supplies medial r before dd in a different elder formation, supporting an internal-assimilation history for pedda.	*per-uk > perug(u) > pergu retains order; it does not become **preggu. *per-tt > perdd > pedd gives the elder series schematically, supported by inscriptional perddaḷ. Other penu/penn/pemme/peccu derivatives may involve nasal/labial/palatal assimilation. Kui prēnḍa elder male is displaced-looking but its exact input vowel and quantity are not independently identical to grow *peruku.	This is a genuine short-root high-u retained Telugu control, explicitly cited as nonapplication by PSS83 p.229. Loss of V2 alone is therefore insufficient to force metathesis. Elder kinship and person compounds add no independent roots. Telugu heccu/eccu, central pedda and Gondi peddal may involve borrowing or medial reduction; do not assert a hidden pr stage. Kui prēnḍa versus Kolami perendā supports a formation comparison, but ancient a versus e still requires independent reconstruction. The imported perl/peru HTML fragments are not extra Telugu forms.	medium	PSS83 p.229 §16.1.2; DEDR 4411; K03 *per-V/*pēr	core	Genuine retained grow formation; internal assimilation and uncertain kinship displacement elsewhere.	reviewed	2026-09-09
d3259	d3259	open	*ti/eṯ-a; velar, labial and palatal extensions	t	i/e	short	ṟ	singleton	a	CVC-a / CVC-a-C	verb/noun	Low-a root independently attested; local labial/palatal extensions and input grades separate.	Tamil tiṟa, Kannada teṟa/teṟe and Malayalam tuṟakka independently establish a low-a formative and t-V-apical order. Telugu teṟacu/teṟa retains that independently supported environment.	high	Full southern forms and Konda Gūṛi teṟe support t-V-apical before Konda ṟe. Initial loss alone from teṟa would give ṟa, so the mid vowel in ṟē/jē requires prior vowel interaction or a different independently established formation.	Conditional *teṯ-a > *tṟē > ṟē gives Konda; later apical change gives Pengo/Manda jē and Kuvi de. Kui dāpa adds low outcome (contraction then lowering or lowering then contraction). Telugu teṟacu retains initial order, and suffix cu requires its own historical morphology.	A clear low-a retained Telugu family versus broader eastern displacement. Gondi rehānā may show first-member loss, but its own suffix/vowel and donor history remain uncertain. Tulu jappuni/depp could involve medial assimilation plus initial t>j/d, not necessarily the same metathesis; Kurux/Malto tisg likewise preserves the first vowel despite loss/change of apical. Toda key tɨrp is explicitly alternatively compared with turn d3246 or Tamil borrowing and cannot be treated as an independent ordinary open reflex.	medium	K03 p.160 example 94; K80 pp.497–499 item 10; DEDR 3259	core	Target initial-order comparison; literal exchange, assimilation and syncope distinguished in the derivation and language notes	reviewed	2026-09-09
d4760	d4760	forget, hide, be lost	*maṯ-a/ay; *maṯ-a-nk and *maṯ-u-k formations	m	a	short	ṟ	singleton	a/u	CVC-a / CVC-a-NK / CVC-u-K	verb/noun	Low-a and high-u formations independently distinguishable; matched lost/transitive nasal/velar comparison across eastern languages.	Tamil maṟa/maṟai, Malayalam maṟakka/maṟayuka and Kannada maṟe/maṟagu establish m-a-apical-a independently. Gondi māraŋg/mareŋg and Konda marg support a nasal/velar lost/hide formation.	high	Full southern and Gondi/Konda forms support original m-V-apical. Telugu maṟacu/maṟũgu retains that order, while Kui mrāŋga promotes the apical into a cluster.	*maṯ-aŋk > *mṟāŋg > Kui mrānga. Kuvi/Pengo jāŋg and Manda dāŋg are derived by DEDR through *mṟāŋg > *mjāŋg > jāŋg (with Manda apical d); these intermediate clusters are reconstructed, unlike attested Kui mr-. Separate causative mrāk-p > mrāp-k produces Kui mrāpka. Gondi ractāl is explicitly derived by the source from *mṟac with initial m loss.	Low-a does not compel Telugu displacement. Different maṟa-cu, maṟu-k and maṟa-ŋ formations must remain distinct before interpreting exact exceptions. Eastern j/d stems support shared development more strongly when nasal/velar morphology agrees, but do not by themselves prove every language inherited an identical completed sound change. Southern and central mak/maŋ/meŋ reductions may be medial assimilation; do not force hidden mr stages. Tamil source ṛ in maṛa is a transcription inconsistency beside its clear ṟ derivatives.	medium	DEDR 4760 and explicit *mṟāŋg>*mjāŋg note; PSS83 p.229 lexical nonapplication principle	core	Target initial-order comparison; literal exchange, assimilation and syncope distinguished in the derivation and language notes	reviewed	2026-09-09
d1574	d1574	cry, crow, make noise	*kil-a/ay; *kil-i and expressive extensions	k	i/e	short	l	singleton	a/i	CVC-a / CVC-i / CVC-C	verb/noun	Low-a crow and high/expressive shriek formations differentiated by independent southern morphology.	Tamil cilai, Malayalam cila/cilekka, Kannada kele and Tulu kele-puni independently support a low-a formation with initial k/c-V-l. Tamil cil and Gondi kil also supply a bare root; reduplicative shrieking stems have different morphology.	high	Southern and Gondi full forms support k-V-l before Kui kl-. Palatalization in Tamil and some Kannada/Telugu forms is a separate initial k development; none requires reconstructing initial c in the common input.	*kil-a-p > *klēp > klāpa is the K80 lowering analysis; an alternative lowers/assimilates before cluster creation. Kui klīri and Kuvi klīrinai show a different high-vowel expressive formation, not an exception to low-a-specific lowering. Telugu kilārucu/kelayu/celãgu retains initial vowel/l order.	Postconsonantal l lies outside the narrow Telugu r/ṟ/ẓ metathesis set, while Kui admits it. This supports a structural language contrast, not simply a difference in frequency. Exact ancient morphology of the long ā Telugu expressive stem and klīri is not recoverable from the bare *kil head alone. Toda kīl ik is explicitly a Badaga loan; initial-loss Kota iḍ and alternative-cognacy jelk remain uncertain. Toda kv-style processes elsewhere must not be generalized to this root.	medium	K80 pp.497–499 item 6; PSS83 p.230 post-C sonorant restriction; DEDR 1574	core	Target initial-order comparison; literal exchange, assimilation and syncope distinguished in the derivation and language notes	reviewed	2026-09-09
d2146	d2146	fat, become fat, proud	*koẓ-u; *koẓ-(u)-w / *koẓ-(u)-kk; long *kōẓ	k	o	short and independently long grade	ẓ	singleton	u/zero	CVC-u / CVC-w / CVC-K / CVVC	adjective/verb/noun	Labial fat noun and velar verb/noun separated; no low-a input independently established for these forms.	Tamil koẓu/koẓuppu, Malayalam koẓu/koẓukka and Kannada korvu/korbu independently support o-ẓ and high-u/labial formations. Gondi koṛvinj and Konda koṛvu strengthen the short labial comparison; Tamil kōẓ is a separately attested long grade.	high	Southern, Gondi, Konda and central forms agree on k-o-apical. Telugu krovvu and Kui krōga instead place the apical next to k. The input labial versus velar extensions cannot be collapsed into one identical stem.	*koẓ-w > *kẓow > krovvu > kovvu gives Telugu schematically, with labial gemination a separate issue. Kui *koẓ-(u)-k > krōg gives a long mid vowel without the low ā found after independently low-a formations. Pengo kṛō and Manda kṛuva preserve different quantity/suffix histories. Kannada korbu > kobbu permits medial assimilation without an initial kr stage.	This is a useful high-u comparison for eastern lowering, but exact u/zero in each immediate velar input is not supplied by the bare root alone. Toda kvāv/kvaḷp has initial k-v after loss/change of ẓ and a different vowel history; it is not evidence of the same k-r metathesis. Kuvi candle klōva is semantically plausible from fat/tallow yet requires source/contact scrutiny; kept uncertain. Related derivatives count as one family.	medium	DEDR 2146; K80 low-a lowering hypothesis; K03 Rule 21	core	Target initial-order comparison; literal exchange, assimilation and syncope distinguished in the derivation and language notes	reviewed	2026-09-09
d3246	d3246	turn, return, twist, wander	*tir-i/u; *tir-u-pp; *tir-u-kk; nasal and low-a derivatives	t	i	short	r	singleton	i/u/a	CVC-u-K / CVC-u-PP / CVC-u-KK / CVC-V-NK	verb/noun	Singleton velar, geminate labial/velar, nasal and low-a derivatives independently differentiated by southern morphology.	Tamil tiri/tiruku/tiruppu/tirukku and Kannada tiri/tirugu independently establish high-vowel root and distinct singleton velar, geminate labial and geminate velar formations. Kannada tiragu/tirapa and Kodagu teraŋg additionally attest low-a formations; no one V2 fits all derivatives.	high for matched high-vowel formations; medium for eastern low-a input	Tamil, Malayalam, Kannada, Gondi, Konda and central retained forms agree on t-i-r before Telugu tr-. Telugu itself contrasts retained tirugu and displaced trippu/trikku. The grammatical contrast is independently supported by Tamil intransitive and causative formations.	*tir-upp > *tir-pp > *tri-pp > trippu; *tir-ukk > *tir-kk > *tri-kk > trikku, with equal-vowel syncope/reassociation not requiring a literal audible vowel swap. *tir-uk > tirugu retains order. Kui trēba and Kuvi rēnai involve a different formative and initial t loss in the latter; its exact low-a/ high-i input must not be inferred solely from ē. Manda trīmba matches a nasal formation with long quantity.	A strong independently formed Telugu contrast: singleton-velar turn is retained while geminate causative/twist forms displace. This is evidence for morphological/cluster conditioning within a family, not a universal rule until other geminate and singleton inputs are tested. Trimmaṭa/trimmaru wandering need exact derivational reconstruction and are flagged less certain than trippu. Central tipp may result directly from medial r-p assimilation; Telugu tipiri may be analogical or metathetically restructured but does not prove initial tr loss. Badaga Tirikōṇa is a proper name and should not be an extra inherited turn witness.	medium	DEDR 3246; K03 Rule 21; PSS83 p.229 nonautomatic application	core	Target initial-order comparison; literal exchange, assimilation and syncope distinguished in the derivation and language notes	reviewed	2026-09-09
d2237	d2237	stick, shaft, long	*kōl	k	ō	long	l	singleton	zero/a/u	CVVC / CVVC-V	noun/adjective	Independently free root; later compounds and plurals do not make independent roots.	Tamil, Malayalam, Kannada and Konda kōl independently establish a long-vowel free root; Telugu kōla and eastern kōl/kōḍu continue that input.	high	The long vowel precedes the lateral across several branches. Toda initial kv contains a labial associated with the rounded vowel, not the displaced reflex of root-final l, whose fricative reflex remains after the vowel.	*kōl > kōla/kōlu retains order. Kui kōḍu and plural kōṭka change the medial/final lateral to a stop without promoting it. Toda kōl > kvɨ̄s̱ requires vowel breaking and lateral fricativization, not k-l metathesis.	A strong independent long/free-root control, including Kui/Kuvi plural formations that retain initial order. Short Gondi kola/Kolami kolā cannot establish original short V against the broad long comparison and may be local shortening. Many Badaga stick compounds and proper names are not independent etyma. The imported *kōy-il palace reconstruction is unrelated metadata, excluded.	medium	DEDR 2237; PSS83 pp.229–230 long/free-root restriction	core	Target initial-order comparison; literal exchange, assimilation and syncope distinguished in the derivation and language notes	reviewed	2026-09-09
d2929	d2929	fire, blaze, live coal	*nir-/ner-; labial *nir/ner-upp and velar derivatives	n	i/e	short	r	singleton	u/unknown	CVC-u-PP / CVC-V / CVC-K	noun/verb	Labial noun and velar/intransitive verbs separate; relationship to vowel-initial burn uncertain.	Tamil neruppu, Malayalam nerippu, Gondi nirvānā and Parji nir independently support n-V-r, with i/e and labial/velar formative variation. Neither imported *nijur nor **nirVvV is treated as uniquely established.	high for n-V-r; medium for exact vowels/formations	Several branches retain initial n-V-r. Telugu nippu lacks r; Kui drē instead has r immediately after a stop that may continue n through denasalization.	Telugu *nir-pp > nipp via medial r-p assimilation is sufficient; a hidden *nripp > nipp trajectory remains possible but unproved. Kui *nir-V > *nrē > drē combines displacement/contraction and n>d, with exact ancient V2 unresolved. Kurux niyū̃r requires additional medial vowel/glide history and is not simple evidence for the same immediate input.	The geminate labial environment alone does not certify Telugu metathesis: nippu is opaque without an attested nr/dr intermediate. This is a crucial comparison with trippu and krovvu. Related burning eri d811 may involve nasal prothesis/loss, but that deeper union remains a sensitivity hypothesis. Initial n is independently recoverable here and must not be removed to make a vowel-initial metathesis case.	medium	DEDR 2929; K03 Rule 21 denasalization; comparison DEDR 811	core	Opaque Telugu medial reduction; eastern displacement with denasalization.	reviewed	2026-09-09
d2988	d2988	fall, lie down, die	*ḍol-/ḍul- (regional); relationship to ūḍu unresolved	ḍ	o/u	short	l	singleton	zero/u	CVC / CVC-C	verb	Regional root and long vowel-initial alternative not assumed identical.	Gondi, Kolami and Kui/Kuvi independently have initial ḍ/d before the vowel and a following lateral or its loss. The lone Telugu ūḍu has a different shape and long vowel, insufficient to reverse the comparative direction for the whole family.	medium; regional reconstruction, deeper source unresolved	Broad regional agreement favors earlier ḍ-V-l for this set; there is no independently attested common *uḍal input here. Telugu ūḍu may be a related different formation, analogical associate or separate cognate hypothesis.	*ḍol > ḍollu/ḍol, and *ḍol-p > ḍōpa with lateral loss/assimilation and compensatory quantity, are local candidate developments. Deriving all initial ḍ from vowel/apical exchange would require independent evidence not supplied by these reflexes.	Initial retroflexion is not a metathesis diagnosis. The near-homophonous rolling forms in d2698 may have converged with this fall/death set, but conflating them would falsely supply a southern unshifted cognate. Long ūḍu versus short ḍul- deserves dictionary/historical morphology work; for now code its direction uncertain. No confirmed metathesis count from this entry.	medium	DEDR 2988; compare DEDR2698 and K61 p.54 §1.127 alternative derivations (prior verified reading)	lookalike-unresolved	Initial-retroflex lookalike; no established earlier reversed order.	reviewed	2026-09-09
d3014	d3014	remain, stay, be obtained	*taŋ-k / *tak-k	t	a	short	nonapical	singleton	u	CVNK / CVKK	verb/noun	Velar/nasal stem formations independently supported.	Tamil taŋku/takku, Malayalam taŋŋuka/takkuka, Kannada taŋgu/dakku and central tak independently establish initial t and a velar/nasal medial cluster. No postvocalic apical is reconstructed.	high	Initial t/d/ḍ precedes a in all relevant cognates. Telugu ḍakku does not show reversal of an independently reconstructible *aḍ input.	*tak-k > takku/dakku/ḍakku involves initial voicing/retroflexion or lexical variant association; *taŋ-k > taŋgu/tagg involves nasal/velar developments. These are distinct from initial vowel/apical displacement.	A false-positive control for searching Telugu initial ḍ. K61 p.53 §1.126 proposes hyperstandard ḍ for d in ḍakku; this is an alternative to metathesis, not a demonstrated ancient sound law. The same discussion finds no evidence for an assumed lost nasal source. Uncertainty about this consonant is not positive metathesis evidence. Related takku/takkin(a) morphology and cognates support the original t-initial analysis.	medium	DEDR 3014; K61 p.53 §1.126 (prior verified reading)	nonapical-control	Initial voicing/retroflexion, not metathesis.	reviewed	2026-09-09
d2359	d2359	snake, cobra, krait	*car-a-(n)c(c)-; immediate Telugu *tar-a-ncc-	c/t	a	short	r	singleton	a	CVC-a-(N)CC	noun	Independent nasal/geminate variant distinguished from simple final s; southern vu is later morphology.	Konda saras/sarasu and Gondi taras/taranj independently support initial s/t-a-r-a and a final s/nj alternation. Tamil ara/arā/aravu and Malayalam aravu agree in r following the first vowel but have lost initial c; they cannot alone reconstruct an originally vowel-initial root.	high for segment order; medium for exact common suffix	Konda and Gondi favor C-a-r before eastern Cr. Southern initial loss is independently comparable with broader c-loss correspondences, not evidence that Telugu added t. Tamil final ā is analyzed by K03 through -ac > -ah > ā, separately from first-syllable metathesis.	K03 reconstructs *car-a-ncc > regional *tar-a-ncc > *trā-ncc > trā̃cu. Kui *sar-as > srāsu/srācu; Kuvi/Pengo *srāc > rāc with first-member loss. Manda trehe retains the initial cluster but changes final consonant/vowel. Nasal/geminate and simple-s variants require distinct immediate formations.	Direction is strongly comparative; exact shared innovation still depends on dating branch-specific s/t and suffix developments. Telugu nasal vowel and Gondi taranj support a nasal formation independently, while many cognates have no nasal. The Prakrit sarāhaya comparison in DEDR/K03 may reflect borrowing and is not an independent Dravidian denominator. Konda srāsu is quoted in K03 p.122 but absent from this database group; do not silently manufacture a database variant.	medium	K03 pp.122–123 n.5(1); DEDR 2359; DNM sarāhaya cited there	core	Target initial-order comparison; literal exchange, assimilation and syncope distinguished in the derivation and language notes	reviewed	2026-09-09
d2628	d2628	chironji tree and nut	*cir/cēr-V?; regional *ser/ sar-ēk	c/s	i/e/a	mixed, proto-quantity unresolved	r	singleton	e/unknown	CVC-V-K / CVVC	noun	Velar tree formation versus unsuffixed nut/tree root; no exact V2 class inferred from output.	Kolami sire/cīre, Naikri śīre and Parji cīr independently support c-V-r but mix short/long grades. Gondi serkā/sirkā and sarēkā/saṛēka support a velar tree formation; exact V1/V2 before metathesis remains uncertain.	medium for order; low for exact vowels/quantity	Multiple central and Gondi forms favor s-V-r before Kui srēko. The imported *srēk-o reconstruction adopts the shifted cluster and cannot be used to claim that Gondi inserted its vowel without independent argument.	Conditional *ser-V-k > srēk gives Kui; *srēk > rēk gives Kuvi/Pengo/Manda and some Gondi lects. Alternative regional borrowing of srēko/rēko is plausible for a culturally salient tree name. Long cīr and short serk cannot be collapsed to assert unrestricted long-vowel metathesis.	No Telugu attestation in the linked corpus. The restricted geography and regional tree-name traffic weaken family-wide inheritance claims. Gondi full and r-initial variants preserve useful lect evidence, but distinct suffix vowels and quantity prevent a deterministic conditioning assignment. Latin B. latifolia is a parser fragment, not a Gondi word.	medium	DEDR 2628; Burrow–Emeneau 1972 DEN1 p.407 entry 2160; Southworth 2006 *cir/cīr	regional-contact-uncertain	Target initial-order comparison; literal exchange, assimilation and syncope distinguished in the derivation and language notes	reviewed	2026-09-09
d3364	d3364	jump, leap, be proud	*tuḷḷ-u	t	u	short	ḷḷ	singleton	u	CVCC-V	verb/noun	Geminate root and subsequent derivatives, no reconstructible pre-vocalic rhotic.	Tamil tuḷḷu, Malayalam tuḷḷuka, Kannada tuḷḷu, Kodagu tuḷḷ and Tulu tuḷḷuni independently establish a geminate lateral with no additional rhotic.	high	The widespread southern form and Telugu tuḷḷu favor earlier t-u-ḷḷ. Telugu truḷḷu retains that whole sequence and adds r, so ordinary transposition cannot derive it without an extra unsupported ancestral rhotic.	*tuḷḷ-u > tuḷḷu; secondary literary r gives truḷḷu and its derivatives. K61 p.131 n.80 proposes hyperstandardization on the model of archaic Cr forms. This is a source proposal with strong segment-count evidence for addition, less direct evidence for its social mechanism.	A central negative control: initial tr does not guarantee metathesis. It is inappropriate to reconstruct **tur-uḷḷ solely from the Telugu outcome. Gondi tul could have simplified gemination or be related through contact; neither supplies the missing r. K61 citation was visually checked in the prior investigation; this run’s attempt to reopen p.131 reached the authorized preview limit and did not independently reverify the page.	medium	DEDR 3364; K61 p.131 n.80 (prior run page verification, reopened preview unavailable)	secondary-r-control	Secondary r; hyperstandardization plausible, not metathesis.	reviewed	2026-09-09
d4194	d4194	burst, split, hatch, parch	*piḷ-i/a; competing Telugu *pir-al > *per-al	p	i/e	short	ḷ / alternative r	singleton	i/a/unknown	CVC-V / CVC-V-l / CVC-K	verb/noun	Do not invent *peḷal to fit Telugu; lateral/rhotic competing families must remain explicit.	Tamil piḷ/piḷa, Malayalam piḷakka/piḷaruka and Kannada piḷigu support a lateral root, with independently distinct i/a formations. Telugu prēlu has both r and l, not a simple one-liquid reflex. K61 instead compares a rhotic separate root in entry 898 and reconstructs *pir-al for prēlu.	high for lateral group; low for uniquely linking Telugu prēlu	Southern lateral forms establish p-V-ḷ for the DEDR group and support Kui pl-. They do not alone establish the two-liquid input required by Telugu prēlu. Gondi rhotics cannot settle r versus ḷ because ḷ has rhotic reflexes there independently.	For the securely comparable eastern hatch stems, *piḷ-i/zero > plī/plin gives Kui plīva/pling(a), with stem-specific length and nasal morphology. Telugu alternatives: (1) K61 *pir-al > *per-al > prēlu > pēlu; (2) independently long/lengthened lateral pēlu with secondary literary r; (3) a two-liquid formation related to Malayalam piḷar- with a separate liquid-order change. None is established merely by fitting the modern form.	Keep Telugu uncertain, not an automatic exception to the narrow r/ṟ/ẓ restriction or a confirmed lateral metathesis. K61 p.437 entry 859 treats pēlu separately and allows derivation from prēlu; p.445 entry 901 supplies *per-al. Those page images were verified in the prior investigation, not reverified after this run hit preview limits. Kolami pēl could be independently lengthened or borrowed. Gadaba pēlsap is explicitly a Telugu loan. Homophonous prattle d4430 must remain distinct absent evidence of analogical transfer.	medium	DEDR 4194; K61 p.437 entry 859, p.445 entry 901 and comparison entry 898 (prior verified reading)	input-cognacy-contested	Eastern lateral displacement secure; Telugu root choice and possible secondary r unresolved.	reviewed	2026-09-09
d2698	d2698	whirl, roll, revolve	*cuẓ-i/a; initial-loss *uẓ-al and related formations	c/zero	u/o	short	ẓ	singleton	i/a	CVC-i / CVC-a-l / VC-a-l	verb/noun	Whirl *cuẓ-i versus roll *uẓ-al; initial c loss and long grade separately annotated.	Tamil cuẓi/cuẓal alongside uẓal, Malayalam cuẓaluka/uẓaluka, and Kannada suẓi/toẓal/uẓal independently support both c-initial and initial-loss families, with a second lateral in the roll formation. Telugu suḍi retains the first type; ḍollu is compared with the second.	high for uẓ-al order; medium for exact Telugu trajectory	Several branches establish vowel before ẓ and a following l in uẓal, giving a much stronger potential direction for roll ḍollu than for homophonous fall d2988. Initial c loss is independently attested, although whether it preceded displacement in Telugu itself is not directly dated.	Possible *cuẓ-al > *uẓ-al > *oẓ-al > *ẓōl > ḍollu requires contraction followed by shortening/gemination, or an earlier syncope route with a consonantal derivative. K61 p.54 §1.127 discusses alternative suffix/quantity histories. Telugu suḍi continues *cuẓ-i without displacement. Kui ḍuṛi retains an apical after u and may have initial c>ḍ plus a medial rhotic; its initial ḍ is not sufficient evidence of the vowel-initial pathway.	Telugu roll is a plausible displacement family, but exact input and collision with regional fall ḍollu d2988 prevent a strict mechanism claim. A pathway cẓ > ẓ after displacement would give the same surviving initial segment as c loss before displacement; chronology is not forced. Several Telugu fragments split ḍol(u)cu into bogus forms; restore only in source supplement, preserve raw data. Gondi uḍ/uḍḍ has medial change and retains initial u.	medium	DEDR 2698; K61 p.54 §1.127 (prior page verification); original DEDR SQL rows 63979–63999; compare DEDR 2988	conditional-displacement	Plausible roll displacement with quantity alternatives and potential lexical convergence.	reviewed	2026-09-09
d3559	d3559	skin, bark, rind	*tokk; *tok-al > *tōl; short *toli	t	o/ō	long contracted root versus distinct short formations	l / earlier k...l	singleton	a/i	CVVC / CVC-a-l / CVKK	noun/verb	Velar loss creates long root before assessment of apical metathesis; tokka has no apical.	Tamil/Malayalam tōl alongside tokku, Malayalam tukal, Kannada togal/toval and Tulu tugal independently motivate velar-bearing *tok-al and contracted long *tōl. Telugu tōlu is already a long-root control at the apical-metathesis stage, not an arbitrary long outcome.	high	Full togal/tugal retains k before a final l; lenition k>g/v and loss plus vowel contraction gives tōl without moving l. The separate tokka/tokku has no apical target.	*tok-al > togal/toval > tōl is the comparative contraction analysis. *tōl > tōlu/ṭōḍu retains initial vowel/apical order; Toda tvɨ̄s̱ involves vowel breaking and final lateral fricativization. No l is promoted into the onset.	This distinguishes vowel contraction from metathesis and provides a long/free-root control across many branches. Gondi tolka and central compounds/plurals do not change the inherited long-root analysis without further evidence. Badaga dai wet is explicitly alternatively linked to d3555 and not skin evidence; Nihali ṭōl is marked borrowed and lies outside Dravidian rates. Short toli peeling may reflect another formation/grade, not a compulsory pre-metathesis shortening of every skin noun.	medium	DEDR 3559; K03 *tok-al/*tōl reconstruction; PSS83 long/free-root condition	core	Target initial-order comparison; literal exchange, assimilation and syncope distinguished in the derivation and language notes	reviewed	2026-09-09
d3754	d3754	moon, month, moonlight	*nel-a-nc/-ncc; *nel-V	n	e/i	short	l	singleton	a	CVC-a-NC / CVC-V	noun	Nasal/palatal moon formation versus unextended month forms; final ā is a separate contraction.	Kodagu nelaci, Gondi nelenj/nalenj and Parji neliñ independently support n-V-l followed by a palatal/nasal formation. Tamil nilā/nilavu and Malayalam nilā are linked through final *-ac > -ah > ā in K03, independently distinguishing later final ā from the first-syllable quantity.	high for order and formative family	Multiple branches establish n-V-l before eastern lēnj. Gondi/Konda retain full and l-initial variants; medial nasal/palatal material survives and supports cognacy beyond the initial resemblance.	*nel-anc > *nlēnc > lēnj with initial nasal loss gives the standard eastern chain; Kui lēnj > lānj > ḍānju adds lowering and lateral-to-stop change. Gondi lelenj/lalenj may instead assimilate initial n to l before reduction, so precise segment exchange versus assimilation plus contraction is not uniquely fixed. Telugu nela retains original order. Thiyya Malayalam nilāvu > lāvu is simple initial-syllable loss, retaining the second vowel.	Telugu nonapplication accords with exclusion of post-C l from its narrow class. Kui ā versus Kuvi/Pengo/Manda ē supports language-specific lowering after, or during, contraction rather than one inherited identical vowel outcome. The exact extinct *nl cluster is reconstructed, not directly observed here. Gondi n/l assimilation supplies a concrete competing pathway, to be tested with dialect chronology and stress. Moon and month do not add independent roots.	medium	K03 pp.122–123 n.5(5), pp.159–160 Rule 21; DEDR 3754; K80 lowering examples	core	Eastern displacement family; initial assimilation plus contraction remains an alternative in some Gondi forms.	reviewed	2026-09-09
d3949	d3949	spread, crawl, bed, expanse	*par-a; *par-a-k(k), *par-a-pp, *par-u-w; long *pār	p	a	short and independent long grade	r/ṟ	singleton	a/u	CVC-a-K / CVC-a-PP / CVC-u-w / CVVC	verb/noun	Low-a velar, labial and high-u forms remain distinct; semantic classes alone cannot force regularity.	Tamil para/parakku/parappu, Malayalam parakka/parattuka and Kannada pare/parapu independently support low-a formations. Tamil/Malayalam pār independently supports a long grade, and Telugu high-u paruvu is a distinct derivative.	high for broad formations; medium for exact velar quantity	Many branches establish p-a-r before Telugu prāku and Kui pr-. Telugu itself retains para-/paṟa- formations, so the head *para cannot be assigned one automatic outcome.	*par-a-k > *prā-k > prāku, then r loss in pākul-āḍu, is the displaced crawl pathway; Tamil parakku supplies a matched velar formation but original gemination versus later simplification needs separate assessment. Telugu paracu/parapu/paragu retains order in other low-a formations. Kui prahpa/brāḍa and Kuvi pressali have distinct causative/voice extensions and vowel histories.	This is a genuine within-family lexical/morphological residual: low-a alone does not determine Telugu application, and the exact velar contrast cannot be repaired simply by assigning all crawl meanings to an invented class. Konda rēs metal plating may involve displaced *prēs with first-member loss, but e versus independently a requires another grade or contact and remains uncertain. Southern pammu/habbu/pabb and Gadaba pamp permit medial assimilation; do not invent hidden pr. Badaga initial p/h loss leaves r after a and is not metathesis.	medium	DEDR 3949; K03 *par-a reconstruction; K61 immediate-antecedent principle	core	Target initial-order comparison; literal exchange, assimilation and syncope distinguished in the derivation and language notes	reviewed	2026-09-09
d3982	d3982	husked rice, grain of boiled rice	*per/par-V; velar, labial and plural formations	p	e/a	short	r	singleton	unknown	CVC-V / CVC-V-K / CVC-V-m	noun	Rice root and grain/number suffixes separated; Telugu lu analysis requires further morphological confirmation.	Gondi pere/perek/paṛem, Konda per/peru and central perku/peruk independently establish p-V-r. Tamil parukkai/poruku supplies a possible related grain formation but does not settle the exact vowel of the bare eastern rice root.	high for order; low for exact vowel reconstruction	Several branches favor p-V-r before Telugu prālu, Kui prāu/prāma and Pengo/Manda preyi. The earlier order is clearer than the original V1/V2 qualities.	A candidate *par-a > prā, with Telugu plural lu, gives prālu; a candidate *per-a > prē followed by eastern lowering gives Kui prāu. These are competing input assignments, not independently demonstrated steps for each language. Kui compound kōruvrau > kōruvau loses r after p>v in the compound, providing a directly attested local simplification pair.	The shared rice semantics and regional distribution permit inheritance or old agricultural borrowing. Telugu ā should not be used to reconstruct a-a while Kui ā is used to infer earlier e-a without independent evidence. Exact V2 and whether Telugu lu is synchronically/plausibly plural need historical lexical evidence. Gondi kuṭkī is an explanatory species name, not a cognate. Keep this case outside strict vowel-conditioning counts, while retaining secure order comparison.	medium	DEDR 3982; K80 rice/lowering comparison	vowel-input-uncertain	Target initial-order comparison; literal exchange, assimilation and syncope distinguished in the derivation and language notes	reviewed	2026-09-09
d4418	d4418	bone, hard stone of fruit	*peẓ/ṛ-V-n; plural -k	p	e	short	ẓ/ṛ	singleton	e/a/unknown	CVC-V-n	noun	Singular n versus plural k is morphological, not independent roots.	Gondi peṛeŋka/peṛeka and Konda peṛen independently establish p-e-apical-V-n/k. No southern cognate in this group uniquely establishes underlying ẓ rather than another source of regional ṛ, or low a rather than e in V2.	high for regional order; medium for segment, low for exact V2	Full Gondi/Konda forms support earlier p-V-ṛ before Kui/Kuvi/Pengo/Manda pṛēn. Kuvi pēṛnu retains postvocalic ṛ but has long quantity, whose age is not independently established.	*peṛ-V-n > pṛēn by vowel loss/reassociation and contraction gives the eastern series. Kui/Kuvi plurals pṛēka replace/omit the singular nasal before number morphology; they are not additional metathesis etyma. Gondi peṛeŋka > penˀka/pɛnka permits medial apical loss; long Kuvi pēṛnu could reflect independent contraction, undoing of a cluster or an older grade.	A good regional order comparison, weaker exact input class. Kui ē without lowering cannot falsify the low-a rule unless V2 a is independently established; K03 *peẓ-an is a scholarly reconstruction to test, not independently observed a. Do not call Kuvi pēṛnu a certain reversal of metathesis or certain long-root exception. Nihali bone loans are not independent Dravidian languages or ancestral witnesses.	medium	DEDR 4418; K03 *peẓ-an reconstruction; comparison DEDR 4153 not adjudicated	regional-vowel-input-uncertain	Target initial-order comparison; literal exchange, assimilation and syncope distinguished in the derivation and language notes	reviewed	2026-09-09
d4536	d4536	sell	*por-V; proposed *por-a, *prō	p	o	short	r	singleton	unknown	CVC-V	verb/noun	Konda bare root does not prove a formative; compare spread only in sensitivity analysis.	Konda por independently supports p-o-r and corresponds semantically to eastern prā/pro/pre. It does not itself attest a following low-a vowel; the K80 *por-a input remains a reconstruction requiring support beyond the outcome.	medium for order; low for independently established V2	Konda favors p-V-r before the eastern clusters, but a single retained language plus restricted regional distribution gives less robust direction than a broad cross-branch set.	Conditional *por-a > *prō > prā gives Kui/Kuvi under K80 lowering. Pengo pro preserves o, Manda pre has another vowel outcome. Kuvi pār retains r after a long vowel and may reflect cluster anaptyxis, an independent grade or contact; no unique history follows from the modern pair.	K80 separated sell from spread d3949 (old DED3255); preserve that editorial distinction and record a family-merge sensitivity rather than counting the separation as proof of independent roots. No Telugu reflex in the linked group. Imported PSD1 reconstructions misassign a source explicitly labeled PSDII; these are not South Dravidian I attestations. Exact low-a conditioning remains unverified here.	medium	K80 pp.497–499 sell comparison; DEDR 4536 explicitly separated from DED3255	regional-vowel-input-uncertain	Target initial-order comparison; literal exchange, assimilation and syncope distinguished in the derivation and language notes	reviewed	2026-09-09
d4430	d4430	talk, prattle, command	*pēc / *pēẓ; short expressive variants distinct	p	ē	long independently established	ẓ/c	singleton	u/zero	CVVC / CVVC-V	verb/noun	Do not invent a short *peral prattle derivative; expressive formations separate.	Tamil pēcu/pēccu, Malayalam pēcuka, Kannada pēẓ and Kuvi pēl independently establish a long first vowel. The exact relationship between c and ẓ series is itself reconstructed, while Telugu prēlu retains l in addition to its initial r.	high for long input; low for Telugu added-r history	Long p-V-apical order is broadly supported. An ancestral short **per-al cannot be inferred from Telugu prēlu alone, and metathesis of a single ẓ does not by itself explain both r and l in prēlu.	Possible *pēẓ > pēlu with lateral development, then secondary r > prēlu on literary Cr models; alternatively a distinct short derivative or analogical influence from homophonous burst prēlu d4194. These are hypotheses. Kota peṛc versus pe·c suggests internal cluster/quantity complexity but does not supply the exact two-liquid Telugu input.	A long-input and segment-count residual, not a secure case of long-vowel metathesis. The burst and prattle homophones cannot be merged or used to repair each other without historical semantic evidence. Toda is explicitly alternatively compared with d4003 and remains uncertain. Kurux short reduplicative prattle verbs may be expressive formations distinct from long command pēsnā.	medium	DEDR 4430; K03 *pēc/*pēẓ; comparison DEDR 4194; K61 secondary-r model n.80	long-input-secondary-r-uncertain	Possible secondary r or analogical contamination, not established metathesis.	reviewed	2026-09-09
d4410	d4410	name, name someone	*pin-cc-Vr > *pic-ar / *pec-ar; regional pidir/peder	p	i/e/ē	long produced by contraction in relevant southern forms	c/d with final r	singleton	a/i	CVC-a-r / CVVC	noun/verb	Final r is an extension after earlier c/d; do not misread pēr as primitive short CVr.	Kannada pesar, Tamil peyar, Tulu pudar, central pidir and northern pinj/pin independently support a medial palatal/dental plus a later final rhotic formation. K03 reconstructs *pic-ar and deeper *pin-cc-Vr; long pēr results from loss/contraction, not an originally short p-e-r root.	high for contraction family; low for eastern dental-initial history	Southern pes-ar > pey-ar > pēr preserves final r while losing the medial consonant. Telugu pēru fits this contraction without moving r. Konda/Kuvi dōr and Pengo tōr promote or retain a dental-looking segment but differ in both onset and vowel; they are not straightforward r-metathesis.	*pec-ar > *pey-ar > pēr gives Telugu and southern long forms. For eastern dōr/tōr, possible *peder > *pdēr > dēr with initial p loss would require secondary dental-cluster formation plus unexplained o; alternative medial assimilation or regional lexical replacement remains open. Do not present that schematic route as an attested intermediate.	A useful contraction control and possible different secondary-apical process. K03 p.104 explicitly treats Kolami/Naikri pēr as Telugu loans. Their forms therefore cannot independently reconstruct early long quantity. Badaga pēru may similarly involve southern contact, while hesaru provides its fuller comparison. The northern naming verb lacks the final rhotic extension and is not a retained instance of the same CVr input.	medium	K03 p.104 example31 and discussion; DEDR 4410	contraction-and-secondary-apical-control	Medial consonant loss and contraction; eastern dental-initial variants unresolved.	reviewed	2026-09-09
d4750	d4750	be blunt, dull, dim, perish	*maẓ-u-k(k); *maẓ-u-ŋk; low-a nominal grade	m	a	short	ẓ	singleton	u/a	CVC-u-KK / CVC-u-NK	verb/noun	Velar and nasal derivatives independently supported; adjacent semantically similar roots with different apicals remain separate.	Tamil maẓuku/maẓukku/maẓuŋku and Kannada maẓgu independently establish a short a root, approximant and high-u/velar formation. Kannada maẓa and Tamil maẓa separately attest a low-a nominal grade.	high	Southern full forms and Tulu marg support m-a-apical before Telugu mrakku/mraggu. Tamil makku and Kannada maggu also show that medial apical loss can produce plain velar forms independently.	*maẓ-ukk > *maẓ-kk > *mẓa-kk > mrakku; voiced mraggu may involve voicing or a different consonantal history. Telugu mrakku > makku and mraggu > maggu are possible locally supported r-loss chains, but inherited/borrowed already assimilated forms can converge on the same outputs. Nasal forms maŋku need only medial assimilation.	A high-u geminate formation supports the short displaced outcome. The paired plain forms cannot all be assigned exclusively to r loss because independently plain cognates exist. Source hypothesis of old Kannada borrowing for some voiced geminate Telugu formations is relevant but unproved for this individual root. Do not merge with alveolar turn d4761 or forget d4760 simply because Telugu collapses the apicals to r and meanings overlap.	medium	DEDR 4750; K61 pp.65–66 §1.153 voiced-geminate loan hypothesis (general, not proof for this root)	core	Target initial-order comparison; literal exchange, assimilation and syncope distinguished in the derivation and language notes	reviewed	2026-09-09
d4761	d4761	turn over, return, be distressed, fall	*maṯ-i/u; *maṯ-aŋk; *maṯ-al	m	a	short	ṟ	singleton	i/u/a	CVC-i / CVC-u-K / CVC-a-NK / CVC-a-l	verb/noun	High-i/u, low-a nasal and second-lateral formations separately reconstructed.	Tamil maṟi, maṟuku, maṟaŋku and Malayalam maṟiyuka/maṟukuka independently establish several formative vowels. Kannada maral/maraḷ and Telugu maralu support a second-lateral formation.	high for root family; medium for exact Telugu formation	Full southern and eastern root forms establish m-a-apical before Telugu mraŋgu/mrandu. The meanings perish/decrease overlap other m-r roots, so exact linkage must be tested rather than inferred from spelling.	A short high-u/zero nasal or stop formation *maṯ-NK/ND > mraŋgu/mrandu is possible. If the exact input is instead Tamil low-a *maṟaŋku, short Telugu a requires later shortening after contraction. Telugu maralu > maḷḷu can result from medial r-l assimilation, with no initial mr stage. Kui mag-b > mabg reverses suffix consonants after a separate medial apical loss.	The short Telugu nasal-cluster outcome is not a deterministic confirmation until its V2 is fixed independently. Mraŋgu/mraggu may reflect convergence with d4750; preserve separate lexical affiliations and flag double-count risk. Kannada malar beside maral reverses the two liquids internally, a different process from initial vowel/apical displacement. Tulu marakaṇɛ/maraŋkaṇɛ is explicitly alternatively linked to d4740 and remains uncertain.	medium	DEDR 4761; DEN1 1972 p.413 entry3898; compare DEDR 4750 and 4740	core	Target initial-order comparison; literal exchange, assimilation and syncope distinguished in the derivation and language notes	reviewed	2026-09-09
d4968	d4968	hare	*muc/y-al; regional *mol/mor-Vl, K80 *moẓ-al	m	u/o	short	secondary l/r, earlier c/y	singleton	a/o	CVC-a-l	noun	Two-liquid regional formation descends from a palatal/glide root; stages must precede a narrow-apical classification.	Tamil mucal/muyal and Malayalam muyal independently support a low-a final-l formation with medial c/y. Gondi molol/malol and Konda morol establish a regional two-liquid stage before initial clusters. K80 *moẓ-al is a scholarly intermediate, not a directly attested Proto-Dravidian root.	high for broad order; medium for secondary-apical intermediate	Full southern and Gondi/Konda forms favor m-V-C-V-l before Kui mṛāḍu and Kuvi mrālu. Regional apical identity is clearer than its exact relation to the southern palatal/glide.	Regional *mor-al/ol > *mrōl > mrālu gives Kui/Kuvi with lowering and Kui final l>ḍ; Pengo mrōl retains the mid vowel. The deeper *mucal > moyal > regional molol/morol requires palatal weakening plus assimilation/rhotacism, whose order relative to metathesis is not directly dated. Central/northern nasal forms reflect other c/nc developments.	No Telugu attestation in this group. The independently low-a southern ending supports a historical formation, but reconstructing first-syllable o rather than u needs the umlaut/relative chronology argument. Do not classify this as ordinary inherited PDr apical metathesis without the secondary-apical stages. K80 p.498 additionally quotes Indi mnāl/mnōl, absent from this group; later nasal clusters need separate source annotation.	medium	K80 p.498 item15; DEDR 4968; K03 *muc-Vl/*moy-al	secondary-apical-regional	Target initial-order comparison; literal exchange, assimilation and syncope distinguished in the derivation and language notes	reviewed	2026-09-09
d4976	d4976	rope, cord, bark fibre	*mur-a-ṟc / regional *mor-a-(n)c	m	u/o	short	r	singleton	a	CVC-a-(N)C	noun	Low-a formative independently attested; suffix s/nj and material-specific noun variants not separate roots.	Tamil muraṟci and Tulu murajɛ independently supply a low-a formative; Gondi moros/moras/maronj gives matching regional rhotic and final s/nj formations. First-vowel u/o/a variation remains important.	high for order and low-a formation; medium for root mid-vowel stage	Tamil/Tulu/Gondi establish m-V-r before Kui mrāsu. Kuvi database marcu preserves m-a-r, while K80 prints a long-vowel form in the same comparison.	Regional *mor-a-s > *mrōs > mrās gives Kui under K80 lowering. K80’s deeper *mut-a/*mot-a > *mor-a requires a separate t/r correspondence argument. Kuvi marcu may retain order; the long form cited by K80 may reflect a different quantity grade or metathesis followed by vowel reinsertion, neither demonstrated.	Kui direction is plausible with strong suffix support, but not all branches share the same material or rope construction. The Kui leather rope versus Gondi tree fibre could reflect semantic specialization or contact. Telugu is unattested here. Preserve discrepancy between short database Kuvi marcu and long K80 spelling instead of silently normalizing it or counting two independent roots.	medium	K80 p.498 item16; DEDR 4976	core	Target initial-order comparison; literal exchange, assimilation and syncope distinguished in the derivation and language notes	reviewed	2026-09-09
d5082	d5082	smear, plaster, wax	*meẓ-u-k; other *meẓ-V-nḍ/ŋk/w formations	m	e/i	short	ẓ	singleton	u / unknown	CVC-u-K / CVC-V-NK / CVC-V-w	verb/noun	High-u velar, high-i palatal and uncertain low-a nasal/labial formations separate.	Tamil meẓuku, Malayalam meẓukuka and Konda miṛis independently establish an apical root and high-vowel formations. No compared form independently supplies the exact low-a formative required by K80 *meẓ-a for the Telugu/Kui long outputs.	high for apical order; low for proposed exact low-a input	Southern and Konda/Brahui full forms favor m-V-apical before Telugu mrē- and Kui mrānḍa. Thus order is firmer than exact quantity/formative conditioning.	Conditional *meẓ-a-ŋk > *mẓēŋk > mrē̃gu > mē̃gu gives Telugu if low a is justified; *meẓ-a-nḍ > *mẓēnḍ > mrānḍa adds Kui lowering. High-u/zero inputs could instead involve other contraction/lengthening routes. Telugu mrēvu has a different final labial development, not a free substitute for ŋg. Kuvi mrispi matches the high-i Konda form more closely.	A real quantity/formative residual: do not use long ē/ā to manufacture the a whose prediction is being tested. Telugu mēdu could be another formation or internal assimilation and is uncertain. Kolami mēg/Naikri mēgh may be old Telugu loans or independently medially reduced forms. Kuvi mṇek introduces a nasal not directly expected from ẓ, so its cognacy/assimilation needs separate evidence.	medium	K80 p.498 item17; DEDR 5082; PSS83 parenthesized a reconstruction discussed in prior source audit	vowel-input-uncertain	Target initial-order comparison; literal exchange, assimilation and syncope distinguished in the derivation and language notes	reviewed	2026-09-09
d5411	d5411	open, split, go to pieces	*wir-i; *wir-i-nk/nkk; proposed *wir-il	w	i	short	r	singleton	i/u/a	CVC-i / CVC-i-NK / CVC-i-l?	verb/noun	High-vowel root independently attested; lateral derivative remains a hypothesis and cannot verify its own prediction.	Tamil viri, Malayalam viriyuka, Kannada biri and Konda viris/virs independently establish w-i-r and high-vowel formations. The extra lateral in Telugu vrīlu requires a derivative, and K61 explicitly says the proposed -il/-ul is unattested elsewhere.	high for root; low for exact Telugu -il suffix	Many branches agree on w-V-r before Telugu/Kui/Kuvi vr-. Telugu virugu/viriyu retains order alongside vrīlu. An earlier *vir-il is a published immediate antecedent, not an independently verified Proto-Dravidian word.	Conditional *wir-il > *wrīl > vrīlu gives the long displaced Telugu form if the suffix is established. *wir-i-nk > *wriŋk gives Kui vringa, while labial vrīva has its own quantity/formative history. Gondi rīk can follow *wrīk with w loss; source suffix comparison remains needed. Telugu viccu/vippu/vikku permits direct medial assimilation, independently paralleled by Kannada biccu and Tulu biccuni.	Do not claim deterministic output conditioning from a suffix reconstructed only to yield ī. The broader displacement interpretation is stronger than the exact vowel/derivative chronology. Gondi rīk could involve regional borrowing or a distinct velar derivative; retain medium confidence. Kui birasakali is unshifted-looking but expressive/deverbal formation may differ. Sanskrit aravinda comparison concerns a compound and adds no independent root vote.	medium	DEDR 5411; K61 p.67 §1.156 explicitly unattested derivative (prior verified reading); DEN1 1972 p.415 entry4438	core	Target initial-order comparison; literal exchange, assimilation and syncope distinguished in the derivation and language notes	reviewed	2026-09-09
d5159	d5159	river, water, thirst	*yĀṯ-u, oblique *yĀṯṯ-; regional *ēṯ	y/zero	ā/ē	long	ṟ/ṯ	singleton	u/zero	(C)VVC / (C)VVCC	noun	Free water root versus oblique/number and big-river compounds; compound first member excluded from root screen.	Tamil yāṟu/āṟu with oblique ṟṟ, Malayalam āṟu, Telugu ēṟu/ēṭi and Gondi yēr/yēt independently establish long quantity and an apical paradigm. The difference ā/ē is linked to the special initial-y vowel correspondence, not to metathesis.	high	Long vowel precedes the apical across branches. Loss of initial y in southern forms does not move the apical, and eastern j/y/z/s reflexes remain after the vowel.	*yĀṯu > āṟu/ēṟu retains order after initial glide loss and regional vowel developments. Oblique fortition gives Tamil āṟṟu and Telugu ēṭi. Kui ēju/ēsu and Pengo ēz/ēs show apical changes without initial displacement.	A strong long-vowel control across Telugu and eastern languages. Tulu tārɯ/sārɯ/hārɯ add or preserve initial material requiring separate local explanation, but final r stays postvocalic. Gondi and central big-river compounds combine this root with per/bere big; do not screen that compound-initial per as the river input. Badaga proper names are not independent basic reflexes. Imported goat reconstruction is erroneous metadata.	medium	DEDR 5159; K03 initial *yĀ and apical-oblique correspondence	core	Target initial-order comparison; literal exchange, assimilation and syncope distinguished in the derivation and language notes	reviewed	2026-09-09
d5153	d5153	year; this/last/next year compounds	*yĀṇṭ-u; K80 *nīt-yāṇṭ > *nir-ēṇḍ/*nir-ōṇḍ	y/zero; compound n	ā/ē/ō; compound i	long bare root; compound first-member quantity unresolved	ṇṭ; compound r	singleton	compound boundary	(C)VVNC / CVC#VVNC	noun/adverb	Completed + year and deictic + year must be independently segmented; bare year supplies no initial rhotic.	Tamil yāṇṭu/āṇṭu, Kodagu āṇḍɨ and Telugu ēṇḍu independently establish the long year root. Last-year r-initial forms contain additional material; the year root itself has no r that could be simply transposed to its beginning.	high for year; low for exact completed-year compound stages	K80 p.498 item18 proposes completed+year *nīt-yāṇṭ with regional nir-ēṇḍ/nir-ōṇḍ and quotes Konda nṛund. This supports a compound-based comparison, but the exact full compound and shortening are not independently attested in the present group.	Bare *yĀṇṭ > āṇṭ/ēṇḍ/ōnḍ retains order after glide/vowel changes. Conditional *nir#ōṇḍ > *nrōṇḍ > ṛōnḍ and lowered ṛānḍ gives the last-year forms; merger, shortening and resegmentation at the compound boundary must be separately justified. Pengo/Manda ṛāṭihiŋ has further suffix and nasal-loss history.	Do not count last-year as ordinary metathesis of the bare year root or use its morphology-free head to test a vowel rule. Kui ṛānḍu last year versus ṛōnḍu previous year preserve a meaning distinction, potentially analogical rather than free phonetic variation. K80 prints Kui twice where the second set appears to be Kuvi; DEDR independently confirms Kuvi r-initial forms. Corpus-wide Konda gloss search last year returned zero; K80 nṛund is a source-only observation. Complete-root component remains to be independently linked.	medium	K80 p.498 item18 directly visually checked; DEDR 5153	compound-process-separate	Bare root retention; proposed compound metathesis requires separate denominator.	reviewed	2026-09-09
d706	d706	butt, gore, crush nits	*uṯ-/uṟ-; velar/labial derivative uncertain	zero	u	short	ṟ	singleton	zero/unknown	VC / VC-C	verb	Bare apical root versus uncertain velar/labial derivative; identical Kui ubga not independent from d710.	Konda uṟ with fortis uRt, Kuvi ur, Pengo uz/ust and Parji ud independently support u before an alveolar apical. Kui ubga instead has a velar/labial formation whose exact relationship to the apical root is less certain.	high for apical set; low for Kui velar linkage	All clear apical cognates retain initial u. Kuvi ūrhali adds quantity, not reversed order. Kui ubga provides independently explicit g-b > b-g locally, but no initial apical metathesis.	*uṯ > uṟ/ur/uz/ud retains order with apical reflex changes. Kui ug-b > ubg is suffix-cluster exchange; root apical-to-g history is not established here.	No Telugu linked attestation. Bare and consonantal stems provide an eastern nonmetathesizing comparison; do not infer a required a formative from their infinitival citation endings. Kui ubga occurs also under happen d710; it cannot create two independent cluster-metathesis votes without disambiguating the lexeme and morphology.	medium	DEDR 706 p.69 directly checked; compare DEDR 710	core	Target initial-order comparison; literal exchange, assimilation and syncope distinguished in the derivation and language notes	reviewed	2026-09-09
d709	d709	sip, suck, inhale	*uṯ-i; *uṯ-i-nc	zero	u	short	ṟ	singleton	i	VC-i / VC-i-NC	verb	High-i sip root and nasal-palatal extension independently supported; mixed-root compounds separate.	Tamil uṟi/uṟiñcu and Malayalam uṛiñcuka independently support u before apical and a high-i formation. Pengo uj reinforces the initial-vowel order with its own apical reflex.	high for order/high-i core	Several branches favor u-apical before Kuvi jū. Simple deletion of the first vowel of uṟi would yield ṟi, not jū, so vowel interaction/transfer or a different high-u formation is needed.	*uṯ-i > *ṯu-i > *ṯū > jū is a plausible displacement/contraction chain, with the apical-to-j stage potentially preceding displacement. Pengo uj retains u before j. Tulu ujumbu has added nasal/labial formation without initial exchange.	A clear eastern-only order contrast, though the exact segment-exchange mechanism and relative j development remain inferred. Telugu and Kui are absent from this linked set. Kolami ūmburseng explicitly includes ūmb from d2621 and cannot be treated as an ordinary unsuffixed uṟ reflex; Badaga ūtu kudi has distinct compound morphology. Kannada queried uṟita preserves the source’s cognacy doubt.	medium	DEDR 709 p.70 directly checked	core	Target initial-order comparison; literal exchange, assimilation and syncope distinguished in the derivation and language notes	reviewed	2026-09-09
d715	d715	suffer, be afflicted	*uṯ-u; velar/causative formations	zero	u	short	ṟ	singleton	u/unknown	VC-u / VC-V-K	verb/noun	High-u root versus velar and causative extensions; long nominal grade distinguished.	Tamil uṟu with uṟuv/uṟṟ and Malayalam uṟuttuka support a short-u apical root and high-u formation; independently long Tamil ūṟu is a separate nominal grade.	high for root order; medium for exact Kui formation	Southern u-before-apical establishes the direction toward Kui jūga. The exact vowel before its velar suffix is not independently fixed by the bare high-u root alone.	*uṯ-u > *ṯū > jū, then velar/intransitive or causative formation, gives a plausible chain; the relative age of velar suffix and contraction is not proved. Kui jūk-p > jūp-k is independently established by the source’s jūkt past.	No Telugu attestation in this group. The high-u base supports long contraction but should not be counted as direct attestation of every intermediate in the Kui velar formation. Related happen/obtain uṟu d710 may share a deeper root; keep a family-sensitivity link rather than assuming either total independence or identity.	medium	DEDR 715 p.70 directly checked	core	Target initial-order comparison; literal exchange, assimilation and syncope distinguished in the derivation and language notes	reviewed	2026-09-09
d811	d811	burn, blaze, smart, pungency	*er-i; related high/low and long derivatives	zero	e	short	r	singleton	i/a/u	VC-i / VC-V-C / VVC	verb/noun	High-i burn versus long causative and other-vowel derivatives; no automatic reverse inference from Kui ī.	Tamil eri, Malayalam eriyuka, Telugu eriyu and Konda er independently establish e-r with a high-i burn formation. Long causatives/nouns and wildfire compounds have different morphology.	high for e-r core; low for Kui earlier vowel	The broad full-form comparison favors initial e before r. Kui rīva has reversed order but i rather than e, so it cannot simply be treated as the expected result of transferring the first vowel e.	Telugu eriyu retains order; high-vowel loss and compensatory quantity can give ērcu/ērpu without metathesis. Kui rīva could reflect an older *ir-i grade plus contraction, or aphaeresis of *eri with separate lengthening/formative change. Kui ēṛ/ērpa causative retains initial e and needs a distinct formation history.	A strong Telugu short-vowel/high-i retained control. Kui exact mechanism and input vowel remain uncertain despite the r-initial form; no invented *iri should count as independently verified conditioning. The relation to n-initial fire d2929 is a possible prothesis/loss connection, not a license to merge all fire formations. Toda row/sitting and Kota scooping senses reflect polysemy/homonym alignment issues; only the cited brightness meanings support this comparison. Badaga scattering senses need separate semantic review.	medium	DEDR 811; DEN1 1972 p.401 entry694; comparison DEDR 2929	core	Target initial-order comparison; literal exchange, assimilation and syncope distinguished in the derivation and language notes	reviewed	2026-09-09
d3986	d3986	tooth; toothstick compounds	*pal; *pal#kar tooth-stick	p	a	short	l	singleton	zero	CVC free root / CVC#CVC	noun	Bare monosyllabic noun established across branches; added final vowel and toothstick compounding are independent of outcome.	Tamil pal, Malayalam pal, Kota pal, Gondi pal and Central Dravidian pal/pel independently establish a short closed free root, with no original second root vowel. Final u in some languages is not evidence for a formative *-u.	high	Agreement across southern, south-central, central and northern branches supports p-a-l. The toothstick compounds independently contain the second member kar/kaṟ wood (DEDR1389), so their internal liquid order must be examined separately.	*pal > Telugu palu/pallu and eastern pal/palu retains order. Telugu plural paṇḍlu and singular pannu are a morphological/cluster problem: DEDR explicitly calls pannu a back-formation. Toda pas̱ is lateral fricativization, Tulu paru a rhotic correspondence. Gondi palkār > parkal and Parji perkal plausibly reverse the two compound liquids, without placing a lateral before the first vowel.	This supports a free-root restriction more directly than choosing only verbs with positive outcomes. The Telugu parser puts paṇḍlu/pannu in gloss text; those forms are source claims, not independent parsed lexical rows. Kuvi kaṟ/kar/kaṟal are pieces of an editorial cross-reference to1389, not additional tooth reflexes. The unrelated *pāl milk head is excluded. Compound liquid reversal could be shared or borrowed between neighboring Gondi/Parji; the dialect distribution alone does not date it.	high	DEDR3986 and1389; PSS83 p.229 free-root control (oldDED3288)	free-root-control	Retention of initial order; compound liquid reversal tracked separately.	reviewed	2026-09-09
d1479	d1479	leg, foot, quarter	*kāl	k	ā	long	l	singleton	zero	CVVC free root	noun	Free root; compounds cannot supply a primitive CCr onset.	Tamil, Malayalam, Kannada, Gondi, Konda, Pengo and Manda independently attest kāl, establishing both long quantity and a free-root shape.	high	k precedes the long vowel and l follows it throughout the independently compared branches. Toda ō and Parji ē are local vowel reflexes, not transferred vowels.	*kāl > Telugu kālu, Kui kāḍu, Kuvi kāl retains original order; Kui l>ḍ is compatible with the same change in displaced lateral roots but here occurs without displacement. Toda kōl and compound kōs̱ show vowel change and conditioned final fricativization. Tulu kārɯ has the lateral/rhotic correspondence.	The long free root is doubly outside the canonical short bound-root domain. Brahui trikkal is a compound whose initial tr belongs to the numeral material, not a reversal of kāl; inherited status and quantity of its kal member need separate contact investigation. Markodi short kar versus kār preserves source quantity variation, which cannot establish Proto-Dravidian short quantity. No independent bare-root metathesis is present.	high	DEDR1479; PSS83 p.229 (oldDED1238)	long-free-root-control	Retention with vowel and lateral correspondences.	reviewed	2026-09-09
d1906	d1906	paddy, grain	*kūl-i / *kūl-am	k	ū	long	l	singleton	i/a	CVVC-i / CVVC-am	noun	Long root independently present with both -i and -am; suffix difference does not create long quantity.	Tamil kūlam and Konda/Kui/Kuvi/Pengo/Manda kūli independently support long ū before l, with distinct final formations.	high for regional long root; deeper borrowing uncertain	The southern long root and eastern long forms agree on k-V-l order. No reconstructed short *kul is required by this set.	*kūl-i > Kui kūḍi, Kuvi/Pengo/Manda kūli preserves order; l>ḍ does not depend on an earlier initial cluster. Brahui xōlum could match a different suffix and vowel history, but DEDR explicitly offers an Indo-Aryan alternative.	A long-vowel bound-formation control, unlike the doubly restricted free root kāl. Agricultural vocabulary can diffuse, so repeated eastern attestations do not alone prove inheritance; the relevant negative phonological observation remains long kūl rather than klū. Brahui xōlum is not a secure inherited vote because the source also compares Sanskrit godhūma through DBIA123. Do not confuse this entry with neighboring kūli wages1905.	medium	DEDR1906; DEN1 1972 p.416 entryS278; PSS83 p.229	long-vowel-control	Long-input retention; Brahui cognacy unresolved.	reviewed	2026-09-09
d4039	d4039	pig	*pan-ṯ-i / *panṯ-i	p	a	short	nṯ	nasal-stop cluster	i	CVNC-i	noun	Cluster membership established independently; root/suffix segmentation not required.	Tamil paṉṟi, Kannada/Kodagu/Telugu pandi, Konda panṟi and Pengo/Manda panji independently establish a nasal-apical cluster, not a singleton r.	high	The cross-branch nasal-plus-apical correspondences favor original p-a-nṯ order. Gondi paddi and Malayalam panni show assimilation of different parts of that cluster.	*panṯi > pandi/panṟi retains cluster order; assimilation gives panni/paddi, and palatal developments give panji/pañji and paji. Later nasal loss or cluster simplification does not establish that an earlier singleton was eligible for metathesis.	A strong nasal-cluster control. The several Gondi records repeat dialect/source evidence, not independent roots. Badaga handi/andi shows p>h>zero, not apical transfer. Kui paji looks like a simple intervocalic consonant synchronically, but comparative evidence independently reconstructs the blocking cluster. The exact segmentation pan-ṯ versus lexical panṯ remains open and is not needed for the cluster classification.	high	DEDR4039; PSS83 p.229 oldDED3326	root-cluster-control	Cluster assimilation/palatalization, not metathesis.	reviewed	2026-09-09
d4335	d4335	anthill	*puṯṯ / *punṯṯ-V; regional *puṭṭ	p	u	short	ṯṯ/ṇṯṯ	geminate or nasal-plus-geminate	a/u/i	CVCC-V / CVNCC-V	noun	Nonsingleton root input independently motivated; exact nasal reconstruction not fixed by metathesis outcomes.	Tamil/Malayalam puṟṟu, Kannada puttu and Telugu puṭṭa support a strong apical cluster; Tulu puñca and Koraga huñca/huntu motivate an additional nasal reconstruction. Both alternatives are nonsingleton inputs.	high for nonsingleton; medium for nasal	Southern and central double-apical reflexes with nasal evidence establish original p-u-cluster order; eastern puci/pusi need not derive from a primitive singleton c.	*pu(n)ṯṯV > puttu/puṭṭa and nasal/palatal puñca, with eastern pucci/puci/pusi after cluster simplification. Initial p>h>zero gives Kannada hutta/utta and Koraga huntu, independent of metathesis. Kuvi pūci may reflect local compensatory length from a strong cluster; no prior pr/pl onset is needed.	Geminate versus nasal-plus-geminate reconstruction is unresolved but does not affect exclusion from the singleton class. The database attaches a Kurumba pitti form to Malayalam because of an embedded heading; do not count it as a Malayalam outcome. Toda vɨt-xuḏy is independently explained as rising+pit in its newer dictionary, weakening its membership in this root and requiring an ambiguous code. North/central comparisons have possible lexical diffusion but no evidence of initial reversal. PSS old number was initially misread3556/3566; DEDR4335 is the verified mapping.	medium	DEDR4335; K03 p.100 example16; PSS83 p.229	root-cluster-control	Cluster changes and uncertain Toda cognacy, no initial displacement.	reviewed	2026-09-09
d2674	d2674	salt, brackish/astringent	*cup; *cow-ar/*cov-ar > *ow-ar	c/zero	u/o	short	p/w	singleton	a/zero	CVC / CVw-ar	noun/verb/adjective	Bare *cup and low-a labial extension distinguished independently.	Central sup/cup preserves an initial consonant also reflected by Gondi savvar/hovar, while southern uppu and uvar independently support a stop versus intervocalic labial alternation and the low-a extended formation. Tamil uvar and Gondi havar/savvar are independent of the eastern long-vowel outcomes.	high for full low-a extension; exact vowel grades differ	Comparative evidence favors an earlier full labial-containing *cow-ar/*ov-ar, not treating modern long sōr/sār as an original root. The r is already final in the extension and never becomes pre-vocalic in eastern forms.	*cow-ar > *cōr > Konda sōru, Pengo sōr, versus Kui sāru/Kuvi hāru/Manda jār involves intervocalic labial loss/contraction and eastern lowering. Lowering may precede contraction through *cawar or follow contraction of a low-a formation; the outputs alone do not determine which. Southern *ov-ar gives uvar/ogar, with Malayalam ōr showing an independent contraction parallel. Telugu vagaru may involve initial labial/prothetic or analogical restructuring, not established vowel-r metathesis.	This is evidence about lowering in contracted roots, not an apical metathesis positive. It helps separate the two processes and avoids defining lowering by the presence of Cr. K80 p.498 prints Pengo hōr where DEDR gives sōr: preserve the source discrepancy, do not silently replace the database. Salt vocabulary can diffuse; the full southern/central contrast still independently establishes the earlier order. Nihali copo is a contact comparison, not a Dravidian language vote.	medium	K80 p.498 item4; DEDR2674; K03 p.97 example10 (ogaru perhaps a Kannada loan; Gondi sawwor vowel metathesis)	nonapical-contraction-control	Labial loss/contraction; not initial apical metathesis.	reviewed	2026-09-09
d2456	d2456	incline, side; disputed eastern descend	*cāy; alternative eastern *i/eṟ-a (d516)	c	ā	long in southern root; short under alternative eastern etymology	y	singleton	zero/a	CVVC / alternative VC-a	verb/noun	Two competing roots are alternatives, not two independent eastern observations.	Tamil cāy, Malayalam cāyka and Telugu cāya independently support initial c with long ā and following glide. Eastern jāpa and Manda jē/hē can instead be compared with the descend root d516; their initial consonants and vowels do not settle cognacy by themselves.	high southern; low eastern cognacy	The southern incline group has unambiguous c-ā-y order. K80 reassigns some eastern forms to *eṟ-a and a displacement/lowering history, while DEDR places them under cāy and cites Burrow1976 pp.40–41.	Southern *cāy > cāy/cāya and Malayalam āyka/āñcuka involves initial c loss and stem/tense changes, not apical transfer. If eastern *cāy-p is right, jāpa need not metathesize. If the d516 comparison is right, *eṟ-a-p > *ṟēp > jāpa involves displacement, lowering and apical-to-j; Manda jē/hē preserves a nonlow vowel and needs its own vowel history.	Keep the competing etymologies explicit; do not count the same Kui/Manda words once as retained incline and again as metathesized descend. Burrow1976 A sketch of Manda grammar in comparison with Pengo, Dravidian Linguistics V pp.39–56 has been identified, but pp.40–41 have not been read directly. Its argument is therefore not reconstructed from the citation. Needed: full Manda paradigm, comparative c/j versus ṟ/j correspondences and shared derivative morphology.	medium	DEDR2456 and516; K80 pp.498–499; Burrow1976 pp.40–41 cited by DEDR, not directly consulted	alternative-cognacy-control	Southern retention; eastern cognacy determines whether any metathesis occurred.	reviewed	2026-09-09
d810	d810	wind, breeze	regional *er-al / *el-ar	Ø	e	short	r/l	singleton	a	VC-aC / compound#VC-aC	noun	Telugu root is only attested inside compounds; first member must be removed before classification.	Kannada eral/eraḷ/elar/elal and Telugu compound temm-eral independently establish an initial vowel before the first liquid; exact liquid order is variable within Kannada.	medium for regional vowel-first root; low for liquid order	Telugu temm-eral and the cited Tamil nir̤ali comparison favor r before l, but restricted distribution and alternative elar prevent a certain ancestral order between the two liquids.	*er-al > Kannada eral and Telugu temm-eral retains initial order; Kannada elar can be an internal r/l exchange, elal assimilation, and Telugu temm-era final-l loss. payy-ara has its own compound vowel history.	This is not initial metathesis. Treat Kannada internal exchange as a separate medium-confidence process. Source temm-eral is attested in Kumārasambhava and an inscription reference via Sastri p.99, but no date is assigned until those references are localized. Badaga Eranda dog name has uncertain relationship and contributes no secure wind evidence.	medium	DEDR810; DEN1 1972 p.416 S96	compound-process-separate	Initial order retained; internal liquid exchange possible.	reviewed	2026-09-09
d813	d813	manure, defecate	*er-u(k)/er-Vk; nasal velar extensions	Ø	e	short	r	singleton	u/unknown	VC-uK / VC-NK	noun/verb	Noun and velar/nasal verbal formations kept distinct.	Tamil eru/eruku, Malayalam eru/erukuka and central/northern erŋg/erx independently place e before r. High u is supported in the southern velar formation; nasal extensions are distinct.	high for order; medium for exact shared formation	Southern, central and northern agreement favors vowel-first order independently of Telugu eruvu/ērugu.	*er-uK > Telugu ērugu involves unexplained or morphological lengthening but preserves V-r order. *er-uV > eruvu is retained. Kannada ekku allows medial r/velar assimilation; Gondi ērg adds quantity and syncope, not initial reversal.	The long Telugu velar stem must not be used to reconstruct a universally long proto-root: Tamil eruku is short. Different noun/verb derivatives and existing Kannada ēru suggest a quantitative grade, but its conditioning is not established. Medial r loss in Kannada is opaque for detailed chronology, not automatically hidden initial metathesis.	medium	DEDR813; DEN1 1972 p.401 entry696	core	Target initial-order comparison; literal exchange, assimilation and syncope distinguished in the derivation and language notes	reviewed	2026-09-09
d815	d815	bull, ox; consecrated bull compound	*er-ut / *er-t	Ø	e	short	r	singleton	u/zero	VC-uT / VCT	noun	Simplex versus specifically bound -reddu distinguished.	Tamil/Malayalam erutu, Tulu eru and Kannada eṛ̆tu establish older vowel-r order with a stop extension independently of Telugu eddu. Whether all branches inherited a vowel or a cluster at the relevant date is not fixed.	high for full order; uncertain pre-metathesis syncope	Shared fuller er-u-t and r-t show r before the dental rather than a primitive initial r. Medial assimilation readily yields eddu/ettu in several languages.	*erut > *ert > ett/edd gives Kannada eddu/ettu, Telugu eddu and central eḍ. Telugu compound gaŋgi-reddu could contain inserted/linking r after an already assimilated eddu, or a separately displaced/shortened formation; neither chronology is established by the compound alone.	Do not count gaŋgi-reddu as certain inherited metathesis. Original DEDR writes -reddu, explicitly bound, beside gaṅg-eddu; parser removes the initial hyphen and creates an apparent free word. Short e and geminate dd require explanations under any *erut>rēt route. Toda eṭ in song is explicitly a Badaga loan; inherited ešt/eśt remains separate. Telugu eddu is an opaque apical-loss development, not a clean retained-r example.	medium	DEDR815; original SQL rows9924–9927; PSS83 pp.393–394 medial-r loss	core	Medial assimilation; compound r origin unresolved.	reviewed	2026-09-09
d816	d816	buffalo	*er-um-ay / regional *erm	Ø	e	short	r	singleton	u	VC-uM-ay / VCM	noun	High-u and nasal extension independently supported; later compounds do not define the proto-root.	Tamil erumai, Malayalam eruma and Badaga erume independently support e-r-u-m; Tulu and historical Kannada erme and Gondi ermi preserve the rhotic before a nasal after syncope.	high	Broad full and syncopated comparisons favor earlier r before m. Telugu enumu can result from r nasalization before m, independently compared with inumu iron by PSS83 p.394.	*erum > Telugu enumu involves r>n before a nasal, not movement of r. Kannada/Kodagu emme follows medial syncope and assimilation of rm; Kota im loses r, Toda ɨr loses final nasal material. Each reduces a different part of the full form.	This is a candidate interaction that could remove the target before initial metathesis, but the relative date of nasal assimilation and metathesis is not independently established. No surviving mr/nr onset licenses a concealed-displacement claim. Badaga has both erume and emme; retain those as variation, not a dated sequence. Historical Kannada erme supplies relative support for later assimilation in that language.	medium	DEDR816; PSS83 p.394 *r>n before nasal	core	Nasalization/assimilation and segment loss, no proven initial metathesis.	reviewed	2026-09-09
d817	d817	red/dark colour; wild dog	*er-Vc; related *er-om/*er-uv	Ø	e/i	short	r	singleton	i/u/unknown	VC-VC / VC-VM#dog	noun/adjective	Colour root versus distinct c- and nasal dog modifiers.	Tamil eruvai blood, Kannada ere colour, Parji iric netta and Gondi erom/erm dog compounds independently establish vowel-first order. Exact -Vc and -Vm formations are distinct.	high for order; low for exact shared V2	The matching Parji iric dog formation strengthens the comparison with Telugu rēcu beyond using colour semantics alone. Gondi rasi/rac dog stems reverse initial order relative to full erm/erom variants but differ in suffix.	*er-Vc > *rēc > Telugu rēcu is plausible displacement with contraction; Parji iric supplies a full high-i formation but does not uniquely justify e versus i in the shared input. Gondi rac/rasi and Gadaba rēs may share or borrow the displaced dog adjective. Kolami resn a·te reflects compound boundary res#na·te, not root-final n.	Agricultural/hunting vocabulary may diffuse between Telugu, Gondi and central languages; identical compound meaning is compatible with inherited formation or calquing/borrowing. Do not label every central r form an independent innovation. Gondi ce is an editorial cross-reference to red1931, not a dog root. Badaga red-fruit comparison supports colour association only, not the precise dog suffix.	medium	DEDR817; DEN1 1972 p.402 entry700	core	Target initial-order comparison; literal exchange, assimilation and syncope distinguished in the derivation and language notes	reviewed	2026-09-09
d820	d820	black soil, clay	regional *er-e? + *kaṭṭ clod	Ø	e	short	r	singleton	unknown	VC-V#clod	noun	Soil plus clod compound; suffix vowel in first member unresolved.	Kannada ere black soil supplies an independent vowel-r comparison for Telugu compound rē-gaḍa/rē-gaḍi. Only these two languages establish the narrow set, so deeper reconstruction is tentative.	medium for regional order; low for V2	Full Kannada ere and the transparent Telugu clod second member favor vowel-r before Telugu rē, but loan adaptation or a separate long regional noun remains possible.	Conditional *ere#kaḍḍa > *rē#gaḍa yields the Telugu compound through displacement/contraction plus independent compound consonant changes. An original V2 e cannot be equated with inherited a or i without additional comparison.	Count as medium-confidence regional displacement, outside strict V2 prediction tests. The DEDR entry was split from oldDED700, shared with the red/dog material now817; a common colour/soil root is plausible but not proven and should be a sensitivity merge. Root-gaḍa is not the source of the moved r.	medium	DEDR820; original SQL rows9967–9968	core	Target initial-order comparison; literal exchange, assimilation and syncope distinguished in the derivation and language notes	reviewed	2026-09-09
d822	d822	worm, bait	*ir/er-ay; regional *eṟ-a	Ø	i/e	short	r/ṟ	singleton	a/ay	VC-ay	noun	Low-vowel nominal formation independently established; later gemination is not an input-based exclusion.	Tamil irai, Malayalam ira, Kannada/Kodagu ere and Telugu eṟa independently support a short vowel followed by a rhotic/alveolar and a low-vowel formation.	high for order and low-vowel root	Agreement across southern and Gondi branches favors V-r order; Telugu eṟṟa is a strengthened variant rather than evidence that every input was geminate.	*ir-ay > ere/eṟa follows regional vowel changes without initial displacement. Telugu eṟṟa strengthens the medial consonant. Gondi eṛe puṛuk and Kodagu ere puḷu add independently recognizable worm nouns.	A low-a nominal retention counterexample to unrestricted application; do not exclude it simply because it lacks a metathesized variant. Geminate Telugu eṟṟa does not erase the singleton eṟa or the comparative singleton evidence. Relationship to general bait/prey-root material needs further semantic comparison but is not assumed.	medium	DEDR822 p.80	core	Target initial-order comparison; literal exchange, assimilation and syncope distinguished in the derivation and language notes	reviewed	2026-09-09
d826	d826	branch, twig	regional *ir-k / *eŋk / *ekk; Telugu comparison queried	Ø	i/e	short	r/ŋ/kk	cluster/uncertain	unknown	VC-C / VCC	noun	No identical full derivative reconstructed.	Kota irg places r before a velar, while Kannada ege/eŋkli, Tulu eggɛ/eggelɯ and Koraga eŋkili motivate other cluster formations. There is no independently agreed full *ir-Vv input for Telugu rivva.	low	Kota can support a vowel-initial rhotic input, but lateral/nasal/velar comparisons do not uniquely establish the same root or exact derivative as Telugu rivva/rivaṭa.	If related, *ir-Vk/w > *ri-kk/vv could involve displacement and velar-labial development, but each step needs independent evidence. Alternatively the Telugu twig noun is a separate root; DEDR explicitly prefixes its comparison with a question mark.	The parser suppresses the source question mark before Telugu, creating spurious certainty. Keep Telugu A, not a short-vowel metathesis counterexample or positive. Needed: early Telugu spelling, velar/labial correspondence and fuller cognates; Kota irg alone cannot justify the whole proposed chain.	medium	DEDR826 p.81 directly read; source ?Te.	questionable-cognacy	Unresolved cognacy and cluster history.	reviewed	2026-09-09
d827	d827	chest, heart, courage	regional *ed-V; *erd-V alternative	Ø	e	short	d/rd?	singleton/cluster uncertain	a/unknown	VC-V / VCC-V	noun	Regional coronal root, exact r formation uncertain.	Kota ed, Toda eθy, Kannada ede/edde/erde, Tulu ede and Telugu eda establish initial e followed by a coronal. Kannada r-containing variant alone cannot establish an original r for the entire set.	medium for order; low for exact input	Vowel-before-coronal order is stable; Telugu eda/eḍæda and Konda eduṟam do not move an apical to the initial position.	*edV > eda/ede and strengthened edda/eḍḍa retain order. Konda eduṟam and Parji edram/edrom may contain an r-formation; Kannada erde could preserve a cluster or add r, with no unique direction yet.	Coronal identity and singleton/cluster reconstruction remain uncertain; this is a retained-order comparison but not a decisive test of a specifically *ṭ or *r law. Telugu eḍæda shows additional syllabic material; do not count its repeated coronal as a second root. No plausible initial metathesis in this set.	medium	DEDR827 p.81 directly read	input-uncertain-control	Target initial-order comparison; literal exchange, assimilation and syncope distinguished in the derivation and language notes	reviewed	2026-09-09
d829	d829	sunshine, shine	*el; *il-a-k/ŋk	Ø	e/i	short	l	singleton	zero/a	VC free root / VC-a-K/NC	noun/verb	Free noun and separately extended verbs; no outcome-selected lexical class.	Tamil el and Malayalam el independently attest a short closed light noun; ilaŋku/ilaku supplies low-a verbal extensions. Telugu elamu is a different low-a labial extension.	high for root; medium for shared formation	All independent southern forms retain vowel before l. A nasal *en-ṯu head belongs to a distinct connected sun/day comparison, not proof of nasal input for every shine formation.	*el > el retains the free root; *il-aŋk > ilaŋku and Telugu *el-am > elamu retain the expanded order. Strengthened ella/elli has its own derivational history.	Separate bare root from low-a extensions in prediction tests. Telugu elamu is a useful retained vowel-initial lateral comparison, but the exact shared -am extension lacks independent support here. Prakrit alla day is a queried contact comparison and provides no additional Dravidian vote.	medium	DEDR829 p.81 directly read	core	Target initial-order comparison; literal exchange, assimilation and syncope distinguished in the derivation and language notes	reviewed	2026-09-09
d832	d832	joy, enliven	regional *el-ar / *el-ay	Ø	e	short	l	singleton	a	VC-ar / VC-ay	noun/verb	Shared -ar formation independent of the metathesis outcome.	Kannada elarcu and Telugu elarucu/elarupu independently support e-l-a-r; Telugu elayu/elami has related non-r extensions.	high regional order; medium inheritance	The two languages agree on initial vowel-l order, with no consonant-initial alternative attested in the reviewed set.	*el-ar > elarcu/elarucu retains order; syncope in Kannada elarcu creates a later r-c cluster. Telugu elayincu contains productive causative material and is not a separate root vote.	Regional cognacy is plausible but contact between Kannada and Telugu cannot be excluded from the forms alone. This independently low-a lateral formation remains a retained comparison. The relation to shine829 or other delight roots is a possible family merge, not established by semantic similarity alone.	medium	DEDR832 p.81 directly read	core	Target initial-order comparison; literal exchange, assimilation and syncope distinguished in the derivation and language notes	reviewed	2026-09-09
d833	d833	rat, mouse	*el-i; regional *el-i/u-k	Ø	e/i	short	l	singleton	i/u	VC-i / VC-iK	noun	High-i root, separate velar expansion and transparent compounds.	Tamil/Malayalam eli and Kannada/Tulu eli/ili establish a high-i root; Telugu elika/eluka and Konda/Kolami elka share a velar extension, with high vowel versus syncope.	high	Broad southern and central vowel-first evidence establishes e/i before l independently of Telugu. Brahui hal keeps the vowel before l after initial h addition and vowel change.	*eli > eli/ili retains order. *el-i-k > elika/eluka or elka via medial syncope retains V-l; Gondi elli/allī and Naiki elli add strength/quantity history. Toda is̱y and Kota eyj reflect local lateral changes. Gadaba sirel is small+rat, not a root-initial s-l displacement.	A high-vowel noun control with extensive independent comparison. Geminate Gondi/Naiki cannot be projected onto all branches when singleton southern evidence is broad. No Kui/Kuvi attestation occurs in this group, so absence of a eastern metathesized rat form is missing data, not retention. Brahui hal requires prothesis/vowel history but no initial liquid transfer.	high	DEDR833 p.81 directly read	core	Target initial-order comparison; literal exchange, assimilation and syncope distinguished in the derivation and language notes	reviewed	2026-09-09
d835	d835	voice, noise, tune	regional *el-i/u-Nk / *il-i-Nk	Ø	e/i	short	l	singleton	i/u	VC-i/u-NK	noun/verb	Same nasal velar noun formation; causatives nested under root, not separate votes.	Telugu elũgu/elĩgincu and independently Parji iluŋg establish vowel-l-high-vowel-nasal-velar order. Parji was incorrectly labeled Telugu in the corpus and is restored from DEDR p.81.	high for order; medium for vowel grades	Independent central Parji full form prevents reasoning solely from Telugu. Gondi lēng/lēŋgi and Konda līŋ reverse initial order relative to the shared full formation; differing ē/ī needs its own vocalism analysis.	Conditional *el-iŋ > *lēŋ or *il-iŋ > *līŋ gives eastern displacement/contraction; source variable i/e/u prevents a single secure V2-quality prediction. Gadaba lēng may be borrowed from a displaced Gondi-like form.	The high-vowel suffix is independently attested but exactly matching first-vowel grade is not. Do not use long ē to invent low a. Koraga elkiri weep is explicitly queried and absent from parsed lexical evidence; no independent voice vote is assigned to it. Gondi dialect duplicates remain one family observation.	medium	DEDR835 p.81 directly read	core	Target initial-order comparison; literal exchange, assimilation and syncope distinguished in the derivation and language notes	reviewed	2026-09-09
d839	d839	bone	*el-u-mp / *el-u-ŋk; regional *el-mu-ka?	Ø	e	short	l	singleton	u	VC-u-MP / VC-u-NK	noun	Labial and velar extensions independently distinguished; Telugu plural origin unresolved.	Tamil elumpu, Malayalam elumpu/eluŋku, Kodagu elɨmbɨ and Kannada elubu/elugu independently establish e-l with high-u nasal/labial or velar extensions.	high full root; low for makkelu formation	The lateral precedes the nasal/labial in fuller forms; Tamil eṉpu and Telugu emmu show medial assimilation rather than evidence for an original initial m.	*elump > *elmp > emmu and extended emuka/emmuka plausibly involve medial syncope/assimilation plus velar nominal material. Kannada emike/emake provides an independent parallel. Telugu makkelu bones may involve resegmentation/analogy, aphaeresis or internal rearrangement of an extended plural; its exact input is not fixed.	Do not label makkelu a secure initial-l metathesis: its initial m is not the reconstructed l and an l persists later. Recovering *emukalu or *elmukalu and dated intermediate forms would distinguish aphaeresis plus analogy from consonant transposition. Toda complex spellings preserve local lateral fricative/allophonic notation, not differing metathesis events. Sanskrit/BHS monument terms are contact comparisons, not roots for this denominator.	medium	DEDR839 p.81 directly read	core	Medial assimilation and possible plural restructuring; initial displacement not established.	reviewed	2026-09-09
d844	d844	all, whole; additive clitic	*ell-a(m), personal expansions	Ø	e	short	ll	geminate	a	VCC-a(m)	quantifier/pronoun/clitic	Clitic and personal suffix morphology independent of phonological outcome.	Tamil ellām, Malayalam ellām, Kannada ella, Kodagu ella· and Telugu ella independently support geminate l. Kota/Toda final el cannot independently diagnose historical singleton intervocalic l.	high	Initial vowel before the lateral is shared throughout; the Tulu additive enclitic -la has a different morphological position and needs separate grammaticalization history.	*ell-am > ellām/ella involves final quantity and nasal history, not initial metathesis. Conditional *ella > -la would require clitic reduction/aphaeresis, possibly degemination, rather than evidence for the ordinary initial root rule.	Tulu source writes -la (? -lā) and compares its function with *-um; the parser drops the hyphen and turns the editorial reconstruction *-um into a lexical record. The clitic cannot be counted as a secure metathesized lexical all root. Personal suffixes and compounds remain nested observations.	medium	DEDR844 p.82 directly read; MBE1974a pp.107–108 cited there, not directly read	geminate-control	Geminate retention; Tulu clitic reduction unresolved.	reviewed	2026-09-09
d845	d845	tomorrow, day after tomorrow	regional *ell-i/e	Ø	e	short	ll	geminate	i/e	VCC-V; compounds	adverb	Bare adverb versus subsequent day compounds.	Tulu elle and Telugu elli independently agree on short e and geminate l; Markodi elle/yelle supports the same regional shape.	high regional shape	All witnesses place the vowel before the geminate. Initial y in Markodi is prothesis or a separate local onset, not a moved root liquid.	*elli/e > elli/elle retains order. Telugu elluṇḍi and Tulu ellañji are different day-after-tomorrow formations whose endings require separate reconstruction.	This is a regional control, not proof of a Proto-Dravidian time adverb. K03 p.407 includes Brahui elli in a broader distribution statement, but the database group and DEDR entry lack a Brahui attestation; that published claim remains source-only and unverified here. Potential relation to light/day829, all844 or limit846 should be tested as family sensitivity, not assumed from ell alone.	medium	DEDR845 p.82 directly read; K03 adverbial discussion	geminate-control	Geminate retention.	reviewed	2026-09-09
d846	d846	boundary, limit	*ell-ay; Malayalam *el-u-k variant	Ø	e	short	ll/l	geminate main formation; singleton derivative	a/ay/u	VCC-ay / VC-uK	noun	Independent contrast between ell-ay and el-u-k retained.	Tamil ellai, Malayalam ella, Kannada elle and Telugu ella independently establish a geminate low-vowel formation. Malayalam eluka instead has a singleton lateral and different velar expansion.	high by formation	The initial vowel precedes lateral in all forms; single final Toda l does not prove a singleton intervocalic ancestor.	*ell-ay > ellai/elle/ella retains order; Toda ely follows its own final sequence reduction. Malayalam eluka may be a separately expanded grade, not metathesis or evidence against the geminate reconstruction of the main formation.	Classify the common ell-ay formation as geminate and the Malayalam singleton separately. Boundary place names repeat the same root. A possible connection with all844 or day845 is a deeper lexical hypothesis; shared spelling alone is insufficient.	medium	DEDR846 p.82 directly read	geminate-control	Original initial order retained.	reviewed	2026-09-09
d856	d856	slight, weak, contemptible	*eḷ-i; *iḷ-a; strong *eḷḷ	Ø	e/i	short	ḷ	singleton/strong by formation	i/a/u	VC-i / VC-a / VCC	adjective/verb/noun	High-i, low-a and strong formations are independently attested.	Tamil eḷi/eḷimai and Malayalam eḷi/eḷima establish high-i singleton formation, alongside independently low-a iḷamai/iḷama and strong eḷḷu.	high root; medium exact Telugu formation	Southern forms and historical Kannada iḷi agree on vowel-first order. Telugu ellidamu retains the vowel and a strengthened lateral; the strengthening is a local or borrowed formation, not evidence of universal original gemination.	*eḷ-i > eḷi/iḷi retains order; *eḷḷ > Tamil eḷḷu and Telugu ellidamu-like strength has a separate history. Tamil eṇmai follows l/n assimilation in a nominal suffix environment.	Telugu is a retained-order observation but exact input strength and inheritance of ellidamu are uncertain. Do not classify all weak/light words as geminate merely from Telugu. Possible relation to young513 and poor911 or contempt776 is semantic/derivational and must be tested, not used to manufacture one regular class.	medium	DEDR856	core	Target initial-order comparison; literal exchange, assimilation and syncope distinguished in the derivation and language notes	reviewed	2026-09-09
d857	d857	bear	*eḷ-V-ñc; regional *uḷ-iy-am and *el-uK	Ø	e/i/u	short	ḷ/l	singleton	unknown/i/u	VC-V-NC / VC-uK / VC-iy-am	noun	Different animal-name extensions and paradigms remain distinct.	Tamil iḷai/uḷiyam/elu, Malayalam uḷiyam, Parji ili and Gondi eṛj establish vowel-first lateral/apical forms with several extensions. Konda olzu/oṛzu independently supports apical before z.	high for order; medium for full root	The distribution supports an earlier vowel preceding the apical; the displayed alternative *joḷǯ- is a separate reconstruction and cannot override the comparative onset evidence without an initial-y account.	*eḷ-Vñc > Gondi eṛj and Konda olzu/oṛzu involves syncope and palatal/nasal changes while retaining vowel-first order. Kui oli/oḍi and Kuvi oṛi reflect apical merger/stop development. Tamil eṇku and Malto eju have medial cluster reductions. Telugu elūgu is unusual in its long second vowel and needs separate suffix history.	No positive initial displacement is attested despite several eastern languages. Exact ancestral vowel/formative varies and is not inferred from modern outcomes. Konda north/west rhotic versus south/east lateral is useful dialect correspondence, not necessarily metathesis variation. Animal-name diffusion remains possible but does not explain away the retained forms.	medium	DEDR857; K03 reconstruction *eḷ-V-ñc	core	Target initial-order comparison; literal exchange, assimilation and syncope distinguished in the derivation and language notes	reviewed	2026-09-09
d865	d865	red	*eṯ-V; *eṯ-a/*eṯ-up	Ø	e	short	ṟ/ṯ	singleton and strengthened formations	a/u	VC-a / VC-uP; strengthened VCC-a	adjective/noun	Low-a adjective and -up noun independently distinguished.	Konda eṟa/eṟani and Tamil eṟuṛ̆am red-flowered tree independently support short initial e before an alveolar; Telugu eṟupa and historical Eṟama have singleton evidence beside modern eṟṟa.	high regional order; medium deeper cognacy	The independent Konda form and singleton variants favor a vowel-first root, not a primitive initial r. Gemination in Telugu is not uniformly ancestral.	*eṯ-a > eṟa and strengthened eṟṟa retain initial order; *eṯ-up > eṟupa has a different noun expansion. Gondi erra is explicitly borrowed from Telugu and must not become an independent inherited retention.	The source dates Eṟama as an eighth-century name and Eṟṟana as the fourteenth-century author; these are lexicographic date claims pending inscription verification. Tamil botanical semantic link is less direct than Konda colour, and Kolami eroṛi/erroḍī may be regional loans. Possible relationship to red/dog817 and clay820 requires a cognacy argument, not automatic merging of colour roots.	medium	DEDR865; K03 regional *eṯ-V	core	Target initial-order comparison; literal exchange, assimilation and syncope distinguished in the derivation and language notes	reviewed	2026-09-09
d869	d869	sunshine, dry in sun	*en-ṯ-V / *enṯ	Ø	e	short	nṯ	nasal-stop cluster	u/a	VNC-V	noun/verb	Nasal cluster independently reconstructed; derived dry/grain forms nested.	Tamil eṉṟu and Telugu eṇḍa/eṇḍu independently establish a nasal-apical cluster. Gondi eddi/addī and Naiki edde can reflect medial assimilation of that cluster.	high for cluster	Nasal and apical follow the initial vowel in the independent southern witnesses. Parji nendi/nenḍi adds an initial nasal whose origin cannot simply be called initial apical displacement.	*enṯ > eṉṟ/eṇḍ retains cluster order; *enṯ > edd is assimilation and possible denasalization. Parji nendi could reflect nasal prothesis, analogy with day words or a different extension; the medial nasal remains, so simple swapping of the sole n is inadequate.	A root-cluster control, not an exception invented from its retained result. Toda eṟ in a song is explicitly labeled probably spurious by the newer dictionary, so it contributes no secure singleton evidence. Connection to el shine829 or eṟi861 is a lexical hypothesis; no automatic collapse until the lateral/nasal/stop derivation is supported.	medium	DEDR869; Toda2025 p.15 entry20 explicitly doubtful	root-cluster-control	Cluster retention/assimilation; Parji prothesis/analogy unresolved.	reviewed	2026-09-09
d800	d800	fan, blow, wave	*e/iṟ-i-ñc; regional *er-sk	Ø	e/i	short	ṟ	singleton	i/unknown	VC-i-NC / VC-sk	verb/noun	Gondi sk versus eastern ñc formations distinguished; no unsupported low-a suffix.	Gondi ersk preserves vowel-r order alongside rēsk. DEDR explicitly reconstructs *eṟiñc for corrected Konda ṟīnz, while Tulu edde and Malto eswe/espro supply reduced/changed coronal cognates, not the exact same full suffix.	medium for exact input; high regional order contrast	The retained Gondi order and independent morphological comparanda favor an earlier V-apical sequence over the displayed *ǯīnǯ head as a family-wide proto-form. Konda source explicitly corrects r to ṟ, significant for the subsequent j correspondence.	*e/iṟ-iñc > *ṟī/ĭnj > Konda ṟīnz, Kui jīnja and short Kuvi/Pengo/Manda jinj is a proposed displacement family. Gondi *er-sk > rēsk has a separate suffix and quantity history. Initial ṟ>j and later palatal/affricate developments are not interchangeable with inherited initial j.	Exact V1/V2 and length are not independently uniform; short versus long eastern forms cannot all be predicted by a single reconstructed *eṟiñc without additional vowel history. Tulu geminate dd might result from earlier apical/suffix assimilation, and Malto has suffix consonant variation. Telugu is genuinely unattested in this group, not retained. Source Konda correction is duplicated into long/short parser variants; do not count both as independent historical stages.	medium	DEDR800 p.79 directly read; DEN1 1972 pp.401,407 entries686,2127	core	Target initial-order comparison; literal exchange, assimilation and syncope distinguished in the derivation and language notes	reviewed	2026-09-09
d809	d809	arrive, reach	*ey-t; regional *e/ik-pa	Ø	e/i	short	y	glide plus dental	zero	VC-T / V-K#P	verb	Pengo velar stem plus intensive p suffix independently identified.	Tamil eytu, Malayalam eytuka, Kannada aydu and historical eydu independently establish a glide root with dental extension. Pengo ika plus ipka < ik-pa identifies a separate velar-plus-labial intensive boundary.	high for nonapical root and local Pengo boundary	Vowel-first order is preserved across branches; this root has no independently original medial nonnasal apical in the relevant first position. Pengo k-p direction is independently given by the simplex ika and intensive formation.	*ey-t > eydu/ēdu or ett through glide/dental changes, not apical metathesis. Gondi ev/av, Kui epa and Konda ī have their own lenition/contraction histories. Pengo ik-pa > ipka is genuine local stop-cluster exchange after intensive suffixation; initial-vowel order remains unchanged.	This extends the local k-p process beyond Kui without pretending it establishes one family-wide innovation. The labial construction is intensive in Pengo rather than automatically the identical causative function of every Kui example. Kui epa/eppa contains no velar to exchange and is an appropriate distinct input control. Kuvi ne and Manda neyka require initial nasal/morphological history; they do not prove nasal metathesis. Brahui hining is an infinitive citation of in-, not an original h-i-n-root unanalysed whole. Tulu labels restored from source; Kuvi motion-base/personal-object tags are shifted in the parser.	medium	DEDR809 p.79 directly read; MBE1962 pp.63–64 cited there	nonapical-control	Initial retention; independent Pengo stop-cluster exchange.	reviewed	2026-09-09
d837	d837	white ant, termite	regional *el-u-m/b; exact older vowel grades uncertain	Ø	e/a	short	l	singleton	u	VC-u-M/B	noun	Full labial-ending noun independently reconstructed, exact prehistoric formative grade unresolved.	Parji elub, Gadaba elub/elb and Gondi elum/allum independently establish vowel-l-u-labial order, while eastern līm/līmbu is reduced. The displayed *līm head does not establish the earlier family-wide input.	high for order; medium for exact shared vowels	Several central and Gondi full forms support vowel-first order before the lateral; eastern initial l/ḍ is secondary under the parsimonious comparison. Geminate Gondi/Gadaba variants cannot be imposed on singleton elub/elum.	*el-u-m/b > līm/līmbu is a displacement-family development, but the exact change e-u > ī is unresolved. Kuvi lēmpu beside līmpu/līmbu and short limbu reveals real vowel/quantity variation. Kui initial ḍ follows the lateral-to-stop correspondence; it does not imply original *ṭ.	This challenges a mechanical output rule based on the directly attested full e-u sequence. An earlier *il-im could explain ī but is not independently attested here and is not adopted to save the rule. Alternative vowel assimilation, extension reshaping or borrowing among eastern languages needs source/dialect evidence. Compound ant terms piṛku/dār/pete are not additional roots. Telugu is missing, not retained.	medium	DEDR837 p.81 directly read	core	Target initial-order comparison; literal exchange, assimilation and syncope distinguished in the derivation and language notes	reviewed	2026-09-09
d851	d851	rise, lift; awake, caution	*eẓ-u; *eẓ-c/ar, nasal/velar/labial extensions	Ø	e	short/long by formation	ẓ	singleton	u/a/unknown	VC-u / VC-C / VC-ar	verb/noun	Caution -car, rise/lift and ladder derivatives separately reconstructed.	Tamil eṛ̆u, Malayalam eṛ̆uka, Kannada eṛ̆ and Kota eṛv establish vowel-approximant order. Kannada eṛ̆caṟ independently supports the medial approximant before the caution suffix, even though many caution forms assimilate it.	high root order; low exact eastern V2	Southern full forms precede eastern initial ḍ in lifting/standing variants. The caution r after cc belongs to an extension, not a moved first apical. The database *enǯ alternative and imported *eẓ-c head refer to particular formations and must not replace the whole complex root.	Conditional *eẓ-Vk/ñj > *ẓēk/ñj > Kui ḍēk/ḍēnja and Manda/Kuvi ḍēk gives initial displacement and apical stopping, but exact V2 and length are not independently fixed. Gondi ḍiŋ has a different vowel. *eẓ-car > eccar through medial assimilation yields Telugu eccarika etc.; no earlier initial displacement is required. Tulu eḷañci > leñci/eñci permits aphaeresis and medial loss in a ladder noun.	Separate lifting, waking/caution and ladder formations. Telugu is represented only by caution derivatives in this entry; ordinary lēcu is assigned to d916 in DEDR and cannot be silently imported here. Brahui harfing/hēfing involves a morphologically complex infinitive and medial consonant loss/grade, not initial r transfer. Long southern ēẓ variants are independently attested and prevent a single uniform short quantity for all formations. Tulu short leñci may be aphaeresis, not the eastern long-vowel process.	medium	DEDR851 p.82 directly read; compare separately DEDR916	core	Eastern displacement; southern medial assimilation and local ladder aphaeresis alternatives.	reviewed	2026-09-09
d859	d859	throw, strike, shoot	*e/iṟ-i/u; long *ēṟ; labial extensions	Ø	e/i	short/long by formation	ṟ	singleton	i/u/a	VC-i / VC-C / VVC	verb/noun	Short labial verb and independent long noun differentiated; no suffix recovered solely from output.	Tamil eṟi/iṟu, Malayalam eṟiyuka, Kannada iṟi and Konda iṟ independently establish vowel-first alveolar order. Long ēṟu/ēṭu blow is independently attested and not shortened to fit the short branch.	high root order; low exact Telugu mm suffix	Broad southern and Konda/Kuvi vowel-first reflexes precede Telugu ṟimmu and Gondi rē/rēh under a displacement account. Exact labial formative of ṟimmu is less certain than root order.	*iṟ-(V)mm > *ṟimm gives Telugu ṟimmu if that strong labial derivative is established; a high-vowel root is independent, but mm must not be invented from the outcome. Gondi rē/rēh likely displaces a vowel-first stem while other dialects retain ērīstānā/ertānā. Kannada ṟeppu is an initial-loss/displaced-looking labial form with unexplained e. Kui ig-b > ibg is separately supported local cluster exchange.	Quantity and suffix predictions remain conditional: independent iṟi does not establish the exact mm derivative. Kannada initial ṟeppu may be local development or contact, not a family-wide exceptionless process. Kui ig root versus ṟ needs an allomorphic/correspondence explanation, while Kuvi ir remains unchanged. Toda mediative-causative eṯ is morphologically distinct from the throwing root and not an independent ordinary verb vote.	medium	DEDR859	core	Target initial-order comparison; literal exchange, assimilation and syncope distinguished in the derivation and language notes	reviewed	2026-09-09
d860	d860	pull, drag, pluck	regional *ṟel / *er-i / *ar-i; deeper order uncertain	Ø/r	e/a	short	r/ṟ/l	singleton	i/unknown	VC-i versus CVC	verb	Final-l and labial derivatives require independent reconstruction.	Gondi ari/eri full forms coexist with Konda ṟel, Kui jel and Pengo jel. Telugu remmu has a labial formation, not the same medial/final consonants as all the eastern stems.	low for common full input	Gondi may preserve an earlier vowel-first root, but the broad regional ṟel/jel series and its final l cannot be derived by a bare reversal of ari. The displayed *Rel is a regional reconstruction, not independently settled deeper order.	A conditional *eṟ-Vl > *ṟel could account for the Konda/Kui/Pengo series, with later ṟ>j, but no full identical -Vl formation is attested here. Telugu *eṟ-(V)mm > remmu requires a different derivative. Alternatively the Gondi ari material and eastern ṟel stems are distinct or only distantly related.	Keep the entire displacement claim uncertain rather than inventing *erel/*erimm to explain each result. Needed: older Gondi/Konda paradigms, independent final-l derivative, and regular correspondences linking Telugu mm to the same root. The several Gondi bringing/taking compounds do not add independent lexical votes.	medium	DEDR860; DEN1 1972 p.415 entry4243	lookalike-unresolved	Competing cognacy and displacement hypotheses.	reviewed	2026-09-09
d916	d916	rise, ascend, rouse; dawn; water-lift	*ēṟ / *ēl; displaced regional rē/lē derivatives; alternative *sal?	Ø	ē	long independently attested; immediate displaced input unresolved	ṟ/l	singleton	u/zero/unknown	VVC / VVC-V; disputed earlier short derivatives	verb/noun	Different rise, dawn, imperative and water-lift formations; no unverified short grade treated as established.	Tamil ēṟu/ēl, Malayalam ēṟuka/ēlkka, Kannada ēṟu, Kota ēṯ/ēr and Toda long-apical forms independently establish long root quantity and vowel-before-apical order. No independently full short *er-V derivative matching Telugu rēgu/lēcu is supplied by the present set.	high for comparative long root; low for immediate displaced derivative	Widespread southern long V-apical order contrasts with Telugu rē-/lē- in the same broad rise/rouse meanings. This supports displacement-family comparison, but does not by itself prove that a long vowel was the immediate input: an independently documented earlier short grade or different root would change that conclusion.	A direct *ēṟ > rē or *ēl > lē reverses a long vowel and apical, outside the short-input rule. Alternatively an earlier short extended *er/el-V could yield the long displaced forms, but that intermediate is currently unsupported. Telugu reccu needs its own shortening/strong derivative history. Water-lift ētamu preserves V-apical order after strong dental development. Konda ēṟasi versus defective le/leˀ e/ledu shows formation/morphological contrast, not a simple dated sound-change sequence.	Keep this as a genuine challenge in the long-input class, with immediate prehistory uncertain, rather than silently moving it to short input. The alternative *sal? reconstruction is connected to Brahui saling and requires a separate initial-s and vowel history; Brahui alone does not demonstrate a common *sal that explains every southern form. The unrelated *ñāl dog head is a database linkage error. Kannada rēgu and Tulu rēgiyuni could be shared regional developments or Telugu loans; no donor proof is available here. Central les/lēp also requires contact evaluation. Gondi cooking forms and Kuvi re'nai are explicitly questioned in DEDR; the Kuvi source disagrees ascend versus descend. Relation to short *eẓ rise851 could involve conflation or analogy but is not assumed; ẓ versus ṟ/l needs independent justification.	medium	DEDR916 p.88 directly read; contrast DEDR851 p.82	long-input-challenge	Displacement-family comparison supported; direct long-vowel metathesis versus lost short grade or etymological conflation unresolved.	reviewed	2026-09-09
d1	deictic-a-i	distal demonstratives and adverbs	*a-t(u), *a-w-an/-ar; oblique *ad-an-i / *aw-an-i, *aw-att-i	Ø	a	short deictic input; secondary long formations	t/w/b	morphological dental/labial elements	a/i/u/variable	deictic base + gender/number + oblique augment	pronoun/adverb	Gender/number and oblique augments independently comparative; direct and oblique forms are distinct cells of one paradigm.	Tamil atu/avaṉ, Malayalam atu/avan, Kannada adu/ava and eastern ad/adi/avan establish a before the dental/labial. Tamil at-an-ai and Kannada ad-ar-ke independently establish a vowel-initial oblique augment (K03 p.222). This is morphological comparative evidence, not inference from Telugu dāni alone.	high for order and morphological augment; medium for exact immediate sequence	The same deictic a and proximal i precede gender/number elements throughout the family. Telugu and Konda apical/labial-initial obliques and masculine nominatives are innovative within that morphological alignment; they do not justify reconstructing initial d/v for the whole family.	Proposed *ad-an-i > *daan-i > dāni; *aw-an-i > *waan-i > vāni, with modern plural vāṭi from a distinct *aw-att-i augment. Konda dani/vani can reflect subsequent shortening in obliques, but a directly contracted short outcome is not excluded. Telugu vā̃ḍu and Konda vānṟu require gender-formative history in addition to labial displacement. Konda abe/abeṇi : bān/bāṇi establishes a local labial-initial locative variant, with contraction and reformation not uniquely sequenced.	Count the distal and proximal entries as one deictic process family in the primary partition, not every inflected form as an independent root. Nominative adi and oblique dāni coexist by grammatical conditioning; simple claim all short V-apical words change is false. Labial participation is outside a narrowly apical lexical rule. K03 p.223 n.14 explicitly leaves shared Telugu–Konda innovation versus early Telugu borrowing unresolved. K03 p.222 n.13 proposes Old Telugu generalized the singular augment whereas spoken Telugu preserves *-att in the plural; this is a historical morphological hypothesis, not an independently dated sound change here. DEDR parser assigns obl broadly to whole paradigms and fragments Tamil forms/glosses; those tags are not all accurate POS analyses. Unrelated deictic compounds are preserved in full appendix but not counted as separate metatheses.	medium	DEDR1; Krishnamurti2003 pp.158,222–223 nn.13–14	morphological-pronoun-domain	Morphologically restricted displacement/contraction plus analogy; labials participate.	reviewed	2026-09-09
d410	deictic-a-i	proximal demonstratives and adverbs	*i-t(u), *i-w-an/-ar; oblique *id-an-i / *iw-an-i, *iw-att-i	Ø	i	short deictic input; secondary long formations	t/w/b	morphological dental/labial elements	a/i/u/variable	deictic base + gender/number + oblique augment	pronoun/adverb	Gender/number and oblique augments; proximal and distal members of one productive paradigm.	Tamil itu/ivaṉ, Malayalam itu/ivaṇ, Kannada idu/iva and Pengo/Manda idi/ivan establish initial i followed by gender/number material. The a- oblique augment is independently comparative in the matching distal paradigm (K03 p.222); the lexical source does not independently supply every uncontracted proximal oblique.	high for order; medium for immediate oblique prehistory	The a:i demonstrative opposition and the same following morphology across several branches support vowel-before-dental/labial input. Konda deni is particularly valuable because it does not simply copy the surface Telugu high vowel in dīni.	K03 proposes lowering in *id-an-i > *ed-an-i before displacement/contraction, followed by Konda deni, while Telugu dīni is remodeled to preserve the opposition to interrogative dēni; this is analogy, not a phonetic i+a>ī rule. Compare *iw-an-i > Konda veni versus Telugu vīni, modern plural vīṭi from *iw-att-i with corresponding analogical possibilities. Konda ibe/ibeṇi : bēn/bēṇi supplies labial locative restructuring; Pengo ibe/ibṇi retains initial i even with syncope.	The anti-homophony account for Telugu dīni is a plausible hypothesis (K03 p.223 n.14), not demonstrated by a directly attested earlier *deni stage. Sastri1969 pp.178,184 explicitly treats historical dēni as interrogative; an inscriptional English translation this grant is not sufficient to identify a proximal ancestral stage. Konda current DB plural oblique venka differs from K03 veni: preserve both source claims and do not silently replace morphology. Konda short deni versus long bēn shows formation-specific quantity. This cannot be used to validate a single phonetic outcome rule for all pronouns. Te nisuvu/nisũgu child is a separate semantic/cognacy issue within the giant deictic entry and is not evidence for nasal metathesis of the deictic base. Direct and oblique forms are research-split with links to their original unsplit database records.	medium	DEDR410; Krishnamurti2003 pp.158,222–223 nn.13–14	morphological-pronoun-domain	Morphologically restricted displacement/contraction; Telugu high vowels plausibly analogical, not independent evidence for phonetic output.	reviewed	2026-09-09
d913	d913	song, metre; sing	regional *ēl/ēḷ; Malto el-	Ø	ē	long southern; northern uncertain	l/ḷ	singleton	e/a	VVC-V	noun/verb	plausible formative boundary; not independently dated	Kannada ēḷe and Telugu ēla independently agree in long ē before lateral. Malto éle marks stress, not independently long quantity.	medium	Both southern forms and Malto keep vowel-before-lateral order; no need to privilege Telugu.	*ēḷ-V > Kannada ēḷe and Telugu ēla, with lateral correspondence and final vowel differing. Malto él-e may support the root but does not establish a long proto-vowel by itself.	A regional song/metre name may diffuse; Kannada–Telugu agreement alone does not rule out borrowing. The Malto singing comparison is semantically compatible but sparsely attested. Keep the family as a qualified long-input retention control, not a metathesis case.	medium	DEDR913 p.88	long-input-control	Target initial-order comparison; literal exchange, assimilation and syncope distinguished in the derivation and language notes	reviewed	2026-09-09
d914	d914	glean, gather, select	regional *ēṟ-	Ø	ē	long	ṟ	singleton	zero/u	VVC / VVC-C	verb/noun	plausible formative boundary; not independently dated	Kannada ēṟ and Telugu ēṟu independently establish long ē followed by alveolar. Telugu strong causative/nominal formations preserve the same root order.	high for regional long order	Both independent language witnesses have V-apical order, with no initial-r form requiring reconstruction.	*ēṟ > ēṟu; strong/extended ērcu, ēṟincu and ērpu retain the root order while changing final consonantal material.	The sparse regional distribution warrants contact caution. Semantic overlap with winnow/separate d915 could indicate one root family; primary partition retains the lexicographic distinction and sensitivity can merge them. Strong derivatives must not count as independent lexical controls.	medium	DEDR914 p.88	long-input-control	Target initial-order comparison; literal exchange, assimilation and syncope distinguished in the derivation and language notes	reviewed	2026-09-09
d915	d915	separate, winnow, sift	*ēṟ- / shorter extended *eṟ-l-; possible *cēṟ connection	Ø	ē/e	long and independently short extended forms	ṟ	singleton	zero/i/unknown	VVC-C / VC-l-is	verb/noun	plausible formative boundary; not independently dated	Telugu ēṟu and widespread Gondi ēri/ēr, Konda ēṟ and Kui/Kuvi ē- establish long vowel-first formations. Konda eṟlis and Kuvi erl independently supply shorter extended formations, but not the complete prehistory of ṟēs/jēc.	high for mixed quantity; low for immediate displaced input	Widespread vowel-first order versus Konda ṟēs and Pengo jēc supports displacement-family comparison. It does not establish long ē as the immediate input of those precise derivatives, given the independently present short eṟl formation.	Retained *ēṟ-s/p gives Gondi ērst-, Kuvi ērs/ērsp/ēhp and Konda ēṟp. Konda ṟēs and Pengo jēc could reflect long-input displacement or a lost short extended *eṟ-V-s/c; the latter is not directly attested. Kui ēspa/ēja and Kuvi ēhp show consonant developments without initial displacement. Konda nēspa requires additional prothesis or morphological history, not movement of an inherited initial n from this root.	A genuine quantity challenge remains: do not classify ṟēs/jēc as verified short-input outcomes because their outputs are long. Conversely, the full set is not proof that all long roots were eligible. Malayalam ekaṟuka has extra k and cannot simply be treated as the identical unextended stem. DEDR queries relation to cēṟ/cēṭṭai2019; initial c loss, cognacy and formation must be argued separately. Konda nēspa is preserved as an unresolved variant; it could show secondary n as in other Telugu-region verbs, but no source diagnosis is asserted.	medium	DEDR915 p.88; DEDR source cross-reference2019	long-short-formation-challenge	Displacement-family comparison; direct long exchange versus unattested short derivative unresolved.	reviewed	2026-09-09
d917	d917	male buffalo, bull, male animal	*ēṯ / *ēṟ-	Ø	ē	long	ṯ/ṟ	singleton	zero/u/an	VVC / VVC-V	noun	plausible formative boundary; not independently dated	Tamil ēṟu/ēṟṟai, Malayalam ēṟu/ēṟan and Kota/Toda ēṟ establish long ē before apical. Strong Tamil ṟṟ/ṭṭ supports an alveolar/dental-stop reconstruction rather than treating every r as primary rhotic.	high for southern long order	Several independent southern branches have the same vowel-first order; Brahui arē also retains a vowel before r but has its own vocalism.	*ēṯ-u > Tamil ēṟu, Malayalam ēṟu and southern ēṟ; reinforced ēṟṟai/ēṭṭai. Brahui arē/arisk could involve suffixation and vowel redistribution but does not show root-apical promotion to word onset.	Kota tirēr/tir e·r is a compound, not a doubled metathesis result. Brahui arē comparison requires explicit vowel and plural analysis; do not count final ē as proof of a swap because r remains preceded by a. Badaga ēgaru has extra g and an alternative calf cross-reference, so its cognacy is less secure than ēru. DEDR questions connection with sēṟi2820; initial-s history remains outside this control.	medium	DEDR917 p.88; Krishnamurti reconstruction in database	long-input-control	Target initial-order comparison; literal exchange, assimilation and syncope distinguished in the derivation and language notes	reviewed	2026-09-09
d919	d919	other, the rest	*ēn-ay?; Brahui ēlō	Ø	ē	long	n/l	singleton	ay/ō	VVC-V	pronoun/adjective	plausible formative boundary; not independently dated	Tamil ēṉai and Brahui ēlō agree in long initial ē, but disagree nasal versus lateral. The comparison is sparse and cannot independently settle the consonant reconstruction.	low for common root, high for attested order	Both witnesses retain vowel-before-sonorant order; l versus n is not a reversal of vowel and consonant.	If cognate, *ēn-ay > Tamil ēṉai and Brahui ēlō requires a motivated n/l correspondence and suffix/vowel development. Alternative separate etymologies remain possible.	Kamaleswaran explicitly opposed deriving Tamil ēṉai from ēṉ why. No metathesis follows from either etymology. Duplicate Tamil DEDR/supplement records represent one lexical witness.	medium	DEDR919 p.88; DEN13	long-nasal-cognacy-control	Target initial-order comparison; literal exchange, assimilation and syncope distinguished in the derivation and language notes	reviewed	2026-09-09
d944	d944	join, undertake; arise	regional *oṭ-ar / *oṭ-am	Ø	o	short	ṭ	singleton	a	VC-a-C	verb	plausible formative boundary; not independently dated	Kannada oḍar and Telugu oḍamu agree short o before retroflex and a after it, but their final r/m differ.	medium	The two regional witnesses both have o-ḍ-a; Telugu is not the sole order witness.	*oṭ-ar > Kannada oḍar and expanded causatives; proposed related *oṭ-am > Telugu oḍamu. Neither requires relocation.	The r/m formation comparison and broad join/arise semantics are plausible rather than certain. Kannada -ar does not establish Telugu -am as an inherited identical suffix. Sparse regional cognacy/contact needs independent lexical history.	medium	DEDR944 p.90 directly read	regional-formation-control	Target initial-order comparison; literal exchange, assimilation and syncope distinguished in the derivation and language notes	reviewed	2026-09-09
d946	d946	break, burst; crack; defeat	*oṭ-i / *oṭ-ay; long *ōṭ variants	Ø	o/u	short and independently long formations	ṭ	singleton	i/ay	VC-V; long and strong nominal formations	verb/noun	plausible formative boundary; not independently dated	Tamil oṭi/uṭai, Malayalam oṭiyuka/uṭayuka and Kannada oḍi establish short retroflex roots with distinct i/ay formations; long hole/burst forms recur independently in SD I, CD and eastern languages.	high for comparative short and long forms	Numerous vowel-first roots across branches support original V-ṭ. Long Telugu ōḍu is not evidence that a short metathesized stage occurred because the apical remains after the vowel.	Short *oṭ-i/ay yields oḍi/oḍe and related strong derivatives; separately long ōṭ/ōḍ produces ōr/ōh/ōj in eastern languages. Toda vaṛ and Gondi vōṛ have initial glide development, while r/ṛ remains postvocalic. Tamil noṭi has secondary n, not root-apical promotion.	Telugu defeat forms are explicitly questioned against run-away1041; retain them as uncertain cognacy, not extra exceptions. Gondi urung/oruŋ may instead belong with snap662, and the database ruŋ is only that cross-reference, not an attested Gondi displacement in946. Original source separates Kodagu oḍe/oḍa paradigms that the database misassigns Kannada. Kui ohpa length is queried in DEDR; keep short source and proposed ōhpa distinct. No deterministic reconstruction of every long form from the short root has been established.	medium	DEDR946 p.91 directly read; alternative1041/662	mixed-quantity-formation-control	Target initial-order comparison; literal exchange, assimilation and syncope distinguished in the derivation and language notes	reviewed	2026-09-09
d947	d947	lap, groin, waist	*oṭ/uṭ-V; varied extensions	Ø	o/u	short	ṭ	singleton	i/u/a/e	VC-V / VC-VC	noun	plausible formative boundary; not independently dated	Malayalam oṭi/oṭuku, Kannada uḍi/uḍu/uḍa and Kota oṛ establish short vowel-before-retroflex; exact suffix quality varies independently.	high for order; medium for root-vowel quality	The SD I comparison establishes vowel-first order before considering Telugu oḍi.	*oṭ-i > oḍi; Kannada uḍulu/uḍlu displays medial syncope with initial vowel retained. Naikri oḍḍi has strengthening, not displacement.	Malayalam uṭampu anus is queried, and uyge belongs to Kuruba, not Malayalam, in the original. The lap/garment/testicle semantic range needs formation-level caution, but no selected form shows root-apical relocation.	medium	DEDR947 p.91 directly read	core	Target initial-order comparison; literal exchange, assimilation and syncope distinguished in the derivation and language notes	reviewed	2026-09-09
d949	d949	sling; brickbat	regional *oṭ-icil	Ø	o	short	ṭ	singleton	i	VC-i-CVC	noun	Full-form comparison secure; segmentation after oṭ is tentative.	Tamil and Malayalam oṭicil independently establish the full o-ṭ-i sequence matching Telugu oḍisela.	high for full form	Three-language full-form agreement supports retained order; no modern language is privileged.	*oṭicil > oḍisela requires voicing and final-vowel/lateral formation history, not initial metathesis.	A connection to break946 is semantically plausible through brickbat but not demonstrated as productive derivation; mark as a possible family merge only. Contact among southern sling names remains possible; no donor evidence here. Do not claim a proven -icil suffix boundary.	medium	DEDR949 p.91 directly read	core	Target initial-order comparison; literal exchange, assimilation and syncope distinguished in the derivation and language notes	reviewed	2026-09-09
d950	d950	sore, bubo	*oṭ-u/i; regional *oṭ-is/uc-	Ø	o/u	short	ṭ	singleton	u/i/a	VC-V(C)	noun	plausible formative boundary; not independently dated	Tamil oṭu, Malayalam oṭuvu and Kannada oḍise/oḍucu supply full short vowel-first forms with independently variable high suffixes.	high for order	Vowel-first forms across several southern branches establish input order; Telugu vaḍise cannot override them.	*oṭ-is > oḍise; Telugu oḍise-gaḍḍa : vaḍise-gaḍḍa shows initial glide/vowel development (o > va or related prothetic history), with the retroflex still after the first vowel. It is not *oḍ > ḍo.	Exact origin of va is unresolved without dialect/historical evidence; it may parallel rounded-vowel breaking elsewhere but that is not asserted as a dated Telugu rule. Both forms are one compound family, and the lump element gaḍḍa is not an extra root reflex.	medium	DEDR950 p.91 directly read	core	Target initial-order comparison; literal exchange, assimilation and syncope distinguished in the derivation and language notes	reviewed	2026-09-09
d954	d954	shrink, subdue, cease, leave	*oṭ-uŋ / *oṭ-ukk; regional *uṭ-uŋ/uk	Ø	o/u	short	ṭ	singleton	u	VC-u-NC / VC-u-CC	verb/noun	plausible formative boundary; not independently dated	Tamil oṭuŋku/oṭukku, Malayalam oṭuŋŋuka/oṭukkuka, Kannada uḍugu/uḍagu and Kurux oṛᵒgnā establish vowel-first retroflex and nasal/strong formations. High u is independently present, though Kannada also has a.	high for order and u-formative; medium for immediate root-vowel quality	SD I and North Dravidian full forms establish V-ṭ before Telugu/ Kui initial ḍ. This does not establish a unique o versus u at every regional stage.	Possible *uṭ-uŋ > *ḍuuŋ > ḍūŋ with subsequent shortening before ŋk yields Telugu ḍuŋku; *oṭ-uŋ may instead yield short ḍoŋku directly under the different-vowel account. Long dō̃ku preserves another quantity/nasal variant. Kui ḍūmba/ḍūppa requires a labial formative distinct from Telugu velar; high u can support long u+u contraction if the prior regional root was u. No single intermediate is proven across all formations.	Telugu uḍugu/uḍuvu retain the original order in quit/cease meanings; semantic/formative differentiation is real but not yet a deterministic phonological rule. uḍupu may belong to1009, and Kolami ūḍp/ūrp is explicitly queried. Badaga okku may reflect medial assimilation rather than concealed metathesis. A connection to compressed aṭ roots63/80 or oṭṭ960 requires independent vowel and semantic history, not an automatic merge.	medium	DEDR954 p.91 directly read; contrast1009/960	core-vowel-history-variable	Target initial-order comparison; literal exchange, assimilation and syncope distinguished in the derivation and language notes	reviewed	2026-09-09
d958	d958	adhere, join, heap; smear	*oṭṭ- / *oṇṭ-; Central *oṭ-p-	Ø	o	short	ṭ	geminate/nasal cluster independently attested; Central formation uncertain	u/i/zero	VCC-V / VC-p	verb/noun	plausible formative boundary; not independently dated	Tamil oṭṭu/oṇṭu, Malayalam oṭṭuka and Kannada oṭṭu/oḍḍu independently establish strong/geminate or nasal-cluster formations; a singleton dictionary head does not override them.	high for strong SD I formation	Vowel-first forms in SD I, Telugu and CD establish order; the independently strong SD I consonants explain why this is not a plain singleton-apical control.	*oṭṭ > oṭṭu/oḍḍu with strength/voicing variation; Central oṭ-p/ or-p keeps vowel before apical plus labial. Kota oṭ/oc paradigms reflect local consonant developments, not initial displacement.	Smear and adhere meanings could connect separate strong formations; exact common reconstruction needs caution. Telugu fire-placing and total senses are not two roots for frequency counts. Relation to oath959 and place962 is semantically possible through bind/place but not automatic.	medium	DEDR958	strong-cluster-control	Target initial-order comparison; literal exchange, assimilation and syncope distinguished in the derivation and language notes	reviewed	2026-09-09
d959	d959	oath, wager	regional *oṭṭ/oḍḍ; Indo-Aryan *hōḍḍa comparison	Ø	o	short	ṭ	geminate independently supported	u/a	VCC-V	noun/verb	plausible formative boundary; not independently dated	Tamil oṭṭu, Malayalam oṭṭam and Kannada oṭṭu/oḍḍu establish a strong medial stop independently of Telugu. Eastern singletons may reflect simplification or borrowing.	high for strong regional form; inherited distribution uncertain	All selected forms keep vowel before the stop; the source does not require initial-stop metathesis.	*oṭṭ > Telugu oṭṭu oath and oḍḍu wager; Kui oḍa and Kuvi oṭu/ottinai show regional strength variation. Kuvi ōtali has lengthening with vowel first, not a metathesis long-vowel product.	Indo-Aryan hōḍḍa/hoḍḍa and modern hoṛ forms require contact analysis; their initial h is not evidence for a Dravidian word-initial apical. CDIAL explicitly labels Sinhala oṭṭu as Tamil loan, which is not an independent Dravidian vote. Shared origin with adhere958/place962 remains a family sensitivity question.	medium	DEDR959; CDIAL14175	strong-cluster-contact-control	Target initial-order comparison; literal exchange, assimilation and syncope distinguished in the derivation and language notes	reviewed	2026-09-09
d962	d962	place, offer, extend; set net or snare	regional *oḍḍ-; Old Telugu oḍ-uk variant	Ø	o	short	ṭ	geminate with separate singleton extension	u	VCC-V / VC-u-C	verb	plausible formative boundary; not independently dated	Kannada oḍḍu and Tulu oḍḍuni independently support a strong medial retroflex matching Telugu oḍḍu. Old Telugu oḍuku is a distinct weaker extended form, not evidence that modern strength was original in every formation.	high for strong regional form; medium for full cognacy	SD I and Telugu retain initial vowel; Gondi urrānā and Malto aḍye have the same order despite different consonant strength and vowel.	*oḍḍ > oḍḍu and regional simplified oḍ; Old Telugu oḍuku requires derivational or strength-alternation history. No initial displacement is necessary.	Pali oḍḍeti set a net is explicitly compared; contact direction is not established here. Old Telugu inscription label has no date in this record, so it cannot anchor chronology. Do not merge place962 with bank965 or stake959 solely for phonetic identity; retain a documented sensitivity option.	medium	DEDR962; source Pali comparison	strong-formation-contact-control	Target initial-order comparison; literal exchange, assimilation and syncope distinguished in the derivation and language notes	reviewed	2026-09-09
d965	d965	bank, shore, slope	*oṭṭ / *oṇṭ-	Ø	o	short	ṭ	geminate/nasal cluster	u/i	VCC-V	noun	plausible formative boundary; not independently dated	Kannada oḍḍu/oṇḍi and Kurux oṭṭā independently support strong or nasal-cluster input, while Konda/Gondi/Kuvi singletons are daughter outcomes.	high for non-singleton regional input	Cross-branch vowel-first forms and independent consonant strength support retained order, not reconstruction from Telugu alone.	*oṭṭ-V > Telugu/Kannada oḍḍu, with simplification in Gondi/Konda/Kuvi oḍu. Nasal Kannada oṇḍi supplies a formation variant but does not uniquely prove common *oṇṭ.	Regional river terminology could diffuse, and the comparison does not prove every singleton is independently inherited. Badaga slope and numerous place names derive from one base; never count each name. Meaning could connect to a bank built by heaping958, but that semantic history is unproven.	medium	DEDR965	strong-cluster-control	Target initial-order comparison; literal exchange, assimilation and syncope distinguished in the derivation and language notes	reviewed	2026-09-09
d967	d967	clear, pure, beautiful; filter	regional *oṭ-V	Ø	o	short	ṭ	singleton	i/a/unknown	VC-V / VC-p	verb/adjective/noun	plausible formative boundary; not independently dated	Kui oḍa and Kuvi odi/oditi/oḍ independently support short vowel-before-retroflex matching Telugu oḍikamu, but not its exact -ikam suffix.	medium	The eastern full forms establish order independently of Telugu; all remain vowel first.	*oṭ-i/V > odi/oḍa/oḍikamu; Kuvi oṭpi and oṭ show transitive/strong development while retaining vowel first. Light verbs in oṭpi ki are not pieces of a reconstructed root.	Beauty versus purity/recovery is a plausible semantic connection, with contact still possible in this regional set. Kui oṭka is stranded in the gloss and has not been newly normalized as an attestation. The high second vowel of Telugu matches Kuvi odi but the complete nominal derivation remains unestablished.	medium	DEDR967; DEDS(N)112	regional-formation-control	Target initial-order comparison; literal exchange, assimilation and syncope distinguished in the derivation and language notes	reviewed	2026-09-09
d985	d985	slowly, gently; constantly	expressive *oll-/oyy- with adverbial material	Ø	o	short	ll/yy	geminate lateral/glide	a/e	VCC-V(n)	adverb	plausible formative boundary; not independently dated	Kannada ollane/oyyane and Tamil oyy-eṉa establish a strong consonant and adverbial formation independently of Telugu ollana/oyyana.	medium	All witnesses have vowel before lateral/glide; ll versus yy is a segmental alternation, not an order change.	*oll/oyy-an > ollane/ollana/oyyana, with Tamil eṉa quotative/adverbial material potentially separately grammaticalized. Kuvi olle olle is reduplicated.	Expressive origin, quotative material and ll/yy alternation prevent a unique singleton reconstruction. Kuvi constantly versus gently/slowly needs semantic caution and may reflect borrowing; Naikri regional diffusion also remains possible. Repeated olle is one adverbial formation.	medium	DEDR985	expressive-geminate-control	Target initial-order comparison; literal exchange, assimilation and syncope distinguished in the derivation and language notes	reviewed	2026-09-09
d996	d996	sound, cry, weep	*ol-i/u; *ol-k; *ul-amp; long *ōl formations	Ø	o/u	short root and separately long formations	l	singleton	i/u/zero/a	VC-V / VC-k / VC-a-mp; long nouns	verb/noun	plausible formative boundary; not independently dated	Tamil oli/ulampu, Malayalam oli and Kannada uli independently support vowel-before-lateral. Kurux olx and Malto olg give an independently matching northern velar extension for comparison with Brahui hōɣ.	high for northern ol-k comparison	The northern full lateral-plus-velar forms are particularly strong evidence for order and for loss of lateral in Brahui; a Telugu metathesis model is unnecessary.	*ol-k > Kurux olx, Malto olg and, with lateral loss plus initial h/vowel history, Brahui hōɣ. Emeneau1997 pp.441–442 proposes this cluster-loss analysis and compares other lost preconsonantal laterals. Telugu uliyu/ulivu retains order; Tamil ōl/ōlam involves separate quantity formation. No root-lateral promotion is established.	Bray instead proposed imitative hō plus hiatus-bridging ɣ; Emeneau argues the comparative velar extension favors inheritance but leaves imperative/prohibitive ɣ absence unresolved. The source does not supply every intermediate explaining Brahui length and h. Keep that uncertainty visible; neither competing account is initial liquid metathesis. Tamil/Malayalam ulapp versus ulamp is nasal/strength variation. Potential relationship to strong oll expressives985 is not assumed.	medium	DEDR996; Emeneau1997 pp.441–442 §§2.2–3 directly read; https://www.jstor.org/stable/619537	mixed-formation-cluster-loss-control	Brahui cluster-member loss; competing imitative origin, not initial apical metathesis.	reviewed	2026-09-09
d4438	d4438	god, spirit, demon	*pēy / regional *pēn; Kuvi plural pēn-ka	p	ē	long regional root; Pengo short	n/y	nasal in immediate Kuvi input; deeper n/y uncertain	zero/u	CVVC + plural-k(a)	noun	Independently attested singular nasal stem plus consonantal plural suffix; source retained and displaced plurals.	Gondi pēn, Pengo pen and Kui pēnu independently establish a regional nasal stem; Kuvi itself has pēnu and retained plural pēṇka/pēnka. Tamil pēy and other southern y forms make the deeper nasal-versus-glide reconstruction uncertain, without undermining the immediate Kuvi nasal input.	high for immediate Kuvi nasal and length	The singular stem and retained plural supply vowel-before-nasal order inside the same paradigm. pṇēka has no inherited initial cluster in that paradigm.	Kuvi pēn-u + -ka > pēn-ka > pṇē-ka, with the vowel and nasal changing order in the consonantal plural formation and n/ṇ place variation. The explicit pēṇka/pṇēka alternatives are especially useful. Kui pēnu:pēnga and Gondi pēn:-k keep the vowel before the nasal. Tamil pēcci involves a separate strong derivative.	This long-vowel nasal plural process falls outside the older narrow Telugu lexical domain. The data establish a morphological distribution, not a dated innovation or contemporary productivity. The surface plural can alternatively be modeled as stem allomorphy learned after a historical reordering; it is not eight independent etyma. DEDR parser truncates S. pēnka closing punctuation. No Telugu attestation in this entry is not a retained Telugu outcome. Possible pēy/pēn versus Parji vē̃d5530 connections and cult-term diffusion need separate reconstruction.	medium	DEDR4438; PSS83 p.232 n.5; Hume2004 p.225	late-kuvi-long-nasal-plural	Direct paradigm supports long vowel–nasal reordering; stem allomorphy and phonetic implementation not independently dated.	reviewed	2026-09-09
d4885	d4885	fish	*mīn; Kuvi mīn-ka	m	ī	long independently attested; Pengo/Manda short	n	nasal	zero/u	CVVC + plural-k(a)	noun	Attested singular stem plus plural -ka; source/dialect plural alternatives.	Tamil mīṉ, Malayalam/Kannada mīn, Telugu mīnu and the Gondi/Konda/Kui forms independently establish long vowel before nasal. Kuvi singular mīnu and retained S. plural mīnka establish the immediate morphological input without relying on a reconstruction.	high	The full singular and alternative plural mīnka make m-n-ī in mnīka innovative. F. mrīka has secondary rhotic in the displaced cluster, not an independently primary r root.	mīn-u + -ka > mīn-ka > mnī-ka, with dialectal mṇīka and mrīka requiring place/rhotic developments. Isr. singular mṇīnu retains the old postvocalic n as well as cluster ṇ: it is plausibly remodeled from the plural, or has nasal excrescence, rather than a literal one-for-one exchange. Kui mīnu:mīnga and Konda mīn:mīnga retain order.	The singular cluster variant must not count as independent confirmation of a swap because it contains two nasals. Distinguishing analogical backformation from phonetic excrescence needs chronology and paradigms across speakers. Fish4885 and shine/star4876 may be historically related through bright/scaly semantics, but this is not established; merge only in a sensitivity partition. DEDR main parser omits Gadaba/Gondi/Konda and strands Isr. forms in glosses; source-restored observations preserve the complete printed paradigms. Sanskrit mīna is a contact comparison, not a Dravidian language denominator.	medium	DEDR4885 p.436 directly read; PSS83 p.232 n.5; Hume2004 p.225	late-kuvi-long-nasal-plural	Direct long vowel–nasal plural reordering; secondary cluster place change and possible singular analogy.	reviewed	2026-09-09
d4855	d4855	Anogeissus tree	regional *miṇ-iya	m	i	short	ṇ	nasal	i	CVC-i-yV	noun	Full miṇiya independently attested, but lexical suffix segmentation unproven.	Pengo and Manda miṇiya independently give short i before nasal and i after it; Kuvi mṇīya is the displaced comparison. The database *mṇīj head follows the outcome and is not accepted as the earlier order.	high for immediate segment order, medium for common inheritance	Two full regional forms support miṇ-i over an inherited initial mṇ followed by two separate identical epentheses; tree-name borrowing remains an alternative source of the geographical pattern.	Possible *miṇ-iya > *mṇiiya > mṇīya, consistent with same-vowel contraction after nasal reordering. Literal exchange versus first-vowel loss and compensatory length is not uniquely proven by this set.	This is a nasal-input case, unlike eel4737 where independent full forms have l. The sparse regional botanical comparison needs better species/dialect records, and the Kuvi database gloss loses an independent F. full form if any existed: only the printed Pengo/Manda evidence is asserted here. No Telugu attestation is a missing cell, not retention.	medium	DEDR4855; PSS83 p.232 n.5, DEDS785	late-kuvi-short-nasal	Target initial-order comparison; literal exchange, assimilation and syncope distinguished in the derivation and language notes	reviewed	2026-09-09
d4876	d4876	shine, flash, lightning; star	*min / *min-uŋ/ukk; long star *mīn; regional *min-s	m	i/ī	short verbal root and independent long star formation	n	nasal; regional r/ḍ secondary	u/zero/unknown	CVC-C / CVC-u-CC; long noun	verb/noun	Independent short/long lexical formations and Kuvi retained miṇs; exact long verbal grade unresolved.	Tamil miṉ/miṉuŋku, Malayalam minnuka and Kannada minugu establish a nasal root and short/long formation contrast independently. Kuvi miṇs, miṇig and mirsi coexist with mṇih/mṇīh and supply especially close regional input evidence.	high for nasal root; medium for immediate long verb	The full nasal root across southern languages and retained Kuvi miṇs favor pre-vowel nasal promotion for mṇih. Gondi/Konda r/ḍ variants show that the apical may change identity before or after reordering; their existence does not prove all Kuvi nasals are secondary.	Regional miṇ-s > mṇi-s with h~st stem alternation can yield mṇih (mṇist-). The Isr. long mṇīh requires separate length or earlier vowel-coalescence history, not automatically the long star root. Telugu minuku:minku shows medial syncope retaining m-i-n order; miḍũgu versus miṇũgu involves nasal/stop change without metathesis. North bīnko/bínḍke has initial m>b and suffixal/cluster developments, not nasal promotion.	Keep short shine and long star formations separate. The fish reconstruction linked in this entry should not replace shine-root quantity; possible common origin with4885 is sensitivity only. Kuvi mrih has rhotic rather than nasal, and full mirsi could precede it by the ordinary nonnasal process; the exact order of n>r and reordering is not independently dated. mṇispu spelling lightening is the source gloss, not a different weather concept. Tulu broken HTML fragments miṇ&lt/kuni/&gt are not independent lexical forms.	medium	DEDR4876 p.435 directly read; PSS83 p.232 n.5	late-kuvi-nasal-mixed-formation	Short nasal reordering supported; long variant and n/r chronology unresolved.	reviewed	2026-09-09
d4737	d4737	eel, elongated fish	*mal-aŋ; regional fish-name variants	m	a	short	l	singleton	a	CVC-a-NC	noun	plausible formative boundary; not independently dated	Tamil malaŋku and Gondi malanji establish m-a-l-a-N, with Telugu malũgu/maluga and Konda malŋu confirming medial lateral; the immediate comparative input is not nasal.	high for lateral input; medium for exact eastern cognacy	The full lateral stems support an innovation in Kui mrāu/mrānga. Kuvi mṇiya may also descend from that family but does not itself establish a nasal proto-root.	*mal-aŋ > *mlaaŋ > *mrāŋ with lateral-to-rhotic development and later final changes can account for Kui mrāu:mrānga. Kuvi mṇiya would need additional nasal assimilation and vowel/ending changes; these are not independently ordered. Kurux mińj may have lost the lateral in a cluster and changed vowel, rather than metathesizing it.	Do not count this as primary-nasal metathesis because the current cluster contains ṇ. Fish taxonomy and differences between eel, elongated fish and tambū require field/source checking. Tulu malejji has a different ending, and Kuvi i is not predicted by simple a+a contraction; these remain genuine uncertain comparisons. Telugu high u is secondary/variable relative to independently low-a forms, not proof of a unique high-suffix input.	medium	DEDR4737; DED(S,N)3877	core-secondary-nasal-warning	Target initial-order comparison; literal exchange, assimilation and syncope distinguished in the derivation and language notes	reviewed	2026-09-09
d4756	d4756	man, husband, male	regional *maṟ/maẓ-s/c; vowel/grade uncertain	m	a/u	short and long regional grades; immediate input uncertain	r/ẓ	singleton	unknown	CVC-s / CVC-s-V plus gender suffixes	noun	plausible formative boundary; not independently dated	Gondi maṛso/maṛsur/māṛsāl and Malto muṛse/muṛso establish an apical after the vowel; no nasal is required by these full regional forms. The K03 *maẓc-a reconstruction is a proposal, not direct evidence for every suffix vowel.	high for full apical order, low for exact immediate vowels	Gondi and Malto full stems versus Kui/Kuvi mṛeh-/mlēh-like forms support movement or displacement-family reduction of a nonnasal apical. Kuvi mneha/mṇēha is not independent evidence for primary nasal input.	Regional *maṛ/maẓ-s-V > *mṛ/ẓV-s/h is the displacement-family comparison, with s/c>h and apical rhotic/lateral/nasal outcomes requiring separate histories. Low a to e/ē and variable length cannot be derived from one unqualified a+a contraction; a different formative, vowel change or lexical restructuring remains necessary.	Gender endings in mṛehenju/mṛehali must be separated from the shared base, not counted as separate etyma. The sparse regional distribution and competing maṇ-s versus maẓc reconstructions leave deeper cognacy and order of apical assimilation unresolved. Gondi long māṛ- may be a separate grade; it is not proof the immediate displaced input was long. Nasal variants can reflect assimilation to initial m after displacement, but that chronology is a hypothesis.	medium	DEDR4756; K03 reconstruction records	regional-displacement-vocalism-unresolved	Target initial-order comparison; literal exchange, assimilation and syncope distinguished in the derivation and language notes	reviewed	2026-09-09
d931	d931	carry in loads, cart	*ok-; transitive *ok-p-	Ø	o	short	k	nonapical velar	zero	VC-p	verb	Independent root ok plus transitive p, contrasted with past t.	Konda and Pengo ok-, Parji okp:okt and Kui past okt establish velar before labial in the transitive stem independently of the Kui present opka.	high for velar-labial order	The base ok and retained Parji okp directly support k-p as earlier than Kui p-k. This is not an apical input.	*ok-p-a > opka in Kui, while past *ok-t yields okt. Parji preserves okp:okt; Konda okis is a different causative formative. Pengo bare ok supplies a root control, not the same -p formation.	The red *kem head is a database linkage error and is excluded. Gadaba oskap has additional s and cannot independently establish a simple identical stem. Gondi akanā may reflect vowel lowering or different formation/cognacy. The source compares Tamil oy984, but the relationship k:y needs separate reconstruction. This supplies one additional Kui k-p formation, not a Telugu metathesis case.	medium	DEDR931 p.90 directly read	nonapical-kp-domain	Consonant-cluster k-p > p-k, separate from initial apical displacement.	reviewed	2026-09-09
d945	d945	with, together; agree, reconcile	*uṭ-an / *oṭ-an; compound *oṭam#paṭ-	Ø	u/o	short base with long grammatical variants	ṭ	singleton	a	VC-a-n # verb; grammatical suffix variants	postposition/adverb/verb	Independently matching comitative plus paṭ/baḍ compound; n>m before labial.	Tamil uṭaṉ and uṭam-paṭu, Malayalam uṭan/uṭam-peṭuka and Kannada oḍan/oḍam-baḍu independently establish a full comitative base and compound boundary.	high for full compound	The matching full compound in several southern languages supports initial-vowel loss in Tulu dambaḍ-; Telugu also preserves the full compound, but is not the sole order witness.	*oḍam#baḍ- > Tulu oḍam-baḍipuni beside dambaḍipuni by aphaeresis plus retroflex simplification; medial a remains and no output long vowel is required. Telugu oḍam/oḍã-baḍu has nasalization/loss at the boundary without initial apical movement. Grammatical -oṭu/-ōṭu and Toda -vɨṛ require their own clitic/prosodic history.	Tulu initial d is therefore not automatic evidence for the Telugu contraction process. Loss of initial o alone plus ḍ>d accounts for the observed segment sequence; a literal exchange would additionally need vowel fusion/loss and offers no independent advantage here. Badaga ōṭalu hotel with a following postposition gloss is a parser conflation, not a cognate comitative word. Morphological compounds and suffix allomorphs are not independent roots.	medium	DEDR945 p.90 directly read	compound-aphaeresis-comparison	Tulu aphaeresis and stop simplification; no unique evidence for literal vowel-apical exchange.	reviewed	2026-09-09
d1595	d1595	whirl, be giddy, turn a mill	*kiṟ-u/i/a; expressive strong and reduplicated formations	k	i	short	ṟ	singleton and expressive geminate	u/i/a	CVC-V / CVC-C / reduplication	verb/noun/expressive	plausible formative boundary; not independently dated	Tamil kiṟukiṟu/kiṟukku, Kannada giṟi/giṟu/giṟa and Tulu giriyuni independently establish k-i-apical order and several formations.	medium	The comparative full stems agree with retained Brahui kirrefing, not an initial kr- stem.	Intervocalic voicing and ṟ>r vary by language; expressive gemination gives giṟṟ-/girr- without initial displacement. Emeneau analyzes Brahui kirrefing as causative of hypothetical *kirreng, explicitly not an attested simplex.	This is a k-initial retention control for the very small Brahui t/p-heavy sample. Its expressive geminates and several suffix vowels prevent treating every form as one identical singleton formation. Telugu gīra has secondary or separate quantity; Badaga kiri moguḍu funeral object is semantically uncertain. Marathi girakṇẽ is a contact comparison, not an independent inherited Dravidian vote.	medium	DEDR1595; Emeneau1997 p.444 §10	expressive-retention-control	Target initial-order comparison; literal exchange, assimilation and syncope distinguished in the derivation and language notes	reviewed	2026-09-09
d3195	d3195	sift, winnow	*taṟ- / *tāṟ-; proposed Brahui *tar-añc-	t	a	short and long independent grades	ṟ	singleton	i / unknown formative	CVC-V / CVVC / CVC-NC	verb	plausible formative boundary; not independently dated	Tamil short taṟi and long tāṟṟu/tāttu, Tulu sāruni and Telugu tālucu establish full t/s-a-apical order with independent quantity alternants. Newly reported Brahui tāring preserves that order.	high for root order, conditional for exact displaced formative	Brahui tāring and southern full roots favor derivation of dranzing/drãzing within the same sift family; they do not independently attest the exact proposed short *tarañc stem.	Emeneau proposes *tarañc- > *trañc- > dranz-/drāz-, with displacement-family contraction or aphaeresis, initial voicing and nasal/affricate changes. The long retained tāring is a different formation/grade, not necessarily the immediate input to dranz-.	Emeneau 1997 p.445 §12 removes the older query and rejects placement under d3402 *tūr as less economical. The original database drãzing spelling is preserved, not silently changed into drāzing. The -añc vowel is reconstructed, not independently supported by Tamil taṟi, so this does not prove a low-V2 law. Pengo dalŋgi ki has a different cluster/formative. Do not count the two Brahui derivatives as two roots.	medium	DEDR3195; Emeneau1997 p.445 §12; Emeneau1971 pp.192–194 cited by 1997, not directly obtained	brahui-displacement-comparison	Target initial-order comparison; literal exchange, assimilation and syncope distinguished in the derivation and language notes	reviewed	2026-09-09
d3402	d3402	winnow, scatter, sprinkle	*tūr / *tūṯ- strong formation	t	u	long	ṟ/ṯ	singleton and strong apical formation	u	CVVC / CVVC-C	verb/noun	plausible formative boundary; not independently dated	Tamil tūṟṟu, Malayalam tūṟṟuka, Kannada tūṟu and Telugu tūru independently support long ū before the apical.	medium	The full order is shared across southern, Gondi and eastern stems; no initial cluster requires exchange.	Southern apical strong/weak alternants and eastern ṭūṭ have apical/initial stop assimilation or correspondence changes while ū stays between the consonants. Tulu tūpu can reflect medial cluster assimilation/loss. Telugu compound tūru-pettu > tūrpettu shows medial syncope.	Emeneau 1997 explicitly rejects deriving Brahui dranz- here; a cross-reference is not a Brahui attestation. Kolami tūrpet may be a Telugu compound loan but the source does not decide it. Badaga tūravare/purāvare bean names are not secure winnow cognates. The source query comparing Sanskrit śūrpa is not a settled borrowing direction.	medium	DEDR3402; Emeneau1997 p.445 §12	long-vowel-control	Target initial-order comparison; literal exchange, assimilation and syncope distinguished in the derivation and language notes	reviewed	2026-09-09
d4986	d4986	waist, back, loins	*mol / *mul-k	m	o/u	short	l	singleton or preconsonantal lateral	zero / a	CVC / CVC-k	noun	plausible formative boundary; not independently dated	Telugu mola, Konda mola and Gondi molkī establish medial l; Kolami/Naikri mulke and Parji mulka preserve the cluster needed for the Brahui comparison.	medium	Full regional l and lk support loss of cluster-initial l in Brahui mux, without requiring initial ml-.	*mul-k > *muk > mux by lateral loss and velar frication is Emeneau 1997 p.441 §2.2. Regional o/u and Telugu malugu/malumu require vowel/derivational histories independent of metathesis.	Brahui mux is an opaque other development, not a retained-apical negative and not evidence for hidden metathesis. The independently attested lk cluster makes direct lateral loss economical. Duplicate DEDR and 1997 records of mux supply one family-language observation.	medium	DEDR4986; Emeneau1997 p.441 §2.2	cluster-loss-control	Medial l loss before k; no independent evidence of initial metathesis.	reviewed	2026-09-09
d5078	d5078	soft, weak, gentle; knead	*mel; *mel-k; strong *mell-	m	e	short	l	singleton and geminate and l-k cluster	i/u/a / zero	CVC-V / CVC-k / CVCC	adjective/verb/adverb	plausible formative boundary; not independently dated	Tamil mel/meli/melku, Malayalam mel/meliyuka, Kannada mel/melu/melpu and Kota melg:melk independently support e-l and a velar formation.	high for mel-k order; conditional for Kui exact formative	Brahui bēɣ- can be derived directly from medial mel-k; Kui mṛērna has a cluster absent from the full comparanda but its exact formative is uncertain.	Emeneau 1997 p.442 §4 derives *mel-k > *bel-k > bēɣ with front-vowel-conditioned m>b, e>ē and cluster lateral loss. The exact order of lengthening and loss is not proved. Kui *mel-V-r/n > *mlV-r/n > mṛērna is a possible displacement comparison, with suffix and long ē still underdetermined.	The database reconstruction *mēl high/west is a wrong homonymous association, excluded. Strong mell- adverbs are not independent root votes. Brahui ē is not proof of a long proto-root: Emeneau treats it as the reflex of earlier short e under a contact-affected vowel inventory. Gadaba mellaga may be a Telugu loan; source checking is needed.	medium	DEDR5078; Emeneau1997 pp.441–442 §§2.1–4	cluster-loss-control	Target initial-order comparison; literal exchange, assimilation and syncope distinguished in the derivation and language notes	reviewed	2026-09-09
d2883	d2883	flow, pour, drip; blood/drop	*cor/tar? regional *cur/tor with short and long grades; labial drop derivative	c/t	o/u	short and long grades	r	singleton	i/u/a / unknown	CVC-V / CVVC / CVC-m-p	verb/noun	plausible formative boundary; not independently dated	Tamil cori/cura/cōr and tōr, Kannada suri/sōr/tore, Kota corv/toyr and Telugu torūgu/torāgu/toṟãgu establish full vowel-before-r order with several initial and quantity correspondences.	high for full r order; conditional for exact drop stem	Brahui curring retains full order whereas trump/tramp have r before the vowel. PSS83 p.245 treats drop as a stronger metathesis example than simple aphaeresis, because output vowel is not the expected second i.	A pre-Brahui full *tur/tor-V-mp > *tr-V-mp > trump/tramp is a displacement-family comparison. Exact V2, t/c development and a/u outcomes are not jointly established; the modern Telugu long suffix vowels are not automatically the Brahui input. Parji cōrp > cōp illustrates direct medial r loss. Toda tvar has a preceding glide but r remains after a.	The traditional seven-item Brahui sample calls most roots t-initial, but this family has independently attested c/t variants, so a categorical Proto-Dravidian c exclusion is not justified. Telugu jobbillu is opaque assimilation or questionable cognacy, not positive metathesis. Markodi cre blood beside core-like forms is a fresh possible local syncope/displacement comparison, not automatically the old Telugu change. Konda sō- has an alternative d2867 link. A compound torgi stranded in a gloss still needs original-page recovery.	medium	DEDR2883; PSS83 pp.244–245 citing Emeneau1971 pp.192–194	brahui-displacement-comparison	Target initial-order comparison; literal exchange, assimilation and syncope distinguished in the derivation and language notes	reviewed	2026-09-09
d3119	d3119	sprout, flourish	*taẓ-a / *teẓ; derivative with k	t	a/e	short	ẓ	singleton	a/i/unknown	CVC-V-k	verb	plausible formative boundary; not independently dated	Tamil taṛ̆ai and Malayalam taṛ̆a/taṛ̆ekka plus Kannada taṛ̆e establish medial apical order; vowel alternants and strong extensions are independent of Brahui.	high for order, low for exact displaced formative	Full southern stems and Kui dalga favor earlier t-V-apical versus Brahui trikking/trikk. The exact Brahui suffix vowel is not independently recovered.	*taẓ-V-kk > *tẓV-kk > trikk is a plausible displacement-family sequence, with apical merger to r. If V2 was i, simple loss of V1 would also yield trik-; if low a, additional vowel change is needed. The available data do not decide.	PSS83 p.245 includes this among examples compatible with aphaeresis. Do not invent a high-i formative solely to derive the observed i. Brahui trikking is homophonous with d3244 wither but the two comparative roots and meanings remain separate pending evidence for a semantic bridge.	medium	DEDR3119; PSS83 pp.244–245	brahui-displacement-comparison	Target initial-order comparison; literal exchange, assimilation and syncope distinguished in the derivation and language notes	reviewed	2026-09-09
d3158	d3158	dance, jump, leap	*tā-ṇṭ-	t	a	long	ṇṭ	nasal-stop cluster	u	CVV-NP	verb	plausible formative boundary; not independently dated	Tamil tāṇṭu and matching Malayalam/Kannada forms independently support long ā and nasal-stop cluster; Telugu dā̃ṭu and Konda ḍāṭ agree after nasal loss.	medium	No comparative medial r supports deriving Brahui traḍḍing by the ordinary apical-exchange process.	*tāṇṭ > Telugu dā̃ṭu/Konda ḍāṭ can proceed by initial voicing and nasal loss. Brahui traḍḍing requires unexplained r insertion/restructuring, a different reconstruction, borrowing or false cognacy; one-for-one metathesis is not established.	This is an explicit long nasal-cluster comparison, not a positive merely because Br has tr-. The Sanskrit tāṇḍava comparison has unresolved borrowing direction. Independent evidence for an r-bearing pre-Brahui stem would change the diagnosis.	medium	DEDR3158	long-nasal-cluster-control	Brahui r unexplained; ordinary exchange not demonstrated.	reviewed	2026-09-09
d3244	d3244	wrinkle, wither, be dried up	*tir-aŋ/k; *tir-ay	t	i	short	r	singleton	a	CVC-a-NC / CVC-a-kk / CVC-ay	verb/noun	plausible formative boundary; not independently dated	Tamil tiraŋku/tirakku/tirai and Malayalam tira independently establish i-r-a order. Kannada tere, Kodagu tere and Telugu tera agree with full order after vowel developments.	high for i-r-a in southern strong stem; medium for exact Brahui identity	Brahui trikking retains i after r. Simple deletion of first i from independently supported *tirakk would give trakk, making this a stronger vowel-preservation argument than same-vowel cases.	*tir-a-kk > *tri-a-kk > trikk is a possible literal-exchange plus vowel-loss derivation. Assimilation of the two vowels followed by loss of the first also remains possible; the comparison establishes displacement-family history more securely than its phonetic implementation.	PSS83 p.245 identifies wither and drop as stronger metathesis cases. The precise relation of nasal tiraŋku, strong tirakku and nominal tirai must remain morphological. Brahui trikking sprout d3119 is not counted as the same root solely on homophony.	medium	DEDR3244; PSS83 pp.244–245	brahui-displacement-comparison	Target initial-order comparison; literal exchange, assimilation and syncope distinguished in the derivation and language notes	reviewed	2026-09-09
d3358	d3358	pluck, nip off	North Dravidian *tur/tuṛ-(u)-k	t	u	short	r	singleton	u/zero uncertain	CVC-(V)-k	verb	plausible formative boundary; not independently dated	Kurux tuṛᵘxnā and related forms supply a full t-u-r sequence independently of Brahui trukking.	high for order, uncertain for V2 phonemic status	The geographically separated Kurux full stem versus Brahui trukking favors reduction/displacement in Brahui. Superscript u in Kurux transcription must not automatically be treated as a full independent suffix vowel.	*tur-(u)-k > *tru-k > trukk is the comparison. Literal u/r exchange and loss of initial u from a two-u stem cannot be distinguished without establishing the status of the Kurux superscript vowel and the pre-Brahui stem.	PSS83 p.245 lists this among cases compatible with aphaeresis. Only two northern branches attest the reviewed family; no Telugu denominator vote arises from their presence.	medium	DEDR3358; PSS83 pp.244–245	brahui-displacement-comparison	Target initial-order comparison; literal exchange, assimilation and syncope distinguished in the derivation and language notes	reviewed	2026-09-09
d3367	d3367	stuff, crowd, thrust in	*tuṯ/tuṟ-u; strong and velar/labial derivatives	t	u	short	ṯ/ṟ	singleton and strong apical formations	u/a	CVC-V-C / CVCC	verb	plausible formative boundary; not independently dated	Tamil tuṟu/tuṟumu/tuṟumpu and strong tuṟṟu, Malayalam tuṟuka and Kannada tuṟugu/tuṟagu independently establish u before an apical and several following formations.	high for u-apical order; conditional for affricate formation	Full southern and central stems support derivation of Brahui trujjing from a fuller t-u-apical stem; the affricate formative does not have an exact independently matched full stem here.	*tuṯ/ṟ-u-C > *tṯ/ṟu-C > trujj- is a displacement-family hypothesis; same-u aphaeresis remains possible. Telugu tuṟugu/turugu and tuṟumu/turumu retain order. Strong tukku/tuttu and eastern cuc/tuc can arise by medial assimilation and are not automatic evidence for concealed initial metathesis.	PSS83 p.245 includes this among aphaeresis-compatible examples. ṯ versus ṟ and affricate development require independent correspondence reconstruction; assigning a unique apical from the outcome would overstate the data. Strong and weak formations are kept in one root family with mixed input structure.	medium	DEDR3367; PSS83 pp.244–245	brahui-displacement-comparison	Target initial-order comparison; literal exchange, assimilation and syncope distinguished in the derivation and language notes	reviewed	2026-09-09
d4177	d4177	twist, roll into a coil	*pur-i / *pir-i; velar and labial formations	p	u/i	short	r	singleton	i	CVC-i-k / CVC-i-p	verb/noun	plausible formative boundary; not independently dated	Tamil puri/piri, Malayalam puriyuka/piriyuka, Kannada puri and Kodagu piri independently establish a full apical root with high i formative; the root vowel varies independently.	high for full high-vowel stem	Kui priu/prīpa have r before the vowel while Brahui pirɣẖing retains it after i. The latter is the explicit retention exception to the traditional Brahui closed-stem generalization.	Kui *pir/pur-i-p > *pri-i-p > prīp is a possible contraction; priu has separate final morphology. Brahui *pir-k > pirɣ preserves the medial cluster, contrasting with the other t/p-initial Brahui cases. Telugu piri/puri and compounds retain full order.	PSS83 p.245 acknowledges the Brahui exception despite a following consonant. It cannot be excluded from the class simply because it did not change. Root-vowel variation and different velar/labial formations may matter, but no demonstrated deterministic blocker is available. Winfield 1928 p.10 priu:prīnga plural morphology corroborates the Kui family without adding an independent root.	medium	DEDR4177; PSS83 pp.244–245; Winfield1928 p.10	brahui-retention-counterexample	Target initial-order comparison; literal exchange, assimilation and syncope distinguished in the derivation and language notes	reviewed	2026-09-09
d4183	d4183	squeeze, express liquid, milk	*piẓ-i; nasal-stop derivatives *piṇṭ-	p	i	short	ẓ	singleton plus nasal-stop derivatives	i	CVC-i / CVC-NC / CVNC	verb/noun	plausible formative boundary; not independently dated	Tamil piṛ̆i and Malayalam piṛ̆iyuka, Kannada piṛ̆i and Konda piṛs establish singleton piẓ order independently; piṇṭi/piṇḍu oilcake and squeeze formations separately establish nasal-stop derivatives.	high for singleton full order; medium for exact cross-language formations	Kui pṛihpa and Brahui princing have the apical before the vowel, whereas Brahui piṛ̆ẖing/bīṛing and Telugu piḍucu retain the full sequence. Nasal derivatives do not prove a primary nasal input for the displaced cluster.	*piẓ-i-C > *pẓi-C > pri-C is the displacement-family comparison, with same-vowel contraction or aphaeresis underdetermined. Kui vṛīsa/bṛīc add initial voicing/frication and quantity; Kuvi ṛīsk could lose initial labial after a cluster, while vīskinai could lose the apical by another route. Telugu piṇḍu/piṇḍi involve medial assimilation, not initial reversal.	The red database piṇṭ head does not replace the independently supported singleton input of piẓi. Brahui bīṛing milk is a distinct long formation. Emeneau 1997 p.443 §7 prefers d4135 for pisfing; it is not counted here. DEDR frontmatter says 4135/4183 were repartitioned on phonological grounds, so their cognacy assignments are hypotheses to test, not independent confirmation of an exceptionless sound rule. Exact Brahui piṛ̆ẖ transcription still merits original-page checking.	medium	DEDR4183; DEDR frontmatter phonological repartition note; PSS83 pp.244–245; Emeneau1997 p.443 §7	brahui-displacement-comparison	Target initial-order comparison; literal exchange, assimilation and syncope distinguished in the derivation and language notes	reviewed	2026-09-09
d868	d868	say, quotative; literary contracted grammatical forms	regional *an/en/in; proposed deeper *aHn; grammatical *an-an, *an-ā-baḍu etc.	Ø	a/e/i	short regional roots; long northern grade and grammatical contractions	n	nasal with tense-conditioned cluster variants	a/ā/u/zero	VC+infinitive/passive/negative morphology	verb/quotative	Full and reduced infinitive, passive, post-action and negative paradigms explicitly paired in source.	Tamil eṉ, Kannada an/ennu, Tulu anpini/inpini and Telugu anu independently establish vowel before n; Old Telugu envānṟu preserves an e variant. K03 proposed *aHn explains wider vowel alternation but is not needed to establish local segment order.	high for local an+suffix order; medium for phonetic mechanism	Sastri1969 p.72 explicitly aligns full anu derivatives with literary n-initial variants, independently of the modern base alone. Kota in:n also shows initial-vowel absence but need not share the Telugu mechanism.	Telugu *an-an > nān and *an-ā-baḍu > nābaḍu can involve displacement/contraction; negative *an-aka > nāka requires merger/loss of one a. The source also gives anaru:naru with short a, so one unqualified long-output rule does not cover the whole paradigm. Analogical stem extension and phonological reduction compete; passage-by-passage morphology is needed.	These are literary grammatical formations, not evidence that ordinary nasal roots joined the classical nonnasal apical rule. Nasal augmentation in negayu<egayu and nuṇḍi<uṇḍi is a different process. Tamil/central tense alternants n:nt/t/c/s reflect inherited morphology and assimilation, not initial movement. Kota n could be simple aphaeresis. Kurux long ā and the deep laryngeal reconstruction remain separate vowel-history questions. No exact date of the individual literary forms is established by Sastri’s period label.	medium	DEDR868; Sastri1969 p.72 visually checked; K03 comparative reconstruction records	nasal-grammatical-displacement	Literary grammatical nasal displacement/contraction or analogical allomorphy; distinct from the classical nonnasal apical domain.	reviewed	2026-09-09
d4449	d4449	louse, flea	*pēn; Kuvi plural *pēn-ka	p	ē	long independently established; short regional Pengo/Manda	n	nasal	zero/u	CVVC + plural-k(a)	noun	Singular and retained/displaced plurals explicitly supplied with dialect labels.	Tamil pēṉ, Kannada pēn, Kota pe·n, Telugu pēnu and northern pēn forms independently support long ē before n. Kuvi retained pēnu:pēnka and Konda pēni:pēnku supply the plural formation directly.	high	The regional full singular and retained Bisamkatak plural independently establish pēn-ka before the Sunkarametta pṇēka order. This does not assume Telugu uniquely preserves the input.	pēn-u + plural-ka > pēn-ka > pṇē-ka, with the nasal preceding the long vowel and n/ṇ place variation. The displaced and retained plurals have different source/dialect labels; their coexistence in an aggregated language is not evidence of free variation in one speaker. Telugu pēnu:pēlu changes plural n to l without moving either consonant before ē.	The louse and god4438 paradigms are segmentally similar but semantically distinct roots; do not merge them as derivatives. Gondi parki/purki louse belongs to4203, not this family. Pengo/Manda short pen has regional shortening but retains vowel-nasal order. Badaga hēnu:ēnu is initial labial weakening/loss, not nasal displacement. The long louse reconstruction also attached to4395 is a database crosslink error, not independent evidence. New unlinked Kurux/Kannada Kurumba cognate candidates remain in the separate candidate ledger, without adding etyma.	medium	DEDR4449, DED(S)3643; Kujur and Dash2025 p.119 cites Kuvi louse via Steever2019	late-kuvi-long-nasal-plural	Direct paradigm supports long vowel–nasal reordering; phonetic implementation and date remain unknown.	reviewed	2026-09-09
d789	d789	long-bow	regional *eṛ-et/eth or *eṛt with anaptyxis	Ø	e	short initial vowel	ṛ	singleton or cluster input uncertain	e/zero	VCVC / VCC	noun	Archer derivative independent; final u of bow not independently segmented.	Kurux eṛetʰ and Malto eṛtu establish initial vowel before the rhotic, but only one full-vowel comparison supports medial e. Database *eṛt is a northern reconstruction, not a Proto-Dravidian input.	high for initial order; low for medial e versus zero	Both database languages keep initial V-r. The external Kunha iṛtū can arise from a medial-cluster formation without exchanging the initial vowel and rhotic. Kurux full form versus Malto/ Kunha clusters does not by itself decide syncope versus Kurux anaptyxis.	Possible *eṛetʰ > *eṛt > Malto eṛtu, Kunha iṛtū, with initial raising and final vowel formation/length in Kunha. Alternatively inherited *eṛt plus Kurux medial e insertion. Either account preserves the target initial order. The archer derivative eṛtyo adds morphology without an extra metathesis event.	Kujur and Dash2025 p.119 calls the Kurux/Kunha comparison metathesis, but the changed vowel quality and final quantity require additional assumptions; the segment sequence is equally compatible with syncope and final vocalism. No Telugu attestation and no southern cognate establish a shared Telugu event. Northern morphology, older Kurux forms and stress data would distinguish the alternatives.	medium	DEDR789; Kujur and Dash2025 p.119	northern-medial-reduction-comparison	No target initial displacement; medial syncope versus anaptyxis remains unresolved.	reviewed	2026-09-09
d3520	d3520	armpit, side of body, flank	*tok-k / regional *tolokʰ, *tolkʰ	t	o	short	l/k	lateral only in northern forms; deeper k/l uncertain	o/zero	CVCVC / CVCC	noun	No independently established final-vowel morpheme.	Malayalam tokku and Kurux tolᵒkʰ/tolokʰ are the complete attested database comparison. The southern form lacks l, so the immediate northern sequence is more secure than a common reconstructed lateral root.	medium for local northern order; low for wider cognacy	Kurux directly supports t-o-l order, and external Kunha tolkhō preserves that same initial sequence. Moving a medial vowel to a final position is not the initial sonorant displacement found in Telugu.	Regional tolokʰ > *tolkʰ > tolkhō is possible through medial syncope and final vowel morphology/epenthesis; direct o/kʰ exchange plus lengthening is another description. Malayalam tokku could reflect lk assimilation if cognacy is valid, but no independent full southern tolok formation confirms that history.	The dictionary itself queries the reconstructed *Tok root. Do not infer metathesis from a reconstructed l that only the northern branch has. Kunha source pairs an armpit term with Kurux side/flank; semantic continuity is plausible but exact polysemy needs elicitation. Full older forms, suffixal paradigms and additional southern cognates would resolve the alternatives.	medium	DEDR3520, DEDS550; Kujur and Dash2025 p.119	northern-medial-reduction-comparison	Medial reduction/final-vowel alternation; literal exchange not demonstrated.	reviewed	2026-09-09
d1079	d1079	vomit, regurgitate	*kak; possible regional *kaẓ-k beside kak	k	a	short	k / possible ẓ	velar singleton/geminate; alternative apical+velar cluster	zero/u	CVC / possible CVC-C	verb/noun	Intensive -ba independently contrasts with kak; Telugu r history is a separate question.	Tamil kakku, Malayalam kakkuka, Gondi kakk/kokk, Konda kak and the Pengo/Manda kak bases independently support the nonapical root. Kannada kaṛ̆ku (=kaẓku) supplies a real apical-bearing variant beside kakku, so an apical input cannot simply be rejected because the headword is kak.	high for kak family; low for apical antiquity	A regional *kaẓ-k could give Kannada kaẓku and Telugu krakku, but the many nonapical forms do not uniquely establish whether the apical is inherited, secondary or belongs to a different convergent formation.	Two alternatives remain: (1) *kaẓ-k > *kẓak > krakku, with separate k strengthening, while other branches assimilate ẓk to kk; (2) inherited *kak > kakku, with secondary r in Telugu on the literary Cr pattern and a separately remodeled Kannada variant. Pengo kak + intensive-ba > kabga has a distinct velar–labial alternation, independently supported by its simple stem.	Telugu krakku is not counted as a secure classical displacement positive. Kannada kaẓku is the evidence that could favor that analysis, but its age and wider correspondences need checking. Cough/vomit vocabulary also permits expressive expansion. DEDR comparison1477 kāl is not accepted without independent semantic/phonological review. Badaga proper names and repeated God Šiva stories do not add lexical roots. The Kondh intensive and Telugu initial-r problem are separate processes in one family.	medium	DEDR1079; Garrett and Blevins2009 p.538 ex.20b; panel-030	input-uncertain-secondary-r-comparison	Ambiguous earlier apical versus secondary r in Telugu; separate Kondh morphological velar/labial alternation.	reviewed	2026-09-09
d4806	d4806	bamboo, thorny bamboo	regional *māṇ/ṛ-i; Kuvi mṇāhu formation	m	ā	long independently established	ṇ/ṛ	nasal/rhotic singleton; immediate suffixal s cluster inferred	i / unknown	CVVC-i / CVVC-s?	noun	Kuvi singular h versus plural sk; full i-ending noun is a different formation.	Kui māṇi/māṛi and Kuvi Ḍ. māṛi, S. mādi independently support a long vowel before an apical. Their nasal/rhotic/dental correspondences do not determine one uniquely original apical identity.	high for long vowel and full order; medium for segment and formation	The full Kui and Kuvi forms favor m-ā-apical before Isr. mṇāhu. The ṇ could reflect promotion of an older nasal or assimilation of a promoted liquid next to m; these are distinct analyses.	Conditional *māṇ-s > *mṇā-s > mṇāhu (plural mṇāska), with an h/s stem alternation, provides a displaced nasal formation. Alternatively *māṛ-s > *mṛā-s > mṇā-s adds liquid-to-nasal assimilation. The s-formative is inferred from the Kuvi paradigm, not directly matched to full māṛi.	The long input is independently supported, so this is outside the narrow short-vowel Telugu domain. Exact noun formation and nasal chronology remain uncertain. Thorny bamboo versus a generic bamboo bush could reflect lexical specialization or borrowing. The dictionary explicitly removes Kurux mās as a pronunciation of Indo-Aryan bā̃s; it cannot be used as a northern cognate.	medium	DEDR4806; DED(S)3929; Pfeiffer1972 correction cited in source	late-kuvi-long-apical-variable	Long apical displacement-family; nasal before/after reordering unresolved.	reviewed	2026-09-09
d4831	d4831	die, cease, extinguish, erase	*māḷ; short *maḷ-a/u-NK; regional *maṇ-k	m	ā/a	independent long root and short derivatives	ḷ/ṇ	lateral/nasal; short consonantal formations	a/u/zero	CVVC / CVC-V-NK / CVC-C	verb	Short/long grade and transitive/intransitive formations independently distinguishable, exact nasal chronology unknown.	Tamil māḷ and Kannada māḷ independently establish a long lateral root. Tamil maṭku, Telugu malugu/malãgu/manũgu and Kuvi maṇk support shorter and nasal formations independently; the short grade is not invented from the displaced outcome.	high for full order; medium for grades; low for e outcome	Southern m-V-lateral forms and retained Kuvi maṇk favor m-V-apical before mṇeŋg/mṇek. Nasal identity has independent regional support but cannot simply replace the deeper lateral.	Short *maḷ-k > *maṇ-k > *mṇak, or *maḷ-k > *mḷak > *mṇak, are alternatives preceding Kuvi mṇek; the a>e quality remains unexplained. The intransitive nasal-velar mṇeŋg contrasts with stronger mṇek. F. mṛakʰali has r and a and may preserve a different assimilation/quality history. Telugu retains mal/man order through its short and long formations.	Kuvi e is a genuine residual, not a reason to reconstruct unsupported *meṇ. DEDR assigns these forms to the same family; the exact short-grade derivation, semantics and source differences need a fuller paradigm. Badaga buru māle naked has insufficient semantic evidence and is not counted as a cognate. Nasal/stop alternation in Tamil māḷ:māṇṭ is a morphological control, not initial metathesis.	medium	DEDR4831, DED3958; source labels in panel-030	late-kuvi-mixed-quantity-secondary-nasal	Displacement-family supported, with unresolved a/e quality and secondary nasal chronology.	reviewed	2026-09-09
d5124	d5124	ladle, draw water by dipping	*moḷ-k / *muḷ-k	m	o/u	short	ḷ	lateral plus velar formative	zero	CVC-C	verb	Velar extension independently supported by Malto; exact vowel quality varies.	Tamil moḷ and Malto mulɣe independently establish vowel-before-lateral order across southern and northern branches. Malto also supports a velar extension independently of the eastern clusters.	high for earlier order; medium for root vowel and common inheritance	The two separated full comparisons favor *mVḷ-k before eastern ml/mr/mṇ forms. A deeper nasal root is not independently supported by these witnesses.	*mo/uḷ-k > *mḷo/uk > Kui mluk, Pengo/Manda mṛuk; Kuvi mṇok adds lateral-to-nasal assimilation before or after cluster formation. Kuvi mrokʰ-nai retains a rhotic alternative. Root o/u and the gloss merge in Schulze need separate scrutiny.	This case cannot be counted as independent evidence that inherited nasals entered the original Telugu rule: the comparative input is lateral. Whether Kuvi assimilated a liquid after promotion or had a preexisting nasal allomorph is unresolved. DEDR3790 noḷ is an explicitly suggested comparison; initial m/n variation and semantics require review before merging families.	medium	DEDR5124, DED(S)4209; comparison3790 not merged	core-cluster-secondary-nasal	Consonantal apical displacement-family plus secondary nasal assimilation in Kuvi.	reviewed	2026-09-09
d5146	d5146	steal, deceive; mouse as thief	regional *mṛā / *mṇā; precluster input unknown	m	unknown	unknown before observed long cluster	r/n input order unknown	precluster structure unknown	unknown	attested CCVV; older structure unknown	verb/noun	Agent/animal compound independently distinguishable; earlier root boundaries unknown.	Kui mṛāpa, Pengo mṛā and Kuvi mṇā all already contain initial clusters. No full vowel-between-consonants cognate in this group independently establishes the earlier sequence.	low for precluster input	r/ṇ variation is observable, but the direction of earlier metathesis cannot be reconstructed from cluster forms alone. A database *mṇā reconstruction restates one daughter outcome.	Possible older *mVr-a > *mrā followed by rhotic/nasal variation is only a schematic hypothesis. Alternatively the cluster may be inherited at the immediate common stage. Pengo mṛā-kʰa thief and mouse compounds suggest agentive morphology followed by a rodent noun, not extra root changes.	Leave the earlier input and presence of historical reordering unresolved. Needed: an independently cognate full root, regular r/n correspondences and the semantics of the mouse compound. Do not infer borrowing simply to avoid the missing input, or use the already clustered proto-head as evidence of a Telugu-like change.	low	DEDR5146; DEDS820	unreconstructible-input-cluster-comparison	Cluster distribution and rhotic/nasal variation only; metathesis not established.	reviewed	2026-09-09
d1123	d1123	calf, young cattle	*kaṭ-a-c / *kiṭ-a-v; regional apical+l formation	k	a/i	short	ṭ	singleton	a	CVC-a-C	noun	Exact formative correspondence discussed in derivation; not inferred from output.	Tamil kaṭavu/kaṭāri, Kannada kaḍasu and Kurux kaḍrū independently establish medial retroflex and full order; they do not establish one common ending for every cattle term.	Comparative order and exact formation confidence distinguished in support and exception notes	Full southern and northern forms favor k-V-apical before Konda gṛālu and Kui grāḍu. Kota kēv has only a conjectured earlier cluster in DEDR.	Conditional *kaṭ-al > *kṛāl > gṛālu and Kui grāḍu adds regional stop/rhotic and final-lateral changes; Kuvi ḍālu can follow C1 loss from a cluster. Telugu krēpu has unexplained ē/p under this comparison and alternatively belongs to1594.	Keep Telugu krēpu ambiguous in both entries, never two positive votes. Kui gāṛo retains postvocalic apical while ḍrāḍu alters C1; livestock age/sex labels and possible diffusion need separate lexical history. IA cattle comparanda are contact evidence, not extra Dravidian votes.	medium	DEDR 1123; current comparative cluster panel; DEDR alternative1594; no merged root asserted	mixed-vowel-regional-apical	Target initial-order comparison; literal exchange, assimilation and syncope distinguished in the derivation and language notes	reviewed	2026-09-09
d1181	d1181	quickly, rapidly	regional *kaṇṇa; earlier r unknown	k	a	short	ṇṇ	geminate	a	CVNNV	adverb	Exact formative correspondence discussed in derivation; not inferred from output.	Tamil kaṇṇa supplies a geminate nasal, with no rhotic. Telugu kranna has an extra r rather than a clear one-for-one nasal reversal.	Comparative order and exact formation confidence distinguished in support and exception notes	No comparison establishes a pre-Telugu kar/kaṟ input; Tamil is a possible cognate, not a warrant to delete r from its history.	Possible expressive kaṇṇa > kanna followed by secondary r yields kranna; alternatively a distinct rhotic root or false cognacy. kraccuṟa has additional affricate/rhotic material and cannot be generated by the same simple exchange.	Sparse adverbial comparison; literary expressive or analogical expansion is plausible but unproved. Need dated kanna/kranna variants or a fuller independently cognate r-bearing formation.	medium	DEDR 1181; current comparative cluster panel	secondary-r-input-unresolved	Target initial-order comparison; literal exchange, assimilation and syncope distinguished in the derivation and language notes	reviewed	2026-09-09
d1235	d1235	bramble, thorn hedge	regional *kamp / *komp	k	a/o	short	mp	nasal-labial cluster	a/e	CVNC-V	noun	Exact formative correspondence discussed in derivation; not inferred from output.	Kannada kompe, Konda/Gadaba kampa and Telugu kampa establish nasal-labial input independently; no medial rhotic.	Comparative order and exact formation confidence distinguished in support and exception notes	Telugu krampa contains added r relative to the shared kamp comparison. The full compound kara/karra kampa supplies another possible source of r by restructuring.	Possible kamp > kampa > krampa by secondary r; alternatively kara#kampa contraction/blending could create a new cluster, but no intermediate is attested. Naikri kappa has nasal assimilation/loss without r.	Do not invent *karamp solely from krampa. The compound alternative is evidence-grounded but requires dated or dialectal continuity; regional plant/hedge vocabulary may also diffuse.	medium	DEDR 1235; current comparative cluster panel	secondary-r-compound-comparison	Target initial-order comparison; literal exchange, assimilation and syncope distinguished in the derivation and language notes	reviewed	2026-09-09
d1278	d1278	black, scorch, burn	*kar-u; long *kār and consonantal/nasal derivatives	k	a	short and independent long grades	r	singleton	u/zero/unknown	CVC-V / CVC-NC / CVVC	verb/adjective	Exact formative correspondence discussed in derivation; not inferred from output.	Tamil karu/karuku, Kannada karaku/karñ-type formations and Gondi kar support short kar independently, beside widespread long kār. Exact Telugu -aŋ formation is not supplied by bare karu.	Comparative order and exact formation confidence distinguished in support and exception notes	Full kar order across branches favors displacement in Telugu krā̃gu and Kui krumu/grīpa; their vowel differences require distinct formation histories.	Conditional *kar-aŋ > *krāŋ > krā̃gu; kaggu/kaŋgu may follow lost r or direct medial assimilation. Kui *kar-um > krum could preserve the formative u by syncope/assimilation, whereas grīpa needs high-vowel formation or other quality change.	Long kāru is a separate retained formation, not proof every member had long input. Kui ī and Telugu inferred a remain unresolved. Kannada/Toda dark and charcoal derivatives contain internal assimilation/glide changes, not initial promotion. Personal/place names are not independent etyma.	medium	DEDR 1278; current comparative cluster panel	core	Target initial-order comparison; literal exchange, assimilation and syncope distinguished in the derivation and language notes	reviewed	2026-09-09
d1287	d1287	strong, abundant, excessive	*kar-u; Telugu consonantal/nasal derivative	k	a	short	r	singleton	u/zero/unknown	CVC-V / CVC-ND	adjective/verb	Exact formative correspondence discussed in derivation; not inferred from output.	Tamil karumai, Malayalam karu/karuttu and Kannada karu establish full kar order. Telugu karamu independently retains it.	Comparative order and exact formation confidence distinguished in support and exception notes	Telugu krandu-konu promotes r before a relative to the full comparison; the exact nd derivative needs its own reconstruction.	Conditional *kar-nd > *kra-nd > krandu-konu fits short consonantal displacement; *kar-a-nd followed by contraction/shortening is an alternative without independent exact suffix evidence.	Abundance and spreading senses can overlap neighboring kar families but do not establish merger. The light verb konu is not part of the original kar root. Kota numbness and Toda bush compounds have weak semantic alignment and are not counted as direct controls.	medium	DEDR 1287; current comparative cluster panel	core-formation-uncertain	Target initial-order comparison; literal exchange, assimilation and syncope distinguished in the derivation and language notes	reviewed	2026-09-09
d1291	d1291	sound, call, ring	*kar-ay; *kar-NK and labial formations	k	a	short	r	singleton	a/zero/unknown	CVC-ay / CVC-NC	verb/noun	Exact formative correspondence discussed in derivation; not inferred from output.	Tamil karai, Malayalam karayuka and Kannada kare independently support kar-a; Gondi karŋg supports consonantal/nasal formation without a full medial vowel.	Comparative order and exact formation confidence distinguished in support and exception notes	Southern, Gondi and northern full roots favor k-a-r before Telugu krand/kraŋ and Kui krāv.	Consonantal *kar-ŋg > *kra-ŋg fits Telugu kraŋgu; krandu has a distinct dental nasal extension. Conditional *kar-av > krāv gives Kui bell tongue, but its exact suffix is not independently matched.	Do not count the bell noun and cry verb independently. Telugu short versus Kui long follows different formations; the contrast does not prove contraction followed by shortening in Telugu. Tulu gaggelyuni/Kota gagc can be expressive/internal assimilation, not concealed metathesis without evidence.	medium	DEDR 1291; current comparative cluster panel	core	Target initial-order comparison; literal exchange, assimilation and syncope distinguished in the derivation and language notes	reviewed	2026-09-09
d1292	d1292	melt, dissolve	*kar-a-NK; *kar-k; high-vowel derivatives	k	a	short	r	singleton	a/zero/i	CVC-a-NC / CVC-C	verb	Exact formative correspondence discussed in derivation; not inferred from output.	Kannada karaŋgu/karagu/kargu, Tamil karai and Telugu karãgu/karãcu independently provide full low and consonantal formations.	Comparative order and exact formation confidence distinguished in support and exception notes	Cross-language full order plus within-Telugu retained forms favors innovation of krā̃gu/krā̃cu.	*kar-aŋg > *kra-aŋg > *krāŋg > krā̃gu and stronger transitive *kar-aŋkk > krā̃cu are plausible; exact transitive consonant and palatalization chronology must be separately reconstructed. Kuvi karangali retains the full low formation.	A valuable low-formative positive with retained close controls: low a is not sufficient for obligatory application. Nasalized written forms do not by themselves date nasal loss. Neighboring Kannada/Telugu cognacy can involve old diffusion, but no source here establishes borrowing.	medium	DEDR 1292; current comparative cluster panel	core	Target initial-order comparison; literal exchange, assimilation and syncope distinguished in the derivation and language notes	reviewed	2026-09-09
d1347	d1347	bonduc nut, molucca bean	*kaẓ-aṟ/ñc; distinct from tuber *kiẓ-aŋk	k	a	short	ẓ	singleton	a	CVC-a-NC / CVC-a-CC	noun	Exact formative correspondence discussed in derivation; not inferred from output.	Malayalam kaẓañci/kaẓacci and the composite Tamil kaẓaŋku/kaẓal/kaẓaṟci row supply full apical order; Tulu kaḷeñji supplies a lateral variant. The tuber headword is a semantic mislink.	Comparative order and exact formation confidence distinguished in support and exception notes	Southern full ka-apical favors displacement in Telugu gracca, while gacca can follow r loss or direct medial assimilation.	Conditional *kaẓ-a-cc > *kẓācc > gracca requires shortening/strengthening; an earlier consonantal *kaẓ-cc > *kẓacc gives short a directly. The exact suffix and botanical transmission are not settled.	Do not import the kiẓ tuber reconstruction to explain this bonduc name. Kannada gajiga/gajjuga can be medial loss/palatalization without initial exchange; Tulu gajigɛ may be contact. Composite malformed Tamil row preserved as source evidence, not several independent records.	medium	DEDR 1347; current comparative cluster panel	botanical-formation-uncertain	Target initial-order comparison; literal exchange, assimilation and syncope distinguished in the derivation and language notes	reviewed	2026-09-09
d1349	d1349	loosen, slip off; move, shake	*kaẓ-al; *kaẓ-i; nasal-velar derivatives	k	a	short	ẓ	singleton	a/i	CVC-a-l / CVC-i / CVC-NK	verb	Exact formative correspondence discussed in derivation; not inferred from output.	Tamil/Malayalam/Kannada kaẓal and shorter kaẓi independently establish two apicals in the low-al formation.	Comparative order and exact formation confidence distinguished in support and exception notes	Full kaẓ-al in several languages favors kẓā-l before Telugu krālu; final l is preserved rather than copied.	*kaẓ-al > *kẓā-l > krālu. Gondi kaṛŋg retains initial order; Kui kṛeŋga/Pengo kṛaŋg are nasal-velar displaced formations with separate a/e development. Kui kṛepka additionally reverses stem-final k and suffix p.	Strongly supported segment order, but the Kui vowel cannot be read from the Telugu lateral suffix. The Sanskrit translation compound krālugaṇṭi uses the inherited verb; it does not make the root Sanskrit. Kota/Toda shortened strong forms allow medial assimilation without initial reordering.	medium	DEDR 1349; current comparative cluster panel	core	Target initial-order comparison; literal exchange, assimilation and syncope distinguished in the derivation and language notes	reviewed	2026-09-09
d1359	d1359	backwater, salt marsh; canal	*kaẓ-i; Telugu *kaẓ-y?	k	a	short	ẓ	singleton	i/zero	CVC-i / CVC-y	noun	Exact formative correspondence discussed in derivation; not inferred from output.	Tamil and Malayalam kaẓi independently establish full apical order; Telugu canal kayya/krayya is semantically narrower.	Comparative order and exact formation confidence distinguished in support and exception notes	If canal is cognate with backwater, krayya promotes an older apical; final yy needs an extension or changed strong stem.	Possible *kaẓ-y > *kẓa-y > krayya with strengthening; *kaẓ-iya with high-vowel loss is another route. kayya can follow r loss or direct ẓ/y assimilation.	Sparse comparison and exact y formation limit confidence. Brahui kallar is explicitly associated with Balochi/Sindhi/Jatki by Bray and cannot independently reconstruct this Telugu formation. A fuller canal derivative would decide the proposed consonantal input.	medium	DEDR 1359; current comparative cluster panel	core-formation-uncertain	Target initial-order comparison; literal exchange, assimilation and syncope distinguished in the derivation and language notes	reviewed	2026-09-09
d1368	d1368	full, spread, overflow	*kaẓ-um; consonantal *kaẓ-m/cc	k	a	short	ẓ	singleton	u/zero	CVC-u-m / CVC-C	verb	Exact formative correspondence discussed in derivation; not inferred from output.	Tamil kaẓumu gives full apical and labial formation; Kui garja keeps a postvocalic rhotic but has a different palatal extension.	Comparative order and exact formation confidence distinguished in support and exception notes	Tamil full order and Kui medial apical make Telugu krammu/kraccu plausibly innovative.	*kaẓ-m > *kẓam > krammu gives short vowel plus doubled labial; kraccu requires a different palatal formative. Syncope from *kaẓ-um before displacement is possible; final u is not automatically a contracting suffix.	The Tamil form supports the labial relationship but not exact geminate antiquity. Sparse distribution permits old contact, while no source establishes it. Kui garja is retained relative to the initial-order target despite separate affricate development.	medium	DEDR 1368; current comparative cluster panel	core-formation-uncertain	Target initial-order comparison; literal exchange, assimilation and syncope distinguished in the derivation and language notes	reviewed	2026-09-09
d1477	d1477	vomit, spit, hawk	*kār/ṟ/l; short Tulu *kar-āy derivative	k	ā/a	long root with independent short expanded Tulu formations	r/ṟ/l	singleton	zero/a/y	CVVC / CVC-a-y	verb/noun	Exact formative correspondence discussed in derivation; not inferred from output.	Tamil kāl/kāṟu, Kannada kāṟ and Kota/Kodagu long roots independently establish long quantity; Tulu karāya/karavɛ provide short-root expanded forms.	Comparative order and exact formation confidence distinguished in support and exception notes	The full apical comparisons favor earlier k-V-apical before Telugu krāyu/grāyu, but do not establish one short contraction input.	Possible *kar-āy > *krāy produces Telugu with aphaeresis/reassociation and suffixal long ā; alternatively *kār-y > krāy is long-vowel displacement. gāyu can then lose r, while initial k/g variation is separate.	A real quantity/formation residual outside a uniform short-root law. Tamil l/ṟ and nasal variants need comparative correspondence; neither is chosen merely to fit r. DEDR1079 kakku is an explicit comparison but not merged without a defensible apical/expressive history.	medium	DEDR 1477; current comparative cluster panel	quantity-and-formation-residual	Target initial-order comparison; literal exchange, assimilation and syncope distinguished in the derivation and language notes	reviewed	2026-09-09
d1507	d1507	Indian beech, Pongamia	regional *kar-aŋ; tree compound *kar-aŋ#mar-an	k	a	short	r	singleton	a	CVC-a-NK	noun	Exact formative correspondence discussed in derivation; not inferred from output.	Konda kaṛaŋ maran:kṛāŋ mrānu supplies a directly matching full versus clustered compound; Tulu korŋgi/korŋgu supplies retained r.	Comparative order and exact formation confidence distinguished in support and exception notes	Both members of the Konda compound have independent full forms, establishing their order without privileging Telugu.	*kar-aŋ > *krāŋ, with Telugu krānugu reflecting a further vowel/velar shape; later r loss gives kānugu/kānuga/kāngu. Tree maran>mrānu is d4711 and must not count as a second Pongamia-root event.	Botanical names can diffuse. Kannada kānagu has a different species identification (Dalbergia), so its semantic identity is uncertain. Exact Telugu medial -nu-gu versus Konda -ŋ needs nominal history; it is not supplied by a bare contraction.	medium	DEDR 1507; current comparative cluster panel; Separate tree-root d4711	regional-botanical-input	Target initial-order comparison; literal exchange, assimilation and syncope distinguished in the derivation and language notes	reviewed	2026-09-09
d1509	d1509	crowd, be dense	regional *kikkiṟ-i / *kikkaṟ-i	k	i	short	kk	geminate	i/a	CVCCVCV	verb/noun	Exact formative correspondence discussed in derivation; not inferred from output.	Kannada kikkiṟi/kikkaṟisu and Telugu kikkiṟiyu independently agree on initial geminate k and later rhotic.	Comparative order and exact formation confidence distinguished in support and exception notes	Telugu krikkiṟiyu has an additional initial r while retaining the later ṟ; literal movement of that sole rhotic is insufficient.	Possible kikkiṟiyu > krikkiṟiyu by secondary r or consonant-copying analogy; alternatively a reduplicative formation could have lost r in the full-looking forms. No independent older two-r form is established.	The compound kīkāraṇyamu contains Sanskrit araṇya and cannot reconstruct the simplex. DEDR compares1980 ceṟi and questions Sanskrit kiṣkindha; neither establishes a unique direction. Need dated variants or independent reduplicative morphology.	medium	DEDR 1509; current comparative cluster panel	secondary-r-or-reduplication	Target initial-order comparison; literal exchange, assimilation and syncope distinguished in the derivation and language notes	reviewed	2026-09-09
d1580	d1580	curd, thick buttermilk	*ka/iẓ-al/ān	k	a/i	short	ẓ	singleton	a	CVC-a-l/n	noun	Exact formative correspondence discussed in derivation; not inferred from output.	Kannada kaẓal and Tamil kiẓāaṉ independently supply a medial approximant and a following low vowel, with distinct final l/n.	Comparative order and exact formation confidence distinguished in support and exception notes	The full cross-language forms favor earlier k-V-ẓ before Telugu krānu; kānu can subsequently lose r.	Conditional *kaẓ-an > *kẓān > krānu > kānu preserves final n. Tamil ki and long ā plus Kannada final l show that this exact immediate form is reconstructed, not simply copied from one modern cognate.	Dairy vocabulary is geographically narrow and may diffuse. Vowel alternation and final n/l morphology remain unresolved; do not treat each differing ending as an independently confirmed contraction input.	medium	DEDR 1580; current comparative cluster panel	regional-formation-uncertain	Target initial-order comparison; literal exchange, assimilation and syncope distinguished in the derivation and language notes	reviewed	2026-09-09
d1594	d1594	small, young, grow lean	*kiṯ/ṟ-u/i/a; strong small compounds separate	k	i	short	ṟ	singleton	i/u/a	CVC-V; strong compounds	adjective/verb	Exact formative correspondence discussed in derivation; not inferred from output.	Kannada kiṟi/kiṟa/kiṟu and Tulu kiri/kiru independently establish the velar and short vowel; Tamil ciṟu reflects palatalization rather than an originally universal c.	Comparative order and exact formation confidence distinguished in support and exception notes	The full southern root supports earlier ki-apical order before Telugu kriyyu. Telugu ciṟu retains full order and palatalizes; kriyyu can block that context after reordering.	Conditional *kiṟ-y > *kṟiy > kriyyu, with strengthening of the formative, or high-vowel syncope before movement. krēpu calf has a separate low/long formation or belongs to1123, so it is not a secure positive here.	The database mouse compound *kiṯṯ-eli is not an ancestor of all small/young derivatives. Palatalization chronology is plausible but initial k preservation alone is insufficient because borrowing or expressive formations can also preserve k. Strong ṟṟ/tt variants are distinct formations.	medium	DEDR 1594; current comparative cluster panel	core-formation-uncertain	Target initial-order comparison; literal exchange, assimilation and syncope distinguished in the derivation and language notes	reviewed	2026-09-09
d1680	d1680	eyeball, egg, round object	*kuṭ/guḍ; regional *gurḍ?	k/g	u	short	ṭ/ḍ	stop geminate or rhotic-stop cluster uncertain	u/zero	CVC / CVCC	noun	Exact formative correspondence discussed in derivation; not inferred from output.	Kannada guḍḍu and Tulu kuḍu establish a nonrhotic round-object stem. Konda gurḍu/gurzu supplies a real r-bearing comparison, unlike its explicitly Telugu-borrowed guḍu.	Comparative order and exact formation confidence distinguished in support and exception notes	The extra r in Telugu gruḍḍu may correspond to Konda gurḍ, but the wider comparison does not uniquely establish its antiquity.	Possible *gur-ḍ > gruḍḍu with strengthening; alternatively guḍḍu acquires literary r or interacts with blind1787, and Konda rhotic variants require their own source history. guḍḍu is not automatically evidence of later r loss.	Blind1787 has independent kuruḍu; egg does not share that reconstruction merely through homophony. Konda/Kuvi loan labels apply to guḍu, not automatically all rhotic variants. Earlier attestations of egg gruḍḍu/gurḍu would distinguish the alternatives.	medium	DEDR 1680; current comparative cluster panel	input-uncertain-secondary-r-comparison	Target initial-order comparison; literal exchange, assimilation and syncope distinguished in the derivation and language notes	reviewed	2026-09-09
d1767	d1767	bend, droop, sink low	*kur-aŋk; *kur-k; long grade *kūr	k	u	short and independent long grades	r	singleton	a/zero	CVC-a-NK / CVC-C	verb	Exact formative correspondence discussed in derivation; not inferred from output.	Tamil kuraŋku and Kannada kurgu independently supply r and full/cluster formations; Kota koṛng also retains the medial apical.	Comparative order and exact formation confidence distinguished in support and exception notes	Full cross-branch order favors Telugu kruŋgu and Kui krōŋga as displaced-family outcomes; Tamil kūr is a separate long grade.	Consonantal *kur-ŋg > kruŋgu; low-vowel *kur-aŋg > *kor-aŋg > krōŋga could yield Kui. Telugu kuŋgu could lose initial-cluster r or assimilate internally, as Kannada kuŋgu/kuggu does.	Do not impose one identical suffix vowel on both languages. Manda grūc adds long ū/palatal formation not explained by that o-a derivation. Alternative related sink1826 supplies only clusters and is tested in family-merge sensitivity.	medium	DEDR 1767; current comparative cluster panel	core	Target initial-order comparison; literal exchange, assimilation and syncope distinguished in the derivation and language notes	reviewed	2026-09-09
d1769	d1769	monkey	*kur-aŋk; regional *kor-a-nt?	k	u/o	short	r	singleton	a	CVC-a-NK / CVC-a-NT	noun	Exact formative correspondence discussed in derivation; not inferred from output.	Tamil kuraŋku, Malayalam kuraŋŋu, Kannada koraŋgi and Tulu kuraŋga independently establish a low-a nasal-velar noun.	Comparative order and exact formation confidence distinguished in support and exception notes	The full r-bearing monkey name favors earlier k-V-r before Telugu krō̃ti; exact dental versus velar suffix correspondence remains a separate question.	Conditional *kor-ant > *krōnt > krō̃ti > kō̃ti; this is not direct transformation of Tamil kuraŋku into Telugu. A velar-to-dental suffix history or distinct formative must be justified.	Tamil kōnti is explicitly Telugu borrowing. Kannada/Tulu kōti and central kōti may also diffuse, but absent explicit source evidence remain uncertain transmission cases, not automatic independent metatheses. Species and monkey-name replacement need preservation.	medium	DEDR 1769; current comparative cluster panel	core-formation-and-contact-uncertain	Target initial-order comparison; literal exchange, assimilation and syncope distinguished in the derivation and language notes	reviewed	2026-09-09
d1774	d1774	voice, throat; sing, recite	*kur-al; verb *kor-al-c	k	u/o	short	r	singleton	a	CVC-a-l-C	noun/verb	Exact formative correspondence discussed in derivation; not inferred from output.	Tamil/Malayalam kural and Kannada koral/koralcu independently establish both r and later l, including a close verbal extension.	Comparative order and exact formation confidence distinguished in support and exception notes	Full southern forms favor kor-al-c before Telugu krōlcu; the final l does not result from duplication.	*kur-al > *kor-al; *kor-al-c > *krōl-c > krōlcu, with krōlucu showing an additional medial vowel. Kannada korḷu is syncope without initial displacement, koḷḷu can assimilate r internally.	The exact order of verbal formation and contraction is reconstructed; krōlucu need not be the historically earlier surface variant. This is a better matched low-a formation than root-only comparisons.	medium	DEDR 1774; current comparative cluster panel	core	Target initial-order comparison; literal exchange, assimilation and syncope distinguished in the derivation and language notes	reviewed	2026-09-09
d1778	d1778	shrivel, grow lean	*kur/kor-V; nasal/dental/velar derivatives	k	u/o	short	r	singleton	a/u/unknown	CVC-V-C	verb	Exact formative correspondence discussed in derivation; not inferred from output.	Kannada koragu and Tulu kuruṇṭu/kuraṇṭuni independently support full r order, but not Telugu y suffix.	Comparative order and exact formation confidence distinguished in support and exception notes	Full southern stems favor Kui krusu as innovative; Telugu kruyyu also fits a displaced r-root but alternatively belongs to1851.	Possible *kur-s > krusu with a consonantal extension; *kur-y > kruyyu would require an independently justified y formation. Kannada/Tulu full derivatives have different endings.	Telugu kruyyu is ambiguous in both competing etymologies and contributes no secure D vote. Gondi kurumne has full r but expressive/adverbial morphology. IA kurumāṇa faded is a contact comparison, not evidence deciding direction.	medium	DEDR 1778; current comparative cluster panel	alternative-cognacy-control	Target initial-order comparison; literal exchange, assimilation and syncope distinguished in the derivation and language notes	reviewed	2026-09-09
d1802	d1802	embrace tightly, seize	regional *guh?; Telugu earlier r unknown	g	u	short	h	singleton	unknown	CVC / complex predicate	verb	Exact formative correspondence discussed in derivation; not inferred from output.	Gondi guhtānā supplies no medial apical; Telugu grucci occurs only in a complex predicate in this set.	Comparative order and exact formation confidence distinguished in support and exception notes	No independently supported pre-Telugu gur/guẓ sequence exists here.	An expressive grucci intensifier plus kaũgilincu is possible; alternatively a fuller rhotic root or false cognacy with Gondi. Neither route is established.	Do not call the cluster inherited metathesis merely from its shape. Need a simplex use, old spelling and an independently cognate r-bearing stem.	medium	DEDR 1802; current comparative cluster panel	unreconstructible-input-cluster-comparison	Target initial-order comparison; literal exchange, assimilation and syncope distinguished in the derivation and language notes	reviewed	2026-09-09
d1822	d1822	rot, become soft, decay	*kuẓ-ay; *kuẓ-l? and other derivatives	k	u/o	short	ẓ	singleton	a/zero	CVC-ay / CVC-C	verb	Exact formative correspondence discussed in derivation; not inferred from output.	Tamil kuẓai, Malayalam kuẓayuka and Kannada koẓe independently support a medial approximant. Exact lateral formative behind Telugu ḷḷ is not supplied by these low-ay verbs.	Comparative order and exact formation confidence distinguished in support and exception notes	Full southern approximant stems favor promotion in kruḷḷu, but the extra final lateral needs morphology or redistribution.	Conditional *kuẓ-l > *kẓu-l > kruḷḷu, or a fuller derivative plus syncope, supplies a short consonantal route. kuḷḷu may lose cluster r or reflect direct medial assimilation.	Keep distinct from truḷḷu3364 with no independent r/ẓ. Gondi kukk and Kannada kocce can develop by medial assimilation; no concealed initial cluster is required. Low-a source formation does not independently verify the assumed lateral suffix.	medium	DEDR 1822; current comparative cluster panel	core-formation-uncertain	Target initial-order comparison; literal exchange, assimilation and syncope distinguished in the derivation and language notes	reviewed	2026-09-09
d1826	d1826	sink, submerge, set	regional *kruŋ/kru; precluster order unknown	k	unknown	unknown before regional cluster	r input position unknown	singleton	unknown	CCV(N)C	verb	Exact formative correspondence discussed in derivation; not inferred from output.	Every apical-bearing reflex in the set is already clustered. A full cognate may be available in bend/sink1767, but that is an explicit cross-entry hypothesis.	Comparative order and exact formation confidence distinguished in support and exception notes	Shared eastern clusters establish a regional stem, not the direction of an earlier vowel-r exchange.	Within Telugu kruŋku > guŋku/gūku can involve r loss, voicing and nasal loss/lengthening; the original *kur- stage remains conditional on1767 cognacy. Eastern ŋg/k transitivity and labial forms have distinct morphology.	Do not count this as an independent secure metathesis root while its full input is missing. Treat merger with1767 in sensitivity; phonetic and semantic support are stronger than an invented output-based proto-vowel.	medium	DEDR 1826; current comparative cluster panel	unreconstructible-input-cluster-comparison	Target initial-order comparison; literal exchange, assimilation and syncope distinguished in the derivation and language notes	reviewed	2026-09-09
d1850	d1850	pound, strike with fist	*kuṯ-u / *kuṯ-ṯ; regional *gur-d	k/g	u	short	ṟ/ṯ	singleton and strong formations	u/zero	CVC-V / CVCC / CVC-C	verb/noun	Exact formative correspondence discussed in derivation; not inferred from output.	Tamil kuṟu:kuṟṟu, Kota kur:kut and Gondi kurkal independently establish an apical weak/strong family. Kannada gurdu provides a close r+d formation.	Comparative order and exact formation confidence distinguished in support and exception notes	Kannada gurdu beside guddu and Telugu gruddu favors displacement of an earlier medial apical in at least the fist-striking formation.	*kur-d > *krud > gruddu with initial/suffix voicing and strengthening is plausible; guddu can be direct rd assimilation or later cluster-r loss. Labial kummu/guppu formations must be analyzed separately.	The many expressive impact words and ṯṯ/tt changes do not all share one literal r root. Telugu krummu is embedded in a gloss, not a separately linked form in this annotation. Source-level extraction could recover it without adding a root. Marathi guddā could reflect diffusion but does not decide it.	medium	DEDR 1850; current comparative cluster panel	core	Target initial-order comparison; literal exchange, assimilation and syncope distinguished in the derivation and language notes	reviewed	2026-09-09
d1851	d1851	short, diminish	*kuṯ/ṟ-u/ay; strong and nasal derivatives	k	u/o	short	ṟ/ṯ	singleton and strong formations	u/a	CVC-V / CVNC / CVCC	adjective/verb	Exact formative correspondence discussed in derivation; not inferred from output.	Tamil kuṟu/kuṟai, Kannada kuṟu/koṟe and Konda kuṟi independently establish the full apical root; strong and nasal formations occur independently.	Comparative order and exact formation confidence distinguished in support and exception notes	Kui kṛōpka plausibly continues displacement before a velar-labial derivative; Telugu kruyyu has an explicit competing assignment1778.	Conditional *koṟ-a-k > *krōk, then k+p > pk, gives Kui kṛōpka; kōpka/kōga can reflect r loss or distinct derivation. Telugu short y formation remains conditional on cognacy and suffix history.	Telugu retained kuṟu/kuṟuca and kundu must remain in the denominator; kruyyu is A in both entries. The head *kuṯ-ay is not the immediate source of every strong child/jackal formation. Source-corrupted Kota fragments are not separate phonological evidence.	medium	DEDR 1851; current comparative cluster panel	alternative-cognacy-control	Target initial-order comparison; literal exchange, assimilation and syncope distinguished in the derivation and language notes	reviewed	2026-09-09
d1853	d1853	gulp, swallow liquid	regional *guk/guh; no independent r	g	u	short	k/h	velar singleton/geminate	u/zero	CVC / CVCC	verb/noun	Exact formative correspondence discussed in derivation; not inferred from output.	Kannada gukku and Kui/Kuvi guh/goh stems independently supply a nonrhotic root. No full gur form occurs in the comparison.	Comparative order and exact formation confidence distinguished in support and exception notes	Telugu grukku/grrukka contains extra r; a literal swap has no identified rhotic source.	Possible expressive r insertion into gukku > grukku, or analogy with existing native gr-clusters; alternatively an undiscovered r-bearing cognate. The doubled rr spelling is especially compatible with expressive strengthening but not proof.	Quantity in gūh/gūssali can have separate morphology. Do not transfer r from swallow4866 merely because both verbs mean ingest. Need old/dialect nonexpressive variants and source phonetic description.	medium	DEDR 1853; current comparative cluster panel	secondary-r-input-unresolved	Target initial-order comparison; literal exchange, assimilation and syncope distinguished in the derivation and language notes	reviewed	2026-09-09
d1861	d1861	pierce, insert, prick	*kuṯṯ; alternative weak *kuṯ-C	k	u	short	ṟ	geminate independently supported	zero/u	CVCC / CVC-C	verb	Exact formative correspondence discussed in derivation; not inferred from output.	Tamil kuṟṟu establishes an alveolar strong stem, not an independently short-vowel singleton with a following vowel. Gondi guhc/guˀc has no surviving rhotic.	Comparative order and exact formation confidence distinguished in support and exception notes	Telugu gruccu plausibly reflects an apical-plus-palatal derivative, but the weak derivative required by an ordinary displacement account is not directly attested here.	Conditional *kuṯ-cc > *kṯu-cc > gruccu, or an earlier strong apical with partial redistribution and palatalization; guccu may be direct strong-stem development or later r loss.	A genuine structural residual: do not use the imported gru-cc proto-head to prove earlier clusters. Tamil ṟṟ can also be morphologically strengthened from a weak root, but that weak formation must be independently connected, possibly through1850.	medium	DEDR 1861; current comparative cluster panel	strong-input-metathesis-uncertain	Target initial-order comparison; literal exchange, assimilation and syncope distinguished in the derivation and language notes	reviewed	2026-09-09
d1898	d1898	sharp, pointed	*kūr; Telugu krūru possibly Sanskrit krūra	k	ū	long	r	singleton	zero/u	CVVC	adjective/noun	Exact formative correspondence discussed in derivation; not inferred from output.	Tamil, Malayalam and Kannada kūr independently establish long ū and postvocalic r; Telugu krūru contains two rhotics, not a single exchanged r.	Comparative order and exact formation confidence distinguished in support and exception notes	A literal kūr > krūr requires duplication or a second rhotic formative. Sanskrit krūra is a competing comparison: Monier-Williams1899 p.322 includes hard/solid and sharp senses. Direct Telugu transmission is still unverified, so no borrowing label is assigned.	Possible secondary initial r in kūru on Cr models, or a loan/semantic convergence with krūra. Telugu kūci/kūcamu reflect a palatal derivative without initial apical movement.	Neither a short *kur-u root nor a second inherited r is justified by the output. Long-vowel and segment-number anomaly kept A. Check older dictionary etymology and sharp/cruel semantics to distinguish borrowing and native remodeling.	medium	DEDR 1898; current comparative cluster panel	long-input-secondary-r-uncertain	Target initial-order comparison; literal exchange, assimilation and syncope distinguished in the derivation and language notes	reviewed	2026-09-09
d1923	d1923	stuff, cram	*kūr/kuṟ; regional *kul-uk	k	ū/u	long and short independently different formations	r/ṟ/l	singleton	u/zero	CVVC / CVC-V-C	verb	Exact formative correspondence discussed in derivation; not inferred from output.	Tamil kūṟu-koḷ and Telugu kūru establish a long r-bearing formation; Malayalam kuṟummuka and Kannada kuluku supply short forms with different apicals/suffixes.	Comparative order and exact formation confidence distinguished in support and exception notes	The full apical comparisons make Telugu krukku a plausible displacement-family form, but exact inherited r versus l and short grade remain unresolved.	Conditional *kur-kk > krukku, with independent medial syncope possible; kūru is not mechanically shortened by the exchange alone. kukku can be direct assimilation or later r loss.	The kuṟum/kuluku comparison must be resolved before a strict formative test. Both Gadaba words are explicitly Telugu loans; they add no independent shared innovation.	medium	DEDR 1923; current comparative cluster panel	quantity-and-formation-residual	Target initial-order comparison; literal exchange, assimilation and syncope distinguished in the derivation and language notes	reviewed	2026-09-09
d1964	d1964	cough, clear throat	*ker/cer-um versus *kem/kom; exact root disputed	k/c	e/o	short	r/m	singleton	u/unknown	CVC-V-m / CVC	verb	Exact formative correspondence discussed in derivation; not inferred from output.	Tamil cerumu/ceṟumu supplies medial r whereas Kannada kemmu and Parji kom lack it. The velar/palatal and rhotic/nasal correspondences require reconstruction.	Comparative order and exact formation confidence distinguished in support and exception notes	Telugu krēṭu could reflect a fuller ker-type root; the comparison does not independently supply its dental formative or long vowel.	Conditional *ker-aṭ > *krēṭ is only schematic: the necessary a and ṭ are not independently attested in the cognates. An expressive or borrowed cough formation also remains possible.	Do not infer the low formative from ē. Tamil r loss/assimilation could yield kemmu, but deriving all variants from it requires regular initial and vowel correspondences. Telugu remains A until suffix and cognacy are established.	medium	DEDR 1964; current comparative cluster panel	input-and-cognacy-uncertain	Target initial-order comparison; literal exchange, assimilation and syncope distinguished in the derivation and language notes	reviewed	2026-09-09
d2008	d2008	side, flank, behind	regional *kēr/ker-i	k	ē/e	independent long and short forms	r	singleton	i/unknown	CVVC-i / CVC-i	noun	Exact formative correspondence discussed in derivation; not inferred from output.	Kui kēri and Brahui xēr establish long root, Parji keri a short full form; all place r after the vowel.	Comparative order and exact formation confidence distinguished in support and exception notes	Telugu krē/krēva has r before ē, so a displacement-family interpretation is plausible, but long-root exchange versus short derived contraction is unresolved.	Possible *ker-a-v > krēva lacks independent a/v support; alternative *kēr-V > krē involves a long root. krēgannu is a side-eye compound, not an independent event.	This remains a quantity/formation residual rather than confirmation of low-a conditioning. The widely separated Brahui comparison is useful for order but may have its own contact history; no source here labels the form a loan.	medium	DEDR 2008; current comparative cluster panel	quantity-and-formation-residual	Target initial-order comparison; literal exchange, assimilation and syncope distinguished in the derivation and language notes	reviewed	2026-09-09
d2010	d2010	mock, deride	regional *kēr/kīr; extensions d/n/s	k	ē/ī	long independently established	r	singleton	unknown	CVVC-C	verb/noun	Exact formative correspondence discussed in derivation; not inferred from output.	Telugu kēru/kēraḍamu and Gondi kīrī establish full long r-bearing forms independently of eastern grēs.	Comparative order and exact formation confidence distinguished in support and exception notes	Full Gondi and Telugu order supports later initial r-clusters, but does not establish a short preform.	Possible *kēr-s > *krēs > Kui grēspa/Kuvi greh; Telugu krēḍincu/krēṇincu requires a dental/nasal formation with contraction, long-vowel reordering or analogy. These alternatives are not dated.	A long-input residual, not repaired with unattested short *ker-a. Mocking words can be expressive and formations differ by language; exact common innovation versus analogical local expansion remains open.	medium	DEDR 2010; current comparative cluster panel	long-input-displacement-residual	Target initial-order comparison; literal exchange, assimilation and syncope distinguished in the derivation and language notes	reviewed	2026-09-09
d2090	d2090	bastion, bulwark	regional *kottaḷ-am	k	o	short	tt	geminate	a	CVCCVC-VM	noun	Exact formative correspondence discussed in derivation; not inferred from output.	Tamil/Malayalam kottaḷam and Kannada/Tulu kottaḷa establish an initial geminate dental, with no corresponding r.	Comparative order and exact formation confidence distinguished in support and exception notes	Telugu krottaḷamu retains the later lateral and adds r initially, so simple apical exchange is not supported.	Possible kottaḷam > kottaḷamu > krottaḷamu by secondary r or contamination with krotta new; alternatively an older rhotic source remains to find. Neither is established.	Fortification vocabulary may diffuse regionally, but the direction cannot be settled by shared form alone. Do not use similarity to krotta2149 as a proven etymology. Telugu ḷ/ḍ changes are separate.	medium	DEDR 2090; current comparative cluster panel	secondary-r-input-unresolved	Target initial-order comparison; literal exchange, assimilation and syncope distinguished in the derivation and language notes	reviewed	2026-09-09
d2176	d2176	string, thread, arrange	*kō; *kō-r/v/p derivative series	k	ō	long	r/v/zero	singleton	zero/unknown	CVV / CVVC	verb/noun	Exact formative correspondence discussed in derivation; not inferred from output.	Tamil kō:kōr and Kannada kō establish a long vowel-final root with variable extensions. Tamil/Malayalam kōrvai/kōrva have r and v, while kōvai lacks r.	Comparative order and exact formation confidence distinguished in support and exception notes	Telugu krōva could promote derivative r, or add r to the kōva formation; the root is not independently a short CVr.	Possible *kōr-v > krōv is long-vowel reordering; alternatively kōva > krōva by analogy. kōva may be retained r-less derivation or later r loss. The alternatives are observationally unresolved.	The productive-looking suffix alternants independently motivate a boundary, but not its age or order. This is excluded from secure D. Long nonrhotic derivatives across central languages cannot be read as concealed metathesis.	medium	DEDR 2176; current comparative cluster panel	long-input-derivative-r-uncertain	Target initial-order comparison; literal exchange, assimilation and syncope distinguished in the derivation and language notes	reviewed	2026-09-09
d2233	d2233	drink, guzzle	*kōr/koḷ; eastern gronj formation	k	ō/o	long versus short strong formations	r/l	singleton versus geminate	u/zero/unknown	CVVC / CVCC	verb	Exact formative correspondence discussed in derivation; not inferred from output.	Malayalam kōruka supplies long r, Kannada koḷḷu short strong lateral. Their relationship does not establish a uniform immediate input.	Comparative order and exact formation confidence distinguished in support and exception notes	Telugu krōlu and Kuvi gronj are cluster forms, but Telugu has both r and l where neither full comparandum supplies both.	A *kor-al or *kōr-l derivative could produce krōlu, with different quantity histories, but neither suffix is independently attested. Kuvi gronj could reflect a different nasal derivative.	Retain A for exact cognacy/segment history rather than inventing a low-a suffix. Additional full r+l formation, dated Telugu or wider ingestion vocabulary would distinguish accounts.	medium	DEDR 2233; current comparative cluster panel	input-and-cognacy-uncertain	Target initial-order comparison; literal exchange, assimilation and syncope distinguished in the derivation and language notes	reviewed	2026-09-09
d2247	d2247	ivy-gourd and related plant names	regional *kōv-ay	k	ō	long	v	singleton	a	CVVC-ay	noun	Exact formative correspondence discussed in derivation; not inferred from output.	Tamil kōvai, Malayalam kōva and Kannada kōve independently establish long kōv with no apical. Telugu species differs in the source.	Comparative order and exact formation confidence distinguished in support and exception notes	Telugu krōvi/grōvi adds r relative to all compared full forms; no exchange direction is independently established.	Possible secondary r in kōvi/gōvi, or contamination with another plant name such as1507 Pongamia; alternatively false cognacy due to mismatched botanical identifications.	Telugu Galedupa/Pongamia versus southern Coccinia/Corallocarpus makes species identity consequential. Neither botanical synonymy nor shared initial kōv proves inherited metathesis. Need original specimen/vernacular identification and historical spellings.	medium	DEDR 2247; current comparative cluster panel	botanical-cognacy-and-secondary-r-uncertain	Target initial-order comparison; literal exchange, assimilation and syncope distinguished in the derivation and language notes	reviewed	2026-09-09
d2356	d2356	cord, rope, twine	*car-aṭ	c	a	short	r	singleton	a	CVC-a-Ṭ	noun	Exact formative correspondence discussed in derivation; not inferred from output.	Tamil and Malayalam caraṭu independently establish low a between r and retroflex ṭ; Kota carḍ supports a consonantal variant.	Comparative order and exact formation confidence distinguished in support and exception notes	Full southern order supports c-a-r before Telugu trāḍu, without reconstructing original tr.	*car-aṭ > *crāṭ > trāḍu includes contraction, cluster-initial c/s>t and medial voicing. Kolami tāḍ/Naikri tāṛ can lose r after a cluster or reflect Telugu borrowing.	The exact initial consonant chronology is not fixed by the final tr alone. Central forms have regional contact plausibility but no explicit loan attribution here; classify their historical route A. One rope root despite multiple materials.	medium	DEDR 2356; current comparative cluster panel	core	Target initial-order comparison; literal exchange, assimilation and syncope distinguished in the derivation and language notes	reviewed	2026-09-09
d2360	d2360	slip, slide, occur; decrease	*car-i/u; regional *sar-k / *jar-k	c/s/j	a	short	r	singleton	i/u/zero	CVC-V-C / CVC-C	verb	Exact formative correspondence discussed in derivation; not inferred from output.	Tamil cari/carukku, Kannada sari/saraku/jarugu and Tulu sarki/jari independently support full r order and consonantal derivatives.	Comparative order and exact formation confidence distinguished in support and exception notes	Telugu sraggu plausibly promotes r from the sibilant series, while jarugu/caṟiya retain full order in other formations.	Conditional *sar-g > sraggu with suffix strengthening/voicing; saggu can follow r loss or direct rg assimilation. Full jarugu and sraggu need not have identical initial or formative histories.	K61 probable early Kannada-loan class may apply to voiced geminates, but no individual loan proof is supplied here. Malto jarq retains order, showing velar suffigation does not by itself force reordering. Source crossreference snake2359 is not a root merger.	medium	DEDR 2360; current comparative cluster panel; K61 pp.65–66 probable contact class, not individual certainty	core	Target initial-order comparison; literal exchange, assimilation and syncope distinguished in the derivation and language notes	reviewed	2026-09-09
d2687	d2687	shrink, shrivel, wrinkle	*cur-uŋk / *cur-kk; regional s/k initial correspondences	c/s	u	short	r	singleton	u/zero	CVC-u-NK / CVC-C	verb	Exact formative correspondence discussed in derivation; not inferred from output.	Tamil curuŋku/curukku, Malayalam curuŋŋuka and Kannada surku independently establish medial r and full/consonantal formations.	Comparative order and exact formation confidence distinguished in support and exception notes	Full r order in several branches favors Telugu srukku as innovative; surũgu retains the fuller sequence.	*cur-kk > *crukk > srukku, with initial c>s separate. Earlier *curu-kk can syncopate before displacement, whereas Kannada sukku/Malayalam cukkuka can assimilate medially without metathesis.	Brahui kurring retains postvocalic r and has a separately discussed irregular initial k; Emeneau1997 also queries kūžing with1876/2687, not a settled comparison. Marathi wrinkle vocabulary can show contact but is not an extra family vote.	medium	DEDR 2687; current comparative cluster panel; Emeneau1997 irregular sibilant discussion; queried kūžing excluded	core	Target initial-order comparison; literal exchange, assimilation and syncope distinguished in the derivation and language notes	reviewed	2026-09-09
d3095	d3095	churn, produce fire by rubbing	*tar-i; *tar-c / *tar-V-c	t	a/e	short	r	singleton	i/zero/unknown	CVC-V / CVC-C	verb	Exact formative correspondence discussed in derivation; not inferred from output.	Parji terip/terit independently gives full apical order; Telugu tari/tarucu/tarcu provides an internal full/consonantal series.	Comparative order and exact formation confidence distinguished in support and exception notes	Full Parji and Telugu forms favor tar-c before traccu; a bare protoform alone contributes no extra evidence.	*tar-c > *tra-c > traccu with strengthening is plausible; tarucu could be a fuller ancestor or a separately vocalized derivative. Parji labial p differs from Telugu palatal c.	A good directional comparison with uncertain exact suffix-vowel chronology. Churning milk and fire-drilling can share rotary motion, but their semantic extension does not itself explain which formation changed. Retained tarcu shows that a consonantal stem is not sufficient for obligatory movement.	medium	DEDR 3095; current comparative cluster panel	core-formation-uncertain	Target initial-order comparison; literal exchange, assimilation and syncope distinguished in the derivation and language notes	reviewed	2026-09-09
d3115	d3115	fire, embers, fire pit	*taẓ; *taẓ-m / *taẓ-al	t	a	short	ẓ	singleton	zero/a	CVC-C / CVC-a-l	noun/verb	Exact formative correspondence discussed in derivation; not inferred from output.	Tamil taẓal and Gondi taṛm/taṛmi independently establish apical order and a labial ember formation; Parji taṛ supplies a full root.	Comparative order and exact formation confidence distinguished in support and exception notes	Gondi taṛm favors earlier t-a-apical before Telugu trampi. Kui dlāva has a different labial vowel-bearing derivative and an explicitly proposed alternative aẓal etymology.	*taẓ-m-p > *tẓa-mp > trampi, then possible r loss > tampi. Tamil taṇal/Kannada taṇalu involve medial nasalization/assimilation, not initial reversal. Kui *taẓ-av > dlāv is conditional on the root assignment.	The database Kui aṛ̆al, *c and *t are editorial comparison fragments, not lexical attestations. Kui alternative276 must not be counted twice; its outcome stays A here. Telugu tanuku requires a different nasal/velar history.	medium	DEDR 3115; current comparative cluster panel	core-formation-uncertain	Target initial-order comparison; literal exchange, assimilation and syncope distinguished in the derivation and language notes	reviewed	2026-09-09
d3122	d3122	dig, excavate, scratch	regional *taẓ/taṛ; labial and palatal derivatives	t	a	short and long independently attested grades	ẓ	singleton	zero/unknown	CVC-C	verb	Exact formative correspondence discussed in derivation; not inferred from output.	Gondi taṛānā/tark and Kuvi taṛj independently retain full order; Kuvi taṛj:tṛaj gives a close internal formation contrast. Other branches have long tāṛ grades.	Comparative order and exact formation confidence distinguished in support and exception notes	The close Kuvi pair and full Gondi root favor t-V-apical before Telugu travvu; r-only eastern forms can lose the first cluster consonant.	*taẓ-v > *tẓav > travvu > tavvu with labial strengthening and later r loss; Kuvi taṛj > tṛaj has the same directional relation with a palatal suffix. Konda ṟeb/Kuvi ṛev/Pengo ṛav can follow C1 loss, but e/o variants require distinct vowel histories.	A shared regional displacement pattern is plausible; exact v/b/j formation and long/short chronology are not one uniform word history. Kolami/Naikri tavv may reflect Telugu contact or internal apical loss; neither is independently demonstrated.	medium	DEDR 3122; current comparative cluster panel	core	Target initial-order comparison; literal exchange, assimilation and syncope distinguished in the derivation and language notes	reviewed	2026-09-09
d3174	d3174	drink, swallow	regional *tār-g; earlier short formation unverified	t	ā	long in full comparanda; pre-Telugu quantity unresolved	r	singleton	zero/unknown	CVVC-C	verb	Exact formative correspondence discussed in derivation; not inferred from output.	Parji tār and Gadaba tārg independently supply full long-vowel order. Their transmission history is not established by the dictionary grouping.	Comparative order and exact formation confidence distinguished in support and exception notes	If inherited comparanda, tār-g precedes Telugu trāg; deriving a universal short *tar-ag from Telugu alone would be circular.	Possible *tār-g > trāg is long-vowel displacement; alternatively a short vowel-bearing derivative first contracted, or central full forms arose by adaptation of a loan. Telugu trāvu has medial velar weakening and nouns add morphology.	The surface comparison strongly favors a historical relationship but leaves exact earlier quantity and inheritance/contact unresolved. No low-a suffix is independently attested. Gadaba sark requires separate initial and quantity correspondence.	medium	DEDR 3174; current comparative cluster panel	quantity-and-contact-residual	Target initial-order comparison; literal exchange, assimilation and syncope distinguished in the derivation and language notes	reviewed	2026-09-09
d3192	d3192	wither, become lean	*tāṟ; short *taṟ-al/agu and consonantal derivatives	t	ā/a	long root and independent short derivatives	ṟ	singleton	a/u/zero	CVVC / CVC-V-C	verb	Exact formative correspondence discussed in derivation; not inferred from output.	Malayalam tāṟuka, Kannada tāṟ and Telugu tāṟu establish a long root. Kannada taṟal/taṟagu and Tulu taruṇṭu independently establish short expanded forms.	Comparative order and exact formation confidence distinguished in support and exception notes	Full apical order is independent; Telugu trāḍuvaḍu has a different dental formation whose antecedent is not uniquely established.	Possible *taṟ-aḍ > trāḍ followed by paḍu compound, or long *tāṟ-ḍ with reordering. No full matching aḍ derivative is supplied, and the short grade cannot be chosen merely to fit the output.	Keep long retained tāru and the special compound separate. Kota targ supplies a consonantal control, but not the Telugu dental suffix. Historical compound segmentation and earlier literary forms would distinguish contraction from analogical extension.	medium	DEDR 3192; current comparative cluster panel	quantity-and-formation-residual	Target initial-order comparison; literal exchange, assimilation and syncope distinguished in the derivation and language notes	reviewed	2026-09-09
d3305	d3305	cut into pieces, fragment	*tuṇ-i/u; long *tūṇ formation	t	u/ū	short and long formations	ṇ	nasal	i/u	CVC-V / CVVC	verb/noun	Exact formative correspondence discussed in derivation; not inferred from output.	Tamil tuṇi, Kannada tuṇuku and Telugu tuniya independently establish a nasal root; no rhotic is required by this core comparison.	Comparative order and exact formation confidence distinguished in support and exception notes	Telugu truŋgu/truncu could have secondary r in nasal formations, or belong to3339 tura. The dictionary explicitly preserves that alternative.	*tuṇ-i-C > tuniy/tunc by nasal-place and suffixal changes is nonmetathetic. A rhotic-root derivation of truŋgu/truncu belongs to the competing analysis, not a demonstrated ṇ>r metathesis here.	The long beam *tūṇ does not replace short cut-root quantity. Assign contested Telugu forms A under both entries; collapse for sensitivity if desired, but no double D vote. Kuvi tũrhali may have a secondary rhotic and remains uncertain.	medium	DEDR 3305; current comparative cluster panel	alternative-cognacy-control	Target initial-order comparison; literal exchange, assimilation and syncope distinguished in the derivation and language notes	reviewed	2026-09-09
d3339	d3339	bore, pierce, scrape	*tur-a/u/i; nasal/velar derivatives	t	u	short	r	singleton	a/u/i	CVC-V-C	verb	Exact formative correspondence discussed in derivation; not inferred from output.	Tamil tura/turuvu, Kannada turi and Tulu turiyuni independently support full r order. The source head long **tūr does not erase these short forms.	Comparative order and exact formation confidence distinguished in support and exception notes	Full southern and northern comparisons favor eastern tr-; Telugu disputed cut/break forms also occur under3305 tuṇi.	Consonantal *tur-k > truk gives Konda tṟuk and Kui trupka after a separate k+p reversal. Kui trunga/trūva have distinct nasal/labial quantity histories. Telugu tuṟumu retains the full root; truŋgu/truncu remain alternative-cognacy cases.	Do not assign the same Telugu forms as secure D in two roots. Kui tuspa may follow r loss or direct simplification, not certain shared chronology. Long Kurux tūrnā is a regional grade, not evidence all short derivatives are secondary.	medium	DEDR 3339; current comparative cluster panel	alternative-cognacy-control	Target initial-order comparison; literal exchange, assimilation and syncope distinguished in the derivation and language notes	reviewed	2026-09-09
d3340	d3340	push, drive, propel	*tur-a; labial and other derivatives	t	u/o	short	r	singleton	a/zero	CVC-a-C / CVC-C	verb	Exact formative correspondence discussed in derivation; not inferred from output.	Tamil tura/turattu, Malayalam turattuka and Parji turkip support full t-V-r independently of Telugu trō-.	Comparative order and exact formation confidence distinguished in support and exception notes	The full southern/central order favors innovation of trōyu/trōcu/trōlu and Kui/Kuvi trō-.	Conditional *tor-a-y/c/l > trōy/c/l, with low-a root supported but exact suffixes distinct. *tor-b > trobb/drobb gives a short voiced-geminate derivative; dobbu can be later r loss or imported/assimilated form. Gondi ro- can lose C1 after a cluster.	Kannada/Tulu dobbu and Naikri ḍʰobb make early contact plausible for the voiced-geminate subformation, not proven for every pushing word. The various Telugu suffixes and meanings remain one family, with a separate quantity test for each.	medium	DEDR 3340; current comparative cluster panel; K61 pp.65–66 probable early Kannada-loan class	core	Target initial-order comparison; literal exchange, assimilation and syncope distinguished in the derivation and language notes	reviewed	2026-09-09
d3343	d3343	rust, verdigris	*tur-u; labial/velar strong formations	t	u	short	r	singleton	u/zero	CVC-V / CVC-C	noun	Exact formative correspondence discussed in derivation; not inferred from output.	Tamil turu and Malayalam turuvu/turumpu independently establish a rhotic root and a labial extension.	Comparative order and exact formation confidence distinguished in support and exception notes	Full tur order favors Telugu truppu/trukku as displaced-family formations. Southern tuppu/tukku show that direct medial assimilation can also remove r.	Possible *tur-pp > truppu and *tur-kk > trukku; full *tur-upp/ukk plus syncope is an alternative. Telugu tuppu may be later r loss or an independently assimilated form.	Same-u full inputs do not automatically force long ū. Mineral names can diffuse, but a lexical label is insufficient proof. Labial and velar derivatives are not two roots.	medium	DEDR 3343; current comparative cluster panel	core-formation-uncertain	Target initial-order comparison; literal exchange, assimilation and syncope distinguished in the derivation and language notes	reviewed	2026-09-09
d3393	d3393	feather, down, soft hair	*tū; *tupp-uẓ/ṭ derivatives	t	ū/u	long root and short labial derivatives	p/ẓ later	noninitial apical after geminate	u/a	CVV / CVCCVC	noun	Exact formative correspondence discussed in derivation; not inferred from output.	Tamil tū/tūval and Kannada tuppuẓ/tuppaẓu support different root/extension shapes. The Kannada apical occurs after pp, not directly after the first vowel.	Comparative order and exact formation confidence distinguished in support and exception notes	Telugu truppuḍu has an initial r and final ḍ; simple adjacent V-r exchange from the closest Kannada form does not preserve the segment inventory.	A longer-distance apical shift plus final suffix remodeling is possible, as is secondary r added to a tuppuḍu-type derivative. Gondi tōṛ offers an apical root but not the complete pp-ḍ formation.	Do not suppress final ḍ or silently move the sole Kannada ẓ across pp while retaining a replacement. The dragonfly compounds are semantically/morphologically different and not additional evidence. Need historical feather forms and comparative suffix analysis.	medium	DEDR 3393; current comparative cluster panel	nonadjacent-or-secondary-r-uncertain	Target initial-order comparison; literal exchange, assimilation and syncope distinguished in the derivation and language notes	reviewed	2026-09-09
d3411	d3411	ladle, wooden spoon, oar	regional *ta/teḍ-ḍ	t/ṭ	a/e	short	ḍ	geminate/short stop variants	u	CVC(C)-V	noun	Exact formative correspondence discussed in derivation; not inferred from output.	Malto ṭaḍu and Kolami/Naikri teḍḍ independently support dental-retroflex order with no r.	Comparative order and exact formation confidence distinguished in support and exception notes	Telugu treḍḍu adds r beside teḍḍu and retains the original retroflex; no one-for-one exchange is evident.	Possible secondary r in teḍḍu > treḍḍu, perhaps analogical to other tool nouns with tr; alternatively a longer ancestral formation remains to identify.	A robust extra-segment control. Regional loan history can affect the full spoon word, but does not independently explain r. Need dated variants or an older full two-apical root.	medium	DEDR 3411; current comparative cluster panel	secondary-r-input-unresolved	Target initial-order comparison; literal exchange, assimilation and syncope distinguished in the derivation and language notes	reviewed	2026-09-09
d3437	d3437	snap, break, cut	*te/tiṟ-i; velar/labial/nasal derivatives	t	e/i	short	ṟ	singleton	i/zero/unknown	CVC-V-C / CVC-C	verb	Exact formative correspondence discussed in derivation; not inferred from output.	Tamil teṟi, Malayalam teṟikka and Kannada tiṟi independently establish full apical order and a high-i base.	Comparative order and exact formation confidence distinguished in support and exception notes	The full southern stem favors initial tr in Telugu and Pengo/Manda; Konda tev/tep could reflect direct apical loss or a reduced cluster.	Consonantal *teṟ-g/v/mp/nc > treg/trevv/tremp/trenc with strengthening and nasal distinctions. Earlier high-i deletion is possible. tegu/tempu/tencu can subsequently lose r but may also converge with direct medial assimilation.	Pengo trēz has long ē unlike the short Telugu series; its exact formation/length remains unresolved. Konda/Gondi labial forms lack a historical cluster witness, so not automatically D. Several Telugu suffixes are one root.	medium	DEDR 3437; current comparative cluster panel	core-formation-uncertain	Target initial-order comparison; literal exchange, assimilation and syncope distinguished in the derivation and language notes	reviewed	2026-09-09
d3451	d3451	belch, eructate	*tēk; regional *dēr-k / *der-b; Telugu nasal derivative	t/d	ē/e	long core root and regional short/long derivatives	k/r	singleton	zero/unknown	CVVC-C / CVC-C	verb/noun	Exact formative correspondence discussed in derivation; not inferred from output.	Southern tēk/tēg and Gondi/Konda/Kolami dērk establish distinct velar versus rhotic-velar formations. The regional r is independently attested, but its origin is not resolved by this set.	Comparative order and exact formation confidence distinguished in support and exception notes	Kuvi/Pengo dreb can plausibly continue regional der-b with reordering; Telugu trēnc needs a different nasal-palatal suffix. The southern root does not supply a simple inherited r.	Regional *der-b > dreb is plausible, while *tēr-nc > trēnc remains conditional on the regional r formation and suffix. Kui tēk-p > tēpka is separate velar-labial reversal without initial apical displacement.	Belching is expressive vocabulary with long/short and dental/rhotic variants. Do not reconstruct *ter-aŋ simply to obtain Telugu ē. Exact cognacy of the r-bearing subseries and original suffixes is the unresolved problem, not a general exceptionless metathesis.	medium	DEDR 3451; current comparative cluster panel	secondary-r-regional-comparison	Target initial-order comparison; literal exchange, assimilation and syncope distinguished in the derivation and language notes	reviewed	2026-09-09
d3522	d3522	tread, trample, crush	*tuẓ-i; velar/labial derivatives	t	u/o	short	ẓ	singleton	i/zero	CVC-i / CVC-C	verb	Exact formative correspondence discussed in derivation; not inferred from output.	Kannada tuẓi, Malayalam toẓikka and Kuvi tuṛb independently establish medial apical order and distinct consonantal formations.	Comparative order and exact formation confidence distinguished in support and exception notes	Full southern and eastern stems favor initial t-apical in Telugu trokku; the o/u difference and velar suffix need independent history.	Conditional *toẓ-k > *tẓok > trokku gives short o and strengthened k. If earlier *tuẓ-ik is used, vowel lowering/reassociation must be explained separately; do not infer low a from o.	Kui ḍuḍa could be assimilation or an expressive/other derivative, not necessarily hidden initial metathesis. Tulu labial forms are related but do not independently verify the Telugu velar suffix.	medium	DEDR 3522; current comparative cluster panel	core-vowel-and-formation-uncertain	Target initial-order comparison; literal exchange, assimilation and syncope distinguished in the derivation and language notes	reviewed	2026-09-09
d3821	d3821	green, fresh, moist; moss	*pac/pas; *pas-ir/ar extensions	p	a	short	c/s	singleton	i/a/unknown	CVC / CVC-V-r	adjective/noun	Exact formative correspondence discussed in derivation; not inferred from output.	Tamil pacu/paccai/pāci and Kannada pasu/pasir support a palatal/sibilant root with optional later r. Telugu pasaru is a full r-bearing extension, not a simple CVr base.	Comparative order and exact formation confidence distinguished in support and exception notes	Telugu prā̃ci could involve longer-distance redistribution from a pasir-type formation, secondary r in pā̃ci, or the alternative stale4057; immediate apical exchange is not established.	Possible *pas-ir > *prs... would require additional segment/vowel restructuring; no complete supported derivation follows. pāci may inherit a contracted sibilant root without any r.	Do not treat moss and green-gram protohead as the same exact noun input. The DEDR alternative4057 remains unresolved. Borrowed/compound green forms are not independent root evidence; Manda aphaeresis and Kuvi pāci have separate source notes.	medium	DEDR 3821; current comparative cluster panel	alternative-cognacy-nonadjacent-process	Target initial-order comparison; literal exchange, assimilation and syncope distinguished in the derivation and language notes	reviewed	2026-09-09
d3962	d3962	split, tear, slice	*par-i; consonantal *par-t/d and velar/labial derivatives	p	a	short	r	singleton	i/zero/a	CVC-i / CVC-C	verb/noun	Exact formative correspondence discussed in derivation; not inferred from output.	Tamil pari, Tulu partɛ and Kolami part establish full/cluster apical order, with a close dental tear formation. The source explicitly warns r/ṟ semantic convergence with4027.	Comparative order and exact formation confidence distinguished in support and exception notes	Full comparative par order favors Telugu bradda from an apical-dental derivative, while pariyu retains the full root.	Possible *par-d > *prad > bradda with voicing/strengthening; badda may lose cluster r or assimilate internally. Kui *par-a-k > prāk followed by k+p > pk yields pṛāpka, while parpa retains order.	Initial p>b and voiced gemination require a contact/phonological history beyond metathesis. Konda bada/Kuvi badda may be borrowed or independently simplified, so no automatic D votes. Exact apical identity and source grouping remain qualified.	medium	DEDR 3962; current comparative cluster panel; DEDR4027 convergence caveat; K61 probable voiced-geminate contact class	core	Target initial-order comparison; literal exchange, assimilation and syncope distinguished in the derivation and language notes	reviewed	2026-09-09
d3972	d3972	grow large, increase, flourish	*par-u; *par-b/d; long *pār	p	a	short root and independent long grade	r	singleton	u/zero	CVC-V / CVC-C / CVVC	verb/adjective	Exact formative correspondence discussed in derivation; not inferred from output.	Tamil paru/paruppu and Malayalam paru independently establish short par; Kannada hariba/bardu and Kurux pard support labial/dental expansions.	Comparative order and exact formation confidence distinguished in support and exception notes	Full par across branches favors Telugu prabbu as displaced; the long head *pār is one grade, not the sole input.	Possible *par-b > *prab > prabbu, with strengthened b; pambu/pammu may be separate labial/nasal assimilation routes. Kannada bardu is dental, hariba labial, so exact Telugu b antiquity needs reconstruction.	Konda pabli and Kuvi paḍa can be internal loss/assimilation or separate formative developments; they are not proven concealed pr clusters. Telugu homophonous blame prabbu4002 is a distinct apical root and not merged.	medium	DEDR 3972; current comparative cluster panel	core-formation-uncertain	Target initial-order comparison; literal exchange, assimilation and syncope distinguished in the derivation and language notes	reviewed	2026-09-09
d3999	d3999	old, worn, stale	*paẓ-a; *paẓ-a-nt/n	p	a	short	ẓ	singleton	a	CVC-a-NT / CVC-a-n	adjective/verb	Exact formative correspondence discussed in derivation; not inferred from output.	Tamil/Malayalam/Kannada paẓa and Gondi paṛana independently establish low-a full input; Gondi paṛna also supplies a syncopated control.	Comparative order and exact formation confidence distinguished in support and exception notes	Full paẓ-a favors Telugu prā̃ta and eastern prān/pṛāk; Kuvi pṇā has a secondary nasal next to initial p.	*paẓ-ant > *pẓānt > prā̃ta > pā̃ta/pāta; *paẓ-an > prān in Pengo/Manda. Kuvi prāi > pṇāi may assimilate the promoted liquid to a nasal, but reverse order of assimilation/movement is also possible.	Suffix nt versus n versus k matters; do not count old-person and old-object derivatives separately. Konda pāta cloth is explicitly Telugu borrowing while paṛay retains native full order. Nasal loss and shortening/denasalization are later changes, not the original displacement.	medium	DEDR 3999; current comparative cluster panel	core	Target initial-order comparison; literal exchange, assimilation and syncope distinguished in the derivation and language notes	reviewed	2026-09-09
d4002	d4002	blame, scold, censure	*paẓ-i; consonantal y/b derivatives	p	a	short	ẓ	singleton	i/zero	CVC-i / CVC-C	verb/noun	Exact formative correspondence discussed in derivation; not inferred from output.	Tamil/Malayalam/Kannada paẓi independently establish the same high-i full input; Kurux paṛᵃgnā retains full apical order.	Comparative order and exact formation confidence distinguished in support and exception notes	Full southern approximant favors initial pr in Telugu prayi/prabbu, with separate formative histories.	Conditional *paẓ-y > prayi and *paẓ-b > prabbu, or high-i deletion before consonantal formation; strengthening/voicing in bb is additional. The short a does not independently establish that V2 had already disappeared.	Distinct from grow prabbu3972, whose apical is r and semantics differ. Kota apṛ/ipṛ are explicitly onomatopoeic scolding elements, not automatic evidence of inherited initial apical displacement in that language. They require an independent expressive/reduplication study.	medium	DEDR 4002; current comparative cluster panel	core-formation-uncertain	Target initial-order comparison; literal exchange, assimilation and syncope distinguished in the derivation and language notes	reviewed	2026-09-09
d4057	d4057	stale, rotten, foul	regional *pās; alternative relation to *paẓ-a3999	p	ā	long	s	singleton	zero/u	CVVC	adjective/verb	Exact formative correspondence discussed in derivation; not inferred from output.	Konda pās, Kolami/Naikri pās and Telugu pāsu establish a long sibilant root. Kannada hasuku and Tamil pāṇṭai have additional morphology and do not supply a clear medial r.	Comparative order and exact formation confidence distinguished in support and exception notes	Telugu prā̃ci adds an r absent from the direct full comparanda; the same surface moss form also belongs to3821.	Possible secondary r in pā̃ci, or a separate *paẓ- formation connected with3999, remains to establish. Direct pās > prānc is not a simple permutation.	Keep alternative moss/stale assignments ambiguous, never two D votes. Nasality, palatal suffix and long ā require their own histories. An independently cognate full r/ẓ-plus-nc formation would favor the metathesis account.	medium	DEDR 4057; current comparative cluster panel	alternative-cognacy-secondary-r	Target initial-order comparison; literal exchange, assimilation and syncope distinguished in the derivation and language notes	reviewed	2026-09-09
d4175	d4175	rattan, cane	*pir-amp; strengthened labial variant	p	i/e	short	r	singleton	a	CVC-a-NP	noun	Exact formative correspondence discussed in derivation; not inferred from output.	Tamil pirampu and Malayalam perampu independently establish full r order and low-a labial extension.	Comparative order and exact formation confidence distinguished in support and exception notes	Agreement of full southern forms favors a cluster innovation in Telugu. Kannada prabbali may share regional transmission, not necessarily inherited metathesis.	*pir-amp > *priamp > prēmu, with coalescence and nasal/labial simplification; prabba/prabbili require a strengthened short-vowel formation, not this exact sequence. pēmu can follow r loss.	Rattan names may travel with the object. Kannada prabbali cannot alone prove a Kannada sound law; its vowel, suffix and gemination pattern require source history. Long and short Telugu derivatives count as one family.	medium	DEDR 4175; current comparative cluster panel	core-contact-caveat	Target initial-order comparison; literal exchange, assimilation and syncope distinguished in the derivation and language notes	reviewed	2026-09-09
d4176	d4176	separate, split, loosen	*pir-i; *pir-k / nasal and labial derivatives	p	i	short	r	singleton	i/zero	CVC-i / CVC-C	verb	Exact formative correspondence discussed in derivation; not inferred from output.	Tamil piṟi, Malayalam piriyuka, Kannada hiri and Brahui pirɣẖing establish full r order independently.	Comparative order and exact formation confidence distinguished in support and exception notes	Full cognates favor Telugu pr and eastern pr as innovations. Brahui preserves the full order in this root, unlike its separately reviewed scratch/lick changes.	*pir-k > prik in Kuvi; Telugu *pir-id-ul or *pir-d-ul > pridulu remains a formation hypothesis. Kui prīva can reflect same-i coalescence, priŋg a consonantal derivative.	Do not restore missing Tamil paradigm fragments as standalone words. The d-ul ending of pridulu is not independently matched, so its short i cannot establish the exact input. No evidence makes all derivatives a single obligatory rule.	medium	DEDR 4176; current comparative cluster panel	core-formation-uncertain	Target initial-order comparison; literal exchange, assimilation and syncope distinguished in the derivation and language notes	reviewed	2026-09-09
d4193	d4193	intestine, bowel	*piẓ-ul / *piẓ-uv-ul; Telugu velar derivative	p	i/e	short and long comparison grades	ẓ	singleton	u/unknown	CVC-V-C	noun	Exact formative correspondence discussed in derivation; not inferred from output.	Parji piṛul/piṛuvul, Gadaba puṛug and Gondi pīr give independent medial apical order, with divergent vowels and suffixes.	Comparative order and exact formation confidence distinguished in support and exception notes	The comparative apical supports prēgu as a displaced-family form; pēgu may lose r. It does not supply the exact pre-Telugu V2.	Conditional *piẓ-V-g > *pẓiVg > prēgu > pēgu; low-a coalescence is not independently supported here. Southern-central apical-to-velar/stop developments and noun morphology must be distinguished.	Long ē challenges an automatic short prediction from Parji high-u if those suffixes are equated; their l/g mismatch prevents that equation. Gondi long pīr is another grade. Need older full velar derivative and dialect vowel evidence.	medium	DEDR 4193; current comparative cluster panel	quantity-and-formation-residual	Target initial-order comparison; literal exchange, assimilation and syncope distinguished in the derivation and language notes	reviewed	2026-09-09
d4283	d4283	protect, nourish, support	*pur-a; palatal/labial/dental derivatives	p	u/o	short	r	singleton	a	CVC-a-C	verb/noun	Exact formative correspondence discussed in derivation; not inferred from output.	Tamil pura/puravu and Kannada pore support low-vowel full order independently; Gondi porp and Parji porip add full consonantal/high-i formations.	Comparative order and exact formation confidence distinguished in support and exception notes	Full southern and central forms favor Telugu prō- innovation.	Conditional *por-a-c/d/p > prōc/d/p with coalescence; exact suffixes differ. prāpu requires an a-grade, later vowel change or analogical influence, not the same o+a contraction.	Keep prāpu as an explicit vowel residual. Nourishment and support meanings plausibly belong together, but do not supply a missing reconstructed vowel. D counts order only, not a solved quantity/quality history.	medium	DEDR 4283; current comparative cluster panel	core-formation-uncertain	Target initial-order comparison; literal exchange, assimilation and syncope distinguished in the derivation and language notes	reviewed	2026-09-09
d4312	d4312	worm, decay	*puẓ-u; labial/velar and plural formations	p	u/i	short	ẓ	singleton	u/i/zero	CVC-V / CVC-C	noun/verb	Exact formative correspondence discussed in derivation; not inferred from output.	Tamil/Malayalam puẓu, Kannada puẓu, Konda piṛvu and Telugu puruvu/purvu independently support full order and both vowel-bearing and consonantal branches.	Comparative order and exact formation confidence distinguished in support and exception notes	Te purvu:pruvvu and Kui source piṛu:pṛiu provide direct directional comparisons; multiple full branches rule out assuming Telugu clusters ancestral.	*puẓ-v > pruvvu after cluster reordering/strengthening; alternative *puẓ-uv > *pẓuuv with later shortening cannot be excluded. Kui piṛu > pṛiu > pṛīu provides a high-vowel displacement/coalescence comparison; Kuvi pliguli includes lateral outcome and separate morphology.	Short Telugu pruvvu is not proof of original zero V2 because puruvu exists. puccu/puppi can be internal assimilation or later r loss; classify A. Brahui pū and Kota pū can lose the apical without metathesis. Toda u· is explicitly a Badaga loan.	medium	DEDR 4312; current comparative cluster panel	core-formation-uncertain	Target initial-order comparison; literal exchange, assimilation and syncope distinguished in the derivation and language notes	reviewed	2026-09-09
d4537	d4537	parch, fry; hearth	*por-i; y/d/n/s formations	p	o/u	short	r	singleton	i/zero/unknown	CVC-i / CVC-C	verb/noun	Exact formative correspondence discussed in derivation; not inferred from output.	Tamil pori, Kannada puri, Tulu poriyuni and Gondi poṛs independently establish full r order.	Comparative order and exact formation confidence distinguished in support and exception notes	Full comparanda favor Telugu proyyi and Kui/Kuvi pr as innovations; Kuvi porndali:prond provides an internal contrast.	*por-y > proyyi with strengthening; possible high-i loss before this stage. poyyi may lose r, while Kannada burugalu and Telugu borugulu preserve medial r in a separate grain noun. Eastern long brō/brū forms have different dental/nasal morphology.	Do not reconstruct a shared low vowel merely for Kui long outputs. Kolami/Naikri poy can be apical loss or contact with Telugu poyyi. Kui uncertain ash brūḍa retains source question mark and is not counted as independent root evidence.	medium	DEDR 4537; current comparative cluster panel	core-formation-uncertain	Target initial-order comparison; literal exchange, assimilation and syncope distinguished in the derivation and language notes	reviewed	2026-09-09
d4545	d4545	earring	*por-c; Telugu nasal-velar formation	p	o	short	r	singleton	zero/unknown	CVC-C	noun	Exact formative correspondence discussed in derivation; not inferred from output.	Parji porca and Gondi porskeng independently supply medial r in earring names.	Comparative order and exact formation confidence distinguished in support and exception notes	Full central order favors Telugu prō̃gu innovation, if these differently suffixed ornaments are inherited cognates.	Conditional *por-Vŋg > prō̃gu > pō̃gu; *por-c cannot directly yield the long vowel and nasal velar without additional morphology or sound changes.	Rare object term, only three attested languages. Contact and nonmatching suffixes make exact chronology uncertain; no low-a reconstruction is licensed merely by ō. More older source forms are needed.	medium	DEDR 4545; current comparative cluster panel	core-contact-and-formation-uncertain	Target initial-order comparison; literal exchange, assimilation and syncope distinguished in the derivation and language notes	reviewed	2026-09-09
d4559	d4559	sun, day, time	*poẓ-ut; *poẓ-t; deictic compounds	p	o	short	ẓ	singleton	u/zero	CVC-u-T / CVC-T	noun	Exact formative correspondence discussed in derivation; not inferred from output.	Tamil poẓutu, Kannada poẓtu/portu and Gondi poṛdu independently establish full and consonantal orders. The database ap-pōẓ head is a compound, not the ancestor of every member.	Comparative order and exact formation confidence distinguished in support and exception notes	Comparative full apical favors proddu innovation. Kannada portu:pottu independently demonstrates that internal assimilation can create pott without a pr stage.	*poẓ-t > *pẓot > proddu with stop strengthening/voicing; high-u syncope may precede exchange. Telugu poddu may lose r; eastern pod forms could instead assimilate directly. appuḍu/ippuḍu/eppuḍu have deictic boundaries and a separate reduction history.	Treat deictic compounds separately; their initial ap/ep sequence cannot be scored as retained plain por. No first-member-loss rule is required for Konda podu. Long pōtu elsewhere can be contraction without initial metathesis.	medium	DEDR 4559; current comparative cluster panel	core-formation-and-boundary-sensitive	Target initial-order comparison; literal exchange, assimilation and syncope distinguished in the derivation and language notes	reviewed	2026-09-09
d4591	d4591	heap	*pōr; short *por-aḷ formation	p	ō/o	long root and independent short derivative	r	singleton	zero/a	CVVC / CVC-a-C	noun	Exact formative correspondence discussed in derivation; not inferred from output.	Tamil/Malayalam pōr and Konda pōri give independent long root; Kannada poraḷi gives a short expanded grade.	Comparative order and exact formation confidence distinguished in support and exception notes	The comparative full order supports Telugu prōgu/prōka innovation, but neither grade uniquely supplies its velar suffix.	Possible *pōr-k > prōk or short *por-a-k > prōk with contraction. The independently attested short derivative ends in ḷ, not k, so exact contraction remains conditional.	Long-root exception if the long stem is immediate input; a low-a suffix cannot be selected to remove that exception. Heap semantics does not make homophonous thread4599 or earring4545 the same root.	medium	DEDR 4591; current comparative cluster panel	quantity-and-formation-residual	Target initial-order comparison; literal exchange, assimilation and syncope distinguished in the derivation and language notes	reviewed	2026-09-09
d4599	d4599	split into threads; strand	*pōẓ; nasal-velar/palatal derivatives	p	ō	long	ẓ	singleton	zero/unknown	CVVC-C	verb/noun	Exact formative correspondence discussed in derivation; not inferred from output.	Tamil pōẓ, Kannada pōẓ and Parji pōṛ establish a long full apical root independently.	Comparative order and exact formation confidence distinguished in support and exception notes	Full southern/central order favors Telugu prō- innovation, while nasal extensions are regional morphology.	Possible *pōẓ-ŋg/j > prōŋg/j with displacement; an unrecorded short expanded allomorph is another hypothesis, not an independently reconstructed fact. pō̃gu/pō̃ju can follow r loss.	This is a genuine long-input residual for any short-only application law. Nasalization and thread-specific semantics require separate derivation. Similar Telugu prō̃gu earring4545 is not a reason to merge the roots.	medium	DEDR 4599; current comparative cluster panel	long-input-residual	Target initial-order comparison; literal exchange, assimilation and syncope distinguished in the derivation and language notes	reviewed	2026-09-09
d4608	d4608	smear, rub	regional *prām/prēm; earlier full order unknown	p	ā/ē	unknown	r	singleton	unknown	CCVV-C	verb	Exact formative correspondence discussed in derivation; not inferred from output.	Only Telugu prāmu:pāmu and Manda prēmba are supplied; neither language supplies an independent medial-r antecedent.	Comparative order and exact formation confidence distinguished in support and exception notes	r loss prāmu>pāmu is possible, but the original full order cannot be established from two cluster forms.	Possible *par-am/*pir-amb > clusters remains speculative; alternatives include regional expressive formation or a loan adapted with a cluster. Manda ē versus Telugu ā is not explained.	A positive-looking cluster is deliberately not a D vote. Need a credible full cognate or dated derivation before reconstructing metathesis.	low	DEDR 4608; current comparative cluster panel	no-independent-input	Target initial-order comparison; literal exchange, assimilation and syncope distinguished in the derivation and language notes	reviewed	2026-09-09
d4680	d4680	burn, blaze	*maṇṭ; regional *maṛ-g and nasal derivative	m	a	short	ṇṭ/ṛ	mixed nasal-stop/apical	zero/unknown	CVNC / CVC-C	verb	Exact formative correspondence discussed in derivation; not inferred from output.	Tamil maṇṭu and central manḍ give a nasal-stop root; Gondi maṛg/maṛū independently supply a regional apical series.	Comparative order and exact formation confidence distinguished in support and exception notes	Kui mṛahpa can be compared directionally with Gondi maṛg, but Telugu mrandu also retains n+d and does not transparently exchange the nasal-stop sequence.	Regional *maṛ-g-p > mṛahp with velar weakening is plausible. Telugu mrandu may combine this apical series with nasal maṇḍu by analogy, or contain an older additional suffix. Direct maṇḍu>mrandu is not a segment permutation.	Keep Telugu A; the Gondi apical is real evidence but does not prove a common proto-root with southern maṇṭ. Need sound correspondences and morphology connecting the two series. Earlier head *manḍ alone is inadequate.	medium	DEDR 4680; current comparative cluster panel	alternative-root-shapes	Target initial-order comparison; literal exchange, assimilation and syncope distinguished in the derivation and language notes	reviewed	2026-09-09
d4710	d4710	drowsy, close eyes	expressive *mar-a-mar-a; possible simple *mar	m	a	short	r	singleton	a	reduplicated CVC-a	adjective/verb	Exact formative correspondence discussed in derivation; not inferred from output.	Tulu maramara provides a full r sequence, but specifically in a reduplicated expressive adjective, not an independently matched Telugu verb.	Comparative order and exact formation confidence distinguished in support and exception notes	A full-root origin of Telugu mrā- is possible; comparison does not uniquely establish a shared inherited simple stem or suffix.	Conditional *mar-a-l/ŋg/nc > mrāl/mrāŋg/mrānc; or independent expressive formations/analogical extension among sleepy-eye words. Compound gannu eye is not part of the proposed metathesizing root.	Keep A because the sole comparator and all Telugu derivatives differ in morphology. Need nonreduplicated full cognates and historical verb attestations. This is stronger evidence than no comparator, but insufficient for a secure D.	low	DEDR 4710; current comparative cluster panel	expressive-cognacy-uncertain	Target initial-order comparison; literal exchange, assimilation and syncope distinguished in the derivation and language notes	reviewed	2026-09-09
d4716	d4716	emetic nut tree	*maru#kārai?; regional nasal-velar tree name	m	a	short	r	singleton	u	CVC-u#CVC	noun	Exact formative correspondence discussed in derivation; not inferred from output.	Tamil marukkārai/matukkārai provides a full r/t variation in a plant compound; Kannada maŋgāre-muḷḷu and Telugu mraŋga differ substantially in suffix shape.	Comparative order and exact formation confidence distinguished in support and exception notes	Possible older maru favors movement in Telugu, but word borrowing and compound truncation can create the same cross-language shape contrast.	Conditional *maru-ŋg > mraŋga > maŋga, with a nasal formation not directly matched by Tamil -kkārai; alternatively contact/truncation/reanalysis of the tree compound.	Keep Telugu A rather than force a high-u rule from a nonmatching compound. Badaga maru mane/kēdu mane are home terms and appear falsely grouped; exclude from cognacy evidence.	low	DEDR 4716; current comparative cluster panel	compound-contact-cognacy-uncertain	Target initial-order comparison; literal exchange, assimilation and syncope distinguished in the derivation and language notes	reviewed	2026-09-09
d4728	d4728	darkness, cloud, stupor	*mar-b / *mar-v	m	a	short	r	singleton	zero	CVC-C	noun/adjective	Exact formative correspondence discussed in derivation; not inferred from output.	Kannada marbu/marvu and Tulu marbu independently establish a medial r-labial cluster, beside assimilated mabbu.	Comparative order and exact formation confidence distinguished in support and exception notes	Full cluster order favors Telugu mrabbu innovation; southern mabbu independently shows that apical loss does not uniquely diagnose earlier initial mr.	*mar-b > mrabb with reordering and strengthening; mabbu can follow either mrabbu r loss or direct marbu assimilation. Gondi mabbu explicitly comes from Telugu.	Strong directional consonantal case, but transmission of the cloud submeaning may involve contact. Distinct darkness/stupor derivatives are one family; proposed connections with4750/4753 remain unproved.	medium	DEDR 4728; current comparative cluster panel	core-contact-caveat	Target initial-order comparison; literal exchange, assimilation and syncope distinguished in the derivation and language notes	reviewed	2026-09-09
d4971	d4971	rough, knotty; tree stump	*mur-aṭ; other roughness derivatives	m	u/o	short	r	singleton	a	CVC-a-Ṭ	noun/adjective	Exact formative correspondence discussed in derivation; not inferred from output.	Tamil muraṭu, Malayalam muraṭu and Kannada moraḍu independently establish a full low-a dental formation; Telugu moraḍu retains the same order.	Comparative order and exact formation confidence distinguished in support and exception notes	Full agreement favors Telugu mrōḍu innovation; Kui mrōjo independently has cluster order in the tree-base meaning.	*mor-aḍ > mrōḍ by displacement/coalescence. Kui mrōjo adds dental-palatal correspondence. Nasal moṇḍi can reflect a separate assimilated derivative and is not proof of a previous mr stage.	Exact full/cluster Telugu pair supports direction and quantity, but coexistence requires lexical/formation history: the stump submeaning changes while broader rough derivatives retain r medially. Do not define a phonological class by that outcome. Gravel words have Indo-Aryan comparisons and need separate transmission study.	medium	DEDR 4971; current comparative cluster panel	core	Target initial-order comparison; literal exchange, assimilation and syncope distinguished in the derivation and language notes	reviewed	2026-09-09
d4973	d4973	sound, murmur, roar	*mur-al/av; competing *muẓ-aŋk4989	m	u/o	short	r	singleton	a	CVC-a-C	verb/noun	Exact formative correspondence discussed in derivation; not inferred from output.	Tamil mural/muravu, Kannada moraḷ and Telugu morayu establish full r order. Telugu cluster forms are explicitly also assigned to4989.	Comparative order and exact formation confidence distinguished in support and exception notes	An initial apical displacement is plausible under either proposed root, but r versus ẓ and exact nasal/labial suffix cannot be decided by mrō alone.	Conditional *mor-av > mrōv or *moẓ-aŋk > mrōŋg; analogy could extend one cluster stem through the sound paradigm. Full morayu may be retained or a distinct derivative.	All disputed cluster forms remain A in both entries; sensitivity merge prevents repeated ambiguous-family evidence. More historical forms retaining the distinctive apical or exact suffix would decide. Expressive origin is possible, not itself proof of unrelatedness.	medium	DEDR 4973; current comparative cluster panel	alternative-cognacy	Target initial-order comparison; literal exchange, assimilation and syncope distinguished in the derivation and language notes	reviewed	2026-09-09
d4975	d4975	break, perish, kill	*mur-i; velar/nasal derivatives and long grade	m	u/ū	short and independent long grades	r	singleton	i/u/zero	CVC-V-C / CVVC	verb	Exact formative correspondence discussed in derivation; not inferred from output.	Tamil muri/murukku/muruŋku and central murk independently establish full short-vowel order; Malayalam mūruka is a long grade, not evidence all inputs were long.	Comparative order and exact formation confidence distinguished in support and exception notes	Full comparisons favor eastern mr and Telugu br innovations; m>b is separate from displacement.	*mur-k > mruk, then Kui mruk-p > mrupk in the separate suffixal process. Telugu *mur-ŋg > *mruŋg > bruŋgu; *mur-y > bruyyu involves labial denasalization/strengthening. Full muruŋku leaves syncope versus later shortening open.	Death/kill derivatives and ordinary breaking forms coexist. Do not count bruŋgu sink4993 as an independent reflex of this r root: it has a competing semantic history and different apical. Long mrūva versus short mrunga in Kui needs formation-level quantity analysis.	medium	DEDR 4975; current comparative cluster panel	core-formation-uncertain	Target initial-order comparison; literal exchange, assimilation and syncope distinguished in the derivation and language notes	reviewed	2026-09-09
d4989	d4989	roar, resound; speak	*muẓ-aŋk; *moẓ-i; competing *mur4973	m	u/o	short	ẓ	singleton	a/i	CVC-a-NK / CVC-i	verb/noun	Exact formative correspondence discussed in derivation; not inferred from output.	Tamil muẓaŋku and Kannada moẓagu independently establish full approximant order and low-a roar formation; speech moẓi is a high-i derivative.	Comparative order and exact formation confidence distinguished in support and exception notes	Telugu mrō could continue this root or4973 mur; loss of the distinctive apical prevents unique assignment.	Conditional *moẓ-aŋk > *mẓoaŋk > mrōŋg. Telugu mrōyu/mrōvu would then require suffix alternation or analogy; deriving all directly from muẓaŋku is not segmentally sufficient.	A under both alternative roots, with family sensitivity merger. The database broad speech head must not replace the low-a roar formation. Need early apical reflex or comparative exact y/v derivatives to decide.	medium	DEDR 4989; current comparative cluster panel	alternative-cognacy	Target initial-order comparison; literal exchange, assimilation and syncope distinguished in the derivation and language notes	reviewed	2026-09-09
d5007	d5007	spoil, become mouldy; dirt	*muṟ-i; *muṟ-k/g	m	u	short	ṟ	singleton	i/zero	CVC-i / CVC-C	verb/noun	Exact formative correspondence discussed in derivation; not inferred from output.	Tamil muṟi, Telugu muṟiki/muṟugu, Gondi murk and Tulu murguni independently support full apical order and consonantal variants.	Comparative order and exact formation confidence distinguished in support and exception notes	Full and cluster comparanda favor Telugu mrukku innovation; r-less muggu has a direct internal assimilation alternative.	*muṟ-k > mrukk with reordering/strengthening; *muṟ-ik > *muṟk by syncope is possible. mrukku > mukku is supported by the pair, while muggu could arise directly as in Kannada muggu.	Distinguish same-surface ripen mruggu5017/5046 from mouldy mrukku. Dirt and putrefaction meanings fit one family, but cannot fix vowel deletion chronology. Long mūri stench is a separate grade.	medium	DEDR 5007; current comparative cluster panel	core-formation-uncertain	Target initial-order comparison; literal exchange, assimilation and syncope distinguished in the derivation and language notes	reviewed	2026-09-09
d5017	d5017	ripen, mature	*muṟṟ-u; alternative *mūẓ5046	m	u	short	ṟṟ	geminate	u	CVCC-V	verb	Exact formative correspondence discussed in derivation; not inferred from output.	Tamil/Malayalam muṟṟu independently establish a strong apical root; Tamil muṟuku adds a velar variant, but its exact historical segmentation is uncertain.	Comparative order and exact formation confidence distinguished in support and exception notes	Te mruggu might reflect a weakened/suffixed apical variant or5046; the source explicitly gives both options.	Conditional *muṟ-kk > mrugg requires a singleton apical plus velar suffix independently distinguished from *muṟṟ-u; *mūẓ-k > mrugg additionally requires shortening. Neither is securely selected.	Keep A, not a counterexample rescued by postulating degemination. Southern strong-root retention is an informative control. Historical full Telugu variant or cognate suffix paradigm would separate the analyses.	medium	DEDR 5017; current comparative cluster panel	alternative-cognacy-geminate-control	Target initial-order comparison; literal exchange, assimilation and syncope distinguished in the derivation and language notes	reviewed	2026-09-09
d5046	d5046	ripen after plucking	*mūẓ; short *muṛ-k derivative	m	ū/u	long root and independent short derivatives	ẓ	singleton	zero/unknown	CVVC / CVC-C	verb	Exact formative correspondence discussed in derivation; not inferred from output.	Tamil mūẓ and Gondi mūṛānā independently establish long root; Parji muṛ/muṛkip gives a short derivative.	Comparative order and exact formation confidence distinguished in support and exception notes	Te mruggu could belong here or strong5017. Both order and quantity histories depend on that choice.	Conditional *muẓ-k > mrugg from a short derivative, or long *mūẓ-k plus shortening; a direct full same-u contraction is not established.	Keep A and merge alternative-family evidence for sensitivity. Different ripening situations can motivate derivative semantics but cannot prove apical identity or regularity.	medium	DEDR 5046; current comparative cluster panel	alternative-cognacy	Target initial-order comparison; literal exchange, assimilation and syncope distinguished in the derivation and language notes	reviewed	2026-09-09
d5087	d5087	goat; old cluster word of unknown meaning	regional *mē-k; Old Telugu mṛ̆ēka unglossed	m	ē	long	k	singleton	unknown	CVVC	noun	Exact formative correspondence discussed in derivation; not inferred from output.	Kannada mēke and central mēka/mēke support a goat word without a medial apical; source explicitly says Old Telugu mṛ̆ēka has unknown meaning.	Comparative order and exact formation confidence distinguished in support and exception notes	The unglossed Old Telugu cluster cannot establish metathesis of the goat word. Brahui mēṛ̆ẖ is expressly without etymology in the cited source.	Possible expressive mē bleat + k animal name, regional diffusion or Indo-Aryan relationship; no demonstrated full mar/mer antecedent. Old cluster word could be unrelated.	Exclude as a metathesis positive. Do not transfer goat gloss to the old form or Brahui word. Need the actual Old Telugu passage and semantic identification before proposing cognacy.	medium	DEDR 5087; current comparative cluster panel	unknown-gloss-and-nonapical-control	Target initial-order comparison; literal exchange, assimilation and syncope distinguished in the derivation and language notes	reviewed	2026-09-09
d5114	d5114	blunt, maimed, stump	*moṇṭ / *moṭ; long variants	m	o/ō	short and long grades	ṇṭ/ṭ	nasal-stop/strong stop	zero/u	CVNC / CVC	adjective/noun	Exact formative correspondence discussed in derivation; not inferred from output.	Tamil moṇṭi/moṭṭai and Kannada moṇḍu/mōṭu supply nasal/stop inputs; Telugu mrōḍu paḍu has extra initial r.	Comparative order and exact formation confidence distinguished in support and exception notes	No unique rhotic ancestor of this compound follows from the nasal-stop series; resemblance to4971 mrōḍu stump offers a concrete analogical candidate.	Possible contamination of mōḍu blunt by mrōḍu stump4971, or a shared apical variant across the lexical families. Direct moṇḍu>mrōḍu requires more than segment exchange, including nasal loss/length change.	Keep A. The proposed analogy is semantically specific but not attested chronology. Southern long ẓ variants offer another root link needing full comparative work; do not force them into a single protoform.	medium	DEDR 5114; current comparative cluster panel	secondary-r-or-alternative-root	Target initial-order comparison; literal exchange, assimilation and syncope distinguished in the derivation and language notes	reviewed	2026-09-09
d5123	d5123	bow, kneel, salute	*moẓ-k/g; other apical derivatives	m	o/u	short	ẓ	singleton	zero	CVC-C	verb	Exact formative correspondence discussed in derivation; not inferred from output.	Kannada moẓgu, Gondi moṛk and Parji moṛk independently establish a medial apical-velar cluster.	Comparative order and exact formation confidence distinguished in support and exception notes	Full cluster agreement favors Telugu mrokku/mroggu innovation; Kannada mokku independently shows a direct medial reduction route.	*moẓ-k/g > mrokk/mrogg with reordering and strengthening; Telugu mokku/moggu can be later r loss or direct assimilation. Kui mrōnga has a nasal-velar formation and unexplained long vowel relative to a short cluster input.	Ritual salute forms may diffuse. Keep Naikri mokk ambiguous between contact, direct assimilation and hidden displacement. Kuvi bong cannot demonstrate the original apical without a fuller intermediate; b versus m and nasal place require additional history.	medium	DEDR 5123; current comparative cluster panel	core-formation-uncertain	Target initial-order comparison; literal exchange, assimilation and syncope distinguished in the derivation and language notes	reviewed	2026-09-09
d5250	d5250	stream, river, pit	regional *vant; extra-r variant	v	a	short	nt	nasal-stop	zero/i	CVNC	noun	Exact formative correspondence discussed in derivation; not inferred from output.	Kolami/Naikri vanta and Telugu vanta independently supply a nasal-stop root without r.	Comparative order and exact formation confidence distinguished in support and exception notes	Telugu vranti adds r while retaining nt; this is not a simple permutation of the compared input.	Possible secondary r, contamination by a flow/channel root such as the source cross-references5296/5356, or an older two-apical compound; none is established.	Keep A for cluster. Need older full r-bearing form and source contexts for river versus pit. A word-initial cluster alone does not justify *var-anti.	medium	DEDR 5250; current comparative cluster panel	secondary-r-input-unresolved	Target initial-order comparison; literal exchange, assimilation and syncope distinguished in the derivation and language notes	reviewed	2026-09-09
d5368	d5368	perch, alight; fly	*vāl; extra-r variant	v	ā	long	l	singleton	zero/u	CVVC	verb	Exact formative correspondence discussed in derivation; not inferred from output.	Kannada vāluvike, Gadaba vāl and Parji vēl independently supply a long lateral root.	Comparative order and exact formation confidence distinguished in support and exception notes	Te vrālu retains l and adds r. Adjacent a-l reversal would yield vlā, not vrāl.	Possible secondary r in vālu>vrālu, analogy with other vrā verbs, or a longer ancestral root. No independent second apical is available.	Keep A. Compare5369 slope for possible shared polysemous root in sensitivity only; perching and inclination are a possible bridge, not proof. Need dated variants or fuller cognates.	medium	DEDR 5368; current comparative cluster panel	secondary-r-input-unresolved	Target initial-order comparison; literal exchange, assimilation and syncope distinguished in the derivation and language notes	reviewed	2026-09-09
d5369	d5369	incline, slope, bend	*vāl; extra-r variant	v	ā	long	l	singleton	zero/u	CVVC	verb	Exact formative correspondence discussed in derivation; not inferred from output.	Kannada vālu/ōlu and Telugu vālu establish a long lateral root. Initial v loss in Kannada ōlu is separate.	Comparative order and exact formation confidence distinguished in support and exception notes	Te vrālu adds r while retaining l, requiring more than a one-for-one exchange.	Possible secondary r by analogy or a missing longer input; simple *vāl>vrāl is not metathesis. Perch5368 may be a related polysemy.	Keep A; record the specific analogy hypothesis and its missing dated evidence. Do not reconstruct *varāl solely from the Telugu cluster.	medium	DEDR 5369; current comparative cluster panel	secondary-r-input-unresolved	Target initial-order comparison; literal exchange, assimilation and syncope distinguished in the derivation and language notes	reviewed	2026-09-09
d5372	d5372	live, flourish, livelihood	*wāẓ; short *waẓ-d-uk / regional *bar-d-uk	v/b	ā/a	long root and independently short derivative	ẓ/r	singleton	zero/u	CVVC / CVC-C-V-C	verb/noun	Exact formative correspondence discussed in derivation; not inferred from output.	Tamil vāẓ and Kannada bāẓ establish long root; Kannada barduku/barduŋku and baẓduŋku independently support a short expanded apical-dental formation.	Comparative order and exact formation confidence distinguished in support and exception notes	Kannada barduku favors Telugu braduku reordering without projecting the long bare-root vowel onto this derivative. Possible early regional borrowing would still permit local displacement.	*bar-d-uk > bra-d-uk, with initial w>b and apical development preceding or independent of the observed order change; bratuku has dental voicing variation. baduku/batuku can be direct apical loss or later cluster loss.	The apical is followed by d and a further u-k suffix: morphology is crucial. The apparent Telugu b&lt, br&lt and &gt are transcription/editorial fragments, not forms. Neither Arabic barkat cross-reference nor unrelated Badaga place names establish cognacy.	medium	DEDR 5372; current comparative cluster panel	core-morphology-and-contact-caveat	Target initial-order comparison; literal exchange, assimilation and syncope distinguished in the derivation and language notes	reviewed	2026-09-09
d5555	d5555	throw, strike, discharge	*wey; long grade and extra-r variants	v	e/ē	short and long grades	y	singleton	zero/unknown	CVC / CVVC	verb/noun	Exact formative correspondence discussed in derivation; not inferred from output.	Konda vey and Kuvi ve/vēp independently supply a nonrhotic root. Telugu vēyu/vaicu likewise has no medial r.	Comparative order and exact formation confidence distinguished in support and exception notes	Te vrēyu/vrēṭu adds r absent from the comparative input; neither the glide nor dental can simply exchange with a vowel to supply it.	Possible analogical r in vēyu>vrēyu followed by derivative spread, or older fuller root/compound not yet identified. Labial/dental suffix alternations in eastern forms do not independently establish r.	Keep A, including vrēṭu strike noun and compound. Need early full rhotic witness or a demonstrable analogical model. Modern Telugu r-less variants cannot alone establish r loss as the first history.	medium	DEDR 5555; current comparative cluster panel	secondary-r-input-unresolved	Target initial-order comparison; literal exchange, assimilation and syncope distinguished in the derivation and language notes	reviewed	2026-09-09
