Entry_ID	Primary_Family_ID	Domain	Onset	C1_Identity	Quantity	Apical_Group	Apical_Structure	V1_Quality	Following_Vowel	Grammatical_Category	Domain_Following_Vowel	Domain_Apical_Group	Domain_V1_Quality	Telugu_Broad_Obligatory_Hypothesis	Raw_C1	Raw_C2	Raw_Quantity	Raw_V2	Raw_Structure	Input_Confidence
d63	d63	short-vowel-initial-singleton-apical	vowel-initial	Ø	short	retroflex-stop	singleton	a	low-a	verb	short-vowel-initial-singleton-apical / low-a	short-vowel-initial-singleton-apical / retroflex-stop	short-vowel-initial-singleton-apical / a	eligible; obligatory application predicts D	Ø	ṭ	short	a	singleton	high
d72	d72	short-vowel-initial-singleton-apical	vowel-initial	Ø	short	retroflex-stop	singleton	a	mixed/unknown-formative	noun	short-vowel-initial-singleton-apical / mixed/unknown-formative	short-vowel-initial-singleton-apical / retroflex-stop	short-vowel-initial-singleton-apical / a	eligible; obligatory application predicts D	Ø	ṭ	short	unknown	singleton	medium
d77	d77	short-vowel-initial-singleton-apical	vowel-initial	Ø	short	retroflex-stop	singleton	a	mixed/unknown-formative	verb	short-vowel-initial-singleton-apical / mixed/unknown-formative	short-vowel-initial-singleton-apical / retroflex-stop	short-vowel-initial-singleton-apical / a	eligible; obligatory application predicts D	Ø	ṭ	short	unknown	singleton	medium
d78	d78	short-vowel-initial-singleton-apical	vowel-initial	Ø	short	retroflex-stop	singleton	a	mixed/unknown-formative	verb	short-vowel-initial-singleton-apical / mixed/unknown-formative	short-vowel-initial-singleton-apical / retroflex-stop	short-vowel-initial-singleton-apical / a	eligible; obligatory application predicts D	Ø	ṭ	short	unknown	singleton	medium
d79	d79	short-vowel-initial-singleton-apical	vowel-initial	Ø	short	retroflex-stop	singleton	a	low-a	verb/noun	short-vowel-initial-singleton-apical / low-a	short-vowel-initial-singleton-apical / retroflex-stop	short-vowel-initial-singleton-apical / a	eligible; obligatory application predicts D	Ø	ṭ	short	a	singleton	high
d80	d80	short-vowel-initial-singleton-apical	vowel-initial	Ø	short	retroflex-stop	singleton	a	high-u	verb/noun	short-vowel-initial-singleton-apical / high-u	short-vowel-initial-singleton-apical / retroflex-stop	short-vowel-initial-singleton-apical / a	eligible; obligatory application predicts D	Ø	ṭ	short	u	singleton	high
d81	d81	short-vowel-initial-singleton-apical	vowel-initial	Ø	short	retroflex-stop	singleton	a	high-u	verb	short-vowel-initial-singleton-apical / high-u	short-vowel-initial-singleton-apical / retroflex-stop	short-vowel-initial-singleton-apical / a	eligible; obligatory application predicts D	Ø	ṭ	short	u	singleton	low
d86	d86	short-vowel-initial-singleton-apical	vowel-initial	Ø	short	retroflex-stop	singleton	a	low-a	noun	short-vowel-initial-singleton-apical / low-a	short-vowel-initial-singleton-apical / retroflex-stop	short-vowel-initial-singleton-apical / a	eligible; obligatory application predicts D	Ø	ṭ	short	a	singleton	high
d202	d202	short-vowel-initial-singleton-apical	vowel-initial	Ø	short	rhotic	singleton	a	low-a	noun	short-vowel-initial-singleton-apical / low-a	short-vowel-initial-singleton-apical / rhotic	short-vowel-initial-singleton-apical / a	eligible; obligatory application predicts D	Ø	r	short	a	singleton	high
d221	d221	short-vowel-initial-singleton-apical	vowel-initial	Ø	short	rhotic	singleton	a	mixed/unknown-formative	adjective/noun	short-vowel-initial-singleton-apical / mixed/unknown-formative	short-vowel-initial-singleton-apical / rhotic	short-vowel-initial-singleton-apical / a	eligible; obligatory application predicts D	Ø	r	short	u/i	singleton	high
d228	d228	short-vowel-initial-singleton-apical	vowel-initial	Ø	short	rhotic	singleton	a	low-a	verb/noun	short-vowel-initial-singleton-apical / low-a	short-vowel-initial-singleton-apical / rhotic	short-vowel-initial-singleton-apical / a	eligible; obligatory application predicts D	Ø	r	short	a	singleton	high
d229	d229	short-vowel-initial-singleton-apical	vowel-initial	Ø	short	rhotic	singleton	a	low-a	noun/adjective	short-vowel-initial-singleton-apical / low-a	short-vowel-initial-singleton-apical / rhotic	short-vowel-initial-singleton-apical / a	eligible; obligatory application predicts D	Ø	r	short	a	singleton	high
d233	d233	short-vowel-initial-singleton-apical	vowel-initial	Ø	short	rhotic	singleton	a	mixed/unknown-formative	verb	short-vowel-initial-singleton-apical / mixed/unknown-formative	short-vowel-initial-singleton-apical / rhotic	short-vowel-initial-singleton-apical / a	eligible; obligatory application predicts D	Ø	r	short	unknown	singleton	medium
d236	d236	short-vowel-initial-singleton-apical	vowel-initial	Ø	short	lateral	singleton	a	low-a	verb/noun	short-vowel-initial-singleton-apical / low-a	short-vowel-initial-singleton-apical / lateral	short-vowel-initial-singleton-apical / a	eligible; obligatory application predicts D	Ø	l	short	a	singleton	medium
d237	d237	short-vowel-initial-singleton-apical	vowel-initial	Ø	short	lateral	singleton	a	mixed/unknown-formative	noun	short-vowel-initial-singleton-apical / mixed/unknown-formative	short-vowel-initial-singleton-apical / lateral	short-vowel-initial-singleton-apical / a	eligible; obligatory application predicts D	Ø	l	short	a/u	singleton	medium
d240	d240	short-vowel-initial-singleton-apical	vowel-initial	Ø	short	lateral	singleton	a	low-a	verb/noun	short-vowel-initial-singleton-apical / low-a	short-vowel-initial-singleton-apical / lateral	short-vowel-initial-singleton-apical / a	eligible; obligatory application predicts D	Ø	l	short	a	singleton	high
d61	d61	short-vowel-initial-singleton-apical	vowel-initial	Ø	short	retroflex-stop	singleton	a	low-a	verb	short-vowel-initial-singleton-apical / low-a	short-vowel-initial-singleton-apical / retroflex-stop	short-vowel-initial-singleton-apical / a	eligible; obligatory application predicts D	Ø	ṭ	short	a	singleton	low
d64	d64+d88	short-vowel-initial-singleton-apical	vowel-initial	Ø	short	retroflex-stop	singleton	a	low-a	noun	short-vowel-initial-singleton-apical / low-a	short-vowel-initial-singleton-apical / retroflex-stop	short-vowel-initial-singleton-apical / a	eligible; obligatory application predicts D	Ø	ṭ	short	a	singleton	high
d75	d75	short-vowel-initial-singleton-apical	vowel-initial	Ø	short	retroflex-stop	singleton	a	mixed/unknown-formative	noun	short-vowel-initial-singleton-apical / mixed/unknown-formative	short-vowel-initial-singleton-apical / retroflex-stop	short-vowel-initial-singleton-apical / a	eligible; obligatory application predicts D	Ø	ṭ	short	unknown	singleton	medium
d76	d76	short-vowel-initial-singleton-apical	vowel-initial	Ø	short	retroflex-stop	singleton	a	high-u	verb/noun	short-vowel-initial-singleton-apical / high-u	short-vowel-initial-singleton-apical / retroflex-stop	short-vowel-initial-singleton-apical / a	eligible; obligatory application predicts D	Ø	ṭ	short	u	singleton	high
d83	d83	short-strong-or-mixed-structure	vowel-initial	Ø	short	retroflex-stop	mixed/cluster/other	a	low-a	verb/noun/adjective	short-strong-or-mixed-structure / low-a	short-strong-or-mixed-structure / retroflex-stop	short-strong-or-mixed-structure / a	outside narrow classical Telugu domain; no D prediction from that rule	Ø	ṭ	short	a	singleton-and-geminate-formations	high
d84	d84	short-vowel-initial-singleton-apical	vowel-initial	Ø	short	retroflex-stop	singleton	a	low-a	verb/noun	short-vowel-initial-singleton-apical / low-a	short-vowel-initial-singleton-apical / retroflex-stop	short-vowel-initial-singleton-apical / a	eligible; obligatory application predicts D	Ø	ṭ	short	a	singleton	high
d88	d64+d88	short-vowel-initial-singleton-apical	vowel-initial	Ø	short	retroflex-stop	singleton	a	low-a	noun	short-vowel-initial-singleton-apical / low-a	short-vowel-initial-singleton-apical / retroflex-stop	short-vowel-initial-singleton-apical / a	eligible; obligatory application predicts D	Ø	ṭ	short	a	singleton	high
d89	d89	short-vowel-initial-singleton-apical	vowel-initial	Ø	short	retroflex-stop	singleton	a	low-a	noun	short-vowel-initial-singleton-apical / low-a	short-vowel-initial-singleton-apical / retroflex-stop	short-vowel-initial-singleton-apical / a	eligible; obligatory application predicts D	Ø	ṭ	short	a	singleton	low
d109	d109	nonapical-or-uncertain-input	vowel-initial	Ø	short	nonapical-or-uncertain	mixed/cluster/other	a	mixed/unknown-formative	noun/verb	nonapical-or-uncertain-input / mixed/unknown-formative	nonapical-or-uncertain-input / nonapical-or-uncertain	nonapical-or-uncertain-input / a	outside narrow classical Telugu domain; no D prediction from that rule	Ø	uncertain-apical	short	unknown	singleton/geminate/nasal-cluster-uncertain	low
d201	d201	nonapical-or-uncertain-input	consonant-initial	r	long	nonapical-or-uncertain	singleton	mixed/uncertain-vowel	low-a	noun	nonapical-or-uncertain-input / low-a	nonapical-or-uncertain-input / nonapical-or-uncertain	nonapical-or-uncertain-input / mixed/uncertain-vowel	outside narrow classical Telugu domain; no D prediction from that rule	r	j	long	a	singleton	high
d205	d205	short-vowel-initial-singleton-apical	vowel-initial	Ø	short	rhotic	singleton	a	mixed/unknown-formative	noun	short-vowel-initial-singleton-apical / mixed/unknown-formative	short-vowel-initial-singleton-apical / rhotic	short-vowel-initial-singleton-apical / a	eligible; obligatory application predicts D	Ø	r	short	unknown	singleton	low
d207	d207	short-vowel-initial-singleton-apical	vowel-initial	Ø	short	rhotic	singleton	a	mixed/unknown-formative	verb/noun	short-vowel-initial-singleton-apical / mixed/unknown-formative	short-vowel-initial-singleton-apical / rhotic	short-vowel-initial-singleton-apical / a	eligible; obligatory application predicts D	Ø	r	short	i/a	singleton	medium
d216	d216	short-vowel-initial-singleton-apical	vowel-initial	Ø	short	rhotic	singleton	a	high-i	noun/verb	short-vowel-initial-singleton-apical / high-i	short-vowel-initial-singleton-apical / rhotic	short-vowel-initial-singleton-apical / a	eligible; obligatory application predicts D	Ø	r	short	i	singleton	low
d222	d222	short-vowel-initial-singleton-apical	vowel-initial	Ø	short	rhotic	singleton	a	mixed/unknown-formative	verb/noun	short-vowel-initial-singleton-apical / mixed/unknown-formative	short-vowel-initial-singleton-apical / rhotic	short-vowel-initial-singleton-apical / a	eligible; obligatory application predicts D	Ø	r	short	u/i	singleton	high
d227	d227	short-vowel-initial-singleton-apical	vowel-initial	Ø	short	rhotic	singleton	a	high-u	noun/verb	short-vowel-initial-singleton-apical / high-u	short-vowel-initial-singleton-apical / rhotic	short-vowel-initial-singleton-apical / a	eligible; obligatory application predicts D	Ø	r	short	u	singleton	high
d232	d232	short-strong-or-mixed-structure	vowel-initial	Ø	short	rhotic	mixed/cluster/other	a	mixed/unknown-formative	verb/noun	short-strong-or-mixed-structure / mixed/unknown-formative	short-strong-or-mixed-structure / rhotic	short-strong-or-mixed-structure / a	outside narrow classical Telugu domain; no D prediction from that rule	Ø	r	short	unknown	cluster-or-syncopated-unknown	low
d244	d244	short-vowel-initial-singleton-apical	vowel-initial	Ø	short	lateral	singleton	a	mixed/unknown-formative	noun	short-vowel-initial-singleton-apical / mixed/unknown-formative	short-vowel-initial-singleton-apical / lateral	short-vowel-initial-singleton-apical / a	eligible; obligatory application predicts D	Ø	l	short	a/u	singleton	low
d245	d245	short-vowel-initial-singleton-apical	vowel-initial	Ø	short	lateral	singleton	a	low-a	verb/noun	short-vowel-initial-singleton-apical / low-a	short-vowel-initial-singleton-apical / lateral	short-vowel-initial-singleton-apical / a	eligible; obligatory application predicts D	Ø	l	short	a	singleton	high
d246	d246	short-vowel-initial-singleton-apical	vowel-initial	Ø	short	lateral	singleton	a	mixed/unknown-formative	verb/noun	short-vowel-initial-singleton-apical / mixed/unknown-formative	short-vowel-initial-singleton-apical / lateral	short-vowel-initial-singleton-apical / a	eligible; obligatory application predicts D	Ø	l	short	a/u	singleton	high
d247	d247	short-vowel-initial-singleton-apical	vowel-initial	Ø	short	lateral	singleton	a	low-a	verb/noun	short-vowel-initial-singleton-apical / low-a	short-vowel-initial-singleton-apical / lateral	short-vowel-initial-singleton-apical / a	eligible; obligatory application predicts D	Ø	l	short	a	singleton	high
d248	d248	short-vowel-initial-singleton-apical	vowel-initial	Ø	short	lateral	singleton	a	low-a	noun/verb	short-vowel-initial-singleton-apical / low-a	short-vowel-initial-singleton-apical / lateral	short-vowel-initial-singleton-apical / a	eligible; obligatory application predicts D	Ø	l	short	a	singleton	medium
d249	d249	short-vowel-initial-singleton-apical	vowel-initial	Ø	short	lateral	singleton	a	low-a	verb/noun	short-vowel-initial-singleton-apical / low-a	short-vowel-initial-singleton-apical / lateral	short-vowel-initial-singleton-apical / a	eligible; obligatory application predicts D	Ø	l	short	a	singleton	low
d259	d259+d260	short-vowel-initial-singleton-apical	vowel-initial	Ø	short	lateral	singleton	a	consonantal/no-vowel	noun	short-vowel-initial-singleton-apical / consonantal/no-vowel	short-vowel-initial-singleton-apical / lateral	short-vowel-initial-singleton-apical / a	eligible; obligatory application predicts D	Ø	l	short	Ø	singleton	medium
d260	d259+d260	short-strong-or-mixed-structure	vowel-initial	Ø	short	lateral	mixed/cluster/other	a	consonantal/no-vowel	verb/noun	short-strong-or-mixed-structure / consonantal/no-vowel	short-strong-or-mixed-structure / lateral	short-strong-or-mixed-structure / a	outside narrow classical Telugu domain; no D prediction from that rule	Ø	l	short	Ø	singleton-and-geminate-formations	high
d276	d276	short-vowel-initial-singleton-apical	vowel-initial	Ø	short	retroflex-approximant	singleton	a	mixed/unknown-formative	verb/noun	short-vowel-initial-singleton-apical / mixed/unknown-formative	short-vowel-initial-singleton-apical / retroflex-approximant	short-vowel-initial-singleton-apical / a	eligible; obligatory application predicts D	Ø	ẓ	short	a/u	singleton	high
d277	d277	short-vowel-initial-singleton-apical	vowel-initial	Ø	short	retroflex-approximant	singleton	a	high-i	verb/noun	short-vowel-initial-singleton-apical / high-i	short-vowel-initial-singleton-apical / retroflex-approximant	short-vowel-initial-singleton-apical / a	eligible; obligatory application predicts D	Ø	ẓ	short	i	singleton	high
d281	d281	short-vowel-initial-singleton-apical	vowel-initial	Ø	short	retroflex-approximant	singleton	a	high-i	noun/verb	short-vowel-initial-singleton-apical / high-i	short-vowel-initial-singleton-apical / retroflex-approximant	short-vowel-initial-singleton-apical / a	eligible; obligatory application predicts D	Ø	ẓ	short	i	singleton	high
d282	d282	short-vowel-initial-singleton-apical	vowel-initial	Ø	short	retroflex-approximant	singleton	a	mixed/unknown-formative	verb/noun	short-vowel-initial-singleton-apical / mixed/unknown-formative	short-vowel-initial-singleton-apical / retroflex-approximant	short-vowel-initial-singleton-apical / a	eligible; obligatory application predicts D	Ø	ẓ	short	u/a	singleton	high
d285	d285	short-vowel-initial-singleton-apical	vowel-initial	Ø	short	retroflex-approximant	singleton	a	high-u	verb/noun	short-vowel-initial-singleton-apical / high-u	short-vowel-initial-singleton-apical / retroflex-approximant	short-vowel-initial-singleton-apical / a	eligible; obligatory application predicts D	Ø	ẓ	short	u	singleton	high
d295	d291+d295	short-vowel-initial-singleton-apical	vowel-initial	Ø	short	lateral	singleton	a	low-a	verb/noun	short-vowel-initial-singleton-apical / low-a	short-vowel-initial-singleton-apical / lateral	short-vowel-initial-singleton-apical / a	eligible; obligatory application predicts D	Ø	ḷ	short	a	singleton	high
d296	d296	short-vowel-initial-singleton-apical	vowel-initial	Ø	short	lateral	singleton	a	low-a	verb	short-vowel-initial-singleton-apical / low-a	short-vowel-initial-singleton-apical / lateral	short-vowel-initial-singleton-apical / a	eligible; obligatory application predicts D	Ø	ḷ	short	a	singleton	high
d298	d298	short-vowel-initial-singleton-apical	vowel-initial	Ø	short	lateral	singleton	a	mixed/unknown-formative	noun/adjective	short-vowel-initial-singleton-apical / mixed/unknown-formative	short-vowel-initial-singleton-apical / lateral	short-vowel-initial-singleton-apical / a	eligible; obligatory application predicts D	Ø	ḷ	short	a/u	singleton	medium
d299	d299	short-vowel-initial-singleton-apical	vowel-initial	Ø	short	lateral	singleton	a	low-a	noun	short-vowel-initial-singleton-apical / low-a	short-vowel-initial-singleton-apical / lateral	short-vowel-initial-singleton-apical / a	eligible; obligatory application predicts D	Ø	ḷ	short	a	singleton	high
d301	d301	short-vowel-initial-singleton-apical	vowel-initial	Ø	short	lateral	singleton	a	high-i	verb/noun	short-vowel-initial-singleton-apical / high-i	short-vowel-initial-singleton-apical / lateral	short-vowel-initial-singleton-apical / a	eligible; obligatory application predicts D	Ø	ḷ	short	i	singleton	high
d303	d303	short-vowel-initial-singleton-apical	vowel-initial	Ø	short	lateral	singleton	a	mixed/unknown-formative	noun	short-vowel-initial-singleton-apical / mixed/unknown-formative	short-vowel-initial-singleton-apical / lateral	short-vowel-initial-singleton-apical / a	eligible; obligatory application predicts D	Ø	ḷ	short	a/i	singleton	medium
d304	d304	short-vowel-initial-singleton-apical	vowel-initial	Ø	short	lateral	singleton	a	mixed/unknown-formative	verb/noun	short-vowel-initial-singleton-apical / mixed/unknown-formative	short-vowel-initial-singleton-apical / lateral	short-vowel-initial-singleton-apical / a	eligible; obligatory application predicts D	Ø	ḷ	short	u/a	singleton	medium
d305	d305	short-vowel-initial-singleton-apical	vowel-initial	Ø	short	lateral	singleton	a	mixed/unknown-formative	verb	short-vowel-initial-singleton-apical / mixed/unknown-formative	short-vowel-initial-singleton-apical / lateral	short-vowel-initial-singleton-apical / a	eligible; obligatory application predicts D	Ø	l/ḷ	short	unknown	singleton	medium
d314	d314	short-vowel-initial-singleton-apical	vowel-initial	Ø	short	alveolar	singleton	a	mixed/unknown-formative	verb/noun	short-vowel-initial-singleton-apical / mixed/unknown-formative	short-vowel-initial-singleton-apical / alveolar	short-vowel-initial-singleton-apical / a	eligible; obligatory application predicts D	Ø	ṯ	short	unknown	singleton	high
d321	d321	short-vowel-initial-singleton-apical	vowel-initial	Ø	short	alveolar	singleton	a	low-a	noun	short-vowel-initial-singleton-apical / low-a	short-vowel-initial-singleton-apical / alveolar	short-vowel-initial-singleton-apical / a	eligible; obligatory application predicts D	Ø	ṯ	short	a	singleton	high
d203	d203	short-vowel-initial-singleton-apical	vowel-initial	Ø	short	rhotic	singleton	a	low-a	noun	short-vowel-initial-singleton-apical / low-a	short-vowel-initial-singleton-apical / rhotic	short-vowel-initial-singleton-apical / a	eligible; obligatory application predicts D	Ø	r	short	a	singleton	medium
d211	d211	short-vowel-initial-singleton-apical	vowel-initial	Ø	short	rhotic	singleton	a	low-a	noun	short-vowel-initial-singleton-apical / low-a	short-vowel-initial-singleton-apical / rhotic	short-vowel-initial-singleton-apical / a	eligible; obligatory application predicts D	Ø	r	short	a	singleton	medium
d215	d215	short-vowel-initial-singleton-apical	vowel-initial	Ø	short	rhotic	singleton	a	high-i	noun	short-vowel-initial-singleton-apical / high-i	short-vowel-initial-singleton-apical / rhotic	short-vowel-initial-singleton-apical / a	eligible; obligatory application predicts D	Ø	r	short	i	singleton	medium
d241	d241	short-strong-or-mixed-structure	vowel-initial	Ø	short	lateral	mixed/cluster/other	a	low-a	noun	short-strong-or-mixed-structure / low-a	short-strong-or-mixed-structure / lateral	short-strong-or-mixed-structure / a	outside narrow classical Telugu domain; no D prediction from that rule	Ø	l	short	a	singleton-and-geminate-formations	low
d242	d242	short-vowel-initial-singleton-apical	vowel-initial	Ø	short	lateral	singleton	a	low-a	noun	short-vowel-initial-singleton-apical / low-a	short-vowel-initial-singleton-apical / lateral	short-vowel-initial-singleton-apical / a	eligible; obligatory application predicts D	Ø	l	short	a	singleton	medium
d256	d256	short-strong-or-mixed-structure	vowel-initial	Ø	short	lateral	geminate	a	high-i	noun	short-strong-or-mixed-structure / high-i	short-strong-or-mixed-structure / lateral	short-strong-or-mixed-structure / a	outside narrow classical Telugu domain; no D prediction from that rule	Ø	l	short	i	geminate	high
d257	d257	short-strong-or-mixed-structure	vowel-initial	Ø	short	lateral	mixed/cluster/other	a	mixed/unknown-formative	noun	short-strong-or-mixed-structure / mixed/unknown-formative	short-strong-or-mixed-structure / lateral	short-strong-or-mixed-structure / a	outside narrow classical Telugu domain; no D prediction from that rule	Ø	l	short	i/a	singleton-and-geminate-formations	medium
d291	d291+d295	short-vowel-initial-singleton-apical	vowel-initial	Ø	short	lateral	singleton	a	low-a	noun/adjective	short-vowel-initial-singleton-apical / low-a	short-vowel-initial-singleton-apical / lateral	short-vowel-initial-singleton-apical / a	eligible; obligatory application predicts D	Ø	ḷ	short	a	singleton	high
d306	d306	short-vowel-initial-singleton-apical	vowel-initial	Ø	short	lateral	singleton	a	high-u	verb/noun	short-vowel-initial-singleton-apical / high-u	short-vowel-initial-singleton-apical / lateral	short-vowel-initial-singleton-apical / a	eligible; obligatory application predicts D	Ø	ḷ	short	u	singleton	high
d307	d307	short-vowel-initial-singleton-apical	vowel-initial	Ø	short	lateral	singleton	a	mixed/unknown-formative	verb/noun	short-vowel-initial-singleton-apical / mixed/unknown-formative	short-vowel-initial-singleton-apical / lateral	short-vowel-initial-singleton-apical / a	eligible; obligatory application predicts D	Ø	ḷ	short	unknown	singleton	medium
d308	d308	short-vowel-initial-singleton-apical	vowel-initial	Ø	short	lateral	singleton	a	low-a	noun	short-vowel-initial-singleton-apical / low-a	short-vowel-initial-singleton-apical / lateral	short-vowel-initial-singleton-apical / a	eligible; obligatory application predicts D	Ø	ḷ	short	a	singleton	high
d310	d310	short-vowel-initial-singleton-apical	vowel-initial	Ø	short	alveolar	singleton	a	low-a	noun	short-vowel-initial-singleton-apical / low-a	short-vowel-initial-singleton-apical / alveolar	short-vowel-initial-singleton-apical / a	eligible; obligatory application predicts D	Ø	ṯ	short	a	singleton	medium
d313	d313	short-vowel-initial-singleton-apical	vowel-initial	Ø	short	rhotic-or-alveolar	singleton	a	mixed/unknown-formative	proper noun/ethnonym	short-vowel-initial-singleton-apical / mixed/unknown-formative	short-vowel-initial-singleton-apical / rhotic-or-alveolar	short-vowel-initial-singleton-apical / a	eligible; obligatory application predicts D	Ø	r/ṟ	short	u/a	singleton	low
d315	d315	short-vowel-initial-singleton-apical	vowel-initial	Ø	short	alveolar	singleton	a	high-u	verb/noun	short-vowel-initial-singleton-apical / high-u	short-vowel-initial-singleton-apical / alveolar	short-vowel-initial-singleton-apical / a	eligible; obligatory application predicts D	Ø	ṯ	short	u	singleton	high
d316	d316	short-vowel-initial-singleton-apical	vowel-initial	Ø	short	alveolar	singleton	a	mixed/unknown-formative	verb/noun	short-vowel-initial-singleton-apical / mixed/unknown-formative	short-vowel-initial-singleton-apical / alveolar	short-vowel-initial-singleton-apical / a	eligible; obligatory application predicts D	Ø	ṯ	short	u/a	singleton	high
d317	d317	short-vowel-initial-singleton-apical	vowel-initial	Ø	short	alveolar	singleton	a	high-u	verb/noun	short-vowel-initial-singleton-apical / high-u	short-vowel-initial-singleton-apical / alveolar	short-vowel-initial-singleton-apical / a	eligible; obligatory application predicts D	Ø	ṯ	short	u	singleton	medium
d318	d318	short-vowel-initial-singleton-apical	vowel-initial	Ø	short	alveolar	singleton	a	mixed/unknown-formative	noun	short-vowel-initial-singleton-apical / mixed/unknown-formative	short-vowel-initial-singleton-apical / alveolar	short-vowel-initial-singleton-apical / a	eligible; obligatory application predicts D	Ø	ṯ	short	u/a/i	singleton	medium
d319	d319	short-vowel-initial-singleton-apical	vowel-initial	Ø	short	alveolar	singleton	a	low-a	verb/noun	short-vowel-initial-singleton-apical / low-a	short-vowel-initial-singleton-apical / alveolar	short-vowel-initial-singleton-apical / a	eligible; obligatory application predicts D	Ø	ṯ	short	a	singleton	high
d322	d322	short-strong-or-mixed-structure	vowel-initial	Ø	short	alveolar	mixed/cluster/other	a	low-a	noun	short-strong-or-mixed-structure / low-a	short-strong-or-mixed-structure / alveolar	short-strong-or-mixed-structure / a	outside narrow classical Telugu domain; no D prediction from that rule	Ø	ṯ	short	a	singleton-and-geminate-formations	high
d328	d328	nasal-or-nasal-cluster-input	vowel-initial	Ø	short	nasal	singleton	a	mixed/unknown-formative	adjective/noun	nasal-or-nasal-cluster-input / mixed/unknown-formative	nasal-or-nasal-cluster-input / nasal	nasal-or-nasal-cluster-input / a	outside narrow classical Telugu domain; no D prediction from that rule	Ø	n	short	u/a	singleton	medium
d329	d329	nasal-or-nasal-cluster-input	vowel-initial	Ø	short	nasal	singleton	a	high-u	verb/noun	nasal-or-nasal-cluster-input / high-u	nasal-or-nasal-cluster-input / nasal	nasal-or-nasal-cluster-input / a	outside narrow classical Telugu domain; no D prediction from that rule	Ø	n	short	u	singleton	high
d432	d432	short-vowel-initial-singleton-apical	vowel-initial	Ø	short	retroflex-stop	singleton	i	mixed/unknown-formative	verb/noun	short-vowel-initial-singleton-apical / mixed/unknown-formative	short-vowel-initial-singleton-apical / retroflex-stop	short-vowel-initial-singleton-apical / i	eligible; obligatory application predicts D	Ø	ṭ	short	i/a	singleton	high
d434	d434+d448	short-vowel-initial-singleton-apical	vowel-initial	Ø	short	retroflex-stop	singleton	i	low-a	noun	short-vowel-initial-singleton-apical / low-a	short-vowel-initial-singleton-apical / retroflex-stop	short-vowel-initial-singleton-apical / i	eligible; obligatory application predicts D	Ø	ṭ	short	a	singleton	high
d435	d435	short-vowel-initial-singleton-apical	vowel-initial	Ø	short	retroflex-stop	singleton	i	mixed/unknown-formative	noun/verb	short-vowel-initial-singleton-apical / mixed/unknown-formative	short-vowel-initial-singleton-apical / retroflex-stop	short-vowel-initial-singleton-apical / i	eligible; obligatory application predicts D	Ø	ṭ	short	a/u	singleton	medium
d437	d437	short-vowel-initial-singleton-apical	vowel-initial	Ø	short	retroflex-stop	singleton	i	low-a	verb	short-vowel-initial-singleton-apical / low-a	short-vowel-initial-singleton-apical / retroflex-stop	short-vowel-initial-singleton-apical / i	eligible; obligatory application predicts D	Ø	ṭ	short	a	singleton	medium
d439	d439	short-vowel-initial-singleton-apical	vowel-initial	Ø	short	retroflex-stop	singleton	i	high-i	noun	short-vowel-initial-singleton-apical / high-i	short-vowel-initial-singleton-apical / retroflex-stop	short-vowel-initial-singleton-apical / i	eligible; obligatory application predicts D	Ø	ṭ	short	i	singleton	high
d442	d442	short-vowel-initial-singleton-apical	vowel-initial	Ø	short	retroflex-stop	singleton	i	high-u	verb/noun	short-vowel-initial-singleton-apical / high-u	short-vowel-initial-singleton-apical / retroflex-stop	short-vowel-initial-singleton-apical / i	eligible; obligatory application predicts D	Ø	ṭ	short	u	singleton	high
d443	d443	short-vowel-initial-singleton-apical	vowel-initial	Ø	short	retroflex-stop	singleton	i	high-i	verb/noun	short-vowel-initial-singleton-apical / high-i	short-vowel-initial-singleton-apical / retroflex-stop	short-vowel-initial-singleton-apical / i	eligible; obligatory application predicts D	Ø	ṭ	short	i	singleton	high
d445	d445	short-strong-or-mixed-structure	vowel-initial	Ø	short	retroflex-stop	geminate	i	low-a	adjective/noun/verb	short-strong-or-mixed-structure / low-a	short-strong-or-mixed-structure / retroflex-stop	short-strong-or-mixed-structure / i	outside narrow classical Telugu domain; no D prediction from that rule	Ø	ṭ	short	a	geminate	high
d446	d446	short-vowel-initial-singleton-apical	vowel-initial	Ø	short	retroflex-stop	singleton	i	low-a	verb/adjective	short-vowel-initial-singleton-apical / low-a	short-vowel-initial-singleton-apical / retroflex-stop	short-vowel-initial-singleton-apical / i	eligible; obligatory application predicts D	Ø	ṭ	short	a	singleton	high
d447	d447	short-vowel-initial-singleton-apical	vowel-initial	Ø	short	retroflex-stop	singleton	i	low-a	verb	short-vowel-initial-singleton-apical / low-a	short-vowel-initial-singleton-apical / retroflex-stop	short-vowel-initial-singleton-apical / i	eligible; obligatory application predicts D	Ø	ṭ	short	a	singleton	medium
d448	d434+d448	short-vowel-initial-singleton-apical	vowel-initial	Ø	short	retroflex-stop	singleton	i	low-a	noun	short-vowel-initial-singleton-apical / low-a	short-vowel-initial-singleton-apical / retroflex-stop	short-vowel-initial-singleton-apical / i	eligible; obligatory application predicts D	Ø	ṭ	short	a	singleton	high
d449	d449	short-vowel-initial-singleton-apical	vowel-initial	Ø	short	retroflex-stop	singleton	i	low-a	noun/adjective	short-vowel-initial-singleton-apical / low-a	short-vowel-initial-singleton-apical / retroflex-stop	short-vowel-initial-singleton-apical / i	eligible; obligatory application predicts D	Ø	ṭ	short	a	singleton	high
d455	d455	short-strong-or-mixed-structure	vowel-initial	Ø	short	retroflex-stop	geminate	i	low-a	noun	short-strong-or-mixed-structure / low-a	short-strong-or-mixed-structure / retroflex-stop	short-strong-or-mixed-structure / i	outside narrow classical Telugu domain; no D prediction from that rule	Ø	ṭ	short	a	geminate	high
d444	d444	short-vowel-initial-singleton-apical	vowel-initial	Ø	short	retroflex-stop	singleton	i	high-u	verb/noun	short-vowel-initial-singleton-apical / high-u	short-vowel-initial-singleton-apical / retroflex-stop	short-vowel-initial-singleton-apical / i	eligible; obligatory application predicts D	Ø	ṭ	short	u	singleton	medium
d451	d451	short-vowel-initial-singleton-apical	vowel-initial	Ø	short	retroflex-rhotic	singleton	mixed/uncertain-vowel	mixed/unknown-formative	verb	short-vowel-initial-singleton-apical / mixed/unknown-formative	short-vowel-initial-singleton-apical / retroflex-rhotic	short-vowel-initial-singleton-apical / mixed/uncertain-vowel	eligible; obligatory application predicts D	Ø	ṛ	short	unknown	singleton	medium
d452	d452	short-vowel-initial-singleton-apical	vowel-initial	Ø	short	retroflex-stop	singleton	i	mixed/unknown-formative	noun	short-vowel-initial-singleton-apical / mixed/unknown-formative	short-vowel-initial-singleton-apical / retroflex-stop	short-vowel-initial-singleton-apical / i	eligible; obligatory application predicts D	Ø	ṭ	short	unknown	singleton	medium
d453	d453	short-vowel-initial-singleton-apical	vowel-initial	Ø	short	retroflex-stop	singleton	i	mixed/unknown-formative	verb/noun	short-vowel-initial-singleton-apical / mixed/unknown-formative	short-vowel-initial-singleton-apical / retroflex-stop	short-vowel-initial-singleton-apical / i	eligible; obligatory application predicts D	Ø	ṭ	short	unknown	singleton	medium
d454	d454	short-strong-or-mixed-structure	vowel-initial	Ø	short	retroflex-stop	geminate	i	mixed/unknown-formative	noun	short-strong-or-mixed-structure / mixed/unknown-formative	short-strong-or-mixed-structure / retroflex-stop	short-strong-or-mixed-structure / i	outside narrow classical Telugu domain; no D prediction from that rule	Ø	ṭ	short	a/i	geminate	high
d457	d457	nasal-or-nasal-cluster-input	vowel-initial	Ø	short	nasal	singleton	i	low-a	verb/noun	nasal-or-nasal-cluster-input / low-a	nasal-or-nasal-cluster-input / nasal	nasal-or-nasal-cluster-input / i	outside narrow classical Telugu domain; no D prediction from that rule	Ø	ṇ	short	a	singleton	high
d472	d472	short-vowel-initial-singleton-apical	vowel-initial	Ø	short	rhotic	singleton	i	low-a	verb/noun	short-vowel-initial-singleton-apical / low-a	short-vowel-initial-singleton-apical / rhotic	short-vowel-initial-singleton-apical / i	eligible; obligatory application predicts D	Ø	r	short	a	singleton	high
d490	d490	short-vowel-initial-singleton-apical	vowel-initial	Ø	short	rhotic	singleton	i	low-a	noun	short-vowel-initial-singleton-apical / low-a	short-vowel-initial-singleton-apical / rhotic	short-vowel-initial-singleton-apical / i	eligible; obligatory application predicts D	Ø	r	short	a	singleton	high
d474	d474	mixed-or-uncertain-quantity	vowel-initial	Ø	mixed/uncertain-quantity	rhotic	singleton	i	mixed/unknown-formative	numeral	mixed-or-uncertain-quantity / mixed/unknown-formative	mixed-or-uncertain-quantity / rhotic	mixed-or-uncertain-quantity / i	outside narrow classical Telugu domain; no D prediction from that rule	Ø	r	short-and-long-bound-allomorphs	a/u	singleton	high
d475	d475	short-vowel-initial-singleton-apical	vowel-initial	Ø	short	mixed-apical	singleton	i	low-a	noun	short-vowel-initial-singleton-apical / low-a	short-vowel-initial-singleton-apical / mixed-apical	short-vowel-initial-singleton-apical / i	eligible; obligatory application predicts D	Ø	r/l	short	a	singleton	medium
d476	d476	short-vowel-initial-singleton-apical	vowel-initial	Ø	short	rhotic	singleton	i	low-a	noun	short-vowel-initial-singleton-apical / low-a	short-vowel-initial-singleton-apical / rhotic	short-vowel-initial-singleton-apical / i	eligible; obligatory application predicts D	Ø	r	short	a	singleton	medium
d477	d477	short-vowel-initial-singleton-apical	vowel-initial	Ø	short	rhotic-or-alveolar	singleton	i	low-a	noun	short-vowel-initial-singleton-apical / low-a	short-vowel-initial-singleton-apical / rhotic-or-alveolar	short-vowel-initial-singleton-apical / i	eligible; obligatory application predicts D	Ø	r/ṟ	short	a	singleton	medium
d480	d480	short-vowel-initial-singleton-apical	vowel-initial	Ø	short	rhotic	singleton	i	mixed/unknown-formative	verb/noun	short-vowel-initial-singleton-apical / mixed/unknown-formative	short-vowel-initial-singleton-apical / rhotic	short-vowel-initial-singleton-apical / i	eligible; obligatory application predicts D	Ø	r	short	u/a	singleton	high
d481	d481	short-vowel-initial-singleton-apical	vowel-initial	Ø	short	rhotic	singleton	i	high-u	adjective	short-vowel-initial-singleton-apical / high-u	short-vowel-initial-singleton-apical / rhotic	short-vowel-initial-singleton-apical / i	eligible; obligatory application predicts D	Ø	r	short	u	singleton	medium
d483	d483	short-vowel-initial-singleton-apical	vowel-initial	Ø	short	rhotic	singleton	i	high-u	noun	short-vowel-initial-singleton-apical / high-u	short-vowel-initial-singleton-apical / rhotic	short-vowel-initial-singleton-apical / i	eligible; obligatory application predicts D	Ø	r	short	u	singleton	low
d484	d484	short-vowel-initial-singleton-apical	vowel-initial	Ø	short	rhotic	singleton	i	high-u	noun	short-vowel-initial-singleton-apical / high-u	short-vowel-initial-singleton-apical / rhotic	short-vowel-initial-singleton-apical / i	eligible; obligatory application predicts D	Ø	r	short	u	singleton	high
d485	d485	short-vowel-initial-singleton-apical	vowel-initial	Ø	short	rhotic	singleton	i	high-u	noun	short-vowel-initial-singleton-apical / high-u	short-vowel-initial-singleton-apical / rhotic	short-vowel-initial-singleton-apical / i	eligible; obligatory application predicts D	Ø	r	short	u	singleton	high
d486	d486	short-vowel-initial-singleton-apical	vowel-initial	Ø	short	rhotic	singleton	i	high-u	noun	short-vowel-initial-singleton-apical / high-u	short-vowel-initial-singleton-apical / rhotic	short-vowel-initial-singleton-apical / i	eligible; obligatory application predicts D	Ø	r	short	u	singleton	high
d489	d489	short-vowel-initial-singleton-apical	vowel-initial	Ø	short	rhotic	singleton	i	mixed/unknown-formative	verb/noun	short-vowel-initial-singleton-apical / mixed/unknown-formative	short-vowel-initial-singleton-apical / rhotic	short-vowel-initial-singleton-apical / i	eligible; obligatory application predicts D	Ø	r	short	a/u	singleton	low
d494	d494	short-strong-or-mixed-structure	vowel-initial	Ø	short	lateral	mixed/cluster/other	i	consonantal/no-vowel	noun	short-strong-or-mixed-structure / consonantal/no-vowel	short-strong-or-mixed-structure / lateral	short-strong-or-mixed-structure / i	outside narrow classical Telugu domain; no D prediction from that rule	Ø	l	short	none	root-final-singleton-with-strengthened-free-forms	high
d495	d495	short-vowel-initial-singleton-apical	vowel-initial	Ø	short	lateral	singleton	i	low-a	noun	short-vowel-initial-singleton-apical / low-a	short-vowel-initial-singleton-apical / lateral	short-vowel-initial-singleton-apical / i	eligible; obligatory application predicts D	Ø	l	short	a	singleton	medium
d499	d499	short-strong-or-mixed-structure	vowel-initial	Ø	short	lateral	geminate	i	mixed/unknown-formative	noun	short-strong-or-mixed-structure / mixed/unknown-formative	short-strong-or-mixed-structure / lateral	short-strong-or-mixed-structure / i	outside narrow classical Telugu domain; no D prediction from that rule	Ø	ll	short	ā	geminate	low
d502	d502	short-vowel-initial-singleton-apical	vowel-initial	Ø	short	retroflex-approximant	singleton	i	mixed/unknown-formative	verb	short-vowel-initial-singleton-apical / mixed/unknown-formative	short-vowel-initial-singleton-apical / retroflex-approximant	short-vowel-initial-singleton-apical / i	eligible; obligatory application predicts D	Ø	ẓ	short	i/zero	singleton	high
d504	d504	mixed-or-uncertain-quantity	vowel-initial	Ø	mixed/uncertain-quantity	retroflex-approximant	singleton	mixed/uncertain-vowel	high-u	verb	mixed-or-uncertain-quantity / high-u	mixed-or-uncertain-quantity / retroflex-approximant	mixed-or-uncertain-quantity / mixed/uncertain-vowel	outside narrow classical Telugu domain; no D prediction from that rule	Ø	ẓ	mixed/uncertain	u	singleton	medium
d507	d507	short-vowel-initial-singleton-apical	vowel-initial	Ø	short	retroflex-approximant	singleton	i	low-a	verb	short-vowel-initial-singleton-apical / low-a	short-vowel-initial-singleton-apical / retroflex-approximant	short-vowel-initial-singleton-apical / i	eligible; obligatory application predicts D	Ø	ẓ	short	a	singleton	low
d508	d508	short-vowel-initial-singleton-apical	vowel-initial	Ø	short	retroflex-approximant	singleton	i	low-a	verb	short-vowel-initial-singleton-apical / low-a	short-vowel-initial-singleton-apical / retroflex-approximant	short-vowel-initial-singleton-apical / i	eligible; obligatory application predicts D	Ø	ẓ	short	a	singleton	low
d512	d512	short-vowel-initial-singleton-apical	vowel-initial	Ø	short	lateral	singleton	i	low-a	verb/noun	short-vowel-initial-singleton-apical / low-a	short-vowel-initial-singleton-apical / lateral	short-vowel-initial-singleton-apical / i	eligible; obligatory application predicts D	Ø	ḷ	short	a	singleton	medium
d513	d513	short-vowel-initial-singleton-apical	vowel-initial	Ø	short	lateral	singleton	mixed/uncertain-vowel	low-a	adjective/noun	short-vowel-initial-singleton-apical / low-a	short-vowel-initial-singleton-apical / lateral	short-vowel-initial-singleton-apical / mixed/uncertain-vowel	eligible; obligatory application predicts D	Ø	ḷ	short	a	singleton	high
d516	d516	short-vowel-initial-singleton-apical	vowel-initial	Ø	short	alveolar	singleton	mixed/uncertain-vowel	low-a	verb/noun	short-vowel-initial-singleton-apical / low-a	short-vowel-initial-singleton-apical / alveolar	short-vowel-initial-singleton-apical / mixed/uncertain-vowel	eligible; obligatory application predicts D	Ø	ṟ	short	a	singleton	high
d517	d517	short-vowel-initial-singleton-apical	vowel-initial	Ø	short	alveolar	singleton	mixed/uncertain-vowel	low-a	noun	short-vowel-initial-singleton-apical / low-a	short-vowel-initial-singleton-apical / alveolar	short-vowel-initial-singleton-apical / mixed/uncertain-vowel	eligible; obligatory application predicts D	Ø	ṟ	short	a	singleton	medium
d520	d520	short-vowel-initial-singleton-apical	vowel-initial	Ø	short	alveolar	singleton	i	mixed/unknown-formative	verb	short-vowel-initial-singleton-apical / mixed/unknown-formative	short-vowel-initial-singleton-apical / alveolar	short-vowel-initial-singleton-apical / i	eligible; obligatory application predicts D	Ø	ṟ	short	u/unknown	singleton	medium
d524	d524	short-vowel-initial-singleton-apical	vowel-initial	Ø	short	alveolar	singleton	i	high-u	verb/noun	short-vowel-initial-singleton-apical / high-u	short-vowel-initial-singleton-apical / alveolar	short-vowel-initial-singleton-apical / i	eligible; obligatory application predicts D	Ø	ṟ	short	u	singleton	high
d527	d527	short-vowel-initial-singleton-apical	vowel-initial	Ø	short	alveolar	singleton	mixed/uncertain-vowel	low-a	noun	short-vowel-initial-singleton-apical / low-a	short-vowel-initial-singleton-apical / alveolar	short-vowel-initial-singleton-apical / mixed/uncertain-vowel	eligible; obligatory application predicts D	Ø	ṟ	short	a	singleton	high
d528	d528	short-vowel-initial-singleton-apical	vowel-initial	Ø	short	alveolar	singleton	mixed/uncertain-vowel	low-a	noun	short-vowel-initial-singleton-apical / low-a	short-vowel-initial-singleton-apical / alveolar	short-vowel-initial-singleton-apical / mixed/uncertain-vowel	eligible; obligatory application predicts D	Ø	ṟ	short	a	singleton	high
d529	d529	short-vowel-initial-singleton-apical	vowel-initial	Ø	short	alveolar	singleton	i	low-a	noun/denominal verb	short-vowel-initial-singleton-apical / low-a	short-vowel-initial-singleton-apical / alveolar	short-vowel-initial-singleton-apical / i	eligible; obligatory application predicts D	Ø	ṟ	short	a	singleton	high
d533	d533	nonapical-or-uncertain-input	vowel-initial	Ø	long	nonapical-or-uncertain	mixed/cluster/other	mixed/uncertain-vowel	consonantal/no-vowel	noun	nonapical-or-uncertain-input / consonantal/no-vowel	nonapical-or-uncertain-input / nonapical-or-uncertain	nonapical-or-uncertain-input / mixed/uncertain-vowel	outside narrow classical Telugu domain; no D prediction from that rule	Ø	Ø	long	none	absent	high
d561	d561	nonapical-or-uncertain-input	vowel-initial	Ø	mixed/uncertain-quantity	nonapical-or-uncertain	singleton	mixed/uncertain-vowel	mixed/unknown-formative	noun	nonapical-or-uncertain-input / mixed/unknown-formative	nonapical-or-uncertain-input / nonapical-or-uncertain	nonapical-or-uncertain-input / mixed/uncertain-vowel	outside narrow classical Telugu domain; no D prediction from that rule	Ø	k	mixed/uncertain	i/u/unknown	singleton	low
d570	d570	nonapical-or-uncertain-input	vowel-initial	Ø	short	nonapical-or-uncertain	geminate	u	mixed/unknown-formative	noun	nonapical-or-uncertain-input / mixed/unknown-formative	nonapical-or-uncertain-input / nonapical-or-uncertain	nonapical-or-uncertain-input / u	outside narrow classical Telugu domain; no D prediction from that rule	Ø	kk	short	unknown	geminate	medium
d572	d572	nonapical-or-uncertain-input	vowel-initial	Ø	short	nonapical-or-uncertain	mixed/cluster/other	u	mixed/unknown-formative	noun	nonapical-or-uncertain-input / mixed/unknown-formative	nonapical-or-uncertain-input / nonapical-or-uncertain	nonapical-or-uncertain-input / u	outside narrow classical Telugu domain; no D prediction from that rule	Ø	ŋg	short	a/u	nasal-stop-cluster	high
d586	d586	short-vowel-initial-singleton-apical	vowel-initial	Ø	short	retroflex-stop	singleton	u	low-a	noun	short-vowel-initial-singleton-apical / low-a	short-vowel-initial-singleton-apical / retroflex-stop	short-vowel-initial-singleton-apical / u	eligible; obligatory application predicts D	Ø	ṭ	short	a	singleton	high
d536	d536	nonapical-or-uncertain-input	vowel-initial	Ø	long	nonapical-or-uncertain	singleton	mixed/uncertain-vowel	low-a	noun	nonapical-or-uncertain-input / low-a	nonapical-or-uncertain-input / nonapical-or-uncertain	nonapical-or-uncertain-input / mixed/uncertain-vowel	outside narrow classical Telugu domain; no D prediction from that rule	Ø	c/y	long	a	singleton	medium
d545	d545	long-apical-input	vowel-initial	Ø	long	rhotic	singleton	mixed/uncertain-vowel	consonantal/no-vowel	adjective/noun	long-apical-input / consonantal/no-vowel	long-apical-input / rhotic	long-apical-input / mixed/uncertain-vowel	outside narrow classical Telugu domain; no D prediction from that rule	Ø	r	long	none	singleton	high
d558	d558	nonapical-or-uncertain-input	vowel-initial	Ø	short	nonapical-or-uncertain	singleton	u	low-a	verb/noun	nonapical-or-uncertain-input / low-a	nonapical-or-uncertain-input / nonapical-or-uncertain	nonapical-or-uncertain-input / u	outside narrow classical Telugu domain; no D prediction from that rule	Ø	k/v	short	a	singleton	medium
d560	d560	nonapical-or-uncertain-input	vowel-initial	Ø	short	nonapical-or-uncertain	singleton	mixed/uncertain-vowel	low-a	noun	nonapical-or-uncertain-input / low-a	nonapical-or-uncertain-input / nonapical-or-uncertain	nonapical-or-uncertain-input / mixed/uncertain-vowel	outside narrow classical Telugu domain; no D prediction from that rule	Ø	k/v	short	a	singleton	medium
d562	d562	nonapical-or-uncertain-input	vowel-initial	Ø	short	nonapical-or-uncertain	singleton	u	mixed/unknown-formative	verb	nonapical-or-uncertain-input / mixed/unknown-formative	nonapical-or-uncertain-input / nonapical-or-uncertain	nonapical-or-uncertain-input / u	outside narrow classical Telugu domain; no D prediction from that rule	Ø	k	short	u/i	singleton	medium
d587	d587	short-vowel-initial-singleton-apical	vowel-initial	Ø	short	retroflex-stop	singleton	u	high-u	verb/noun	short-vowel-initial-singleton-apical / high-u	short-vowel-initial-singleton-apical / retroflex-stop	short-vowel-initial-singleton-apical / u	eligible; obligatory application predicts D	Ø	ṭ	short	u	singleton	high
d588	d588	short-vowel-initial-singleton-apical	vowel-initial	Ø	short	retroflex-stop	singleton	u	mixed/unknown-formative	verb/noun	short-vowel-initial-singleton-apical / mixed/unknown-formative	short-vowel-initial-singleton-apical / retroflex-stop	short-vowel-initial-singleton-apical / u	eligible; obligatory application predicts D	Ø	ṭ	short	u/i	singleton	medium
d589	d589	short-vowel-initial-singleton-apical	vowel-initial	Ø	short	retroflex-stop	singleton	u	high-u	noun	short-vowel-initial-singleton-apical / high-u	short-vowel-initial-singleton-apical / retroflex-stop	short-vowel-initial-singleton-apical / u	eligible; obligatory application predicts D	Ø	ṭ	short	u	singleton	high
d590	d590	short-vowel-initial-singleton-apical	vowel-initial	Ø	short	retroflex-stop	singleton	u	high-u	noun	short-vowel-initial-singleton-apical / high-u	short-vowel-initial-singleton-apical / retroflex-stop	short-vowel-initial-singleton-apical / u	eligible; obligatory application predicts D	Ø	ṭ/ḍ	short	u	singleton	medium
d592	d592	short-vowel-initial-singleton-apical	vowel-initial	Ø	short	retroflex-stop	singleton	u	high-u	noun	short-vowel-initial-singleton-apical / high-u	short-vowel-initial-singleton-apical / retroflex-stop	short-vowel-initial-singleton-apical / u	eligible; obligatory application predicts D	Ø	ṭ	short	u	singleton	high
d593	d593	short-vowel-initial-singleton-apical	vowel-initial	Ø	short	retroflex-stop	singleton	u	low-a	noun	short-vowel-initial-singleton-apical / low-a	short-vowel-initial-singleton-apical / retroflex-stop	short-vowel-initial-singleton-apical / u	eligible; obligatory application predicts D	Ø	ṭ	short	a	singleton	high
d648	d648	short-vowel-initial-singleton-apical	vowel-initial	Ø	short	rhotic	singleton	u	low-a	verb/noun	short-vowel-initial-singleton-apical / low-a	short-vowel-initial-singleton-apical / rhotic	short-vowel-initial-singleton-apical / u	eligible; obligatory application predicts D	Ø	r	short	a	singleton	medium
d649	d649	short-vowel-initial-singleton-apical	vowel-initial	Ø	short	rhotic	singleton	u	mixed/unknown-formative	noun/adjective/verb	short-vowel-initial-singleton-apical / mixed/unknown-formative	short-vowel-initial-singleton-apical / rhotic	short-vowel-initial-singleton-apical / u	eligible; obligatory application predicts D	Ø	r	short	a/zero	singleton	medium
d651	d651	short-vowel-initial-singleton-apical	vowel-initial	Ø	short	rhotic	singleton	u	low-a	noun	short-vowel-initial-singleton-apical / low-a	short-vowel-initial-singleton-apical / rhotic	short-vowel-initial-singleton-apical / u	eligible; obligatory application predicts D	Ø	r	short	a	singleton	high
d655	d655	short-vowel-initial-singleton-apical	vowel-initial	Ø	short	rhotic-or-alveolar	singleton	u	mixed/unknown-formative	noun/verb	short-vowel-initial-singleton-apical / mixed/unknown-formative	short-vowel-initial-singleton-apical / rhotic-or-alveolar	short-vowel-initial-singleton-apical / u	eligible; obligatory application predicts D	Ø	r/ṟ	short	i/u	singleton	medium
d656	d656	short-vowel-initial-singleton-apical	vowel-initial	Ø	short	rhotic	singleton	u	mixed/unknown-formative	verb/noun	short-vowel-initial-singleton-apical / mixed/unknown-formative	short-vowel-initial-singleton-apical / rhotic	short-vowel-initial-singleton-apical / u	eligible; obligatory application predicts D	Ø	r	short	u/i	singleton	high
d657	d657	short-vowel-initial-singleton-apical	vowel-initial	Ø	short	rhotic	singleton	u	mixed/unknown-formative	noun/verb	short-vowel-initial-singleton-apical / mixed/unknown-formative	short-vowel-initial-singleton-apical / rhotic	short-vowel-initial-singleton-apical / u	eligible; obligatory application predicts D	Ø	r	short	u/a	singleton	low
d658	d658	short-vowel-initial-singleton-apical	vowel-initial	Ø	short	rhotic	singleton	u	mixed/unknown-formative	verb	short-vowel-initial-singleton-apical / mixed/unknown-formative	short-vowel-initial-singleton-apical / rhotic	short-vowel-initial-singleton-apical / u	eligible; obligatory application predicts D	Ø	r	short	u/i	singleton	medium
d661	d661	short-vowel-initial-singleton-apical	vowel-initial	Ø	short	rhotic	singleton	u	high-u	verb/noun	short-vowel-initial-singleton-apical / high-u	short-vowel-initial-singleton-apical / rhotic	short-vowel-initial-singleton-apical / u	eligible; obligatory application predicts D	Ø	r	short	u	singleton	high
d663	d663	short-vowel-initial-singleton-apical	vowel-initial	Ø	short	rhotic	singleton	u	mixed/unknown-formative	verb	short-vowel-initial-singleton-apical / mixed/unknown-formative	short-vowel-initial-singleton-apical / rhotic	short-vowel-initial-singleton-apical / u	eligible; obligatory application predicts D	Ø	r	short	u/zero	singleton	high
d664	d664	short-vowel-initial-singleton-apical	vowel-initial	Ø	short	rhotic	singleton	u	mixed/unknown-formative	verb/noun	short-vowel-initial-singleton-apical / mixed/unknown-formative	short-vowel-initial-singleton-apical / rhotic	short-vowel-initial-singleton-apical / u	eligible; obligatory application predicts D	Ø	r	short	u/a	singleton	high
d665	d665	short-vowel-initial-singleton-apical	vowel-initial	Ø	short	rhotic	singleton	u	mixed/unknown-formative	verb/noun	short-vowel-initial-singleton-apical / mixed/unknown-formative	short-vowel-initial-singleton-apical / rhotic	short-vowel-initial-singleton-apical / u	eligible; obligatory application predicts D	Ø	r	short	a/u/zero	singleton	high
d666	d666	mixed-or-uncertain-quantity	vowel-initial	Ø	mixed/uncertain-quantity	rhotic	singleton	mixed/uncertain-vowel	mixed/unknown-formative	verb/noun	mixed-or-uncertain-quantity / mixed/unknown-formative	mixed-or-uncertain-quantity / rhotic	mixed-or-uncertain-quantity / mixed/uncertain-vowel	outside narrow classical Telugu domain; no D prediction from that rule	Ø	r	mixed/uncertain	zero/unknown	singleton	medium
d675	d675	short-vowel-initial-singleton-apical	vowel-initial	Ø	short	lateral	singleton	u	high-i	noun	short-vowel-initial-singleton-apical / high-i	short-vowel-initial-singleton-apical / lateral	short-vowel-initial-singleton-apical / u	eligible; obligatory application predicts D	Ø	l	short	i	singleton	medium
d676	d676	short-strong-or-mixed-structure	vowel-initial	Ø	short	lateral	geminate	u	low-a	noun	short-strong-or-mixed-structure / low-a	short-strong-or-mixed-structure / lateral	short-strong-or-mixed-structure / u	outside narrow classical Telugu domain; no D prediction from that rule	Ø	ll/ḷḷ	short	a	geminate	high
d686	d686+d689	short-vowel-initial-singleton-apical	vowel-initial	Ø	short	retroflex-approximant	singleton	u	mixed/unknown-formative	verb	short-vowel-initial-singleton-apical / mixed/unknown-formative	short-vowel-initial-singleton-apical / retroflex-approximant	short-vowel-initial-singleton-apical / u	eligible; obligatory application predicts D	Ø	ẓ	short	i/u/unknown	singleton	medium
d688	d688	short-vowel-initial-singleton-apical	vowel-initial	Ø	short	retroflex-approximant	singleton	u	mixed/unknown-formative	verb/noun	short-vowel-initial-singleton-apical / mixed/unknown-formative	short-vowel-initial-singleton-apical / retroflex-approximant	short-vowel-initial-singleton-apical / u	eligible; obligatory application predicts D	Ø	ẓ	short	u/zero	singleton	high
d689	d686+d689	short-vowel-initial-singleton-apical	vowel-initial	Ø	short	retroflex-approximant	singleton	u	mixed/unknown-formative	verb/noun	short-vowel-initial-singleton-apical / mixed/unknown-formative	short-vowel-initial-singleton-apical / retroflex-approximant	short-vowel-initial-singleton-apical / u	eligible; obligatory application predicts D	Ø	ẓ	short	u/zero	singleton	high
d690	d690	short-vowel-initial-singleton-apical	vowel-initial	Ø	short	retroflex-approximant	singleton	u	high-u	noun	short-vowel-initial-singleton-apical / high-u	short-vowel-initial-singleton-apical / retroflex-approximant	short-vowel-initial-singleton-apical / u	eligible; obligatory application predicts D	Ø	ẓ	short	u	singleton	high
d692	d692	short-vowel-initial-singleton-apical	vowel-initial	Ø	short	retroflex-approximant	singleton	u	mixed/unknown-formative	noun	short-vowel-initial-singleton-apical / mixed/unknown-formative	short-vowel-initial-singleton-apical / retroflex-approximant	short-vowel-initial-singleton-apical / u	eligible; obligatory application predicts D	Ø	ẓ	short	u/zero	singleton	medium
d693	d693	short-vowel-initial-singleton-apical	vowel-initial	Ø	short	retroflex-approximant	singleton	u	high-u	noun	short-vowel-initial-singleton-apical / high-u	short-vowel-initial-singleton-apical / retroflex-approximant	short-vowel-initial-singleton-apical / u	eligible; obligatory application predicts D	Ø	ẓ	short	u	singleton	medium
d694	d694	short-vowel-initial-singleton-apical	vowel-initial	Ø	short	retroflex-approximant	singleton	u	high-u	noun	short-vowel-initial-singleton-apical / high-u	short-vowel-initial-singleton-apical / retroflex-approximant	short-vowel-initial-singleton-apical / u	eligible; obligatory application predicts D	Ø	ẓ	short	u	singleton	high
d695	d695	mixed-or-uncertain-quantity	vowel-initial	Ø	mixed/uncertain-quantity	retroflex-approximant	singleton	mixed/uncertain-vowel	mixed/unknown-formative	verb/noun	mixed-or-uncertain-quantity / mixed/unknown-formative	mixed-or-uncertain-quantity / retroflex-approximant	mixed-or-uncertain-quantity / mixed/uncertain-vowel	outside narrow classical Telugu domain; no D prediction from that rule	Ø	ẓ	mixed/uncertain	zero/unknown	singleton	medium
d696	d696	short-vowel-initial-singleton-apical	vowel-initial	Ø	short	mixed-apical	singleton	u	consonantal/no-vowel	noun/verb	short-vowel-initial-singleton-apical / consonantal/no-vowel	short-vowel-initial-singleton-apical / mixed-apical	short-vowel-initial-singleton-apical / u	eligible; obligatory application predicts D	Ø	r/ẓ	short	zero	singleton	medium
d672	d672	short-vowel-initial-singleton-apical	vowel-initial	Ø	short	lateral	singleton	u	low-a	noun	short-vowel-initial-singleton-apical / low-a	short-vowel-initial-singleton-apical / lateral	short-vowel-initial-singleton-apical / u	eligible; obligatory application predicts D	Ø	l	short	a	singleton	medium
d697	d697	short-vowel-initial-singleton-apical	vowel-initial	Ø	short	lateral	singleton	u	mixed/unknown-formative	verb	short-vowel-initial-singleton-apical / mixed/unknown-formative	short-vowel-initial-singleton-apical / lateral	short-vowel-initial-singleton-apical / u	eligible; obligatory application predicts D	Ø	ḷ	short	zero/a	singleton	high
d698	d698	short-strong-or-mixed-structure	vowel-initial	Ø	short	lateral	mixed/cluster/other	u	mixed/unknown-formative	postposition/noun/verb	short-strong-or-mixed-structure / mixed/unknown-formative	short-strong-or-mixed-structure / lateral	short-strong-or-mixed-structure / u	outside narrow classical Telugu domain; no D prediction from that rule	Ø	ḷ	short	a/zero	singleton/geminate by formation	high
d699	d699	short-vowel-initial-singleton-apical	vowel-initial	Ø	short	lateral	singleton	u	high-i	noun	short-vowel-initial-singleton-apical / high-i	short-vowel-initial-singleton-apical / lateral	short-vowel-initial-singleton-apical / u	eligible; obligatory application predicts D	Ø	ḷ	short	i	singleton	high
d700	d700	short-vowel-initial-singleton-apical	vowel-initial	Ø	short	lateral	singleton	u	high-u	noun/verb	short-vowel-initial-singleton-apical / high-u	short-vowel-initial-singleton-apical / lateral	short-vowel-initial-singleton-apical / u	eligible; obligatory application predicts D	Ø	ḷ	short	u	singleton	medium
d703	d703	short-strong-or-mixed-structure	vowel-initial	Ø	short	mixed-apical	mixed/cluster/other	u	mixed/unknown-formative	verb/noun	short-strong-or-mixed-structure / mixed/unknown-formative	short-strong-or-mixed-structure / mixed-apical	short-strong-or-mixed-structure / u	outside narrow classical Telugu domain; no D prediction from that rule	Ø	ḷ/ṭ	short	zero/u/a	cluster-or-vocalic-extension	medium
d704	d704	short-strong-or-mixed-structure	vowel-initial	Ø	short	lateral	geminate	u	mixed/unknown-formative	noun	short-strong-or-mixed-structure / mixed/unknown-formative	short-strong-or-mixed-structure / lateral	short-strong-or-mixed-structure / u	outside narrow classical Telugu domain; no D prediction from that rule	Ø	ḷ	short	a/i/u	geminate	high
d705	d705	short-strong-or-mixed-structure	vowel-initial	Ø	short	lateral	geminate	u	high-i	noun	short-strong-or-mixed-structure / high-i	short-strong-or-mixed-structure / lateral	short-strong-or-mixed-structure / u	outside narrow classical Telugu domain; no D prediction from that rule	Ø	ḷ	short	i	geminate	high
d707	d707	short-vowel-initial-singleton-apical	vowel-initial	Ø	short	alveolar	singleton	mixed/uncertain-vowel	low-a	verb/noun	short-vowel-initial-singleton-apical / low-a	short-vowel-initial-singleton-apical / alveolar	short-vowel-initial-singleton-apical / mixed/uncertain-vowel	eligible; obligatory application predicts D	Ø	ṟ	short	a	singleton	high
d708	d708	short-strong-or-mixed-structure	vowel-initial	Ø	short	alveolar	mixed/cluster/other	u	high-i	noun/verb	short-strong-or-mixed-structure / high-i	short-strong-or-mixed-structure / alveolar	short-strong-or-mixed-structure / u	outside narrow classical Telugu domain; no D prediction from that rule	Ø	ṟ	short	i	singleton/strengthened by formation	medium
d710	d710	short-vowel-initial-singleton-apical	vowel-initial	Ø	short	alveolar	singleton	u	high-u	verb	short-vowel-initial-singleton-apical / high-u	short-vowel-initial-singleton-apical / alveolar	short-vowel-initial-singleton-apical / u	eligible; obligatory application predicts D	Ø	ṟ	short	u	singleton	high
d711	d711	short-vowel-initial-singleton-apical	vowel-initial	Ø	short	alveolar	singleton	u	mixed/unknown-formative	verb/noun/adjective	short-vowel-initial-singleton-apical / mixed/unknown-formative	short-vowel-initial-singleton-apical / alveolar	short-vowel-initial-singleton-apical / u	eligible; obligatory application predicts D	Ø	ṟ	short	u/a	singleton	high
d712	d712	short-vowel-initial-singleton-apical	vowel-initial	Ø	short	alveolar	singleton	u	mixed/unknown-formative	verb	short-vowel-initial-singleton-apical / mixed/unknown-formative	short-vowel-initial-singleton-apical / alveolar	short-vowel-initial-singleton-apical / u	eligible; obligatory application predicts D	Ø	ṟ	short	u/a	singleton	high
d713	d713	short-vowel-initial-singleton-apical	vowel-initial	Ø	short	alveolar	singleton	u	high-u	verb/noun	short-vowel-initial-singleton-apical / high-u	short-vowel-initial-singleton-apical / alveolar	short-vowel-initial-singleton-apical / u	eligible; obligatory application predicts D	Ø	ṟ	short	u	singleton	high
d718	d718	short-vowel-initial-singleton-apical	vowel-initial	Ø	short	rhotic-or-alveolar	singleton	mixed/uncertain-vowel	mixed/unknown-formative	verb/noun	short-vowel-initial-singleton-apical / mixed/unknown-formative	short-vowel-initial-singleton-apical / rhotic-or-alveolar	short-vowel-initial-singleton-apical / mixed/uncertain-vowel	eligible; obligatory application predicts D	Ø	ṟ/r	short	u/a	singleton	medium
d719	d719	short-vowel-initial-singleton-apical	vowel-initial	Ø	short	alveolar	singleton	u	mixed/unknown-formative	verb/noun	short-vowel-initial-singleton-apical / mixed/unknown-formative	short-vowel-initial-singleton-apical / alveolar	short-vowel-initial-singleton-apical / u	eligible; obligatory application predicts D	Ø	ṟ	short	u/a	singleton	medium
d721	d721	short-vowel-initial-singleton-apical	vowel-initial	Ø	short	alveolar	singleton	mixed/uncertain-vowel	mixed/unknown-formative	verb/adjective/noun	short-vowel-initial-singleton-apical / mixed/unknown-formative	short-vowel-initial-singleton-apical / alveolar	short-vowel-initial-singleton-apical / mixed/uncertain-vowel	eligible; obligatory application predicts D	Ø	ṟ	short	a/i	singleton	high
d722	d722	short-strong-or-mixed-structure	vowel-initial	Ø	short	alveolar	mixed/cluster/other	u	low-a	adjective/noun	short-strong-or-mixed-structure / low-a	short-strong-or-mixed-structure / alveolar	short-strong-or-mixed-structure / u	outside narrow classical Telugu domain; no D prediction from that rule	Ø	ṟ	short	a	singleton/strengthened-history-uncertain	medium
d723	d723	short-vowel-initial-singleton-apical	vowel-initial	Ø	short	alveolar	singleton	mixed/uncertain-vowel	low-a	noun	short-vowel-initial-singleton-apical / low-a	short-vowel-initial-singleton-apical / alveolar	short-vowel-initial-singleton-apical / mixed/uncertain-vowel	eligible; obligatory application predicts D	Ø	ṟ	short	a	singleton	high
d2149	d2149	mixed-or-uncertain-quantity	consonant-initial	k	mixed/uncertain-quantity	retroflex-approximant	singleton	o	mixed/unknown-formative	adjective/verb/noun	mixed-or-uncertain-quantity / mixed/unknown-formative	mixed-or-uncertain-quantity / retroflex-approximant	mixed-or-uncertain-quantity / o	outside narrow classical Telugu domain; no D prediction from that rule	k	ẓ	mixed by formation	u/unknown	singleton	high
d4711	d4711	short-C-initial-r-rhotics-retroflex-approximant	consonant-initial	m	short	rhotic	singleton	a	low-a	noun	short-C-initial-r-rhotics-retroflex-approximant / low-a	short-C-initial-r-rhotics-retroflex-approximant / rhotic	short-C-initial-r-rhotics-retroflex-approximant / a	eligible; obligatory application predicts D	m	r	short	a	singleton	high
d5409	d5409	short-C-initial-r-rhotics-retroflex-approximant	consonant-initial	w	short	rhotic	singleton	mixed/uncertain-vowel	low-a	noun	short-C-initial-r-rhotics-retroflex-approximant / low-a	short-C-initial-r-rhotics-retroflex-approximant / rhotic	short-C-initial-r-rhotics-retroflex-approximant / mixed/uncertain-vowel	eligible; obligatory application predicts D	w	r	short	a	singleton	high
d1787	d1787	short-C-initial-r-rhotics-retroflex-approximant	consonant-initial	k	short	rhotic	singleton	u	high-u	adjective/noun	short-C-initial-r-rhotics-retroflex-approximant / high-u	short-C-initial-r-rhotics-retroflex-approximant / rhotic	short-C-initial-r-rhotics-retroflex-approximant / u	eligible; obligatory application predicts D	k	r	short	u	singleton	high
d4866	d4866	short-C-initial-r-rhotics-retroflex-approximant	consonant-initial	m	short	retroflex-approximant	singleton	i	mixed/unknown-formative	verb	short-C-initial-r-rhotics-retroflex-approximant / mixed/unknown-formative	short-C-initial-r-rhotics-retroflex-approximant / retroflex-approximant	short-C-initial-r-rhotics-retroflex-approximant / i	eligible; obligatory application predicts D	m	ẓ	short	u/i	singleton	high
d4993	d4993	mixed-or-uncertain-quantity	consonant-initial	m	mixed/uncertain-quantity	retroflex-approximant	singleton	u	mixed/unknown-formative	verb/noun	mixed-or-uncertain-quantity / mixed/unknown-formative	mixed-or-uncertain-quantity / retroflex-approximant	mixed-or-uncertain-quantity / u	outside narrow classical Telugu domain; no D prediction from that rule	m	ẓ	mixed by formation	u/i/a	singleton	high
d1619	d1619	mixed-or-uncertain-quantity	consonant-initial	k	mixed/uncertain-quantity	retroflex-approximant	singleton	i	mixed/unknown-formative	postposition/adjective/verb	mixed-or-uncertain-quantity / mixed/unknown-formative	mixed-or-uncertain-quantity / retroflex-approximant	mixed-or-uncertain-quantity / i	outside narrow classical Telugu domain; no D prediction from that rule	k	ẓ	mixed by formation	zero/unknown	singleton	high
d3976	d3976	short-C-initial-r-rhotics-retroflex-approximant	consonant-initial	p	short	rhotic	singleton	a	high-u	noun	short-C-initial-r-rhotics-retroflex-approximant / high-u	short-C-initial-r-rhotics-retroflex-approximant / rhotic	short-C-initial-r-rhotics-retroflex-approximant / a	eligible; obligatory application predicts D	p	r	short	u	singleton	high
d4005	d4005	short-C-initial-r-rhotics-retroflex-approximant	consonant-initial	p	short	retroflex-approximant	singleton	a	mixed/unknown-formative	noun	short-C-initial-r-rhotics-retroflex-approximant / mixed/unknown-formative	short-C-initial-r-rhotics-retroflex-approximant / retroflex-approximant	short-C-initial-r-rhotics-retroflex-approximant / a	eligible; obligatory application predicts D	p	ẓ	short	zero/u	singleton	high
d5263	d5263	short-C-initial-r-rhotics-retroflex-approximant	consonant-initial	w	short	rhotic	singleton	a	mixed/unknown-formative	verb/noun	short-C-initial-r-rhotics-retroflex-approximant / mixed/unknown-formative	short-C-initial-r-rhotics-retroflex-approximant / rhotic	short-C-initial-r-rhotics-retroflex-approximant / a	eligible; obligatory application predicts D	w	r	short	a/i	singleton	high
d5295	d5295	short-C-initial-r-rhotics-retroflex-approximant	consonant-initial	w	short	retroflex-approximant	singleton	a	mixed/unknown-formative	verb	short-C-initial-r-rhotics-retroflex-approximant / mixed/unknown-formative	short-C-initial-r-rhotics-retroflex-approximant / retroflex-approximant	short-C-initial-r-rhotics-retroflex-approximant / a	eligible; obligatory application predicts D	w	ẓ	short	i/a/zero	singleton	medium
d4555	d4555	short-C-initial-r-rhotics-retroflex-approximant	consonant-initial	p	short	retroflex-approximant	singleton	o	low-a	noun	short-C-initial-r-rhotics-retroflex-approximant / low-a	short-C-initial-r-rhotics-retroflex-approximant / retroflex-approximant	short-C-initial-r-rhotics-retroflex-approximant / o	eligible; obligatory application predicts D	p	ẓ	short	a	singleton	medium
d910	d910	mixed-or-uncertain-quantity	vowel-initial	Ø	mixed/uncertain-quantity	retroflex-approximant	singleton	e	mixed/unknown-formative	numeral	mixed-or-uncertain-quantity / mixed/unknown-formative	mixed-or-uncertain-quantity / retroflex-approximant	mixed-or-uncertain-quantity / e	outside narrow classical Telugu domain; no D prediction from that rule	Ø	ẓ	mixed by formation	u/zero	singleton	high
d1959	d1959	short-C-initial-r-rhotics-retroflex-approximant	consonant-initial	k	short	rhotic	singleton	e	mixed/unknown-formative	verb	short-C-initial-r-rhotics-retroflex-approximant / mixed/unknown-formative	short-C-initial-r-rhotics-retroflex-approximant / rhotic	short-C-initial-r-rhotics-retroflex-approximant / e	eligible; obligatory application predicts D	k	r	short	unknown	singleton	medium
d1818	d1818	short-C-initial-r-rhotics-retroflex-approximant	consonant-initial	k	short	retroflex-approximant	singleton	mixed/uncertain-vowel	mixed/unknown-formative	noun/verb	short-C-initial-r-rhotics-retroflex-approximant / mixed/unknown-formative	short-C-initial-r-rhotics-retroflex-approximant / retroflex-approximant	short-C-initial-r-rhotics-retroflex-approximant / mixed/uncertain-vowel	eligible; obligatory application predicts D	k	ẓ	short	i/a/u	singleton	high
d1859	d1859	short-C-initial-r-rhotics-retroflex-approximant	consonant-initial	k	short	alveolar	singleton	mixed/uncertain-vowel	mixed/unknown-formative	verb/noun	short-C-initial-r-rhotics-retroflex-approximant / mixed/unknown-formative	short-C-initial-r-rhotics-retroflex-approximant / alveolar	short-C-initial-r-rhotics-retroflex-approximant / mixed/uncertain-vowel	eligible; obligatory application predicts D	k	ṟ	short	a/u/zero	singleton	high
d2018	d2018	mixed-or-uncertain-quantity	consonant-initial	k	mixed/uncertain-quantity	lateral	singleton	mixed/uncertain-vowel	low-a	noun/verb	mixed-or-uncertain-quantity / low-a	mixed-or-uncertain-quantity / lateral	mixed-or-uncertain-quantity / mixed/uncertain-vowel	outside narrow classical Telugu domain; no D prediction from that rule	k	ḷ	mixed by formation	a	singleton	high
d4411	d4411	mixed-or-uncertain-quantity	consonant-initial	p	mixed/uncertain-quantity	rhotic	singleton	e	mixed/unknown-formative	verb/adjective/noun	mixed-or-uncertain-quantity / mixed/unknown-formative	mixed-or-uncertain-quantity / rhotic	mixed-or-uncertain-quantity / e	outside narrow classical Telugu domain; no D prediction from that rule	p	r	mixed by formation	u/i/unknown	singleton	high
d3259	d3259	short-C-initial-r-rhotics-retroflex-approximant	consonant-initial	t	short	alveolar	singleton	mixed/uncertain-vowel	low-a	verb/noun	short-C-initial-r-rhotics-retroflex-approximant / low-a	short-C-initial-r-rhotics-retroflex-approximant / alveolar	short-C-initial-r-rhotics-retroflex-approximant / mixed/uncertain-vowel	eligible; obligatory application predicts D	t	ṟ	short	a	singleton	high
d4760	d4760	short-C-initial-r-rhotics-retroflex-approximant	consonant-initial	m	short	alveolar	singleton	a	mixed/unknown-formative	verb/noun	short-C-initial-r-rhotics-retroflex-approximant / mixed/unknown-formative	short-C-initial-r-rhotics-retroflex-approximant / alveolar	short-C-initial-r-rhotics-retroflex-approximant / a	eligible; obligatory application predicts D	m	ṟ	short	a/u	singleton	high
d1574	d1574	short-C-initial-other-apical	consonant-initial	k	short	lateral	singleton	mixed/uncertain-vowel	mixed/unknown-formative	verb/noun	short-C-initial-other-apical / mixed/unknown-formative	short-C-initial-other-apical / lateral	short-C-initial-other-apical / mixed/uncertain-vowel	outside narrow classical Telugu domain; no D prediction from that rule	k	l	short	a/i	singleton	high
d2146	d2146	mixed-or-uncertain-quantity	consonant-initial	k	mixed/uncertain-quantity	retroflex-approximant	singleton	o	mixed/unknown-formative	adjective/verb/noun	mixed-or-uncertain-quantity / mixed/unknown-formative	mixed-or-uncertain-quantity / retroflex-approximant	mixed-or-uncertain-quantity / o	outside narrow classical Telugu domain; no D prediction from that rule	k	ẓ	short and independently long grade	u/zero	singleton	high
d3246	d3246	short-C-initial-r-rhotics-retroflex-approximant	consonant-initial	t	short	rhotic	singleton	i	mixed/unknown-formative	verb/noun	short-C-initial-r-rhotics-retroflex-approximant / mixed/unknown-formative	short-C-initial-r-rhotics-retroflex-approximant / rhotic	short-C-initial-r-rhotics-retroflex-approximant / i	eligible; obligatory application predicts D	t	r	short	i/u/a	singleton	high for matched high-vowel formations; medium for eastern low-a input
d2237	d2237	long-apical-input	consonant-initial	k	long	lateral	singleton	mixed/uncertain-vowel	mixed/unknown-formative	noun/adjective	long-apical-input / mixed/unknown-formative	long-apical-input / lateral	long-apical-input / mixed/uncertain-vowel	outside narrow classical Telugu domain; no D prediction from that rule	k	l	long	zero/a/u	singleton	high
d2929	d2929	short-C-initial-r-rhotics-retroflex-approximant	consonant-initial	n	short	rhotic	singleton	mixed/uncertain-vowel	mixed/unknown-formative	noun/verb	short-C-initial-r-rhotics-retroflex-approximant / mixed/unknown-formative	short-C-initial-r-rhotics-retroflex-approximant / rhotic	short-C-initial-r-rhotics-retroflex-approximant / mixed/uncertain-vowel	eligible; obligatory application predicts D	n	r	short	u/unknown	singleton	high for n-V-r; medium for exact vowels/formations
d2988	d2988	short-C-initial-other-apical	consonant-initial	ḍ	short	lateral	singleton	mixed/uncertain-vowel	mixed/unknown-formative	verb	short-C-initial-other-apical / mixed/unknown-formative	short-C-initial-other-apical / lateral	short-C-initial-other-apical / mixed/uncertain-vowel	outside narrow classical Telugu domain; no D prediction from that rule	ḍ	l	short	zero/u	singleton	medium; regional reconstruction, deeper source unresolved
d3014	d3014	nonapical-or-uncertain-input	consonant-initial	t	short	nonapical-or-uncertain	singleton	a	high-u	verb/noun	nonapical-or-uncertain-input / high-u	nonapical-or-uncertain-input / nonapical-or-uncertain	nonapical-or-uncertain-input / a	outside narrow classical Telugu domain; no D prediction from that rule	t	nonapical	short	u	singleton	high
d2359	d2359	short-C-initial-r-rhotics-retroflex-approximant	consonant-initial	c/t	short	rhotic	singleton	a	low-a	noun	short-C-initial-r-rhotics-retroflex-approximant / low-a	short-C-initial-r-rhotics-retroflex-approximant / rhotic	short-C-initial-r-rhotics-retroflex-approximant / a	eligible; obligatory application predicts D	c/t	r	short	a	singleton	high for segment order; medium for exact common suffix
d2628	d2628	mixed-or-uncertain-quantity	consonant-initial	c/s	mixed/uncertain-quantity	rhotic	singleton	mixed/uncertain-vowel	mixed/unknown-formative	noun	mixed-or-uncertain-quantity / mixed/unknown-formative	mixed-or-uncertain-quantity / rhotic	mixed-or-uncertain-quantity / mixed/uncertain-vowel	outside narrow classical Telugu domain; no D prediction from that rule	c/s	r	mixed, proto-quantity unresolved	e/unknown	singleton	medium for order; low for exact vowels/quantity
d3364	d3364	short-C-initial-other-apical	consonant-initial	t	short	lateral	singleton	u	high-u	verb/noun	short-C-initial-other-apical / high-u	short-C-initial-other-apical / lateral	short-C-initial-other-apical / u	outside narrow classical Telugu domain; no D prediction from that rule	t	ḷḷ	short	u	singleton	high
d4194	d4194	short-C-initial-other-apical	consonant-initial	p	short	mixed-apical	singleton	mixed/uncertain-vowel	mixed/unknown-formative	verb/noun	short-C-initial-other-apical / mixed/unknown-formative	short-C-initial-other-apical / mixed-apical	short-C-initial-other-apical / mixed/uncertain-vowel	outside narrow classical Telugu domain; no D prediction from that rule	p	ḷ / alternative r	short	i/a/unknown	singleton	high for lateral group; low for uniquely linking Telugu prēlu
d2698	d2698	uncertain-initial-order	mixed/uncertain-onset	c/zero	short	retroflex-approximant	singleton	mixed/uncertain-vowel	mixed/unknown-formative	verb/noun	uncertain-initial-order / mixed/unknown-formative	uncertain-initial-order / retroflex-approximant	uncertain-initial-order / mixed/uncertain-vowel	outside narrow classical Telugu domain; no D prediction from that rule	c/zero	ẓ	short	i/a	singleton	high for uẓ-al order; medium for exact Telugu trajectory
d3559	d3559	nonapical-or-uncertain-input	consonant-initial	t	mixed/uncertain-quantity	nonapical-or-uncertain	singleton	mixed/uncertain-vowel	mixed/unknown-formative	noun/verb	nonapical-or-uncertain-input / mixed/unknown-formative	nonapical-or-uncertain-input / nonapical-or-uncertain	nonapical-or-uncertain-input / mixed/uncertain-vowel	outside narrow classical Telugu domain; no D prediction from that rule	t	l / earlier k...l	long contracted root versus distinct short formations	a/i	singleton	high
d3754	d3754	short-C-initial-other-apical	consonant-initial	n	short	lateral	singleton	mixed/uncertain-vowel	low-a	noun	short-C-initial-other-apical / low-a	short-C-initial-other-apical / lateral	short-C-initial-other-apical / mixed/uncertain-vowel	outside narrow classical Telugu domain; no D prediction from that rule	n	l	short	a	singleton	high for order and formative family
d3949	d3949	mixed-or-uncertain-quantity	consonant-initial	p	mixed/uncertain-quantity	rhotic-or-alveolar	singleton	a	mixed/unknown-formative	verb/noun	mixed-or-uncertain-quantity / mixed/unknown-formative	mixed-or-uncertain-quantity / rhotic-or-alveolar	mixed-or-uncertain-quantity / a	outside narrow classical Telugu domain; no D prediction from that rule	p	r/ṟ	short and independent long grade	a/u	singleton	high for broad formations; medium for exact velar quantity
d3982	d3982	short-C-initial-r-rhotics-retroflex-approximant	consonant-initial	p	short	rhotic	singleton	mixed/uncertain-vowel	mixed/unknown-formative	noun	short-C-initial-r-rhotics-retroflex-approximant / mixed/unknown-formative	short-C-initial-r-rhotics-retroflex-approximant / rhotic	short-C-initial-r-rhotics-retroflex-approximant / mixed/uncertain-vowel	eligible; obligatory application predicts D	p	r	short	unknown	singleton	high for order; low for exact vowel reconstruction
d4418	d4418	short-C-initial-other-apical	consonant-initial	p	short	mixed-apical	singleton	e	mixed/unknown-formative	noun	short-C-initial-other-apical / mixed/unknown-formative	short-C-initial-other-apical / mixed-apical	short-C-initial-other-apical / e	outside narrow classical Telugu domain; no D prediction from that rule	p	ẓ/ṛ	short	e/a/unknown	singleton	high for regional order; medium for segment, low for exact V2
d4536	d4536	short-C-initial-r-rhotics-retroflex-approximant	consonant-initial	p	short	rhotic	singleton	o	mixed/unknown-formative	verb/noun	short-C-initial-r-rhotics-retroflex-approximant / mixed/unknown-formative	short-C-initial-r-rhotics-retroflex-approximant / rhotic	short-C-initial-r-rhotics-retroflex-approximant / o	eligible; obligatory application predicts D	p	r	short	unknown	singleton	medium for order; low for independently established V2
d4430	d4430	nonapical-or-uncertain-input	consonant-initial	p	long	nonapical-or-uncertain	singleton	mixed/uncertain-vowel	mixed/unknown-formative	verb/noun	nonapical-or-uncertain-input / mixed/unknown-formative	nonapical-or-uncertain-input / nonapical-or-uncertain	nonapical-or-uncertain-input / mixed/uncertain-vowel	outside narrow classical Telugu domain; no D prediction from that rule	p	ẓ/c	long independently established	u/zero	singleton	high for long input; low for Telugu added-r history
d4410	d4410	nonapical-or-uncertain-input	consonant-initial	p	mixed/uncertain-quantity	nonapical-or-uncertain	singleton	mixed/uncertain-vowel	mixed/unknown-formative	noun/verb	nonapical-or-uncertain-input / mixed/unknown-formative	nonapical-or-uncertain-input / nonapical-or-uncertain	nonapical-or-uncertain-input / mixed/uncertain-vowel	outside narrow classical Telugu domain; no D prediction from that rule	p	c/d with final r	long produced by contraction in relevant southern forms	a/i	singleton	high for contraction family; low for eastern dental-initial history
d4750	d4750	short-C-initial-r-rhotics-retroflex-approximant	consonant-initial	m	short	retroflex-approximant	singleton	a	mixed/unknown-formative	verb/noun	short-C-initial-r-rhotics-retroflex-approximant / mixed/unknown-formative	short-C-initial-r-rhotics-retroflex-approximant / retroflex-approximant	short-C-initial-r-rhotics-retroflex-approximant / a	eligible; obligatory application predicts D	m	ẓ	short	u/a	singleton	high
d4761	d4761	short-C-initial-r-rhotics-retroflex-approximant	consonant-initial	m	short	alveolar	singleton	a	mixed/unknown-formative	verb/noun	short-C-initial-r-rhotics-retroflex-approximant / mixed/unknown-formative	short-C-initial-r-rhotics-retroflex-approximant / alveolar	short-C-initial-r-rhotics-retroflex-approximant / a	eligible; obligatory application predicts D	m	ṟ	short	i/u/a	singleton	high for root family; medium for exact Telugu formation
d4968	d4968	nonapical-or-uncertain-input	consonant-initial	m	short	nonapical-or-uncertain	singleton	mixed/uncertain-vowel	mixed/unknown-formative	noun	nonapical-or-uncertain-input / mixed/unknown-formative	nonapical-or-uncertain-input / nonapical-or-uncertain	nonapical-or-uncertain-input / mixed/uncertain-vowel	outside narrow classical Telugu domain; no D prediction from that rule	m	secondary l/r, earlier c/y	short	a/o	singleton	high for broad order; medium for secondary-apical intermediate
d4976	d4976	short-C-initial-r-rhotics-retroflex-approximant	consonant-initial	m	short	rhotic	singleton	mixed/uncertain-vowel	low-a	noun	short-C-initial-r-rhotics-retroflex-approximant / low-a	short-C-initial-r-rhotics-retroflex-approximant / rhotic	short-C-initial-r-rhotics-retroflex-approximant / mixed/uncertain-vowel	eligible; obligatory application predicts D	m	r	short	a	singleton	high for order and low-a formation; medium for root mid-vowel stage
d5082	d5082	short-C-initial-r-rhotics-retroflex-approximant	consonant-initial	m	short	retroflex-approximant	singleton	mixed/uncertain-vowel	mixed/unknown-formative	verb/noun	short-C-initial-r-rhotics-retroflex-approximant / mixed/unknown-formative	short-C-initial-r-rhotics-retroflex-approximant / retroflex-approximant	short-C-initial-r-rhotics-retroflex-approximant / mixed/uncertain-vowel	eligible; obligatory application predicts D	m	ẓ	short	u / unknown	singleton	high for apical order; low for proposed exact low-a input
d5411	d5411	short-C-initial-r-rhotics-retroflex-approximant	consonant-initial	w	short	rhotic	singleton	i	mixed/unknown-formative	verb/noun	short-C-initial-r-rhotics-retroflex-approximant / mixed/unknown-formative	short-C-initial-r-rhotics-retroflex-approximant / rhotic	short-C-initial-r-rhotics-retroflex-approximant / i	eligible; obligatory application predicts D	w	r	short	i/u/a	singleton	high for root; low for exact Telugu -il suffix
d5159	d5159	long-apical-input	mixed/uncertain-onset	y/zero	long	alveolar	singleton	mixed/uncertain-vowel	mixed/unknown-formative	noun	long-apical-input / mixed/unknown-formative	long-apical-input / alveolar	long-apical-input / mixed/uncertain-vowel	outside narrow classical Telugu domain; no D prediction from that rule	y/zero	ṟ/ṯ	long	u/zero	singleton	high
d5153	d5153	nonapical-or-uncertain-input	mixed/uncertain-onset	y/zero; compound n	mixed/uncertain-quantity	nonapical-or-uncertain	singleton	mixed/uncertain-vowel	mixed/unknown-formative	noun/adverb	nonapical-or-uncertain-input / mixed/unknown-formative	nonapical-or-uncertain-input / nonapical-or-uncertain	nonapical-or-uncertain-input / mixed/uncertain-vowel	outside narrow classical Telugu domain; no D prediction from that rule	y/zero; compound n	ṇṭ; compound r	long bare root; compound first-member quantity unresolved	compound boundary	singleton	high for year; low for exact completed-year compound stages
d706	d706	short-vowel-initial-singleton-apical	vowel-initial	zero	short	alveolar	singleton	u	mixed/unknown-formative	verb	short-vowel-initial-singleton-apical / mixed/unknown-formative	short-vowel-initial-singleton-apical / alveolar	short-vowel-initial-singleton-apical / u	eligible; obligatory application predicts D	zero	ṟ	short	zero/unknown	singleton	high for apical set; low for Kui velar linkage
d709	d709	short-vowel-initial-singleton-apical	vowel-initial	zero	short	alveolar	singleton	u	high-i	verb	short-vowel-initial-singleton-apical / high-i	short-vowel-initial-singleton-apical / alveolar	short-vowel-initial-singleton-apical / u	eligible; obligatory application predicts D	zero	ṟ	short	i	singleton	high for order/high-i core
d715	d715	short-vowel-initial-singleton-apical	vowel-initial	zero	short	alveolar	singleton	u	mixed/unknown-formative	verb/noun	short-vowel-initial-singleton-apical / mixed/unknown-formative	short-vowel-initial-singleton-apical / alveolar	short-vowel-initial-singleton-apical / u	eligible; obligatory application predicts D	zero	ṟ	short	u/unknown	singleton	high for root order; medium for exact Kui formation
d811	d811	short-vowel-initial-singleton-apical	vowel-initial	zero	short	rhotic	singleton	e	mixed/unknown-formative	verb/noun	short-vowel-initial-singleton-apical / mixed/unknown-formative	short-vowel-initial-singleton-apical / rhotic	short-vowel-initial-singleton-apical / e	eligible; obligatory application predicts D	zero	r	short	i/a/u	singleton	high for e-r core; low for Kui earlier vowel
d3986	d3986	short-C-initial-other-apical	consonant-initial	p	short	lateral	singleton	a	consonantal/no-vowel	noun	short-C-initial-other-apical / consonantal/no-vowel	short-C-initial-other-apical / lateral	short-C-initial-other-apical / a	outside narrow classical Telugu domain; no D prediction from that rule	p	l	short	zero	singleton	high
d1479	d1479	long-apical-input	consonant-initial	k	long	lateral	singleton	mixed/uncertain-vowel	consonantal/no-vowel	noun	long-apical-input / consonantal/no-vowel	long-apical-input / lateral	long-apical-input / mixed/uncertain-vowel	outside narrow classical Telugu domain; no D prediction from that rule	k	l	long	zero	singleton	high
d1906	d1906	long-apical-input	consonant-initial	k	long	lateral	singleton	mixed/uncertain-vowel	mixed/unknown-formative	noun	long-apical-input / mixed/unknown-formative	long-apical-input / lateral	long-apical-input / mixed/uncertain-vowel	outside narrow classical Telugu domain; no D prediction from that rule	k	l	long	i/a	singleton	high for regional long root; deeper borrowing uncertain
d4039	d4039	nasal-or-nasal-cluster-input	consonant-initial	p	short	nasal-stop	mixed/cluster/other	a	high-i	noun	nasal-or-nasal-cluster-input / high-i	nasal-or-nasal-cluster-input / nasal-stop	nasal-or-nasal-cluster-input / a	outside narrow classical Telugu domain; no D prediction from that rule	p	nṯ	short	i	nasal-stop cluster	high
d4335	d4335	short-strong-or-mixed-structure	consonant-initial	p	short	alveolar-strong	mixed/cluster/other	u	mixed/unknown-formative	noun	short-strong-or-mixed-structure / mixed/unknown-formative	short-strong-or-mixed-structure / alveolar-strong	short-strong-or-mixed-structure / u	outside narrow classical Telugu domain; no D prediction from that rule	p	ṯṯ/ṇṯṯ	short	a/u/i	geminate or nasal-plus-geminate	high for nonsingleton; medium for nasal
d2674	d2674	nonapical-or-uncertain-input	mixed/uncertain-onset	c/zero	short	nonapical-or-uncertain	singleton	mixed/uncertain-vowel	mixed/unknown-formative	noun/verb/adjective	nonapical-or-uncertain-input / mixed/unknown-formative	nonapical-or-uncertain-input / nonapical-or-uncertain	nonapical-or-uncertain-input / mixed/uncertain-vowel	outside narrow classical Telugu domain; no D prediction from that rule	c/zero	p/w	short	a/zero	singleton	high for full low-a extension; exact vowel grades differ
d2456	d2456	nonapical-or-uncertain-input	consonant-initial	c	mixed/uncertain-quantity	nonapical-or-uncertain	singleton	mixed/uncertain-vowel	mixed/unknown-formative	verb/noun	nonapical-or-uncertain-input / mixed/unknown-formative	nonapical-or-uncertain-input / nonapical-or-uncertain	nonapical-or-uncertain-input / mixed/uncertain-vowel	outside narrow classical Telugu domain; no D prediction from that rule	c	y	long in southern root; short under alternative eastern etymology	zero/a	singleton	high southern; low eastern cognacy
d810	d810	short-vowel-initial-singleton-apical	vowel-initial	Ø	short	mixed-apical	singleton	e	low-a	noun	short-vowel-initial-singleton-apical / low-a	short-vowel-initial-singleton-apical / mixed-apical	short-vowel-initial-singleton-apical / e	eligible; obligatory application predicts D	Ø	r/l	short	a	singleton	medium for regional vowel-first root; low for liquid order
d813	d813	short-vowel-initial-singleton-apical	vowel-initial	Ø	short	rhotic	singleton	e	mixed/unknown-formative	noun/verb	short-vowel-initial-singleton-apical / mixed/unknown-formative	short-vowel-initial-singleton-apical / rhotic	short-vowel-initial-singleton-apical / e	eligible; obligatory application predicts D	Ø	r	short	u/unknown	singleton	high for order; medium for exact shared formation
d815	d815	short-vowel-initial-singleton-apical	vowel-initial	Ø	short	rhotic	singleton	e	mixed/unknown-formative	noun	short-vowel-initial-singleton-apical / mixed/unknown-formative	short-vowel-initial-singleton-apical / rhotic	short-vowel-initial-singleton-apical / e	eligible; obligatory application predicts D	Ø	r	short	u/zero	singleton	high for full order; uncertain pre-metathesis syncope
d816	d816	short-vowel-initial-singleton-apical	vowel-initial	Ø	short	rhotic	singleton	e	high-u	noun	short-vowel-initial-singleton-apical / high-u	short-vowel-initial-singleton-apical / rhotic	short-vowel-initial-singleton-apical / e	eligible; obligatory application predicts D	Ø	r	short	u	singleton	high
d817	d817	short-vowel-initial-singleton-apical	vowel-initial	Ø	short	rhotic	singleton	mixed/uncertain-vowel	mixed/unknown-formative	noun/adjective	short-vowel-initial-singleton-apical / mixed/unknown-formative	short-vowel-initial-singleton-apical / rhotic	short-vowel-initial-singleton-apical / mixed/uncertain-vowel	eligible; obligatory application predicts D	Ø	r	short	i/u/unknown	singleton	high for order; low for exact shared V2
d820	d820	short-vowel-initial-singleton-apical	vowel-initial	Ø	short	rhotic	singleton	e	mixed/unknown-formative	noun	short-vowel-initial-singleton-apical / mixed/unknown-formative	short-vowel-initial-singleton-apical / rhotic	short-vowel-initial-singleton-apical / e	eligible; obligatory application predicts D	Ø	r	short	unknown	singleton	medium for regional order; low for V2
d822	d822	short-vowel-initial-singleton-apical	vowel-initial	Ø	short	rhotic-or-alveolar	singleton	mixed/uncertain-vowel	mixed/unknown-formative	noun	short-vowel-initial-singleton-apical / mixed/unknown-formative	short-vowel-initial-singleton-apical / rhotic-or-alveolar	short-vowel-initial-singleton-apical / mixed/uncertain-vowel	eligible; obligatory application predicts D	Ø	r/ṟ	short	a/ay	singleton	high for order and low-vowel root
d826	d826	nonapical-or-uncertain-input	vowel-initial	Ø	short	nonapical-or-uncertain	mixed/cluster/other	mixed/uncertain-vowel	mixed/unknown-formative	noun	nonapical-or-uncertain-input / mixed/unknown-formative	nonapical-or-uncertain-input / nonapical-or-uncertain	nonapical-or-uncertain-input / mixed/uncertain-vowel	outside narrow classical Telugu domain; no D prediction from that rule	Ø	r/ŋ/kk	short	unknown	cluster/uncertain	low
d827	d827	nonapical-or-uncertain-input	vowel-initial	Ø	short	nonapical-or-uncertain	mixed/cluster/other	e	mixed/unknown-formative	noun	nonapical-or-uncertain-input / mixed/unknown-formative	nonapical-or-uncertain-input / nonapical-or-uncertain	nonapical-or-uncertain-input / e	outside narrow classical Telugu domain; no D prediction from that rule	Ø	d/rd?	short	a/unknown	singleton/cluster uncertain	medium for order; low for exact input
d829	d829	short-vowel-initial-singleton-apical	vowel-initial	Ø	short	lateral	singleton	mixed/uncertain-vowel	mixed/unknown-formative	noun/verb	short-vowel-initial-singleton-apical / mixed/unknown-formative	short-vowel-initial-singleton-apical / lateral	short-vowel-initial-singleton-apical / mixed/uncertain-vowel	eligible; obligatory application predicts D	Ø	l	short	zero/a	singleton	high for root; medium for shared formation
d832	d832	short-vowel-initial-singleton-apical	vowel-initial	Ø	short	lateral	singleton	e	low-a	noun/verb	short-vowel-initial-singleton-apical / low-a	short-vowel-initial-singleton-apical / lateral	short-vowel-initial-singleton-apical / e	eligible; obligatory application predicts D	Ø	l	short	a	singleton	high regional order; medium inheritance
d833	d833	short-vowel-initial-singleton-apical	vowel-initial	Ø	short	lateral	singleton	mixed/uncertain-vowel	mixed/unknown-formative	noun	short-vowel-initial-singleton-apical / mixed/unknown-formative	short-vowel-initial-singleton-apical / lateral	short-vowel-initial-singleton-apical / mixed/uncertain-vowel	eligible; obligatory application predicts D	Ø	l	short	i/u	singleton	high
d835	d835	short-vowel-initial-singleton-apical	vowel-initial	Ø	short	lateral	singleton	mixed/uncertain-vowel	mixed/unknown-formative	noun/verb	short-vowel-initial-singleton-apical / mixed/unknown-formative	short-vowel-initial-singleton-apical / lateral	short-vowel-initial-singleton-apical / mixed/uncertain-vowel	eligible; obligatory application predicts D	Ø	l	short	i/u	singleton	high for order; medium for vowel grades
d839	d839	short-vowel-initial-singleton-apical	vowel-initial	Ø	short	lateral	singleton	e	high-u	noun	short-vowel-initial-singleton-apical / high-u	short-vowel-initial-singleton-apical / lateral	short-vowel-initial-singleton-apical / e	eligible; obligatory application predicts D	Ø	l	short	u	singleton	high full root; low for makkelu formation
d844	d844	short-strong-or-mixed-structure	vowel-initial	Ø	short	lateral	geminate	e	low-a	quantifier/pronoun/clitic	short-strong-or-mixed-structure / low-a	short-strong-or-mixed-structure / lateral	short-strong-or-mixed-structure / e	outside narrow classical Telugu domain; no D prediction from that rule	Ø	ll	short	a	geminate	high
d845	d845	short-strong-or-mixed-structure	vowel-initial	Ø	short	lateral	geminate	e	mixed/unknown-formative	adverb	short-strong-or-mixed-structure / mixed/unknown-formative	short-strong-or-mixed-structure / lateral	short-strong-or-mixed-structure / e	outside narrow classical Telugu domain; no D prediction from that rule	Ø	ll	short	i/e	geminate	high regional shape
d846	d846	short-strong-or-mixed-structure	vowel-initial	Ø	short	lateral	mixed/cluster/other	e	mixed/unknown-formative	noun	short-strong-or-mixed-structure / mixed/unknown-formative	short-strong-or-mixed-structure / lateral	short-strong-or-mixed-structure / e	outside narrow classical Telugu domain; no D prediction from that rule	Ø	ll/l	short	a/ay/u	geminate main formation; singleton derivative	high by formation
d856	d856	short-strong-or-mixed-structure	vowel-initial	Ø	short	lateral	mixed/cluster/other	mixed/uncertain-vowel	mixed/unknown-formative	adjective/verb/noun	short-strong-or-mixed-structure / mixed/unknown-formative	short-strong-or-mixed-structure / lateral	short-strong-or-mixed-structure / mixed/uncertain-vowel	outside narrow classical Telugu domain; no D prediction from that rule	Ø	ḷ	short	i/a/u	singleton/strong by formation	high root; medium exact Telugu formation
d857	d857	short-vowel-initial-singleton-apical	vowel-initial	Ø	short	lateral	singleton	mixed/uncertain-vowel	mixed/unknown-formative	noun	short-vowel-initial-singleton-apical / mixed/unknown-formative	short-vowel-initial-singleton-apical / lateral	short-vowel-initial-singleton-apical / mixed/uncertain-vowel	eligible; obligatory application predicts D	Ø	ḷ/l	short	unknown/i/u	singleton	high for order; medium for full root
d865	d865	short-strong-or-mixed-structure	vowel-initial	Ø	short	alveolar	mixed/cluster/other	e	mixed/unknown-formative	adjective/noun	short-strong-or-mixed-structure / mixed/unknown-formative	short-strong-or-mixed-structure / alveolar	short-strong-or-mixed-structure / e	outside narrow classical Telugu domain; no D prediction from that rule	Ø	ṟ/ṯ	short	a/u	singleton and strengthened formations	high regional order; medium deeper cognacy
d869	d869	nasal-or-nasal-cluster-input	vowel-initial	Ø	short	nasal-stop	mixed/cluster/other	e	mixed/unknown-formative	noun/verb	nasal-or-nasal-cluster-input / mixed/unknown-formative	nasal-or-nasal-cluster-input / nasal-stop	nasal-or-nasal-cluster-input / e	outside narrow classical Telugu domain; no D prediction from that rule	Ø	nṯ	short	u/a	nasal-stop cluster	high for cluster
d800	d800	short-vowel-initial-singleton-apical	vowel-initial	Ø	short	alveolar	singleton	mixed/uncertain-vowel	mixed/unknown-formative	verb/noun	short-vowel-initial-singleton-apical / mixed/unknown-formative	short-vowel-initial-singleton-apical / alveolar	short-vowel-initial-singleton-apical / mixed/uncertain-vowel	eligible; obligatory application predicts D	Ø	ṟ	short	i/unknown	singleton	medium for exact input; high regional order contrast
d809	d809	nonapical-or-uncertain-input	vowel-initial	Ø	short	nonapical-or-uncertain	mixed/cluster/other	mixed/uncertain-vowel	consonantal/no-vowel	verb	nonapical-or-uncertain-input / consonantal/no-vowel	nonapical-or-uncertain-input / nonapical-or-uncertain	nonapical-or-uncertain-input / mixed/uncertain-vowel	outside narrow classical Telugu domain; no D prediction from that rule	Ø	y	short	zero	glide plus dental	high for nonapical root and local Pengo boundary
d837	d837	short-vowel-initial-singleton-apical	vowel-initial	Ø	short	lateral	singleton	mixed/uncertain-vowel	high-u	noun	short-vowel-initial-singleton-apical / high-u	short-vowel-initial-singleton-apical / lateral	short-vowel-initial-singleton-apical / mixed/uncertain-vowel	eligible; obligatory application predicts D	Ø	l	short	u	singleton	high for order; medium for exact shared vowels
d851	d851	mixed-or-uncertain-quantity	vowel-initial	Ø	mixed/uncertain-quantity	retroflex-approximant	singleton	e	mixed/unknown-formative	verb/noun	mixed-or-uncertain-quantity / mixed/unknown-formative	mixed-or-uncertain-quantity / retroflex-approximant	mixed-or-uncertain-quantity / e	outside narrow classical Telugu domain; no D prediction from that rule	Ø	ẓ	short/long by formation	u/a/unknown	singleton	high root order; low exact eastern V2
d859	d859	mixed-or-uncertain-quantity	vowel-initial	Ø	mixed/uncertain-quantity	alveolar	singleton	mixed/uncertain-vowel	mixed/unknown-formative	verb/noun	mixed-or-uncertain-quantity / mixed/unknown-formative	mixed-or-uncertain-quantity / alveolar	mixed-or-uncertain-quantity / mixed/uncertain-vowel	outside narrow classical Telugu domain; no D prediction from that rule	Ø	ṟ	short/long by formation	i/u/a	singleton	high root order; low exact Telugu mm suffix
d860	d860	uncertain-initial-order	mixed/uncertain-onset	Ø/r	short	mixed-apical	singleton	mixed/uncertain-vowel	mixed/unknown-formative	verb	uncertain-initial-order / mixed/unknown-formative	uncertain-initial-order / mixed-apical	uncertain-initial-order / mixed/uncertain-vowel	outside narrow classical Telugu domain; no D prediction from that rule	Ø/r	r/ṟ/l	short	i/unknown	singleton	low for common full input
d916	d916	mixed-or-uncertain-quantity	vowel-initial	Ø	mixed/uncertain-quantity	mixed-apical	singleton	mixed/uncertain-vowel	mixed/unknown-formative	verb/noun	mixed-or-uncertain-quantity / mixed/unknown-formative	mixed-or-uncertain-quantity / mixed-apical	mixed-or-uncertain-quantity / mixed/uncertain-vowel	outside narrow classical Telugu domain; no D prediction from that rule	Ø	ṟ/l	long independently attested; immediate displaced input unresolved	u/zero/unknown	singleton	high for comparative long root; low for immediate displaced derivative
d1	deictic-a-i	pronominal-morphology	vowel-initial	Ø	mixed/uncertain-quantity	morphological-dental-labial	mixed/cluster/other	a	mixed/unknown-formative	pronoun/adverb	pronominal-morphology / mixed/unknown-formative	pronominal-morphology / morphological-dental-labial	pronominal-morphology / a	outside narrow classical Telugu domain; no D prediction from that rule	Ø	t/w/b	short deictic input; secondary long formations	a/i/u/variable	morphological dental/labial elements	high for order and morphological augment; medium for exact immediate sequence
d410	deictic-a-i	pronominal-morphology	vowel-initial	Ø	mixed/uncertain-quantity	morphological-dental-labial	mixed/cluster/other	i	mixed/unknown-formative	pronoun/adverb	pronominal-morphology / mixed/unknown-formative	pronominal-morphology / morphological-dental-labial	pronominal-morphology / i	outside narrow classical Telugu domain; no D prediction from that rule	Ø	t/w/b	short deictic input; secondary long formations	a/i/u/variable	morphological dental/labial elements	high for order; medium for immediate oblique prehistory
d913	d913	mixed-or-uncertain-quantity	vowel-initial	Ø	mixed/uncertain-quantity	lateral	singleton	mixed/uncertain-vowel	mixed/unknown-formative	noun/verb	mixed-or-uncertain-quantity / mixed/unknown-formative	mixed-or-uncertain-quantity / lateral	mixed-or-uncertain-quantity / mixed/uncertain-vowel	outside narrow classical Telugu domain; no D prediction from that rule	Ø	l/ḷ	long southern; northern uncertain	e/a	singleton	medium
d914	d914	long-apical-input	vowel-initial	Ø	long	alveolar	singleton	mixed/uncertain-vowel	mixed/unknown-formative	verb/noun	long-apical-input / mixed/unknown-formative	long-apical-input / alveolar	long-apical-input / mixed/uncertain-vowel	outside narrow classical Telugu domain; no D prediction from that rule	Ø	ṟ	long	zero/u	singleton	high for regional long order
d915	d915	mixed-or-uncertain-quantity	vowel-initial	Ø	mixed/uncertain-quantity	alveolar	singleton	mixed/uncertain-vowel	mixed/unknown-formative	verb/noun	mixed-or-uncertain-quantity / mixed/unknown-formative	mixed-or-uncertain-quantity / alveolar	mixed-or-uncertain-quantity / mixed/uncertain-vowel	outside narrow classical Telugu domain; no D prediction from that rule	Ø	ṟ	long and independently short extended forms	zero/i/unknown	singleton	high for mixed quantity; low for immediate displaced input
d917	d917	long-apical-input	vowel-initial	Ø	long	alveolar	singleton	mixed/uncertain-vowel	mixed/unknown-formative	noun	long-apical-input / mixed/unknown-formative	long-apical-input / alveolar	long-apical-input / mixed/uncertain-vowel	outside narrow classical Telugu domain; no D prediction from that rule	Ø	ṯ/ṟ	long	zero/u/an	singleton	high for southern long order
d919	d919	nasal-or-nasal-cluster-input	vowel-initial	Ø	long	mixed-nasal-apical	singleton	mixed/uncertain-vowel	mixed/unknown-formative	pronoun/adjective	nasal-or-nasal-cluster-input / mixed/unknown-formative	nasal-or-nasal-cluster-input / mixed-nasal-apical	nasal-or-nasal-cluster-input / mixed/uncertain-vowel	outside narrow classical Telugu domain; no D prediction from that rule	Ø	n/l	long	ay/ō	singleton	low for common root, high for attested order
d944	d944	short-vowel-initial-singleton-apical	vowel-initial	Ø	short	retroflex-stop	singleton	o	low-a	verb	short-vowel-initial-singleton-apical / low-a	short-vowel-initial-singleton-apical / retroflex-stop	short-vowel-initial-singleton-apical / o	eligible; obligatory application predicts D	Ø	ṭ	short	a	singleton	medium
d946	d946	mixed-or-uncertain-quantity	vowel-initial	Ø	mixed/uncertain-quantity	retroflex-stop	singleton	mixed/uncertain-vowel	mixed/unknown-formative	verb/noun	mixed-or-uncertain-quantity / mixed/unknown-formative	mixed-or-uncertain-quantity / retroflex-stop	mixed-or-uncertain-quantity / mixed/uncertain-vowel	outside narrow classical Telugu domain; no D prediction from that rule	Ø	ṭ	short and independently long formations	i/ay	singleton	high for comparative short and long forms
d947	d947	short-vowel-initial-singleton-apical	vowel-initial	Ø	short	retroflex-stop	singleton	mixed/uncertain-vowel	mixed/unknown-formative	noun	short-vowel-initial-singleton-apical / mixed/unknown-formative	short-vowel-initial-singleton-apical / retroflex-stop	short-vowel-initial-singleton-apical / mixed/uncertain-vowel	eligible; obligatory application predicts D	Ø	ṭ	short	i/u/a/e	singleton	high for order; medium for root-vowel quality
d949	d949	short-vowel-initial-singleton-apical	vowel-initial	Ø	short	retroflex-stop	singleton	o	high-i	noun	short-vowel-initial-singleton-apical / high-i	short-vowel-initial-singleton-apical / retroflex-stop	short-vowel-initial-singleton-apical / o	eligible; obligatory application predicts D	Ø	ṭ	short	i	singleton	high for full form
d950	d950	short-vowel-initial-singleton-apical	vowel-initial	Ø	short	retroflex-stop	singleton	mixed/uncertain-vowel	mixed/unknown-formative	noun	short-vowel-initial-singleton-apical / mixed/unknown-formative	short-vowel-initial-singleton-apical / retroflex-stop	short-vowel-initial-singleton-apical / mixed/uncertain-vowel	eligible; obligatory application predicts D	Ø	ṭ	short	u/i/a	singleton	high for order
d954	d954	short-vowel-initial-singleton-apical	vowel-initial	Ø	short	retroflex-stop	singleton	mixed/uncertain-vowel	high-u	verb/noun	short-vowel-initial-singleton-apical / high-u	short-vowel-initial-singleton-apical / retroflex-stop	short-vowel-initial-singleton-apical / mixed/uncertain-vowel	eligible; obligatory application predicts D	Ø	ṭ	short	u	singleton	high for order and u-formative; medium for immediate root-vowel quality
d958	d958	short-strong-or-mixed-structure	vowel-initial	Ø	short	retroflex-stop	mixed/cluster/other	o	mixed/unknown-formative	verb/noun	short-strong-or-mixed-structure / mixed/unknown-formative	short-strong-or-mixed-structure / retroflex-stop	short-strong-or-mixed-structure / o	outside narrow classical Telugu domain; no D prediction from that rule	Ø	ṭ	short	u/i/zero	geminate/nasal cluster independently attested; Central formation uncertain	high for strong SD I formation
d959	d959	short-strong-or-mixed-structure	vowel-initial	Ø	short	retroflex-stop	geminate	o	mixed/unknown-formative	noun/verb	short-strong-or-mixed-structure / mixed/unknown-formative	short-strong-or-mixed-structure / retroflex-stop	short-strong-or-mixed-structure / o	outside narrow classical Telugu domain; no D prediction from that rule	Ø	ṭ	short	u/a	geminate independently supported	high for strong regional form; inherited distribution uncertain
d962	d962	short-strong-or-mixed-structure	vowel-initial	Ø	short	retroflex-stop	mixed/cluster/other	o	high-u	verb	short-strong-or-mixed-structure / high-u	short-strong-or-mixed-structure / retroflex-stop	short-strong-or-mixed-structure / o	outside narrow classical Telugu domain; no D prediction from that rule	Ø	ṭ	short	u	geminate with separate singleton extension	high for strong regional form; medium for full cognacy
d965	d965	short-strong-or-mixed-structure	vowel-initial	Ø	short	retroflex-stop	mixed/cluster/other	o	mixed/unknown-formative	noun	short-strong-or-mixed-structure / mixed/unknown-formative	short-strong-or-mixed-structure / retroflex-stop	short-strong-or-mixed-structure / o	outside narrow classical Telugu domain; no D prediction from that rule	Ø	ṭ	short	u/i	geminate/nasal cluster	high for non-singleton regional input
d967	d967	short-vowel-initial-singleton-apical	vowel-initial	Ø	short	retroflex-stop	singleton	o	mixed/unknown-formative	verb/adjective/noun	short-vowel-initial-singleton-apical / mixed/unknown-formative	short-vowel-initial-singleton-apical / retroflex-stop	short-vowel-initial-singleton-apical / o	eligible; obligatory application predicts D	Ø	ṭ	short	i/a/unknown	singleton	medium
d985	d985	nonapical-or-uncertain-input	vowel-initial	Ø	short	mixed-lateral-glide	mixed/cluster/other	o	mixed/unknown-formative	adverb	nonapical-or-uncertain-input / mixed/unknown-formative	nonapical-or-uncertain-input / mixed-lateral-glide	nonapical-or-uncertain-input / o	outside narrow classical Telugu domain; no D prediction from that rule	Ø	ll/yy	short	a/e	geminate lateral/glide	medium
d996	d996	mixed-or-uncertain-quantity	vowel-initial	Ø	mixed/uncertain-quantity	lateral	singleton	mixed/uncertain-vowel	mixed/unknown-formative	verb/noun	mixed-or-uncertain-quantity / mixed/unknown-formative	mixed-or-uncertain-quantity / lateral	mixed-or-uncertain-quantity / mixed/uncertain-vowel	outside narrow classical Telugu domain; no D prediction from that rule	Ø	l	short root and separately long formations	i/u/zero/a	singleton	high for northern ol-k comparison
d4438	d4438	nasal-or-nasal-cluster-input	consonant-initial	p	mixed/uncertain-quantity	nasal-or-glide	mixed/cluster/other	mixed/uncertain-vowel	mixed/unknown-formative	noun	nasal-or-nasal-cluster-input / mixed/unknown-formative	nasal-or-nasal-cluster-input / nasal-or-glide	nasal-or-nasal-cluster-input / mixed/uncertain-vowel	outside narrow classical Telugu domain; no D prediction from that rule	p	n/y	long regional root; Pengo short	zero/u	nasal in immediate Kuvi input; deeper n/y uncertain	high for immediate Kuvi nasal and length
d4885	d4885	nasal-or-nasal-cluster-input	consonant-initial	m	mixed/uncertain-quantity	nasal	mixed/cluster/other	mixed/uncertain-vowel	mixed/unknown-formative	noun	nasal-or-nasal-cluster-input / mixed/unknown-formative	nasal-or-nasal-cluster-input / nasal	nasal-or-nasal-cluster-input / mixed/uncertain-vowel	outside narrow classical Telugu domain; no D prediction from that rule	m	n	long independently attested; Pengo/Manda short	zero/u	nasal	high
d4855	d4855	nasal-or-nasal-cluster-input	consonant-initial	m	short	nasal	mixed/cluster/other	i	high-i	noun	nasal-or-nasal-cluster-input / high-i	nasal-or-nasal-cluster-input / nasal	nasal-or-nasal-cluster-input / i	outside narrow classical Telugu domain; no D prediction from that rule	m	ṇ	short	i	nasal	high for immediate segment order, medium for common inheritance
d4876	d4876	nasal-or-nasal-cluster-input	consonant-initial	m	mixed/uncertain-quantity	nasal	mixed/cluster/other	mixed/uncertain-vowel	mixed/unknown-formative	verb/noun	nasal-or-nasal-cluster-input / mixed/unknown-formative	nasal-or-nasal-cluster-input / nasal	nasal-or-nasal-cluster-input / mixed/uncertain-vowel	outside narrow classical Telugu domain; no D prediction from that rule	m	n	short verbal root and independent long star formation	u/zero/unknown	nasal; regional r/ḍ secondary	high for nasal root; medium for immediate long verb
d4737	d4737	short-C-initial-other-apical	consonant-initial	m	short	lateral	singleton	a	low-a	noun	short-C-initial-other-apical / low-a	short-C-initial-other-apical / lateral	short-C-initial-other-apical / a	outside narrow classical Telugu domain; no D prediction from that rule	m	l	short	a	singleton	high for lateral input; medium for exact eastern cognacy
d4756	d4756	mixed-or-uncertain-quantity	consonant-initial	m	mixed/uncertain-quantity	mixed-apical	singleton	mixed/uncertain-vowel	mixed/unknown-formative	noun	mixed-or-uncertain-quantity / mixed/unknown-formative	mixed-or-uncertain-quantity / mixed-apical	mixed-or-uncertain-quantity / mixed/uncertain-vowel	outside narrow classical Telugu domain; no D prediction from that rule	m	r/ẓ	short and long regional grades; immediate input uncertain	unknown	singleton	high for full apical order, low for exact immediate vowels
d931	d931	nonapical-or-uncertain-input	vowel-initial	Ø	short	nonapical-or-uncertain	mixed/cluster/other	o	consonantal/no-vowel	verb	nonapical-or-uncertain-input / consonantal/no-vowel	nonapical-or-uncertain-input / nonapical-or-uncertain	nonapical-or-uncertain-input / o	outside narrow classical Telugu domain; no D prediction from that rule	Ø	k	short	zero	nonapical velar	high for velar-labial order
d945	d945	mixed-or-uncertain-quantity	vowel-initial	Ø	mixed/uncertain-quantity	retroflex-stop	singleton	mixed/uncertain-vowel	low-a	postposition/adverb/verb	mixed-or-uncertain-quantity / low-a	mixed-or-uncertain-quantity / retroflex-stop	mixed-or-uncertain-quantity / mixed/uncertain-vowel	outside narrow classical Telugu domain; no D prediction from that rule	Ø	ṭ	short base with long grammatical variants	a	singleton	high for full compound
d1595	d1595	short-strong-or-mixed-structure	consonant-initial	k	short	alveolar	mixed/cluster/other	i	mixed/unknown-formative	verb/noun/expressive	short-strong-or-mixed-structure / mixed/unknown-formative	short-strong-or-mixed-structure / alveolar	short-strong-or-mixed-structure / i	outside narrow classical Telugu domain; no D prediction from that rule	k	ṟ	short	u/i/a	singleton and expressive geminate	medium
d3195	d3195	mixed-or-uncertain-quantity	consonant-initial	t	mixed/uncertain-quantity	alveolar	singleton	a	mixed/unknown-formative	verb	mixed-or-uncertain-quantity / mixed/unknown-formative	mixed-or-uncertain-quantity / alveolar	mixed-or-uncertain-quantity / a	outside narrow classical Telugu domain; no D prediction from that rule	t	ṟ	short and long independent grades	i / unknown formative	singleton	high for root order, conditional for exact displaced formative
d3402	d3402	long-apical-input	consonant-initial	t	long	alveolar	mixed/cluster/other	u	high-u	verb/noun	long-apical-input / high-u	long-apical-input / alveolar	long-apical-input / u	outside narrow classical Telugu domain; no D prediction from that rule	t	ṟ/ṯ	long	u	singleton and strong apical formation	medium
d4986	d4986	short-strong-or-mixed-structure	consonant-initial	m	short	lateral	mixed/cluster/other	mixed/uncertain-vowel	mixed/unknown-formative	noun	short-strong-or-mixed-structure / mixed/unknown-formative	short-strong-or-mixed-structure / lateral	short-strong-or-mixed-structure / mixed/uncertain-vowel	outside narrow classical Telugu domain; no D prediction from that rule	m	l	short	zero / a	singleton or preconsonantal lateral	medium
d5078	d5078	short-strong-or-mixed-structure	consonant-initial	m	short	lateral	mixed/cluster/other	e	mixed/unknown-formative	adjective/verb/adverb	short-strong-or-mixed-structure / mixed/unknown-formative	short-strong-or-mixed-structure / lateral	short-strong-or-mixed-structure / e	outside narrow classical Telugu domain; no D prediction from that rule	m	l	short	i/u/a / zero	singleton and geminate and l-k cluster	high for mel-k order; conditional for Kui exact formative
d2883	d2883	mixed-or-uncertain-quantity	consonant-initial	c/t	mixed/uncertain-quantity	rhotic	singleton	mixed/uncertain-vowel	mixed/unknown-formative	verb/noun	mixed-or-uncertain-quantity / mixed/unknown-formative	mixed-or-uncertain-quantity / rhotic	mixed-or-uncertain-quantity / mixed/uncertain-vowel	outside narrow classical Telugu domain; no D prediction from that rule	c/t	r	short and long grades	i/u/a / unknown	singleton	high for full r order; conditional for exact drop stem
d3119	d3119	short-C-initial-r-rhotics-retroflex-approximant	consonant-initial	t	short	retroflex-approximant	singleton	mixed/uncertain-vowel	mixed/unknown-formative	verb	short-C-initial-r-rhotics-retroflex-approximant / mixed/unknown-formative	short-C-initial-r-rhotics-retroflex-approximant / retroflex-approximant	short-C-initial-r-rhotics-retroflex-approximant / mixed/uncertain-vowel	eligible; obligatory application predicts D	t	ẓ	short	a/i/unknown	singleton	high for order, low for exact displaced formative
d3158	d3158	nasal-or-nasal-cluster-input	consonant-initial	t	long	nasal-stop	mixed/cluster/other	a	high-u	verb	nasal-or-nasal-cluster-input / high-u	nasal-or-nasal-cluster-input / nasal-stop	nasal-or-nasal-cluster-input / a	outside narrow classical Telugu domain; no D prediction from that rule	t	ṇṭ	long	u	nasal-stop cluster	medium
d3244	d3244	short-C-initial-r-rhotics-retroflex-approximant	consonant-initial	t	short	rhotic	singleton	i	low-a	verb/noun	short-C-initial-r-rhotics-retroflex-approximant / low-a	short-C-initial-r-rhotics-retroflex-approximant / rhotic	short-C-initial-r-rhotics-retroflex-approximant / i	eligible; obligatory application predicts D	t	r	short	a	singleton	high for i-r-a in southern strong stem; medium for exact Brahui identity
d3358	d3358	short-C-initial-r-rhotics-retroflex-approximant	consonant-initial	t	short	rhotic	singleton	u	mixed/unknown-formative	verb	short-C-initial-r-rhotics-retroflex-approximant / mixed/unknown-formative	short-C-initial-r-rhotics-retroflex-approximant / rhotic	short-C-initial-r-rhotics-retroflex-approximant / u	eligible; obligatory application predicts D	t	r	short	u/zero uncertain	singleton	high for order, uncertain for V2 phonemic status
d3367	d3367	short-strong-or-mixed-structure	consonant-initial	t	short	alveolar	mixed/cluster/other	u	mixed/unknown-formative	verb	short-strong-or-mixed-structure / mixed/unknown-formative	short-strong-or-mixed-structure / alveolar	short-strong-or-mixed-structure / u	outside narrow classical Telugu domain; no D prediction from that rule	t	ṯ/ṟ	short	u/a	singleton and strong apical formations	high for u-apical order; conditional for affricate formation
d4177	d4177	short-C-initial-r-rhotics-retroflex-approximant	consonant-initial	p	short	rhotic	singleton	mixed/uncertain-vowel	high-i	verb/noun	short-C-initial-r-rhotics-retroflex-approximant / high-i	short-C-initial-r-rhotics-retroflex-approximant / rhotic	short-C-initial-r-rhotics-retroflex-approximant / mixed/uncertain-vowel	eligible; obligatory application predicts D	p	r	short	i	singleton	high for full high-vowel stem
d4183	d4183	short-strong-or-mixed-structure	consonant-initial	p	short	retroflex-approximant	mixed/cluster/other	i	high-i	verb/noun	short-strong-or-mixed-structure / high-i	short-strong-or-mixed-structure / retroflex-approximant	short-strong-or-mixed-structure / i	outside narrow classical Telugu domain; no D prediction from that rule	p	ẓ	short	i	singleton plus nasal-stop derivatives	high for singleton full order; medium for exact cross-language formations
d868	d868	nasal-quotative-morphology	vowel-initial	Ø	mixed/uncertain-quantity	nasal	mixed/cluster/other	mixed/uncertain-vowel	mixed/unknown-formative	verb/quotative	nasal-quotative-morphology / mixed/unknown-formative	nasal-quotative-morphology / nasal	nasal-quotative-morphology / mixed/uncertain-vowel	outside narrow classical Telugu domain; no D prediction from that rule	Ø	n	short regional roots; long northern grade and grammatical contractions	a/ā/u/zero	nasal with tense-conditioned cluster variants	high for local an+suffix order; medium for phonetic mechanism
d4449	d4449	nasal-or-nasal-cluster-input	consonant-initial	p	mixed/uncertain-quantity	nasal	mixed/cluster/other	mixed/uncertain-vowel	mixed/unknown-formative	noun	nasal-or-nasal-cluster-input / mixed/unknown-formative	nasal-or-nasal-cluster-input / nasal	nasal-or-nasal-cluster-input / mixed/uncertain-vowel	outside narrow classical Telugu domain; no D prediction from that rule	p	n	long independently established; short regional Pengo/Manda	zero/u	nasal	high
d789	d789	short-strong-or-mixed-structure	vowel-initial	Ø	short	retroflex-rhotic	mixed/cluster/other	e	mixed/unknown-formative	noun	short-strong-or-mixed-structure / mixed/unknown-formative	short-strong-or-mixed-structure / retroflex-rhotic	short-strong-or-mixed-structure / e	outside narrow classical Telugu domain; no D prediction from that rule	Ø	ṛ	short initial vowel	e/zero	singleton or cluster input uncertain	high for initial order; low for medial e versus zero
d3520	d3520	nonapical-or-uncertain-input	consonant-initial	t	short	nonapical-or-uncertain	mixed/cluster/other	o	mixed/unknown-formative	noun	nonapical-or-uncertain-input / mixed/unknown-formative	nonapical-or-uncertain-input / nonapical-or-uncertain	nonapical-or-uncertain-input / o	outside narrow classical Telugu domain; no D prediction from that rule	t	l/k	short	o/zero	lateral only in northern forms; deeper k/l uncertain	medium for local northern order; low for wider cognacy
d1079	d1079	nonapical-or-uncertain-input	consonant-initial	k	short	nonapical-or-uncertain	mixed/cluster/other	a	mixed/unknown-formative	verb/noun	nonapical-or-uncertain-input / mixed/unknown-formative	nonapical-or-uncertain-input / nonapical-or-uncertain	nonapical-or-uncertain-input / a	outside narrow classical Telugu domain; no D prediction from that rule	k	k / possible ẓ	short	zero/u	velar singleton/geminate; alternative apical+velar cluster	high for kak family; low for apical antiquity
d4806	d4806	nasal-or-nasal-cluster-input	consonant-initial	m	long	mixed-nasal-apical	mixed/cluster/other	mixed/uncertain-vowel	mixed/unknown-formative	noun	nasal-or-nasal-cluster-input / mixed/unknown-formative	nasal-or-nasal-cluster-input / mixed-nasal-apical	nasal-or-nasal-cluster-input / mixed/uncertain-vowel	outside narrow classical Telugu domain; no D prediction from that rule	m	ṇ/ṛ	long independently established	i / unknown	nasal/rhotic singleton; immediate suffixal s cluster inferred	high for long vowel and full order; medium for segment and formation
d4831	d4831	nasal-or-nasal-cluster-input	consonant-initial	m	mixed/uncertain-quantity	mixed-nasal-apical	mixed/cluster/other	mixed/uncertain-vowel	mixed/unknown-formative	verb	nasal-or-nasal-cluster-input / mixed/unknown-formative	nasal-or-nasal-cluster-input / mixed-nasal-apical	nasal-or-nasal-cluster-input / mixed/uncertain-vowel	outside narrow classical Telugu domain; no D prediction from that rule	m	ḷ/ṇ	independent long root and short derivatives	a/u/zero	lateral/nasal; short consonantal formations	high for full order; medium for grades; low for e outcome
d5124	d5124	short-strong-or-mixed-structure	consonant-initial	m	short	lateral	mixed/cluster/other	mixed/uncertain-vowel	consonantal/no-vowel	verb	short-strong-or-mixed-structure / consonantal/no-vowel	short-strong-or-mixed-structure / lateral	short-strong-or-mixed-structure / mixed/uncertain-vowel	outside narrow classical Telugu domain; no D prediction from that rule	m	ḷ	short	zero	lateral plus velar formative	high for earlier order; medium for root vowel and common inheritance
d5146	d5146	nonapical-or-uncertain-input	consonant-initial	m	mixed/uncertain-quantity	nonapical-or-uncertain	mixed/cluster/other	mixed/uncertain-vowel	mixed/unknown-formative	verb/noun	nonapical-or-uncertain-input / mixed/unknown-formative	nonapical-or-uncertain-input / nonapical-or-uncertain	nonapical-or-uncertain-input / mixed/uncertain-vowel	outside narrow classical Telugu domain; no D prediction from that rule	m	r/n input order unknown	unknown before observed long cluster	unknown	precluster structure unknown	low for precluster input
d1123	d1123	short-C-initial-other-apical	consonant-initial	k	short	retroflex-stop	singleton	mixed/uncertain-vowel	low-a	noun	short-C-initial-other-apical / low-a	short-C-initial-other-apical / retroflex-stop	short-C-initial-other-apical / mixed/uncertain-vowel	outside narrow classical Telugu domain; no D prediction from that rule	k	ṭ	short	a	singleton	Comparative order and exact formation confidence distinguished in support and exception notes
d1181	d1181	nasal-or-nasal-cluster-input	consonant-initial	k	short	nasal	geminate	a	low-a	adverb	nasal-or-nasal-cluster-input / low-a	nasal-or-nasal-cluster-input / nasal	nasal-or-nasal-cluster-input / a	outside narrow classical Telugu domain; no D prediction from that rule	k	ṇṇ	short	a	geminate	Comparative order and exact formation confidence distinguished in support and exception notes
d1235	d1235	nonapical-or-uncertain-input	consonant-initial	k	short	nonapical-or-uncertain	mixed/cluster/other	mixed/uncertain-vowel	mixed/unknown-formative	noun	nonapical-or-uncertain-input / mixed/unknown-formative	nonapical-or-uncertain-input / nonapical-or-uncertain	nonapical-or-uncertain-input / mixed/uncertain-vowel	outside narrow classical Telugu domain; no D prediction from that rule	k	mp	short	a/e	nasal-labial cluster	Comparative order and exact formation confidence distinguished in support and exception notes
d1278	d1278	mixed-or-uncertain-quantity	consonant-initial	k	mixed/uncertain-quantity	rhotic	singleton	a	mixed/unknown-formative	verb/adjective	mixed-or-uncertain-quantity / mixed/unknown-formative	mixed-or-uncertain-quantity / rhotic	mixed-or-uncertain-quantity / a	outside narrow classical Telugu domain; no D prediction from that rule	k	r	short and independent long grades	u/zero/unknown	singleton	Comparative order and exact formation confidence distinguished in support and exception notes
d1287	d1287	short-C-initial-r-rhotics-retroflex-approximant	consonant-initial	k	short	rhotic	singleton	a	mixed/unknown-formative	adjective/verb	short-C-initial-r-rhotics-retroflex-approximant / mixed/unknown-formative	short-C-initial-r-rhotics-retroflex-approximant / rhotic	short-C-initial-r-rhotics-retroflex-approximant / a	eligible; obligatory application predicts D	k	r	short	u/zero/unknown	singleton	Comparative order and exact formation confidence distinguished in support and exception notes
d1291	d1291	short-C-initial-r-rhotics-retroflex-approximant	consonant-initial	k	short	rhotic	singleton	a	mixed/unknown-formative	verb/noun	short-C-initial-r-rhotics-retroflex-approximant / mixed/unknown-formative	short-C-initial-r-rhotics-retroflex-approximant / rhotic	short-C-initial-r-rhotics-retroflex-approximant / a	eligible; obligatory application predicts D	k	r	short	a/zero/unknown	singleton	Comparative order and exact formation confidence distinguished in support and exception notes
d1292	d1292	short-C-initial-r-rhotics-retroflex-approximant	consonant-initial	k	short	rhotic	singleton	a	mixed/unknown-formative	verb	short-C-initial-r-rhotics-retroflex-approximant / mixed/unknown-formative	short-C-initial-r-rhotics-retroflex-approximant / rhotic	short-C-initial-r-rhotics-retroflex-approximant / a	eligible; obligatory application predicts D	k	r	short	a/zero/i	singleton	Comparative order and exact formation confidence distinguished in support and exception notes
d1347	d1347	short-C-initial-r-rhotics-retroflex-approximant	consonant-initial	k	short	retroflex-approximant	singleton	a	low-a	noun	short-C-initial-r-rhotics-retroflex-approximant / low-a	short-C-initial-r-rhotics-retroflex-approximant / retroflex-approximant	short-C-initial-r-rhotics-retroflex-approximant / a	eligible; obligatory application predicts D	k	ẓ	short	a	singleton	Comparative order and exact formation confidence distinguished in support and exception notes
d1349	d1349	short-C-initial-r-rhotics-retroflex-approximant	consonant-initial	k	short	retroflex-approximant	singleton	a	mixed/unknown-formative	verb	short-C-initial-r-rhotics-retroflex-approximant / mixed/unknown-formative	short-C-initial-r-rhotics-retroflex-approximant / retroflex-approximant	short-C-initial-r-rhotics-retroflex-approximant / a	eligible; obligatory application predicts D	k	ẓ	short	a/i	singleton	Comparative order and exact formation confidence distinguished in support and exception notes
d1359	d1359	short-C-initial-r-rhotics-retroflex-approximant	consonant-initial	k	short	retroflex-approximant	singleton	a	mixed/unknown-formative	noun	short-C-initial-r-rhotics-retroflex-approximant / mixed/unknown-formative	short-C-initial-r-rhotics-retroflex-approximant / retroflex-approximant	short-C-initial-r-rhotics-retroflex-approximant / a	eligible; obligatory application predicts D	k	ẓ	short	i/zero	singleton	Comparative order and exact formation confidence distinguished in support and exception notes
d1368	d1368	short-C-initial-r-rhotics-retroflex-approximant	consonant-initial	k	short	retroflex-approximant	singleton	a	mixed/unknown-formative	verb	short-C-initial-r-rhotics-retroflex-approximant / mixed/unknown-formative	short-C-initial-r-rhotics-retroflex-approximant / retroflex-approximant	short-C-initial-r-rhotics-retroflex-approximant / a	eligible; obligatory application predicts D	k	ẓ	short	u/zero	singleton	Comparative order and exact formation confidence distinguished in support and exception notes
d1477	d1477	mixed-or-uncertain-quantity	consonant-initial	k	mixed/uncertain-quantity	mixed-apical	singleton	mixed/uncertain-vowel	mixed/unknown-formative	verb/noun	mixed-or-uncertain-quantity / mixed/unknown-formative	mixed-or-uncertain-quantity / mixed-apical	mixed-or-uncertain-quantity / mixed/uncertain-vowel	outside narrow classical Telugu domain; no D prediction from that rule	k	r/ṟ/l	long root with independent short expanded Tulu formations	zero/a/y	singleton	Comparative order and exact formation confidence distinguished in support and exception notes
d1507	d1507	short-C-initial-r-rhotics-retroflex-approximant	consonant-initial	k	short	rhotic	singleton	a	low-a	noun	short-C-initial-r-rhotics-retroflex-approximant / low-a	short-C-initial-r-rhotics-retroflex-approximant / rhotic	short-C-initial-r-rhotics-retroflex-approximant / a	eligible; obligatory application predicts D	k	r	short	a	singleton	Comparative order and exact formation confidence distinguished in support and exception notes
d1509	d1509	nonapical-or-uncertain-input	consonant-initial	k	short	nonapical-or-uncertain	geminate	i	mixed/unknown-formative	verb/noun	nonapical-or-uncertain-input / mixed/unknown-formative	nonapical-or-uncertain-input / nonapical-or-uncertain	nonapical-or-uncertain-input / i	outside narrow classical Telugu domain; no D prediction from that rule	k	kk	short	i/a	geminate	Comparative order and exact formation confidence distinguished in support and exception notes
d1580	d1580	short-C-initial-r-rhotics-retroflex-approximant	consonant-initial	k	short	retroflex-approximant	singleton	mixed/uncertain-vowel	low-a	noun	short-C-initial-r-rhotics-retroflex-approximant / low-a	short-C-initial-r-rhotics-retroflex-approximant / retroflex-approximant	short-C-initial-r-rhotics-retroflex-approximant / mixed/uncertain-vowel	eligible; obligatory application predicts D	k	ẓ	short	a	singleton	Comparative order and exact formation confidence distinguished in support and exception notes
d1594	d1594	short-C-initial-r-rhotics-retroflex-approximant	consonant-initial	k	short	alveolar	singleton	i	mixed/unknown-formative	adjective/verb	short-C-initial-r-rhotics-retroflex-approximant / mixed/unknown-formative	short-C-initial-r-rhotics-retroflex-approximant / alveolar	short-C-initial-r-rhotics-retroflex-approximant / i	eligible; obligatory application predicts D	k	ṟ	short	i/u/a	singleton	Comparative order and exact formation confidence distinguished in support and exception notes
d1680	d1680	short-strong-or-mixed-structure	consonant-initial	k/g	short	retroflex-stop	mixed/cluster/other	u	mixed/unknown-formative	noun	short-strong-or-mixed-structure / mixed/unknown-formative	short-strong-or-mixed-structure / retroflex-stop	short-strong-or-mixed-structure / u	outside narrow classical Telugu domain; no D prediction from that rule	k/g	ṭ/ḍ	short	u/zero	stop geminate or rhotic-stop cluster uncertain	Comparative order and exact formation confidence distinguished in support and exception notes
d1767	d1767	mixed-or-uncertain-quantity	consonant-initial	k	mixed/uncertain-quantity	rhotic	singleton	u	mixed/unknown-formative	verb	mixed-or-uncertain-quantity / mixed/unknown-formative	mixed-or-uncertain-quantity / rhotic	mixed-or-uncertain-quantity / u	outside narrow classical Telugu domain; no D prediction from that rule	k	r	short and independent long grades	a/zero	singleton	Comparative order and exact formation confidence distinguished in support and exception notes
d1769	d1769	short-C-initial-r-rhotics-retroflex-approximant	consonant-initial	k	short	rhotic	singleton	mixed/uncertain-vowel	low-a	noun	short-C-initial-r-rhotics-retroflex-approximant / low-a	short-C-initial-r-rhotics-retroflex-approximant / rhotic	short-C-initial-r-rhotics-retroflex-approximant / mixed/uncertain-vowel	eligible; obligatory application predicts D	k	r	short	a	singleton	Comparative order and exact formation confidence distinguished in support and exception notes
d1774	d1774	short-C-initial-r-rhotics-retroflex-approximant	consonant-initial	k	short	rhotic	singleton	mixed/uncertain-vowel	low-a	noun/verb	short-C-initial-r-rhotics-retroflex-approximant / low-a	short-C-initial-r-rhotics-retroflex-approximant / rhotic	short-C-initial-r-rhotics-retroflex-approximant / mixed/uncertain-vowel	eligible; obligatory application predicts D	k	r	short	a	singleton	Comparative order and exact formation confidence distinguished in support and exception notes
d1778	d1778	short-C-initial-r-rhotics-retroflex-approximant	consonant-initial	k	short	rhotic	singleton	mixed/uncertain-vowel	mixed/unknown-formative	verb	short-C-initial-r-rhotics-retroflex-approximant / mixed/unknown-formative	short-C-initial-r-rhotics-retroflex-approximant / rhotic	short-C-initial-r-rhotics-retroflex-approximant / mixed/uncertain-vowel	eligible; obligatory application predicts D	k	r	short	a/u/unknown	singleton	Comparative order and exact formation confidence distinguished in support and exception notes
d1802	d1802	nonapical-or-uncertain-input	consonant-initial	g	short	nonapical-or-uncertain	singleton	u	mixed/unknown-formative	verb	nonapical-or-uncertain-input / mixed/unknown-formative	nonapical-or-uncertain-input / nonapical-or-uncertain	nonapical-or-uncertain-input / u	outside narrow classical Telugu domain; no D prediction from that rule	g	h	short	unknown	singleton	Comparative order and exact formation confidence distinguished in support and exception notes
d1822	d1822	short-C-initial-r-rhotics-retroflex-approximant	consonant-initial	k	short	retroflex-approximant	singleton	mixed/uncertain-vowel	mixed/unknown-formative	verb	short-C-initial-r-rhotics-retroflex-approximant / mixed/unknown-formative	short-C-initial-r-rhotics-retroflex-approximant / retroflex-approximant	short-C-initial-r-rhotics-retroflex-approximant / mixed/uncertain-vowel	eligible; obligatory application predicts D	k	ẓ	short	a/zero	singleton	Comparative order and exact formation confidence distinguished in support and exception notes
d1826	d1826	nonapical-or-uncertain-input	consonant-initial	k	mixed/uncertain-quantity	nonapical-or-uncertain	singleton	mixed/uncertain-vowel	mixed/unknown-formative	verb	nonapical-or-uncertain-input / mixed/unknown-formative	nonapical-or-uncertain-input / nonapical-or-uncertain	nonapical-or-uncertain-input / mixed/uncertain-vowel	outside narrow classical Telugu domain; no D prediction from that rule	k	r input position unknown	unknown before regional cluster	unknown	singleton	Comparative order and exact formation confidence distinguished in support and exception notes
d1850	d1850	short-strong-or-mixed-structure	consonant-initial	k/g	short	alveolar	mixed/cluster/other	u	mixed/unknown-formative	verb/noun	short-strong-or-mixed-structure / mixed/unknown-formative	short-strong-or-mixed-structure / alveolar	short-strong-or-mixed-structure / u	outside narrow classical Telugu domain; no D prediction from that rule	k/g	ṟ/ṯ	short	u/zero	singleton and strong formations	Comparative order and exact formation confidence distinguished in support and exception notes
d1851	d1851	short-strong-or-mixed-structure	consonant-initial	k	short	alveolar	mixed/cluster/other	mixed/uncertain-vowel	mixed/unknown-formative	adjective/verb	short-strong-or-mixed-structure / mixed/unknown-formative	short-strong-or-mixed-structure / alveolar	short-strong-or-mixed-structure / mixed/uncertain-vowel	outside narrow classical Telugu domain; no D prediction from that rule	k	ṟ/ṯ	short	u/a	singleton and strong formations	Comparative order and exact formation confidence distinguished in support and exception notes
d1853	d1853	nonapical-or-uncertain-input	consonant-initial	g	short	nonapical-or-uncertain	mixed/cluster/other	u	mixed/unknown-formative	verb/noun	nonapical-or-uncertain-input / mixed/unknown-formative	nonapical-or-uncertain-input / nonapical-or-uncertain	nonapical-or-uncertain-input / u	outside narrow classical Telugu domain; no D prediction from that rule	g	k/h	short	u/zero	velar singleton/geminate	Comparative order and exact formation confidence distinguished in support and exception notes
d1861	d1861	short-strong-or-mixed-structure	consonant-initial	k	short	alveolar	geminate	u	mixed/unknown-formative	verb	short-strong-or-mixed-structure / mixed/unknown-formative	short-strong-or-mixed-structure / alveolar	short-strong-or-mixed-structure / u	outside narrow classical Telugu domain; no D prediction from that rule	k	ṟ	short	zero/u	geminate independently supported	Comparative order and exact formation confidence distinguished in support and exception notes
d1898	d1898	long-apical-input	consonant-initial	k	long	rhotic	singleton	mixed/uncertain-vowel	mixed/unknown-formative	adjective/noun	long-apical-input / mixed/unknown-formative	long-apical-input / rhotic	long-apical-input / mixed/uncertain-vowel	outside narrow classical Telugu domain; no D prediction from that rule	k	r	long	zero/u	singleton	Comparative order and exact formation confidence distinguished in support and exception notes
d1923	d1923	mixed-or-uncertain-quantity	consonant-initial	k	mixed/uncertain-quantity	mixed-apical	singleton	mixed/uncertain-vowel	mixed/unknown-formative	verb	mixed-or-uncertain-quantity / mixed/unknown-formative	mixed-or-uncertain-quantity / mixed-apical	mixed-or-uncertain-quantity / mixed/uncertain-vowel	outside narrow classical Telugu domain; no D prediction from that rule	k	r/ṟ/l	long and short independently different formations	u/zero	singleton	Comparative order and exact formation confidence distinguished in support and exception notes
d1964	d1964	nonapical-or-uncertain-input	consonant-initial	k/c	short	nonapical-or-uncertain	singleton	mixed/uncertain-vowel	mixed/unknown-formative	verb	nonapical-or-uncertain-input / mixed/unknown-formative	nonapical-or-uncertain-input / nonapical-or-uncertain	nonapical-or-uncertain-input / mixed/uncertain-vowel	outside narrow classical Telugu domain; no D prediction from that rule	k/c	r/m	short	u/unknown	singleton	Comparative order and exact formation confidence distinguished in support and exception notes
d2008	d2008	mixed-or-uncertain-quantity	consonant-initial	k	mixed/uncertain-quantity	rhotic	singleton	mixed/uncertain-vowel	mixed/unknown-formative	noun	mixed-or-uncertain-quantity / mixed/unknown-formative	mixed-or-uncertain-quantity / rhotic	mixed-or-uncertain-quantity / mixed/uncertain-vowel	outside narrow classical Telugu domain; no D prediction from that rule	k	r	independent long and short forms	i/unknown	singleton	Comparative order and exact formation confidence distinguished in support and exception notes
d2010	d2010	long-apical-input	consonant-initial	k	long	rhotic	singleton	mixed/uncertain-vowel	mixed/unknown-formative	verb/noun	long-apical-input / mixed/unknown-formative	long-apical-input / rhotic	long-apical-input / mixed/uncertain-vowel	outside narrow classical Telugu domain; no D prediction from that rule	k	r	long independently established	unknown	singleton	Comparative order and exact formation confidence distinguished in support and exception notes
d2090	d2090	nonapical-or-uncertain-input	consonant-initial	k	short	nonapical-or-uncertain	geminate	o	low-a	noun	nonapical-or-uncertain-input / low-a	nonapical-or-uncertain-input / nonapical-or-uncertain	nonapical-or-uncertain-input / o	outside narrow classical Telugu domain; no D prediction from that rule	k	tt	short	a	geminate	Comparative order and exact formation confidence distinguished in support and exception notes
d2176	d2176	nonapical-or-uncertain-input	consonant-initial	k	long	nonapical-or-uncertain	singleton	mixed/uncertain-vowel	mixed/unknown-formative	verb/noun	nonapical-or-uncertain-input / mixed/unknown-formative	nonapical-or-uncertain-input / nonapical-or-uncertain	nonapical-or-uncertain-input / mixed/uncertain-vowel	outside narrow classical Telugu domain; no D prediction from that rule	k	r/v/zero	long	zero/unknown	singleton	Comparative order and exact formation confidence distinguished in support and exception notes
d2233	d2233	mixed-or-uncertain-quantity	consonant-initial	k	mixed/uncertain-quantity	mixed-apical	mixed/cluster/other	mixed/uncertain-vowel	mixed/unknown-formative	verb	mixed-or-uncertain-quantity / mixed/unknown-formative	mixed-or-uncertain-quantity / mixed-apical	mixed-or-uncertain-quantity / mixed/uncertain-vowel	outside narrow classical Telugu domain; no D prediction from that rule	k	r/l	long versus short strong formations	u/zero/unknown	singleton versus geminate	Comparative order and exact formation confidence distinguished in support and exception notes
d2247	d2247	nonapical-or-uncertain-input	consonant-initial	k	long	nonapical-or-uncertain	singleton	mixed/uncertain-vowel	low-a	noun	nonapical-or-uncertain-input / low-a	nonapical-or-uncertain-input / nonapical-or-uncertain	nonapical-or-uncertain-input / mixed/uncertain-vowel	outside narrow classical Telugu domain; no D prediction from that rule	k	v	long	a	singleton	Comparative order and exact formation confidence distinguished in support and exception notes
d2356	d2356	short-C-initial-r-rhotics-retroflex-approximant	consonant-initial	c	short	rhotic	singleton	a	low-a	noun	short-C-initial-r-rhotics-retroflex-approximant / low-a	short-C-initial-r-rhotics-retroflex-approximant / rhotic	short-C-initial-r-rhotics-retroflex-approximant / a	eligible; obligatory application predicts D	c	r	short	a	singleton	Comparative order and exact formation confidence distinguished in support and exception notes
d2360	d2360	short-C-initial-r-rhotics-retroflex-approximant	consonant-initial	c/s/j	short	rhotic	singleton	a	mixed/unknown-formative	verb	short-C-initial-r-rhotics-retroflex-approximant / mixed/unknown-formative	short-C-initial-r-rhotics-retroflex-approximant / rhotic	short-C-initial-r-rhotics-retroflex-approximant / a	eligible; obligatory application predicts D	c/s/j	r	short	i/u/zero	singleton	Comparative order and exact formation confidence distinguished in support and exception notes
d2687	d2687	short-C-initial-r-rhotics-retroflex-approximant	consonant-initial	c/s	short	rhotic	singleton	u	mixed/unknown-formative	verb	short-C-initial-r-rhotics-retroflex-approximant / mixed/unknown-formative	short-C-initial-r-rhotics-retroflex-approximant / rhotic	short-C-initial-r-rhotics-retroflex-approximant / u	eligible; obligatory application predicts D	c/s	r	short	u/zero	singleton	Comparative order and exact formation confidence distinguished in support and exception notes
d3095	d3095	short-C-initial-r-rhotics-retroflex-approximant	consonant-initial	t	short	rhotic	singleton	mixed/uncertain-vowel	mixed/unknown-formative	verb	short-C-initial-r-rhotics-retroflex-approximant / mixed/unknown-formative	short-C-initial-r-rhotics-retroflex-approximant / rhotic	short-C-initial-r-rhotics-retroflex-approximant / mixed/uncertain-vowel	eligible; obligatory application predicts D	t	r	short	i/zero/unknown	singleton	Comparative order and exact formation confidence distinguished in support and exception notes
d3115	d3115	short-C-initial-r-rhotics-retroflex-approximant	consonant-initial	t	short	retroflex-approximant	singleton	a	mixed/unknown-formative	noun/verb	short-C-initial-r-rhotics-retroflex-approximant / mixed/unknown-formative	short-C-initial-r-rhotics-retroflex-approximant / retroflex-approximant	short-C-initial-r-rhotics-retroflex-approximant / a	eligible; obligatory application predicts D	t	ẓ	short	zero/a	singleton	Comparative order and exact formation confidence distinguished in support and exception notes
d3122	d3122	mixed-or-uncertain-quantity	consonant-initial	t	mixed/uncertain-quantity	retroflex-approximant	singleton	a	mixed/unknown-formative	verb	mixed-or-uncertain-quantity / mixed/unknown-formative	mixed-or-uncertain-quantity / retroflex-approximant	mixed-or-uncertain-quantity / a	outside narrow classical Telugu domain; no D prediction from that rule	t	ẓ	short and long independently attested grades	zero/unknown	singleton	Comparative order and exact formation confidence distinguished in support and exception notes
d3174	d3174	mixed-or-uncertain-quantity	consonant-initial	t	mixed/uncertain-quantity	rhotic	singleton	mixed/uncertain-vowel	mixed/unknown-formative	verb	mixed-or-uncertain-quantity / mixed/unknown-formative	mixed-or-uncertain-quantity / rhotic	mixed-or-uncertain-quantity / mixed/uncertain-vowel	outside narrow classical Telugu domain; no D prediction from that rule	t	r	long in full comparanda; pre-Telugu quantity unresolved	zero/unknown	singleton	Comparative order and exact formation confidence distinguished in support and exception notes
d3192	d3192	mixed-or-uncertain-quantity	consonant-initial	t	mixed/uncertain-quantity	alveolar	singleton	mixed/uncertain-vowel	mixed/unknown-formative	verb	mixed-or-uncertain-quantity / mixed/unknown-formative	mixed-or-uncertain-quantity / alveolar	mixed-or-uncertain-quantity / mixed/uncertain-vowel	outside narrow classical Telugu domain; no D prediction from that rule	t	ṟ	long root and independent short derivatives	a/u/zero	singleton	Comparative order and exact formation confidence distinguished in support and exception notes
d3305	d3305	nasal-or-nasal-cluster-input	consonant-initial	t	mixed/uncertain-quantity	nasal	mixed/cluster/other	mixed/uncertain-vowel	mixed/unknown-formative	verb/noun	nasal-or-nasal-cluster-input / mixed/unknown-formative	nasal-or-nasal-cluster-input / nasal	nasal-or-nasal-cluster-input / mixed/uncertain-vowel	outside narrow classical Telugu domain; no D prediction from that rule	t	ṇ	short and long formations	i/u	nasal	Comparative order and exact formation confidence distinguished in support and exception notes
d3339	d3339	short-C-initial-r-rhotics-retroflex-approximant	consonant-initial	t	short	rhotic	singleton	u	mixed/unknown-formative	verb	short-C-initial-r-rhotics-retroflex-approximant / mixed/unknown-formative	short-C-initial-r-rhotics-retroflex-approximant / rhotic	short-C-initial-r-rhotics-retroflex-approximant / u	eligible; obligatory application predicts D	t	r	short	a/u/i	singleton	Comparative order and exact formation confidence distinguished in support and exception notes
d3340	d3340	short-C-initial-r-rhotics-retroflex-approximant	consonant-initial	t	short	rhotic	singleton	mixed/uncertain-vowel	mixed/unknown-formative	verb	short-C-initial-r-rhotics-retroflex-approximant / mixed/unknown-formative	short-C-initial-r-rhotics-retroflex-approximant / rhotic	short-C-initial-r-rhotics-retroflex-approximant / mixed/uncertain-vowel	eligible; obligatory application predicts D	t	r	short	a/zero	singleton	Comparative order and exact formation confidence distinguished in support and exception notes
d3343	d3343	short-C-initial-r-rhotics-retroflex-approximant	consonant-initial	t	short	rhotic	singleton	u	mixed/unknown-formative	noun	short-C-initial-r-rhotics-retroflex-approximant / mixed/unknown-formative	short-C-initial-r-rhotics-retroflex-approximant / rhotic	short-C-initial-r-rhotics-retroflex-approximant / u	eligible; obligatory application predicts D	t	r	short	u/zero	singleton	Comparative order and exact formation confidence distinguished in support and exception notes
d3393	d3393	nonapical-or-uncertain-input	consonant-initial	t	mixed/uncertain-quantity	nonapical-or-uncertain	mixed/cluster/other	mixed/uncertain-vowel	mixed/unknown-formative	noun	nonapical-or-uncertain-input / mixed/unknown-formative	nonapical-or-uncertain-input / nonapical-or-uncertain	nonapical-or-uncertain-input / mixed/uncertain-vowel	outside narrow classical Telugu domain; no D prediction from that rule	t	p/ẓ later	long root and short labial derivatives	u/a	noninitial apical after geminate	Comparative order and exact formation confidence distinguished in support and exception notes
d3411	d3411	short-strong-or-mixed-structure	consonant-initial	t/ṭ	short	retroflex-stop	mixed/cluster/other	mixed/uncertain-vowel	high-u	noun	short-strong-or-mixed-structure / high-u	short-strong-or-mixed-structure / retroflex-stop	short-strong-or-mixed-structure / mixed/uncertain-vowel	outside narrow classical Telugu domain; no D prediction from that rule	t/ṭ	ḍ	short	u	geminate/short stop variants	Comparative order and exact formation confidence distinguished in support and exception notes
d3437	d3437	short-C-initial-r-rhotics-retroflex-approximant	consonant-initial	t	short	alveolar	singleton	mixed/uncertain-vowel	mixed/unknown-formative	verb	short-C-initial-r-rhotics-retroflex-approximant / mixed/unknown-formative	short-C-initial-r-rhotics-retroflex-approximant / alveolar	short-C-initial-r-rhotics-retroflex-approximant / mixed/uncertain-vowel	eligible; obligatory application predicts D	t	ṟ	short	i/zero/unknown	singleton	Comparative order and exact formation confidence distinguished in support and exception notes
d3451	d3451	nonapical-or-uncertain-input	consonant-initial	t/d	mixed/uncertain-quantity	nonapical-or-uncertain	singleton	mixed/uncertain-vowel	mixed/unknown-formative	verb/noun	nonapical-or-uncertain-input / mixed/unknown-formative	nonapical-or-uncertain-input / nonapical-or-uncertain	nonapical-or-uncertain-input / mixed/uncertain-vowel	outside narrow classical Telugu domain; no D prediction from that rule	t/d	k/r	long core root and regional short/long derivatives	zero/unknown	singleton	Comparative order and exact formation confidence distinguished in support and exception notes
d3522	d3522	short-C-initial-r-rhotics-retroflex-approximant	consonant-initial	t	short	retroflex-approximant	singleton	mixed/uncertain-vowel	mixed/unknown-formative	verb	short-C-initial-r-rhotics-retroflex-approximant / mixed/unknown-formative	short-C-initial-r-rhotics-retroflex-approximant / retroflex-approximant	short-C-initial-r-rhotics-retroflex-approximant / mixed/uncertain-vowel	eligible; obligatory application predicts D	t	ẓ	short	i/zero	singleton	Comparative order and exact formation confidence distinguished in support and exception notes
d3821	d3821	nonapical-or-uncertain-input	consonant-initial	p	short	nonapical-or-uncertain	singleton	a	mixed/unknown-formative	adjective/noun	nonapical-or-uncertain-input / mixed/unknown-formative	nonapical-or-uncertain-input / nonapical-or-uncertain	nonapical-or-uncertain-input / a	outside narrow classical Telugu domain; no D prediction from that rule	p	c/s	short	i/a/unknown	singleton	Comparative order and exact formation confidence distinguished in support and exception notes
d3962	d3962	short-C-initial-r-rhotics-retroflex-approximant	consonant-initial	p	short	rhotic	singleton	a	mixed/unknown-formative	verb/noun	short-C-initial-r-rhotics-retroflex-approximant / mixed/unknown-formative	short-C-initial-r-rhotics-retroflex-approximant / rhotic	short-C-initial-r-rhotics-retroflex-approximant / a	eligible; obligatory application predicts D	p	r	short	i/zero/a	singleton	Comparative order and exact formation confidence distinguished in support and exception notes
d3972	d3972	mixed-or-uncertain-quantity	consonant-initial	p	mixed/uncertain-quantity	rhotic	singleton	a	mixed/unknown-formative	verb/adjective	mixed-or-uncertain-quantity / mixed/unknown-formative	mixed-or-uncertain-quantity / rhotic	mixed-or-uncertain-quantity / a	outside narrow classical Telugu domain; no D prediction from that rule	p	r	short root and independent long grade	u/zero	singleton	Comparative order and exact formation confidence distinguished in support and exception notes
d3999	d3999	short-C-initial-r-rhotics-retroflex-approximant	consonant-initial	p	short	retroflex-approximant	singleton	a	low-a	adjective/verb	short-C-initial-r-rhotics-retroflex-approximant / low-a	short-C-initial-r-rhotics-retroflex-approximant / retroflex-approximant	short-C-initial-r-rhotics-retroflex-approximant / a	eligible; obligatory application predicts D	p	ẓ	short	a	singleton	Comparative order and exact formation confidence distinguished in support and exception notes
d4002	d4002	short-C-initial-r-rhotics-retroflex-approximant	consonant-initial	p	short	retroflex-approximant	singleton	a	mixed/unknown-formative	verb/noun	short-C-initial-r-rhotics-retroflex-approximant / mixed/unknown-formative	short-C-initial-r-rhotics-retroflex-approximant / retroflex-approximant	short-C-initial-r-rhotics-retroflex-approximant / a	eligible; obligatory application predicts D	p	ẓ	short	i/zero	singleton	Comparative order and exact formation confidence distinguished in support and exception notes
d4057	d4057	nonapical-or-uncertain-input	consonant-initial	p	long	nonapical-or-uncertain	singleton	mixed/uncertain-vowel	mixed/unknown-formative	adjective/verb	nonapical-or-uncertain-input / mixed/unknown-formative	nonapical-or-uncertain-input / nonapical-or-uncertain	nonapical-or-uncertain-input / mixed/uncertain-vowel	outside narrow classical Telugu domain; no D prediction from that rule	p	s	long	zero/u	singleton	Comparative order and exact formation confidence distinguished in support and exception notes
d4175	d4175	short-C-initial-r-rhotics-retroflex-approximant	consonant-initial	p	short	rhotic	singleton	mixed/uncertain-vowel	low-a	noun	short-C-initial-r-rhotics-retroflex-approximant / low-a	short-C-initial-r-rhotics-retroflex-approximant / rhotic	short-C-initial-r-rhotics-retroflex-approximant / mixed/uncertain-vowel	eligible; obligatory application predicts D	p	r	short	a	singleton	Comparative order and exact formation confidence distinguished in support and exception notes
d4176	d4176	short-C-initial-r-rhotics-retroflex-approximant	consonant-initial	p	short	rhotic	singleton	i	mixed/unknown-formative	verb	short-C-initial-r-rhotics-retroflex-approximant / mixed/unknown-formative	short-C-initial-r-rhotics-retroflex-approximant / rhotic	short-C-initial-r-rhotics-retroflex-approximant / i	eligible; obligatory application predicts D	p	r	short	i/zero	singleton	Comparative order and exact formation confidence distinguished in support and exception notes
d4193	d4193	mixed-or-uncertain-quantity	consonant-initial	p	mixed/uncertain-quantity	retroflex-approximant	singleton	mixed/uncertain-vowel	mixed/unknown-formative	noun	mixed-or-uncertain-quantity / mixed/unknown-formative	mixed-or-uncertain-quantity / retroflex-approximant	mixed-or-uncertain-quantity / mixed/uncertain-vowel	outside narrow classical Telugu domain; no D prediction from that rule	p	ẓ	short and long comparison grades	u/unknown	singleton	Comparative order and exact formation confidence distinguished in support and exception notes
d4283	d4283	short-C-initial-r-rhotics-retroflex-approximant	consonant-initial	p	short	rhotic	singleton	mixed/uncertain-vowel	low-a	verb/noun	short-C-initial-r-rhotics-retroflex-approximant / low-a	short-C-initial-r-rhotics-retroflex-approximant / rhotic	short-C-initial-r-rhotics-retroflex-approximant / mixed/uncertain-vowel	eligible; obligatory application predicts D	p	r	short	a	singleton	Comparative order and exact formation confidence distinguished in support and exception notes
d4312	d4312	short-C-initial-r-rhotics-retroflex-approximant	consonant-initial	p	short	retroflex-approximant	singleton	mixed/uncertain-vowel	mixed/unknown-formative	noun/verb	short-C-initial-r-rhotics-retroflex-approximant / mixed/unknown-formative	short-C-initial-r-rhotics-retroflex-approximant / retroflex-approximant	short-C-initial-r-rhotics-retroflex-approximant / mixed/uncertain-vowel	eligible; obligatory application predicts D	p	ẓ	short	u/i/zero	singleton	Comparative order and exact formation confidence distinguished in support and exception notes
d4537	d4537	short-C-initial-r-rhotics-retroflex-approximant	consonant-initial	p	short	rhotic	singleton	mixed/uncertain-vowel	mixed/unknown-formative	verb/noun	short-C-initial-r-rhotics-retroflex-approximant / mixed/unknown-formative	short-C-initial-r-rhotics-retroflex-approximant / rhotic	short-C-initial-r-rhotics-retroflex-approximant / mixed/uncertain-vowel	eligible; obligatory application predicts D	p	r	short	i/zero/unknown	singleton	Comparative order and exact formation confidence distinguished in support and exception notes
d4545	d4545	short-C-initial-r-rhotics-retroflex-approximant	consonant-initial	p	short	rhotic	singleton	o	mixed/unknown-formative	noun	short-C-initial-r-rhotics-retroflex-approximant / mixed/unknown-formative	short-C-initial-r-rhotics-retroflex-approximant / rhotic	short-C-initial-r-rhotics-retroflex-approximant / o	eligible; obligatory application predicts D	p	r	short	zero/unknown	singleton	Comparative order and exact formation confidence distinguished in support and exception notes
d4559	d4559	short-C-initial-r-rhotics-retroflex-approximant	consonant-initial	p	short	retroflex-approximant	singleton	o	mixed/unknown-formative	noun	short-C-initial-r-rhotics-retroflex-approximant / mixed/unknown-formative	short-C-initial-r-rhotics-retroflex-approximant / retroflex-approximant	short-C-initial-r-rhotics-retroflex-approximant / o	eligible; obligatory application predicts D	p	ẓ	short	u/zero	singleton	Comparative order and exact formation confidence distinguished in support and exception notes
d4591	d4591	mixed-or-uncertain-quantity	consonant-initial	p	mixed/uncertain-quantity	rhotic	singleton	mixed/uncertain-vowel	mixed/unknown-formative	noun	mixed-or-uncertain-quantity / mixed/unknown-formative	mixed-or-uncertain-quantity / rhotic	mixed-or-uncertain-quantity / mixed/uncertain-vowel	outside narrow classical Telugu domain; no D prediction from that rule	p	r	long root and independent short derivative	zero/a	singleton	Comparative order and exact formation confidence distinguished in support and exception notes
d4599	d4599	long-apical-input	consonant-initial	p	long	retroflex-approximant	singleton	mixed/uncertain-vowel	mixed/unknown-formative	verb/noun	long-apical-input / mixed/unknown-formative	long-apical-input / retroflex-approximant	long-apical-input / mixed/uncertain-vowel	outside narrow classical Telugu domain; no D prediction from that rule	p	ẓ	long	zero/unknown	singleton	Comparative order and exact formation confidence distinguished in support and exception notes
d4608	d4608	mixed-or-uncertain-quantity	consonant-initial	p	mixed/uncertain-quantity	rhotic	singleton	mixed/uncertain-vowel	mixed/unknown-formative	verb	mixed-or-uncertain-quantity / mixed/unknown-formative	mixed-or-uncertain-quantity / rhotic	mixed-or-uncertain-quantity / mixed/uncertain-vowel	outside narrow classical Telugu domain; no D prediction from that rule	p	r	unknown	unknown	singleton	Comparative order and exact formation confidence distinguished in support and exception notes
d4680	d4680	nasal-or-nasal-cluster-input	consonant-initial	m	short	mixed-nasal-apical	mixed/cluster/other	a	mixed/unknown-formative	verb	nasal-or-nasal-cluster-input / mixed/unknown-formative	nasal-or-nasal-cluster-input / mixed-nasal-apical	nasal-or-nasal-cluster-input / a	outside narrow classical Telugu domain; no D prediction from that rule	m	ṇṭ/ṛ	short	zero/unknown	mixed nasal-stop/apical	Comparative order and exact formation confidence distinguished in support and exception notes
d4710	d4710	short-C-initial-r-rhotics-retroflex-approximant	consonant-initial	m	short	rhotic	singleton	a	low-a	adjective/verb	short-C-initial-r-rhotics-retroflex-approximant / low-a	short-C-initial-r-rhotics-retroflex-approximant / rhotic	short-C-initial-r-rhotics-retroflex-approximant / a	eligible; obligatory application predicts D	m	r	short	a	singleton	Comparative order and exact formation confidence distinguished in support and exception notes
d4716	d4716	short-C-initial-r-rhotics-retroflex-approximant	consonant-initial	m	short	rhotic	singleton	a	high-u	noun	short-C-initial-r-rhotics-retroflex-approximant / high-u	short-C-initial-r-rhotics-retroflex-approximant / rhotic	short-C-initial-r-rhotics-retroflex-approximant / a	eligible; obligatory application predicts D	m	r	short	u	singleton	Comparative order and exact formation confidence distinguished in support and exception notes
d4728	d4728	short-C-initial-r-rhotics-retroflex-approximant	consonant-initial	m	short	rhotic	singleton	a	consonantal/no-vowel	noun/adjective	short-C-initial-r-rhotics-retroflex-approximant / consonantal/no-vowel	short-C-initial-r-rhotics-retroflex-approximant / rhotic	short-C-initial-r-rhotics-retroflex-approximant / a	eligible; obligatory application predicts D	m	r	short	zero	singleton	Comparative order and exact formation confidence distinguished in support and exception notes
d4971	d4971	short-C-initial-r-rhotics-retroflex-approximant	consonant-initial	m	short	rhotic	singleton	mixed/uncertain-vowel	low-a	noun/adjective	short-C-initial-r-rhotics-retroflex-approximant / low-a	short-C-initial-r-rhotics-retroflex-approximant / rhotic	short-C-initial-r-rhotics-retroflex-approximant / mixed/uncertain-vowel	eligible; obligatory application predicts D	m	r	short	a	singleton	Comparative order and exact formation confidence distinguished in support and exception notes
d4973	d4973	short-C-initial-r-rhotics-retroflex-approximant	consonant-initial	m	short	rhotic	singleton	mixed/uncertain-vowel	low-a	verb/noun	short-C-initial-r-rhotics-retroflex-approximant / low-a	short-C-initial-r-rhotics-retroflex-approximant / rhotic	short-C-initial-r-rhotics-retroflex-approximant / mixed/uncertain-vowel	eligible; obligatory application predicts D	m	r	short	a	singleton	Comparative order and exact formation confidence distinguished in support and exception notes
d4975	d4975	mixed-or-uncertain-quantity	consonant-initial	m	mixed/uncertain-quantity	rhotic	singleton	mixed/uncertain-vowel	mixed/unknown-formative	verb	mixed-or-uncertain-quantity / mixed/unknown-formative	mixed-or-uncertain-quantity / rhotic	mixed-or-uncertain-quantity / mixed/uncertain-vowel	outside narrow classical Telugu domain; no D prediction from that rule	m	r	short and independent long grades	i/u/zero	singleton	Comparative order and exact formation confidence distinguished in support and exception notes
d4989	d4989	short-C-initial-r-rhotics-retroflex-approximant	consonant-initial	m	short	retroflex-approximant	singleton	mixed/uncertain-vowel	mixed/unknown-formative	verb/noun	short-C-initial-r-rhotics-retroflex-approximant / mixed/unknown-formative	short-C-initial-r-rhotics-retroflex-approximant / retroflex-approximant	short-C-initial-r-rhotics-retroflex-approximant / mixed/uncertain-vowel	eligible; obligatory application predicts D	m	ẓ	short	a/i	singleton	Comparative order and exact formation confidence distinguished in support and exception notes
d5007	d5007	short-C-initial-r-rhotics-retroflex-approximant	consonant-initial	m	short	alveolar	singleton	u	mixed/unknown-formative	verb/noun	short-C-initial-r-rhotics-retroflex-approximant / mixed/unknown-formative	short-C-initial-r-rhotics-retroflex-approximant / alveolar	short-C-initial-r-rhotics-retroflex-approximant / u	eligible; obligatory application predicts D	m	ṟ	short	i/zero	singleton	Comparative order and exact formation confidence distinguished in support and exception notes
d5017	d5017	short-strong-or-mixed-structure	consonant-initial	m	short	alveolar-strong	geminate	u	high-u	verb	short-strong-or-mixed-structure / high-u	short-strong-or-mixed-structure / alveolar-strong	short-strong-or-mixed-structure / u	outside narrow classical Telugu domain; no D prediction from that rule	m	ṟṟ	short	u	geminate	Comparative order and exact formation confidence distinguished in support and exception notes
d5046	d5046	mixed-or-uncertain-quantity	consonant-initial	m	mixed/uncertain-quantity	retroflex-approximant	singleton	mixed/uncertain-vowel	mixed/unknown-formative	verb	mixed-or-uncertain-quantity / mixed/unknown-formative	mixed-or-uncertain-quantity / retroflex-approximant	mixed-or-uncertain-quantity / mixed/uncertain-vowel	outside narrow classical Telugu domain; no D prediction from that rule	m	ẓ	long root and independent short derivatives	zero/unknown	singleton	Comparative order and exact formation confidence distinguished in support and exception notes
d5087	d5087	nonapical-or-uncertain-input	consonant-initial	m	long	nonapical-or-uncertain	singleton	mixed/uncertain-vowel	mixed/unknown-formative	noun	nonapical-or-uncertain-input / mixed/unknown-formative	nonapical-or-uncertain-input / nonapical-or-uncertain	nonapical-or-uncertain-input / mixed/uncertain-vowel	outside narrow classical Telugu domain; no D prediction from that rule	m	k	long	unknown	singleton	Comparative order and exact formation confidence distinguished in support and exception notes
d5114	d5114	nasal-or-nasal-cluster-input	consonant-initial	m	mixed/uncertain-quantity	nasal-stop	mixed/cluster/other	mixed/uncertain-vowel	mixed/unknown-formative	adjective/noun	nasal-or-nasal-cluster-input / mixed/unknown-formative	nasal-or-nasal-cluster-input / nasal-stop	nasal-or-nasal-cluster-input / mixed/uncertain-vowel	outside narrow classical Telugu domain; no D prediction from that rule	m	ṇṭ/ṭ	short and long grades	zero/u	nasal-stop/strong stop	Comparative order and exact formation confidence distinguished in support and exception notes
d5123	d5123	short-C-initial-r-rhotics-retroflex-approximant	consonant-initial	m	short	retroflex-approximant	singleton	mixed/uncertain-vowel	consonantal/no-vowel	verb	short-C-initial-r-rhotics-retroflex-approximant / consonantal/no-vowel	short-C-initial-r-rhotics-retroflex-approximant / retroflex-approximant	short-C-initial-r-rhotics-retroflex-approximant / mixed/uncertain-vowel	eligible; obligatory application predicts D	m	ẓ	short	zero	singleton	Comparative order and exact formation confidence distinguished in support and exception notes
d5250	d5250	nasal-or-nasal-cluster-input	consonant-initial	v	short	nasal-stop	mixed/cluster/other	a	mixed/unknown-formative	noun	nasal-or-nasal-cluster-input / mixed/unknown-formative	nasal-or-nasal-cluster-input / nasal-stop	nasal-or-nasal-cluster-input / a	outside narrow classical Telugu domain; no D prediction from that rule	v	nt	short	zero/i	nasal-stop	Comparative order and exact formation confidence distinguished in support and exception notes
d5368	d5368	long-apical-input	consonant-initial	v	long	lateral	singleton	mixed/uncertain-vowel	mixed/unknown-formative	verb	long-apical-input / mixed/unknown-formative	long-apical-input / lateral	long-apical-input / mixed/uncertain-vowel	outside narrow classical Telugu domain; no D prediction from that rule	v	l	long	zero/u	singleton	Comparative order and exact formation confidence distinguished in support and exception notes
d5369	d5369	long-apical-input	consonant-initial	v	long	lateral	singleton	mixed/uncertain-vowel	mixed/unknown-formative	verb	long-apical-input / mixed/unknown-formative	long-apical-input / lateral	long-apical-input / mixed/uncertain-vowel	outside narrow classical Telugu domain; no D prediction from that rule	v	l	long	zero/u	singleton	Comparative order and exact formation confidence distinguished in support and exception notes
d5372	d5372	mixed-or-uncertain-quantity	consonant-initial	v/b	mixed/uncertain-quantity	mixed-apical	singleton	mixed/uncertain-vowel	mixed/unknown-formative	verb/noun	mixed-or-uncertain-quantity / mixed/unknown-formative	mixed-or-uncertain-quantity / mixed-apical	mixed-or-uncertain-quantity / mixed/uncertain-vowel	outside narrow classical Telugu domain; no D prediction from that rule	v/b	ẓ/r	long root and independently short derivative	zero/u	singleton	Comparative order and exact formation confidence distinguished in support and exception notes
d5555	d5555	nonapical-or-uncertain-input	consonant-initial	v	mixed/uncertain-quantity	nonapical-or-uncertain	singleton	mixed/uncertain-vowel	mixed/unknown-formative	verb/noun	nonapical-or-uncertain-input / mixed/unknown-formative	nonapical-or-uncertain-input / nonapical-or-uncertain	nonapical-or-uncertain-input / mixed/uncertain-vowel	outside narrow classical Telugu domain; no D prediction from that rule	v	y	short and long grades	zero/unknown	singleton	Comparative order and exact formation confidence distinguished in support and exception notes
