
### d536 īcal  HEAD dedr-reflex
ETYMOLOGY 
SOURCE NOTE Cf. 533 Ta. ī. DED 457. SOURCE dedr[entry 536, DED 457]
PDr:
  īcal ‘’ not-reconstructed   IDs=d536 SRC=dedr[entry 536, DED 457];dedr
PSTDr:
  *īsal- ‘winged white ants’    IDs=f_cx7oaqozvh6qs SRC=merriam2026dravidiandb[record 562, DEDR 536]
Tamil:
  īcal ‘winged white ants’    IDs=f_cv7ghpjtneguo SRC=dedr
  īyal ‘winged white ants’    IDs=f_vl4vvfw2yhcos SRC=dedr
Malayalam:
  īyal ‘winged termites’    IDs=f_hpzvyksqtc2rg SRC=dedr
  īyāmpāṟṟa ‘moth, winged termite, grasshopper’    IDs=f_zc26cmhlgx3hq SRC=dedr
Kannada:
  īcal ‘the white ant when winged’    IDs=f_oolgh2mmsnnue SRC=dedr
Telugu:
  usiḍi ( usiḷḷu) ‘winged white ant’ pl   IDs=f_wufgofjrqpjjm SRC=dedr
  isuḷḷu ‘winged white ants’    IDs=f_yuz7hhnzlqusk SRC=dedr

### d545 īr  HEAD dedr-reflex
ETYMOLOGY 
PDr:
  īr ‘’ not-reconstructed   IDs=d545 SRC=dedr[entry 545, DED 464];dedr
PSTDr:
  *īr- ‘subtle, minute; slight’    IDs=f_l2y6ywgowrbzs SRC=merriam2026dravidiandb[record 571, DEDR 545]
Tamil:
  īr ‘minuteness’    IDs=f_dankhwjb567ag SRC=dedr
  īrmai ‘subtlety, minuteness’    IDs=f_dsmtamek42f3q SRC=dedr
Telugu:
  īr ‘slight (e.g.īr eṇḍaslight sunshine;īr elūgulow voice). DED 464’    IDs=f_n3xeprddcxfew SRC=dedr

### d558 uka  HEAD dedr-reflex
ETYMOLOGY 
SOURCE NOTE Cf. 1071 Ta. ō. DED(S) 476. SOURCE dedr[entry 558, DED(S) 476]
PDr:
  uka ‘’ not-reconstructed   IDs=d558 SRC=dedr[entry 558, DED(S) 476];dedr
PSTDr:
  *ō- ‘to be glad, to love; desires spring up; to be eager or impatient, have a vehement desire, water (as the mouth at the sight or thought of)’    IDs=f_z7evutblx3t4a SRC=merriam2026dravidiandb[record 584, DEDR 558]
Tamil:
  ōkai ‘(&lt;uvakai)delight, joy’    IDs=f_57sgz3u3g3ali SRC=dedr
  ukavai ‘joy, happiness’    IDs=f_6k4lglblck43y SRC=dedr
  uka ‘to be glad, pleased, desire, hanker after’ verb Tamil-class-7 strong (-pp-, -nt-)  IDs=f_bhqdgtvjvskri SRC=dedr
  uva ‘to be glad, rejoice, be pleased with, like, be pleasing’ verb Tamil-class-7 strong (-pp-, -nt-)  IDs=f_f3wfp6uikfmcq SRC=dedr
  ukappu ‘pleasure, joy, favourite resort, wish, choice’    IDs=f_od3kzqfxv2r5k SRC=dedr
  uvavu ‘great pleasure, gladness’    IDs=f_pxcv4pxo5pmtw SRC=dedr
  uvappu ‘joy, delight, desire, wish’    IDs=f_xu6rc36nomstm SRC=dedr
  uvakai ‘joy, gladness, love, desire’    IDs=f_xysu55ynjyr4u SRC=dedr
Malayalam:
  upavikka ‘to love’    IDs=f_44qidx7gbzovg SRC=dedr
  ōvi ‘love’    IDs=f_dogpwbrcemxse SRC=dedr
  uvakka ‘to love; to exult’    IDs=f_fb7pyhwbgsiua SRC=dedr
  ōpi ‘love’    IDs=f_kgu33sxgqcbvi SRC=dedr
  uvappu ‘gladness, love’    IDs=f_u2laswoxz6sge SRC=dedr
  upavi ‘love’    IDs=f_vmdriukcgn4ie SRC=dedr
  uvavi ‘inclination’    IDs=f_wtjwfhwrwg5x2 SRC=dedr
Kota:
  oka·c ‘mistress’    IDs=f_bfjtpkp2d6qkq SRC=dedr
  og- (ogy-) ‘to be infatuated, desire strongly sexually’    IDs=f_wflwfag4t2hzc SRC=dedr
  ok a·ḷ ‘lover’    IDs=f_zq7jv7nebr536 SRC=dedr
Kannada:
  ose ‘to be delighted or joyful, be delightful, be suitable’    IDs=f_2mr3cfsy7jmvw SRC=dedr
  ō (ōt-) ‘to be attached to, love, be pleased with, be kind’    IDs=f_heepdm6uyjda6 SRC=dedr
  osage ‘joy, joyful occasion, festival’    IDs=f_kumrecrz5i5aq SRC=dedr
Telugu:
  uvvāyi ‘cheerfulness, joy’  B  IDs=f_6jtuarl5kvcok SRC=dedr
  uvviḷul-ūru ‘desires spring up; to be eager or impatient, have a vehement desire, water (as the mouth at the sight or thought of)’    IDs=f_6mqrzdtzijxac SRC=dedr
  uvviḷ-ūru ‘desires spring up; to be eager or impatient, have a vehement desire, water (as the mouth at the sight or thought of)’    IDs=f_bhroxlarepsnu SRC=dedr
  gōmu ‘love, affection, fondness, cherishing’    IDs=f_cjs7x7phz5ess SRC=dedr
Badaga:
  osage ‘feast, festival, ceremony with feasting’ noun uncertain   IDs=f_pnbylwh7yf7l2 SRC=hockings-pilotraichoor1992[p. 107, col. 1]

### d560 ukā  HEAD dedr-reflex
ETYMOLOGY 
PDr:
  ukā ‘’ not-reconstructed   IDs=d560 SRC=dedr[entry 560, DED(S) 478];dedr
PSTDr:
  *Ug-a- ‘sandpaper tree; Dillenia speciosa’    IDs=f_xgvgcxjgdiunk SRC=merriam2026dravidiandb[record 586, DEDR 560]
Tamil:
  ōmai ‘tooth-brush tree’    IDs=f_bysem2pkpnmvs SRC=dedr
  ukai ‘tooth-brush tree’    IDs=f_fhngnpuz7er2a SRC=dedr
  ukā ‘sandpaper tree’    IDs=f_idjgcrgusp3by SRC=dedr
  ukā ‘tooth-brush tree’    IDs=f_iv7bpd2ruwz5q SRC=dedr
  uvā ‘sandpaper tree’    IDs=f_msdpfpeoyuobc SRC=dedr
  uvāy ‘sandpaper tree’    IDs=f_nuiedi4oj4fas SRC=dedr
  ukāy ‘tooth-brush tree’    IDs=f_vjertzhzvvom2 SRC=dedr
  upā ‘tooth-brush tree’    IDs=f_wc6xpgwmmmwns SRC=dedr
Malayalam:
  Careya arborea ‘Aleurites moluccana Rh’    IDs=f_ffsdxfom7jcou SRC=dedr
  malay-uka ‘Aleurites moluccana Rh’    IDs=f_ktiqap3sksvvq SRC=dedr
  uka-maram (D. speciosa) ‘Aleurites moluccana Rh’    IDs=f_mnrt2hybuwab6 SRC=dedr
Kannada:
  uguni ‘<i>C. arborea</i> Roxb., or, according to others, <i>S. persica</i> Lin’    IDs=f_4ynkal2aat2x4 SRC=dedr
  ogani ‘<i>C. arborea</i> Roxb., or, according to others, <i>S. persica</i> Lin’    IDs=f_allny7ahhywmg SRC=dedr
  gōnu ‘<i>C. arborea</i> Roxb., or, according to others, <i>S. persica</i> Lin’    IDs=f_lqnc65lfj74x4 SRC=dedr
  gōṇi ‘<i>C. arborea</i> Roxb., or, according to others, <i>S. persica</i> Lin’    IDs=f_ynulsnjqltigc SRC=dedr
Telugu:
  uvva ‘D. speciosa. DED(S) 478’    IDs=f_tbt2s6i6wmpqc SRC=dedr

### d562 *ug-  HEAD merriam-pdr
ETYMOLOGY 
PDr:
  *ug- ‘’    IDs=d562 SRC=dedr[entry 562, DED(S, N) 480, DED 1443];merriam2026dravidiandb[record 588, DEDR 562];starostin2006dravidian
  *ug- ‘to shed, spill; to fall off as hair from sickness; to fall out; to tumble down, be rolled down’    IDs=f_ecrrzpy3ezuvg SRC=merriam2026dravidiandb[record 588, DEDR 562];starostin2006dravidian
Tamil:
  uku ‘to be shed as feathers or hair, be spilled, gush forth, fall down, die, set; (-pp-, -tt-) to let fall, spill, scatter, cast, shed as leaves or feathers, shed (fear), pour out’ verb (ukuv-, ukk-)  IDs=f_2lcesaymyhqr4 SRC=dedr
  ukuvu ‘spilling’    IDs=f_s2c35gmwdzfiq SRC=dedr
Malayalam:
  ūkka ‘to spill, shed’    IDs=f_ul4rmqs25yuro SRC=dedr
Kota:
  u·c- (u·c-) ‘to be spilt; spill , pour (water, grain), pour off (water from grain)’ tr   IDs=f_j62w5omofcrzg SRC=dedr
  ūc- ‘“to be spilt; spill, pour (water, grain), pour off (water from grain)”; may also appear as ‘decrease’ in nāṛ ūckōtk devr eckōtk (let death decrease let god increase)’ verb tr   IDs=f_yv5eip6xrxth6 SRC=wolf-kota[p. 41, entry 4]
Toda:
  uf- ‘to shake off (water from head, dust, mud), empty (bag of grain), throw (spear), shout (words of song, nöw) (< uff-); empty a sac or container bylifting it and pouring out its contents (particulates only); lose property com- pletely, spend away a lot of money (‘pour out money’), shake off a cloth by lifting it and bringing it down hard, shake one’s head so that hair shakes nicely, lift shoulders up and down for ceremonious purpose (during oːs̱tt of men or during funerals), (smell) to raise, (a wet dog) shakes its body and head to get rid of water’ verb tr   IDs=f_2cyjfeanzsxia SRC=bhaskararao-toda2025[p. 261, entry 12];emeneau-toda1984[p. 114];bhaskararao-toda-notes[p. 132, 184]
  ux- (uk-) ‘to leak, dribble’    IDs=f_3mkjciu26d3jc SRC=dedr
  u·c- (u·č-) ‘to throw away (dirty water)’    IDs=f_4b5msllln4nge SRC=dedr
  uk- ‘to leak, drip, flow, dribble’ verb tr variant   IDs=f_5hrpqmr6dnjrk SRC=bhaskararao-toda2025[p. 265, entry 24];emeneau-toda1984[p. 53];bhaskararao-toda-notes[p. 188]
  ūc- ‘to throw away (dirty water)’ verb tr variant   IDs=f_df4hs7vp5u2jy SRC=bhaskararao-toda2025[p. 266, entry 3];emeneau-toda1984[p. 121]
  uft- ‘to shake off (water from head, dust, mud), empty (bag of grain), throw (spear), shout (words of song, nöw) (< uff-); empty a sac or container bylifting it and pouring out its contents (particulates only); lose property com- pletely, spend away a lot of money (‘pour out money’), shake off a cloth by lifting it and bringing it down hard, shake one’s head so that hair shakes nicely, lift shoulders up and down for ceremonious purpose (during oːs̱tt of men or during funerals), (smell) to raise, (a wet dog) shakes its body and head to get rid of water’ verb tr variant   IDs=f_ew44qzurper74 SRC=bhaskararao-toda2025[p. 261, entry 12];emeneau-toda1984[p. 114];bhaskararao-toda-notes[p. 132, 184]
  ux- ‘to leak, drip, flow, dribble’ verb tr   IDs=f_fdyptpw73jdlc SRC=bhaskararao-toda2025[p. 265, entry 24];emeneau-toda1984[p. 53];bhaskararao-toda-notes[p. 188]
  uf- ‘to(detachand)falldown(asflowers, hair, fruits)’ verb intr   IDs=f_gnfgkyzj22ygk SRC=bhaskararao-toda2025[p. 261, entry 13];emeneau-toda1984[p. 114];bhaskararao-toda-notes[p. 184]
  ufθ- ‘to(detachand)falldown(asflowers, hair, fruits)’ verb intr variant   IDs=f_mvuoohtf5rqba SRC=bhaskararao-toda2025[p. 261, entry 13];emeneau-toda1984[p. 114];bhaskararao-toda-notes[p. 184]
  uf- (ufQ-) ‘to fall down (of flowers or fruit); (uft-) to shake off (water from head, dust, mud), empty (bag of grain), throw (spear), shout (words of song,nöw)’    IDs=f_okyvh4knwxyfw SRC=dedr
  ūc- ‘to throw away (dirty water)’ verb tr   IDs=f_rwnxstk5s6vey SRC=bhaskararao-toda2025[p. 266, entry 3];emeneau-toda1984[p. 121]
Kannada:
  ugu (okk-) ‘to become loose, burst forth, flow, run, trickle; be shed or spilt; let loose, etc.; vomit’    IDs=f_r2jxikttuh7yu SRC=dedr
  ugisu ‘to spill, shed, etc.; ogu, ogisu = ugu, ugisu’    IDs=f_zp2s66x4fe7kc SRC=dedr
Tulu:
  guppuni ‘to pour, shed, spill’ verb Entry says add all the items of 1443, with Tulu reconstituted.  IDs=f_ckob7ksulfnco SRC=dedr;burrow-emeneau1972den1[p. 401, entry 480]
  ugipu ‘id; to spill, pour, shed’ verb B-K.; source label: B-K  IDs=f_n3fdbln3gav3q SRC=dedr;B-K-Tulu;burrow-emeneau1972den1[p. 401, entry 480]
Telugu:
  guppu ‘to throw, fling, sprinkle (as something contained in the closed hand), discharge (as an arrow)’    IDs=f_7umt3d66xpqny SRC=dedr
  ūcu ‘to fall off as hair from sickness’    IDs=f_bh7354yrtemxa SRC=dedr
Parji:
  uv ‘(hair) falls out’    IDs=f_diggnqnc44kqk SRC=dedr
  uy ‘(hair) falls out’    IDs=f_ruh7ctbk7zx34 SRC=dedr
Malto:
  ogoṛe ‘to tumble down, be rolled down’    IDs=f_hntzpz3q5kkzk SRC=dedr
  ogoṛtre ‘to roll down. DED(S, N) 480, and from DED 1443’    IDs=f_r6mkyccrgvwdm SRC=dedr
Koraga:
  ogi ‘to pour’ dialect:Koraga:tappu:Tappu T.  IDs=f_ne66yqp45tbhk SRC=dedr

### d587 *uḍ-  HEAD merriam-pdr
ETYMOLOGY 
PDr:
  *uḍ- ‘’    IDs=d587 SRC=dedr[entry 587, DED(S, N) 502, DEDS 87];merriam2026dravidiandb[record 616, DEDR 587];starostin2006dravidian
  *uḍ- ‘to put on; a suit of clothes, dress; to wear; to put on, wear (waistcloth); to wear round one's waist as a loincloth, (woman) to wear a sari’    IDs=f_5sjegdof55pyi SRC=merriam2026dravidiandb[record 616, DEDR 587];starostin2006dravidian
Tamil:
  uṭuppu ‘cloth, unsewn garment, clothes’    IDs=f_55ycf3k76crri SRC=dedr
  uṭai ‘clothes, garment, dress’    IDs=f_62aro6ghppduq SRC=dedr
  uṭu ‘to put on (as clothes), surround, encircle’ verb Tamil-class-6 strong (-pp-, -tt-)  IDs=f_ccp6ogyacyssk SRC=dedr
  uṭuttu ‘to dress one’ verb Tamil-class-3 weak (uṭutti-)  IDs=f_fgcsfx7er5dag SRC=dedr
  uṭukkai ‘clothing’    IDs=f_peis46yjoccsg SRC=dedr
Malayalam:
  uṭuttuka ‘to dress another, marry’    IDs=f_ihh3tpcdrzcna SRC=dedr
  uṭa ‘cloth, dancer's pantaloons’    IDs=f_slbsu36mz2j2a SRC=dedr
  uṭuppikka ‘to dress another, marry’    IDs=f_ylryn5lyazs3u SRC=dedr
  uṭukka ‘to dress, put on (chiefly the lower garment)’    IDs=f_z2lyfxo2aeyww SRC=dedr
  uṭuppu ‘dressing, clothes’    IDs=f_zjs4uoexg2vyk SRC=dedr
Toda:
  uḍp ‘dress of non-Todas; stitched dress’ noun   IDs=f_7uznf67rhzjqi SRC=bhaskararao-toda2025[p. 261, entry 8];bhaskararao-toda-notes[p. 184]
  uḍp ‘dress of non-Todas’    IDs=f_yg2krllemf7qw SRC=dedr
Kannada:
  uḍu (uṭṭ-) ‘to put round the waist and fasten there by tucking in or by a knot, wind or wrap round the waist’    IDs=f_3ydl4266ybzbq SRC=dedr
  uḍupu ‘clothes of any kind’    IDs=f_4ugsoajr2pvsw SRC=dedr
  uḍige ‘act of putting on in a peculiar manner (as certain clothes), raiment put on in that manner, raiment in general’    IDs=f_6f25cludxvmri SRC=dedr
  uḍuge ‘act of putting on in a peculiar manner (as certain clothes), raiment put on in that manner, raiment in general’    IDs=f_azaxq6zl5qe3s SRC=dedr
  uḍisu ‘to cause to put on in a peculiar manner (as certain clothes)’    IDs=f_bjo3gn3yaya3k SRC=dedr
  uḍu ‘act of putting on in a peculiar manner (as certain clothes), raiment put on in that manner, raiment in general’    IDs=f_blllh2y7k6gzo SRC=dedr
  uḍapu ‘clothes of any kind’    IDs=f_p3ure3u53rsgc SRC=dedr
  uḍuka ‘winding or wrapping round the waist’    IDs=f_p5mjxhej6o4wu SRC=dedr
  uḍi ‘act of putting on in a peculiar manner (as certain clothes), raiment put on in that manner, raiment in general’    IDs=f_qtyikzi24fm6a SRC=dedr
  uḍike ‘act of putting on in a peculiar manner (as certain clothes), raiment put on in that manner, raiment in general’    IDs=f_squbousuikmb6 SRC=dedr
  uḍe ‘act of putting on in a peculiar manner (as certain clothes), raiment put on in that manner, raiment in general’    IDs=f_x47w5ixt52sis SRC=dedr
  uḍuta ‘winding or wrapping round the waist’    IDs=f_zzm7lkf7rq4rs SRC=dedr
Kodagu:
  uḍɨpɨ ‘clothes (in songs)’    IDs=f_v3va7phiip43g SRC=dedr
  uḍɨ- (uḍɨp- uḍɨt-) ‘to put on (sari)’    IDs=f_vbdrflll4xhum SRC=dedr
Tulu:
  uḍusrɛ ‘clothing, a female's garment’    IDs=f_hfw7fy5vrvz6g SRC=dedr
Telugu:
  uḍupu ‘a suit of clothes, dress’    IDs=f_cv4l4xl2sicn4 SRC=dedr
Gondi:
  urs ‘to put on, wear (cloth) (<i>Voc.</i> 272)’ dialect:Gondi:koya:Koya MaS. Ko.  IDs=f_csqo4yx3ad4em SRC=dedr
  ūhtānā ‘to dress (of women) (<i>Voc.</i> 300)’ dialect:Gondi:mandla:Mandla W   IDs=f_jqtpx3nlti2ho SRC=dedr;W-Gondi
  uṛsānā ‘to put on, wear (cloth) (<i>Voc.</i> 272)’ dialect:Gondi:maria:Maria M.  IDs=f_lu6hfxl7lrwsw SRC=dedr;M-Gondi
  uhuttānā ‘to put on a petticoat (of a woman only)’ dialect:Gondi:betul:Betul Tr.  IDs=f_ps63bg5g5fsee SRC=dedr;Tr-Gondi
  urc ‘to put on, wear (cloth) (<i>Voc.</i> 272)’ dialect:Gondi:maria:Maria Ma.  IDs=f_vmdqczmoilc46 SRC=dedr
Konda:
  uRpa- (-t-) ‘to wear round one's waist as a loincloth, (woman) to wear a sari; to wear round one’s waist as a loincloth, (woman) to wear a sari’ verb   IDs=f_hgfakw2vv2czu SRC=dedr;burrow-emeneau1972den1[p. 401, entry 502]
Pengo:
  uspa ‘to put on, wear (waistcloth)’ verb   IDs=f_7xwwafo6xjcyk SRC=dedr;burrow-emeneau1972den1[p. 401, entry 502]
Manda:
  uhpa ‘id. DED(S, N) 502, DEDS 87; id.’ verb   IDs=f_y2t4quqpacwsc SRC=dedr;burrow-emeneau1972den1[p. 401, entry 502]
Gadaba:
  ūḍ ‘to wear’ dialect:Gadaba:salur:Salur S.  IDs=f_ca7yj7fh4acxi SRC=dedr;S-Gadaba
A:
  orani ‘veil’    IDs=f_4svyodinintre SRC=CDIAL
  oronā ‘veil’    IDs=f_vz52pjvreeacs SRC=CDIAL
  uriba ‘to put on clothes’    IDs=f_wuh2x7zyorvf4 SRC=CDIAL
Aw:
  oṛʰanā ‘mantle’ dialect:Aw:lakh:Lakhimpuri   IDs=f_7xmm5aqv4qdy6 SRC=CDIAL
B:
  oṛnā ‘veil’    IDs=f_iqbzzynrzhgo4 SRC=CDIAL
  uṛani ‘sheet worn as a cloak’    IDs=f_jhs5dlnpx3dyu SRC=CDIAL
  uṛuni ‘sheet worn as a cloak’    IDs=f_jvxaidkkle7ms SRC=CDIAL
  oṛ ‘pillowcase’  (ODBL 329 wrongly &lt; <i>avavēṣṭ</i>-)  IDs=f_x3r5tunev34gi SRC=CDIAL;ODBL[329]
Badaga:
  oṭṭte maṇnde ‘cane wand used for curing cattle of the kundu disease (wand made of a cane base, with clay, cowdung, flowers, and ash, all mixed in milk and let harden; Hockings 1980b: 211)’ noun uncertain alternate   IDs=f_orqarzoylc76c SRC=hockings-pilotraichoor1992[p. 64, col. 1]
  udu maṇde ‘cane wand used for curing cattle of the kundu disease (wand made of a cane base, with clay, cowdung, flowers, and ash, all mixed in milk and let harden; Hockings 1980b: 211)’ noun uncertain alternate   IDs=f_uyfqkeiflr3zm SRC=hockings-pilotraichoor1992[p. 64, col. 1]
  udu ‘to put on, wear (clothing; uduv-, uftft-)’ verb tr uncertain   IDs=f_wfi2jos4rsnqa SRC=hockings-pilotraichoor1992[p. 64, col. 1]
Bhoj:
  oṛʰanā ‘mantle’    IDs=f_filboef2vpdqw SRC=CDIAL
Brj:
  uṛʰnā̃ ‘clothes’ m   IDs=f_mbheb3iphkkzy SRC=CDIAL
Dm:
  ōr̆ ‘scabbard’    IDs=f_wj3glte5z3wle SRC=CDIAL
G:
  oḍ° ‘to put on’ caus   IDs=f_2z56kh2ayh5o6 SRC=CDIAL
  oḍʰɔ ‘cloth covering’ m   IDs=f_kro7c6dwq3ncc SRC=CDIAL
  oḍʰṇī ‘girl's upper garment’ f   IDs=f_lobb2ze4slvw6 SRC=CDIAL
  oḍʰāvvũ ‘cloth covering’    IDs=f_lzk5reutmazaa SRC=CDIAL
  oḍʰṇũ ‘girl's upper garment’ n   IDs=f_lzmq4jxpxyise SRC=CDIAL
  oḍʰvũ ‘to put on’    IDs=f_zyrappfosf5lc SRC=CDIAL
H:
  oṛʰan ‘shield’ m   IDs=f_l2akmq7lfjs5u SRC=CDIAL
  oṛʰnī ‘sheet’ f   IDs=f_ow4ha2o5g3k3q SRC=CDIAL
  uṛʰānā ‘shield’    IDs=f_svmetctxkipvo SRC=CDIAL
  oṛʰnā ‘to cover’ caus   IDs=f_u322drt6zrfry SRC=CDIAL
Indo-Aryan:
  *ōḍḍʰ ‘put on, wear, cover’    IDs=2547 SRC=CDIAL;BSOAS[xii 134];LM[302]
K:
  vuḍiñ ‘mantle’ f   IDs=f_zxga5h2zehxog SRC=CDIAL
Ku:
  oṛīṇ ‘covering cloth’ dialect:Ku:gng:Gangoi   IDs=f_fswomfq7ebl6u SRC=CDIAL
  vaṛʰoṇo ‘to clothe’    IDs=f_jded76coifpy6 SRC=CDIAL
  oṛʰṇo ‘to wear’    IDs=f_oxol6whixscms SRC=CDIAL
L:
  oḍʰur ‘screen’ m   IDs=f_k5q5g7pwxig6c SRC=CDIAL
  ir ‘screen’    IDs=f_ptriiyp6x7pvg SRC=CDIAL
  oḍʰṇā ‘shoulder-wrap’ m   IDs=f_vfai6c5ovjzlo SRC=CDIAL
M:
  oḍaṇ ‘shield’ n   IDs=f_hbydty6k2qjtw SRC=CDIAL
  oḍʰṇī ‘shawl worn by women over head and shoulders’ f   IDs=f_vxz6l6b6id66m SRC=CDIAL
N:
  oṛāunu ‘to cover up’    IDs=f_4d4j35tswzaou SRC=CDIAL
  oṛnu ‘to put on’    IDs=f_r7gju422iwwei SRC=CDIAL
OG:
  uḍʰaṇauṁ ‘covering sheet’ n   IDs=f_nzdowklducec6 SRC=CDIAL
  uḍʰiu ‘spread over’    IDs=f_q23nlol4kvbhk SRC=CDIAL
OMarw:
  auḍʰai ‘covers’  (<i>au</i> spelling for <i>o</i>?)  IDs=f_w2b3b7ibfj34o SRC=CDIAL
OMth:
  oṛʰana ‘wrapper’    IDs=f_kyqfeac7tdyv6 SRC=CDIAL
OP:
  oḍʰi ‘put on, wear’ verb tr   IDs=f_oxhdyayk2ngeg SRC=shackle
Or:
  oṛʰaṇā ‘veil’    IDs=f_54h5scnuusou4 SRC=CDIAL
  uṛʰibā ‘to wear’    IDs=f_ax7in3fmndxre SRC=CDIAL
  uṛʰaṇī ‘flowing upper garment’    IDs=f_bf5zmojfnnrp6 SRC=CDIAL
  uṛaṇā ‘veil’    IDs=f_omhfur5bfmefs SRC=CDIAL
  oṛʰibā ‘to wear’    IDs=f_rqhynasyr4c4m SRC=CDIAL
  oṛʰaṇa ‘veil’    IDs=f_vmwymdcpjl3om SRC=CDIAL
  oṛʰaṇī ‘flowing upper garment’    IDs=f_wt6pbq76gb6c6 SRC=CDIAL
P:
  oḍʰṇī ‘small sheet, woman's veil’ f   IDs=f_4mrcv44dirj3o SRC=CDIAL
  uḍʰāuṇā ‘to cause to be worn’    IDs=f_tratvhew6th7k SRC=CDIAL
Pas:
  oṛ ‘to twist, plait, braid’  despite IIFL iii 3, 17 &lt; <smallcaps><a data-entry="2251">upavēṣṭayati</a></smallcaps>  IDs=f_sjti3l3c7jr4m SRC=CDIAL;IIFL[iii 3, 17]
Pk:
  oḍḍʰigā ‘blanket for wearing’    IDs=f_5oc6ohd4fusgo SRC=CDIAL
  ōyaḍḍʰī ‘’    IDs=f_aiu3d7vqnhlyg SRC=CDIAL
  ūḍʰiaya ‘covered’  and  IDs=f_jjezwas5hsxs4 SRC=CDIAL
  oḍḍʰaṇa ‘cloak’ n   IDs=f_no3njtwr73dbw SRC=CDIAL
  uḍḍʰiyā ‘blanket for wearing’ f   IDs=f_rid2fkv74tyhk SRC=CDIAL
  ōyaḍḍʰiyā ‘’ f   IDs=f_uiohrjjmwnmcm SRC=CDIAL
RomWel:
  riv ‘puts on, wears’ dialect:RomWel:wel:Welsh tr   IDs=f_qj6nkecorj2ui SRC=CDIAL
  uri ‘puts on, wears’ dialect:RomWel:wel:Welsh   IDs=f_svv2qpmqy4yj4 SRC=CDIAL
S:
  oḍʰaṇu ‘to spread clothes over, put on’    IDs=f_ucfesapewz23i SRC=CDIAL
  oḍʰiṇī ‘mantle’ f   IDs=f_xwhaqvz6cfc7i SRC=CDIAL
SSr:
  oṛʰanā ‘cloth’    IDs=f_ykx7vclpddrky SRC=chattisgarhi
Si:
  uḍe ‘breeches (worn under cloth)’  perh  IDs=f_lar7c7w4slanu SRC=CDIAL
Tir:
  uṛiem ‘I put on clothes’  (though with <i>ṛ</i> &lt; -<i>ḍh</i>- not -<i>ḍḍh</i>- AO xii 176) belong here rather than &lt; <smallcaps><a data-entry="2400">ūḍhá</a></smallcaps>  IDs=f_my6e6avgoprb2 SRC=CDIAL;AO[xii 176]
VB:
  oḍāv ‘cause to cover’ verb   IDs=f_mij7dhhw6q3g6 SRC=srinivasa[p. 190 (printed p. 176), item 102]
bundeli_atarra:
  oḍana ‘cloth’ dialect:bundeli_atarra:Dehati-Kirkkichiyapur:Kirkkichiyapur   IDs=f_gkp2hzj3umurk SRC=kannauji[p. 63]
  oḍanā ‘cloth’ dialect:bundeli_atarra:jatbara_katva:Katva   IDs=f_i7iaqntrhqjju SRC=bundeli
  vāḍʰanā ‘cloth’ dialect:bundeli_atarra:dehati_asoh:Asoh   IDs=f_j54wqu4sa6ac4 SRC=bundeli
eur:
  uryel ‘puts on, wears’    IDs=f_dcnjlw54ofjbo SRC=CDIAL
thar:
  oḍʰaṇyo ‘headgear’ noun   IDs=f_ykgp65wlxx3f2 SRC=thari[p. 193, col. 1, entry 3]

### d588 **uṭV-  HEAD krishnamurti-pfeiffer
ETYMOLOGY 
PDr:
  **uṭV- ‘’    IDs=d588 SRC=dedr[entry 588, DED(N) 504]
  *uḍ- ‘to boil, seethe, bubble with heat, simmer; n. heat, boiling; heat; to be agitated by the action of heat, boil, be boiled or cooked; be tired up to excitement’    IDs=f_cple4hzda4c5q SRC=merriam2026dravidiandb[record 617, DEDR 588];starostin2006dravidian
  **uṭV ‘’    IDs=f_gnfkkji6xykns SRC=pfeiffer2018
Tamil:
  Hislop ‘</i>, Part II, p. 19’  Keikádi dialect; Hislop, Papers relating to the Aboriginal Tribes of the Central Province  IDs=f_4qy6lhalkznu4 SRC=dedr
  (Keikádi dialect ‘</i>, Part II, p. 19’  Keikádi dialect; Hislop, Papers relating to the Aboriginal Tribes of the Central Province Keikádi dialec  IDs=f_5cyt6cflh7wcy SRC=dedr
  udku ‘(presumablyuḍku) hot (&lt; Te.). DED(N) 504’    IDs=f_7ckhe7mh2bva6 SRC=dedr
  Papers relating to tʰe Aboriginal Tribes of tʰe Central Provinces ‘</i>, Part II, p. 19’  Keikádi dialect; Hislop, Papers relating to the Aboriginal Tribes of the Central Province  IDs=f_hwlk36u6at5v6 SRC=dedr
Telugu:
  uḍikincu ‘to boil , cook’ tr   IDs=f_5ja3bgpoxf62u SRC=dedr
  uḍikilu ‘to boil , cook’ tr   IDs=f_bk5cw7r3ife5i SRC=dedr
  uḍuku ‘to boil, seethe, bubble with heat, simmer; heat, boiling’ noun   IDs=f_kc3glohvnk7ca SRC=dedr
  uḍikillu ‘to boil , cook’ tr   IDs=f_owiwczrlvn5pc SRC=dedr
Gondi:
  uḍk ēru ‘hot water’ dialect:Gondi:koya:Koya noun KoyaSu.; source label: Koya Su.  IDs=f_ljv3dcvjjk544 SRC=dedr;burrow-emeneau1972den1[p. 401, entry 504]
Kuwi:
  uḍku ‘heat’  S.  IDs=f_cer54wbtlipde SRC=dedr;S-Kuwi
Kurux:
  uṛturnā ‘to be agitated by the action of heat, boil, be boiled or cooked; be tired up to excitement’    IDs=f_5f3gy5deuxedc SRC=dedr

### d589 uṭukkai  HEAD dedr-reflex
ETYMOLOGY 
SOURCE NOTE Cf. Skt. huḍukka- a kind of rattle or small drum; huḍukkā- a kind of drum. DED 505. SOURCE dedr[entry 589, DED 505]
PDr:
  uṭukkai ‘’ not-reconstructed   IDs=d589 SRC=dedr[entry 589, DED 505];dedr
PSTDr:
  *uṭukkai ‘small drum tapering in the middle; small drum of the shape of an hour-glass’    IDs=f_xw4glxe5iuwak SRC=merriam2026dravidiandb[record 618, DEDR 589]
Tamil:
  uṭukkai ‘small drum tapering in the middle’    IDs=f_xfubs4opyrhlm SRC=dedr
Malayalam:
  uṭukka ‘a tabor resembling an hour-glass’    IDs=f_2zb2kxtjoxf6a SRC=dedr
Tulu:
  uḍuku ‘a kind of small drum’    IDs=f_gscc2acufsbea SRC=dedr
Telugu:
  uḍuka ‘small drum of the shape of an hour-glass’    IDs=f_3r3fxwgnacwjg SRC=dedr

### d590 uḍute  HEAD dedr-reflex
ETYMOLOGY 
SOURCE NOTE Cf. 713 Ta. uṟukku . DED 507. SOURCE dedr[entry 590, DED 507]
PDr:
  uḍute ‘’ not-reconstructed   IDs=d590 SRC=dedr[entry 590, DED 507];dedr
PSTDr:
  *uḍute ‘squirrel’    IDs=f_s2mzxyojsno22 SRC=merriam2026dravidiandb[record 619, DEDR 590]
Kannada:
  uḍute ‘squirrel’    IDs=f_cp2bwasfwmcgk SRC=dedr
Telugu:
  uḍuta ‘id’    IDs=f_x5c3k2wku5yqy SRC=dedr

### d592 *uṭ-ump- iguana HEAD krishnamurti-pfeiffer
ETYMOLOGY 
PDr:
  *uṭ-ump- ‘iguana’    IDs=d592,f_wrhxn5hapctru SRC=dedr[entry 592, DED(S) 509];merriam2026dravidiandb[record 6037, DEDR 592];krishnamurti;merriam2026dravidiandb[record 6037, DEDR 592];krishnamurti
  *uṭ-ump ‘iguana’    IDs=f_k7uj2kq6v2fr4 SRC=krishnamurti
  *ùḍ-[u-] ‘iguana’    IDs=f_spuucyatvsocg SRC=merriam2026dravidiandb[record 622, DEDR 592];starostin2006dravidian
Tamil:
  Varanus bengalensis ‘</i>’    IDs=f_26xgxodqegvw6 SRC=dedr
  uṭumpu ‘iguana, <i>’    IDs=f_5ilh4rs5qsaus SRC=dedr
  oṭakkān ‘a lizard’ dialect:Tamil:kollimalai:Kollimalai Koll.  IDs=f_mxui3boihpnai SRC=dedr;Koll-Tam
Malayalam:
  uṭumpu ‘iguana’    IDs=f_5lkjzing3qnqo SRC=dedr
Toda:
  uḍuxu ‘(probablyuḍx) a big lizard’  Sak.  IDs=f_n6akcga6qxbdi SRC=dedr;Sak-Toda
Kannada:
  uḍu ‘iguana’    IDs=f_b3gaqymdbogho SRC=dedr
  uḍa ‘iguana’    IDs=f_rfc34wu3sfzhk SRC=dedr
Kodagu:
  uḍumbɨ ‘id’    IDs=f_owxc43kopvfkw SRC=dedr
Tulu:
  oḍu ‘id’    IDs=f_3cnpskzxqfgyy SRC=dedr
  oḍḍu ‘id’    IDs=f_4qamxvhu3bs36 SRC=dedr
  uḍu ‘id’    IDs=f_lymjsaogjwxfq SRC=dedr
Telugu:
  uḍumu ‘id’    IDs=f_goj7itue33zqu SRC=dedr
Gondi:
  urpal ‘id’ dialect:Gondi:koya:Koya Mu. Ko.  IDs=f_2o3q4x3dyivbo SRC=dedr
  urpal ‘anteater (<i>Voc.</i> 270)’ dialect:Gondi:maria:Maria M.  IDs=f_5mqnws3thhnww SRC=dedr;M-Gondi
  urpāl ‘iguana’ dialect:Gondi:koya:Koya KoyaSu.  IDs=f_kzqifu3iuvbmw SRC=dedr
  urpal ‘id’ dialect:Gondi:muria:Muria Mu. Ko.  IDs=f_nuajrql44mwys SRC=dedr
  oṛpali ‘id’ dialect:Gondi:maria:Maria Ma.  IDs=f_x5vvhg4catqs6 SRC=dedr
  urrum ( urruhk) ‘id’ pl dialect:Gondi:mandla:Mandla Tr. W. Ph.  IDs=f_x72bezngdfzwi SRC=dedr;Tr-Gondi;W-Gondi;Ph-Gondi
  urrum ( urruhk) ‘id’ pl dialect:Gondi:betul:Betul Tr. W. Ph.  IDs=f_y3aqoburoulv2 SRC=dedr;Tr-Gondi;W-Gondi;Ph-Gondi
  oṛpal ‘id’ dialect:Gondi:maria:Maria Ma.  IDs=f_ywqitl6smtor4 SRC=dedr
Konda:
  urbu ‘id. DED(S) 509’    IDs=f_2jxttai63crzq SRC=dedr
  uṟbu ‘id. DED(S) 509’  BB  IDs=f_57dj34yil3ywo SRC=dedr;BB-Konda
Kolami:
  uṛug ‘iguana’ dialect:Kolami:kinwat:Kinwat Kin.  IDs=f_mmllxg2kfi2mq SRC=dedr
  uḍug ( uḍgul) ‘scaly pangolin (the meaning is probably wrong)’ pl   IDs=f_ulqto7pexkpbo SRC=dedr
Naikri:
  huṛug ( huṛgul) ‘id’ pl   IDs=f_pjo32neyqxtxk SRC=dedr
Parji:
  uḍu ( uḍul) ‘id’ pl   IDs=f_noaiagihqvebs SRC=dedr
Badaga:
  udumbu ‘large lizard, banded water lizard, common Indian monitor lizard, guana, iguana, iguana lizard, oodoomoo’ noun uncertain   IDs=f_gxi7xehnlwpwi SRC=hockings-pilotraichoor1992[p. 64, col. 1]
Irula:
  iruga ‘id’    IDs=f_eftfw3ltbuij2 SRC=dedr
  uruga ‘id’    IDs=f_sijh4ujpstgbw SRC=dedr

### d593 *Ùḍ-  HEAD merriam-pdr
ETYMOLOGY 
SOURCE NOTE Cf. OMar. (Master) oḍēra owner. DED(N) 510. SOURCE dedr[entry 593, DED(N) 510]
PDr:
  *Ùḍ- ‘’    IDs=d593 SRC=dedr[entry 593, DED(N) 510];merriam2026dravidiandb[record 623, DEDR 593];starostin2006dravidian
  *Ùḍ- ‘wealth, property; wealth; mistress of a house’    IDs=f_sxu62i3ahz6pu SRC=merriam2026dravidiandb[record 623, DEDR 593];starostin2006dravidian
Tamil:
  uṭai ‘wealth’    IDs=f_27w3ljxnqiozw SRC=dedr
  uṭaiyār ‘master, lord’    IDs=f_b5cdwfl6l646y SRC=dedr
  uṭaimai ‘state of possessing, possession, wealth, property’    IDs=f_dgrznlfo6qdt4 SRC=dedr
  uṭaiyavar ‘master, lord’    IDs=f_efvr4ltou4mvc SRC=dedr
  uṭaiyavaṉ ‘owner, possessor of wealth’    IDs=f_h7pj4q52yy6no SRC=dedr
  uṭaiyāṉ ‘master, lord’    IDs=f_tieuy2pt7vbag SRC=dedr
Malayalam:
  uṭaya ‘possessing’    IDs=f_2jb4pcbfi6gqm SRC=dedr
  uṭayatu ‘owner’    IDs=f_47pparctthbh4 SRC=dedr
  uṭayavan ‘owner’    IDs=f_fbd7x4znksoxg SRC=dedr
  uṭama ‘property’    IDs=f_yhrdqlhaqjidy SRC=dedr
Kota:
  oyṛm ‘jewelry, things in house’    IDs=f_2nsqzalsekqyi SRC=dedr
  oyṛm ‘“jewelry, things in a house”; a small vessel IV: 6’    IDs=f_euk4cnbzpcgj6 SRC=wolf-kota[p. 30, entry 22]
  oṛyn ‘owner’    IDs=f_kbrfpul4ccxt4 SRC=dedr
  uyṛm ‘“jewelry, things in a house”; a small vessel IV: 6’ variant   IDs=f_zvodfg34lvxq2 SRC=wolf-kota[p. 30, entry 22]
Toda:
  vɨṛm ‘things burned at funerals, vessels’    IDs=f_qjfaccrblobo4 SRC=dedr
  vɨṛm (vɨṛt-) ‘things burned at funerals, vessels; container (etc.)’ noun   IDs=f_uw2g2vbzatdrm SRC=bhaskararao-toda2025[p. 275, entry 19];emeneau-toda1984[p. 72];bhaskararao-toda-notes[p. 193]
Kannada:
  oḍeya ‘owner, lord, master, ruler’    IDs=f_2al26dsl73jj4 SRC=dedr
  oḍame ‘a possession, wealth, ornament, jewel’    IDs=f_2ltxc5wt3l56k SRC=dedr
  oḍatana ‘possession, ownership, lordship’    IDs=f_5yoc52qryd5qs SRC=dedr
  oḍeyatana ‘possession, ownership, lordship’    IDs=f_azbtt5ar5ze6w SRC=dedr
  oḍe ‘possession, ownership, lordship’    IDs=f_hz4xaojzsiolq SRC=dedr
  oḍetana ‘possession, ownership, lordship’    IDs=f_nqz4tqtsqb5fe SRC=dedr
  oḍati ‘female having ownership, mistress’    IDs=f_rbuua2z66noji SRC=dedr
Kodagu:
  oḍeyə ‘husband’    IDs=f_diptulri33rli SRC=dedr
  oḍevə ‘master, god’    IDs=f_qpairnnpsmv7g SRC=dedr
Tulu:
  oḍati ‘mistress’    IDs=f_cpvyz6lesadd4 SRC=dedr
  oḍetana ‘proprietorship’    IDs=f_elwiy2auxtyt2 SRC=dedr
  oḍatana ‘proprietorship’    IDs=f_etjh26ygufd3g SRC=dedr
  oḍeye ‘proprietor, master, lord’    IDs=f_ip2wjf2hjp2vw SRC=dedr
  oḍaye ‘proprietor, master, lord’    IDs=f_l7kif6mtnl64s SRC=dedr
  oḍave ‘property’    IDs=f_qj7e5q2xa2yro SRC=dedr
Telugu:
  oḍami ‘wealth’    IDs=f_5wpnj765xtkhq SRC=dedr
  oḍame ‘wealth’    IDs=f_eofl3optqhdr2 SRC=dedr
  oḍayũḍu ‘master, lord, owner, husband’    IDs=f_gv4pqg7pjdjkw SRC=dedr
  oḍayãḍu ‘master, lord, owner, husband’    IDs=f_rwap2pbzy6ybk SRC=dedr
  oḍayurālu ‘mistress, female owner’    IDs=f_xodkexw77s47k SRC=dedr
Kurux:
  uṇḍrī ‘mistress of a house’  Hahn  IDs=f_274u6mvsvcety SRC=dedr;Hahn-Kurux
  ū̃ṛī ‘mistress of a house’    IDs=f_5tnb563pqtqzq SRC=dedr
  ūṇḍrī ‘mistress of a house’    IDs=f_cs64ueqj5iote SRC=dedr
Badaga:
  Kētayya sōmi ‘same as the preceding dictionary entry’ alternate uncertain   IDs=f_3kay3dzvu2nsg SRC=hockings-pilotraichoor1992[p. 204, col. 2]
  kārodeya ‘Creator, God, originator of everything’ noun uncertain   IDs=f_7632wzvgd3b2i SRC=hockings-pilotraichoor1992[p. 165, col. 2]
  Mēl Odeyaraṭṭi ‘Melodayaratti, Meloderhatti, Mel Oderhatti, name of two hamlets: 1. is 5.5 km. S of Ootacamund, belonging to Ke:ti commune (67 Wodeya houses in 1970); 2. is a part of Odeyaraṭṭti, q.v., 7 km. of Ootacamund, belonging to Kadana:du commune (< me:l+ odeya+hafti’ noun proper-noun uncertain   IDs=f_bzgfkizx35j26 SRC=hockings-pilotraichoor1992[p. 496, col. 1]
  oḍdame ‘amenities, facilities, possessions, vessels’ noun uncertain alternate   IDs=f_fgwz2cbwtknbm SRC=hockings-pilotraichoor1992[p. 99, col. 1]
  Kīy Odeyaraṭṭti ‘K ilodaiyaratti, Kil Oder-hatti, name of two hamlets: 1. is 6 km. WNW of Coonoor, belonging to Ke:ti commune ; 2. is a part of Odeyaratti, q.v. 7 km. of Ootacamund, belonging to Kadana:du commune (e kie +(y)odeya+hatti, ‘lowertWodeya+ hamlet)’ noun proper-noun uncertain   IDs=f_fpemjxd6fusnu SRC=hockings-pilotraichoor1992[p. 176, col. 1]
  Kētayyasōmi ‘Ketaraya, name of a deity worshipped by Toreyas in the form of a gold nosering’ noun proper-noun uncertain alternate   IDs=f_fx3l5hueaotym SRC=hockings-pilotraichoor1992[p. 204, col. 2]
  Kētarāya ‘same as the preceding dictionary entry’ alternate uncertain   IDs=f_h7un4in25f6dq SRC=hockings-pilotraichoor1992[p. 204, col. 2]
  Kētarodeya ‘same as the preceding dictionary entry’ alternate uncertain   IDs=f_hi2bclvkm6gn2 SRC=hockings-pilotraichoor1992[p. 204, col. 2]
  Udurāya Kōte ‘Udayaraya Fort, Udiraya, Udraya Kote, Adi- Raer-Cottay, a fortress 4 km. SE of Kotagiri’ noun proper-noun uncertain   IDs=f_hxt6h7qfmz56c SRC=hockings-pilotraichoor1992[p. 64, col. 2]
  odeya ‘1. Lingayat priest; 2. proprietor (especially of land; pl. Odeyaru);, 1. Wodeya, Wodiar, Udaya, Udeya, the highest Badaga phratry; 2. Wodeyas, Uodiru, Woodearu, Woodairu, members of that phratry’ noun proper-noun uncertain   IDs=f_is3aoyphsbyzi SRC=hockings-pilotraichoor1992[p. 99, col. 2]
  Odeya kula ‘name of a sept to which some Wodeyas belong, former jangama priests who worship the gods Mallesvara and Madesvara and provide the other Wodeyas with priests; , also some Gaudas of Poranga:du belong to it (originated in KĶittu:r, Heggadadevan Kote Taluk, Mysore, Karnataka; also called Ma:nta kula) , DBIA 110’ noun proper-noun uncertain alternate   IDs=f_lwecgfuiwzs5g SRC=hockings-pilotraichoor1992[p. 100, col. 1]
  odave ‘amenities, facilities, possessions, vessels’ noun uncertain alternate   IDs=f_mulyvipftupts SRC=hockings-pilotraichoor1992[p. 99, col. 1]
 ... 6 additional unique records

### d648 *ur-  HEAD merriam-pdr
ETYMOLOGY 
PDr:
  *ur- ‘’    IDs=d648 SRC=dedr[entry 648, DED 557];merriam2026dravidiandb[record 687, DEDR 648]
  *ur- ‘loud; to speak, say; silently, quietly, not speaking; merely, simply, vainly; to groan’    IDs=f_xoprfwaul5frg SRC=merriam2026dravidiandb[record 687, DEDR 648]
Tamil:
  uraṟṟu ‘to resound, roar’ verb Tamil-class-3 weak (uraṟṟi-)  IDs=f_6ydkgrnvvyx52 SRC=dedr
  urakka ‘loudly, distinctly’    IDs=f_cittszgrsvbyg SRC=dedr
  urappu ‘shout, roar, intimidation, bluster, threat’    IDs=f_dj6fywm4xwody SRC=dedr
  urappu ‘to whoop, shout so as to menace or intimidate, bluster, roar, frighten, cause to sound loudly’ verb Tamil-class-3 weak (urappi-)  IDs=f_mycyj7x5f4soc SRC=dedr
  urappal ‘whoop, roaring sound’    IDs=f_o4epsbjiwqfni SRC=dedr
  uraiyal ‘narrating’    IDs=f_oemyur5zz5j3e SRC=dedr
  uraṟu ‘to resound, roar’ verb Tamil-class-3 weak (uraṟi-)  IDs=f_pgogh6z7ryfzg SRC=dedr
  urai ‘to sound, speak, tell; roar, loud noise, speaking, utterance, word, fame’ noun verb Tamil-class-6 strong (-pp-, -tt-)  IDs=f_u55systn452vm SRC=dedr
  ura ‘to become loud (as the voice), become harsh (as a noise), become furious (as the wind), be boisterous (as the sea), become violent (as a controversy)’ verb Tamil-class-6 strong (-pp-, -tt-)  IDs=f_w6omvfp6rvzam SRC=dedr
Malayalam:
  uriyāṭṭam ‘talk’    IDs=f_4bscc6nglxrkq SRC=dedr
  ura ‘word, fame’    IDs=f_6evn72iqsuxqm SRC=dedr
  orappuka ‘to vociferate in driving cattle’    IDs=f_6vzl3t7me4mjq SRC=dedr
  uri ‘word, fame’    IDs=f_h245mz2qa7ehi SRC=dedr
  urammuka ‘to grumble, roar (cf. 718 Ta.uṟumu); uriy-āṭukato utter, speak’    IDs=f_kcy7mw7wg6uqg SRC=dedr
  urekka ‘to speak, say’    IDs=f_teiohpxt2isfi SRC=dedr
  urampuka ‘to grumble, roar (cf. 718 Ta.uṟumu); uriy-āṭukato utter, speak’    IDs=f_wftz3glmo5hcg SRC=dedr
  urakka ‘to speak, say’    IDs=f_z6xufuh75las2 SRC=dedr
Kannada:
  ore ‘to sound, utter, speak, say, relate; word’ noun   IDs=f_c3di2enlcpbrq SRC=dedr
  uruvaṇi ‘crying, crying aloud’    IDs=f_en75ad6faljcw SRC=dedr
  uru ‘crying’    IDs=f_nc2z5anlzrxyi SRC=dedr
  ura ‘crying’    IDs=f_sxxce4gcqxvsy SRC=dedr
Kodagu:
  oraḍ- (oraḍuv-, oraṭ-) ‘to answer (or with 650 Ko.orp-)’    IDs=f_z6ehnpv4rp2q4 SRC=dedr
Telugu:
  rō̃juḍu ‘prattle’    IDs=f_7kukhkrndkqic SRC=dedr
  rō̃ju ‘to pant, gasp; panting’ noun   IDs=f_g3tocbxdksz7e SRC=dedr
  ūraka (neg. gerund of *ūr-) ‘silently, quietly, not speaking; merely, simply, vainly’    IDs=f_ina7tj47g6g5u SRC=dedr
  uṟaka ‘silently, quietly, not speaking; merely, simply, vainly’    IDs=f_ntcvqb2qsscau SRC=dedr
  roda ‘noise, outcry, uproar’    IDs=f_xohvrljyei7kq SRC=dedr
  uraka ‘silently, quietly, not speaking; merely, simply, vainly’    IDs=f_zluumdebjzs2w SRC=dedr
Gondi:
  ronjānā ‘to grieve, cry (<i>Voc.</i> 3069). DED 557’ dialect:Gondi:adil:Adilabad SR.  IDs=f_tvymr5h5amdpq SRC=dedr;SR-Gondi
Parji:
  ur ‘to groan’    IDs=f_hh2xndgqovboc SRC=dedr
Koraga:
  ojji ‘to say’ dialect:Koraga:mudu:Mudu M.  IDs=f_dicfr6t4ggwj2 SRC=dedr

### d649 ura  HEAD dedr-reflex
ETYMOLOGY 
PDr:
  ura ‘’ not-reconstructed   IDs=d649 SRC=dedr[entry 649, DED 558];dedr
PSTDr:
  *Ur-a- ‘to be firm, hard, strong; strength, vigour, courage, spirit’    IDs=f_nzm6pisnjq3ew SRC=merriam2026dravidiandb[record 688, DEDR 649]
Tamil:
  urappu ‘hardness (as of rice that is not well boiled), coarseness or roughness (as of cloth or paper), resoluteness, strength’    IDs=f_2lx5zn4pdk7n4 SRC=dedr
  uraṉar ‘persons of strong will’    IDs=f_62tfbt4x2sew6 SRC=dedr
  uravōṉ ‘strong man’    IDs=f_jy3yo3g2ta4t2 SRC=dedr
  uraṉ ‘strength of will, support’    IDs=f_kidjf2fqslw2i SRC=dedr
  uram ‘strength, hardness, compactness, resolution, heart of a tree, manure (as strengthening the soil)’    IDs=f_lauklwtsrmb4k SRC=dedr
  uraviyaṉ ‘strong man’    IDs=f_mtyzrdlgd4gba SRC=dedr
  uravu ‘strength, firmness, strength of mind, increasing’    IDs=f_ng4eatpwgaslq SRC=dedr
  uravam ‘strength, force’    IDs=f_r23hqxux5txw6 SRC=dedr
  uravaṉ ‘strong man’    IDs=f_txx3uomp35aks SRC=dedr
  ura ‘to become firm, hard (as the soil), become thick, coarse (as paper)’ verb Tamil-class-6 strong (-pp-, -tt-)  IDs=f_ytfqp4cg4zjz2 SRC=dedr
  uravu ‘to become vigorous, get strong’ verb Tamil-class-3 weak (uravi-)  IDs=f_zfkdmuea4464u SRC=dedr
Malayalam:
  uram ‘strength, firmness’    IDs=f_n5kyhqwsiqxl4 SRC=dedr
  urakka ‘to be strong’    IDs=f_vzcn55wtsotyc SRC=dedr
  urattan ‘strong man’    IDs=f_wbuyawpbie7h2 SRC=dedr
Kota:
  orp- ‘“to excel”’    IDs=f_7xhei5e5cw6ac SRC=wolf-kota[p. 29, entry 35]
  orpy- ‘“to excel”’ variant   IDs=f_knkne4kuukz74 SRC=wolf-kota[p. 29, entry 35]
  orp- (orpy-) ‘to excel’    IDs=f_kybbamuxyxagg SRC=dedr
Toda:
  uštɨn-ɨr ‘best buffalo in herd’    IDs=f_ckdbbkr5eyy7i SRC=dedr
  ut-ɨr ‘best buffalo in herd’    IDs=f_emmvtzvbhes2c SRC=dedr
  ut-mox ‘best woman’    IDs=f_exaridaaztvki SRC=dedr
  utɨn-ɨr ‘best buffalo in herd’ noun   IDs=f_f4tdlbrwg7ori SRC=bhaskararao-toda2025[p. 265, entry 12]
  ut-ɨr ‘best buffalo in herd’ noun   IDs=f_g2eultjcteygw SRC=bhaskararao-toda2025[p. 265, entry 13]
  u·ṇ ‘pith’    IDs=f_ncx6h2suqcaa4 SRC=dedr
  ūṇ ‘(2) pith’ noun   IDs=f_oczhhi7iodl2e SRC=bhaskararao-toda2025[p. 266, entry 19]
  uśtɨn-ɨr ‘best buffalo in herd’ noun   IDs=f_ttmabx4elqkge SRC=bhaskararao-toda2025[p. 265, entry 5]
  ut-mox ‘best woman’ noun   IDs=f_vo4wobqt3xwro SRC=bhaskararao-toda2025[p. 265, entry 14]
  utɨn-ɨr ‘best buffalo in herd’    IDs=f_xor2ep72pwcao SRC=dedr
Kannada:
  uṭṭu ‘coarseness (of cloth, thread, hair), thickness, stoutness’    IDs=f_6xxsdlreri3pi SRC=dedr
  oraṭu ‘coarseness (of cloth, thread, hair), thickness, stoutness’    IDs=f_bdoyhqnoi2wbg SRC=dedr
  urṭu ‘coarseness (of cloth, thread, hair), thickness, stoutness’    IDs=f_dx37uagavuono SRC=dedr
  ukku ‘power, valour’    IDs=f_jp4bcgv7giuk6 SRC=dedr
  orṭu ‘coarseness (of cloth, thread, hair), thickness, stoutness’    IDs=f_kdljsoi7kxem2 SRC=dedr
  urku ‘power, valour’    IDs=f_lvmzgmrljgzjy SRC=dedr
  uruṭu ‘coarseness (of cloth, thread, hair), thickness, stoutness’    IDs=f_mlo2snocvvwje SRC=dedr
  orpu ‘strength, firmness, durableness, coarseness (of cloth)’    IDs=f_n65wym6vtelvk SRC=dedr
  uruṭa ‘coarseness (of cloth, thread, hair), thickness, stoutness’    IDs=f_oz2xszxauayne SRC=dedr
  uraṭu ‘coarseness (of cloth, thread, hair), thickness, stoutness’    IDs=f_t43c2vicdrlu2 SRC=dedr
  uraṭa ‘coarseness (of cloth, thread, hair), thickness, stoutness’    IDs=f_yfcqh5wetn3eo SRC=dedr
Telugu:
  ukku ‘strength, vigour, courage, spirit. DED 558’    IDs=f_teoc5iq7k6tf4 SRC=dedr
Badaga:
  urudi ‘coarse, rough, uncouth’ adj uncertain   IDs=f_wfrjxwmw3hi3k SRC=hockings-pilotraichoor1992[p. 71, col. 1]

### d651 *uram-kkal grinding stone, pestle HEAD krishnamurti-pfeiffer
ETYMOLOGY 
SOURCE NOTE Cf. 665 Ta. urai . DED(N) 560. SOURCE dedr[entry 651, DED(N) 560]
PDr:
  *uram-kkal ‘grinding stone, pestle’    IDs=d651,f_26q4wkerq7r4a SRC=dedr[entry 651, DED(N) 560];krishnamurti;merriam2026dravidiandb[record 6039, DEDR 651];krishnamurti
PSTDr:
  *Ùral- ‘mortar’    IDs=f_ajiwsj5kzlrtw SRC=merriam2026dravidiandb[record 691, DEDR 651];starostin2006dravidian
Tamil:
  ural ‘mortar, mould for making vermicelli or the like’    IDs=f_bjhvixldn2yta SRC=dedr
Malayalam:
  ural ‘wooden mortar for beating rice’    IDs=f_ls7mobwqqtibs SRC=dedr
Kota:
  oḷka·l ‘mortar’    IDs=f_bgqafeotzxzye SRC=dedr
  oḷki·k ‘work of preparing grain by pounding’    IDs=f_merap2nehqd56 SRC=dedr
  oḷkeyk ‘work of preparing grain by pounding’    IDs=f_rj6v4jjdl5fb4 SRC=dedr
  oḷka·l kal ‘a stone mortar’    IDs=f_sr3fgwtavlmay SRC=dedr
  oḷkāl ‘“mortar”’    IDs=f_x4qidptahvf3o SRC=wolf-kota[p. 29, entry 15]
Kannada:
  oral ‘mortar of stone or hard wood’    IDs=f_cre6gd6ilx3ce SRC=dedr
  oḷḷu ‘mortar of stone or hard wood’    IDs=f_pdps62xees2so SRC=dedr
  oraḷ ‘mortar of stone or hard wood’    IDs=f_vfz4mjrlqvnic SRC=dedr
  orḷu ‘mortar of stone or hard wood’    IDs=f_xesgaay3iiudq SRC=dedr
Kodagu:
  ora ‘mortar of stone or wood’    IDs=f_wodlhr7o3vmbs SRC=dedr
Tulu:
  oraḷɯ ‘a large mortar’  B-K.  IDs=f_lipecqcsndd4w SRC=dedr;B-K-Tulu
  uraḷɯ ‘a large mortar’  B-K.  IDs=f_m43hjl2qsnjbc SRC=dedr;B-K-Tulu
  oralɯ ‘a large mortar’    IDs=f_uisbravowvieu SRC=dedr
Telugu:
  ṟōlu ‘mortar’    IDs=f_m3vyg4md2asvu SRC=dedr
  rōlu ‘mortar’    IDs=f_x4pwvek6ghyki SRC=dedr
Badaga:
  oralu ‘grinding mortar, pounding-place (located near the door of the outer room; the daughter-in-law is supposed to eat’ noun uncertain alternate   IDs=f_drngo7bnqpu6w SRC=hockings-pilotraichoor1992[p. 105, col. 1]
  oralu ‘same as the preceding dictionary entry’ alternate uncertain   IDs=f_go6iqdg37v3bq SRC=hockings-pilotraichoor1992[p. 105, col. 1]
  oralu kallu ‘same as the preceding dictionary entry’ alternate uncertain   IDs=f_gwyss72jtbe5a SRC=hockings-pilotraichoor1992[p. 105, col. 1]
  oralu kallu ‘grinding mortar, pounding-place (located near the door of the outer room; the daughter-in-law is supposed to eat’ noun uncertain alternate   IDs=f_vl3phihjnf3f4 SRC=hockings-pilotraichoor1992[p. 105, col. 1]

### d655 uṟi  HEAD dedr-reflex
ETYMOLOGY 
PDr:
  uṟi ‘’ not-reconstructed   IDs=d655 SRC=dedr[entry 655, DED(S, N) 564];dedr
PSTDr:
  *ur- ‘knot, noose; noose or running knot, halter, snare, execution by a halter; noose, snare; a trap for birds (BB)’    IDs=f_7nv2ckdp3xczk SRC=merriam2026dravidiandb[record 695, DEDR 655];starostin2006dravidian
Malayalam:
  uṟi ‘a running knot, loop, noose’    IDs=f_xo47oatmzqdn2 SRC=dedr
Kota:
  urkl mo·r ‘slip-knot (mo·rid.)’    IDs=f_z5on33cfq4lna SRC=dedr
Kannada:
  urul ‘a running knot, noose, snare’    IDs=f_byb3drtsybl36 SRC=dedr
  urḷu ‘a running knot, noose, snare’    IDs=f_da6y6ofddxvzo SRC=dedr
  urlu ‘a running knot, noose, snare’    IDs=f_e3kmipyvp7fko SRC=dedr
  uril ‘a running knot, noose, snare’    IDs=f_s7rcpsuly64rg SRC=dedr
  uruḷ ‘a running knot, noose, snare’    IDs=f_t5rlpsh57atre SRC=dedr
  ural ‘a running knot, noose, snare’    IDs=f_zjooufs44xzqg SRC=dedr
Tulu:
  urlu ‘a noose, snare’    IDs=f_6ietri3jfgxi6 SRC=dedr
Telugu:
  uralu ‘to be caught in a snare’  K.  IDs=f_3r5oc7xu3ahcc SRC=dedr;K-Telugu
  uccu ‘slip-knot, noose, halter’    IDs=f_jhzhaevacxxww SRC=dedr
  urulu ‘to be caught in a snare’  K.  IDs=f_sq7aeyugs6u76 SRC=dedr;K-Telugu
  uri ‘noose or running knot, halter, snare, execution by a halter’    IDs=f_zdasvedrt4k3a SRC=dedr
Konda:
  ūri ‘a trap for birds’  BB  IDs=f_44escikgdtvbw SRC=dedr;BB-Konda
Kui:
  ruhu ‘noose, snare, trap’    IDs=f_6b5vpnmfgpwfc SRC=dedr
  rusu ‘noose, snare, trap’    IDs=f_c7tfykzgq5mly SRC=dedr
Kuwi:
  uru ‘snare. (Possibly add 582; so K.) DED(S, N) 564’  Isr.  IDs=f_bewdlwpy2fz6q SRC=dedr;Isr-Kuwi
  ūṛṛū ( ūṛka) ‘snare’ pl F.  IDs=f_ktacrp73p3ypk SRC=dedr;F-Kuwi
  uruta herh'nai ‘id’  S.  IDs=f_oxoqbn44fnb3u SRC=dedr;S-Kuwi
  urru ‘hanging’    IDs=f_ygcjxqr3zsjja SRC=dedr
  ūṛu ogali ‘to noose (forogali, see 934)’    IDs=f_zg4ddf5eqrhmi SRC=dedr
  huru ( -ka) ‘snare. (Possibly add 582; so K.) DED(S, N) 564’ pl dialect:Kuwi:sunkar:Sunkarametta Su.  IDs=f_zxkeuaqweh4do SRC=dedr

### d656 *ur-  HEAD merriam-pdr
ETYMOLOGY 
SOURCE NOTE Cf. 568 Ta. ukkaram , 661 Ta. uruku , and 1064 Kui ōpu , Kur. ōrnā . DED(S, N) 565. SOURCE dedr[entry 656, DED(S, N) 565]
PDr:
  *ur- ‘’    IDs=d656 SRC=dedr[entry 656, DED(S, N) 565];merriam2026dravidiandb[record 696, DEDR 656];starostin2006dravidian
  *ur- ‘to burn; to grieve, sorrow; hot; to ignite; sweat; to ignite; to sweat; (Sova dial.) heat of summer; sweat; to set fire to, burn, scorch, make feverish, burn with rage’    IDs=f_h7vpoktwmjfwy SRC=merriam2026dravidiandb[record 696, DEDR 656];starostin2006dravidian
Tamil:
  urumpu ‘ire, exasperation’    IDs=f_4j4m3c635yz74 SRC=dedr
  uruppam ‘heat, anger’    IDs=f_6z44pn3adg2ry SRC=dedr
  uruttu (urutti-) ‘to make angry’  Asher-Radhakrishnan, p. 155  IDs=f_dkzekkxz5bkd4 SRC=dedr;Asher-Radhakrishnan-Tam
  uru ‘to burn, smart, be angry’ verb Tamil-class-6 strong (-pp-, -tt-)  IDs=f_kwwvwz2ye7ydq SRC=dedr
  urumam ‘heat (as of the sun, of the atmosphere), sultriness, noon’    IDs=f_taobinmdfefei SRC=dedr
  uruppu ‘heat, anger’    IDs=f_vxw4xcqmjds7a SRC=dedr
Malayalam:
  uruppam ‘anger’    IDs=f_tmbnla2fz2yec SRC=dedr
Kota:
  urc ‘burning pain’    IDs=f_ovzwfrcllw2xw SRC=dedr
  ury- (urc-) ‘to hate, be envious of, it pains; envy, heat (esp. of the sun), sweat’ noun   IDs=f_w25nx4kxtxude SRC=dedr
Toda:
  u·r foy- (foc-) ‘(husband of pregnant woman) performs ceremony of burning her wrist’    IDs=f_3gn364tzxapjm SRC=dedr
  uf- (ut-) ‘(fever) affects, burns’    IDs=f_4tsqbkagbw3qo SRC=dedr
  ut- ‘(fever) affects, burns’ verb intr variant   IDs=f_7xkrqfmh52tio SRC=bhaskararao-toda2025[p. 261, entry 14];emeneau-toda1984[p. 123]
  ūr foṛ- ‘(womaninthe5thmonthofpregnancy)undergoesceremonyof burning on wrist’ verb intr   IDs=f_aswibjo5zhc2u SRC=bhaskararao-toda2025[p. 266, entry 26]
  yry ‘heat of fire; sweat; anger, grudge; heat (of fire)’ noun also  IDs=f_bxrtnshg6q5n4 SRC=dedr;burrow-emeneau1972den1[p. 401, entry 565]
  u·r foṛ- (foṭ-) ‘(woman in the 5th month of pregnancy) undergoes ceremony of burning on wrist’    IDs=f_day2dnlxq5eee SRC=dedr
  uf- ‘(fever) affects, burns’ verb intr   IDs=f_fvey2zhvvlqly SRC=bhaskararao-toda2025[p. 261, entry 14];emeneau-toda1984[p. 123]
  yry ‘(1) heat of fire; sweat; anger, grudge’ noun   IDs=f_l632e3dny5mma SRC=bhaskararao-toda2025[p. 268, entry 4];bhaskararao-toda-notes[p. 189]
  yrc ‘fatigue’    IDs=f_l6hwynkspmxja SRC=dedr
  foṭ- ‘(womaninthe5thmonthofpregnancy)undergoesceremonyof burning on wrist’ verb intr variant   IDs=f_oijgwedt2e4l2 SRC=bhaskararao-toda2025[p. 266, entry 26]
  foc- ‘(husband of pregnant woman) performs ceremony of burning her wrist, to undergo the ceremony of wrist-marking during pregnancy (= uːr- foct)’ verb intr variant   IDs=f_vinksljo4ijiy SRC=bhaskararao-toda2025[p. 266, entry 27];bhaskararao-toda-notes[p. 189]
  yrc ‘(?) fatigue’ noun   IDs=f_yob3isflp5its SRC=bhaskararao-toda2025[p. 267, entry 25];bhaskararao-toda-notes[p. 189]
 ... 1 additional unique records
Kannada:
  uripu ‘to cause to burn, inflame’    IDs=f_3fa2veijg57l2 SRC=dedr
  ummaḷisu ‘to be hot; to grieve, be distressed’    IDs=f_4raeppczf33u2 SRC=dedr
  urisu ‘to cause to burn, inflame’    IDs=f_5ieuomd7t7jyg SRC=dedr
  ural ‘fuel’    IDs=f_6jyz5amuob4n6 SRC=dedr
  uravala ‘fuel’    IDs=f_7ypdwr45tfp3c SRC=dedr
  urupu ‘burning, flame’    IDs=f_a2b7xk3oqyg4i SRC=dedr
  uripu ‘burning, flame’    IDs=f_b3vi7oy7pb5ta SRC=dedr
  urika ‘one who burns , a passionate, angry man’ tr   IDs=f_d3pi53j52behk SRC=dedr
  ummaḷa ‘heat; grief, trouble’    IDs=f_gpguzxcv2je7k SRC=dedr
  urapu ‘burning, flame’    IDs=f_jk4tbm6aua5r2 SRC=dedr
  uruvu ‘burning, flame’    IDs=f_jvxo2vizyl66o SRC=dedr
  urpu ‘burning, flame’    IDs=f_k55g6dvdjtllc SRC=dedr
 ... 6 additional unique records
Kodagu:
  uri (-v-, -ñj-) ‘burning sensation is felt’    IDs=f_5cv5mpj5mcsps SRC=dedr
  uri ‘burning sensation’    IDs=f_hygdk2kky4um4 SRC=dedr
Tulu:
  uri ‘blaze, flame, heat, acute pain, wrath’    IDs=f_e2qhz5givftfo SRC=dedr
  uriyuni ‘to burn, blaze, feel a burning sensation, be angry, envious, (belly) is hungry’    IDs=f_kkiq4hrlhc4zo SRC=dedr
  urkilɯ ‘prickly heat’    IDs=f_p5u263254boks SRC=dedr
Telugu:
  ummalimpu ‘grief, uneasiness, disquiet’    IDs=f_2hgugtyusmuwo SRC=dedr
  uriyu ‘to burn , be afflicted, grieve’ intr K.  IDs=f_bpadk2esrwkr2 SRC=dedr;K-Telugu
  ummalika ‘grief, uneasiness, disquiet’    IDs=f_c3fwzy2cn42us SRC=dedr
  uralu ‘to burn , be ablaze’ intr K.  IDs=f_h55dkvhqhdzry SRC=dedr;K-Telugu
  ummalinta ‘grief, uneasiness, disquiet’    IDs=f_hjaubujdrspwa SRC=dedr
  ummalincu ‘to grieve, sorrow’    IDs=f_lodlpfjq7lqpu SRC=dedr
Gondi:
  urbu ‘sweat’ dialect:Gondi:koya:Koya noun KoyaSu.; source label: Koya Su.  IDs=f_ao3db3saxb4ry SRC=dedr;burrow-emeneau1972den1[p. 401, entry 565]
Konda:
  rūṇ ‘heat of summer; sweat; heat of summer, sweat’ dialect:Konda:sova:Sovva noun Sova dial.; source label: Sova dial.; comm. by K.  IDs=f_lsspnjgmnimao SRC=dedr;burrow-emeneau1972den1[p. 401, entry 565]
  rūṇu ‘heat of summer; sweat; heat of summer, sweat’ dialect:Konda:sova:Sovva noun Sova dial.; source label: Sova dial.; comm. by K.  IDs=f_qhatnpdvstwpu SRC=dedr;burrow-emeneau1972den1[p. 401, entry 565]
Kui:
  ruta (ruti-) ‘to set fire to, ignite; setting fire to’ noun   IDs=f_hcoocso65s2q4 SRC=dedr
  ru- (rut-) ‘to set light to’  K.  IDs=f_owidv74z67ziy SRC=dedr;K-Kui
Kuwi:
  gāma rūh'nai ‘id. (gāmasweat)’  S.  IDs=f_5xiih5w3jjolo SRC=dedr;S-Kuwi
  rūinai ‘to sweal (i.e. singe)’    IDs=f_mkbwzhn5wyx2a SRC=dedr
  rund- (-it-) ‘to ignite’  Ḍ.  IDs=f_xqrx54h2sx5d6 SRC=dedr;Ḍ-Kuwi
  rūh- (rūst-) ‘to sweat’ dialect:Kuwi:sunkar:Sunkarametta Su. P.  IDs=f_yikucadstgmg6 SRC=dedr
  rūh- (rūst-) ‘to sweat’ dialect:Kuwi:bisam:Bisamkatak Su. P.  IDs=f_zof7z3kxkmcju SRC=dedr
Pengo:
  rūmi ‘sweat’    IDs=f_75nhqix7tuhuk SRC=dedr
  rūc ‘to sweat’    IDs=f_vqdc5sbr6zdl2 SRC=dedr
Manda:
  rund ‘to ignite, set alight’    IDs=f_yfqieebbxr3mu SRC=dedr
Parji:
  urj ‘to sweat’    IDs=f_f6lmn6knr67oa SRC=dedr
  urjukuḍ ‘sweat, perspiration’    IDs=f_zpr6q7erogwx2 SRC=dedr
Gadaba:
  uruskur ‘sweat, perspiration’ dialect:Gadaba:pottangi:Pottangi P.  IDs=f_6atv2ycwfdmhw SRC=dedr
  urj ‘(j = dz) to sweat’  Oll.  IDs=f_duvxsw25hyp5g SRC=dedr;Oll-Gadaba
Brahui:
  hushinging ‘to be burnt, etc’    IDs=f_2eujs5linj5d2 SRC=dedr
  hushing ‘to set fire to, burn, scorch, make feverish, burn with rage’    IDs=f_ujvjs37godf6a SRC=dedr
Badaga:
  uri ‘1. to smoke, flame up, blaze up, soot up, fry, burn; 2. to curse, burn (with envy), malign (urip-, urit-);, to fry, pop, grill, heat up ; jealousy, sweat, annoyance, visible anger, pique, venom; hot, venomous’ verb intr tr noun adj uncertain alternate   IDs=f_3j7mgenvppt6c SRC=hockings-pilotraichoor1992[p. 596, col. 2]
  uriya kambu ‘1. the burning pole (lit.); 2. one of the tortures awaiting the sinful in the Śaivite Purgatory. (“Gold and silver pillars are supposed to exist in the other world and the soul of the dead by coming in contact with these is believed to wash away all’ noun uncertain alternate   IDs=f_65ts7zc24r4l2 SRC=hockings-pilotraichoor1992[p. 70, col. 1]
  urcu ‘ache, pain, hurt’ noun uncertain alternate   IDs=f_cjov232xeu2wy SRC=hockings-pilotraichoor1992[p. 70, col. 2]
  huri ‘1. to smoke, flame up, blaze up, soot up, fry, burn; 2. to curse, burn (with envy), malign (urip-, urit-), to fry, pop, grill, heat up , jealousy, sweat, annoyance, visible anger, pique, venom; hot, venomous’ verb intr tr noun adj uncertain alternate   IDs=f_cvr7mck3ofspk SRC=hockings-pilotraichoor1992[p. 70, col. 1]
  uriya kiccu ‘to hang by the hands over fire, to so torture (a victim)’ verb uncertain alternate   IDs=f_ddw4wp2adarvi SRC=hockings-pilotraichoor1992[p. 70, col. 2]
  hoṭtṭe uri ‘jealousy, anxiety’ noun uncertain   IDs=f_drwdaql7mrzrw SRC=hockings-pilotraichoor1992[p. 612, col. 2]
  uricu mādu ‘to cause pain, cause hurt’ multiword-expression uncertain alternate   IDs=f_gafy474vwhdoa SRC=hockings-pilotraichoor1992[p. 70, col. 2]
  uricu ‘ache, pain, hurt’ noun uncertain alternate   IDs=f_im2obqa4wh3iu SRC=hockings-pilotraichoor1992[p. 70, col. 2]
  urisu ‘ache, pain, hurt’ noun uncertain alternate   IDs=f_k2caepsl33v6q SRC=hockings-pilotraichoor1992[p. 70, col. 2]
  uriva kiccu ‘to hang by the hands over fire, to so torture (a victim)’ verb uncertain alternate   IDs=f_oioaees5nh7vk SRC=hockings-pilotraichoor1992[p. 70, col. 2]
  urcu mādu ‘to cause pain, cause hurt’ multiword-expression uncertain alternate   IDs=f_oqwbzwwwwlzog SRC=hockings-pilotraichoor1992[p. 70, col. 2]
  huri ‘1. to smoke, flame up, blaze up, soot up, fry, burn; 2. to curse, burn (with envy), malign (urip-, urit-);, to fry, pop, grill, heat up ; jealousy, sweat, annoyance, visible anger, pique, venom; hot, venomous’ verb intr tr noun adj uncertain alternate   IDs=f_ovlhb6iv3v6km SRC=hockings-pilotraichoor1992[p. 596, col. 2]
 ... 6 additional unique records
Irula:
  yri-ni·ru ‘sweat’    IDs=f_bgtwn7yg5fmby SRC=dedr
  Ālku. uri ‘id’    IDs=f_ie3nv2txpddg4 SRC=dedr
  ubbe ‘sweat’    IDs=f_tl3kru6ieg4jm SRC=dedr

### d657 uru  HEAD dedr-reflex
ETYMOLOGY 
SOURCE NOTE ? < Skt. rūpa-. DED(S) 566. SOURCE dedr[entry 657, DED(S) 566]
PDr:
  uru ‘’ not-reconstructed   IDs=d657 SRC=dedr[entry 657, DED(S) 566];dedr
PSTDr:
  *ur- ‘form, shape; beauty, fitness’    IDs=f_ajxcmt4ih5hes SRC=merriam2026dravidiandb[record 697, DEDR 657];starostin2006dravidian
  *ur-av- ‘form, shape; beauty, fitness’    IDs=f_g5ejsc56sycnu SRC=merriam2026dravidiandb[record 698, DEDR 657];starostin2006dravidian
Tamil:
  urupu ‘form, shape, colour’    IDs=f_ftlvxbc2rxvcq SRC=dedr
  uruvu ‘shape, form’    IDs=f_i67ph33zuxvpe SRC=dedr
  uruvam = uru ‘shape, form’ noun   IDs=f_nixbnckakndfq SRC=dedr
  uru ‘to assume a form, issue forth, appear, come into existence; body, shape, form, beauty, idol’ noun verb Tamil-class-6 strong (-pp-, -tt-)  IDs=f_qzfoqdvt6nrku SRC=dedr
Malayalam:
  uruvam ‘form’    IDs=f_cxdpojmjqn6xq SRC=dedr
  uru ‘form’    IDs=f_drjipkfoivlae SRC=dedr
  uruvu ‘form’    IDs=f_r65dxq7oulo3g SRC=dedr
Kota:
  urv ‘body (not just trunk)’    IDs=f_erovaa7ulggxa SRC=wolf-kota[p. 40, entry 35]
  urv ‘trunk of body’    IDs=f_rez6fjpekl4vo SRC=dedr
  urp ‘shape, appearance, image of god in form of small silver plate’    IDs=f_ylk5bvitqxfnq SRC=dedr
Toda:
  uśt- ‘to appear, come into sight, (heavenly body such as sun, moon, etc.) rises, emerge (as teeth), chicken pox appears on the body, to become vis- ible slowly like people coming over a hill’ verb intr   IDs=f_cavdwy3fwpidc SRC=bhaskararao-toda2025[p. 265, entry 3];emeneau-toda1984[p. 118];bhaskararao-toda-notes[p. 124, 187]
  uf ‘backoftrunkofbody, smalloftheback, hollowabovetheloins(ofperson and animals) (also uːf in songs; uncertainty about phonetics)’ noun   IDs=f_ebqs7qawatoru SRC=bhaskararao-toda2025[p. 261, entry 11];bhaskararao-toda-notes[p. 184]
  uśty- ‘to appear, come into sight, (heavenly body such as sun, moon, etc.) rises, emerge (as teeth), chicken pox appears on the body, to become vis- ible slowly like people coming over a hill’ verb intr variant   IDs=f_ferzcvp5akp6q SRC=bhaskararao-toda2025[p. 265, entry 3];emeneau-toda1984[p. 118];bhaskararao-toda-notes[p. 124, 187]
  urp ‘form, idol’    IDs=f_iidxqucfambe4 SRC=dedr
  urp ‘form, beauty, idol (PB uṟp)’ noun   IDs=f_j3g3amfokd5wg SRC=bhaskararao-toda2025[p. 264, entry 10]
  ušt- (ušty-) ‘to appear, come into sight, (star) rises; uf back of trunk of body (alsou·fin songs; uncertainty about phonetics)’    IDs=f_x2pczcmo7d3n2 SRC=dedr
Tulu:
  oru ‘features, form, mark, shape’    IDs=f_7j6rbmcog4sk6 SRC=dedr
Telugu:
  uruvu ‘form, shape’    IDs=f_bbonyqwjlvy5c SRC=dedr
  uravu ‘beauty, fitness’    IDs=f_voikotwaja7cg SRC=dedr
Badaga:
  urugatṭtu ‘to bathe, wash oneself’ verb intr uncertain   IDs=f_22tiqgc2jlj64 SRC=hockings-pilotraichoor1992[p. 70, col. 2]
  uru ‘body’ noun uncertain   IDs=f_ahbsneqhbzg2k SRC=hockings-pilotraichoor1992[p. 70, col. 2]

### d658 uru  HEAD dedr-reflex
ETYMOLOGY 
PDr:
  uru ‘’ not-reconstructed   IDs=d658 SRC=dedr[entry 658, DED 567];dedr
PSTDr:
  *uru (-pp-, -tt-) ‘to become ripe, mature; to become ripe; hair to become grey’    IDs=f_oc5iui7pvl6i2 SRC=merriam2026dravidiandb[record 699, DEDR 658]
Tamil:
  uru ‘to become ripe, mature’ verb Tamil-class-6 strong (-pp-, -tt-)  IDs=f_cr2g7akoseicy SRC=dedr
Tulu:
  urve ‘unripe’    IDs=f_yn25pjuan4z6i SRC=dedr
Telugu:
  uriyu ‘to become ripe; hair to become grey. DED 567’  K.  IDs=f_2ivdrlkat7ilm SRC=dedr;K-Telugu

### d661 uruku  HEAD dedr-reflex
ETYMOLOGY 
SOURCE NOTE Cf. 656 Ta. uru . DED(S) 569. SOURCE dedr[entry 661, DED(S) 569]
PDr:
  uruku ‘’ not-reconstructed   IDs=d661 SRC=dedr[entry 661, DED(S) 569];dedr
PSTDr:
  *ur-ug- ‘to dissolve, melt; steel; to dissolve; to melt, dissolve (BB)’    IDs=f_qox7lx3u4k4xm SRC=merriam2026dravidiandb[record 702, DEDR 661];starostin2006dravidian
Tamil:
  uruku ‘to dissolve with heat, melt, liquefy, be fused, become tender, melt (as the heart), be kind, glow with love, be emaciated’ intr verb Tamil-class-3 weak (uruki-)  IDs=f_7a6juzz7q6upe SRC=dedr
  urukkiṉam ‘that which facilitates the fusion of metals (as borax)’    IDs=f_7hi6k3qjuev32 SRC=dedr
  urukku ‘to melt with heat (as metals or congealed substances), dissolve, liquefy, fuse, soften (as feelings), reduce, emaciate (as the body), destroy; steel, anything melted, product of liquefaction’ tr noun verb Tamil-class-3 weak (urukki-)  IDs=f_erskhswan6xj6 SRC=dedr
  urukkam ‘melting of heart, tenderness, compassion, love (as to a deity, friend, or child)’    IDs=f_qnb765lodalcm SRC=dedr
Malayalam:
  urukkuka ‘to melt’ tr   IDs=f_7l4xojrkrek5a SRC=dedr
  urukkam ‘melting, anguish’    IDs=f_axhit2bla6v3e SRC=dedr
  urukku ‘what is melted, fused metal, steel’    IDs=f_dnnmg6rv6m5ru SRC=dedr
  urukuka ‘to melt, dissolve, be softened’    IDs=f_svjqgeggsgwou SRC=dedr
Kota:
  uk ‘steel’    IDs=f_hsvn4hm7k3242 SRC=dedr
Kannada:
  urku ‘id’    IDs=f_emiqosxy42nf2 SRC=dedr
  ukku ‘id’    IDs=f_nnjlpnoxeidzs SRC=dedr
Kodagu:
  ukkɨ ‘steel’    IDs=f_hkrywkpshxcuy SRC=dedr
  urɨk- (urɨki-) ‘id’ tr   IDs=f_l4fq5nxfa3tlc SRC=dedr
  ur- (uri-) ‘to melt’ intr   IDs=f_mn5wbgud3u5d6 SRC=dedr
Telugu:
  ukku ‘id’    IDs=f_blqakidyr2tns SRC=dedr
Gondi:
  urī ‘to be melted, dissolved’ dialect:Gondi:muria:Muria Mu.  IDs=f_4gykxheh6mnrk SRC=dedr
  urih- (<i>Voc.</i> 262) ‘to be melted, dissolved’ dialect:Gondi:muria:Muria Mu.  IDs=f_cj73cqi4qcg4e SRC=dedr
  urh- (<i>Voc.</i> 262) ‘to melt, dissolve’ dialect:Gondi:muria:Muria Mu.  IDs=f_giaixjmpohbsk SRC=dedr
  uṛi ‘to be melted, dissolved’ tr dialect:Gondi:koya:Koya Ko.  IDs=f_m2gkco7wete64 SRC=dedr
Konda:
  rūg ‘to melt, dissolve’  BB  IDs=f_qifeofk657r24 SRC=dedr;BB-Konda
Kui:
  rūga (rūgi-) ‘to be dissolved’    IDs=f_7avte6ytzxdts SRC=dedr
  ūrka (ūrki-) ‘to be dissolved’ pl   IDs=f_r6u7patn4lr3g SRC=dedr
  ūra (ūri-) ‘to be dissolved’    IDs=f_zyekxn3g4sykq SRC=dedr
Kuwi:
  rūkʰnai ‘to smelt’  S.  IDs=f_k62zjhygoip66 SRC=dedr;S-Kuwi
  uku ‘steel’  Isr.  IDs=f_nubibttu2dma2 SRC=dedr;Isr-Kuwi
  ukku ‘steel’  S.  IDs=f_pab2ktm32b2s4 SRC=dedr;S-Kuwi
  rūy ‘to be dissolved’  Ṭ.  IDs=f_pnawh6ais26as SRC=dedr;Ṭ-Kuwi
Badaga:
  urugu ‘to melt, dissolve’ verb intr uncertain   IDs=f_2fki3gnrxho2m SRC=hockings-pilotraichoor1992[p. 70, col. 2]
  uru ‘body’ noun uncertain   IDs=f_bynsmadyduyjw SRC=hockings-pilotraichoor1992[p. 70, col. 2]

### d663 *ur-c-  HEAD merriam-pdr
ETYMOLOGY 
PDr:
  *ur-c- ‘’    IDs=d663 SRC=dedr[entry 663, DED(S) 570];merriam2026dravidiandb[record 704, DEDR 663];starostin2006dravidian
  *ur-c- ‘to pierce, penetrate; to enter, penetrate, pierce; to transfix; to pierce’    IDs=f_wkh2dzwy22ufu SRC=merriam2026dravidiandb[record 704, DEDR 663];starostin2006dravidian
Tamil:
  uruvu ‘to pierce through, penetrate (as an arrow, a needle)’ verb Tamil-class-3 weak (uruvi-)  IDs=f_xlzntyiph54d2 SRC=dedr
Malayalam:
  uruvuka ‘to pierce through, penetrate’    IDs=f_tdvi2tavflaxo SRC=dedr
Kannada:
  urcu ‘to enter into and go out on the other side, penetrate’    IDs=f_pp5lfnbfzpjcm SRC=dedr
  uccu ‘to enter into and go out on the other side, penetrate’    IDs=f_yblaqx47fmbos SRC=dedr
Tulu:
  urumbuni ‘to bore’    IDs=f_d7zrofkawdoqg SRC=dedr
  rummuni ‘to bore’    IDs=f_eopwjyadzgtdq SRC=dedr
Telugu:
  uccu ‘to enter, penetrate, pierce’    IDs=f_mj3yuxik2x4uu SRC=dedr
Kuwi:
  uh ‘to stab’  Isr.  IDs=f_b5f6tsww3gogk SRC=dedr;Isr-Kuwi
  uh- (ust-) ‘to pierce’ dialect:Kuwi:sunkar:Sunkarametta Su.  IDs=f_cni4ts5qpd26y SRC=dedr
Parji:
  ucc ‘to transfix’    IDs=f_siyqx4yjelnvm SRC=dedr
Kurux:
  hurnā ‘to strike at and penetrate without piercing, goad, thrust something pointed into cavity (e.g. pick teeth). DED(S) 570’    IDs=f_5xith5lzpiulk SRC=dedr
  huṛnā ‘to strike at and penetrate without piercing, goad, thrust something pointed into cavity (e.g. pick teeth). DED(S) 570’    IDs=f_cgofxwsy6sm7m SRC=dedr
Badaga:
  uccu ‘to enter, top’ verb intr adj uncertain   IDs=f_ivdgckqwbcs26 SRC=hockings-pilotraichoor1992[p. 62, col. 1]
  Uccāle ‘Qochelaur, name of a former Badaga hamlet 5 km. NW of Kotagiri , DBIA 165’ noun proper-noun uncertain   IDs=f_l7fxwv3abrtju SRC=hockings-pilotraichoor1992[p. 62, col. 1]
  Uccukadavu ‘U chchukadavu, name of two localities: 1. one is 2.5 km. SW of Kotagiri; 2. a stream crossing the village of Niruguve/ Neduguve’ noun proper-noun uncertain   IDs=f_lioehbhr5d3mc SRC=hockings-pilotraichoor1992[p. 62, col. 1]

### d664 *urVḷ-  HEAD merriam-pdr
ETYMOLOGY 
PDr:
  *urVḷ- ‘’    IDs=d664 SRC=dedr[entry 664, DED(S, N) 571];merriam2026dravidiandb[record 705, DEDR 664];starostin2006dravidian
  *urVḷ- ‘ball, round; to roll; ball, globe, pellet, pill, (VPK also) wheel of cart; round; to roll, roll down, fall down; wheel; egg’    IDs=f_swpqiswetq7ms SRC=merriam2026dravidiandb[record 705, DEDR 664];starostin2006dravidian
Tamil:
  uruł̣i ‘wheel, circle, small vessel of bell-metal that is circular in shape’    IDs=f_22pstqr5agrbq SRC=dedr
  uruṇṭai ‘ball, anything round, roundness, mouthful of food in the shape of a ball’    IDs=f_25cxazt6eemnm SRC=dedr
  uruṭai ‘cart’    IDs=f_5pvt3u4yayhnc SRC=dedr
  uruṭṭu ‘to roll , revolve, whirl, impose and confound by high-sounding verbiage; rolling, wheel, roundness, fraud’ tr noun verb Tamil-class-3 weak (uruṭṭi-)  IDs=f_7iusvix6y5eto SRC=dedr
  uruṭci ‘revolving, rotundity’    IDs=f_btnp74xr2hftu SRC=dedr
  uṇṭai ‘ball, anything round or globular, commonly rather small, ball of stone or earth shot from a bow, mouthful’    IDs=f_etrm6hduopr3c SRC=dedr
  uruḷ ‘to roll, tumble over and over, revolve (as a wheel), spin, become round, globular; car wheel, wheeled vehicle’ noun verb (uruḷv-, uruṇṭ-)  IDs=f_f7jqm6yqx4tbg SRC=dedr
  uruḷai ‘wheel, anything that rolls or turns (as a ball)’    IDs=f_i2sxb5ysmukzq SRC=dedr
Malayalam:
  uruṭṭu ‘what is round, fraud’    IDs=f_6fh2devdlad4e SRC=dedr
  uruṇṭa ‘round’    IDs=f_fidz2nmf5j5os SRC=dedr
  uruḷi ‘cauldron to boil 4-5 measures of rice’    IDs=f_j4ntyufxsktto SRC=dedr
  uruḷa ‘a ball’    IDs=f_m2qiavs3vif4e SRC=dedr
  uruḷuka (uruṇṭ-) ‘to roll , toss, revolve’ intr   IDs=f_o4mom55m4wpqy SRC=dedr
  uruṭṭuka ‘to roll , cheat’ tr   IDs=f_qrohjb3jz7lfy SRC=dedr
  uruḷ ‘circular, a wheel, rolling wave’    IDs=f_scmdeqxdf5qmc SRC=dedr
  uruṭṭan ‘deceiver’    IDs=f_wxih5ltznr2ms SRC=dedr
  uṇṭa ‘ball, globe, clot, bullet’    IDs=f_x4jt5wjabmw74 SRC=dedr
  uruḷca ‘rolling, roundness’    IDs=f_xrcymte5dptmy SRC=dedr
Kota:
  uṇḍ ‘roundness’    IDs=f_7utdwdbbb6mkw SRC=dedr
  urṇ- (urḍ-) ‘to roll over and over in one direction’ intr   IDs=f_tahy3opty7wry SRC=dedr
  urṭ- (urṭy-) ‘id’ tr   IDs=f_xuinb7xtizbme SRC=dedr
  uṇḍy ‘round lump of food’    IDs=f_zo7ozu65kw4bo SRC=dedr
Toda:
  u·ḷ ‘ball (of butter, food, etc.), handful’    IDs=f_7773mwbge3pms SRC=dedr
  ūṭy- ‘to roll something’ verb tr variant   IDs=f_abpshwcolxxim SRC=bhaskararao-toda2025[p. 267, entry 9];emeneau-toda1984[p. 119];bhaskararao-toda-notes[p. 189]
  uḍy ‘ball, round’    IDs=f_ake5z7jsyhfms SRC=dedr
  ūḷ- ‘to roll (intr.)’ verb intr   IDs=f_bwyc4t63nk7k6 SRC=bhaskararao-toda2025[p. 266, entry 13];emeneau-toda1984[p. 125]
  pɨṣ ūṭ- ‘to turn earth with cane at funeral’ verb   IDs=f_c4na6y7rom3lg SRC=bhaskararao-toda2025[p. 188, entry 1];emeneau-toda1984[p. 119]
  u·ṭ- (u·ṭy-) ‘id’ tr   IDs=f_d4ghr75yvfsbe SRC=dedr
  u·ḷ- (u·ḍ-) ‘to roll’ intr   IDs=f_foebbaezyhgnc SRC=dedr
  ūḷ ‘ball (of butter, food, etc.), handful’ noun   IDs=f_g2zq4szgqqx54 SRC=bhaskararao-toda2025[p. 266, entry 12]
  uḍy θvɨ̄ṟ ‘cooked rice in shape of ball’ noun   IDs=f_ky4o7xj3ndjha SRC=bhaskararao-toda2025[p. 261, entry 10]
  ūḍ- ‘to roll (intr.)’ verb intr variant   IDs=f_mamfhb5n4q7ti SRC=bhaskararao-toda2025[p. 266, entry 13];emeneau-toda1984[p. 125]
  uṭ- ‘to turn earth with cane at funeral, to throw earth on corpse at funeral (uːṭ- ‘to roll (tr.)’; pïṣ here is ‘death pollution’)’ verb tr   IDs=f_nqg5a2axgonju SRC=bhaskararao-toda2025[p. 265, entry 20];emeneau-toda1984[p. 119]
  uṭ- (uṭy-) ‘to turn earth with cane at funeral (forpïṣ, see 4290)’    IDs=f_nqxwilllcctcc SRC=dedr
 ... 6 additional unique records
Kannada:
  uraṭu ‘to roll, roll down, revolve, be turned over’    IDs=f_3juatv3b4jd7m SRC=dedr
  urṭu ‘to roll, roll down, revolve, be turned over’    IDs=f_3z4uqx5frdgrw SRC=dedr
  uraṇe ‘roller for moving logs’    IDs=f_5s73fhr5oy7i6 SRC=dedr
  uruḷicu ‘to cause to roll, etc’    IDs=f_7gkfok2spmdt4 SRC=dedr
  urḷu ‘to roll, roll down, revolve, be turned over’    IDs=f_7sy6v5re5ht22 SRC=dedr
  uruḷ ‘to roll, roll down, revolve, be turned over’    IDs=f_ad7cvfgd6hqco SRC=dedr
  uruṭu ‘rolling, roundness’    IDs=f_cjxl6fxqyetme SRC=dedr
  uruḷike ‘rolling, revolving’    IDs=f_cvhpww63oojcw SRC=dedr
  uraḷu ‘to roll, roll down, revolve, be turned over’    IDs=f_dbpoei62bjsoi SRC=dedr
  uṇṭu ‘to roll, roll down, revolve, be turned over’    IDs=f_des6ut6oyagnc SRC=dedr
  uruḷcu ‘to cause to roll, etc’    IDs=f_eecpszppz5ojm SRC=dedr
  urḷu ‘rolling, roundness’    IDs=f_fh4aw6mmlsesk SRC=dedr
 ... 19 additional unique records
Kodagu:
  urlu ‘to roll, roll down, fall down’    IDs=f_7j45i7plicrwm SRC=dedr
  urṇḍelɯ ‘round’    IDs=f_7t3fatoa3mjay SRC=dedr
  urṇa ‘round-shaped cake. Te’    IDs=f_a6nyxlm7cjw6i SRC=dedr
  urɨḍ- (urɨṇḍ-) ‘to roll’ intr   IDs=f_bubwpn77mitss SRC=dedr
  urɨṭ- (urɨṭi-) ‘id. . Tu’ tr   IDs=f_fdwv3q5j47p3o SRC=dedr
  uralu ‘to roll, roll down, fall down’    IDs=f_k2ix3adnipdwm SRC=dedr
  uruṇṭɯ ‘round’    IDs=f_kek56negcdvjg SRC=dedr
  oralu ‘to toss in sleeplessness’  K.  IDs=f_mhhhpmvyrmfee SRC=dedr
  urṇḍe ‘lump, morsel’    IDs=f_s5g2bd3nynvu2 SRC=dedr
  uruṇḍulu ‘round’    IDs=f_udfxvvixjx2ik SRC=dedr
Tulu:
  uṇḍuḷuga ‘a kind of fried cake’    IDs=f_mxkzs2zrvkxuk SRC=dedr
  uṇḍɛ ‘ball, ballshaped confection’    IDs=f_zaw6jcgamomnm SRC=dedr
  uṇḍluga ‘a kind of fried cake’    IDs=f_zgtzczp6rzu2e SRC=dedr
Telugu:
  uṇḍrālu ‘round cakes prepared as an offering to Vighneswara’    IDs=f_2s4q2f6gxixo2 SRC=dedr
  uṇḍrāḷḷu ‘round cakes prepared as an offering to Vighneswara’    IDs=f_4cojh5wziuzao SRC=dedr
  uṇḍa ‘ball, globe, pellet, pill, (<i>VPK</i> also) wheel of cart; round’    IDs=f_le6iryukb4h7y SRC=dedr
  uṇḍramulu ‘round cakes prepared as an offering to Vighneswara’    IDs=f_qnszvhr2m6u3k SRC=dedr
  uṇḍramu ‘round’    IDs=f_shnqvq5xosxj2 SRC=dedr
  uṇṭa ‘round’    IDs=f_spe53lu2hkoya SRC=dedr
Gondi:
  undā ‘ball (<i>Voc.</i> 236)’ dialect:Gondi:adil:Adilabad SR.  IDs=f_hkzrpjjsqjbi6 SRC=dedr;SR-Gondi
Konda:
  uṇḍa ‘wheel’    IDs=f_axkkpwhm3ujk2 SRC=dedr
Kuwi:
  uṇḍa ‘wheel’  Isr.  IDs=f_45rewolhwzpeu SRC=dedr;Isr-Kuwi
  uṇḍḷa ‘wave’  Isr.  IDs=f_d7ajnz7jdenac SRC=dedr;Isr-Kuwi
  unḍe ‘wheel’  S.  IDs=f_dnswm7xchznro SRC=dedr;S-Kuwi
  ūnda ‘id (solid wood)’  F.  IDs=f_hrhces3nejuss SRC=dedr;F-Kuwi
Pengo:
  rōnḍa ‘egg’  Corrected from ronda.  IDs=f_cpq6nux3vvzzs SRC=dedr;burrow-emeneau1972den1[p. 401, entry 571(a)/(b)]
Manda:
  runḍa ‘id’    IDs=f_u77ltt2a2xvjm SRC=dedr
Gadaba:
  unḍa ‘wheel’ dialect:Gadaba:pottangi:Pottangi P.  IDs=f_d2nlg5yse5c6k SRC=dedr
Kurux:
  oḷᵒṇḍārnā ‘to roll on the ground (of animals)’    IDs=f_oqrufrvhaqzkg SRC=dedr
Badaga:
  uruṇde ‘round’ adj uncertain   IDs=f_44kjaiebaqe4m SRC=hockings-pilotraichoor1992[p. 71, col. 1]
  Uruṭṭtaremandu ‘Urutharaimand, Urrtharaimund, Vurutharaimund, Wiratar, Tebmârs, Tibma's, name of a former Toda hamlet of Torop clan 8.5 km. NW of Ootacamund’ noun proper-noun uncertain   IDs=f_bkiyd3wpbapqe SRC=hockings-pilotraichoor1992[p. 71, col. 1]
  urundu ‘to roll’ verb intr uncertain   IDs=f_he5p422ziwb7g SRC=hockings-pilotraichoor1992[p. 71, col. 1]
  uruṭtu ‘to roll; round’ verb tr adj uncertain   IDs=f_ote7og4e5g2e4 SRC=hockings-pilotraichoor1992[p. 71, col. 1]
  Urāḷe Beṭṭa ‘Ralliyar, Rallia, Rallia Peak, name of a mountain 2246 m in elevation, above the Coonoor to Kotagiri road, 4.5 km. W of the latter’ noun proper-noun uncertain   IDs=f_ssrf4ehbna5ts SRC=hockings-pilotraichoor1992[p. 69, col. 2]
G:
  ũḍʰnī ‘headpad made of a circle of cloth’ f   IDs=f_6fbvgfadyuvom SRC=CDIAL
  ũḍʰaṇ ‘headpad made of a circle of cloth’ n   IDs=f_cyuxqiedkjpjo SRC=CDIAL
Indo-Aryan:
  uṇḍuka ‘net, chignon, part of the body’ m Suśr Classical   IDs=1699 SRC=CDIAL
Irula:
  ruḷḷu (ruṇḍ-) ‘to roll’ intr   IDs=f_grsuswnvb4xye SRC=dedr
  ruṭṭu ‘id’ tr   IDs=f_tbjsosxxskesc SRC=dedr
Ku:
  uno ‘pad of rags or grass to plaster with’    IDs=f_khktk7k5toku6 SRC=CDIAL
M:
  ũḍī ‘little mass of boiled rice’ f   IDs=f_ge5eoijbewb2k SRC=CDIAL
  ũḍā ‘lump of kneaded dough’ m   IDs=f_ol7zmg2q56l6m SRC=CDIAL
Pk:
  uṁḍaya ‘lump, lump of flesh in the body (e.g. the heart)’ m   IDs=f_43ncbyg66mdcq SRC=CDIAL
  uṁḍa ‘lump, lump of flesh in the body (e.g. the heart)’    IDs=f_nyds3wxbfxorq SRC=CDIAL
  uṁḍala ‘raised seat’ n   IDs=f_rmonbl4c5v7fy SRC=CDIAL
  uṁḍī ‘anything round’ f   IDs=f_sq4td6sl3dkho SRC=CDIAL
S:
  ūnu ‘ring used as a head-pad’ m   IDs=f_qbll62cg3yuz4 SRC=CDIAL
Si:
  uṇḍē ‘cannon-ball’  ←  IDs=f_l2ll5y6dec5as SRC=CDIAL
  uṇḍiya ‘ball’    IDs=f_mxvg44aitdtju SRC=CDIAL
awan:
  unnū̃ ‘pad under a pitcher’    IDs=f_cogzizhki4jaq SRC=CDIAL
poth:
  unnū ‘hoop-shaped mat under a head-burden’ m   IDs=f_w6qwsf2mn7ofi SRC=CDIAL

### d665 *ur-ay to rub HEAD krishnamurti-pfeiffer
ETYMOLOGY 
SOURCE NOTE Cf. 651 Ta. ural . SOURCE dedr[entry 665]
PDr:
  *ur-ay ‘to rub’    IDs=d665 SRC=dedr[entry 665, DED(S) 572];krishnamurti
  *ur- ‘to rub; rubbing, touch, testing on a touchstone; to scrape; to smear, rub; to be smooth; to touch slightly, stroke, rub against’    IDs=f_7pcftjvqktjck SRC=merriam2026dravidiandb[record 706, DEDR 665];starostin2006dravidian
Tamil:
  uraical ‘friction’    IDs=f_4ifarvef7j3b4 SRC=dedr
  urai-kal ‘touchstone, small stone for rubbing pills into powder’    IDs=f_4qtrnjvwzvhv6 SRC=dedr
  uriñcal ‘rubbing, chafing’    IDs=f_bk4dvf7kfkbf6 SRC=dedr
  urāy ‘to rub (, as an animal against a tree, as two branches together)’ intr verb Tamil-class-2 weak (-v-, -nt-)  IDs=f_cfqiiuducellq SRC=dedr
  uriñu ‘to rub’ intr verb Tamil-class-3 weak (uriñi-)  IDs=f_cgq7qaqxvgwtu SRC=dedr
  uraippu ‘rubbing, assaying’    IDs=f_ft7evaneyr72a SRC=dedr
  urāyñcu ‘to rub (, as an animal against a tree, as two branches together)’ intr verb Tamil-class-3 weak (urāyñci-)  IDs=f_jcf4haakqplaw SRC=dedr
  uraicu ‘to rub against , chafe, wear away by use; rub hard , scour, waste away by rubbing’ intr tr verb Tamil-class-3 weak (uraici-)  IDs=f_jnghpujflgh42 SRC=dedr
  uraiñcu ‘to rub’ tr verb Tamil-class-3 weak (uraiñci-)  IDs=f_pdau7hzd7uzea SRC=dedr
  urōñcu ‘to rub’ intr verb Tamil-class-3 weak (urōñci-)  IDs=f_stwm2md6u3s7i SRC=dedr
  uriñcu ‘to rub oneself, rub against; to wear away by rubbing , grind away, scrape, smear, anoint’ tr verb Tamil-class-3 weak (uriñci-)  IDs=f_t3hsgm2ce2tn2 SRC=dedr
  uracu ‘to rub against’ verb Tamil-class-3 weak (uraci-)  IDs=f_vot6a6uw7rs4y SRC=dedr
 ... 2 additional unique records
Malayalam:
  urusuka ‘to wear off, diminish’    IDs=f_2uoxodsho7zio SRC=dedr
  ura-kallu ‘touchstone’    IDs=f_2z4g336pwd7xw SRC=dedr
  uravu ‘rubbing, touch’    IDs=f_3qesf3shdagxg SRC=dedr
  uravu-kallu ‘touchstone’    IDs=f_5qv3gm2kqe3ao SRC=dedr
  urattuka ‘to rub against, graze, touch’    IDs=f_cbsejueo6b6t4 SRC=dedr
  uruŋŋuka ‘to rub against, graze, touch’    IDs=f_eugu5zlfebd6s SRC=dedr
  urammuka ‘to rub against, graze, touch’    IDs=f_gf2vcqwukdz4m SRC=dedr
  urummuka ‘to rub against, graze, touch’    IDs=f_jmh6t6mcdgtx4 SRC=dedr
  ura ‘rubbing, a stroke’    IDs=f_ms3bjn7f43aya SRC=dedr
  urekka ‘to rub, grate, polish, grind, assay metal’    IDs=f_narmu3ywcoqmk SRC=dedr
  urasuka ‘to rub, come into contact, contend, form into a pill’    IDs=f_pygpacbkseqbk SRC=dedr
  uriyuka ‘to be chafed’    IDs=f_sbtol4tzipxxk SRC=dedr
 ... 2 additional unique records
Kota:
  orj- ‘“to rub”; to wipe away, clean, rub off’    IDs=f_eg5kjjyhf64se SRC=wolf-kota[p. 29, entry 28]
  uj- (uj-) ‘to rub, file, sharpen’    IDs=f_exfdgrawdcgfc SRC=dedr
  ort- ‘“to rub into a paste, rub with a stone in making pot”; strike a match’ variant   IDs=f_iljhbvpgftf36 SRC=wolf-kota[p. 30, entry 2]
  orv- ‘“to rub into a paste, rub with a stone in making pot”; strike a match’    IDs=f_qagepclt3h7ku SRC=wolf-kota[p. 30, entry 2]
  ortkōl ‘matchstick (lit. “striking stick”)’    IDs=f_qxx2pyyjze6xa SRC=wolf-kota[p. 29, entry 36]
  orj- (orj-) ‘to rub’    IDs=f_tvu7e5jiy5d6y SRC=dedr
  orv- (ort-) ‘to rub into paste, rub with a stone in making pot’    IDs=f_yjkcvp5ton6tc SRC=dedr
Toda:
  ud- ‘to jostle. DED 536, to smear (on body), to rub’ verb tr   IDs=f_726wxqjofww5a SRC=bhaskararao-toda2025[p. 261, entry 1];emeneau-toda1984[p. 118];bhaskararao-toda-notes[p. 184]
  vart- ‘to rub into paste, wipe (off a surface), wash; grind on a stone, e.g. making spice paste’ verb tr variant   IDs=f_berc5jpralu7k SRC=bhaskararao-toda2025[p. 269, entry 22];emeneau-toda1984[p. 115];bhaskararao-toda-notes[p. 190]
  varf- ‘to rub into paste, wipe (off a surface), wash; grind on a stone, e.g. making spice paste’ verb tr   IDs=f_l5cykbblk6kuw SRC=bhaskararao-toda2025[p. 269, entry 22];emeneau-toda1984[p. 115];bhaskararao-toda-notes[p. 190]
  varf- (vart-) ‘to rub into paste, wipe, wash’    IDs=f_pfsgww4trqnr2 SRC=dedr
  ud- (udy-) ‘to smear on body’    IDs=f_tpcn4ir3q2zjy SRC=dedr
Kannada:
  ruddu ‘to beat soundly’    IDs=f_2y4fhb4ytqjni SRC=dedr
  ujju ‘rubbing’    IDs=f_3friodkrau5a2 SRC=dedr
  orasu ‘to touch, rub gently, stroke, rub, scour, rub out, crush, separate by friction (as grain from the ears), smear; friction, rubbing, destroying’ noun   IDs=f_3xlnpcaum2ky2 SRC=dedr
  ore (orad-) ‘to touch, rub, smear, apply to a touchstone, examine, grind, make thin or fine; rubbing, etc’ noun   IDs=f_4gkelxnsorq4a SRC=dedr
  orsu ‘to touch, rub gently, stroke, rub, scour, rub out, crush, separate by friction (as grain from the ears), smear; friction, rubbing, destroying’ noun   IDs=f_5wxmcfk2yyowu SRC=dedr
  urdike ‘rubbing’    IDs=f_7ncd3qahddomi SRC=dedr
  ujju ‘to rub, make fine by rubbing’    IDs=f_a4eps2cfxhkh4 SRC=dedr
  ore-gal ‘touchstone’    IDs=f_ak5nm6tcigkqs SRC=dedr
  urdu ‘to rub, make fine by rubbing’    IDs=f_d7ylpjpufflda SRC=dedr
  uddu ‘to rub, make fine by rubbing’    IDs=f_fo2t4lkkgj3s2 SRC=dedr
  orisu ‘to touch, rub gently, stroke, rub, scour, rub out, crush, separate by friction (as grain from the ears), smear; friction, rubbing, destroying’ noun   IDs=f_l265ulw3jq522 SRC=dedr
  rubbu ‘to grind in a mortar; grinding’ noun   IDs=f_oyyhf42oeo2uk SRC=dedr
 ... 1 additional unique records
Kodagu:
  udd- (uddi-) ‘to rub’    IDs=f_42r33yaxn3tma SRC=dedr
Tulu:
  occuni ‘id., to whet, sharpen’    IDs=f_6yk2rwvm5tleg SRC=dedr
  ocipuni ‘to wipe off, rub out, clean’    IDs=f_a5xllhjbhldja SRC=dedr
  orevuni ‘to rub, wipe’    IDs=f_eza2xrwhkgxqe SRC=dedr
  ore-kallu ‘touchstone’    IDs=f_lfi23zzhwj3lq SRC=dedr
  urduni ‘to rub, file, polish’    IDs=f_mqks75xgntlbs SRC=dedr
  uresuni ‘id., to rub, polish’    IDs=f_pck75auhkczcg SRC=dedr
  urepuni ‘to try metals by touchstone’    IDs=f_sthcprywxkv4a SRC=dedr
  ujjuni ‘to rub’    IDs=f_uf34xvd36kwlo SRC=dedr
  orabelɯ ‘rice once cleaned of its husk only’    IDs=f_uvzflpfu42o44 SRC=dedr
  ure-kallu ‘touchstone’    IDs=f_vrxowvkjcr5sa SRC=dedr
  oresuni ‘to diminish , wear off; rub , wipe’ intr tr   IDs=f_wlj2ms6uj47ba SRC=dedr
  orabēlɯ ‘work involving the removal of husk from paddy’  B-K.  IDs=f_zq3y2orwl6u7m SRC=dedr;B-K-Tulu
Telugu:
  oracu ‘to rub, try by the touchstone’    IDs=f_2phvv346pd5yg SRC=dedr
  rudduḍu ‘rubbing, scouring, cleaning’    IDs=f_3sc7ok4qhy6g4 SRC=dedr
  orayika ‘rubbing, friction’    IDs=f_4ezkqeloapikk SRC=dedr
  ora ‘rubbing, touch, testing on a touchstone’    IDs=f_af7bdsrd3aslg SRC=dedr
  ruttu ‘to strike, beat’    IDs=f_by57fgmyly4gw SRC=dedr
  orapu ‘rubbing, test by touchstone’    IDs=f_eyb7yifzmw6ug SRC=dedr
  uriyu ‘to be rubbed’  K.  IDs=f_khc2ieubs6xdk SRC=dedr;K-Telugu
  rubbu ‘to grind in a mortar’    IDs=f_mi74tsrybn3k6 SRC=dedr
  rō̃kali ‘a large wooden pestle (? or cf. 672 Ta.ulakkai)’    IDs=f_q64arbjsvuxda SRC=dedr
  orayu ‘to rub, test by touchstone, touch; be slightly bruised’    IDs=f_relhjannylmyi SRC=dedr
  ruddu ‘to rub, scour, clean’    IDs=f_tjibk3ef3bpdi SRC=dedr
  orapiḍi ‘rubbing, friction’    IDs=f_v2xdao7jpfhcy SRC=dedr
 ... 2 additional unique records
Gondi:
  oocʰana ‘a carpenter's plane’  LuS.  IDs=f_37f37mwn7ef6w SRC=dedr;LuS-Gondi
  urīsānā ‘to sprinkle or crumble salt, sugar, sandalpowder, etc. (<i>Voc.</i> 260)’ dialect:Gondi:betul:Betul Tr.  IDs=f_bnghoc7odnhd4 SRC=dedr;Tr-Gondi
  rōkal ‘pestle (<i>Voc.</i> 3076; &lt; Te.)’ dialect:Gondi:adil:Adilabad A. SR. Y. S.  IDs=f_fp7x3urgbwsvy SRC=dedr;A-Gondi;SR-Gondi
  ūc ‘to scrape, plane’ dialect:Gondi:muria:Muria Mu.  IDs=f_k2rn72umugp4a SRC=dedr
  rōkal ‘pestle (<i>Voc.</i> 3076; &lt; Te.)’ dialect:Gondi:yavatmal:Yavatmal A. SR. Y. S.  IDs=f_mkfudovx4h7tk SRC=dedr;A-Gondi;SR-Gondi
  uriyānā ‘to powder’ dialect:Gondi:adil:Adilabad SR.  IDs=f_mu7z2t4sisxjs SRC=dedr;SR-Gondi
  rōkal ‘pestle (<i>Voc.</i> 3076; &lt; Te.)’ dialect:Gondi:seoni:Seoni A. SR. Y. S.  IDs=f_p4qihrweivuoi SRC=dedr;A-Gondi;SR-Gondi
  us ‘to pare (<i>Voc.</i> 226)’ dialect:Gondi:koya:Koya Ko.  IDs=f_y5mh6ueq2tdzo SRC=dedr
Konda:
  rōs- (-t-) ‘to touch slightly, stroke, rub against’    IDs=f_qayvug2gwjvh2 SRC=dedr
Kui:
  rūska (rūski-) ‘press for grinding sugarcane’ pl   IDs=f_2wva7s77ffoug SRC=dedr
  rūga- (rūgi-) ‘to be smooth’    IDs=f_6fov3u4mxftyq SRC=dedr
  rūsa (rūsi-) ‘to crush, grind; crushing, grinding’ noun   IDs=f_k4al4gzmozydu SRC=dedr
  rūseni ‘press for grinding sugarcane’    IDs=f_lu3g43nsa67nk SRC=dedr
Kuwi:
  rub- (-it-) ‘to rub on (oil, etc.)’ dialect:Kuwi:sunkar:Sunkarametta Su.  IDs=f_bbcalfya3pudo SRC=dedr
  rubbinai ‘to smear, rouge’  S.  IDs=f_hajmbxamypvlg SRC=dedr;S-Kuwi
  rubinai ‘to smear, rouge’  S.  IDs=f_uj6pmc54pmhti SRC=dedr;S-Kuwi
  rūbali ‘to smear’  F.  IDs=f_vp3sc4uqqegsm SRC=dedr;F-Kuwi
Kolami:
  rōka ‘pestle (&lt; Te.)’ dialect:Kolami:kinwat:Kinwat Kin.  IDs=f_3xr4t3rblmyyy SRC=dedr
  rubgunḍ ‘stone pestle (&lt; Te.)’  SR  IDs=f_fxvqh5vrubscs SRC=dedr;SR-Kolami
  rokāl ‘pestle (&lt; Te.)’  SR.  IDs=f_i3f3boxbd2uz2 SRC=dedr;SR-Kolami
Naikri:
  rōkal ‘pestle (&lt; Te.)’    IDs=f_vyl3jrx6x33f2 SRC=dedr
Parji:
  ujip- (ujit-) ‘to wipe, sweep’  S  IDs=f_gvgqra4orjxl2 SRC=dedr
  urc ‘to skim off (cream), scrape’    IDs=f_x6c2jdkkwzwfk SRC=dedr
Gadaba:
  urs ‘to wipe (sweat)’  Oll.  IDs=f_e5aujwvegs2oc SRC=dedr;Oll-Gadaba
Badaga:
  ujju ‘1. to rub, clean, brush, rub on body, clean up; 2. to impress upon’ verb tr uncertain   IDs=f_4drh7jjpicdou SRC=hockings-pilotraichoor1992[p. 63, col. 1]
  ujju ungara ‘coronet’ noun uncertain   IDs=f_7itbwewcjds3g SRC=hockings-pilotraichoor1992[p. 63, col. 1]
  bārurungu ‘broom only used for sweeping the ke:ri’ noun uncertain alternate   IDs=f_djb5mgvg4vqh2,f_gdzid2w2anfys SRC=hockings-pilotraichoor1992[p. 70, col. 2];hockings-pilotraichoor1992[p. 409, col. 2]
  urungu ‘broom only used for sweeping the ke:ri’ noun uncertain alternate   IDs=f_eyshjrmtukuwg SRC=hockings-pilotraichoor1992[p. 70, col. 2]
  orcu ‘to rub and wash (usually ka:l orucu, ‘to wash the legs’)’ verb tr uncertain alternate   IDs=f_firbegiwvoade SRC=hockings-pilotraichoor1992[p. 105, col. 2]
  uddi mādu ‘to trick, play a trick, mess things up, cause trouble’ multiword-expression uncertain   IDs=f_fkynmehkl2tqi SRC=hockings-pilotraichoor1992[p. 66, col. 1]
  uddi ‘1. trick, trickery, deception; 2. magical potion used by Kurumba sorcerers to kill others’ noun uncertain   IDs=f_ji44m2kugjlvg SRC=hockings-pilotraichoor1992[p. 66, col. 1]
  Uddiya ‘male name used for a Kurumba sorcerer, Uddiya Belli (in the epic poem Kakkamalla Gauda), “user of magical potions”’ noun proper-noun uncertain   IDs=f_xyg6hrig4x3lu SRC=hockings-pilotraichoor1992[p. 66, col. 1]
  orucu ‘to rub and wash (usually ka:l orucu, ‘to wash the legs’)’ verb tr uncertain alternate   IDs=f_zcgbkkm2por54 SRC=hockings-pilotraichoor1992[p. 105, col. 2]

### d666 *ū̆r-  HEAD merriam-pdr
ETYMOLOGY 
PDr:
  *ū̆r- ‘’    IDs=d666 SRC=dedr[entry 666, DED(S) 573];merriam2026dravidiandb[record 707, DEDR 666];starostin2006dravidian
  *ū̆r- ‘to swell; to swell; to boil over; to swell, heave, rise, jut, bulge, project, overflow, burst out; n. swelling, jutting, heaving, bulging, projection; to grow fat or puffed; to boil up, effervesce; to boil; to swell; to swell, be inflamed, be bloated; to boil (as water); to bubble up, gush up or out with force, swell up; to swell up, break out (of boils, etc.), sprout’    IDs=f_njtx2lctoxnm6 SRC=merriam2026dravidiandb[record 707, DEDR 666];starostin2006dravidian
Tamil:
  upparam ‘flatulent distention of the abdomen (&lt; Te.)’    IDs=f_aamroep3mmnc2 SRC=dedr
  uppal ‘flatulence’    IDs=f_c6kltbfcvk466 SRC=dedr
  ubbu ‘to become hot’ dialect:Tamil:coimbatore:Coimbatore CTD  IDs=f_e5sfjqyxtkaqg SRC=dedr;Koll-Tam
  uppu ‘to become big (as a seed), bloat, puff up (as the abdomen), rise (as leaven)’ verb Tamil-class-3 weak (uppi-)  IDs=f_vpqduefltakie SRC=dedr
  upukku ‘to swell, overflow’ verb Tamil-class-3 weak (upukki-)  IDs=f_z6qlxnk4553j4 SRC=dedr
Kota:
  ubc- (ubc-) ‘to coax child with pleasing words’    IDs=f_3hzo5xubx4qqu SRC=dedr
  ub- (uby-) ‘(part of the body) swells’    IDs=f_jpbncr5n6gaxg SRC=dedr
Toda:
  uporty ‘(?)pleasure, elation’ noun   IDs=f_6lodg6odk6n5i SRC=bhaskararao-toda2025[p. 263, entry 15]
  ub- ‘to boil over’ verb tr   IDs=f_d34zimtgp7nui SRC=bhaskararao-toda2025[p. 260, entry 28]
  ub- (uby-) ‘to boil over’    IDs=f_jeysc2wfb3vle SRC=dedr
  upum ‘much, many, much, plenty, abundant, great, very’ adj   IDs=f_l2nxfhn5sxnpk SRC=bhaskararao-toda2025[p. 264, entry 1];emeneau-toda1984[p. 109];bhaskararao-toda-notes[p. 187]
  uporty ‘pleasure, elation’    IDs=f_oqkj4hl7pcdaa SRC=dedr
  upum ‘much’    IDs=f_qcdsj2ts7joay SRC=dedr
  uby- ‘to boil over’ verb tr variant   IDs=f_y2w36lwqzzzke SRC=bhaskararao-toda2025[p. 260, entry 28]
Kannada:
  ubbariga ‘greatness’    IDs=f_7qie6bkydj2ak SRC=dedr
  ubbaṭṭe ‘swelling, increase, elation, greatness, boldness’    IDs=f_a6uzstytbxcfw SRC=dedr
  ukku ‘to rise, swell (as the sea, etc.), boil excessively, come up or over in boiling, foam, boil (as rage), be greatly increased (as beauty, grief, joy), be elated; swelling, etc., froth, rising (as of the flood-tide), pride’ noun   IDs=f_b7fvaug5sci5c SRC=dedr
  urbu ‘to swell, increase, rise, be elated, be puffed up, become glad; state of being swollen, etc., height, elation, joy, pride’ noun   IDs=f_bd3zvu24xn7da SRC=dedr
  ubbara ‘swelling, increase, state of being swollen, risen, or full to overflowing, greatness, abundance’    IDs=f_d3wk6agjqe6we SRC=dedr
  ukkuvike ‘rising, etc’    IDs=f_gkoxiz4hmvpk4 SRC=dedr
  ubbudiga ‘greatness’    IDs=f_jar27vxu2lwx6 SRC=dedr
  ubbaḍiga ‘greatness’    IDs=f_lj7xe4moceblk SRC=dedr
  ubbuvike ‘swelling, etc’    IDs=f_o7v247pc4js24 SRC=dedr
  ubbike ‘swelling, etc’    IDs=f_obulpzjcofnh4 SRC=dedr
  ubbu ‘to swell, increase, rise, be elated, be puffed up, become glad; state of being swollen, etc., height, elation, joy, pride’ noun   IDs=f_qblg63y2mzg54 SRC=dedr
  urvu ‘to swell, increase, rise, be elated, be puffed up, become glad; state of being swollen, etc., height, elation, joy, pride’ noun   IDs=f_rfnpua3imij26 SRC=dedr
 ... 6 additional unique records
Kodagu:
  ukk- (ukki-) ‘to boil over’    IDs=f_d55reizshsolg SRC=dedr
Tulu:
  urkuṇe ‘act of bubbling up’    IDs=f_7eczu2ypgpkzw SRC=dedr
  ubbuni ‘to swell, be elated with joy or puffed up with pride’    IDs=f_chgqjg3zsqq3a SRC=dedr
  urkāvuni ‘to cause to run over’    IDs=f_csvjjhvpckgv6 SRC=dedr
  ukkuni ‘to boil, bubble up, run over in boiling, swell up, spring up’    IDs=f_e4dhypna5vas2 SRC=dedr
  urkuni ‘to rise’    IDs=f_husrcwawupfsy SRC=dedr
  ubbara ‘high, swollen, turbid’    IDs=f_j6ygepg5dz2sa SRC=dedr
  uberuni ‘to become thick’    IDs=f_jcuwrzjpvmzuc SRC=dedr
  urkāruni ‘to bubble up (as boiling water)’    IDs=f_klwlytrmnyguw SRC=dedr
  ubbēruni ‘to swell, be elated with joy or puffed up with pride’    IDs=f_nriuw7l4ykkuk SRC=dedr
  urpelɯ ‘slight boiling’    IDs=f_qrcwnconkm5ri SRC=dedr
  ukkāvuni ‘to cause to run over’    IDs=f_vqzjn4qywlsr2 SRC=dedr
Telugu:
  ūru ‘to grow fat or puffed’    IDs=f_2iw6pnwibmi6e SRC=dedr
  ubuku ‘to swell, heave, rise, jut, bulge, project, overflow, burst out; swelling, jutting, heaving, bulging, projection’ noun   IDs=f_2pzogxpbg2iym SRC=dedr
  ubbaramu ‘swelling, inflation, increase, excess’    IDs=f_3dwihvsx5ihuw SRC=dedr
  ubbu ‘to swell, be puffed up, grow stout, rise up, overflow, be overjoyed, elated; swelling, protuberance, joy, being puffed up with pride’ noun   IDs=f_aujuv6m3p2zqw SRC=dedr
  ubbincu ‘to inflate, cause to swell, flatter’    IDs=f_br5y3as5sa2zi SRC=dedr
  ubbarimpu ‘swelling (of the belly)’    IDs=f_ftcy4ggp32w7e SRC=dedr
  uppena ‘a swell of the sea, inundation, deluge’    IDs=f_iwyrekwrlnhsu SRC=dedr
  ubbarincu ‘to swell’    IDs=f_nvuawgakfvkfw SRC=dedr
  uppoŋgu ‘to swell, burst forth, overflow, be overjoyed, elated’    IDs=f_s67nwclrn7cka SRC=dedr
Gondi:
  ukuṛ ‘the boiling point (<i>Voc.</i> 219; or with 568 Ta.ukkaram)’ dialect:Gondi:betul:Betul Tr.  IDs=f_ph5ukgmbrz7j4 SRC=dedr;Tr-Gondi
Konda:
  urp- (-t-) ‘to boil (as water)’    IDs=f_25xhspeiextyk SRC=dedr
  ubi- (-t-) ‘to swell, be inflamed, be bloated’    IDs=f_hnmgao5dcnxag SRC=dedr
  urpu ‘steam’  BB  IDs=f_ykfyk4dundnp6 SRC=dedr;BB-Konda
Kui:
  urpa (urt-) ‘to seethe, boil, bubble, emit froth; state of boiling, seething’ noun   IDs=f_xlo3ljdp4yu6y SRC=dedr
Kuwi:
  ūrhali ‘to boil over’  F.  IDs=f_5cw6ii4jqgxbm SRC=dedr;F-Kuwi
  urh'nai ‘to swell (boiled milk)’  S.  IDs=f_k27mfvbduumem SRC=dedr;S-Kuwi
Pengo:
  ur- (-t-) ‘id’    IDs=f_7w2n6rwxfswso SRC=dedr
  ur- (-t-) ‘to boil up, effervesce. Manḍ’    IDs=f_bzyyenctl4dkk SRC=dedr
Kurux:
  ubkārnā ‘to bubble up, gush up or out with force, swell up’    IDs=f_zg365r3f4yoiq SRC=dedr
Brahui:
  ūrēnging ‘to swell up, break out (of boils, etc.), sprout’  h  IDs=f_3bt35tv3s36dk SRC=dedr
  ūringing ‘to swell up, break out (of boils, etc.), sprout’  h  IDs=f_grrfww4uysrfq SRC=dedr
Badaga:
  ubbisu ‘to swell, swell up’ verb intr uncertain   IDs=f_vpzdoldo2l55q SRC=hockings-pilotraichoor1992[p. 68, col. 1]

### d675 ulimiri  HEAD dedr-reflex
ETYMOLOGY 
PDr:
  ulimiri ‘’ not-reconstructed   IDs=d675 SRC=dedr[entry 675, DED 582];dedr
PSTDr:
  *ulimiri ‘the plant Crataeva tapia or Capparis trifoliata; Crataeva tapia’    IDs=f_qxwkxoedttqng SRC=merriam2026dravidiandb[record 716, DEDR 675]
Kannada:
  ulimiri ‘the plant <i>’    IDs=f_7jti7fqkc76wc SRC=dedr
  Crataeva tapia ‘</i> or’    IDs=f_xekva6jhlzqkc SRC=dedr
Telugu:
  ulimiri ‘Crataeva tapia . DED 582’    IDs=f_5wpjnmlg6y63k SRC=dedr
  ulimiḍi ‘Crataeva tapia . DED 582’    IDs=f_jrobnf5jpsttg SRC=dedr

### d676 ullam  HEAD dedr-reflex
ETYMOLOGY 
PDr:
  ullam ‘’ not-reconstructed   IDs=d676 SRC=dedr[entry 676, DED 583];dedr
PSTDr:
  *ullam ‘hilsa, silvery shot with gold and purple, Clupea ilisha; a sea-fish, silvery shot with yellow and purple, C. toli; the bony hilsa or sable fish’    IDs=f_cqh2ykrqmjvqa SRC=merriam2026dravidiandb[record 717, DEDR 676]
  *uḷḷam ‘hilsa, silvery shot with gold and purple, Clupea ilisha; a sea-fish, silvery shot with yellow and purple, C. toli; the bony hilsa or sable fish’    IDs=f_eanezianwlgi6 SRC=merriam2026dravidiandb[record 718, DEDR 676]
Tamil:
  ullam ‘hilsa, silvery shot with gold and purple, <i>’    IDs=f_m7ds3ctccqf6c SRC=dedr
  Clupea ilisha ‘</i>; a seafish, silvery shot with yellow and purple’    IDs=f_tskayqp56mea6 SRC=dedr
  uḷḷam ‘hilsa, silvery shot with gold and purple, <i>’    IDs=f_uqbqrsz3hn45u SRC=dedr
Malayalam:
  ullam ‘a kind of fish’    IDs=f_th7b5kh7cxbxa SRC=dedr
Telugu:
  ullam-cēpa ‘the bony hilsa or sable fish. DED 583’  B  IDs=f_5eqtmzth2yfae SRC=dedr
  ullāku-cēpa ‘the bony hilsa or sable fish. DED 583’  B  IDs=f_qkevv6pv44e4s SRC=dedr
  ullākũjē̃pa ‘the bony hilsa or sable fish. DED 583’    IDs=f_uqewl33mge6f6 SRC=dedr

### d686 uṛ̆iyuka  HEAD dedr-reflex
ETYMOLOGY 
PDr:
  uṛ̆iyuka ‘’ not-reconstructed   IDs=d686 SRC=dedr[entry 686, DED(S, N) 590, DEDS 839, DED(S) 593];dedr
PSTDr:
  *ūs- ‘to rub, stroke, embrocate; to stroke, rub gently or tenderly; to smear, plaster; to rub on (oil on hair, etc.); to scrape, draw one surface over another, play a violin; to stroke; to anoint oneself; to apply oil, anoint’    IDs=f_fljpxjpk3xcve SRC=merriam2026dravidiandb[record 728, DEDR 686]
Malayalam:
  uṛ̆iyal ‘shampooing’    IDs=f_5fi2p6yl4ytju SRC=dedr
  uṛ̆iyuka ‘to rub, stroke, embrocate’    IDs=f_ahkwmhqdlu4uy SRC=dedr
  uṛ̆iccil ‘massaging, shampooing’    IDs=f_ibpvsddsceddg SRC=dedr
  uyiccil ‘massage’ dialect:Malayalam:tiyya:Thiyya noun Tiyya; source label: Tiyya  IDs=f_mysgtboocmioi SRC=dedr;Tiyya-Mal;burrow-emeneau1972den1[p. 401, entry 590]
  uṛ̆ivu ‘wiping, polishing’    IDs=f_tqzbghffc3zz6 SRC=dedr
Kannada:
  ūḍu ‘to apply an unctuous substance, smear, anoint’    IDs=f_oswzs72zgt4mi SRC=dedr
Telugu:
  duvvu ‘to stroke, rub gently or tenderly’    IDs=f_gmahf4mq2t44a SRC=dedr
Gondi:
  ūsānā ‘to smear cowdung’ dialect:Gondi:betul:Betul Tr.  IDs=f_5dnyblvrjrxv4 SRC=dedr;Tr-Gondi
  ūs ‘to smear cowdung’ dialect:Gondi:adil:Adilabad ASu.  IDs=f_mpvnfykcru4tm SRC=dedr
  usānā ‘to smear’ dialect:Gondi:maria:Maria M.  IDs=f_yg6zo5opkvnse SRC=dedr;M-Gondi
Konda:
  ūspa- (-t-) ‘to apply oil, etc. to one's own body’    IDs=f_7rozrenwts6dw SRC=dedr
  ūsis ‘to apply oil, etc. to one's own body’ caus   IDs=f_fi7mixaby6ihe SRC=dedr
  ūs- (-t-) ‘to apply oil, anoint’    IDs=f_jenlk6g2uflkc SRC=dedr
  ūspis ‘to apply oil, etc. to one's own body’ caus   IDs=f_k6oex4zilpn2q SRC=dedr
Kui:
  ṛōsa (ṛōsi-) ‘to scrape, draw one surface over another, play a violin; ṛōska (ṛōski-)’    IDs=f_2hdzbrpfpx4je SRC=dedr
  ṛūsa (ṛūsi-) ‘to stroke, rub, scrape; stroking, scraping’ noun   IDs=f_3b62463ilsiig SRC=dedr
  ṛūska (ṛūski-) ‘to scrape, draw one surface over another, play a violin; ṛōska (ṛōski-)’ pl   IDs=f_c7eb6isf7izim SRC=dedr
Kuwi:
  ūh- (ūst-) ‘to anoint oneself (p. 269)’ dialect:Kuwi:sunkar:Sunkarametta Su.  IDs=f_23qwzi3ad3i3c SRC=dedr
  lūh'nai ‘to stroke’  S.  IDs=f_anu6oheno43ms SRC=dedr;S-Kuwi
  ūssali ‘to anoint oneself’  F.  IDs=f_g5u62sz26hhym SRC=dedr;F-Kuwi
  ūsp- (-it-) ‘to smear with cowdung. DED(S, N) 590, DEDS 839, and from DED(S) 593’    IDs=f_higegh7oftgqc SRC=dedr
  ūspi kīali ‘to anoint another’    IDs=f_ijttcxtcvckik SRC=dedr
  ṛūh ‘to pat’  Isr.  IDs=f_ndnfyn7ntlsjg SRC=dedr;Isr-Kuwi
  ṛūsp ‘to stroke’  Ṭ.  IDs=f_qzqexgkgxegtc SRC=dedr;Ṭ-Kuwi
  ūspali ‘to plaster with cowdung’    IDs=f_rsekrppjtp3m2 SRC=dedr
  rūh ‘to stroke’  F., p. 119  IDs=f_sbku3eoj4owry SRC=dedr;F-Kuwi
  ṛūsa ṛūsa ‘smoothly.<i>(b)</i>’    IDs=f_xf2y4oc7binj2 SRC=dedr
  lūspinai ‘to stroke’  S.  IDs=f_xnbz6iwglmk44 SRC=dedr;S-Kuwi
Pengo:
  ūc- (-c-) ‘to rub on (oil on hair, etc.)’    IDs=f_7ecn7emlrub4k SRC=dedr
  ṛoh- (ṛost-) ‘to rub, scrape (e.g. strings of violin)’    IDs=f_aul6lex3paddu SRC=dedr
  ṛūc- (-c-) ‘to smear with cowdung’    IDs=f_bkl4nllcw2kvo SRC=dedr
  ṛūcpa ‘to smear with cowdung’    IDs=f_mw6hee2bpmamm SRC=dedr
  ṛūz- (ṛūst-) ‘to scrape, plane’    IDs=f_siglok7nkreds SRC=dedr
Manda:
  ṛūhpa ‘to plaster’    IDs=f_4wwcqtgp2p4iw SRC=dedr

### d688 *uẓ-V- ; farming; to plough HEAD krishnamurti-pfeiffer
ETYMOLOGY 
PDr:
  *uẓ-V- ‘; farming; to plough’    IDs=d688 SRC=dedr[entry 688, DED(S, N) 592]
  *uẓ- ‘to plough; to plough, till; to plough, till soil’    IDs=f_2hm5pzpjbstww SRC=merriam2026dravidiandb[record 730, DEDR 688];starostin2006dravidian
  *uẓ-V ‘to plough’    IDs=f_2vnaybvv3fy5o SRC=krishnamurti
  *uẓ-a-tti ‘‘farming’’  derived: *uẓ-V-  IDs=f_3mncqul3x2idc SRC=merriam2026dravidiandb[record 6622, DEDR 688];krishnamurti
  *uẓ-a-tti ‘farming’    IDs=f_4rnae3zwsxloe SRC=krishnamurti
  *uẓ- / *uẓV-t ‘’    IDs=f_pakvoxmjiqzdm SRC=kobayashi2022
  *uẓ-a-tti ‘'farming'’  derived *uẓ-V-  IDs=f_qqtku522mflhg SRC=merriam2026dravidiandb[record 6540, DEDR 688];krishnamurti
Tamil:
  uṛ̆unar ‘ploughmen’    IDs=f_2muxifeskhajs SRC=dedr
  uṛ̆u ‘to plough, dig up, root up (as pigs), scratch, incise (as bees in a flower)’ verb Tamil-class-1 weak (-v-, -t-)  IDs=f_dgmlv6v4wwu5a SRC=dedr
  uṛ̆āaṉ ‘ploughman, agriculturalist’    IDs=f_jx6c6viowc4su SRC=dedr
  uṛ̆avōṉ ‘ploughman, agriculturalist’    IDs=f_nsiipxmfcs35o SRC=dedr
  tuṉṉu ‘id. (&lt; Te.)’ verb Tamil-class-3 weak (tuṉṉi-)  IDs=f_onv7unuf53mw2 SRC=dedr
  uṛ̆atti ‘ploughing, agriculture’ f   IDs=f_q2dmnjta5kicy SRC=dedr
  uṛ̆avu ‘ploughing, agriculture’    IDs=f_wakivfyhf7cwg SRC=dedr
  uṛ̆akku ‘to plough’ verb Tamil-class-3 weak (uṛ̆akki-)  IDs=f_wpkvljwlgkhk6 SRC=dedr
  uṛ̆āl ‘ploughing, scratching, or probing (as bees the flowers)’    IDs=f_xuekotzz54774 SRC=dedr
  uṛ̆avaṉ ‘ploughman, agriculturalist’    IDs=f_zrnrplvh5hmok SRC=dedr
Malayalam:
  uṛ̆ukuka ‘to plough’    IDs=f_54mv5eo3ac3i4 SRC=dedr
  uṛ̆avu ‘tillage’    IDs=f_5efcpua5nyhpg SRC=dedr
  uṛ̆uka ‘to plough’    IDs=f_eph7csbdlujl2 SRC=dedr
  uṛ̆avan ‘ploughman, farmer’    IDs=f_hcj6sfbgc26w2 SRC=dedr
  uṛ̆ama ‘tillage’    IDs=f_pq3foagciz5w4 SRC=dedr
  uṛ̆utuka ‘to plough’    IDs=f_pr74a3nnizuey SRC=dedr
Kota:
  ug- (uṛt-) ‘to plough, be ploughed’    IDs=f_nnjiwglastqjo SRC=dedr
  u·v ‘one furrow in ploughing’    IDs=f_orpiz3qwfyfig SRC=dedr
  ukl ‘act of ploughing’    IDs=f_ouafgdjdo43fc SRC=dedr
Toda:
  uṣt- ‘to plough; rice increases in size when cooked’ verb tr intr variant   IDs=f_cn4sm2vc4i57c SRC=bhaskararao-toda2025[p. 264, entry 21];emeneau-toda1984[p. 124];bhaskararao-toda-notes[p. 187]
  uṣf- ‘to plough; rice increases in size when cooked’ verb tr intr   IDs=f_m6l7s3radidre SRC=bhaskararao-toda2025[p. 264, entry 21];emeneau-toda1984[p. 124];bhaskararao-toda-notes[p. 187]
  uṣf- (uṣt-) ‘to plough’    IDs=f_ryyounmqpyteq SRC=dedr
Kannada:
  uṛ̆ike ‘ploughing’    IDs=f_5fhieqnjyc5ve SRC=dedr
  uṛ̆ke ‘ploughing’    IDs=f_7glcwi3rs7lui SRC=dedr
  uṛ̆isu ‘to cause to plough’    IDs=f_7v6jwfk76wyyo SRC=dedr
  uṛ̆ata ‘ploughing’    IDs=f_bxfsugv5ky3js SRC=dedr
  uṛ̆uke ‘ploughing’    IDs=f_eavbjbqrxmvyg SRC=dedr
  uṛ̆ame ‘ploughing’    IDs=f_ky7s7q3vnl4mc SRC=dedr
  uṛ̆ (uṛ̆t, utt-) ‘id’    IDs=f_l32mogpzkt5po SRC=dedr
  uṛ̆al ‘ploughing’    IDs=f_lofzlfguh35hk SRC=dedr
  uṛ̆ume ‘ploughing’    IDs=f_lv2wdwerf47hg SRC=dedr
  uṛ̆usu ‘to cause to plough’    IDs=f_n54f6rc7zd4lo SRC=dedr
  ukke ‘ploughing’    IDs=f_omvhs3gvl5sb6 SRC=dedr
  uṛ̆uvike ‘ploughing’    IDs=f_qukbhqkaexe2w SRC=dedr
 ... 3 additional unique records
Kodagu:
  oraḷɯ ‘a ploughman's or herdsman's song’    IDs=f_5iyhofvsla4v2 SRC=dedr
  ūḍuni ‘id’    IDs=f_c3n2jsofrzp4s SRC=dedr
  u·ḷ- (upp-, utt-) ‘to plough. Tu’    IDs=f_c4pvy6oxkx6xo SRC=dedr
  oralɯ ‘a ploughman's or herdsman's song’    IDs=f_cds7ss3ibcus6 SRC=dedr
  dappu ‘ploughing’    IDs=f_fkuwrlq5apamq SRC=dedr
  dappuni ‘(Brahman dialectadeppuni, adappuni; L. V. Ramaswami Aiyar, <i>BSOS</i> 6. 900) id’    IDs=f_oqs3d7c7m3z5i SRC=dedr
  uralɯ ‘a ploughman's or herdsman's song’    IDs=f_uddy4fbfyz3u6 SRC=dedr
  ura ‘ploughing’    IDs=f_uee7dtwtla532 SRC=dedr
  aḍapuni ‘(Brahman dialectadeppuni, adappuni; L. V. Ramaswami Aiyar, <i>BSOS</i> 6. 900) id’    IDs=f_v6iobv7g5c4yo SRC=dedr
  hūḍuni ‘id’    IDs=f_y4k4qaqxqyomk SRC=dedr
Telugu:
  dunu ‘to plough, till’    IDs=f_232xjhmdnpfs2 SRC=dedr
  dukki ‘ploughing, tillage’    IDs=f_tm7iqnx5wiskm SRC=dedr
  dunnu ‘to plough, till’    IDs=f_zsdykfen5jepc SRC=dedr
Gondi:
  urānā ‘id. (<i>Voc.</i> 274)’ dialect:Gondi:adil:Adilabad SR.  IDs=f_2knznsugnujig SRC=dedr;SR-Gondi
  uṛdānā ‘id. (<i>Voc.</i> 274)’ dialect:Gondi:maria:Maria M.  IDs=f_3zo3pgi6mou36 SRC=dedr;M-Gondi
  lumm ‘to root’ dialect:Gondi:gommu:Koya%20%28Gommu%29 verb KoyaT.; source label: Koya T.  IDs=f_5steyk2xgh6ik SRC=dedr;KoyaT-Gondi;burrow-emeneau1972den1[p. 401, entry 592]
  lumiˀ ‘(pig) to root up earth (<i>Voc.</i> 3119)’ dialect:Gondi:maria:Maria Ma.  IDs=f_ce6mtmpe7vew2 SRC=dedr
  uḍ- (vrittenud-) ‘id. (<i>Voc.</i> 274)’ dialect:Gondi:chanda:Chandrapur Pat.  IDs=f_ctklinndoo7ve SRC=dedr;Pat-Gondi
  lum ‘(pig) to root up earth (<i>Voc.</i> 3119); to root up earth (pig)’ dialect:Gondi:koya:Koya verb Ko.; source label: Ko.; Voc. 3119  IDs=f_ielg7jlrcv5o6 SRC=dedr;burrow-emeneau1972den1[p. 401, entry 592]
  lumm ‘to gore (as a bull)’ dialect:Gondi:koya:Koya KoyaSu.  IDs=f_kdrghpbhx3jbw SRC=dedr
  uṛānā (vrittenud-) ‘to plough’ dialect:Gondi:mandla:Mandla W   IDs=f_mara5tb7umazm SRC=dedr;W-Gondi
  uṛ- (vrittenud-) ‘id. (<i>Voc.</i> 274)’ dialect:Gondi:koya:Koya A. Ko.  IDs=f_nanw3mdhb6hpu SRC=dedr;A-Gondi
  uṛ- (vrittenud-) ‘to plough’ dialect:Gondi:adil:Adilabad A. Ko.  IDs=f_zehjpau4e6n74 SRC=dedr;A-Gondi
Konda:
  ṛū- (-t-) ‘to plough, till soil’    IDs=f_2rogxoarclfgu SRC=dedr
Kui:
  ūṛa (ūṛi-) ‘to dig with snout, root up’    IDs=f_eadbphtygxs44 SRC=dedr
  ṛūva (ṛūt-) ‘id.; ploughing’ noun   IDs=f_jkpxmqf6ienz4 SRC=dedr
Kuwi:
  lūnai ‘to plough’  S.  IDs=f_3erqcrku4ptgy SRC=dedr;S-Kuwi
  ṛū- (-t-) ‘to plough’ dialect:Kuwi:sunkar:Sunkarametta Su. Isr.  IDs=f_egzzgegazyfhu SRC=dedr;Isr-Kuwi
  ṛuki ‘ploughing bullock, bullock’  BB, Isr.  IDs=f_fg3hglufftxxc SRC=dedr;Isr-Kuwi
  ruiyali (rū-) ‘to plough’  F.  IDs=f_mlv7hxf2qyh72 SRC=dedr;F-Kuwi
  lū'nai ‘to nuzzle (of a pig;pajji lūte)’  S.  IDs=f_thhlz3zaif6zg SRC=dedr;S-Kuwi
Pengo:
  ṛū- (-t-) ‘to plough’    IDs=f_ixih4zctdptes SRC=dedr
Manda:
  ṛū ‘id’    IDs=f_gbl7nj253rvuu SRC=dedr
Kolami:
  ur- (urt-) ‘to harrow; (SR.) to plough’    IDs=f_pj6nnojvizege SRC=dedr
Naikri:
  ur ‘to plough, harrow’    IDs=f_wxuui376l4tou SRC=dedr
Parji:
  uṛ ‘to plough’    IDs=f_e2ny5ly25praw SRC=dedr
  ḍukki ‘cultivated upland field called in Ha. maran (&lt; Te.)’  S  IDs=f_oz62tr6bjog5u SRC=dedr
Gadaba:
  ūḍ ‘to plough’ dialect:Gadaba:salur:Salur S  IDs=f_jiid5me2zwvta SRC=dedr;S-Gadaba
Kurux:
  uynā (ussas) ‘to plough’    IDs=f_l47jewkcvizvk SRC=dedr
  uinā ‘to plough’    IDs=f_mtc4gkzwv2vv4 SRC=dedr
  ugtā ‘a plough, ploughshare’    IDs=f_rjpkn523keffk SRC=dedr
Malto:
  use ‘to turn up the soil (as pigs do). DED(S, N) 592’    IDs=f_rlsigcznn45lk SRC=dedr
Badaga:
  hū ‘to work, hoe, plough; to yoke, start ploughing (Emeneau 1939: 45-47 recorded Ú’ verb intr tr uncertain alternate   IDs=f_3qk3qfta24gr2 SRC=hockings-pilotraichoor1992[p. 73, col. 1]
  uvvama ‘one who ploughs, ploughman’ noun archaic uncertain alternate   IDs=f_4x5zqeec5hb5m,f_m3jzwu4oavaqq SRC=hockings-pilotraichoor1992[p. 65, col. 2];hockings-pilotraichoor1992[p. 72, col. 1]
  uddama ‘one who ploughs, ploughman’ noun archaic uncertain alternate   IDs=f_b2gnpnpvub3gm,f_katr2icraudos SRC=hockings-pilotraichoor1992[p. 72, col. 1];hockings-pilotraichoor1992[p. 65, col. 2]
  uttava ‘one who ploughs, ploughman’ noun archaic uncertain alternate   IDs=f_cnadgshw2iphk,f_zpvrqub2zbraq SRC=hockings-pilotraichoor1992[p. 72, col. 1];hockings-pilotraichoor1992[p. 65, col. 2]
  hū ‘to work, hoe, plough; to yoke, start ploughing / 4361’ verb intr tr uncertain alternate   IDs=f_ikzt7qgxzrios SRC=hockings-pilotraichoor1992[p. 600, col. 2]
  ū ‘to work, hoe, plough; to yoke, start ploughing / 4361’ verb intr tr uncertain alternate   IDs=f_ksqk7zerws7yg SRC=hockings-pilotraichoor1992[p. 600, col. 2]
  ui ‘to plough, hoe, powder (with a hoe), dig up’ verb tr uncertain   IDs=f_kutny74lnkera SRC=hockings-pilotraichoor1992[p. 61, col. 1]
  ū ‘to work, hoe, plough; to yoke, start ploughing (Emeneau 1939: 45-47 recorded Ú’ verb intr tr uncertain alternate   IDs=f_mzibzmukuc7vq SRC=hockings-pilotraichoor1992[p. 73, col. 1]
  w:vāda ‘unploughed, untilled utta ettu u:va:denge | banda heṇgdaru’ adj uncertain   IDs=f_oslrrtzbj7p6k SRC=hockings-pilotraichoor1992[p. 77, col. 1]

### d689 *uẓ-  HEAD merriam-pdr
ETYMOLOGY 
PDr:
  *uẓ- ‘’    IDs=d689 SRC=dedr[entry 689, DED(S, N) 593];merriam2026dravidiandb[record 731, DEDR 689];starostin2006dravidian
  *uẓ- ‘to adjust, smooth; to comb; a comb; to comb hair’    IDs=f_f5fvyjtg47tha SRC=merriam2026dravidiandb[record 731, DEDR 689];starostin2006dravidian
Tamil:
  uṛ̆u ‘to arrange or adjust (as hair with the fingers)’ verb Tamil-class-1 weak (-v-, -t-)  IDs=f_557oqxotidzrm SRC=dedr
  uḷar ‘to spread out and draw the fingers through (as in drying wet hair), adjust or smooth out as birds their feathers’ verb Tamil-class-2 weak (-v-, -nt-; uḷari-)  IDs=f_sdvyhkecmfgai SRC=dedr
Kota:
  ug a·ṭ- (a·c-) ‘to clean hair by untangling snarls, removing lice, etc’    IDs=f_hbe7edwqq3qra SRC=dedr
Kodagu:
  u·k- (u·ki-) ‘to comb’    IDs=f_k3ntwh3hyncxk SRC=dedr
Tulu:
  uraṇɛ ‘a kind of comb’    IDs=f_5wzpljt2556hs SRC=dedr
  dūbina ‘a comb’    IDs=f_fuwfu73k2u2mi SRC=dedr
  urvaṇe ‘an instrument for destroying nits’    IDs=f_o7fubjqdsxsy2 SRC=dedr
Telugu:
  duvvu ‘to comb’    IDs=f_3bcttth6tqdk2 SRC=dedr
  duvvena ‘a comb’    IDs=f_w3pngkzhkqi3a SRC=dedr
Gondi:
  uṛ ‘id. (<i>Voc.</i> 275, 225)’ dialect:Gondi:gommu:Koya%20%28Gommu%29 G. Mu.  IDs=f_6oqs6au57wi3g SRC=dedr
  ūs ‘id. (<i>Voc.</i> 275, 225)’ dialect:Gondi:seoni:Seoni S.  IDs=f_ad32tuo6ad4hm SRC=dedr
  dus ‘to comb hair’ dialect:Gondi:koya:Koya verb KoyaSu.; source label: Koya Su.  IDs=f_leugfjkako4pq SRC=dedr;burrow-emeneau1972den1[p. 401, entry 593]
  uccānā ‘id. (<i>Voc.</i> 275, 225)’ dialect:Gondi:chanda:Chandrapur Pat.  IDs=f_pss7xx4iuccuw SRC=dedr;Pat-Gondi
  uṛ ‘id. (<i>Voc.</i> 275, 225)’ dialect:Gondi:muria:Muria G. Mu.  IDs=f_zow4ycjiiq7vu SRC=dedr
Konda:
  ḍūsay ā ‘to comb one's own hair’    IDs=f_et6lt26gvilne SRC=dedr
  ḍūs ‘id’    IDs=f_war5i4fmlymh6 SRC=dedr
Kuwi:
  rūssali ‘to dress (another's hair)’  F.  IDs=f_63vir5tkrc5rg SRC=dedr;F-Kuwi
  ṛūca ‘id. DED(S, N) 593’ dialect:Kuwi:bisam:Bisamkatak P.  IDs=f_aog7padj7zpfc SRC=dedr
  lūca ‘id. DED(S, N) 593’  S.  IDs=f_jej6g7lkfxhee SRC=dedr;S-Kuwi
  rūca ‘a comb’    IDs=f_pngx5rzjnptdw SRC=dedr
Naiki:
  ū ‘to comb’    IDs=f_rxf6zhtj4c54q SRC=dedr
Parji:
  uṛv ‘id’  S  IDs=f_ibx4vsd7hpxci SRC=dedr
  uṛ ‘id’    IDs=f_tikkn4xwwcb5q SRC=dedr
Gadaba:
  uḍv ‘id’ dialect:Gadaba:salur:Salur S.<super>3</super>  IDs=f_3sl7lqy35sff2 SRC=dedr;S3-Gadaba
  uṛv ‘id’ dialect:Gadaba:pottangi:Pottangi P. S.<super>2</super>  IDs=f_dyinkep3pwnzs SRC=dedr;S2-Gadaba
  uṛv ‘id’ dialect:Gadaba:salur:Salur P. S.<super>2</super>  IDs=f_ejjhfptxylzby SRC=dedr;S2-Gadaba
  uḍuv ‘id’ dialect:Gadaba:salur:Salur S.  IDs=f_hywd2xnt5yosy SRC=dedr;S-Gadaba
Koraga:
  uyyali ‘to comb’ dialect:Koraga:tappu:Tappu T.  IDs=f_kp36evvwtliq4 SRC=dedr

### d690 *uẓ-untu black gram HEAD krishnamurti-pfeiffer
ETYMOLOGY 
PDr:
  *uẓ-untu ‘black gram’    IDs=d690,f_t44b32pscze2m SRC=dedr[entry 690, DED 594];krishnamurti;merriam2026dravidiandb[record 6044, DEDR 690];krishnamurti
  *uẓund- ‘black gram; Phaseolus radiatus, black gram’    IDs=f_bao7qnbpzzlj2 SRC=merriam2026dravidiandb[record 732, DEDR 690];starostin2006dravidian
Tamil:
  uṛ̆untu ‘black gram, urad, Phaseolus mungo Linn’    IDs=f_m5wyjbqzfvc2g SRC=dedr
Malayalam:
  uṛ̆unnu ‘kidneybean’    IDs=f_anq7w3hfsfgfw SRC=dedr
Kannada:
  uddu ‘P. mungo , var. <i>’    IDs=f_is5pwkprbgbwa SRC=dedr
  radiata ‘</i>, Linn’    IDs=f_kdtmqn4exwxea SRC=dedr
  urdu ‘P. mungo , var. <i>’    IDs=f_pqvqimczabgau SRC=dedr
Tulu:
  urdu ‘P. mungo , kidney-bean’    IDs=f_ih7a5rbwk6ruo SRC=dedr
Telugu:
  uddulu ‘P. radiatus , black gram’    IDs=f_2r47wx7v3nbls SRC=dedr
Kolami:
  urunde ‘black gram’ dialect:Kolami:kinwat:Kinwat Kin.  IDs=f_mdkor6dtnj3sw SRC=dedr
Naikri:
  urndaḷ ‘urad’ pl   IDs=f_wfxgyyohng7bo SRC=dedr
Badaga:
  uddu ‘black gram, hairy-podded kidney bean, moong, moongo, mung, payar, pesaloo, small-fruited kidney bean’ noun uncertain alternate   IDs=f_66a3lk6utxahk,f_chqnz7yvher3a SRC=hockings-pilotraichoor1992[p. 72, col. 2];hockings-pilotraichoor1992[p. 66, col. 2]
  uḷundu ‘black gram, hairy-podded kidney bean, moong, moongo, mung, payar, pesaloo, small-fruited kidney bean’ noun uncertain alternate   IDs=f_fmc7pov2ethtm,f_hdhwnrlbdey56 SRC=hockings-pilotraichoor1992[p. 72, col. 2];hockings-pilotraichoor1992[p. 66, col. 2]
Indo-Aryan:
  *uḍidda ‘’    IDs=14302 SRC=CDIAL;DED[594]

### d692 *uẓ-uv- tiger HEAD krishnamurti-pfeiffer
ETYMOLOGY 
PDr:
  *uẓ-uv- ‘tiger’    IDs=d692 SRC=dedr[entry 692, DED 596]
  *uẓuv- ‘tiger; panther, tiger’    IDs=f_7lavk6egt6wsw SRC=merriam2026dravidiandb[record 734, DEDR 692];starostin2006dravidian
  *uẓ-uw- ‘‘tiger’ SD II’    IDs=f_jx3zgu4vovl4g SRC=merriam2026dravidiandb[record 6046, DEDR 692];krishnamurti
  *uẓ-uv ‘tiger’  SDII  IDs=f_n6rwfvyjkldgg SRC=krishnamurti
PSD2:
  *uẓ-uv- ‘tiger’    IDs=f_mpjbokvbcdcwi SRC=merriam2026dravidiandb[record 5834, DEDR 692];krishnamurti
Tamil:
  uṛ̆uvai ‘tiger’    IDs=f_bouvdltraamsi SRC=dedr
Telugu:
  duvvu ‘id’  K.  IDs=f_6sktwdc2utfhk SRC=dedr;K-Telugu
Gondi:
  ḍuhkiak ‘wolf (<i>Voc.</i> 1579)’ dialect:Gondi:adil:Adilabad A.  IDs=f_5xrsjdtcv3kzk SRC=dedr;A-Gondi
  ḍuvvu ‘tiger’  Koi [Cain, <i>IA</i> 8.35]  IDs=f_h4h4e3pzvy6mc SRC=dedr
  ḍuhkyā ‘leopard’ dialect:Gondi:adil:Adilabad SR.  IDs=f_hlhkd2vuco2n4 SRC=dedr;SR-Gondi
  ḍuv ( ḍūk) ‘id’ pl dialect:Gondi:koya:Koya KoyaSu.  IDs=f_ifvggwh2sg4kq SRC=dedr
  ḍuvvāl ‘id’ dialect:Gondi:adil:Adilabad ASu.  IDs=f_jgxt6lplmr3es SRC=dedr
  duvāl ‘id’ dialect:Gondi:maria:Maria L.  IDs=f_kahviv6xolkxu SRC=dedr;L-Gondi
  ḍuvāl ‘panther (<i>Voc.</i> 1578)’ dialect:Gondi:chanda:Chandrapur Pat.  IDs=f_nswx6kxlqxyte SRC=dedr;Pat-Gondi
  ḍūāl ‘id’ dialect:Gondi:maria:Maria M.  IDs=f_vnm3gtradpqdw SRC=dedr;M-Gondi
  ḍual ‘panther (<i>Voc.</i> 1578)’  A  IDs=f_xfsimfpooxlgc SRC=dedr
  ḍuvval ‘panther (<i>Voc.</i> 1578)’ dialect:Gondi:chanda:Chandrapur Pat.  IDs=f_ytp322c7ugsvo SRC=dedr;Pat-Gondi
  ḍū ‘id’ dialect:Gondi:maria:Maria M.  IDs=f_zosqft6kk32y4 SRC=dedr;M-Gondi
Kolami:
  ḍū ‘panther’ dialect:Kolami:kinwat:Kinwat Kin.  IDs=f_lak37w5ibhqhk SRC=dedr
  duva ‘panther’  SR  IDs=f_xhgpaf4ykfd34 SRC=dedr;SR-Kolami
Parji:
  ḍū ( ḍuvul) ‘tiger’ pl   IDs=f_ehbymihu6xhxu SRC=dedr
Gadaba:
  ḍuccā ‘wolf. DED 596’ dialect:Gadaba:salur:Salur S.  IDs=f_jxlxy5c3igstc SRC=dedr;S-Gadaba

### d693 uṛ̆uvai  HEAD dedr-reflex
ETYMOLOGY 
PDr:
  uṛ̆uvai ‘’ not-reconstructed   IDs=d693 SRC=dedr[entry 693, DED 597];dedr
PSTDr:
  *uẓuvai ‘a green sea-fish, Gobius ornatus; a brown freshwater fish, G. giuris; a yellowish fish, found in fresh- and backwaters, G. striatus; a kind of fish’    IDs=f_c443idcacufaa SRC=merriam2026dravidiandb[record 735, DEDR 693]
Tamil:
  uṛ̆uvai ‘a green sea-fish, <i>’    IDs=f_2mr55hzzftkvo SRC=dedr
  uḷuvai G. ornatus ‘G. ornatus; G. giuris ; a sea-fish, brownish grey’    IDs=f_535bcu5vm2laa SRC=dedr
  Gobius ornatus ‘</i>; a brown freshwater fish, <i> G. giuris’    IDs=f_7odipuccb2hze SRC=dedr
Malayalam:
  uṛ̆uva ‘a kind of green sea-fish; a kind of yellow fish’    IDs=f_gvg7rhpxn6m3c SRC=dedr
Telugu:
  uṇuju ‘a kind of fish. DED 597’    IDs=f_eb4gjdkkm7pci SRC=dedr

### d694 *uẓ-u-pp- stag HEAD krishnamurti-pfeiffer
ETYMOLOGY 
PDr:
  *uẓ-u-pp- ‘stag’    IDs=d694 SRC=dedr[entry 694, DED(S, N) 598];merriam2026dravidiandb[record 6045, DEDR 694];krishnamurti
  *uẓ-u-pp- ‘stag, deer’    IDs=f_mgpiu7af37bd6 SRC=merriam2026dravidiandb[record 6045, DEDR 694];krishnamurti
  *uẓ-up- ‘deer; axis deer’    IDs=f_pf3zi5war4fhm SRC=merriam2026dravidiandb[record 736, DEDR 694];starostin2006dravidian
  *uẓ-u-pp ‘stag’    IDs=f_yjqjkej3j6rto SRC=krishnamurti
Tamil:
  uṛ̆ai ‘deer’    IDs=f_hdmvb7teypjqs SRC=dedr
Malayalam:
  uṛ̆a-mān ‘porcine deer’    IDs=f_73w4cvxl4ugnk SRC=dedr
  uṛ̆al-mān ‘porcine deer’    IDs=f_vb2uzwlmig5nc SRC=dedr
Kannada:
  duppi ‘the spotted deer with branching horns, the axis’    IDs=f_5lgqehzk53r52 SRC=dedr
Tulu:
  uḷe ‘deer’  B-K  IDs=f_b7b355izyovdw SRC=dedr
  urɛ ‘deer’    IDs=f_e5iwdh2ka6nhq SRC=dedr
  ule ‘deer’ noun source label: B-K  IDs=f_oxilzjzgspyi4 SRC=dedr;burrow-emeneau1972den1[p. 401, entry 598]
Telugu:
  duppi ‘id’    IDs=f_gyfzg7pv2m4qm SRC=dedr
Gondi:
  duppi ‘spotted deer (<i>Voc.</i> 1570, 3117)’ dialect:Gondi:seoni:Seoni S.  IDs=f_772q4s4lowhxm SRC=dedr
  lūpi ‘spotted deer (<i>Voc.</i> 1570, 3117)’ dialect:Gondi:maria:Maria M.  IDs=f_cyoq4tpe5adlw SRC=dedr;M-Gondi
  ḍuppal ‘spotted deer (<i>Voc.</i> 1570, 3117)’ dialect:Gondi:adil:Adilabad A.  IDs=f_isqkuajleince SRC=dedr;A-Gondi
  luppi ‘spotted deer (<i>Voc.</i> 1570, 3117)’ dialect:Gondi:koya:Koya Ko.  IDs=f_vu3zomz4yv5ry SRC=dedr
Konda:
  ḍupi ‘axis deer. DED(S, N) 598’    IDs=f_6gxky4ieloxqy SRC=dedr
Kolami:
  ḍuppi ‘id’ dialect:Kolami:kinwat:Kinwat Kin.  IDs=f_7k3a3ctggzv2o SRC=dedr
Parji:
  uṛup ( uṛpul) ‘spotted deer’ pl   IDs=f_bt33f6r2z3hmm SRC=dedr
Gadaba:
  ḍuppi ‘id’ dialect:Gadaba:pottangi:Pottangi P.  IDs=f_hu5bet4u2gt3q SRC=dedr
  duppi ‘stag’ dialect:Gadaba:salur:Salur S.<super>3</super>  IDs=f_nvrzatyvlxdmi SRC=dedr;S3-Gadaba
Badaga:
  Ūre Beṭtu ‘Vure bettu, Oorbetta, name of two hills: 1. is ca 1880 m in elevation, 3.5 km. SSE of Coonoor; 2. is 2108 m in elevation, 8 km. NE of Kotagiri’ noun proper-noun uncertain   IDs=f_bhmrx3ubar3fo SRC=hockings-pilotraichoor1992[p. 75, col. 2]
  Ūrekorepattuhuṇndi ‘name of a locality and former Badaga camp site for summer grazing, ca 9.5 km. W of Ootacamund , DBIA 246’ noun proper-noun uncertain   IDs=f_d5mkyqyorlm62 SRC=hockings-pilotraichoor1992[p. 75, col. 2]
  ūre ‘kind of deer’ noun uncertain   IDs=f_pgx4nzbdir6w6 SRC=hockings-pilotraichoor1992[p. 75, col. 2]

### d695 *ūẓ-  HEAD merriam-pdr
ETYMOLOGY 
PDr:
  *ūẓ- ‘’    IDs=d695 SRC=dedr[entry 695, DED(S) 506];merriam2026dravidiandb[record 737, DEDR 695];starostin2006dravidian
  *ūẓ- ‘to sweep, collect with the hand or otherwise, as what is scattered on the ground or other surface; to collect; heap up; to scrape together, sweep up, clear away rubbish, scavenge; n. act of scraping together, sweeping up, scavenging; to sweep or clean (a threshing floor)’    IDs=f_jmo4uqmagi3cy SRC=merriam2026dravidiandb[record 737, DEDR 695];starostin2006dravidian
Telugu:
  ūrcu ‘to sweep, collect with the hand or otherwise, as what is scattered on the ground or other surface’    IDs=f_eljvrlcjr2vpu SRC=dedr
  ūḍupu ‘sweeping’    IDs=f_eoxlfh5tfommc SRC=dedr
  ūḍcu ‘to sweep, collect with the hand or otherwise, as what is scattered on the ground or other surface’    IDs=f_gdop7hsftdcpk SRC=dedr
  ūḍpu ‘sweeping’    IDs=f_h423k4ufxe2yq SRC=dedr
  ūrucu ‘to sweep, collect with the hand or otherwise, as what is scattered on the ground or other surface’    IDs=f_u3ie7akm2uyqy SRC=dedr
  ūḍucu ‘to sweep, collect with the hand or otherwise, as what is scattered on the ground or other surface’    IDs=f_xh3gomwl3fnbe SRC=dedr
Gondi:
  urpānā ‘(so <i>Voc.; Gramm.</i>, p. 67,uṛpānā) to clean a threshing floor’ dialect:Gondi:betul:Betul Tr.  IDs=f_62zkalni4klnc SRC=dedr;Tr-Gondi
  uṛp ‘(Ma.) to scrape into a heap with hands, (Ko.) to collect (dust) in a heap (<i>Voc.</i> 281)’    IDs=f_7shrwcawxfosu SRC=dedr
  Kui ḍupka ‘(&lt;ḍuk-p-; ḍukt-) to scrape together, sweep up, clear away rubbish, scavenge; act of scraping together, sweeping up, scavenging’ noun   IDs=f_d6ykhtysg47w6 SRC=dedr
  Konḍa ūṛs- (-t-) ‘to sweep or clean (a threshing floor)’    IDs=f_emynt4gsbupp6 SRC=dedr
  rūṭpa (rūṭt-) ‘to scrape into a heap. From DED(S) 506’    IDs=f_xn35byczjqea2 SRC=dedr
Kolami:
  uṛp ‘to sweep up, collect (rubbish)’ dialect:Kolami:wagh:Waghapur Wagh.  IDs=f_brskhrx4vbr4m SRC=dedr
Naikri:
  uṛp ‘to collect together what is scattered’    IDs=f_myels635nxem4 SRC=dedr
Parji:
  uṛcip- (uṛcit-) ‘to heap up, put together’    IDs=f_nxupbqbidcix2 SRC=dedr
Gadaba:
  ūrs- (ūrus-) ‘to wipe with finger (like cream from a cup)’  S.3  IDs=f_cslhfmda4ogwo SRC=dedr

### d696 uc- (uc-)  HEAD dedr-reflex
ETYMOLOGY 
PDr:
  uc- (uc-) ‘’ not-reconstructed   IDs=d696 SRC=dedr[entry 696, DED(S, N) 576];dedr
PSTDr:
  *ur-[c-] ‘to purge; urine, faeces; urine’    IDs=f_ekic44yxj4rl6 SRC=merriam2026dravidiandb[record 738, DEDR 696];starostin2006dravidian
Kota:
  uc ‘urine (only in a proverb)’    IDs=f_6g4hcsuvujeua SRC=dedr
  uc- (uc-) ‘to have diarrhoea’    IDs=f_f65ujjkpna3za SRC=dedr
  ucl ‘stool in diarrhoea’    IDs=f_ypokbubohzfw2 SRC=dedr
Toda:
  ūc- ‘(buffalo) has diarrhoea, to spit out (into a container)’ verb intr   IDs=f_72c4lptbzvflm SRC=bhaskararao-toda2025[p. 266, entry 2];emeneau-toda1984[p. 121];bhaskararao-toda-notes[p. 188]
  ūc- ‘(buffalo) has diarrhoea, to spit out (into a container)’ verb intr variant   IDs=f_pmr4pe26kwexg SRC=bhaskararao-toda2025[p. 266, entry 2];emeneau-toda1984[p. 121];bhaskararao-toda-notes[p. 188]
  u·c- (u·č-) ‘(buffalo) has diarrhoea’    IDs=f_qrthd6hbkh2pk SRC=dedr
Kannada:
  ucce ‘urine’    IDs=f_aqt4dswvpvg4s SRC=dedr
  urcu ‘to be purged’    IDs=f_fqztwmwsny2mu SRC=dedr
  uccu ‘to be purged’    IDs=f_oa7kvzdkdz7nw SRC=dedr
  uccike ‘diarrhoea’    IDs=f_qylww4cxnx3ne SRC=dedr
  uccāṭa ‘diarrhoea’    IDs=f_wpcpgpgmkkais SRC=dedr
Kodagu:
  ucc-a·ṭ ‘to urinate’    IDs=f_bfmzn7pueaihk SRC=dedr
  ucce ‘id’    IDs=f_z7tlmagg7xr4a SRC=dedr
Tulu:
  ūḷiyuni ‘to ooze; the bowels to evacuate frequently’    IDs=f_5xgqmdjsoqbn2 SRC=dedr
  uḷc ‘to go to stool’  D. N. S. Bhat, p. 12  IDs=f_ejhwtf2ttz4jo SRC=dedr
  urcuni ‘to go to stool’    IDs=f_mdcfnq2pt2jpo SRC=dedr
  urcāṭa ‘looseness of bowels’    IDs=f_me6xcqd4ttq6k SRC=dedr
Telugu:
  ucca ‘urine’    IDs=f_3p6pepgeykxd4 SRC=dedr
Gondi:
  uṛk ‘urine (<i>Voc.</i> 278). DED(S, N) 576’ dialect:Gondi:muria:Muria Mu.  IDs=f_2srjeqbzo3ddk SRC=dedr
  uṛk ‘to urinate’ dialect:Gondi:seoni:Seoni Mu. Ma. S.  IDs=f_7klili3r7wg2m SRC=dedr
  uṛk ‘urine (<i>Voc.</i> 278). DED(S, N) 576’ dialect:Gondi:betul:Betul Tr.  IDs=f_eozuzpwbcqhcy SRC=dedr;Tr-Gondi
  urkul ‘urine (<i>Voc.</i> 278). DED(S, N) 576’ dialect:Gondi:mandla:Mandla Ph.  IDs=f_hz2mmmkhme72c SRC=dedr;Ph-Gondi
  uṛkle ‘urine (<i>Voc.</i> 278). DED(S, N) 576’ dialect:Gondi:muria:Muria Mu.  IDs=f_kdtzv7uxyde2a SRC=dedr
  uṛkul ‘urine (<i>Voc.</i> 278). DED(S, N) 576’ dialect:Gondi:maria:Maria Ma.  IDs=f_m2uiglusxhipa SRC=dedr
  uṛkānā ‘to urinate’ dialect:Gondi:betul:Betul Tr.  IDs=f_ppip2vwfvd3qa SRC=dedr;Tr-Gondi
  uṛk ‘to urinate’ dialect:Gondi:muria:Muria Mu. Ma. S.  IDs=f_pw4y2wll2hqki SRC=dedr
  urkānā ‘to urinate’ R Epic S-R.  IDs=f_thyyxbligh4x2 SRC=dedr
  uṛukulu ‘urine (<i>Voc.</i> 278). DED(S, N) 576’ dialect:Gondi:seoni:Seoni S.  IDs=f_uvp5ac3zwxprc SRC=dedr
  uṛk ‘to urinate’ dialect:Gondi:maria:Maria Mu. Ma. S.  IDs=f_vokizumf2g25q SRC=dedr
Badaga:
  maggilucce ‘enuresis, bed-wetting (Hockings 1980b:104)’ noun uncertain   IDs=f_jqipm34o5oul6 SRC=hockings-pilotraichoor1992[p. 442, col. 2]
  ucce ‘urine, piss, piddle, pee, one’s water’ noun uncertain   IDs=f_ot7njhtc7cbsk SRC=hockings-pilotraichoor1992[p. 62, col. 1]
  uccegare ‘threshold, row of stone slabs set in the ground along the front of each house, where people might urinate at night without really leaving the house anna tamma uridale uccegareyo: mane’ noun uncertain   IDs=f_p4s2t72aqsc5a SRC=hockings-pilotraichoor1992[p. 62, col. 2]
  ucce aṭtu ‘to pass water, urinate, micturate’ verb tr uncertain   IDs=f_q3bqwddzsklkc SRC=hockings-pilotraichoor1992[p. 62, col. 2]
  ucce kādu ‘place outside the house where one goes to ease oneself’ noun uncertain   IDs=f_vseuxhle4nomg SRC=hockings-pilotraichoor1992[p. 62, col. 2]
  ucce kallu ‘threshold, row of stone slabs set in the ground along the front of each house (also called uccegare, q.v; < ucce+kallu’ noun uncertain   IDs=f_wxi2tct5kvqzk SRC=hockings-pilotraichoor1992[p. 62, col. 2]

### d697 *uḷ- is, are; to be, to have; house HEAD krishnamurti-pfeiffer
ETYMOLOGY 
PDr:
  *uḷ- ‘is, are; to be, to have; house’    IDs=d697 SRC=dedr[entry 697, DED(N) 599];merriam2026dravidiandb[record 6041, DEDR 697];krishnamurti
  *uḷ-[u-] ‘to be, exist; to be, exist, live, dwell; to abide, remain; (pres. 1 sg.) to be’    IDs=f_2h6t2cwsgzb4u SRC=merriam2026dravidiandb[record 739, DEDR 697];starostin2006dravidian
  *uṇṭ-u ‘is, are’  < *uḷ-nt-  IDs=f_4w7x3ygchdwai SRC=krishnamurti
  *oḷ-an ‘‘house’ Pre-Gondi’    IDs=f_7ni34tcxwexdy SRC=merriam2026dravidiandb[record 6082, DEDR 697];krishnamurti
  *uṇṭ-u (< *uḷ-nt-) ‘is, are’  derived *uḷ-  IDs=f_avpizk4ceycym SRC=merriam2026dravidiandb[record 6042, DEDR 697];krishnamurti
  *[d-] ‘to be, exist; to be, exist, live, dwell; to abide, remain; (pres. 1 sg.) to be’    IDs=f_cwxqzr4uovi6i SRC=merriam2026dravidiandb[record 740, DEDR 697];starostin2006dravidian
  *uḷ ‘to be, to have’    IDs=f_kyo7nuwv3yzc6 SRC=krishnamurti
  *oḷ-an ‘house’  PGondi; see uḷ- ‘to be’  IDs=f_pkanrev6fmyrs SRC=krishnamurti
  *uḷ- ‘to be, to have’    IDs=f_rleetvvu3vgno SRC=merriam2026dravidiandb[record 6041, DEDR 697];krishnamurti
Tamil:
  uḷatu ‘that which is, truth, soul’    IDs=f_2mj2edanbp6b4 SRC=dedr
  uḷḷavaṉ ‘he who has, rich person’    IDs=f_a3emwp3jn4tfo SRC=dedr
  uḷamai ‘truth, reality’    IDs=f_cyidf6rxsqm6a SRC=dedr
  uḷḷatu ‘that which is, truth, soul’    IDs=f_dggyat7lj5mou SRC=dedr
  uḷḷa ‘who is, which is, true, actual’    IDs=f_iqdytzxmkgw4s SRC=dedr
  uḷḷār ‘those who are present, those who possess’    IDs=f_nire3ck2bwdhg SRC=dedr
  uḷavu ‘real nature’    IDs=f_rrqxg6tdvnmbg SRC=dedr
  uṇmai ‘existence, reality, state of being, nature, truth’    IDs=f_ujb5oa6fec7n6 SRC=dedr
  uḷ ‘to be, have (1<i>sg.</i> uḷēṉ, uḷḷēṉ, 3 <i>sg. m.</i> uḷaṉ, <i>neut.</i> uḷatu, 3 <i>pl. m.</i> uḷar, <i>neut.</i> uḷa); uṇṭuis, are (existence)’    IDs=f_uqrbvmvodxuse SRC=dedr
Malayalam:
  uḷḷavan ‘rich’    IDs=f_37ttrve2m4ofm SRC=dedr
  uḷ ‘to be there, exist’    IDs=f_3qjjqlovztfhy SRC=dedr
  oṇma ‘existence’  p. 258  IDs=f_6bs3g24z5vd4u SRC=dedr
  uḷavu ‘coming into existence’    IDs=f_gb4y4svw627sk SRC=dedr
  uṇṭu ‘there is, exists’    IDs=f_p4ahfecebczvm SRC=dedr
  oḷḷa ‘having’    IDs=f_wmkqjxp5rejjw SRC=dedr
  uṇma ‘reality, truth’    IDs=f_x2dis7afrnyvq SRC=dedr
  uḷḷa ‘existing, true, real, in or to which there is’    IDs=f_xlczpqpi7pm2u SRC=dedr
  oḷḷama ‘existence’  p. 258  IDs=f_ybennzj6wokfc SRC=dedr
  oḷḷa ‘having’ source-addition verb source label: K. M. Narayana Menon, p. 36  IDs=f_zmdgtxocbhyzu SRC=burrow-emeneau1972den1[p. 401, entry 599]
Kota:
  oḍ ‘truth’    IDs=f_2yuocv4bl6zsg SRC=dedr
  ol- ‘“to exist, be in a place” (3rd person nuet. odō in Kolmēl, urē in Kurgōj mānt)’    IDs=f_65dv6pijp536m SRC=wolf-kota[p. 29, entry 13]
  oḷ- (3 oḍo·) ‘to exist, be in a place’ n   IDs=f_pmtzopf32wl3y SRC=dedr
Toda:
  viḷd- (3 pers. vɨḍ-i) ‘to exist, be in a place’    IDs=f_b5lsl7bdapeds SRC=dedr
  viḷd- ‘(3pers. wïḍi, wïḍḍi) to exist, be in a place; to stay, be present (Bhaskararao 2007a)’ verb intr   IDs=f_qh7col3d3cxby SRC=bhaskararao-toda2025[p. 271, entry 22];emeneau-toda1984[p. 146, 148]
  vɨḍ- ‘(3pers. wïḍi, wïḍḍi) to exist, be in a place; to stay, be present (Bhaskararao 2007a)’ verb intr variant   IDs=f_to7yj3rxhdjni SRC=bhaskararao-toda2025[p. 271, entry 22];emeneau-toda1984[p. 146, 148]
  vɨḍ-i ‘3pers. of wiḷd- ‘to be, to be present, to stay’, (and wïḍ- ‘to exist’, see Bhaskararao 2007a)’ verb   IDs=f_zze4ynk7bufvw SRC=bhaskararao-toda2025[p. 273, entry 14];emeneau-toda1984[p. 148]
Kannada:
  uṇmu ‘to arise, come into existence (or in 4482, with Ka.puṇmu)’    IDs=f_3ymhtftggrjhm SRC=dedr
  uṇṭu ‘that is or exists, existence, existing’    IDs=f_76e25z3kkhnyq SRC=dedr
  oḷ ‘to be, have; that is, that is true’ adj   IDs=f_7obhwpdr4qnto SRC=dedr
  oḷuhu ‘essence, possession, trueness’    IDs=f_cvyyd4vvhf67q SRC=dedr
  uḷ (3 pers. uṇṭu) ‘to be, have; that is, that is true’ adj   IDs=f_d6cslwnk2qhzq SRC=dedr
  uḷḷatana ‘state of being or having’    IDs=f_icv4gbhl5tahg SRC=dedr
  oḷupu ‘essence, possession, trueness’    IDs=f_ptr3dabmmj7mg SRC=dedr
  oḷpu ‘essence, possession, trueness’    IDs=f_uh7pwv3uxn6le SRC=dedr
  uḷḷa ‘being, having, being able’    IDs=f_ztvnnu45aefpq SRC=dedr
Kodagu:
  uḷḷ- (3 pers. uṇḍɨ) ‘to be, be in a place, have’    IDs=f_dvhqvrvwt334o SRC=dedr
Tulu:
  uḷḷ- (3 uṇḍu; ) ‘to be, exist, have’ sg n pres   IDs=f_kaqbdfp26y5ds SRC=dedr
Telugu:
  uniki ‘existence, being, remaining, stay, dwelling, home, place, residence, state, condition’    IDs=f_ladqv5cmlr4gs SRC=dedr
  uṇḍu ‘to be, exist, live, dwell’    IDs=f_luxwptyfsoemc SRC=dedr
  unucu ‘to place, put, set, lay, keep, preserve, set apart for a purpose, appoint’    IDs=f_yf7k4kfglyfho SRC=dedr
  uncu ‘to place, put, set, lay, keep, preserve, set apart for a purpose, appoint’    IDs=f_yldu2gmhldv62 SRC=dedr
Kui:
  lohpa (loht-) ‘to abide, remain, reside’    IDs=f_uu5grq3qa3fvm SRC=dedr
Kuwi:
  loy ‘to remain’  S.  IDs=f_hivumxa4ulvie SRC=dedr;S-Kuwi
  lōi ‘to remain’  S.  IDs=f_oaygrhums7lmc SRC=dedr;S-Kuwi
Kolami:
  an- (anḍ-) ‘existence, being, remaining, stay, dwelling, home, place, residence, state, condition’    IDs=f_nxmec23wj5z2g SRC=dedr
Naikri:
  anḍ ‘to be in a place, be so-and-so, owe’    IDs=f_2mabnhyufh6gm SRC=dedr
  ḍ ‘to’    IDs=f_g3wyicp32jhyy SRC=dedr
  *uṇṭu. ? ‘to’    IDs=f_s2dq2rcs75kce SRC=dedr
Brahui:
  anning ‘to be (<i>pres.</i> 1 <i>sg.</i> uṭ, 2 <i>sg.</i> us, 1 <i>pl.</i> un, 2 <i>pl.</i> ure, 3 <i>pl.</i> ur). DED(N) 599, DEDS (N) 844’    IDs=f_pqbkc6iadt3m6 SRC=dedr
Badaga:
  ettiyundōgu ‘to take away, carry off, transport (< etti+(y)uṇdu+ ho:gu, ‘take+being+go’)’ verb tr uncertain   IDs=f_2xyl3okwilak2 SRC=hockings-pilotraichoor1992[p. 82, col. 2]
  uḷida ‘1. dummy; 2. possessing, intensifying’ adj uncertain   IDs=f_3w3imugdu6his SRC=hockings-pilotraichoor1992[p. 72, col. 2]
  uṇdu ‘used as an between main verb and final auxiliary, it gives a progressive meaning to the verb’ pp participle verb auxiliary uncertain   IDs=f_bluqt5fggwvr6 SRC=hockings-pilotraichoor1992[p. 65, col. 1]
  kadecci piḷḷeya tegutuṇdu pō ‘go-taking-the-last-child (lit.), a childrens game of catch (played on the work-space on summer evenings by boys and girls aged 5-10)’ multiword-expression uncertain   IDs=f_byicxsiyciobm SRC=hockings-pilotraichoor1992[p. 126, col. 1]
  unme ‘truth’ noun uncertain   IDs=f_jyaxhrspmtrlk SRC=hockings-pilotraichoor1992[p. 65, col. 2]
  uḷḷava ‘owner, possessor, wealthy man’ noun archaic uncertain alternate   IDs=f_nxaovoxn5v2zw SRC=hockings-pilotraichoor1992[p. 72, col. 2]
  -undige ‘with, by, around’ suffix uncertain   IDs=f_qs676ts6kwww2 SRC=hockings-pilotraichoor1992[p. 64, col. 2]
  uḷḷu ‘1. to be; 2. to have, possess, own; 3. for progressive form’ verb auxiliary uncertain   IDs=f_sjxbnrgcdkbmq SRC=hockings-pilotraichoor1992[p. 73, col. 1]
  uḷivadu ‘being, living, life, existing, existence’ noun uncertain   IDs=f_uab6qwzqoatbe SRC=hockings-pilotraichoor1992[p. 72, col. 2]
  uḷḷama ‘owner, possessor, wealthy man’ noun archaic uncertain alternate   IDs=f_zkxdn5azqdmdo SRC=hockings-pilotraichoor1992[p. 72, col. 2]
OMal:
  oṇṭu ‘has’  K. M. Narayana Menon, p. 36  IDs=f_a2dl6cplnzdhm SRC=dedr;Menon-Mal

### d698 *uḷḷ-am mind, inside one HEAD krishnamurti-pfeiffer
ETYMOLOGY 
SOURCE NOTE Cf. 1015 Ta. oḷl. DED(S, N) 600. SOURCE dedr[entry 698, DED(S, N) 600]
PDr:
  *uḷḷ-am ‘mind, inside one’    IDs=d698 SRC=dedr[entry 698, DED(S, N) 600];krishnamurti
  *ūr- ‘inside; the heart, mind; within; beneath; to think; to think, ponder; feel, regret; inner, inside; house, wife’    IDs=f_spziipeubhn62 SRC=merriam2026dravidiandb[record 741, DEDR 698];starostin2006dravidian
Tamil:
  uḷḷam ‘mind, heart, intention, thought, soul’    IDs=f_2acd7gbhnjeji SRC=dedr
  uḷḷal ‘intention, thought’    IDs=f_lvkhsdrsubghc SRC=dedr
  uḷku ‘to think’ verb Tamil-class-3 weak (uḷki-)  IDs=f_ov6adilo5omai SRC=dedr
  uḷ ‘inside, interior of a place, mind, heart; a locative ending’    IDs=f_ub7shur2par2o SRC=dedr
  uḷḷu ‘to think, think on, remember’ verb Tamil-class-3 weak (uḷḷi-)  IDs=f_y2gci5kw6rn2y SRC=dedr
  uḷḷakam ‘mind, heart’    IDs=f_zv4edcfiwqzf4 SRC=dedr
Malayalam:
  uḷḷakam ‘inside, mind’    IDs=f_bwoae4wboo3m2 SRC=dedr
  uḷḷam ‘inside, mind’    IDs=f_dwo4ruszaecem SRC=dedr
  uḷḷu ‘inside, whatever is inside; locative ending’    IDs=f_yi5vty6msmdiy SRC=dedr
Kota:
  oḷk ‘“within the time before (something happens)”’ variant   IDs=f_ayhicoa4p7a3u SRC=wolf-kota[p. 40, entry 23]
  uḷ ‘inside’    IDs=f_blr5eidwynrds SRC=wolf-kota[p. 40, entry 22]
  uḷguḷ ‘inside’ variant   IDs=f_c4tsa3gyc6v2i SRC=wolf-kota[p. 40, entry 22]
  uḷpaṛ- (uḷpaṭ-) ‘to obey’    IDs=f_dab77ndoiyc24 SRC=dedr
  uḷk ‘“within the time before (something happens)”’    IDs=f_dpbgdjpawrh34 SRC=wolf-kota[p. 40, entry 23]
  uḷāk ‘“within the time before (something happens)”’ variant   IDs=f_fnob6ugk6etec SRC=wolf-kota[p. 40, entry 23]
  uḷpaṭa ‘within’    IDs=f_i67h5tioihwas SRC=wolf-kota[p. 40, entry 25]
  oḷg-l ‘(&lt;oḷg-k) within the time before (something happens)’    IDs=f_jueznjemmgxc6 SRC=dedr
  uḷ ‘the inside; in, into’    IDs=f_uettnapv3hraw SRC=dedr
  oḷk ‘(&lt;oḷg-k) within the time before (something happens)’    IDs=f_vvnp54c2jokzo SRC=dedr
Toda:
  uḷpoṛ- ‘to agree (-k ‘to’)’ verb tr   IDs=f_3ql2xfjfk6qem SRC=bhaskararao-toda2025[p. 262, entry 2];emeneau-toda1984[p. 25];bhaskararao-toda-notes[p. 185]
  uḷ ‘the inside; in, into’    IDs=f_6ilmxr57hdxcm SRC=dedr
  uɫ̣ ‘the inside; in, into (dat. u ɫ ḳ, loc. u ɫ ṣ̣, ablative u ɫ ṣ̣ ṇ ), a n u ɫ ḳ ‘inside that’’ noun adv postp   IDs=f_hqniutslviul2 SRC=bhaskararao-toda2025[p. 262, entry 4];emeneau-toda1984[p. 89, 92, 98];bhaskararao-toda-notes[p. 185]
  uḷpoṭ- ‘to agree (-k ‘to’)’ verb tr variant   IDs=f_r3sw534shh56w SRC=bhaskararao-toda2025[p. 262, entry 2];emeneau-toda1984[p. 25];bhaskararao-toda-notes[p. 185]
  uḷpoṛ- (uḷpoṭ-) ‘to agree (-kto)’    IDs=f_sb4b3fvtvxke4 SRC=dedr
Kannada:
  oḷagu ‘that is inside, the inside; heart; in, into’    IDs=f_7ezozibaczzfy SRC=dedr
  oḷa ‘the inside’    IDs=f_jymumqejjyxb2 SRC=dedr
  oḷage ‘in the inside, in, into’    IDs=f_mj4caa423mmbu SRC=dedr
  oḷ ‘id.; in, into’    IDs=f_nnjdjlsnc5b3q SRC=dedr
  uḷ ‘the inside’    IDs=f_wpmbukhc5n55u SRC=dedr
  oḷavu ‘the inside’    IDs=f_zzzydx5ufatfk SRC=dedr
Kodagu:
  uḷḷɨ ‘inner thought, that which is in the mind’    IDs=f_5p6lmnf7tulqo SRC=dedr
  oḷɨ ‘the inside’    IDs=f_qnh5344wuotdg SRC=dedr
Tulu:
  uḷayi ‘in, into’    IDs=f_evm2y7hrfokp4 SRC=dedr
  oḷavu ‘the mind, secret, thought; the mind, secret thought’ noun B-K.; source label: B-K  IDs=f_onfc4tgzwneq2 SRC=dedr;B-K-Tulu;burrow-emeneau1972den1[p. 401, entry 600]
  oḷa ‘inner, internal’    IDs=f_pwmrwr6vhdqk6 SRC=dedr
  uḷāyi ‘in, into’    IDs=f_uzwvtzsgnnaue SRC=dedr
  uḷa ‘inside, inner part’    IDs=f_wa7h2zqfd3dxe SRC=dedr
Telugu:
  lō̃ga ‘within, in, inside’    IDs=f_2auilmzjjh2ra SRC=dedr
  lō̃cu ‘to subdue’    IDs=f_4h2kuf5ojtwou SRC=dedr
  lōpala ‘within, in, inside’    IDs=f_b5wxcz5mtcvo2 SRC=dedr
  lōna (7tʰ cent.) ‘the inside, heart, mind’    IDs=f_bizfzqn6oj7je SRC=dedr
  ullamu ‘the heart, mind’    IDs=f_bjokttep4ugls SRC=dedr
  lō ‘in, inside; inner, internal, inside’    IDs=f_brqugiax2gcck SRC=dedr
  lōnu ‘the inside, heart, mind’    IDs=f_ht5gmk7adngog SRC=dedr
  ḷōna ‘(9-10th cent.) within, inside, inwardly’    IDs=f_hwa5nawa45mbu SRC=dedr
  loŋgu ‘to yield, submit, be subdued, retreat’    IDs=f_jql2vb4762p4k SRC=dedr
  lō̃kuva ‘subordination, subjection; subordinate, subject to’    IDs=f_n2dtaatfhnxgi SRC=dedr
  lōn-agu ‘to come under one's control’  K.  IDs=f_ocbaldbluzvic SRC=dedr;K-Telugu
  lō̃gu ‘to yield, submit, be subdued, retreat’    IDs=f_pe3aqev76rtnc SRC=dedr
 ... 5 additional unique records
OTelugu:
  oḷana (7tʰ cent.) ‘the inside, heart, mind’  Inscr.<super>2</super>  IDs=f_oz4ggp4pdrgra SRC=dedr;Inscr2-Telugu
Gondi:
  lōn ‘house’ dialect:Gondi:koya:Koya Mu. Ma. M. Ko.  IDs=f_2bdc4shg66e42 SRC=dedr;M-Gondi
  lopo ‘inside (<i>Voc.</i> 3077, 3071)’ dialect:Gondi:seoni:Seoni G. S.  IDs=f_2boi3ane25j24 SRC=dedr
  rappoṛ ‘inside’ dialect:Gondi:mandla:Mandla Ph.  IDs=f_2z34be5nxr3du SRC=dedr;Ph-Gondi
  lappa ‘inside (<i>Voc.</i> 3077, 3071)’ dialect:Gondi:muria:Muria Mu.  IDs=f_3jpa2gwfvioqi SRC=dedr
  rōpā ‘within’ dialect:Gondi:betul:Betul Tr.  IDs=f_6fvufjx3nojgc SRC=dedr;Tr-Gondi
  lopa ‘inside (<i>Voc.</i> 3077, 3071)’ dialect:Gondi:maria:Maria M.  IDs=f_aymkfg5kxwxt6 SRC=dedr;M-Gondi
  ropā ‘inside, within’ dialect:Gondi:mandla:Mandla W   IDs=f_eb2xalh2uywbw SRC=dedr;W-Gondi
  ropā ‘inside’ dialect:Gondi:mandla:Mandla Ph.  IDs=f_f4ytbsbzjfg2g SRC=dedr;Ph-Gondi
  lōtur ‘male member of a house’    IDs=f_hvfvaqrc6viwa SRC=dedr
  lōn ‘house’ dialect:Gondi:maria:Maria Mu. Ma. M. Ko.  IDs=f_oyyt7pub2b5kw SRC=dedr;M-Gondi
  rōn ( rōt-) ‘house’ obl dialect:Gondi:adil:Adilabad Tr. W. Ph. A.  IDs=f_pdilycwdj5t2w SRC=dedr;Tr-Gondi;W-Gondi;Ph-Gondi;A-Gondi
  lopo ‘inside (<i>Voc.</i> 3077, 3071)’ dialect:Gondi:gommu:Koya%20%28Gommu%29 G. S.  IDs=f_q45kuj6q6t2o4 SRC=dedr
 ... 8 additional unique records
Konda:
  olbi- (-t-) ‘to think, ponder; feel, regret’    IDs=f_fqlub3fqtsjns SRC=dedr
  loˀ o ‘inside’    IDs=f_frf32vbh6wrqi SRC=dedr
  loˀ i ‘inside’    IDs=f_vem2twv6fuoua SRC=dedr
Kui:
  lai lai ‘within, below, in secret, secretly’    IDs=f_hgivhljxsicus SRC=dedr
  lai ‘within, inside; below’    IDs=f_iosxxiegcajis SRC=dedr
  laiṭi ‘from within, within, from below, below’    IDs=f_qzlfzcpiko5um SRC=dedr
  laiki ‘to the inside of, within; towards a point below, below’    IDs=f_wy5y4gnvlribc SRC=dedr
Kuwi:
  loi ‘below’  S.  IDs=f_4kaeg3rvy3hkq SRC=dedr;S-Kuwi
  oṇp- (-it-) ‘to think, remember’  Isr.  IDs=f_ihigpda5z4oxw SRC=dedr;Isr-Kuwi
  ṛō'i ‘under’  Isr.  IDs=f_lpgo3xnpfbvne SRC=dedr;Isr-Kuwi
  oṛpali ‘to think’  F.  IDs=f_mmd7mfnehqh5y SRC=dedr;F-Kuwi
  onpinai ‘to think’  S.  IDs=f_p3yhv76xsgb5i SRC=dedr;S-Kuwi
  rō'i ‘beneath’  F.  IDs=f_pdzpvsjar55z2 SRC=dedr;F-Kuwi
Kolami:
  lo·pal ‘the inside; in, inside’    IDs=f_hxbgatco637ju SRC=dedr
Naikri:
  lōpa ‘inside’ adv   IDs=f_nds46mrd2xii4 SRC=dedr
  lōpal ‘the inside’    IDs=f_wv5ssecogoxge SRC=dedr
Naiki:
  lopun ‘inside’    IDs=f_ddbx6vmnqevaw SRC=dedr
Parji:
  olek ‘house’    IDs=f_5fah5yobgkzi4 SRC=dedr
  ole ‘house’    IDs=f_rdyqdqg6ppfbw SRC=dedr
Gadaba:
  ule ‘id’  Oll.  IDs=f_rvehenjyoaf5a SRC=dedr;Oll-Gadaba
  ullen ‘id’ dialect:Gadaba:salur:Salur S  IDs=f_y3sylzmdbbfge SRC=dedr;S-Gadaba
Kurux:
  oṛga'ānā ‘to believe, think, fancy, assume’    IDs=f_3grawm325kb5y SRC=dedr
  oṛᵒgnā ‘to believe, think, fancy, assume’    IDs=f_rgijp4qu2zxpg SRC=dedr
  ulā ‘inner room; in, inside’    IDs=f_wogetuaea2qa6 SRC=dedr
Malto:
  ugleye ‘to think, wish, care for’    IDs=f_a2lw2b4k54t76 SRC=dedr
  ugli ‘heart, mind’    IDs=f_d7nt5cu53lgv2 SRC=dedr
  ule ‘inside, within’    IDs=f_lvspmfaonbyv2 SRC=dedr
  uglare ‘to remember’    IDs=f_ozhdyy22xi2e2 SRC=dedr
  uglatre ‘to remind’    IDs=f_xokid5xrumxqg SRC=dedr
Brahui:
  urā ‘house, wife (or with 752 Ta.ūr); ustheart, mind, centre, inside, kernel (or with 645 Ta.uy)’    IDs=f_af27hub3mam2e SRC=dedr
Badaga:
  -0:ge ‘at, in, inside, when, on (a day), with, by, by means of’ adv suffix archaic uncertain alternate   IDs=f_23bi72shkfcqm SRC=hockings-pilotraichoor1992[p. 110, col. 2]
  uḷḷūr ‘local, within the commune (« ul+u:r, ‘withinthead village’)’ adj uncertain   IDs=f_2bp2mz5goi6hw SRC=hockings-pilotraichoor1992[p. 73, col. 2]
  oreyaḷōge ‘outside and inside (lit.), on both sides, on one side and the other, on either side’ adv uncertain alternate   IDs=f_3kbmrnkzkag7y SRC=hockings-pilotraichoor1992[p. 106, col. 1]
  ōsu ‘place inside (lit.), milk closet inside the house’ noun uncertain alternate   IDs=f_54j7akjnglgcg,f_kwaadyetxgf42 SRC=hockings-pilotraichoor1992[p. 114, col. 2];hockings-pilotraichoor1992[p. 110, col. 2]
  ōgodalu ‘pocket-like flap in upper part of cloth across a woman’s chest o:cu/o:ce/o:se heap, mass (archaic); rhythmic noise made while winnowing o:ce/o:cu/o:se o:ce/o:se splendour o:ce ma:du/o:se ma:du to brighten things up (¢ o:ce+ma:du, ‘splendour+rmake’) o:ce ma:du/o:se ma:du to winnow, blow away the chaff o:ji garden lizard, Indian garden lizard, bloodsucker lizard’ noun interj multiword-expression archaic uncertain   IDs=f_5pgthmr67ljwq SRC=hockings-pilotraichoor1992[p. 110, col. 2]
  ul mūla ‘piles, internal hæmmorhoid’ noun uncertain   IDs=f_7w7qkit2tr3ie SRC=hockings-pilotraichoor1992[p. 72, col. 2]
  uḷ]ḷ ‘inside, within’ adv archaic uncertain alternate   IDs=f_ahsws447lx3gq SRC=hockings-pilotraichoor1992[p. 108, col. 2]
  ōgāsu ‘inside, within; hidden, inner, innermost’ adv adj uncertain alternate   IDs=f_aulhp4a6slcow SRC=hockings-pilotraichoor1992[p. 110, col. 1]
  olle ‘birth canal, vagina or 4562’ noun uncertain   IDs=f_bz2qhvauc4zqy SRC=hockings-pilotraichoor1992[p. 109, col. 2]
  ōgāsu ‘place inside (lit.), milk closet inside the house’ noun uncertain alternate   IDs=f_ej4csm5wvecpi,f_r3gztr3fefj7q SRC=hockings-pilotraichoor1992[p. 114, col. 2];hockings-pilotraichoor1992[p. 110, col. 2]
  ōge ‘the inside (o:ganṇe is archaic)’ noun archaic uncertain alternate   IDs=f_jzc4pyvr4e3ug SRC=hockings-pilotraichoor1992[p. 110, col. 1]
  horeyaḷōge ‘outside and inside (lit.), on both sides, on one side and the other, on either side’ adv uncertain alternate   IDs=f_kq6npg7taiwm2 SRC=hockings-pilotraichoor1992[p. 617, col. 1]
 ... 11 additional unique records

### d699 *ùḷ-i  HEAD merriam-pdr
ETYMOLOGY 
PDr:
  *ùḷ-i ‘’    IDs=d699 SRC=dedr[entry 699, DED 601];merriam2026dravidiandb[record 742, DEDR 699];starostin2006dravidian
  *ùḷ-i ‘chisel’    IDs=f_bn44ascmew2u4 SRC=merriam2026dravidiandb[record 742, DEDR 699];starostin2006dravidian
Tamil:
  uḷi ‘chisel, burin, battle-axe, barber's instrument for paring nails’    IDs=f_rjuudkl5nlfho SRC=dedr
Malayalam:
  uḷi ‘chisel, burin’    IDs=f_ild7dfutc7lde SRC=dedr
Kota:
  uḷy ‘chisel’    IDs=f_mpe4pqyfn3qrm SRC=dedr
Toda:
  uḷy ‘branding iron’    IDs=f_cae2hxfw7zufk SRC=dedr
  u ɫ ỵ ‘(1) branding iron’ noun   IDs=f_xpjyhknnnahny SRC=bhaskararao-toda2025[p. 262, entry 22]
Kannada:
  uḷi ‘chisel, burin, awl’    IDs=f_6fcvxeut66uts SRC=dedr
Tulu:
  uḷi ‘chisel’    IDs=f_lbuhhkrrvyu5q SRC=dedr
Telugu:
  uli ‘id’    IDs=f_ke4wojrfnts4y SRC=dedr
Gadaba:
  ulli ‘id. DED 601’  S.3  IDs=f_6nczo6mbihgt6 SRC=dedr
Badaga:
  uḷi ‘chisel’ noun uncertain   IDs=f_2pydgsirwotk4 SRC=hockings-pilotraichoor1992[p. 72, col. 2]

### d700 uḷu  HEAD dedr-reflex
ETYMOLOGY 
SOURCE NOTE Cf. 3715 Ta. nuḷampu. DED 602. SOURCE dedr[entry 700, DED 602]
PDr:
  uḷu ‘’ not-reconstructed   IDs=d700 SRC=dedr[entry 700, DED 602];dedr
PSTDr:
  *ḷup- ‘wood-worm; that which is rotten; ant; a species of ant’    IDs=f_3ajleuca4pxiy SRC=merriam2026dravidiandb[record 743, DEDR 700]
Tamil:
  uḷu ‘wood-worm; that which is rotten; (-pp-, -tt-) to be worm-eaten (as wood), be eaten out by insects (as grain, seeds)’    IDs=f_k5oliuymjqrd4 SRC=dedr
  uḷuvey ‘wood-worm’ dialect:Tamil:kollimalai:Kollimalai Koll.  IDs=f_oqnj442fi7en4 SRC=dedr;Koll-Tam
  uḷuppu ‘condition of being worm-eaten, worm-eaten tree’    IDs=f_tq4yly2qg5myc SRC=dedr
Malayalam:
  uḷukkuka ‘to be worm-eaten’    IDs=f_c7ekbiwxw4nbg SRC=dedr
  uḷu ‘wood-worm’    IDs=f_gp7loxjvgv3cg SRC=dedr
  uḷuppu ‘state of being worm-eaten’    IDs=f_uz2h765pdc7di SRC=dedr
  uḷumpu ‘grain-moth’    IDs=f_xqnl55le567zw SRC=dedr
Kannada:
  uḷŋgu ‘a nit’ dialect:Kannada:gowda:Gowda%2FArebhashe Gowda  IDs=f_57w4f72h7bvuq SRC=dedr;Gowda-Kannada
Telugu:
  lūta ‘ant’    IDs=f_fmkgx3vhc4qd6 SRC=dedr
Kui:
  lupenji ‘a species of ant’    IDs=f_forpdbuptyk7q SRC=dedr

### d703 uṭku  HEAD dedr-reflex
ETYMOLOGY 
PDr:
  uṭku ‘’ not-reconstructed   IDs=d703 SRC=dedr[entry 703, DED 603];dedr
PSTDr:
  *uṭku (uṭki-) ‘to be afraid, feel shy; n. fear, shame, modesty; to start suddenly as from alarm; n. alarm, fright’    IDs=f_kwml62pkcasvg SRC=merriam2026dravidiandb[record 746, DEDR 703]
Tamil:
  uṭku ‘to be afraid, feel shy; fear, shame, modesty’ noun verb Tamil-class-3 weak (uṭki-)  IDs=f_qyahubmc6efec SRC=dedr
Malayalam:
  uḷuppu ‘shamefacedness, feeling’    IDs=f_4dilnb4jqf7d4 SRC=dedr
  uḷukka ‘to start, be unnerved’    IDs=f_w2ph2lbobpqqa SRC=dedr
Kannada:
  ulaku ‘to start, make starting efforts so as to get out of a swamp, etc’    IDs=f_wckjuwpgn55tq SRC=dedr
Telugu:
  ulku ‘to start suddenly as from alarm; alarm, fright. DED 603’ noun   IDs=f_jba2jfd4kghwq SRC=dedr
  uluku ‘to start suddenly as from alarm; alarm, fright. DED 603’ noun   IDs=f_n4gcky3ikbcqk SRC=dedr

### d704 uḷḷal  HEAD dedr-reflex
ETYMOLOGY 
PDr:
  uḷḷal ‘’ not-reconstructed   IDs=d704 SRC=dedr[entry 704, DED 604];dedr
PSTDr:
  *uḷ- ‘snipe’    IDs=f_6cvrdstuvbrks SRC=merriam2026dravidiandb[record 747, DEDR 704];starostin2006dravidian
Tamil:
  uḷḷu ‘common snipe’    IDs=f_76v4jb6jj32gu SRC=dedr
  uḷḷal ‘common snipe’    IDs=f_gqeytlgumnzk4 SRC=dedr
  uḷḷān ‘common snipe’    IDs=f_ogqwuduqpzfgo SRC=dedr
Malayalam:
  uḷḷi ‘sandpiper’    IDs=f_7pkfwsd7mngcq SRC=dedr
Kannada:
  ullaŋgi ‘snipe; lapwing’    IDs=f_g3wscj7amn5l4 SRC=dedr
Telugu:
  ullaŋgi ‘sp. curlew; lapwing (acc. to some authorities). DED 604’    IDs=f_c7z33277tg4yk SRC=dedr
  ullāmu ‘snipe’    IDs=f_kszix26lin7sq SRC=dedr
  ullaŋki ‘sp. curlew; lapwing (acc. to some authorities). DED 604’    IDs=f_xucfap4yp4zmw SRC=dedr

### d705 *uḷḷi onion HEAD krishnamurti-pfeiffer
ETYMOLOGY 
SOURCE NOTE Cf. Skt. ūlī- id. (Schmidt, Nachträge ), Or. uli id. DED(S) 605. SOURCE dedr[entry 705, DED(S) 605]
PDr:
  *uḷḷi ‘onion’    IDs=d705,f_r6ar5mq356twu SRC=dedr[entry 705, DED(S) 605];krishnamurti;merriam2026dravidiandb[record 6043, DEDR 705];krishnamurti
  *uḷ-i ‘onion; onion, garlic’    IDs=f_36gbfz2jgo7v6 SRC=merriam2026dravidiandb[record 748, DEDR 705];starostin2006dravidian
Tamil:
  uḷḷi ‘onion, garlic’    IDs=f_qw7in2e2onb2s SRC=dedr
Malayalam:
  uḷḷi ‘id’    IDs=f_uajsqpfpy3bdu SRC=dedr
Kota:
  uḷy ‘onion’    IDs=f_32ajfylteuti4 SRC=dedr
Toda:
  pøḷ u·ḷy ‘garlic (= Ta.veḷḷ-uḷḷi)’    IDs=f_h5amrokllhbdk SRC=dedr
  pøḷ ūɫỵ ‘garlic (lit. white onion) (=Ta. veḷḷ-uḷḷi)’ noun   IDs=f_lbvvuzezzfi4k SRC=bhaskararao-toda2025[p. 205, entry 12];bhaskararao-toda-notes[p. 185]
  u ː ɫ ỵ ‘onion’ noun   IDs=f_qh4qibkxwhg6u SRC=bhaskararao-toda2025[p. 266, entry 15]
  u·ḷy ‘id’    IDs=f_rtnwoveybw6gw SRC=dedr
Kannada:
  uḷḷi ‘a bulb, an onion’    IDs=f_gsy53myl5ixsq SRC=dedr
Tulu:
  boḷḷ-uḷḷi ‘garlic’    IDs=f_mrba3op3xeane SRC=dedr
  ulli ‘a generic name for garlic (B-K.uḷḷia generic name for onion or garlic)’    IDs=f_t2tw7w5ytpwbq SRC=dedr
  uḷḷi ‘a generic name for garlic (B-K.uḷḷia generic name for onion or garlic)’    IDs=f_ya2b6ke2fovk6 SRC=dedr
Telugu:
  ulli ‘onion, garlic’    IDs=f_mpjreuvcijve6 SRC=dedr
Gondi:
  ulli ‘id. (<i>Voc.</i> 283)’ dialect:Gondi:yavatmal:Yavatmal A. Y. Mu. Ko.  IDs=f_6nu5fb52jjyge SRC=dedr;A-Gondi
  ullī ‘id. (<i>Voc.</i> 283)’ dialect:Gondi:mandla:Mandla Tr. W.  IDs=f_7husugynlniam SRC=dedr;Tr-Gondi;W-Gondi
  ulli ‘id. (<i>Voc.</i> 283)’ dialect:Gondi:muria:Muria A. Y. Mu. Ko.  IDs=f_cbcdxtcyknyrs SRC=dedr;A-Gondi
  ullī ‘id. (<i>Voc.</i> 283)’ dialect:Gondi:betul:Betul Tr. W.  IDs=f_jhf3atqrz44hq SRC=dedr;Tr-Gondi;W-Gondi
  ulli ‘id. (<i>Voc.</i> 283)’ dialect:Gondi:koya:Koya A. Y. Mu. Ko.  IDs=f_supobgsdq5fxm SRC=dedr;A-Gondi
  ulli ‘id. (<i>Voc.</i> 283)’ dialect:Gondi:adil:Adilabad A. Y. Mu. Ko.  IDs=f_t5j7xrzewlthg SRC=dedr;A-Gondi
Konda:
  uli ‘id’    IDs=f_q55i5jml4hfyy SRC=dedr
Pengo:
  ūṛi ‘id’    IDs=f_6mr653uxgf3he SRC=dedr
Manda:
  uli ‘id. Kuwi’    IDs=f_2lpkk4tqnlfp2 SRC=dedr
  ūlli ‘id’  F.  IDs=f_a7ipt7v7skt22 SRC=dedr
  vella ūlli ‘garlic’  F.  IDs=f_fo5alzbe4sjpy SRC=dedr
  ulli ‘id’  Su.  IDs=f_gmoyvnsayoiga SRC=dedr
  ulli gidda ‘id’  S.  IDs=f_ldltkt2zezxdo SRC=dedr
Kolami:
  ulli ‘onion’ dialect:Kolami:kinwat:Kinwat Kin.  IDs=f_gpvfot2rr22hk SRC=dedr
Naiki:
  ullig ‘id’    IDs=f_6k5zv5bda5d3s SRC=dedr
Parji:
  ulli ‘garlic’    IDs=f_atn4in6mak6xg SRC=dedr
Gadaba:
  ulli ‘onion’ dialect:Gadaba:pottangi:Pottangi P. S.2  IDs=f_fbixmxznsshlg SRC=dedr
Kurux:
  uli ‘onion’ dialect:Kurux:mirdha:Mirdha Mirdha dial., BB 1958  IDs=f_knlnbwn7svfx6 SRC=dedr;Mirdha-Kurux
Badaga:
  uḷḷi ‘onion, water garlic, ooly’ noun verb intr archaic uncertain   IDs=f_5xdl2hkzgybt6 SRC=hockings-pilotraichoor1992[p. 72, col. 2]
markodi:
  nīruḷḷi ‘Onion’ dialect:markodi:markodi_vannarkadav:Vannarkadav   IDs=f_al3rhhj7ysxic SRC=canvin2025
  nīruḷḷŭ ‘Onion’ dialect:markodi:markodi_ennappara:Ennappara   IDs=f_bpfuvfdcusetm SRC=canvin2025
  veḷḷuḷḷi ‘Garlic’ dialect:markodi:markodi_pannithadam:Pannithadam   IDs=f_gro6xg7v535oe SRC=canvin2025
  veḷḷuḷŭ ‘Garlic’ dialect:markodi:markodi_ennappara:Ennappara   IDs=f_iua2a7m4yqxq2 SRC=canvin2025
  beḷutuḷḷi ‘Garlic’ dialect:markodi:markodi_vannarkadav:Vannarkadav   IDs=f_vnaselpmfjbi4 SRC=canvin2025

### d707 *oṯ-a-nku to sleep HEAD krishnamurti-pfeiffer
ETYMOLOGY 
PDr:
  *oṯ-a-nku ‘to sleep’    IDs=d707 SRC=dedr[entry 707, DED(S, N) 606];krishnamurti
  *oṯ-a-nku ‘‘to sleep’ PSD’    IDs=f_cwzvutcco6hdu SRC=merriam2026dravidiandb[record 6078, DEDR 707];krishnamurti
  *or_- ‘to sleep; to bend, bow down, lean, incline, recline; n. slant, inllination; large pillow for reclining on; adj. slanting; to lean’    IDs=f_xtfkgjfofd4ts SRC=merriam2026dravidiandb[record 750, DEDR 707];starostin2006dravidian
PSTDr:
  *oṯ-a-nku ‘to sleep’    IDs=f_bvqtkqvdhns7u SRC=merriam2026dravidiandb[record 5841, DEDR 707];krishnamurti
Tamil:
  uṟakkam ‘sleep, drowsiness, weariness’    IDs=f_7vccui7ydilkq SRC=dedr
  uṟakku ‘sleep, drowsiness, weariness’    IDs=f_c5b377pbul2bk SRC=dedr
  uṟakku ‘to put to sleep (as a child), weigh down the eyelids as in sleep’ verb Tamil-class-3 weak (uṟakki-)  IDs=f_fz63onogt7tdi SRC=dedr
  uṟaku ‘to sleep’ verb Tamil-class-3 weak (uṟaki-)  IDs=f_lc3icqovxrit6 SRC=dedr
  uṟaŋku ‘to sleep, feel drowsy, be weary’ verb Tamil-class-3 weak (uṟaŋki-)  IDs=f_r5rujpjcajfgy SRC=dedr
Malayalam:
  uṟakkuka ‘to put to sleep’    IDs=f_2x7wcyeclqhgc SRC=dedr
  uṟakku ‘sleep’    IDs=f_ah75t2thjoeyq SRC=dedr
  uṟakkam ‘sleep’    IDs=f_mjbjchrhldczc SRC=dedr
  uṟaŋŋuka ‘to sleep’    IDs=f_zqmmmims2jcri SRC=dedr
Kota:
  org- (orgy-) ‘to sleep’    IDs=f_6ft3xzm2e6hdg SRC=dedr
  orgy- ‘to sleep’ variant   IDs=f_7opy43l2npcak SRC=wolf-kota[p. 29, entry 27]
  ork ‘sleep’    IDs=f_fghppjfawzfq4,f_qiorvtgoyos5y SRC=wolf-kota[p. 29, entry 29];dedr
  org- ‘to sleep’    IDs=f_lcmqqbjikfwiu SRC=wolf-kota[p. 29, entry 27]
Toda:
  vaṟx- (vaṟxy-) ‘to sleep’    IDs=f_4uuzp54q4l4ww SRC=dedr
  vaṟky- ‘to make to sleep (by lullaby, etc.)’ verb tr variant   IDs=f_5y2jlnjvm4pcu SRC=bhaskararao-toda2025[p. 269, entry 32];emeneau-toda1984[p. 120];bhaskararao-toda-notes[p. 190]
  vaṟx- ‘to sleep. DEDR 707, TGT 48 (warx-)’ verb intr   IDs=f_7cu6mmpjw57io SRC=bhaskararao-toda2025[p. 270, entry 3];emeneau-toda1984[p. 48];bhaskararao-toda-notes[p. 190]
  vaṟk- (vaṟky-) ‘to make to sleep (by lullaby, etc.)’    IDs=f_7n7plnr3lxphu SRC=dedr
  vaṟk ‘sleep’ noun   IDs=f_ca44shhsonmdy SRC=bhaskararao-toda2025[p. 269, entry 31]
  vaṟ- ‘to sleep. DEDR 707, TGT 48 (warx-)’ verb intr   IDs=f_cjjh3iotk4iwi SRC=bhaskararao-toda2025[p. 269, entry 30];emeneau-toda1984[p. 48]
  vaṟxy- ‘to sleep. DEDR 707, TGT 48 (warx-)’ verb intr variant   IDs=f_hwp4dlva7lfwk SRC=bhaskararao-toda2025[p. 270, entry 3];emeneau-toda1984[p. 48];bhaskararao-toda-notes[p. 190]
  vaṟy- ‘to sleep. DEDR 707, TGT 48 (warx-)’ verb intr variant   IDs=f_iglizkucsx2vq SRC=bhaskararao-toda2025[p. 269, entry 30];emeneau-toda1984[p. 48]
  vaṟk- ‘to make to sleep (by lullaby, etc.)’ verb tr   IDs=f_yyi43rdmj3gfk SRC=bhaskararao-toda2025[p. 269, entry 32];emeneau-toda1984[p. 120];bhaskararao-toda-notes[p. 190]
  vaṟ- (vaṟy-) ‘to sleep’ verb   IDs=f_yzqwoh3l23adq SRC=dedr;burrow-emeneau1972den1[p. 401, entry 606]
  vaṟk ‘sleep’    IDs=f_zbq7yuwmnaegw SRC=dedr
Kannada:
  uṟugu ‘state of being crooked’    IDs=f_5ex4jzxw7jzby SRC=dedr
  oṟaŋgu ‘id., incline, recline, lean upon, lie down, rest, sleep’    IDs=f_63k4nisnluhwu SRC=dedr
  uṟugu ‘to be crooked, bent, distorted’    IDs=f_cg2n5kqcjojxg SRC=dedr
  oṟagu ‘id., cushion to lean the back against’    IDs=f_dci52sp23h35y SRC=dedr
  oṟagu ‘id., incline, recline, lean upon, lie down, rest, sleep’    IDs=f_uozajffvjh6yc SRC=dedr
Kodagu:
  or- (ori-) ‘to fall asleep’    IDs=f_nowpws6dsnd5c SRC=dedr
  orakɨ ‘sleep’    IDs=f_wbr62dxo4ooek SRC=dedr
Tulu:
  orduni ‘to bend, bow, lean on one side’    IDs=f_2lsavutfci22m SRC=dedr
  orva ‘crookedness’    IDs=f_2sg5lvxpwqbjs SRC=dedr
  oragɯ ‘cushion to lean the back against’    IDs=f_hgtkec5t4emxy SRC=dedr
  orda ‘bent’    IDs=f_pgpzyxjj73ww2 SRC=dedr
  oraguni ‘to recline, lean the back against’    IDs=f_zuodthxttsznc SRC=dedr
Telugu:
  oṟava ‘crooked, bent’    IDs=f_4lrrh5sysmbaa SRC=dedr
  oggu ‘to offer, present, give, lend, yield’    IDs=f_5fj6qtdtju6xe SRC=dedr
  oragu ‘to bend, bow down, lean, incline, recline; slant, inclination; large pillow for reclining on; slanting’ noun adj   IDs=f_g4vwq7xocssey SRC=dedr
  oṟagu ‘to bend, bow down, lean, incline, recline; slant, inclination; large pillow for reclining on; slanting’ noun adj   IDs=f_glk66zoi3e65e SRC=dedr
  oragincu ‘to place in a slanting position’    IDs=f_s7e2u6npdcr2o SRC=dedr
  oraguḍu ‘slant, incline’    IDs=f_tcefbsplmv4pq SRC=dedr
Gondi:
  urŋg ‘to be bent’ dialect:Gondi:koya:Koya Ko.  IDs=f_5hnt3ydicaoa4 SRC=dedr
  uhr- (<i>Voc.</i> 267a) ‘to bend (<i>Voc.</i> 3183)’ tr   IDs=f_6ehk65jzfdp7q SRC=dedr
  urh- (<i>Voc.</i> 267a) ‘to be bent’ tr   IDs=f_7sapy5asnysl4 SRC=dedr
  variyānā ‘to bend (<i>Voc.</i> 3183); to bend (tr.)’ dialect:Gondi:adil:Adilabad verb SR.; source label: SR.; Voc. 3183  IDs=f_ecnq7lwoo6gjs SRC=dedr;SR-Gondi;burrow-emeneau1972den1[p. 401, entry 606]
  varī ‘to bend; to bend (intr.)’ intr dialect:Gondi:adil:Adilabad verb ASu.; source label: A Su.  IDs=f_gdznm2sjc36e6 SRC=dedr;burrow-emeneau1972den1[p. 401, entry 606]
  varūs ‘id. . DED(S, N) 606’ tr   IDs=f_ljnrel6tzhwkm SRC=dedr
  varah ‘to bend (<i>Voc.</i> 3183); to bend (tr.)’ tr dialect:Gondi:seoni:Seoni verb S.; source label: S.  IDs=f_lusmzjmer3qpq SRC=dedr;burrow-emeneau1972den1[p. 401, entry 606]
Parji:
  org ‘to lean’    IDs=f_bp3a4bbidnq6u SRC=dedr
Badaga:
  oragu ‘to sleep, be asleep’ verb intr uncertain   IDs=f_6eulywku7z2vs SRC=hockings-pilotraichoor1992[p. 104, col. 2]
  oraguvama ‘sleeper, one sleeping bittuvane oragidama | ku:vane opagina’’ noun uncertain alternate   IDs=f_6q6usdjpbyuza SRC=hockings-pilotraichoor1992[p. 104, col. 2]
  oragidma ‘sleeper, one sleeping bittuvane oragidama | ku:vane opagina’’ noun uncertain alternate   IDs=f_z277yiyjzbsbw SRC=hockings-pilotraichoor1992[p. 104, col. 2]
Irula:
  roŋgu ‘to sleep’    IDs=f_rkc3z2nwemcyw SRC=dedr

### d708 *ud_-  HEAD merriam-pdr
ETYMOLOGY 
SOURCE NOTE ? Cf. 570 Ta. ukkam. SOURCE dedr[entry 708]
SOURCE NOTE Cf. Mar. utav a sort of arched framework hung from the roof. DED(S) 607. SOURCE dedr[entry 708, DED(S) 607]
PDr:
  *ud_- ‘’    IDs=d708 SRC=dedr[entry 708, DED(S) 607];merriam2026dravidiandb[record 751, DEDR 708];starostin2006dravidian
  *ut_- ‘network; network sling in which pots, etc., are suspended; fibres inside a ripe tamarind, etc.; to hang; rope; net suspended from roof in kitchen to keep pots’    IDs=f_dpogsoaq3ss22 SRC=merriam2026dravidiandb[record 752, DEDR 708];starostin2006dravidian
  *ud_- ‘network; network sling in which pots, etc., are suspended; fibres inside a ripe tamarind, etc.; to hang; rope; net suspended from roof in kitchen to keep pots’    IDs=f_gsv3elzikmqj4 SRC=merriam2026dravidiandb[record 751, DEDR 708];starostin2006dravidian
Tamil:
  uṟi ‘hoop or rope network for placing pots, and suspended by a cord from the roof of a house, from the hand, or from the end of a pole carried on the shoulder’    IDs=f_4xft2woeqdija SRC=dedr
Malayalam:
  uṟi ‘network for suspending pots’    IDs=f_7gyc5ckqdmqts SRC=dedr
Kota:
  ury ‘rope sling for pots’    IDs=f_62idwmxlwaogk SRC=wolf-kota[p. 40, entry 36]
  ury ‘sling for pots, litter for carrying persons’    IDs=f_l2cpoupenyzjm SRC=dedr
Kannada:
  uṟi ‘coarse network, made of rope or rattan, in which pots and other vessels are suspended from the beams of the house or from the stick thrown across the shoulder, by which they are carried about’    IDs=f_6wyuqzuxijp26 SRC=dedr
  uṭṭi ‘id.; upper framework of cradle by which it is suspended’    IDs=f_lyr27b4mgqjee SRC=dedr
  oṭṭi ‘id.; upper framework of cradle by which it is suspended’    IDs=f_m3pblyqh7wxrq SRC=dedr
Tulu:
  uri-gejje ‘small bells (gejje) strung on a rope and tied round the neck of a he-buffalo’    IDs=f_liuzvcaxd22zs SRC=dedr
Telugu:
  uṭṭi ‘network sling in which pots, etc., are suspended; fibres inside a ripe tamarind, etc’    IDs=f_4thoqwygg7xto SRC=dedr
Gondi:
  uṭum ‘rope network suspended in house for holding pots, etc’ dialect:Gondi:maria:Maria Ma.  IDs=f_56k3ppd5hbnta SRC=dedr
  uṭu ‘ropes of carrying yoke (<i>Voc.</i> 228)’ dialect:Gondi:koya:Koya Ko.  IDs=f_7jx7epyf7a4cs SRC=dedr
  uṭi ‘ropes of carrying yoke (<i>Voc.</i> 228)’ dialect:Gondi:koya:Koya Ko.  IDs=f_vfjychzgnb5bk SRC=dedr
Konda:
  uRi ‘net suspended from roof in kitchen to keep pots’    IDs=f_hetzntgnqk634 SRC=dedr
Naiki:
  uttu ‘rope for suspending articles’    IDs=f_cpnomwvrdl7xy SRC=dedr
Parji:
  utka ‘ropes of carrying-yoke’    IDs=f_6o2bb5eg4pcxg SRC=dedr
  ut ‘to hang (rope from roof, etc.), suspend by rope’    IDs=f_aztkhcamulybo SRC=dedr
  uṭ ‘to hang (rope from roof, etc.), suspend by rope’  NE  IDs=f_d2rqpnlltents SRC=dedr
  utip- (utit-) ‘to make to hang’    IDs=f_kytzunnmslroi SRC=dedr
  uṭka ‘ropes of carrying-yoke’  NE  IDs=f_uz6xxgd3y7drw SRC=dedr
  uṭip- (uṭit-) ‘to make to hang’  NE  IDs=f_yvducenuhtz7o SRC=dedr
Gadaba:
  uṭṭi ‘hanging loop (= Te.uṭṭi); uṭp- (uṭup-)to hang’ tr S.3  IDs=f_gtv6l3gmg2c54 SRC=dedr
Badaga:
  urikōlu ‘pot-hanger made of cord’ noun uncertain   IDs=f_3gjuhmh53jahk SRC=hockings-pilotraichoor1992[p. 70, col. 2]
  uri adi ‘pot-hitting (lit.), name of a festival recently adopted by some Badagas and celebrated in apisi, September-October, to commemorate Lord Krishna’s birthday. (It seems however to be an older festival in parts of Poranga:du; a large arch with a decorated pot hanging from it gives the name and object of the festival, namely to catch the pot, which symbolizes the butter pot that Krishna stole in mythology)’ noun uncertain   IDs=f_ffbekqxruzje2 SRC=hockings-pilotraichoor1992[p. 70, col. 1]
  uri ‘1. pot-hanger, beam; 2. decorated pot’ noun archaic uncertain   IDs=f_rutecgxyxwpiw SRC=hockings-pilotraichoor1992[p. 70, col. 1]

### d710 *coṯ-ac-  HEAD merriam-pdr
ETYMOLOGY 
PDr:
  *coṯ-ac- ‘’    IDs=d710 SRC=dedr[entry 710, DED(S) 608];merriam2026dravidiandb[record 6265, DEDR 710];krishnamurti
  *coṯ-ac- ‘shark’    IDs=f_yl4fmzonetbjm SRC=merriam2026dravidiandb[record 6265, DEDR 710];krishnamurti
PSTDr:
  *ud_- ‘to happen; to be; to be fit; adj. proper, becoming; to agree with, suit, fit, fulfil’    IDs=f_i66lglonjcfkk SRC=merriam2026dravidiandb[record 754, DEDR 710];starostin2006dravidian
Tamil:
  uṟal ‘being near, relationship’    IDs=f_2uxeghq7hamgs SRC=dedr
  uṟaŋku ‘to dwell, abide’ verb Tamil-class-3 weak (uṟaŋki-)  IDs=f_6kpxszmgfhax6 SRC=dedr
  uṟuttal ‘bringing into contact’    IDs=f_7itppwfbqwews SRC=dedr
  uṟavu ‘id., friendship, love’    IDs=f_7jffar3oh4sbu SRC=dedr
  uṟuppu ‘body, limb’    IDs=f_c4toironm5ryu SRC=dedr
  uṟṟatu ‘that which has happened, event, truth, fact’    IDs=f_erfm6ugcnnr5u SRC=dedr
  uṟaivu ‘abiding, abode’    IDs=f_i6oefpuya35bw SRC=dedr
  uṟaṛ̆ ‘to be close, dense, crowded’ verb Tamil-class-2 weak (-v-, -nt-)  IDs=f_khwog5hktbe6y SRC=dedr
  uṟu ‘to be, happen, dwell, be desirable, useful, be joined, come in contact with, touch, love’ verb Tamil-class-4 weak (uṟuv-, uṟṟ-)  IDs=f_mzzpembrtphv4 SRC=dedr
  uṟuttu ‘to cause to be, bring in contact, clap’ verb Tamil-class-3 weak (uṟutti-)  IDs=f_odx2hisjvtvx6 SRC=dedr
  ūṟu ‘joining, approaching; sense of touch’    IDs=f_q6bd7x5httqbe SRC=dedr
  uṟavi ‘relationship’    IDs=f_qgqqwtuqg6mhu SRC=dedr
 ... 3 additional unique records
Malayalam:
  uṟṟa ‘close, near’    IDs=f_fi5yxn2lcnoic SRC=dedr
  uṟuppu ‘the breast with the shoulders’    IDs=f_keunqcvv2btvc SRC=dedr
  uṟavu ‘nearness, relationship’    IDs=f_qcaadbpx2a6as SRC=dedr
  uṟayuka ‘to stay’    IDs=f_rprco3ncec5ce SRC=dedr
  uṟuka ‘to be joined’    IDs=f_vq6tg25emphiw SRC=dedr
  uṟṟu ‘near, closely’    IDs=f_wwdifvhq3vzp4 SRC=dedr
Toda:
  uṟf- (uṟt-) ‘to have sexual intercourse with’    IDs=f_5ramajjcapdho SRC=dedr
  uṟf- ‘to have sexual intercourse with’ verb tr   IDs=f_667cyen6tygio SRC=bhaskararao-toda2025[p. 264, entry 11];emeneau-toda1984[p. 124]
  uṟt- ‘to have sexual intercourse with’ verb tr variant   IDs=f_dooh26eki7xqk SRC=bhaskararao-toda2025[p. 264, entry 11];emeneau-toda1984[p. 124]
  ojuṟt- ‘to terrify (oz-̡ ‘to fear’, for uṟt-, cf. Ta. uṟuttu ‘to cause to be’)’ verb tr   IDs=f_eyyeex2fjn6va SRC=bhaskararao-toda2025[p. 147, entry 21];emeneau-toda1984[p. 118]
  ojuṟt- (ojuṟty-) ‘to terrify (foroζ-to fear, see 55; foruṟt-, cf. Ta.uṟuttuto cause to be)’    IDs=f_lvqkj6rbfcpt2 SRC=dedr
Kannada:
  uṟe ‘nicely, well’    IDs=f_cil7crfry44me SRC=dedr
  uppu ‘love, esp. doting affection; being, abiding; protection, esp. of a place marked out by lines in a game’    IDs=f_litvp53vaaiqq SRC=dedr
  ūṟu ‘to be, exist, stay, reside’    IDs=f_m2yhmgzwfdd4a SRC=dedr
  uṟu (urt-, utt-) ‘to be, stay, come about, arise’    IDs=f_melpgvbmujh5e SRC=dedr
  oṟal ‘to be attached to, love; attachment, love’ noun   IDs=f_qsirqvqcxrzfg SRC=dedr
  uṟisu ‘to bear, hold out’    IDs=f_syartbmbbwx4i SRC=dedr
Tulu:
  uppēruni ‘cattle to copulate (ērunito climb)’    IDs=f_eos3ys6nj6fmq SRC=dedr
  untuni ‘to stand, remain, stop’    IDs=f_lj35aqnckplhg SRC=dedr
  uppuni ‘to be, exist, live in; have, possess (with dative of person); help, protect’    IDs=f_nik22b4opf76y SRC=dedr
  untāvuni ‘to cause to stand up, detain’    IDs=f_pbxcrssn5oww4 SRC=dedr
Telugu:
  uṟu ‘to be fit, (K. also) happen, arise; proper, becoming’ adj   IDs=f_4av2ms6lwyqty SRC=dedr
  ūncu ‘to make, cause to occur’  K.  IDs=f_65acleguslgay SRC=dedr;K-Telugu
  uru ‘to be excellent, fit’    IDs=f_7isn6r6pljtow SRC=dedr
  ūnu ‘to happen, occur’  K.  IDs=f_ldvu3pr4pwzcw SRC=dedr;K-Telugu
  ūnucu ‘to make, cause to occur’  K.  IDs=f_t4sb7hycuaoik SRC=dedr;K-Telugu
Kui:
  ubga (&lt; ug-b-; ugd-) ‘to agree with, suit, fit, fulfil. DED(S) 608’    IDs=f_hkbi2vxi6hfw4 SRC=dedr
Koraga:
  ujji ‘to keep’ dialect:Koraga:mudu:Mudu M.  IDs=f_nronnukh2ccbo SRC=dedr

### d711 uṟu  HEAD dedr-reflex
ETYMOLOGY 
PDr:
  uṟu ‘’ not-reconstructed   IDs=d711 SRC=dedr[entry 711, DED(S) 609];dedr
PSTDr:
  *ur_- (*-d_-) ‘mass; numerous; abundance; abundant, much’    IDs=f_excxvimpwp3zc SRC=merriam2026dravidiandb[record 755, DEDR 711];starostin2006dravidian
Tamil:
  uṟuttu ‘to increase’ tr verb Tamil-class-3 weak (uṟutti-)  IDs=f_2i3kyvsmmsepc SRC=dedr
  uṟai ‘to increase, grow’ intr verb Tamil-class-6 strong (-pp-, -tt-)  IDs=f_glafbjnwrv2s6 SRC=dedr
  uṟu ‘to be numerous; much, abundant’ adj verb Tamil-class-4 weak (uṟuv-, uṟṟ-)  IDs=f_w3c3phnbjyzq4 SRC=dedr
Malayalam:
  uṟu ‘plenty, copious, much, abundant’    IDs=f_7wfwitc6udh7a SRC=dedr
Kannada:
  uṟube ‘id., excess’    IDs=f_alc3dkphoesyy SRC=dedr
  urvisu ‘to cause to increase’    IDs=f_gyorieent2kvs SRC=dedr
  urbinaṁ ‘largely, greatly’    IDs=f_iaysyvoxifwlu SRC=dedr
  uṟubu ‘id., largeness’    IDs=f_jd63h6xd62f6g SRC=dedr
  uṟe ‘abundantly, much, greatly; mass, abundance, largeness’    IDs=f_muiha2ygu6z2y SRC=dedr
  uṟuvu ‘id., largeness’    IDs=f_pagpg2t7pkih4 SRC=dedr
  uṟumike ‘abundance, excess’    IDs=f_q4ecqqlugzbvk SRC=dedr
  uṟaḷi ‘a mass, multitude’    IDs=f_qlekhgvp6lk3a SRC=dedr
  urvu ‘pride’    IDs=f_rtfm3o5amfqia SRC=dedr
  urvinaṁ ‘largely, greatly’    IDs=f_se2bexatqhxvm SRC=dedr
  urme ‘grandeur’    IDs=f_xgblxrvz2pj6m SRC=dedr
Tulu:
  urbu ‘increase as of any disease or trouble’    IDs=f_6ofatma6gj2b2 SRC=dedr
  urbi ‘increase as of any disease or trouble’    IDs=f_lx5mgtmzlirvk SRC=dedr
  urdi ‘increase, prosperity’    IDs=f_t63okscenftog SRC=dedr
  urubu ‘increase as of any disease or trouble’    IDs=f_zv6gy63jkzeyu SRC=dedr
Telugu:
  uṟavu ‘abundance; abundant, much’    IDs=f_ca534ltqmfwo6 SRC=dedr
  uravu ‘abundance; abundant, much’    IDs=f_cyoevd764dk2u SRC=dedr
  uruvu ‘magnitude, largeness, bigness, amount; sum; great, big’    IDs=f_dnn33giav3qzw SRC=dedr
  oṟṟu ‘large, big’    IDs=f_jdgr7qsuxpimu SRC=dedr
  odde ‘abundance, plenty’    IDs=f_kd4v7jyz4vxw6 SRC=dedr
  ommu ‘plumpness, largeness; plump, large. DED(S) 609’ adj   IDs=f_ochgvs5twkhwi SRC=dedr
pampa:
  uṟu ‘to increase’  PBh.  IDs=f_lgskuqtkrrfiy SRC=dedr;PBh-Kannada

### d712 uṟu  HEAD dedr-reflex
ETYMOLOGY 
SOURCE NOTE Cf. 727 Ta. uṉṉu , esp. Br. hunning (hur-, hutt-) (MBE 1962, p. 62; BDCG , § 3.16 and n. 11). DED(S) 610. SOURCE dedr[entry 712, DED(S) 610]
PDr:
  uṟu ‘’ not-reconstructed   IDs=d712 SRC=dedr[entry 712, DED(S) 610];dedr
PSTDr:
  *ur_u (ur_uv-, ur_r_-) ‘to pass in one's mind; think; to care for, heed’    IDs=f_vdlk4h37cxxd6 SRC=merriam2026dravidiandb[record 756, DEDR 712]
Tamil:
  uṟu ‘to pass in one's mind; think’ verb Tamil-class-4 weak (uṟuv-, uṟṟ-)  IDs=f_c5pmpohq7kiyq SRC=dedr
  uṟuttu ‘to impress strongly upon the mind’ verb Tamil-class-3 weak (uṟutti-)  IDs=f_xy2yodzligm5c SRC=dedr
Telugu:
  uṟu ‘to care for, heed (K. only in neg.:uṟakanot minding;uṟãḍuhe does not care)’    IDs=f_gah7ot7yis7jq SRC=dedr
pampa:
  uṟade ‘without minding, not caring’  PBh.  IDs=f_qdx5sxeuk2vu4 SRC=dedr;PBh-Kannada

### d713 uṟukku  HEAD dedr-reflex
ETYMOLOGY 
SOURCE NOTE Cf. 590 Ka. uḍute . DED(S) 611. SOURCE dedr[entry 713, DED(S) 611]
PDr:
  uṟukku ‘’ not-reconstructed   IDs=d713 SRC=dedr[entry 713, DED(S) 611];dedr
PSTDr:
  *ur_- ‘to jump; to retreat, retire, withdraw; to dance; to run away’    IDs=f_fwgct2jwkv7fw SRC=merriam2026dravidiandb[record 757, DEDR 713];starostin2006dravidian
Tamil:
  uṟuttai ‘squirrel’    IDs=f_7ev2xk2bsc66s SRC=dedr
  uṟukku ‘to jump, leap over’ verb Tamil-class-3 weak (uṟukki-)  IDs=f_tyynqsyhmvzje SRC=dedr
Telugu:
  uṟuta ‘squirrel’    IDs=f_az3wknfz7npy6 SRC=dedr
  uṟuku ‘to jump, run away’    IDs=f_ecemj6qng7zpi SRC=dedr
  uṟu ‘to retreat, retire, withdraw’    IDs=f_osyqtz3oqjv76 SRC=dedr
Konda:
  uRk ‘to run away’    IDs=f_fpi7s4pb3c4cg SRC=dedr
Kuwi:
  urk- (-it-) ‘to dance’  Isr.  IDs=f_ce7ahk2bexu6w SRC=dedr;Isr-Kuwi

### d718 *ur_um-  HEAD merriam-pdr
ETYMOLOGY 
SOURCE NOTE Cf. Apabhraṃśa ( Mahāpūrāṇa ) orāl- to roar. DED(S) 616. SOURCE dedr[entry 718, DED(S) 616]
PDr:
  *ur_um- ‘’    IDs=d718 SRC=dedr[entry 718, DED(S) 616];merriam2026dravidiandb[record 762, DEDR 718];starostin2006dravidian
  *ur_um- ‘to roar; to cry out from pain, scream; n. outcry, scream, snarl; to lament, wail, cry; to thunder, roar; n. roar, thunder; thunder; to groan, squeal; to roar, roar; to groan (as in illness, fever); to thunder, roar’    IDs=f_h3564hyo6v3ma SRC=merriam2026dravidiandb[record 762, DEDR 718];starostin2006dravidian
Tamil:
  uṟumi ‘kind of drum played chiefly by Toṭṭiya beggars’    IDs=f_322jhuz76e5os SRC=dedr
  urumu ‘to thunder, roar, grumble, growl’ verb Tamil-class-3 weak (urumi-)  IDs=f_bom6ieijwmrog SRC=dedr
  uṟukku ‘to meance, threaten, address with harshness, severity, or anger; threatening’ noun verb Tamil-class-3 weak (uṟukki-)  IDs=f_g2zwipegqhewm SRC=dedr
  uṟumu ‘to growl, grunt, (thunder) rumbles, murmur angrily’ verb Tamil-class-3 weak (uṟumi-)  IDs=f_j6on6oqvcw7sa SRC=dedr
  urum ‘thunder’    IDs=f_pzwsge4el2hbo SRC=dedr
  uṟumpu ‘to growl, grunt, (thunder) rumbles, murmur angrily’ verb Tamil-class-3 weak (uṟumpi-)  IDs=f_q2t3xpf43bjxu SRC=dedr
  uṟumai ‘kind of drum played chiefly by Toṭṭiya beggars’    IDs=f_r3n7jnguyujeo SRC=dedr
Malayalam:
  uṟumpuka ‘to roar, grumble’    IDs=f_lywjbdsqqr2h2 SRC=dedr
  uṟumpal ‘roar of tiger’    IDs=f_np5qefx4au6by SRC=dedr
Kannada:
  oṟalu ‘to cry out from pain, scream; outcry, scream, snarl’ noun   IDs=f_3kqigsy4lhdj4 SRC=dedr
  orlu ‘to cry out from pain, scream; outcry, scream, snarl’ noun   IDs=f_6jj3gkj6tkt2c SRC=dedr
  oṟal ‘to cry out from pain, scream; outcry, scream, snarl’ noun   IDs=f_hu3eg6orrs6uy SRC=dedr
  ṟoppu ‘to roar, grunt (like a hog)’    IDs=f_wac5ukszfpzqi SRC=dedr
  oṟaḷu ‘to cry out from pain, scream; outcry, scream, snarl’ noun   IDs=f_yxlff6y2iv54a SRC=dedr
Telugu:
  ṟōlu ‘to weep or cry aloud’  K.  IDs=f_3ffh7wgvhadic SRC=dedr;K-Telugu
  rollu ‘to prattle, (B) bewail’    IDs=f_fckpbufr66zpc SRC=dedr
  roppu ‘to roar, yell, drive’    IDs=f_g76hbf3iffdzo SRC=dedr
  rōlu ‘to weep or cry aloud’  B.  IDs=f_i46ewddu6kt6g SRC=dedr;B-Telugu
  oṟalu ‘to lament, wail, cry’    IDs=f_ipbf4hkx7c43c SRC=dedr
  ṟoppu ‘to roar, yell, drive’  K.  IDs=f_logfsgdkjo6uo SRC=dedr;K-Telugu
  uṟumu ‘to thunder, roar; roar, thunder’ noun   IDs=f_pq2gjbkidkrvu SRC=dedr
Gondi:
  uram ‘id’ dialect:Gondi:maria:Maria Hislop Ma.  IDs=f_3abscihmg4jzu SRC=dedr;Hislop-Drav
  urum ‘to lighten (<i>Voc.</i> 265)’ dialect:Gondi:seoni:Seoni S.  IDs=f_3lj2qhpsninee SRC=dedr
Konda:
  oṟli- (-t-) ‘to groan (as in illness, fever)’    IDs=f_dlegxtulym7te SRC=dedr
  uṟmi- (-t-) ‘to thunder, roar’    IDs=f_la3hrdm3xp2ny SRC=dedr
Kui:
  rūma (rūmi-) ‘to roar; roar’ noun   IDs=f_e7n6y4spwtqak SRC=dedr
  ṛunja (ṛunji-) ‘to thunder, reverberate; sound of thunder’ noun   IDs=f_jbkdeltdp4hz4 SRC=dedr
  rūmba (rūmbi-) ‘to roar; roar’ noun   IDs=f_jzwgoukdxkguy SRC=dedr
Kuwi:
  oṛhali ‘to groan’  F.  IDs=f_h2grq2t7azugg SRC=dedr;F-Kuwi
  ōrhinai ‘to squeal’  S.  IDs=f_lkmbpkwqz6ars SRC=dedr;S-Kuwi
Parji:
  urum puyil ‘thunderbolt (puyilploughshare)’    IDs=f_xirax2f5x2rvy SRC=dedr
Gadaba:
  urum ‘thunder’  S.2  IDs=f_gjh2nehc324d2 SRC=dedr
Brahui:
  hūrra ‘thunder (Bray compares Bal.hūraid.; Su. 1973)’    IDs=f_5fwbrhazq6zwc SRC=dedr

### d719 *ur_-  HEAD merriam-pdr
ETYMOLOGY 
PDr:
  *ur_- ‘’    IDs=d719 SRC=dedr[entry 719, DED(S, N) 617];merriam2026dravidiandb[record 763, DEDR 719];starostin2006dravidian
  *ur_- ‘violent, hasty, rapid; to throw, fling, toss, (K also) n. sound of wind produced by the fluttering of wings; to throw; to be flung at high speed (as a stone)’    IDs=f_hv2xt2j3j5fga SRC=merriam2026dravidiandb[record 763, DEDR 719];starostin2006dravidian
Kannada:
  uṟubu ‘violence (of wind), rapidity, fleetness, speed, force’    IDs=f_odk3trmp72djg SRC=dedr
Tulu:
  rummuni ‘to move hastily’ verb   IDs=f_g7wj3impi7yww SRC=dedr;burrow-emeneau1972den1[p. 401, entry 617]
  rumbu ‘galloping, running with speed’ noun   IDs=f_ioagsvuj43rcm SRC=dedr;burrow-emeneau1972den1[p. 401, entry 617]
Telugu:
  uravaḍincu ‘to hasten’    IDs=f_e7abshb3nhkpi SRC=dedr
  ruvvu ‘to throw, fling, toss; (K. also) sound of wind produced by the fluttering of wings’ noun   IDs=f_h3bx2a4tsypaq SRC=dedr
  ṟuvvu ‘to throw, fling, toss; (K. also) sound of wind produced by the fluttering of wings’ noun   IDs=f_k7gr7lb4dodvu SRC=dedr
  ṟuppu ‘to throw, fling, toss; (K. also) sound of wind produced by the fluttering of wings’ noun   IDs=f_sedlhsgn3kjj2 SRC=dedr
  uravaḍi ‘speed, force, violence’    IDs=f_ulsqwhjqi2svo SRC=dedr
  uraḍincu ‘to hasten’    IDs=f_ux2bkuaww4mxo SRC=dedr
  ṟūvu ‘to throw, fling, toss; (K. also) sound of wind produced by the fluttering of wings’ noun   IDs=f_yfgjji5rlntdc SRC=dedr
Konda:
  uṟmis- (-t-) ‘to fling, as a stone. DED(S, N) 617’    IDs=f_5pgrijdv4dtta SRC=dedr
  uṟmi- (-t-) ‘to be flung at high speed (as a stone)’    IDs=f_ug7dmcyrvbvs6 SRC=dedr
Kolami:
  ruv- (ruvt-) ‘to throw’    IDs=f_fsod34lsm772u SRC=dedr
  rusi- (rusit-) ‘id. (&lt;ruv-+si·-to give)’    IDs=f_qbhwmvvkrpcrg SRC=dedr

### d721 *or_- (*-d_-)  HEAD merriam-pdr
ETYMOLOGY 
SOURCE NOTE Cf. 763 Ta. ūṉṟu. DED 619. SOURCE dedr[entry 721, DED 619]
PDr:
  *or_- (*-d_-) ‘’    IDs=d721 SRC=dedr[entry 721, DED 619];merriam2026dravidiandb[record 765, DEDR 721];starostin2006dravidian
  *or_- (*-d_-) ‘firm, steady; steadiness, firmness; steady, firm; to support’    IDs=f_sdccbp7bunhiq SRC=merriam2026dravidiandb[record 765, DEDR 721];starostin2006dravidian
Tamil:
  uṟai ‘to become firm, steadfast, decided (as the mind)’ verb Tamil-class-6 strong (-pp-, -tt-)  IDs=f_s3pgmb5nsvyqo SRC=dedr
  uṟuti ‘firmness, strength, certainty, assurance’    IDs=f_sqqkteot2iq7k SRC=dedr
  uṟaippu ‘firmness, steadfastness’    IDs=f_w7k64vjw373ai SRC=dedr
Malayalam:
  uṟekka ‘to be firm, fixed, settled’    IDs=f_3re3on2q4u62m SRC=dedr
  uṟuka ‘to be firm’    IDs=f_5j3rhr7u3oq5e SRC=dedr
  uṟuti ‘firmness’    IDs=f_f3mqc257mbjly SRC=dedr
  uṟappu ‘firmness, stay, support, assurance’    IDs=f_m2553ezt4thhq SRC=dedr
  uṟayuka ‘to be firm in’    IDs=f_tkjfl7qealbyy SRC=dedr
  uṟappikka ‘to seize, hold firmly, make fast, resolve, assure, convince’    IDs=f_ttlimm5ab373k SRC=dedr
  uṟakkē ‘strongly, firmly, aloud’    IDs=f_vru5tuo3nsjiw SRC=dedr
Kota:
  urv- (urd-) ‘to sink into ground or hole of its own weight’    IDs=f_6wwtxeiprwqke SRC=dedr
Telugu:
  uṟidi ‘firm, strong; firmness, strength’    IDs=f_56xmjpxzdc3x6 SRC=dedr
  uṟiya ‘a brave man’    IDs=f_gnqqri3j5i2yg SRC=dedr
  oṟapu ‘steadiness, firmness; steady, firm’    IDs=f_xptnm7a7derlm SRC=dedr
Kurux:
  ordnā ‘to support’    IDs=f_6rukr2lyggfy6 SRC=dedr

### d722 uṟai  HEAD dedr-reflex
ETYMOLOGY 
PDr:
  uṟai ‘’ not-reconstructed   IDs=d722 SRC=dedr[entry 722, DED(S) 620];dedr
PSTDr:
  *ur_ai (-pp-, -tt-) ‘to be biting, pungent, sharp; n. pungency, corrosiveness; pungent, acrid; pungency, acridity’    IDs=f_wfcylrrgdokeu SRC=merriam2026dravidiandb[record 766, DEDR 722]
Tamil:
  uṟaippu ‘sharpness, pungency’    IDs=f_all6eb7tvl2rk SRC=dedr
  uṟai ‘to be biting, pungent, sharp; pungency, corrosiveness’ noun verb Tamil-class-6 strong (-pp-, -tt-)  IDs=f_q6dwwq7qy6lri SRC=dedr
Malayalam:
  uṟa ‘sharpness’    IDs=f_ghunsvpqnamec SRC=dedr
Telugu:
  vaṟṟa ‘pungent taste, pungency; pungent. DED(S) 620’    IDs=f_6sh54tewdcbei SRC=dedr
  oṟṟana ‘pungency, acridity’    IDs=f_cxmhttt35taka SRC=dedr
  oṟṟãdanamu ‘pungency, acridity’    IDs=f_qe3yqkjmmo4tm SRC=dedr
  oṟṟa ‘pungent, acrid; pungency, acridity’    IDs=f_znly5tz2maqrc SRC=dedr

### d723 *Ur_- (*-d_-)  HEAD merriam-pdr
ETYMOLOGY 
PDr:
  *Ur_- (*-d_-) ‘’    IDs=d723 SRC=dedr[entry 723, DED(S) 621];merriam2026dravidiandb[record 767, DEDR 723];starostin2006dravidian
  *Ur_- (*-d_-) ‘sheath; sheath, scabbard, case, cover, envelope, ring of baked clay used in the construction of a well, well-tube; quiver’    IDs=f_c2cjklxug43om SRC=merriam2026dravidiandb[record 767, DEDR 723];starostin2006dravidian
Tamil:
  uṟai ‘sheath, scabbard, cover (e.g. pillow-case), receptacle for grain (a kind of sack), burnt clay used for the construction of a well’    IDs=f_yrhn6vqxofatu SRC=dedr
Malayalam:
  uṟa ‘sheath, case of pillows, thimble’    IDs=f_nkykbadzf56yu SRC=dedr
Kota:
  or ‘sheath of sword, cover’    IDs=f_p27ooxav63xy4 SRC=dedr
Kannada:
  oṟe ‘sheath, scabbard’    IDs=f_ftpyix4vaxsay SRC=dedr
Kodagu:
  ore ‘sheath of knife’    IDs=f_yexjn7gy5so42 SRC=dedr
Tulu:
  ore ‘scabbard, sheath’    IDs=f_456vthhsrnnyc SRC=dedr
  ude ‘sheath’    IDs=f_xkfjhynjpj3zk SRC=dedr
Telugu:
  oṟṟa ‘sheath, scabbard, case, cover, envelope, ring of baked clay used in the construction of a well, well-tube’  K.  IDs=f_e75tavhhlk77e SRC=dedr;K-Telugu
  oṟa ‘sheath, scabbard, case, cover, envelope, ring of baked clay used in the construction of a well, well-tube’    IDs=f_i2dwveankx4ls SRC=dedr
Parji:
  ora ‘quiver, scabbard (&lt; Te.)’  S  IDs=f_g7n7w74j7hwlq SRC=dedr
Gadaba:
  ora ‘sheath, quiver (&lt; Te.). DED(S) 621’ dialect:Gadaba:pottangi:Pottangi P.  IDs=f_lssg44z4ykerq SRC=dedr
