
### d1574 *kil- sound, noise HEAD krishnamurti-pfeiffer
ETYMOLOGY 
PDr:
  *kil- ‘sound, noise’    IDs=d1574 SRC=dedr[entry 1574, DED(S) 1311];merriam2026dravidiandb[record 6151, DEDR 1574];krishnamurti
  *kil- ‘‘sound, noise’ PSD’    IDs=f_kh7fukjybln4u SRC=merriam2026dravidiandb[record 6151, DEDR 1574];krishnamurti
  *kil- ‘‘to be able’ SD I’    IDs=f_ktf7uktc5bzeu SRC=merriam2026dravidiandb[record 6152, DEDR 1574];krishnamurti
  *kil ‘sound, noise’  PSD  IDs=f_l2ipfhy2kduhk SRC=krishnamurti
PSTDr:
  *kil- ‘to sound; to shout’    IDs=f_qz7pwkfvt4wyi SRC=merriam2026dravidiandb[record 1694, DEDR 1574];starostin2006dravidian
  *kil- ‘sound, noise’    IDs=f_xkvqk6hdkgurg SRC=merriam2026dravidiandb[record 5855, DEDR 1574];krishnamurti
Tamil:
  cilumpu ‘to sound’ verb Tamil-class-3 weak (cilumpi-)  IDs=f_3q7dmvkrypc7c SRC=dedr
  cill-eṉal ‘onom. expr. of shrill sound’    IDs=f_boqjtyqwaosvc SRC=dedr
  celaŋke ‘a tiny bell’ dialect:Tamil:tinn:Tirunelveli Tinn.  IDs=f_o3kqt7h6tmfyk SRC=dedr;Tinn-Tam
  cilucilu ‘to sound (as in frying), talk without restraint, make a hissing noise’ verb Tamil-class-6 strong (-pp-, -tt-)  IDs=f_pkk3xrlrpfdxy SRC=dedr
  cilampal ‘sound of a lute; a chatterer’    IDs=f_ptxhpuz5ywgs6 SRC=dedr
  cilampu ‘to sound, make a tinkling noise, echo; sound, noise, resonance; tinkling anklets’ noun verb Tamil-class-3 weak (cilampi-)  IDs=f_sxk4zrtqmqsmc SRC=dedr
  cilai ‘to sound, resound, roar, twang; rage, be angry; sound, roar, bellow, twang’ noun verb Tamil-class-6 strong (-pp-, -tt-)  IDs=f_uir2eh7ogljgs SRC=dedr
  cil ‘sound, noise’    IDs=f_y6sxanhvdua6w SRC=dedr
Malayalam:
  cilekka ‘to rattle, tinkle, chatter, chirp, bark’    IDs=f_3mfbs4kqtzwf4 SRC=dedr
  cilampu ‘foot-trinket filled with pebbles for tinkling, worn by dancers’    IDs=f_d2w3o4an3mjlc SRC=dedr
  cileppu ‘ringing sound’    IDs=f_fxl6sfpejgais SRC=dedr
  kāl-cilaŋku ‘anklet’    IDs=f_g4u34d2a4ocr4 SRC=dedr
  cila ‘ringing sound’    IDs=f_j7y5do5dvmpe2 SRC=dedr
  cilampuka ‘to tinkle, be out of tune’    IDs=f_rqtqu4uoebxkm SRC=dedr
  cilappu ‘ringing sound’    IDs=f_xjl4joavyu3om SRC=dedr
Kota:
  iḍ- (iṭ-) ‘(bullock) makes noise when it sees another bullock and prepares to fight’    IDs=f_5rl425nfjcaw6 SRC=dedr
  jelk ‘anklet with bells (or with 2572)’    IDs=f_mil5mgzu6l5xe SRC=dedr
  kilc- (kilc-) ‘to utter shrill cry of joy; ? gel’    IDs=f_upwrdmg6rzjtu SRC=dedr
Toda:
  kīl ik- ‘(elephant) to trumpet (the verb is said to be from Badaga); to trumpet like an elephant’ verb intr   IDs=f_3fpm2ukyouop4 SRC=bhaskararao-toda2025[p. 57, entry 10];bhaskararao-toda-notes[p. 44]
  kilk- ‘to neigh’ verb intr   IDs=f_ap2xzlsewfzcy SRC=bhaskararao-toda2025[p. 55, entry 6];emeneau-toda1984[p. 120]
  ki·l ik- (iky-) ‘(elephant) to trumpet (the verb is said to be &lt; Badaga)’    IDs=f_g4ly3yioajibs SRC=dedr
  ɨr-fø̄r xis̱- ‘to call out buffalo names to amuse oneself’ verb intr   IDs=f_ivudcclinrrkk SRC=bhaskararao-toda2025[p. 31, entry 16]
  ɨr fø·r xis̱ ‘to call out buffalo names to amuse oneself’    IDs=f_kosbida4upm3c SRC=dedr
  kis̱θ- ‘to crow (as a cock)’ verb intr tr variant   IDs=f_kpsdnxtnjgftg SRC=bhaskararao-toda2025[p. 56, entry 10];emeneau-toda1984[p. 122];bhaskararao-toda-notes[p. 66]
  kis̱- (kis̱Q-) ‘to crow’    IDs=f_oedxod327tnwe SRC=dedr
  kis̱- ‘to crow (as a cock)’ verb intr tr   IDs=f_qymulr5uauhee SRC=bhaskararao-toda2025[p. 56, entry 10];emeneau-toda1984[p. 122];bhaskararao-toda-notes[p. 66]
  kilk- (kilky-) ‘to neigh’    IDs=f_seekz2j2bznu4 SRC=dedr
  kilky- ‘to neigh’ verb intr variant   IDs=f_tzw24nzsfsnsq SRC=bhaskararao-toda2025[p. 55, entry 6];emeneau-toda1984[p. 120]
  iky- ‘(elephant) to trumpet (the verb is said to be from Badaga); to trumpet like an elephant’ verb intr variant   IDs=f_yskekf5cb4teu SRC=bhaskararao-toda2025[p. 57, entry 10];bhaskararao-toda-notes[p. 44]
Kannada:
  sele ‘sound, noise, echo’    IDs=f_j7xdee4rxxz3w SRC=dedr
  keleta ‘abusive vociferation’    IDs=f_jg6aeplqlxlhu SRC=dedr
  cili ‘an imit. sound’    IDs=f_vkcpnvulhe5fq SRC=dedr
  kele ‘to cry or shout with energy or for joy, vociferate (abusively)’    IDs=f_zsvrwexyosnew SRC=dedr
Tulu:
  kelepuni ‘to crow’    IDs=f_fgfmnaqwr6x5e SRC=dedr
  kilepuni ‘to crow’    IDs=f_p3rqjdtv2bpnu SRC=dedr
  kilevuni ‘to whistle, resound’    IDs=f_xtkkua2whuqcs SRC=dedr
  kilēvuni ‘to whistle, resound’    IDs=f_ztv2evgzbu7li SRC=dedr
Telugu:
  kilārucu ‘to make a noise, shout’    IDs=f_5kk5uxdsc4owo SRC=dedr
  kelayu ‘to rage’  K.  IDs=f_6ddaebvruwkxg SRC=dedr;K-Telugu
  kilārincu ‘to make a noise, shout’    IDs=f_ltmm5hiotyowu SRC=dedr
  celãgu ‘to sound’    IDs=f_rwdas7v5z363q SRC=dedr
Gondi:
  kilih ‘to scream, (child) to cry’ caus   IDs=f_2dkbaqwj3o22c SRC=dedr
  kil ‘to scream, (child) to cry’ dialect:Gondi:maria:Maria Ma.  IDs=f_2zlvkzz67gcik SRC=dedr
  kilītānā ‘(Tr.) to weep loudly, (Ph.) to cry out, scream’    IDs=f_7iwshvnk5hhig SRC=dedr
  kilānā ‘to weep (<i>Voc.</i> 695)’ dialect:Gondi:maria:Maria M.  IDs=f_asazoppe473kq SRC=dedr;M-Gondi
  kill ‘to weep, (owl) to hoot, (animals) to cry’ dialect:Gondi:muria:Muria Mu.  IDs=f_gwelz6xahq24e SRC=dedr
  killītānā ‘to chirp, cry out’ dialect:Gondi:mandla:Mandla W   IDs=f_jkfikxtreyqeo SRC=dedr;W-Gondi
  kili ‘to scream, (child) to cry’ dialect:Gondi:maria:Maria Ma.  IDs=f_khf5olg6r723s SRC=dedr
  kīlitānā ‘to roar (as a tiger)’  ChD.  IDs=f_o354guxro6nam SRC=dedr
  kil ‘to weep, (owl) to hoot, (animals) to cry’ dialect:Gondi:muria:Muria Mu.  IDs=f_qu44ruspt4umq SRC=dedr
  kilh ‘to scream, (child) to cry’ caus   IDs=f_tqxm63psrs3ks SRC=dedr
  kiliyānā ‘to shout’ dialect:Gondi:adil:Adilabad SR.  IDs=f_u47quzr7rsdns SRC=dedr;SR-Gondi
Kui:
  klīri klīri ṛīva ‘to shriek with fear’    IDs=f_d5xqo4v3h6xyy SRC=dedr
  klīri inba ‘to shriek’    IDs=f_gkov7euge77q2 SRC=dedr
  klīsi klīsi ṛīva ‘to shout with vehemence’    IDs=f_ksbphdv6tqtom SRC=dedr
  klāpa (klāt-) ‘to crow, coo, lament; <i> ṉ’    IDs=f_pq62i4x4kuel6 SRC=dedr
Kuwi:
  kileḍi kīnai ‘to shout’  S.  IDs=f_mmxrjh7unhig4 SRC=dedr;S-Kuwi
  klīrinai ‘to yell. DED(S) 1311’    IDs=f_pakuj32usm7b6 SRC=dedr
  klīri innai ‘to yell. DED(S) 1311’    IDs=f_q4gieywq7rr3i SRC=dedr
  kileri-kīali ‘to shout, yell’  F.  IDs=f_vowuo6gnx6bym SRC=dedr;F-Kuwi
Badaga:
  kele ‘to shout (kelep-, kelet-)’ verb intr uncertain   IDs=f_kv3ywhtsgnoly SRC=hockings-pilotraichoor1992[p. 203, col. 1]
Koraga:
  kelappu ‘to cry’ dialect:Koraga:onti:Onti O.  IDs=f_2hvfqghu2ac76 SRC=dedr

### d1619 *kīẓ ; below; (SD I) low area, east HEAD krishnamurti-pfeiffer
ETYMOLOGY 
PDr:
  *kīẓ ‘; below; (SD I) low area, east’    IDs=d1619 SRC=dedr[entry 1619, DED(S) 1348];krishnamurti
  *kīẓ/*kiẓ-V-kk ‘‘below’; ‘low; area, east’ SD I’    IDs=f_amhhpersxolya SRC=merriam2026dravidiandb[record 6634, DEDR 1619];krishnamurti
  *kīẓ- ‘below; down; lower, below; below; beneath, under (postposition, adv.); below, down’    IDs=f_cgts4wd3ano6u SRC=merriam2026dravidiandb[record 1748, DEDR 1619];starostin2006dravidian
  *kiẓ-V-kk ‘below; (SD I) low area, east’    IDs=f_eyjbe3sstfxww SRC=krishnamurti
  **kiẓV ‘’    IDs=f_lcqtkmwukcih2 SRC=pfeiffer2018
  *kīẓ/*kiẓ-V-kk ‘'below'; 'low; area, east' SD I’    IDs=f_py2g7xofrasui SRC=merriam2026dravidiandb[record 6552, DEDR 1619];krishnamurti
Tamil:
  kīṇar ‘mean, low, vulgar people’    IDs=f_3nzmnzxx7sjse SRC=dedr
  kiṛ̆akku ‘east, bottom, low place, lowness’    IDs=f_7osaeico5ergq SRC=dedr
  kīṛ̆vu ‘place below’    IDs=f_eglc53tobpens SRC=dedr
  kīṛ̆mai ‘abasement, humility’    IDs=f_g2bypd7jow5qq SRC=dedr
  kīṛ̆ōr ‘persons inferior in status’    IDs=f_lrztn3dimcm4i SRC=dedr
  kīṛ̆ ‘place or space below, underneath, bottom, east, former time, inferiority; down’ adv   IDs=f_n2oyzofi3335k SRC=dedr
  kīṛ̆atu ‘that which is under or below’    IDs=f_uwvzuiceopbau SRC=dedr
  kīṛ̆-āṇṭai-ccikai ‘arrears of former years (cf. 5153)’    IDs=f_zjxur3iehjata SRC=dedr
Malayalam:
  kiṛ̆akkan ‘man from the east’    IDs=f_67cddtds4epl2 SRC=dedr
  kīṛ̆ma ‘inferiority’    IDs=f_7vum63i7gq5ug SRC=dedr
  kīṛ̆-āṇṭu ‘last year (cf. 5153)’    IDs=f_lswiqrpxvuqwy SRC=dedr
  kiṛ̆akku ‘the lowland of the Tamil country, east’    IDs=f_n2dl4krallwbg SRC=dedr
  kīṛ̆ ‘place below; under, down; what is former’    IDs=f_odlmgx6y6wynw SRC=dedr
  kiṛ̆ikka ‘to make to descend, humble’    IDs=f_uaowudeuh4m72 SRC=dedr
  kiṛ̆u ‘place below; under, down; what is former’    IDs=f_ujkeifkf2v7b6 SRC=dedr
  kiṛ̆iyuka ‘to descend, be low, degraded’    IDs=f_xzjy7mbtcmk26 SRC=dedr
Kota:
  ki· ‘lower, east’    IDs=f_mijgsawa3d4ge SRC=dedr
  ki·ṛm ‘(<i>obl.</i> ki·ṛt-) monsoon clouds which lie on the hills as mist’    IDs=f_xgrz5m46nfp7y SRC=dedr
Toda:
  kī-koy ‘the underneath place’ noun   IDs=f_6mfljnk32mkee SRC=bhaskararao-toda2025[p. 57, entry 5]
  kī ‘lower, below; kiː tal ‘lower border of waistcloth; lower side, foot side, foot’, kiː paːw ‘downstream’, kiː-poṇt ‘tabooed (i.e. low) speech’, kiː maːṟ ‘lower side’, kiː moḏ ‘lower mund’, kiː tïṇ ‘‘lower’ sleeping-place in house (to right of door), lower tïṇ’, kiː maṟkoɫ ‘̣ ‘lower’ side of house (on which is kiː tïṇ)’, kiː kwïteṟ ‘‘lower’ floor space of house, between grain-pounding pit and front wall’’ adj adv   IDs=f_krkknj63r3jto SRC=bhaskararao-toda2025[p. 56, entry 24];emeneau-toda1984[p. 18, 113];bhaskararao-toda-notes[p. 44]
  ki·koy ‘the underneath place’    IDs=f_ot4dzvkxfc6j6 SRC=dedr
  ki· ‘lower’    IDs=f_pomtwiytvzq64 SRC=dedr
  ko·ḍ ‘last year (cf. 5153)’    IDs=f_q5gn5ozuvwnq4 SRC=dedr
  kōḍ ‘last year (obl. koːḍt)’ adv   IDs=f_ra4glxsm5nezk SRC=bhaskararao-toda2025[p. 70, entry 5];bhaskararao-toda-notes[p. 55, 67]
Kannada:
  kirgu ‘to be low, be dwarfish’    IDs=f_47ujlfycliwoo SRC=dedr
  kiṛ̆gu ‘to be low, be dwarfish’    IDs=f_daskkhb2u4cok SRC=dedr
  kīṛ̆atana ‘lowness, inferiority’    IDs=f_eh4t76dmscefe SRC=dedr
  kīṛ̆ ‘state of being low, below, under, down, base, meanness; a low, inferior, base, or mean man’    IDs=f_f6h2sawpms22u SRC=dedr
  keḷagu ‘state of being under, etc.; lower side, bottom; under, down; state of being previous; (PBh.) ker̤age below, under’    IDs=f_nseahfo7vaafi SRC=dedr
  kiṛ̆ ‘state of being low, below, under, down, base, meanness; a low, inferior, base, or mean man’    IDs=f_rpjtqujksi2pi SRC=dedr
  kīṛ̆a ‘state of being low, below, under, down, base, meanness; a low, inferior, base, or mean man’    IDs=f_w5g56i23qef4i SRC=dedr
Kodagu:
  kɨ· ‘lower, below’    IDs=f_a3mexmvtbdwm2 SRC=dedr
  kɨ·ḷa·ṇḍɨ ‘last year’    IDs=f_blb24idugymb6 SRC=dedr
  kɨppuṇi ‘lower level in a field (cf. 5086meppuṇiand 4269 Ka.huṇi); kïkkïrëjunior member of a house’    IDs=f_c7bjjl5nizxoe SRC=dedr
  kə·kɨ ‘the east’    IDs=f_cg6nv5pxu7lmo SRC=dedr
  kɨ·ḷɨ ‘id’    IDs=f_hazsnckzslyd2 SRC=dedr
  kə·kiə ‘eastern’    IDs=f_l2kc66tri5v2e SRC=dedr
  kɨ·da ‘place below, down’    IDs=f_pmeedksomukbs SRC=dedr
Tulu:
  kīṭage ‘a base or rude fellow’    IDs=f_5piv36tq7p6cq SRC=dedr
  kīlmēlɯ ‘inferior and superior; upside-down’    IDs=f_auuuakgkhfoc6 SRC=dedr
  kīṭake ‘a base or rude fellow’    IDs=f_h6v5q6vq4yb7o SRC=dedr
  kīḍɯ ‘inferior’    IDs=f_jccmp6gfppnma SRC=dedr
  kīḷɯ ‘base, low, mean’    IDs=f_p4uy5q5cf46h6 SRC=dedr
Telugu:
  krindiki ‘downward’    IDs=f_ku6vnisxkyv46 SRC=dedr
  kinda ‘below, down’    IDs=f_oses7f2zth6mw SRC=dedr
  kincu ‘mean, low, base’    IDs=f_otngr35lvxsa2 SRC=dedr
  kīḍupaḍu ‘to be vanquished’    IDs=f_qkgdzhc7kr2vu SRC=dedr
  krī ‘lower, below’    IDs=f_tecvkq5oqzl5o SRC=dedr
  krincu ‘mean, low, base’    IDs=f_un6oy37s3wdky SRC=dedr
  krinda ‘below, down’    IDs=f_vgz6cxcqnfieo SRC=dedr
  kindu ‘the part or region below, past time’    IDs=f_z7ucfq5ej57tw SRC=dedr
  krindu ‘the part or region below, past time’    IDs=f_zzgh3zwhibmt6 SRC=dedr
Parji:
  kiṛi ‘below’    IDs=f_zzh5hrvg5pzu4 SRC=dedr
Kurux:
  kiyyā ‘beneath, under’ adv   IDs=f_56jkbyidefu74 SRC=dedr
  kītantā ‘low-born’    IDs=f_jrxyx7wq4bcqq SRC=dedr
  kiyyantā ‘lower, lowermost, humble in rank’    IDs=f_le2uhpwur4qw4 SRC=dedr
  kītā ‘lower, lowermost, humble in rank’    IDs=f_oeqvyo2yinsvu SRC=dedr
Brahui:
  ki ‘below, down’    IDs=f_ctsi4szpif7fm SRC=dedr
  kē ‘below, down’    IDs=f_p6i4itzw32ax6 SRC=dedr
  kī ‘below, down’    IDs=f_vnbs3344a2yfe SRC=dedr
  kēraɣẖ ‘lower side, bottom, low, under, below. DED(S) 1348’    IDs=f_zoauseoosp5ba SRC=dedr
Badaga:
  kīy- ‘lower, down, underneath, below’ adj adv archaic uncertain alternate   IDs=f_2himsneyuib5q,f_i5x4q6ryaxw6g SRC=hockings-pilotraichoor1992[p. 174, col. 1];hockings-pilotraichoor1992[p. 170, col. 1]
  kie hagaledene ‘half of the shelf (jagali/hagale/ halage) nearer to the door of the house’ noun uncertain alternate   IDs=f_3jhzljpcbrwaa SRC=hockings-pilotraichoor1992[p. 170, col. 1]
  Kīe Kāvaṭti ‘same as the preceding dictionary entry’ alternate uncertain   IDs=f_6xdvgcngavzve SRC=hockings-pilotraichoor1992[p. 174, col. 2]
  Kīy Odeyaraṭṭti ‘K ilodaiyaratti, Kil Oder-hatti, name of two hamlets: 1. is 6 km. WNW of Coonoor, belonging to Ke:ti commune ; 2. is a part of Odeyaratti, q.v. 7 km. of Ootacamund, belonging to Kadana:du commune (e kie +(y)odeya+hatti, ‘lowertWodeya+ hamlet)’ noun proper-noun uncertain   IDs=f_7ewpzx43oe5zs SRC=hockings-pilotraichoor1992[p. 176, col. 1]
  Kīekunda ‘K ilkunda, KĶil-kundah, Keelcoonda, Keel Koonda, name of a hamlet 17.5 km. SSW of Ootacamund, head village of Ki:ekunda commune’ noun proper-noun uncertain   IDs=f_7gskb3haemoky SRC=hockings-pilotraichoor1992[p. 174, col. 2]
  kīe madilu ‘small shelf on the side of the central archway which is nearer the main door of a house’ noun uncertain alternate   IDs=f_7jkh7h43nq5rc SRC=hockings-pilotraichoor1992[p. 170, col. 1]
  kīyūr ‘1. lower village, lower part of a village, e.g., in Honnatale; 2. Kilur, Keeler, Keelur, Keeloor, name of a hamlet 13.5 km. S of Ootacamund, belonging to Me:lu:r commune’ noun uncertain   IDs=f_a2ojwbdol26re SRC=hockings-pilotraichoor1992[p. 176, col. 1]
  kiru dīvige ‘Dravidian solilunar month, Libra, September 15 - October 15’ noun uncertain   IDs=f_ah4pimfgt7rh6 SRC=hockings-pilotraichoor1992[p. 172, col. 2]
  kīe hagaleḍdene ‘half of the shelf (jagali/hagale/ halage) nearer to the door of the house’ noun uncertain alternate   IDs=f_bawairscfqkto SRC=hockings-pilotraichoor1992[p. 170, col. 1]
  kīe madilu ‘small shelf on the side of the central archway which is nearer the main door of a house or 1619, 4689’ noun uncertain alternate   IDs=f_bhm6ebw4ekday SRC=hockings-pilotraichoor1992[p. 175, col. 1]
  kie madilu ‘small shelf on the side of the central archway which is nearer the main door of a house’ noun uncertain alternate   IDs=f_docgre7ewsgbs SRC=hockings-pilotraichoor1992[p. 170, col. 1]
  kīe ‘lower, down, underneath, below’ adj adv archaic uncertain alternate   IDs=f_ftiwaqclq2bz6,f_jji4bazfgo7d4 SRC=hockings-pilotraichoor1992[p. 170, col. 1];hockings-pilotraichoor1992[p. 174, col. 1]
 ... 17 additional unique records
markodi:
  kī ‘Below’ dialect:markodi:markodi_vannarkadav:Vannarkadav   IDs=f_mcytm5vh42kee SRC=canvin2025

### d1787 *kur-uṭu blindness HEAD krishnamurti-pfeiffer
ETYMOLOGY 
PDr:
  *kur-uṭu ‘blindness’    IDs=d1787,f_avb4ijzsj345a SRC=dedr[entry 1787, DED(S) 1487];krishnamurti;merriam2026dravidiandb[record 6170, DEDR 1787];krishnamurti
  *kùruḍ- ‘blind; blindness, blind man, blind; a blind person’    IDs=f_7ymdmr7rhtn2q SRC=merriam2026dravidiandb[record 1941, DEDR 1787];starostin2006dravidian
Tamil:
  kuruṭaṉ ‘blind man’    IDs=f_eitb3uqmayol6 SRC=dedr
  kuruṭi ‘blind man’ f   IDs=f_f5cetxuhzsnns SRC=dedr
  kuruṭu ‘blindness, dimness in gems, wrong side of a cloth’ verb (in cpds. kuruṭṭu-)  IDs=f_zveda2vj34k6m SRC=dedr
Malayalam:
  kuruṭi ‘blind man’ f   IDs=f_jsvvyidoh7kay SRC=dedr
  kuruṭu ‘blindness’    IDs=f_p5x4kpdgckv2k SRC=dedr
  kuruṭan ‘blind man’    IDs=f_xbu4nnfghsfuu SRC=dedr
Kota:
  kurḍ ‘blindness’    IDs=f_5rkk76q54zqta SRC=dedr
  kurḍṇ ‘blind man’    IDs=f_gjycnxbxuldb4 SRC=dedr
  ku·ṛṇ ‘blind man’    IDs=f_hfrm7q2envdvs SRC=dedr
  kurḍy ‘blind man’ f   IDs=f_mb5wti73fhjpu SRC=dedr
  ku·ṛ ‘blindness’    IDs=f_rc6bxpxfg3jxc SRC=dedr
Kannada:
  kuḍḍa ‘blind man’    IDs=f_5olwozlccajko SRC=dedr
  kuraḍa ‘blind man’    IDs=f_7q5m5k57ljlcw SRC=dedr
  kuruḍu ‘blindness’    IDs=f_iletf3a5aetmy SRC=dedr
  kuraḍi ‘blind man’ f   IDs=f_m2ahb7ich6qhm SRC=dedr
  kuruḷu ‘blindness’    IDs=f_negiiafujq4aq SRC=dedr
  kuḍḍu ‘blindness’    IDs=f_oimrvhypwt3p2 SRC=dedr
  kuruḍi ‘blind man’ f   IDs=f_oqoj7bajzq4lu SRC=dedr
  kuraḍu ‘blindness’    IDs=f_uyfcvkj7shajy SRC=dedr
  kuruḍa ‘blind man’    IDs=f_yyy5ttg2nfdze SRC=dedr
Kodagu:
  kurɨḍ ‘blind’  Shanmugam  IDs=f_3szzklzslrugw SRC=dedr;Shanmugam-Kodagu
  kurɨḍi ‘a blind man’ f   IDs=f_gd2gcih7rhjlc SRC=dedr
  kurɨḍə ‘a blind man’    IDs=f_seceyqxgf4xha SRC=dedr
Tulu:
  kurḍe ‘blind man’    IDs=f_bp32jpua4xagc SRC=dedr
  kuruḍa ‘blind’    IDs=f_hxhhmouv3rzv2 SRC=dedr
  kurute ‘blind man’    IDs=f_nospq7pzeqdii SRC=dedr
  kurḍu ‘blind’    IDs=f_oeqmqfx6kxy7u SRC=dedr
  kuruḍe ‘blind man’    IDs=f_ub5jpgnvbp3js SRC=dedr
  kuruḍu ‘blind’    IDs=f_yvq3igjjzrb4y SRC=dedr
Telugu:
  guḍḍi ‘blindness, blind man, blind’    IDs=f_d5e6rlvcbj4uw SRC=dedr
  gruḍḍi ‘blindness, blind man, blind’    IDs=f_ndolyy4ysamdc SRC=dedr
  gruḍḍu ‘blindness’    IDs=f_pmbylqwhanjmy SRC=dedr
  guḍḍitanamu ‘blindness’    IDs=f_ynjwjivh7t7rw SRC=dedr
Gondi:
  guḍḍi ‘blind (<i>Voc.</i> 1115)’ dialect:Gondi:yavatmal:Yavatmal SR. Y. S.  IDs=f_2ksni2yb5hjhk SRC=dedr;SR-Gondi
  guḍḍi ‘blind (<i>Voc.</i> 1115)’ dialect:Gondi:adil:Adilabad SR. Y. S.  IDs=f_ah7ruzgx7s544 SRC=dedr;SR-Gondi
  guḍḍi ‘blind (<i>Voc.</i> 1115)’ dialect:Gondi:seoni:Seoni SR. Y. S.  IDs=f_wjgc7akslvt5y SRC=dedr;SR-Gondi
Kolami:
  guḍḍi ‘id’    IDs=f_edrdzxmhj4uys SRC=dedr
Naikri:
  guḍḍi ‘blind’    IDs=f_g5mrspyhaog4m SRC=dedr
Malto:
  qoṭre ‘to become blind. DED(S) 1487’    IDs=f_y6nshwfcr7fyq SRC=dedr
  qoṭri ‘a blind person’    IDs=f_yq3xthick3ypa SRC=dedr
Badaga:
  kuruḍdu ‘blind, sightless; 1. blindness, sightlessness; 2. blind passage (Hockings 1980b: 118)’ adj noun uncertain alternate   IDs=f_6tct2qdcjdit4 SRC=hockings-pilotraichoor1992[p. 189, col. 1]
  Kuruda Hettappa ‘Blind Old Man (lit.), name of the progenitor of Ta:ndana:du hamlet’ noun proper-noun uncertain   IDs=f_h77araok2yrvy SRC=hockings-pilotraichoor1992[p. 190, col. 1]
  kuruda ‘blind man, dim person, dim-witted person’ noun uncertain alternate   IDs=f_ip6xo6ycmywem SRC=hockings-pilotraichoor1992[p. 189, col. 1]
  kuradu ‘blind, sightless; 1. blindness, sightlessness; 2. blind passage (Hockings 1980b: 118)’ adj noun uncertain alternate   IDs=f_jqblhcqaafc6m SRC=hockings-pilotraichoor1992[p. 189, col. 1]
  kurudi ‘blind woman, blind girl, empty-headed woman’ noun uncertain   IDs=f_t4pudff6vt3y6 SRC=hockings-pilotraichoor1992[p. 190, col. 2]
  kurada ‘blind man, dim person, dim-witted person’ noun uncertain alternate   IDs=f_xclpr4tqw3m3s SRC=hockings-pilotraichoor1992[p. 189, col. 1]

### d1818 *kuẓ-V pit, hollow HEAD krishnamurti-pfeiffer
ETYMOLOGY 
SOURCE NOTE Cf. 1660 Ta. kuṭai, 1669 Ta. kuṭṭam, and 2059 Ta. koṭṭam. DED(S, N) 1511. SOURCE dedr[entry 1818, DED(S, N) 1511]
PDr:
  *kuẓ-V ‘pit, hollow’    IDs=d1818,f_wejgdt52ly5jw SRC=dedr[entry 1818, DED(S, N) 1511];krishnamurti;merriam2026dravidiandb[record 6174, DEDR 1818];krishnamurti
  *kūẓ ‘porridge’    IDs=f_cu4amtk2eqzri SRC=merriam2026dravidiandb[record 6182, DEDR 1818];krishnamurti
  *koẓ- ‘tube; to curl; tube, hole; pit; pit, hole, ditch; pit, hole; pit, hole in river; to be hollowed out, (floor) to form pits; grainpit’    IDs=f_gadjjahsoh3xq SRC=merriam2026dravidiandb[record 1972, DEDR 1818];starostin2006dravidian
Tamil:
  kuṛ̆al ‘any tube-shaped thing, flute, pipe, tubularity, curling hair, woman's hair dressed by coiling and tying up behind in a roll; (kur̤alv-, kur̤aṉṟ-) to curl’ intr   IDs=f_2zjrzynyfdoim SRC=dedr
  kuṛ̆āy ‘tube, pipe’    IDs=f_6ta6vuhdk3vwk SRC=dedr
  kuṛ̆ai ‘tube, pipe’    IDs=f_ankevzda7rqqo SRC=dedr
  kuṛ̆ici ‘pot, hub of a wheel’    IDs=f_ay6zuxxca4dl4 SRC=dedr
  kuṛ̆ippu ‘forming pits, a hollow, depression’    IDs=f_d4shsmmtcxe7e SRC=dedr
  kuṛ̆aṟci ‘curling (as of a woman's hair)’    IDs=f_fa6c2s5ssvxns SRC=dedr
  kuṛ̆ivu ‘hollowness’    IDs=f_p6jeiaro56xqm SRC=dedr
  kuṛ̆i ‘pit, hole, hollow, cavity, depression, excavation, pond, well; (-v-, -nt-) to be hollowed out (as a hole, pit, cavity), sink hollow; (-pp-, -tt-) to form pits, hollows, cavities, sink, excavate, inscribe, engrave’    IDs=f_ub5ud64mvvfvk SRC=dedr
  kuṛ̆iŋkai ‘palm of the hand’    IDs=f_wx7f5ejtpciuo SRC=dedr
  kuṛ̆umpu ‘pit’    IDs=f_x7ksm2ahd3o7u SRC=dedr
Malayalam:
  kuṛ̆ikka ‘to dig a hole, dig out’    IDs=f_ahhxxsveaokra SRC=dedr
  kuṛ̆iyuka ‘to become hollow, deepened’    IDs=f_h3pqeo7d3qqga SRC=dedr
  kuṛ̆a ‘what is hollow, eye of a needle, aperture in the head of an axe or hoe, bone in forearm or foreleg’    IDs=f_hb4sfrdcay3pi SRC=dedr
  kuṛ̆i ‘hollow, hole, excavation, pit, grave’    IDs=f_obzhohjypb2fs SRC=dedr
  kuṛ̆al ‘tube, flute, women's hair tied in a knot’    IDs=f_vhac3vli72x22 SRC=dedr
  kuṛ̆ali ‘woman with fine hair’    IDs=f_ynnxzg33klovk SRC=dedr
Kota:
  kupn ‘man with dimples’    IDs=f_47vunrl32leje SRC=dedr
  goṛl ‘“hollow between two sloping hills” (confirmed)’    IDs=f_5t6zgpux3di5i SRC=wolf-kota[p. 12, entry 15]
  koḷa·y ‘tube’    IDs=f_7cgydelwnkija SRC=dedr
  koḷāy ‘“tube”; tap of pipe from water channel I: 96’    IDs=f_7q3udyc6dzhog SRC=wolf-kota[p. 20, entry 27]
  kuy ‘pit’    IDs=f_ekf5mb5umik24 SRC=dedr
  korl ‘tube’    IDs=f_exj6n4s45tyc6 SRC=dedr
  kup ‘pit, dimple’    IDs=f_hxmi3cteeeibk SRC=dedr
  koḷ ‘double reed instrument with conical bore and six finger holes (not “clarinet”); melody produced on this instrument.’    IDs=f_kh7yepzp467yg SRC=wolf-kota[p. 20, entry 22]
  kuy ‘“pit”; shollai forest’    IDs=f_kupsiznqtyh46 SRC=wolf-kota[p. 22, entry 24]
  gōb ‘“deep hole in ground”’    IDs=f_lpxh2ofjjmu6w SRC=wolf-kota[p. 12, entry 17]
  goṛḷ ‘hollow between two sloping hills’    IDs=f_mvbe53rwudnik SRC=dedr
  go·b ‘deep hole in ground’    IDs=f_pwexhasjxbm5s SRC=dedr
 ... 3 additional unique records
Toda:
  kve·ḷ ‘tube, Kota clarinet, tune of clarinet, curl’    IDs=f_6tfyn46rlzxfm SRC=dedr
  kuṣ ‘small valley, ditch’    IDs=f_cqzuwcr7ly2n6 SRC=dedr
  kvēɫ̣ ‘(1) tube, Kota clarinet, tune of clarinet, curl’ noun   IDs=f_fwaro6bousbmg SRC=bhaskararao-toda2025[p. 90, entry 18];emeneau-toda1984[p. 8];bhaskararao-toda-notes[p. 67]
  ku·ṭ ‘ravine, dry pit’    IDs=f_mfjtr7hrzwefu SRC=dedr
  kūṭ ‘ravine, dry pit’ noun   IDs=f_ong3usv6kblcy SRC=bhaskararao-toda2025[p. 86, entry 16]
  kuṣ ‘(2) small valley, ditch’ noun   IDs=f_wqfcxhuuztqqk SRC=bhaskararao-toda2025[p. 83, entry 18];emeneau-toda1984[p. 199]
Kannada:
  kuṇike ‘a hollow, cavity’    IDs=f_3wnpakqukri7o SRC=dedr
  gumma ‘depth’ dialect:Kannada:gulbarga:Gulbarga noun Gul.; source label: Gul.  IDs=f_abv7wtbav4mzq SRC=dedr;Gul-Kannada;burrow-emeneau1972den1[p. 404, entry 1511]
  kuḷumpe ‘a hollow place where water accumulates’  K.<super>2</super>  IDs=f_gf2jor7dhiwn6 SRC=dedr;K2-Kannada
  kuṛ̆i ‘hollow, hole, pit, grave’    IDs=f_hzemnwrbv735q SRC=dedr
  koṛ̆al ‘flute, fife’    IDs=f_jfknfsjeothpg SRC=dedr
  guṇi ‘hollow, hole, pit, grave’    IDs=f_kyk4jurdz2qp4 SRC=dedr
  kuṇi ‘hollow, hole, pit, grave’    IDs=f_nbqfhnkqes4og SRC=dedr
  kuṛ̆i ‘to make a hole, dig’    IDs=f_nwo5urfkrjmsc SRC=dedr
  koṛ̆avi ‘tube, blow-pipe (esp. used to blow fires with), tubular stalk’    IDs=f_pro7rw6wgzsjy SRC=dedr
  guṛ̆i ‘hollow, hole, pit, grave’    IDs=f_qmccxzewfy42u SRC=dedr
  kōvi ‘tube, flute, gun (&lt; Te.)’    IDs=f_r4oexiopmmlro SRC=dedr
  koṛ̆ivi ‘tube, blow-pipe (esp. used to blow fires with), tubular stalk’    IDs=f_rvq6ut354sfce SRC=dedr
 ... 3 additional unique records
Kodagu:
  koḷa ‘flute’    IDs=f_b6ekb3aqnoad6 SRC=dedr
Tulu:
  nelakkuri ‘mortar for pounding rice’  B-K.  IDs=f_2obmzfdc52lqi SRC=dedr;B-K-Tulu
  gurɯmpe ‘puddle, temporary reservoir in a dry field’    IDs=f_3umq2zhvi2y6g SRC=dedr
  korepini ‘to bore’    IDs=f_4iicjrqils2u2 SRC=dedr
  kolāyi ‘a hollow tube’    IDs=f_7walq66c3ajru SRC=dedr
  gurkɛ ‘a close-mouthed big copper vessel used to heat water for bathing, etc’    IDs=f_ankxyodxm7ohy SRC=dedr
  gurumbɛ ‘anything hollow’    IDs=f_bnmkunbc73t2u SRC=dedr
  gurike ‘a close-mouthed big copper vessel used to heat water for bathing, etc’  B-K.  IDs=f_d27u36b4b7vhi SRC=dedr;B-K-Tulu
  gurmpɛ ‘pond, pool, puddle’    IDs=f_dicho4jabumf6 SRC=dedr
  kolavɛ ‘a hollow tube’    IDs=f_ff23zmhtnlzwa SRC=dedr
  guri ‘hole, pit’    IDs=f_fr65lmz2rgpni SRC=dedr
  kurikke ‘a close-mouthed big copper vessel used to heat water for bathing, etc’  B-K.  IDs=f_gsv7al3o4id4w SRC=dedr;B-K-Tulu
  kuḷike ‘a close-mouthed big copper vessel used to heat water for bathing, etc’  B-K.  IDs=f_j77whlgrjsfvi SRC=dedr;B-K-Tulu
 ... 11 additional unique records
Telugu:
  krōvi ‘tube, flute’    IDs=f_4qzjchlammmqe SRC=dedr
  kukki ‘pit, hollow’    IDs=f_54wyozhofd25s SRC=dedr
  groccu ‘to dig’    IDs=f_5culweofdbrd6 SRC=dedr
  kōlu ‘tube, hole’    IDs=f_6apfcyxs2r7nk SRC=dedr
  groyyu ‘to be formed into a hole or pit’  B.  IDs=f_7ezjpvvutew54 SRC=dedr;B-Telugu
  goyyi ‘pit’    IDs=f_dedl5wyt5agce SRC=dedr
  goppu ‘digging out weeds’  <i>VPK</i>  IDs=f_f7b32xf2qsqai SRC=dedr;VPK-Telugu
  kroccu ‘to dig’  K. also  IDs=f_h2yol63wxiceq SRC=dedr;K-Telugu;K-also-Telugu
  groyyi ‘pit’  B. also  IDs=f_hos3a4hrtzpp6 SRC=dedr;B-Telugu;K-also-Telugu
  krōlu ‘tube, hole’  B.  IDs=f_jby43elvgqkno SRC=dedr;B-Telugu
OTelugu:
  kṛ̆occe ‘be engraved’  Inscr.<super>2</super>  IDs=f_monkpbbbfc3ss SRC=dedr;Inscr2-Telugu
  kṛ̆ocu ‘to dig’  Inscr.  IDs=f_uqri5hnye5yxk SRC=dedr;Inscr-Telugu
  kṛ̆ōce ‘be engraved’  Inscr.<super>2</super>  IDs=f_ymftqos4hvizq SRC=dedr;Inscr2-Telugu
Gondi:
  gumiya ‘(D. Mu.) pit, (M.) grave’    IDs=f_35swhbwkhowos SRC=dedr
  gumiyā ‘tomb, grave (<i>Voc.</i> 1143)’ dialect:Gondi:maria:Maria L.  IDs=f_55yaooermxbee SRC=dedr;L-Gondi
  koṛi ‘ditch, hole, grave (<i>Voc.</i> 933)’ dialect:Gondi:maria:Maria G. Ma.  IDs=f_62gcmflzmzto6 SRC=dedr
  koṛpanj ( koṛpahk) ‘pit to trap animals (<i>Voc.</i> 941)’ pl dialect:Gondi:muria:Muria Mu.  IDs=f_bye4aordgi4k4 SRC=dedr
  koṛi ‘ditch, hole, grave (<i>Voc.</i> 933)’ dialect:Gondi:gommu:Koya%20%28Gommu%29 G. Ma.  IDs=f_pqk26yeerl46u SRC=dedr
Konda:
  kuṛk- (-t-) ‘to hollow out, make pits’    IDs=f_auwykm3b2iqz2 SRC=dedr
  gumi ‘pit, hole in river’    IDs=f_cmnucrccs5f3o SRC=dedr
  kuṛŋi- (-t-) ‘to be hollowed out, (floor) to form pits’    IDs=f_cywswj7nezdfm SRC=dedr
Kui:
  kṛāu ( kṛānga) ‘pit, hole, cave’ pl   IDs=f_irmypoejwk5ug SRC=dedr
  krōḍu ( krōṭka) ‘tube, quiver’ pl   IDs=f_mugi7j4foexfc SRC=dedr
  krūpa ‘pool, spring, place for washing clothes’    IDs=f_ueojsqwhol6pi SRC=dedr
Kuwi:
  glāyu ‘a well’  S.  IDs=f_dkykmnqyfbrfg SRC=dedr;S-Kuwi
  gṛāyu ‘hole, pit’ dialect:Kuwi:sunkar:Sunkarametta Su. P.  IDs=f_fl2x6lrhyynmc SRC=dedr
  graiyū ( grānga) ‘hole’ pl F.  IDs=f_uc2dgvkf36zui SRC=dedr;F-Kuwi
  gṛāyu ‘hole, pit’ dialect:Kuwi:bisam:Bisamkatak Su. P.  IDs=f_vxlcnf6oajwsc SRC=dedr
Pengo:
  kṛoy ‘pit, hole, ditch’    IDs=f_2wcx67yyqnyz6 SRC=dedr
Manda:
  kṛay ‘id’    IDs=f_wdjwehijhomvq SRC=dedr
Parji:
  kuṛub ( kuṛbul) ‘pit’ pl   IDs=f_fv7ke4ff3ijts SRC=dedr
Gadaba:
  gummi ‘pit’ dialect:Gadaba:salur:Salur S.  IDs=f_dt76e6bppifag SRC=dedr;S-Gadaba
  kuṛup ‘a well’  Oll.  IDs=f_gt4hjicjkfvbs SRC=dedr;Oll-Gadaba
  kuṛub ‘hole in the ground, pit’ dialect:Gadaba:pottangi:Pottangi P.  IDs=f_jwlxsgs4oval4 SRC=dedr
Brahui:
  xurrum ‘grainpit’    IDs=f_l4izl2pfivstw SRC=dedr
Badaga:
  Nāreguḷi Beṭṭu ‘Narigulibettu, name of a mountain ca 2380 min elevation, 27 km. SW of Ootacamund (< na:re+guli+bettu’ noun proper-noun uncertain   IDs=f_2mudtaoobjeew SRC=hockings-pilotraichoor1992[p. 344, col. 2]
  pandu guḷi ‘kistvaen, kist, closed cromlech, megalithic burial site, prehistoric “box-shaped constructions made of six slabs of stone’ noun uncertain   IDs=f_3fmzh63ijiy2k SRC=hockings-pilotraichoor1992[p. 364, col. 2]
  are kōlu ‘1. pipe and tabor, drum and flute, music, Kurumba, Irula or Kota music, ceremonial or processional music; 2. suffering, sorrow’ noun uncertain alternate   IDs=f_bmc5qu35e2foe SRC=hockings-pilotraichoor1992[p. 32, col. 1]
  nari guḷi ‘foxhole’ noun uncertain   IDs=f_cc3eakdveymhi SRC=hockings-pilotraichoor1992[p. 338, col. 2]
  beṭṭu gui hāvu ‘a burrowing snake, sand snake, black earth boa, John’s earth-snake, two-headed viper’ noun uncertain   IDs=f_cztbhbbidsdfi SRC=hockings-pilotraichoor1992[p. 425, col. 1]
  guḷi ‘1. pit, hole, dell, hollow, depth; 2. grave (also sa:vu gui), 3. storage pit for grain, money or valuables (formerly under the front yard); hollow, deep (Bühler ms. 129, 476, has gu:yi, Emeneau 1939: 46 recorded gűy’ noun adj uncertain alternate   IDs=f_dnen7kk2fxtgq SRC=hockings-pilotraichoor1992[p. 242, col. 1]
  Kurutuguḷi ‘Kuruduguli, Kuruthuguli, Kurthakal, name of a hamlet 7.5 km. WSW of Ootacamund, formerly belonging to Tu:degu:r but now to Nanjena:du commune’ noun proper-noun uncertain   IDs=f_ebjuegb77qjsk SRC=hockings-pilotraichoor1992[p. 191, col. 1]
  gui ‘1. pit, hole, dell, hollow, depth; 2. grave (also sa:vu gui), 3. storage pit for grain, money or valuables (formerly under the front yard); hollow, deep (Bühler ms. 129, 476, has gu:yi, Emeneau 1939: 46 recorded gűy’ noun adj uncertain alternate   IDs=f_fhzflmkuj2khg SRC=hockings-pilotraichoor1992[p. 242, col. 1]
  Nāreguḷi Haḷḷa ‘Narige-halla, name of a stream which flows S to join the Kudibekke Halla at a point 24.5 km. SW of Ootacamund’ noun proper-noun uncertain   IDs=f_glzjdpkcqkpp2 SRC=hockings-pilotraichoor1992[p. 345, col. 1]
  kōvilu ‘gun, rifle, musket, matchlock, flintlock, pistol, shotgun, blunderbuss’ noun uncertain alternate   IDs=f_hjrbb2btpyyl4 SRC=hockings-pilotraichoor1992[p. 228, col. 2]
  aregui ‘prehistoric cist graves foundon the plain of Sirumuge, roughly 22 km E of Coonoor (are+ gui, ‘rock+pit)’ noun uncertain   IDs=f_i2ui2tfobc32g SRC=hockings-pilotraichoor1992[p. 32, col. 1]
  heggui ‘hole of the Indian molerat’ noun uncertain   IDs=f_i5lxjswu6gcsw SRC=hockings-pilotraichoor1992[p. 603, col. 2]
 ... 25 additional unique records

### d1859 *kud_-  HEAD merriam-pdr
ETYMOLOGY 
PDr:
  *kud_- ‘’    IDs=d1859 SRC=dedr[entry 1859, DED(S, N) 1544];merriam2026dravidiandb[record 2017, DEDR 1859];starostin2006dravidian
  *kud_- ‘to cut; a cut-off portion; to cut, saw; n. act of sawing’    IDs=f_ydtpvhjgp2lue SRC=merriam2026dravidiandb[record 2017, DEDR 1859];starostin2006dravidian
Tamil:
  kuṟai ‘to cut, reap; piece, section’ noun verb Tamil-class-6 strong (-pp-, -tt-)  IDs=f_xuk2uvcxmxxf4 SRC=dedr
  kuṟu ‘to pluck’ verb (kuṟuv, kuṟṟ-)  IDs=f_zuxpcmgdzeaaa SRC=dedr
Malayalam:
  kuṟekka ‘to cut off’    IDs=f_mp6xfca4levnc SRC=dedr
Kota:
  korv- (kort-) ‘to make fallen branch into club’    IDs=f_gzcs527rz7uzo SRC=dedr
Toda:
  kvaṟt- ‘to cut, kill, kwaṟfoː¿ ‘Please cut open!’’ verb tr variant   IDs=f_arxv33a2ssikw SRC=bhaskararao-toda2025[p. 89, entry 1];emeneau-toda1984[p. 115]
  kvaṟf- ‘to cut, kill, kwaṟfoː¿ ‘Please cut open!’’ verb tr   IDs=f_f6ojuot6gjlwy SRC=bhaskararao-toda2025[p. 89, entry 1];emeneau-toda1984[p. 115]
  kvɨc- ‘to winnow (TGT), to separate grain from stones, etc., with winnowingbasket, to chop up (wood, etc.)’ verb tr   IDs=f_fnfjtj2jfahce SRC=bhaskararao-toda2025[p. 90, entry 23];emeneau-toda1984[p. 121]
  kvɨc- ‘to winnow (TGT), to separate grain from stones, etc., with winnowingbasket, to chop up (wood, etc.)’ verb tr variant   IDs=f_jildvqdbasmvi SRC=bhaskararao-toda2025[p. 90, entry 23];emeneau-toda1984[p. 121]
  kvaṟf- (kvaṟt-) ‘to cut’    IDs=f_vtatjfekjpihk SRC=dedr
  kvɨc- (kvɨč-) ‘to chop up (wood, etc.)’    IDs=f_xnopubrt5dmvg SRC=dedr
Kannada:
  koccike ‘act of cutting or cutting up’    IDs=f_3c5xtfoz7puzo SRC=dedr
  korcu ‘to cut away, up, or to pieces (as thorn-bushes)’    IDs=f_4fcunv5ntjo2u SRC=dedr
  koccu ‘act of or an instrument for cutting to pieces, state of being cut into pieces’    IDs=f_b4mxdz4ecqomm SRC=dedr
  koṟe ‘cutting, a cut-off piece (as of sugar-cane)’    IDs=f_bhprwwy5jhad6 SRC=dedr
  koṟe ‘to cut (as wood with a saw, the throat with a sword, stalks of millet), break (as a hole in a wall), bore, excavate (as running water the soil), pierce (as cold; or with 2168 Ko.korv-); koṟia large branch cut off from a thornbush’    IDs=f_bvfgcfn2lduzm SRC=dedr
  koṟata ‘act of cutting, etc., the piercing of cold’    IDs=f_chvfoheouozsy SRC=dedr
  koṟeyuvike ‘cutting, etc’    IDs=f_ilypjzafhvzjw SRC=dedr
  koṟi ‘to cut (as wood with a saw, the throat with a sword, stalks of millet), break (as a hole in a wall), bore, excavate (as running water the soil), pierce (as cold; or with 2168 Ko.korv-); koṟia large branch cut off from a thornbush’    IDs=f_sroknifgejdyk SRC=dedr
  koṟeta ‘act of cutting, etc., the piercing of cold’    IDs=f_wtlbqlcap732y SRC=dedr
  koccu ‘to cut away, up, or to pieces (as thorn-bushes)’    IDs=f_xirwop5ykryy6 SRC=dedr
Tulu:
  kojelpuni ‘to break, cut in pieces’    IDs=f_2je2274xcj2vu SRC=dedr
  kojaluni ‘to break, cut in pieces’    IDs=f_2vzfphyunoxe6 SRC=dedr
  kojeluni ‘to break, cut in pieces’    IDs=f_3smrcrs5wujak SRC=dedr
  kujimbu ‘a chip, fragment’    IDs=f_7akuwfmj6cs2c SRC=dedr
  kujumbu ‘a chip, fragment’    IDs=f_do535izfpo6oq SRC=dedr
  kojiluni ‘to break, cut in pieces’    IDs=f_exhq5w7l76hb2 SRC=dedr
  koccu ‘to cut in pieces’  B-K.  IDs=f_h2gzjuxfvkdx4 SRC=dedr;B-K-Tulu
  kudupuni ‘to cut, reap’    IDs=f_jcavswdnn33e4 SRC=dedr
  kudɛ ‘piece of wood’    IDs=f_mfjjeuase5aho SRC=dedr
  kojepuni ‘to break, cut in pieces’    IDs=f_wyy2oynpzcise SRC=dedr
  kojapuni ‘to break, cut in pieces’    IDs=f_xpxty7wweu66s SRC=dedr
OTelugu:
  kōṟa ‘a cut-off portion’  Inscr.  IDs=f_lz4qpfdk4uwss SRC=dedr;Inscr-Telugu
Kui:
  krāpa (krāt-) ‘to cut, saw; act of sawing. DED(S, N) 1544’ noun   IDs=f_gxva74k6dtn3e SRC=dedr
Naiki:
  kutuk ‘to cut (meat)’    IDs=f_ejnx23meigjps SRC=dedr
  kutup ‘to cut with axe’    IDs=f_lky5hzozhj42g SRC=dedr
  kutk ‘to cut (meat)’    IDs=f_xy622o5eyiy52 SRC=dedr
Parji:
  kud- (kutt-) ‘to cut’    IDs=f_6fl4yhscb6hjs SRC=dedr
  kuḍ ‘to kindle fire by bamboo stick’  NE.  IDs=f_vgvoon4anlscg SRC=dedr
  kuḍ- (kuṭṭ-) ‘to cut’  NE.  IDs=f_wyojz65ik4vh6 SRC=dedr
  kud ‘to kindle fire by bamboo stick’    IDs=f_xh5wj4clfn55c SRC=dedr
Gadaba:
  kuy ‘to cut’  S.3  IDs=f_5hhthgphtw3oc SRC=dedr
Badaga:
  kōlu korappadu ‘making fire ritually by twirling one stick on another’ multiword-expression uncertain   IDs=f_4innnq3win6nk SRC=hockings-pilotraichoor1992[p. 228, col. 2]
  Manjakore Beṭṭu ‘Manjakorebettu, name of a mountain ca 2310 m in elevation, 9.5 km. WSW of Ootacamund’ noun proper-noun uncertain   IDs=f_4obziyq7ogqr4 SRC=hockings-pilotraichoor1992[p. 444, col. 1]
  Kallakore ‘Kallakorai, Kallakore, Cullakory, name of a hamlet 7 km. SW of Ootacamund, belonging to Me:lu:ru commune’ noun proper-noun uncertain   IDs=f_4q4oh2trwfua4 SRC=hockings-pilotraichoor1992[p. 148, col. 2]
  kore ‘to cut, scrape, saw, sever, break, scratch, slice up (korev-, korad-, korud-), 1. patch of cultivated ground, hoe cultivation (as distinct from swidden cultivation), place; 2. moor, moorland; 3. lump, piece (of food), pieces in a curry’ verb tr noun uncertain   IDs=f_4xyf53k6r34mo SRC=hockings-pilotraichoor1992[p. 217, col. 1]
  Idukore ‘Idukore, name of a hamlet 2.5 km. ENE of Kotagiri bazaar, belonging to Suḷḷigu:du commune’ noun proper-noun uncertain   IDs=f_6gdglwkfmcijq SRC=hockings-pilotraichoor1992[p. 52, col. 2]
  Ammakoremandu ‘Ammakoraimand, Ammavu-mund, Püvars, Pyufisn, name of an abandoned Toda hamlet of Kag clan 12 km. WSW of Ootacamund’ noun proper-noun uncertain   IDs=f_6knwtp24ry76o SRC=hockings-pilotraichoor1992[p. 24, col. 2]
  Koṇakoremandu ‘Konikoremund, Konikkoraimund, Cunacoraimund, Cunacoray mund, Kenikkoraimund, Gonikaraimund, name of two former Toda hamlets: 1. Konikwòr, Kwïnṇyxwar, of the recently extinct Koḷem clan, 11.5 km. NW of Ootacamund ; 2. is 10 km. W of Ootacamund’ noun proper-noun uncertain   IDs=f_b7euxtnciybkc SRC=hockings-pilotraichoor1992[p. 211, col. 2]
  Sēlakore ‘Selekore, Shaylacurray, Shelekorai, Selakkarai, Selakkorai, name of a hamlet 7 km. NNE of Kotagiri, belonging to Ta:ndana:du commune’ noun proper-noun uncertain   IDs=f_bmzmaza2hagc2 SRC=hockings-pilotraichoor1992[p. 555, col. 2]
  Aṇikore ‘Anikorai, Anicoray, Anekorai, Hunnikurray, Honeycure, Hunnicoray, Hunnikuray, name of a hamlet 6 km. NNE of Ootacamund, formerly belonging to Tu:ne:ri but now to Kadana:du commune (Kasturi and Ma:ri kulas, in existence before 1809; 221 Gauda houses in 1970; archæological site’ noun proper-noun uncertain   IDs=f_c2bqe7buqgbtw SRC=hockings-pilotraichoor1992[p. 15, col. 1]
  Kētikore Beṭṭu ‘Kettikore bettu, Kethikore-bettu, name of two mountains: 1. is 2139 m in elevation, 5.5 km. NE of Ootacamund; 2. is ca 2080 m in elevation, 15 km. SW of Ootacamund’ noun proper-noun uncertain   IDs=f_cnwyawimroewc SRC=hockings-pilotraichoor1992[p. 205, col. 1]
  Būdikore ‘name of a former Irula hamlet ca 12 km. ENE of Kotagiri’ noun proper-noun uncertain   IDs=f_cs3mkdx7r62ws SRC=hockings-pilotraichoor1992[p. 422, col. 1]
  Konṇakore ‘Konakore, Konakkarai, Konakkore, Konagerry, Konakarai, Conagherry, Conavacoray, Conacoray, name of a hamlet 3.5 km. ESE of Kotagiri, formerly head of a commune but now belonging to Mi:de:ṇu commune’ noun proper-noun uncertain alternate   IDs=f_d3sf7la3kxyv6 SRC=hockings-pilotraichoor1992[p. 211, col. 1]
 ... 28 additional unique records
Koraga:
  kudi ‘to saw’ dialect:Koraga:tappu:Tappu T.  IDs=f_vefnphiipehiq SRC=dedr

### d1959 ker- (-t-)  HEAD dedr-reflex
ETYMOLOGY 
PDr:
  ker- (-t-) ‘’ not-reconstructed   IDs=d1959 SRC=dedr[entry 1959, DEDS 290];dedr
PSD2:
  *grä- ‘to scoop up; to take handfuls or small quantities out of a mass (of grain, etc.), take into a ladle before serving, collect into a heap and pick up’    IDs=f_7lsz5viqhyadk SRC=merriam2026dravidiandb[record 2122, DEDR 1959]
Konda:
  ker- (-t-) ‘to take handfuls or small quantities out of a mass (of grain, etc.), take into a ladle before serving, collect into a heap and pick up’    IDs=f_ngqx45wmcs4lu SRC=dedr
Kui:
  grāpa (grāt-) ‘to scoop up, shovel into with the hands, scrape together’    IDs=f_5rdnsosggoq5g SRC=dedr
  grēpa (grēt-) ‘to scoop up, shovel into with the hands, scrape together’  P.  IDs=f_6luudnxakscry SRC=dedr
Kuwi:
  grecali (gret-) ‘to gather up, take handful. DEDS 290’  F.  IDs=f_ufnz7mex2uc7q SRC=dedr;F-Kuwi
Pengo:
  gre- (-t-) ‘to scoop up with the hand’    IDs=f_jvtm6s2odyhwu SRC=dedr
Manda:
  grepa ‘to scoop up’    IDs=f_hiimwbtayvnp4 SRC=dedr

### d2018 kēḷ  HEAD dedr-reflex
ETYMOLOGY 
SOURCE NOTE Cf. OMar. (Master) keḷavili betrothed. DED(S) 1678. SOURCE dedr[entry 2018, DED(S) 1678]
PDr:
  kēḷ ‘’ not-reconstructed   IDs=d2018 SRC=dedr[entry 2018, DED(S) 1678];dedr
PSTDr:
  *kēḷ- ‘friend(ship); family, lineage, kin, tribe, sort, species, kind’    IDs=f_tf63if3u64jr2 SRC=merriam2026dravidiandb[record 2187, DEDR 2018];starostin2006dravidian
Tamil:
  kēḷvaṉ ‘friend’    IDs=f_2plaxockvwbvi SRC=dedr
  kēṇmai ‘friendship, intimacy, kindness, relationship’    IDs=f_biv766sqyfgcs SRC=dedr
  kēḷaṉ ‘friend’    IDs=f_ksgk22nj5g73g SRC=dedr
  kēḷ ‘kindred, friendship, friend’    IDs=f_r56ztsa5sulxe SRC=dedr
  kiḷai ‘to ramify, multiply (as families); kindred, relations, group, herd, flock, family’ noun verb Tamil-class-6 strong (-pp, -tt-)  IDs=f_w2rmcyqq3xye6 SRC=dedr
  kēḷir ‘friends, relations’    IDs=f_wawdj6irqvc5a SRC=dedr
Kota:
  keḷ ‘economic partnership between Kota and Toda’    IDs=f_fwowvx5rcdwec SRC=dedr
Toda:
  keɫ̣ ‘economic partnership between members of various Nilgiri communities’ noun   IDs=f_ateyi2m5fyft2 SRC=bhaskararao-toda2025[p. 52, entry 10];emeneau-toda1984[p. 15]
  keḷ ‘economic partnership between members of various Nilgiri communities’    IDs=f_uecmmuyj2vcas SRC=dedr
Kannada:
  geḷe ‘union, companionship, friendship, companion, friend’    IDs=f_3qdoh4745kzym SRC=dedr
  geḷiya ‘male friend’    IDs=f_3rgylfbsvmwww SRC=dedr
  geṇati ‘friendship’ f   IDs=f_7mzc6yvjyweta SRC=dedr
  geṇe ‘union, companionship, friendship, companion, friend’    IDs=f_apvlfbocxs35s SRC=dedr
  geṇitana ‘friendship’    IDs=f_bzcztbpivb4us SRC=dedr
  geḷate ‘friendship’ f   IDs=f_cgdopox3yjite SRC=dedr
  geṇetana ‘friendship’    IDs=f_e5zls7l3a3u5k SRC=dedr
  keḷadi ‘friendship’ f   IDs=f_ehngutus5a6js SRC=dedr
  keḷe ‘to draw or attract towards oneself’    IDs=f_fogs25je27vhe SRC=dedr
  geḷetana ‘friendship’    IDs=f_gzo6b2ovqcfni SRC=dedr
  keḷetana ‘friendship’    IDs=f_is57z6tfs5csu SRC=dedr
  geṇiya ‘male friend’    IDs=f_njix6gzdwmzoy SRC=dedr
 ... 7 additional unique records
Tulu:
  geṇegāre ‘an associate’    IDs=f_epfx2jsebap2i SRC=dedr
  geṇe ‘coupling’    IDs=f_hm3vru7un7kvg SRC=dedr
Kui:
  klāmbu ( klāpka) ‘family, lineage, kin, tribe, sort, species, kind’ pl   IDs=f_baluuupon4fbk SRC=dedr
Badaga:
  kliūgidu ‘common shrubby balsam, gool mindie, snapweed, touch-me-not (Impatiens Leschenaultii, its leaf is ground up with a little salt and the paste applied to fresh wounds; Hooker 1872-97: I, 450-51; Macleane 1893: 503-04; Nairne 1894: 43-45; Fyson 1915: 67-68; 1932: 90-91; Gamble & Fischer 1956-57: 101; kliu: gidu is the more archaic form; Ka. kriyā +Bad. gidu’ noun archaic uncertain alternate   IDs=f_6fgvgegslhanw SRC=hockings-pilotraichoor1992[p. 229, col. 2]
  kē ‘Toda friend, Toda exchanging associate of a Badaga family’ noun archaic uncertain   IDs=f_ddzawvlsf6ezo SRC=hockings-pilotraichoor1992[p. 203, col. 2]

### d2146 *koẓv-  HEAD merriam-pdr
ETYMOLOGY 
SOURCE NOTE ? Cf. 2105 Ta. kopparai . DED(S) 1784. SOURCE dedr[entry 2146, DED(S) 1784]
PDr:
  *koẓv- ‘’    IDs=d2146 SRC=dedr[entry 2146, DED(S) 1784];merriam2026dravidiandb[record 2328, DEDR 2146];starostin2006dravidian
  *koẓv- ‘fat; to become fat, fatten, (K also) become proud; n. fat, grease, lust, pride, arrogance; fat of animals’    IDs=f_k4elidqiitxuq SRC=merriam2026dravidiandb[record 2328, DEDR 2146];starostin2006dravidian
Tamil:
  koṛ̆umai ‘plumpness, luxuriance, richness, fertility’    IDs=f_cbwe3l2jhbry6 SRC=dedr
  koṛ̆u ‘fat, flourishing, prosperous; fat; (-pp-, -tt-) to prosper, flourish, be rich or fertile as soil, grow fat, be plump, be of thick consistency as sandalpaste, be saucy, insolent’ noun   IDs=f_grglqk57xxw5q SRC=dedr
  koṛ̆uppu ‘richness, fat, grease, plumpness, thickness in consistency, sauciness, impudence’    IDs=f_ibiqomg6a3tms SRC=dedr
  kōṛ̆ ‘slippery, oily, fat, thriving, luxurious, rich’    IDs=f_y2rufw6ett2ku SRC=dedr
Malayalam:
  koṛ̆u ‘fat, thick, solid’    IDs=f_n4jzzzhniscmu SRC=dedr
  koṛ̆uppu ‘solidity as of broth or curry, fatness, stoutness, pride’    IDs=f_t5jk5xawlkx34 SRC=dedr
  koṛ̆ukka ‘to grow thick, solid, stiff by boiling, grow fat, stout, arrogant’    IDs=f_tjfhdg5ncl7uy SRC=dedr
Kota:
  koḍ- ‘“to be well in health” [used only in the negative, see koḷāyko]’ variant   IDs=f_2gbzapmpq65vw SRC=wolf-kota[p. 20, entry 23]
  koḷ- ‘“to be well in health” [used only in the negative, see koḷāyko]’    IDs=f_is6hdf5m4j4j2 SRC=wolf-kota[p. 20, entry 23]
  koḷ- (koḍ-) ‘to be well in health’    IDs=f_kkapjqggmxsl2 SRC=dedr
  koḷāyko ‘health not good [koḍo — pain in back]’    IDs=f_siimb6rleo2uo SRC=wolf-kota[p. 20, entry 28]
  koḷād ‘health not good [koḍo — pain in back]’ variant   IDs=f_x5fug32qnloe4 SRC=wolf-kota[p. 20, entry 28]
Toda:
  køv ‘fat, stoutness, broadness, honeycomb’    IDs=f_4pjlve2jzckve SRC=dedr
  kog ɨr ‘old buffalo’    IDs=f_5w3ducexolf3s SRC=dedr
  kog- ‘(in compounds) big, old’ adj   IDs=f_bnjjii3ecjawe SRC=bhaskararao-toda2025[p. 63, entry 14]
  kog-ɨr ‘old buffalo; big buffalo’ noun   IDs=f_cmc7sivnkecke SRC=bhaskararao-toda2025[p. 63, entry 22];bhaskararao-toda-notes[p. 49]
  køv ‘fat, stoutness, broadness, honeycomb’ noun   IDs=f_einghcotykeio SRC=bhaskararao-toda2025[p. 77, entry 5];emeneau-toda1984[p. 14]
  kog-foɫỵ ‘thebigpo ɫ ỵ at Toːṟoːṛ clan, any big Todatemple, a foɫỵ upum kog-fo ɫỵ ïyi ‘It is a very big temple’ (not referring to kogfoɫỵ of Toːṟoːṛ)’ noun   IDs=f_hvg7fnehkqzym SRC=bhaskararao-toda2025[p. 63, entry 17];bhaskararao-toda-notes[p. 49]
  kvaḷp ‘fat, in good circumstances’ adj   IDs=f_peh3fdzc3kdiu SRC=bhaskararao-toda2025[p. 88, entry 9]
  kva·v ‘proudness’    IDs=f_q7pjtygkqxx6g SRC=dedr
  kvāv ‘(2) proudness’ noun   IDs=f_qnj7nwqrsqusm SRC=bhaskararao-toda2025[p. 90, entry 10];emeneau-toda1984[p. 14]
  kog foḷy ‘big dairy at To·ṟo·ṛ village’    IDs=f_x5dhluuwrzpdu SRC=dedr
  kvaḷp ‘fat, in good circumstances’    IDs=f_xjblsfan2wmce SRC=dedr
Kannada:
  korvu ‘to grow fat, thick, stout, increase, grow, be rank in growth, become proud, presumptuous, insolent; fat, fatness, rankness, pride, arrogance’ noun   IDs=f_7crhhlixjn33k SRC=dedr
  kobbisu ‘to fatten’    IDs=f_cp2xncskixabu SRC=dedr
  korbu ‘to grow fat, thick, stout, increase, grow, be rank in growth, become proud, presumptuous, insolent; fat, fatness, rankness, pride, arrogance’ noun   IDs=f_lx7ih3pnj2cri SRC=dedr
  kobbiga ‘a proud man’    IDs=f_pu7lmvxgkp6si SRC=dedr
  kobbu ‘to grow fat, thick, stout, increase, grow, be rank in growth, become proud, presumptuous, insolent; fat, fatness, rankness, pride, arrogance’ noun   IDs=f_tfbypivpjph5o SRC=dedr
Tulu:
  kommɛ ‘corpulence, fatness; corpulent, fat’    IDs=f_yjbsjmpdieddu SRC=dedr
Telugu:
  kovvu ‘to become fat, fatten, (K. also) become proud; fat, grease, lust, pride, arrogance’ noun   IDs=f_iffkeavvvwzxk SRC=dedr
  krovvina ‘fat, plump, headstrong, ungovernable’    IDs=f_mpwpjr3cyfebk SRC=dedr
  krovvu ‘to become fat, fatten, (K. also) become proud; fat, grease, lust, pride, arrogance’ noun   IDs=f_pxrplumkoerqe SRC=dedr
Gondi:
  koselā ‘fat (<i>Voc.</i> 951)’ dialect:Gondi:maria:Maria L.  IDs=f_3t4octjezusvm SRC=dedr;L-Gondi
  koṛvinj ‘fat’ dialect:Gondi:adil:Adilabad A.  IDs=f_7ktmmyxoeadlk SRC=dedr;A-Gondi
  koṛvonj ‘fat’ dialect:Gondi:maria:Maria Ma.  IDs=f_ajdyknv6kkjb2 SRC=dedr
  koṛvenj ‘fat’ dialect:Gondi:muria:Muria Mu.  IDs=f_chnswhp4ckrhc SRC=dedr
  koduvasaka ‘fat (<i>Voc.</i> 951)’ dialect:Gondi:maria:Maria L.  IDs=f_hybs52ss6om6w SRC=dedr;L-Gondi
  kurvinj ‘fat’ dialect:Gondi:mandla:Mandla W   IDs=f_t5yck3dsi77as SRC=dedr;W-Gondi
  koṛvos ‘fat’ dialect:Gondi:koya:Koya Ko.  IDs=f_tooovzlzggpco SRC=dedr
  korū ‘to become fat (<i>Voc.</i> 944)’  Mand.  IDs=f_vi2bskpioskxy SRC=dedr
Konda:
  koṇes ‘fat’  BB  IDs=f_f7lbl4vxvbtjq SRC=dedr;BB-Konda
  koṛvu ‘fat of animals’    IDs=f_j55bvlh4z22iu SRC=dedr
Kui:
  krōga ‘fat, tallow, suet’    IDs=f_7ccchgv24n7am SRC=dedr
  kṛōga ‘fat’  K.  IDs=f_d23ykdm2qmxz2 SRC=dedr;K-Kui
Kuwi:
  koṛva ‘fat’ dialect:Kuwi:bisam:Bisamkatak Su. P.  IDs=f_6yezbeoyscn7y SRC=dedr
  klōva ‘candle’  S.  IDs=f_d6pln7r6mkrsq SRC=dedr;S-Kuwi
  koṛva ‘fat’ dialect:Kuwi:sunkar:Sunkarametta Su. P.  IDs=f_ld5l7u63ssm5c SRC=dedr
  korova ‘fat (of animals)’  F.  IDs=f_yn6yu3xv4mhom SRC=dedr;F-Kuwi
Pengo:
  kṛō- (-t-) ‘to be fat’    IDs=f_5tmfmg4ml56uu SRC=dedr
  koṛva ‘fat’    IDs=f_b6cebko5v5ppa SRC=dedr
Manda:
  kṛuva ‘( -ŋ) id’ pl   IDs=f_mruls34ypf4my SRC=dedr
Kolami:
  koru ‘fat’ noun dialect:Kolami:kinwat:Kinwat Kin.  IDs=f_7yk3vbb6j423q SRC=dedr
Naikri:
  koru ‘id’    IDs=f_bvht2bqj7xyxm SRC=dedr
Parji:
  koṛ ‘to be fat’    IDs=f_cycen5e57aks6 SRC=dedr
  koṛukuḍ ‘fatness, fat’    IDs=f_fw2tsqpyn4372 SRC=dedr
  koṛv ‘to be fat’  S.  IDs=f_lc63liamvk2zi SRC=dedr
Gadaba:
  koḍukuḍ ‘fat’ dialect:Gadaba:salur:Salur S.<super>3</super>  IDs=f_4fo6aj27ymvdk SRC=dedr;S3-Gadaba
  koḍukuṭ ‘fat’ dialect:Gadaba:salur:Salur S.<super>2</super>  IDs=f_d6iplm2f54sag SRC=dedr;S2-Gadaba
  koṛkuṭ ‘fat’ dialect:Gadaba:pottangi:Pottangi P.  IDs=f_zbprlfhcyxl6s SRC=dedr
Badaga:
  koḷuppu ‘grease, fat meat, fat; fat’ noun adj uncertain   IDs=f_2wf4gwgsnrh62 SRC=hockings-pilotraichoor1992[p. 219, col. 2]
  kobbu ‘1. arrogance, big effort; 2. fat, fatness’ noun uncertain   IDs=f_phl4c7b4axxw2 SRC=hockings-pilotraichoor1992[p. 215, col. 1]

### d2149 *koẓ-utt-V new, young, tender; ; new; son, young one HEAD krishnamurti-pfeiffer
ETYMOLOGY 
SOURCE NOTE Cf. 3650 Ta. nāy , for -kuṛi , etc., in Konḍa, Kui, Kuwi. SOURCE dedr[entry 2149]
PDr:
  *koẓ-utt-V ‘new, young, tender; ; new; son, young one’    IDs=d2149 SRC=dedr[entry 2149, DED(S, N) 1787];krishnamurti
  *kōẓ ‘son, young one’    IDs=f_24enhxzrvgfba SRC=krishnamurti
  *koẓ-V ‘son, young one’    IDs=f_2jssfdhywy7gs SRC=krishnamurti
  **kōr ‘’    IDs=f_hcfm3uvzfwoec SRC=pfeiffer2018
  *kōẓ ‘new, young, tender’    IDs=f_k23wpr3neybf2 SRC=krishnamurti
  *kō̆ẓ- ‘young, tender; twig, sapling; new, fresh; young; son's wife, younger brother's wife; fresh, new (of leaves); young; to sprout; daughter-in-law; wife; daughter-in-law, younger brother's wife; leaf, new leaf; to sprout’    IDs=f_lcbcsdiu63grs SRC=merriam2026dravidiandb[record 2331, DEDR 2149];starostin2006dravidian
  *koẓ-utt-V ‘new’    IDs=f_mzkznapnrhswq SRC=merriam2026dravidiandb[record 6217, DEDR 2149];krishnamurti
  *kōẓ-/*koẓ-V ‘‘son, young one’’    IDs=f_owzl42cjkz4ie SRC=merriam2026dravidiandb[record 6640, DEDR 2149];krishnamurti
  *kōẓ-/*koẓ-V ‘'son, young one'’    IDs=f_up36eqd2fq26y SRC=merriam2026dravidiandb[record 6558, DEDR 2149];krishnamurti
  *koẓ-V ‘new, young, tender’    IDs=f_z5wsg4ojearg2 SRC=krishnamurti
Tamil:
  koṛ̆untaṉ ‘husband, husband's younger brother’    IDs=f_blan5q55p6hfa SRC=dedr
  kuṛ̆aku ‘youthfulness, beauty, infant’    IDs=f_ei5cmdr7cw57i SRC=dedr
  kuṛ̆a ‘young, tender’    IDs=f_f2empv555tqj6 SRC=dedr
  kuṛ̆avi ‘infant, young of certain animals, young of the vegetable kingdom’    IDs=f_hfjdl4inp2yle SRC=dedr
  kuṛ̆akaṉ ‘youth, beautiful person, Skanda’    IDs=f_kt67y7ustvgke SRC=dedr
  koṛ̆unaṉ ‘husband’    IDs=f_nuwp6l3q2vw5k SRC=dedr
  kuṛ̆antai ‘infant, childhood’    IDs=f_qepsz5qbdil3a SRC=dedr
  koṛ̆umai ‘freshness (as of shoots), beauty’    IDs=f_qkhf3k2vd7qx4 SRC=dedr
  koṛ̆untu ‘tender twig, tendril, tender leaf, shoot, anything young, tenderness’    IDs=f_rqwdlbeci5ywa SRC=dedr
  kuṛ̆avu ‘tender age, juvenility’    IDs=f_tz3ec6v3pivrm SRC=dedr
  kuṛ̆ai ‘to cause to sprout or shoot forth; tender leaf, sprout, shoot’ noun verb Tamil-class-6 strong (-pp-, -tt-)  IDs=f_ypxtg2dxcfhag SRC=dedr
  koṛ̆unti ‘wife's sister, brother's wife’    IDs=f_zsiuzfxjxqx7s SRC=dedr
Malayalam:
  koṛ̆unnu ‘tender twig, young shoot, new-grown hair’    IDs=f_2udj2iik7mnwq SRC=dedr
  koṛ̆untu ‘tender twig, young shoot, new-grown hair’    IDs=f_ctrqsbpiivq7u SRC=dedr
Toda:
  kvɨz̡ ‘(1) twig’ noun   IDs=f_64qyrh4boy53e SRC=bhaskararao-toda2025[p. 94, entry 15]
  kvɨζ ‘twig’    IDs=f_ejbyzkjoaq7y4 SRC=dedr
Kannada:
  koṇasu ‘young one of wild beasts’    IDs=f_iwi6ywt546t2i SRC=dedr
  koḍa ‘tenderness, tender age, youth’    IDs=f_khpyttgxewuo6 SRC=dedr
Tulu:
  korɛ ‘weak, small’    IDs=f_7wqc5cec3x7oa SRC=dedr
Telugu:
  kodama ‘the young of any animal; young’    IDs=f_33ijszqiucbbo SRC=dedr
  komma ‘maiden, female’    IDs=f_3elw4rkbycnti SRC=dedr
  koṇḍika ‘child’    IDs=f_3tfcygr7f2m7s SRC=dedr
  kōḍaṇṭramu ‘the position and duties of a daughter-in-law, daughter-in-lawship’    IDs=f_44izr2ifmhhnm SRC=dedr
  kōṭramu ‘the position and duties of a daughter-in-law, daughter-in-lawship’    IDs=f_afqzdlgrabgbg SRC=dedr
  koḍuku ‘son’    IDs=f_l3bro5g6w72gu SRC=dedr
  kōḍaṟikamu ‘the position and duties of a daughter-in-law, daughter-in-lawship’    IDs=f_l7qutbs4lfdmw SRC=dedr
  krotta ‘(in cpds.kro-) new, fresh’    IDs=f_ti4dmnqgr73ha SRC=dedr
  kōḍalu ‘daughter-in-law’    IDs=f_wsodzsmmjsrce SRC=dedr
  kōḍaṇṭrikamu ‘the position and duties of a daughter-in-law, daughter-in-lawship’    IDs=f_z2jfvqgsytsg4 SRC=dedr
Gondi:
  koṛk-ila ‘new leaf’ dialect:Gondi:muria:Muria Mu.  IDs=f_2spnhtc6fc7l2 SRC=dedr
  koṛs ‘to sprout (<i>Voc.</i> 945)’ dialect:Gondi:seoni:Seoni A. Mu. Ma. S.  IDs=f_7atqru3da6eos SRC=dedr;A-Gondi
  kōṛsānā ‘to sprout, grow (of trees, plants, etc.)’ dialect:Gondi:betul:Betul Tr.  IDs=f_7rzm46uopebwi SRC=dedr;Tr-Gondi
  koṛs ‘to sprout (<i>Voc.</i> 945)’ dialect:Gondi:maria:Maria A. Mu. Ma. S.  IDs=f_a6cmd6atfbho2 SRC=dedr;A-Gondi
  koṛs ‘to sprout (<i>Voc.</i> 945)’ dialect:Gondi:muria:Muria A. Mu. Ma. S.  IDs=f_b7lknwje6n3ua SRC=dedr;A-Gondi
  kōrsānā ‘to sprout, grow (of trees, plants, etc.)’ dialect:Gondi:betul:Betul Tr.  IDs=f_bhbodhp7xq6c6 SRC=dedr;Tr-Gondi
  tammur-koriāṛ ‘younger brother's wife’    IDs=f_cpu2keif4olic SRC=dedr
  koḍiyāḍ ‘daughter-in-law, sister's daughter (of a male); daughter-in-law, sister’s daughter (of a male)’ dialect:Gondi:koya:Koya noun KoyaSu.; source label: Koya Su.  IDs=f_f4jwm4kz7gxrg SRC=dedr;burrow-emeneau1972den1[p. 406, entry 1787]
  koṛiyaṛ ‘id., sister's daughter, younger brother's wife (<i>Voc.</i> 936)’ dialect:Gondi:muria:Muria Mu.  IDs=f_jk5geyvbvgcxs SRC=dedr
  koṛkēlā ‘tender, young’ dialect:Gondi:adil:Adilabad ASu.; source label: A Su.; adjective  IDs=f_lnqpcywsfpfni SRC=dedr;burrow-emeneau1972den1[p. 406, entry 1787]
  koṛs ‘to sprout (<i>Voc.</i> 945)’ dialect:Gondi:adil:Adilabad A. Mu. Ma. S.  IDs=f_lqigkkn3lnvxk SRC=dedr;A-Gondi
  koṛta ‘month of Bhadrā (Aug.-Sept.) when new paddy is worshipped (<i>Voc.</i> 940)’ dialect:Gondi:maria:Maria Ma.  IDs=f_m4pwagqm55bva SRC=dedr
 ... 3 additional unique records
Konda:
  koṛo ‘(-k) female child, ( -r) male child’ pl   IDs=f_33nj4jcmon6ii SRC=dedr
  kodma ‘male buffalo calf (&lt; Te.)’  BB  IDs=f_oud34wj7pek7m SRC=dedr;BB-Konda
  koṛya ‘daughter-in-law, younger brother's wife’    IDs=f_p2rtlr7wgg5oi SRC=dedr
  koṛonali ‘a nursing mother’    IDs=f_ph5rwee3ggn2e SRC=dedr
  koṛesi ‘daughter-in-law (when referring to the 3rd person)’    IDs=f_wrpohnasd4tvk SRC=dedr
Kui:
  gōṇi ‘sprout, offshoot’    IDs=f_4wzjd7fumpx46 SRC=dedr
  kōna ‘bud’    IDs=f_76rwgfqj7t7iu SRC=dedr
  kōṛa koḍa ‘to sprout (of paddy)’    IDs=f_cyhw6csltthso SRC=dedr
  kuṛa ‘wife’    IDs=f_fz4jpbbc7gp4e SRC=dedr
  kōṛu ‘new shoot, fresh stalk, stem, or bud; new, green, immature’    IDs=f_g46x5sy2nxu3y SRC=dedr
  koṛgi ‘newly sprouted, green, immature, unripe’    IDs=f_gqroi6ea3y24c SRC=dedr
  koṛgari ‘(koṛgai) new shoot, fresh stalk, something green, immature, or unripe’ pl   IDs=f_jsgrlqps47lpo SRC=dedr
  kōṛa ‘a shoot, sprout, first sprout (of paddy after planting)’    IDs=f_qdntoco6sf4hs SRC=dedr
  kṛuha ‘wife’  Letchmajee  IDs=f_qws242tbgj5y6 SRC=dedr
  kṛua ‘wife’    IDs=f_rvkhp3qq3b3te SRC=dedr
Kuwi:
  kʰrogi kōma ‘a soft twig (i.e. soft, young, tender; forkōma, see 2115)’  F.  IDs=f_5fti5vmnxi5ss SRC=dedr;F-Kuwi
  kuṛia ‘daughter-in-law’ dialect:Kuwi:bisam:Bisamkatak P.  IDs=f_kauttz6pqj4ky SRC=dedr
  kṛōgi ‘immature, young’  Isr.  IDs=f_ttykentln32pe SRC=dedr;Isr-Kuwi
  koṛgi ‘young (of children)’  Ṭ.  IDs=f_ueghfqfysgce2 SRC=dedr;Ṭ-Kuwi
  kūria ‘daughter-in-law’  F.  IDs=f_wa2lhdw73y7tq SRC=dedr;F-Kuwi
  kuṛva ‘younger brother's wife’  Ḍ.  IDs=f_xnogt2ioziruc SRC=dedr;Ḍ-Kuwi
Pengo:
  koṛiya gāṛ ‘son's wife, younger brother's wife’    IDs=f_b77peefbao254 SRC=dedr
  kṛogi ‘fresh, new (of leaves)’    IDs=f_tt6m7shhc42ms SRC=dedr
Manda:
  kuṛiya gāṛ ‘son's wife, younger borther's wife’    IDs=f_j2b3mp3vzu3rm SRC=dedr
  kṛugdi ‘id’    IDs=f_ujjsezqwvr6rs SRC=dedr
Kolami:
  kovve ‘young of bird or animal’    IDs=f_bbtea3szzcf7a SRC=dedr
  koral ‘younger brother's wife’    IDs=f_buo3gpadlrbuo SRC=dedr
  kommal ‘(kommasil) daughter’ pl   IDs=f_r2q45t4wdeus4 SRC=dedr
Naikri:
  kommaḷ ‘(kommaśil) daughter’ pl   IDs=f_cwgnwsrtc6du4 SRC=dedr
  koraḷ ‘daughter-in-law, bride’    IDs=f_kh6hgeiht6t6w SRC=dedr
  kovve ‘young of bird or animal’    IDs=f_puootj3fcm67q SRC=dedr
Naiki:
  kola ‘bride, son's wife, younger brother's wife’    IDs=f_4n4lo5njny43g SRC=dedr
  komma ‘daughter’    IDs=f_ei6unkz3n4rwk SRC=dedr
Parji:
  koṛ ‘very young’    IDs=f_3iaiquzg3newi SRC=dedr
  koṛc ‘to sprout’    IDs=f_3tubccqwbqmna SRC=dedr
  koṛol ‘bride’    IDs=f_5nlf5quplr62u SRC=dedr
  koṛuŋg ‘new shoot, sprout’    IDs=f_xsy3nipikkegs SRC=dedr
Gadaba:
  koṛuŋ ‘young shoot’ dialect:Gadaba:pottangi:Pottangi P.  IDs=f_3y2doetwjr4cs SRC=dedr
  koḍus ‘to sprout’ dialect:Gadaba:salur:Salur S  IDs=f_74wgyghng3v4e SRC=dedr;S-Gadaba
  koḍc ‘to sprout’ dialect:Gadaba:salur:Salur S  IDs=f_owfm24onmzm4q SRC=dedr;S-Gadaba
  koṛal ‘son's wife, younger brother's wife’  Oll.  IDs=f_vgfrgj4ml7cfc SRC=dedr;Oll-Gadaba
Kurux:
  korrā ‘fresh (recently made, prepared, or obtained), pure’  adjective  IDs=f_cusat2dskcp4a SRC=dedr;burrow-emeneau1972den1[p. 406, entry 1787]
  xōr ‘leaf-bud, new leaves, fresh and tender leaves of vegetables’    IDs=f_qxygpvdeqvf4o SRC=dedr
  xōrnā (xūryā) ‘to shoot out new leaves’    IDs=f_sxugddayvjmcc SRC=dedr
Malto:
  qóroce ‘to sprout’    IDs=f_krax3nalbehyk SRC=dedr
  qóro ‘infant, Indian corn when green’    IDs=f_ugymbogej5api SRC=dedr
Brahui:
  xarring ‘to sprout’    IDs=f_oxx3tn2of26tu SRC=dedr
  xarrun ‘green, blue, black and blue; fruitful’    IDs=f_p5clktbpd6j5s SRC=dedr
  xarrunī ‘greenness; wife’    IDs=f_tjdoynq4pef5c SRC=dedr
Badaga:
  koḷa koḷa ‘messy, sticky, soft (fruit)’ adj uncertain   IDs=f_quw3uxq642s7s SRC=hockings-pilotraichoor1992[p. 219, col. 2]
Indo-Aryan:
  kōraka ‘bud’ m R Epic   IDs=3527 SRC=CDIAL;EWA[i 272]
Koraga:
  korti ‘wife’ dialect:Koraga:mudu:Mudu O. M. T.  IDs=f_54ypr3oao46hi SRC=dedr
  korayi ‘husband’ dialect:Koraga:tappu:Tappu O. T.  IDs=f_6otlnakvz66x6 SRC=dedr
  korayi ‘husband’ dialect:Koraga:onti:Onti noun O. T.; source label: Onti dial., LSB 7.11  IDs=f_liwqdznvuceh4 SRC=dedr;burrow-emeneau1972den1[p. 406, entry 1787]
  korti ‘wife’ dialect:Koraga:tappu:Tappu O. M. T.  IDs=f_sdeb6hkz6guqe SRC=dedr
  kori ‘husband’ dialect:Koraga:mudu:Mudu M.  IDs=f_txjw7s4qazzmc SRC=dedr
  korti ‘wife’ dialect:Koraga:onti:Onti O. M. T.  IDs=f_usmcpdsborpvo SRC=dedr
Pa:
  kōraka ‘bud, sheath’ m   IDs=f_kjimb246ayy2i SRC=CDIAL
Pk:
  kōraya ‘bud’    IDs=f_dy3albhijcba2 SRC=CDIAL
  kōrava ‘bud’ m   IDs=f_mwqmix3uxgy2u SRC=CDIAL
Si:
  kuru ‘bud, tender leaves’    IDs=f_ppyfb3dwhd6h4 SRC=CDIAL

### d2237 *kōl stick, plough shaft HEAD krishnamurti-pfeiffer
ETYMOLOGY 
SOURCE NOTE Cf. 2240 Ta. kōlam (Tu. Te. Go.). SOURCE dedr[entry 2237]
SOURCE NOTE Cf. OMar. (Master) kōla stick. DED(S) 1852. SOURCE dedr[entry 2237, DED(S) 1852]
PDr:
  *kōl ‘stick, plough shaft’    IDs=d2237 SRC=dedr[entry 2237, DED(S) 1852];krishnamurti
  *kōl- ‘stick, staff; stick, staff, arrow; long, oblong; stick, shaft; pestle; big wooden pestle’    IDs=f_535ebk36sqluu SRC=merriam2026dravidiandb[record 2430, DEDR 2237];starostin2006dravidian
  *kōy-il ‘‘palace, temple’ (King’s/God’s abode) PSD’    IDs=f_p5isjtoowdfs2 SRC=merriam2026dravidiandb[record 6223, DEDR 2237];krishnamurti
Tamil:
  kōl ‘stick, staff, branch, arrow’    IDs=f_eh3eqrkrojpvc SRC=dedr
Malayalam:
  kōl ‘staff, rod, stick, arrow’    IDs=f_6cgkozo4jorh6 SRC=dedr
Kota:
  kōl ‘“stick; sotry of funeral car”’    IDs=f_5bphezogg6mfc SRC=wolf-kota[p. 21, entry 27]
  ko·l ‘stick, story of funeral car’    IDs=f_6rzbl4abgfz72 SRC=dedr
  ortkōl ‘matchstick (lit. “striking stick”)’    IDs=f_pj4ddbpnjbr2q SRC=wolf-kota[p. 29, entry 36]
Toda:
  kvɨ̄s̱ ‘stick (= kwïːl)’ noun   IDs=f_agku5ey4olvhu SRC=bhaskararao-toda2025[p. 96, entry 1];emeneau-toda1984[p. 30];bhaskararao-toda-notes[p. 72]
  kvɨ·s̱ ‘stick’    IDs=f_hg2oqhft6cjkq SRC=dedr
Kannada:
  kōl ‘stick, staff, arrow’    IDs=f_24oyl2dygslz2 SRC=dedr
  kōlu ‘stick, staff, arrow’    IDs=f_cp5edybc4rdkq SRC=dedr
Kodagu:
  ko·lɨ ‘stick’    IDs=f_vi7ratpgkixoa SRC=dedr
Tulu:
  kōlu ‘stick, staff’    IDs=f_3x7g3sgxao5du SRC=dedr
  kōlɯ ‘stick, staff’    IDs=f_e426z5wckunig SRC=dedr
Telugu:
  kōlana ‘elongatedness, elongation’    IDs=f_6jwizzevnefim SRC=dedr
  kōlani ‘elongated’    IDs=f_muuo7oclyoj3o SRC=dedr
  kōla ‘id., arrow; long, oblong’    IDs=f_q3usn5kjwucbo SRC=dedr
Gondi:
  kōla ‘handle of plough, sickle, knife, etc. (<i>Voc.</i> 988)’ dialect:Gondi:maria:Maria G. Mu. Ma. Ko.  IDs=f_2m2uc6ilqa7se SRC=dedr
  kōlā ‘stick, arrow, slate-pencil’ dialect:Gondi:adil:Adilabad ASu.  IDs=f_2p4do6cxzyfhm SRC=dedr
  kōla ‘handle of plough, sickle, knife, etc. (<i>Voc.</i> 988)’ dialect:Gondi:koya:Koya G. Mu. Ma. Ko.  IDs=f_4dm7rmktb5gea SRC=dedr
  kōla ‘handle of plough, sickle, knife, etc. (<i>Voc.</i> 988)’ dialect:Gondi:gommu:Koya%20%28Gommu%29 G. Mu. Ma. Ko.  IDs=f_cz2zqysnwwyim SRC=dedr
  kola ‘the handle of an implement’  LuS.  IDs=f_dc53xdulkmfz6 SRC=dedr;LuS-Gondi
  kōla ‘id’ dialect:Gondi:adil:Adilabad A.  IDs=f_dxroyojfrykpo SRC=dedr;A-Gondi
  kōlā ‘(Tr.) a thin twig or stick, esp. for kindling a fire, (W. Ph.) stick, rod, a blade of grass, straw’    IDs=f_sbtztclyalaqk SRC=dedr
  kōla ‘handle of plough, sickle, knife, etc. (<i>Voc.</i> 988)’ dialect:Gondi:muria:Muria G. Mu. Ma. Ko.  IDs=f_xgxchah23ouwu SRC=dedr
Konda:
  kōl ‘big wooden pestle’    IDs=f_lv67x7i6wevwu SRC=dedr
Kui:
  kōḍu ( kōṭka) ‘id’ pl   IDs=f_ce6oylfgkdxii SRC=dedr
Kuwi:
  kōlu ( kōlka) ‘id’ pl dialect:Kuwi:sunkar:Sunkarametta S. Su.  IDs=f_mhw66lhvgpvco SRC=dedr;S-Kuwi
  kōlū ( kōlka) ‘id’ pl F.  IDs=f_xte2gna2ujhra SRC=dedr;F-Kuwi
Pengo:
  kōl ‘pestle’    IDs=f_5b4fwg2ylhbts SRC=dedr
Manda:
  kūl ‘id’    IDs=f_y5jizjhouoyfy SRC=dedr
Kolami:
  kolā ‘stick’  SR.  IDs=f_ecqhd3tdhh3qc SRC=dedr;SR-Kolami
  kōla ‘stick’ dialect:Kolami:kinwat:Kinwat Kin.  IDs=f_nfyiybysuko66 SRC=dedr
Naiki:
  kōl ‘pestle’    IDs=f_3v4kwfsxv4bsc SRC=dedr
Parji:
  kōl ‘shaft of arrow’    IDs=f_v2uhqazbserne SRC=dedr
Badaga:
  hasini kōl ‘berried box stick, a stick which when dried burns slowly like a candle’ noun uncertain   IDs=f_2b4gimbxjwpdq SRC=hockings-pilotraichoor1992[p. 579, col. 1]
  batti kōlu ‘clematis, old man’s beard, traveller’s joy, virgin’s bower DBIA 252’ noun uncertain   IDs=f_2u4kiiwvqcaq4 SRC=hockings-pilotraichoor1992[p. 394, col. 1]
  Kōlāre Beṭtṭa ‘Kolari Betta, Kolari Hill, Caulairy, name of a mountain 2629 m in elevation, 24.5 km. SW of Ootacamund’ noun proper-noun uncertain   IDs=f_3kukntpgevt2g SRC=hockings-pilotraichoor1992[p. 228, col. 1]
  nīḷa kōlu ‘upright stick (lit.), fire-stick (used to start the fire needed in some ceremonies: “The vertical stick is rotated in a socketin a long thick piece of Rhodomyrtus tomentosus, which is rotated in a socket in a long piece of a branch of Debregeasia velutina, in which a row of sockets has been made. The rotation is produced by a cord passed several times round the vertical stick, of which each end is pulled alternately. The horizontal block is pressed firmly on the ground by the toes of a man, who presses a half coconut shell down on the top of the vertical stick, so as to force it down into the cavity (plate XXVII a). A Badaga, who failed in an attempt to demonstrate the making of fire by this method, gave as an excuse that he was under worldly pollution, from which he would be free at the’ noun uncertain alternate   IDs=f_5deettmu5yzdu SRC=hockings-pilotraichoor1992[p. 350, col. 1]
  sekkōlu ‘outside bolt on a door, peg’ noun uncertain alternate   IDs=f_6pgfynvok4ut2 SRC=hockings-pilotraichoor1992[p. 550, col. 1]
  ode kōl ‘castrating device for cattle’ noun uncertain   IDs=f_7g3yh6o77tmww SRC=hockings-pilotraichoor1992[p. 99, col. 2]
  tore kōlu ‘1. soap, shampoo, piece of bark used for this purpose; 2. pellitory, harmless nettle (Pouzolzia Bennettiana: “the skin yields a gummy foam used in washing head and’ noun uncertain alternate   IDs=f_bpt6hpwgjywvu SRC=hockings-pilotraichoor1992[p. 307, col. 2]
  tonde kōlu ‘windpipe, trachea’ noun uncertain   IDs=f_ch6eiful3kg3a SRC=hockings-pilotraichoor1992[p. 305, col. 2]
  Araḷukōlu Beṭṭtu ‘Aralakolabettu, name of a mountain ca 2370 min elevation, 24 km. SW of Ootacamund (< aralu+ko:lu+beftu’ noun proper-noun uncertain   IDs=f_cwyg2fjrgllfq SRC=hockings-pilotraichoor1992[p. 28, col. 2]
  neli kōlu ‘upright stick (lit.), fire-stick (used to start the fire needed in some ceremonies: “The vertical stick is rotated in a socket in a long thick piece of Rhodomyrtus tomentosus, which is rotated in a socket in a long piece of a branch of Debregeasia velutina, in which a row of sockets has been made. The rotation is produced by a cord passed several times round the vertical stick, of which each end is pulled alternately. The horizontal block is pressed firmly on the ground by the toes of a man, who presses a half coconut shell down on the top of the vertical stick, so as to force it down into the cavity (plate XXVIII a). A Badaga, who failed in an attempt to demonstrate the making of fire by this method, gave as an excuse that he was under worldly pollution, from which he would be free at the’ noun uncertain alternate   IDs=f_cxsxqakywrub6 SRC=hockings-pilotraichoor1992[p. 355, col. 2]
  uppu kōl ‘salt-stick (lit.), iron rod with pointed end used by men during the salt-giving ceremony’ noun uncertain   IDs=f_eah2cfqrzbtvs SRC=hockings-pilotraichoor1992[p. 67, col. 2]
  ode kōlu ‘breast-stick (lit.), silver case worn by men on a cord round the neck’ noun uncertain   IDs=f_ejbszw62om7vm SRC=hockings-pilotraichoor1992[p. 99, col. 2]
 ... 20 additional unique records

### d2359 *car-ac- snake HEAD krishnamurti-pfeiffer
ETYMOLOGY 
SOURCE NOTE Cf. 2360 Ta. cari. SOURCE dedr[entry 2359]
SOURCE NOTE Cf. Pkt. ( DNM ) sarāhaya- snake. DED(S) 1949. SOURCE dedr[entry 2359, DED(S) 1949]
PDr:
  *car-ac- ‘snake’    IDs=d2359 SRC=dedr[entry 2359, DED(S) 1949];merriam2026dravidiandb[record 6232, DEDR 2359];krishnamurti
  *car-ac ‘snake’  PSD  IDs=f_q2c5abyxggovc SRC=krishnamurti
  *śàrac- ‘snake; serpent; krait’    IDs=f_s5lpukmzwrryq SRC=merriam2026dravidiandb[record 2555, DEDR 2359];starostin2006dravidian
  *car-ac- ‘‘snake’ PSD’    IDs=f_ur2n3jyvoohwm SRC=merriam2026dravidiandb[record 6232, DEDR 2359];krishnamurti
PSTDr:
  *car-ac- ‘snake’    IDs=f_6aeyskpaipnhw SRC=merriam2026dravidiandb[record 5877, DEDR 2359];krishnamurti
Tamil:
  arā ‘snake’    IDs=f_5meecvwqrmems SRC=dedr
  ara ‘snake’    IDs=f_6hecjo7j64dc2 SRC=dedr
  aravam ‘snake’    IDs=f_7xw5y7lhkbzwo SRC=dedr
  aravu ‘snake’    IDs=f_necubgw6mihzi SRC=dedr
Malayalam:
  aravu ‘serpent’    IDs=f_l3gijxveowmqg SRC=dedr
  aravam ‘serpent’    IDs=f_twziqkno5njfy SRC=dedr
Telugu:
  trā̃cu ‘id’    IDs=f_edr47oxqlvqaw SRC=dedr
Gondi:
  taras ‘snake (<i>Voc.</i> 1665)’ dialect:Gondi:muria:Muria A. Mu.  IDs=f_4i6siesw3q3os SRC=dedr;A-Gondi
  taras ‘snake (<i>Voc.</i> 1665)’ dialect:Gondi:seoni:Seoni S.  IDs=f_6liwcxg5johtq SRC=dedr
  tārs ‘snake (<i>Voc.</i> 1665)’ dialect:Gondi:maria:Maria Ma.  IDs=f_oi7splpsam72m SRC=dedr
  tarāsh ‘snake (<i>Voc.</i> 1665)’ dialect:Gondi:betul:Betul Tr.  IDs=f_qnpemwl2khx5i SRC=dedr;Tr-Gondi
  tarās ‘snake (<i>Voc.</i> 1665)’ dialect:Gondi:mandla:Mandla W   IDs=f_ricrq4ptmrxo6 SRC=dedr;W-Gondi
  taranj ( tarask) ‘snake (<i>Voc.</i> 1665)’ pl dialect:Gondi:chanda:Chandrapur Ch.  IDs=f_sbiej3edzrunu SRC=dedr
  taras ‘snake (<i>Voc.</i> 1665)’ dialect:Gondi:maria:Maria M.  IDs=f_tszkh7ovck4ae SRC=dedr;M-Gondi
  taras ‘snake (<i>Voc.</i> 1665)’ dialect:Gondi:adil:Adilabad A. Mu.  IDs=f_wdz7uirdjh5sy SRC=dedr;A-Gondi
  turashee ‘cobra’  LuS.  IDs=f_yp4cdf7cnmx7u SRC=dedr;LuS-Gondi
  tarasu ‘snake (<i>Voc.</i> 1665)’ dialect:Gondi:seoni:Seoni S.  IDs=f_zubhql47gyygi SRC=dedr
  tārs ‘snake (<i>Voc.</i> 1665)’ dialect:Gondi:maria:Maria M.  IDs=f_zzsig7oybbfe2 SRC=dedr;M-Gondi
Konda:
  saras ‘snake’    IDs=f_2lspigybwgyo6 SRC=dedr
  sarasu ‘snake’    IDs=f_evbcgncbmpsiy SRC=dedr
Kui:
  srāsu ( srāska) ‘id’ pl   IDs=f_7nx6mlhvk5suc SRC=dedr
  srācu ‘id’  Mah.  IDs=f_e7kpn6owscewm SRC=dedr
Kuwi:
  rācu ‘snake, snail’  S.  IDs=f_2rdnuh5ah7gss SRC=dedr;S-Kuwi
  rācū ( rāska) ‘id’ pl F.  IDs=f_cvqf4yzilrvds SRC=dedr;F-Kuwi
  nāgarācu ‘cobra’    IDs=f_uzbrzq4o26pp2 SRC=dedr
  rācu ‘id., in:’ dialect:Kuwi:sunkar:Sunkarametta Su.  IDs=f_zqzw4mhpcio6i SRC=dedr
Pengo:
  rāc ‘id’    IDs=f_eqj3yqwoylivc SRC=dedr
Manda:
  trehe ‘id’    IDs=f_mp6gqbuxfqyzo SRC=dedr
Gadaba:
  tāsu ‘krait’  S.3  IDs=f_zrapb7wzo5ng6 SRC=dedr

### d2628 *cir/cīr- chironji (nut/tree) HEAD krishnamurti-pfeiffer
ETYMOLOGY 
PDr:
  *cir/cīr- ‘chironji (nut/tree)’    IDs=d2628 SRC=dedr[entry 2628, DED(S) 2160]
  *cir/cīr ‘chironji (nut/tree)’    IDs=f_3eesxdws55nt4 SRC=southworth2006proto
  *srēk-o ‘chironji tree; Buchanania latifolia; a k. of tree’    IDs=f_qnhiu6lzgprd4 SRC=merriam2026dravidiandb[record 2828, DEDR 2628]
Gondi:
  saṛēka ‘chironji (<i>Voc.</i> 3342)’ dialect:Gondi:chanda:Chandrapur Ch.  IDs=f_3igxugxtjzsbm SRC=dedr
  rēka ‘chironji (<i>Voc.</i> 3342)’ dialect:Gondi:muria:Muria G. Mu.  IDs=f_ihozzvkrnbuda SRC=dedr
  serkā ‘id; chironji tree’ dialect:Gondi:adil:Adilabad ASu.; source label: A Su.  IDs=f_kdd53ze3yg7qi SRC=dedr;burrow-emeneau1972den1[p. 407, entry 2160]
  B. latifolia Roxb ‘]’    IDs=f_qoutdbvsvc7au SRC=dedr
  sirkā marā ‘id. (<i>Voc.</i> 3403)’ dialect:Gondi:adil:Adilabad SR.  IDs=f_s4g7yzgrmb3te SRC=dedr;SR-Gondi
  sarēkā ‘chironji tree, Buchanania angustifolia Roxb’ dialect:Gondi:betul:Betul Tr.  IDs=f_tjz4gog5ocrcc SRC=dedr;Tr-Gondi
  rēka ‘chironji (<i>Voc.</i> 3342)’ dialect:Gondi:gommu:Koya%20%28Gommu%29 G. Mu.  IDs=f_vy47iqjjoanhe SRC=dedr
Kui:
  srēko ‘a species of forest tree’    IDs=f_ortk676vk3ki4 SRC=dedr
Kuwi:
  rēko ‘<i>B. latifolia.</i> DED(S) 2160’  Ṭ.  IDs=f_eruvxosz2di6w SRC=dedr;Ṭ-Kuwi
Pengo:
  rēka mar ‘<i>B. latifolia</i>’    IDs=f_b4c3upvsu4mpc SRC=dedr
Manda:
  rēko ‘id’    IDs=f_nk2bcr6cfebym SRC=dedr
Kolami:
  sire ‘chironji tree’  SR.  IDs=f_orcs5kclhiare SRC=dedr;SR-Kolami
  cīre ‘chironji tree’ dialect:Kolami:kinwat:Kinwat Kin.  IDs=f_qzov3si2jdqnc SRC=dedr
Naikri:
  śīre ‘id’    IDs=f_2jgxb5nlzljqu SRC=dedr
Parji:
  cīr ‘chironji nut’    IDs=f_4xyxa4lvzhiia SRC=dedr

### d2698 *čuẓ-  HEAD merriam-pdr
ETYMOLOGY 
PDr:
  *čuẓ- ‘’    IDs=d2698 SRC=dedr[entry 2698, DED(S, N) 2223];merriam2026dravidiandb[record 2902, DEDR 2698];starostin2006dravidian
  *čuẓ- ‘to whirl, twist; to swing, oscillate; to roll (intr.); a whirl, circlet, whirlpool, whirlwind, curl or twist in the hair, esp. in the hair of horses, mark; rolling, writhing, tossing; to turn and twist’    IDs=f_xuagelcmcxc62 SRC=merriam2026dravidiandb[record 2902, DEDR 2698];starostin2006dravidian
Tamil:
  cuṛ̆al ‘to whirl, spin, rotate, roll, turn on axis (as wheel), revolve in an orbit, roam, wander, be tossed about, driven to and fro, be agitated, troubled, distressed in mind, droop, faint, languish, be dizzy, swim as the eyes; whirling, revolving, curl, eddy, etc’ noun verb (cuṛ̆alv-, cuṛ̆aṉṟ-)  IDs=f_22tnbvwvamtr4 SRC=dedr
  cuṛ̆aṟṟi ‘handle as of spinning-wheel, fan’    IDs=f_3r7kqrdpyhidy SRC=dedr
  cuṛ̆iyal ‘curling as of hair’    IDs=f_4sephrnpcyrri SRC=dedr
  cūṛ̆vōr ‘bystanders, spectators, neighbours’    IDs=f_5ivbhyu4bl2fm SRC=dedr
  cuṛ̆ivu ‘circumvention, anxiety’    IDs=f_7djfbyeqmi6vi SRC=dedr
  uṛ̆aṟṟi ‘rolling, twisting, writhing with pain’    IDs=f_ausn4g57pvtlu SRC=dedr
  cuṛ̆ippu ‘agitation’    IDs=f_cel4ohbof4uoe SRC=dedr
  cuṛ̆iyaṉ ‘deceitful person’    IDs=f_dxnznoedz6ve2 SRC=dedr
  uṛ̆i ‘to wander about’ verb Tamil-class-2 weak (-v-, -nt-)  IDs=f_e65gishryd6v2 SRC=dedr
  cuṛ̆aṟṟu ‘to whirl , spin, swing round, turn, roll, brandish, flourish, wave, cause dizziness, make giddy; whirling, wheeling, spinning’ tr noun verb Tamil-class-3 weak (cuṛ̆aṟṟi-)  IDs=f_eymr4zqxs27h6 SRC=dedr
  uṛ̆alai ‘cylindrical beam of wood in an oil or sugar-cane press, by the revolution of which the oil or juice is expressed’    IDs=f_g5idfqtdzczdu SRC=dedr
  cūṛ̆al ‘surrounding, neighbourhood’    IDs=f_g6wd3og6izoaq SRC=dedr
 ... 13 additional unique records
Malayalam:
  cuṛ̆alca ‘rotation, giddiness’    IDs=f_23rola6sfcdoy SRC=dedr
  cuṛ̆al ‘revolving, vortex’    IDs=f_246f3jkv2fcve SRC=dedr
  uṛ̆aṟṟuka ‘to urge on’    IDs=f_4dz3vqp5r4yty SRC=dedr
  cuṛ̆ippu ‘whirl, wriggling, untruth’    IDs=f_4xrtcdf5uiapc SRC=dedr
  cuṛ̆ali ‘whirling’    IDs=f_66ddtw2wyyols SRC=dedr
  uṛ̆aluka ‘to rove, ramble, be fatigued, perplexed’    IDs=f_ap2ivtewmhz5u SRC=dedr
  cuṛ̆aṟṟuka ‘to whirl round, brandish, swing, fling; feel giddy’    IDs=f_df2qzinmt7j4e SRC=dedr
  cuṛ̆aluka ‘to whirl, revolve, be giddy, surround’    IDs=f_dwz3xwxwnad3y SRC=dedr
  cūṛ̆uka ‘to encompass, surround’    IDs=f_emhocdb7revwy SRC=dedr
  cūṛ̆a ‘round about’    IDs=f_fsidk2cbuc2jy SRC=dedr
  cuṛ̆ivu ‘whirlpool’    IDs=f_fzfpgeogec52o SRC=dedr
  uṛ̆iññal ‘a swing, swinging bed’    IDs=f_kriaexjagqojw SRC=dedr
 ... 12 additional unique records
Kota:
  cuyg ‘hair-whorl on person's head, whorls of hair on animal's back indicating by position excellence or badness’    IDs=f_3pzrocckywfbm SRC=dedr
  cuḷy ‘whirlpool in river’    IDs=f_ffcrosfye6loy SRC=dedr
Toda:
  tȳl goṭy ‘ring fastening which attaches churnstick to post (= poːl goṭy), see tüːs̱ (for koṭy, see 1147)’ noun   IDs=f_3xroalrphekfm SRC=bhaskararao-toda2025[p. 256, entry 11]
  ty ɫ ỵ ‘(1) deep pool, lake’ noun   IDs=f_47fvw4l4mhngw SRC=bhaskararao-toda2025[p. 254, entry 28];bhaskararao-toda-notes[p. 180]
  tȳs̱ ‘churnstick (= mod, tüːl). Not the usual tiː word for ‘churnstick’. Only found in the sentence toːṟ tüːs̱ öṛts̱kaː¿ ‘Has the important man (i.e., the priest) churned?’ (lit. lifted up or erected the churnstick), and in the compounds tüːl meːṇ‘postbywhichthechurnstickishelduprightwithringfastenings’andtüːl goṭy ‘ring fastening which attaches churnstick to post’; tüːs̱ öṛf- (öṛt-) ‘to churn (at tiː dairy; lit. to lift or erect the churnstick)’’ noun   IDs=f_5rkklndhflfle SRC=bhaskararao-toda2025[p. 256, entry 13];emeneau-toda1984[p. 30]
  ty·l me·ṇ ‘post by which the churnstick is held erect with ring-fastenings (forme·ṇtree, post, see 4711(<i>a</i>)); tü·l goṭyringfastening which attaches churnstick to post (forkoṭy, see 1147); post by which the churnstick is held erect with ring fastenings’    IDs=f_bk5d3xz6rsylm SRC=dedr;burrow-emeneau1972den1[p. 407, entry 2223(a)]
  ty·s̱ øṛf- (øṛt-) ‘to churn (atti·dairy; lit. to lift or erect the churnstick)’    IDs=f_cavbakl6kfv3g SRC=dedr
  tuḍy- (tuḍs-) ‘to move in a circle, lounge, loaf about’    IDs=f_el5eq2uhl774s SRC=dedr
  tył̣y ‘deep pool’    IDs=f_kepjv4wlzolbq SRC=dedr
  tuḍc- ‘to turn (tr.) in a circle’ verb tr variant   IDs=f_nab5jyj52os54 SRC=bhaskararao-toda2025[p. 251, entry 17];emeneau-toda1984[p. 124]
  tuḍy- ‘to turn (tr.) in a circle’ verb tr   IDs=f_ouc4ceiompmne SRC=bhaskararao-toda2025[p. 251, entry 17];emeneau-toda1984[p. 124]
  tuḍs- ‘to move in a circle, lounge, loaf about’ verb intr variant   IDs=f_qv7fcnpmjyqzy SRC=bhaskararao-toda2025[p. 251, entry 18];emeneau-toda1984[p. 123];bhaskararao-toda-notes[p. 178]
  ty·s̱ ‘churnstick, in:’    IDs=f_rbxjmopks65uw SRC=dedr
  tuḍy- ‘to move in a circle, lounge, loaf about’ verb intr   IDs=f_t2kagxfub5gga SRC=bhaskararao-toda2025[p. 251, entry 18];emeneau-toda1984[p. 123];bhaskararao-toda-notes[p. 178]
 ... 1 additional unique records
Kannada:
  tuṛ̆i ‘to turn round’    IDs=f_54psxp3b37am4 SRC=dedr
  suṛ̆ivu ‘turning or moving about, motion, going, waving, a flickering shine, glimpse’    IDs=f_5k25jfr2x76is SRC=dedr
  toṛ̆alicu ‘to cause to roam about, send about’    IDs=f_66rhojbocdrrc SRC=dedr
  toṛ̆aluvike ‘roaming or wandering about’    IDs=f_awe4g4i3e5jku SRC=dedr
  suṛ̆uhu ‘turning round, etc’    IDs=f_d4kaimjdomwws SRC=dedr
  suṛ̆i ‘to be turned round, go round, revolve, curl, wander, roam, walk, go, be unsteady, flicker, waver, fluctuate; turning round, waving, whirling, curling, moving about, motion, whirl, whirlpool, eddy, the tender still-folded leaf of a plantain, coco- or areca-nut, a vagrant, an idle or lazy man, deception, deceit, fraud’ noun   IDs=f_dxtz34rkgfd2u SRC=dedr
  suṛ̆uvu ‘turning round, etc’    IDs=f_e3mv26g54zngk SRC=dedr
  toṛ̆asu ‘to nauseate’    IDs=f_in62uabswo2i2 SRC=dedr
  toṛ̆al (toṛ̆ald-) ‘to move round, go or turn round, revolve, roam or wander about, get perplexed or bewildered, roam over, cross in wandering about, roll’    IDs=f_iums6sloigowe SRC=dedr
  uṛ̆al ‘to be unsteady, whirl around, swing, be loosened and fly away’    IDs=f_jjoo6q2jcdfa2 SRC=dedr
  toṛ̆ali ‘moving around’    IDs=f_ltvrhqhwa3nm2 SRC=dedr
  toṛ̆akal ‘act of turning, wandering, etc’    IDs=f_qw7pfzgifl6os SRC=dedr
 ... 3 additional unique records
Tulu:
  suḷipuni ‘to shake, agitate, turn in a lathe’    IDs=f_4ezcgh2xvwjwo SRC=dedr
  tuliyuni ‘to churn, make butter’    IDs=f_i5xq6aj4psrz4 SRC=dedr
  tulipuni ‘to churn, make butter’    IDs=f_ivlfx2xqfafzc SRC=dedr
  suḷiyuni ‘to shake, be agitated as water’    IDs=f_jg7uf5sn73wmg SRC=dedr
  sulipini ‘to whirl, go round’    IDs=f_pqiyorkbe5xp4 SRC=dedr
  suḷi ‘an eddy, whirlpool, ominous curve on a person, hinge’    IDs=f_qosi6jqlztrjg SRC=dedr
  tuḷipuni ‘to shake, agitate, turn in a lathe’    IDs=f_s6aijbt22za56 SRC=dedr
  sulipuni ‘to whirl, go round’    IDs=f_v7awvpbl65jxk SRC=dedr
Telugu:
  ḍollu ‘to roll’ intr   IDs=f_7uxdyw24b6u4w SRC=dedr
  cu ‘id’ tr   IDs=f_dgxfshhu7n7ws SRC=dedr
  suḍiyu ‘to turn round, blow in a wind’    IDs=f_eydbcnoj2pf3m SRC=dedr
  suḍivaḍu ‘to turn round, be puzzled, confused, entangled’    IDs=f_fhwlyvsml3gfy SRC=dedr
  ḍolu&lt ‘id’ tr   IDs=f_huorhdtptiy7a SRC=dedr
  dolupu ‘id’ tr   IDs=f_j2ifi5evbksyy SRC=dedr
  &gt ‘id’ tr   IDs=f_o3kuzqhxzix6w SRC=dedr
  suḍi ‘a whirl, circlet, whirlpool, whirlwind, curl or twist in the hair, esp. in the hair of horses, mark’    IDs=f_qzwabe4tzkhie SRC=dedr
  ḍol&lt ‘id’ tr   IDs=f_siomky4eyhipi SRC=dedr
Gondi:
  uḍḍ ‘to turn round, wander. DED(S, N) 2223; to turn round, wander’ dialect:Gondi:koya:Koya verb KoyaSu.; source label: Koya Su.  IDs=f_4lwsz7zlkmzme SRC=dedr;burrow-emeneau1972den1[p. 407, entry 2223(b)]
  uḍ ‘to turn round, revolve, roam’ dialect:Gondi:koya:Koya verb Ko.; source label: Ko.  IDs=f_o6sywhirgyc6c SRC=dedr;burrow-emeneau1972den1[p. 407, entry 2223(b)]
Kui:
  ḍoḍga (ḍoḍgi-) ‘to roll on the ground, grovel, sprawl, wallow; act of sprawling, etc’ noun   IDs=f_6g3indfrb6ofw SRC=dedr
  ḍuṛi ‘rolling, writhing, tossing’    IDs=f_b4qltfvprzhcg SRC=dedr
Kurux:
  coē̃da'ānā ‘to turn and twist’    IDs=f_rwk3lmyca2qfu SRC=dedr
Badaga:
  sui ‘whorl of hair’ noun uncertain   IDs=f_kpbxuumsrcrdi SRC=hockings-pilotraichoor1992[p. 542, col. 2]
  gūde gundu ‘heavy round stone rolled up the body and thrown over the shoulder’ noun uncertain   IDs=f_ky2lcnder5nva SRC=hockings-pilotraichoor1992[p. 248, col. 2]
  hālu suruku ‘to churn milk’ verb tr uncertain   IDs=f_ryh645e2da54w SRC=hockings-pilotraichoor1992[p. 586, col. 2]
  gūde ‘circular’ adj uncertain   IDs=f_ujohhtimdte6o SRC=hockings-pilotraichoor1992[p. 248, col. 2]

### d2929 **nirVvV  HEAD krishnamurti-pfeiffer
ETYMOLOGY 
SOURCE NOTE Cf. 811 Ta. eri. DED(S) 2389. SOURCE dedr[entry 2929, DED(S) 2389]
PDr:
  **nirVvV ‘’    IDs=d2929 SRC=dedr[entry 2929, DED(S) 2389];pfeiffer2018
  *nijur ‘fire; to blaze; ignition, a flare; flame; embers, live coals, wood glowing with fire, brand’    IDs=f_h4a2zvhzxw3gm SRC=merriam2026dravidiandb[record 3134, DEDR 2929];starostin2006dravidian
Tamil:
  neruppu ‘fire’    IDs=f_fgasy7qf73qhk SRC=dedr
Malayalam:
  nerippu ‘id’    IDs=f_7vp2pqup5kx4k SRC=dedr
  ñeri ‘heat, burning, pungency (Gt. s.v.eri)’    IDs=f_m3dm32a33pnsm SRC=dedr
  ñerippu ‘id’    IDs=f_urjtccrfffhk2 SRC=dedr
Kota:
  nep ‘live coal’    IDs=f_r4jjdovd6y3i4 SRC=dedr
Toda:
  nep ‘(2) live coal’ noun   IDs=f_oacl6koybothq SRC=bhaskararao-toda2025[p. 131, entry 21]
  nep ‘id’    IDs=f_tcvyeyw7kfdam SRC=dedr
Telugu:
  nippu ‘fire’    IDs=f_g5w2ykggx2mle SRC=dedr
  nippuka ‘fire’    IDs=f_z3ooo33e74xza SRC=dedr
Gondi:
  nirvānā ‘to burn <i>; caus.</i>’ intr dialect:Gondi:betul:Betul Tr.  IDs=f_2hlivtgfwnqpk SRC=dedr;Tr-Gondi
  nirustānā (<i>Voc.</i> 1991) ‘to burn <i>; caus.</i>’    IDs=f_qnpynlivk6oc2 SRC=dedr
Kui:
  drēna ‘with a flare’    IDs=f_6qimk5cksndq2 SRC=dedr
  drē inba ‘to be ignited, flare’    IDs=f_bpmccozhbbva2 SRC=dedr
  drē ‘ignition, a flare’    IDs=f_dmhakni64ddjs SRC=dedr
Kolami:
  nipp ‘to kindle’ dialect:Kolami:kinwat:Kinwat Kin.  IDs=f_vfe3bhsf2tmo2 SRC=dedr
  nipka ‘small piece of fire’    IDs=f_zuxmo5g65kbtq SRC=dedr
Naikri:
  nipka ‘burning coal’    IDs=f_7tx4lyroaqaku SRC=dedr
Parji:
  nir ‘to blaze’    IDs=f_andgsdjv4zngo SRC=dedr
  nirkip- (nirkit-) ‘to kindle’    IDs=f_ox45fselvslfo SRC=dedr
Gadaba:
  niruk ‘to light a lamp’ dialect:Gadaba:salur:Salur S.<super>2</super>  IDs=f_iessbbp3ufq5k SRC=dedr;S2-Gadaba
  nirik ‘to light a lamp’ dialect:Gadaba:salur:Salur S.  IDs=f_nh2kftglp7q3c SRC=dedr;S-Gadaba
Kurux:
  niyū̃r ‘embers, live coals, wood glowing with fire, brand’    IDs=f_s4emdtciun43c SRC=dedr
Malto:
  nargtre ‘to blow up a fire, reproach severely’    IDs=f_4tuxgocvqfucg SRC=dedr
  nare ‘flame’    IDs=f_jcg7wv76iicuu SRC=dedr
  narɣe ‘to rise up in flames’    IDs=f_tdgvcckg36wpg SRC=dedr

### d2988 *ḍol-  HEAD merriam-pdr
ETYMOLOGY 
PDr:
  *ḍol- ‘’    IDs=d2988 SRC=dedr[entry 2988, DED(S) 2421];merriam2026dravidiandb[record 3194, DEDR 2988];starostin2006dravidian
  *ḍol- ‘to fall; to lie, fall; to fall, lie down’    IDs=f_ps6e7q5wfbu2c SRC=merriam2026dravidiandb[record 3194, DEDR 2988];starostin2006dravidian
Telugu:
  ḍullu ‘to fall off’    IDs=f_ai3ydczvn4xi4 SRC=dedr
  ḍulupu ‘to cause to fall’  K. also  IDs=f_azpmtvsxojesa SRC=dedr;K-Telugu;K-also-Telugu
  ḍulcu ‘to cause to fall’    IDs=f_ehgud6oe7qhb6 SRC=dedr
  ūḍu ‘to fall off, come off, drop, give way, fail’    IDs=f_ky34c5v2ql52s SRC=dedr
  ḍulucu ‘to cause to fall’    IDs=f_ogjjadvszbank SRC=dedr
  ḍollu ‘to fall’    IDs=f_qivxwa4e5wadm SRC=dedr
  ḍolligillu ‘to fall or tumble over’    IDs=f_qp4so3oeyykfm SRC=dedr
Gondi:
  dolanā ‘to perish, be destroyed (<i>Voc.</i> 1616)’ dialect:Gondi:maria:Maria L.  IDs=f_anuojqjupznnw SRC=dedr;L-Gondi
  ḍol ‘to die’ dialect:Gondi:koya:Koya Ma. M. Ko.  IDs=f_thixn643i5awm SRC=dedr;M-Gondi
  ḍol ‘to die’ dialect:Gondi:maria:Maria Ma. M. Ko.  IDs=f_zb4voaziwhrty SRC=dedr;M-Gondi
Kui:
  ḍōpa (ḍōt-) ‘to lie down, recline, sleep; act of lying down, sleep’ noun   IDs=f_xf2h7fwzwgvwu SRC=dedr
Kuwi:
  dulh ‘to shake off’  S.  IDs=f_557alydxzphve SRC=dedr;S-Kuwi
  ḍō- (-t-) ‘to sleep. DED(S) 2421’  Ḍ.  IDs=f_7apslxnn7vdlw SRC=dedr;Ḍ-Kuwi
  dūlinai ‘to sleep’  S.  IDs=f_ck4iuxqu5wr6u SRC=dedr;S-Kuwi
  ḍul- (-it-) ‘(hair, leaves) to fall’ dialect:Kuwi:sunkar:Sunkarametta Su.  IDs=f_pmifdemkrvqdc SRC=dedr
Kolami:
  ḍol- (ḍolt-) ‘to lie down, be felled’    IDs=f_6ahkdbumz5zak SRC=dedr
  ḍolp- (ḍolopt-) ‘to fell (trees), pull down (wall)’    IDs=f_7rarn7cdrix42 SRC=dedr

### d3014 *taŋ-  HEAD merriam-pdr
ETYMOLOGY 
PDr:
  *taŋ- ‘’    IDs=d3014 SRC=dedr[entry 3014, DED 2443];merriam2026dravidiandb[record 3221, DEDR 3014];starostin2006dravidian
  *taŋ- ‘to be obtained; to possess; to stay; to stop; to remain, be left, be excepted or omitted; n. remainder, other; to stay, live’    IDs=f_bvnankd5rmv5s SRC=merriam2026dravidiandb[record 3221, DEDR 3014];starostin2006dravidian
  *tak- ‘to be obtained; to possess; to stay; to stop; to remain, be left, be excepted or omitted; n. remainder, other; to stay, live’    IDs=f_u5khzsl53gycs SRC=merriam2026dravidiandb[record 3222, DEDR 3014];starostin2006dravidian
Tamil:
  takkam ‘stability’    IDs=f_4hvhrlfg3hijs SRC=dedr
  taŋku ‘to stay, sojourn, abide, remain, be stable, firmly established, be retained in the mind, exist, halt, wait, delay, be obstructed, reserved, or kept back; staying, stopping’ noun verb Tamil-class-3 weak (taŋki-)  IDs=f_6r3i26eycp2qc SRC=dedr
  takku ‘to come to stay, become permanent, lasting (as a possession or acquisition), be retained’ verb Tamil-class-3 weak (takki-)  IDs=f_lpw7w4tjir36w SRC=dedr
  taŋkal ‘stopping, halting, resting, delay, halting place, persistence, stability’    IDs=f_pj3uzeigbd2ke SRC=dedr
Malayalam:
  taŋŋikka ‘to delay, stop’    IDs=f_bnwq46wrjlrsa SRC=dedr
  tañcuka ‘to stop, remain’    IDs=f_gie4gyu3k2c76 SRC=dedr
  tañcam ‘being at rest, posture’    IDs=f_ijec5a3dkey5m SRC=dedr
  taŋŋuka ‘to stop, come into possession, be there, be arrested in the midst of progress’    IDs=f_p72ikykergi5o SRC=dedr
  taŋŋal ‘rest, shelter’    IDs=f_qwnk43mvkqveg SRC=dedr
  takkuka ‘to be obtained’    IDs=f_yjlflura2xjbu SRC=dedr
Kota:
  taŋg- (taŋgy-) ‘to spend time in a place away from home’    IDs=f_xcqffwclag5yi SRC=dedr
Toda:
  tok- (toky-) ‘to last long (money, situation), (child) lives long’    IDs=f_5hi7s6ol2rrrs SRC=dedr
  toζ ‘other, different (i.e. the remaining one, the other one)’    IDs=f_hc5fvawxgmcpm SRC=dedr
  tok- ‘to last long (money, situation), (child) lives long; to remain (as alive after illness, danger)’ verb intr   IDs=f_imyuzyyvxfm2s SRC=bhaskararao-toda2025[p. 241, entry 15];emeneau-toda1984[p. 120];bhaskararao-toda-notes[p. 171]
  toky- ‘to last long (money, situation), (child) lives long; to remain (as alive after illness, danger)’ verb intr variant   IDs=f_pcwvya3bid6y6 SRC=bhaskararao-toda2025[p. 241, entry 15];emeneau-toda1984[p. 120];bhaskararao-toda-notes[p. 171]
  toz̡ ‘other, different (i.e. the remaining one, the other one)’ adj   IDs=f_rzvw4qytjisvi SRC=bhaskararao-toda2025[p. 245, entry 3]
Kannada:
  dakkisu ‘to cause to be obtained, etc’    IDs=f_dd56kktk7ypjk SRC=dedr
  dakku ‘to accrue to, be obtained, fall to one's share, come into and remain in one's possession, remain, be preserved; acquirement, attainment, possession, property’ noun   IDs=f_pkghp67epd7ww SRC=dedr
  taŋgu ‘to stop, stay, tarry, sojourn, lodge; stoppage, halt, a day's journey’ noun   IDs=f_stno53giqgl6q SRC=dedr
Tulu:
  daksāvuni ‘to bring into another's possession’    IDs=f_4ljlrndami6f2 SRC=dedr
  dakkāvoṇuni ‘to retain or digest anything eaten, misappropriate successfully, take charge of’    IDs=f_fi666aak2sklw SRC=dedr
  dakkati ‘possession, control, appropriation, digest’    IDs=f_grn5e47s46344 SRC=dedr
  daksuni ‘to be retained or digested as food, medicine, etc., be misappropriated successfully’    IDs=f_m2a3wldwb5x2g SRC=dedr
Telugu:
  dakku ‘to remain, be left as a balance or residue, be saved or spared’    IDs=f_2b6h6xddywzvo SRC=dedr
  ḍakku ‘to remain, be left as a balance or residue, be saved or spared’    IDs=f_dtsaviftds7le SRC=dedr
  takkina ‘remaining, other’    IDs=f_kdnrxdyhiznuw SRC=dedr
  takku ‘to remain, be left, be excepted or omitted; remainder, other’ noun   IDs=f_x5jsvgogsuwbu SRC=dedr
Gondi:
  tagg ‘to stay, last (<i>Voc.</i> 1642). DED 2443’ dialect:Gondi:adil:Adilabad A.  IDs=f_nshuwql7nsesm SRC=dedr;A-Gondi
  taggānā ‘to wear well (of clothes), remain in one's service (of servants)’ dialect:Gondi:betul:Betul Tr.  IDs=f_pbny5yn7vxkzm SRC=dedr;Tr-Gondi
Kolami:
  tak- (takt-) ‘to live (in a place), remain, stay (e.g. silent)’    IDs=f_r233eo3j6tsjq SRC=dedr
Naikri:
  tak ‘to stay, remain’    IDs=f_meen2hn5yw7au SRC=dedr

### d3246 *tir-a-nku ; to shrivel up; to twist; to turn; be curled up HEAD krishnamurti-pfeiffer
ETYMOLOGY 
PDr:
  *tir-a-nku ‘; to shrivel up; to twist; to turn; be curled up’    IDs=d3246 SRC=dedr[entry 3246, DED(S, N) 2655];krishnamurti
  *tir-u-kku, tir-u-mppu ‘v.t. ‘to twist’’  derived *tirV-  IDs=f_4aiezzs4aouva SRC=merriam2026dravidiandb[record 6301, DEDR 3246];krishnamurti
  *terVm- / *terVm-i ‘’    IDs=f_5u25mqgmb3omy SRC=kobayashi2022
  *tir-i (-v-, -nt-) ‘v.i. ‘to turn’’  derived *tirV-  IDs=f_62h5m36hjha3u SRC=merriam2026dravidiandb[record 6298, DEDR 3246];krishnamurti
  *tir-[i]- ‘to turn; a twist, turn, braid of hair; to go round, revolve; to be twisted, twined (as thread); to roll something upon itself; to turn on one's heels over a few grains of scalded paddy to see if it has become sufficiently dry to husk, make pirouettes; to wander about, ramble (?)’    IDs=f_7b7qcmekmrkjo SRC=merriam2026dravidiandb[record 3456, DEDR 3246];starostin2006dravidian
  *tir-i (-pp-, -ntt-) ‘to turn’  v.t.  IDs=f_cqkhrbuco4cb2 SRC=krishnamurti
  *tir-u-mpu ‘to twist’  v.i.  IDs=f_iwwicfd3ajb4i SRC=krishnamurti
  *tir-u-kku ‘to twist’  v.t.  IDs=f_pxz54vsiosyr4 SRC=krishnamurti
  *tir-a-nkku ‘to shrivel up’    IDs=f_qfriydmtkrxsc SRC=krishnamurti
  *tir-i (-v-, -nt-) ‘to turn’  v.i.  IDs=f_quah6ujfchlum SRC=krishnamurti
  **tirVmV ‘’    IDs=f_r65eozy4az3wi SRC=pfeiffer2018
  *tir-u-ku ‘to twist’  v.i.  IDs=f_rqhnsztg224aa SRC=krishnamurti
 ... 3 additional unique records
Tamil:
  tiruku ‘to twist, turn, wring, braid as hair; twist, wrench, bend, curve, thread of a screw, screw, swivel, crookedness of mind, prevarication’ noun verb Tamil-class-3 weak (tiruki-)  IDs=f_3ztffqdmhw4g6 SRC=dedr
  tirivu ‘change, alternation, variation, motion, ruin’    IDs=f_aehg5bnjbqqam SRC=dedr
  tilump ‘to be turned’    IDs=f_b7r65txlqvrok SRC=dedr
  tilupp ‘to turn’ tr dialect:Tamil:kollimalai:Kollimalai Koll.  IDs=f_by5razchuont2 SRC=dedr;Koll-Tam
  tiruppam ‘turning, averting’    IDs=f_dttcoupkul6hu SRC=dedr
  tiruppu ‘to cause to return, send back, turn, deflect, twist, etc.; a turn’ noun verb Tamil-class-3 weak (tiruppi-)  IDs=f_eekeqtrebl7a4 SRC=dedr
  tiriya ‘again’    IDs=f_fiom4vhylaqfk SRC=dedr
  tiruppi ‘screw-driver’    IDs=f_gcvzfkplynjwq SRC=dedr
  tiripu ‘change, alternation’    IDs=f_haj5jmmswhwt6 SRC=dedr
  tirukku ‘to twist; a twist, bend, curve, crookedness of mind’ noun verb Tamil-class-3 weak (tirukki-)  IDs=f_mjwef4jpfg5go SRC=dedr
  tirumpu ‘to turn, turn back, be changed, etc’ verb Tamil-class-3 weak (tirumpi-)  IDs=f_n6x4mvumwzk7g SRC=dedr
  tiri ‘to turn, revolve, be twisted, convolved, wander about, move, return, change, vary, change in quality, become sour as milk; (-pp-, -tt-) to turn , cause to revolve as a wheel, twist as yarn or rope, cause to return, change, alter, vary, translate; twisting, turning, roll or twist of cloth or thread for a wick, torch of twisted cloth’ tr noun verb Tamil-class-2 weak (-v-, -nt-)  IDs=f_nllb3nymxlqjs SRC=dedr
 ... 3 additional unique records
Malayalam:
  tirivu ‘turning, returning, change, a turn, shift, quirk’    IDs=f_5kpsp25gavciy SRC=dedr
  tirumpuka ‘to turn round, wrest, squeeze, rub between the hands’    IDs=f_6rr45563adpjm SRC=dedr
  tirikka ‘to turn round, turn the course, change, alter, return’    IDs=f_7awp3h2duu7fy SRC=dedr
  tiriccal ‘turning, returning, change’    IDs=f_aylq7pnvs53jm SRC=dedr
  tirikē ‘again, back’    IDs=f_bu42bpya4gzry SRC=dedr
  tiri ‘a turn, twist, wick’    IDs=f_ewtu4paryuxz2 SRC=dedr
  tirukku ‘hem, border’    IDs=f_gmapgtywb6zc6 SRC=dedr
  tirippu ‘turning, change’    IDs=f_nhs3ba747nm5s SRC=dedr
  tirukkal ‘plaiting the hair’    IDs=f_oc2ozwgzrh2wk SRC=dedr
  tirukuka ‘to turn in as women their hair, screw in, twist, wind thread’    IDs=f_qflfja6wp2pjk SRC=dedr
  tirippuka ‘to wring, rub between the hands’    IDs=f_t6jpxbp3sefcs SRC=dedr
  tirukkuka ‘to roll up clothes, tuck in’    IDs=f_uqwa2hxv7quxo SRC=dedr
 ... 2 additional unique records
Kota:
  tiry- (tirc-) ‘to change in nature for the worse’ intr   IDs=f_2svm3vp34etpy SRC=dedr
  tirg- (tirgy-) ‘to turn , return’ intr   IDs=f_4gestvcbjqtea SRC=dedr
  tirynd- ‘to change one’s habits’ variant   IDs=f_br7rwcohiyykq SRC=wolf-kota[p. 38, entry 31]
  tirk- ‘“to turn utter a sound”; to change course of (stream) [also with or without aux. vay-: to arrange for, provide, prepare, etc.]’ verb tr   IDs=f_gek5iiqdlj3sy SRC=wolf-kota[p. 38, entry 29]
  tirgan ‘wheel’    IDs=f_hqkbimtoajris SRC=dedr
  tirk- (tirky-) ‘to turn , utter a sound’ tr   IDs=f_hxhlqeagwqsxy SRC=dedr
  tirk ‘act of going and returning; branch of a path’    IDs=f_jlprsd5frzrjs SRC=dedr
  tirndk- ‘to change one’s habits’    IDs=f_lbuggnlcp5ngi SRC=wolf-kota[p. 38, entry 31]
  tirc- (tirc-) ‘to cause (calf) to change its smell so that another mother will suckle it’    IDs=f_rq3tdp7qbmg7s SRC=dedr
  tirky- ‘“to turn utter a sound”; to change course of (stream) [also with or without aux. vay-: to arrange for, provide, prepare, etc.]’ variant verb tr   IDs=f_xvyuzn4k5hmei SRC=wolf-kota[p. 38, entry 29]
Toda:
  tɨrp- ‘to turn (key)’ verb tr   IDs=f_26ghjlogyywaw SRC=bhaskararao-toda2025[p. 237, entry 28];emeneau-toda1984[p. 118]
  tɨry ‘again’ adv   IDs=f_27ai7bu6fsehi SRC=bhaskararao-toda2025[p. 238, entry 5]
  tɨrx- (tɨrxy-) ‘to turn’ intr   IDs=f_2u2cihyzg5smc SRC=dedr
  tɨrk ‘turn in road; a time, turn’    IDs=f_4f2q6ykmyoofm SRC=dedr
  tɨrk- ‘to turn, twirl, wind, turn something like a knob, dial, key; to return’ verb tr   IDs=f_5cq4dpbzsy6mk SRC=bhaskararao-toda2025[p. 237, entry 24];emeneau-toda1984[p. 120];bhaskararao-toda-notes[p. 169]
  tɨry ‘again’    IDs=f_5s5ia6paeyo5k SRC=dedr
  tɨrxy- ‘to turn, i(ṯ) tïrxkin ‘I will return to where I was.’’ verb intr variant   IDs=f_7n6xijlkfko4u SRC=bhaskararao-toda2025[p. 238, entry 3];emeneau-toda1984[p. 17, 100];bhaskararao-toda-notes[p. 169]
  tɨrby- ‘to twist (cane, bamboo)’ verb tr variant   IDs=f_aecklxfkr5ey2 SRC=bhaskararao-toda2025[p. 237, entry 17];emeneau-toda1984[p. 118];bhaskararao-toda-notes[p. 169]
  tɨrpy- ‘to turn (key)’ verb tr variant   IDs=f_ahnb6xgdodaoy SRC=bhaskararao-toda2025[p. 237, entry 28];emeneau-toda1984[p. 118]
  tɨrb- (tɨrby-) ‘to twist (; cane, bamboo)’ tr   IDs=f_c5lfsmfyh7uzw SRC=dedr
  tɨrp- (tɨrpy-) ‘to turn (key)’    IDs=f_dokehpucqxlsm SRC=dedr
  tɨrk- (tɨrky-) ‘id’ tr   IDs=f_draxjnhooqtas SRC=dedr
 ... 9 additional unique records
Kannada:
  tirike ‘wandering about in quest of alms’    IDs=f_224p2727tw7we SRC=dedr
  tirigisu ‘to make go or come round, turn, twist’    IDs=f_76z7df3satp4w SRC=dedr
  tiricu ‘to twist as a string, wring (the neck)’    IDs=f_7uh4ktitpzqhu SRC=dedr
  tiri ‘to turn round, wander, roam about, wander about in quest of alms, beg alms; turning, a turn, twist’ noun   IDs=f_a2h3es4pbehua SRC=dedr
  tirihu ‘to cause to go round or move about, turn’    IDs=f_ai4mkj6umoybo SRC=dedr
  tiruvu ‘to turn as the head, a key, screw, etc.; going around, turning’ noun   IDs=f_arjd5j3zcogvi SRC=dedr
  tirugaṇi ‘turning, that which turns, a wheel for raising water, windlass, roller’    IDs=f_b6v76vxvykspi SRC=dedr
  tirupu ‘that turns, a screw, a changing, transitory feeling or state’    IDs=f_cflqsq7oygw7k SRC=dedr
  tirumpu ‘to cause to go round or move about, turn’    IDs=f_daelvsx4poe7c SRC=dedr
  tirupu ‘to cause to go round or move about, turn’    IDs=f_dirpgpavn2qbi SRC=dedr
  tirugu ‘to go round, turn, turn round, whirl, roll, turn or go back, change a shift as the wind, wander, roam about’    IDs=f_e656plgjuht4m SRC=dedr
  tirugaṇe ‘turning, that which turns, a wheel for raising water, windlass, roller’    IDs=f_eoxyyzzka4vwk SRC=dedr
 ... 14 additional unique records
Kodagu:
  tirɨgaṇi ‘pulley’    IDs=f_d3n5s4jjlsqmq SRC=dedr
  terak- (teraki-) ‘to shift without lifting’ tr   IDs=f_dpqph7at24aea SRC=dedr
  tiri ‘a wick’    IDs=f_faln22v4gagy4 SRC=dedr
  tir- (tiri-) ‘to turn round’ intr   IDs=f_fncfsb7slme5w SRC=dedr
  teraŋg- (teraŋgi-) ‘(thing) moves, shifts, (man) shifts in his seat, (child) wriggles along on buttocks’    IDs=f_hkyiuryf2kot4 SRC=dedr
  tirɨk- (tirɨki-) ‘to turn’ tr   IDs=f_ihsm3gpi4vkom SRC=dedr
  tirɨg- (tirɨgi-) ‘to go about, wander’    IDs=f_n4lvg7acfuzo6 SRC=dedr
  tera- (-p-, -t-) ‘to make to thresh about on ground by holding him’    IDs=f_rbwxcmorwexly SRC=dedr
  tere- (terev-, terand-) ‘to thresh about on ground (several men fighting, man in fit or possession by god, etc.)’    IDs=f_uysubiczradxa SRC=dedr
Tulu:
  tirpuni ‘to twirl round’    IDs=f_4awl32qhs6iey SRC=dedr
  tirŋgāvuni ‘to turn , whirl, make return, change, convert, gain over’ tr   IDs=f_aoxzxz4rxooxq SRC=dedr
  tirŋgamurŋga ‘topsyturvy, pell-mell’    IDs=f_b36gjjmomfj2k SRC=dedr
  tereḍuni ‘to roll down’    IDs=f_czyploz2fp5ao SRC=dedr
  tirŋgāṭa ‘excursion, walk, roaming, turning, change’    IDs=f_fezvza6yh6cso SRC=dedr
  tirŋgaṇɛ ‘a pivot, hinge, swivel, screw’    IDs=f_ftn2ywkgm2qa4 SRC=dedr
  tirpuḷi ‘a kind of boring instrument’  B-K. also  IDs=f_hsletw3qh4gmc SRC=dedr;B-K-Tulu
  siri ‘wick of a lamp’    IDs=f_i62pgp7dvmrqc SRC=dedr
  tiri ‘wick of a lamp’    IDs=f_ilmhicba7xxag SRC=dedr
  tirpu ‘swivel’    IDs=f_jkaha6fym3aao SRC=dedr
  tippili ‘a kind of boring instrument’    IDs=f_jtecrdu7u4aii SRC=dedr
  tirduni ‘to turn’ intr   IDs=f_l7bwb43vxtmki SRC=dedr
 ... 4 additional unique records
Telugu:
  tiriyu ‘to beg, ask alms, live by alms’    IDs=f_2vrv5woq6tml6 SRC=dedr
  tirugu ‘to roam, rove, wander, ramble, move about, turn, take a new direction, turn back, turn round, change, alter; a turn, change of direction, turning back, reversal, retraction, revocation’ noun   IDs=f_3ov3kfkm5dkwg SRC=dedr
  trimmaṭakā̃ḍu ‘wanderer, rambler, rover, vagabond’    IDs=f_54ffbpkwo66b2 SRC=dedr
  tirugali ‘a mill, handmill, gristmill’    IDs=f_cqjsxdxn4htbc SRC=dedr
  trimmaṭa ‘wandering’    IDs=f_dwuf6jytn2l7g SRC=dedr
  tiripamu ‘begging alms’    IDs=f_g323nf2zhfrvm SRC=dedr
  tirugã-baḍu ‘to rebel, revolt, turn back or round, change, alter’    IDs=f_gapxu6yum5yjy SRC=dedr
  tirigi ‘again’    IDs=f_gavpjhh6ni62e SRC=dedr
  tiripari ‘beggar’    IDs=f_izvmgisdtsyxe SRC=dedr
  tiruga ‘again’    IDs=f_knwaudo7j7rzw SRC=dedr
  tiripemu ‘begging, alms’    IDs=f_lwt7iyv4sbgg4 SRC=dedr
  trippaṭa ‘wandering’    IDs=f_m6sv6c34jzmrg SRC=dedr
 ... 11 additional unique records
Gondi:
  tiri ‘to revolve’ dialect:Gondi:maria:Maria Ma.  IDs=f_2ornkp5isxwaa SRC=dedr
  tirh ‘to make to revolve (<i>Voc.</i> 1726)’    IDs=f_5lyaw5ruw3vcg SRC=dedr
  tiri ‘to revolve’ dialect:Gondi:yavatmal:Yavatmal A. Y. Ch.  IDs=f_atnga3gey76p2 SRC=dedr;A-Gondi
  tiṛitānā ‘to wander’ dialect:Gondi:mandla:Mandla W   IDs=f_bfgba7gdokkuw SRC=dedr;W-Gondi
  tirhānā ‘id’ tr dialect:Gondi:maria:Maria M.  IDs=f_blh3wse2vzu44 SRC=dedr;M-Gondi
  tiritānā ‘to turn over (in sleep)’ dialect:Gondi:mandla:Mandla Ph.  IDs=f_d7gwge7pdxyt4 SRC=dedr;Ph-Gondi
  tiri ‘to revolve’ dialect:Gondi:adil:Adilabad A. Y. Ch.  IDs=f_eyplz7vevtbhs SRC=dedr;A-Gondi
  tiruhtānā ‘to make to revolve’ caus   IDs=f_fobl65mlx37t4 SRC=dedr
  tirītānā ‘id., turn round, of bullocks in an oil-mill or threshing; wander, make a detour’ dialect:Gondi:betul:Betul Tr.  IDs=f_j62f47svbcdoe SRC=dedr;Tr-Gondi
  tirīstānā ‘to make to wander’    IDs=f_jrk7zeqsuzfig SRC=dedr
  tiri ‘to revolve’ dialect:Gondi:chanda:Chandrapur A. Y. Ch.  IDs=f_kyjf2yheomaui SRC=dedr;A-Gondi
  tirahtānā ‘to turn’ tr   IDs=f_lt35x2atz7uxc SRC=dedr
 ... 4 additional unique records
Konda:
  tiris- (-t-) ‘to twist, twine’    IDs=f_6dbojgv6rkz5g SRC=dedr
  tirvi- (-t-) ‘to return, turn back, come round’    IDs=f_plngkbbnseay4 SRC=dedr
  tirp- (-t-) ‘to turn round , take round’ tr   IDs=f_rfbbi2cn2b3a6 SRC=dedr
  tiri- (-t-) ‘to be twisted, twined (as thread)’    IDs=f_vqzme3jkcohwc SRC=dedr
Kui:
  trehpa (treht-) ‘to cause to wander, carry about, hawk for sale’    IDs=f_6raxdo734vr2y SRC=dedr
  trēba (trēt-) ‘to wander around, go for a walk’    IDs=f_aldbwsr6ynsdu SRC=dedr
  trespa (trest-) ‘to carry around’    IDs=f_cwmmuw5pdnrli SRC=dedr
  tihpa (tiht-) ‘to turn about, turn back, change round, alter, repent; act of turning about or back, repentance’ noun   IDs=f_f5uri6pjh5auk SRC=dedr
  tija (tiji-) ‘to turn back, return, retreat; act of turning back, etc’ noun   IDs=f_gmpcz42sj4bps SRC=dedr
  terpa (tert-) ‘to twist, wind, wrap around’    IDs=f_x43o5skeaswde SRC=dedr
Kuwi:
  rēh- (-t-) ‘to go about selling’    IDs=f_6lqwidmbqu32c SRC=dedr
  termpinai ‘to roll’  S.  IDs=f_eu36cmvkom5zw SRC=dedr;S-Kuwi
  rejali ‘to wander, roam’  F.  IDs=f_f57w7ttb4xxwu SRC=dedr;F-Kuwi
  tipali ‘to turn round’  F.  IDs=f_jlnjqxqkp37ai SRC=dedr;F-Kuwi
  tiṛvali ‘to turn oneself round’    IDs=f_ky62ki52myafq SRC=dedr
  re'- (recc-) ‘to wander, roam’ dialect:Kuwi:sunkar:Sunkarametta Su.  IDs=f_nudgga2o7ksxi SRC=dedr
  triv- (-it-) ‘to spin, revolve’ dialect:Kuwi:sunkar:Sunkarametta Su.  IDs=f_r7zhpz4yyf5jy SRC=dedr
  rēvu ‘path (animal)’  Isr.  IDs=f_rnmclceudzkey SRC=dedr;Isr-Kuwi
  tēṛmbali ‘to wallow’  F.  IDs=f_uhilf2xk3rxes SRC=dedr;F-Kuwi
  trepʰ'nai ‘to involve, lap’  S.  IDs=f_yk27ilrye2h76 SRC=dedr;S-Kuwi
  rēnai ‘to ramble, stroll (cf. Kuitrēba; with loss oft-)’  S.  IDs=f_ylwor26hmwibw SRC=dedr;S-Kuwi
  tṛīcali ‘to twist’    IDs=f_z3egtdkscjxu4 SRC=dedr
 ... 1 additional unique records
Manda:
  trīmba ‘to go round, revolve’    IDs=f_rakjaghf2if7k SRC=dedr
Kolami:
  tirgip- (tirgipt-) ‘to make to go round and round, twist’    IDs=f_2imy33aerxk24 SRC=dedr
  tirg- (tirikt-) ‘to turn , wander’ intr   IDs=f_4nwxnxzkszx2e SRC=dedr
  tip- (tipt-) ‘to turn , make to go round’ tr   IDs=f_ardfhcdwyqufm SRC=dedr
  tirgal ‘mortar, pestle’    IDs=f_iltf6epxyhelo SRC=dedr
Naikri:
  tirg ‘to turn’ intr   IDs=f_hftup3okbpyri SRC=dedr
  tipp ‘id’ tr   IDs=f_zwlzmekwdx5ny SRC=dedr
Parji:
  tirk ‘to writhe’    IDs=f_r7p3ajhqwzcnk SRC=dedr
Kurux:
  termᵉrnā ‘to turn on one's heels over a few grains of scalded paddy to see if it has become sufficiently dry to husk, make pirouettes’ refl pass   IDs=f_nzarelhairvkk SRC=dedr
  tīrnā ‘to turn on one's heels over a few grains of scalded paddy to see if it has become sufficiently dry to husk, make pirouettes’    IDs=f_rapmmsuwvk6sc SRC=dedr
  terᵉmnā (tirmyas) ‘to roll something upon itself’    IDs=f_yqqdoetnfxuta SRC=dedr
Brahui:
  cirrēnging ‘to wander about, ramble. DED(S, N) 2655’    IDs=f_flfg4n3vdyrdm SRC=dedr
Badaga:
  tirugu ‘1. to turn, return, wander around, wander about, revolve, circle about, go here and there, bend around; 2. to beg, go begging’ verb intr uncertain alternate   IDs=f_2kjsztbaeahmk SRC=hockings-pilotraichoor1992[p. 291, col. 2]
  tiruki ‘back, again’ adv uncertain alternate   IDs=f_6gxu6dxhdfjbq SRC=hockings-pilotraichoor1992[p. 291, col. 2]
  mūde tirugira ‘darkness disappears, twilight is returning, first light of dawn which marks the fifth phase of dawn by its intensity’ multiword-expression uncertain alternate   IDs=f_73ce2pavtt2yo SRC=hockings-pilotraichoor1992[p. 490, col. 2]
  Tirikōṇa ‘name of a place in the Šaivite heaven’ noun proper-noun uncertain   IDs=f_d3whdn2mis6lc SRC=hockings-pilotraichoor1992[p. 291, col. 2]
  tirugutirugu ‘again and again, repeatedly’ adv uncertain   IDs=f_dryg77eqxhu4c SRC=hockings-pilotraichoor1992[p. 292, col. 1]
  tirigi ‘back, again’ adv uncertain alternate   IDs=f_l376k5eh5i2gy SRC=hockings-pilotraichoor1992[p. 291, col. 2]
  tirigu ‘1. to turn, return, wander around, wander about, revolve, circle about, go here and there, bend around; 2. to beg, go begging’ verb intr uncertain alternate   IDs=f_mfw6qj47xpmlo SRC=hockings-pilotraichoor1992[p. 291, col. 2]
  tiri miṇike ‘spin, turn’ noun uncertain   IDs=f_p2y6xw6kk4tks SRC=hockings-pilotraichoor1992[p. 291, col. 2]
  tiruku ‘frequency of action; to mix, turn, return, bend; back, again’ noun verb tr adv pp participle uncertain alternate   IDs=f_slcjyz3u5i2cw SRC=hockings-pilotraichoor1992[p. 291, col. 2]
  iriki ‘back, again’ adv uncertain alternate   IDs=f_sqx4krpgl3k2m SRC=hockings-pilotraichoor1992[p. 291, col. 2]
  tiriku ‘frequency of action; to mix, turn, return, bend; back, again’ noun verb tr adv pp participle uncertain alternate   IDs=f_zzrmjzg6zuoss SRC=hockings-pilotraichoor1992[p. 291, col. 2]

### d3259 *tiṯ-V- to open;  HEAD krishnamurti-pfeiffer
ETYMOLOGY 
PDr:
  *tiṯ-V- ‘to open; ’    IDs=d3259 SRC=dedr[entry 3259, DED(S, N) 2667, DED 4246];merriam2026dravidiandb[record 6291, DEDR 3259];krishnamurti
  *tiṯ-V- ‘to open’    IDs=f_bnez7mlumzhqm SRC=merriam2026dravidiandb[record 6291, DEDR 3259];krishnamurti
  *tiṯ-V ‘to open’    IDs=f_hhp6wbsi42bwi SRC=krishnamurti
  *ted_-a- ‘to open; open’    IDs=f_ryzdsfkkh2qgq SRC=merriam2026dravidiandb[record 3469, DEDR 3259];starostin2006dravidian
  **teṯVkV ‘’    IDs=f_tpzuvz72fs2w6 SRC=pfeiffer2018
Tamil:
  tiṟappu ‘open, unfortified place; key, cleft, opening’    IDs=f_hh3bj4md7md36 SRC=dedr
  tuṟappu ‘a key’    IDs=f_oay626xmw4hg4 SRC=dedr
  tiṟavu ‘opening, unveiling; gateway, open space’    IDs=f_pnrvsaekhdonc SRC=dedr
  tiṟa ‘to open (as a door, one's eyes), divulge, disclose, unveil, reveal, unlock, unbolt, cut open’ verb Tamil-class-7 strong (-pp-, -nt-)  IDs=f_q4b5jviw5mjj6 SRC=dedr
Malayalam:
  tuṟakku ‘opening of the mouth’    IDs=f_gcvepeolgalza SRC=dedr
  tuṟakka ‘to open’    IDs=f_p2gdmnnrkjm5y SRC=dedr
  tuṟappu ‘opening’    IDs=f_rqn3v6c5x5aj4 SRC=dedr
  tuṟavu ‘opening, entrance’    IDs=f_wavcgkpvxjese SRC=dedr
Kota:
  terv- (terd-) ‘to open (door, etc.), release (buffaloes) from enclosure or shed’    IDs=f_2v7dm7eccinmu SRC=dedr
  terd- ‘“to open (door etc.), release (buffaloes), from enclosure or shed”’ variant   IDs=f_bkc3djf5h7c3w SRC=wolf-kota[p. 38, entry 9]
  terv- ‘“to open (door etc.), release (buffaloes), from enclosure or shed”’    IDs=f_dgxtsxhhg2mlq SRC=wolf-kota[p. 38, entry 9]
Toda:
  tɨrp ‘key (? &lt; coll. Ta. withr, or contamination withtïrp-to turn key; see s.v. 3246 Ta.tiri)’    IDs=f_22i5pqits6g2s SRC=dedr
  teṟ ɨr ‘buffalo let out to graze early in the morning before milking’    IDs=f_23fmhhdum67ao SRC=dedr
  teṟ-ɨr ‘a buffalo that is taken out early in the morning before milking (to graze the grass with due on it and brought back for milking); buffalo(s) given as teṟ by the presently engaged man to the previously engaged man (= teṟ kwïṛt-fy ïr ‘buffaloes given as teṟ’)’ noun   IDs=f_3dzo4cdkk42gy SRC=bhaskararao-toda2025[p. 231, entry 5];bhaskararao-toda-notes[p. 165, 209]
  teṟθ- ‘to open (container, door, pen, etc.)’ verb tr variant   IDs=f_56way2ov7hwsi SRC=bhaskararao-toda2025[p. 231, entry 2];emeneau-toda1984[p. 38];bhaskararao-toda-notes[p. 165]
  teṟ- (teṟQ-) ‘to open (container, door, pen, etc.)’    IDs=f_lod7lnrv2t56e SRC=dedr
  teṟ- ‘to open (container, door, pen, etc.)’ verb tr   IDs=f_oaj6hyhzem37q SRC=bhaskararao-toda2025[p. 231, entry 2];emeneau-toda1984[p. 38];bhaskararao-toda-notes[p. 165]
  tɨrp ‘key’ noun   IDs=f_tcuaypfxxyoqg SRC=bhaskararao-toda2025[p. 237, entry 27]
  tɨṟ a·ṟ ( a·ṯ-) ‘open space between front wall and entrance of house’ obl   IDs=f_xneurvizk2shc SRC=dedr
  tɨṟ āṟ ‘openspacebetweenfrontwallandentranceofhouse(obl.aːṯ-)’ noun   IDs=f_ztt2ocgspnuow SRC=bhaskararao-toda2025[p. 238, entry 11];emeneau-toda1984[p. 74]
Kannada:
  teṟa ‘an opening, clearing, state of being clear or bright’    IDs=f_42rpb3lvfgmvg SRC=dedr
  teṟahu ‘opening, an opening, gap, an interval, cessation, intermission (of sounds, rain), interstice, room, place’    IDs=f_4dfuawrjxsbsy SRC=dedr
  teṟave ‘opening, becoming manifest, appearing’    IDs=f_5f66zmfchawy4 SRC=dedr
  teṟe ‘to be unclosed, be uncovered, open; make open, open, uncover, unfold; opening, state of being open’ noun   IDs=f_bld64ap7aojpg SRC=dedr
  teṟavu ‘opening’    IDs=f_ojyvafw5f3cj2 SRC=dedr
  teṟapu ‘opening, an opening, gap, an interval, cessation, intermission (of sounds, rain), interstice, room, place’    IDs=f_uxtm2q2jmcxb6 SRC=dedr
Kodagu:
  tora- (torap-, torand-) ‘to open’    IDs=f_6cm7rn7itcm6q SRC=dedr
Tulu:
  terapu ‘space, room’    IDs=f_2uwjmjre4vbku SRC=dedr
  jappuni ‘to open’    IDs=f_oryuis4fxbb64 SRC=dedr
  jattoṇuni ‘id’  Eng.-Tulu Dict.  IDs=f_rpecin5upyjlk SRC=dedr
  depp ‘id’  Bhatta&lt;-&gt; charya; brahmin dial.  IDs=f_y65qhpeo4wogg SRC=dedr
Telugu:
  teṟa ‘open’    IDs=f_bsir5okg6tahm SRC=dedr
  teṟacu ‘to open, set open, uncover, expose, exhibit, display, unfasten, unlock’    IDs=f_e7hwkfnfyq3ec SRC=dedr
  teṟapa ‘open, exposed’    IDs=f_fdp2d4dpeqmi2 SRC=dedr
  teṟapi ‘intermission, cessation, pause, break’    IDs=f_kgb6tkj5urbr6 SRC=dedr
Gondi:
  tarh ‘to open (<i>Voc.</i> 1667)’ caus   IDs=f_3n73yltqpjiok SRC=dedr
  rehānā ‘id. (<i>Voc.</i> 3053)’ dialect:Gondi:adil:Adilabad SR.  IDs=f_4qesstv52tbfu SRC=dedr;SR-Gondi
  tarritānā ‘to open’ dialect:Gondi:mandla:Mandla Ph.  IDs=f_4vjtdzxqckfls SRC=dedr;Ph-Gondi
  tarih ‘to open (<i>Voc.</i> 1667)’ caus   IDs=f_a5m3tzhkq6zbs SRC=dedr
  tarītānā ‘(doors) to be open’ dialect:Gondi:betul:Betul Tr.  IDs=f_akfrz3c3xv6m2 SRC=dedr;Tr-Gondi
  taṛi ‘to open (<i>Voc.</i> 1667)’ dialect:Gondi:maria:Maria Ma.  IDs=f_inmojv4vrt45u SRC=dedr
  terr ‘to open (<i>Voc.</i> 1667)’ dialect:Gondi:koya:Koya Ko.  IDs=f_m6qopie3bvala SRC=dedr
  tugaituna ‘id’  LuS.  IDs=f_px6nsuukkh3sk SRC=dedr;LuS-Gondi
  teṛ ‘to open (<i>Voc.</i> 1667)’ dialect:Gondi:maria:Maria Ma.  IDs=f_qsu4sotdkvofc SRC=dedr
  tarī ‘to open (eyes, mouth, door, etc.)’ dialect:Gondi:muria:Muria Mu.  IDs=f_th4nvc2vt6jzk SRC=dedr
Konda:
  ṟe ‘id’    IDs=f_5o53e3nhrq2ae SRC=dedr
  ṟē ‘id’    IDs=f_ri6j5siywrhei SRC=dedr
  teṟe ‘id’  Gūṛi dial., comm. by K.  IDs=f_zeatzwkp33nnk SRC=dedr
Kui:
  dāpa (dāt-) ‘to open a door, clear a passage; act of opening’ noun   IDs=f_lh23fls4f32ya SRC=dedr
  dari inba ‘to be opened, spread forth; dari ispa’    IDs=f_zju5m6wads7gi SRC=dedr
Kuwi:
  de'- (det-) ‘to open’ dialect:Kuwi:sunkar:Sunkarametta Su.  IDs=f_5vg6rc4ajzatw SRC=dedr
  de'nai ‘to open’  S.  IDs=f_opoekmtrez4he SRC=dedr;S-Kuwi
Pengo:
  jē- (-t-) ‘id’    IDs=f_t5c5t2oouvypg SRC=dedr
Manda:
  jē- (-t-) ‘id’    IDs=f_6u25r2krxcfnu SRC=dedr
Kurux:
  tisⁱgnā (tisɣas) ‘to open (door, shutter)’    IDs=f_ssmshqnckhmh6 SRC=dedr
  tisgrnā ‘to open (door, shutter)’ refl pass   IDs=f_yj7pxgbm5i252 SRC=dedr
Malto:
  tisge ‘to lift the latch. DED(S, N) 2667, and from DED 4246’    IDs=f_rg24swpudwrne SRC=dedr
Badaga:
  Tera Bettu ‘Therbettu, name of a hill 2011 m in elevation, on the edge of the Nilgiri plateau, 11.5 km. NNW of Ootacamund’ noun proper-noun uncertain   IDs=f_6jeinbiqpo6mo SRC=hockings-pilotraichoor1992[p. 302, col. 2]
  gudi hadi taravadu ‘shrine door opening (lit.), beginning of a season of ceremonies at a temple (especially one infrequently used)’ noun uncertain   IDs=f_ap5habuhpnkiu SRC=hockings-pilotraichoor1992[p. 243, col. 1]
  tera ‘opening, clearing, gap; Teyrah, Tera H.S., name of a hill 2069 m in elevation, 4 km. WNW of Coonoor’ noun proper-noun uncertain   IDs=f_gkqnyzbd43y6a SRC=hockings-pilotraichoor1992[p. 302, col. 2]
  tare ‘to open, enter, unlock, unbolt, break down, be opened’ verb tr uncertain   IDs=f_rubc7kopfzvlg SRC=hockings-pilotraichoor1992[p. 283, col. 1]

### d3364 tuḷḷu  HEAD dedr-reflex
ETYMOLOGY 
PDr:
  tuḷḷu ‘’ not-reconstructed   IDs=d3364 SRC=dedr[entry 3364, DED(S, N) 2767];dedr
PSTDr:
  *tuḷ- ‘to leap, frisk; to jump, leap, spring, caper, be arrogant or conceited; n. jump, leap, spring, caper; arrogance, conceit’    IDs=f_kjjkmy5q74bbw SRC=merriam2026dravidiandb[record 3577, DEDR 3364];starostin2006dravidian
Tamil:
  tuḷḷal ‘frisking, leaping, dance, dancing, dancer’    IDs=f_7gvyjsmm3zx7e SRC=dedr
  tuḷḷu ‘to leap, frisk, spring up, jump up, be restive, trip along in a frolicsome manner, be haughty, arrogant, lead a happy-go-lucky life, tremble, quiver; leap, jump, spring, arrogance’ noun verb Tamil-class-3 weak (tuḷḷi-)  IDs=f_ua2mmkfcvboum SRC=dedr
Malayalam:
  tuḷḷikka ‘to cause to jump’    IDs=f_5xfdepgku7mj2 SRC=dedr
  tuḷḷuka ‘to frisk, jump, leap’    IDs=f_ngmzdpxzoyuem SRC=dedr
  tuḷḷan ‘grasshopper; devildancer’    IDs=f_nwrkr4tjrxiww SRC=dedr
  tuḷḷal ‘jumping, tremor as of ague, demoniac possession’    IDs=f_piuppj3x7hahy SRC=dedr
  tuḷḷan ‘grasshopper; devil dancer’ source-addition   IDs=f_q5l5wcjmvgoho SRC=burrow-emeneau1972den1[p. 409, entry 2767]
Kannada:
  tuḷḷu ‘to roll, frisk, jump, leap’    IDs=f_a6jarcvfugyfq SRC=dedr
Kodagu:
  tuḷḷ- (tuḷḷi-) ‘to make small jumps’    IDs=f_l6bxazasvhouy SRC=dedr
Tulu:
  tuḷḷuni ‘to roll, turn, leap, jump’    IDs=f_7twx3joj2xmha SRC=dedr
  tulluni ‘to roll, turn, leap, jump’    IDs=f_hfazjycm6hxou SRC=dedr
  tuḷḷelɯ ‘a marriage amongst Pariahs’    IDs=f_saiyafccy5w5k SRC=dedr
Telugu:
  truḷḷu ‘to jump, leap, spring, caper, be arrogant or conceited; jump, leap, spring, caper; arrogance, conceit’ noun   IDs=f_3kfngjktiueeo SRC=dedr
  truḷḷagincu ‘to jump up’    IDs=f_fauktvmbokhbe SRC=dedr
  tuḷḷu ‘to jump, leap, spring, caper, be arrogant or conceited; jump, leap, spring, caper; arrogance, conceit’ noun   IDs=f_io32mmrzksq4k SRC=dedr
  truḷḷũbōtu ‘an arrogant or conceited person’    IDs=f_izof3z7ocfudq SRC=dedr
  truḷḷinta ‘a jump’    IDs=f_uwdxkemsmfwnk SRC=dedr
  truḷḷaginta ‘jumping up’    IDs=f_yqmre5wjvln3s SRC=dedr
Gondi:
  tul ‘to jump (<i>Voc.</i> 1761). DED(S, N) 2767’ dialect:Gondi:koya:Koya Ko.  IDs=f_usjvrlivvpobi SRC=dedr

### d3559 *tokk- skin HEAD krishnamurti-pfeiffer
ETYMOLOGY 
SOURCE NOTE Cf. 3544 Ta. tōṭu . DED(S) 2937. SOURCE dedr[entry 3559, DED(S) 2937]
PDr:
  *tokk- ‘skin’    IDs=d3559 SRC=dedr[entry 3559, DED(S) 2937]
  *tō-l ‘skin’  PSD  IDs=f_34ynpjdt57vmu SRC=krishnamurti
  *tōl ‘skin, bark, rind; skin; skin, hide; skin (of animals)’    IDs=f_7onftbhfwom7w SRC=merriam2026dravidiandb[record 3775, DEDR 3559];starostin2006dravidian
  *tō-l (< *tok-al) ‘PSD’    IDs=f_fnbfk6uhox7sq SRC=merriam2026dravidiandb[record 6326, DEDR 3559];krishnamurti
  *tokk ‘skin’  PSD  IDs=f_iiuytu3f6bkkg SRC=krishnamurti
  *tok-al ‘skin’  PSD  IDs=f_ke25fyb6dibs2 SRC=krishnamurti
  *tokk-/*tok-al/*tō-l ‘‘skin’ PSD’    IDs=f_nugffoaamy6zq SRC=merriam2026dravidiandb[record 6317, DEDR 3559];krishnamurti
PSTDr:
  *tokk- ‘skin’    IDs=f_a4swjwhog4et2 SRC=merriam2026dravidiandb[record 5898, DEDR 3559];krishnamurti
  *tō-l ‘skin’    IDs=f_vukr2oitn5636 SRC=merriam2026dravidiandb[record 5900, DEDR 3559];krishnamurti
  *tok-al ‘skin’    IDs=f_vwjvnihibfvmu SRC=merriam2026dravidiandb[record 5899, DEDR 3559];krishnamurti
Tamil:
  toli ‘to strip off (bark), flay, husk, hull; skin, rind, husk’ noun verb Tamil-class-6 strong (-pp-, -tt-)  IDs=f_7rkfc6jaqhjmw SRC=dedr
  tokku ‘skin, bark, rind’    IDs=f_c2c7c6cdcx7uq SRC=dedr
  tōl ‘skin, hide’    IDs=f_ra5ufbwr6ppdc SRC=dedr
Malayalam:
  toli ‘skin, bark, peel, rind’    IDs=f_42uqo5p53kmd2 SRC=dedr
  tōl ‘skin, hide’    IDs=f_aayrzxj5c3vx2 SRC=dedr
  tokku ‘skin’    IDs=f_ddqklywyzvzce SRC=dedr
  tukal ‘skin as of fruit’    IDs=f_j66jjsqjk4nk4 SRC=dedr
  tolikka ‘to skin, peel’    IDs=f_xl7qugadebwtu SRC=dedr
Kota:
  to·krl ‘small peg used in pegging down hide to dry (to·l + karl[see 1389])’    IDs=f_c2ubcmxk2vis2 SRC=dedr
  to·l ‘skin, hide’    IDs=f_ph3arbalxaqou SRC=dedr
Toda:
  tvɨ̄s̱ ‘skin (hide) of animal, people; leather’ noun   IDs=f_hajqna4h2fok4 SRC=bhaskararao-toda2025[p. 259, entry 26];emeneau-toda1984[p. 30];bhaskararao-toda-notes[p. 183]
  tvɨ·s̱ ‘skin, hide’    IDs=f_t2w4armrpftga SRC=dedr
Kannada:
  tōlu ‘id., leather, skin of fruit’    IDs=f_4bscw2m3gdd74 SRC=dedr
  toval ‘id., leather, skin of fruit’    IDs=f_4y2eh2kx4vfjy SRC=dedr
  tōl ‘id., leather, skin of fruit’    IDs=f_h5omb3zzwfa5s SRC=dedr
  togal ‘id., leather, skin of fruit’    IDs=f_la44ys3wnui7q SRC=dedr
Kodagu:
  tolip ‘peeling’  Shanmugam  IDs=f_iih6mktheb4fu SRC=dedr;Shanmugam-Kodagu
  to·lɨ ‘skin, hide’    IDs=f_pqfsqvwckv4he SRC=dedr
  toli- (tolip-, tolic-) ‘to peel, hatch’    IDs=f_w3oe6fg27fxku SRC=dedr
Tulu:
  tugalɯ ‘skin, bark, rind’    IDs=f_l7nvynplxqmre SRC=dedr
  tolikɛ ‘skin, bark, rind’    IDs=f_pzmqorqnogzes SRC=dedr
Telugu:
  tokka ‘skin, bark, rind’    IDs=f_4difxmy2ovq3q SRC=dedr
  tōlu ‘skin, hide, leather’    IDs=f_mpunkvkc5v576 SRC=dedr
Gondi:
  tōla ‘skin, bark of tree’ dialect:Gondi:maria:Maria D. G. M.  IDs=f_3ptqb6rkzrrh6 SRC=dedr;M-Gondi
  tōl ‘skin, hide’ dialect:Gondi:yavatmal:Yavatmal Tr. A. Y. Mu. W. Ph.  IDs=f_jphayyddlyxhg SRC=dedr;Tr-Gondi;A-Gondi;W-Gondi;Ph-Gondi
  tōlu ‘skin’ dialect:Gondi:koya:Koya KoyaSu.  IDs=f_l5arqag5upz2m SRC=dedr
  tōl ‘skin, hide’ dialect:Gondi:mandla:Mandla Tr. A. Y. Mu. W. Ph.  IDs=f_lmxb2smav7gjk SRC=dedr;Tr-Gondi;A-Gondi;W-Gondi;Ph-Gondi
  tōla ‘skin, bark of tree’ dialect:Gondi:durg:Durg D. G. M.  IDs=f_peoye5zh66dew SRC=dedr;M-Gondi
  tolka ‘id., skin of fruit (<i>Voc.</i> 1828)’ dialect:Gondi:koya:Koya Ko.  IDs=f_t7fd6kac2u5o6 SRC=dedr
  tōl ‘skin, hide’ dialect:Gondi:muria:Muria Tr. A. Y. Mu. W. Ph.  IDs=f_vrriaifirnbre SRC=dedr;Tr-Gondi;A-Gondi;W-Gondi;Ph-Gondi
  tōla ‘skin, bark of tree’ dialect:Gondi:gommu:Koya%20%28Gommu%29 D. G. M.  IDs=f_wvskmjebip6v6 SRC=dedr;M-Gondi
  tōlu ( tōlku) ‘id., skin of fruit (<i>Voc.</i> 1828)’ pl dialect:Gondi:seoni:Seoni S.  IDs=f_x5ya5g6vtnjde SRC=dedr
  tōl ‘skin, hide’ dialect:Gondi:betul:Betul Tr. A. Y. Mu. W. Ph.  IDs=f_xkrwlzj6d2upo SRC=dedr;Tr-Gondi;A-Gondi;W-Gondi;Ph-Gondi
  tōl ‘skin, hide’ dialect:Gondi:adil:Adilabad Tr. A. Y. Mu. W. Ph.  IDs=f_z4sn4q6f7xhmi SRC=dedr;Tr-Gondi;A-Gondi;W-Gondi;Ph-Gondi
  tōl ( tōlku) ‘id., skin of fruit (<i>Voc.</i> 1828)’ pl dialect:Gondi:seoni:Seoni S.  IDs=f_zrl6gp5w4dcfc SRC=dedr
Konda:
  tōl ‘skin (of animals)’  BB  IDs=f_2a7gexysk352o SRC=dedr;BB-Konda
  tōlu ‘skin (of animals)’  K.  IDs=f_vffanl2ofvmfm SRC=dedr
  toko ‘bark, rind’  K.  IDs=f_xrccie5vhk24s SRC=dedr
Kui:
  ṭōḍu ( ṭōṭka ‘buffalo hide (from which bellows or shields are made)’ pl   IDs=f_3lwlmxi6uwcpu SRC=dedr
Kuwi:
  tōlū ‘skin, hide’  F.  IDs=f_lpxtlbhgckhss SRC=dedr;F-Kuwi
  tōlu ‘skin, hide’  S.  IDs=f_oyqfflr2wfibc SRC=dedr;S-Kuwi
  tōlu ( tōlka) ‘skin, hide’ pl dialect:Kuwi:sunkar:Sunkarametta Su. P. Isr.  IDs=f_vmfrxtjqjqvxw SRC=dedr;Isr-Kuwi
  tōlu ( tōlka) ‘skin, hide’ pl dialect:Kuwi:bisam:Bisamkatak Su. P. Isr.  IDs=f_zolxb2qnvazra SRC=dedr;Isr-Kuwi
Pengo:
  tōl ‘skin’    IDs=f_brw43k6ditbdu SRC=dedr
Kolami:
  tōl ‘skin, hide’ dialect:Kolami:kinwat:Kinwat Kin., Haig, Hislop  IDs=f_lt2jqfaakrzeo SRC=dedr;Hislop-Drav
Naikri:
  tōl ‘skin’    IDs=f_4pvr5jhufmtuo SRC=dedr
Naiki:
  tōl ‘id’    IDs=f_hwc6aq2q2aws2 SRC=dedr
Parji:
  tōl ‘skin, bark’    IDs=f_nvtaff634nlxa SRC=dedr
Gadaba:
  tokkā ‘rind of fruit’    IDs=f_2yl2k3tr7nips SRC=dedr
  tōl ‘id’  Oll.  IDs=f_3jla75hdwy4xw SRC=dedr;Oll-Gadaba
  tokka ‘bark’ dialect:Gadaba:salur:Salur S.<super>2</super>  IDs=f_vun7zuuto7n5w SRC=dedr;S2-Gadaba
  tōl ‘skin’ dialect:Gadaba:salur:Salur S.  IDs=f_yqyz27mv5nknw SRC=dedr;S-Gadaba
Badaga:
  dai ‘to wet, cause wetting, dampen or 3555’ verb tr uncertain alternate   IDs=f_2errdj2tojlc4 SRC=hockings-pilotraichoor1992[p. 310, col. 1]
  sōke ‘bark (of tree), outer skin’ noun uncertain   IDs=f_kbgm4yhwiuzze SRC=hockings-pilotraichoor1992[p. 558, col. 2]
  tōlu ‘skin, hide, pelt; skinny’ noun adj uncertain   IDs=f_v7aqafai6u7zm SRC=hockings-pilotraichoor1992[p. 310, col. 2]
  Tōluvōra Beṭtu ‘Tholuvorabettu, name of a mountain ca 2410 m in elevation, 25.5 km. SW of Ootacamund (< to:lu+(v)o:ret bettu, ‘hide+slope+mountain’)’ noun proper-noun uncertain   IDs=f_zthl5kyxe43m4 SRC=hockings-pilotraichoor1992[p. 310, col. 2]
Koraga:
  tōru ‘skin’ dialect:Koraga:mudu:Mudu M.  IDs=f_mvmmcgdak74xg SRC=dedr
Ni:
  tól ‘skin’    IDs=f_falrck3geknw2 SRC=mundlay1996[p. 40];nihali-database2026[tab Mundlay, row 1100, ID 1649]
  ṭol ‘skin’ dialect:Ni:sil-noira-2015-nihali-jamod:Jamod   IDs=f_icz252rnwo44g SRC=varghesekumar2015noira[Appendix A3, printed p. 30, item 19, list NJA]
  ṭōl ‘skin’ loanword marked borrowing   IDs=f_qxasf2qa2c55g SRC=nagaraja2014[pp. 250–332];nihali-database2026[tab Nagaraja, row 1254, ID 1648]
markodi:
  tol ‘Skin’ dialect:markodi:markodi_pannithadam:Pannithadam   IDs=f_3u73zswtdkzxc SRC=canvin2025
  ttōl ‘Skin’ dialect:markodi:markodi_vannarkadav:Vannarkadav   IDs=f_nwrq7rfyzn42m SRC=canvin2025
  tōl ‘Skin’ dialect:markodi:markodi_ennappara:Ennappara   IDs=f_ogfhv7igkt4bc SRC=canvin2025

### d3754 *nel-a-nc month; moon HEAD krishnamurti-pfeiffer
ETYMOLOGY 
PDr:
  *nel-a-nc ‘month; moon’    IDs=d3754 SRC=dedr[entry 3754, DED(S, N) 3113];krishnamurti
  *nel-a-ncc ‘moon’    IDs=f_4kzi5uqntityq SRC=krishnamurti
  *nel- ‘moon; moon, month, day of full moon; moon, month’    IDs=f_75gabvxyk67wu SRC=merriam2026dravidiandb[record 3973, DEDR 3754];starostin2006dravidian
  *nel-V ‘month’    IDs=f_tiv25uhx4p5lk SRC=krishnamurti
  *nel-a-nc/-ncc ‘moon, moonlight’    IDs=f_vmirc3xkywqtk SRC=merriam2026dravidiandb[record 6350, DEDR 3754];krishnamurti
Tamil:
  nilā ‘moonlight, moon’    IDs=f_7e6icu4hrvohc SRC=dedr
  nilavu ‘moonlight, moon’    IDs=f_ziejvc35dgyjy SRC=dedr
Malayalam:
  nilāvu ‘id’    IDs=f_7fvuqx6yjlchc SRC=dedr
  nilā ‘id’    IDs=f_mg6gnycii6kxa SRC=dedr
  lāvu ‘moonlight’ dialect:Malayalam:tiyya:Thiyya Tiyya  IDs=f_mjfnxmtotlqr4 SRC=dedr;Tiyya-Mal
Toda:
  nes̱of ( nes̱ot-) ‘id’ obl   IDs=f_jk74esxhasn2s SRC=dedr
  nes̱of ‘moonlight; moon (=tïgïḷ) (obl. nes̱ot-)’ noun   IDs=f_mkp7mzclodbdu SRC=bhaskararao-toda2025[p. 132, entry 31];emeneau-toda1984[p. 9];bhaskararao-toda-notes[p. 92]
Kodagu:
  nelaci ‘moon’    IDs=f_slzpiu4ckh3tc SRC=dedr
  nelaci boḷi ‘moonlight’    IDs=f_wl34olzxoawdi SRC=dedr
Telugu:
  nela ‘moon, month, day of full moon’    IDs=f_6fda6logqz64s SRC=dedr
  ven nela ‘moonlight’    IDs=f_rv5br5e25rhdq SRC=dedr
Gondi:
  lēnj ‘moon’ dialect:Gondi:koya:Koya Ma. Ko.  IDs=f_4vlbhcjqspkrg SRC=dedr
  nelenj ‘moon’ dialect:Gondi:maria:Maria SR. G. M.  IDs=f_d7f4opyytqnak SRC=dedr;SR-Gondi;M-Gondi
  nelenj ‘moon’ dialect:Gondi:gommu:Koya%20%28Gommu%29 SR. G. M.  IDs=f_ffvbtkxps4cty SRC=dedr;SR-Gondi;M-Gondi
  lelenj ‘moon’ dialect:Gondi:adil:Adilabad A.  IDs=f_gl66tmnpcngku SRC=dedr;A-Gondi
  lenj ‘month (<i>Voc.</i> 2036)’ dialect:Gondi:maria:Maria M.  IDs=f_ivlpvjvlytgou SRC=dedr;M-Gondi
  nelenj ‘moon’ dialect:Gondi:adil:Adilabad SR. G. M.  IDs=f_ivwx6jzed2nva SRC=dedr;SR-Gondi;M-Gondi
  lalenj ‘id., month’ dialect:Gondi:muria:Muria Mu.  IDs=f_mnf2x2a3nu4dc SRC=dedr
  nalenj ( nalesk) ‘id., month’ pl dialect:Gondi:muria:Muria Mu.  IDs=f_n47kbg34myaas SRC=dedr
  nalenj ‘moon’ dialect:Gondi:mandla:Mandla W. Ph.  IDs=f_qfh3qnds4y3ug SRC=dedr;W-Gondi;Ph-Gondi
  lēnj ‘moon’ dialect:Gondi:maria:Maria Ma. Ko.  IDs=f_vw35ekurisnts SRC=dedr
  nalēnj ‘moon, new moon’ dialect:Gondi:betul:Betul Tr.  IDs=f_xe5nexicaql2i SRC=dedr;Tr-Gondi
  lelenj ‘id., month’ dialect:Gondi:muria:Muria Mu.  IDs=f_ywgshdmez6ffc SRC=dedr
Konda:
  neleŋ ‘months’ pl   IDs=f_is22wexk3vogm SRC=dedr
  lēnz ‘moon, month’  BB  IDs=f_kzwqyumr6lmco SRC=dedr;BB-Konda
  lēnzu ‘moon, month’  BB  IDs=f_pttxs6whl7s6g SRC=dedr;BB-Konda
  nela ‘moon’    IDs=f_ta7i2c7hapxyg SRC=dedr
Kui:
  ḍānju ( ḍāska) ‘id., season, period of time’ pl   IDs=f_zsylqzseracv6 SRC=dedr
Kuwi:
  lenjū ( leska) ‘moon, month. DED(S, N) 3113’ pl F.  IDs=f_kfkv3cnn36rgy SRC=dedr;F-Kuwi
  lēnju ‘moon, month. DED(S, N) 3113’  S.  IDs=f_rplz55outimpm SRC=dedr;S-Kuwi
  lēnju ( lēska) ‘moon, month. DED(S, N) 3113’ pl dialect:Kuwi:bisam:Bisamkatak Su. P. Isr.  IDs=f_wbxzlfgi3jmkc SRC=dedr;Isr-Kuwi
  lēnju ( lēska) ‘moon, month. DED(S, N) 3113’ pl dialect:Kuwi:sunkar:Sunkarametta Su. P. Isr.  IDs=f_wrztujxjzki4e SRC=dedr;Isr-Kuwi
Pengo:
  lēnj ( lēc-, lēcku) ‘id’ obl pl   IDs=f_6udh3denuukjg SRC=dedr
Manda:
  lēnj ‘id’    IDs=f_tbcabluqbv63g SRC=dedr
Kolami:
  nela ‘moon’    IDs=f_umlklqrcajpey SRC=dedr
Naikri:
  nela ‘id’    IDs=f_zihnoj74pz4ee SRC=dedr
Parji:
  neliñ ( nelñil) ‘moon, month’ pl   IDs=f_vtuaowdnxaaty SRC=dedr
Gadaba:
  nelling ‘moon’ dialect:Gadaba:salur:Salur S.  IDs=f_3lnt5lr2nrjdq SRC=dedr;S-Gadaba
  nelā ( nelŋīl, nelingīl) ‘month’ pl   IDs=f_ax44cm7zyu7km SRC=dedr
  neliŋ ‘id’  Oll.  IDs=f_axora5arc673e SRC=dedr;Oll-Gadaba
markodi:
  nilav ‘Moon’ dialect:markodi:markodi_vannarkadav:Vannarkadav   IDs=f_vrwm42xw2426m SRC=canvin2025

### d3949 *par-a to spread HEAD krishnamurti-pfeiffer
ETYMOLOGY 
PDr:
  *par-a ‘to spread’    IDs=d3949,f_q5d64dztmzwey SRC=dedr[entry 3949, DED(S, N) 3255];krishnamurti;merriam2026dravidiandb[record 6368, DEDR 3949];krishnamurti
  *pā̆r_- ‘to spread; broad, extended, expanded; a bed or bedding, spreading, extent; to crawl, spread; to spread; cushion; to spread (as a mat); to make plating (of metals)’    IDs=f_fggq3tbfft726 SRC=merriam2026dravidiandb[record 4171, DEDR 3949];starostin2006dravidian
Tamil:
  pār ‘expanse, earth, rock, rocky stratum, shelf of rock’    IDs=f_35gdlngrrza4y SRC=dedr
  paraṭṭai ‘spreading (as of shrubs)’    IDs=f_377xximsdab5u SRC=dedr
  parattu ‘to spread’ tr verb Tamil-class-3 weak (paratti-)  IDs=f_6bl32dioncgym SRC=dedr
  parakku ‘to roam about’ verb Tamil-class-3 weak (parakki-)  IDs=f_d3kjint5vb4qa SRC=dedr
  pammu ‘to be close, thick, crowded’ verb Tamil-class-3 weak (pammi-)  IDs=f_ekc3czb7razbg SRC=dedr
  pārār ‘people of the earth’    IDs=f_frpul3reerwlu SRC=dedr
  pampal ‘expanse, spaciousness, luxuriance, abundance, harvest’    IDs=f_gsz5ny4bv4mc2 SRC=dedr
  para ‘to spread, be diffused, be flattened (as by hammering), be broad (as a plane surface)’ verb Tamil-class-7 strong (-pp-, -nt-)  IDs=f_hzb7qljtzzm2o SRC=dedr
  parampu ‘to spread , expand, pervade, be spread out or become flattened; roller for smoothing land newly ploughed; bamboo mat’ intr noun verb Tamil-class-3 weak (parampi-)  IDs=f_kfeo7lpklhvca SRC=dedr
  pampu ‘to be close, thick, crowded, be full, spread (as vegetation, water, darkness)’ verb Tamil-class-3 weak (pampi-)  IDs=f_mnohyr6dt3g7o SRC=dedr
  parappu ‘to spread (; as grain), diffuse (as odour), disseminate (news), expand, establish, give lavishly; expanse, extension, space, diffused or extended state, diffusion, mass, sea, bed’ tr noun verb Tamil-class-3 weak (parappi-)  IDs=f_picetfd3go7em SRC=dedr
  paravu ‘to spread ; lay open to view (as goods in a bazaar)’ intr verb Tamil-class-3 weak (paravi-)  IDs=f_sbkvkguhil3j6 SRC=dedr
 ... 3 additional unique records
Malayalam:
  parakka ‘to spread, be diffused, extended, become large, become public’    IDs=f_5vu76i4arie62 SRC=dedr
  parappu ‘spreading (of sound, disease, branches), extent, breadth, publicity, sea’    IDs=f_7y4e42j3uu2mc SRC=dedr
  paranna ‘broad, extended’    IDs=f_autp2rpoli4eg SRC=dedr
  parattuka ‘to spread , flatten, level, divulge, proclaim’ tr   IDs=f_egkmb6x3ygqas SRC=dedr
  pār ‘the earth, world’    IDs=f_gdqk4bvmufd34 SRC=dedr
  parava ‘sea’    IDs=f_lhhqwalhoj4ii SRC=dedr
  paravuka ‘to spread’    IDs=f_ofdbxdsxsawnc SRC=dedr
  parampu ‘bamboo mat’    IDs=f_tyjdyw4fv3dsw SRC=dedr
Kota:
  pard- (pardy-) ‘(small objects) spread over large space, (news) spreads’    IDs=f_6hdckohufl3sc SRC=dedr
  part- (party-) ‘to spread (grain, chillies) in sun to dry’    IDs=f_fpe3k3oxt3ess SRC=dedr
Toda:
  parθ- ‘(1) to open wide (an entrance; in songs)’ verb tr variant   IDs=f_2h62ya5j7ekgu SRC=bhaskararao-toda2025[p. 162, entry 26]
  par- ‘(1) to open wide (an entrance; in songs)’ verb tr   IDs=f_mzmju3bcjsije SRC=bhaskararao-toda2025[p. 162, entry 26]
  par- (parQ-) ‘to open wide (an entrance; in songs)’    IDs=f_sqzgykqmb3yzk SRC=dedr
Kannada:
  paraḍu ‘to spread, extend, be diffused’ intr tr   IDs=f_7ksujhpzd77pe SRC=dedr
  habbu ‘to spread , be extended, be diffused, spread out or run (as creepers, etc.)’ intr   IDs=f_cgehrvfp34tdc SRC=dedr
  parvu ‘to spread , be extended, be diffused, spread out or run (as creepers, etc.)’ intr   IDs=f_g5numceem7qri SRC=dedr
  parepu ‘to spread <i> (tr.); n’    IDs=f_geezm647e3e5a SRC=dedr
  pare ‘to spread , extend, be diffused, spread out (as creepers or roots), disperse, be dishevelled (as hair); extension’ intr noun   IDs=f_hexwhibd5j55g SRC=dedr
  parbu ‘to spread , be extended, be diffused, spread out or run (as creepers, etc.)’ intr   IDs=f_kjbdmil6lzjiq SRC=dedr
  parada ‘trader’    IDs=f_lxuwg5aemypck SRC=dedr
  parayisu ‘to spread , disperse’ tr   IDs=f_ut7geaufatc6g SRC=dedr
  parṇḍi ‘to spread’ dialect:Kannada:gowda:Gowda%2FArebhashe Gowda  IDs=f_xhyr6wp4wr5vy SRC=dedr;Gowda-Kannada
  paradu ‘trade, traffic’    IDs=f_xvys2xy3wr3ey SRC=dedr
  parapu ‘to spread about, be divulged; (K.<super>2</super>) spreading, expanse’ intr tr noun   IDs=f_ylq55wkw7hrd2 SRC=dedr
Kodagu:
  palambɨ ‘mat’    IDs=f_7t6m6xcqd2jpg SRC=dedr
  pabb- (pabbi-) ‘(creeping plant) twines’    IDs=f_aakj3s77dnype SRC=dedr
  parat- (parati-) ‘to spread (grain)’    IDs=f_dalnfylhou3ma SRC=dedr
  para- (parap-, parand-) ‘to crawl’    IDs=f_eqrngtqubxkce SRC=dedr
Tulu:
  paraḍuni ‘to spread’ intr tr   IDs=f_253lbj4clzihc SRC=dedr
  parētɛ ‘crawling on hands and feet’    IDs=f_65gkzmp4nzhno SRC=dedr
  parbuni ‘to spread, multiply, diffuse, flow’    IDs=f_esd3kavwlzb22 SRC=dedr
  paraturuni ‘to spread, extend, diffuse; creep (as an ant)’    IDs=f_fb4y7436iqcus SRC=dedr
  parapuni ‘to creep, crawl on hands and legs, spread (as a creeper)’    IDs=f_gkyyc7ncnfae6 SRC=dedr
  borambu ‘a small kind of mat’    IDs=f_pyf4d5pxnfcl6 SRC=dedr
  parataruni ‘to spread, extend, diffuse; creep (as an ant)’    IDs=f_qhygcybxa6kwu SRC=dedr
  parambuni ‘to spread, multiply, diffuse, flow’    IDs=f_uina35dn6g2tk SRC=dedr
Telugu:
  paṟacu ‘to spread , spread out, extend, scatter’    IDs=f_3nwqq5pibkhaa SRC=dedr
  pāru ‘to creep, crawl’  K.  IDs=f_73fc55i2e4fug SRC=dedr;K-Telugu
  pāṟu ‘to spread, extend’ intr   IDs=f_c436fxi6pdpzu SRC=dedr
  parapu ‘broad, extended, expanded; a bed or bedding, spreading, extent’    IDs=f_ctfbeec4tlsze SRC=dedr
  paṟãgu ‘to spread’    IDs=f_dm3gpg2s5wbo6 SRC=dedr
  paṟapu ‘to spread , spread out, extend, scatter’ tr K. also  IDs=f_dxyofadg7epts SRC=dedr;K-Telugu;K-also-Telugu
  parcu ‘to spread’ tr K. also  IDs=f_fjaxuxvgsifuk SRC=dedr;K-Telugu;K-also-Telugu
  paravu ‘to spread <i> (intr.); n’    IDs=f_in5bnsm5cwzyu SRC=dedr
  prāku ‘to creep, crawl’    IDs=f_kgllbsyi4naxw SRC=dedr
  paragu ‘to spread’ intr K. also  IDs=f_l5muykx6hu3oy SRC=dedr;K-Telugu;K-also-Telugu
  paruvu ‘to extend, spread’ intr K. also  IDs=f_luwyqacyv7lc6 SRC=dedr;K-Telugu;K-also-Telugu
  paṟupu ‘bed, bedding’    IDs=f_n3xwvhc6uknfw SRC=dedr
 ... 6 additional unique records
Gondi:
  parhānā ‘to spread (<i>Voc.</i> 2146)’ dialect:Gondi:maria:Maria M.  IDs=f_aabgdmfojvoti SRC=dedr;M-Gondi
  pārˀ ‘to loosen (shoes), open (mouth) (<i>Voc.</i> 2131)’    IDs=f_cmnccp7yxra4g SRC=dedr
  pārŋ ‘to open, (mouth) to be opened’ intr dialect:Gondi:maria:Maria Ma.  IDs=f_k6gd2fpchb6zs SRC=dedr
  pariŋg ‘(flowers) to open petals’ dialect:Gondi:muria:Muria Mu.  IDs=f_oyrcrrzxj5zhw SRC=dedr
Konda:
  pārpu ‘leaf plate for eating’    IDs=f_sg3r4fk4vbxry SRC=dedr
  paR- (-t-) ‘to spread (as a mat)’    IDs=f_suc6y2o7pa7ee SRC=dedr
  rēs- (-t-) ‘to make plating (of metals)’    IDs=f_zgnp4hzg7vhvk SRC=dedr
Kui:
  prahpa (praht-) ‘to spread out , scatter over a level surface’ tr   IDs=f_4j7m7xxh6vsmk SRC=dedr
  brāḍa (brāḍi-) ‘to be sounded abroad, be spread (news)’    IDs=f_c4pyctegik7ly SRC=dedr
  brāṭpa (brāṭt-) ‘to sound abroad, proclaim, spread (news); proclamation (the last two communicated by P.S. Subrahmanyam)’ noun   IDs=f_hnyo35xujnfv6 SRC=dedr
Kuwi:
  parpu ‘cushion, mattress’  S.  IDs=f_3i3slrq37yqls SRC=dedr;S-Kuwi
  pressali ‘to spread out paddy to dry. DED(S, N) 3255’  F.  IDs=f_xbshid3rmsggo SRC=dedr;F-Kuwi
Kolami:
  pārakeng ‘to crawl (of babies)’  Pat., p. 159  IDs=f_xsq6nq2gg7tms SRC=dedr;Pat-Kolami
Parji:
  parp- (part-) ‘to spread’  S.  IDs=f_77tgs7brue2tq SRC=dedr
Gadaba:
  pamp- (pamup-) ‘to crawl like a child’  S.3  IDs=f_ylbxk4ojr5lui SRC=dedr
Badaga:
  harutu ‘to spread, extend, lay out, spread out’ verb tr modern uncertain alternate   IDs=f_a2qkwgx4gvqqq,f_jtia6zyiixkd2 SRC=hockings-pilotraichoor1992[p. 30, col. 1];hockings-pilotraichoor1992[p. 575, col. 2]
  arutu ‘to spread, extend, lay out, spread out’ verb tr modern uncertain alternate   IDs=f_ck45zuk5u6ncw,f_j3xbjvw4r5j6y SRC=hockings-pilotraichoor1992[p. 575, col. 2];hockings-pilotraichoor1992[p. 30, col. 1]
  are ‘to spread, extend, lay out, spread out’ verb tr modern uncertain   IDs=f_m6z5bgaoy2j42 SRC=hockings-pilotraichoor1992[p. 30, col. 2]
pampa:
  parakalisu ‘to scatter’  PBh.  IDs=f_cvo52bkgpocaa SRC=dedr;PBh-Kannada

### d3976 *par-utti cotton HEAD krishnamurti-pfeiffer
ETYMOLOGY 
PDr:
  *par-utti ‘cotton’    IDs=d3976,f_hqlekcznswjg4 SRC=dedr[entry 3976, DED(S, N) 3280];krishnamurti;merriam2026dravidiandb[record 6369, DEDR 3976];krishnamurti
PSTDr:
  *part- ‘cotton’    IDs=f_lzhc62hwdvtzs SRC=merriam2026dravidiandb[record 4198, DEDR 3976];starostin2006dravidian
Tamil:
  parutti ‘Indian cotton plant, <i>Gossypium herbaceum</i>; cotton’    IDs=f_h7mxyyna77fni SRC=dedr
  pāram ‘cotton plant’    IDs=f_sqxe52bo5oyy4 SRC=dedr
Malayalam:
  parutti ‘cotton’    IDs=f_45ppncfjwgc5y SRC=dedr
Toda:
  pašty ‘wick’    IDs=f_jaozudfwiusae SRC=dedr
  paśty ‘wick’ noun   IDs=f_t2fybg7bqsv4k SRC=bhaskararao-toda2025[p. 166, entry 1];emeneau-toda1984[p. 23]
Kannada:
  patti ‘cotton in the pod, cotton in general’    IDs=f_6ubmvm7jjgqti SRC=dedr
  parti ‘cotton in the pod, cotton in general’    IDs=f_nvsdcok4nnqoa SRC=dedr
  paṛ̆ti ‘cotton in the pod, cotton in general’    IDs=f_yz6xuj5shw6nq SRC=dedr
Kodagu:
  parati ‘cotton cloth’    IDs=f_xvo3rsfhx7kha SRC=dedr
Tulu:
  parti ‘cotton’    IDs=f_wi52khjsyr6oc SRC=dedr
Telugu:
  pratti ‘id’    IDs=f_beigjhoyb4dck SRC=dedr
  patti ‘id’    IDs=f_lehyil4knhwl6 SRC=dedr
Gondi:
  part ‘id. (<i>Voc.</i> 2138)’ dialect:Gondi:koya:Koya Ko.  IDs=f_hk3tcx7qfesqk SRC=dedr
Kui:
  parti ‘id’    IDs=f_37pb67xgpxgtq SRC=dedr
Kuwi:
  paṛti ‘id. DED (S, N) 3280’  F.  IDs=f_66qa2nhwn3cdg SRC=dedr;F-Kuwi
  parti ‘id. DED (S, N) 3280’  Isr.  IDs=f_e7r6hsrhfqdr6 SRC=dedr;Isr-Kuwi
  pratti ‘id. DED (S, N) 3280’ dialect:Kuwi:sunkar:Sunkarametta Su.  IDs=f_ke57fe6gvnck2 SRC=dedr
Ni:
  parti ‘cotton’ loanword marked borrowing Comment: more recent than pa:raʈi  IDs=f_cedwcgfoazqio SRC=nagaraja2014[pp. 250–332];nihali-database2026[tab Nagaraja, row 1244, ID 1305]
  pāraṭi ‘cotton’ loanword uncertain   IDs=f_korncaedzef2u SRC=nagaraja2014[pp. 250–332];nihali-database2026[tab Nagaraja, row 1245, ID 1333]

### d3982 *pera-  HEAD merriam-pdr
ETYMOLOGY 
PDr:
  *pera- ‘’    IDs=d3982 SRC=dedr[entry 3982, DED(S) 3286];merriam2026dravidiandb[record 4204, DEDR 3982];starostin2006dravidian
  *pera- ‘rice; husked rice; rice, husked paddy’    IDs=f_l6wcpvrvu7s2k SRC=merriam2026dravidiandb[record 4204, DEDR 3982];starostin2006dravidian
Tamil:
  poruku ‘boiled rice’    IDs=f_3it2euhklmyha SRC=dedr
  porukku ‘single grain of boiled rice’    IDs=f_hozi3wzqrvw4c SRC=dedr
  peṟukkal ‘rice’    IDs=f_mufffevdjl7aw SRC=dedr
  parukkai ‘single grain of boiled rice’    IDs=f_yxvbiiazpp5w6 SRC=dedr
Telugu:
  prālu ‘rice’    IDs=f_277gnmswzytey SRC=dedr
Gondi:
  paṛēk ‘husked rice’ dialect:Gondi:betul:Betul Tr.  IDs=f_c76isodrccebe SRC=dedr;Tr-Gondi
  paraik ‘husked rice’ dialect:Gondi:mandla:Mandla Ph.  IDs=f_hh6qf7q7be2oq SRC=dedr;Ph-Gondi
  pere ‘rice’ dialect:Gondi:adil:Adilabad SR.  IDs=f_hmv6lzrhrct2c SRC=dedr;SR-Gondi
  perek ‘husked rice’ dialect:Gondi:adil:Adilabad A. Y.  IDs=f_l6bysxhy7lohc SRC=dedr;A-Gondi
  paṛem ‘(paṛek) grain (of rice, etc.) (<i>Voc.</i> 2135)’ pl dialect:Gondi:muria:Muria Mu.  IDs=f_t7jbsgx373jce SRC=dedr
  paṛek ‘husked (of rice)’ dialect:Gondi:chanda:Chandrapur Ch.  IDs=f_tzt77sxdsvbr6 SRC=dedr
  pariku ‘rice’ dialect:Gondi:seoni:Seoni S.  IDs=f_uyu5kezkxowdu SRC=dedr
  paraík ‘husked rice’ dialect:Gondi:mandla:Mandla W   IDs=f_w4wglvcmaittw SRC=dedr;W-Gondi
  kuṭkī ‘etc’    IDs=f_xjbf6zqaf426e SRC=dedr
  perek ‘husked rice’ dialect:Gondi:yavatmal:Yavatmal A. Y.  IDs=f_xmcmfouy5b64a SRC=dedr;A-Gondi
Konda:
  per ‘(perku) husked rice’ pl   IDs=f_jnpzaswfztif2 SRC=dedr
  peru ‘(perku) husked rice’ pl   IDs=f_r6iyf5usaeiqy SRC=dedr
Kui:
  kōruvau ‘flaked rice (-p-&gt;-v-in cpd.). DED(S) 3286’    IDs=f_kbiach7ob7lb4 SRC=dedr
  prāu ‘rice, husked paddy’    IDs=f_m2qbuxbllvtcy SRC=dedr
  prāma ‘a grain of boiled rice’    IDs=f_mkvel5rjmrjis SRC=dedr
  kōruvrau ‘flaked rice (-p-&gt;-v-in cpd.). DED(S) 3286’    IDs=f_pu2yfjc57whl4 SRC=dedr
Pengo:
  preyi ‘id’    IDs=f_bdwuatbhl7uo2 SRC=dedr
Manda:
  preyi ‘id’    IDs=f_orupzesq3tc5a SRC=dedr
Naiki:
  perku ‘husked rice’ pl   IDs=f_6x2e7csku3y66 SRC=dedr
Parji:
  peruk ‘(perkul) id’ pl   IDs=f_ubrbwv5ctys6u SRC=dedr

### d4005 paṛ̆u  HEAD dedr-reflex
ETYMOLOGY 
SOURCE NOTE There has been convergence with loans from MIA pakkha- ( DBIA 233a); cf. esp. Te. DEDS 637. SOURCE dedr[entry 4005, DEDS 637]
PDr:
  paṛ̆u ‘’ not-reconstructed   IDs=d4005 SRC=dedr[entry 4005, DEDS 637];dedr
PSTDr:
  *paẓ-[k-] ‘rib; side of body; side, part, quarter, direction; side (as of river); armpit; side’    IDs=f_ixis2igqiv5vk SRC=merriam2026dravidiandb[record 4228, DEDR 4005];starostin2006dravidian
Tamil:
  paṛ̆u ‘rib, side of the body’    IDs=f_rni4wuuqjnluu SRC=dedr
Kannada:
  paṛ̆ke ‘rib’  DCV  IDs=f_4go2snq7si2x2 SRC=dedr
Telugu:
  prakka ‘side, part, quarter, direction’    IDs=f_3dxd3t2xuho4m SRC=dedr
Konda:
  paṛka ‘side’    IDs=f_7kaowo62cpxeq SRC=dedr
  paṛka ḍumu ‘rib (ḍumubone)’    IDs=f_bthh4xmzrjog4 SRC=dedr
Kuwi:
  pṛaka ‘armpit’  Isr.  IDs=f_npwlnoqpfuvqk SRC=dedr;Isr-Kuwi
  paṛka ‘armpit’ dialect:Kuwi:sunkar:Sunkarametta Su. F.  IDs=f_qk6ces5wu6g5m SRC=dedr;F-Kuwi
  paṛka ‘armpit’  Isr.  IDs=f_zhxg6ttzsvahc SRC=dedr;Isr-Kuwi
Pengo:
  paṛka ‘side (as of river)’    IDs=f_cjvvujfahenbo SRC=dedr

### d4194 *piḷ-  HEAD merriam-pdr
ETYMOLOGY 
PDr:
  *piḷ- ‘’    IDs=d4194 SRC=dedr[entry 4194, DED(S, N) 3446];merriam2026dravidiandb[record 4417, DEDR 4194];starostin2006dravidian
  *piḷ- ‘to burst, crack; to explode, detonate, break, crack, burst, be fried or parched, break out in prickly heat or any eruption, have pimples; to crack; to break; to hatch; to crack’    IDs=f_oz3o2c3sa2io4 SRC=merriam2026dravidiandb[record 4417, DEDR 4194];starostin2006dravidian
Tamil:
  piḷ ‘to burst open, be rent or cut, be broken to pieces, disagree; cleave asunder, divide, crush’ verb (piḷv-, piṇṭ-; piḷp-, piṭṭ-)  IDs=f_4awdmyi5tsepu SRC=dedr
  piḷāccu ‘lath’    IDs=f_aeoatykn3eegg SRC=dedr
  piḷavu ‘cleft, crevice, gap, division, piece, disunion, splitting’    IDs=f_bh7jrjjs4lof2 SRC=dedr
  piḷappu ‘crevice, cleft, splitting’    IDs=f_eisopo3bmdjvo SRC=dedr
  piḷavai ‘piece’    IDs=f_j5v2wxbjrm2mg SRC=dedr
  piḷa ‘to be split, cleaved, rent, cracked, be disunited, gape; split , cleave, rend, tear open, part asunder, pierce’ tr verb Tamil-class-2 weak (-v-, -nt-)  IDs=f_plxsmcq6ogcsa SRC=dedr
  pīḷal ‘pudendum muliebre’    IDs=f_xsz665hnnji46 SRC=dedr
Malayalam:
  peḷi ‘a chip’    IDs=f_fddx6m5ivkhd2 SRC=dedr
  piḷukkuka ‘to open (the lips)’    IDs=f_hq2v5dtlnf27m SRC=dedr
  piḷakka ‘to split , cleave, rend (also<i>intr.</i>); piḷarppu, piḷappucleft, rent, crack, bit of a nut’ tr   IDs=f_jgvpezwoed6ro SRC=dedr
  piḷaruka ‘to burst asunder , split; split , cleave’ intr tr   IDs=f_lahfqwqch5ibq SRC=dedr
  peḷika ‘to burst (as boils)’    IDs=f_tal3wop5sxaqk SRC=dedr
  piḷarkka ‘to split , cleave, rend (also<i>intr.</i>); piḷarppu, piḷappucleft, rent, crack, bit of a nut’ tr   IDs=f_vpmghoafhul7o SRC=dedr
  piḷarcca ‘splitting, a cleft’    IDs=f_vvregdt6uilyo SRC=dedr
  peḷikka ‘to burst , split, disembowel (fish); spirt forth’ tr   IDs=f_yeujjbaq5oorm SRC=dedr
Kota:
  pi·ṭ- (pi·ṭy-) ‘to separate joints of carcass’    IDs=f_7cnncbhf36hzm SRC=dedr
  pi·ṇṭ- (pi·ṇṭy-) ‘to separate joints of carcass’    IDs=f_gfthqvpd52x5s SRC=dedr
Kannada:
  hiḷgu ‘to break, crack, burst’    IDs=f_dlvbwkhv7bfa2 SRC=dedr
  piḷigu ‘to break, crack, burst’    IDs=f_g7m7ys5vil2a4 SRC=dedr
  hiḷi ‘to break, crack, burst’    IDs=f_qgokvcihk2tj2 SRC=dedr
  peḍasu ‘brittleness’    IDs=f_stvnrt34rjg2o SRC=dedr
  peḷavu ‘a flaw’    IDs=f_xbfoqncwixzsg SRC=dedr
Tulu:
  pulevu ‘a crack’    IDs=f_gxghuinfj7u62 SRC=dedr
Telugu:
  prēlu ‘to explode, detonate, break, crack, burst, be fried or parched, break out in prickly heat or any eruption, have pimples’    IDs=f_5ar2gmzibo4vy SRC=dedr
  prēlalu ‘fried or parched grain’    IDs=f_6v3hcnt3ugpio SRC=dedr
  prēlālu ‘fried or parched grain’    IDs=f_bnxyu5tpjz23y SRC=dedr
  prēlucu ‘to cause to break, burst or explode’    IDs=f_f7ckp3bzqrewu SRC=dedr
  prēlcu ‘to cause to break, burst or explode’    IDs=f_id34nwo6oqiws SRC=dedr
  pēlu ‘to explode, detonate, break, crack, burst, be fried or parched, break out in prickly heat or any eruption, have pimples’    IDs=f_jtukhddfkkp42 SRC=dedr
  pēlalu ‘fried or parched grain’    IDs=f_s4gl7v2pfyjge SRC=dedr
  pēlcu ‘to cause to break, burst or explode’    IDs=f_vjzktxvpcjto6 SRC=dedr
  pēlucu ‘to cause to break, burst or explode’    IDs=f_vmg2orqv2jblu SRC=dedr
  pēlālu ‘fried or parched grain’    IDs=f_zilmpd65bdeb4 SRC=dedr
Gondi:
  pirrānā ‘to burst, parch rice’ dialect:Gondi:mandla:Mandla Ph.  IDs=f_3kielmybx3wts SRC=dedr;Ph-Gondi
  piṛānā ‘to burst (of cotton bolls, an ant-eaten mudwall, a boil)’ dialect:Gondi:betul:Betul Tr.  IDs=f_5dq45g33ib33c SRC=dedr;Tr-Gondi
  piṛ ‘to split, crack’ dialect:Gondi:gommu:Koya%20%28Gommu%29 G.  IDs=f_64nzndntcdb4k SRC=dedr
  pirr ‘(boil) to burst’ dialect:Gondi:koya:Koya Mu. Ko.  IDs=f_6rzcs7t3spydu SRC=dedr
  paṛ ‘(fire) sparks (<i>Voc.</i> 2241)’ dialect:Gondi:maria:Maria Ma.  IDs=f_c46hkefmwz3wu SRC=dedr
  piṛus ‘to parch grain’ caus FH.  IDs=f_cc3pm3j6mtrj4 SRC=dedr
  piṛkānā ‘to burst (of cotton bolls)’ dialect:Gondi:mandla:Mandla Ph.  IDs=f_faxj2xdhwstq4 SRC=dedr;Ph-Gondi
  piṛānā ‘to burst (of cotton bolls)’ dialect:Gondi:mandla:Mandla Ph.  IDs=f_scs4u2kj3siyi SRC=dedr;Ph-Gondi
  piṛh ‘to fry (lāja) (<i>Voc.</i> 2443)’ dialect:Gondi:muria:Muria Mu.  IDs=f_uq5umalc62uqe SRC=dedr
  pirr ‘(boil) to burst’ dialect:Gondi:muria:Muria Mu. Ko.  IDs=f_wmpzmnaz35yte SRC=dedr
  piṛiˀ ‘to parch grain’ dialect:Gondi:maria:Maria Ma.  IDs=f_zpotpvacbujwu SRC=dedr
Kui:
  plinga (plingi-) ‘to be split, burst, cracked’    IDs=f_epis7rexpeyxk SRC=dedr
  plīpa (plīt-) ‘to cause to open, hatch, create, form; hatching’ noun   IDs=f_i7cbfkd3qpnmi SRC=dedr
  plīva (plīt-) ‘to be hatched, created’    IDs=f_mbvubvxss32a6 SRC=dedr
  pliki inba ‘to be cracked’    IDs=f_w2z7iukw7lp5s SRC=dedr
  plipka ‘(&lt;plik-p-; plikt-) to split , burst, crack’ tr   IDs=f_zkmyxy3xxs4hm SRC=dedr
Kuwi:
  brīpʰali ‘to hatch. DED (S, N) 3446’  F.  IDs=f_6ijkkfwyxcs2a SRC=dedr;F-Kuwi
  plih'nai ‘to hatch. DED (S, N) 3446’  S  IDs=f_bcvox6x2qoofa SRC=dedr
Pengo:
  pṛip- (-t-) ‘to hatch eggs’    IDs=f_4f2opgltdcwgo SRC=dedr
  pṛī- (-t-) ‘to be split open, (egg) to hatch’    IDs=f_kjq7vmglr3lk2 SRC=dedr
Manda:
  pṛip ‘to break , hatch out’ tr   IDs=f_75oisvhc2wdi4 SRC=dedr
Kolami:
  pe·l- (pe·lt-) ‘(grain) pops when parched over fire’    IDs=f_euef2c45s7yso SRC=dedr
  pe·lip- (pe·lipt-) ‘to make (grain) to pop’    IDs=f_yfdya6wgfvypm SRC=dedr
Parji:
  piḍ- (piṭṭ-) ‘(boil) bursts, (fire) splutters, explodes’    IDs=f_264kycwajohvk SRC=dedr
  pil ‘to crack’ intr   IDs=f_l2o5xunloihoa SRC=dedr
  piḍip- (piḍit-) ‘to make to burst, (hen) hatches eggs, pop rice’    IDs=f_tvsksr5cvbqws SRC=dedr
  pinḍp- (pinḍt-) ‘to break, extract (tooth)’    IDs=f_u3b673hnmuuyu SRC=dedr
Gadaba:
  pili cen ‘to be cracked, broken (as a wall)’ dialect:Gadaba:salur:Salur S.  IDs=f_a77bjpzfr2vts SRC=dedr;S-Gadaba
  pēlsap ‘to explode (&lt; Te.)’ dialect:Gadaba:salur:Salur S.<super>3</super>  IDs=f_jqecylp33xily SRC=dedr;S3-Gadaba
Badaga:
  hilḷu ‘wood-chip, tip-cat’ noun uncertain   IDs=f_35rdwaatdctko SRC=hockings-pilotraichoor1992[p. 591, col. 2]
  Hiḷavukunde Bettu ‘Hillavakunde, name of a hill 1970 m in elevation, 11 km. NW of Ootacamund (archæological site; Breeks 1873:91; < hilavu +kuṇnde+befttu’ noun proper-noun uncertain   IDs=f_4wek4xfg45c32 SRC=hockings-pilotraichoor1992[p. 591, col. 2]
  hiḷavu ‘crack, crevice, gap’ noun uncertain   IDs=f_o76leqecd3ueq SRC=hockings-pilotraichoor1992[p. 591, col. 2]
  hiḷḷāṭa ‘tipcat, tip-cat, game of cat, cat and dog, a men’s game. (“A cylindrical piece of wood pointed at both ends is placed against the corner of a stone; a slight tap from a stick sends it flying into the air; as it comes down the batsman hits it away to a great distance, and scouts are posted to catch it as it’ noun uncertain   IDs=f_pk4td4fnceuu4 SRC=hockings-pilotraichoor1992[p. 591, col. 2]

### d4410 *pin-cc-Vr ; name HEAD krishnamurti-pfeiffer
ETYMOLOGY 
PDr:
  *pin-cc-Vr ‘; name’    IDs=d4410 SRC=dedr[entry 4410, DED(S, N) 3612];krishnamurti
  **peyVncV ‘’    IDs=f_foarejr74emam SRC=pfeiffer2018
  *pin-cc-Vr ‘name’    IDs=f_il6ahqxpjtiow SRC=merriam2026dravidiandb[record 6391, DEDR 4410];krishnamurti
  *pendj-[ar] ‘name; name, designation, reputation, fame, celebrity; to name’    IDs=f_ld5w6sdvpfqlu SRC=merriam2026dravidiandb[record 4637, DEDR 4410];starostin2006dravidian
  *pec-ar ‘‘name’ PSD’  derived *pin-cc-Vr  IDs=f_ncxoo6gmzi6ym SRC=merriam2026dravidiandb[record 6392, DEDR 4410];krishnamurti
  *pec-ar ‘name’  PSD  IDs=f_yhddmi3clgsew SRC=krishnamurti
PSTDr:
  *pec-ar ‘name’    IDs=f_kdeq3whja2kl6 SRC=merriam2026dravidiandb[record 5918, DEDR 4410];krishnamurti
  *pin-cc-Vr ‘name’    IDs=f_op6tptvu2yrou SRC=merriam2026dravidiandb[record 5917, DEDR 4410];krishnamurti
Tamil:
  peyarkku ‘nominally, for form's sake’    IDs=f_5b4cgeldywlby SRC=dedr
  pēr ‘name; person, individual; living thing; praise, fame’    IDs=f_7iu3wgx6xs3qc SRC=dedr
  peyar ‘name; reputation, renown, fame; person; shape, form, substance’    IDs=f_duh4ipt7qqghk SRC=dedr
  peyartti ‘granddaughter, grandmother’    IDs=f_f6eppsqb4czka SRC=dedr
  pērtti ‘granddaughter, grandmother’    IDs=f_q3ctpbqfodwxo SRC=dedr
  peyaraṉ ‘one who bears a name; (alsopēraṉ) grandson (as bearing the grandfather's name), grandfather’    IDs=f_qwok5g2xwotlu SRC=dedr
  piyar ‘name; reputation, renown, fame; person; shape, form, substance’    IDs=f_rf2js4f4pqmrm SRC=dedr
  peyariya ‘having a name’    IDs=f_zq2qvofqw2y4s SRC=dedr
Malayalam:
  piyar ‘name’    IDs=f_2xg3n664fzzii SRC=dedr
  peyar ‘name’    IDs=f_4hg6ucyh4ykwu SRC=dedr
  pēr ‘a name, as it were the duplicate of a person or thing; a person, individual’    IDs=f_rwz6vh2f3wdr6 SRC=dedr
Kota:
  pēr ‘name’    IDs=f_pvvibuu6me5ag SRC=wolf-kota[p. 34, entry 15]
  pe·r ‘name’    IDs=f_ziwy2qglliwmc SRC=dedr
Toda:
  pø·r ‘id’    IDs=f_5z525u5xvp42u SRC=dedr
  pø̄śf- ‘to name (with pöːr as object), to give a name’ verb tr   IDs=f_hpfdlakww23wo SRC=bhaskararao-toda2025[p. 207, entry 22];emeneau-toda1984[p. 40];bhaskararao-toda-notes[p. 142]
  pø̄śt- ‘to name (with pöːr as object), to give a name’ verb tr variant   IDs=f_jrqejstn5lrye SRC=bhaskararao-toda2025[p. 207, entry 22];emeneau-toda1984[p. 40];bhaskararao-toda-notes[p. 142]
  pø̄r ‘(1) name’ noun   IDs=f_nncy7eudmxtdi SRC=bhaskararao-toda2025[p. 207, entry 5];emeneau-toda1984[p. 12];bhaskararao-toda-notes[p. 142]
  pø·šf- (pø·št-) ‘to name (withpö·ras object)’    IDs=f_uilp4c5wvisui SRC=dedr
Kannada:
  pesaru ‘name, appellation; greatness, fame, celebrity’    IDs=f_m4ajf6zcq6hlu SRC=dedr
  pesarisu ‘to name, mention, tell’    IDs=f_m5wifw6vs7ewa SRC=dedr
  pesar ‘name, appellation; greatness, fame, celebrity’    IDs=f_q6urzbhv4lans SRC=dedr
Kodagu:
  peda ‘name’    IDs=f_n6n67b6zrvjtq SRC=dedr
Tulu:
  pudarɯ ‘name, appellation; fame, celebrity, reputation’    IDs=f_mnfltwxckjkti SRC=dedr
  hudari ‘name’  LSB 2.3  IDs=f_tjrh4xfmvldbu SRC=dedr
Telugu:
  pēru ‘name, designation, reputation, fame, celebrity’    IDs=f_ljsqftje6a52q SRC=dedr
Gondi:
  paroi ‘id. (<i>Voc.</i> 2408)’ dialect:Gondi:muria:Muria Mu.  IDs=f_bd4lxossfwpju SRC=dedr
  poral ‘id. (<i>Voc.</i> 2408)’ dialect:Gondi:maria:Maria L.  IDs=f_dlet53d5jjlm6 SRC=dedr;L-Gondi
  porol ‘id. (<i>Voc.</i> 2408)’ dialect:Gondi:adil:Adilabad A. S.  IDs=f_dvmm7kec347ws SRC=dedr;A-Gondi
  peder ‘id. (<i>Voc.</i> 2408)’ dialect:Gondi:koya:Koya Ko.  IDs=f_fc5qarcrwu3sg SRC=dedr
  poroy ‘id. (<i>Voc.</i> 2408)’ dialect:Gondi:maria:Maria L.  IDs=f_gcru3gjylyyvy SRC=dedr;L-Gondi
  parōl ‘id. (<i>Voc.</i> 2408)’ dialect:Gondi:mandla:Mandla Ph.  IDs=f_ijgktminyiwca SRC=dedr;Ph-Gondi
  paṛōl ‘id. (<i>Voc.</i> 2408)’ dialect:Gondi:betul:Betul Tr.  IDs=f_ix7jvjnac6v7e SRC=dedr;Tr-Gondi
  padur ‘id. (<i>Voc.</i> 2408)’ dialect:Gondi:muria:Muria Mu.  IDs=f_lkcagdaf4kerm SRC=dedr
  paddur ‘id. (<i>Voc.</i> 2408)’ dialect:Gondi:muria:Muria Mu.  IDs=f_mtk76eaob7vio SRC=dedr
  parroi ‘id. (<i>Voc.</i> 2408)’ dialect:Gondi:muria:Muria Mu.  IDs=f_oxgjtxfpywxlu SRC=dedr
  pediri ‘id. (<i>Voc.</i> 2408)’ dialect:Gondi:maria:Maria Ma. L.  IDs=f_qri3k5t3bagvq SRC=dedr;L-Gondi
  porol ‘id. (<i>Voc.</i> 2408)’ dialect:Gondi:seoni:Seoni A. S.  IDs=f_t4kye3uewlfas SRC=dedr;A-Gondi
Konda:
  pēru ‘id’    IDs=f_kuqavaadcnvkg SRC=dedr
  dōr ‘id’  BB  IDs=f_pmx24rcxaxyja SRC=dedr;BB-Konda
  pēr ‘id’    IDs=f_trdmaoxxfxtxw SRC=dedr
Kui:
  paḍa ‘id’    IDs=f_5t5ew777q27le SRC=dedr
  pāru ‘id’  K.  IDs=f_wen4vrt3xdeym SRC=dedr;K-Kui
Kuwi:
  dāru ‘id’  Ḍ.  IDs=f_6krbimtwuv52o SRC=dedr;Ḍ-Kuwi
  dōru ‘id’  S. Isr.  IDs=f_eyiy5htitpwhc SRC=dedr;S-Kuwi;Isr-Kuwi
  dōrū ‘id’  F.  IDs=f_tdb6s53vm6alw SRC=dedr;F-Kuwi
  dōru ki ‘to praise’  Isr.  IDs=f_zlzu4xo2r3r4s SRC=dedr;Isr-Kuwi
Pengo:
  tōr ‘id’    IDs=f_skcgupkssp2hs SRC=dedr
Manda:
  dar ‘id’    IDs=f_wyogxcxv3r7j4 SRC=dedr
Kolami:
  pe·r ( pe·ḍl) ‘name’ pl   IDs=f_kxyifqe75odry SRC=dedr
Naikri:
  pēr ( pēḍḷ) ‘id’ pl   IDs=f_geo6iaj3rabyu SRC=dedr
Naiki:
  pēr ‘(-l) id’ pl   IDs=f_mfdmbl6yzxh7e SRC=dedr
Parji:
  pidir ‘id’    IDs=f_6figggspn45fi SRC=dedr
Gadaba:
  pidir ‘id’  Oll. S3  IDs=f_meesn7fw3fy6w SRC=dedr;Oll-Gadaba
Kurux:
  pińjnā ‘to name’    IDs=f_ro2zwstg3crfq SRC=dedr
Malto:
  pinje ‘id’    IDs=f_qedy35l6yg5e2 SRC=dedr
Brahui:
  pin ‘name. DED(S, N) 3612’    IDs=f_sxr2fpz4li47g SRC=dedr
Badaga:
  hesaru ‘name, personal name, appellation’ noun uncertain alternate   IDs=f_3cq7e62ohzhwe,f_wdlts6ldzf5va SRC=hockings-pilotraichoor1992[p. 90, col. 2];hockings-pilotraichoor1992[p. 609, col. 2]
  hesarāpadu ‘1. sororate, widows marrying their husband’s brother; 2. family ceremony for an infant’ noun uncertain   IDs=f_5tjbqvgzvpvya SRC=hockings-pilotraichoor1992[p. 609, col. 2]
  hesaru māduvadu ‘making a name (lit.); when an elder brother dies, his younger brother may take the widow into his house as his wife without any ceremony, a procedure called ‘making a name’ multiword-expression uncertain   IDs=f_bp65ydehzaypm SRC=hockings-pilotraichoor1992[p. 610, col. 1]
  esaru ‘name, personal name, appellation’ noun uncertain alternate   IDs=f_eurjihkky3pji,f_naa7hebeyils6 SRC=hockings-pilotraichoor1992[p. 609, col. 2];hockings-pilotraichoor1992[p. 90, col. 2]
  hora hesaru ‘nickname, pet name. (ʻA Badaga was nicknamed Relly Hiriya because, like a certain Mr. Reilly, he had lost an eye... The Badagas give nicknames to those outside their own community, and a Revenue Inspector who had strabismus was called Oru’ noun uncertain   IDs=f_incwrlb5o6ifu SRC=hockings-pilotraichoor1992[p. 616, col. 1]
  hesarukaṭṭtudu ‘naming ceremony among Lingayats’ multiword-expression uncertain   IDs=f_jjoevhyvyyc32 SRC=hockings-pilotraichoor1992[p. 609, col. 2]
  pēru ‘name’ noun uncertain   IDs=f_qyreuylmbafc6 SRC=hockings-pilotraichoor1992[p. 382, col. 2]
  hesaru bīpa sāstara ‘name-putting ceremony (lit.), family ceremony for an infant’ noun uncertain   IDs=f_rqw2myzpyxwbq SRC=hockings-pilotraichoor1992[p. 610, col. 1]
  hesaru ikkuva sāstara ‘nameputting ceremony (lit.), family ceremony for an infant’ noun uncertain   IDs=f_vwebo33defark SRC=hockings-pilotraichoor1992[p. 609, col. 2]
Koraga:
  podari ‘id’ dialect:Koraga:onti:Onti O.  IDs=f_u4h6nlyls5htu SRC=dedr
  hudari ‘id’ dialect:Koraga:tappu:Tappu T.  IDs=f_xylnjsakjedd4 SRC=dedr
markodi:
  perə ‘Name’ dialect:markodi:markodi_vannarkadav:Vannarkadav   IDs=f_52bd5bhnbo3ec SRC=canvin2025
  pera ‘Name’ dialect:markodi:markodi_ennappara:Ennappara   IDs=f_tcnchq7yrmfo4 SRC=canvin2025
  putrᵘ ‘Name’ dialect:markodi:markodi_pannithadam:Pannithadam   IDs=f_ye35foidf4tjc SRC=canvin2025

### d4411 *per-V- to grow big; big HEAD krishnamurti-pfeiffer
ETYMOLOGY 
SOURCE NOTE Cf. 3830 Pe. bajek . DED (S, N) 3613. SOURCE dedr[entry 4411, DED(S, N) 3613]
PDr:
  *per-V- ‘to grow big; big’    IDs=d4411 SRC=dedr[entry 4411, DED(S, N) 3613];merriam2026dravidiandb[record 6416, DEDR 4411];krishnamurti
  *per-V- ‘to grow big’    IDs=f_dpf2tpecbd62u SRC=merriam2026dravidiandb[record 6416, DEDR 4411];krishnamurti
  *per-V ‘big’    IDs=f_v5pbd243daxdg SRC=krishnamurti
  *per-V ‘to grow big’    IDs=f_x5o2ybaptl3ru SRC=krishnamurti
  *pēr/*per-V ‘big’    IDs=f_ytdak4kct7oji SRC=merriam2026dravidiandb[record 6418, DEDR 4411];krishnamurti
  *pēr ‘big’    IDs=f_ztpnrdalec3qq SRC=krishnamurti
  *Per- ‘big; to grow, grow up, increase, accumulate, be augmented, expand, extend; father's elder brother; to grow, swell; a large rat; big, large; elder (of siblings); to grow; to swell (of the body or limbs)’    IDs=f_zz2wsbutjapfe SRC=merriam2026dravidiandb[record 4638, DEDR 4411];starostin2006dravidian
Tamil:
  pemmāṉ ‘god, great man’    IDs=f_26gcqzxutd4qq SRC=dedr
  peruka ‘fully, abundantly, prosperously’    IDs=f_2iqakj6hnbp44 SRC=dedr
  periyōr ‘the aged, the great, saints, kings’    IDs=f_4jknncexums4c SRC=dedr
  peritu ‘that which is great, big, large; greatly’    IDs=f_4vm7snvyhl74a SRC=dedr
  periya ‘large, great, elder, important’    IDs=f_6ah6klr75ydl2 SRC=dedr
  perukkal ‘improving, making prosperous’    IDs=f_6irg37ezieyvi SRC=dedr
  peruppam ‘bigness, thickness’    IDs=f_7alrpobxldkfc SRC=dedr
  perumai ‘bigness, greatness, excellence, nobleness, abundance, excess, power, celebrity, pride’    IDs=f_bzwh6boul2adm SRC=dedr
  perukka ‘greatly’    IDs=f_csria5fa5bfti SRC=dedr
  peru ‘great’    IDs=f_dij44zhsskzss SRC=dedr
  peṉṉam-periya ‘very large’    IDs=f_dptnxiqj4ernc SRC=dedr
  perumāṉ ‘nobleman, king, elder, elder brother, god’    IDs=f_fapsxhe765e4m SRC=dedr
 ... 18 additional unique records
Malayalam:
  pēr ‘great, large, chief’    IDs=f_3bmij2amlwmaq SRC=dedr
  peru ‘great, large, chief’    IDs=f_axgpnc2r2n264 SRC=dedr
  perippam ‘greatness, multitude, plenty’    IDs=f_garb4tkwjxza4 SRC=dedr
  perukkam ‘largeness, size, repetition’    IDs=f_h7ravihc6ekxa SRC=dedr
  periya ‘large, great’    IDs=f_hxlffthe2ykri SRC=dedr
  perukka ‘augmentation, overflow of a river’    IDs=f_pcqo6uuvgg47a SRC=dedr
  perukuka ‘to grow large, be multiplied’    IDs=f_scmdqgtzaegbk SRC=dedr
  pirān ‘lord, king’    IDs=f_xi6rjcqz3xuf2 SRC=dedr
  perukkuka ‘to augment, multiply, grow much, abound, grow thick’    IDs=f_z75zz77b5cm6u SRC=dedr
  peruŋŋuka ‘to be prolific’    IDs=f_zke6wymj25ofc SRC=dedr
Kota:
  ec- ‘to increase [DEDR 4411, to increase in number] Duryodhana corrected the pronunciation: eyc- (eyc-)’    IDs=f_5zoeofrajr4p2 SRC=wolf-kota[p. 9, entry 24]
  pedāry ‘“period of full-grown youth (16-30 years)”’ variant   IDs=f_et7zl7hf6lcei SRC=wolf-kota[p. 34, entry 8]
  peda·ry ‘period of full-grown youth (16 to 30 years)’    IDs=f_fqjh6yptv3lyq SRC=dedr
  pe ‘big (pe pa·bpython;pe te·nbig bee;pe ni·jbig Ni·j)’    IDs=f_kivqayynahs4a SRC=dedr
  ec- (ec-) ‘to increase in number’    IDs=f_l4x3vw42hdy4m SRC=dedr
  pekob ‘stone pillar of templea t Ticgar’    IDs=f_mrmdavqixowzk SRC=wolf-kota[p. 33, entry 19]
  peydēr ‘“period of full-grown youth (16-30 years)”’    IDs=f_r5b5gycefy5pi SRC=wolf-kota[p. 34, entry 8]
  Strobilantʰes ‘</i> (cf. 1154 Ir.ebbukaṭṭe <i>Strobilanthes</i>); pegaṇbandi&lt;-&gt; coot’    IDs=f_rxi55mgp3tnhk SRC=dedr
  peb ‘a profuse flowering of <i>’    IDs=f_ubk75mn6anf72 SRC=dedr
  ec ‘much, more’    IDs=f_uhcf7xzik7nka SRC=dedr
  pe- ‘big’    IDs=f_wkih45hpfhxke SRC=wolf-kota[p. 33, entry 15]
Toda:
  egan ‘(?egaṇ, egaːn) bandicoot’ noun   IDs=f_3wsti6v4dyxwa SRC=bhaskararao-toda2025[p. 12, entry 30];emeneau-toda1984[p. 343]
  pexy- ‘to become stout, thick’ verb intr variant   IDs=f_bds5tm36puy5w SRC=bhaskararao-toda2025[p. 175, entry 15];emeneau-toda1984[p. 120];bhaskararao-toda-notes[p. 117]
  ic- (ič-) ‘(family) increases’    IDs=f_d4dr35tyllvyy SRC=dedr
  pex- ‘to become stout, thick’ verb intr   IDs=f_fqjlzka2rrlrk SRC=bhaskararao-toda2025[p. 175, entry 15];emeneau-toda1984[p. 120];bhaskararao-toda-notes[p. 117]
  ɨtvɨḍ ‘large, big, great (vs. kin-wïḍ); ïtwïḍ moḏ ‘a moḏ with higher sanctity’ (opp. max moḏ or kar moḏ)’ adj   IDs=f_h53adfvbfrhgq SRC=bhaskararao-toda2025[p. 35, entry 19];bhaskararao-toda-notes[p. 28, 42]
  pem ‘small hill [i.e. eminence] (or with 4026 Ta.paṟampu); peš tö·nsp. bee (or with 4412 Ta.piracam); per wïḍadult’    IDs=f_hda6nbt6ew5f6 SRC=dedr
  ec- ‘(1) (also ic- (ič-)) (family) increases’ verb intr   IDs=f_no7so5icdiwya SRC=bhaskararao-toda2025[p. 12, entry 22];emeneau-toda1984[p. 121]
  ec- (eč-) ‘(family) increases’    IDs=f_o3xzsjo7e6yaw SRC=dedr
  pe ‘big (pe no·ṛchief sacred place;pe töwchief god;pe fe·ł̣thumb;pe <at>Q</at>wa·s̱big thicket)’    IDs=f_pf4fh554ulqv2 SRC=dedr
  pex- (pexy-) ‘to become stout, thick’    IDs=f_pw6hkfeqdavoe SRC=dedr
  ec- ‘(1) (also ic- (ič-)) (family) increases’ verb intr variant   IDs=f_sffumf44almga SRC=bhaskararao-toda2025[p. 12, entry 22];emeneau-toda1984[p. 121]
  peṣ-tø̄n ‘thick honey; (DEDR 4411 peš töːn) sp. bee’ noun   IDs=f_tcpgvxhjr2yzu SRC=bhaskararao-toda2025[p. 174, entry 14];bhaskararao-toda-notes[p. 116]
 ... 4 additional unique records
Kannada:
  pempu ‘largeness, abundance, eminence, sublimity’    IDs=f_467craklofrna SRC=dedr
  peddi ‘a great or old person, elder, senior’    IDs=f_47bxas5tt5hi4 SRC=dedr
  per ‘(before vowels) largeness, tallness, greatness; large, tall, great’    IDs=f_a2dmfxnf6oq3o SRC=dedr
  percu ‘to become more extensive or greater in bulk, quantity, or number, increase, thrive, grow, swell, become lofty or proud; increase, growth, largeness, swelling, flood, extension, eminence, riches, excess, surplus, exaggeration, pride, daring’ noun   IDs=f_aatv3scixtx2o SRC=dedr
  heggaṇa ‘bandicoot’    IDs=f_asukcm56z77hq SRC=dedr
  higgu ‘to swell with joy, be elated’ dialect:Kannada:gowda:Gowda%2FArebhashe Gowda  IDs=f_ate33ohzm5fpc SRC=dedr;Gowda-Kannada
  peccu ‘to become more extensive or greater in bulk, quantity, or number, increase, thrive, grow, swell, become lofty or proud; increase, growth, largeness, swelling, flood, extension, eminence, riches, excess, surplus, exaggeration, pride, daring’ noun   IDs=f_ehcdyscktehmi SRC=dedr
  peggaṇa ‘bandicoot’    IDs=f_ijaaufsuwky4w SRC=dedr
  piri ‘extensiveness, largeness, abundance, frequency, greatness, advanced age’    IDs=f_jpeexhmxsobhw SRC=dedr
  percisu ‘to cause to increase, multiply, etc’    IDs=f_jtum42r4njx24 SRC=dedr
  hērāḷa ‘greatness, largeness, abundance’    IDs=f_oeczyh54yz5gm SRC=dedr
  heccu ‘to become more extensive or greater in bulk, quantity, or number, increase, thrive, grow, swell, become lofty or proud; increase, growth, largeness, swelling, flood, extension, eminence, riches, excess, surplus, exaggeration, pride, daring’ noun   IDs=f_p6zum7yinhvp4 SRC=dedr
 ... 8 additional unique records
Kodagu:
  perɨja ‘increase, excess’    IDs=f_bkhw3x7bmecpo SRC=dedr
  periə ‘elder’    IDs=f_i4pr667gu6qjq SRC=dedr
  perta ‘very, great, much’    IDs=f_ovzobpkfaxb6w SRC=dedr
  perɨ- (perɨp-, perɨt-) ‘to increase (; family, wealth, cattle)’ intr   IDs=f_p6mauz3m5xmhs SRC=dedr
  perɨ ‘big’    IDs=f_s5sgmj3lqzw5e SRC=dedr
  perɨm ‘big’    IDs=f_uhdk42xrfki4g SRC=dedr
Tulu:
  hemma ‘abundant, many’    IDs=f_3cffkd7kvmfpg SRC=dedr
  periya ‘large, great, high, superior’    IDs=f_5qlufij6c3zya SRC=dedr
  heccuni ‘to increase, augment’    IDs=f_6hnzbvy4vqm2k SRC=dedr
  heccalmɛ ‘exaltation, greatness, brag, boast’    IDs=f_b46awqqel7rty SRC=dedr
  hemme ‘pride, insolence’    IDs=f_d73zctosgkdkg SRC=dedr
  heccaḷa ‘exaltation, greatness, brag, boast’    IDs=f_dymimgd6eqh6m SRC=dedr
  perguḍɛ ‘bandicoot’    IDs=f_dync2nesilotw SRC=dedr
  percuni ‘to rise, increase’    IDs=f_fkrou573u4wom SRC=dedr
  hecca ‘more, better, high, superior, excessive, superfluous, copious’    IDs=f_fpw5gberxv372 SRC=dedr
  pērcuni ‘to rise, increase’    IDs=f_jgxtq3ijde5u4 SRC=dedr
  heccelɯ ‘increase, promotion, excess, eminence’    IDs=f_jwgsdvs2vrkac SRC=dedr
  heccāvuni ‘to increase , enlarge, exalt, promote’ tr   IDs=f_kpywroydsu3cu SRC=dedr
 ... 7 additional unique records
Telugu:
  penn ‘(before vowel) large, big, great’    IDs=f_2u5ehsddv3jsq SRC=dedr
  pērimi ‘greatness, eminence’    IDs=f_2vpx5vdnzs5fy SRC=dedr
  peddi ‘mother's elder sister’    IDs=f_2wmrfj4tsmvfk SRC=dedr
  pērima ‘grandeur, magnificence’    IDs=f_3b6tgil55vq74 SRC=dedr
  heccu ‘increase, greatness; much, more, superior, excessive; to increase, rise’ verb   IDs=f_43rujusowzxu2 SRC=dedr
  &gt ‘to grow, grow up, increase, accumulate, be augmented, expand, extend’    IDs=f_57tqvaaxl5tqe SRC=dedr
  peddayu ‘much, very, exceedingly’ adv   IDs=f_5ug2np6h5af76 SRC=dedr
  pellidamu ‘greatness, excessiveness’    IDs=f_6bjxbqm4ckwr2 SRC=dedr
  perime ‘greatness, power, authority’    IDs=f_6lfgqxmrj37ju SRC=dedr
  pedda ‘great, big, large, long, tall, old, senior, chief, respectable; an elder, superior, head man’    IDs=f_a6napw2uifdi2 SRC=dedr
  peru&lt ‘to grow, grow up, increase, accumulate, be augmented, expand, extend’    IDs=f_eiuwpa45kl64e SRC=dedr
  eccu ‘increase, greatness; much, more, superior, excessive; to increase, rise’ verb   IDs=f_fedgmdcjg7kdo SRC=dedr
 ... 21 additional unique records
OTelugu:
  perddaḷ ‘elders’  inscr.  IDs=f_5mvkxho4gonmm SRC=dedr;Inscr1-Telugu
Gondi:
  pēpi ‘father's elder brother (<i>Voc.</i> 2365)’ dialect:Gondi:maria:Maria G. Mu. Ma. Ko.  IDs=f_2rqu6x5mxzzx4 SRC=dedr
  berel ‘river’ dialect:Gondi:muria:Muria Mu.  IDs=f_4k2rbhm4mpntc SRC=dedr
  behra ‘big, great’ dialect:Gondi:durg:Durg D.  IDs=f_6s7d75qwyb6ha SRC=dedr
  pēpi ‘father's elder brother (<i>Voc.</i> 2365)’ dialect:Gondi:muria:Muria G. Mu. Ma. Ko.  IDs=f_a2bfvk4hu6gk2 SRC=dedr
  pēpi ‘father's elder brother (<i>Voc.</i> 2365)’ dialect:Gondi:koya:Koya G. Mu. Ma. Ko.  IDs=f_a7bzl2hy7es2a SRC=dedr
  bers ‘to grow’ dialect:Gondi:adil:Adilabad A.  IDs=f_batvlpjutk2e2 SRC=dedr;A-Gondi
  permāv ‘bison’ dialect:Gondi:maria:Maria M.  IDs=f_cdjr7v4ks2ki6 SRC=dedr;M-Gondi
  berel ‘etc. banyan (<i>Voc.</i> 2604; see 382)’ dialect:Gondi:maria:Maria G. Mu. Ma.  IDs=f_dhi5nuxbrj4xq SRC=dedr
  pēri ‘mother's elder sister, father's elder brother's wife (<i>Voc.</i> 2366)’ dialect:Gondi:yavatmal:Yavatmal Y. Mu. Ma.  IDs=f_dvegz2pf7lnqw SRC=dedr
  permā ‘(L.) great, large, (Grigson) religious headman of village’    IDs=f_dxuhhzz5ca6dg SRC=dedr
  beriaṛ ‘flood, river in flood (<i>Voc.</i> 2602)’ dialect:Gondi:maria:Maria Ma.  IDs=f_eicseb6lr26ig SRC=dedr
  persānā ‘to extend (<i>Voc.</i> 2334, 2342, 2346, 2347, 2348)’ dialect:Gondi:maria:Maria M.  IDs=f_ew2kt5btt6sni SRC=dedr;M-Gondi
 ... 28 additional unique records
Konda:
  per ‘big, large; elder (of siblings)’    IDs=f_5sydynlv3mh5a SRC=dedr
  pir ‘to grow’    IDs=f_frgz7cyk3ffck SRC=dedr
  peri ‘big, large; elder (of siblings)’    IDs=f_rx7ahps4ma6as SRC=dedr
  pergi ‘to grow up’  K., p. 109  IDs=f_wqjuqapjkmimq SRC=dedr
  pirp ‘to make to grow’    IDs=f_xnzdf2felqzzk SRC=dedr
Kui:
  pēreṛi ‘a large rat’    IDs=f_bgp7rhycungs2 SRC=dedr
  beri beri inba ‘to swell, increase in size’    IDs=f_moxj4aq7cvp2y SRC=dedr
  pēro ‘father's elder sister-in-law; great-grandmother’    IDs=f_qieruxtdjpwby SRC=dedr
  prēnḍa ‘father's elder brother; great-grandfather’    IDs=f_sswejuk6vqkam SRC=dedr
  pihereju ‘river, stream’    IDs=f_ybat5qtbrlbf2 SRC=dedr
Kuwi:
  bir- (-it-) ‘to grow, multiply’    IDs=f_pwymmupjmcs7o SRC=dedr
Manda:
  pēmba ‘father's elder brother’    IDs=f_7byzzoaul27sy SRC=dedr
Kolami:
  perāmā ‘mother's sister’    IDs=f_2mewfcpu4zy6c SRC=dedr
  peret ‘many’  SR.  IDs=f_assswhzjrgy3y SRC=dedr;SR-Kolami
  per ‘big’ dialect:Kolami:kinwat:Kinwat Kin.  IDs=f_fitw2xmarwyju SRC=dedr
  perendā ‘father's elder brother’    IDs=f_hn5o25wn44r72 SRC=dedr
  perpul ‘tiger’    IDs=f_kgqvibmvi23ri SRC=dedr
  perp- (perept-) ‘to rear’    IDs=f_lgzagmgjwjjmg SRC=dedr
  pedda ‘a male’    IDs=f_nixiithzkipzc SRC=dedr
  perg- (perekt-) ‘to grow’ intr   IDs=f_quw5eqonmcaww SRC=dedr
  pera ‘big’ dialect:Kolami:kinwat:Kinwat Kin.  IDs=f_tjmtbd2ptohry SRC=dedr
  pergip- (pergipt-) ‘to let grow up (without providing a wife)’    IDs=f_u74bwtfho537c SRC=dedr
Naikri:
  pedda ‘man, male’    IDs=f_575xxjnwws7ui SRC=dedr
  perp ‘to rear’    IDs=f_abystj6t7ul76 SRC=dedr
  perg ‘to grow up’    IDs=f_iu5jydz2n65lm SRC=dedr
Naiki:
  peruk ‘to live’    IDs=f_5p7n4lokzfug4 SRC=dedr
  pʰar ‘big, elder’    IDs=f_bt4aapnki33kc SRC=dedr
  perk ‘to live’    IDs=f_napar4vw4fhlu SRC=dedr
Parji:
  berto ‘big’    IDs=f_6g2ci7ojnru5a SRC=dedr
  peñot ‘much’    IDs=f_gt2dtac7rlztq SRC=dedr
  per-ed ‘river (cf. 5159 Ta.yāṟu); pēpamother's elder sister’    IDs=f_pkkjqtu2nwkia SRC=dedr
  peŋgoṭ ‘much’    IDs=f_zph7eonolsbau SRC=dedr
  peru ‘much’  S.  IDs=f_ztiemisol4mpq SRC=dedr
Gadaba:
  pernonḍ ‘big’ m Oll.  IDs=f_2f6cjftj3fhaa SRC=dedr;Oll-Gadaba
  berit ‘big’ f n   IDs=f_5cl2sa77csdpq SRC=dedr
  beŋgurtul ‘many’    IDs=f_asmj4urfpzkxw SRC=dedr
  berbullū ‘id’ dialect:Gadaba:salur:Salur S  IDs=f_n4euply2fj4o4 SRC=dedr;S-Gadaba
  beŋgiḍ ‘much, more’ dialect:Gadaba:salur:Salur S.<super>2</super>  IDs=f_qjo7agxkf27gg SRC=dedr;S2-Gadaba
  ber bereṭ ‘big river’ dialect:Gadaba:pottangi:Pottangi P.  IDs=f_v63ud6tjjcpyc SRC=dedr
  berpul ‘tiger’    IDs=f_wu7pfv63w57ce SRC=dedr
Brahui:
  piring ‘to swell (of the body or limbs)’    IDs=f_lzng4j6gbg3vs SRC=dedr
Badaga:
  hebbāilu ‘main door, front door, big entrance’ noun uncertain   IDs=f_2a65tyfh2i6j6 SRC=hockings-pilotraichoor1992[p. 607, col. 2]
  ebbedda beralu ‘thumb’ noun uncertain alternate   IDs=f_2qdf3wqp7fubk,f_p6gjfwp7tdpjs SRC=hockings-pilotraichoor1992[p. 607, col. 2];hockings-pilotraichoor1992[p. 608, col. 1]
  eccu ‘1. to increase, augment, grow, reach, get better, become more, get bigger, overflow; 2. to pasture, graze; overflow, excess; seven (only used to mean ‘seven’ whenever measuring’ verb intr noun adj uncertain alternate   IDs=f_2qq7upolcrmya SRC=hockings-pilotraichoor1992[p. 78, col. 2]
  ebbeṭṭu beralu ‘thumb’ noun uncertain alternate   IDs=f_2rlbfgjbh3y3e,f_bxnr6ount6uj6 SRC=hockings-pilotraichoor1992[p. 608, col. 1];hockings-pilotraichoor1992[p. 607, col. 2]
  heggui ‘hole of the Indian molerat’ noun uncertain   IDs=f_2woglienqxtxw SRC=hockings-pilotraichoor1992[p. 603, col. 2]
  hiriyarukūṭa ‘lay committee in a church’ noun uncertain   IDs=f_3l5e26bworr5o SRC=hockings-pilotraichoor1992[p. 591, col. 1]
  Pērūr ‘Peroor, Perur, name of a village with a large and ancient temple, a pilgrimage centre 5 km. WSW of Coimbatore, where some Badaga Lingayats now go to solemnize their marriages’ noun proper-noun uncertain   IDs=f_4pd757j26sopc SRC=hockings-pilotraichoor1992[p. 382, col. 2]
  hebbeṇne ‘anything held tightly or securely’ noun uncertain   IDs=f_4x7bb6zeelba4 SRC=hockings-pilotraichoor1992[p. 608, col. 1]
  hebbu jēnu ‘honey collected from the strobilanth’ noun uncertain alternate   IDs=f_5zrwnl4kh7p7k,f_k23hv5iaxj4yg SRC=hockings-pilotraichoor1992[p. 608, col. 1];hockings-pilotraichoor1992[p. 604, col. 1]
  heggade ‘1. important personage; 2. village headman’ noun uncertain   IDs=f_72ewdiucwfz3q SRC=hockings-pilotraichoor1992[p. 603, col. 2]
  heggirisu ‘to flaunt’ verb tr uncertain   IDs=f_7azylhawrpo24 SRC=hockings-pilotraichoor1992[p. 603, col. 2]
  Ambihecci Beṭtu ‘Ambiheshibettu, name of a hill ca 1860 m in elevation, 9.5 km. NNW of Kota giri’ noun proper-noun uncertain   IDs=f_7xu6njqzv76ju SRC=hockings-pilotraichoor1992[p. 24, col. 1]
 ... 44 additional unique records
markodi:
  periyə ‘Big’ dialect:markodi:markodi_vannarkadav:Vannarkadav   IDs=f_zw6dco6yqnpfq SRC=canvin2025

### d4418 *peẓ-an bone, stone of fruit HEAD krishnamurti-pfeiffer
ETYMOLOGY 
SOURCE NOTE Cf. 4153 Pa. piḍka . DED(S) 3619. SOURCE dedr[entry 4418, DED(S) 3619]
PDr:
  *peẓ-an ‘bone, stone of fruit’    IDs=d4418 SRC=dedr[entry 4418, DED(S) 3619];krishnamurti
PSD2:
  *peṛeṇ-k- ‘bone; bone; stone of fruit; a bone (BB)’    IDs=f_4ivkjynj3xsdg SRC=merriam2026dravidiandb[record 4646, DEDR 4418]
Gondi:
  penˀ ka ‘bone’ dialect:Gondi:maria:Maria Ma.  IDs=f_6di3hmgpinl46 SRC=dedr
  peṛeŋka ‘bone’ dialect:Gondi:maria:Maria Ma.  IDs=f_a5fnk6zuldzq4 SRC=dedr
  paneka ‘rib (<i>Voc.</i> 2352)’ dialect:Gondi:chanda:Chandrapur Ch.  IDs=f_brd4h6wdxw2ce SRC=dedr
  peṛka ‘bone’ dialect:Gondi:gommu:Koya%20%28Gommu%29 G.  IDs=f_ch3sj44jq6ato SRC=dedr
  peṛekā ‘backbone, rib’ dialect:Gondi:maria:Maria M.  IDs=f_fuggeummzmmmg SRC=dedr;M-Gondi
  peṛeka ‘bone’ dialect:Gondi:muria:Muria Y. Mu.  IDs=f_i75m5cdrkhc6u SRC=dedr
  peṛeka ‘bone’ dialect:Gondi:yavatmal:Yavatmal Y. Mu.  IDs=f_luwx733jjz5ao SRC=dedr
  panēkā ‘bone, hard seed inside a fruit’ dialect:Gondi:betul:Betul Tr.  IDs=f_vsmd7wp7b5ndg SRC=dedr;Tr-Gondi
  pɛnka ‘a bone’  LuS.  IDs=f_xx7h4ttooz22u SRC=dedr;LuS-Gondi
Konda:
  peṛen ( peṛek ‘id’ pl BB  IDs=f_gyc7cx7otp7ko SRC=dedr;BB-Konda
Kui:
  pṛēnu ( pṛēka) ‘id., stone or seed of fruit, kernel, heart of tree’ pl   IDs=f_frz2s5l6eipwo SRC=dedr
Kuwi:
  pēṛnu ‘id., stone of fruit’  Ṭ.  IDs=f_3bgssm5w53fse SRC=dedr;Ṭ-Kuwi
  prēnū ‘bone’  F.  IDs=f_4ybqhgg5u4sde SRC=dedr;F-Kuwi
  pṛēnu ‘bone’ dialect:Kuwi:sunkar:Sunkarametta Su.  IDs=f_heqen2e2bz5ps SRC=dedr
  plēnu ‘id., stone of fruit’  S.  IDs=f_suzwbwdkb7i7u SRC=dedr;S-Kuwi
  pṛēnu ( pṛēka) ‘bone’ pl Isr.  IDs=f_uvcuypx6dwivm SRC=dedr;Isr-Kuwi
Pengo:
  pṛēn ( pṛēku) ‘id., stone of fruit’ pl   IDs=f_m2jcdhju5wwa2 SRC=dedr
Manda:
  pṛēn ( pṛēke) ‘bone’ pl   IDs=f_eate72sc2mnmc SRC=dedr
Ni:
  pakoʈo ‘bone’    IDs=f_eexyskeoowrxm SRC=bhattacharya1957[p. 255];nihali-database2026[tab Bhattacharya, row 252]
  pakṭo ‘bone’ dialect:Ni:sil-noira-2015-nihali-jamod:Jamod   IDs=f_ipvpt6lghut6e SRC=varghesekumar2015noira[Appendix A3, printed p. 31, item 20, list NJA]
  pākṭo ‘bone’ loanword uncertain Sound correspondence: Beine 1994ː113 padeka "bone"  IDs=f_mystvu3rtlyyy SRC=nagaraja2014[pp. 250–332];nihali-database2026[tab Nagaraja, row 1184, ID 1323]

### d4430 *pēc- ; to talk, prattle HEAD krishnamurti-pfeiffer
ETYMOLOGY 
PDr:
  *pēc- ‘; to talk, prattle’    IDs=d4430 SRC=dedr[entry 4430, DED(S, N) 3629]
  *pēc-/*pēẓ- ‘‘to talk, prattle’’    IDs=f_3k2wb3pkc7nz6 SRC=merriam2026dravidiandb[record 6678, DEDR 4430];krishnamurti
  *pēẓ ‘to talk, prattle’    IDs=f_3wsw655kunguy SRC=krishnamurti
  **pēẓVcV ‘’    IDs=f_5nmt27qqapoxm SRC=pfeiffer2018
  *pēc-/*pēẓ- ‘'to talk, prattle'’    IDs=f_74gbsl5jgyita SRC=merriam2026dravidiandb[record 6596, DEDR 4430];krishnamurti
  *pēẓ- (?) ‘to talk; to prattle, chatter, talk nonsense; to talk; to command’    IDs=f_gnj26zimnljde SRC=merriam2026dravidiandb[record 4658, DEDR 4430];starostin2006dravidian
  *pēc ‘to talk, prattle’    IDs=f_ss5pa6x2vpq4k SRC=krishnamurti
Tamil:
  pēccal ‘talking’    IDs=f_7fjnka2clctsu SRC=dedr
  pēcu ‘to talk, speak, converse, make noise, roar; tell, say, recite, praise’ verb Tamil-class-3 weak (pēci-)  IDs=f_cekqgzbfnvji2 SRC=dedr
  pēccu ‘speaking, speech, language, praise, talk, report, rumour, word’    IDs=f_vn2uaaxmagxfe SRC=dedr
  pēcal ‘talking’    IDs=f_zmi4gkm5kgrc2 SRC=dedr
Malayalam:
  pēccu ‘speech, language’    IDs=f_ipgoxinplfkks SRC=dedr
  pēcuka ‘to speak, chatter (as birds)’    IDs=f_xx54iqjogbgpk SRC=dedr
Kota:
  pe·c- (pe·c-) ‘to talk to oneself’    IDs=f_aq2cx3ra56d2k SRC=dedr
  peṛc ‘to be distracted looking at something else when someone is talking to you, “to give irrelevant answers, talk nonsense, talk with impropriety in presence of a holy man”’    IDs=f_q7ssseib26vz4 SRC=wolf-kota[p. 33, entry 29]
  peṛc- (peṛc-) ‘to give irrelevant answers, talk nonsense, talk with impropriety in presence of holy man’    IDs=f_smfix2iln4zte SRC=dedr
Toda:
  øšt- (øšty-) ‘to say, tell (story, lament) (or with 4003 Ta.par̤iccu)’    IDs=f_b6kskwtw3tzc2 SRC=dedr
  øśt- ‘to say, tell (story, lament) (or with DEDR 4003 Ta. pariccu, or with 4430 Ta. pēcu)’ verb tr   IDs=f_tggaikaw443r2 SRC=bhaskararao-toda2025[p. 159, entry 1];emeneau-toda1984[p. 24, passim]
Kannada:
  pēṛ̆uvike ‘saying, telling’    IDs=f_4c6bhlljx3a26 SRC=dedr
  pēṛ̆ike ‘saying, telling, rumour; a saying, enigma’    IDs=f_onyzu2hd2zkwu SRC=dedr
  pēṛ̆ige ‘saying, etc.; notoriety, fame’    IDs=f_ooemtnyz7ekiy SRC=dedr
  pēṛ̆ (pēṛ̆d-) ‘to utter, say, speak, narrate, tell, command’    IDs=f_r4m3le73354by SRC=dedr
Tulu:
  pērmɛ ‘fame, glory’    IDs=f_noczetc7phadk SRC=dedr
Telugu:
  pēlu ‘to prattle, chatter, talk nonsense’    IDs=f_47emu64i72b42 SRC=dedr
  prēlu ‘to prattle, chatter, talk nonsense’    IDs=f_aut5iyanb75hq SRC=dedr
  prēlari ‘a prattler’    IDs=f_xn3ahugfzz6mq SRC=dedr
Kuwi:
  pēl- (-it-) ‘to talk sweetly’  Isr.  IDs=f_34i3fp6r4xewm SRC=dedr;Isr-Kuwi
  pēlki ā ‘to discuss with another’    IDs=f_kon3l2gglchn6 SRC=dedr
Kurux:
  parparernā ‘to prate, prattle’    IDs=f_2tnyhyx75vq6o SRC=dedr
  pēskā ‘command, order, precept’    IDs=f_cwp4ij4latu3y SRC=dedr
  perperᵉrnā ‘to prate, prattle, talk with a high-pitched voice; (vessel in which something is cooking) to hum, buzz, sing’    IDs=f_jm6p2drxqj6us SRC=dedr
  pēsnā ‘to command’    IDs=f_no7tsgs4ajwtm SRC=dedr
  perxperxnā ‘to babble, prattle’  Hahn  IDs=f_ouzycsqw5eemm SRC=dedr;Hahn-Kurux
Malto:
  peṛqe ‘to talk, speak, simmer, hiss. DED(S, N) 3629’    IDs=f_i7hlqf4umkiae SRC=dedr
Badaga:
  hēgu ‘to say, speak, call, tell, ask; to teach’ verb intr tr uncertain alternate   IDs=f_7yjel423y3kjg,f_agzc3ppj5su5g SRC=hockings-pilotraichoor1992[p. 92, col. 1];hockings-pilotraichoor1992[p. 610, col. 1]
  badilu ēgu ‘to answer, reply, respond’ verb intr uncertain alternate   IDs=f_asud5cqgg2d66 SRC=hockings-pilotraichoor1992[p. 394, col. 2]
  ēgu ‘to say, speak, call, tell, ask; to teach’ verb intr tr uncertain alternate   IDs=f_jgmnx4oulfufu,f_kh4kkdxvviw74 SRC=hockings-pilotraichoor1992[p. 92, col. 1];hockings-pilotraichoor1992[p. 610, col. 1]
  hēgidama ‘host, spokesman, orator, he who speaks (lit.), one who invites people’ noun archaic uncertain   IDs=f_ns2ycap75dhec SRC=hockings-pilotraichoor1992[p. 610, col. 1]
  badilu hēgu ‘to answer, reply, respond’ verb intr uncertain alternate   IDs=f_z5tyokypralde SRC=hockings-pilotraichoor1992[p. 394, col. 2]

### d4536 *por-a- to sell HEAD krishnamurti-pfeiffer
ETYMOLOGY 
PDr:
  *por-a- ‘to sell’    IDs=d4536 SRC=dedr[entry 4536, DED(S) 3255]
  *por-a ‘to sell’  PSD II  IDs=f_5dfofbc4yzmkc SRC=krishnamurti
  *por-a-/*prō- ‘‘to sell’ PSD II’    IDs=f_i4rwiv4wrupku SRC=merriam2026dravidiandb[record 6424, DEDR 4536];krishnamurti
  *prō ‘to sell’  PSD II  IDs=f_ihqy5rqg736xm SRC=krishnamurti
PSD1:
  *prō- ‘to sell’  PSouth DravidianI  IDs=f_loqognwnxmtz4 SRC=merriam2026dravidiandb[record 5925, DEDR 4536];krishnamurti
  *por-a- ‘to sell’  PSouth DravidianI  IDs=f_nepbtdbo4dsni SRC=merriam2026dravidiandb[record 5924, DEDR 4536];krishnamurti
PSD2:
  *prā- ‘to sell’    IDs=f_hh43cikr3vgy4 SRC=merriam2026dravidiandb[record 4764, DEDR 4536]
Konda:
  por- (-t-) ‘to sell’    IDs=f_6m27b55oxb6pc SRC=dedr
Kui:
  prāpa (prāt-) ‘id.; act of selling’ noun   IDs=f_6onmb42o6blg2 SRC=dedr
Kuwi:
  pṛācali ‘to sell. From DED(S) 3255 (Krishnamurti 1980)’  F.  IDs=f_27sllfmxiqgea SRC=dedr;F-Kuwi
  pra'- (prat-) ‘to sell. From DED(S) 3255 (Krishnamurti 1980)’ dialect:Kuwi:sunkar:Sunkarametta Su.  IDs=f_i3q5kwajzhr7q SRC=dedr
  prahnai ‘to sell. From DED(S) 3255 (Krishnamurti 1980)’  S.  IDs=f_tp4r3gyro32m4 SRC=dedr;S-Kuwi
  prā- (-t-) ‘to sell. From DED(S) 3255 (Krishnamurti 1980)’  Isr.  IDs=f_vyofekgmepg7g SRC=dedr;Isr-Kuwi
  pār- (-h-) ‘to sell. From DED(S) 3255 (Krishnamurti 1980)’  Isr.  IDs=f_wv5pefddd4ejk SRC=dedr;Isr-Kuwi
Pengo:
  pro- (-t-) ‘id’    IDs=f_m2wyl73m6ucce SRC=dedr
Manda:
  pre ‘id’    IDs=f_ukhoc2cgzlvqe SRC=dedr

### d4555 poṛ̆al  HEAD dedr-reflex
ETYMOLOGY 
SOURCE NOTE ? Cf. 4558 Ta. por̤il . DED 3721. SOURCE dedr[entry 4555, DED 3721]
PDr:
  poṛ̆al ‘’ not-reconstructed   IDs=d4555 SRC=dedr[entry 4555, DED 3721];dedr
PSTDr:
  *poẓal- ‘town, city; city’    IDs=f_pgukevdtnkncw SRC=merriam2026dravidiandb[record 4783, DEDR 4555]
Kannada:
  poṛ̆al ‘town, city’    IDs=f_ybmjrj4w5xceq SRC=dedr
Telugu:
  pṛ̆ōlu ‘city’    IDs=f_dwxrztgkvqjsa SRC=dedr
  prōlu ‘city’    IDs=f_kziszm7hwafvi SRC=dedr
  pṛ̆ōl ‘city’    IDs=f_wcautegmjcbds SRC=dedr

### d4711 *mar-am ; tree HEAD krishnamurti-pfeiffer
ETYMOLOGY 
SOURCE NOTE Cf. 4714 Ta. maravai. DED(S) 3856. SOURCE dedr[entry 4711, DED(S) 3856]
PDr:
  *mar-am ‘; tree’    IDs=d4711 SRC=dedr[entry 4711, DED(S) 3856];krishnamurti
  *màran- ‘tree; wild dog’    IDs=f_7fszkdcq347bq SRC=merriam2026dravidiandb[record 4941, DEDR 4711];starostin2006dravidian
  **marVnV ‘’    IDs=f_b4wuxlt4u4o2s SRC=pfeiffer2018
  *mar-an ‘tree’    IDs=f_ioh3zxbge6osi SRC=krishnamurti
  *mar-am/-an ‘tree’    IDs=f_zmcovp366mnrm SRC=merriam2026dravidiandb[record 6447, DEDR 4711];krishnamurti
Tamil:
  marakkāl ‘a measure’    IDs=f_3djolooxcxbv6 SRC=dedr
  maram ‘tree, wood, timber’ verb (in cpds. marattu-)  IDs=f_oqtxjezdxm3ve SRC=dedr
Malayalam:
  maram ‘tree, wood, timber’    IDs=f_nkv4zkzpezmey SRC=dedr
  marakkāl ‘a measure’    IDs=f_sluc2tub3rpds SRC=dedr
Kota:
  marm ( mart-) ‘tree’ obl   IDs=f_tdhep4o5figxi SRC=dedr
Toda:
  me·ṇ ( me·ṇt-) ‘id’ obl   IDs=f_syufvepuwcpd4 SRC=dedr
  mēṇ ‘tree(Ta. maram); wooden(obl. meːṇt-), cf.toː‘thickwoodenplank’’ noun adj   IDs=f_vo6w5debimdc4 SRC=bhaskararao-toda2025[p. 104, entry 3];emeneau-toda1984[p. 30];bhaskararao-toda-notes[p. 196, 205]
Kannada:
  mara ‘id’    IDs=f_cuxbe66p7lqae SRC=dedr
Kodagu:
  mara ‘id’    IDs=f_xkhh5bppt5q3c SRC=dedr
Tulu:
  mara ‘id’    IDs=f_3rqhcefre4hgs SRC=dedr
  markalɯ ‘a measure of salt equal to 28 pounds’    IDs=f_doyea3ugsiurs SRC=dedr
  marakalɯ ‘a measure of salt equal to 28 pounds’    IDs=f_jhkgqhr3r7dms SRC=dedr
Telugu:
  mrānu ‘tree’    IDs=f_cqc6qamwv6hmy SRC=dedr
  mā̃ku ‘tree’    IDs=f_fqcf4xzk4r3tg SRC=dedr
  mānu ‘tree’    IDs=f_rirwcupcemybq SRC=dedr
  mrā̃ku ‘tree’    IDs=f_ymibz5y5h74ku SRC=dedr
Gondi:
  mara ‘id. (<i>Voc.</i> 2712)’  most other dialects  IDs=f_3j723f52donyy SRC=dedr
  maṛā ‘id. (<i>Voc.</i> 2712)’ dialect:Gondi:betul:Betul Tr.  IDs=f_63ejzenxqbq4o SRC=dedr;Tr-Gondi
  marnu ‘id. (<i>Voc.</i> 2712)’ dialect:Gondi:maria:Maria Ma.  IDs=f_6swvxt6i4hq5u SRC=dedr
  māra ‘id. (<i>Voc.</i> 2712)’ dialect:Gondi:koya:Koya Ko.  IDs=f_ljdetk5fo47y6 SRC=dedr
  muranoo ‘id’  LuS.  IDs=f_s3olrqfh3spmm SRC=dedr;LuS-Gondi
  māra ‘id’ dialect:Gondi:koya:Koya KoyaSu.  IDs=f_s7qajdwgvpfls SRC=dedr
  māṛa ‘id. (<i>Voc.</i> 2712)’ dialect:Gondi:koya:Koya Ko.  IDs=f_xcyzz4mpmhkyg SRC=dedr
  maṛa ‘id. (<i>Voc.</i> 2712)’  most other dialects  IDs=f_z77jkxw4cjsqk SRC=dedr
  mārnu ‘id. (<i>Voc.</i> 2712)’ dialect:Gondi:maria:Maria Ma.  IDs=f_zzlr24gkpt76w SRC=dedr
Konda:
  maran ( marak) ‘id’ pl   IDs=f_hjm3qovym4kum SRC=dedr
Kui:
  mrānu ‘id’  K.  IDs=f_6g27u7o62hxbo SRC=dedr;K-Kui
  mrahnu ‘id’    IDs=f_gowcglshjo2rk SRC=dedr
  mrahunḍi ( mrahka) ‘id’ pl   IDs=f_tp4wxtznsxva2 SRC=dedr
Kuwi:
  mara ‘id’ dialect:Kuwi:bisam:Bisamkatak P. Ḍ.  IDs=f_7hpfrbqkt75um SRC=dedr;Ḍ-Kuwi
  mṛānū (i.e.mrānū; <i>pl.</i> mārka) ‘id’  F.  IDs=f_bpljjkas53n6u SRC=dedr;F-Kuwi
  mārnu ( mārka) (i.e.mrānū; <i>pl.</i> mārka) ‘id’ pl dialect:Kuwi:sunkar:Sunkarametta Su.  IDs=f_jk7m3lq53t4ly SRC=dedr
  marnu ( marka) ‘id’ pl Isr.  IDs=f_l77fije3p2ibk SRC=dedr;Isr-Kuwi
  mrānu ‘id’ pl Isr.  IDs=f_qiagijlcb77uo SRC=dedr;Isr-Kuwi
  mrānu ‘id’  S.  IDs=f_sxahj3yyfxuy6 SRC=dedr;S-Kuwi
  marnu ‘id’  S.  IDs=f_xamnyrdap53o4 SRC=dedr;S-Kuwi
Pengo:
  mar ( -ku) ‘id’ pl   IDs=f_kwtz3jwgmhqmk SRC=dedr
Manda:
  mar ( -ke) ‘id’ pl   IDs=f_ugq7sjvanw53c SRC=dedr
Kolami:
  ma·k ( ma·kul) ‘id’ pl   IDs=f_ynrwpwgpi4pti SRC=dedr
Naikri:
  māk ‘id’    IDs=f_fjj5n72v2adci SRC=dedr
Parji:
  meri ( merkul) ‘id’ pl   IDs=f_vih6xhp3wbrdm SRC=dedr
Gadaba:
  marin ( markil) ‘id’ pl Oll.  IDs=f_3obqk2bncijcs SRC=dedr;Oll-Gadaba
  māren ( markīl) ‘id’ pl dialect:Gadaba:salur:Salur S.  IDs=f_hux2xhzwahnvg SRC=dedr;S-Gadaba
  mar ‘id’  Oll.  IDs=f_kfkfzreexqazs SRC=dedr;Oll-Gadaba
Kurux:
  mann ‘id’    IDs=f_h5izmalzledto SRC=dedr
Malto:
  manu ‘id’    IDs=f_kmtb3xcbsflcs SRC=dedr
Badaga:
  hemmara ‘Malabar ailanto, large bastard poon, large neem, large yaipy, pangelion, tree of heaven, tree of the gods, walbiling, wild blimbing (Ailanthus malabarica; Hooker 1872-97: I, 518; Macleane 1893: 14; Lushington 1915: 113; Gamble 1922: 133; Gamble & Fischer 1956-57: 116; Maharashtra 1957: 13; Cooke 1958: I, 206; Maharashtra 1961:256; < hem+mora’ noun uncertain   IDs=f_23p5bdjkndiza SRC=hockings-pilotraichoor1992[p. 608, col. 2]
  ottu mora ‘fish-poison tree, jungle almond, makooloo, maravetty, marotty, mountain tamana oil tree, neeradimoot, sooty-oil tree’ noun uncertain   IDs=f_2bhxu77p3x4da SRC=hockings-pilotraichoor1992[p. 98, col. 2]
  HuimarakoreHaḷḷa ‘Vuyimarakore halla, name of a stream which flows NW to join Silla Halḷa at a point 12 km. SSW of Ootacamund’ noun proper-noun uncertain   IDs=f_2cshfue4b5yiw SRC=hockings-pilotraichoor1992[p. 593, col. 1]
  Bikkemarahaṭtti ‘Bikkemorahatti, Bickemarahatti, former name of two hamlets (both in existence prior to 1812): 1. one is 7.5 km. WNW of Kotagiri, belonging to Kagguci/Kaggusi commune (Belli kula; 22 Gauda houses in 1970; now called Kaliganatṭi / Kalinganatṭi / Kalingamarahatti), 2. former name of Bikkafṭi, a part of the Toreya hamlet Doddamanehatti , 9 km. ENE of Kotagiri, belonging to Kengare commune’ noun proper-noun uncertain alternate   IDs=f_3t5ffk45ypwfu SRC=hockings-pilotraichoor1992[p. 412, col. 2]
  hone mora ‘Indian kino tree, Amboyna kino tree, bijasal, common vengay, coorinjy, gum-kino, Indian dragon’s blood, kino rosewood, kurinji, Malabar dragon’s blood, Malabar kino tree, vaigisa’ noun uncertain   IDs=f_3yv53gjuzbty6 SRC=hockings-pilotraichoor1992[p. 614, col. 1]
  Morakuṭtti ‘Marakutti, Marakottu, Morakotti, Maracodevain, Marakore, name of a part of Ka:lemora hamlet, 9.5 km. NE of Ootacamund, belonging to Ebbuna:du commune’ noun proper-noun uncertain alternate   IDs=f_3zeowjcpxt352 SRC=hockings-pilotraichoor1992[p. 501, col. 1]
  tadasu mora ‘common Indian linden, dhaman, dharmanam, limetree leaved grewia, matted hair plant, tadda, tame devil a’ noun uncertain   IDs=f_4ascl5rmw6rkk SRC=hockings-pilotraichoor1992[p. 278, col. 2]
  muḷḷu mora ‘1. thornwood, thorn tree; 2. one of the perils awaiting the soul of the dead as it makes its way towards heaven’ noun uncertain   IDs=f_4h5omxmwy7y2g SRC=hockings-pilotraichoor1992[p. 488, col. 1]
  Billimara ‘Billi Mara, name of a mountain 2393 m in elevation, 5 km. S of Ootacamund’ noun proper-noun uncertain   IDs=f_4jldnme4qkh6c SRC=hockings-pilotraichoor1992[p. 416, col. 2]
  ēṇi mora ‘ladder, stepladder to loft, log in which steps have been cut DBIA 55’ noun uncertain   IDs=f_4pqqznnxi67ro SRC=hockings-pilotraichoor1992[p. 93, col. 1]
  Himbara Hosatti ‘Humbimora Hosatti, Osatti, name of a hamlet 8 km. ENE of Kotagiri, belonging to Kengare commune’ noun proper-noun uncertain alternate   IDs=f_5aqkf5zv22uag SRC=hockings-pilotraichoor1992[p. 55, col. 2]
  Hasalamorahaṭṭi ‘name of a former hamlet, 8 km. SW of Coonoor’ noun proper-noun uncertain   IDs=f_5eeyo4yskh4d2 SRC=hockings-pilotraichoor1992[p. 579, col. 1]
 ... 53 additional unique records
markodi:
  maram ‘Tree’ dialect:markodi:markodi_pannithadam:Pannithadam   IDs=f_cts2qhqiuuuaw SRC=canvin2025
  maram ‘Tree’ dialect:markodi:markodi_ennappara:Ennappara   IDs=f_s7fhkntkbl6b6 SRC=canvin2025
  maram ‘Tree’ dialect:markodi:markodi_vannarkadav:Vannarkadav   IDs=f_torffs6oqwile SRC=canvin2025

### d4750 **maẓVkV  HEAD krishnamurti-pfeiffer
ETYMOLOGY 
SOURCE NOTE Cf. 4627 Ta. macaṅku , 4728 Ta. mappu , and 4830 Ta. mār̤ku . SOURCE dedr[entry 4750]
PDr:
  **maẓVkV ‘’    IDs=d4750 SRC=dedr[entry 4750, DED(S) 3890];pfeiffer2018
  *maẓ- ‘obscure, blunt; to die, perish; dusk, twilight; dirty; black’    IDs=f_e4vtrndd72uv6 SRC=merriam2026dravidiandb[record 4981, DEDR 4750];starostin2006dravidian
Tamil:
  maṛ̆uŋkal ‘that which is blunt, dim or unpolished, blockhead, shameless person’    IDs=f_44gv5moe7kny6 SRC=dedr
  maṛ̆u ‘blunt’    IDs=f_4ue6u65cufp54 SRC=dedr
  maŋkulam ‘cloudiness, murkiness, obscuration, perturbation, confusion of mind, gloominess, gravity of countenance, dullness of the eyes, dimness of sight, uncertainty, doubtfulness, indistinctness, obscureness, paleness (as of colour)’    IDs=f_alqruxroaw6uy SRC=dedr
  maṛ̆ukku ‘to blunt, dull, obscure as lustre or glory, deprive the intellect of its keenness’ verb Tamil-class-3 weak (maṛ̆ukki-)  IDs=f_bqkkq6seqaprg SRC=dedr
  maṛ̆uku ‘to become blunt, be dim or obscure’ verb Tamil-class-3 weak (maṛ̆uki-)  IDs=f_fnxlkcywxenx6 SRC=dedr
  maṛ̆uŋki ‘shameless woman’    IDs=f_i374ssvlny6f4 SRC=dedr
  makku ‘to die, perish, become dull, decay as fruits, moulder, be spoiled as by dampness; sluggishness, doltishness, ignorant person, dullard’ noun verb Tamil-class-3 weak (makki-)  IDs=f_i6fln6ieddvpc SRC=dedr
  maṛ̆a ‘confusion of mind’    IDs=f_ja5uhdb6ztkj4 SRC=dedr
  maṛ̆uŋku ‘to be blunt or dull (as an edge or point), be obscured, be deprived of lustre or glory, fade, disappear, be lost, become dull in feeling, lose keenness of intellect, be dim, obscure (as the sun or moon in an eclipse or behind a cloud)’ verb Tamil-class-3 weak (maṛ̆uŋki-)  IDs=f_jzudadykwjyw6 SRC=dedr
  maŋku ‘to grow less, diminish, become dim (as light or eyesight), grow pale, lose lustre, become obscured (as splendour), decline in prosperity, decay, be ruined, die, perish; ruin, loss’ noun verb Tamil-class-3 weak (maŋki-)  IDs=f_wmyf5ktx3bkfc SRC=dedr
  maṛ̆ukkam ‘bluntness, reduced circumstances, dimness, cloudiness, obscurity of the sun in an eclipse, fading as of a colour, dullness of intellect as from age or a disease’    IDs=f_yeysro42fabim SRC=dedr
  maŋkul ‘cloud, fog, night, darkness’    IDs=f_zdowzjqks5gnc SRC=dedr
Malayalam:
  maŋŋul ‘dimness, fading light, cloudy sky’    IDs=f_4nfa4wswz5azq SRC=dedr
  maŋku ‘chaff, blighted ears’    IDs=f_azxcicntcw6r4 SRC=dedr
  maŋŋuka ‘to grow dim, wan, pale’    IDs=f_frsvpinzlvi3y SRC=dedr
  maṛ̆unnanē āka ‘to grow blunt’    IDs=f_h2fiq2vugdwqu SRC=dedr
  maŋŋiram ‘dimness, fading light, cloudy sky’    IDs=f_zlywyvl6zufxk SRC=dedr
Kota:
  makl ‘state of unconsciousness’    IDs=f_25m46vumxipui SRC=dedr
  mag- (magy-) ‘(light) becomes less, lose colour (e.g. withering flower), (face) become ugly (through smallpox, etc.)’    IDs=f_7ot44q6n7usn2 SRC=dedr
  mangy- ‘“(light) becomes less, lose color (e.g. withering flower), (face) becomes ugly (through small pox, etc.)’ variant   IDs=f_blr7mu4oarcvu SRC=wolf-kota[p. 23, entry 29]
  mak- (maky-) ‘to fall into unconsciousness’    IDs=f_mc5cgfrv7orvk SRC=dedr
  mang- ‘“(light) becomes less, lose color (e.g. withering flower), (face) becomes ugly (through small pox, etc.)’    IDs=f_paqsbsybgtn7q SRC=wolf-kota[p. 23, entry 29]
  maŋg- (maŋgy-) ‘(light) becomes less, lose colour (e.g. withering flower), (face) become ugly (through smallpox, etc.)’    IDs=f_sruadlogsjoxo SRC=dedr
  mak ‘state of unconsciousness’    IDs=f_zcxfhovuqx5pe SRC=dedr
Toda:
  mak Qoṯ- (Qoṯy-) ‘to become senseless’    IDs=f_qsgohua7ypljw SRC=dedr
  makθoṯ- ‘to become senseless’ verb intr   IDs=f_z72x4ds2x2mpg SRC=bhaskararao-toda2025[p. 98, entry 5]
  θoṯy- ‘to become senseless’ verb intr variant   IDs=f_znuxgaaba7ut4 SRC=bhaskararao-toda2025[p. 98, entry 5]
Kannada:
  maŋku ‘dimness, want of lustre, obscurity of intellectual perception, confusion of mind, silliness, stupidity, stubbornness’    IDs=f_a52mlymgbdqq2 SRC=dedr
  maṛ̆a ‘dimness’    IDs=f_egg6aph4f3pgm SRC=dedr
  maŋkutana ‘confused, stupid, silly behaviour’    IDs=f_gvsrtibdp3kky SRC=dedr
  maṛ̆gu ‘to grow dim or faint, disappear or perish’    IDs=f_h2uxajyzxrejk SRC=dedr
  maggu ‘to grow wan or sallow, become pale, grow faint or dim as gold, vanish away, disappear as colour, grow dirty, rusty or mouldy, perish, die away, become strengthless as a horse, vanish, disappear as a person’    IDs=f_i4trzhz3xlef4 SRC=dedr
  maggisu ‘to cause to vanish’    IDs=f_iopqf3fcmrfem SRC=dedr
  mañju ‘dimness of sight, obscurity (of intellectual perception)’    IDs=f_of6areb2pl2dm SRC=dedr
  maṛ̆al ‘the eyes to become dim’    IDs=f_phyzyojspin3y SRC=dedr
  maka ‘state of being not bright or dim’    IDs=f_r3ttd6ptoowzm SRC=dedr
  maṛ̆gisu ‘to cause to disappear, cause to perish, destroy’    IDs=f_yxwzvm2jgeyds SRC=dedr
Tulu:
  margɯ ‘dead’    IDs=f_qsgwghqkroiue SRC=dedr
  maŋku ‘dullness, stupidity’    IDs=f_qztcvjbuxg7aq SRC=dedr
  maŋka ‘dullness, stupidity’    IDs=f_s5tzdazmcux26 SRC=dedr
  margɯ āpini ‘to die’    IDs=f_w7rs2ld22pfd2 SRC=dedr
Telugu:
  maggu ‘to die, perish’  K. also  IDs=f_ls6tncdxnev4e SRC=dedr;K-Telugu;K-also-Telugu
  mraggu ‘to die, perish’    IDs=f_qubbupqrnim6g SRC=dedr
  makku ‘to fade, lose shining or lustre, die; dirtiness, foulness’ noun   IDs=f_rh4qvlb3ka7es SRC=dedr
  mrakku ‘to fade, lose shining or lustre, die; dirtiness, foulness’ noun   IDs=f_xrwtk7qdnczyu SRC=dedr
Kui:
  manguri ‘dusk, twilight’    IDs=f_hp5j3jmjjwxlu SRC=dedr
Kurux:
  maṛxnā ‘to get dirty, soiled, lose brightness or freshness, be ashamed, grow exhausted, be spent’    IDs=f_edxdcgz7sz6n4 SRC=dedr
Malto:
  maṛɣru ‘name of a tree, the bark of which is black’    IDs=f_azpxeutk3e6k4 SRC=dedr
  maṛɣro ‘black’    IDs=f_ddrmemectfud2 SRC=dedr
  maṛɣe ‘to become black’    IDs=f_us4chhgu6ci5i SRC=dedr
  maṛɣtre ‘to blacken, cause sorrow, make sad’    IDs=f_ynohbt256yswq SRC=dedr
Badaga:
  maggi ‘blunt’ adj uncertain   IDs=f_2o2pxy7f54h3y SRC=hockings-pilotraichoor1992[p. 442, col. 2]
  maggu ‘1. to become blunt, become even; 2. to sink down, settle down, disintegrate’ verb intr uncertain   IDs=f_6gbhcr5rjksqa SRC=hockings-pilotraichoor1992[p. 442, col. 2]
Ni:
  mōngo ‘dirty’ loanword marked borrowing   IDs=f_2zstzyhwlu7rg SRC=nagaraja2014[pp. 250–332];nihali-database2026[tab Nagaraja, row 1199, ID 1174]

### d4760 *maṯ-V- be hidden, to forget HEAD krishnamurti-pfeiffer
ETYMOLOGY 
SOURCE NOTE Cf. 4836 Ta. māṟṟu. DED(S) 3897. SOURCE dedr[entry 4760, DED(S) 3897]
PDr:
  *maṯ-V- ‘be hidden, to forget’    IDs=d4760,f_geidpqymj5yhi SRC=dedr[entry 4760, DED(S) 3897];merriam2026dravidiandb[record 6437, DEDR 4760];krishnamurti;merriam2026dravidiandb[record 6437, DEDR 4760];krishnamurti
  *mad_[a]- ‘to forget, lose; to forget; to forget; to hide; to be lost; to conceal oneself, disappear, hide (BB); to vanish, disappear (as a person)’    IDs=f_aqkj5bd3jppp2 SRC=merriam2026dravidiandb[record 4991, DEDR 4760];starostin2006dravidian
  *maṯ-V ‘be hidden, to forget’    IDs=f_auheucm2jtlc4 SRC=krishnamurti
Tamil:
  maṛa ‘to forget, neglect, disregard, put an end to, give up’ verb Tamil-class-7 strong (-pp-, -nt-)  IDs=f_2gpfdlpkjruc2 SRC=dedr
  maṟai ‘to be hidden, shrouded, disappear, recede (as from sight); (-pp-, -tt-) to hide, conceal, cover, shelter, protect; concealment, secret, disguise, refuge, fraud’ noun verb Tamil-class-2 weak (-v-, -nt-)  IDs=f_6yfigs3n2p54a SRC=dedr
  maṟali ‘forgetfulness’    IDs=f_bzyb6rz42bfde SRC=dedr
  maṟappu ‘forgetfulness’    IDs=f_dbewn7rv7p5is SRC=dedr
  maṟati ‘forgetfulness’    IDs=f_fylj5emk46tde SRC=dedr
  maṟaivu ‘vanishing, disappearance, hiding place, screen’    IDs=f_pgmx3rdtctybi SRC=dedr
  maṟal ‘forgetfulness’    IDs=f_vc5kpicvioa2i SRC=dedr
  maṟaippu ‘concealment, screen’    IDs=f_w6eams4yz5b3y SRC=dedr
  maṟavi ‘forgetfulness’    IDs=f_xoo5hbo2tywpu SRC=dedr
Malayalam:
  maṟakka ‘to forget, be forgotten, vanish from the mind’    IDs=f_2xjsji42cahyq SRC=dedr
  maṟa ‘a screen, shelter, covering, secret’    IDs=f_7yytjegpq7ntc SRC=dedr
  maṟavi ‘forgetfulness’    IDs=f_abxghhkho67xc SRC=dedr
  maṟavu ‘shelter, cover, concealment’    IDs=f_bs4szld34vqee SRC=dedr
  maṟayuka ‘to disappear, hide oneself’    IDs=f_jqrgibi3mbd2u SRC=dedr
  maṟati ‘forgetfulness’    IDs=f_lrb6bp3vzhnyi SRC=dedr
  maṟeppu ‘coverlet, shelter, protection’    IDs=f_n652fz7cbdomq SRC=dedr
  maṟekka ‘to hide, conceal, screen, bury’    IDs=f_pnxqrdgo4oigo SRC=dedr
  maṟappikka ‘to cause to forget’    IDs=f_r5d7qvzeeuvn2 SRC=dedr
  maṟappu ‘coverlet, shelter, protection’    IDs=f_ubzce4caju37s SRC=dedr
Kota:
  marc- (marc-) ‘to keep secret in mind, (grief) comes to end, cause (someone's grief) to come to an end’    IDs=f_bnoq4ecfyhcb2 SRC=dedr
  marv- (mard-) ‘to forget, be forgotten’    IDs=f_epx3ygtcrinto SRC=dedr
  marv- ‘“to forget, be forgotten”’    IDs=f_gjs4rem33cqiw SRC=wolf-kota[p. 24, entry 8]
  mar ‘refuge, place out of sight, secret’    IDs=f_y4rjbda6pvdfa SRC=dedr
  mard- ‘“to forget, be forgotten”’ variant   IDs=f_zjewbgu5kqpwy SRC=wolf-kota[p. 24, entry 8]
Toda:
  maṟf xɨy- ‘to kill’ verb tr   IDs=f_3ebcb3tkxwrwi SRC=bhaskararao-toda2025[p. 99, entry 15]
  maṟθ- ‘to fade, forget; puːtkuɫỵ kar maṟθsi ‘The border of puːtkuɫỵ is faded’, muːn maṟθsi ‘The face changed (=originality is gone)’ (when seeing a deadbodyonemaysaythis), kwaṛmaṟθwïšpini‘Iforgottheumbrella.’’ verb tr variant   IDs=f_3ipcvpyzez2oi SRC=bhaskararao-toda2025[p. 99, entry 5];emeneau-toda1984[p. 122];bhaskararao-toda-notes[p. 74, 195]
  maṟf ‘place where one cannot be seen or heard, state of not being seen, non-existence’    IDs=f_3ktjxg5n4orfs SRC=dedr
  maṟf xɨy ‘to kill’    IDs=f_3m7h4nqi54f3u SRC=dedr
  maṟ ‘shelter, refuge’    IDs=f_4nbo657yle4j6 SRC=dedr
  maṟ ‘(1) shelter, refuge (see maṟ(f))’ noun   IDs=f_6iyksm6m6fhpk SRC=bhaskararao-toda2025[p. 99, entry 3]
  maṟp ‘dead, in:’    IDs=f_ffprcwg5x6mc6 SRC=dedr
  maṟ pɨ·x ‘to make (lit. go to) an ordinary funeral’    IDs=f_jixvcxj5r5kpc SRC=dedr
  maṟ(f) ‘place where one cannot be seen or heard, state of not being seen, non- existence; shelter, hiddenplace; mïːɰ-koḷb-uɫ-ḳ fiː maṟ(f) kofcspini ‘I took shel- ter in a cave during rain’ (lit. rain-to cave-in-to having.gone shelter hid)’ noun   IDs=f_kjyoxj5fvtlm4 SRC=bhaskararao-toda2025[p. 99, entry 8];bhaskararao-toda-notes[p. 74, 195]
  maṟ- ‘to fade, forget; puːtkuɫỵ kar maṟθsi ‘The border of puːtkuɫỵ is faded’, muːn maṟθsi ‘The face changed (=originality is gone)’ (when seeing a deadbodyonemaysaythis), kwaṛmaṟθwïšpini‘Iforgottheumbrella.’’ verb tr   IDs=f_mftjvnclloaje SRC=bhaskararao-toda2025[p. 99, entry 5];emeneau-toda1984[p. 122];bhaskararao-toda-notes[p. 74, 195]
  maṟp ‘dead, in: maṟ(p)pïːx-‘tomake(lit.goto)anordinaryfuneral’, paːmaṟp oːx- ‘to be dead and gone’ (for paː, see 3999)’ adj   IDs=f_ms7qxa45tbtzw SRC=bhaskararao-toda2025[p. 99, entry 22];emeneau-toda1984[p. 113]
  pa·maṟp o·x ‘to be dead and gone (forpa·, see 3999)’    IDs=f_nle2mqnt4pyye SRC=dedr
 ... 5 additional unique records
Kannada:
  maṟasuha ‘concealing’    IDs=f_43xgs7ea3gdc6 SRC=dedr
  maṟagu ‘hiding, secrecy, forgetting, forgetfulness’    IDs=f_4dmt6w7u437wo SRC=dedr
  maṟasu ‘to veil, hide, conceal, keep oneself out of view, cause to forget’    IDs=f_5yv4az6lmgd2u SRC=dedr
  maṟahu ‘hiding, secrecy, forgetting, forgetfulness’    IDs=f_7sv5c4t35pk2k SRC=dedr
  maṟave ‘state of becoming unmindful of, oblivion, forgetfulness, unconsciousness’    IDs=f_a776kduhdkvls SRC=dedr
  maṟavu ‘hiding, secrecy, forgetting, forgetfulness’    IDs=f_jhxedrne3ld3u SRC=dedr
  maṟapu ‘hiding, secrecy, forgetting, forgetfulness’    IDs=f_m77k5tf6zn6lu SRC=dedr
  maṟeyuvike ‘becoming unmindful of, etc’    IDs=f_pfyedhn7jsgy2 SRC=dedr
  maṟayisu ‘to veil, hide, conceal, keep oneself out of view, cause to forget’    IDs=f_snyynpj7gqk6o SRC=dedr
  moṟe ‘shelter, refuge’    IDs=f_uidqt4odwqlym SRC=dedr
  maṟe ‘to become unmindful of, forget, be forgotten, vanish from the mind; (alsomaṟa) disappearance, state of being hid, secrecy, concealment, cover, screen, refuge’ noun   IDs=f_uojj6fmxti5a2 SRC=dedr
  maṟapu ‘to hide, conceal, cause to forget’    IDs=f_vmk56i77qocfs SRC=dedr
 ... 2 additional unique records
Kodagu:
  marandɨ ‘forgetfulness’    IDs=f_cjszt7zswizem SRC=dedr
  mara- (marap-, marand-) ‘to forget’    IDs=f_dnkizxu645nfu SRC=dedr
  mare ‘place out of sight, concealment’    IDs=f_jxbwt7qzjsa2w SRC=dedr
Tulu:
  madɛ ‘screen, retired place’    IDs=f_45uit7aezhce2 SRC=dedr
  marepuni ‘to forget’    IDs=f_6gobk4gl5zudk SRC=dedr
  marapu ‘forgetfulness’    IDs=f_cw7btf7ncchpi SRC=dedr
  madeyuni ‘to be out of sight, shut’    IDs=f_jw6smstsdrio6 SRC=dedr
  madapele ‘a forgetful man’    IDs=f_rukuhbm64kv2i SRC=dedr
  marapuni ‘to forget’    IDs=f_rzumln3xqbppa SRC=dedr
  madepuni ‘to screen, shelter, hide’    IDs=f_uextlnbm5qsc6 SRC=dedr
  madapuni ‘to forget’    IDs=f_vm7rdjhjvqtgo SRC=dedr
  madapu ‘forgetfulness’    IDs=f_wpgwjtlpvhgww SRC=dedr
  madepu ‘shade, shelter, retirement’    IDs=f_xbebpd3dd6plc SRC=dedr
  marɛ ‘shelter, retreat’    IDs=f_zk62gurg4dxy2 SRC=dedr
Telugu:
  maṟuvu ‘concealment, cover, shelter, retreat’    IDs=f_2cbwy23nb5dce SRC=dedr
  maṟapincu ‘to cause to forget’    IDs=f_6etfncbqv3tmc SRC=dedr
  maṟukuva ‘forgetfulness’    IDs=f_6vygbqzong3ve SRC=dedr
  kanu-moṟãgu ‘to deceive’    IDs=f_ak6hq5d2gk2za SRC=dedr
  maṟũgu ‘to be concealed or hidden (K. alsomaṟuvu, maruvu); <i>n.</i>concealment, cover, shelter, screen; hidden, secret, unseen’ adj   IDs=f_g7rwmbijggk6y SRC=dedr
  moṟãgu ‘to deceive, (K. also) hide, lurk; deceit, deceiver’ noun   IDs=f_huvgyhyb7s226 SRC=dedr
  maṟacu ‘to forget’    IDs=f_ira6uzmd4liym SRC=dedr
  maṟu-paḍu ‘to be hidden, disappear, vanish’    IDs=f_jfcymk6oq5cqg SRC=dedr
  maṟapu ‘to cause to confuse’  K.  IDs=f_n4pi6abajklug SRC=dedr;K-Telugu
  maṟapu ‘ignorance, forgetfulness’    IDs=f_uivtddlaz2itk SRC=dedr
  maṟakuva ‘ignorance, forgetfulness’    IDs=f_warkdf3h7ljeq SRC=dedr
Gondi:
  maṛi ‘mat (<i>Voc.</i> 2740)’ dialect:Gondi:maria:Maria Ma.  IDs=f_2l2fcxt7v4ma6 SRC=dedr
  mareŋg ‘to forget’ dialect:Gondi:muria:Muria Mu.  IDs=f_4rvqx777lrris SRC=dedr
  maksahtānā ‘to conceal’ tr dialect:Gondi:mandla:Mandla W   IDs=f_6dobtjps3fi32 SRC=dedr;W-Gondi
  maruŋg-sīānā ‘to forget’ dialect:Gondi:mandla:Mandla W   IDs=f_6gskwalgtvpou SRC=dedr;W-Gondi
  mak ‘to be hid’ dialect:Gondi:muria:Muria Mu.  IDs=f_aacjwdexhi2si SRC=dedr
  māraŋg ‘to forget’ dialect:Gondi:maria:Maria M.  IDs=f_adb5oorchfn4m SRC=dedr;M-Gondi
  marēngānā ‘to forget’ dialect:Gondi:betul:Betul Tr.  IDs=f_b57c5bswphuca SRC=dedr;Tr-Gondi
  marūm ‘to forget’ dialect:Gondi:adil:Adilabad ASu.  IDs=f_daku4amessjuk SRC=dedr
  marr ‘mat-door (cf. 1648)’ dialect:Gondi:koya:Koya Ko.  IDs=f_dum42k53yrpy6 SRC=dedr
  makk ‘to hide <i> (intr.) (Voc’ dialect:Gondi:adil:Adilabad A. Ma.  IDs=f_f4i4qrakge3f4 SRC=dedr;A-Gondi
  ractāl ‘astray; (&lt;*mṟac-; <i>Voc.</i>3009)’ dialect:Gondi:mandla:Mandla W   IDs=f_g64yhbkyt2rmc SRC=dedr;W-Gondi
  maksuhtānā ‘to conceal’ dialect:Gondi:betul:Betul Tr.  IDs=f_hexumy7mxayvs SRC=dedr;Tr-Gondi
 ... 18 additional unique records
Konda:
  marg ‘to conceal oneself, disappear, hide’  BB  IDs=f_yfsclny6jvvy2 SRC=dedr;BB-Konda
Kui:
  mrānga (mrāngi-) ‘to be lost, mislaid; loss’ noun   IDs=f_2kk7eau5tgqyg SRC=dedr
  mrāpka (&lt; mrāk-p-; mrākt-) ‘to lose, obliterate; losing, obliterating’ noun   IDs=f_37pzhlkx3bqaq SRC=dedr
Kuwi:
  jāŋg- (-it-) ‘to get lost’ dialect:Kuwi:sunkar:Sunkarametta Su.  IDs=f_bbgfjmlfzpitc SRC=dedr
  jāŋg- (-it-) ‘to be lost’  Isr.  IDs=f_hnh2fmpndl4t6 SRC=dedr;Isr-Kuwi
  jānginai ‘to get lost’  S.  IDs=f_igwbrh436vfjq SRC=dedr;S-Kuwi
  jangali ‘to get lost’  F.  IDs=f_unppucrtrrrj6 SRC=dedr;F-Kuwi
  jāk- (-h-) ‘to lose’    IDs=f_zjrfud4dcsawm SRC=dedr
Pengo:
  jaŋg ‘to be lost’    IDs=f_6kfeztthu3224 SRC=dedr
  jaŋ ‘to be lost’    IDs=f_ee4pknchhwesg SRC=dedr
  jak ‘to lose’    IDs=f_ojf5vejm3klsu SRC=dedr
Manda:
  dāŋg ‘to be lost’    IDs=f_nxtsv4rj3fxac SRC=dedr
  dāk ‘to lose’    IDs=f_pkk5qzj7hdy5s SRC=dedr
Kolami:
  mad- (matt-) ‘to forget’    IDs=f_5qekby3fb3k54 SRC=dedr
Naiki:
  makup ‘to conceal something’    IDs=f_4cprosqwjdgm4 SRC=dedr
  mak ‘to hide oneself’    IDs=f_4vukjmcxtg3xw SRC=dedr
  makp ‘to conceal something’    IDs=f_rsyxf74fz5jpw SRC=dedr
Parji:
  meŋg ‘id’    IDs=f_kviawt7nueu7i SRC=dedr
Gadaba:
  meyikp- (meyikt-) ‘to make to go astray, make to roam’    IDs=f_hlenjehqzrxam SRC=dedr
  meyk ‘to go astray, roam’    IDs=f_la4izvejuhadc SRC=dedr
  meyk ‘to roam, wander’ dialect:Gadaba:salur:Salur S.  IDs=f_tm5wt2xaa7mue SRC=dedr;S-Gadaba
  mēy ‘id’  Oll.  IDs=f_xhgzowkxegeki SRC=dedr;Oll-Gadaba
  meyonḍi ‘lost, one who is roaming about’    IDs=f_yw3dksiugfing SRC=dedr
Malto:
  masekáre ‘to vanish (as an illness). (Pe. Kuwijāŋg-from*mṟāŋg- &gt; *mjāŋg-[= Kuimrāng-]; similarly Manḍ.dāŋg-.)’    IDs=f_lha36gankqfz6 SRC=dedr
  masɣe ‘to vanish, disappear (as a person)’    IDs=f_oitttrjsvllta SRC=dedr
Badaga:
  maru ‘to be hidden, be concealed, be veiled’ verb intr uncertain   IDs=f_4yprju277kfnq SRC=hockings-pilotraichoor1992[p. 457, col. 2]
  marisu ‘to hide, conceal, veil’ verb tr uncertain   IDs=f_54xe7z46gyi7c SRC=hockings-pilotraichoor1992[p. 457, col. 2]
  maruma gāra ‘people who bear grudges, Kurumbas (poetic)’ noun poetic uncertain   IDs=f_5fb6xboygdtsy SRC=hockings-pilotraichoor1992[p. 458, col. 1]
  maradi ‘forgetfulness, forgetting, death, unmindfulness’ noun uncertain   IDs=f_66xx5ch3pznca SRC=hockings-pilotraichoor1992[p. 456, col. 2]
  Karimorahaṭtṭi ‘Karemora, Kurrihoray, name of a hamlet 3 km. NNW of Coonoor, belonging to Hubbatale commune. (It is bounded on the W by the Pegga:du Halla, q.v., Beḷḷi kula; in existence before 1822; ca 45 Gauda houses in 1991; < karitmora + hatti, ‘charcoal+treesthamleť, or possibly kare +maravu+hatti’ noun proper-noun uncertain   IDs=f_7byvbvhnk4ypc SRC=hockings-pilotraichoor1992[p. 142, col. 2]
  mare ‘to forget, be forgotten, excuse, become unmindful of; to hide, go away, hide behind, veil, conceal (oneself), vanish (mareb-, mared-), 1. under cover, under the ægis, under the protection, under patronage; 2. at one’s cost, on one’s behalf’ verb tr intr adv uncertain   IDs=f_ctifgturchakq SRC=hockings-pilotraichoor1992[p. 458, col. 2]
  mariti ‘disguise, concealment, veiling’ noun uncertain   IDs=f_e7dkuv6l5dy3m SRC=hockings-pilotraichoor1992[p. 457, col. 2]
  maruma ‘secrecy, stealthy behaviour, stealth, vengeance’ noun uncertain   IDs=f_ixpimemwk7h7y SRC=hockings-pilotraichoor1992[p. 458, col. 1]

### d4761 maṟaŋku  HEAD dedr-reflex
ETYMOLOGY 
PDr:
  maṟaŋku ‘’ not-reconstructed   IDs=d4761 SRC=dedr[entry 4761, DED(S, N) 3898];dedr
PSTDr:
  *mad_- ‘to turn; joint, hinge, spring, catch, contrivance; to turn (intr.), turn round, return; turn into, be transformed into; to roll; to crawl; to turn (intr.)’    IDs=f_baehdiujlkz3w SRC=merriam2026dravidiandb[record 4992, DEDR 4761];starostin2006dravidian
Tamil:
  makkaḷi ‘to return, relapse (as a disease)’ verb Tamil-class-6 strong (-pp-, -tt-)  IDs=f_5ilfiwhk7zd3q SRC=dedr
  maṟi ‘to be turned upside down, return, recede, turn back, retreat, fall down; bend, rise up as a wave, be twisted, go about often, walk to and fro; (-pp-, -tt-) to turn about, return, turn upside down, upset, repeat, double’ verb Tamil-class-2 weak (-v-, -nt-)  IDs=f_a6knsa5kpgxuy SRC=dedr
  maṟukkaḷi ‘to return, relapse (as a disease)’ verb Tamil-class-6 strong (-pp-, -tt-)  IDs=f_cjlrhx6i6y5bk SRC=dedr
  maṟaŋku ‘to be bewildered, confused’ verb Tamil-class-3 weak (maṟaŋki-)  IDs=f_dza77tw7urx26 SRC=dedr
  maṟukali ‘to return, relapse (as a disease)’ verb Tamil-class-6 strong (-pp-, -tt-)  IDs=f_gzec2fsflkadk SRC=dedr
  maṟivi ‘return’    IDs=f_h5w7eekqu26mg SRC=dedr
  maṟukkam ‘whirling, unsteadiness, distress, affliction, sorrow, perplexity, relapse of disease’    IDs=f_qfkxu5l3g4yjy SRC=dedr
  maṟi-taral ‘returning, coming back’    IDs=f_qraaxcr643mzg SRC=dedr
  maṟuku ‘to whirl, go about often, wander, be bewildered, confused, be unsteady, unsettled, be distressed’ verb Tamil-class-3 weak (maṟuki-)  IDs=f_wxmtyjlo5pgq2 SRC=dedr
  maṟam ‘bewilderment’    IDs=f_xyy7lfpzm25vk SRC=dedr
Malayalam:
  maṟikka ‘to turn upside down, turn back’    IDs=f_2n5tvuh4w3ch2 SRC=dedr
  maṟiyuka ‘to turn back, turn over, be upset, turn over and over, tumble heels over head, roll’    IDs=f_44xzexpbjmth6 SRC=dedr
  maṟivu ‘change, rolling, tumbling, confusion, deceit’    IDs=f_d5qnf3t4eaccw SRC=dedr
  maṟiccal ‘turning over, returning, tumbling, heels over head, rolling, turning topsy-turvy, deceit’    IDs=f_jv6goiw4kktbg SRC=dedr
  maṟi ‘a turn, fresh start, corner, a shift, turning round or inside, deceit’    IDs=f_olp6q4f6t7c5c SRC=dedr
  maṟippu ‘an upset’    IDs=f_ua3tqfsjnu4zi SRC=dedr
  maṟukuka ‘to flounder, welter’    IDs=f_zpwrzsfrstils SRC=dedr
Kota:
  marḍ- ‘to turn over and over’ variant   IDs=f_6kocbynlhg3q6 SRC=wolf-kota[p. 24, entry 5]
  marṇ- ‘to turn over and over’    IDs=f_i5udynecofr4e SRC=wolf-kota[p. 24, entry 5]
  marṭ- (marṭy-) ‘to overturn by levering’    IDs=f_iklcmwsxmd2f2 SRC=dedr
  marṇ- (marḍ-) ‘to overturn , roll over once or end over end’ intr   IDs=f_lvy3kn3ib5wtg SRC=dedr
  mayr- (marc-) ‘(tree) falls; pull up by the roots’    IDs=f_rlylpn5kdgwmu SRC=dedr
Toda:
  maṟy- (maṟs-) ‘to fall (tree, wall), (teeth) fall out, (horn) is broken; (maṟc-) to fell (tree), pull down, take (honey) from comb’    IDs=f_2dsnpgnjjjzf2 SRC=dedr
  maṟs- ‘to fall (tree, wall, horn, tooth etc.), (teeth) fall out, (horn) is broken; ïtwïḍ meːṇ maṟs-či ‘Big trees fell down’, meːṇ maṟy-ïyi ‘The tree did not fall down’, kwïːṛ maṟs-či ‘The horn fell’, pas̱ maṟs-či ‘Tooth fell off’, meːṇ kwïːṛ maṟs-či ‘Tree branch fell’, cf. ïṛy- (ïṛs-) ‘wall falling’, waṛ- (waṛθ-) ‘bulb breaks’’ verb intr variant   IDs=f_f7wqpdbzirv7y SRC=bhaskararao-toda2025[p. 100, entry 12];emeneau-toda1984[p. 123];bhaskararao-toda-notes[p. 74, 200]
  maṟy- ‘to fell (tree), pull down, to take out honey from honeycomb; ïr twïː maṟcsi ‘The buffalo broke the gate of pen (and ran away)’, kar-wïḍ-y pas maṟcs-pini ‘I pulled out the tooth of the boy’, töːn maṟc-si ‘He/She took out honey’ (collecting honey is breaking & pulling out a chunk of honeycomb)’ verb tr   IDs=f_krpjeqh7ingpw SRC=bhaskararao-toda2025[p. 100, entry 11];emeneau-toda1984[p. 124];bhaskararao-toda-notes[p. 200]
  maṟy- ‘to fall (tree, wall, horn, tooth etc.), (teeth) fall out, (horn) is broken; ïtwïḍ meːṇ maṟs-či ‘Big trees fell down’, meːṇ maṟy-ïyi ‘The tree did not fall down’, kwïːṛ maṟs-či ‘The horn fell’, pas̱ maṟs-či ‘Tooth fell off’, meːṇ kwïːṛ maṟs-či ‘Tree branch fell’, cf. ïṛy- (ïṛs-) ‘wall falling’, waṛ- (waṛθ-) ‘bulb breaks’’ verb intr   IDs=f_trxlcbealpjao SRC=bhaskararao-toda2025[p. 100, entry 12];emeneau-toda1984[p. 123];bhaskararao-toda-notes[p. 74, 200]
  maṟc- ‘to fell (tree), pull down, to take out honey from honeycomb; ïr twïː maṟcsi ‘The buffalo broke the gate of pen (and ran away)’, kar-wïḍ-y pas maṟcs-pini ‘I pulled out the tooth of the boy’, töːn maṟc-si ‘He/She took out honey’ (collecting honey is breaking & pulling out a chunk of honeycomb)’ verb tr variant   IDs=f_vhwkmg3ii25ag SRC=bhaskararao-toda2025[p. 100, entry 11];emeneau-toda1984[p. 124];bhaskararao-toda-notes[p. 200]
Kannada:
  maraḷcu ‘to turn or avert the face, turn, cause to retreat, return’    IDs=f_fuk2ongomf3nu SRC=dedr
  malar ‘the face to be turned or averted, turn back or backward, turn, retreat, return, happen or occur again, do again’    IDs=f_imrevx6z7rp4q SRC=dedr
  maralcu ‘to turn or avert the face, turn, cause to retreat, return’    IDs=f_jyzhrwtuu3fi2 SRC=dedr
  maral ‘the face to be turned or averted, turn back or backward, turn, retreat, return, happen or occur again, do again’    IDs=f_rsn37antvi6ms SRC=dedr
  maraḷisu ‘to turn or avert the face, turn, cause to retreat, return’    IDs=f_xvyeunokdicyo SRC=dedr
  maraḷ ‘the face to be turned or averted, turn back or backward, turn, retreat, return, happen or occur again, do again’    IDs=f_yjq3tjiczonps SRC=dedr
Kodagu:
  mari- (mariv-, mariñj-) ‘to roll (, in lying position), overflow, go up (steps of house, as bride does); (marip-, maric-) to roll (, in lying position)’ intr tr   IDs=f_exspajtsxaepi SRC=dedr
Tulu:
  maraḷikke ‘hinge’    IDs=f_7g5sjntlp7ina SRC=dedr
  marakaṇɛ ‘on the back, topsyturvy (or with 4740 Ta.malar)’    IDs=f_e3lpvpcdluwhu SRC=dedr
  maraŋkaṇɛ ‘on the back, topsyturvy (or with 4740 Ta.malar)’    IDs=f_eorlat6vq6y5k SRC=dedr
  marapuni ‘to fell, pull down a wall’ verb   IDs=f_h34abnwwr7igc SRC=dedr;burrow-emeneau1972den1[p. 413, entry 3898]
Telugu:
  maṟalan ‘again, anew, afresh, back, in return’    IDs=f_22wq3y5tmbaoe SRC=dedr
  mara ‘joint, hinge, spring, catch, contrivance’    IDs=f_32xaddq3ui6zg SRC=dedr
  mrandu ‘to die, (K. also) be afflicted, be crushed, droop’    IDs=f_6z5eoiaabglnc SRC=dedr
  maṟala ‘again, anew, afresh, back, in return’    IDs=f_cei6h7kxywxr4 SRC=dedr
  mraŋgu ‘to decrease, be abated, be humbled, (K. also) fall down, perish’    IDs=f_dnwme76geuspu SRC=dedr
  maralu ‘to turn back, go or come back, return’    IDs=f_gwedmm4f6gpws SRC=dedr
  maralincu ‘to turn back, recall, rescind, abrogate, annul, ward off, turn, elude, evade’    IDs=f_h6bkkx4tjvdhi SRC=dedr
  maḷḷu ‘to turn back, go or come back, return’    IDs=f_kxg6yds4gpuey SRC=dedr
  maralã-bāṭu ‘turning back, rebelling’    IDs=f_lak4vfbwm3emi SRC=dedr
  maṟalincu ‘to turn back, recall, rescind, abrogate, annul, ward off, turn, elude, evade’    IDs=f_of3dww3nadfvo SRC=dedr
  maralã-baḍu ‘to turn back, rebel’    IDs=f_rb34gu3eplg4i SRC=dedr
  maṟalu ‘to turn back, go or come back, return’    IDs=f_sfbpnfjwehpiq SRC=dedr
 ... 3 additional unique records
Konda:
  maṟ- (maRt-) ‘to turn’ intr   IDs=f_ch7t7kj35hhre SRC=dedr
  maR- (-t-) ‘id’ tr   IDs=f_d46sjkuxzzmku SRC=dedr
Kui:
  mabga (&lt; mag-b-; magd-) ‘to grovel, wallow, roll on the ground, roll upon, overlay’    IDs=f_odg4kc4xbuvsu SRC=dedr
Kuwi:
  marhī marhī hal ‘to crawl, creep. DED(S, N) 3898’  Isr.  IDs=f_3vgb7gtvudvyo SRC=dedr;Isr-Kuwi
  mar- (-h-) ‘(Su.) to creep, crawl, (Isr.) lie down flat’    IDs=f_gr3hcklxersd4 SRC=dedr
Pengo:
  maz- (mast-) ‘to turn , turn round, return; turn into, be transformed into’ intr   IDs=f_3xuydtia7rbx2 SRC=dedr
  mah- (mast-) ‘to turn round, turn over ; turn into, transform’ tr   IDs=f_lfjmgkklmr3ha SRC=dedr
Badaga:
  mālu ‘swing, cradle (of cloth or cane)’ noun uncertain   IDs=f_4fugmrivoxt3i SRC=hockings-pilotraichoor1992[p. 469, col. 2]
  Maraḷikal ‘Marlikal, name of a former Irula hamlet 8.5 km. E of Coonoor’ noun proper-noun uncertain   IDs=f_bjia2m2dxdimg SRC=hockings-pilotraichoor1992[p. 457, col. 1]
  maraḷisu ‘to upturn, make topsy-turvy’ verb tr uncertain   IDs=f_e6o3fzrgmzlmc SRC=hockings-pilotraichoor1992[p. 457, col. 1]
  hālu kūḷu ūṭa mālu [...name]-ayya ‘“milk, rice, food, cradled [...name] honorable” (lit.), words spoken by an old man when naming an infant (the -ayya is only used by Wodeyas and other Lingayats)’ multiword-expression suffix uncertain   IDs=f_el3jgsp4xmf3i SRC=hockings-pilotraichoor1992[p. 586, col. 2]

### d4866 *miẓ-iŋ-  HEAD merriam-pdr
ETYMOLOGY 
PDr:
  *miẓ-iŋ- ‘’    IDs=d4866 SRC=dedr[entry 4866, DED(S, N) 3985];merriam2026dravidiandb[record 5097, DEDR 4866];starostin2006dravidian
  *miẓ-iŋ- ‘to swallow; to swallow, devour, consume; (Hahn) to devour’    IDs=f_22nutylnxgtju SRC=merriam2026dravidiandb[record 5097, DEDR 4866];starostin2006dravidian
Tamil:
  muṛ̆untu ‘to swallow’ verb Tamil-class-3 weak (muṛ̆unti-)  IDs=f_4klyfabt7lc3k SRC=dedr
  consume ‘a gulp, swallow’    IDs=f_bciwzeefupo34 SRC=dedr
  devour ‘a gulp, swallow’    IDs=f_eul3jbf66u7yu SRC=dedr
  muṛ̆uŋku gulp ‘a gulp, swallow’    IDs=f_fy5meitvwzth4 SRC=dedr
  viṛ̆ukku ‘a gulp, swallow’    IDs=f_gvgmcxprui53q SRC=dedr
  miṛ̆uŋku ‘a gulp, swallow’ verb Tamil-class-3 weak (miṛ̆uŋki-)  IDs=f_xng3lnblwju64 SRC=dedr
Malayalam:
  miṛ̆uŋŋuka ‘to swallow, devour, gulp down’    IDs=f_5u4tdcji2nc6i SRC=dedr
  viṛ̆uŋŋuka ‘to swallow, devour, gulp down’    IDs=f_bicdnxefwqlyy SRC=dedr
  miṛ̆uŋŋikka ‘to absorb’    IDs=f_jsamyzs274tve SRC=dedr
Kota:
  miŋg ‘act of swallowing’    IDs=f_6mtmreoagssvy SRC=dedr
  mingy- ‘“to swallow”’ variant   IDs=f_h7zbggxjs2vsw SRC=wolf-kota[p. 25, entry 26]
  miŋg- (miŋgy-) ‘to swallow’    IDs=f_hhxqbmcsg7abw SRC=dedr
  ming- ‘“to swallow”’    IDs=f_phfkwcvwnlhho SRC=wolf-kota[p. 25, entry 26]
Kannada:
  miŋgu ‘to swallow’    IDs=f_5d655upwa7wsq SRC=dedr
  muŋgu ‘to swallow’    IDs=f_mtrsizo6unazs SRC=dedr
Kodagu:
  mugg- (muggi-) ‘id’    IDs=f_lt2fhmocxcjm6 SRC=dedr
Telugu:
  mriŋgu ‘to swallow, devour, consume’    IDs=f_7dp2pr3nbysj6 SRC=dedr
  miŋgu ‘to swallow, devour, consume’    IDs=f_vsrzcq3kxyfta SRC=dedr
Gondi:
  miŋ ‘id. (<i>Voc.</i> 2818)’ dialect:Gondi:yavatmal:Yavatmal Y.  IDs=f_2fok66sknsiqi SRC=dedr
  miŋg ‘id. (<i>Voc.</i> 2818)’ dialect:Gondi:adil:Adilabad A.  IDs=f_m2orr74ywot6w SRC=dedr;A-Gondi
Konda:
  miṛiŋ ‘id., devour’  Gūṛi dial.  IDs=f_bg5qjx5xmy5ci SRC=dedr
  ṛiŋ- (-it-) ‘id., devour’    IDs=f_rzxwtl7diozy2 SRC=dedr
Pengo:
  ṛuggiŋga ‘onom; of swallowing’    IDs=f_iwou7irtppx76 SRC=dedr
  ṛugginda ‘onom; of swallowing’    IDs=f_se3nuytj7xsuu SRC=dedr
Kolami:
  miŋg ‘to swallow’ dialect:Kolami:kinwat:Kinwat Kin.  IDs=f_lbaanr5uqufms SRC=dedr
  miŋ ‘to swallow’  SR  IDs=f_wmkf6xkvxeq6a SRC=dedr;SR-Kolami
Naikri:
  miŋg ‘id’    IDs=f_kswaghfrh4o6m SRC=dedr
Naiki:
  miŋg- (miŋkt-) ‘id’    IDs=f_ze43c5bkugvmo SRC=dedr
Kurux:
  munxnā ‘to devour. DED(S, N) 3985’  Hahn  IDs=f_vxgsr6q4ycpqq SRC=dedr;Hahn-Kurux

### d4968 *muc-Vl hare HEAD krishnamurti-pfeiffer
ETYMOLOGY 
PDr:
  *muc-Vl ‘hare’    IDs=d4968,f_sfjmgifqcld4s SRC=dedr[entry 4968, DED(S) 4071];krishnamurti;merriam2026dravidiandb[record 6461, DEDR 4968];krishnamurti
  *moy-al ‘hare’  PSD  IDs=f_c3z6ruaxjuhne SRC=krishnamurti
  *mundjal (?) ‘hare’    IDs=f_jv7e7fkcdqljk SRC=merriam2026dravidiandb[record 5201, DEDR 4968];starostin2006dravidian
  *moy-al ‘‘hare’ PSD’    IDs=f_sqpbiudm23eig SRC=merriam2026dravidiandb[record 6481, DEDR 4968];krishnamurti
PSTDr:
  *moy-al ‘hare’    IDs=f_xyxhak72q5amu SRC=merriam2026dravidiandb[record 5939, DEDR 4968];krishnamurti
Tamil:
  mucal ‘hare’    IDs=f_gq7fuotmucnzq SRC=dedr
  muyal ‘hare’    IDs=f_li4dparqcckri SRC=dedr
Malayalam:
  muyal ‘id’    IDs=f_7qxzyk4xhoitc SRC=dedr
Kota:
  molm ‘id’    IDs=f_lfyqviecv6aio SRC=dedr
  molm ‘hare, rabbit’    IDs=f_zawqikalrflto SRC=wolf-kota[p. 25, entry 34]
Toda:
  mȳs ‘hare’ noun   IDs=f_6dsdpjqq2hpes SRC=bhaskararao-toda2025[p. 127, entry 25];emeneau-toda1984[p. 60]
  my·s̱ ‘id’    IDs=f_kxuk4zmqkyb4a SRC=dedr
Kannada:
  mala ‘id’    IDs=f_biu2tbo2qns3u SRC=dedr
  mola ‘id’    IDs=f_vevyzg6m3scbu SRC=dedr
Kodagu:
  mona ‘id’    IDs=f_oqaqwg3ezrsoy SRC=dedr
Tulu:
  mola ‘a large hare’    IDs=f_2alg25aeh4wvo SRC=dedr
  muggerɯ ‘id’    IDs=f_caredroi7m7z4 SRC=dedr
  mērɯ ‘hare, rabbit’  B-K.  IDs=f_czpr7dkaws2r4 SRC=dedr;B-K-Tulu
  muyerɯ ‘id’    IDs=f_mqcifjdcvifkm SRC=dedr
  mugerɯ ‘id’    IDs=f_uyz42pwvluchk SRC=dedr
Gondi:
  maloṛ ( -i ( D.molohk, Ma.molosku) ‘id’ pl dialect:Gondi:koya:Koya Ko.  IDs=f_4sr6ffs7fiesu SRC=dedr
  molol ( D.molohk, Ma.molosku) ‘id’ pl dialect:Gondi:mandla:Mandla W. D. Ma. M.  IDs=f_6mib5vwfp55ea SRC=dedr;W-Gondi;M-Gondi
  mulol ( D.molohk, Ma.molosku) ‘id’ dialect:Gondi:mandla:Mandla Ph.  IDs=f_6yhoomipxemf2 SRC=dedr;Ph-Gondi
  molol ( D.molohk, Ma.molosku) ‘id’  MuW.  IDs=f_7lhsn7jliwygq SRC=dedr
  molor ‘(-k) id. (<i>Voc.</i> 2751)’ pl dialect:Gondi:yavatmal:Yavatmal Y.  IDs=f_alzlrvwlbtbvy SRC=dedr
  malol ( D.molohk, Ma.molosku) ‘id’  MuW.  IDs=f_il5ik67vin7ko SRC=dedr
  malol ( D.molohk, Ma.molosku) ‘id’ dialect:Gondi:mandla:Mandla Ph.  IDs=f_mmrgetwftmdmg SRC=dedr;Ph-Gondi
  maloṛ ( malohk ( D.molohk, Ma.molosku) ‘id’ pl MuE.  IDs=f_ohj4a7qssl6hc SRC=dedr
  malol ( D.molohk, Ma.molosku) ‘id’ dialect:Gondi:adil:Adilabad A. Ch.  IDs=f_tbx637a6amqis SRC=dedr;A-Gondi
  molol ( D.molohk, Ma.molosku) ‘id’ pl dialect:Gondi:durg:Durg W. D. Ma. M.  IDs=f_x2chdo2wciijg SRC=dedr;W-Gondi;M-Gondi
  malōl ( malōhk ( D.molohk, Ma.molosku) ‘id’ pl dialect:Gondi:betul:Betul Tr.  IDs=f_yukuj47gcaslo SRC=dedr;Tr-Gondi
  malol ( D.molohk, Ma.molosku) ‘id’ dialect:Gondi:chanda:Chandrapur A. Ch.  IDs=f_zmzncs3koiya6 SRC=dedr;A-Gondi
 ... 1 additional unique records
Konda:
  morol ‘id’    IDs=f_qospc4kbmivje SRC=dedr
Kui:
  mṛāḍu ‘id’    IDs=f_lbkgwcxi35p6e SRC=dedr
Kuwi:
  mṛālū ‘id’  F.  IDs=f_c4yvw6fs6luwi SRC=dedr;F-Kuwi
  mrālu ‘id’  S.  IDs=f_k6tkuvcbg4cqc SRC=dedr;S-Kuwi
  mṛalu ‘id’  Isr.  IDs=f_l4sutsio4y2gu SRC=dedr;Isr-Kuwi
Pengo:
  mrōl ‘id’    IDs=f_chmmed7g2zdly SRC=dedr
Kolami:
  mi·te ‘hare’    IDs=f_ol333pt62vqja SRC=dedr
Naikri:
  mīte ‘id’    IDs=f_hq6s2kcswyp2a SRC=dedr
Parji:
  mū̃da ‘id’    IDs=f_7vt27lptoqluo SRC=dedr
Gadaba:
  munde ‘id’  Oll.  IDs=f_c2obkv4m5eqre SRC=dedr;Oll-Gadaba
  mūnde ‘id’ dialect:Gadaba:salur:Salur S.  IDs=f_rltuhzdq4pues SRC=dedr;S-Gadaba
Kurux:
  muńyā̃ ‘id’    IDs=f_j75zkrkgqj7pe SRC=dedr
Malto:
  muṉye ‘id’    IDs=f_utnciyhhmymiq SRC=dedr
Brahui:
  murū ‘id. DED(S) 4071’    IDs=f_c5nzym5dymdi4 SRC=dedr
Badaga:
  mola ‘hare, Nilgiri blacknaped hare, Indian hare (Lepus nigricollis nigricollis, it is said the Pa:ndavas, a race of dwarfs in ancient times, “called in the black-naped hare...to plough their fields. The black patches on their necks are the inherited marks of the yoke. The blood of the hare is administered to children suffering from’ noun uncertain   IDs=f_ya6rbd56km35w SRC=hockings-pilotraichoor1992[p. 502, col. 2]
Irula:
  monna ‘id’    IDs=f_pw4gd4wo6xxd4 SRC=dedr
  munna ‘id’    IDs=f_t4dwhrp3wfqhk SRC=dedr

### d4976 muraṟci  HEAD dedr-reflex
ETYMOLOGY 
PDr:
  muraṟci ‘’ not-reconstructed   IDs=d4976 SRC=dedr[entry 4976, DED(S, N) 4079];dedr
PSTDr:
  *mor-and_- ‘cord, rope; rope’    IDs=f_rqkcabi6dgttg SRC=merriam2026dravidiandb[record 5209, DEDR 4976];starostin2006dravidian
Tamil:
  muraṟci ‘a cord’    IDs=f_nfcijepyd7lg2 SRC=dedr
Tulu:
  murajɛ ‘rope made of straw’    IDs=f_3ofxbbcsnphi6 SRC=dedr
Gondi:
  moros ‘rope (<i>Voc.</i> 2725)’ dialect:Gondi:maria:Maria Ma.  IDs=f_3vn6kynuz7guo SRC=dedr
  moros ‘rope prepared from fibre of paur tree’ dialect:Gondi:muria:Muria Mu.  IDs=f_6r6jugeo7psdc SRC=dedr
  maṛōnj ‘strip of bark’ dialect:Gondi:betul:Betul Tr.  IDs=f_atu37qita4ltg SRC=dedr;Tr-Gondi
  mōrūm ‘bark used for tying a bundle’ dialect:Gondi:koya:Koya KoyaSu.  IDs=f_hf4gbhdepnyfa SRC=dedr
  moras ‘rope (<i>Voc.</i> 2725)’ dialect:Gondi:maria:Maria M.  IDs=f_jlhfatpoh7tiu SRC=dedr;M-Gondi
  maṛos ‘rope prepared from fibre of paur tree’ dialect:Gondi:muria:Muria Mu.  IDs=f_l3qkqjgzsv25k SRC=dedr
  maronj ‘bark’ dialect:Gondi:mandla:Mandla Ph.  IDs=f_q3yj4u2jk6cvo SRC=dedr;Ph-Gondi
  marõj ‘fibre for rope’ dialect:Gondi:chanda:Chandrapur Ch.  IDs=f_qeaemlahqvmd6 SRC=dedr
  moroli ‘rope (<i>Voc.</i> 2725)’ dialect:Gondi:maria:Maria Ma.  IDs=f_wp5s5cq335fuw SRC=dedr
Kui:
  mrāsu ‘rope made from hide’    IDs=f_4h5aay3uwg4g6 SRC=dedr
Kuwi:
  marcu ‘rope attaching bullock to plough. DED(S, N) 4079’  Ṭ.  IDs=f_iqs44o4csqkzm SRC=dedr;Ṭ-Kuwi

### d4993 *muẓ-u-nk to drown; to sink HEAD krishnamurti-pfeiffer
ETYMOLOGY 
PDr:
  *muẓ-u-nk ‘to drown; to sink’    IDs=d4993 SRC=dedr[entry 4993, DED(S, N) 4096];krishnamurti
  *muẓṇ- ‘to immerse; to sink, plunge, dive, be inundated, be drowned; to dive; to sink; to sink, be immersed; to sink completely in, penetrate; be of such consistency that one sinks into it; to be drowned, sink; to sink, founder’    IDs=f_equ2pvjpcrluq SRC=merriam2026dravidiandb[record 5226, DEDR 4993];starostin2006dravidian
  *muẓ-u-nkk ‘to drown’  v.t.  IDs=f_mewthgkgwkulw SRC=krishnamurti
Tamil:
  mukkuvar ‘a sect of fishermen’    IDs=f_244vgkkqijvzg SRC=dedr
  muŋkācci ‘plunging in water’    IDs=f_5fyogb7qe37rw SRC=dedr
  mūṛ̆ttu ‘id’ tr verb Tamil-class-3 weak (mūṛ̆tti-)  IDs=f_6gasxxtuqvtac SRC=dedr
  muṛ̆ucu ‘to dive, dip, get in, enter’ verb Tamil-class-3 weak (muṛ̆uci-)  IDs=f_7eetscskf2zgg SRC=dedr
  mukku ‘to press under water, immerse’ verb Tamil-class-3 weak (mukki-)  IDs=f_cjfehgvor77gu SRC=dedr
  muṛ̆uval ‘an acquatic bird’    IDs=f_eaamasduj2nic SRC=dedr
  mūṛ̆ku ‘to plunge, submerge, sink as a ship’ verb Tamil-class-3 weak (mūṛ̆ki-)  IDs=f_fghbshkevmgik SRC=dedr
  mukkuḷi ‘to dive’ verb Tamil-class-6 strong (-pp-, -tt-)  IDs=f_fyv7e7fhr75co SRC=dedr
  mūṛ̆ ‘to submerge, engulf’ verb Tamil-class-6 strong (-pp-, -tt-)  IDs=f_je7e7rgu5rokw SRC=dedr
  muṛ̆uku ‘to bathe the entire body by dipping or pouring, sink, be entirely immersed (as in business)’ verb Tamil-class-3 weak (muṛ̆uki-)  IDs=f_jwh4nszknvp7k SRC=dedr
  muṛ̆uttu ‘to plunge, dip in, drown’ tr verb Tamil-class-3 weak (muṛ̆utti-)  IDs=f_rqjf2laf36phc SRC=dedr
  muŋku ‘to plunge, sink, be immersed’ verb Tamil-class-3 weak (muŋki-)  IDs=f_szb32pl43v5as SRC=dedr
 ... 1 additional unique records
Malayalam:
  muṛ̆ukikka ‘to bathe a child, plunge, immerse’    IDs=f_2a7lor5v2xnyc SRC=dedr
  mukkuka ‘to dip, immerse, plunge; drown (as criminals); dye’    IDs=f_aa5hvhdv2v7le SRC=dedr
  muŋŋikka ‘to bathe a child, plunge, immerse’    IDs=f_aeznql3ewpnxa SRC=dedr
  mukkuvar ‘a class of fishermen’    IDs=f_ezl7s4xeuj2te SRC=dedr
  muŋŋuka ‘to dive, plunge, sink’    IDs=f_imgghv6auazhq SRC=dedr
  muṛ̆ukuka ‘to sink under water, dive, be immersed’    IDs=f_nff2bgnt2t7rk SRC=dedr
Kota:
  muyk- ‘“to submerge” [DEDR gives (mūyk-)]’ variant   IDs=f_5gij42uoryoyq SRC=wolf-kota[p. 26, entry 31]
  muḷk- (muḷky-) ‘to make to suffer great loss; have intercourse with thoroughly’    IDs=f_6dpib7q4rcxzq SRC=dedr
  mu·k- (mu·yk-) ‘to submerge’ tr   IDs=f_d7ojrd5frv7sw SRC=dedr
  mūk- ‘“to submerge” [DEDR gives (mūyk-)]’    IDs=f_gviooqkzemch6 SRC=wolf-kota[p. 26, entry 31]
  mu·g- (mu·yg-) ‘to submerge oneself, dive, drown’    IDs=f_sgo7vca6onyum SRC=dedr
  muḷg- (muḷgy-) ‘to be lost to one completely’    IDs=f_x5f4vx4p7ztjc SRC=dedr
Toda:
  muḷk- (muḷky-) ‘to destroy’    IDs=f_32y7p5cppumxc SRC=dedr
  mu·x- (mu·xy-) ‘to be destroyed, drown’    IDs=f_lz7waxfajlr3w SRC=dedr
  mu·k- (mu·ky-) ‘to destroy’    IDs=f_opbwagpfyaw3g SRC=dedr
  mu·xc- (mu·xč-) ‘(river) drowns, is deep; destroy’    IDs=f_qpkvsyyiiytos SRC=dedr
  muḷx- (muḷxy-) ‘to be destroyed’    IDs=f_vshvjotdzpg34 SRC=dedr
Kannada:
  muṇugu ‘to go or sink under water, sink, become plunged in a liquid, immerse oneself, dive, dip, set as the sun, be ruined’    IDs=f_adni4j77znhle SRC=dedr
  muṛ̆ugu ‘to go or sink under water, sink, become plunged in a liquid, immerse oneself, dive, dip, set as the sun, be ruined’    IDs=f_bglu5uegixqlm SRC=dedr
  muṛ̆igu ‘to go or sink under water, sink, become plunged in a liquid, immerse oneself, dive, dip, set as the sun, be ruined’    IDs=f_bt4rin2svchhg SRC=dedr
  muṛ̆iŋku ‘to go or sink under water, sink, become plunged in a liquid, immerse oneself, dive, dip, set as the sun, be ruined’    IDs=f_ckbtb5luaqfte SRC=dedr
  muṛ̆avu ‘ruin, loss’    IDs=f_dhag6kxvjyq4w SRC=dedr
  muṛ̆uŋku ‘to go or sink under water, sink, become plunged in a liquid, immerse oneself, dive, dip, set as the sun, be ruined’    IDs=f_gg4c67v3rbjn6 SRC=dedr
  muṛ̆agu ‘to go or sink under water, sink, become plunged in a liquid, immerse oneself, dive, dip, set as the sun, be ruined’    IDs=f_harej7a6qwxbm SRC=dedr
  muṛ̆uŋgu ‘to go or sink under water, sink, become plunged in a liquid, immerse oneself, dive, dip, set as the sun, be ruined’    IDs=f_j4arzwut7h3q6 SRC=dedr
  muṇagu ‘to go or sink under water, sink, become plunged in a liquid, immerse oneself, dive, dip, set as the sun, be ruined’    IDs=f_jdhmi7ybrwwdk SRC=dedr
  muṛ̆ugisu ‘etc., to immerse, dip, etc’ tr   IDs=f_nzibmluxvntqs SRC=dedr
  muṛ̆uku ‘to go or sink under water, sink, become plunged in a liquid, immerse oneself, dive, dip, set as the sun, be ruined’    IDs=f_qk3fr5vk5velg SRC=dedr
  muṇigu ‘to go or sink under water, sink, become plunged in a liquid, immerse oneself, dive, dip, set as the sun, be ruined’    IDs=f_s6vwxe7vnmzt4 SRC=dedr
 ... 3 additional unique records
Kodagu:
  muŋŋ- (muŋŋi-) ‘to dive’    IDs=f_3nunle3skd37i SRC=dedr
  mukkovə ‘a class of fishermen’    IDs=f_eu5qhjkqvetnk SRC=dedr
  mukk- (mukki-) ‘to dip under water’ tr   IDs=f_ydgodykkvd67q SRC=dedr
Tulu:
  murgelɯ ‘ducking, diving’    IDs=f_5a7uduljrvqou SRC=dedr
  muṇuguni ‘to sink, immerse , be ruined, (sun) to set’ intr   IDs=f_ce65n7nuybygw SRC=dedr
  murkāvuni ‘to cause to sink, immerse, ruin’    IDs=f_dyqog5nb45v6y SRC=dedr
  muŋguduni ‘to dive, sink’    IDs=f_fcnhjtymq3lgc SRC=dedr
  muḷuguni ‘to sink, immerse , be ruined, (sun) to set’ intr   IDs=f_rrcu76xqginnm SRC=dedr
  murkuni ‘to sink, immerse , be ruined, (sun) to set’ intr   IDs=f_stxorji2ad5tg SRC=dedr
Telugu:
  mumpu ‘plunging, immersion, dip’    IDs=f_3dgxlyglq6c5k SRC=dedr
  muḍũgu ‘to sink, plunge, dive, be inundated, be drowned, (K. also) (sun) to set, perish’  K. also  IDs=f_4skwjnjtejid4 SRC=dedr;K-Telugu;K-also-Telugu
  munīgincu ‘to cause to sink, sink’ tr   IDs=f_5kic52fhvflss SRC=dedr
  muṇugu ‘to sink, plunge, dive, be inundated, be drowned, (K. also) (sun) to set, perish’  K. also  IDs=f_7h6nkegacjark SRC=dedr;K-Telugu;K-also-Telugu
  bruŋgu ‘to sink, be hidden’    IDs=f_d2g74plrs2woe SRC=dedr
  munucu ‘to cause to sink, sink’ tr   IDs=f_f2mnrcpu62cok SRC=dedr
  mungu ‘to sink, plunge, dive, be inundated, be drowned, (K. also) (sun) to set, perish’    IDs=f_kx3mcwuydtfj2 SRC=dedr
  muncu ‘to plunge, immerse, sink, ruin’    IDs=f_mksxtzxbcvzw4 SRC=dedr
  munũgu ‘to sink, plunge, dive, be inundated, be drowned, (K. also) (sun) to set, perish’    IDs=f_oigxlt7rc3ypo SRC=dedr
  munuka ‘plunge, immersion, sinking’    IDs=f_rewo3ykdazprc SRC=dedr
  bruncu ‘to sink, drown’ tr   IDs=f_w3lgazv2wdzr2 SRC=dedr
Gondi:
  muṛandānā ‘to drown’ dialect:Gondi:maria:Maria L. M.  IDs=f_52igkr2un4bdk SRC=dedr;L-Gondi;M-Gondi
  murītānā ‘to sink’ dialect:Gondi:mandla:Mandla Ph.  IDs=f_5edk7gsx7crz4 SRC=dedr;Ph-Gondi
  mu ‘to immerse’ tr   IDs=f_6a54tcwgey7lc SRC=dedr
  muṛuŋg ‘to sink, be drowned’ dialect:Gondi:adil:Adilabad A.  IDs=f_7g4weg56sjrem SRC=dedr;A-Gondi
  muṛnd ‘id. (<i>Voc.</i> 2924)’ dialect:Gondi:maria:Maria Mu. Ma.  IDs=f_akqbdzxptkfgg SRC=dedr
  muṇŋ ‘to immerse, bathe’ intr dialect:Gondi:koya:Koya KoyaSu.  IDs=f_bfldcmrqntnqm SRC=dedr
  murahtānā ‘to sink, be drowned’ caus   IDs=f_fgzjha7yihvvw SRC=dedr
  muṛhuttānā ‘to plunge’ tr   IDs=f_grkogmgvr7md6 SRC=dedr
  muṛuŋ ‘to sink, be drowned’ dialect:Gondi:seoni:Seoni S.  IDs=f_i3p4mkau663u4 SRC=dedr
  murīsahtānā ‘to sink, be drowned’ caus   IDs=f_kdva7btvgy6te SRC=dedr
  muriānā ‘(sun) to set’    IDs=f_kwzeu7vz536dm SRC=dedr
  moodunda ‘to sink in water’  LuS.  IDs=f_lhrierzcymcqq SRC=dedr;LuS-Gondi
 ... 7 additional unique records
Konda:
  muṛg- (-it-) ‘to be drowned, sink’    IDs=f_hwx7l72leas3m SRC=dedr
  muṛk- (-t-) ‘to dip in (vessel), drown (a person in a river)’    IDs=f_wv4gmrr3meb32 SRC=dedr
Kui:
  munja (munji-) ‘to be immersed, submerged, immerse oneself; submersion’ noun   IDs=f_gaq3i54m5mivu SRC=dedr
  muspa (must-) ‘to immerse; immersing’ noun   IDs=f_rlniyfsl4e3fw SRC=dedr
  bṛuḍga (bṛuḍgi-) ‘to sink completely in, penetrate; be of such consistency that one sinks into it’    IDs=f_y6ecmwvn62x6k SRC=dedr
Kuwi:
  muh- (must-) ‘to immerse’ dialect:Kuwi:sunkar:Sunkarametta Su.  IDs=f_4quaa2w4ovwhq SRC=dedr
  mūnjali ‘to sink partly’    IDs=f_khj6ijwl32xmo SRC=dedr
  munjinai ‘to sink’  S.  IDs=f_m2ndkh6lmgwjs SRC=dedr;S-Kuwi
  munj- (-it-) ‘(Su.) to be immersed, (Isr.) drown, sink’    IDs=f_nwktpl4lktubu SRC=dedr
  mrūkʰali ‘to dip into’  F.  IDs=f_o2ef3q6gi7eok SRC=dedr;F-Kuwi
Pengo:
  muc- (mucc-) ‘to immerse’    IDs=f_jedzwg7uc5g4q SRC=dedr
  munj- (munc-) ‘to be immersed’    IDs=f_vr3oyvt3i6kzw SRC=dedr
Manda:
  muc ‘to make to sink’    IDs=f_jhm7fxaaoghsg SRC=dedr
  munj ‘to sink’ intr   IDs=f_zejnv5y2xklqm SRC=dedr
Kolami:
  muŋgip- (muŋgipt-) ‘to submerge’ tr   IDs=f_naqdsi4pgt3ga SRC=dedr
  muŋg- (muŋkt-) ‘to submerge oneself under water, drown, (sun) sets’    IDs=f_ywci4rxpu2sxc SRC=dedr
Naikri:
  muŋg ‘to sink into, be submerged’    IDs=f_jla3gkln2ieuw SRC=dedr
  mupp ‘to dip’ tr   IDs=f_nelnmg465qt6g SRC=dedr
Naiki:
  muŋ ‘to dive, be drowned’    IDs=f_643r4euzrrsfs SRC=dedr
  muŋgup ‘to drown’ tr   IDs=f_ncnqe5ga36p42 SRC=dedr
Parji:
  mulg ‘to dive, be immersed’    IDs=f_ccfkprvpnq7so SRC=dedr
  muli ‘to dive, be immersed’  S  IDs=f_dskxtmnchfpny SRC=dedr
Gadaba:
  mulg ‘to immerse, be immersed’  S.P.  IDs=f_rm562b7vxjbw6 SRC=dedr
Kurux:
  mulᵘxnā (mulxyas) ‘to sink, walk or fall into, be submerged, founder, go to the bottom, (sun or moon) sets, get hopelessly lost’    IDs=f_7oolyzuh7kujm SRC=dedr
  munᵘxnā ‘to sink, walk or fall into, be submerged, founder, go to the bottom, (sun or moon) sets, get hopelessly lost’    IDs=f_aq5i4yr4xuckc SRC=dedr
  mulᵘxta'ānā ‘to cause (somebody or something) to be sunk through the agency of a third person, swallow up’    IDs=f_lc2ji7dhpk6ik SRC=dedr
  mulxa'ānā ‘to precipitate, plunge, let sink, submerge, engulf, wreck, ruin’    IDs=f_o3mxjxyzdh5v4 SRC=dedr
Malto:
  mulɣre ‘to dive, be dipped in. DED(S, N) 4096’    IDs=f_frtp7qpeixafe SRC=dedr
  mulɣe ‘to dip in, draw water’    IDs=f_wxcfzoo5y3hqi SRC=dedr
Badaga:
  muggirida ‘fallen headlong, fallen head over heels’ adj uncertain   IDs=f_4l6pwyhwlxg46 SRC=hockings-pilotraichoor1992[p. 477, col. 1]
  mūgu ‘1. to sink, drown, collapse; 2. to bathe, submerge oneself’ verb intr archaic uncertain   IDs=f_cpd7iqifozone SRC=hockings-pilotraichoor1992[p. 489, col. 2]
  Nīrumūgi Haḷḷa ‘Nirmughi halla, name for the upper reaches of a stream which flows E from Kotagiri’ noun proper-noun uncertain   IDs=f_hbcilh5d6kvq4 SRC=hockings-pilotraichoor1992[p. 348, col. 2]
  muggirududu ‘fallen headlong’ adj uncertain   IDs=f_jmwkf57x5njmu SRC=hockings-pilotraichoor1992[p. 477, col. 1]
  Mūkurti Bettu ‘Makurti Peak, Mukarti Peak, Mukarti Hill, Mukurti-bettu, Mukartebetta, Mukurty, Mookoorty, Macoorty, Makoortee, Makoortie, Makoorty, Mukhurti Peak, name of a prominent mountain peak 2554 m in elevation, 19 km. WSW of Ootacamund’ noun proper-noun uncertain   IDs=f_lub7f7vezke4w SRC=hockings-pilotraichoor1992[p. 489, col. 1]
OMal:
  muḷkkuka ‘to immerse’ Kauṭ Epic   IDs=f_yuubmkuz4ioqk SRC=dedr;Kauṭ-Mal

### d5082 *meẓ-V- to plaster HEAD krishnamurti-pfeiffer
ETYMOLOGY 
PDr:
  *meẓ-V- ‘to plaster’    IDs=d5082,f_vwzfnkqlszdhy SRC=dedr[entry 5082, DED(S, N) 4169];merriam2026dravidiandb[record 6475, DEDR 5082];krishnamurti;merriam2026dravidiandb[record 6475, DEDR 5082];krishnamurti
  *meẓV- ‘to cleanse, smear; to smear; to apply; to plaster; to rub and clean utensils with ashes, etc.’    IDs=f_4skfn76knjhd6 SRC=merriam2026dravidiandb[record 5316, DEDR 5082];starostin2006dravidian
  *meẓ-V ‘to plaster’    IDs=f_o2oqkydmfzoim SRC=krishnamurti
Tamil:
  meṛ̆ukkam ‘ground or floor prepared by being smeared with cowdung water’    IDs=f_bl4rzkbx2tune SRC=dedr
  meṛ̆ukku ‘smearing with cowdung water as the floor, cowdung, substance or solution used to smear any surface’    IDs=f_cfdptgyw3va2k SRC=dedr
  meṛ̆uku ‘to cleanse floor with cowdung solution, smear as the body with sandal paste, gloss over, varnish; cowdung, wax, gum, soft waxy pill, mass’ noun verb Tamil-class-3 weak (meṛ̆uki-)  IDs=f_ye5ahtuc2jv2o SRC=dedr
Malayalam:
  meṛ̆ukku ‘anointing, varnish, daubing, polishing’    IDs=f_cv54w3nr7qwem SRC=dedr
  meṛ̆ukuka ‘to anoint, wax, varnish, daub a place with cowdung’    IDs=f_g5nz5ic45uxxg SRC=dedr
  meṛ̆uku ‘wax’    IDs=f_tujatw43n4rdk SRC=dedr
  meṛ̆u ‘wax’    IDs=f_tvcw6qv546d7c SRC=dedr
Kota:
  mek- (meky-) ‘to cleanse floor with cowdung water’    IDs=f_25mylka5yc75u SRC=dedr
  mek- ‘to wash with manure (III: 63b; I: 91)’    IDs=f_2sckel54zfveq SRC=wolf-kota[p. 24, entry 41]
  mek ‘bee's-wax’    IDs=f_crui2il2junim SRC=dedr
  meky ‘to wash with manure (III: 63b; I: 91)’ variant   IDs=f_i5x2uf6qoal6k SRC=wolf-kota[p. 24, entry 41]
Toda:
  møṣk ‘wax’    IDs=f_gxx6tfximngum SRC=dedr
  møśk- ‘to smear with dung of buffaloes as a ritual purification’ verb tr   IDs=f_jfmm42vlp3pas SRC=bhaskararao-toda2025[p. 118, entry 6];emeneau-toda1984[p. 120]
  møśky- ‘to smear with dung of buffaloes as a ritual purification’ verb tr variant   IDs=f_unrqwwlju2k5i SRC=bhaskararao-toda2025[p. 118, entry 6];emeneau-toda1984[p. 120]
  møšk- (møšky-) ‘to smear with dung of buffaloes as a ritual purification’    IDs=f_wulvaa6dpkhgq SRC=dedr
  møṣk ‘wax’ noun   IDs=f_yomywgaukwnqw SRC=bhaskararao-toda2025[p. 118, entry 5]
Kodagu:
  mukk ‘to smear (mud, manure on ground)’    IDs=f_em677ek33do3k SRC=dedr
Telugu:
  mrē̃gu ‘to smear’    IDs=f_7msblpleyzn3c SRC=dedr
  mēdu ‘id., daub, mix together’  K.  IDs=f_c4zinr3kbwfxy SRC=dedr;K-Telugu
  mē̃gu ‘to smear’    IDs=f_umeht4sejjcai SRC=dedr
  mrēvu ‘to smear’    IDs=f_xaskqvo4umu2k SRC=dedr
Gondi:
  māc ‘to plaster (<i>Voc.</i> 2773)’ dialect:Gondi:gommu:Koya%20%28Gommu%29 G. Mu. Ma. Y.  IDs=f_43y4lgbyo25cy SRC=dedr
  māc ‘to plaster (<i>Voc.</i> 2773)’ dialect:Gondi:yavatmal:Yavatmal G. Mu. Ma. Y.  IDs=f_4wnpzj6kzhka6 SRC=dedr
  maṛhuttānā ‘to paint cattle for the Pola or the Diwali festival (<i>Voc.</i> 2748)’ dialect:Gondi:betul:Betul Tr.  IDs=f_7jsr2ywfzed3u SRC=dedr;Tr-Gondi
  māc ‘to plaster (<i>Voc.</i> 2773)’ dialect:Gondi:muria:Muria G. Mu. Ma. Y.  IDs=f_d3rmlu5igualq SRC=dedr
  miṭānā ‘to apply (<i>Voc.</i> 2823)’ dialect:Gondi:adil:Adilabad SR.  IDs=f_jggswpsoec5xu SRC=dedr;SR-Gondi
  mācānā ‘(Tr.) to plaster mud on a wall or dam, (SR. M.) to smear’    IDs=f_nxtbavwic2ul4 SRC=dedr
  miṭṭūs ‘to apply saffron powder on the forehead’ dialect:Gondi:adil:Adilabad ASu.  IDs=f_o3kgowr5j2t22 SRC=dedr
  mitus ‘to apply (sacred mark)’  Hislop III, p. 132  IDs=f_vyic4juwfer3w SRC=dedr;Hislop-Drav
  māc ‘to plaster (<i>Voc.</i> 2773)’ dialect:Gondi:maria:Maria G. Mu. Ma. Y.  IDs=f_wxsb33fdjxaau SRC=dedr
Konda:
  miṛis- (-t-) ‘to rub and clean utensils with ashes, etc’    IDs=f_zslcdxvxszp5w SRC=dedr
Kui:
  mrānḍa (mrānḍi-) ‘to plaster, smear; plastering’ noun   IDs=f_lh4mcqcq6nilc SRC=dedr
Kuwi:
  mṇek- (-h-) ‘to make clean filling holes, etc’  Isr.  IDs=f_t2mufmxavlgng SRC=dedr;Isr-Kuwi
  mrispi kīnai ‘to polish’  S.  IDs=f_vn75fhbwroeka SRC=dedr;S-Kuwi
Kolami:
  me·g- (me·kt-) ‘to purify with cowdung solution’    IDs=f_umuggioutohpu SRC=dedr
Naikri:
  mēgʰ- (mēkt-) ‘to apply’    IDs=f_6b5ucrv5bmvgw SRC=dedr
Brahui:
  miring ‘to plaster. DED(S, N) 4169’    IDs=f_w3xblj4t5tp4e SRC=dedr
Badaga:
  mekku ‘wax, beeswax’ noun uncertain   IDs=f_ugnc2po72hfd2 SRC=hockings-pilotraichoor1992[p. 491, col. 2]
Irula:
  məkku ‘wax. <i> PālKu., Ālku’    IDs=f_fgj72oikxjoeq SRC=dedr
  məkku ‘id’    IDs=f_i73g5gtxbceam SRC=dedr

### d5153 *yĀṇṭ-u year HEAD krishnamurti-pfeiffer
ETYMOLOGY 
PDr:
  *yĀṇṭ-u ‘year’    IDs=d5153 SRC=dedr[entry 5153, DED(S, N) 4230];krishnamurti
  *yAṇṭ-u ‘‘year’’    IDs=f_q43wf3csyym5m SRC=merriam2026dravidiandb[record 6691, DEDR 5153];krishnamurti
  *jānḍ- ‘year; this year; last year’    IDs=f_ujk63byfr3wjo SRC=merriam2026dravidiandb[record 5386, DEDR 5153];starostin2006dravidian
  *yAṇṭ-u ‘'year'’    IDs=f_v7n2aivi3zxva SRC=merriam2026dravidiandb[record 6609, DEDR 5153];krishnamurti
Tamil:
  kīṛ̆-āṇṭai-ccikai ‘arrears of former years (cf. 1619)’    IDs=f_c3xgah5oo62w6 SRC=dedr
  āṇṭu ‘year, age’    IDs=f_iqffg6k2b4jw6 SRC=dedr
  āṭṭāṇṭu ‘every year’ adj   IDs=f_or36h3u3xiz3y SRC=dedr
  āṭṭai ‘every year’ adj   IDs=f_tqcn7qcqcmxoy SRC=dedr
  yāṇṭu ‘year, age’    IDs=f_uflrg6t3n3toe SRC=dedr
Malayalam:
  āṇṭu ‘(āṭṭ-) year’ obl   IDs=f_25ydzvmvajehs SRC=dedr
  kīṛ̆-āṇṭai ‘last year (cf. 1619)’    IDs=f_pzi46tdmnr35o SRC=dedr
Kota:
  o·r a·ṛ ‘one year’    IDs=f_ftmox6fdbz6y4 SRC=dedr
  ōr āṛ ‘one year’    IDs=f_r6enfcip2fjii SRC=wolf-kota[p. 30, entry 33]
  i·r a·ṛ ‘two years’    IDs=f_wfsvfox275bsu SRC=dedr
Toda:
  ko·ḍ ‘last year (cf. 1619)’    IDs=f_2sxfgmqg7zzsg SRC=dedr
  vɨ̄r ōṛ ‘one year’ num   IDs=f_5eu7t2ii5wleq SRC=bhaskararao-toda2025[p. 277, entry 11];emeneau-toda1984[p. 40];bhaskararao-toda-notes[p. 67]
  īr ōṛ ‘twoyears’ num   IDs=f_6v5huttko6wza SRC=bhaskararao-toda2025[p. 27, entry 17];emeneau-toda1984[p. 40];bhaskararao-toda-notes[p. 23, 67]
  i·r o·ṛ ‘two years’    IDs=f_cq6xcenqckjt4 SRC=dedr
  kōḍ ‘last year (obl. koːḍt)’ adv   IDs=f_l35u7sr4iieo2 SRC=bhaskararao-toda2025[p. 70, entry 5];bhaskararao-toda-notes[p. 55, 67]
  vɨ·r o·ṛ ‘one year’    IDs=f_xwrz3oywfovjy SRC=dedr
Kannada:
  ēḍu ‘year’    IDs=f_e6hieqsozotmm SRC=dedr
Kodagu:
  a·ṇḍɨ ‘id’    IDs=f_sq6xbwvbtw35e SRC=dedr
Tulu:
  iyyoḍu ‘this year’    IDs=f_pk5c2aqrcavai SRC=dedr
  mūvoḍu ‘last year’    IDs=f_qk2t72dgmc6g2 SRC=dedr
Telugu:
  ē̃ḍādi ‘(ēṇṭi), āṇḍuyear’    IDs=f_3syqpefmathaw SRC=dedr
  ē̃ḍu ‘(ēṇṭi), āṇḍuyear’    IDs=f_a357bme6omfcw SRC=dedr
  ē̃ḍuḍi ‘ceremony performed on the first aniversary of a person's death’    IDs=f_mht7rwsy55ieq SRC=dedr
  ēṇṭēṭa ‘yearly’    IDs=f_nxrlqbbs6ucjy SRC=dedr
OTelugu:
  ēṇṭabaḍi ‘yearly contribution’  Inscr.  IDs=f_3cxmtdqyp2m3s SRC=dedr;Inscr-Telugu
  ēṇḍu ‘(ēṇṭi), āṇḍuyear’ gen inscr.  IDs=f_54yjmlgdhgod6 SRC=dedr;Inscr1-Telugu
Gondi:
  yēnḍ ‘(i.e.iyoḍe) this year (<i>Voc.</i> 179)’ dialect:Gondi:betul:Betul Tr.  IDs=f_5w3vk5z6dae6c SRC=dedr;Tr-Gondi
  ēnḍ ‘year (<i>Voc.</i> 379)’ dialect:Gondi:koya:Koya Ko.  IDs=f_67fzjixwnu2jg SRC=dedr
  yēḍa ‘year (<i>Voc.</i> 379)’ dialect:Gondi:chanda:Chandrapur Pat.  IDs=f_dztdsnbycnf2g SRC=dedr;Pat-Gondi
  ēṇḍ ‘id’ dialect:Gondi:koya:Koya KoyaSu.  IDs=f_f4fsumr3jsufu SRC=dedr
  yeṇṛ ‘(i.e.iyoḍe) this year (<i>Voc.</i> 179)’ dialect:Gondi:mandla:Mandla W   IDs=f_fagcbslurajhq SRC=dedr;W-Gondi
  īyenḍ ‘(i.e.iyoḍe) this year (<i>Voc.</i> 179)’ dialect:Gondi:maria:Maria M.  IDs=f_g7jmay7o3mon4 SRC=dedr;M-Gondi
  iyēnḍ ‘(i.e.iyoḍe) this year (<i>Voc.</i> 179)’ dialect:Gondi:muria:Muria Mu. Ma.  IDs=f_jeyeytnpnah42 SRC=dedr
  iyēnḍ ‘(i.e.iyoḍe) this year (<i>Voc.</i> 179)’ dialect:Gondi:maria:Maria Mu. Ma.  IDs=f_kl3muhyvnj32k SRC=dedr
  hayēnḍ ‘id. (<i>Voc.</i> 3523)’ dialect:Gondi:muria:Muria Mu.  IDs=f_y4mntkbimlpyu SRC=dedr
  iyode ‘(i.e.iyoḍe) this year (<i>Voc.</i> 179)’ dialect:Gondi:chanda:Chandrapur Pat.  IDs=f_z53n3meghih44 SRC=dedr;Pat-Gondi
  hēnḍ ‘the year before last (<i>Voc.</i> 3589)’ dialect:Gondi:betul:Betul Tr.  IDs=f_zs4v2kyhpo6be SRC=dedr;Tr-Gondi
Konda:
  ēṇḍad ‘id’    IDs=f_tei22myqmf4fw SRC=dedr
  ōnḍkaṛa ‘rainy season’  BB  IDs=f_uf7a3tuftanfk SRC=dedr;BB-Konda
  iyoṇḍ ‘this year’    IDs=f_uozfltc3mrie6 SRC=dedr
  ōṭkaṛa ‘rainy season’  BB  IDs=f_zv5mpuoa6qvii SRC=dedr;BB-Konda
Kui:
  ṛānḍu ‘last year’    IDs=f_22cx53rl2rkpa SRC=dedr
  ōnḍu ‘year’  K.  IDs=f_4ppl2gxtv6n6u SRC=dedr;K-Kui
  ṛōnḍu ‘in a previous year, year before last’    IDs=f_wi7kgkwgya7p6 SRC=dedr
  vāṛonḍi ‘next year, year after next’    IDs=f_ymcrzr3bpatyi SRC=dedr
Kuwi:
  īyona ‘this year’ dialect:Kuwi:sunkar:Sunkarametta Su. Isr.  IDs=f_d52z2xtqc6cyi SRC=dedr;Isr-Kuwi
  ṛānḍu ‘last year’  Ṭ.  IDs=f_f4zwdjxvqeyza SRC=dedr;Ṭ-Kuwi
  ṛāṇḍu ‘last year’  Isr.  IDs=f_lpm2imwk4n3ky SRC=dedr;Isr-Kuwi
  vāṇona ‘next year. DED(S, N) 4230’ dialect:Kuwi:sunkar:Sunkarametta Su. Isr.  IDs=f_q52e3ztz3l24a SRC=dedr;Isr-Kuwi
  rānḍu ‘last year’  S.  IDs=f_yb5n4cpyopsm4 SRC=dedr;S-Kuwi
Pengo:
  iyonḍiŋ ‘this year’    IDs=f_2dkjwijdscvza SRC=dedr
  ṛāṭihiŋ ‘last year’    IDs=f_gswdbdws2e3jm SRC=dedr
Manda:
  ī̃yuṭ ‘this year’    IDs=f_hmk3t6n4qy3ys SRC=dedr
  ṛāṭihiŋ ‘last year’    IDs=f_yr3yk5mqt3ij2 SRC=dedr
Kolami:
  i· e·ḍ ‘this year’    IDs=f_eotmd3rklvt62 SRC=dedr
  a· e·ḍ ‘two years before last’    IDs=f_qttg2zcsjae54 SRC=dedr
Naikri:
  iyeṛ ‘this year’    IDs=f_gqz62whirnkug SRC=dedr
Naiki:
  iyānḍ ‘id’    IDs=f_grbhp4hg24mew SRC=dedr
Parji:
  iyaḍ ‘id’    IDs=f_d42cse6bt4oxs SRC=dedr
Gadaba:
  iyānḍ ‘id’  Oll.  IDs=f_ilhogdh727wb4 SRC=dedr;Oll-Gadaba
markodi:
  āṇdi ‘Year’ dialect:markodi:markodi_ennappara:Ennappara   IDs=f_evr3dgjflyunw SRC=canvin2025
  āṇḍŭ ‘Year’ dialect:markodi:markodi_pannithadam:Pannithadam   IDs=f_kmhae2sum7oea SRC=canvin2025

### d5159 *yĀṯu river, stream HEAD krishnamurti-pfeiffer
ETYMOLOGY 
PDr:
  *yĀṯu ‘river, stream’    IDs=d5159 SRC=dedr[entry 5159, DED(S, N) 4233];krishnamurti
  *jēd_- ‘river; water’    IDs=f_4ff5uqkewwagk SRC=merriam2026dravidiandb[record 5393, DEDR 5159];starostin2006dravidian
  *yĀṭu ‘goat, sheep’    IDs=f_5fcdwskizmfoo SRC=merriam2026dravidiandb[record 6486, DEDR 5159];krishnamurti
  *yĀtu ‘river, stream’    IDs=f_xdebb5yjpb2sm SRC=merriam2026dravidiandb[record 6487, DEDR 5159];krishnamurti
Tamil:
  yāṟu ‘(yāṟṟu-, āṟṟu-) river, brook’ obl   IDs=f_ec77cd45qkbdo SRC=dedr
  āṟu ‘(yāṟṟu-, āṟṟu-) river, brook’ obl   IDs=f_wnaq5supeo57w SRC=dedr
Malayalam:
  āṟu ‘river’    IDs=f_a3uvdi6aw5o3u SRC=dedr
Kota:
  peyv-e·r ‘(peyv-e·ṯ-) id. (see 4318 Ma.pur̤a); e·ṯ aṇedge of bank of stream or tank (or with 916 Ta.ēṟu); e·r (<i>obl.</i> e·ṯ-), in:’ obl   IDs=f_2qkiewh42cmwc SRC=dedr
  te·lvie·r ‘Pykara river (&lt;te·l pey e·r), kime·rof swamp at Kolme·l village’ noun   IDs=f_ir3dodbguacrm SRC=dedr
Tulu:
  ārɯ ‘river, stream’  B-K.  IDs=f_42otqxwz2juci SRC=dedr;B-K-Tulu
  tārɯ ‘river, stream’  B-K.  IDs=f_khrduqoevmexs SRC=dedr;B-K-Tulu
  hārɯ ‘river, stream’  B-K.  IDs=f_kz7gqt7gtpoge SRC=dedr;B-K-Tulu
  sārɯ ‘river, stream’  B-K.  IDs=f_r4qv2glpap3ge SRC=dedr;B-K-Tulu
Telugu:
  ēṟu ( ēṭi ‘river’ gen   IDs=f_mea3g7wqaeyy2 SRC=dedr
Gondi:
  yeha-kkorr ‘the diving grebe’    IDs=f_636q2o3t5yx56 SRC=dedr
  yēr (yēt-) ‘the diving grebe’ obl dialect:Gondi:mandla:Mandla W. Ph.  IDs=f_6waxtwckdwvjo SRC=dedr;W-Gondi;Ph-Gondi
  yeh-gatā ‘the water gnat’    IDs=f_aw24sge5pciia SRC=dedr
  atta yēr ‘boiling water (<i>Voc.</i> 27)’ dialect:Gondi:adil:Adilabad SR.  IDs=f_epexs6w5lop56 SRC=dedr;SR-Gondi
  aṭ-yār ‘boiling water (<i>Voc.</i> 27)’ dialect:Gondi:betul:Betul Tr.  IDs=f_fhtfe57nynuxa SRC=dedr;Tr-Gondi
  berel ‘(bereṭ-,berehgu) river’ dialect:Gondi:muria:Muria Mu.  IDs=f_hy5zs2z7dstha SRC=dedr
  ēṛ ‘(ēt-)water’ obl dialect:Gondi:maria:Maria Ma.  IDs=f_ipgrr2c4sutwm SRC=dedr
  ēr (ēt-, <i>pl.</i> ēhk) ‘thirst (<i>Voc.</i> 391)’ obl dialect:Gondi:muria:Muria Mu.  IDs=f_pvs65yzyp7qmw SRC=dedr
  beriagai ‘a river’  LuS.  IDs=f_q7fik76ur6j5m SRC=dedr;LuS-Gondi
  beriaṛ ‘flood, river in flood (<i>Voc.</i> 2602)’ dialect:Gondi:maria:Maria Ma.  IDs=f_qbvzl6ujjpe4i SRC=dedr
  etk ‘thirst (<i>Voc.</i> 391)’ dialect:Gondi:mandla:Mandla W. Ph.  IDs=f_ri3ybzsslrcve SRC=dedr;W-Gondi;Ph-Gondi
  ēr (ēt-, <i>pl.</i> ēhk) ‘the diving grebe’ dialect:Gondi:seoni:Seoni S. Ko.  IDs=f_sh6he2q5tpxuo SRC=dedr
 ... 7 additional unique records
Konda:
  ēṟ (obl ēR ‘water’    IDs=f_hkgq25zursgwk SRC=dedr
  ēRki ‘thirst’    IDs=f_lvsvomeq24kny SRC=dedr
  ēṟu (obl ēR ‘water’    IDs=f_ps3gjghsl3l6a SRC=dedr
Kui:
  ēju ‘water’  K.  IDs=f_2alffgllvfefy SRC=dedr;K-Kui
  ēsu ‘id. (compositional form)’ W   IDs=f_37orvba7zaabm SRC=dedr
  ēski ‘thirst’    IDs=f_dx3qrw6tcamwm SRC=dedr
Kuwi:
  ēyu (construed vitʰ pl. verb) ‘thirst’ dialect:Kuwi:sunkar:Sunkarametta Su. P.  IDs=f_m3bbpfwsw6e2u SRC=dedr
  ēyu ‘water’  S. Isr.  IDs=f_mvxlfsirpewzs SRC=dedr;S-Kuwi;Isr-Kuwi
  ēyū (construed vitʰ pl. verb) ‘thirst’  F.  IDs=f_oruqkswzjvrio SRC=dedr;F-Kuwi
  ēyu (construed vitʰ pl. verb) ‘water’ dialect:Kuwi:bisam:Bisamkatak Su. P.  IDs=f_syouysqjilhiu SRC=dedr
  ēski ‘thirst. DED(S, N) 4233’ dialect:Kuwi:sunkar:Sunkarametta Su. Isr.  IDs=f_z5qasiqw5wtwm SRC=dedr;Isr-Kuwi
Pengo:
  ēs (variant form ofēzused in certain combinations, e.g.ēs orliotter [lit. vater-rat]) ‘thirst’    IDs=f_6vlxvgk5kc3za SRC=dedr
  ēz ‘water, in:’    IDs=f_kwulyfuzlbqa2 SRC=dedr
  ēz ība ‘to bathe, otherwise used in the pl’    IDs=f_ltavfufeqvdik SRC=dedr
  ēzuŋ (variant form ofēzused in certain combinations, e.g.ēs orliotter [lit. vater-rat]) ‘to bathe, otherwise used in the pl’    IDs=f_rvbt3wm3oq472 SRC=dedr
  ēski ‘thirst’    IDs=f_w4vlutovafzls SRC=dedr
Manda:
  ey ‘water’    IDs=f_4qoqvrr56o5ps SRC=dedr
  ehki ‘thirst’    IDs=f_vl3lsfvvcspbq SRC=dedr
Parji:
  pered ‘id. (forper-big, see 4411)’    IDs=f_6sgf4gsm7xzsk SRC=dedr
Gadaba:
  ber bereṭ ‘big river’ dialect:Gadaba:pottangi:Pottangi P.  IDs=f_tbzakpy6la3hi SRC=dedr
Badaga:
  Muyyār Māriamma ‘name of a goddess worshipped at Cikkammagudi , a temple on the rim of the Moyar Ditch, 20.5 km. of Ootacamund (one of seven frontier-shrines; weekly worship is offered by a Kasava priest and the annual ceremony falls in March, when over 10,000 people attend; < muyyi+a:ru+ma:ritamma’ noun proper-noun uncertain   IDs=f_4mr73fy2cqvdq SRC=hockings-pilotraichoor1992[p. 485, col. 1]
  Hādāru ‘name of a locality ca 5km. ENE of Coonoor’ noun proper-noun uncertain   IDs=f_7ngese4smm45c SRC=hockings-pilotraichoor1992[p. 582, col. 2]
  Kātēru Bettu ‘Karteri bettu, name of a hill 2006 m in elevation, 5.5 km. W of Coonoor (e K a:te:ru +bettu, ‘[name]+hil’)’ noun proper-noun uncertain   IDs=f_aloq3hnktxsqy SRC=hockings-pilotraichoor1992[p. 156, col. 1]
  Mōyāru Haḷḷa ‘1. Moyar R., Moyaar, Mooyaar, Myaur, Maiyar, Moyaur, name of a river which forms the northern boundary of much of the Nilgiri District ; 2. Māyār, name of a Kasava hamlet 15.5 km. NNE of Kotagiri’ noun proper-noun uncertain alternate   IDs=f_bt7ir62mortsu SRC=hockings-pilotraichoor1992[p. 504, col. 1]
  Muyyārduruga Bettu ‘Moyaardoorg bettu, Moyaurdoorga, name of a hill on the Nilgiri escarpment 15.5 km. NNE of Kotagiri’ noun proper-noun uncertain   IDs=f_jsmy36qnvft6a SRC=hockings-pilotraichoor1992[p. 484, col. 2]
  Haḷlimuyāru ‘Hallimoyar, Hallimayar, Halimoyar, Aḷḷimāru, name of a Mele Nadu Irula village with a few Badaga inhabitants 17 km. NE of Kotagiri’ noun proper-noun uncertain   IDs=f_lulhfqvk7afxe SRC=hockings-pilotraichoor1992[p. 580, col. 2]
  mummadilu ‘front of one’s lap Muyya: ru Haḷḷa/Mo:ya:ru Haḷḷa. 1. Moyar R., Moyaar, Mooyaar, Myaur, Maiyar, Moyaur, name of a river which forms the northern boundary of much of the Nilgiri District , 2. Māyār, name of a Kasava hamlet 15.5 km. NNE of Kotagiri’ noun uncertain   IDs=f_rnw4mb7mehpfm SRC=hockings-pilotraichoor1992[p. 484, col. 2]
  Kāṭēru Haḷḷa ‘Karteri Halla, name of a stream that flows S from Keti village to plunge over the Kateri Fall 6 km. W of Coonoor’ noun proper-noun uncertain   IDs=f_tuvzdwsmsiehk SRC=hockings-pilotraichoor1992[p. 156, col. 1]
  Kāṭaru ‘Kateri, Kaultray, Katteri, Katary, Kautari, Kartairy, Cartairy, Cautairy, Kartari, Kartery, Karteri, name of a hamlet located 8 km. SSE of Ootacamund, near the source of the small Kateri R. and the well-known Kateri Falls (where India’s first hydroelectric power station was opened in 1904); formerly belonging to Adigaraṭṭi commune but now the head village of Ka:ṭaru/Ka:te:ri/Ka:ṭe:ru commune’ noun proper-noun uncertain alternate   IDs=f_uyq7fznmegyrk SRC=hockings-pilotraichoor1992[p. 155, col. 2]

### d5263 *var-V- scratch, draw lines HEAD krishnamurti-pfeiffer
ETYMOLOGY 
SOURCE NOTE ? Cf. Pkt. rajju- a writer. DED(S) 4304. SOURCE dedr[entry 5263, DED(S) 4304]
PDr:
  *var-V- ‘scratch, draw lines’    IDs=d5263 SRC=dedr[entry 5263, DED(S) 4304]
  *var-V ‘scratch, draw lines’    IDs=f_3jiyvfnfu6bso SRC=krishnamurti
  *war-V- ‘scratch, draw lines’    IDs=f_aj2icfoo7rxba SRC=merriam2026dravidiandb[record 6500, DEDR 5263];krishnamurti
  *var-a- ‘to write; to draw; to write, inscribe, compose, draw, paint, delineate; to scratch; to make marks; to write; to write’    IDs=f_pi76tpzttbqvq SRC=merriam2026dravidiandb[record 5499, DEDR 5263];starostin2006dravidian
Tamil:
  varaivu ‘id., painting’    IDs=f_327w76mrgf3o6 SRC=dedr
  vari ‘to write, paint, draw; (-pp-, -tt-) id., adorn, decorate; line, streak, stripe, course (as of bricks), line (as of writing), row’ noun verb Tamil-class-2 weak (-v-, -nt-)  IDs=f_hqepgj7jjo5vs SRC=dedr
  varaippu ‘writing’    IDs=f_xwafpqs6nsv6m SRC=dedr
  varai ‘to write, inscribe, paint, draw; line, wrinkle’ noun verb Tamil-class-2 weak (-v-, -nt-)  IDs=f_zavr4z42c5lu4 SRC=dedr
Malayalam:
  vara ‘line, streak, furrow, wrinkle’    IDs=f_34xh34jqglyuc SRC=dedr
  varaccal ‘drawing lines, being wrinkled’    IDs=f_6btvcgfqfe7e4 SRC=dedr
  variyuka ‘to draw lines’    IDs=f_75okjpi4ntpfs SRC=dedr
  varayuka ‘to draw lines’    IDs=f_7cnbvc2gt45ku SRC=dedr
  varekka ‘to make lines, rule a page, write’    IDs=f_kw2jduf2ybios SRC=dedr
  vari ‘line, rule, row’    IDs=f_zbqrog25ea576 SRC=dedr
Kota:
  var ‘letter of alphabet; scar’    IDs=f_jyo2lgae5aqro SRC=dedr
  varv- (vard-) ‘to write’    IDs=f_ras47rp3vjvry SRC=dedr
Toda:
  par- ‘(2) to write’ verb tr   IDs=f_cqrshcfkzrn6g SRC=bhaskararao-toda2025[p. 163, entry 1];emeneau-toda1984[p. 122]
  par ‘(3)writing, life-lineinhand, foreheadline, horizonline, direction’ noun   IDs=f_e6ugphhqkib22 SRC=bhaskararao-toda2025[p. 162, entry 25];emeneau-toda1984[p. 367];bhaskararao-toda-notes[p. 108]
  par- (parQ-) ‘to write’    IDs=f_fnavuezyd74cu SRC=dedr
  par ‘writing, lifeline in hand’    IDs=f_gjhljjd3wmzfk SRC=dedr
  parθ- ‘(2) to write’ verb tr variant   IDs=f_sccpfmtocobg6 SRC=bhaskararao-toda2025[p. 163, entry 1];emeneau-toda1984[p. 122]
Kannada:
  baraha ‘writing, drawing, writ, scripture, written letters’    IDs=f_74q2w7blqm4uc SRC=dedr
  barā ‘writing, drawing, writ, scripture, written letters’    IDs=f_c3d75p4kjgesc SRC=dedr
  barasu ‘to cause to write, have written’    IDs=f_eciil55ur3a4s SRC=dedr
  bari ‘to write, draw’    IDs=f_eei3u5gki7dhq SRC=dedr
  baresu ‘to cause to write, have written’    IDs=f_inhhtqh3cyb3i SRC=dedr
  barcaṇe ‘paint, colour’    IDs=f_jk5q2xkjjk5mq SRC=dedr
  bareyisu ‘to cause to write, have written’    IDs=f_o6klrse3e77pc SRC=dedr
  barāvu ‘writing, drawing, writ, scripture, written letters’    IDs=f_rnfzpktapomca SRC=dedr
  bare ‘writing, lines or stripes’    IDs=f_ucnvzluhii2jk SRC=dedr
  barapa ‘writing, drawing, writ, scripture, written letters’    IDs=f_uei7yywgj2zpu SRC=dedr
  barepa ‘writing, drawing, writ, scripture, written letters’    IDs=f_vidxqi3yu2j66 SRC=dedr
  barisu ‘to cause to write, have written’    IDs=f_y4hvfzq7udcrw SRC=dedr
 ... 2 additional unique records
Kodagu:
  bare ‘stripe, brand-mark, burn made on body in illness’    IDs=f_lvdko2hkfdbwg SRC=dedr
Tulu:
  barāvu ‘writing, manuscript, learning’    IDs=f_hwz5g4nvs5qaw SRC=dedr
  barɛ ‘branding the arm (in certain diseases)’    IDs=f_lpzchgmubuwdg SRC=dedr
  barepāvuni ‘to dictate, cause to write’    IDs=f_mkcn3iilrp77a SRC=dedr
  baripuni ‘to gash, cut, scratch, trim as the border of a field’    IDs=f_rpfg7burns6sy SRC=dedr
  bareta ‘line, mark, scar, weal, stripe’    IDs=f_wngh2opxfsbe4 SRC=dedr
  barepini ‘to write, draw’    IDs=f_xv4hhuw4262q6 SRC=dedr
Telugu:
  baruku ‘to scratch, claw, lacerate, tear, scribble (or with 5322 Ta.vaṟaṇṭu)’    IDs=f_2q7e5xhgcvlue SRC=dedr
  rāyasamu ‘clerkship’    IDs=f_4bl55aufe6jo6 SRC=dedr
  variyu ‘to test metal on the touchstone’  K.  IDs=f_56oibpri2i2vm SRC=dedr;K-Telugu
  vrā̃ta ‘writing, handwriting’    IDs=f_aiveiwbm65mt2 SRC=dedr
  vrāyi ‘letter of the alphabet, writing, line’    IDs=f_hcejirjfk6qtg SRC=dedr
  vrāyincu ‘to cause to be written’    IDs=f_iaul4kv22gxlm SRC=dedr
  vrā̃takā̃ḍu ‘writer, clerk’    IDs=f_j4lpe5jkm4kuc SRC=dedr
  vrāyasamu ‘writing, letter, note’    IDs=f_n7s5kt47ng4jw SRC=dedr
  rāsu ‘to write, inscribe, compose, draw, paint, delineate’  K. also  IDs=f_oih2skwaeoewk SRC=dedr;K-Telugu;K-also-Telugu
  rāyu ‘to write, inscribe, compose, draw, paint, delineate’  K. also  IDs=f_vj7msytpxb3s6 SRC=dedr;K-Telugu;K-also-Telugu
  vrālu ‘writing, handwriting’    IDs=f_vo7lpwwww2ycc SRC=dedr
  vrāyu ‘to write, inscribe, compose, draw, paint, delineate’    IDs=f_vphwyxedrelvg SRC=dedr
 ... 2 additional unique records
Gondi:
  rāsānā ‘id’ dialect:Gondi:maria:Maria M.  IDs=f_373wodz7e4qcm SRC=dedr;M-Gondi
  varasaval ‘writer, scribe’ dialect:Gondi:maria:Maria L.  IDs=f_43362f3ka5w4e SRC=dedr;L-Gondi
  rasāna ‘id’ dialect:Gondi:chanda:Chandrapur Pat.  IDs=f_er2vnkgatcl2s SRC=dedr;Pat-Gondi
  varasānā ‘id’ dialect:Gondi:maria:Maria L.  IDs=f_jwfmucqzm6joe SRC=dedr;L-Gondi
  rās ‘id’ dialect:Gondi:koya:Koya Ko.  IDs=f_o5h7gmco7hemm SRC=dedr
  varsānā ‘to puncture (with the point of a sickle) (<i>Voc.</i> 3029, 3191)’ dialect:Gondi:mandla:Mandla Ph.  IDs=f_pawavkojtexg6 SRC=dedr;Ph-Gondi
Konda:
  rās- (-t-) ‘to write’    IDs=f_rn7tmupv6zqjk SRC=dedr
Kui:
  vrīsa (vrīsi-) ‘to make an incision, furrow or mark, scratch, write, plough, cut up flesh; writing; vrīska (vrīski-)’ noun   IDs=f_bg3z5h3nvlb3g SRC=dedr
Kuwi:
  brīnai ‘to draw’  S.  IDs=f_kcsuu6qrlev6k SRC=dedr;S-Kuwi
  rāc- (-it-) ‘to write’  Isr.  IDs=f_qpigwj6tes3ka SRC=dedr;Isr-Kuwi
  rācinai ‘to write, paint, record’  S.  IDs=f_uv3iuajgcsxx2 SRC=dedr;S-Kuwi
  rāskinai ‘to limn ( ofrāc-)’ pl   IDs=f_wh5v6gtifk566 SRC=dedr
Parji:
  varc ‘to scratch (or with 5322 Ta.vaṟaṇṭu)’    IDs=f_x5nrz5lsk5c5u SRC=dedr
Gadaba:
  rāyap- (rāyat-) ‘to write’  S.2  IDs=f_4yg5xnbd6leee SRC=dedr
Badaga:
  bare kunni ‘Indian bee, tree bee or 5274, 1867’ noun uncertain   IDs=f_3cyhyxmlycejk SRC=hockings-pilotraichoor1992[p. 399, col. 2]
  bere beralu ‘index finger’ noun uncertain alternate   IDs=f_4h4xd4owwpxao SRC=hockings-pilotraichoor1992[p. 400, col. 1]
  Bēragal ‘Beragal, Beregallu, Berkol, Baircul, Beircul, Barekull, name of two hamlets: 1. is 8 km. NE of Ootacamund, formerly belonging to Ebbuna:du but now to Kadana:du commune (in existence prior to 1812; ca 55 Gauda houses in 1991; Hockings 1980a: 52), 2. a former Kurumba hamlet below the Nilgiri slopes near the Bava:ni R., 13 km. SSW of Coonoor’ noun proper-noun uncertain alternate   IDs=f_7mkqwbms34ukc SRC=hockings-pilotraichoor1992[p. 436, col. 2]
  Bēregallu ‘Beragal, Beregallu, Berkol, Baircul, Beircul, Barekull, name of two hamlets: 1. is 8 km. NE of Ootacamund, formerly belonging to Ebbuna:du but now to Kadana:du commune (in existence prior to 1812; ca 55 Gauda houses in 1991; Hockings 1980a: 52), 2. a former Kurumba hamlet below the Nilgiri slopes near the Bava:ni R., 13 km. SSW of Coonoor’ noun proper-noun uncertain alternate   IDs=f_ddbdgoxlgwjbq SRC=hockings-pilotraichoor1992[p. 436, col. 2]
  barava ‘writing, lettering’ noun archaic uncertain   IDs=f_e6yh7km4wfzcy SRC=hockings-pilotraichoor1992[p. 398, col. 2]
  bare beralu ‘index finger’ noun uncertain alternate   IDs=f_gu45wisfhn2s4 SRC=hockings-pilotraichoor1992[p. 400, col. 1]
  Bēragalaṭtti ‘Beragal, Beregallu, Berkol, Baircul, Beircul, Barekull, name of two hamlets: 1. is 8 km. NE of Ootacamund, formerly belonging to Ebbuna:du but now to Kadana:du commune (in existence prior to 1812; ca 55 Gauda houses in 1991; Hockings 1980a: 52), 2. a former Kurumba hamlet below the Nilgiri slopes near the Bava:ni R., 13 km. SSW of Coonoor’ noun proper-noun uncertain alternate   IDs=f_s7qkmuubj7pfc SRC=hockings-pilotraichoor1992[p. 436, col. 2]
  bare ‘to write, inscribe, draw (barev-, bared-}, 1. writing, letter; 2. mark, time, destiny, fate; 3. lines on a palm, flexion-folds of the hand , 4. threshold design, drawing, colam, pattern made on the ground with powdered chalk or rice flour as a sign of auspiciousness’ verb tr noun uncertain   IDs=f_vi53codmwakkk SRC=hockings-pilotraichoor1992[p. 399, col. 2]
  būdi baravadu ‘ritual of drawing figures of farm implements and cattle during the sakala:ti festival’ noun uncertain   IDs=f_xgejh7zyotaza SRC=hockings-pilotraichoor1992[p. 422, col. 2]

### d5295 vaṛ̆i  HEAD dedr-reflex
ETYMOLOGY 
PDr:
  vaṛ̆i ‘’ not-reconstructed   IDs=d5295 SRC=dedr[entry 5295, DED 4333];dedr
PSTDr:
  *vaẓ- ‘to scrape; to sweep; to efface (the writing in inscriptions), destroy (a grant)’    IDs=f_adt5hgizfqzmq SRC=merriam2026dravidiandb[record 5532, DEDR 5295];starostin2006dravidian
Tamil:
  vaṛ̆i ‘to wipe, scrape, gather together as a pulpy mass, rub in with the hand as an ointment, smear as sandalpaste, roll up as one's clothes, shave’ verb Tamil-class-6 strong (-pp-, -tt-)  IDs=f_2rus3rwbkwcy6 SRC=dedr
  vaṛ̆iyal ‘that which is gathered together by wiping, scraping, etc’    IDs=f_zuner22t7yzh2 SRC=dedr
Malayalam:
  vaṭikka ‘to wipe off, scrape, polish, shave’    IDs=f_7vsnxuqapuxzi SRC=dedr
Toda:
  udy- ‘to smear profusely (ud- ‘to smear’)’ verb tr variant   IDs=f_2bkfxklvasbqw SRC=bhaskararao-toda2025[p. 194, entry 13]
  poḍc- ‘to scrape with fingers or spoon-like object (ḍ/ḍḍ minimal pair with poḍḍy ‘cart’)’ verb tr variant   IDs=f_5p7nessimnql2 SRC=bhaskararao-toda2025[p. 191, entry 21];emeneau-toda1984[p. 124];bhaskararao-toda-notes[p. 130]
  poḍy- ‘to scrape with fingers or spoon-like object (ḍ/ḍḍ minimal pair with poḍḍy ‘cart’)’ verb tr   IDs=f_72y5gfsfjr44q SRC=bhaskararao-toda2025[p. 191, entry 21];emeneau-toda1984[p. 124];bhaskararao-toda-notes[p. 130]
  poṛt ud- ‘to smear profusely (ud- ‘to smear’)’ verb tr   IDs=f_bf4mheiakzm5y SRC=bhaskararao-toda2025[p. 194, entry 13]
  poṛt ud ‘to smear profusely (ud-to smear)’    IDs=f_cf3psmi7ej46m SRC=dedr
  poḍy- (poḍc-) ‘to scrape with finger’    IDs=f_p4ww5q467xuqy SRC=dedr
Kannada:
  baṛ̆u ‘putting on or applying to’    IDs=f_2uffglsnz2lwg SRC=dedr
  boṛ̆i ‘to sweep together as dust, wipe off or aside with the hand, scrape together with the hand, put on or apply to as lime, mud, etc. to a wall, cowdung to a floor, ointment to the body, besmear’    IDs=f_6jyzxknsu5qma SRC=dedr
  baṛ̆icu ‘putting on or applying to’ caus   IDs=f_aipoic3nk7l6e SRC=dedr
  boṛ̆iyuvike ‘smearing’    IDs=f_dcmgi5edwzhvs SRC=dedr
  baṛ̆isu ‘putting on or applying to’ caus   IDs=f_e77uz3w56t3gw SRC=dedr
  baṛ̆acu ‘putting on or applying to’ caus   IDs=f_g6tzpsdivjvaw SRC=dedr
  baḷugu ‘to clean floor with cowdung’ dialect:Kannada:havyaka:Havyaka Hav.  IDs=f_jd6czotvbe4g2 SRC=dedr;Hav-Kannada
  baṛ̆ugāre ‘mortar that is applied to a wall’    IDs=f_qeuduxecdipuw SRC=dedr
  boṛ̆isu ‘putting on or applying to’ caus   IDs=f_wn2mbcymz3tgm SRC=dedr
  baṛ̆i ‘to sweep together as dust, wipe off or aside with the hand, scrape together with the hand, put on or apply to as lime, mud, etc. to a wall, cowdung to a floor, ointment to the body, besmear’    IDs=f_x5fmuuuhya6u6 SRC=dedr
Tulu:
  baḷi ‘to smear as lime’  B-K.  IDs=f_p3qib5z32gstw SRC=dedr;B-K-Tulu
Telugu:
  baḍiyu ‘to sweep away the influence of evil spirits on a person. DED 4333’  K.  IDs=f_d77sua7o2mkk6 SRC=dedr;K-Telugu
  vṛ̆accu ‘to efface (the writing in inscriptions), destroy (a grant)’  K.  IDs=f_xhmz3p5ipzksu SRC=dedr;K-Telugu
  vraccu ‘to efface (the writing in inscriptions), destroy (a grant)’  K.  IDs=f_zcoseodl46ssi SRC=dedr;K-Telugu
Badaga:
  bāku ‘to sweep a floor’ verb tr uncertain   IDs=f_c5mlbxxkhjquc SRC=hockings-pilotraichoor1992[p. 404, col. 2]
  bāki ‘1. remains, sweepings; 2. remainder, debt, balance owing’ noun uncertain   IDs=f_q5ldceqkt6a4m SRC=hockings-pilotraichoor1992[p. 404, col. 2]

### d5409 *vir-al finger HEAD krishnamurti-pfeiffer
ETYMOLOGY 
PDr:
  *vir-al ‘finger’    IDs=d5409 SRC=dedr[entry 5409, DED(S, N) 4436];krishnamurti
  *wir-al ‘‘finger’ SD I’    IDs=f_2rs2yvnxh3oyu SRC=merriam2026dravidiandb[record 6514, DEDR 5409];krishnamurti
  *vir-anj ‘finger’  SD II, CD  IDs=f_6z22dqscozivi SRC=krishnamurti
  *wir-and/-anj ‘‘finger’ SD II, CD’  derived *wir-al  IDs=f_a3tf3nvllyjui SRC=merriam2026dravidiandb[record 6515, DEDR 5409];krishnamurti
  *viriñc ‘finger’    IDs=f_cmzu4nid6fanu SRC=krishnamurti
  *vir-and ‘finger’  South DravidianI, Central Dravidian  IDs=f_nj64jpj5m6wgq SRC=merriam2026dravidiandb[record 5950, DEDR 5409];krishnamurti
  *wiriñc- ‘‘finger’’    IDs=f_scgtxksqiofjq SRC=merriam2026dravidiandb[record 6694, DEDR 5409];krishnamurti
  *veral_- ‘finger; finger, toe; inch; finger, toe’    IDs=f_thoja4zzkhlp2 SRC=merriam2026dravidiandb[record 5650, DEDR 5409];starostin2006dravidian
  *vir-and ‘finger’  SD II, CD  IDs=f_unrmxh6oexa2i SRC=krishnamurti
  *wiriñc- ‘'finger'’    IDs=f_ybba4d6q4k2ey SRC=merriam2026dravidiandb[record 6612, DEDR 5409];krishnamurti
  *vir-anj ‘finger’  South DravidianI, Central Dravidian  IDs=f_yyl664qzubavu SRC=merriam2026dravidiandb[record 5951, DEDR 5409];krishnamurti
PSD1:
  *vir-al ‘finger’  South Dravidian  IDs=f_7lc4xxiqheo6o SRC=merriam2026dravidiandb[record 5949, DEDR 5409];krishnamurti
Tamil:
  veraṭṭi ‘finger’ dialect:Tamil:kollimalai:Kollimalai Koll.  IDs=f_cjod5axxuidok SRC=dedr;Koll-Tam
  viral ‘finger, toe; finger's breadth’    IDs=f_jygiwhmboalxk SRC=dedr
Malayalam:
  viral ‘finger, toe; inch’    IDs=f_5vo6txmtytllm SRC=dedr
Kota:
  verl ‘finger, toe’    IDs=f_btufcfef67zha SRC=dedr
Toda:
  pēɫ̣ ‘finger, toe’ noun   IDs=f_3fkg337rmz75e SRC=bhaskararao-toda2025[p. 176, entry 14];emeneau-toda1984[p. 110];bhaskararao-toda-notes[p. 118]
  pe·ḷ ‘id’    IDs=f_62testjxevfrk SRC=dedr
Kannada:
  beraḷ ‘id.; tip of an elephant's trunk’    IDs=f_ge5i3g3a7didk SRC=dedr
  beral ‘id.; tip of an elephant's trunk’    IDs=f_gxkxa7tafene2 SRC=dedr
Kodagu:
  bera ‘finger, toe’    IDs=f_mybirqsbufu6k SRC=dedr
Tulu:
  berelɯ ‘id’    IDs=f_2l6x6k3xcschy SRC=dedr
  pirelɯ ‘id’  B-K. also  IDs=f_je3uvh5jttlr6 SRC=dedr;B-K-Tulu
  birelɯ ‘id’    IDs=f_slynnstp5bqso SRC=dedr
Telugu:
  vrēlu ‘finger, toe; inch’    IDs=f_5krorzllosgw6 SRC=dedr
  vēlu ‘finger, toe; inch’    IDs=f_m4k2ln4qkit3k SRC=dedr
Gondi:
  vaṛanj ‘finger (<i>Voc.</i> 3194)’ dialect:Gondi:adil:Adilabad A.  IDs=f_4p4iitvhefctu SRC=dedr;A-Gondi
  varēnj ‘finger, toe’ dialect:Gondi:betul:Betul Tr.  IDs=f_jdoo2vxucmqau SRC=dedr;Tr-Gondi
  vaṛnj ‘finger (<i>Voc.</i> 3194)’ dialect:Gondi:koya:Koya Ko.  IDs=f_pq4qasb745snk SRC=dedr
  viṛaskū (pl) ‘finger (<i>Voc.</i> 3194)’ dialect:Gondi:maria:Maria M.  IDs=f_puffkmgpdc4p4 SRC=dedr;M-Gondi
  virinj ‘finger, toe’ dialect:Gondi:betul:Betul Tr.  IDs=f_q5jgg22ybxytq SRC=dedr;Tr-Gondi
  veṛenj ‘finger (<i>Voc.</i> 3194)’ dialect:Gondi:maria:Maria M.  IDs=f_qpvmvqrhwsiq6 SRC=dedr;M-Gondi
  vaṛnji ( vaṛsku) ‘finger (<i>Voc.</i> 3194)’ pl dialect:Gondi:maria:Maria Ma.  IDs=f_ucyjz3ti2jmug SRC=dedr
  vers ‘finger (<i>Voc.</i> 3194)’ dialect:Gondi:maria:Maria L.  IDs=f_yjb6sipvikrce SRC=dedr;L-Gondi
  vaṛnj ( vaṛsku) ‘finger (<i>Voc.</i> 3194)’ pl dialect:Gondi:maria:Maria Ma.  IDs=f_zqxxhli2psmis SRC=dedr
Konda:
  ṛaska ‘finger, toe’  BB, K.  IDs=f_2fsy6qphej7k6 SRC=dedr;BB-Konda
  veṛska ‘finger’  K., dial.; source label: dial.  IDs=f_r4akk5yeymb2e SRC=dedr;burrow-emeneau1972den1[p. 415, entry 4436]
  ṛeska ‘finger’  K., dial.  IDs=f_ukxxxjof4ckui SRC=dedr
Kui:
  vanju ( vaska) ‘finger, toe, thumb’ pl   IDs=f_wola5opzo4oow SRC=dedr
Kuwi:
  vansu ( vaska) ‘finger. DED (S, N) 4436’ pl S.  IDs=f_b4giwmyz6pbrw SRC=dedr;S-Kuwi
  vvānjū ( vvāska) ‘finger. DED (S, N) 4436’ pl F.  IDs=f_j3k4tyibrsqpc SRC=dedr;F-Kuwi
  vanju ( vaska) ‘finger. DED (S, N) 4436’ pl dialect:Kuwi:sunkar:Sunkarametta Su. Isr.  IDs=f_r6aipybc5q2t2 SRC=dedr;Isr-Kuwi
  veṛma ‘finger. DED (S, N) 4436’ dialect:Kuwi:bisam:Bisamkatak P.  IDs=f_u5uf45lwmzkrs SRC=dedr
Pengo:
  vacka ‘id’    IDs=f_ygk7fuogyp7he SRC=dedr
Manda:
  vehpe ‘id’    IDs=f_kmdd7xtnfd4jo SRC=dedr
Kolami:
  vende ‘finger, toe’    IDs=f_fkl4lai54xzaa SRC=dedr
Naikri:
  vende ‘finger’    IDs=f_q5iyhi25bv4xe SRC=dedr
Parji:
  vanda ( vandel) ‘id’ pl   IDs=f_2pedzk6u55ems SRC=dedr
Gadaba:
  vande ‘id’ dialect:Gadaba:salur:Salur Oll. S.  IDs=f_jkeuvtzn57nzw SRC=dedr;Oll-Gadaba;S-Gadaba
Badaga:
  nadu beralu ‘middle finger’ noun uncertain   IDs=f_2sszwcn6vrmpq SRC=hockings-pilotraichoor1992[p. 335, col. 1]
  hebbatṭte beralu ‘thumb’ noun uncertain alternate   IDs=f_3d7c2ubwddfzu SRC=hockings-pilotraichoor1992[p. 607, col. 2]
  hebbu beralu ‘thumb’ noun uncertain alternate   IDs=f_74adahfwmfd56 SRC=hockings-pilotraichoor1992[p. 608, col. 1]
  kade beralu ‘finger, toe’ noun uncertain   IDs=f_7flyyzybke3iy SRC=hockings-pilotraichoor1992[p. 126, col. 1]
  ebbeṭṭtuberalu ‘thumb’ noun uncertain alternate   IDs=f_ddt7tqv67zmi4 SRC=hockings-pilotraichoor1992[p. 84, col. 2]
  beralu muṇi ‘distal phalangeal knuckles, knuckles on the fingers’ noun uncertain   IDs=f_eaw26xt6znr4y SRC=hockings-pilotraichoor1992[p. 428, col. 2]
  beralu ‘1. finger; 2. toe’ noun uncertain   IDs=f_ejyusbdthf2rk SRC=hockings-pilotraichoor1992[p. 428, col. 2]
  dodda beralu ‘big toe’ noun uncertain   IDs=f_i67oep3si6ldy SRC=hockings-pilotraichoor1992[p. 326, col. 1]
  sutti beralu ‘littlefinger’ noun uncertain   IDs=f_iajcskc3cjqso SRC=hockings-pilotraichoor1992[p. 545, col. 1]
  bēru ‘index finger’ noun uncertain   IDs=f_iqzsil2selzzo SRC=hockings-pilotraichoor1992[p. 437, col. 1]
  bare beralu ‘index finger’ noun uncertain alternate   IDs=f_pdrrkkd6gaz7u,f_tyfkg6qcmfc2q SRC=hockings-pilotraichoor1992[p. 400, col. 1];hockings-pilotraichoor1992[p. 428, col. 2]
  beḷḷi beralu ‘fourth finger, ring finger’ noun uncertain   IDs=f_qjki2luitsufk SRC=hockings-pilotraichoor1992[p. 432, col. 1]
 ... 4 additional unique records
Koraga:
  berolu ‘finger’ dialect:Koraga:onti:Onti O.  IDs=f_2hdvefo75gh4s SRC=dedr
  berlɨ ‘finger’ dialect:Koraga:mudu:Mudu M.  IDs=f_jyvitokpdw5b4 SRC=dedr
markodi:
  viral ‘Finger’ dialect:markodi:markodi_pannithadam:Pannithadam   IDs=f_f3x2wcdfjb2tu SRC=canvin2025
  veṛaḷŭ ‘Finger’ dialect:markodi:markodi_vannarkadav:Vannarkadav   IDs=f_pkjyrq2kbkuds SRC=canvin2025
  viräl ‘Finger’ dialect:markodi:markodi_ennappara:Ennappara   IDs=f_qrfwurs5jlfts SRC=canvin2025

### d5411 *viri-nk- ; to open, split; to open, crack HEAD krishnamurti-pfeiffer
ETYMOLOGY 
SOURCE NOTE Cf. Skt. ara-vinda- lotus (esp. Ka. are-viri, Te. ara-viri ); Mayrhofer, s.v. DED(S. N) 4438. SOURCE dedr[entry 5411, DED(S, N) 4438]
PDr:
  *viri-nk- ‘; to open, split; to open, crack’    IDs=d5411 SRC=dedr[entry 5411, DED(S, N) 4438]
  *vir- ‘to expand; to loosen; to open (intr.), expand, blow, break, burst, be loosened, untied, dishevelled, scattered, removed; to loosen (intr.); to fall down; to fall to pieces; (braid) to become loose; to get out of shape by expanding sidewise or falling under one's own weight (as an earthen vessel when unbaked, a mud wall, a ball of wax, a heap of manure when very wet)’    IDs=f_bf36lwod2eeui SRC=merriam2026dravidiandb[record 5652, DEDR 5411];starostin2006dravidian
  *wiri-nkk- ‘v.t. ‘to open, split’’  derived *wiri-nk-  IDs=f_jq5s6kem5lm72 SRC=merriam2026dravidiandb[record 6517, DEDR 5411];krishnamurti
  **viri ‘’    IDs=f_oj46vottoxb2y SRC=pfeiffer2018
  *viri-nkk ‘to open, split’  v.t.  IDs=f_rggiczjpf7egg SRC=krishnamurti
  *wiri-nk- ‘to open, crack’    IDs=f_u2ngeyypy6ymw SRC=merriam2026dravidiandb[record 6516, DEDR 5411];krishnamurti
  *viri-nk ‘to open, crack’    IDs=f_yyyr7zroohuwi SRC=krishnamurti
Tamil:
  viriyal ‘expanse, blossoming, wreath of flowers’    IDs=f_2oonrt6q37p2s SRC=dedr
  virical ‘split, crack, rent’    IDs=f_hjrhtq3kpsicq SRC=dedr
  viri ‘to expand, spread out, open, unfold, be loosened, split, crack, burst asunder; (-pp-, -tt-) to cause to expand, unfold, untie, loosen; expanse, fullness’ noun verb Tamil-class-2 weak (-v-, -nt-)  IDs=f_rru4zg2jqx6c6 SRC=dedr
  virippu ‘spreading, opening out’    IDs=f_rugxuoglmigvu SRC=dedr
  virivu ‘expansion, breadth, width, split, crack’    IDs=f_s477glsi7uk2m SRC=dedr
Malayalam:
  virivu ‘expansion, breadth’    IDs=f_7mppndwfwfeii SRC=dedr
  viriyuka ‘to expand, open, blow (of flowers), be hatched’    IDs=f_b6vhy5yjylfbm SRC=dedr
  virittuka ‘to open’    IDs=f_cwkrouf6bvauw SRC=dedr
  viriccal ‘split, gap, hatching’    IDs=f_eyym466slhqxo SRC=dedr
  viri ‘what is expanded, veil, awning’    IDs=f_nyq4tnwkbnqka SRC=dedr
  virippu ‘bedding’    IDs=f_ua32u6eanwoly SRC=dedr
  virikka ‘to expand , spread, hatch’ tr   IDs=f_ytydbdu4hgzee SRC=dedr
Toda:
  pɨry- ‘(1) (hair) is parted, (bag, umbrella) is opened’ verb intr   IDs=f_e2kthrdgb5uk6 SRC=bhaskararao-toda2025[p. 186, entry 6];emeneau-toda1984[p. 129]
  pɨrs- ‘(1) (hair) is parted, (bag, umbrella) is opened’ verb intr variant   IDs=f_jun6d4kme64dw SRC=bhaskararao-toda2025[p. 186, entry 6];emeneau-toda1984[p. 129]
  pɨry- ‘to demolish; to part (hair), open (bag, umbrella, etc.)’ verb tr   IDs=f_thwprnwq7nbsg SRC=bhaskararao-toda2025[p. 186, entry 5];emeneau-toda1984[p. 124]
  pɨry- (pɨrs-) ‘(hair) is parted, (bag, umbrella) is opened; (pïrc-) to part (hair), open (bag, umbrella, etc.)’    IDs=f_u63yaofjebyf6 SRC=dedr
Kannada:
  biruku ‘cleft, fissure’    IDs=f_cshdrftl2dpls SRC=dedr
  biravu ‘cleft, fissure’    IDs=f_fmpijo3l3yqvw SRC=dedr
  are-viri ‘to be half-opened (as a flower; forare'half' see 229)’    IDs=f_hfgla4phu5od2 SRC=dedr
  biccaṛ̆ike ‘expansion, spreading’    IDs=f_kfy4j7jhtx5ly SRC=dedr
  biriku ‘cleft, fissure’    IDs=f_miokhduuvxotg SRC=dedr
  are-biri ‘to be half-opened (as a flower; forare'half' see 229)’    IDs=f_mivp4emm2tk2y SRC=dedr
  biccaṛ̆isu ‘to spread out, extend’    IDs=f_nprcmux5vbjuu SRC=dedr
  biccu ‘to become loose, untied, cracked, broken; loosen, untie, open, give up, leave; loosening, becoming loose, being separated’ noun   IDs=f_pqonirmd5mwt4 SRC=dedr
  biri ‘to burst open, be rent asunder, expand, open, blossom; bursting, opening, fissure crack’ noun   IDs=f_qj55yvtnz3waw SRC=dedr
  bircu ‘to become loose, untied, cracked, broken; loosen, untie, open, give up, leave; loosening, becoming loose, being separated’ noun   IDs=f_uo2mdbmscze6g SRC=dedr
  biccata ‘state of being opened or wide, of being extended’    IDs=f_vl7skskathgbu SRC=dedr
  biruvu ‘cleft, fissure’    IDs=f_x5m5k7fpf2fem SRC=dedr
Kodagu:
  biri- (biriv-, biriñj-) ‘to open (jackfruit), dismantle (house); (birip-, biric-) to spread (leaves, blanket)’    IDs=f_3xw7kybas4psk SRC=dedr
Tulu:
  biccāṭa ‘bursting, breaking or flying open’    IDs=f_2e574v2hlx2yc SRC=dedr
  biriyuni ‘to split, crack, burst’ intr   IDs=f_2oqodicx3we2q SRC=dedr
  biccāvuni ‘to open, unfasten, split’    IDs=f_daqzak4aub666 SRC=dedr
  beraŋkaṇṇu ‘cracks on the sole of the foot’    IDs=f_jnccmoagukvpw SRC=dedr
  berakaṇɯ ‘cracks on the sole of the foot’    IDs=f_mvcdl4rjrtck6 SRC=dedr
  biccuni ‘to burst, fly open, become loosened’    IDs=f_nporwuajotbnq SRC=dedr
  beraŋkaṇṇi ‘cracks on the sole of the foot’    IDs=f_nwiwzfjiuhiny SRC=dedr
  birkuni ‘to scatter, disperse, shed’    IDs=f_qpoow3fivzgoe SRC=dedr
  berakaṇṇi ‘cracks on the sole of the foot’    IDs=f_rnmbtciytnkla SRC=dedr
  birkɛ ‘crack, chink, gap’    IDs=f_rv6uqmawz3xc2 SRC=dedr
  beraŋka ‘cleft, chink’    IDs=f_ud6sgmqtflrvg SRC=dedr
  bicca ‘unsheathed (as a weapon)’    IDs=f_uq5hivwudwq4w SRC=dedr
 ... 1 additional unique records
Telugu:
  virucu ‘to break’ tr   IDs=f_3uxni4dtuloe6 SRC=dedr
  virugu ‘to break, go to pieces; breaking’ noun   IDs=f_5jg6q3prdpqyg SRC=dedr
  viriviḍi ‘extent, width’    IDs=f_5vyqqq2p2iprq SRC=dedr
  viri ‘flower, blossom; expanded, opened, loosened’    IDs=f_binykjwbdnjxq SRC=dedr
  araviri ‘half-opened (as a flower, etc.); a half-opened bud, state of being half-opened’    IDs=f_bpoly3jexvtdw SRC=dedr
  viṟigi ‘soil abounding in cracks’    IDs=f_eqguatdy67lbq SRC=dedr
  viccu ‘to open , burst; open , untie, loosen, leave; unsheathed’ intr tr adj   IDs=f_fqtyyziofrvuc SRC=dedr
  vijju ‘to spread’ intr   IDs=f_glnjed7bmajry SRC=dedr
  virivi ‘extent, width’    IDs=f_ixe5yz7me2hvg SRC=dedr
  viṟucu ‘to break’ tr   IDs=f_m2hbfst57laxy SRC=dedr
  viṟupu ‘breaking’    IDs=f_mjz4dyz45yhni SRC=dedr
  virupu ‘breaking’    IDs=f_pktg6eyvm5mnc SRC=dedr
 ... 5 additional unique records
Gondi:
  virih ‘to hatch eggs (<i>Voc.</i> 3251)’ dialect:Gondi:muria:Muria Mu.  IDs=f_37zsrsve37clo SRC=dedr
  virp ‘to spread’ tr transitive  IDs=f_47lt2dzmzkhne SRC=dedr;burrow-emeneau1972den1[p. 415, entry 4438]
  viri ‘(flower) to blossom’ dialect:Gondi:koya:Koya KoyaSu.; source label: Koya Su.  IDs=f_bjqzwq6befrrs SRC=dedr;burrow-emeneau1972den1[p. 415, entry 4438]
  viriyānā ‘to expose’ dialect:Gondi:adil:Adilabad SR.  IDs=f_hfvll23c2nlbo SRC=dedr;SR-Gondi
  rīkānā ‘to spread out (grain) (<i>Voc.</i> 3036)’ dialect:Gondi:mandla:Mandla W. Ph.  IDs=f_j55kxjrloahvm SRC=dedr;W-Gondi;Ph-Gondi
  viriˀ ‘to expose’ tr   IDs=f_n4o2bklsev55i SRC=dedr
  viri ‘to be broken, smashed’ dialect:Gondi:maria:Maria Ma.  IDs=f_pqvl6bih3eeps SRC=dedr
  rīkānā ‘to spread out (grain)’ source-addition source label: W. Ph.; Voc. 3036  IDs=f_tmbteiclrxui6 SRC=burrow-emeneau1972den1[p. 415, entry 4438]
  rīk ‘to scatter, sow seeds’ dialect:Gondi:adil:Adilabad ASu.; source label: A Su.  IDs=f_vyp6plntmcdmw SRC=dedr;burrow-emeneau1972den1[p. 415, entry 4438]
Konda:
  viraŋ māl- (-it-) ‘braid to become loose’    IDs=f_6gaiafnsmkfba SRC=dedr
  viris- (-t-) ‘to open (as a book), lay open’    IDs=f_yt2ikbxbmu6pu SRC=dedr
  virs- (-t-) ‘to open (as a book), lay open’    IDs=f_ytzhp3foaquyg SRC=dedr
Kui:
  vrīva (vrīt-) ‘to be dismantled, broken up, worn out; disintegration’ noun   IDs=f_7cqducvzcsemm SRC=dedr
  vringa (vringi-) ‘to fall to pieces, be loosened, dispersed; disintegration’ noun   IDs=f_fqkjqfphxv65e SRC=dedr
  birasakali ‘scattered, dispersed’    IDs=f_qpn7n4uuchkyk SRC=dedr
  vripka (&lt; vrik-p-; vrikt-) ‘to pull to pieces, untie, loosen, disperse; dismantling, unfastening, dismissing’ noun   IDs=f_qwsgre2k35ii2 SRC=dedr
  bringi brangi ‘dispersed, broken up’    IDs=f_vfx5kcecpvjss SRC=dedr
  bringi brangi inba ‘to be dispersed, broken up’    IDs=f_znhqk3eeg6n7q SRC=dedr
Kuwi:
  vrik ‘to take off, dismantle (thatch)’  Kasipur  IDs=f_2bn5xjyuathqg SRC=dedr
  vir ‘to fall in ruin’  Ṭ.  IDs=f_nq6soiobwaslc SRC=dedr;Ṭ-Kuwi
  vij- (-it-) ‘to break into small pieces’  Isr.  IDs=f_xjckjqmc7tuvs SRC=dedr;Isr-Kuwi
  brīali ‘to go off with a report’  F.  IDs=f_ylz4chf5tfltw SRC=dedr;F-Kuwi
Pengo:
  virpa- (-t-) ‘to demolish’    IDs=f_q67br233ccmg6 SRC=dedr
  vir- (-t-) ‘to collapse, fall in ruin’    IDs=f_qhvokol35qqnq SRC=dedr
Manda:
  virā ‘to fall down, collapse (house)’    IDs=f_3qihyr2eztt2a SRC=dedr
Parji:
  virkip- (virkit-) ‘to loosen’    IDs=f_e2hq54fgenaf4 SRC=dedr
  virŋg ‘to be loosened’    IDs=f_vqxqmcn24ockq SRC=dedr
Kurux:
  berrnā (birryā) ‘to get out of shape by expanding sidewise or falling under one's own weight (as an earthen vessel when unbaked, a mud wall, a ball of wax, a heap of manure when very wet)’    IDs=f_swamag7obhmco SRC=dedr

### d706 *uR-  HEAD merriam-pdr
ETYMOLOGY 
PDr:
  *uR- ‘’    IDs=d706 SRC=dedr[entry 706, DEDS 86];merriam2026dravidiandb[record 749, DEDR 706]
  *uR- ‘to crush; to gore; to collide, to butt; to butt, gore (buffalo, etc., with horns), crush (nits)’    IDs=f_4tfbg7xrc4t3g SRC=merriam2026dravidiandb[record 749, DEDR 706]
Konda:
  uṟ- (uRt-) ‘to butt, gore (buffalo, etc. with horns), crush (nits)’    IDs=f_ogxdg2vzmo6fw SRC=dedr
Kui:
  ubga ‘(&lt;ug-b-; ugd-) to collide, strike against, butt; uska (uski-)’    IDs=f_vwqpdtyxba5aw SRC=dedr
Kuwi:
  ūrhali ‘to butt. DEDS 86’  F.  IDs=f_dnslkpd73itbi SRC=dedr;F-Kuwi
  ur- (-h-) ‘to butt, gore’ dialect:Kuwi:sunkar:Sunkarametta Su.  IDs=f_y4jfl7c7pimew SRC=dedr
Pengo:
  uz- (ust-) ‘to butt, gore; to crush (lice)’    IDs=f_6dzykdcxqrk4y SRC=dedr
Manda:
  uy ‘(cow) to gore; to crush (lice)’    IDs=f_r6n6wi6mht6pm SRC=dedr
Parji:
  ud ‘to crush (nits, lice; only recorded in phrase:pēnul udomo)’    IDs=f_k4ec6z4w57qv6 SRC=dedr

### d709 *ur_-  HEAD merriam-pdr
ETYMOLOGY 
PDr:
  *ur_- ‘’    IDs=d709 SRC=dedr[entry 709, DED(S, N) 2154(b), DED 2235];merriam2026dravidiandb[record 753, DEDR 709]
  *ur_- ‘to sip, suck; to suck; to imbibe, inhale, sip’    IDs=f_dwbbmmbe6u5ve SRC=merriam2026dravidiandb[record 753, DEDR 709]
Tamil:
  uṟiñcu ‘to sip, suck up, draw into the mouth as in tasting liquids, snuff up, sniff, draw in sharply through the nose, take in, absorb as a sponge’ verb Tamil-class-3 weak (uṟiñci-)  IDs=f_5g74kzl7ywkcc SRC=dedr
  uṟi ‘to snuff up, sip up’ verb Tamil-class-2 weak (-v-, -nt-)  IDs=f_lizp3jtjeokku SRC=dedr
Malayalam:
  uṛiñcuka ‘to sip, suck’    IDs=f_dnqinlpdt4lri SRC=dedr
Toda:
  ɨṟθ- ‘to drink (intoxicants); suck with noise (like buffalo drinking water)’ verb tr variant   IDs=f_7awjqxt7iqbbu SRC=bhaskararao-toda2025[p. 33, entry 23];emeneau-toda1984[p. 122];bhaskararao-toda-notes[p. 28]
  ɨṟ- ‘to drink (intoxicants); suck with noise (like buffalo drinking water)’ verb tr   IDs=f_amtl6wp5l3nvy SRC=bhaskararao-toda2025[p. 33, entry 23];emeneau-toda1984[p. 122];bhaskararao-toda-notes[p. 28]
  ɨṟ- (ɨṟQ-) ‘to drink (intoxicants)’    IDs=f_cfxtcf7rgup34 SRC=dedr
Kannada:
  urpu ‘to drink’ dialect:Kannada:havyaka:Havyaka Hav.  IDs=f_2y5e3rn77ydis SRC=dedr;Hav-Kannada
  ? uṟita ‘sucking’    IDs=f_p4zfhs3v2dvu2 SRC=dedr
Tulu:
  ujumbuṇa ‘sucking’  BRR; brahmin dial.  IDs=f_ftw4pj7ccwm2e SRC=dedr
  ujumbu ‘to suck’  B-K.  IDs=f_t4ficmqqvoaxg SRC=dedr;B-K-Tulu
Kuwi:
  jū'nai ‘to imbibe, inhale, sip. From DED(S, N) 2154(<i>b</i>) and DED 2235’  S.  IDs=f_ptwb46gkk46tm SRC=dedr;S-Kuwi
Pengo:
  uj- (ucc-) ‘id’    IDs=f_mdhhy6c347yr6 SRC=dedr
Kolami:
  ūmburseng ‘to suck (forūmb-, see 2621(<i>b</i>))’  Pat., p. 155  IDs=f_qgkix25phqnsg SRC=dedr;Pat-Kolami
Badaga:
  ūtu kudi ‘to sip’ verb tr uncertain   IDs=f_b4jp5juhzbl6o SRC=hockings-pilotraichoor1992[p. 74, col. 1]
  ūlu ‘to drink (by putting mouth to water), sip, suck up’ verb tr uncertain   IDs=f_f4ffqrs262asi SRC=hockings-pilotraichoor1992[p. 76, col. 2]

### d715 uṟu  HEAD dedr-reflex
ETYMOLOGY 
PDr:
  uṟu ‘’ not-reconstructed   IDs=d715 SRC=dedr[entry 715, DED(S) 613];dedr
PSTDr:
  *ur_u (ur_uv-, ur_r_-) ‘to suffer, gather experience; to suffer, be afflicted; n. suffering, affliction’    IDs=f_xmwzohpha77oc SRC=merriam2026dravidiandb[record 759, DEDR 715]
Tamil:
  uṟuttu ‘to cause smarting or irritation, press uncomfortably (as a rough or uneven surface on one lying or sitting down), cause pain of mind, rankle’ verb Tamil-class-3 weak (uṟutti-)  IDs=f_arjnvqbwbl76o SRC=dedr
  uṟukaṇ ‘suffering, affliction, distress’    IDs=f_hegog7pcgecly SRC=dedr
  ūṟu ‘affliction’    IDs=f_l3yt6j6wknkp6 SRC=dedr
  uṟu ‘to suffer, gather experience’ verb Tamil-class-4 weak (uṟuv-, uṟṟ-)  IDs=f_nsjsx6vdczn7i SRC=dedr
  uṟuval ‘suffering, affliction’    IDs=f_pvhuaicdpsyjk SRC=dedr
Malayalam:
  uṟuttuka ‘to chafe, terrify by fierce look’    IDs=f_wygtul7ozoayq SRC=dedr
Kannada:
  uṟisu ‘to suffer, endure’    IDs=f_r6ogfrka2g7n4 SRC=dedr
Kui:
  jūga (jūgi-) ‘to suffer, be afflicted; suffering, affliction’ noun   IDs=f_bhaha6ftjcq3e SRC=dedr
  jūpka ‘(&lt;jūk-p-; jūkt-)to afflict, persecute, cause to suffer; act of afflicting, persecution, ill-treatment. DED(S) 613’ noun   IDs=f_tjcebrjvs5vmg SRC=dedr

### d811 *er-i-  HEAD merriam-pdr
ETYMOLOGY 
SOURCE NOTE Cf. 2929 Ta. neruppu. DED(S, N) 694. SOURCE dedr[entry 811, DED(S, N) 694]
PDr:
  *er-i- ‘’    IDs=d811 SRC=dedr[entry 811, DED(S, N) 694];merriam2026dravidiandb[record 866, DEDR 811];starostin2006dravidian
  *er-i- ‘to burn; to burn, grieve; to light, burn; to light, ignite; to kindle fire, light, burn; to perspire’    IDs=f_wytghcimb7k3s SRC=merriam2026dravidiandb[record 866, DEDR 811];starostin2006dravidian
Tamil:
  eriyal ‘burning, shining; that which is burnt, as charred food at the bottom of a vessel in cooking’    IDs=f_625m4ntpiau7m SRC=dedr
  erivu ‘burning, heat, anger, jealousy’    IDs=f_cgomsgzboxkem SRC=dedr
  eriyam ‘phosphorus’  PR  IDs=f_hht4cnytazgeq SRC=dedr;PR-Tam
  ericcal ‘burning, heating, burning sensation, pungency, anger, jealousy’    IDs=f_j2dgmhzyxf2ei SRC=dedr
  eri ‘to burn, blaze, shine, (sore or fever) burns, suffer a painful emotion; (-pp-, -tt-) to burn, consume by fire, scorch in flame; fire, flame, brightness’ noun verb Tamil-class-2 weak (-v-, -nt-)  IDs=f_ln4vvldwwb5vs SRC=dedr
  erippu ‘burning, pungency, envy’    IDs=f_p45e6wieutyfi SRC=dedr
Malayalam:
  eri ‘heat, burning, pungency’    IDs=f_5jphutdi6fnj6 SRC=dedr
  erippu ‘flame, torch’    IDs=f_7wnbkf5dinsqg SRC=dedr
  eruvu ‘pungency’    IDs=f_bo7tzek4f63ty SRC=dedr
  erikka ‘to kindle fire, burn’ tr   IDs=f_dgpevalvzvc5g SRC=dedr
  ericcal ‘burning, smarting of eyes, mouth, etc’    IDs=f_ko7fjfbvfuymi SRC=dedr
  eriyuka ‘to burn, be consumed’    IDs=f_uz2ujp2pbzabu SRC=dedr
  erivu ‘pungency, zeal’    IDs=f_zd2eb5lsscecm SRC=dedr
Kota:
  erd- ‘“to shine brightly (anythings except the sun)”; to scoop in hands (liquids), to scoop using a erpick’ variant   IDs=f_3hg2veu52hyag SRC=wolf-kota[p. 10, entry 18]
  erv- (erd-) ‘to shine brightly (anything except sun)’    IDs=f_arxorstoyhbyu SRC=dedr
  erv- ‘“to shine brightly (anythings except the sun)”; to scoop in hands (liquids), to scoop using a erpick’    IDs=f_riz3oo6olyvls SRC=wolf-kota[p. 10, entry 18]
Toda:
  er- (erQ-) ‘to be very bright’    IDs=f_fwv5abpb6cngi SRC=dedr
  ēf ‘fever’ noun   IDs=f_hm2vuszl7pdem SRC=bhaskararao-toda2025[p. 19, entry 12]
  er- ‘to sit in rows, walk in single file; to be very bright (in the face due to happiness) (TGT)’ verb intr   IDs=f_tiqbrq4fzx3uq SRC=bhaskararao-toda2025[p. 15, entry 10];emeneau-toda1984[p. 7];bhaskararao-toda-notes[p. 16]
  erθ- ‘to sit in rows, walk in single file; to be very bright (in the face due to happiness) (TGT)’ verb intr variant   IDs=f_wrqoppg2mp5y4 SRC=bhaskararao-toda2025[p. 15, entry 10];emeneau-toda1984[p. 7];bhaskararao-toda-notes[p. 16]
  e·f ‘fever’    IDs=f_zxz364mmha35u SRC=dedr
Kodagu:
  erivɨ ‘burning or astringent sensation in mouth’    IDs=f_ttezbo3zkml46 SRC=dedr
  eri- (erip-, eric-) ‘(mouth) has burning or astringent sensation’    IDs=f_ubbfk4pwndclm SRC=dedr
Tulu:
  eri ‘the glare or heat of fire’    IDs=f_ivx45pzhslizu SRC=dedr
  eriyāvuni ‘the glare or heat of fire’ caus   IDs=f_okl24gzm7gmwk SRC=dedr
  eriyuni ‘to glare, be hot’    IDs=f_puvzlbaauftqm SRC=dedr
Telugu:
  ērcu ‘to burn, set on fire’    IDs=f_2vsv7dvqhpkvu SRC=dedr
  eriyincu ‘to burn, set on fire, inflame, afflict, hurt’    IDs=f_ax6ztffa6joom SRC=dedr
  eriyu ‘to burn, grieve’    IDs=f_ezkyngizg5giq SRC=dedr
  talay-ēru ‘headache’ noun K.; source label: K.  IDs=f_j5tkwwu2evtic SRC=dedr;K-Telugu;burrow-emeneau1972den1[p. 401, entry 694]
  eravali ‘wildfire’    IDs=f_myiblmusv7756 SRC=dedr
  ērpu ‘burning’    IDs=f_rl7tvwmzyic7m SRC=dedr
  eragali ‘wildfire’    IDs=f_stpcytabwbgog SRC=dedr
Gondi:
  arrī ‘(boil) to throb with pain’ dialect:Gondi:muria:Muria Mu.  IDs=f_c2hqi7qtyllvi SRC=dedr
  ērītānā ‘to hurt or ache violently (<i>Voc.</i> 347)’ dialect:Gondi:betul:Betul Tr.  IDs=f_fw2cbxo4j5bb4 SRC=dedr;Tr-Gondi
  ers ‘to taste pungent (<i>Voc.</i> 356)’ dialect:Gondi:maria:Maria Ma.  IDs=f_hivhjncye3h54 SRC=dedr
  erītānā ‘to hurt, pain’ dialect:Gondi:mandla:Mandla Ph.  IDs=f_v4rgk24oxo7rw SRC=dedr;Ph-Gondi
  ars ‘to taste pungent (<i>Voc.</i> 356)’ dialect:Gondi:muria:Muria Mu.  IDs=f_zasng36qzahiw SRC=dedr
Konda:
  eris ‘to cause to burn, let someone light a fire’    IDs=f_yskntrobjbkbq SRC=dedr
  er- (-t-) ‘to kindle fire, light, burn’    IDs=f_z7vvi244gjv2g SRC=dedr
Kui:
  ērpa (ērt-) ‘to light, ignite, set fire to; ignition, lighting’ noun   IDs=f_extiizmkk4lig SRC=dedr
  rīva (rīt-) ‘(fire) burns’    IDs=f_hljpanzrpzkxs SRC=dedr
Kuwi:
  er ‘to kindle’  Isr.  IDs=f_5mfzfkza3bib2 SRC=dedr;Isr-Kuwi
  er- (-t-) ‘to light, ignite, kindle’  Ḍ.  IDs=f_sc7ipp3eh2pwk SRC=dedr;Ḍ-Kuwi
Kolami:
  erk- (erekt-) ‘to light (fire)’    IDs=f_r3hgyrkshsxpc SRC=dedr
Naikri:
  erk ‘id’    IDs=f_3pnozjtx6deak SRC=dedr
Naiki:
  erk ‘id’    IDs=f_xaitmdg47tume SRC=dedr
Parji:
  erip- (erit-) ‘to burn the mouth’    IDs=f_uemf7ibravrmy SRC=dedr
Kurux:
  ercᵉrnā ‘to perspire’    IDs=f_whbhh6xdu7aec SRC=dedr
Badaga:
  kiccu eradara ‘the fire is flaming up’ multiword-expression uncertain   IDs=f_522r7oav2imay SRC=hockings-pilotraichoor1992[p. 170, col. 1]
  būdi eresudu ‘ash-strewing (lit.), cleaning up the precincts of a temple by sweeping with sacred ash’ multiword-expression uncertain   IDs=f_iax6wmkvxfxzi SRC=hockings-pilotraichoor1992[p. 422, col. 1]
  ere ‘l. to flame up, well up; 2. to pour (torrential rain), scatter; 3. to beam’ verb intr uncertain   IDs=f_kfvfxuaji6r6a SRC=hockings-pilotraichoor1992[p. 87, col. 2]
  eresu ‘to strew, scatter’ verb tr uncertain   IDs=f_mlabvgje3xdmw SRC=hockings-pilotraichoor1992[p. 88, col. 2]
  erevadu ‘flaming up, crackling, sound of fire, of rain, of wind, etc’ noun uncertain   IDs=f_ut5kkwjpwi4tg SRC=hockings-pilotraichoor1992[p. 88, col. 2]
  Tīdere ‘Tiddere, name of a former Gauda hamlet, one of those that made up the long abandoned commune of Tudu:ru, about 10-12 km. S of Ootacamund’ noun proper-noun uncertain   IDs=f_ztopeyvkcvzn4 SRC=hockings-pilotraichoor1992[p. 292, col. 2]

### d910 *eẓ-V seven HEAD krishnamurti-pfeiffer
ETYMOLOGY 
PDr:
  *eẓ-V ‘seven’ adj   IDs=d910 SRC=dedr[entry 910, DED(S) 772];krishnamurti
  *eẓ-V ‘adj. ‘seven’’    IDs=f_jb4gpihiw2pkg SRC=merriam2026dravidiandb[record 6066, DEDR 910];krishnamurti
  *jōẓ- ‘seven; (Letchmajee) seven; (K) seven’    IDs=f_lfkvee7n4vfrk SRC=merriam2026dravidiandb[record 970, DEDR 910];starostin2006dravidian
  *ēẓ ‘seven’  3n-m pl  IDs=f_tb7zdu7gex7ze SRC=krishnamurti
  *ēẓ ‘‘seven’ (3n-m pl)’  derived *eẓ-V  IDs=f_urg6bihwkz4io SRC=merriam2026dravidiandb[record 6067, DEDR 910];krishnamurti
Tamil:
  evv-ēṛ̆u ‘seven each’    IDs=f_3nbbo7bn56qhg SRC=dedr
  eṛ̆uvar ‘seven persons’    IDs=f_m3qhadp3jq37q SRC=dedr
  eṛ̆umai ‘seven successive births’    IDs=f_nxcnevhex7c3a SRC=dedr
  eṛ̆u-nūṟu ‘700’    IDs=f_uhwwg2z6gthbq SRC=dedr
  ēṛ̆mai ‘id’    IDs=f_uoolvhtsdbhpu SRC=dedr
  eṛ̆u-patu ‘seventy’    IDs=f_wqzlvokpxbbru SRC=dedr
  ēṛ̆u ‘seven’    IDs=f_zhbsim4rzh3ci SRC=dedr
Malayalam:
  eṛ̆u-patu ‘seventy’    IDs=f_fknfbg6rkjv7o SRC=dedr
  eṛ̆uvar ‘seven persons’    IDs=f_hhwwyxciymqnk SRC=dedr
  eṛ̆unnūṟu ‘700’    IDs=f_tk2n42dc3n4ea SRC=dedr
  ēṛ̆u ‘seven’    IDs=f_tx2yra5woibbe SRC=dedr
Kota:
  e calg ‘seven calg measures’    IDs=f_jeummeu6mrg66 SRC=dedr
  e·y ‘(Sholur dialecte·g) seven’    IDs=f_k5mbrgilyij7e SRC=dedr
  e pa·ṇy ‘seven’    IDs=f_qp7kjnotfyw6a SRC=dedr
  eḷ vat ‘seventy’    IDs=f_vh7zqicjuovgs SRC=dedr
  pa·ṇy ‘measures’    IDs=f_wvshmullgmkt6 SRC=dedr
Toda:
  øv (ø̄) ‘seven, many; öw kwaːx ‘seven kwaːx’, öw poɫoːɫ ọ̈w poːṯüṇy ‘7 priests and 7 tüṇys’, öw xuṣ poɫỵ ‘temple with 7 rooms’, öw noːf pöɫḳ ‘a lamp with 7 tongues (= 7 wicks)’’ num   IDs=f_4su6eukhev3as SRC=bhaskararao-toda2025[p. 159, entry 17];emeneau-toda1984[p. 105];bhaskararao-toda-notes[p. 107]
  ø· kva·x ‘seven’    IDs=f_7543gr5qlbdw2 SRC=dedr
  kvāx ‘(kwaːw when numerated by one to seven, TGT 14) a large measure, measures; a measure of 10 ačoks’ noun   IDs=f_exeqhattqr6iq SRC=bhaskararao-toda2025[p. 90, entry 12];emeneau-toda1984[p. 14];bhaskararao-toda-notes[p. 67]
  pa·v ‘seventeen’    IDs=f_hx4tf3kfvmn36 SRC=dedr
  pāv ‘seventeen’ num   IDs=f_l65bcthjwdue4 SRC=bhaskararao-toda2025[p. 168, entry 11];emeneau-toda1984[p. 105]
  øv ‘seven’    IDs=f_lv2pqyjwjtxka SRC=dedr
  kva·x ‘measures’    IDs=f_m26kvyjslgcgi SRC=dedr
  ø̄ kvāx ‘seven kwaːx measures’ num   IDs=f_vvibsdvx5beui SRC=bhaskararao-toda2025[p. 160, entry 1]
Kannada:
  ēṛ̆u-nūṟu ‘700’    IDs=f_2tnjsci7rzg56 SRC=dedr
  ēṛ̆-pattu ‘seventy’    IDs=f_3k5hpe4xoqsxo SRC=dedr
  eppattu ‘seventy’    IDs=f_bic5tpbrcrzfc SRC=dedr
  ēṛ̆-nūṟu ‘700’    IDs=f_ejlhxraq4nzi4 SRC=dedr
  ēṛ̆u ‘seven’    IDs=f_ga4gc72bb3vos SRC=dedr
  ēṛ̆bar ‘seven persons’    IDs=f_o54ht7jhvsw5s SRC=dedr
  eḷnūṟu ‘700’    IDs=f_uddfzhvd77oxq SRC=dedr
  ēṛ̆varu ‘seven persons’    IDs=f_wgg2cd7frshro SRC=dedr
Kodagu:
  ə·ḷane ‘seventh’    IDs=f_bezpqqi7m2nkw SRC=dedr
  ə·ḷ-ṇu·rɨ ‘700’    IDs=f_ftemi3z22a5eg SRC=dedr
  əvvə ‘seven persons (in songs)’    IDs=f_phpocjaazxrji SRC=dedr
  ə·ḷɨ ‘seven’    IDs=f_pxl2gyqjsf3zs SRC=dedr
  əḷu-vadɨ ‘seventy’    IDs=f_t2efoc65uwwrs SRC=dedr
Tulu:
  ēḷane ‘seventh’    IDs=f_eow4b762v6iyq SRC=dedr
  ēḷɯ ‘seven’    IDs=f_fhj3vrixwpj54 SRC=dedr
  eḷpa ‘seventy’    IDs=f_gmvowudrqbfzw SRC=dedr
  ēḷpa ‘seventy’    IDs=f_mbb34jwxwu74o SRC=dedr
  ēḷverɯ ‘seven persons’    IDs=f_ridwprk5nv6kg SRC=dedr
  erpa ‘seventy’    IDs=f_zfu64zwl2hjea SRC=dedr
Telugu:
  ḍabbʰai ‘seventy’    IDs=f_3odtrftebl5wi SRC=dedr
  ḍebbadi ‘seventy’    IDs=f_iecku5o7g5pjg SRC=dedr
  ḍebbʰai ‘seventy’    IDs=f_oefzdejj4o33e SRC=dedr
  ḍebbaṇḍru ‘seventy persons’    IDs=f_oilw2e6tgl4si SRC=dedr
  ēḍuguru ‘seven persons’    IDs=f_pcbqekije5whq SRC=dedr
  ēḍu ‘seven’    IDs=f_uvwbefljrdew6 SRC=dedr
  ēṇ-nūṟu ‘700’    IDs=f_zvrjmtjpbkkts SRC=dedr
OTelugu:
  ēṛ̆u ‘seven’  7th cent.; inscr., p. 356  IDs=f_srg5hswuz6rro SRC=dedr;Inscr1-Telugu
Gondi:
  yeḍung ‘seven (usually )’ dialect:Gondi:adil:Adilabad SR.  IDs=f_4miv6ukszwdmg SRC=dedr;SR-Gondi
  yēṛung ‘seven (usually )’ dialect:Gondi:betul:Betul Tr. W.  IDs=f_4uyyjfjzbwkja SRC=dedr;Tr-Gondi;W-Gondi
  ēṛvir ‘seven <i> (masc.) (Voc’ dialect:Gondi:yavatmal:Yavatmal Y.  IDs=f_7wi7mlhk4ydfq SRC=dedr
  ēṛur ‘seven <i> (masc.) (Voc’ dialect:Gondi:seoni:Seoni S.  IDs=f_afvortdytujma SRC=dedr
  yēṛung ‘seven (usually )’ dialect:Gondi:mandla:Mandla Tr. W.  IDs=f_d4wvd553og5pg SRC=dedr;Tr-Gondi;W-Gondi
  ēṛvur ‘seven <i> (masc.) (Voc’ dialect:Gondi:maria:Maria Ma.  IDs=f_eowzmasj7fftm SRC=dedr
  ēṛuŋ ‘seven (usually )’ dialect:Gondi:chanda:Chandrapur Y. Ch. Ma.  IDs=f_kgiqzt6tsqqi2 SRC=dedr
  ēṛuŋ ‘seven (usually )’ dialect:Gondi:yavatmal:Yavatmal Y. Ch. Ma.  IDs=f_o3f5rbuwkl3b4 SRC=dedr
  ēṛū̃ ‘seven (usually )’ m dialect:Gondi:seoni:Seoni S.  IDs=f_pv4mtwt6fh45i SRC=dedr
  yēṛk ‘seven each’    IDs=f_qooknd6rxzcgs SRC=dedr
  ērur ‘seven <i> (masc.) (Voc’  Mand.  IDs=f_us4fiw6zeclps SRC=dedr
  ēṛuŋ ‘seven (usually )’ dialect:Gondi:maria:Maria Y. Ch. Ma.  IDs=f_xdkaowxyxgdfi SRC=dedr
Konda:
  ēṛu ‘seven’    IDs=f_aj35cwzgi23kw SRC=dedr
Kui:
  odi pattu ‘seven times twelve dozen (= 1008)’    IDs=f_bcq6xejncga6g SRC=dedr
  oṛi ‘seven’  K.  IDs=f_jhl4nri5zovu4 SRC=dedr;K-Kui
  odgi ‘seven’  Letchmajee  IDs=f_lik3powlbfho2 SRC=dedr
  oḍ ‘seven’  Friend-Pereira; Gūmsar dialect  IDs=f_reygiblrntbzg SRC=dedr
  oḍgi ‘seven things’    IDs=f_tvxka7z7uhnti SRC=dedr
  oṛiŋ gōṛi ‘140 (cf. DBIA 122). DED(S) 772’    IDs=f_xiwgairtrveue SRC=dedr
Kolami:
  eḍgur ‘seven persons’  SR.  IDs=f_4v4yw5phgpxy4 SRC=dedr;SR-Kolami
  ergur ‘seven persons’  SR.  IDs=f_bgoadu7tgbu6o SRC=dedr;SR-Kolami
  eḍ ‘seven’  SR.  IDs=f_lgyap5uwhkwqm SRC=dedr;SR-Kolami
  ēṛ ‘seven’ dialect:Kolami:kinwat:Kinwat Kin.  IDs=f_y34762yac7wxy SRC=dedr
Badaga:
  iyyu nūru ‘seven hundred’ num uncertain alternate   IDs=f_35s5qu3i6sr5s,f_fyhb5utvkn3cw SRC=hockings-pilotraichoor1992[p. 56, col. 1];hockings-pilotraichoor1992[p. 51, col. 1]
  adinēḷāvadu ‘seventeenth (dialectal variations, e.g., adini:la:vadu in Porangana:du dial.)’ num uncertain alternate   IDs=f_3ojeunodu33j6 SRC=hockings-pilotraichoor1992[p. 19, col. 1]
  eḷ avattāvadu ‘seventieth’ num uncertain alternate   IDs=f_4726edgs7qima SRC=hockings-pilotraichoor1992[p. 90, col. 2]
  īu ‘seven’ num uncertain alternate   IDs=f_4aawwy2frox62 SRC=hockings-pilotraichoor1992[p. 59, col. 1]
  iḷu nūru ‘seven hundred’ num uncertain alternate   IDs=f_4hmg3hijywvw6,f_ijappz7igzrf4,f_jbi5mcdfzfyle SRC=hockings-pilotraichoor1992[p. 56, col. 1];hockings-pilotraichoor1992[p. 59, col. 2];hockings-pilotraichoor1992[p. 51, col. 1]
  ippattiyyāvadu ‘twentyseventh’ num uncertain   IDs=f_5no2gmy6qm2s6 SRC=hockings-pilotraichoor1992[p. 54, col. 1]
  -iu ‘seven’ num uncertain   IDs=f_7b276hhmlv27g SRC=hockings-pilotraichoor1992[p. 51, col. 1]
  iyyu nūrv ‘seven hundred’ num uncertain alternate   IDs=f_b46iu7pieitta SRC=hockings-pilotraichoor1992[p. 59, col. 2]
  hadiniḷu ‘seventeen’ num uncertain alternate   IDs=f_bgfdg3w7v4upu SRC=hockings-pilotraichoor1992[p. 571, col. 1]
  iyyāvadu ‘seventh’ num uncertain   IDs=f_cj66s6mkpfn6s SRC=hockings-pilotraichoor1992[p. 55, col. 2]
  ēḷu nūrāvadu ‘seven hundredth (Todana:qd dial.)’ num uncertain   IDs=f_cliwkac66nyqc SRC=hockings-pilotraichoor1992[p. 95, col. 2]
  iyyu ‘seven’ num uncertain alternate   IDs=f_cyoqq7kjh2ty6,f_zj3zcyftkcx4c SRC=hockings-pilotraichoor1992[p. 59, col. 1];hockings-pilotraichoor1992[p. 55, col. 2]
 ... 29 additional unique records
markodi:
  eśu ‘Seven’ dialect:markodi:markodi_pannithadam:Pannithadam   IDs=f_55vnquncugr76 SRC=canvin2025
  eśŭ ‘Seven’ dialect:markodi:markodi_ennappara:Ennappara   IDs=f_66tcf4ryybxg6 SRC=canvin2025
  eśŭ ‘Seven’ dialect:markodi:markodi_vannarkadav:Vannarkadav   IDs=f_qtcwq2clk6tos SRC=canvin2025
