source_id	locality	concept	form	source_value	source_comment	has_explicit_pitch_diacritic	caution
Gupis-Backstrom-1992-210f-2-1	Gupis	head	ṣ̌ɪṣ̌	ṣ̌ɪṣ̌		True	Field transcription, not a uniform phonemic analysis; unmarked pitch is not proven absence of lexical tone
Punial-Backstrom-1992-210f-2-1	Punial	head	ṣ̌ɪṣ̌	ṣ̌ɪṣ̌		True	Field transcription, not a uniform phonemic analysis; unmarked pitch is not proven absence of lexical tone
HunzaNasirabad-Backstrom-1992-210f-2-1	HunzaNasirabad	head	ṣ̌ɪṣ̌	ṣ̌ɪṣ̌		True	Field transcription, not a uniform phonemic analysis; unmarked pitch is not proven absence of lexical tone
NagarThol-Backstrom-1992-210f-2-1	NagarThol	head	ṣ̌ɪ̱ṣ̌	ṣ̌ɪ̱ṣ̌		True	Field transcription, not a uniform phonemic analysis; unmarked pitch is not proven absence of lexical tone
NagarChalt-Backstrom-1992-210f-2-1	NagarChalt	head	ṣ̌ɪṣ̌	ṣ̌ɪṣ̌		True	Field transcription, not a uniform phonemic analysis; unmarked pitch is not proven absence of lexical tone
Gilgit-Backstrom-1992-210f-2-1	Gilgit	head	ṣ̌ɪ̱ṣ̌	ṣ̌ɪ̱ṣ̌		True	Field transcription, not a uniform phonemic analysis; unmarked pitch is not proven absence of lexical tone
Haramosh-Backstrom-1992-210f-2-1	Haramosh	head	ṣ̌ɪṣ̌	ṣ̌ɪṣ̌		True	Field transcription, not a uniform phonemic analysis; unmarked pitch is not proven absence of lexical tone
Bagrot-Backstrom-1992-210f-2-1	Bagrot	head	ṣ̌ɪṣ̌	ṣ̌ɪṣ̌		True	Field transcription, not a uniform phonemic analysis; unmarked pitch is not proven absence of lexical tone
Bunji-Backstrom-1992-210f-2-1	Bunji	head	ṣ̌ɪ̱ṣ̌	ṣ̌ɪ̱ṣ̌		True	Field transcription, not a uniform phonemic analysis; unmarked pitch is not proven absence of lexical tone
Rondu-Backstrom-1992-210f-2-1	Rondu	head	ṣ̌ɪṣ̌	ṣ̌ɪṣ̌		True	Field transcription, not a uniform phonemic analysis; unmarked pitch is not proven absence of lexical tone
Gahorabad-Backstrom-1992-210f-2-1	Gahorabad	head	ṣ̌ɪṣ̌	ṣ̌ɪṣ̌		True	Field transcription, not a uniform phonemic analysis; unmarked pitch is not proven absence of lexical tone
DashkinAstor-Backstrom-1992-210f-2-1	DashkinAstor	head	ṣ̌ɪṣ̌	ṣ̌ɪṣ̌		True	Field transcription, not a uniform phonemic analysis; unmarked pitch is not proven absence of lexical tone
Astor-Backstrom-1992-210f-2-1	Astor	head	ṣ̌ɪṣ̌	ṣ̌ɪṣ̌		True	Field transcription, not a uniform phonemic analysis; unmarked pitch is not proven absence of lexical tone
KachuraJel-Backstrom-1992-210f-2-1	KachuraJel	head	ṣ̌ɪṣ̌	ṣ̌ɪṣ̌		True	Field transcription, not a uniform phonemic analysis; unmarked pitch is not proven absence of lexical tone
Satpara-Backstrom-1992-210f-2-1	Satpara	head	ṣ̌ɪṣ̌	ṣ̌ɪṣ̌		True	Field transcription, not a uniform phonemic analysis; unmarked pitch is not proven absence of lexical tone
Gultari-Backstrom-1992-210f-2-1	Gultari	head	ṣ̌iṣ̌	ṣ̌iṣ̌		True	Field transcription, not a uniform phonemic analysis; unmarked pitch is not proven absence of lexical tone
Kharmang-Backstrom-1992-210f-2-1	Kharmang	head	ṣ̌ɪṣ̌	ṣ̌ɪṣ̌		True	Field transcription, not a uniform phonemic analysis; unmarked pitch is not proven absence of lexical tone
Dras-Backstrom-1992-210f-2-1	Dras	head	ṣ̌iṣ̌	ṣ̌iṣ̌		True	Field transcription, not a uniform phonemic analysis; unmarked pitch is not proven absence of lexical tone
ChilasKhinar-Backstrom-1992-210f-2-1	ChilasKhinar	head	ṣ̌ɪṣ̌	ṣ̌ɪṣ̌		True	Field transcription, not a uniform phonemic analysis; unmarked pitch is not proven absence of lexical tone
ChilasJelil-Backstrom-1992-210f-2-1	ChilasJelil	head	ṣ̌ɪṣ̌	ṣ̌ɪṣ̌		True	Field transcription, not a uniform phonemic analysis; unmarked pitch is not proven absence of lexical tone
Darel-Backstrom-1992-210f-2-1	Darel	head	ṣ̌ɪṣ̌	ṣ̌ɪṣ̌		True	Field transcription, not a uniform phonemic analysis; unmarked pitch is not proven absence of lexical tone
Tangir-Backstrom-1992-210f-2-1	Tangir	head	ṣ̌ɪṣ̌	ṣ̌ɪṣ̌		True	Field transcription, not a uniform phonemic analysis; unmarked pitch is not proven absence of lexical tone
Sazin-Backstrom-1992-210f-2-1	Sazin	head	ṣ̌ɪṣ̌	ṣ̌ɪṣ̌		True	Field transcription, not a uniform phonemic analysis; unmarked pitch is not proven absence of lexical tone
Harban-Backstrom-1992-210f-2-1	Harban	head	ṣ̌ɪṣ̌	ṣ̌ɪṣ̌		True	Field transcription, not a uniform phonemic analysis; unmarked pitch is not proven absence of lexical tone
Jalkot-Backstrom-1992-210f-2-1	Jalkot	head	ṣ̌ɪṣ̌	ṣ̌ɪṣ̌		True	Field transcription, not a uniform phonemic analysis; unmarked pitch is not proven absence of lexical tone
Palas-Backstrom-1992-210f-2-1	Palas	head	šɪš	šɪš		True	Field transcription, not a uniform phonemic analysis; unmarked pitch is not proven absence of lexical tone
Kolai-Backstrom-1992-210f-2-1	Kolai	head	ṣ̌ɪṣ̌	ṣ̌ɪṣ̌		True	Field transcription, not a uniform phonemic analysis; unmarked pitch is not proven absence of lexical tone
Gupis-Backstrom-1992-210f-5-1	Gupis	eye	ɑˈč̣ʰi	ɑˈč̣ʰi		True	Field transcription, not a uniform phonemic analysis; unmarked pitch is not proven absence of lexical tone
Punial-Backstrom-1992-210f-5-1	Punial	eye	ɑˈč̣ʰi	ɑˈč̣ʰi		True	Field transcription, not a uniform phonemic analysis; unmarked pitch is not proven absence of lexical tone
HunzaNasirabad-Backstrom-1992-210f-5-1	HunzaNasirabad	eye	ɑˈč̣ʰi	ɑˈč̣ʰi		True	Field transcription, not a uniform phonemic analysis; unmarked pitch is not proven absence of lexical tone
NagarThol-Backstrom-1992-210f-5-1	NagarThol	eye	ɑˈč̣ʰi	ɑˈč̣ʰi		True	Field transcription, not a uniform phonemic analysis; unmarked pitch is not proven absence of lexical tone
NagarChalt-Backstrom-1992-210f-5-1	NagarChalt	eye	ɑˈč̣ʰi	ɑˈč̣ʰi		True	Field transcription, not a uniform phonemic analysis; unmarked pitch is not proven absence of lexical tone
Gilgit-Backstrom-1992-210f-5-1	Gilgit	eye	ɑˈč̣ʰi̱	ɑˈč̣ʰi̱ / ɑˈṣ̌i		True	Field transcription, not a uniform phonemic analysis; unmarked pitch is not proven absence of lexical tone
Gilgit-Backstrom-1992-210f-5-2	Gilgit	eye	ɑˈṣ̌i	ɑˈč̣ʰi̱ / ɑˈṣ̌i		True	Field transcription, not a uniform phonemic analysis; unmarked pitch is not proven absence of lexical tone
Haramosh-Backstrom-1992-210f-5-1	Haramosh	eye	ɑˈč̣ʰi	ɑˈč̣ʰi		True	Field transcription, not a uniform phonemic analysis; unmarked pitch is not proven absence of lexical tone
Bagrot-Backstrom-1992-210f-5-1	Bagrot	eye	ɑˈč̣ʰi	ɑˈč̣ʰi		True	Field transcription, not a uniform phonemic analysis; unmarked pitch is not proven absence of lexical tone
Bunji-Backstrom-1992-210f-5-1	Bunji	eye	ɑ̱ˈṣ̌i	ɑ̱ˈṣ̌i		True	Field transcription, not a uniform phonemic analysis; unmarked pitch is not proven absence of lexical tone
Rondu-Backstrom-1992-210f-5-1	Rondu	eye	ʌˈč̣i	ʌˈč̣i		True	Field transcription, not a uniform phonemic analysis; unmarked pitch is not proven absence of lexical tone
Gahorabad-Backstrom-1992-210f-5-1	Gahorabad	eye	ʌč̣i	ʌč̣i		True	Field transcription, not a uniform phonemic analysis; unmarked pitch is not proven absence of lexical tone
DashkinAstor-Backstrom-1992-210f-5-1	DashkinAstor	eye	ɑˈč̣ʰi	ɑˈč̣ʰi		True	Field transcription, not a uniform phonemic analysis; unmarked pitch is not proven absence of lexical tone
Astor-Backstrom-1992-210f-5-1	Astor	eye	ɑˈč̣ʰi	ɑˈč̣ʰi		True	Field transcription, not a uniform phonemic analysis; unmarked pitch is not proven absence of lexical tone
KachuraJel-Backstrom-1992-210f-5-1	KachuraJel	eye	ʌˈč̣i	ʌˈč̣i		True	Field transcription, not a uniform phonemic analysis; unmarked pitch is not proven absence of lexical tone
Satpara-Backstrom-1992-210f-5-1	Satpara	eye	ʌˈč̣i	ʌˈč̣i		True	Field transcription, not a uniform phonemic analysis; unmarked pitch is not proven absence of lexical tone
Gultari-Backstrom-1992-210f-5-1	Gultari	eye	ɑˈč̣ʰi	ɑˈč̣ʰi		True	Field transcription, not a uniform phonemic analysis; unmarked pitch is not proven absence of lexical tone
Kharmang-Backstrom-1992-210f-5-1	Kharmang	eye	ɑ̱ˈčʰi	ɑ̱ˈčʰi		True	Field transcription, not a uniform phonemic analysis; unmarked pitch is not proven absence of lexical tone
Dras-Backstrom-1992-210f-5-1	Dras	eye	ɑˈčʰe	ɑˈčʰe		True	Field transcription, not a uniform phonemic analysis; unmarked pitch is not proven absence of lexical tone
ChilasKhinar-Backstrom-1992-210f-5-1	ChilasKhinar	eye	ʌˈč̣i	ʌˈč̣i		True	Field transcription, not a uniform phonemic analysis; unmarked pitch is not proven absence of lexical tone
ChilasJelil-Backstrom-1992-210f-5-1	ChilasJelil	eye	ʌˈṣ̌i	ʌˈṣ̌i		True	Field transcription, not a uniform phonemic analysis; unmarked pitch is not proven absence of lexical tone
Darel-Backstrom-1992-210f-5-1	Darel	eye	ʌˈṣ̌i	ʌˈṣ̌i		True	Field transcription, not a uniform phonemic analysis; unmarked pitch is not proven absence of lexical tone
Tangir-Backstrom-1992-210f-5-1	Tangir	eye	ɑˈč̣ʰi	ɑˈč̣ʰi		True	Field transcription, not a uniform phonemic analysis; unmarked pitch is not proven absence of lexical tone
Sazin-Backstrom-1992-210f-5-1	Sazin	eye	ʌˈč̣ʰi	ʌˈč̣ʰi		True	Field transcription, not a uniform phonemic analysis; unmarked pitch is not proven absence of lexical tone
Harban-Backstrom-1992-210f-5-1	Harban	eye	ʌˈṣ̌i	ʌˈṣ̌i		True	Field transcription, not a uniform phonemic analysis; unmarked pitch is not proven absence of lexical tone
Jalkot-Backstrom-1992-210f-5-1	Jalkot	eye	ɑˈč̣i	ɑˈč̣i		True	Field transcription, not a uniform phonemic analysis; unmarked pitch is not proven absence of lexical tone
Palas-Backstrom-1992-210f-5-1	Palas	eye	ɑč̣i	ɑč̣i		True	Field transcription, not a uniform phonemic analysis; unmarked pitch is not proven absence of lexical tone
Kolai-Backstrom-1992-210f-5-1	Kolai	eye	ɑˈč̣i̱	ɑˈč̣i̱ / ɑˈṣ̌i		True	Field transcription, not a uniform phonemic analysis; unmarked pitch is not proven absence of lexical tone
Kolai-Backstrom-1992-210f-5-2	Kolai	eye	ɑˈṣ̌i	ɑˈč̣i̱ / ɑˈṣ̌i		True	Field transcription, not a uniform phonemic analysis; unmarked pitch is not proven absence of lexical tone
Gupis-Backstrom-1992-210f-6-1	Gupis	ear	koṇ	koṇ		False	Field transcription, not a uniform phonemic analysis; unmarked pitch is not proven absence of lexical tone
Punial-Backstrom-1992-210f-6-1	Punial	ear	koṇ	koṇ		False	Field transcription, not a uniform phonemic analysis; unmarked pitch is not proven absence of lexical tone
HunzaNasirabad-Backstrom-1992-210f-6-1	HunzaNasirabad	ear	ko̱n	ko̱n		False	Field transcription, not a uniform phonemic analysis; unmarked pitch is not proven absence of lexical tone
NagarThol-Backstrom-1992-210f-6-1	NagarThol	ear	ko̱n	ko̱n		False	Field transcription, not a uniform phonemic analysis; unmarked pitch is not proven absence of lexical tone
NagarChalt-Backstrom-1992-210f-6-1	NagarChalt	ear	ko̱n	ko̱n		False	Field transcription, not a uniform phonemic analysis; unmarked pitch is not proven absence of lexical tone
Gilgit-Backstrom-1992-210f-6-1	Gilgit	ear	ko̱n	ko̱n		False	Field transcription, not a uniform phonemic analysis; unmarked pitch is not proven absence of lexical tone
Haramosh-Backstrom-1992-210f-6-1	Haramosh	ear	kʌ̱n	kʌ̱n		False	Field transcription, not a uniform phonemic analysis; unmarked pitch is not proven absence of lexical tone
Bagrot-Backstrom-1992-210f-6-1	Bagrot	ear	kʌn	kʌn		False	Field transcription, not a uniform phonemic analysis; unmarked pitch is not proven absence of lexical tone
Bunji-Backstrom-1992-210f-6-1	Bunji	ear	kʌṇ	kʌṇ		False	Field transcription, not a uniform phonemic analysis; unmarked pitch is not proven absence of lexical tone
Rondu-Backstrom-1992-210f-6-1	Rondu	ear	koṇ	koṇ		False	Field transcription, not a uniform phonemic analysis; unmarked pitch is not proven absence of lexical tone
Gahorabad-Backstrom-1992-210f-6-1	Gahorabad	ear	koṇ	koṇ		False	Field transcription, not a uniform phonemic analysis; unmarked pitch is not proven absence of lexical tone
DashkinAstor-Backstrom-1992-210f-6-1	DashkinAstor	ear	ko̱ṇ	ko̱ṇ		False	Field transcription, not a uniform phonemic analysis; unmarked pitch is not proven absence of lexical tone
Astor-Backstrom-1992-210f-6-1	Astor	ear	ko̱ṇ	ko̱ṇ		False	Field transcription, not a uniform phonemic analysis; unmarked pitch is not proven absence of lexical tone
KachuraJel-Backstrom-1992-210f-6-1	KachuraJel	ear	koṇ	koṇ		False	Field transcription, not a uniform phonemic analysis; unmarked pitch is not proven absence of lexical tone
Satpara-Backstrom-1992-210f-6-1	Satpara	ear	koṇ	koṇ		False	Field transcription, not a uniform phonemic analysis; unmarked pitch is not proven absence of lexical tone
Gultari-Backstrom-1992-210f-6-1	Gultari	ear	koṇ	koṇ		False	Field transcription, not a uniform phonemic analysis; unmarked pitch is not proven absence of lexical tone
Kharmang-Backstrom-1992-210f-6-1	Kharmang	ear	koṇ	koṇ		False	Field transcription, not a uniform phonemic analysis; unmarked pitch is not proven absence of lexical tone
Dras-Backstrom-1992-210f-6-1	Dras	ear	koṇ	koṇ		False	Field transcription, not a uniform phonemic analysis; unmarked pitch is not proven absence of lexical tone
ChilasKhinar-Backstrom-1992-210f-6-1	ChilasKhinar	ear	koṇ	koṇ		False	Field transcription, not a uniform phonemic analysis; unmarked pitch is not proven absence of lexical tone
ChilasJelil-Backstrom-1992-210f-6-1	ChilasJelil	ear	koṇ	koṇ		False	Field transcription, not a uniform phonemic analysis; unmarked pitch is not proven absence of lexical tone
Darel-Backstrom-1992-210f-6-1	Darel	ear	kon	kon		False	Field transcription, not a uniform phonemic analysis; unmarked pitch is not proven absence of lexical tone
Tangir-Backstrom-1992-210f-6-1	Tangir	ear	koṇ	koṇ		False	Field transcription, not a uniform phonemic analysis; unmarked pitch is not proven absence of lexical tone
Sazin-Backstrom-1992-210f-6-1	Sazin	ear	koṇ	koṇ		False	Field transcription, not a uniform phonemic analysis; unmarked pitch is not proven absence of lexical tone
Harban-Backstrom-1992-210f-6-1	Harban	ear	koṇ	koṇ		False	Field transcription, not a uniform phonemic analysis; unmarked pitch is not proven absence of lexical tone
Jalkot-Backstrom-1992-210f-6-1	Jalkot	ear	koṇ	koṇ		False	Field transcription, not a uniform phonemic analysis; unmarked pitch is not proven absence of lexical tone
Palas-Backstrom-1992-210f-6-1	Palas	ear	ko̱ṇ	ko̱ṇ		False	Field transcription, not a uniform phonemic analysis; unmarked pitch is not proven absence of lexical tone
Kolai-Backstrom-1992-210f-6-1	Kolai	ear	koṇ	koṇ		False	Field transcription, not a uniform phonemic analysis; unmarked pitch is not proven absence of lexical tone
Gupis-Backstrom-1992-210f-9-1	Gupis	tooth	do̱n	do̱n		False	Field transcription, not a uniform phonemic analysis; unmarked pitch is not proven absence of lexical tone
Punial-Backstrom-1992-210f-9-1	Punial	tooth	do̱n	do̱n		False	Field transcription, not a uniform phonemic analysis; unmarked pitch is not proven absence of lexical tone
HunzaNasirabad-Backstrom-1992-210f-9-1	HunzaNasirabad	tooth	do̱n	do̱n		False	Field transcription, not a uniform phonemic analysis; unmarked pitch is not proven absence of lexical tone
NagarThol-Backstrom-1992-210f-9-1	NagarThol	tooth	don	don		False	Field transcription, not a uniform phonemic analysis; unmarked pitch is not proven absence of lexical tone
NagarChalt-Backstrom-1992-210f-9-1	NagarChalt	tooth	do̱n	do̱n		False	Field transcription, not a uniform phonemic analysis; unmarked pitch is not proven absence of lexical tone
Gilgit-Backstrom-1992-210f-9-1	Gilgit	tooth	do̱n	do̱n		False	Field transcription, not a uniform phonemic analysis; unmarked pitch is not proven absence of lexical tone
Haramosh-Backstrom-1992-210f-9-1	Haramosh	tooth	don	don		False	Field transcription, not a uniform phonemic analysis; unmarked pitch is not proven absence of lexical tone
Bagrot-Backstrom-1992-210f-9-1	Bagrot	tooth	do̱n	do̱n		False	Field transcription, not a uniform phonemic analysis; unmarked pitch is not proven absence of lexical tone
Bunji-Backstrom-1992-210f-9-1	Bunji	tooth	do̱n	do̱n		False	Field transcription, not a uniform phonemic analysis; unmarked pitch is not proven absence of lexical tone
Rondu-Backstrom-1992-210f-9-1	Rondu	tooth	do̱n	do̱n		False	Field transcription, not a uniform phonemic analysis; unmarked pitch is not proven absence of lexical tone
Gahorabad-Backstrom-1992-210f-9-1	Gahorabad	tooth	dun	dun		False	Field transcription, not a uniform phonemic analysis; unmarked pitch is not proven absence of lexical tone
DashkinAstor-Backstrom-1992-210f-9-1	DashkinAstor	tooth	do̱n	do̱n		False	Field transcription, not a uniform phonemic analysis; unmarked pitch is not proven absence of lexical tone
Astor-Backstrom-1992-210f-9-1	Astor	tooth	do̱n	do̱n		False	Field transcription, not a uniform phonemic analysis; unmarked pitch is not proven absence of lexical tone
KachuraJel-Backstrom-1992-210f-9-1	KachuraJel	tooth	do̱n	do̱n		False	Field transcription, not a uniform phonemic analysis; unmarked pitch is not proven absence of lexical tone
Satpara-Backstrom-1992-210f-9-1	Satpara	tooth	do̱n	do̱n		False	Field transcription, not a uniform phonemic analysis; unmarked pitch is not proven absence of lexical tone
Gultari-Backstrom-1992-210f-9-1	Gultari	tooth	do̱n	do̱n		False	Field transcription, not a uniform phonemic analysis; unmarked pitch is not proven absence of lexical tone
Kharmang-Backstrom-1992-210f-9-1	Kharmang	tooth	don	don		False	Field transcription, not a uniform phonemic analysis; unmarked pitch is not proven absence of lexical tone
Dras-Backstrom-1992-210f-9-1	Dras	tooth	don	don		False	Field transcription, not a uniform phonemic analysis; unmarked pitch is not proven absence of lexical tone
ChilasKhinar-Backstrom-1992-210f-9-1	ChilasKhinar	tooth	do̱n	do̱n		False	Field transcription, not a uniform phonemic analysis; unmarked pitch is not proven absence of lexical tone
ChilasJelil-Backstrom-1992-210f-9-1	ChilasJelil	tooth	do̱n	do̱n		False	Field transcription, not a uniform phonemic analysis; unmarked pitch is not proven absence of lexical tone
Darel-Backstrom-1992-210f-9-1	Darel	tooth	don	don		False	Field transcription, not a uniform phonemic analysis; unmarked pitch is not proven absence of lexical tone
Tangir-Backstrom-1992-210f-9-1	Tangir	tooth	don	don		False	Field transcription, not a uniform phonemic analysis; unmarked pitch is not proven absence of lexical tone
Sazin-Backstrom-1992-210f-9-1	Sazin	tooth	do̱n	do̱n		False	Field transcription, not a uniform phonemic analysis; unmarked pitch is not proven absence of lexical tone
Harban-Backstrom-1992-210f-9-1	Harban	tooth	don	don		False	Field transcription, not a uniform phonemic analysis; unmarked pitch is not proven absence of lexical tone
Jalkot-Backstrom-1992-210f-9-1	Jalkot	tooth	do̱n	do̱n		False	Field transcription, not a uniform phonemic analysis; unmarked pitch is not proven absence of lexical tone
Palas-Backstrom-1992-210f-9-1	Palas	tooth	do̱n	do̱n		False	Field transcription, not a uniform phonemic analysis; unmarked pitch is not proven absence of lexical tone
Kolai-Backstrom-1992-210f-9-1	Kolai	tooth	do̱n	do̱n		False	Field transcription, not a uniform phonemic analysis; unmarked pitch is not proven absence of lexical tone
Gupis-Backstrom-1992-210f-10-1	Gupis	tongue	ǰip	ǰip		True	Field transcription, not a uniform phonemic analysis; unmarked pitch is not proven absence of lexical tone
Punial-Backstrom-1992-210f-10-1	Punial	tongue	ǰɪ̱p	ǰɪ̱p		True	Field transcription, not a uniform phonemic analysis; unmarked pitch is not proven absence of lexical tone
HunzaNasirabad-Backstrom-1992-210f-10-1	HunzaNasirabad	tongue	ǰɪp	ǰɪp		True	Field transcription, not a uniform phonemic analysis; unmarked pitch is not proven absence of lexical tone
NagarThol-Backstrom-1992-210f-10-1	NagarThol	tongue	ǰi̱b	ǰi̱b		True	Field transcription, not a uniform phonemic analysis; unmarked pitch is not proven absence of lexical tone
NagarChalt-Backstrom-1992-210f-10-1	NagarChalt	tongue	ǰɪp	ǰɪp		True	Field transcription, not a uniform phonemic analysis; unmarked pitch is not proven absence of lexical tone
Gilgit-Backstrom-1992-210f-10-1	Gilgit	tongue	ǰi̱p	ǰi̱p		True	Field transcription, not a uniform phonemic analysis; unmarked pitch is not proven absence of lexical tone
Haramosh-Backstrom-1992-210f-10-1	Haramosh	tongue	ǰɪp	ǰɪp		True	Field transcription, not a uniform phonemic analysis; unmarked pitch is not proven absence of lexical tone
Bagrot-Backstrom-1992-210f-10-1	Bagrot	tongue	ǰɪp	ǰɪp		True	Field transcription, not a uniform phonemic analysis; unmarked pitch is not proven absence of lexical tone
Bunji-Backstrom-1992-210f-10-1	Bunji	tongue	ǰi̱p	ǰi̱p		True	Field transcription, not a uniform phonemic analysis; unmarked pitch is not proven absence of lexical tone
Rondu-Backstrom-1992-210f-10-1	Rondu	tongue	ǰi̱p	ǰi̱p		True	Field transcription, not a uniform phonemic analysis; unmarked pitch is not proven absence of lexical tone
Gahorabad-Backstrom-1992-210f-10-1	Gahorabad	tongue	ǰɪp	ǰɪp		True	Field transcription, not a uniform phonemic analysis; unmarked pitch is not proven absence of lexical tone
DashkinAstor-Backstrom-1992-210f-10-1	DashkinAstor	tongue	ǰɪ̱p	ǰɪ̱p		True	Field transcription, not a uniform phonemic analysis; unmarked pitch is not proven absence of lexical tone
Astor-Backstrom-1992-210f-10-1	Astor	tongue	ǰɪ̱p	ǰɪ̱p		True	Field transcription, not a uniform phonemic analysis; unmarked pitch is not proven absence of lexical tone
KachuraJel-Backstrom-1992-210f-10-1	KachuraJel	tongue	ǰ̣ɪp	ǰ̣ɪp		True	Field transcription, not a uniform phonemic analysis; unmarked pitch is not proven absence of lexical tone
Satpara-Backstrom-1992-210f-10-1	Satpara	tongue	žɪp	žɪp		True	Field transcription, not a uniform phonemic analysis; unmarked pitch is not proven absence of lexical tone
Gultari-Backstrom-1992-210f-10-1	Gultari	tongue	ǰi̱p	ǰi̱p		True	Field transcription, not a uniform phonemic analysis; unmarked pitch is not proven absence of lexical tone
Kharmang-Backstrom-1992-210f-10-1	Kharmang	tongue	ǰi̱p	ǰi̱p / ži̱p		True	Field transcription, not a uniform phonemic analysis; unmarked pitch is not proven absence of lexical tone
Kharmang-Backstrom-1992-210f-10-2	Kharmang	tongue	ži̱p	ǰi̱p / ži̱p		True	Field transcription, not a uniform phonemic analysis; unmarked pitch is not proven absence of lexical tone
Dras-Backstrom-1992-210f-10-1	Dras	tongue	ǰi̱p	ǰi̱p		True	Field transcription, not a uniform phonemic analysis; unmarked pitch is not proven absence of lexical tone
ChilasKhinar-Backstrom-1992-210f-10-1	ChilasKhinar	tongue	ǰɪp	ǰɪp		True	Field transcription, not a uniform phonemic analysis; unmarked pitch is not proven absence of lexical tone
ChilasJelil-Backstrom-1992-210f-10-1	ChilasJelil	tongue	ǰɪp	ǰɪp		True	Field transcription, not a uniform phonemic analysis; unmarked pitch is not proven absence of lexical tone
Darel-Backstrom-1992-210f-10-1	Darel	tongue	ǰip	ǰip		True	Field transcription, not a uniform phonemic analysis; unmarked pitch is not proven absence of lexical tone
Tangir-Backstrom-1992-210f-10-1	Tangir	tongue	ǰip	ǰip		True	Field transcription, not a uniform phonemic analysis; unmarked pitch is not proven absence of lexical tone
Sazin-Backstrom-1992-210f-10-1	Sazin	tongue	ǰip	ǰip		True	Field transcription, not a uniform phonemic analysis; unmarked pitch is not proven absence of lexical tone
Harban-Backstrom-1992-210f-10-1	Harban	tongue	ǰip	ǰip		True	Field transcription, not a uniform phonemic analysis; unmarked pitch is not proven absence of lexical tone
Jalkot-Backstrom-1992-210f-10-1	Jalkot	tongue	ǰɪp	ǰɪp		True	Field transcription, not a uniform phonemic analysis; unmarked pitch is not proven absence of lexical tone
Palas-Backstrom-1992-210f-10-1	Palas	tongue	žɪp	žɪp / ǰɪp		True	Field transcription, not a uniform phonemic analysis; unmarked pitch is not proven absence of lexical tone
Palas-Backstrom-1992-210f-10-2	Palas	tongue	ǰɪp	žɪp / ǰɪp		True	Field transcription, not a uniform phonemic analysis; unmarked pitch is not proven absence of lexical tone
Kolai-Backstrom-1992-210f-10-1	Kolai	tongue	ǰip	ǰip		True	Field transcription, not a uniform phonemic analysis; unmarked pitch is not proven absence of lexical tone
Gupis-Backstrom-1992-210f-26-1	Gupis	house	gòóṭ	gòóṭ		True	Field transcription, not a uniform phonemic analysis; unmarked pitch is not proven absence of lexical tone
Punial-Backstrom-1992-210f-26-1	Punial	house	gòóṭ	gòóṭ		True	Field transcription, not a uniform phonemic analysis; unmarked pitch is not proven absence of lexical tone
HunzaNasirabad-Backstrom-1992-210f-26-1	HunzaNasirabad	house	gòóṭ	gòóṭ		True	Field transcription, not a uniform phonemic analysis; unmarked pitch is not proven absence of lexical tone
NagarThol-Backstrom-1992-210f-26-1	NagarThol	house	gòóṭ	gòóṭ		True	Field transcription, not a uniform phonemic analysis; unmarked pitch is not proven absence of lexical tone
NagarChalt-Backstrom-1992-210f-26-1	NagarChalt	house	gòóṭ	gòóṭ		True	Field transcription, not a uniform phonemic analysis; unmarked pitch is not proven absence of lexical tone
Gilgit-Backstrom-1992-210f-26-1	Gilgit	house	gòóṭ	gòóṭ		True	Field transcription, not a uniform phonemic analysis; unmarked pitch is not proven absence of lexical tone
Haramosh-Backstrom-1992-210f-26-1	Haramosh	house	gòóṭ	gòóṭ		True	Field transcription, not a uniform phonemic analysis; unmarked pitch is not proven absence of lexical tone
Bagrot-Backstrom-1992-210f-26-1	Bagrot	house	gòóṭ	gòóṭ		True	Field transcription, not a uniform phonemic analysis; unmarked pitch is not proven absence of lexical tone
Bunji-Backstrom-1992-210f-26-1	Bunji	house	gòóṭ	gòóṭ		True	Field transcription, not a uniform phonemic analysis; unmarked pitch is not proven absence of lexical tone
Rondu-Backstrom-1992-210f-26-1	Rondu	house	goṭ	goṭ		False	Field transcription, not a uniform phonemic analysis; unmarked pitch is not proven absence of lexical tone
Gahorabad-Backstrom-1992-210f-26-1	Gahorabad	house	gòóṭ	gòóṭ		True	Field transcription, not a uniform phonemic analysis; unmarked pitch is not proven absence of lexical tone
DashkinAstor-Backstrom-1992-210f-26-1	DashkinAstor	house	gooṣ̌	gooṣ̌		True	Field transcription, not a uniform phonemic analysis; unmarked pitch is not proven absence of lexical tone
Astor-Backstrom-1992-210f-26-1	Astor	house	gooṣ̌	gooṣ̌		True	Field transcription, not a uniform phonemic analysis; unmarked pitch is not proven absence of lexical tone
KachuraJel-Backstrom-1992-210f-26-1	KachuraJel	house	gòóṭ	gòóṭ / goṣ̌		True	Field transcription, not a uniform phonemic analysis; unmarked pitch is not proven absence of lexical tone
KachuraJel-Backstrom-1992-210f-26-2	KachuraJel	house	goṣ̌	gòóṭ / goṣ̌		True	Field transcription, not a uniform phonemic analysis; unmarked pitch is not proven absence of lexical tone
Satpara-Backstrom-1992-210f-26-1	Satpara	house	goṣ̌	goṣ̌		True	Field transcription, not a uniform phonemic analysis; unmarked pitch is not proven absence of lexical tone
Gultari-Backstrom-1992-210f-26-1	Gultari	house	gooṣ̌	gooṣ̌		True	Field transcription, not a uniform phonemic analysis; unmarked pitch is not proven absence of lexical tone
Kharmang-Backstrom-1992-210f-26-1	Kharmang	house	goṣ̌	goṣ̌		True	Field transcription, not a uniform phonemic analysis; unmarked pitch is not proven absence of lexical tone
Dras-Backstrom-1992-210f-26-1	Dras	house	goṣ̌	goṣ̌		True	Field transcription, not a uniform phonemic analysis; unmarked pitch is not proven absence of lexical tone
ChilasKhinar-Backstrom-1992-210f-26-1	ChilasKhinar	house	goṣ̌	goṣ̌		True	Field transcription, not a uniform phonemic analysis; unmarked pitch is not proven absence of lexical tone
ChilasJelil-Backstrom-1992-210f-26-1	ChilasJelil	house	goṣ̌	goṣ̌		True	Field transcription, not a uniform phonemic analysis; unmarked pitch is not proven absence of lexical tone
Darel-Backstrom-1992-210f-26-1	Darel	house	gooṣ̌	gooṣ̌		True	Field transcription, not a uniform phonemic analysis; unmarked pitch is not proven absence of lexical tone
Tangir-Backstrom-1992-210f-26-1	Tangir	house	gooṣ̌	gooṣ̌		True	Field transcription, not a uniform phonemic analysis; unmarked pitch is not proven absence of lexical tone
Sazin-Backstrom-1992-210f-26-1	Sazin	house	gooṣ̌	gooṣ̌		True	Field transcription, not a uniform phonemic analysis; unmarked pitch is not proven absence of lexical tone
Harban-Backstrom-1992-210f-26-1	Harban	house	goṣ̌	goṣ̌		True	Field transcription, not a uniform phonemic analysis; unmarked pitch is not proven absence of lexical tone
Jalkot-Backstrom-1992-210f-26-1	Jalkot	house	gooṣ̌	gooṣ̌		True	Field transcription, not a uniform phonemic analysis; unmarked pitch is not proven absence of lexical tone
Palas-Backstrom-1992-210f-26-1	Palas	house	gooṣ̌	gooṣ̌		True	Field transcription, not a uniform phonemic analysis; unmarked pitch is not proven absence of lexical tone
Kolai-Backstrom-1992-210f-26-1	Kolai	house	gooṣ̌	gooṣ̌		True	Field transcription, not a uniform phonemic analysis; unmarked pitch is not proven absence of lexical tone
Gupis-Backstrom-1992-210f-29-1	Gupis	firewood	ˈkɑɑṭo	ˈkɑɑṭo		False	Field transcription, not a uniform phonemic analysis; unmarked pitch is not proven absence of lexical tone
Punial-Backstrom-1992-210f-29-1	Punial	firewood	ǰu̱k	ǰu̱k		True	Field transcription, not a uniform phonemic analysis; unmarked pitch is not proven absence of lexical tone
HunzaNasirabad-Backstrom-1992-210f-29-1	HunzaNasirabad	firewood	ǰu̱k	ǰu̱k		True	Field transcription, not a uniform phonemic analysis; unmarked pitch is not proven absence of lexical tone
NagarThol-Backstrom-1992-210f-29-1	NagarThol	firewood	ˈčùuni̱	ˈčùuni̱		True	Field transcription, not a uniform phonemic analysis; unmarked pitch is not proven absence of lexical tone
NagarChalt-Backstrom-1992-210f-29-1	NagarChalt	firewood	ǰu̱k	ǰu̱k / ˈčùuni		True	Field transcription, not a uniform phonemic analysis; unmarked pitch is not proven absence of lexical tone
NagarChalt-Backstrom-1992-210f-29-2	NagarChalt	firewood	ˈčùuni	ǰu̱k / ˈčùuni		True	Field transcription, not a uniform phonemic analysis; unmarked pitch is not proven absence of lexical tone
Gilgit-Backstrom-1992-210f-29-1	Gilgit	firewood	ǰu̱k	ǰu̱k		True	Field transcription, not a uniform phonemic analysis; unmarked pitch is not proven absence of lexical tone
Haramosh-Backstrom-1992-210f-29-1	Haramosh	firewood	ǰu̱k	ǰu̱k		True	Field transcription, not a uniform phonemic analysis; unmarked pitch is not proven absence of lexical tone
Bagrot-Backstrom-1992-210f-29-1	Bagrot	firewood	ǰu̱k	ǰu̱k		True	Field transcription, not a uniform phonemic analysis; unmarked pitch is not proven absence of lexical tone
Bunji-Backstrom-1992-210f-29-1	Bunji	firewood	ǰu̱k	ǰu̱k		True	Field transcription, not a uniform phonemic analysis; unmarked pitch is not proven absence of lexical tone
Rondu-Backstrom-1992-210f-29-1	Rondu	firewood	ǰʊk	ǰʊk		True	Field transcription, not a uniform phonemic analysis; unmarked pitch is not proven absence of lexical tone
Gahorabad-Backstrom-1992-210f-29-1	Gahorabad	firewood	ǰuk	ǰuk		True	Field transcription, not a uniform phonemic analysis; unmarked pitch is not proven absence of lexical tone
DashkinAstor-Backstrom-1992-210f-29-1	DashkinAstor	firewood	ˈkɑ̀ɑṭo̱	ˈkɑ̀ɑṭo̱		True	Field transcription, not a uniform phonemic analysis; unmarked pitch is not proven absence of lexical tone
Astor-Backstrom-1992-210f-29-1	Astor	firewood	ˈkɑ̀ɑṭo̱	ˈkɑ̀ɑṭo̱		True	Field transcription, not a uniform phonemic analysis; unmarked pitch is not proven absence of lexical tone
KachuraJel-Backstrom-1992-210f-29-1	KachuraJel	firewood	ǰ̣uk	ǰ̣uk / ˈkɑ̀ɑṭo		True	Field transcription, not a uniform phonemic analysis; unmarked pitch is not proven absence of lexical tone
KachuraJel-Backstrom-1992-210f-29-2	KachuraJel	firewood	ˈkɑ̀ɑṭo	ǰ̣uk / ˈkɑ̀ɑṭo		True	Field transcription, not a uniform phonemic analysis; unmarked pitch is not proven absence of lexical tone
Satpara-Backstrom-1992-210f-29-1	Satpara	firewood	ˈkɑ̀ɑṭo	ˈkɑ̀ɑṭo		True	Field transcription, not a uniform phonemic analysis; unmarked pitch is not proven absence of lexical tone
Gultari-Backstrom-1992-210f-29-1	Gultari	firewood	ˈkɑ̀ɑṭo̱	ˈkɑ̀ɑṭo̱		True	Field transcription, not a uniform phonemic analysis; unmarked pitch is not proven absence of lexical tone
Kharmang-Backstrom-1992-210f-29-1	Kharmang	firewood	ˈfuǰʌn ˈkɑɑṛo	ˈfuǰʌn ˈkɑɑṛo		True	Field transcription, not a uniform phonemic analysis; unmarked pitch is not proven absence of lexical tone
Dras-Backstrom-1992-210f-29-1	Dras	firewood	ˈkɑṭo	ˈkɑṭo		False	Field transcription, not a uniform phonemic analysis; unmarked pitch is not proven absence of lexical tone
ChilasKhinar-Backstrom-1992-210f-29-1	ChilasKhinar	firewood	ˈkɑṭo̥	ˈkɑṭo̥		False	Field transcription, not a uniform phonemic analysis; unmarked pitch is not proven absence of lexical tone
ChilasJelil-Backstrom-1992-210f-29-1	ChilasJelil	firewood	ˈkɑ̀ɑṭo	ˈkɑ̀ɑṭo		True	Field transcription, not a uniform phonemic analysis; unmarked pitch is not proven absence of lexical tone
Darel-Backstrom-1992-210f-29-1	Darel	firewood	ˈkɑ̀ɑṭo	ˈkɑ̀ɑṭo		True	Field transcription, not a uniform phonemic analysis; unmarked pitch is not proven absence of lexical tone
Tangir-Backstrom-1992-210f-29-1	Tangir	firewood	ˈkɑ̀ɑṭo	ˈkɑ̀ɑṭo		True	Field transcription, not a uniform phonemic analysis; unmarked pitch is not proven absence of lexical tone
Sazin-Backstrom-1992-210f-29-1	Sazin	firewood	ˈkɑɑṭo	ˈkɑɑṭo		False	Field transcription, not a uniform phonemic analysis; unmarked pitch is not proven absence of lexical tone
Harban-Backstrom-1992-210f-29-1	Harban	firewood	ˈkɑɑṭɛ	ˈkɑɑṭɛ		False	Field transcription, not a uniform phonemic analysis; unmarked pitch is not proven absence of lexical tone
Jalkot-Backstrom-1992-210f-29-1	Jalkot	firewood	kɑɑṭʰ	kɑɑṭʰ / kɑṛṭ		False	Field transcription, not a uniform phonemic analysis; unmarked pitch is not proven absence of lexical tone
Jalkot-Backstrom-1992-210f-29-2	Jalkot	firewood	kɑṛṭ	kɑɑṭʰ / kɑṛṭ		False	Field transcription, not a uniform phonemic analysis; unmarked pitch is not proven absence of lexical tone
Palas-Backstrom-1992-210f-29-1	Palas	firewood	kɑɑṭo̱	kɑɑṭo̱ / kɑṛṭ		False	Field transcription, not a uniform phonemic analysis; unmarked pitch is not proven absence of lexical tone
Palas-Backstrom-1992-210f-29-2	Palas	firewood	kɑṛṭ	kɑɑṭo̱ / kɑṛṭ		False	Field transcription, not a uniform phonemic analysis; unmarked pitch is not proven absence of lexical tone
Kolai-Backstrom-1992-210f-29-1	Kolai	firewood	kɑṭʰ	kɑṭʰ		False	Field transcription, not a uniform phonemic analysis; unmarked pitch is not proven absence of lexical tone
Gupis-Backstrom-1992-210f-30-1	Gupis	broom	mɑˈǰini	mɑˈǰini		True	Field transcription, not a uniform phonemic analysis; unmarked pitch is not proven absence of lexical tone
Punial-Backstrom-1992-210f-30-1	Punial	broom	lɑˈeš	lɑˈeš		True	Field transcription, not a uniform phonemic analysis; unmarked pitch is not proven absence of lexical tone
HunzaNasirabad-Backstrom-1992-210f-30-1	HunzaNasirabad	broom	lʌˈši	lʌˈši		True	Field transcription, not a uniform phonemic analysis; unmarked pitch is not proven absence of lexical tone
NagarThol-Backstrom-1992-210f-30-1	NagarThol	broom	ˈlɛɛ́ši	ˈlɛɛ́ši		True	Field transcription, not a uniform phonemic analysis; unmarked pitch is not proven absence of lexical tone
NagarChalt-Backstrom-1992-210f-30-1	NagarChalt	broom	lɑˈeši̱	lɑˈeši̱		True	Field transcription, not a uniform phonemic analysis; unmarked pitch is not proven absence of lexical tone
Gilgit-Backstrom-1992-210f-30-1	Gilgit	broom	leéši	leéši		True	Field transcription, not a uniform phonemic analysis; unmarked pitch is not proven absence of lexical tone
Haramosh-Backstrom-1992-210f-30-1	Haramosh	broom	ˈleéši	ˈleéši		True	Field transcription, not a uniform phonemic analysis; unmarked pitch is not proven absence of lexical tone
Bagrot-Backstrom-1992-210f-30-1	Bagrot	broom	lʌˈši̱	lʌˈši̱		True	Field transcription, not a uniform phonemic analysis; unmarked pitch is not proven absence of lexical tone
Bunji-Backstrom-1992-210f-30-1	Bunji	broom	lʌˈši	lʌˈši		True	Field transcription, not a uniform phonemic analysis; unmarked pitch is not proven absence of lexical tone
Rondu-Backstrom-1992-210f-30-1	Rondu	broom	ˈloóši̱	ˈloóši̱		True	Field transcription, not a uniform phonemic analysis; unmarked pitch is not proven absence of lexical tone
Gahorabad-Backstrom-1992-210f-30-1	Gahorabad	broom	ˈlɑɑ́ši	ˈlɑɑ́ši		True	Field transcription, not a uniform phonemic analysis; unmarked pitch is not proven absence of lexical tone
DashkinAstor-Backstrom-1992-210f-30-1	DashkinAstor	broom	ˈloóši̥	ˈloóši̥		True	Field transcription, not a uniform phonemic analysis; unmarked pitch is not proven absence of lexical tone
Astor-Backstrom-1992-210f-30-1	Astor	broom	ˈloóši̱	ˈloóši̱		True	Field transcription, not a uniform phonemic analysis; unmarked pitch is not proven absence of lexical tone
KachuraJel-Backstrom-1992-210f-30-1	KachuraJel	broom	ˈloóši	ˈloóši		True	Field transcription, not a uniform phonemic analysis; unmarked pitch is not proven absence of lexical tone
Satpara-Backstrom-1992-210f-30-1	Satpara	broom	ˈloóši	ˈloóši		True	Field transcription, not a uniform phonemic analysis; unmarked pitch is not proven absence of lexical tone
Gultari-Backstrom-1992-210f-30-1	Gultari	broom	ˈloóši̱	ˈloóši̱		True	Field transcription, not a uniform phonemic analysis; unmarked pitch is not proven absence of lexical tone
Kharmang-Backstrom-1992-210f-30-1	Kharmang	broom	ˈloóši	ˈloóši		True	Field transcription, not a uniform phonemic analysis; unmarked pitch is not proven absence of lexical tone
ChilasKhinar-Backstrom-1992-210f-30-1	ChilasKhinar	broom	ˈlosi̥	ˈlosi̥		False	Field transcription, not a uniform phonemic analysis; unmarked pitch is not proven absence of lexical tone
ChilasJelil-Backstrom-1992-210f-30-1	ChilasJelil	broom	ˈloóši̱	ˈloóši̱		True	Field transcription, not a uniform phonemic analysis; unmarked pitch is not proven absence of lexical tone
Darel-Backstrom-1992-210f-30-1	Darel	broom	ˈlɑɑši	ˈlɑɑši		True	Field transcription, not a uniform phonemic analysis; unmarked pitch is not proven absence of lexical tone
Tangir-Backstrom-1992-210f-30-1	Tangir	broom	lʌˈhɑši	lʌˈhɑši		True	Field transcription, not a uniform phonemic analysis; unmarked pitch is not proven absence of lexical tone
Sazin-Backstrom-1992-210f-30-1	Sazin	broom	loˈɑši̥	loˈɑši̥		True	Field transcription, not a uniform phonemic analysis; unmarked pitch is not proven absence of lexical tone
Harban-Backstrom-1992-210f-30-1	Harban	broom	ˈlɑši	ˈlɑši		True	Field transcription, not a uniform phonemic analysis; unmarked pitch is not proven absence of lexical tone
Jalkot-Backstrom-1992-210f-30-1	Jalkot	broom	luˈhɑši̱	luˈhɑši̱ / luˈɑši̱		True	Field transcription, not a uniform phonemic analysis; unmarked pitch is not proven absence of lexical tone
Jalkot-Backstrom-1992-210f-30-2	Jalkot	broom	luˈɑši̱	luˈhɑši̱ / luˈɑši̱		True	Field transcription, not a uniform phonemic analysis; unmarked pitch is not proven absence of lexical tone
Palas-Backstrom-1992-210f-30-1	Palas	broom	loˈhɑš	loˈhɑš / loˈɑš		True	Field transcription, not a uniform phonemic analysis; unmarked pitch is not proven absence of lexical tone
Palas-Backstrom-1992-210f-30-2	Palas	broom	loˈɑš	loˈhɑš / loˈɑš		True	Field transcription, not a uniform phonemic analysis; unmarked pitch is not proven absence of lexical tone
Kolai-Backstrom-1992-210f-30-1	Kolai	broom	lᶺhoš	lᶺhoš		True	Field transcription, not a uniform phonemic analysis; unmarked pitch is not proven absence of lexical tone
Gupis-Backstrom-1992-210f-44-1	Gupis	star	ˈtɑ̀ɑro	ˈtɑ̀ɑro		True	Field transcription, not a uniform phonemic analysis; unmarked pitch is not proven absence of lexical tone
Punial-Backstrom-1992-210f-44-1	Punial	star	ˈtɑ̀ɑro	ˈtɑ̀ɑro		True	Field transcription, not a uniform phonemic analysis; unmarked pitch is not proven absence of lexical tone
HunzaNasirabad-Backstrom-1992-210f-44-1	HunzaNasirabad	star	ˈtɑ̀ɑro̱	ˈtɑ̀ɑro̱		True	Field transcription, not a uniform phonemic analysis; unmarked pitch is not proven absence of lexical tone
NagarThol-Backstrom-1992-210f-44-1	NagarThol	star	ˈtɑ̀ɑro	ˈtɑ̀ɑro		True	Field transcription, not a uniform phonemic analysis; unmarked pitch is not proven absence of lexical tone
NagarChalt-Backstrom-1992-210f-44-1	NagarChalt	star	ˈtɑ̀ɑro	ˈtɑ̀ɑro		True	Field transcription, not a uniform phonemic analysis; unmarked pitch is not proven absence of lexical tone
Gilgit-Backstrom-1992-210f-44-1	Gilgit	star	ˈtɑ̀ɑro	ˈtɑ̀ɑro		True	Field transcription, not a uniform phonemic analysis; unmarked pitch is not proven absence of lexical tone
Haramosh-Backstrom-1992-210f-44-1	Haramosh	star	ˈtɑ̀ɑro̱	ˈtɑ̀ɑro̱		True	Field transcription, not a uniform phonemic analysis; unmarked pitch is not proven absence of lexical tone
Bagrot-Backstrom-1992-210f-44-1	Bagrot	star	ˈtɑ̀ɑr̃o̱	ˈtɑ̀ɑr̃o̱		True	Field transcription, not a uniform phonemic analysis; unmarked pitch is not proven absence of lexical tone
Bunji-Backstrom-1992-210f-44-1	Bunji	star	ˈtɑ̀ɑr̃o̱	ˈtɑ̀ɑr̃o̱		True	Field transcription, not a uniform phonemic analysis; unmarked pitch is not proven absence of lexical tone
Rondu-Backstrom-1992-210f-44-1	Rondu	star	ˈtɑro	ˈtɑro		False	Field transcription, not a uniform phonemic analysis; unmarked pitch is not proven absence of lexical tone
Gahorabad-Backstrom-1992-210f-44-1	Gahorabad	star	ˈtɑr̃o	ˈtɑr̃o		False	Field transcription, not a uniform phonemic analysis; unmarked pitch is not proven absence of lexical tone
DashkinAstor-Backstrom-1992-210f-44-1	DashkinAstor	star	ˈtɑro	ˈtɑro		False	Field transcription, not a uniform phonemic analysis; unmarked pitch is not proven absence of lexical tone
Astor-Backstrom-1992-210f-44-1	Astor	star	ˈtɑro	ˈtɑro		False	Field transcription, not a uniform phonemic analysis; unmarked pitch is not proven absence of lexical tone
KachuraJel-Backstrom-1992-210f-44-1	KachuraJel	star	ˈtɑr̃o	ˈtɑr̃o		False	Field transcription, not a uniform phonemic analysis; unmarked pitch is not proven absence of lexical tone
Satpara-Backstrom-1992-210f-44-1	Satpara	star	ˈtɑr̃o	ˈtɑr̃o		False	Field transcription, not a uniform phonemic analysis; unmarked pitch is not proven absence of lexical tone
Gultari-Backstrom-1992-210f-44-1	Gultari	star	ˈtɑro	ˈtɑro		False	Field transcription, not a uniform phonemic analysis; unmarked pitch is not proven absence of lexical tone
Kharmang-Backstrom-1992-210f-44-1	Kharmang	star	ˈtɑro	ˈtɑro		False	Field transcription, not a uniform phonemic analysis; unmarked pitch is not proven absence of lexical tone
Dras-Backstrom-1992-210f-44-1	Dras	star	ˈtɑro	ˈtɑro		False	Field transcription, not a uniform phonemic analysis; unmarked pitch is not proven absence of lexical tone
ChilasKhinar-Backstrom-1992-210f-44-1	ChilasKhinar	star	ˈtɑr̃o	ˈtɑr̃o		False	Field transcription, not a uniform phonemic analysis; unmarked pitch is not proven absence of lexical tone
ChilasJelil-Backstrom-1992-210f-44-1	ChilasJelil	star	ˈtɑr̃o	ˈtɑr̃o		False	Field transcription, not a uniform phonemic analysis; unmarked pitch is not proven absence of lexical tone
Darel-Backstrom-1992-210f-44-1	Darel	star	ˈtɑɑrɑ	ˈtɑɑrɑ		False	Field transcription, not a uniform phonemic analysis; unmarked pitch is not proven absence of lexical tone
Tangir-Backstrom-1992-210f-44-1	Tangir	star	ˈtɑro	ˈtɑro		False	Field transcription, not a uniform phonemic analysis; unmarked pitch is not proven absence of lexical tone
Sazin-Backstrom-1992-210f-44-1	Sazin	star	ˈtɑro	ˈtɑro		False	Field transcription, not a uniform phonemic analysis; unmarked pitch is not proven absence of lexical tone
Harban-Backstrom-1992-210f-44-1	Harban	star	ˈtɑ̀ɑro	ˈtɑ̀ɑro		True	Field transcription, not a uniform phonemic analysis; unmarked pitch is not proven absence of lexical tone
Jalkot-Backstrom-1992-210f-44-1	Jalkot	star	ˈtɑ̀ɑro̱	ˈtɑ̀ɑro̱		True	Field transcription, not a uniform phonemic analysis; unmarked pitch is not proven absence of lexical tone
Palas-Backstrom-1992-210f-44-1	Palas	star	ˈtɑ̀ɑro̱	ˈtɑ̀ɑro̱		True	Field transcription, not a uniform phonemic analysis; unmarked pitch is not proven absence of lexical tone
Kolai-Backstrom-1992-210f-44-1	Kolai	star	ˈtɑ̀ɑro̱	ˈtɑ̀ɑro̱		True	Field transcription, not a uniform phonemic analysis; unmarked pitch is not proven absence of lexical tone
Gupis-Backstrom-1992-210f-52-1	Gupis	stone	bʌ̱ṭʰ	bʌ̱ṭʰ		False	Field transcription, not a uniform phonemic analysis; unmarked pitch is not proven absence of lexical tone
Punial-Backstrom-1992-210f-52-1	Punial	stone	bʌ̱ṭʰ	bʌ̱ṭʰ		False	Field transcription, not a uniform phonemic analysis; unmarked pitch is not proven absence of lexical tone
HunzaNasirabad-Backstrom-1992-210f-52-1	HunzaNasirabad	stone	bʌṭʰ	bʌṭʰ		False	Field transcription, not a uniform phonemic analysis; unmarked pitch is not proven absence of lexical tone
NagarThol-Backstrom-1992-210f-52-1	NagarThol	stone	bʌṭʰ	bʌṭʰ		False	Field transcription, not a uniform phonemic analysis; unmarked pitch is not proven absence of lexical tone
NagarChalt-Backstrom-1992-210f-52-1	NagarChalt	stone	bʌṭʰ	bʌṭʰ		False	Field transcription, not a uniform phonemic analysis; unmarked pitch is not proven absence of lexical tone
Gilgit-Backstrom-1992-210f-52-1	Gilgit	stone	bʌ̱ṭʰ	bʌ̱ṭʰ		False	Field transcription, not a uniform phonemic analysis; unmarked pitch is not proven absence of lexical tone
Haramosh-Backstrom-1992-210f-52-1	Haramosh	stone	bʌṭʰ	bʌṭʰ		False	Field transcription, not a uniform phonemic analysis; unmarked pitch is not proven absence of lexical tone
Bagrot-Backstrom-1992-210f-52-1	Bagrot	stone	bʌṭʰ	bʌṭʰ		False	Field transcription, not a uniform phonemic analysis; unmarked pitch is not proven absence of lexical tone
Bunji-Backstrom-1992-210f-52-1	Bunji	stone	bʌ̱ṭ	bʌ̱ṭ		False	Field transcription, not a uniform phonemic analysis; unmarked pitch is not proven absence of lexical tone
Rondu-Backstrom-1992-210f-52-1	Rondu	stone	bʌṭ	bʌṭ		False	Field transcription, not a uniform phonemic analysis; unmarked pitch is not proven absence of lexical tone
Gahorabad-Backstrom-1992-210f-52-1	Gahorabad	stone	bʌṭʰ	bʌṭʰ		False	Field transcription, not a uniform phonemic analysis; unmarked pitch is not proven absence of lexical tone
DashkinAstor-Backstrom-1992-210f-52-1	DashkinAstor	stone	bʌ̱ṭ	bʌ̱ṭ		False	Field transcription, not a uniform phonemic analysis; unmarked pitch is not proven absence of lexical tone
Astor-Backstrom-1992-210f-52-1	Astor	stone	bʌ̱ṭ	bʌ̱ṭ		False	Field transcription, not a uniform phonemic analysis; unmarked pitch is not proven absence of lexical tone
KachuraJel-Backstrom-1992-210f-52-1	KachuraJel	stone	bʌṭ	bʌṭ		False	Field transcription, not a uniform phonemic analysis; unmarked pitch is not proven absence of lexical tone
Satpara-Backstrom-1992-210f-52-1	Satpara	stone	bʌṭ	bʌṭ		False	Field transcription, not a uniform phonemic analysis; unmarked pitch is not proven absence of lexical tone
Gultari-Backstrom-1992-210f-52-1	Gultari	stone	bʌ̱ṭ	bʌ̱ṭ		False	Field transcription, not a uniform phonemic analysis; unmarked pitch is not proven absence of lexical tone
Kharmang-Backstrom-1992-210f-52-1	Kharmang	stone	bʌṭ	bʌṭ		False	Field transcription, not a uniform phonemic analysis; unmarked pitch is not proven absence of lexical tone
Dras-Backstrom-1992-210f-52-1	Dras	stone	bʌṭ	bʌṭ		False	Field transcription, not a uniform phonemic analysis; unmarked pitch is not proven absence of lexical tone
ChilasKhinar-Backstrom-1992-210f-52-1	ChilasKhinar	stone	bʌṭʰ	bʌṭʰ		False	Field transcription, not a uniform phonemic analysis; unmarked pitch is not proven absence of lexical tone
ChilasJelil-Backstrom-1992-210f-52-1	ChilasJelil	stone	bʌṭʰ	bʌṭʰ		False	Field transcription, not a uniform phonemic analysis; unmarked pitch is not proven absence of lexical tone
Darel-Backstrom-1992-210f-52-1	Darel	stone	bʌṭ	bʌṭ		False	Field transcription, not a uniform phonemic analysis; unmarked pitch is not proven absence of lexical tone
Tangir-Backstrom-1992-210f-52-1	Tangir	stone	bʌṭʰ	bʌṭʰ		False	Field transcription, not a uniform phonemic analysis; unmarked pitch is not proven absence of lexical tone
Sazin-Backstrom-1992-210f-52-1	Sazin	stone	bʌṭ	bʌṭ		False	Field transcription, not a uniform phonemic analysis; unmarked pitch is not proven absence of lexical tone
Harban-Backstrom-1992-210f-52-1	Harban	stone	bʌṭ	bʌṭ		False	Field transcription, not a uniform phonemic analysis; unmarked pitch is not proven absence of lexical tone
Jalkot-Backstrom-1992-210f-52-1	Jalkot	stone	bʌṭʰ	bʌṭʰ		False	Field transcription, not a uniform phonemic analysis; unmarked pitch is not proven absence of lexical tone
Palas-Backstrom-1992-210f-52-1	Palas	stone	bʌṭʰ	bʌṭʰ		False	Field transcription, not a uniform phonemic analysis; unmarked pitch is not proven absence of lexical tone
Kolai-Backstrom-1992-210f-52-1	Kolai	stone	bʌṭʰ	bʌṭʰ		False	Field transcription, not a uniform phonemic analysis; unmarked pitch is not proven absence of lexical tone
Gupis-Backstrom-1992-210f-55-1	Gupis	fire	hɑˈgɑr	hɑˈgɑr		False	Field transcription, not a uniform phonemic analysis; unmarked pitch is not proven absence of lexical tone
Punial-Backstrom-1992-210f-55-1	Punial	fire	hɑˈgɑr̃	hɑˈgɑr̃		False	Field transcription, not a uniform phonemic analysis; unmarked pitch is not proven absence of lexical tone
HunzaNasirabad-Backstrom-1992-210f-55-1	HunzaNasirabad	fire	ɑˈgɑr̃	ɑˈgɑr̃		False	Field transcription, not a uniform phonemic analysis; unmarked pitch is not proven absence of lexical tone
NagarThol-Backstrom-1992-210f-55-1	NagarThol	fire	ɑˈgɑr	ɑˈgɑr		False	Field transcription, not a uniform phonemic analysis; unmarked pitch is not proven absence of lexical tone
NagarChalt-Backstrom-1992-210f-55-1	NagarChalt	fire	ɑˈgɑr̃	ɑˈgɑr̃		False	Field transcription, not a uniform phonemic analysis; unmarked pitch is not proven absence of lexical tone
Gilgit-Backstrom-1992-210f-55-1	Gilgit	fire	ʰɑˈgɑr	ʰɑˈgɑr / ɑˈgɑr		False	Field transcription, not a uniform phonemic analysis; unmarked pitch is not proven absence of lexical tone
Gilgit-Backstrom-1992-210f-55-2	Gilgit	fire	ɑˈgɑr	ʰɑˈgɑr / ɑˈgɑr		False	Field transcription, not a uniform phonemic analysis; unmarked pitch is not proven absence of lexical tone
Haramosh-Backstrom-1992-210f-55-1	Haramosh	fire	ɑˈgɑr̃	ɑˈgɑr̃		False	Field transcription, not a uniform phonemic analysis; unmarked pitch is not proven absence of lexical tone
Bagrot-Backstrom-1992-210f-55-1	Bagrot	fire	ɑˈgɑr̃	ɑˈgɑr̃		False	Field transcription, not a uniform phonemic analysis; unmarked pitch is not proven absence of lexical tone
Bunji-Backstrom-1992-210f-55-1	Bunji	fire	hɑˈgɑr	hɑˈgɑr / ɑˈgɑr		False	Field transcription, not a uniform phonemic analysis; unmarked pitch is not proven absence of lexical tone
Bunji-Backstrom-1992-210f-55-2	Bunji	fire	ɑˈgɑr	hɑˈgɑr / ɑˈgɑr		False	Field transcription, not a uniform phonemic analysis; unmarked pitch is not proven absence of lexical tone
Rondu-Backstrom-1992-210f-55-1	Rondu	fire	ɑˈgɑr	ɑˈgɑr		False	Field transcription, not a uniform phonemic analysis; unmarked pitch is not proven absence of lexical tone
Gahorabad-Backstrom-1992-210f-55-1	Gahorabad	fire	hʌgɑr	hʌgɑr		False	Field transcription, not a uniform phonemic analysis; unmarked pitch is not proven absence of lexical tone
DashkinAstor-Backstrom-1992-210f-55-1	DashkinAstor	fire	pʰu	pʰu		False	Field transcription, not a uniform phonemic analysis; unmarked pitch is not proven absence of lexical tone
Astor-Backstrom-1992-210f-55-1	Astor	fire	pʰu	pʰu		False	Field transcription, not a uniform phonemic analysis; unmarked pitch is not proven absence of lexical tone
KachuraJel-Backstrom-1992-210f-55-1	KachuraJel	fire	pʰu	pʰu		False	Field transcription, not a uniform phonemic analysis; unmarked pitch is not proven absence of lexical tone
Satpara-Backstrom-1992-210f-55-1	Satpara	fire	pʰu	pʰu / ɑˈgɑr̃o		False	Field transcription, not a uniform phonemic analysis; unmarked pitch is not proven absence of lexical tone
Satpara-Backstrom-1992-210f-55-2	Satpara	fire	ɑˈgɑr̃o	pʰu / ɑˈgɑr̃o		False	Field transcription, not a uniform phonemic analysis; unmarked pitch is not proven absence of lexical tone
Gultari-Backstrom-1992-210f-55-1	Gultari	fire	pʰu	pʰu		False	Field transcription, not a uniform phonemic analysis; unmarked pitch is not proven absence of lexical tone
Kharmang-Backstrom-1992-210f-55-1	Kharmang	fire	pʰu	pʰu		False	Field transcription, not a uniform phonemic analysis; unmarked pitch is not proven absence of lexical tone
ChilasKhinar-Backstrom-1992-210f-55-1	ChilasKhinar	fire	hʌˈgɑr̃	hʌˈgɑr̃ / ɑˈgɑr̃		False	Field transcription, not a uniform phonemic analysis; unmarked pitch is not proven absence of lexical tone
ChilasKhinar-Backstrom-1992-210f-55-2	ChilasKhinar	fire	ɑˈgɑr̃	hʌˈgɑr̃ / ɑˈgɑr̃		False	Field transcription, not a uniform phonemic analysis; unmarked pitch is not proven absence of lexical tone
ChilasJelil-Backstrom-1992-210f-55-1	ChilasJelil	fire	hʌgɑr̃	hʌgɑr̃		False	Field transcription, not a uniform phonemic analysis; unmarked pitch is not proven absence of lexical tone
Darel-Backstrom-1992-210f-55-1	Darel	fire	hʌˈgɑr	hʌˈgɑr		False	Field transcription, not a uniform phonemic analysis; unmarked pitch is not proven absence of lexical tone
Tangir-Backstrom-1992-210f-55-1	Tangir	fire	hʌˈgɑr̃	hʌˈgɑr̃		False	Field transcription, not a uniform phonemic analysis; unmarked pitch is not proven absence of lexical tone
Sazin-Backstrom-1992-210f-55-1	Sazin	fire	hʌˈgɑr	hʌˈgɑr		False	Field transcription, not a uniform phonemic analysis; unmarked pitch is not proven absence of lexical tone
Harban-Backstrom-1992-210f-55-1	Harban	fire	hʌˈgɑr	hʌˈgɑr		False	Field transcription, not a uniform phonemic analysis; unmarked pitch is not proven absence of lexical tone
Jalkot-Backstrom-1992-210f-55-1	Jalkot	fire	hɑˈgɑr	hɑˈgɑr		False	Field transcription, not a uniform phonemic analysis; unmarked pitch is not proven absence of lexical tone
Palas-Backstrom-1992-210f-55-1	Palas	fire	hɑˈgɑr	hɑˈgɑr		False	Field transcription, not a uniform phonemic analysis; unmarked pitch is not proven absence of lexical tone
Kolai-Backstrom-1992-210f-55-1	Kolai	fire	hɑˈgɑr	hɑˈgɑr		False	Field transcription, not a uniform phonemic analysis; unmarked pitch is not proven absence of lexical tone
Gupis-Backstrom-1992-210f-84-1	Gupis	meat	moós	moós		True	Field transcription, not a uniform phonemic analysis; unmarked pitch is not proven absence of lexical tone
Punial-Backstrom-1992-210f-84-1	Punial	meat	moós	moós		True	Field transcription, not a uniform phonemic analysis; unmarked pitch is not proven absence of lexical tone
HunzaNasirabad-Backstrom-1992-210f-84-1	HunzaNasirabad	meat	moót͡s	moót͡s		True	Field transcription, not a uniform phonemic analysis; unmarked pitch is not proven absence of lexical tone
NagarThol-Backstrom-1992-210f-84-1	NagarThol	meat	moót͡s	moót͡s / moóz		True	Field transcription, not a uniform phonemic analysis; unmarked pitch is not proven absence of lexical tone
NagarThol-Backstrom-1992-210f-84-2	NagarThol	meat	moóz	moót͡s / moóz		True	Field transcription, not a uniform phonemic analysis; unmarked pitch is not proven absence of lexical tone
NagarChalt-Backstrom-1992-210f-84-1	NagarChalt	meat	mòót͡s	mòót͡s		True	Field transcription, not a uniform phonemic analysis; unmarked pitch is not proven absence of lexical tone
Gilgit-Backstrom-1992-210f-84-1	Gilgit	meat	moós	moós		True	Field transcription, not a uniform phonemic analysis; unmarked pitch is not proven absence of lexical tone
Haramosh-Backstrom-1992-210f-84-1	Haramosh	meat	mòót͡s	mòót͡s / mòóz		True	Field transcription, not a uniform phonemic analysis; unmarked pitch is not proven absence of lexical tone
Haramosh-Backstrom-1992-210f-84-2	Haramosh	meat	mòóz	mòót͡s / mòóz		True	Field transcription, not a uniform phonemic analysis; unmarked pitch is not proven absence of lexical tone
Bagrot-Backstrom-1992-210f-84-1	Bagrot	meat	mot͡s	mot͡s		False	Field transcription, not a uniform phonemic analysis; unmarked pitch is not proven absence of lexical tone
Bunji-Backstrom-1992-210f-84-1	Bunji	meat	moós	moós		True	Field transcription, not a uniform phonemic analysis; unmarked pitch is not proven absence of lexical tone
Rondu-Backstrom-1992-210f-84-1	Rondu	meat	moos	moos		False	Field transcription, not a uniform phonemic analysis; unmarked pitch is not proven absence of lexical tone
Gahorabad-Backstrom-1992-210f-84-1	Gahorabad	meat	moós	moós		True	Field transcription, not a uniform phonemic analysis; unmarked pitch is not proven absence of lexical tone
DashkinAstor-Backstrom-1992-210f-84-1	DashkinAstor	meat	moós	moós		True	Field transcription, not a uniform phonemic analysis; unmarked pitch is not proven absence of lexical tone
Astor-Backstrom-1992-210f-84-1	Astor	meat	moós	moós		True	Field transcription, not a uniform phonemic analysis; unmarked pitch is not proven absence of lexical tone
KachuraJel-Backstrom-1992-210f-84-1	KachuraJel	meat	moós	moós		True	Field transcription, not a uniform phonemic analysis; unmarked pitch is not proven absence of lexical tone
Satpara-Backstrom-1992-210f-84-1	Satpara	meat	moós	moós		True	Field transcription, not a uniform phonemic analysis; unmarked pitch is not proven absence of lexical tone
Gultari-Backstrom-1992-210f-84-1	Gultari	meat	moos	moos		False	Field transcription, not a uniform phonemic analysis; unmarked pitch is not proven absence of lexical tone
Kharmang-Backstrom-1992-210f-84-1	Kharmang	meat	moós	moós		True	Field transcription, not a uniform phonemic analysis; unmarked pitch is not proven absence of lexical tone
Dras-Backstrom-1992-210f-84-1	Dras	meat	moos	moos		False	Field transcription, not a uniform phonemic analysis; unmarked pitch is not proven absence of lexical tone
ChilasKhinar-Backstrom-1992-210f-84-1	ChilasKhinar	meat	moós	moós		True	Field transcription, not a uniform phonemic analysis; unmarked pitch is not proven absence of lexical tone
ChilasJelil-Backstrom-1992-210f-84-1	ChilasJelil	meat	moós	moós		True	Field transcription, not a uniform phonemic analysis; unmarked pitch is not proven absence of lexical tone
Darel-Backstrom-1992-210f-84-1	Darel	meat	moos	moos		False	Field transcription, not a uniform phonemic analysis; unmarked pitch is not proven absence of lexical tone
Tangir-Backstrom-1992-210f-84-1	Tangir	meat	moos	moos		False	Field transcription, not a uniform phonemic analysis; unmarked pitch is not proven absence of lexical tone
Sazin-Backstrom-1992-210f-84-1	Sazin	meat	moós	moós		True	Field transcription, not a uniform phonemic analysis; unmarked pitch is not proven absence of lexical tone
Harban-Backstrom-1992-210f-84-1	Harban	meat	moós	moós		True	Field transcription, not a uniform phonemic analysis; unmarked pitch is not proven absence of lexical tone
Jalkot-Backstrom-1992-210f-84-1	Jalkot	meat	moós	moós		True	Field transcription, not a uniform phonemic analysis; unmarked pitch is not proven absence of lexical tone
Palas-Backstrom-1992-210f-84-1	Palas	meat	mòós	mòós		True	Field transcription, not a uniform phonemic analysis; unmarked pitch is not proven absence of lexical tone
Kolai-Backstrom-1992-210f-84-1	Kolai	meat	moos	moos		False	Field transcription, not a uniform phonemic analysis; unmarked pitch is not proven absence of lexical tone
Gupis-Backstrom-1992-210f-101-1	Gupis	name	nom	nom		False	Field transcription, not a uniform phonemic analysis; unmarked pitch is not proven absence of lexical tone
Punial-Backstrom-1992-210f-101-1	Punial	name	nom	nom		False	Field transcription, not a uniform phonemic analysis; unmarked pitch is not proven absence of lexical tone
HunzaNasirabad-Backstrom-1992-210f-101-1	HunzaNasirabad	name	nom	nom		False	Field transcription, not a uniform phonemic analysis; unmarked pitch is not proven absence of lexical tone
NagarThol-Backstrom-1992-210f-101-1	NagarThol	name	nom	nom		False	Field transcription, not a uniform phonemic analysis; unmarked pitch is not proven absence of lexical tone
NagarChalt-Backstrom-1992-210f-101-1	NagarChalt	name	nom	nom		False	Field transcription, not a uniform phonemic analysis; unmarked pitch is not proven absence of lexical tone
Gilgit-Backstrom-1992-210f-101-1	Gilgit	name	nom	nom		False	Field transcription, not a uniform phonemic analysis; unmarked pitch is not proven absence of lexical tone
Haramosh-Backstrom-1992-210f-101-1	Haramosh	name	nõm	nõm / nom		False	Field transcription, not a uniform phonemic analysis; unmarked pitch is not proven absence of lexical tone
Haramosh-Backstrom-1992-210f-101-2	Haramosh	name	nom	nõm / nom		False	Field transcription, not a uniform phonemic analysis; unmarked pitch is not proven absence of lexical tone
Bagrot-Backstrom-1992-210f-101-1	Bagrot	name	nõm	nõm		False	Field transcription, not a uniform phonemic analysis; unmarked pitch is not proven absence of lexical tone
Bunji-Backstrom-1992-210f-101-1	Bunji	name	nom	nom		False	Field transcription, not a uniform phonemic analysis; unmarked pitch is not proven absence of lexical tone
Rondu-Backstrom-1992-210f-101-1	Rondu	name	nʊm	nʊm		False	Field transcription, not a uniform phonemic analysis; unmarked pitch is not proven absence of lexical tone
Gahorabad-Backstrom-1992-210f-101-1	Gahorabad	name	nom	nom		False	Field transcription, not a uniform phonemic analysis; unmarked pitch is not proven absence of lexical tone
DashkinAstor-Backstrom-1992-210f-101-1	DashkinAstor	name	nõm	nõm / nom		False	Field transcription, not a uniform phonemic analysis; unmarked pitch is not proven absence of lexical tone
DashkinAstor-Backstrom-1992-210f-101-2	DashkinAstor	name	nom	nõm / nom		False	Field transcription, not a uniform phonemic analysis; unmarked pitch is not proven absence of lexical tone
Astor-Backstrom-1992-210f-101-1	Astor	name	nom	nom		False	Field transcription, not a uniform phonemic analysis; unmarked pitch is not proven absence of lexical tone
KachuraJel-Backstrom-1992-210f-101-1	KachuraJel	name	nõm	nõm / nom		False	Field transcription, not a uniform phonemic analysis; unmarked pitch is not proven absence of lexical tone
KachuraJel-Backstrom-1992-210f-101-2	KachuraJel	name	nom	nõm / nom		False	Field transcription, not a uniform phonemic analysis; unmarked pitch is not proven absence of lexical tone
Satpara-Backstrom-1992-210f-101-1	Satpara	name	nõm	nõm / nom		False	Field transcription, not a uniform phonemic analysis; unmarked pitch is not proven absence of lexical tone
Satpara-Backstrom-1992-210f-101-2	Satpara	name	nom	nõm / nom		False	Field transcription, not a uniform phonemic analysis; unmarked pitch is not proven absence of lexical tone
Gultari-Backstrom-1992-210f-101-1	Gultari	name	nom	nom		False	Field transcription, not a uniform phonemic analysis; unmarked pitch is not proven absence of lexical tone
Kharmang-Backstrom-1992-210f-101-1	Kharmang	name	nom	nom		False	Field transcription, not a uniform phonemic analysis; unmarked pitch is not proven absence of lexical tone
Dras-Backstrom-1992-210f-101-1	Dras	name	nom	nom		False	Field transcription, not a uniform phonemic analysis; unmarked pitch is not proven absence of lexical tone
ChilasKhinar-Backstrom-1992-210f-101-1	ChilasKhinar	name	num	num		False	Field transcription, not a uniform phonemic analysis; unmarked pitch is not proven absence of lexical tone
ChilasJelil-Backstrom-1992-210f-101-1	ChilasJelil	name	num	num / nũm		False	Field transcription, not a uniform phonemic analysis; unmarked pitch is not proven absence of lexical tone
ChilasJelil-Backstrom-1992-210f-101-2	ChilasJelil	name	nũm	num / nũm		False	Field transcription, not a uniform phonemic analysis; unmarked pitch is not proven absence of lexical tone
Darel-Backstrom-1992-210f-101-1	Darel	name	nõm	nõm / nom		False	Field transcription, not a uniform phonemic analysis; unmarked pitch is not proven absence of lexical tone
Darel-Backstrom-1992-210f-101-2	Darel	name	nom	nõm / nom		False	Field transcription, not a uniform phonemic analysis; unmarked pitch is not proven absence of lexical tone
Tangir-Backstrom-1992-210f-101-1	Tangir	name	nom	nom		False	Field transcription, not a uniform phonemic analysis; unmarked pitch is not proven absence of lexical tone
Sazin-Backstrom-1992-210f-101-1	Sazin	name	nom	nom		False	Field transcription, not a uniform phonemic analysis; unmarked pitch is not proven absence of lexical tone
Harban-Backstrom-1992-210f-101-1	Harban	name	num	num / nom		False	Field transcription, not a uniform phonemic analysis; unmarked pitch is not proven absence of lexical tone
Harban-Backstrom-1992-210f-101-2	Harban	name	nom	num / nom		False	Field transcription, not a uniform phonemic analysis; unmarked pitch is not proven absence of lexical tone
Jalkot-Backstrom-1992-210f-101-1	Jalkot	name	num	num		False	Field transcription, not a uniform phonemic analysis; unmarked pitch is not proven absence of lexical tone
Palas-Backstrom-1992-210f-101-1	Palas	name	num	num		False	Field transcription, not a uniform phonemic analysis; unmarked pitch is not proven absence of lexical tone
Kolai-Backstrom-1992-210f-101-1	Kolai	name	num	num		False	Field transcription, not a uniform phonemic analysis; unmarked pitch is not proven absence of lexical tone
Gupis-Backstrom-1992-210f-106-1	Gupis	mother	ˈɑɑǰi	ˈɑɑǰi		True	Field transcription, not a uniform phonemic analysis; unmarked pitch is not proven absence of lexical tone
Punial-Backstrom-1992-210f-106-1	Punial	mother	ˈɑɑ́ǰi	ˈɑɑ́ǰi / ˈmɑɑli		True	Field transcription, not a uniform phonemic analysis; unmarked pitch is not proven absence of lexical tone
Punial-Backstrom-1992-210f-106-2	Punial	mother	ˈmɑɑli	ˈɑɑ́ǰi / ˈmɑɑli		False	Field transcription, not a uniform phonemic analysis; unmarked pitch is not proven absence of lexical tone
HunzaNasirabad-Backstrom-1992-210f-106-1	HunzaNasirabad	mother	ˈmɑ̱mɑ̱	ˈmɑ̱mɑ̱ / mɑɑ		False	Field transcription, not a uniform phonemic analysis; unmarked pitch is not proven absence of lexical tone
HunzaNasirabad-Backstrom-1992-210f-106-2	HunzaNasirabad	mother	mɑɑ	ˈmɑ̱mɑ̱ / mɑɑ		False	Field transcription, not a uniform phonemic analysis; unmarked pitch is not proven absence of lexical tone
NagarThol-Backstrom-1992-210f-106-1	NagarThol	mother	ɑɑ́ˈzi	ɑɑ́ˈzi / ˈmɑ̃mɑ		True	Field transcription, not a uniform phonemic analysis; unmarked pitch is not proven absence of lexical tone
NagarThol-Backstrom-1992-210f-106-2	NagarThol	mother	ˈmɑ̃mɑ	ɑɑ́ˈzi / ˈmɑ̃mɑ		False	Field transcription, not a uniform phonemic analysis; unmarked pitch is not proven absence of lexical tone
NagarChalt-Backstrom-1992-210f-106-1	NagarChalt	mother	ˈɑɑǰi	ˈɑɑǰi		True	Field transcription, not a uniform phonemic analysis; unmarked pitch is not proven absence of lexical tone
Gilgit-Backstrom-1992-210f-106-1	Gilgit	mother	ˈɑɑ́ǰi̱	ˈɑɑ́ǰi̱		True	Field transcription, not a uniform phonemic analysis; unmarked pitch is not proven absence of lexical tone
Haramosh-Backstrom-1992-210f-106-1	Haramosh	mother	ˈɑɑ́ǰi	ˈɑɑ́ǰi / mɑ̃		True	Field transcription, not a uniform phonemic analysis; unmarked pitch is not proven absence of lexical tone
Haramosh-Backstrom-1992-210f-106-2	Haramosh	mother	mɑ̃	ˈɑɑ́ǰi / mɑ̃		False	Field transcription, not a uniform phonemic analysis; unmarked pitch is not proven absence of lexical tone
Bagrot-Backstrom-1992-210f-106-1	Bagrot	mother	ˈɑɑ́ǰi̱	ˈɑɑ́ǰi̱		True	Field transcription, not a uniform phonemic analysis; unmarked pitch is not proven absence of lexical tone
Bunji-Backstrom-1992-210f-106-1	Bunji	mother	ˈɑɑ́ǰi	ˈɑɑ́ǰi / mɑ̃		True	Field transcription, not a uniform phonemic analysis; unmarked pitch is not proven absence of lexical tone
Bunji-Backstrom-1992-210f-106-2	Bunji	mother	mɑ̃	ˈɑɑ́ǰi / mɑ̃		False	Field transcription, not a uniform phonemic analysis; unmarked pitch is not proven absence of lexical tone
Rondu-Backstrom-1992-210f-106-1	Rondu	mother	ˈɑɑǰi	ˈɑɑǰi		True	Field transcription, not a uniform phonemic analysis; unmarked pitch is not proven absence of lexical tone
Gahorabad-Backstrom-1992-210f-106-1	Gahorabad	mother	ˈɑɑ́ǰi	ˈɑɑ́ǰi / mɑ		True	Field transcription, not a uniform phonemic analysis; unmarked pitch is not proven absence of lexical tone
Gahorabad-Backstrom-1992-210f-106-2	Gahorabad	mother	mɑ	ˈɑɑ́ǰi / mɑ		False	Field transcription, not a uniform phonemic analysis; unmarked pitch is not proven absence of lexical tone
DashkinAstor-Backstrom-1992-210f-106-1	DashkinAstor	mother	ˈɑɑ́ǰɛ̱	ˈɑɑ́ǰɛ̱ / mɑ		True	Field transcription, not a uniform phonemic analysis; unmarked pitch is not proven absence of lexical tone
DashkinAstor-Backstrom-1992-210f-106-2	DashkinAstor	mother	mɑ	ˈɑɑ́ǰɛ̱ / mɑ		False	Field transcription, not a uniform phonemic analysis; unmarked pitch is not proven absence of lexical tone
Astor-Backstrom-1992-210f-106-1	Astor	mother	ˈɑɑ́ǰɛ̱	ˈɑɑ́ǰɛ̱ / mɑ		True	Field transcription, not a uniform phonemic analysis; unmarked pitch is not proven absence of lexical tone
Astor-Backstrom-1992-210f-106-2	Astor	mother	mɑ	ˈɑɑ́ǰɛ̱ / mɑ		False	Field transcription, not a uniform phonemic analysis; unmarked pitch is not proven absence of lexical tone
KachuraJel-Backstrom-1992-210f-106-1	KachuraJel	mother	ɑɑ́ǰi	ɑɑ́ǰi / mɑ̃		True	Field transcription, not a uniform phonemic analysis; unmarked pitch is not proven absence of lexical tone
KachuraJel-Backstrom-1992-210f-106-2	KachuraJel	mother	mɑ̃	ɑɑ́ǰi / mɑ̃		False	Field transcription, not a uniform phonemic analysis; unmarked pitch is not proven absence of lexical tone
Satpara-Backstrom-1992-210f-106-1	Satpara	mother	ɑži	ɑži / mɑ̃		True	Field transcription, not a uniform phonemic analysis; unmarked pitch is not proven absence of lexical tone
Satpara-Backstrom-1992-210f-106-2	Satpara	mother	mɑ̃	ɑži / mɑ̃		False	Field transcription, not a uniform phonemic analysis; unmarked pitch is not proven absence of lexical tone
Gultari-Backstrom-1992-210f-106-1	Gultari	mother	ˈɑǰɛ̱	ˈɑǰɛ̱		True	Field transcription, not a uniform phonemic analysis; unmarked pitch is not proven absence of lexical tone
Kharmang-Backstrom-1992-210f-106-1	Kharmang	mother	ˈɑɑǰɛ	ˈɑɑǰɛ		True	Field transcription, not a uniform phonemic analysis; unmarked pitch is not proven absence of lexical tone
Dras-Backstrom-1992-210f-106-1	Dras	mother	ɑˈǰe	ɑˈǰe		True	Field transcription, not a uniform phonemic analysis; unmarked pitch is not proven absence of lexical tone
ChilasKhinar-Backstrom-1992-210f-106-1	ChilasKhinar	mother	ˈɑ̀ɑži	ˈɑ̀ɑži / mɑ		True	Field transcription, not a uniform phonemic analysis; unmarked pitch is not proven absence of lexical tone
ChilasKhinar-Backstrom-1992-210f-106-2	ChilasKhinar	mother	mɑ	ˈɑ̀ɑži / mɑ		False	Field transcription, not a uniform phonemic analysis; unmarked pitch is not proven absence of lexical tone
ChilasJelil-Backstrom-1992-210f-106-1	ChilasJelil	mother	ˈɑ̀ɑži	ˈɑ̀ɑži / mɑ		True	Field transcription, not a uniform phonemic analysis; unmarked pitch is not proven absence of lexical tone
ChilasJelil-Backstrom-1992-210f-106-2	ChilasJelil	mother	mɑ	ˈɑ̀ɑži / mɑ		False	Field transcription, not a uniform phonemic analysis; unmarked pitch is not proven absence of lexical tone
Darel-Backstrom-1992-210f-106-1	Darel	mother	ˈɑɑži	ˈɑɑži / ˈmɑli		True	Field transcription, not a uniform phonemic analysis; unmarked pitch is not proven absence of lexical tone
Darel-Backstrom-1992-210f-106-2	Darel	mother	ˈmɑli	ˈɑɑži / ˈmɑli		False	Field transcription, not a uniform phonemic analysis; unmarked pitch is not proven absence of lexical tone
Tangir-Backstrom-1992-210f-106-1	Tangir	mother	ˈɑɑ́ži	ˈɑɑ́ži		True	Field transcription, not a uniform phonemic analysis; unmarked pitch is not proven absence of lexical tone
Sazin-Backstrom-1992-210f-106-1	Sazin	mother	ˈɑɑ́že	ˈɑɑ́že		True	Field transcription, not a uniform phonemic analysis; unmarked pitch is not proven absence of lexical tone
Harban-Backstrom-1992-210f-106-1	Harban	mother	ˈɑye	ˈɑye / mɑ		False	Field transcription, not a uniform phonemic analysis; unmarked pitch is not proven absence of lexical tone
Harban-Backstrom-1992-210f-106-2	Harban	mother	mɑ	ˈɑye / mɑ		False	Field transcription, not a uniform phonemic analysis; unmarked pitch is not proven absence of lexical tone
Jalkot-Backstrom-1992-210f-106-1	Jalkot	mother	mɑ̃	mɑ̃ / mɑɑ		False	Field transcription, not a uniform phonemic analysis; unmarked pitch is not proven absence of lexical tone
Jalkot-Backstrom-1992-210f-106-2	Jalkot	mother	mɑɑ	mɑ̃ / mɑɑ		False	Field transcription, not a uniform phonemic analysis; unmarked pitch is not proven absence of lexical tone
Palas-Backstrom-1992-210f-106-1	Palas	mother	mɑ̃	mɑ̃		False	Field transcription, not a uniform phonemic analysis; unmarked pitch is not proven absence of lexical tone
Kolai-Backstrom-1992-210f-106-1	Kolai	mother	mɑ	mɑ / mɑɑ		False	Field transcription, not a uniform phonemic analysis; unmarked pitch is not proven absence of lexical tone
Kolai-Backstrom-1992-210f-106-2	Kolai	mother	mɑɑ	mɑ / mɑɑ		False	Field transcription, not a uniform phonemic analysis; unmarked pitch is not proven absence of lexical tone
Gupis-Backstrom-1992-210f-107-1	Gupis	brother	ˈbʌṛo ẓ̌ɑ	ˈbʌṛo ẓ̌ɑ		True	Field transcription, not a uniform phonemic analysis; unmarked pitch is not proven absence of lexical tone
Punial-Backstrom-1992-210f-107-1	Punial	brother	ˈbʌṛo ẓ̌ɑ	ˈbʌṛo ẓ̌ɑ		True	Field transcription, not a uniform phonemic analysis; unmarked pitch is not proven absence of lexical tone
HunzaNasirabad-Backstrom-1992-210f-107-1	HunzaNasirabad	brother	ˈbʌṛo ẓ̌ɑ	ˈbʌṛo ẓ̌ɑ		True	Field transcription, not a uniform phonemic analysis; unmarked pitch is not proven absence of lexical tone
NagarThol-Backstrom-1992-210f-107-1	NagarThol	brother	ˈbʌṛu ẓ̌ɑ	ˈbʌṛu ẓ̌ɑ		True	Field transcription, not a uniform phonemic analysis; unmarked pitch is not proven absence of lexical tone
NagarChalt-Backstrom-1992-210f-107-1	NagarChalt	brother	ˈbʌṛo ẓ̌ɑ	ˈbʌṛo ẓ̌ɑ		True	Field transcription, not a uniform phonemic analysis; unmarked pitch is not proven absence of lexical tone
Gilgit-Backstrom-1992-210f-107-1	Gilgit	brother	ˈbʌṛo ẓ̌ɑ	ˈbʌṛo ẓ̌ɑ		True	Field transcription, not a uniform phonemic analysis; unmarked pitch is not proven absence of lexical tone
Haramosh-Backstrom-1992-210f-107-1	Haramosh	brother	ˈbʌṛo ẓ̌ɑ	ˈbʌṛo ẓ̌ɑ		True	Field transcription, not a uniform phonemic analysis; unmarked pitch is not proven absence of lexical tone
Bagrot-Backstrom-1992-210f-107-1	Bagrot	brother	ˈbʌṛo ẓ̌ɑ	ˈbʌṛo ẓ̌ɑ		True	Field transcription, not a uniform phonemic analysis; unmarked pitch is not proven absence of lexical tone
Bunji-Backstrom-1992-210f-107-1	Bunji	brother	ˈbʌṛo ẓ̌ɑ	ˈbʌṛo ẓ̌ɑ		True	Field transcription, not a uniform phonemic analysis; unmarked pitch is not proven absence of lexical tone
Rondu-Backstrom-1992-210f-107-1	Rondu	brother	ˈbʌṛo ẓ̌ɑ	ˈbʌṛo ẓ̌ɑ		True	Field transcription, not a uniform phonemic analysis; unmarked pitch is not proven absence of lexical tone
Gahorabad-Backstrom-1992-210f-107-1	Gahorabad	brother	bʌṛo ẓ̌ɑ	bʌṛo ẓ̌ɑ		True	Field transcription, not a uniform phonemic analysis; unmarked pitch is not proven absence of lexical tone
DashkinAstor-Backstrom-1992-210f-107-1	DashkinAstor	brother	ˈbʌṛo ẓ̌ɑ	ˈbʌṛo ẓ̌ɑ		True	Field transcription, not a uniform phonemic analysis; unmarked pitch is not proven absence of lexical tone
Astor-Backstrom-1992-210f-107-1	Astor	brother	ˈbʌṛo ẓ̌ɑ	ˈbʌṛo ẓ̌ɑ		True	Field transcription, not a uniform phonemic analysis; unmarked pitch is not proven absence of lexical tone
KachuraJel-Backstrom-1992-210f-107-1	KachuraJel	brother	bʌṛo ẓ̌ɑ	bʌṛo ẓ̌ɑ		True	Field transcription, not a uniform phonemic analysis; unmarked pitch is not proven absence of lexical tone
Satpara-Backstrom-1992-210f-107-1	Satpara	brother	bʌṛo ẓ̌ɑ	bʌṛo ẓ̌ɑ		True	Field transcription, not a uniform phonemic analysis; unmarked pitch is not proven absence of lexical tone
Gultari-Backstrom-1992-210f-107-1	Gultari	brother	ˈbʌṛo ẓ̌ɑ	ˈbʌṛo ẓ̌ɑ		True	Field transcription, not a uniform phonemic analysis; unmarked pitch is not proven absence of lexical tone
Kharmang-Backstrom-1992-210f-107-1	Kharmang	brother	ˈboṛo ẓ̌ɑ	ˈboṛo ẓ̌ɑ		True	Field transcription, not a uniform phonemic analysis; unmarked pitch is not proven absence of lexical tone
Dras-Backstrom-1992-210f-107-1	Dras	brother	ẓ̌ɑ	ẓ̌ɑ		True	Field transcription, not a uniform phonemic analysis; unmarked pitch is not proven absence of lexical tone
ChilasKhinar-Backstrom-1992-210f-107-1	ChilasKhinar	brother	ˈbʌṛo ẓ̌ɑ	ˈbʌṛo ẓ̌ɑ		True	Field transcription, not a uniform phonemic analysis; unmarked pitch is not proven absence of lexical tone
ChilasJelil-Backstrom-1992-210f-107-1	ChilasJelil	brother	ˈbʌṛo ẓ̌ɑ	ˈbʌṛo ẓ̌ɑ		True	Field transcription, not a uniform phonemic analysis; unmarked pitch is not proven absence of lexical tone
Darel-Backstrom-1992-210f-107-1	Darel	brother	ˈbʌṛo ẓ̌ɑ	ˈbʌṛo ẓ̌ɑ		True	Field transcription, not a uniform phonemic analysis; unmarked pitch is not proven absence of lexical tone
Tangir-Backstrom-1992-210f-107-1	Tangir	brother	ˈbʌṛo ẓ̌ɑ	ˈbʌṛo ẓ̌ɑ		True	Field transcription, not a uniform phonemic analysis; unmarked pitch is not proven absence of lexical tone
Sazin-Backstrom-1992-210f-107-1	Sazin	brother	ˈbʌṛo ẓ̌ɑ	ˈbʌṛo ẓ̌ɑ		True	Field transcription, not a uniform phonemic analysis; unmarked pitch is not proven absence of lexical tone
Harban-Backstrom-1992-210f-107-1	Harban	brother	ˈbʌṛo ẓ̌ɑ	ˈbʌṛo ẓ̌ɑ		True	Field transcription, not a uniform phonemic analysis; unmarked pitch is not proven absence of lexical tone
Jalkot-Backstrom-1992-210f-107-1	Jalkot	brother	ˈbʌṛo ẓ̌ɑ	ˈbʌṛo ẓ̌ɑ		True	Field transcription, not a uniform phonemic analysis; unmarked pitch is not proven absence of lexical tone
Palas-Backstrom-1992-210f-107-1	Palas	brother	ˈbʌṛo̱ ẓ̌ɑ	ˈbʌṛo̱ ẓ̌ɑ		True	Field transcription, not a uniform phonemic analysis; unmarked pitch is not proven absence of lexical tone
Kolai-Backstrom-1992-210f-107-1	Kolai	brother	ˈbʌṛo ẓ̌ɑ	ˈbʌṛo ẓ̌ɑ		True	Field transcription, not a uniform phonemic analysis; unmarked pitch is not proven absence of lexical tone
Gupis-Backstrom-1992-210f-117-1	Gupis	day	des	des		False	Field transcription, not a uniform phonemic analysis; unmarked pitch is not proven absence of lexical tone
Punial-Backstrom-1992-210f-117-1	Punial	day	des	des		False	Field transcription, not a uniform phonemic analysis; unmarked pitch is not proven absence of lexical tone
HunzaNasirabad-Backstrom-1992-210f-117-1	HunzaNasirabad	day	ˈdeo	ˈdeo		False	Field transcription, not a uniform phonemic analysis; unmarked pitch is not proven absence of lexical tone
NagarThol-Backstrom-1992-210f-117-1	NagarThol	day	dɛz	dɛz		False	Field transcription, not a uniform phonemic analysis; unmarked pitch is not proven absence of lexical tone
NagarChalt-Backstrom-1992-210f-117-1	NagarChalt	day	det͡s	det͡s		False	Field transcription, not a uniform phonemic analysis; unmarked pitch is not proven absence of lexical tone
Gilgit-Backstrom-1992-210f-117-1	Gilgit	day	dez	dez		False	Field transcription, not a uniform phonemic analysis; unmarked pitch is not proven absence of lexical tone
Haramosh-Backstrom-1992-210f-117-1	Haramosh	day	des	des		False	Field transcription, not a uniform phonemic analysis; unmarked pitch is not proven absence of lexical tone
Bagrot-Backstrom-1992-210f-117-1	Bagrot	day	des	des		False	Field transcription, not a uniform phonemic analysis; unmarked pitch is not proven absence of lexical tone
Bunji-Backstrom-1992-210f-117-1	Bunji	day	des	des / dez		False	Field transcription, not a uniform phonemic analysis; unmarked pitch is not proven absence of lexical tone
Bunji-Backstrom-1992-210f-117-2	Bunji	day	dez	des / dez		False	Field transcription, not a uniform phonemic analysis; unmarked pitch is not proven absence of lexical tone
Rondu-Backstrom-1992-210f-117-1	Rondu	day	des	des		False	Field transcription, not a uniform phonemic analysis; unmarked pitch is not proven absence of lexical tone
Gahorabad-Backstrom-1992-210f-117-1	Gahorabad	day	des	des		False	Field transcription, not a uniform phonemic analysis; unmarked pitch is not proven absence of lexical tone
DashkinAstor-Backstrom-1992-210f-117-1	DashkinAstor	day	des	des		False	Field transcription, not a uniform phonemic analysis; unmarked pitch is not proven absence of lexical tone
Astor-Backstrom-1992-210f-117-1	Astor	day	des	des		False	Field transcription, not a uniform phonemic analysis; unmarked pitch is not proven absence of lexical tone
KachuraJel-Backstrom-1992-210f-117-1	KachuraJel	day	des	des		False	Field transcription, not a uniform phonemic analysis; unmarked pitch is not proven absence of lexical tone
Satpara-Backstrom-1992-210f-117-1	Satpara	day	des	des		False	Field transcription, not a uniform phonemic analysis; unmarked pitch is not proven absence of lexical tone
Gultari-Backstrom-1992-210f-117-1	Gultari	day	des	des		False	Field transcription, not a uniform phonemic analysis; unmarked pitch is not proven absence of lexical tone
Kharmang-Backstrom-1992-210f-117-1	Kharmang	day	dɛs	dɛs		False	Field transcription, not a uniform phonemic analysis; unmarked pitch is not proven absence of lexical tone
Dras-Backstrom-1992-210f-117-1	Dras	day	dezi	dezi		False	Field transcription, not a uniform phonemic analysis; unmarked pitch is not proven absence of lexical tone
ChilasKhinar-Backstrom-1992-210f-117-1	ChilasKhinar	day	des	des		False	Field transcription, not a uniform phonemic analysis; unmarked pitch is not proven absence of lexical tone
ChilasJelil-Backstrom-1992-210f-117-1	ChilasJelil	day	des	des		False	Field transcription, not a uniform phonemic analysis; unmarked pitch is not proven absence of lexical tone
Darel-Backstrom-1992-210f-117-1	Darel	day	ǰes	ǰes		True	Field transcription, not a uniform phonemic analysis; unmarked pitch is not proven absence of lexical tone
Tangir-Backstrom-1992-210f-117-1	Tangir	day	dɛs	dɛs		False	Field transcription, not a uniform phonemic analysis; unmarked pitch is not proven absence of lexical tone
Sazin-Backstrom-1992-210f-117-1	Sazin	day	des	des		False	Field transcription, not a uniform phonemic analysis; unmarked pitch is not proven absence of lexical tone
Harban-Backstrom-1992-210f-117-1	Harban	day	des	des		False	Field transcription, not a uniform phonemic analysis; unmarked pitch is not proven absence of lexical tone
Jalkot-Backstrom-1992-210f-117-1	Jalkot	day	des	des		False	Field transcription, not a uniform phonemic analysis; unmarked pitch is not proven absence of lexical tone
Palas-Backstrom-1992-210f-117-1	Palas	day	des	des		False	Field transcription, not a uniform phonemic analysis; unmarked pitch is not proven absence of lexical tone
Kolai-Backstrom-1992-210f-117-1	Kolai	day	des	des		False	Field transcription, not a uniform phonemic analysis; unmarked pitch is not proven absence of lexical tone
Gupis-Backstrom-1992-210f-118-1	Gupis	night	ˈrɑ̀ɑti̱	ˈrɑ̀ɑti̱		True	Field transcription, not a uniform phonemic analysis; unmarked pitch is not proven absence of lexical tone
Punial-Backstrom-1992-210f-118-1	Punial	night	ˈrɑ̀ɑti̱	ˈrɑ̀ɑti̱		True	Field transcription, not a uniform phonemic analysis; unmarked pitch is not proven absence of lexical tone
HunzaNasirabad-Backstrom-1992-210f-118-1	HunzaNasirabad	night	ˈr̃ɑ̀ɑti	ˈr̃ɑ̀ɑti		True	Field transcription, not a uniform phonemic analysis; unmarked pitch is not proven absence of lexical tone
NagarThol-Backstrom-1992-210f-118-1	NagarThol	night	ˈrɑ̀ɑti̱	ˈrɑ̀ɑti̱		True	Field transcription, not a uniform phonemic analysis; unmarked pitch is not proven absence of lexical tone
NagarChalt-Backstrom-1992-210f-118-1	NagarChalt	night	ˈrɑ̀ɑti̱	ˈrɑ̀ɑti̱		True	Field transcription, not a uniform phonemic analysis; unmarked pitch is not proven absence of lexical tone
Gilgit-Backstrom-1992-210f-118-1	Gilgit	night	ˈrɑ̀ɑti	ˈrɑ̀ɑti		True	Field transcription, not a uniform phonemic analysis; unmarked pitch is not proven absence of lexical tone
Haramosh-Backstrom-1992-210f-118-1	Haramosh	night	ˈrɑ̀ɑti̱	ˈrɑ̀ɑti̱		True	Field transcription, not a uniform phonemic analysis; unmarked pitch is not proven absence of lexical tone
Bagrot-Backstrom-1992-210f-118-1	Bagrot	night	ˈrɑ̀ɑti̱	ˈrɑ̀ɑti̱		True	Field transcription, not a uniform phonemic analysis; unmarked pitch is not proven absence of lexical tone
Bunji-Backstrom-1992-210f-118-1	Bunji	night	ˈr̃ɑ̀ɑti	ˈr̃ɑ̀ɑti		True	Field transcription, not a uniform phonemic analysis; unmarked pitch is not proven absence of lexical tone
Rondu-Backstrom-1992-210f-118-1	Rondu	night	ˈrɑɑti	ˈrɑɑti		False	Field transcription, not a uniform phonemic analysis; unmarked pitch is not proven absence of lexical tone
Gahorabad-Backstrom-1992-210f-118-1	Gahorabad	night	ˈrɑ̀ɑti	ˈrɑ̀ɑti		True	Field transcription, not a uniform phonemic analysis; unmarked pitch is not proven absence of lexical tone
DashkinAstor-Backstrom-1992-210f-118-1	DashkinAstor	night	ˈrɑ̀ɑti̱	ˈrɑ̀ɑti̱		True	Field transcription, not a uniform phonemic analysis; unmarked pitch is not proven absence of lexical tone
Astor-Backstrom-1992-210f-118-1	Astor	night	ˈrɑ̀ɑti̱	ˈrɑ̀ɑti̱		True	Field transcription, not a uniform phonemic analysis; unmarked pitch is not proven absence of lexical tone
KachuraJel-Backstrom-1992-210f-118-1	KachuraJel	night	ˈrɑ̀ɑti	ˈrɑ̀ɑti		True	Field transcription, not a uniform phonemic analysis; unmarked pitch is not proven absence of lexical tone
Satpara-Backstrom-1992-210f-118-1	Satpara	night	ˈrɑ̀ɑti	ˈrɑ̀ɑti		True	Field transcription, not a uniform phonemic analysis; unmarked pitch is not proven absence of lexical tone
Gultari-Backstrom-1992-210f-118-1	Gultari	night	ˈrɑɑti̱	ˈrɑɑti̱		False	Field transcription, not a uniform phonemic analysis; unmarked pitch is not proven absence of lexical tone
Kharmang-Backstrom-1992-210f-118-1	Kharmang	night	ˈrɑɑti	ˈrɑɑti		False	Field transcription, not a uniform phonemic analysis; unmarked pitch is not proven absence of lexical tone
Dras-Backstrom-1992-210f-118-1	Dras	night	ˈrɑti	ˈrɑti		False	Field transcription, not a uniform phonemic analysis; unmarked pitch is not proven absence of lexical tone
ChilasKhinar-Backstrom-1992-210f-118-1	ChilasKhinar	night	ˈrɑ̀ɑti̥	ˈrɑ̀ɑti̥		True	Field transcription, not a uniform phonemic analysis; unmarked pitch is not proven absence of lexical tone
ChilasJelil-Backstrom-1992-210f-118-1	ChilasJelil	night	ˈrɑ̀ɑti̥	ˈrɑ̀ɑti̥		True	Field transcription, not a uniform phonemic analysis; unmarked pitch is not proven absence of lexical tone
Darel-Backstrom-1992-210f-118-1	Darel	night	ˈr̃ɑ̀ɑti	ˈr̃ɑ̀ɑti		True	Field transcription, not a uniform phonemic analysis; unmarked pitch is not proven absence of lexical tone
Tangir-Backstrom-1992-210f-118-1	Tangir	night	ˈrɑ̀ɑti	ˈrɑ̀ɑti		True	Field transcription, not a uniform phonemic analysis; unmarked pitch is not proven absence of lexical tone
Sazin-Backstrom-1992-210f-118-1	Sazin	night	ˈrɑɑti	ˈrɑɑti		False	Field transcription, not a uniform phonemic analysis; unmarked pitch is not proven absence of lexical tone
Harban-Backstrom-1992-210f-118-1	Harban	night	ˈrɑ̀ɑti	ˈrɑ̀ɑti		True	Field transcription, not a uniform phonemic analysis; unmarked pitch is not proven absence of lexical tone
Jalkot-Backstrom-1992-210f-118-1	Jalkot	night	ˈrɑ̀ɑti̱	ˈrɑ̀ɑti̱		True	Field transcription, not a uniform phonemic analysis; unmarked pitch is not proven absence of lexical tone
Palas-Backstrom-1992-210f-118-1	Palas	night	rɑ̀ɑti̱	rɑ̀ɑti̱		True	Field transcription, not a uniform phonemic analysis; unmarked pitch is not proven absence of lexical tone
Kolai-Backstrom-1992-210f-118-1	Kolai	night	ˈrɑ̀ɑti̥	ˈrɑ̀ɑti̥		True	Field transcription, not a uniform phonemic analysis; unmarked pitch is not proven absence of lexical tone
Gupis-Backstrom-1992-210f-126-1	Gupis	month	moos	moos		False	Field transcription, not a uniform phonemic analysis; unmarked pitch is not proven absence of lexical tone
Punial-Backstrom-1992-210f-126-1	Punial	month	moos	moos		False	Field transcription, not a uniform phonemic analysis; unmarked pitch is not proven absence of lexical tone
HunzaNasirabad-Backstrom-1992-210f-126-1	HunzaNasirabad	month	mɑɑz	mɑɑz / mɑɑt͡s		False	Field transcription, not a uniform phonemic analysis; unmarked pitch is not proven absence of lexical tone
HunzaNasirabad-Backstrom-1992-210f-126-2	HunzaNasirabad	month	mɑɑt͡s	mɑɑz / mɑɑt͡s		False	Field transcription, not a uniform phonemic analysis; unmarked pitch is not proven absence of lexical tone
NagarThol-Backstrom-1992-210f-126-1	NagarThol	month	mɑɑz	mɑɑz		False	Field transcription, not a uniform phonemic analysis; unmarked pitch is not proven absence of lexical tone
NagarChalt-Backstrom-1992-210f-126-1	NagarChalt	month	moot͡s	moot͡s / mɑɑt͡s		False	Field transcription, not a uniform phonemic analysis; unmarked pitch is not proven absence of lexical tone
NagarChalt-Backstrom-1992-210f-126-2	NagarChalt	month	mɑɑt͡s	moot͡s / mɑɑt͡s		False	Field transcription, not a uniform phonemic analysis; unmarked pitch is not proven absence of lexical tone
Gilgit-Backstrom-1992-210f-126-1	Gilgit	month	mɑz	mɑz		False	Field transcription, not a uniform phonemic analysis; unmarked pitch is not proven absence of lexical tone
Haramosh-Backstrom-1992-210f-126-1	Haramosh	month	mɑɑt͡s	mɑɑt͡s / mɑɑz		False	Field transcription, not a uniform phonemic analysis; unmarked pitch is not proven absence of lexical tone
Haramosh-Backstrom-1992-210f-126-2	Haramosh	month	mɑɑz	mɑɑt͡s / mɑɑz		False	Field transcription, not a uniform phonemic analysis; unmarked pitch is not proven absence of lexical tone
Bagrot-Backstrom-1992-210f-126-1	Bagrot	month	mɑɑt͡s	mɑɑt͡s		False	Field transcription, not a uniform phonemic analysis; unmarked pitch is not proven absence of lexical tone
Bunji-Backstrom-1992-210f-126-1	Bunji	month	mɑɑs	mɑɑs		False	Field transcription, not a uniform phonemic analysis; unmarked pitch is not proven absence of lexical tone
Rondu-Backstrom-1992-210f-126-1	Rondu	month	mɑɑz	mɑɑz / mɑt͡s		False	Field transcription, not a uniform phonemic analysis; unmarked pitch is not proven absence of lexical tone
Rondu-Backstrom-1992-210f-126-2	Rondu	month	mɑt͡s	mɑɑz / mɑt͡s		False	Field transcription, not a uniform phonemic analysis; unmarked pitch is not proven absence of lexical tone
Gahorabad-Backstrom-1992-210f-126-1	Gahorabad	month	mòos	mòos		True	Field transcription, not a uniform phonemic analysis; unmarked pitch is not proven absence of lexical tone
DashkinAstor-Backstrom-1992-210f-126-1	DashkinAstor	month	mos	mos		False	Field transcription, not a uniform phonemic analysis; unmarked pitch is not proven absence of lexical tone
Astor-Backstrom-1992-210f-126-1	Astor	month	mos	mos		False	Field transcription, not a uniform phonemic analysis; unmarked pitch is not proven absence of lexical tone
KachuraJel-Backstrom-1992-210f-126-1	KachuraJel	month	mos	mos		False	Field transcription, not a uniform phonemic analysis; unmarked pitch is not proven absence of lexical tone
Satpara-Backstrom-1992-210f-126-1	Satpara	month	mos	mos		False	Field transcription, not a uniform phonemic analysis; unmarked pitch is not proven absence of lexical tone
Gultari-Backstrom-1992-210f-126-1	Gultari	month	mos	mos		False	Field transcription, not a uniform phonemic analysis; unmarked pitch is not proven absence of lexical tone
Kharmang-Backstrom-1992-210f-126-1	Kharmang	month	mooz	mooz / moos		False	Field transcription, not a uniform phonemic analysis; unmarked pitch is not proven absence of lexical tone
Kharmang-Backstrom-1992-210f-126-2	Kharmang	month	moos	mooz / moos		False	Field transcription, not a uniform phonemic analysis; unmarked pitch is not proven absence of lexical tone
Dras-Backstrom-1992-210f-126-1	Dras	month	moz	moz		False	Field transcription, not a uniform phonemic analysis; unmarked pitch is not proven absence of lexical tone
ChilasKhinar-Backstrom-1992-210f-126-1	ChilasKhinar	month	moos	moos		False	Field transcription, not a uniform phonemic analysis; unmarked pitch is not proven absence of lexical tone
ChilasJelil-Backstrom-1992-210f-126-1	ChilasJelil	month	moos	moos		False	Field transcription, not a uniform phonemic analysis; unmarked pitch is not proven absence of lexical tone
Darel-Backstrom-1992-210f-126-1	Darel	month	moos	moos		False	Field transcription, not a uniform phonemic analysis; unmarked pitch is not proven absence of lexical tone
Tangir-Backstrom-1992-210f-126-1	Tangir	month	moos	moos		False	Field transcription, not a uniform phonemic analysis; unmarked pitch is not proven absence of lexical tone
Sazin-Backstrom-1992-210f-126-1	Sazin	month	moos	moos		False	Field transcription, not a uniform phonemic analysis; unmarked pitch is not proven absence of lexical tone
Harban-Backstrom-1992-210f-126-1	Harban	month	moos	moos		False	Field transcription, not a uniform phonemic analysis; unmarked pitch is not proven absence of lexical tone
Jalkot-Backstrom-1992-210f-126-1	Jalkot	month	moos	moos		False	Field transcription, not a uniform phonemic analysis; unmarked pitch is not proven absence of lexical tone
Palas-Backstrom-1992-210f-126-1	Palas	month	mõõs	mõõs		False	Field transcription, not a uniform phonemic analysis; unmarked pitch is not proven absence of lexical tone
Kolai-Backstrom-1992-210f-126-1	Kolai	month	moos	moos		False	Field transcription, not a uniform phonemic analysis; unmarked pitch is not proven absence of lexical tone
Gupis-Backstrom-1992-210f-127-1	Gupis	year	kɑl	kɑl		False	Field transcription, not a uniform phonemic analysis; unmarked pitch is not proven absence of lexical tone
Punial-Backstrom-1992-210f-127-1	Punial	year	kɑl	kɑl / ˈbʌ̱rɪṣ̌		False	Field transcription, not a uniform phonemic analysis; unmarked pitch is not proven absence of lexical tone
Punial-Backstrom-1992-210f-127-2	Punial	year	ˈbʌ̱rɪṣ̌	kɑl / ˈbʌ̱rɪṣ̌		True	Field transcription, not a uniform phonemic analysis; unmarked pitch is not proven absence of lexical tone
HunzaNasirabad-Backstrom-1992-210f-127-1	HunzaNasirabad	year	ˈkɑ̀ɑlo	ˈkɑ̀ɑlo / iˈwelo		True	Field transcription, not a uniform phonemic analysis; unmarked pitch is not proven absence of lexical tone
HunzaNasirabad-Backstrom-1992-210f-127-2	HunzaNasirabad	year	iˈwelo	ˈkɑ̀ɑlo / iˈwelo		False	Field transcription, not a uniform phonemic analysis; unmarked pitch is not proven absence of lexical tone
NagarThol-Backstrom-1992-210f-127-1	NagarThol	year	sɑl	sɑl / eˈwelu		False	Field transcription, not a uniform phonemic analysis; unmarked pitch is not proven absence of lexical tone
NagarThol-Backstrom-1992-210f-127-2	NagarThol	year	eˈwelu	sɑl / eˈwelu		False	Field transcription, not a uniform phonemic analysis; unmarked pitch is not proven absence of lexical tone
NagarChalt-Backstrom-1992-210f-127-1	NagarChalt	year	kɑ̀ɑlo̱	kɑ̀ɑlo̱ / ɑˈwelo		True	Field transcription, not a uniform phonemic analysis; unmarked pitch is not proven absence of lexical tone
NagarChalt-Backstrom-1992-210f-127-2	NagarChalt	year	ɑˈwelo	kɑ̀ɑlo̱ / ɑˈwelo		False	Field transcription, not a uniform phonemic analysis; unmarked pitch is not proven absence of lexical tone
Gilgit-Backstrom-1992-210f-127-1	Gilgit	year	kɑɑ́l	kɑɑ́l / ˈbʌrɪṣ̌		True	Field transcription, not a uniform phonemic analysis; unmarked pitch is not proven absence of lexical tone
Gilgit-Backstrom-1992-210f-127-2	Gilgit	year	ˈbʌrɪṣ̌	kɑɑ́l / ˈbʌrɪṣ̌		True	Field transcription, not a uniform phonemic analysis; unmarked pitch is not proven absence of lexical tone
Haramosh-Backstrom-1992-210f-127-1	Haramosh	year	sɑl	sɑl / ɑˈwelo		False	Field transcription, not a uniform phonemic analysis; unmarked pitch is not proven absence of lexical tone
Haramosh-Backstrom-1992-210f-127-2	Haramosh	year	ɑˈwelo	sɑl / ɑˈwelo		False	Field transcription, not a uniform phonemic analysis; unmarked pitch is not proven absence of lexical tone
Bagrot-Backstrom-1992-210f-127-1	Bagrot	year	ɑˈwelo	ɑˈwelo		False	Field transcription, not a uniform phonemic analysis; unmarked pitch is not proven absence of lexical tone
Bunji-Backstrom-1992-210f-127-1	Bunji	year	kɑ̀ɑl	kɑ̀ɑl / sɑl		True	Field transcription, not a uniform phonemic analysis; unmarked pitch is not proven absence of lexical tone
Bunji-Backstrom-1992-210f-127-2	Bunji	year	sɑl	kɑ̀ɑl / sɑl		False	Field transcription, not a uniform phonemic analysis; unmarked pitch is not proven absence of lexical tone
Rondu-Backstrom-1992-210f-127-1	Rondu	year	kɑl	kɑl / ɑˈwelo		False	Field transcription, not a uniform phonemic analysis; unmarked pitch is not proven absence of lexical tone
Rondu-Backstrom-1992-210f-127-2	Rondu	year	ɑˈwelo	kɑl / ɑˈwelo		False	Field transcription, not a uniform phonemic analysis; unmarked pitch is not proven absence of lexical tone
Gahorabad-Backstrom-1992-210f-127-1	Gahorabad	year	kɑɑ́l	kɑɑ́l		True	Field transcription, not a uniform phonemic analysis; unmarked pitch is not proven absence of lexical tone
DashkinAstor-Backstrom-1992-210f-127-1	DashkinAstor	year	sɑl	sɑl / ɑˈwelo		False	Field transcription, not a uniform phonemic analysis; unmarked pitch is not proven absence of lexical tone
DashkinAstor-Backstrom-1992-210f-127-2	DashkinAstor	year	ɑˈwelo	sɑl / ɑˈwelo		False	Field transcription, not a uniform phonemic analysis; unmarked pitch is not proven absence of lexical tone
Astor-Backstrom-1992-210f-127-1	Astor	year	sɑl	sɑl		False	Field transcription, not a uniform phonemic analysis; unmarked pitch is not proven absence of lexical tone
KachuraJel-Backstrom-1992-210f-127-1	KachuraJel	year	kɑl	kɑl / ɑˈwelo		False	Field transcription, not a uniform phonemic analysis; unmarked pitch is not proven absence of lexical tone
KachuraJel-Backstrom-1992-210f-127-2	KachuraJel	year	ɑˈwelo	kɑl / ɑˈwelo		False	Field transcription, not a uniform phonemic analysis; unmarked pitch is not proven absence of lexical tone
Satpara-Backstrom-1992-210f-127-1	Satpara	year	kɑl	kɑl / ɑˈwelo		False	Field transcription, not a uniform phonemic analysis; unmarked pitch is not proven absence of lexical tone
Satpara-Backstrom-1992-210f-127-2	Satpara	year	ɑˈwelo	kɑl / ɑˈwelo		False	Field transcription, not a uniform phonemic analysis; unmarked pitch is not proven absence of lexical tone
Gultari-Backstrom-1992-210f-127-1	Gultari	year	sɑl	sɑl / ɑˈwelo		False	Field transcription, not a uniform phonemic analysis; unmarked pitch is not proven absence of lexical tone
Gultari-Backstrom-1992-210f-127-2	Gultari	year	ɑˈwelo	sɑl / ɑˈwelo		False	Field transcription, not a uniform phonemic analysis; unmarked pitch is not proven absence of lexical tone
Kharmang-Backstrom-1992-210f-127-1	Kharmang	year	sɑl	sɑl / ɑˈwelo		False	Field transcription, not a uniform phonemic analysis; unmarked pitch is not proven absence of lexical tone
Kharmang-Backstrom-1992-210f-127-2	Kharmang	year	ɑˈwelo	sɑl / ɑˈwelo		False	Field transcription, not a uniform phonemic analysis; unmarked pitch is not proven absence of lexical tone
Dras-Backstrom-1992-210f-127-1	Dras	year	ˈbʌẓ̌ɪṣ̌	ˈbʌẓ̌ɪṣ̌		True	Field transcription, not a uniform phonemic analysis; unmarked pitch is not proven absence of lexical tone
ChilasKhinar-Backstrom-1992-210f-127-1	ChilasKhinar	year	kɑl	kɑl		False	Field transcription, not a uniform phonemic analysis; unmarked pitch is not proven absence of lexical tone
ChilasJelil-Backstrom-1992-210f-127-1	ChilasJelil	year	kɑɑ́l	kɑɑ́l		True	Field transcription, not a uniform phonemic analysis; unmarked pitch is not proven absence of lexical tone
Darel-Backstrom-1992-210f-127-1	Darel	year	kɑɑl	kɑɑl		False	Field transcription, not a uniform phonemic analysis; unmarked pitch is not proven absence of lexical tone
Tangir-Backstrom-1992-210f-127-1	Tangir	year	kɑɑl	kɑɑl		False	Field transcription, not a uniform phonemic analysis; unmarked pitch is not proven absence of lexical tone
Sazin-Backstrom-1992-210f-127-1	Sazin	year	kɑl	kɑl		False	Field transcription, not a uniform phonemic analysis; unmarked pitch is not proven absence of lexical tone
Harban-Backstrom-1992-210f-127-1	Harban	year	kɑɑ́l	kɑɑ́l		True	Field transcription, not a uniform phonemic analysis; unmarked pitch is not proven absence of lexical tone
Jalkot-Backstrom-1992-210f-127-1	Jalkot	year	kɑl	kɑl		False	Field transcription, not a uniform phonemic analysis; unmarked pitch is not proven absence of lexical tone
Palas-Backstrom-1992-210f-127-1	Palas	year	kɑl	kɑl		False	Field transcription, not a uniform phonemic analysis; unmarked pitch is not proven absence of lexical tone
Kolai-Backstrom-1992-210f-127-1	Kolai	year	kɑl	kɑl		False	Field transcription, not a uniform phonemic analysis; unmarked pitch is not proven absence of lexical tone
Gupis-Backstrom-1992-210f-129-1	Gupis	new	ˈnɑwo	ˈnɑwo / nɑo		False	Field transcription, not a uniform phonemic analysis; unmarked pitch is not proven absence of lexical tone
Gupis-Backstrom-1992-210f-129-2	Gupis	new	nɑo	ˈnɑwo / nɑo		False	Field transcription, not a uniform phonemic analysis; unmarked pitch is not proven absence of lexical tone
Punial-Backstrom-1992-210f-129-1	Punial	new	nɑ̃u	nɑ̃u		False	Field transcription, not a uniform phonemic analysis; unmarked pitch is not proven absence of lexical tone
HunzaNasirabad-Backstrom-1992-210f-129-1	HunzaNasirabad	new	ˈnɑwo̱	ˈnɑwo̱		False	Field transcription, not a uniform phonemic analysis; unmarked pitch is not proven absence of lexical tone
NagarThol-Backstrom-1992-210f-129-1	NagarThol	new	nɑˈu	nɑˈu		False	Field transcription, not a uniform phonemic analysis; unmarked pitch is not proven absence of lexical tone
NagarChalt-Backstrom-1992-210f-129-1	NagarChalt	new	nɑ̃ũ	nɑ̃ũ		False	Field transcription, not a uniform phonemic analysis; unmarked pitch is not proven absence of lexical tone
Gilgit-Backstrom-1992-210f-129-1	Gilgit	new	nɑ̃u	nɑ̃u		False	Field transcription, not a uniform phonemic analysis; unmarked pitch is not proven absence of lexical tone
Haramosh-Backstrom-1992-210f-129-1	Haramosh	new	nɑ̃ũ	nɑ̃ũ		False	Field transcription, not a uniform phonemic analysis; unmarked pitch is not proven absence of lexical tone
Bagrot-Backstrom-1992-210f-129-1	Bagrot	new	nɑ̃ũ	nɑ̃ũ		False	Field transcription, not a uniform phonemic analysis; unmarked pitch is not proven absence of lexical tone
Bunji-Backstrom-1992-210f-129-1	Bunji	new	nɑu	nɑu		False	Field transcription, not a uniform phonemic analysis; unmarked pitch is not proven absence of lexical tone
Rondu-Backstrom-1992-210f-129-1	Rondu	new	nɑ̃ũ	nɑ̃ũ		False	Field transcription, not a uniform phonemic analysis; unmarked pitch is not proven absence of lexical tone
Gahorabad-Backstrom-1992-210f-129-1	Gahorabad	new	nʌõ	nʌõ		False	Field transcription, not a uniform phonemic analysis; unmarked pitch is not proven absence of lexical tone
DashkinAstor-Backstrom-1992-210f-129-1	DashkinAstor	new	nɑũ	nɑũ		False	Field transcription, not a uniform phonemic analysis; unmarked pitch is not proven absence of lexical tone
Astor-Backstrom-1992-210f-129-1	Astor	new	nᶺũ	nᶺũ		False	Field transcription, not a uniform phonemic analysis; unmarked pitch is not proven absence of lexical tone
KachuraJel-Backstrom-1992-210f-129-1	KachuraJel	new	nɑ̃ũ	nɑ̃ũ		False	Field transcription, not a uniform phonemic analysis; unmarked pitch is not proven absence of lexical tone
Satpara-Backstrom-1992-210f-129-1	Satpara	new	nɑ̃ũ	nɑ̃ũ		False	Field transcription, not a uniform phonemic analysis; unmarked pitch is not proven absence of lexical tone
Gultari-Backstrom-1992-210f-129-1	Gultari	new	ˈnɑʷo	ˈnɑʷo		False	Field transcription, not a uniform phonemic analysis; unmarked pitch is not proven absence of lexical tone
Kharmang-Backstrom-1992-210f-129-1	Kharmang	new	ˈnɑo	ˈnɑo		False	Field transcription, not a uniform phonemic analysis; unmarked pitch is not proven absence of lexical tone
ChilasKhinar-Backstrom-1992-210f-129-1	ChilasKhinar	new	nʌõ	nʌõ		False	Field transcription, not a uniform phonemic analysis; unmarked pitch is not proven absence of lexical tone
ChilasJelil-Backstrom-1992-210f-129-1	ChilasJelil	new	nʌõ	nʌõ		False	Field transcription, not a uniform phonemic analysis; unmarked pitch is not proven absence of lexical tone
Darel-Backstrom-1992-210f-129-1	Darel	new	nɑõ	nɑõ		False	Field transcription, not a uniform phonemic analysis; unmarked pitch is not proven absence of lexical tone
Tangir-Backstrom-1992-210f-129-1	Tangir	new	nɑõ	nɑõ		False	Field transcription, not a uniform phonemic analysis; unmarked pitch is not proven absence of lexical tone
Sazin-Backstrom-1992-210f-129-1	Sazin	new	nʌo	nʌo / noo		False	Field transcription, not a uniform phonemic analysis; unmarked pitch is not proven absence of lexical tone
Sazin-Backstrom-1992-210f-129-2	Sazin	new	noo	nʌo / noo		False	Field transcription, not a uniform phonemic analysis; unmarked pitch is not proven absence of lexical tone
Harban-Backstrom-1992-210f-129-1	Harban	new	nɑɑ	nɑɑ		False	Field transcription, not a uniform phonemic analysis; unmarked pitch is not proven absence of lexical tone
Jalkot-Backstrom-1992-210f-129-1	Jalkot	new	nõ	nõ		False	Field transcription, not a uniform phonemic analysis; unmarked pitch is not proven absence of lexical tone
Palas-Backstrom-1992-210f-129-1	Palas	new	nõ	nõ		False	Field transcription, not a uniform phonemic analysis; unmarked pitch is not proven absence of lexical tone
Kolai-Backstrom-1992-210f-129-1	Kolai	new	ˈno	ˈno / noo		False	Field transcription, not a uniform phonemic analysis; unmarked pitch is not proven absence of lexical tone
Kolai-Backstrom-1992-210f-129-2	Kolai	new	noo	ˈno / noo		False	Field transcription, not a uniform phonemic analysis; unmarked pitch is not proven absence of lexical tone
Gupis-Backstrom-1992-210f-136-1	Gupis	hot	ˈtɑto	ˈtɑto		False	Field transcription, not a uniform phonemic analysis; unmarked pitch is not proven absence of lexical tone
Punial-Backstrom-1992-210f-136-1	Punial	hot	ˈtɑɑto̱	ˈtɑɑto̱		False	Field transcription, not a uniform phonemic analysis; unmarked pitch is not proven absence of lexical tone
HunzaNasirabad-Backstrom-1992-210f-136-1	HunzaNasirabad	hot	ˈtɑɑ́to	ˈtɑɑ́to		True	Field transcription, not a uniform phonemic analysis; unmarked pitch is not proven absence of lexical tone
NagarThol-Backstrom-1992-210f-136-1	NagarThol	hot	ˈtɑɑ́to	ˈtɑɑ́to		True	Field transcription, not a uniform phonemic analysis; unmarked pitch is not proven absence of lexical tone
NagarChalt-Backstrom-1992-210f-136-1	NagarChalt	hot	ˈtɑɑ́tu̱	ˈtɑɑ́tu̱		True	Field transcription, not a uniform phonemic analysis; unmarked pitch is not proven absence of lexical tone
Gilgit-Backstrom-1992-210f-136-1	Gilgit	hot	ˈtɑɑ́to	ˈtɑɑ́to		True	Field transcription, not a uniform phonemic analysis; unmarked pitch is not proven absence of lexical tone
Haramosh-Backstrom-1992-210f-136-1	Haramosh	hot	ˈtɑ̀ɑto̱	ˈtɑ̀ɑto̱		True	Field transcription, not a uniform phonemic analysis; unmarked pitch is not proven absence of lexical tone
Bagrot-Backstrom-1992-210f-136-1	Bagrot	hot	ˈtɑ̀ɑto	ˈtɑ̀ɑto		True	Field transcription, not a uniform phonemic analysis; unmarked pitch is not proven absence of lexical tone
Bunji-Backstrom-1992-210f-136-1	Bunji	hot	ˈtɑɑ́to	ˈtɑɑ́to		True	Field transcription, not a uniform phonemic analysis; unmarked pitch is not proven absence of lexical tone
Rondu-Backstrom-1992-210f-136-1	Rondu	hot	ˈtɑɑto	ˈtɑɑto		False	Field transcription, not a uniform phonemic analysis; unmarked pitch is not proven absence of lexical tone
Gahorabad-Backstrom-1992-210f-136-1	Gahorabad	hot	ˈtɑɑto	ˈtɑɑto		False	Field transcription, not a uniform phonemic analysis; unmarked pitch is not proven absence of lexical tone
DashkinAstor-Backstrom-1992-210f-136-1	DashkinAstor	hot	ˈtɑto	ˈtɑto		False	Field transcription, not a uniform phonemic analysis; unmarked pitch is not proven absence of lexical tone
Astor-Backstrom-1992-210f-136-1	Astor	hot	ˈtɑto	ˈtɑto		False	Field transcription, not a uniform phonemic analysis; unmarked pitch is not proven absence of lexical tone
KachuraJel-Backstrom-1992-210f-136-1	KachuraJel	hot	ˈtɑɑto	ˈtɑɑto		False	Field transcription, not a uniform phonemic analysis; unmarked pitch is not proven absence of lexical tone
Satpara-Backstrom-1992-210f-136-1	Satpara	hot	ˈtɑto	ˈtɑto		False	Field transcription, not a uniform phonemic analysis; unmarked pitch is not proven absence of lexical tone
Gultari-Backstrom-1992-210f-136-1	Gultari	hot	ˈtɑto	ˈtɑto		False	Field transcription, not a uniform phonemic analysis; unmarked pitch is not proven absence of lexical tone
Kharmang-Backstrom-1992-210f-136-1	Kharmang	hot	ˈtɑto	ˈtɑto		False	Field transcription, not a uniform phonemic analysis; unmarked pitch is not proven absence of lexical tone
Dras-Backstrom-1992-210f-136-1	Dras	hot	ˈtɑto	ˈtɑto		False	Field transcription, not a uniform phonemic analysis; unmarked pitch is not proven absence of lexical tone
ChilasKhinar-Backstrom-1992-210f-136-1	ChilasKhinar	hot	ˈtʌto̱	ˈtʌto̱		False	Field transcription, not a uniform phonemic analysis; unmarked pitch is not proven absence of lexical tone
ChilasJelil-Backstrom-1992-210f-136-1	ChilasJelil	hot	ˈtʌto̱	ˈtʌto̱		False	Field transcription, not a uniform phonemic analysis; unmarked pitch is not proven absence of lexical tone
Darel-Backstrom-1992-210f-136-1	Darel	hot	ˈtɑɑto	ˈtɑɑto		False	Field transcription, not a uniform phonemic analysis; unmarked pitch is not proven absence of lexical tone
Tangir-Backstrom-1992-210f-136-1	Tangir	hot	ˈtʌto̱	ˈtʌto̱		False	Field transcription, not a uniform phonemic analysis; unmarked pitch is not proven absence of lexical tone
Sazin-Backstrom-1992-210f-136-1	Sazin	hot	ˈtʌto	ˈtʌto		False	Field transcription, not a uniform phonemic analysis; unmarked pitch is not proven absence of lexical tone
Harban-Backstrom-1992-210f-136-1	Harban	hot	ˈtʌto	ˈtʌto		False	Field transcription, not a uniform phonemic analysis; unmarked pitch is not proven absence of lexical tone
Jalkot-Backstrom-1992-210f-136-1	Jalkot	hot	ˈtʌto̱	ˈtʌto̱		False	Field transcription, not a uniform phonemic analysis; unmarked pitch is not proven absence of lexical tone
Palas-Backstrom-1992-210f-136-1	Palas	hot	ˈtʌto	ˈtʌto		False	Field transcription, not a uniform phonemic analysis; unmarked pitch is not proven absence of lexical tone
Kolai-Backstrom-1992-210f-136-1	Kolai	hot	ˈtʌ̱tʰ	ˈtʌ̱tʰ / ˈtʌto̱		False	Field transcription, not a uniform phonemic analysis; unmarked pitch is not proven absence of lexical tone
Kolai-Backstrom-1992-210f-136-2	Kolai	hot	ˈtʌto̱	ˈtʌ̱tʰ / ˈtʌto̱		False	Field transcription, not a uniform phonemic analysis; unmarked pitch is not proven absence of lexical tone
Gupis-Backstrom-1992-210f-145-1	Gupis	light	lɑˈhʊko	lɑˈhʊko		False	Field transcription, not a uniform phonemic analysis; unmarked pitch is not proven absence of lexical tone
Punial-Backstrom-1992-210f-145-1	Punial	light	ˈloóko̱	ˈloóko̱		True	Field transcription, not a uniform phonemic analysis; unmarked pitch is not proven absence of lexical tone
HunzaNasirabad-Backstrom-1992-210f-145-1	HunzaNasirabad	light	ˈloóko̱	ˈloóko̱		True	Field transcription, not a uniform phonemic analysis; unmarked pitch is not proven absence of lexical tone
NagarThol-Backstrom-1992-210f-145-1	NagarThol	light	ˈloóko	ˈloóko		True	Field transcription, not a uniform phonemic analysis; unmarked pitch is not proven absence of lexical tone
NagarChalt-Backstrom-1992-210f-145-1	NagarChalt	light	ˈloóko̱	ˈloóko̱		True	Field transcription, not a uniform phonemic analysis; unmarked pitch is not proven absence of lexical tone
Gilgit-Backstrom-1992-210f-145-1	Gilgit	light	ˈloóko	ˈloóko		True	Field transcription, not a uniform phonemic analysis; unmarked pitch is not proven absence of lexical tone
Haramosh-Backstrom-1992-210f-145-1	Haramosh	light	ˈloóko̱	ˈloóko̱		True	Field transcription, not a uniform phonemic analysis; unmarked pitch is not proven absence of lexical tone
Bagrot-Backstrom-1992-210f-145-1	Bagrot	light	ˈloóko	ˈloóko		True	Field transcription, not a uniform phonemic analysis; unmarked pitch is not proven absence of lexical tone
Bunji-Backstrom-1992-210f-145-1	Bunji	light	ˈloóko	ˈloóko		True	Field transcription, not a uniform phonemic analysis; unmarked pitch is not proven absence of lexical tone
Rondu-Backstrom-1992-210f-145-1	Rondu	light	ˈloóko̱	ˈloóko̱		True	Field transcription, not a uniform phonemic analysis; unmarked pitch is not proven absence of lexical tone
Gahorabad-Backstrom-1992-210f-145-1	Gahorabad	light	ˈloóko	ˈloóko		True	Field transcription, not a uniform phonemic analysis; unmarked pitch is not proven absence of lexical tone
DashkinAstor-Backstrom-1992-210f-145-1	DashkinAstor	light	ˈloóko̱	ˈloóko̱		True	Field transcription, not a uniform phonemic analysis; unmarked pitch is not proven absence of lexical tone
Astor-Backstrom-1992-210f-145-1	Astor	light	ˈloóko̱	ˈloóko̱		True	Field transcription, not a uniform phonemic analysis; unmarked pitch is not proven absence of lexical tone
KachuraJel-Backstrom-1992-210f-145-1	KachuraJel	light	ˈloóko̱	ˈloóko̱		True	Field transcription, not a uniform phonemic analysis; unmarked pitch is not proven absence of lexical tone
Satpara-Backstrom-1992-210f-145-1	Satpara	light	ˈloóko̱	ˈloóko̱		True	Field transcription, not a uniform phonemic analysis; unmarked pitch is not proven absence of lexical tone
Gultari-Backstrom-1992-210f-145-1	Gultari	light	ˈloóko̱	ˈloóko̱		True	Field transcription, not a uniform phonemic analysis; unmarked pitch is not proven absence of lexical tone
Kharmang-Backstrom-1992-210f-145-1	Kharmang	light	ˈlooko	ˈlooko		False	Field transcription, not a uniform phonemic analysis; unmarked pitch is not proven absence of lexical tone
Dras-Backstrom-1992-210f-145-1	Dras	light	ˈloko	ˈloko		False	Field transcription, not a uniform phonemic analysis; unmarked pitch is not proven absence of lexical tone
ChilasKhinar-Backstrom-1992-210f-145-1	ChilasKhinar	light	lɑˈhokʰu̱	lɑˈhokʰu̱		False	Field transcription, not a uniform phonemic analysis; unmarked pitch is not proven absence of lexical tone
ChilasJelil-Backstrom-1992-210f-145-1	ChilasJelil	light	lɑˈhokʰu̱	lɑˈhokʰu̱ / loóko		False	Field transcription, not a uniform phonemic analysis; unmarked pitch is not proven absence of lexical tone
ChilasJelil-Backstrom-1992-210f-145-2	ChilasJelil	light	loóko	lɑˈhokʰu̱ / loóko		True	Field transcription, not a uniform phonemic analysis; unmarked pitch is not proven absence of lexical tone
Darel-Backstrom-1992-210f-145-1	Darel	light	lɑˈoko	lɑˈoko		False	Field transcription, not a uniform phonemic analysis; unmarked pitch is not proven absence of lexical tone
Tangir-Backstrom-1992-210f-145-1	Tangir	light	lɑˈhuko	lɑˈhuko		False	Field transcription, not a uniform phonemic analysis; unmarked pitch is not proven absence of lexical tone
Sazin-Backstrom-1992-210f-145-1	Sazin	light	lɑˈhuko	lɑˈhuko		False	Field transcription, not a uniform phonemic analysis; unmarked pitch is not proven absence of lexical tone
Harban-Backstrom-1992-210f-145-1	Harban	light	lɑˈoko	lɑˈoko		False	Field transcription, not a uniform phonemic analysis; unmarked pitch is not proven absence of lexical tone
Jalkot-Backstrom-1992-210f-145-1	Jalkot	light	lɑˈhoku̱	lɑˈhoku̱ / lɑˈʰoku̥		False	Field transcription, not a uniform phonemic analysis; unmarked pitch is not proven absence of lexical tone
Jalkot-Backstrom-1992-210f-145-2	Jalkot	light	lɑˈʰoku̥	lɑˈhoku̱ / lɑˈʰoku̥		False	Field transcription, not a uniform phonemic analysis; unmarked pitch is not proven absence of lexical tone
Palas-Backstrom-1992-210f-145-1	Palas	light	lɑˈhoku̱	lɑˈhoku̱		False	Field transcription, not a uniform phonemic analysis; unmarked pitch is not proven absence of lexical tone
Kolai-Backstrom-1992-210f-145-1	Kolai	light	lɑˈhuko̥	lɑˈhuko̥ / lɑˈʰuko̥		False	Field transcription, not a uniform phonemic analysis; unmarked pitch is not proven absence of lexical tone
Kolai-Backstrom-1992-210f-145-2	Kolai	light	lɑˈʰuko̥	lɑˈhuko̥ / lɑˈʰuko̥		False	Field transcription, not a uniform phonemic analysis; unmarked pitch is not proven absence of lexical tone
Gupis-Backstrom-1992-210f-150-1	Gupis	red	luˈhilo	luˈhilo		False	Field transcription, not a uniform phonemic analysis; unmarked pitch is not proven absence of lexical tone
Punial-Backstrom-1992-210f-150-1	Punial	red	ˈloólʸo̱	ˈloólʸo̱		True	Field transcription, not a uniform phonemic analysis; unmarked pitch is not proven absence of lexical tone
HunzaNasirabad-Backstrom-1992-210f-150-1	HunzaNasirabad	red	luˈʷo̱	luˈʷo̱		False	Field transcription, not a uniform phonemic analysis; unmarked pitch is not proven absence of lexical tone
NagarThol-Backstrom-1992-210f-150-1	NagarThol	red	ˈloⁱlu	ˈloⁱlu / ˈlɑⁱlu		False	Field transcription, not a uniform phonemic analysis; unmarked pitch is not proven absence of lexical tone
NagarThol-Backstrom-1992-210f-150-2	NagarThol	red	ˈlɑⁱlu	ˈloⁱlu / ˈlɑⁱlu		False	Field transcription, not a uniform phonemic analysis; unmarked pitch is not proven absence of lexical tone
NagarChalt-Backstrom-1992-210f-150-1	NagarChalt	red	lou	lou		False	Field transcription, not a uniform phonemic analysis; unmarked pitch is not proven absence of lexical tone
Gilgit-Backstrom-1992-210f-150-1	Gilgit	red	ˈloólʸo	ˈloólʸo		True	Field transcription, not a uniform phonemic analysis; unmarked pitch is not proven absence of lexical tone
Haramosh-Backstrom-1992-210f-150-1	Haramosh	red	loo	loo / ˈlolo / ˈlowo		False	Field transcription, not a uniform phonemic analysis; unmarked pitch is not proven absence of lexical tone
Haramosh-Backstrom-1992-210f-150-2	Haramosh	red	ˈlolo	loo / ˈlolo / ˈlowo		False	Field transcription, not a uniform phonemic analysis; unmarked pitch is not proven absence of lexical tone
Haramosh-Backstrom-1992-210f-150-3	Haramosh	red	ˈlowo	loo / ˈlolo / ˈlowo		False	Field transcription, not a uniform phonemic analysis; unmarked pitch is not proven absence of lexical tone
Bagrot-Backstrom-1992-210f-150-1	Bagrot	red	loo	loo		False	Field transcription, not a uniform phonemic analysis; unmarked pitch is not proven absence of lexical tone
Bunji-Backstrom-1992-210f-150-1	Bunji	red	loo	loo		False	Field transcription, not a uniform phonemic analysis; unmarked pitch is not proven absence of lexical tone
Rondu-Backstrom-1992-210f-150-1	Rondu	red	loo	loo		False	Field transcription, not a uniform phonemic analysis; unmarked pitch is not proven absence of lexical tone
Gahorabad-Backstrom-1992-210f-150-1	Gahorabad	red	ˈlolo	ˈlolo		False	Field transcription, not a uniform phonemic analysis; unmarked pitch is not proven absence of lexical tone
DashkinAstor-Backstrom-1992-210f-150-1	DashkinAstor	red	ˈloólo̱	ˈloólo̱		True	Field transcription, not a uniform phonemic analysis; unmarked pitch is not proven absence of lexical tone
Astor-Backstrom-1992-210f-150-1	Astor	red	ˈloólo̱	ˈloólo̱		True	Field transcription, not a uniform phonemic analysis; unmarked pitch is not proven absence of lexical tone
KachuraJel-Backstrom-1992-210f-150-1	KachuraJel	red	ˈlolo	ˈlolo / ˈlolʸo		False	Field transcription, not a uniform phonemic analysis; unmarked pitch is not proven absence of lexical tone
KachuraJel-Backstrom-1992-210f-150-2	KachuraJel	red	ˈlolʸo	ˈlolo / ˈlolʸo		False	Field transcription, not a uniform phonemic analysis; unmarked pitch is not proven absence of lexical tone
Satpara-Backstrom-1992-210f-150-1	Satpara	red	ˈlolo	ˈlolo		False	Field transcription, not a uniform phonemic analysis; unmarked pitch is not proven absence of lexical tone
Gultari-Backstrom-1992-210f-150-1	Gultari	red	ˈloólo̱	ˈloólo̱		True	Field transcription, not a uniform phonemic analysis; unmarked pitch is not proven absence of lexical tone
Kharmang-Backstrom-1992-210f-150-1	Kharmang	red	ˈlolo	ˈlolo		False	Field transcription, not a uniform phonemic analysis; unmarked pitch is not proven absence of lexical tone
Dras-Backstrom-1992-210f-150-1	Dras	red	ˈlolo	ˈlolo		False	Field transcription, not a uniform phonemic analysis; unmarked pitch is not proven absence of lexical tone
ChilasKhinar-Backstrom-1992-210f-150-1	ChilasKhinar	red	ˈlilo	ˈlilo / ˈlolo		False	Field transcription, not a uniform phonemic analysis; unmarked pitch is not proven absence of lexical tone
ChilasKhinar-Backstrom-1992-210f-150-2	ChilasKhinar	red	ˈlolo	ˈlilo / ˈlolo		False	Field transcription, not a uniform phonemic analysis; unmarked pitch is not proven absence of lexical tone
ChilasJelil-Backstrom-1992-210f-150-1	ChilasJelil	red	ˈlilo	ˈlilo / ˈlolo / lɪˈhilo		False	Field transcription, not a uniform phonemic analysis; unmarked pitch is not proven absence of lexical tone
ChilasJelil-Backstrom-1992-210f-150-2	ChilasJelil	red	ˈlolo	ˈlilo / ˈlolo / lɪˈhilo		False	Field transcription, not a uniform phonemic analysis; unmarked pitch is not proven absence of lexical tone
ChilasJelil-Backstrom-1992-210f-150-3	ChilasJelil	red	lɪˈhilo	ˈlilo / ˈlolo / lɪˈhilo		False	Field transcription, not a uniform phonemic analysis; unmarked pitch is not proven absence of lexical tone
Darel-Backstrom-1992-210f-150-1	Darel	red	ˈliilo	ˈliilo		False	Field transcription, not a uniform phonemic analysis; unmarked pitch is not proven absence of lexical tone
Tangir-Backstrom-1992-210f-150-1	Tangir	red	luˈhilo	luˈhilo		False	Field transcription, not a uniform phonemic analysis; unmarked pitch is not proven absence of lexical tone
Sazin-Backstrom-1992-210f-150-1	Sazin	red	luˈhilo	luˈhilo		False	Field transcription, not a uniform phonemic analysis; unmarked pitch is not proven absence of lexical tone
Harban-Backstrom-1992-210f-150-1	Harban	red	luˈelo	luˈelo / ˈlolo		False	Field transcription, not a uniform phonemic analysis; unmarked pitch is not proven absence of lexical tone
Harban-Backstrom-1992-210f-150-2	Harban	red	ˈlolo	luˈelo / ˈlolo		False	Field transcription, not a uniform phonemic analysis; unmarked pitch is not proven absence of lexical tone
Jalkot-Backstrom-1992-210f-150-1	Jalkot	red	lɪ̱ˈhilo̱	lɪ̱ˈhilo̱		False	Field transcription, not a uniform phonemic analysis; unmarked pitch is not proven absence of lexical tone
Palas-Backstrom-1992-210f-150-1	Palas	red	li̱ˈhilu	li̱ˈhilu		False	Field transcription, not a uniform phonemic analysis; unmarked pitch is not proven absence of lexical tone
Kolai-Backstrom-1992-210f-150-1	Kolai	red	li̱ˈhɪlo̱	li̱ˈhɪlo̱		False	Field transcription, not a uniform phonemic analysis; unmarked pitch is not proven absence of lexical tone
