Entry_ID	Form_ID	Word	Gloss	Flags	Headword	Head_Strategy	Source	Tags
d5	f_khdmytkmvtoze	Coronilla grandiflora	</i> or <i>	uncontracted-comparison-candidate	akatti	dedr-reflex	dedr	
d83	f_jplcqgt23bwnq	aḍucu-konu	to become obstructed or choked, be stopped, choke	uncontracted-comparison-candidate	**aṭV-	krishnamurti-pfeiffer	dedr	
d72	f_a57tvmje7sedi	aḍugu	foot, footstep, footprint, step, pace, measure of a foot, bottom, basis	uncontracted-comparison-candidate	*aṭ-V	krishnamurti-pfeiffer	dedr	
d72	f_b6gtt7wm2j7f4	aḍime	slavery, slave, bondman	uncontracted-comparison-candidate	*aṭ-V	krishnamurti-pfeiffer	dedr	
d72	f_gypbn732abyeu	aḍiyãḍu	slave, servant	uncontracted-comparison-candidate	*aṭ-V	krishnamurti-pfeiffer	dedr	
d72	f_c62oge5qf5sra	aḍi-gaṟṟa	sandal, wooden shoe	uncontracted-comparison-candidate	*aṭ-V	krishnamurti-pfeiffer	dedr	
d587	f_cv4l4xl2sicn4	uḍupu	a suit of clothes, dress	uncontracted-comparison-candidate	*uḍ-	merriam-pdr	dedr	
d1109	f_6sc4jqt5r4bvq	kaḍacu	to pass, elapse; pass over, cross, transgress, exceed	uncontracted-comparison-candidate	*kaṭ-ay	krishnamurti-pfeiffer	dedr	
d1109	f_kvl35iz7twseu	gaḍacu	to pass, elapse; pass over, cross, transgress, exceed	uncontracted-comparison-candidate	*kaṭ-ay	krishnamurti-pfeiffer	dedr	
d1109	f_xflv2nyhknqp2	gaḍucu	to pass, elapse; pass over, cross, transgress, exceed	uncontracted-comparison-candidate	*kaṭ-ay	krishnamurti-pfeiffer	dedr	
d1109	f_nrbuw62tpux4y	kaḍapu	to pass, cause to pass or elapse, put off, defer, drive, push	uncontracted-comparison-candidate	*kaṭ-ay	krishnamurti-pfeiffer	dedr	
d1109	f_sadwlj3o5cs74	gaḍupu	to pass, cause to pass or elapse, put off, defer, drive, push	uncontracted-comparison-candidate	*kaṭ-ay	krishnamurti-pfeiffer	dedr	
d1109	f_o7vj6dzmuan6y	kaḍa	end, extremity, place, direction, vicinity	uncontracted-comparison-candidate	*kaṭ-ay	krishnamurti-pfeiffer	dedr	
d1109	f_ypp3df24wxdgw	kaḍagoṭṭu	to die; the youngest, last	uncontracted-comparison-candidate	*kaṭ-ay	krishnamurti-pfeiffer	dedr	adj
d1109	f_swn7zrs4qqopy	kaḍacanu	to die, be destroyed or lost, be completed; cross, pass over	uncontracted-comparison-candidate	*kaṭ-ay	krishnamurti-pfeiffer	dedr	
d1109	f_h2mffz54ydrpk	kaḍategu	to end, come to a close	uncontracted-comparison-candidate	*kaṭ-ay	krishnamurti-pfeiffer	dedr	
d1109	f_dw2hnnwlekcjm	kaḍapa	threshold	uncontracted-comparison-candidate	*kaṭ-ay	krishnamurti-pfeiffer	dedr	
d1109	f_egltzh27uycda	gaḍapa	threshold	uncontracted-comparison-candidate	*kaṭ-ay	krishnamurti-pfeiffer	dedr	
d1109	f_mcv7423dslupu	kaḍapaṭa	at last	uncontracted-comparison-candidate	*kaṭ-ay	krishnamurti-pfeiffer	dedr	
d1109	f_6bdmwjnogxqyo	kaḍapaṭi	last, final	uncontracted-comparison-candidate	*kaṭ-ay	krishnamurti-pfeiffer	dedr	
d1109	f_2i5e2fen6xvru	kaḍapala	the end	uncontracted-comparison-candidate	*kaṭ-ay	krishnamurti-pfeiffer	dedr	
d1109	f_roapvop7hw34s	kaḍama	remainder; remaining	uncontracted-comparison-candidate	*kaṭ-ay	krishnamurti-pfeiffer	dedr	
d1109	f_zabm6lf3d7ym6	gaḍuvu	term, period, or limit of time, appointed time within which action is to be performed	uncontracted-comparison-candidate	*kaṭ-ay	krishnamurti-pfeiffer	dedr	
d1123	f_avvhjxxx44ayq	krēpu	calf (? or with 1594 Ta.ciṟu)	initial-apical-or-cluster;initial-cluster	*kaṭ-ac-	krishnamurti-pfeiffer	dedr	
d1148	f_7wgfkokapvuh6	gaḍusu	hard, firm	uncontracted-comparison-candidate	*gaṭ-	merriam-pdr	dedr	
d1116	f_ifbdgwsoghehi	kaḍāmi-ceṭṭu	id	uncontracted-comparison-candidate	*kaṭ-ampu	krishnamurti-pfeiffer	dedr	
d1116	f_tyu465th3logw	kaḍimi	id	uncontracted-comparison-candidate	*kaṭ-ampu	krishnamurti-pfeiffer	dedr	
d1265	f_dgwb6meqvl4ps	kara	sharp	uncontracted-comparison-candidate	**karVccV-	krishnamurti-pfeiffer	dedr	
d1265	f_dxu4ikecfgnvi	karagasamu	a saw	uncontracted-comparison-candidate	**karVccV-	krishnamurti-pfeiffer	dedr	
d1265	f_xfvwm2yv4dl3o	karakasa	roughness	uncontracted-comparison-candidate	**karVccV-	krishnamurti-pfeiffer	dedr	
d1265	f_zxhzul7yhpgua	karusu	rough, harsh; harsh words	uncontracted-comparison-candidate	**karVccV-	krishnamurti-pfeiffer	dedr	
d1265	f_lfnv7qaxt5kx2	kaṟaku	harshness, roughness, sharpness; rough, harsh, sharp	uncontracted-comparison-candidate	**karVccV-	krishnamurti-pfeiffer	dedr	
d1265	f_oh4m3uke3k6zk	kaṟuku	harshness, roughness, sharpness; rough, harsh, sharp	uncontracted-comparison-candidate	**karVccV-	krishnamurti-pfeiffer	dedr	
d1265	f_gxclsocloyduw	gari	hardness, stiffness, sharpness	uncontracted-comparison-candidate	**karVccV-	krishnamurti-pfeiffer	dedr	
d1265	f_bemlyo7ofjuzk	karaṭi	stubborn, brutish, villainous	uncontracted-comparison-candidate	**karVccV-	krishnamurti-pfeiffer	dedr;B-Telugu	
d2069	f_kpx67tojgn3pk	kuriḍī	dried whole kernel of coconut	uncontracted-comparison-candidate	*koṭṭay	krishnamurti-pfeiffer	dedr	
d1297	f_gozudxtpdhssg	kaṟacu	to learn, study	uncontracted-comparison-candidate	*kal-	krishnamurti-pfeiffer	dedr	
d1297	f_amzylh5xmxx6o	kaṟapu	to teach; instigation, incitement	uncontracted-comparison-candidate	*kal-	krishnamurti-pfeiffer	dedr	noun
d1297	f_rkvkqazsuyhio	kaṟapincu	to cause to teach	uncontracted-comparison-candidate	*kal-	krishnamurti-pfeiffer	dedr	
d1297	f_xbaren7nbq4jk	kaṟudu	ability, skill, cleverness	uncontracted-comparison-candidate	*kal-	krishnamurti-pfeiffer	dedr	
d1297	f_f3rhqy7t7jeyi	kala	an art, a science	uncontracted-comparison-candidate	*kal-	krishnamurti-pfeiffer	dedr	
d1651	f_6gtcmghf7brii	kuḍaka	cup, bowl, scoop, any cup-like thing	uncontracted-comparison-candidate	*kuṭak(k)a-	krishnamurti-pfeiffer	dedr	
d1651	f_gm4r35ddtzin6	kuḍuka	cup, bowl, scoop, any cup-like thing	uncontracted-comparison-candidate	*kuṭak(k)a-	krishnamurti-pfeiffer	dedr	
d1651	f_be7dvhy5f25h2	guḍaka	a coconut or other similar shell	uncontracted-comparison-candidate	*kuṭak(k)a-	krishnamurti-pfeiffer	dedr	
d1651	f_yza4gnyiksibg	guḍaka	shell of a fruit prepared to serve as a snuff-box, etc., small metal box	uncontracted-comparison-candidate	*kuṭak(k)a-	krishnamurti-pfeiffer	dedr	
d1651	f_v6zmcdpfmyngi	kuḍaka	shell of a fruit prepared to serve as a snuff-box, etc., small metal box	uncontracted-comparison-candidate	*kuṭak(k)a-	krishnamurti-pfeiffer	dedr	
d1650	f_thjr52aau27wc	koḍise	W. tinctoria	uncontracted-comparison-candidate	kuṭacam	dedr-reflex	dedr	
d1650	f_gw7g7tfwind4u	koḍise-pāla	W. tinctoria	uncontracted-comparison-candidate	kuṭacam	dedr-reflex	dedr	
d1655	f_e32er5b2upczs	koṭika	hamlet	uncontracted-comparison-candidate	*gùḍ-	merriam-pdr	dedr	
d1655	f_cgwkvjm6m3az4	guḍi	temple	uncontracted-comparison-candidate	*gùḍ-	merriam-pdr	dedr	
d1655	f_4xpfx2e5xty3a	guḍise	hut, cottage, hovel	uncontracted-comparison-candidate	*gùḍ-	merriam-pdr	dedr	
d1827	f_oi2bcdm4etzfw	kola	measurement	uncontracted-comparison-candidate	*kUḷag-	merriam-pdr	dedr	
d1827	f_m6a3aomigypdi	kolagā̃ḍu	one who measures grain	uncontracted-comparison-candidate	*kUḷag-	merriam-pdr	dedr	
d1827	f_k472qj2h7l7dk	kolucu	to measure	uncontracted-comparison-candidate	*kUḷag-	merriam-pdr	dedr;burrow-emeneau1972den1[p. 404, entry 1517]	
d1822	f_fao23wizo6rio	kruḷḷu	to rot, putrefy, decay; sorrow, grieve; rotten, putrid, decomposed	initial-apical-or-cluster;initial-cluster	**koẓVcV-	krishnamurti-pfeiffer	dedr	adj
d1822	f_lxgzw4b2qieyo	kruḷḷagincu	to grieve, sorrow	initial-apical-or-cluster;initial-cluster	**koẓVcV-	krishnamurti-pfeiffer	dedr	
d1822	f_vvjbp3uckoqik	kruḷḷaginta	grief, sorrow	initial-apical-or-cluster;initial-cluster	**koẓVcV-	krishnamurti-pfeiffer	dedr	
d2149	f_ti4dmnqgr73ha	krotta	(in cpds.kro-) new, fresh	initial-apical-or-cluster;initial-cluster	*koẓ-utt-V	krishnamurti-pfeiffer	dedr	
d2149	f_l3bro5g6w72gu	koḍuku	son	uncontracted-comparison-candidate	*koẓ-utt-V	krishnamurti-pfeiffer	dedr	
d1865	f_af4ogb3rro7ga	gurija	seed of <i> A. precatorius	uncontracted-comparison-candidate	*kunṯ-i	krishnamurti-pfeiffer	dedr	
d1865	f_7zug5qpxe3cmg	gurivenda	seed of <i> A. precatorius	uncontracted-comparison-candidate	*kunṯ-i	krishnamurti-pfeiffer	dedr	
d1865	f_bl5zpbfg4qrz4	guri-ginja	seed of <i> A. precatorius	uncontracted-comparison-candidate	*kunṯ-i	krishnamurti-pfeiffer	dedr	
d1865	f_3zjfdo5kym5rm	guru-ginja	seed of <i> A. precatorius	uncontracted-comparison-candidate	*kunṯ-i	krishnamurti-pfeiffer	dedr;B-Telugu;K-also-Telugu	
d449	f_buuj23gzuhmjs	eḍama	left, left-hand, the left-hand side	uncontracted-comparison-candidate	*iṭai	krishnamurti-pfeiffer	dedr	
d449	f_mmtxxcdbtyt44	ḍā	left. Kol	initial-apical-or-cluster	*iṭai	krishnamurti-pfeiffer	dedr	
d3411	f_7a75pyar2zzwy	treḍḍu	wooden ladle or spoon, oar or paddle	initial-apical-or-cluster;initial-cluster	*ṭaḍ	merriam-pdr	dedr	
d3393	f_tf2dppvvpotu4	truppuḍu	feather, hair, down	initial-apical-or-cluster;initial-cluster	tūval	dedr-reflex	dedr	
d4198	f_k5zwp7epomwxw	pilaka	a young one, young shoot	uncontracted-comparison-candidate	*piḷ-	merriam-pdr	dedr	
d4198	f_4ahtcwmpzf3ke	piluka	a young one, young shoot	uncontracted-comparison-candidate	*piḷ-	merriam-pdr	dedr	
d4973	f_zr54mji7567xy	morayu	to sound, resound	uncontracted-comparison-candidate	*mur-	merriam-pdr	dedr	
d4973	f_i4vjnfmoubsu6	morayika	sound, noise	uncontracted-comparison-candidate	*mur-	merriam-pdr	dedr	
d4973	f_av5dpf4tmb4cu	morapamu	sound, noise	uncontracted-comparison-candidate	*mur-	merriam-pdr	dedr	
d4973	f_zvl5ednachsvg	mrō̃gu	to sound (or with 4989 Ta.mur̤aṅku); mrō̃guḍu, mrō̃tasound	initial-apical-or-cluster;initial-cluster	*mur-	merriam-pdr	dedr	
d4973	f_ve6opn657vmzw	mrōyu	to sound (or with 4989 Ta.mur̤aṅku); mrō̃guḍu, mrō̃tasound	initial-apical-or-cluster;initial-cluster	*mur-	merriam-pdr	dedr	
d4973	f_ozuzormjwxpma	mrōvu	to sound (or with 4989 Ta.mur̤aṅku); mrō̃guḍu, mrō̃tasound	initial-apical-or-cluster;initial-cluster	*mur-	merriam-pdr	dedr	
d1	f_imotfp6673cva	aṭu	thus	uncontracted-comparison-candidate	*aṯṯ-	krishnamurti-pfeiffer	dedr	
d1	f_x22ypm5tyvp4m	aṭula	thus	uncontracted-comparison-candidate	*aṯṯ-	krishnamurti-pfeiffer	dedr	
d1	f_37tg6lgjbsuro	aṭulu	thus	uncontracted-comparison-candidate	*aṯṯ-	krishnamurti-pfeiffer	dedr	
d1	f_fg52n4z6vnhlg	ala	that, that well-known or celebrated	uncontracted-comparison-candidate	*aṯṯ-	krishnamurti-pfeiffer	dedr	
d1	f_dm4tsufqqyfgo	aṭa	there, then, afterwards	uncontracted-comparison-candidate	*aṯṯ-	krishnamurti-pfeiffer	dedr	
d61	f_nhqmog2x777im	aḍarincu	to discharge, shoot (as an arrow or other missile). DEDS 13	uncontracted-comparison-candidate	aḍakuni	dedr-reflex	dedr	
d61	f_3q5xbq5rhq75c	aḍarucu	to discharge, shoot (as an arrow or other missile). DEDS 13	uncontracted-comparison-candidate	aḍakuni	dedr-reflex	dedr	
d63	f_jyl2im2bylpky	aḍagu	to yield, submit, be humbled	uncontracted-comparison-candidate	*aṭ-a-nk-	krishnamurti-pfeiffer	dedr	
d63	f_y26xgjb2tqa5u	aḍācu	to suppress, humble, subject	uncontracted-comparison-candidate	*aṭ-a-nk-	krishnamurti-pfeiffer	dedr	
d63	f_ba2xhgycj3vys	aḍacu	to suppress, humble, subject	uncontracted-comparison-candidate	*aṭ-a-nk-	krishnamurti-pfeiffer	dedr	
d63	f_t3fheoo3l4w6i	aḍākuva	humility, modesty, submissiveness	uncontracted-comparison-candidate	*aṭ-a-nk-	krishnamurti-pfeiffer	dedr	
d63	f_i77nwvutqgc7i	ḍā̃gu	to lie hidden	initial-apical-or-cluster	*aṭ-a-nk-	krishnamurti-pfeiffer	dedr	
d63	f_6rdekkcsrmxj4	ḍāgu	to lie hidden	initial-apical-or-cluster	*aṭ-a-nk-	krishnamurti-pfeiffer	dedr	
d63	f_qmdjzaq6yae3q	ḍā̃cu	to hide, conceal	initial-apical-or-cluster	*aṭ-a-nk-	krishnamurti-pfeiffer	dedr	
d63	f_ccljx3athxqva	ḍācu	to hide, conceal	initial-apical-or-cluster	*aṭ-a-nk-	krishnamurti-pfeiffer	dedr	
d64	f_26rtmygv6su5a	aḍapamu	pouch for betel leaves and nuts, a barber's case for keeping razors, etc	uncontracted-comparison-candidate	*aṭ-a-ppay	krishnamurti-pfeiffer	dedr	
d64	f_khhlvdoxcql3g	haḍapamu	pouch for betel leaves and nuts, a barber's case for keeping razors, etc	uncontracted-comparison-candidate	*aṭ-a-ppay	krishnamurti-pfeiffer	dedr	
d75	f_npdkiu6aup6ci	aṭika	a small earthen pot with a large mouth	uncontracted-comparison-candidate	**aṭV	krishnamurti-pfeiffer	dedr	
d76	f_km5iruujn6hz2	aḍugaṇṭu	to dry up, become exhausted	uncontracted-comparison-candidate	*aṭṭu	krishnamurti-pfeiffer	dedr	
d76	f_2y6vxshlckupi	aḍasāla	kitchen, cook-room	uncontracted-comparison-candidate	*aṭṭu	krishnamurti-pfeiffer	dedr	
d77	f_gyswcvqfxkoiu	aḍucu	to beat, strike, break, destroy	uncontracted-comparison-candidate	*aḍV́-	merriam-pdr	dedr	
d77	f_5om2wvp6x5pcu	aḍupu	a stroke, blow	uncontracted-comparison-candidate	*aḍV́-	merriam-pdr	dedr	
d77	f_e5iah74rikmqu	aḍaru	"(Tikkana; comm. by Velcheru Narayana Rao and George L. Hart<xref=""iii"">III</xref=""iii"">) to fight, do battle, kill"	uncontracted-comparison-candidate	*aḍV́-	merriam-pdr	dedr	
d77	f_yclhpsvgoowz6	ḍancu	to pound, beat, clean grain in a mortar	initial-apical-or-cluster	*aḍV́-	merriam-pdr	dedr;K-Telugu;K-also-Telugu	
d77	f_vamndeveceg4i	ḍaŋgu	to be pounded or cleaned (as rice, etc.)	initial-apical-or-cluster	*aḍV́-	merriam-pdr	dedr;K-Telugu;K-also-Telugu	
d77	f_6lx7go45ynmnm	aḍukulu	rice wetted, parched and flattened, beaten rice	uncontracted-comparison-candidate	*aḍV́-	merriam-pdr	dedr	
d77	f_u6oomjfkmzwiw	aṭukulu	rice wetted, parched and flattened, beaten rice	uncontracted-comparison-candidate	*aḍV́-	merriam-pdr	dedr;burrow-emeneau1972den1[p. 399, entry 67]	pl
d78	f_uozmojogquqli	aḍaru	to be fit or proper	uncontracted-comparison-candidate	*aḍú-	merriam-pdr	dedr	
d79	f_xcacbitxwveko	aḍaru	to arise, issue	uncontracted-comparison-candidate	*aḍV́-	merriam-pdr	dedr	
d79	f_yq3xcphvgf2xs	ḍāyu	to approach	initial-apical-or-cluster	*aḍV́-	merriam-pdr	dedr	intr tr
d79	f_ru77w6g7s5kui	ḍaggaṟu	to approach	initial-apical-or-cluster	*aḍV́-	merriam-pdr	dedr	intr tr
d79	f_52de2l2gjglkq	ḍāpu	nearness	initial-apical-or-cluster	*aḍV́-	merriam-pdr	dedr	
d79	f_6ud64zlrr5o3a	ḍaggaṟa	nearness	initial-apical-or-cluster	*aḍV́-	merriam-pdr	dedr	
d80	f_z3onimgv2kbbe	aḍuku	to pile up, arrange in a set or series; a series or set of things, a compact pile of articles	uncontracted-comparison-candidate	aṭukku	dedr-reflex	dedr	noun
d81	f_ssqxolnzzhyuq	aḍugu	to ask, question, beg, solicit, request, demand	uncontracted-comparison-candidate	*aḍ-[úg-]	merriam-pdr	dedr	
d84	f_p63j66pzb5y4w	aḍaru	to increase; increase, excess	uncontracted-comparison-candidate	aṭai	dedr-reflex	dedr	noun
d84	f_udy2vnaz6nh2i	aḍi	excessive, great	uncontracted-comparison-candidate	aṭai	dedr-reflex	dedr	
d84	f_qlr7ichhhihvy	aḍa	a lump, clot, mass	uncontracted-comparison-candidate	aṭai	dedr-reflex	dedr	
d86	f_fwhhaejmlon5s	ḍā-kali	anvil	initial-apical-or-cluster	aṭai	dedr-reflex	dedr	
d86	f_6lm5yuchfts6k	ḍā-kallu	anvil	initial-apical-or-cluster	aṭai	dedr-reflex	dedr	
d88	f_wtio2gesroslw	aḍa-kattu	nippers for cutting betel-nuts, betelnut cracker	uncontracted-comparison-candidate	*aṭ-ay-kkāy	krishnamurti-pfeiffer	dedr	
d88	f_i3kdjtgtub5tq	aḍa-kottu	nippers for cutting betel-nuts, betelnut cracker	uncontracted-comparison-candidate	*aṭ-ay-kkāy	krishnamurti-pfeiffer	dedr	
d88	f_olnrtertjnd6q	aḍa-katti	nippers for cutting betel-nuts, betelnut cracker	uncontracted-comparison-candidate	*aṭ-ay-kkāy	krishnamurti-pfeiffer	dedr;B-Telugu;K-also-Telugu	
d88	f_zjn6k7u4v6agu	aḍapa	lady in waiting, who carries her mistress's betel-nut pouch	uncontracted-comparison-candidate	*aṭ-ay-kkāy	krishnamurti-pfeiffer	dedr	
d88	f_oe5gof547efpk	aḍapakatte	lady in waiting, who carries her mistress's betel-nut pouch	uncontracted-comparison-candidate	*aṭ-ay-kkāy	krishnamurti-pfeiffer	dedr	
d88	f_xml7guxyyfdbu	aḍapakā̃ḍu	servant who carries his master's betel-nut pouch. DED 78	uncontracted-comparison-candidate	*aṭ-ay-kkāy	krishnamurti-pfeiffer	dedr	
d89	f_vusva7tdjpzmw	aḍiyālamu	sign, token. DED 79	uncontracted-comparison-candidate	aṭaiyāḷam	dedr-reflex	dedr	
d93	f_gw4id3ymousgi	aṭuka	loft under the roof of a house	uncontracted-comparison-candidate	*áṭa-	merriam-pdr	dedr	
d109	f_rwxnwm2joxujy	ḍappi	thirst	initial-apical-or-cluster	*aḌ[Ḍ]- (?)	merriam-pdr	dedr	
d111	f_taghd2mxptavg	aḍakincu	to ridicule	uncontracted-comparison-candidate	*aṇV́-	merriam-pdr	dedr	
d127	f_afmhuruyokrry	aḍigamu	a sort of pannier. DED(S) 107	uncontracted-comparison-candidate	aṇḍige	dedr-reflex	dedr	
d201	f_oirium6xczgvc	arusu	king	uncontracted-comparison-candidate	aracaṉ	dedr-reflex	dedr	
d202	f_jd42hn34rdaqo	rāvi	id	initial-apical-or-cluster	*ar-ac	krishnamurti-pfeiffer	dedr	
d202	f_zffwdujrcnywi	rāgi	id	initial-apical-or-cluster	*ar-ac	krishnamurti-pfeiffer	dedr	
d203	f_b2pn5szvoauzs	araṇamu	a gift of money to a daughter and son-in-law at the time of marriage	uncontracted-comparison-candidate	araṇa	dedr-reflex	dedr	
d205	f_ctfbycbo5e6wk	araṇṭi (coll.)	plaintain tree, banana tree	uncontracted-comparison-candidate	*ar-Vṇṭṭi	krishnamurti-pfeiffer	dedr	
d205	f_oo47a4ebasnoi	araṭi	plaintain tree, banana tree	uncontracted-comparison-candidate	*ar-Vṇṭṭi	krishnamurti-pfeiffer	dedr	
d207	f_zippck6rke3ji	aralu (K.)	interlacing as of bamboo stalks growing together, low jungle, thicket, dense bush, bamboo	uncontracted-comparison-candidate	aril	dedr-reflex	dedr	
d211	f_ounrkuuuhnfna	rāḍu	post, pillar	initial-apical-or-cluster	*rāḍ	merriam-pdr	dedr	
d215	f_mnkiicl5xdil2	arise	a sweetmeat made of rice, flour, and jaggery	uncontracted-comparison-candidate	ari	dedr-reflex	dedr	
d216	f_5jwedg7xyol4g	ari	tax, tribute	uncontracted-comparison-candidate	*ar-i	krishnamurti-pfeiffer	dedr	
d216	f_mzjmub34nhmgs	aruvu	to pay as taxes; a loan of grain, etc., purchase or sale on credit	uncontracted-comparison-candidate	*ar-i	krishnamurti-pfeiffer	dedr	noun
d221	f_k42ari4dplz4u	arudu	rare, scarce, excellent; rarity, marvel, surprise	uncontracted-comparison-candidate	aru (arum, ār)	dedr-reflex	dedr	noun
d221	f_qkivh5ecbtt74	arudandu	to wonder	uncontracted-comparison-candidate	aru (arum, ār)	dedr-reflex	dedr	
d221	f_z7wmfhxei2ffi	arudu-paḍu	to wonder	uncontracted-comparison-candidate	aru (arum, ār)	dedr-reflex	dedr	
d221	f_rbqgsqh7nbbqa	aridi	rare, uncommon, difficult, impossible, wonder, surprise, astonishment. DED(S) 184	uncontracted-comparison-candidate	aru (arum, ār)	dedr-reflex	dedr	
d222	f_q7htcdoqkywcc	arugu	to go, pass (of time), come, proceed, walk, (K. also) approach	uncontracted-comparison-candidate	**arVvV	krishnamurti-pfeiffer	dedr	
d222	f_nck5r44wrl5bg	aṟu	nearness; near, close by	uncontracted-comparison-candidate	**arVvV	krishnamurti-pfeiffer	dedr;burrow-emeneau1972den1[p. 400, entry 185]	
d222	f_m6xkqnndzb5m2	aṟuta	near, close by	uncontracted-comparison-candidate	**arVvV	krishnamurti-pfeiffer	dedr	
d222	f_q5ernw34yxbk2	aṟutan	near, close by	uncontracted-comparison-candidate	**arVvV	krishnamurti-pfeiffer	dedr	
d222	f_eimkraajdo4rm	aruta	near, close by	uncontracted-comparison-candidate	**arVvV	krishnamurti-pfeiffer	dedr;burrow-emeneau1972den1[p. 400, entry 185]	
d222	f_rjwdgn4uktohm	arutan	near, close by	uncontracted-comparison-candidate	**arVvV	krishnamurti-pfeiffer	dedr;burrow-emeneau1972den1[p. 400, entry 185]	
d222	f_ze3lunarmdjv6	arudencu	to come, go	uncontracted-comparison-candidate	**arVvV	krishnamurti-pfeiffer	dedr	
d227	f_6hd2mzztm7g6o	arulu	tenderness, affection, fondness	uncontracted-comparison-candidate	aruḷ	dedr-reflex	dedr	
d228	f_s56rotjltglxa	rāyu	to be rubbed	initial-apical-or-cluster	*arái-	merriam-pdr	dedr	
d228	f_47wnjhnjmwyqo	rācu	to rub, grind, smear	initial-apical-or-cluster	*arái-	merriam-pdr	dedr	
d228	f_ikh2tqzs4tg6y	ṟācu	to rub, grind, smear	initial-apical-or-cluster	*arái-	merriam-pdr	dedr	
d228	f_nnmrgxij2wzey	rāp-āḍu	to rub against each other	initial-apical-or-cluster	*arái-	merriam-pdr	dedr	
d228	f_4h4gxjhuddlvq	rāpiḍi	rubbing, friction, filing	initial-apical-or-cluster	*arái-	merriam-pdr	dedr	
d228	f_triaacpz2cb2i	rāpu	rubbing, friction, filing	initial-apical-or-cluster	*arái-	merriam-pdr	dedr	
d228	f_lhso2updqhzy4	ṟāpu	rubbing, friction, filing	initial-apical-or-cluster	*arái-	merriam-pdr	dedr	
d228	f_lirl7w57uhcvk	rāpuḍu	rubbing, friction, filing	initial-apical-or-cluster	*arái-	merriam-pdr	dedr	
d228	f_yigkg74lmvar6	rā-poḍi	filings	initial-apical-or-cluster	*arái-	merriam-pdr	dedr	
d228	f_ggfkz4wlio6yk	rāyiḍi	rubbing, friction	initial-apical-or-cluster	*arái-	merriam-pdr	dedr	
d228	f_pr4rscqrwp6k4	ragulu	to be kindled, take fire, burn, flame	initial-apical-or-cluster	*arái-	merriam-pdr	dedr	
d228	f_do36zuzuzryi6	ravulu	to be kindled, take fire, burn, flame	initial-apical-or-cluster	*arái-	merriam-pdr	dedr	
d228	f_7jqef7teqfb5g	rā̃ju	id., (K. also) (smoke) comes out as an indication of the forming of fire, grieve	initial-apical-or-cluster	*arái-	merriam-pdr	dedr	
d228	f_kkkoxrlcre75e	aravaralu	bits, fragments	uncontracted-comparison-candidate	*arái-	merriam-pdr	dedr;burrow-emeneau1972den1[p. 400, entry 191(a)];burrow-emeneau1972den1[p. 400, entry 191(a)]	
d228	f_qq3musa4z2c7e	aṟavaṟalu	bits, fragments	uncontracted-comparison-candidate	*arái-	merriam-pdr	dedr	
d228	f_whejawkvz75pe	aravuḍu	a bit, fragment	uncontracted-comparison-candidate	*arái-	merriam-pdr	dedr;burrow-emeneau1972den1[p. 400, entry 191(a)]	
d229	f_bzeztn2fkuamo	ara	half, a moiety, incomplete, not full	uncontracted-comparison-candidate	*arai	merriam-pdr	dedr	
d229	f_73yfjkyby7tk2	aṟa	half, a moiety	uncontracted-comparison-candidate	*arai	merriam-pdr	dedr	
d233	f_aipxzonbdeepe	rālu	to fall or drop down (of leaves, tears, etc.)	initial-apical-or-cluster	*arí-	merriam-pdr	dedr	
d233	f_thikmme7shfja	rālcu	to cause to fall or drop down, knock off or down	initial-apical-or-cluster	*arí-	merriam-pdr	dedr	
d233	f_ksrrdj3p2aip2	rālucu	to cause to fall or drop down, knock off or down	initial-apical-or-cluster	*arí-	merriam-pdr	dedr	
d233	f_d6n5skxzoxnwo	rālpu	to cause to fall or drop down, knock off or down	initial-apical-or-cluster	*arí-	merriam-pdr	dedr	
d233	f_3jvonkdyzc6oi	rālupu	to cause to fall or drop down, knock off or down	initial-apical-or-cluster	*arí-	merriam-pdr	dedr	
d233	f_q37nkoudu64fo	rālpu	falling or dropping down, causing to fall or drop down	initial-apical-or-cluster	*arí-	merriam-pdr	dedr	
d233	f_74o6utk5f6rw4	rālupu	falling or dropping down, causing to fall or drop down	initial-apical-or-cluster	*arí-	merriam-pdr	dedr	
d236	f_wuhwort4y3t66	alayu	to be tired, be disgusted	uncontracted-comparison-candidate	*al-	krishnamurti-pfeiffer	dedr	
d236	f_ebbfmn4s2g6so	alayincu	to weary , overwork, disgust	uncontracted-comparison-candidate	*al-	krishnamurti-pfeiffer	dedr	tr
d236	f_zymqkfhc56fei	alakuva	fatigue	uncontracted-comparison-candidate	*al-	krishnamurti-pfeiffer	dedr	
d236	f_zd67ixayppfdq	alapu	fatigue	uncontracted-comparison-candidate	*al-	krishnamurti-pfeiffer	dedr	
d236	f_3hscpu5ieusyu	alayika	fatigue	uncontracted-comparison-candidate	*al-	krishnamurti-pfeiffer	dedr	
d236	f_ulz3p2frwrb6c	alajaḍi	sorrow, affliction, grief, calamity	uncontracted-comparison-candidate	*al-	krishnamurti-pfeiffer	dedr	
d236	f_exqlnhmigm7za	alamaru	to grieve, sorrow, (K also) be tired	uncontracted-comparison-candidate	*al-	krishnamurti-pfeiffer	dedr	
d236	f_pdrzq3d3ioare	alamaṭa	grief, sorrow, affliction	uncontracted-comparison-candidate	*al-	krishnamurti-pfeiffer	dedr	
d236	f_gzegtbo6dl5v4	alamaṭincu	to grieve, sorrow	uncontracted-comparison-candidate	*al-	krishnamurti-pfeiffer	dedr	
d236	f_fcqu3j7ecntqa	alasaṭa	weariness, fatigue, exhaustion	uncontracted-comparison-candidate	*al-	krishnamurti-pfeiffer	dedr	
d236	f_gvamc4gzsf3zy	alipiri	lean, thin, weak	uncontracted-comparison-candidate	*al-	krishnamurti-pfeiffer	dedr	
d236	f_pkzhidszmyoc2	lampaṭa	trouble, (B also) pain, weariness	initial-apical-or-cluster	*al-	krishnamurti-pfeiffer	dedr	
d236	f_i3sn2s6otvqky	lampaṭũḍu	one who is attached to or fond of, a libertine (&lt; Skt.)	initial-apical-or-cluster	*al-	krishnamurti-pfeiffer	dedr	
d240	f_sse3m4kxlu7c4	ala	a wave, surge, billow, ripple	uncontracted-comparison-candidate	**alVr-	krishnamurti-pfeiffer	dedr	
d242	f_zjlxdinbbc3te	alacandalu	a kind of pulse. <i> D. sinensis	uncontracted-comparison-candidate	alaśaṇṭa	dedr-reflex	dedr	
d242	f_6racbsa5jon6w	alasandelu	a kind of pulse. <i> D. sinensis	uncontracted-comparison-candidate	alaśaṇṭa	dedr-reflex	dedr	
d242	f_ffpjrrr7b4wwe	alasandiyalu	a kind of pulse. <i> D. sinensis	uncontracted-comparison-candidate	alaśaṇṭa	dedr-reflex	dedr	
d244	f_ndj7gjk2kfyao	alamu	id	uncontracted-comparison-candidate	alabu	dedr-reflex	dedr	
d245	f_3qwn6rwowgwae	alikiḍi	noise, sound, disturbance	uncontracted-comparison-candidate	allappaṉ	dedr-reflex	dedr	
d245	f_wmpykisj3m4qq	alabalamu	outcry, noise, uproar. DED(S) 211	uncontracted-comparison-candidate	allappaṉ	dedr-reflex	dedr	
d246	f_s373euxrqbmxc	alamu	to smear, (B) wash	uncontracted-comparison-candidate	alampu	dedr-reflex	dedr	
d246	f_2sa7xjo752koi	aluku	to smear the floor of a house or a mud wall, etc. with macerated cowdung	uncontracted-comparison-candidate	alampu	dedr-reflex	dedr	
d247	f_sbkthip6qkwii	alaru	to open as a flower, expand, shine, glitter, rejoice; a flower, blossom, (K. also) splendour, joy; splendid	uncontracted-comparison-candidate	alar	dedr-reflex	dedr	noun
d247	f_5niqcsf7gzfq2	alarcu	to blossom	uncontracted-comparison-candidate	alar	dedr-reflex	dedr;K-Telugu	
d248	f_dz2l2rsf3tuvi	alarāru	to shine, glitter; suit well, be proper, fit; rejoice, be pleased	uncontracted-comparison-candidate	alari	dedr-reflex	dedr	
d248	f_2oitw6ttasg5y	alarincu	to please, gratify	uncontracted-comparison-candidate	alari	dedr-reflex	dedr	
d249	f_jg6lbbbk6lzmi	ala-vaḍu	to be accustomed, be practised in; become a habit	uncontracted-comparison-candidate	alavāṭṭu	dedr-reflex	dedr	
d249	f_vmhccfwtxyya2	ala-varincu	to practise, learn; habituate, teach	uncontracted-comparison-candidate	alavāṭṭu	dedr-reflex	dedr	
d249	f_h7obdiyyaaaj4	ala-vaṟucu	to habituate, teach	uncontracted-comparison-candidate	alavāṭṭu	dedr-reflex	dedr	
d249	f_ajjvw4ccisbg4	ala-vāṭu	habit, custom, practice; habitual. DED 212	uncontracted-comparison-candidate	alavāṭṭu	dedr-reflex	dedr	
d276	f_7jaokaugejrou	aḍalu	to grieve, be sorry; grief, misery	uncontracted-comparison-candidate	**aẓVnkV-	krishnamurti-pfeiffer	dedr	noun
d276	f_dww534xzkj26s	aḍaru	grief; (B, K.) to burn, shine	uncontracted-comparison-candidate	**aẓVnkV-	krishnamurti-pfeiffer	dedr	
d277	f_oozpsd4qfi22o	aḍiy-āsa	vain hopes	uncontracted-comparison-candidate	*aẓ-i-	krishnamurti-pfeiffer	dedr	
d277	f_xonjybl36sozy	aḍuva	old, damaged (as goods)	uncontracted-comparison-candidate	*aẓ-i-	krishnamurti-pfeiffer	dedr	
d277	f_fcnfhvkrxks6u	aḍava	old, damaged (as goods)	uncontracted-comparison-candidate	*aẓ-i-	krishnamurti-pfeiffer	dedr	
d277	f_ds2mybleaipgs	ḍakkā	damage, harm, injiry, loss	initial-apical-or-cluster	*aẓ-i-	krishnamurti-pfeiffer	dedr	
d277	f_ds7sq7ekdyp7i	ḍappi	destruction, ruin	initial-apical-or-cluster	*aẓ-i-	krishnamurti-pfeiffer	dedr	
d277	f_ivbm3kubj7mya	ṛ̆assi	infringing	initial-apical-or-cluster	*aẓ-i-	krishnamurti-pfeiffer	dedr	
d277	f_aso7ha3awldec	aṛ̆isina	which destroys	uncontracted-comparison-candidate	*aẓ-i-	krishnamurti-pfeiffer	dedr	
d277	f_wd4nh5cchenke	aṛ̆ipuṭa	causing destruction	uncontracted-comparison-candidate	*aẓ-i-	krishnamurti-pfeiffer	dedr	noun
d291	f_agyxrtwnsdocc	alavi	power, ability, possibility, practicability	uncontracted-comparison-candidate	*àḷ-	merriam-pdr	dedr	
d291	f_jusqtybwjtw5k	alavu	power, ability, strength, exertion	uncontracted-comparison-candidate	*àḷ-	merriam-pdr	dedr	
d291	f_bmf4uxhm446og	lāvu	strength, power, ability, bigness, fatness, corpulence, robustness; big, large, stout, corpulent, robust	initial-apical-or-cluster	*àḷ-	merriam-pdr	dedr	adj
d295	f_id6ukobamzgt2	alavi	measure, extent	uncontracted-comparison-candidate	aḷa	dedr-reflex	dedr	
d295	f_z6qwxumua56to	lāvu	dimensions, magnitude	initial-apical-or-cluster	aḷa	dedr-reflex	dedr	
d296	f_fwrfyx5d3kvve	lāyu	to approach	initial-apical-or-cluster	*aḷ-a-	merriam-pdr	dedr;B-Telugu;K-Telugu	
d296	f_2mgbteusy362g	alamu	to seize, lay hold of, take; (K. also) mix with, be one with	uncontracted-comparison-candidate	*aḷ-a-	merriam-pdr	dedr	
d301	f_ngcio5lcxvtdu	lā̃cu	to long for, desire. DED 256	initial-apical-or-cluster	aḷi	dedr-reflex	dedr;B-Telugu	
d303	f_42bzpyvayvkdo	alaki	an earthen pot. DEDS 39	uncontracted-comparison-candidate	aḷige	dedr-reflex	dedr	
d304	f_wd5lbd6dy6orw	alugu	to be angry or displeased, take offence	uncontracted-comparison-candidate	aḷaku	dedr-reflex	dedr	
d304	f_kszpp2kyi42km	aluvu	to be angry or displeased, take offence	uncontracted-comparison-candidate	aḷaku	dedr-reflex	dedr	
d304	f_3iqklkzdp46wc	aluka	anger, displeasure. DEDS 40	uncontracted-comparison-candidate	aḷaku	dedr-reflex	dedr	
d304	f_aptj3sxgp6drk	alukuva	anger, displeasure. DEDS 40	uncontracted-comparison-candidate	aḷaku	dedr-reflex	dedr	
d305	f_cjuu32h5ztefq	aluku	to sprinkle, scatter (rice, etc., in a net to lure birds)	uncontracted-comparison-candidate	*aḷ-	merriam-pdr	dedr;K-Telugu	
d306	f_t4slhjrimif5k	aluku	to be afraid; fear, dread	uncontracted-comparison-candidate	*nari-(kkV)	merriam-pdr	dedr	noun
d306	f_y57wv5vyiprdo	aḷuku = aluku	coward. DED 259	uncontracted-comparison-candidate	*nari-(kkV)	merriam-pdr	dedr	noun
d306	f_feawxsgy75cua	aḷukari	coward. DED 259	uncontracted-comparison-candidate	*nari-(kkV)	merriam-pdr	dedr	
d307	f_kh3i5mgobe3im	alamu	to spread, extend, (K. also) overspread (of smoke over sky), prevail intensely (of passions)	uncontracted-comparison-candidate	aḷur	dedr-reflex	dedr	
d307	f_leszidqrkkwly	lā̃ncu	to spread	initial-apical-or-cluster	aḷur	dedr-reflex	dedr	
d308	f_ovrxifgbq5t7k	lā̃ga	hole, burrow	initial-apical-or-cluster	**aḷVppV	krishnamurti-pfeiffer	dedr	
d310	f_hri3ob2thljgm	aṟa-cēyi	id	uncontracted-comparison-candidate	*ar_-	merriam-pdr	dedr	
d310	f_4ww3nqabku62o	aṟa-kālu	sole of the foot	uncontracted-comparison-candidate	*ar_-	merriam-pdr	dedr	
d313	f_dpqlnyhkegp6a	aṟavamu	Tamil language	uncontracted-comparison-candidate	aruvā	dedr-reflex	dedr	
d313	f_3q26mrpxhoy2k	aṟavalu	Tamilians. DED 264	uncontracted-comparison-candidate	aruvā	dedr-reflex	dedr	
d314	f_lkvhi27n32ggq	eṟuka	knowledge, understanding	uncontracted-comparison-candidate	*aṯ-V-	krishnamurti-pfeiffer	dedr	
d314	f_bnaxfylgq56du	eṟukuva	knowledge, understanding	uncontracted-comparison-candidate	*aṯ-V-	krishnamurti-pfeiffer	dedr	
d314	f_fgyufawpfdf66	eṟuku	gypsy, fortune-teller	uncontracted-comparison-candidate	*aṯ-V-	krishnamurti-pfeiffer	dedr	
d315	f_kxuymaimdddhu	aṟu	to be destroyed, decrease	uncontracted-comparison-candidate	*aru-	krishnamurti-pfeiffer	dedr	
d315	f_6gnqqgrwv26vo	aṟa	defect, incompleteness	uncontracted-comparison-candidate	*aru-	krishnamurti-pfeiffer	dedr;burrow-emeneau1972den1[p. 400, entry 266]	
d315	f_p74esoepvym4i	aṟagoṟa	defect, deficiency	uncontracted-comparison-candidate	*aru-	krishnamurti-pfeiffer	dedr;burrow-emeneau1972den1[p. 400, entry 266]	
d315	f_fsjwlrfbiqn2c	ṟakku	to scratch; scratching	initial-apical-or-cluster	*aru-	krishnamurti-pfeiffer	dedr	
d315	f_uf342pwxoe4fw	rakku	to scratch; scratching	initial-apical-or-cluster	*aru-	krishnamurti-pfeiffer	dedr;K-Telugu;K-also-Telugu	noun
d316	f_nvxussc36a2wi	aṟugu	to digest or undergo digestion, wear away, waste away, decrease	uncontracted-comparison-candidate	*ar_-	merriam-pdr	dedr	
d316	f_t5zbu6kd4ehgg	aṟupu-konu	to digest	uncontracted-comparison-candidate	*ar_-	merriam-pdr	dedr;burrow-emeneau1972den1[p. 400, entry 267]	verb
d316	f_bonpzuaaxwdms	aṟakamu	indigestion. DED(S, N) 267	uncontracted-comparison-candidate	*ar_-	merriam-pdr	dedr	
d316	f_g5xpluqci7rq4	aṟukuva	indigestion. DED(S, N) 267	uncontracted-comparison-candidate	*ar_-	merriam-pdr	dedr	
d317	f_u5oj2s4pjduja	aṟupu	to keep, preserve, secure. DEDS(N) 43	uncontracted-comparison-candidate	aṟu	dedr-reflex	dedr	
d318	f_wrbb2nyiczj76	aṟa	rag	uncontracted-comparison-candidate	aṟuvai	dedr-reflex	dedr	
d319	f_chciddvnftg4s	aṟacu	to cry or cry out, shout, clamour, shriek, bark, bray, crow, bellow	uncontracted-comparison-candidate	*ar_-a-	merriam-pdr	dedr	
d319	f_xzhmynveclcu2	aṟapu	a cry, shriek, yell, shout, clamour	uncontracted-comparison-candidate	*ar_-a-	merriam-pdr	dedr	
d319	f_2isaz6z4unlea	ṟaŋke	roar, cry	initial-apical-or-cluster	*ar_-a-	merriam-pdr	dedr	
d319	f_d52ftrvndmrew	ṟantu	noise	initial-apical-or-cluster	*ar_-a-	merriam-pdr	dedr	
d319	f_2ttu4tbf2ucwy	rajju	useless talk; (B) to be talkative, prattle; boast	initial-apical-or-cluster	*ar_-a-	merriam-pdr	dedr	verb noun
d321	f_ek6ihenhscv7g	ṟāyi	(stemṟā-, rā-) stone, rock	initial-apical-or-cluster	aṟai	dedr-reflex	dedr	
d321	f_37vuatl2jy4l6	rāyi	(stemṟā-, rā-) stone, rock	initial-apical-or-cluster	aṟai	dedr-reflex	dedr	
d321	f_cbgze364tf5ow	ṟappa	a small stone. DED(N) 271; a small stone	initial-apical-or-cluster	aṟai	dedr-reflex	dedr;burrow-emeneau1972den1[p. 400, entry 271]	
d322	f_l6oz22fomebg2	aṟa	room, chamber, partition or division	uncontracted-comparison-candidate	aṟai	dedr-reflex	dedr	
d377	f_ppm6nmec7gpbe	arayu	to think, consider, search, examine, inquire into, know, see, observe	uncontracted-comparison-candidate	ārāy	dedr-reflex	dedr	
d377	f_z75lng3jilydq	arayika	thinking, considering, knowing, understanding	uncontracted-comparison-candidate	ārāy	dedr-reflex	dedr	
d377	f_ojr5o45dd4g5g	rācu	to investigate, inquire	initial-apical-or-cluster	ārāy	dedr-reflex	dedr	
d381	f_twz3rcevvsk4m	ariti	love, affection	uncontracted-comparison-candidate	ārvam	dedr-reflex	dedr	
d381	f_4lxzcnqrdvui4	aruvamu	eagerness, fondness	uncontracted-comparison-candidate	ārvam	dedr-reflex	dedr	
d410	f_r2wthootrkjkc	iṭa	this place, here	uncontracted-comparison-candidate	*iH-	krishnamurti-pfeiffer	dedr	
d410	f_qv3kfxgonbd7m	iṭu	thus; to this place	uncontracted-comparison-candidate	*iH-	krishnamurti-pfeiffer	dedr	
d410	f_x46id2s2ycxyg	iṭulu	thus	uncontracted-comparison-candidate	*iH-	krishnamurti-pfeiffer	dedr	
d430	f_k5m3ae6vk3jrm	ḍindu	to sink in, be absorbed	initial-apical-or-cluster	*iṇi-	merriam-pdr	dedr	
d432	f_v2xwjtlitqr4a	iḍiyu	to split, crack, fall to pieces, crumble, fall in	uncontracted-comparison-candidate	iṭa	dedr-reflex	dedr	
d432	f_5uda6jsb57pwg	iḍupu	breach, crack, hole	uncontracted-comparison-candidate	iṭa	dedr-reflex	dedr	
d434	f_gzzupibkrgkyu	eḍa	place, spot	uncontracted-comparison-candidate	iṭam	dedr-reflex	dedr	
d434	f_abj5idrlhvxtu	eḍamu	place, space, room, opportunity, time, occasion. DED(S, N) 368	uncontracted-comparison-candidate	iṭam	dedr-reflex	dedr	
d435	f_udsrfrz4hnhzc	eḍaru	misfortune	uncontracted-comparison-candidate	iṭar	dedr-reflex	dedr	
d435	f_3axfn37zfnr5e	iḍuma	calamity, misfortune, trouble, hardship, evil, ill	uncontracted-comparison-candidate	iṭar	dedr-reflex	dedr	
d435	f_jsbg2qgcat4da	ḍepparamu	danger, peril	initial-apical-or-cluster	iṭar	dedr-reflex	dedr	
d437	f_mmvjzablirjpa	ḍekku	to hinder, prevent, arrest	initial-apical-or-cluster	*iḍ-	merriam-pdr	dedr;burrow-emeneau1972den1[p. 400, entry 371]	verb
d439	f_k4lwwel2wx6pq	iḍi	different sorts of cakes	uncontracted-comparison-candidate	iṭi	dedr-reflex	dedr	
d439	f_p5onjlsy62yyo	iḍikuḍaka	different sorts of cakes	uncontracted-comparison-candidate	iṭi	dedr-reflex	dedr	
d439	f_a2bnpj2a5d3ry	iḍikuḍumu	different sorts of cakes	uncontracted-comparison-candidate	iṭi	dedr-reflex	dedr	
d442	f_7mpklc7awl3aq	iḍu	to place, put, lay, give, offer	uncontracted-comparison-candidate	*iṭ-u-	krishnamurti-pfeiffer	dedr	
d443	f_ntoe672qyz6ps	ḍī	a butt with the head	initial-apical-or-cluster	**iṭi-	krishnamurti-pfeiffer	dedr	
d443	f_76oq4njxyvr2e	ḍīkonu	to butt, encounter, attack, meet, oppose	initial-apical-or-cluster	**iṭi-	krishnamurti-pfeiffer	dedr	
d446	f_c6wvfdmsmc6ze	eḍayu	to be separated or disunited, remove	uncontracted-comparison-candidate	*eḍ-	merriam-pdr	dedr	
d446	f_ibnn7cjzuboue	eḍayika	separation	uncontracted-comparison-candidate	*eḍ-	merriam-pdr	dedr	
d446	f_yjnachn5etcwc	eḍapu	to break, separate, disunite	uncontracted-comparison-candidate	*eḍ-	merriam-pdr	dedr	
d446	f_m5mlixiehot3u	eḍagillu	to stand aside, get out of the way	uncontracted-comparison-candidate	*eḍ-	merriam-pdr	dedr	
d446	f_vcizpdlzrlcdw	eḍagala	further off, at a little distance	uncontracted-comparison-candidate	*eḍ-	merriam-pdr	dedr	
d446	f_xhucgd2qxrbce	eḍagalaga	further off, at a little distance	uncontracted-comparison-candidate	*eḍ-	merriam-pdr	dedr	
d446	f_l4o45ysy23scm	eḍamuga	at a distance, aloof	uncontracted-comparison-candidate	*eḍ-	merriam-pdr	dedr	
d446	f_wqwne2wo6wscu	eḍalu	to be broken, (K.) be separated (as joints)	uncontracted-comparison-candidate	*eḍ-	merriam-pdr	dedr	
d446	f_jmhbhgjgi2vxc	eḍalincu	to separate, remove, loosen	uncontracted-comparison-candidate	*eḍ-	merriam-pdr	dedr	
d446	f_cj5adjgs24nu6	eḍalcu	to remove, take off (as clothes)	uncontracted-comparison-candidate	*eḍ-	merriam-pdr	dedr;K-Telugu	
d446	f_e72musabr74sc	eḍalucu	to remove, take off (as clothes)	uncontracted-comparison-candidate	*eḍ-	merriam-pdr	dedr;K-Telugu	
d446	f_fibux3kzl6fim	eḍavu	distant, remote	uncontracted-comparison-candidate	*eḍ-	merriam-pdr	dedr	
d447	f_raskkai6p26cw	ḍayyu	to be tired or fatigued, (K. also) be weakened, emaciated	initial-apical-or-cluster	iṭai	dedr-reflex	dedr	
d448	f_c43xnp3vku2bc	eḍa	space, interval, distance, difference	uncontracted-comparison-candidate	iṭai	dedr-reflex	dedr	
d448	f_awwr4bmgcl3zc	eḍamu	intervening space, distance. DED(S, N) 380	uncontracted-comparison-candidate	iṭai	dedr-reflex	dedr	
d472	f_7mxhybbcyt32g	eravu	a loan, thing borrowed for temporary use	uncontracted-comparison-candidate	*ir-	merriam-pdr	dedr	
d474	f_2htxvumaoczjw	reṇḍu	two things	initial-apical-or-cluster	*īr	krishnamurti-pfeiffer	dedr	
d474	f_bkhd5wmrnsjt4	reṇḍava	second, another	initial-apical-or-cluster	*īr	krishnamurti-pfeiffer	dedr	
d474	f_fqoeiv3e7odos	renca	two (in gambling)	initial-apical-or-cluster	*īr	krishnamurti-pfeiffer	dedr	
d474	f_pd6ynb3gv5lhi	reṇṭa	two ways or courses	initial-apical-or-cluster	*īr	krishnamurti-pfeiffer	dedr	
d474	f_sp6x4vguvmszc	reṭṭa	double, twofold	initial-apical-or-cluster	*īr	krishnamurti-pfeiffer	dedr	
d474	f_jzp6l3vyzyn7i	reṭṭi	twice as much	initial-apical-or-cluster	*īr	krishnamurti-pfeiffer	dedr	
d474	f_4ujr5t55avg66	reṭṭincu	to double	initial-apical-or-cluster	*īr	krishnamurti-pfeiffer	dedr	
d474	f_vfvgfqslu3kc6	reṭṭimpu	doubling; double	initial-apical-or-cluster	*īr	krishnamurti-pfeiffer	dedr	
d474	f_65qhyabhcuwaw	iru	in some cpds	uncontracted-comparison-candidate	*īr	krishnamurti-pfeiffer	dedr	
d474	f_qgafogajc4lzg	iruvadi	twenty	uncontracted-comparison-candidate	*īr	krishnamurti-pfeiffer	dedr	
d474	f_6c6a36yd4iybo	iruvai	twenty	uncontracted-comparison-candidate	*īr	krishnamurti-pfeiffer	dedr	
d474	f_n2cdyoyequmy6	iruguru	two persons	uncontracted-comparison-candidate	*īr	krishnamurti-pfeiffer	dedr	
d474	f_i3k7naryq6kzm	iruvuru	two persons	uncontracted-comparison-candidate	*īr	krishnamurti-pfeiffer	dedr	
d475	f_4apt5slmaf4ze	rēŋga	(SR.) reŋā	initial-apical-or-cluster	*irak-	krishnamurti-pfeiffer	dedr	
d476	f_fo74326od6fi6	lēṭi	id	initial-apical-or-cluster	*IraL-ai	merriam-pdr	dedr	
d476	f_hoazkkmlc7fz2	lēḍi	id	initial-apical-or-cluster	*IraL-ai	merriam-pdr	dedr	
d477	f_5bmsqzjrwmyqi	rēla-ceṭṭu	purging cassia, <i>	initial-apical-or-cluster	iraḷi	dedr-reflex	dedr	
d480	f_2tykowphgfk6g	iravu	place, abode; firm	uncontracted-comparison-candidate	*ir-	krishnamurti-pfeiffer	dedr	
d480	f_bcpt6uoumxh2y	iravupaḍu	to become established, firm	uncontracted-comparison-candidate	*ir-	krishnamurti-pfeiffer	dedr	
d480	f_oakdhpphktf4g	iruvu	neighbourhood, place, home	uncontracted-comparison-candidate	*ir-	krishnamurti-pfeiffer	dedr	
d480	f_qhrugzwzluq72	irugu	neighbourhood; neighbouring	uncontracted-comparison-candidate	*ir-	krishnamurti-pfeiffer	dedr	
d480	f_4mgn5osldllj4	iravāru	to become firm, fixed, settled	uncontracted-comparison-candidate	*ir-	krishnamurti-pfeiffer	dedr	
d483	f_qi35okjcloqro	iruguḍu	a certain tree	uncontracted-comparison-candidate	īṭṭi	dedr-reflex	dedr	
d483	f_4f77msb5syfdg	iruvuḍu	a certain tree	uncontracted-comparison-candidate	īṭṭi	dedr-reflex	dedr	
d484	f_egaijmfbmzpma	irusu	axle, axle-tree	uncontracted-comparison-candidate	*irs-u	merriam-pdr	dedr	
d489	f_3drgs7echl77u	ṟampu	(probably 'expressive'ṟ), rampunoise, uproar, disturbance, squabble, wrangle, scandal	initial-apical-or-cluster	*ramp-	merriam-pdr	dedr	
d489	f_egh7fg2evdo6u	ṟampilu	to make an uproar	initial-apical-or-cluster	*ramp-	merriam-pdr	dedr	
d489	f_4b6avkqoilwle	ṟampillu	to make an uproar	initial-apical-or-cluster	*ramp-	merriam-pdr	dedr	
d489	f_wngp4n7ascy2q	rampilu	to make an uproar	initial-apical-or-cluster	*ramp-	merriam-pdr	dedr	
d490	f_lzfmtmyxydwz4	era	food	uncontracted-comparison-candidate	*ir-	merriam-pdr	dedr	
d502	f_tdj2gm3oxspxu	ḍigu	to alight, descend, decrease	initial-apical-or-cluster	*iẓi-	merriam-pdr	dedr	
d502	f_mpyejvd67v4ti	ḍiggu	to descend	initial-apical-or-cluster	*iẓi-	merriam-pdr	dedr	
d502	f_vitdu2njl5ixm	ḍigiya	a well with steps descending into it	initial-apical-or-cluster	*iẓi-	merriam-pdr	dedr	
d502	f_bzr3r77ctybw2	ḍiggiya	a well with steps descending into it	initial-apical-or-cluster	*iẓi-	merriam-pdr	dedr	
d502	f_26lwvxu43ig4k	ḍiŋku	to die	initial-apical-or-cluster	*iẓi-	merriam-pdr	dedr	
d502	f_md6u4xreivsrc	ḍincu	to lower, let down, put down, decrease, unload, disembark, distil	initial-apical-or-cluster	*iẓi-	merriam-pdr	dedr	
d502	f_dgfr7xfpeadze	ḍimpu	to lower, let down, put down, decrease, unload, disembark, distil	initial-apical-or-cluster	*iẓi-	merriam-pdr	dedr	
d502	f_zr3kmbroc4kgg	ḍindu	to sink, fall, droop, submit, die; defeat, fall, subjection	initial-apical-or-cluster	*iẓi-	merriam-pdr	dedr	noun
d502	f_2ukis5rshr2pq	ḍiŋki	a fall in wrestling	initial-apical-or-cluster	*iẓi-	merriam-pdr	dedr;B-Telugu	
d508	f_mkqgs7per3mpi	ḍē̃ku	to creep or slide along the ground on the posteriors. DED(S) 431	initial-apical-or-cluster	iṛ̆ayuka	dedr-reflex	dedr;K-Telugu;K-also-Telugu	
d513	f_iidp2lwtlxkrw	lē̃ta	young, tender, light, delicate, soft	initial-apical-or-cluster	*eḷ-V-	krishnamurti-pfeiffer	dedr	
d513	f_vfhmtesu22rzc	lē̃	young, tender, light, delicate, soft	initial-apical-or-cluster	*eḷ-V-	krishnamurti-pfeiffer	dedr	
d513	f_tthkyznga3ouu	lē̃ka	servant	initial-apical-or-cluster	*eḷ-V-	krishnamurti-pfeiffer	dedr	
d513	f_h55dqkqddalhw	lē̃ga	a sucking or young calf	initial-apical-or-cluster	*eḷ-V-	krishnamurti-pfeiffer	dedr	
d513	f_xanpmdfasmauw	lēma	a woman; tender	initial-apical-or-cluster	*eḷ-V-	krishnamurti-pfeiffer	dedr;burrow-emeneau1972den1[p. 400, entry 436]	
d513	f_ejrg7mghib4h6	ela	young, tender, delicate, slight, gentle	uncontracted-comparison-candidate	*eḷ-V-	krishnamurti-pfeiffer	dedr	
d513	f_ad74cwzcembck	ela-nāga	damsel (cf. 3634 Ta.nāku); eḍatender, young	uncontracted-comparison-candidate	*eḷ-V-	krishnamurti-pfeiffer	dedr	
d513	f_yukt2ixlwlxqy	eḍanīru	tender coconut water, a tender coconut	uncontracted-comparison-candidate	*eḷ-V-	krishnamurti-pfeiffer	dedr	
d516	f_x56ndqpatzxga	rēvu	landing place, port, harbour, ford	initial-apical-or-cluster	*yĀn-ay	merriam-pdr	dedr	
d517	f_egseskzv55o6u	reyya	prawn, shrimp	initial-apical-or-cluster	*[i]̀r_ej-	merriam-pdr	dedr	
d517	f_t4jkutlbao6tm	royya	prawn, shrimp	initial-apical-or-cluster	*[i]̀r_ej-	merriam-pdr	dedr	
d520	f_alq2jr3tzgyny	iriyu	to be broken, smashed	uncontracted-comparison-candidate	**iṯV-	krishnamurti-pfeiffer	dedr;B-Telugu	
d524	f_bwwlsnbq6lnci	iṟuku	to be squeezed, go or get into an insufficient space, be stuck in; squeeze or thrust into a narrow place; a narrow place, a lane; narrow, incommodious	uncontracted-comparison-candidate	*id_-	merriam-pdr	dedr	noun
d524	f_d4afpd47y6ut4	iṟumu	a covert, hiding place	uncontracted-comparison-candidate	*id_-	merriam-pdr	dedr	
d524	f_6fmhwsrps47ig	iṟiyu	to be squeezed, crushed, jammed	uncontracted-comparison-candidate	*id_-	merriam-pdr	dedr	
d524	f_j6mdttckswdkk	iṟi	tight (of embrace), narrow (of path), slender	uncontracted-comparison-candidate	*id_-	merriam-pdr	dedr;K-Telugu	
d524	f_csfruyzxt6je2	iṟiyincu	to keep together (fingers of hand), hold tight	uncontracted-comparison-candidate	*id_-	merriam-pdr	dedr;K-Telugu	
d527	f_fsguringnvhhk	eṟa	lord (Nellore inscr. [7th-8th cent.]; so Master, <i>BSOAS</i> 12. 351; Inscr.<super>2</super>)	uncontracted-comparison-candidate	*eṯ-ay-anṯu	krishnamurti-pfeiffer	dedr	
d527	f_z55xejz2iehee	ṟē̃ḍu	king, lord, master, husband. DED 448	initial-apical-or-cluster	*eṯ-ay-anṯu	krishnamurti-pfeiffer	dedr	
d528	f_drwsxbziiduuk	eṟa	in:	uncontracted-comparison-candidate	iṟai	dedr-reflex	dedr	
d529	f_bqtfy7oba67j2	eṟaci	id	uncontracted-comparison-candidate	*iṯ-ay-cci	krishnamurti-pfeiffer	dedr	
d548	f_ykirdxuckxfig	ilugu	to die, perish	uncontracted-comparison-candidate	*īl-	merriam-pdr	dedr	
d548	f_xuir6vtgftnrg	nilugu	to die, perish	uncontracted-comparison-candidate	*īl-	merriam-pdr	dedr;K-Telugu;K-also-Telugu	
d586	f_w2ece5qyc2e7e	oḍalu	body	uncontracted-comparison-candidate	uṭal	dedr-reflex	dedr	
d588	f_kc3glohvnk7ca	uḍuku	to boil, seethe, bubble with heat, simmer; heat, boiling	uncontracted-comparison-candidate	**uṭV-	krishnamurti-pfeiffer	dedr	noun
d588	f_5ja3bgpoxf62u	uḍikincu	to boil , cook	uncontracted-comparison-candidate	**uṭV-	krishnamurti-pfeiffer	dedr	tr
d588	f_bk5cw7r3ife5i	uḍikilu	to boil , cook	uncontracted-comparison-candidate	**uṭV-	krishnamurti-pfeiffer	dedr	tr
d588	f_owiwczrlvn5pc	uḍikillu	to boil , cook	uncontracted-comparison-candidate	**uṭV-	krishnamurti-pfeiffer	dedr	tr
d589	f_3r3fxwgnacwjg	uḍuka	small drum of the shape of an hour-glass	uncontracted-comparison-candidate	uṭukkai	dedr-reflex	dedr	
d590	f_x5c3k2wku5yqy	uḍuta	id	uncontracted-comparison-candidate	uḍute	dedr-reflex	dedr	
d592	f_goj7itue33zqu	uḍumu	id	uncontracted-comparison-candidate	*uṭ-ump-	krishnamurti-pfeiffer	dedr	
d593	f_5wpnj765xtkhq	oḍami	wealth	uncontracted-comparison-candidate	*Ùḍ-	merriam-pdr	dedr	
d593	f_eofl3optqhdr2	oḍame	wealth	uncontracted-comparison-candidate	*Ùḍ-	merriam-pdr	dedr	
d593	f_rwap2pbzy6ybk	oḍayãḍu	master, lord, owner, husband	uncontracted-comparison-candidate	*Ùḍ-	merriam-pdr	dedr	
d593	f_gv4pqg7pjdjkw	oḍayũḍu	master, lord, owner, husband	uncontracted-comparison-candidate	*Ùḍ-	merriam-pdr	dedr	
d593	f_xodkexw77s47k	oḍayurālu	mistress, female owner	uncontracted-comparison-candidate	*Ùḍ-	merriam-pdr	dedr	
d602	f_ova4cztkg6w7o	ulacamīnu	id	uncontracted-comparison-candidate	uṇaci-mīnu	dedr-reflex	dedr	
d602	f_6pxdypbu2y3ig	uluca	id	uncontracted-comparison-candidate	uṇaci-mīnu	dedr-reflex	dedr	
d648	f_zluumdebjzs2w	uraka	silently, quietly, not speaking; merely, simply, vainly	uncontracted-comparison-candidate	*ur-	merriam-pdr	dedr	
d648	f_ntcvqb2qsscau	uṟaka	silently, quietly, not speaking; merely, simply, vainly	uncontracted-comparison-candidate	*ur-	merriam-pdr	dedr	
d648	f_xohvrljyei7kq	roda	noise, outcry, uproar	initial-apical-or-cluster	*ur-	merriam-pdr	dedr	
d648	f_g3tocbxdksz7e	rō̃ju	to pant, gasp; panting	initial-apical-or-cluster	*ur-	merriam-pdr	dedr	noun
d648	f_7kukhkrndkqic	rō̃juḍu	prattle	initial-apical-or-cluster	*ur-	merriam-pdr	dedr	
d651	f_x4pwvek6ghyki	rōlu	mortar	initial-apical-or-cluster	*uram-kkal	krishnamurti-pfeiffer	dedr	
d651	f_m3vyg4md2asvu	ṟōlu	mortar	initial-apical-or-cluster	*uram-kkal	krishnamurti-pfeiffer	dedr	
d655	f_zdasvedrt4k3a	uri	noose or running knot, halter, snare, execution by a halter	uncontracted-comparison-candidate	uṟi	dedr-reflex	dedr	
d655	f_3r5oc7xu3ahcc	uralu	to be caught in a snare	uncontracted-comparison-candidate	uṟi	dedr-reflex	dedr;K-Telugu	
d655	f_sq7aeyugs6u76	urulu	to be caught in a snare	uncontracted-comparison-candidate	uṟi	dedr-reflex	dedr;K-Telugu	
d656	f_bpadk2esrwkr2	uriyu	to burn , be afflicted, grieve	uncontracted-comparison-candidate	*ur-	merriam-pdr	dedr;K-Telugu	intr
d656	f_h55dkvhqhdzry	uralu	to burn , be ablaze	uncontracted-comparison-candidate	*ur-	merriam-pdr	dedr;K-Telugu	intr
d657	f_voikotwaja7cg	uravu	beauty, fitness	uncontracted-comparison-candidate	uru	dedr-reflex	dedr	
d657	f_bbonyqwjlvy5c	uruvu	form, shape	uncontracted-comparison-candidate	uru	dedr-reflex	dedr	
d658	f_2ivdrlkat7ilm	uriyu	to become ripe; hair to become grey. DED 567	uncontracted-comparison-candidate	uru	dedr-reflex	dedr;K-Telugu	
d665	f_af7bdsrd3aslg	ora	rubbing, touch, testing on a touchstone	uncontracted-comparison-candidate	*ur-ay	krishnamurti-pfeiffer	dedr	
d665	f_w3grf3hlpuzp4	ora-gallu	touchstone	uncontracted-comparison-candidate	*ur-ay	krishnamurti-pfeiffer	dedr	
d665	f_2phvv346pd5yg	oracu	to rub, try by the touchstone	uncontracted-comparison-candidate	*ur-ay	krishnamurti-pfeiffer	dedr	
d665	f_eyb7yifzmw6ug	orapu	rubbing, test by touchstone	uncontracted-comparison-candidate	*ur-ay	krishnamurti-pfeiffer	dedr	
d665	f_v2xdao7jpfhcy	orapiḍi	rubbing, friction	uncontracted-comparison-candidate	*ur-ay	krishnamurti-pfeiffer	dedr	
d665	f_relhjannylmyi	orayu	to rub, test by touchstone, touch; be slightly bruised	uncontracted-comparison-candidate	*ur-ay	krishnamurti-pfeiffer	dedr	
d665	f_4ezkqeloapikk	orayika	rubbing, friction	uncontracted-comparison-candidate	*ur-ay	krishnamurti-pfeiffer	dedr	
d665	f_khc2ieubs6xdk	uriyu	to be rubbed	uncontracted-comparison-candidate	*ur-ay	krishnamurti-pfeiffer	dedr;K-Telugu	
d665	f_tjibk3ef3bpdi	ruddu	to rub, scour, clean	initial-apical-or-cluster	*ur-ay	krishnamurti-pfeiffer	dedr	
d665	f_3sc7ok4qhy6g4	rudduḍu	rubbing, scouring, cleaning	initial-apical-or-cluster	*ur-ay	krishnamurti-pfeiffer	dedr	
d665	f_mi74tsrybn3k6	rubbu	to grind in a mortar	initial-apical-or-cluster	*ur-ay	krishnamurti-pfeiffer	dedr	
d665	f_xcuiqjdl5nn5e	rubbu-guṇḍu	stone pestle or roller used in grinding things in a mortar	initial-apical-or-cluster	*ur-ay	krishnamurti-pfeiffer	dedr	
d665	f_by57fgmyly4gw	ruttu	to strike, beat	initial-apical-or-cluster	*ur-ay	krishnamurti-pfeiffer	dedr	
d665	f_q64arbjsvuxda	rō̃kali	a large wooden pestle (? or cf. 672 Ta.ulakkai)	initial-apical-or-cluster	*ur-ay	krishnamurti-pfeiffer	dedr	
d675	f_jrobnf5jpsttg	ulimiḍi	Crataeva tapia . DED 582	uncontracted-comparison-candidate	ulimiri	dedr-reflex	dedr	
d675	f_5wpjnmlg6y63k	ulimiri	Crataeva tapia . DED 582	uncontracted-comparison-candidate	ulimiri	dedr-reflex	dedr	
d698	f_brqugiax2gcck	lō	in, inside; inner, internal, inside	initial-apical-or-cluster	*uḷḷ-am	krishnamurti-pfeiffer	dedr	
d698	f_2auilmzjjh2ra	lō̃ga	within, in, inside	initial-apical-or-cluster	*uḷḷ-am	krishnamurti-pfeiffer	dedr	
d698	f_zf57lzg3eavio	lō̃gaḍa	interior, past time	initial-apical-or-cluster	*uḷḷ-am	krishnamurti-pfeiffer	dedr	
d698	f_ra3zeafbbv6y6	lō̃gali	interior of a house, house	initial-apical-or-cluster	*uḷḷ-am	krishnamurti-pfeiffer	dedr	
d698	f_pnmfg245cuonu	lō̃gili	interior of a house, house	initial-apical-or-cluster	*uḷḷ-am	krishnamurti-pfeiffer	dedr	
d698	f_ht5gmk7adngog	lōnu	the inside, heart, mind	initial-apical-or-cluster	*uḷḷ-am	krishnamurti-pfeiffer	dedr	
d698	f_bizfzqn6oj7je	lōna (7tʰ cent.)	the inside, heart, mind	initial-apical-or-cluster	*uḷḷ-am	krishnamurti-pfeiffer	dedr	
d698	f_hwa5nawa45mbu	ḷōna	(9-10th cent.) within, inside, inwardly	initial-apical-or-cluster	*uḷḷ-am	krishnamurti-pfeiffer	dedr	
d698	f_ocbaldbluzvic	lōn-agu	to come under one's control	initial-apical-or-cluster	*uḷḷ-am	krishnamurti-pfeiffer	dedr;K-Telugu	
d698	f_b5wxcz5mtcvo2	lōpala	within, in, inside	initial-apical-or-cluster	*uḷḷ-am	krishnamurti-pfeiffer	dedr	
d698	f_pe3aqev76rtnc	lō̃gu	to yield, submit, be subdued, retreat	initial-apical-or-cluster	*uḷḷ-am	krishnamurti-pfeiffer	dedr	
d698	f_jql2vb4762p4k	loŋgu	to yield, submit, be subdued, retreat	initial-apical-or-cluster	*uḷḷ-am	krishnamurti-pfeiffer	dedr	
d698	f_vn6wmj2s75rzk	lō̃baḍu	to yield, submit, be subdued, retreat	initial-apical-or-cluster	*uḷḷ-am	krishnamurti-pfeiffer	dedr	
d698	f_n2dtaatfhnxgi	lō̃kuva	subordination, subjection; subordinate, subject to	initial-apical-or-cluster	*uḷḷ-am	krishnamurti-pfeiffer	dedr	
d698	f_4h2kuf5ojtwou	lō̃cu	to subdue	initial-apical-or-cluster	*uḷḷ-am	krishnamurti-pfeiffer	dedr	
d698	f_ysssj2k2nalm6	loggu	to be humbled, subdue	initial-apical-or-cluster	*uḷḷ-am	krishnamurti-pfeiffer	dedr;K-Telugu	
d699	f_ke4wojrfnts4y	uli	id	uncontracted-comparison-candidate	*ùḷ-i	merriam-pdr	dedr	
d700	f_fmkgx3vhc4qd6	lūta	ant	initial-apical-or-cluster	uḷu	dedr-reflex	dedr	
d703	f_n4gcky3ikbcqk	uluku	to start suddenly as from alarm; alarm, fright. DED 603	uncontracted-comparison-candidate	uṭku	dedr-reflex	dedr	noun
d707	f_glk66zoi3e65e	oṟagu	to bend, bow down, lean, incline, recline; slant, inclination; large pillow for reclining on; slanting	uncontracted-comparison-candidate	*oṯ-a-nku	krishnamurti-pfeiffer	dedr	noun adj
d707	f_g4vwq7xocssey	oragu	to bend, bow down, lean, incline, recline; slant, inclination; large pillow for reclining on; slanting	uncontracted-comparison-candidate	*oṯ-a-nku	krishnamurti-pfeiffer	dedr	noun adj
d707	f_4lrrh5sysmbaa	oṟava	crooked, bent	uncontracted-comparison-candidate	*oṯ-a-nku	krishnamurti-pfeiffer	dedr	
d707	f_tcefbsplmv4pq	oraguḍu	slant, incline	uncontracted-comparison-candidate	*oṯ-a-nku	krishnamurti-pfeiffer	dedr	
d707	f_s7e2u6npdcr2o	oragincu	to place in a slanting position	uncontracted-comparison-candidate	*oṯ-a-nku	krishnamurti-pfeiffer	dedr	
d710	f_4av2ms6lwyqty	uṟu	to be fit, (K. also) happen, arise; proper, becoming	uncontracted-comparison-candidate	*coṯ-ac-	merriam-pdr	dedr	adj
d710	f_7isn6r6pljtow	uru	to be excellent, fit	uncontracted-comparison-candidate	*coṯ-ac-	merriam-pdr	dedr	
d711	f_ca534ltqmfwo6	uṟavu	abundance; abundant, much	uncontracted-comparison-candidate	uṟu	dedr-reflex	dedr	
d711	f_cyoevd764dk2u	uravu	abundance; abundant, much	uncontracted-comparison-candidate	uṟu	dedr-reflex	dedr	
d711	f_dnn33giav3qzw	uruvu	magnitude, largeness, bigness, amount; sum; great, big	uncontracted-comparison-candidate	uṟu	dedr-reflex	dedr	
d712	f_gah7ot7yis7jq	uṟu	to care for, heed (K. only in neg.:uṟakanot minding;uṟãḍuhe does not care)	uncontracted-comparison-candidate	uṟu	dedr-reflex	dedr	
d713	f_osyqtz3oqjv76	uṟu	to retreat, retire, withdraw	uncontracted-comparison-candidate	uṟukku	dedr-reflex	dedr	
d713	f_ecemj6qng7zpi	uṟuku	to jump, run away	uncontracted-comparison-candidate	uṟukku	dedr-reflex	dedr	
d713	f_az3wknfz7npy6	uṟuta	squirrel	uncontracted-comparison-candidate	uṟukku	dedr-reflex	dedr	
d718	f_pq2gjbkidkrvu	uṟumu	to thunder, roar; roar, thunder	uncontracted-comparison-candidate	*ur_um-	merriam-pdr	dedr	noun
d718	f_ipbf4hkx7c43c	oṟalu	to lament, wail, cry	uncontracted-comparison-candidate	*ur_um-	merriam-pdr	dedr	
d718	f_g76hbf3iffdzo	roppu	to roar, yell, drive	initial-apical-or-cluster	*ur_um-	merriam-pdr	dedr	
d718	f_logfsgdkjo6uo	ṟoppu	to roar, yell, drive	initial-apical-or-cluster	*ur_um-	merriam-pdr	dedr;K-Telugu	
d718	f_fckpbufr66zpc	rollu	to prattle, (B) bewail	initial-apical-or-cluster	*ur_um-	merriam-pdr	dedr	
d718	f_3ffh7wgvhadic	ṟōlu	to weep or cry aloud	initial-apical-or-cluster	*ur_um-	merriam-pdr	dedr;K-Telugu	
d718	f_i46ewddu6kt6g	rōlu	to weep or cry aloud	initial-apical-or-cluster	*ur_um-	merriam-pdr	dedr;B-Telugu	
d719	f_k7gr7lb4dodvu	ṟuvvu	to throw, fling, toss; (K. also) sound of wind produced by the fluttering of wings	initial-apical-or-cluster	*ur_-	merriam-pdr	dedr	noun
d719	f_h3bx2a4tsypaq	ruvvu	to throw, fling, toss; (K. also) sound of wind produced by the fluttering of wings	initial-apical-or-cluster	*ur_-	merriam-pdr	dedr	noun
d719	f_sedlhsgn3kjj2	ṟuppu	to throw, fling, toss; (K. also) sound of wind produced by the fluttering of wings	initial-apical-or-cluster	*ur_-	merriam-pdr	dedr	noun
d719	f_yfgjji5rlntdc	ṟūvu	to throw, fling, toss; (K. also) sound of wind produced by the fluttering of wings	initial-apical-or-cluster	*ur_-	merriam-pdr	dedr	noun
d719	f_ulsqwhjqi2svo	uravaḍi	speed, force, violence	uncontracted-comparison-candidate	*ur_-	merriam-pdr	dedr	
d719	f_e7abshb3nhkpi	uravaḍincu	to hasten	uncontracted-comparison-candidate	*ur_-	merriam-pdr	dedr	
d719	f_ux2bkuaww4mxo	uraḍincu	to hasten	uncontracted-comparison-candidate	*ur_-	merriam-pdr	dedr	
d721	f_xptnm7a7derlm	oṟapu	steadiness, firmness; steady, firm	uncontracted-comparison-candidate	*or_- (*-d_-)	merriam-pdr	dedr	
d721	f_56xmjpxzdc3x6	uṟidi	firm, strong; firmness, strength	uncontracted-comparison-candidate	*or_- (*-d_-)	merriam-pdr	dedr	
d721	f_gnqqri3j5i2yg	uṟiya	a brave man	uncontracted-comparison-candidate	*or_- (*-d_-)	merriam-pdr	dedr	
d723	f_i2dwveankx4ls	oṟa	sheath, scabbard, case, cover, envelope, ring of baked clay used in the construction of a well, well-tube	uncontracted-comparison-candidate	*Ur_- (*-d_-)	merriam-pdr	dedr	
d750	f_bjt3rdnkfd7qm	uriyu	to shake, tremble, get loose. DEDS 90	uncontracted-comparison-candidate	ūr	dedr-reflex	dedr	
d761	f_mgm7wfyockfzi	uṟiyu	to leak (as a roof), drop through	uncontracted-comparison-candidate	*ū̆r- (*-d_-)	merriam-pdr	dedr	
d761	f_drunrhbk2uxey	uṟupu	leaking, leakage, leakiness	uncontracted-comparison-candidate	*ū̆r- (*-d_-)	merriam-pdr	dedr	
d781	f_5lxh6zpq3s6sg	eḍāri	a desert, wilderness. DED 667	uncontracted-comparison-candidate	eṭār	dedr-reflex	dedr	
d781	f_iv5j4jy6bnjjc	eḍāru	a desert, wilderness. DED 667	uncontracted-comparison-candidate	eṭār	dedr-reflex	dedr	
d811	f_ezkyngizg5giq	eriyu	to burn, grieve	uncontracted-comparison-candidate	*er-i-	merriam-pdr	dedr	
d811	f_ax6ztffa6joom	eriyincu	to burn, set on fire, inflame, afflict, hurt	uncontracted-comparison-candidate	*er-i-	merriam-pdr	dedr	
d811	f_stpcytabwbgog	eragali	wildfire	uncontracted-comparison-candidate	*er-i-	merriam-pdr	dedr	
d811	f_myiblmusv7756	eravali	wildfire	uncontracted-comparison-candidate	*er-i-	merriam-pdr	dedr	
d811	f_j5tkwwu2evtic	talay-ēru	headache	uncontracted-comparison-candidate	*er-i-	merriam-pdr	dedr;K-Telugu;burrow-emeneau1972den1[p. 401, entry 694]	noun
d812	f_feofjaudekdqm	rāgi	<i>Eleusine coracana</i>	initial-apical-or-cluster	eri	dedr-reflex	dedr	
d813	f_zzgxlrml5enc4	eruvu	manure	uncontracted-comparison-candidate	*er-Vk-	merriam-pdr	dedr	
d815	f_l22r7hinig6im	reddu	in:	initial-apical-or-cluster	*er-utu	krishnamurti-pfeiffer	dedr	
d817	f_nwwdms524xmne	rēcu	a sort of ounce or lynx said to climb trees and to destroy tigers; (B.) a hound or wild dog	initial-apical-or-cluster	*er-Vc-	merriam-pdr	dedr	
d817	f_mnzrj7d6cou2g	rēcu-kukka	a sort of ounce or lynx said to climb trees and to destroy tigers; (B.) a hound or wild dog	initial-apical-or-cluster	*er-Vc-	merriam-pdr	dedr	
d820	f_n5gtgqy7thqgm	rē-gaḍa	clay (gaḍḍaclod; see 1148). From DED 700	initial-apical-or-cluster	ere	dedr-reflex	dedr	
d820	f_fibnppczkk74s	rē-gaḍi	clay (gaḍḍaclod; see 1148). From DED 700	initial-apical-or-cluster	ere	dedr-reflex	dedr	
d822	f_peetpu2vnvrws	eṟa	earthworm	uncontracted-comparison-candidate	irai	dedr-reflex	dedr	
d826	f_qycmddnhwxm5a	rivva	a twig. DED 705	initial-apical-or-cluster	irg	dedr-reflex	dedr	
d826	f_at2qqcbuo6rxu	rivaṭa	a twig. DED 705	initial-apical-or-cluster	irg	dedr-reflex	dedr	
d829	f_mb5xayq5lsqug	elamu	to be shiny, splendid	uncontracted-comparison-candidate	*el	krishnamurti-pfeiffer	dedr;K-Telugu	
d832	f_cy5hsivdgrchw	elami	joy, pleasure, delight	uncontracted-comparison-candidate	elarcu	dedr-reflex	dedr	
d832	f_ieqnxrxtxqxye	elayu	to be pleased, rejoice	uncontracted-comparison-candidate	elarcu	dedr-reflex	dedr	
d832	f_afciguott7odm	elayincu	to please, gratify	uncontracted-comparison-candidate	elarcu	dedr-reflex	dedr	
d832	f_ukoolapkenz2k	elarucu	to rejoice, delight	uncontracted-comparison-candidate	elarcu	dedr-reflex	dedr	
d832	f_oflbxn2nkbgtw	elarupu	joy, pleasure. DEDS 97	uncontracted-comparison-candidate	elarcu	dedr-reflex	dedr	
d833	f_6i6arn5e34tpg	eluka	rat	uncontracted-comparison-candidate	*el-i	krishnamurti-pfeiffer	dedr	
d833	f_642cs5fkle5i6	elika	rat	uncontracted-comparison-candidate	*el-i	krishnamurti-pfeiffer	dedr;B-Telugu;K-also-Telugu	
d835	f_5tju2dg66a4wg	iluŋg	voice	uncontracted-comparison-candidate	*eliŋ-	merriam-pdr	dedr	
d857	f_c4aalaqdu6o32	elūgu	id	uncontracted-comparison-candidate	*eḷ-V-ñc-	krishnamurti-pfeiffer	dedr	
d857	f_47z5t4h23suxg	eluvu	id	uncontracted-comparison-candidate	*eḷ-V-ñc-	krishnamurti-pfeiffer	dedr	
d859	f_zdun4kuo43iac	ṟimmu	to throw, fling, toss, spurt, squirt, thrust, butt; spurt, thrust, butt	initial-apical-or-cluster	*ed_-	merriam-pdr	dedr	noun
d860	f_ls7uxhxv6rjgy	remmu	to snatch, pull out, pluck out (as hair)	initial-apical-or-cluster	remmu	dedr-reflex	dedr;K-Telugu	
d865	f_ezoz5n7s7lmgy	eṟupa	redness, red, scarlet, crimson	uncontracted-comparison-candidate	*eṯ-V-	krishnamurti-pfeiffer	dedr	
d865	f_qx6w6jlkqtvay	Eṟama	n. pr. man (8th cent.; inscr., p. 355); modern names	uncontracted-comparison-candidate	*eṯ-V-	krishnamurti-pfeiffer	dedr	
d905	f_j65avqyx3nb4i	elayu	to arise, be produced, increase, (K. also) be suitable, become favourable	uncontracted-comparison-candidate	*ēl_-	merriam-pdr	dedr	
d905	f_ml2ef5wdvxngq	elarāru	to increase	uncontracted-comparison-candidate	*ēl_-	merriam-pdr	dedr	
d905	f_5hoaa2efsgvem	elaru	increase	uncontracted-comparison-candidate	*ēl_-	merriam-pdr	dedr	
d905	f_jrz5v347snh72	elarucu	to arise, be produced or manifested	uncontracted-comparison-candidate	*ēl_-	merriam-pdr	dedr	
d910	f_iecku5o7g5pjg	ḍebbadi	seventy	initial-apical-or-cluster	*eẓ-V	krishnamurti-pfeiffer	dedr	
d910	f_oefzdejj4o33e	ḍebbʰai	seventy	initial-apical-or-cluster	*eẓ-V	krishnamurti-pfeiffer	dedr	
d910	f_3odtrftebl5wi	ḍabbʰai	seventy	initial-apical-or-cluster	*eẓ-V	krishnamurti-pfeiffer	dedr	
d910	f_oilw2e6tgl4si	ḍebbaṇḍru	seventy persons	initial-apical-or-cluster	*eẓ-V	krishnamurti-pfeiffer	dedr	
d916	f_mrdkd3ujogedg	rē̃gu	to be excited, rage, rise (B., as dust), swell	initial-apical-or-cluster	*ñāl-	krishnamurti-pfeiffer	dedr	
d916	f_wkvdrkbmthw4k	rēgu	to be excited, rage, rise (B., as dust), swell	initial-apical-or-cluster	*ñāl-	krishnamurti-pfeiffer	dedr	
d916	f_36squrnip3p46	rēvu	to be excited, rage, rise (B., as dust), swell	initial-apical-or-cluster	*ñāl-	krishnamurti-pfeiffer	dedr	
d916	f_7otr2veenx2hk	rēyu	to increase, rise, swell, rage	initial-apical-or-cluster	*ñāl-	krishnamurti-pfeiffer	dedr	
d916	f_mtlzjhocq34lm	rē̃cu	to excite, rouse, provoke	initial-apical-or-cluster	*ñāl-	krishnamurti-pfeiffer	dedr	
d916	f_2pjmnnrox3nfk	ṟē̃cu	to excite, rouse, provoke	initial-apical-or-cluster	*ñāl-	krishnamurti-pfeiffer	dedr	
d916	f_mp32mfnh3wmpu	rē̃pu	to excite, rouse, provoke	initial-apical-or-cluster	*ñāl-	krishnamurti-pfeiffer	dedr	
d916	f_2u3chk5rvh43g	rēpu	morning, tomorrow, (B.) dawn	initial-apical-or-cluster	*ñāl-	krishnamurti-pfeiffer	dedr	
d916	f_iy2sbhpiday2w	ṟēpu	morning, tomorrow, (B.) dawn	initial-apical-or-cluster	*ñāl-	krishnamurti-pfeiffer	dedr	
d916	f_6e7ukd7i6lqai	rēpakaḍa	morning, dawn	initial-apical-or-cluster	*ñāl-	krishnamurti-pfeiffer	dedr	
d916	f_e6gtfwej36beg	reccu	to rise, swell, increase	initial-apical-or-cluster	*ñāl-	krishnamurti-pfeiffer	dedr	
d916	f_qiwnhy2wm4n4q	lēcu	to rise, get up, sprout, spring up, rise from sleep, be roused from sleep	initial-apical-or-cluster	*ñāl-	krishnamurti-pfeiffer	dedr	
d916	f_6gev4pdv53yss	lēpu	to rouse, awake, rise, excite, stir up	initial-apical-or-cluster	*ñāl-	krishnamurti-pfeiffer	dedr	
d944	f_xonljylst26m6	oḍamu	to be produced, arise. DED 797	uncontracted-comparison-candidate	oḍar	dedr-reflex	dedr	
d945	f_boh2xgn5soehs	oḍam-baḍu	to consent, agree	uncontracted-comparison-candidate	uṭaṉ	dedr-reflex	dedr	
d945	f_iush2p4luhw7s	oḍam-baḍika	agreement, consent, treaty	uncontracted-comparison-candidate	uṭaṉ	dedr-reflex	dedr	
d945	f_7n4ymhbjuw2si	oḍam-baṟacu	to persuade	uncontracted-comparison-candidate	uṭaṉ	dedr-reflex	dedr	
d946	f_xwidhwwm63rua	oḍapi	breach, opening	uncontracted-comparison-candidate	*oṭ-ay	krishnamurti-pfeiffer	dedr	
d946	f_ll4gg5ma5tdam	oḍiyu	to take by force, snatch	uncontracted-comparison-candidate	*oṭ-ay	krishnamurti-pfeiffer	dedr	
d946	f_r4cr3l7kqdnf6	oḍucu	to defeat, overthrow, (K. also) to take away by force	uncontracted-comparison-candidate	*oṭ-ay	krishnamurti-pfeiffer	dedr	
d947	f_wzr5zbjqbykfu	oḍi	lap (part of body and of the clothing), front loose part of a garment which can be held out for receiving anything, (B.) lap, loins	uncontracted-comparison-candidate	*òḍ-	merriam-pdr	dedr	
d947	f_cgnu6ylmljwls	oḍi-kaṭṭu	girdle	uncontracted-comparison-candidate	*òḍ-	merriam-pdr	dedr	
d949	f_zdnudiw5vkyhk	oḍisela	id. DEDS 110	uncontracted-comparison-candidate	oṭicil	dedr-reflex	dedr	
d950	f_hhssj6t2t7jlq	oḍise-gaḍḍa	bubo. DED 802	uncontracted-comparison-candidate	oṭu	dedr-reflex	dedr;B-Telugu	
d950	f_m6lm7i263q2q6	vaḍise-gaḍḍa	bubo. DED 802	uncontracted-comparison-candidate	oṭu	dedr-reflex	dedr;B-Telugu	
d954	f_y4jcm65lcerzy	uḍugu	to give up, quit, leave, stop, cease, desist from	uncontracted-comparison-candidate	*oṭ-unku	krishnamurti-pfeiffer	dedr	
d954	f_dv6pb243m7mq2	uḍuvu	to give up, quit, leave, stop, cease, desist from	uncontracted-comparison-candidate	*oṭ-unku	krishnamurti-pfeiffer	dedr	
d954	f_bxc3olasvi4re	uḍupu	to remove, efface, wipe away (or with 1009 Ta.or̤i); to remove, efface, wipe away	uncontracted-comparison-candidate	*oṭ-unku	krishnamurti-pfeiffer	dedr;burrow-emeneau1972den1[p. 402, entry 804]	
d954	f_er2aspxshysro	ḍuŋku	to be lowered, diminish, be subdued	initial-apical-or-cluster	*oṭ-unku	krishnamurti-pfeiffer	dedr;K-Telugu	
d954	f_ladcd3ubww5gw	ḍoŋku	to dry up, sink, be absorbed, disappear, (K. also) diminish, shrink, hesitate	initial-apical-or-cluster	*oṭ-unku	krishnamurti-pfeiffer	dedr	
d961	f_hckglckftvxmk	uṭaññāṇ	DED (N) 810	uncontracted-comparison-candidate	oṭṭiyāṇam	dedr-reflex	dedr	
d967	f_3736hcruaccac	oḍikamu	prettiness, beauty, elegance	uncontracted-comparison-candidate	*oḍ-	merriam-pdr	dedr;burrow-emeneau1972den1[p. 416, entry S112]	
d990	f_xqzlwayp3revw	orima	friendship, unanimity, harmony	uncontracted-comparison-candidate	*okk-	krishnamurti-pfeiffer	dedr	
d990	f_ioaoon7ujfqte	orimika	friendship, unanimity, harmony	uncontracted-comparison-candidate	*okk-	krishnamurti-pfeiffer	dedr	
d990	f_phoqdec27zqtu	orumu	to be mixed or united	uncontracted-comparison-candidate	*okk-	krishnamurti-pfeiffer	dedr	
d996	f_ol4wnqfwhsgxs	uliyu	to sound, resound	uncontracted-comparison-candidate	**olVkV-	krishnamurti-pfeiffer	dedr	
d996	f_t52tii5hec3aw	ulivu	sound, voice	uncontracted-comparison-candidate	**olVkV-	krishnamurti-pfeiffer	dedr	
d997	f_nibhcvzaptryi	olayu	to appear, arise, happen, (K. also) occur, increase, shine. DED 838	uncontracted-comparison-candidate	oli	dedr-reflex	dedr	
d999	f_ui5e2ixkkba4w	oluku	to be spilled, run, flow, overflow, gush out	uncontracted-comparison-candidate	oliyal	dedr-reflex	dedr	
d1000	f_vrc7n4zeerbdu	oliyu	to be peeled, flayed	uncontracted-comparison-candidate	*òl-	merriam-pdr	dedr	
d1000	f_gmnhevbust66u	olucu	to peel, flay, strip	uncontracted-comparison-candidate	*òl-	merriam-pdr	dedr	
d1000	f_szuwlphgyrggi	olupu	peeling, flaying	uncontracted-comparison-candidate	*òl-	merriam-pdr	dedr	
d1001	f_qmhlwg2ywbqz4	oliki	a funeral pile	uncontracted-comparison-candidate	**ol-	krishnamurti-pfeiffer	dedr	
d1003	f_sc4u3znppnljy	uliyu	to move, shake	uncontracted-comparison-candidate	olku	dedr-reflex	dedr	
d1003	f_mxhld3tyefmz4	nuliyu	to move, shake	uncontracted-comparison-candidate	olku	dedr-reflex	dedr;K-Telugu;K-also-Telugu	
d1003	f_ovfsr7rhehlkm	ulucu	to brandish, wave, shake	uncontracted-comparison-candidate	olku	dedr-reflex	dedr	
d1003	f_luculyliqy3yw	olayu	to swing, shake, move. DED(S, N) 843	uncontracted-comparison-candidate	olku	dedr-reflex	dedr;K-Telugu	
d1005	f_glnvu2nnm537s	valuva	a fine cloth, a cloth. DED(S, N) 845	uncontracted-comparison-candidate	oliyal	dedr-reflex	dedr	
d1005	f_e3kfygri4p2k4	valuvu	a fine cloth, a cloth. DED(S, N) 845	uncontracted-comparison-candidate	oliyal	dedr-reflex	dedr	
d1006	f_qa7ebyl7uj2ha	valacu (neg. gerund ollaka)	to love, wish, desire	uncontracted-comparison-candidate	ollu	dedr-reflex	dedr	
d1006	f_25q2kqqbcwyke	valadu	is not required or wanted; must not, ought not	uncontracted-comparison-candidate	ollu	dedr-reflex	dedr	
d1006	f_7dmoahcpjzcuc	valapu	love, desire, wish	uncontracted-comparison-candidate	ollu	dedr-reflex	dedr	
d1009	f_dr2xokcbqztva	uḍi-vōvu	to cease, leave, quit	uncontracted-comparison-candidate	oṛ̆i	dedr-reflex	dedr	
d1009	f_or5e56cgmqdye	uḍugu	to give up, quit, leave, stop, desist, cease from	uncontracted-comparison-candidate	oṛ̆i	dedr-reflex	dedr	
d1009	f_aytdtzf2nhlq6	uḍuvu	to give up, quit, leave, stop, desist, cease from	uncontracted-comparison-candidate	oṛ̆i	dedr-reflex	dedr	
d1009	f_gnewr3f3djcxu	uḍupu	to remove, efface, wipe away (or with 954 Ta.oṭuṅku). DED(S, N) 848; to remove, efface, wipe away	uncontracted-comparison-candidate	oṛ̆i	dedr-reflex	dedr;burrow-emeneau1972den1[p. 402, entry 848]	
d1012	f_utvkhosg44ztu	oḍuku	to spin	uncontracted-comparison-candidate	*oẓ-ukk-	krishnamurti-pfeiffer	dedr	tr
d1012	f_bxpjaayndaivy	vaḍuku	to spin	uncontracted-comparison-candidate	*oẓ-ukk-	krishnamurti-pfeiffer	dedr	tr
d1015	f_ge5hjk43bzyeg	oḷavu	a secret	uncontracted-comparison-candidate	**oḷi	krishnamurti-pfeiffer	dedr	
d1019	f_3glayylckpmia	orudala	backbiting, tale-bearing	uncontracted-comparison-candidate	oṟu	dedr-reflex	dedr	
d1019	f_xjqegb2h7aqws	rōyu	to hate, dislike, be disgusted with, be wearied or tired, give up, abandon, leave, (K. also) despise, rebuke	initial-apical-or-cluster	oṟu	dedr-reflex	dedr	
d1019	f_pijypu44yvs7e	ṟōyu	to hate, dislike, be disgusted with, be wearied or tired, give up, abandon, leave, (K. also) despise, rebuke	initial-apical-or-cluster	oṟu	dedr-reflex	dedr;K-Telugu;K-also-Telugu	
d1019	f_6emovqlqgwzg2	rō̃ta	disgust, abhorrence; dirt, filth	initial-apical-or-cluster	oṟu	dedr-reflex	dedr	
d1019	f_nmbcalvln4vjc	rōta	disgust, abhorrence; dirt, filth	initial-apical-or-cluster	oṟu	dedr-reflex	dedr	
d1019	f_jyix7nunxbsja	ṟoccu	contempt, disregard; mud, mire	initial-apical-or-cluster	oṟu	dedr-reflex	dedr	
d1019	f_gc22po6gacvpi	roccu	contempt, disregard; mud, mire	initial-apical-or-cluster	oṟu	dedr-reflex	dedr	
d1019	f_4k43eufk6mup4	rompi	mud, mire. DED(S) 857	initial-apical-or-cluster	oṟu	dedr-reflex	dedr	
d1041	f_xnxk4gigle474	oḍucu	to defeat, overthrow (or does 'defeat' go with 946 Ta.oṭi?); ōḍikastream, current	uncontracted-comparison-candidate	*ōṭu	krishnamurti-pfeiffer	dedr	
d1059	f_54pu62ftjjd3e	rōyu	to seek, search, look for	initial-apical-or-cluster	ōr	dedr-reflex	dedr	
d1059	f_irpd2prtwfuh6	ṟōyu	to seek, search, look for	initial-apical-or-cluster	ōr	dedr-reflex	dedr;K-Telugu;K-also-Telugu	
d1079	f_4cxab6eond35q	krakku	to vomit, disgorge; vomiting	initial-apical-or-cluster;initial-cluster	*kak-	merriam-pdr	dedr	noun
d1110	f_mk2mawcjtxfju	kaṭakaṭa	a rattling sound	uncontracted-comparison-candidate	kaṭakaṭav-eṉal	dedr-reflex	dedr	
d1110	f_nhe2o4yog5ygo	gaḍagaḍa	trembling, quaking, or quivering	uncontracted-comparison-candidate	kaṭakaṭav-eṉal	dedr-reflex	dedr	
d1110	f_kh6p5fjvfmxou	kaṭukku	sound produced in biting or in cutting with nippers	uncontracted-comparison-candidate	kaṭakaṭav-eṉal	dedr-reflex	dedr	
d1110	f_6geovacqkqydq	kaṭakaṭa	a crackling noise, as in chewing, etc	uncontracted-comparison-candidate	kaṭakaṭav-eṉal	dedr-reflex	dedr;B-Telugu	
d1110	f_2fuj3xc4mbhjc	kaṭa kaṭa	a crackling noise, as in chewing, etc.	uncontracted-comparison-candidate	kaṭakaṭav-eṉal	dedr-reflex	burrow-emeneau1972den1[p. 402, entry 930(b)]	source-addition
d1111	f_tungyprxt2jps	kaḍaŋgu	to endeavour, strive	uncontracted-comparison-candidate	kaḍagu	dedr-reflex	dedr	
d1111	f_2xcuipy5qte4o	kaḍaŋka	striving, attempt. DED 932	uncontracted-comparison-candidate	kaḍagu	dedr-reflex	dedr	
d1112	f_6dqobtnl6skqg	gaḍabaḍa	noise, bustle, tumult, confusion, disorder	uncontracted-comparison-candidate	kaṭapaṭāv-eṉal	dedr-reflex	dedr	
d1112	f_kpah225y2dqew	gaḍabiḍa	noise, bustle, tumult, confusion, disorder	uncontracted-comparison-candidate	kaṭapaṭāv-eṉal	dedr-reflex	dedr	
d1114	f_cv6kpc7mfda22	kaḍiti	nilgao, a species of antelope	uncontracted-comparison-candidate	*kaṭ-V-ñcc	krishnamurti-pfeiffer	dedr	
d1117	f_2cnlemtld2a52	kaḍaju	wasp	uncontracted-comparison-candidate	*kaḍ-Vnḍ-	merriam-pdr	dedr	
d1118	f_xq3ytef4wfg6s	kaḍali	id	uncontracted-comparison-candidate	*kaṭ-al	krishnamurti-pfeiffer	dedr	
d1118	f_fskmazm6lk4lk	kaḍalu	a wave	uncontracted-comparison-candidate	*kaṭ-al	krishnamurti-pfeiffer	dedr;burrow-emeneau1972den1[p. 402, entry 939]	
d1118	f_dtjgvklf5xftk	kaḍalu-konu	to swell, rise, increase (or the latter with 1350 Ta.kar̤al). DED(N) 939; to swell, rise, increase	uncontracted-comparison-candidate	*kaṭ-al	krishnamurti-pfeiffer	dedr;burrow-emeneau1972den1[p. 402, entry 939]	
d1122	f_ocyeb56mmamus	kaḍavasamu	a dried skin used by ascetics as a bed	uncontracted-comparison-candidate	kaḍavasa	dedr-reflex	dedr	
d1122	f_5il3ja3vslahi	kaḷavasamu	a skin or hide. DED(S) 942	uncontracted-comparison-candidate	kaḍavasa	dedr-reflex	dedr	
d1122	f_2zk7tupwndrce	kaḷāsamu	a skin or hide. DED(S) 942	uncontracted-comparison-candidate	kaḍavasa	dedr-reflex	dedr	
d1125	f_wzr7hugya5zwi	kaḍi	a morsel, a mouthful	uncontracted-comparison-candidate	**kaṭṭV	krishnamurti-pfeiffer	dedr	
d1125	f_3kevinplijt44	kaḍi-kaṇḍalu	fragments, bits, pieces	uncontracted-comparison-candidate	**kaṭṭV	krishnamurti-pfeiffer	dedr	
d1129	f_5nbtjdm66q6gu	kaḍi	good or bad odour. DEDS 146	uncontracted-comparison-candidate	kaṭi	dedr-reflex	dedr	
d1130	f_5gjmpgvuhjylg	gaḍacīla	wooden pin with which a bucket is fastened to the pole of a picottah. DED 947	uncontracted-comparison-candidate	kaṭikai	dedr-reflex	dedr	
d1131	f_v3pm3vb56dyha	kaḍise	Cluytia collina . DED 948	uncontracted-comparison-candidate	kaṭiccai	dedr-reflex	dedr	
d1134	f_g7mreppew4nty	karaka	chebulic myrobalan	uncontracted-comparison-candidate	*kam-kuẓi	krishnamurti-pfeiffer	dedr	
d1134	f_kbpy6gkdz3sio	karakkāya	chebulic myrobalan	uncontracted-comparison-candidate	*kam-kuẓi	krishnamurti-pfeiffer	dedr	
d1135	f_ca5nzp23dkprm	kaḍu	much, great, exceeding	uncontracted-comparison-candidate	*kaṭ-V-	krishnamurti-pfeiffer	dedr	
d1135	f_qgtgawabsfqmi	kaḍimi	valour, bravery; increase	uncontracted-comparison-candidate	*kaṭ-V-	krishnamurti-pfeiffer	dedr	
d1139	f_c3jgk6qwbysvy	kuḍumu	a bun or cake boiled in steam (voweluby crossing withuof items in 1680 'round')	uncontracted-comparison-candidate	kaḍumbu	dedr-reflex	dedr	
d1144	f_tcqd3qekddcbq	gaḍusu	clever, shrewd	uncontracted-comparison-candidate	keṭṭi	dedr-reflex	dedr	
d1144	f_w24yv5xir62mk	gaḍusari	a clever or shrewd man	uncontracted-comparison-candidate	keṭṭi	dedr-reflex	dedr	
d1153	f_c6egsvhzsirz6	kaṭakaṭālu	railing (as of a balcony). DED 967	uncontracted-comparison-candidate	kaṭekaṭe	dedr-reflex	dedr	
d1153	f_4kvxzjmulobjg	kaṭakaṭākammulu	railing (as of a balcony). DED 967	uncontracted-comparison-candidate	kaṭekaṭe	dedr-reflex	dedr	
d1163	f_3txnbnbaaxn7a	kalama	gap, opening, narrow pass between hills, defile. DED(S) 976	uncontracted-comparison-candidate	kaṇavāy	dedr-reflex	dedr	
d1181	f_zx23dcpjq3uts	kranna	quickly, rapidly, soon, at once	initial-apical-or-cluster;initial-cluster	kaṇṇa	dedr-reflex	dedr	
d1181	f_rgcsps2clpbp4	krannana	quickly, rapidly, soon, at once	initial-apical-or-cluster;initial-cluster	kaṇṇa	dedr-reflex	dedr	
d1181	f_76i4ioq6nlsww	kraccuṟa	quickly, soon. DED(N) 992	initial-apical-or-cluster;initial-cluster	kaṇṇa	dedr-reflex	dedr	
d1235	f_6dy3mt4kfyxnc	krampa	bramble; branch of a thorny tree or plant; (K.) thorn hedge	initial-apical-or-cluster;initial-cluster	*kamp-	merriam-pdr	dedr	
d1235	f_zyezaeb2jcvge	kara kampa	id	uncontracted-comparison-candidate	*kamp-	merriam-pdr	dedr;K-Telugu	
d1258	f_n66mgugc3s7gc	kaṟaṭi	a deceiver, cheat	uncontracted-comparison-candidate	kara	dedr-reflex	dedr	
d1259	f_aahr7qggex6k2	garagara	clean, neat, tidy, nice	uncontracted-comparison-candidate	**karakara	krishnamurti-pfeiffer	dedr	
d1259	f_pdun5mp6wjfd2	garagarika	cleanness, etc	uncontracted-comparison-candidate	**karakara	krishnamurti-pfeiffer	dedr	
d1260	f_r37cn5af7uwrq	garusu	gravel	uncontracted-comparison-candidate	garasu	dedr-reflex	dedr	
d1261	f_xjtgzt55ah5bm	garise	id	uncontracted-comparison-candidate	karacai	dedr-reflex	dedr	
d1262	f_lc3rr4bmwwqzg	gariḍi	id., fencing. DED 1058	uncontracted-comparison-candidate	karaṭi	dedr-reflex	dedr	
d1262	f_se2upytlrdhoy	gariḍī	id., fencing. DED 1058	uncontracted-comparison-candidate	karaṭi	dedr-reflex	dedr	
d1263	f_ydotbhkjso6d2	karaṭi	id. DED 1059(<i>a</i>)	uncontracted-comparison-candidate	karaṭi	dedr-reflex	dedr;B-Telugu	
d1266	f_jriv2cbdpyjgc	karuḍu	lump, mass, clot. DED 1062	uncontracted-comparison-candidate	karaṭu	dedr-reflex	dedr	
d1270	f_6wighmfzxez24	kara-tāḷamu	the small-leaved palm tree. DED 1066	uncontracted-comparison-candidate	kara-tāḷam	dedr-reflex	dedr;B-Telugu	
d1276	f_jpatu7q6y7z6c	kari	a witness. DED 1072	uncontracted-comparison-candidate	kari	dedr-reflex	dedr;B-Telugu	
d1278	f_hseb3zltndwo2	krā̃gu	to be burned	initial-apical-or-cluster;initial-cluster	*kā-r	krishnamurti-pfeiffer	dedr;K-Telugu	
d1279	f_xrhllvmbxyolq	karuvu	foetus	uncontracted-comparison-candidate	*karb-	merriam-pdr	dedr	
d1279	f_vqrkc4fama3qy	kari	uterus of animals	uncontracted-comparison-candidate	*karb-	merriam-pdr	dedr;B-Telugu	
d1279	f_nlhx4a3nnh5hu	karugu	an unopened ear of corn	uncontracted-comparison-candidate	*karb-	merriam-pdr	dedr	
d1280	f_7ryywlcp4oprw	karugu	id	uncontracted-comparison-candidate	karu	dedr-reflex	dedr	
d1280	f_szma5d2puvly6	karuvu	id	uncontracted-comparison-candidate	karu	dedr-reflex	dedr	
d1283	f_ywcklmjbmh27g	kaṟada	thought, idea, reflection, imagination, intention (? influenced byṟin 1297 Te.kaṟacu; so K.). DED(S, N) 1078	uncontracted-comparison-candidate	*kar-V-nt-	krishnamurti-pfeiffer	dedr;burrow-emeneau1972den1[p. 403, entry 1078]	
d1286	f_q5ugtyx7bjv2k	kaṟavu	famine, dearth, scarcity	uncontracted-comparison-candidate	*kar_v-	merriam-pdr	dedr	
d1286	f_n5vph2mxlq3bm	karavu	famine, dearth, scarcity	uncontracted-comparison-candidate	*kar_v-	merriam-pdr	dedr;B-Telugu	
d1286	f_gi5xui3yyuiyg	karuvu	famine, dearth, scarcity	uncontracted-comparison-candidate	*kar_v-	merriam-pdr	dedr;B-Telugu	
d1287	f_kdmnbvdga7mv2	karamu	much, great, very	uncontracted-comparison-candidate	karumai	dedr-reflex	dedr	
d1287	f_g36apaatcn5zk	krandu-konu	to be excessive, great or much; to spread. DED(S) 1082	initial-apical-or-cluster;initial-cluster	karumai	dedr-reflex	dedr	
d1291	f_pofjweny2dmxm	kraŋgu	the sound of a bell	initial-apical-or-cluster;initial-cluster	**karVkV-	krishnamurti-pfeiffer	dedr	
d1291	f_iisnwj7yl53wq	krandu	to sound, ring, lament; sound, noise	initial-apical-or-cluster;initial-cluster	**karVkV-	krishnamurti-pfeiffer	dedr	noun
d1292	f_6izbed5d6rws6	karugu	what is melted, a crucible	uncontracted-comparison-candidate	*kar-	merriam-pdr	dedr	
d1292	f_xkyq4cpz52abe	krā̃gu	to be melted away	initial-apical-or-cluster;initial-cluster	*kar-	merriam-pdr	dedr;K-Telugu	
d1292	f_pwigqj3wf4cyi	krā̃cu	to melt	initial-apical-or-cluster;initial-cluster	*kar-	merriam-pdr	dedr;K-Telugu	tr
d1293	f_c4nf3pqn2wxuk	kara	shore, bank	uncontracted-comparison-candidate	*kar-	merriam-pdr	dedr	
d1293	f_f2xf52piqwihi	garusu	boundary	uncontracted-comparison-candidate	*kar-	merriam-pdr	dedr	
d1299	f_53a3ss65li5vm	kalayu	to join , unite, meet, mix, mingle, copulate	uncontracted-comparison-candidate	**kal-	krishnamurti-pfeiffer	dedr	intr tr
d1299	f_dt357idtbgubw	kaliyu	to join , unite, meet, mix, mingle, copulate	uncontracted-comparison-candidate	**kal-	krishnamurti-pfeiffer	dedr	intr tr
d1299	f_6zvqiiowvuj72	kalayika	joining, uniting, meeting, union, copulation	uncontracted-comparison-candidate	**kal-	krishnamurti-pfeiffer	dedr	
d1299	f_wdicrundicruy	kalapu	to mix, join, unite, bring together, reconcile; mixing, mingling	uncontracted-comparison-candidate	**kal-	krishnamurti-pfeiffer	dedr	noun
d1299	f_53jt4mems2p2u	kalapamu	mixing	uncontracted-comparison-candidate	**kal-	krishnamurti-pfeiffer	dedr	
d1299	f_d3dfzyhz4lcty	kalagalvu	familiarity, intimacy	uncontracted-comparison-candidate	**kal-	krishnamurti-pfeiffer	dedr	
d1299	f_jwwssideseb76	kalagalavu	familiarity, intimacy	uncontracted-comparison-candidate	**kal-	krishnamurti-pfeiffer	dedr	
d1299	f_wky3ofgmrli7i	kalavaṇṭakamu	boiled rice mixed with several ingredients	uncontracted-comparison-candidate	**kal-	krishnamurti-pfeiffer	dedr	
d1299	f_tokkilvpwxmes	kalavuḍu	to mix, mingle	uncontracted-comparison-candidate	**kal-	krishnamurti-pfeiffer	dedr	intr
d1300	f_5shkft5t4jpsc	kalugu	to accrue (Arden), happen, occur, be produced or caused, be born, be, exist, be able (inscriptional forms withḷ, kaḷgina, etc.)	uncontracted-comparison-candidate	*kal-	merriam-pdr	dedr	
d1300	f_mkj7rxrcdkf6c	kaligincu	to cause, produce, effect, bring about	uncontracted-comparison-candidate	*kal-	merriam-pdr	dedr	
d1300	f_iy2gakvvpnyku	kala	existing, true, actual, possessing, having	uncontracted-comparison-candidate	*kal-	merriam-pdr	dedr	
d1300	f_iumbqitq26isu	kala-teṟãgu	truth, fact (forteṟãgu, see 3260)	uncontracted-comparison-candidate	*kal-	merriam-pdr	dedr	
d1300	f_xjewtntafgu7g	kala-rūpu	id., the real state of things (rūpu&lt; Skt.rūpa-); kalaḍuexists, is possessed, belongs to	uncontracted-comparison-candidate	*kal-	merriam-pdr	dedr	
d1300	f_7ekgc2hbweo2u	kalimi	existence, presence, possessions, wealth	uncontracted-comparison-candidate	*kal-	merriam-pdr	dedr	
d1302	f_b6xqkkislm7rs	kalakala	imit. word representing laughter	uncontracted-comparison-candidate	*kala-kala	krishnamurti-pfeiffer	dedr	
d1302	f_xumxac4qhyv3s	kalakalamu	indistinct or confused noise, the hum or buzz of a crowd	uncontracted-comparison-candidate	*kala-kala	krishnamurti-pfeiffer	dedr	
d1302	f_bo5qvoh73xvhi	galagala	tinkling of coins, etc	uncontracted-comparison-candidate	*kala-kala	krishnamurti-pfeiffer	dedr	
d1302	f_6v3z6i7npnws2	kaḷapeḷa	sound of boiling	uncontracted-comparison-candidate	*kala-kala	krishnamurti-pfeiffer	dedr	
d1303	f_ijwgcogmaws2i	kalaguṇḍu	confusion, disorder, tumult, commotion	uncontracted-comparison-candidate	*kal-a-nku	krishnamurti-pfeiffer	dedr	
d1304	f_vx2y7jhbvwsey	kalapa	materials for a plough, timber for buildings. DED 1097	uncontracted-comparison-candidate	kalappai	dedr-reflex	dedr	
d1305	f_lgqn4ojmvnehu	kalamu	ship	uncontracted-comparison-candidate	*kal-am	krishnamurti-pfeiffer	dedr	
d1305	f_ece7d64ybsmvm	kalamari	sailor	uncontracted-comparison-candidate	*kal-am	krishnamurti-pfeiffer	dedr	
d1306	f_65jlkwxtljm26	kalavaramu	confusion, state of being puzzled or perplexed, anxiety	uncontracted-comparison-candidate	kalavaram	dedr-reflex	dedr	
d1306	f_uzny54jgwq7vk	kalavara-paḍu	to be confused	uncontracted-comparison-candidate	kalavaram	dedr-reflex	dedr	
d1306	f_5ncz7ft376xcu	kaḷavaḷamu	confusion, perplexity, anxiety	uncontracted-comparison-candidate	kalavaram	dedr-reflex	dedr	
d1306	f_up2c4jhyejw2g	kaḷavaḷincu	to be perplexed, anxious	uncontracted-comparison-candidate	kalavaram	dedr-reflex	dedr	
d1307	f_qyw6saywgr5di	kaluva	water-lily	uncontracted-comparison-candidate	kalave	dedr-reflex	dedr	
d1309	f_mwui5boh6ip54	kaḷiŋga	sluice. DED 1100	uncontracted-comparison-candidate	*kal-Vnk-	krishnamurti-pfeiffer	dedr;VPK-Telugu	
d1310	f_cbq2mg4kzly3q	galibili	confusion, noise, disturbance	uncontracted-comparison-candidate	kalipali	dedr-reflex	dedr	
d1310	f_e2rfovx6ssi3m	galaba	confusion, noise, disturbance	uncontracted-comparison-candidate	kalipali	dedr-reflex	dedr	
d1311	f_ebh62wm2aiexs	kalayu	to be dissolved or broken up (as an assembly). DED 1102	uncontracted-comparison-candidate	kalai	dedr-reflex	dedr	
d1346	f_ekjmov5jzqghg	kaḷuku	brilliancy. DED(S) 1133	uncontracted-comparison-candidate	kaṛ̆akaṛ̆isu	dedr-reflex	dedr	
d1347	f_xrgs6g6gqjumu	gracca	C. b. , bonduc. [<i>Caesalpinia = Guilandina.</i>] DED(N) 1134	initial-apical-or-cluster;initial-cluster	*kiẓ-ank-	krishnamurti-pfeiffer	dedr	
d1349	f_g2emb2ud5fcbw	krālu	to move, turn round, exist, behave, (K. also) shake, tremble, wave (as a banner), wander	initial-apical-or-cluster;initial-cluster	kaṛ̆al	dedr-reflex	dedr	
d1349	f_a7huamixn3ge4	krālgaṇṭi	a sparkling-eyed woman (translation of Skt.cañcala-akṣi-)	initial-apical-or-cluster;initial-cluster	kaṛ̆al	dedr-reflex	dedr	
d1349	f_52ktuc4bcwtqq	krālugaṇṭi	a sparkling-eyed woman (translation of Skt.cañcala-akṣi-)	initial-apical-or-cluster;initial-cluster	kaṛ̆al	dedr-reflex	dedr	
d1350	f_l7tlrziqwz2ju	kaḍalu-konu	to swell, rise, increase (or with 1118 Ta.kaṭal). DED(N) 1137; to swell, rise, increase	uncontracted-comparison-candidate	kaṛ̆al	dedr-reflex	dedr;burrow-emeneau1972den1[p. 403, entry 1137]	verb
d1359	f_loq3jelndwedg	krayya	canal	initial-apical-or-cluster;initial-cluster	kaṛ̆i	dedr-reflex	dedr	
d1368	f_jwub5lbwzqohi	krammu	to spread, extend, overspread, (K. also) overflow	initial-apical-or-cluster;initial-cluster	kaṛ̆umu	dedr-reflex	dedr	
d1368	f_rdfzg6mtkcdg2	kraccu	to surround, overspread	initial-apical-or-cluster;initial-cluster	kaṛ̆umu	dedr-reflex	dedr;K-Telugu	
d1369	f_whb74k3o2kaoi	kaḍugu	to wash, scrub, bathe, lave; water in which rice or anything has been washed	uncontracted-comparison-candidate	**kaẓVcV-	krishnamurti-pfeiffer	dedr	noun
d1369	f_ewwff3lnqyalu	kaḍuvu	to wash, scrub, bathe, lave; water in which rice or anything has been washed	uncontracted-comparison-candidate	**kaẓVcV-	krishnamurti-pfeiffer	dedr	noun
d1370	f_q6ozpq6cmuu7g	gaḍa	pole, staff, rod, stick, stalk, mast	uncontracted-comparison-candidate	kaṛ̆ai	dedr-reflex	dedr	
d1373	f_2zmm2uipeygrw	kalupu	weeds	uncontracted-comparison-candidate	*kaḷ-	krishnamurti-pfeiffer	dedr	
d1376	f_7vu4u3n5jpfdg	kalanu	war, battle, combat, (B.) threshing floor	uncontracted-comparison-candidate	*kaḷ-am	krishnamurti-pfeiffer	dedr	
d1377	f_svspohaicbyew	kalivi	<i>C. diffusa.</i> DED (S) 1161	uncontracted-comparison-candidate	kaḷā	dedr-reflex	dedr	
d1377	f_hij5c5reoydx4	kalive	<i>C. diffusa.</i> DED (S) 1161	uncontracted-comparison-candidate	kaḷā	dedr-reflex	dedr	
d1377	f_tafuvl4efysrg	kaligi	<i>C. diffusa.</i> DED (S) 1161	uncontracted-comparison-candidate	kaḷā	dedr-reflex	dedr;VPK-Telugu	
d1377	f_pl52i4r3mep6u	kalimi	<i>C. diffusa.</i> DED (S) 1161	uncontracted-comparison-candidate	kaḷā	dedr-reflex	dedr;VPK-Telugu	
d1377	f_un5uazqmrigyu	kaḷive	<i>C. diffusa.</i> DED (S) 1161	uncontracted-comparison-candidate	kaḷā	dedr-reflex	dedr;VPK-Telugu	
d1377	f_no5y7ggdpvute	kalē-kampa	<i>C. diffusa.</i> DED (S) 1161	uncontracted-comparison-candidate	kaḷā	dedr-reflex	dedr;VPK-Telugu	
d1379	f_r2dbosfwcnomm	kali	the water in which rice has been washed, kept until it ferments	uncontracted-comparison-candidate	kaṛ̆i	dedr-reflex	dedr	
d1383	f_fsof67b7kddbk	tirucalli	</i> DED 1164	uncontracted-comparison-candidate	kaḷḷi	dedr-reflex	dedr	
d1386	f_hdfmvdviuvnwc	gaṟagaṟa	crispness, dryness, and brittleness	uncontracted-comparison-candidate	kaṟakaṟa	dedr-reflex	dedr	
d1386	f_7ze2wlz45gx2g	gaṟagaṟal-āḍu	to be crisp, be dry and brittle	uncontracted-comparison-candidate	kaṟakaṟa	dedr-reflex	dedr	
d1386	f_ejsmur64sx32i	kaṟakaṟa	a harsh grating sound	uncontracted-comparison-candidate	kaṟakaṟa	dedr-reflex	dedr	
d1386	f_iuyw65of66dlc	karakara	noise made in writing or chewing	uncontracted-comparison-candidate	kaṟakaṟa	dedr-reflex	dedr	
d1390	f_lwigjuqmi3m56	kaṟacu	to bite, gnaw	uncontracted-comparison-candidate	**kaṯV-	krishnamurti-pfeiffer	dedr	
d1394	f_2cn3yj25r4wlo	gari	id	uncontracted-comparison-candidate	*gar_-	merriam-pdr	dedr;B-Telugu	
d1394	f_gk7pngdyaavfa	gaṟi	id	uncontracted-comparison-candidate	*gar_-	merriam-pdr	dedr;K-Telugu	
d1394	f_k3rmpdevxtjyw	gari	a long leaf (of millet, corn, etc.)	uncontracted-comparison-candidate	*gar_-	merriam-pdr	dedr;VPK-Telugu	
d1394	f_lkv22evsgvsjm	gara	a long leaf (of millet, corn, etc.)	uncontracted-comparison-candidate	*gar_-	merriam-pdr	dedr;VPK-Telugu	
d1395	f_lr2xkzoabjnz2	kaṟa	blackness, a stain, blot; black	uncontracted-comparison-candidate	*kar_- (*-d_-)	merriam-pdr	dedr	
d1395	f_pajaz5hfmwopc	kaṟi	black	uncontracted-comparison-candidate	*kar_- (*-d_-)	merriam-pdr	dedr	
d1395	f_atihnb5zphoka	kaṟiya	black colour	uncontracted-comparison-candidate	*kar_- (*-d_-)	merriam-pdr	dedr	
d1397	f_s6zgz3rrarvk4	gaṟika	a kind of grass, <i> Agrostis linearis. ? Go	uncontracted-comparison-candidate	kaṟuka	dedr-reflex	dedr	
d1407	f_4rtyc7x3rkxb4	kala	id	uncontracted-comparison-candidate	*kan-acV	krishnamurti-pfeiffer	dedr	
d1477	f_vjqzbh72uhj3q	krāyu	to spit, vomit	initial-apical-or-cluster;initial-cluster	kāl	dedr-reflex	dedr	
d1477	f_eykqzbsh7udsw	grāyu	to spit	initial-apical-or-cluster;initial-cluster	kāl	dedr-reflex	dedr;B-Telugu	
d1483	f_rdyntsp4uawiy	kalu	a carriage wheel	uncontracted-comparison-candidate	kāl	dedr-reflex	dedr	
d1507	f_vx5ejnfq4o4gi	krānugu	id., <i>Pongamia glabra</i>	initial-apical-or-cluster;initial-cluster	*kar-Vnk	krishnamurti-pfeiffer	dedr;B-Telugu	
d1509	f_qfboo5kq5d4gw	krikkiṟincu	to be crowded, dense, thickset or closeset, occupy fully, leave no space	initial-apical-or-cluster;initial-cluster	kikkaṟisu	dedr-reflex	dedr	
d1509	f_oloiohkgqpbkk	krikkiṟiyu	to be crowded, dense, thickset or closeset, occupy fully, leave no space	initial-apical-or-cluster;initial-cluster	kikkaṟisu	dedr-reflex	dedr	
d1524	f_qffjpxodkxnh2	keḍayu	to fall or fall over, tumble over	uncontracted-comparison-candidate	*kōḍ- (?)	merriam-pdr	dedr	
d1524	f_yl4juw2q74gs6	keḍapu	to cause to fall, push or tumble over, throw	uncontracted-comparison-candidate	*kōḍ- (?)	merriam-pdr	dedr	
d1524	f_nrjto26ym3cwm	keḍayika	falling, fall	uncontracted-comparison-candidate	*kōḍ- (?)	merriam-pdr	dedr	
d1524	f_lisopammis5dk	keḍavu	falling, fall	uncontracted-comparison-candidate	*kōḍ- (?)	merriam-pdr	dedr	
d1527	f_g3iy2qjkhxzlg	ḍēga	hawk, falcon	initial-apical-or-cluster	*giḍ-	merriam-pdr	dedr	
d1533	f_r65w5uqbrmbim	kiṭuku	a secret	uncontracted-comparison-candidate	*kiṭ-k-	merriam-pdr	dedr	
d1534	f_idpkajxav7s74	giḍiya	a sort of drum. DED 1286	uncontracted-comparison-candidate	kiṭupiṭi	dedr-reflex	dedr	
d1560	f_tmgjjymchq6vm	ciruguḍu	a species of leprosy which causes large round spots all over the body; ringworm. DED(S) 1302	uncontracted-comparison-candidate	ciraŋku	dedr-reflex	dedr	
d1571	f_mhi4b6kdkypsw	cilipi	small, slight, despicable	uncontracted-comparison-candidate	*kil-	krishnamurti-pfeiffer	dedr	
d1571	f_5lsfxqchyghfk	cilupa	slight, little	uncontracted-comparison-candidate	*kil-	krishnamurti-pfeiffer	dedr	
d1572	f_3wejunqjbscea	gili	fear, terror. DED 1309	uncontracted-comparison-candidate	kili	dedr-reflex	dedr	
d1574	f_6ddaebvruwkxg	kelayu	to rage	uncontracted-comparison-candidate	*kil-	krishnamurti-pfeiffer	dedr;K-Telugu	
d1574	f_ltmm5hiotyowu	kilārincu	to make a noise, shout	uncontracted-comparison-candidate	*kil-	krishnamurti-pfeiffer	dedr	
d1574	f_5kk5uxdsc4owo	kilārucu	to make a noise, shout	uncontracted-comparison-candidate	*kil-	krishnamurti-pfeiffer	dedr	
d1575	f_qczvhdmecfhng	kilakila	sound of laughter, chirping of birds, din, clamour	uncontracted-comparison-candidate	kil-kill-eṉal	dedr-reflex	dedr	
d1575	f_vwu7zvckw4jtc	kilakilal-āḍu	to chirp, make noise	uncontracted-comparison-candidate	kil-kill-eṉal	dedr-reflex	dedr	
d1575	f_3e5i5apjpenyw	gilaka	a child's rattle	uncontracted-comparison-candidate	kil-kill-eṉal	dedr-reflex	dedr	
d1575	f_ma72p3m7cd66o	giluku	jingling sound of bracelets or bells on the ankles	uncontracted-comparison-candidate	kil-kill-eṉal	dedr-reflex	dedr	
d1580	f_z3hnf3r6w2viw	krānu	thick buttermilk	initial-apical-or-cluster;initial-cluster	kiṛ̆āaṉ	dedr-reflex	dedr;B-Telugu;K-Telugu	
d1583	f_3vswnjho26v64	keralu	to increase, rise, swell	uncontracted-comparison-candidate	kiḷar	dedr-reflex	dedr	
d1584	f_2ekrqkj3gmlyw	ciluka	parrot	uncontracted-comparison-candidate	*kiḷi	krishnamurti-pfeiffer	dedr	
d1586	f_r6rizcojxstgm	cilumu	verdigris	uncontracted-comparison-candidate	*kiḷ-	merriam-pdr	dedr	
d1586	f_67437scchm5oc	kilumu	verdigris	uncontracted-comparison-candidate	*kiḷ-	merriam-pdr	dedr	
d1588	f_kpfgamovgtvpg	kelaŋku	to stir, mix	uncontracted-comparison-candidate	*keḷ-ay	krishnamurti-pfeiffer	dedr	
d1588	f_paobss7wkp7sg	kelanu	to stir, mix	uncontracted-comparison-candidate	*keḷ-ay	krishnamurti-pfeiffer	dedr	
d1593	f_wqj2sb7cjgd4y	kiṟakiṟa	creaking, rattling	uncontracted-comparison-candidate	kiṟiccu	dedr-reflex	dedr	
d1594	f_uif24g4tmqksw	ciṟu	small, little, slight, gentle, mild	uncontracted-comparison-candidate	*kiṯṯ-eli	krishnamurti-pfeiffer	dedr	
d1594	f_we5uz74jlpnmk	ciṟuta	small, little, young	uncontracted-comparison-candidate	*kiṯṯ-eli	krishnamurti-pfeiffer	dedr	
d1594	f_ytz7hqkytupzw	ciṟutuka	a young woman	uncontracted-comparison-candidate	*kiṯṯ-eli	krishnamurti-pfeiffer	dedr;burrow-emeneau1972den1[p. 404, entry 1326]	noun
d1594	f_4o6nkyuec2pg6	kriyyu	to grow lean	initial-apical-or-cluster;initial-cluster	*kiṯṯ-eli	krishnamurti-pfeiffer	dedr;K-Telugu;B-Telugu	
d1594	f_j5d7c3lwqjf76	krēpu	a calf (or with 1123 Ta.kaṭavu); giṟakashort	initial-apical-or-cluster;initial-cluster	*kiṯṯ-eli	krishnamurti-pfeiffer	dedr	
d1595	f_emli7567audvu	giragira	round and round, spinning	uncontracted-comparison-candidate	kiṟukiṟu	dedr-reflex	dedr	
d1595	f_oqezb5yovwprq	giraka	pulley over which to pull water from well; (<i>VPK</i> for all items) wheel of cart	uncontracted-comparison-candidate	kiṟukiṟu	dedr-reflex	dedr	
d1595	f_stlbpyxcc3crq	gilaka	pulley over which to pull water from well; (<i>VPK</i> for all items) wheel of cart	uncontracted-comparison-candidate	kiṟukiṟu	dedr-reflex	dedr	
d1597	f_2eywygseajj3m	ciṟaciṟa	sullenness, ill-humour	uncontracted-comparison-candidate	*kir_-	merriam-pdr	dedr	
d1597	f_fgdhy5cq6uvoc	ceṟaceṟal-āḍu	to be angry or furious	uncontracted-comparison-candidate	*kir_-	merriam-pdr	dedr	
d1597	f_qnnp75eghj4uw	keralu	to be angry or enraged (or with 1961 Ta.ceru)	uncontracted-comparison-candidate	*kir_-	merriam-pdr	dedr	
d1598	f_jz2pr4ou54xn4	giṟupu	to shake, move (, as the body, ears of an animal)	uncontracted-comparison-candidate	kiṟuŋku	dedr-reflex	dedr;K-Telugu	intr
d1598	f_7ujuhtcobjpmk	gilupu	to shake as the pigtail. DED 1330	uncontracted-comparison-candidate	kiṟuŋku	dedr-reflex	dedr;K-Telugu	tr
d1619	f_tecvkq5oqzl5o	krī	lower, below	initial-apical-or-cluster;initial-cluster	*kīẓ	krishnamurti-pfeiffer	dedr	
d1619	f_vgz6cxcqnfieo	krinda	below, down	initial-apical-or-cluster;initial-cluster	*kīẓ	krishnamurti-pfeiffer	dedr	
d1619	f_zzgh3zwhibmt6	krindu	the part or region below, past time	initial-apical-or-cluster;initial-cluster	*kīẓ	krishnamurti-pfeiffer	dedr	
d1619	f_ku6vnisxkyv46	krindiki	downward	initial-apical-or-cluster;initial-cluster	*kīẓ	krishnamurti-pfeiffer	dedr	
d1619	f_un6oy37s3wdky	krincu	mean, low, base	initial-apical-or-cluster;initial-cluster	*kīẓ	krishnamurti-pfeiffer	dedr	
d1623	f_v4bnybjh7viiw	giṟupu	to pass fingers through (as feathers of a bird, etc.), pat, stroke	uncontracted-comparison-candidate	*kī-ṯ	krishnamurti-pfeiffer	dedr;K-Telugu	
d1623	f_stjqtlctbgadq	giṟuku	to scribble	uncontracted-comparison-candidate	*kī-ṯ	krishnamurti-pfeiffer	dedr	
d1623	f_x35yjlzb35p4g	giluku	to scribble	uncontracted-comparison-candidate	*kī-ṯ	krishnamurti-pfeiffer	dedr	
d1623	f_gapiyuuzmon5g	jilugu	a cursive hand or writing, illegibility; (K. also) to write letters illegibly without leaving spaces	uncontracted-comparison-candidate	*kī-ṯ	krishnamurti-pfeiffer	dedr	verb
d1623	f_quteornujwv3e	geṟa	line	uncontracted-comparison-candidate	*kī-ṯ	krishnamurti-pfeiffer	dedr	
d1625	f_g3tol3xkfmlwq	giṟupu	to wink, as in making a sign or conveying a hint	uncontracted-comparison-candidate	kīṟu	dedr-reflex	dedr	
d1625	f_mkerpkjxschpi	giṟuvu	to wink, as in making a sign or conveying a hint	uncontracted-comparison-candidate	kīṟu	dedr-reflex	dedr;K-Telugu;K-also-Telugu	
d1625	f_f57x263zw7i5w	gilupu	to wink, as in making a sign or conveying a hint	uncontracted-comparison-candidate	kīṟu	dedr-reflex	dedr;K-Telugu;K-also-Telugu	
d1654	f_elhezau6onmuo	kuḍucu	to eat, suck, drink, enjoy, suffer	uncontracted-comparison-candidate	kuṭi	dedr-reflex	dedr	
d1654	f_vzs2pyr6ogwka	kuḍupu	to feed, suckle, cause to eat, enjoy, or suffer; eating, food, enjoying, suffering	uncontracted-comparison-candidate	kuṭi	dedr-reflex	dedr	noun
d1654	f_zbdftfhydzxsm	kuḍupari	one who eats, enjoys, or suffers	uncontracted-comparison-candidate	kuṭi	dedr-reflex	dedr	
d1654	f_qszua5aoevtia	kuḍi	right, right-hand	uncontracted-comparison-candidate	kuṭi	dedr-reflex	dedr	
d1654	f_rhla5xzucxz3u	kuḍiti	the washings of rice, split pulse, etc., used as a drink for cattle	uncontracted-comparison-candidate	kuṭi	dedr-reflex	dedr	
d1658	f_uk2fffjnorwky	guṭaka	a single swallow or gulp	uncontracted-comparison-candidate	guṛakn	dedr-reflex	dedr	
d1658	f_mjyfj2d3rd34q	guṭuku	the sound of swallowing	uncontracted-comparison-candidate	guṛakn	dedr-reflex	dedr	
d1658	f_rwxyv2m7s6qrg	guṭukku	the sound of swallowing	uncontracted-comparison-candidate	guṛakn	dedr-reflex	dedr	
d1658	f_2ghlqxdvyczrg	guḍukku	the sound of swallowing	uncontracted-comparison-candidate	guṛakn	dedr-reflex	dedr	
d1658	f_qwqpxad3xd2zg	guṭaguṭa	the sound made in drinking water rapidly	uncontracted-comparison-candidate	guṛakn	dedr-reflex	dedr	
d1663	f_xqlilzxjpbulg	goḍugu	id., parasol	uncontracted-comparison-candidate	*koṭ-ay	krishnamurti-pfeiffer	dedr	
d1670	f_paeqsxeovhgvm	giṭaka	short, dwarfish	uncontracted-comparison-candidate	*kiṭṭ-	krishnamurti-pfeiffer	dedr	
d1670	f_6oxko4iqz7rp6	giḍasa	id., stunted	uncontracted-comparison-candidate	*kiṭṭ-	krishnamurti-pfeiffer	dedr	
d1680	f_hdifqogfudno6	gruḍḍu	eyeball, egg	initial-apical-or-cluster;initial-cluster	*kuṭ-V	krishnamurti-pfeiffer	dedr	
d1680	f_ac4zybs3izt7o	guḍusu	a circle, round	uncontracted-comparison-candidate	*kuṭ-V	krishnamurti-pfeiffer	dedr	
d1680	f_thjl66djfsori	guḍi	halo round the sun or moon	uncontracted-comparison-candidate	*kuṭ-V	krishnamurti-pfeiffer	dedr	
d1695	f_pllqjgcufkafo	rubbu-guṇḍu	stone pestle or roller used in grinding things in a mortar	initial-apical-or-cluster	*gunḍ-	merriam-pdr	dedr	
d1766	f_tdc6mdmzbp7aq	goruvaŋka	myna	uncontracted-comparison-candidate	kurakam	dedr-reflex	dedr	
d1767	f_eqqola7bngbzy	kruŋgu	to sink, fall down, fall in a heap	initial-apical-or-cluster;initial-cluster	*kur-Vŋ-	merriam-pdr	dedr	
d1767	f_ssnb5crlsin2s	kruŋgilu	to sink, fall down, fall in a heap	initial-apical-or-cluster;initial-cluster	*kur-Vŋ-	merriam-pdr	dedr	
d1769	f_fnt4htr2q5egm	krō̃ti	id	initial-apical-or-cluster;initial-cluster	*kor-V-nkk-	krishnamurti-pfeiffer	dedr	
d1770	f_2zgwpc677gpp2	gorija	id	uncontracted-comparison-candidate	kuracu	dedr-reflex	dedr	
d1770	f_yyrqtp6k7hdgc	gorise	id	uncontracted-comparison-candidate	kuracu	dedr-reflex	dedr	
d1770	f_vbi547k7ztgao	gorije	id	uncontracted-comparison-candidate	kuracu	dedr-reflex	dedr;B-Telugu;K-also-Telugu	
d1770	f_hwszl4btp4s7a	korije	id	uncontracted-comparison-candidate	kuracu	dedr-reflex	dedr;B-Telugu;K-also-Telugu	
d1771	f_o7xhzmvxwdyma	kurapamu	id	uncontracted-comparison-candidate	kurappam	dedr-reflex	dedr	
d1771	f_p7ya2sfakfax4	koṟapamu	id	uncontracted-comparison-candidate	kurappam	dedr-reflex	dedr	
d1771	f_w2tumbjjhf3ig	goṟapamu	id	uncontracted-comparison-candidate	kurappam	dedr-reflex	dedr	
d1772	f_crriypcekkpek	kurimiḍi	a bank for retaining water in a field. DEDS 251	uncontracted-comparison-candidate	kurampu	dedr-reflex	dedr	
d1772	f_7i4rpnxqikeye	kurimiḍi-gaṭṭu	a bank for retaining water in a field. DEDS 251	uncontracted-comparison-candidate	kurampu	dedr-reflex	dedr	
d1774	f_bswc5toyx646c	krōlcu	to sing, chirp, read out, recite. DED(N) 1477	initial-apical-or-cluster;initial-cluster	kural	dedr-reflex	dedr;K-Telugu	
d1774	f_4y773rgrwzseo	krōlucu	to sing, chirp, read out, recite. DED(N) 1477	initial-apical-or-cluster;initial-cluster	kural	dedr-reflex	dedr;K-Telugu	
d1777	f_g44tfpxsthcdw	koraḍu	owl	uncontracted-comparison-candidate	kurāl	dedr-reflex	dedr	
d1778	f_uahlpqntrlei6	kruyyu	to grow lean, diminish, droop, shrink (or with 1851 Ta.kuṟu)	initial-apical-or-cluster;initial-cluster	koragu	dedr-reflex	dedr;K-Telugu;B-Telugu	
d1780	f_ybqi552r2upi4	kuṟupu	a boil, abscess	uncontracted-comparison-candidate	**korVppV	krishnamurti-pfeiffer	dedr	
d1784	f_3psoqtfcxa4ue	gurugu	id. DED(S) 1484	uncontracted-comparison-candidate	gurugulu	dedr-reflex	dedr;B-Telugu	
d1784	f_laszw2b2uafny	gurigi	id. DED(S) 1484	uncontracted-comparison-candidate	gurugulu	dedr-reflex	dedr;B-Telugu	
d1784	f_n3gwmcziiiome	guraga	id. DED(S) 1484	uncontracted-comparison-candidate	gurugulu	dedr-reflex	dedr;VPK-Telugu	
d1787	f_ndolyy4ysamdc	gruḍḍi	blindness, blind man, blind	initial-apical-or-cluster;initial-cluster	*kur-uṭu	krishnamurti-pfeiffer	dedr	
d1787	f_pmbylqwhanjmy	gruḍḍu	blindness	initial-apical-or-cluster;initial-cluster	*kur-uṭu	krishnamurti-pfeiffer	dedr	
d1794	f_hfzu4vosk5nxs	kurulu	hair, curls or ringlets of hair	uncontracted-comparison-candidate	**kūr-	krishnamurti-pfeiffer	dedr	
d1795	f_663oakw3lkr4g	gulaka	shell, pebble	uncontracted-comparison-candidate	*gurL-	merriam-pdr	dedr	
d1797	f_ip4u3hhvzpny2	gurigi	a very small earthen pot	uncontracted-comparison-candidate	*kur-Vvi	krishnamurti-pfeiffer	dedr	
d1802	f_nmdqveljibyea	grucci kaũgilincu	to embrace tightly	initial-apical-or-cluster;initial-cluster	grucci kaũgilincu	dedr-reflex	dedr;K-Telugu	
d1806	f_kapyussf4tkao	kuluku	to move the body in a graceful and affected manner; (K. B. also) move, shake <i> (tr.); n	uncontracted-comparison-candidate	*kul-	merriam-pdr	dedr	
d1806	f_hfn7bmlmp4saw	kulukulā̃ḍi	woman affecting graceful movements of body	uncontracted-comparison-candidate	*kul-	merriam-pdr	dedr	
d1810	f_6jp3k2a6p3du6	gola	a bunch, a cluster	uncontracted-comparison-candidate	kulai	dedr-reflex	dedr	
d1810	f_ob5dubiesxcvw	gela	a bunch	uncontracted-comparison-candidate	kulai	dedr-reflex	dedr	
d1813	f_ybq3y54ruasxk	kolakola	noise, tumult	uncontracted-comparison-candidate	gullu	dedr-reflex	dedr	
d1813	f_7jm4qz6ppaktm	golagola	a confused noise	uncontracted-comparison-candidate	gullu	dedr-reflex	dedr	
d1818	f_jby43elvgqkno	krōlu	tube, hole	initial-apical-or-cluster;initial-cluster	*kuẓ-V	krishnamurti-pfeiffer	dedr;B-Telugu	
d1818	f_4qzjchlammmqe	krōvi	tube, flute	initial-apical-or-cluster;initial-cluster	*kuẓ-V	krishnamurti-pfeiffer	dedr	
d1818	f_hos3a4hrtzpp6	groyyi	pit	initial-apical-or-cluster;initial-cluster	*kuẓ-V	krishnamurti-pfeiffer	dedr;B-Telugu;K-also-Telugu	
d1818	f_7ezjpvvutew54	groyyu	to be formed into a hole or pit	initial-apical-or-cluster;initial-cluster	*kuẓ-V	krishnamurti-pfeiffer	dedr;B-Telugu	
d1818	f_5culweofdbrd6	groccu	to dig	initial-apical-or-cluster;initial-cluster	*kuẓ-V	krishnamurti-pfeiffer	dedr	
d1818	f_h2yol63wxiceq	kroccu	to dig	initial-apical-or-cluster;initial-cluster	*kuẓ-V	krishnamurti-pfeiffer	dedr;K-Telugu;K-also-Telugu	
d1826	f_qje5ckegjswui	kruŋku	to sink, plunge, set (as the sun), die; a plunge	initial-apical-or-cluster;initial-cluster	kruŋku	dedr-reflex	dedr	
d1828	f_lj7zmplmadmki	kolanu	id	uncontracted-comparison-candidate	*kuḷ-am	krishnamurti-pfeiffer	dedr	
d1840	f_nfptjwgshxlpk	kuṟuvu	id	uncontracted-comparison-candidate	*kuṯ-V-nk-	krishnamurti-pfeiffer	dedr	
d1842	f_5svnihlovfrga	koṟaḍu	the trunk of a tree of which the branches are lopped off, a stump. DED(S) 1528	uncontracted-comparison-candidate	kuṟaṭu	dedr-reflex	dedr	
d1843	f_osv7ugsfoehn4	koṟaḍu	a kind of pincers. DED 1529	uncontracted-comparison-candidate	kuṟaṭu	dedr-reflex	dedr	
d1844	f_hwc3vw5pndswi	koṟava	name of a tribe of mountaineers	uncontracted-comparison-candidate	kuṟam	dedr-reflex	dedr	
d1844	f_5dirayzweq24i	koṟavata	a gipsy	uncontracted-comparison-candidate	kuṟam	dedr-reflex	dedr	f
d1844	f_kzydh5e5ffxhu	koravanji	a gipsy	uncontracted-comparison-candidate	kuṟam	dedr-reflex	dedr	
d1844	f_jroa77q6lqf3w	kurupa	a caste of shepherds who weave blankets	uncontracted-comparison-candidate	kuṟam	dedr-reflex	dedr	
d1844	f_ftewkejqedb2m	kuruma	a caste of shepherds who weave blankets	uncontracted-comparison-candidate	kuṟam	dedr-reflex	dedr	
d1845	f_4sneir5keewzi	Silurus boalis	</i>	uncontracted-comparison-candidate	kuṟavai	dedr-reflex	dedr	
d1847	f_txz36ywtfj3aq	guṟi	an aim, object aimed at, design, purpose, sign, token, esteem	uncontracted-comparison-candidate	*gur_- (*-d_-)	merriam-pdr	dedr	
d1847	f_ux3yl7dxb4ore	guṟincu	to intend, have in view	uncontracted-comparison-candidate	*gur_- (*-d_-)	merriam-pdr	dedr	
d1847	f_oklkay5qlb52u	guṟinci	concerning	uncontracted-comparison-candidate	*gur_- (*-d_-)	merriam-pdr	dedr	
d1847	f_5ltk2ksnm6tje	guṟici	concerning	uncontracted-comparison-candidate	*gur_- (*-d_-)	merriam-pdr	dedr	
d1847	f_6vsldnltzfhum	guṟikā̃ḍu	a good marksman	uncontracted-comparison-candidate	*gur_- (*-d_-)	merriam-pdr	dedr	
d1847	f_6t7bvctroopx4	guṟutu	a mark, sign, token	uncontracted-comparison-candidate	*gur_- (*-d_-)	merriam-pdr	dedr	
d1850	f_ery2rzlbv2jv6	gruddu	to give a blow with the fist; a blow with the fist	initial-apical-or-cluster;initial-cluster	*kut-V-	krishnamurti-pfeiffer	dedr	noun
d1851	f_hwyh3co77ekp6	kuṟuca	short, dwarfish, small	uncontracted-comparison-candidate	*kuṯ-ay-	krishnamurti-pfeiffer	dedr	
d1851	f_ii7id7v6xb3ya	kuṟu	short, dwarfish, small	uncontracted-comparison-candidate	*kuṯ-ay-	krishnamurti-pfeiffer	dedr	
d1851	f_sosgopelfpsjw	kuradā	deficiency	uncontracted-comparison-candidate	*kuṯ-ay-	krishnamurti-pfeiffer	dedr	
d1851	f_wg6wjsszcbbrc	koṟa	defect, want	uncontracted-comparison-candidate	*kuṯ-ay-	krishnamurti-pfeiffer	dedr	
d1851	f_4x26yrpf6zq6g	kruyyu	to grow lean, diminish, droop, shrink (or with 1778 Ka.koragu)	initial-apical-or-cluster;initial-cluster	*kuṯ-ay-	krishnamurti-pfeiffer	dedr;K-Telugu;B-Telugu	
d1852	f_ilpifxbc36mmi	guṟaka	snoring	uncontracted-comparison-candidate	*gur_-	merriam-pdr	dedr	
d1853	f_ede6du3ig6h5g	grukka	a gulp	initial-apical-or-cluster;initial-cluster	gukku	dedr-reflex	dedr	
d1853	f_yprm3jh45xwdk	grukkili	a gulp	initial-apical-or-cluster;initial-cluster	gukku	dedr-reflex	dedr	
d1853	f_zauholzpmreqq	grukkẽḍu	a gulp	initial-apical-or-cluster;initial-cluster	gukku	dedr-reflex	dedr	
d1853	f_uyvp2zup34zws	grukku	to gulp liquid	initial-apical-or-cluster;initial-cluster	gukku	dedr-reflex	dedr;K-Telugu	
d1855	f_gdxeqv4rzjlki	gulibi	id	uncontracted-comparison-candidate	*kir-	merriam-pdr	dedr	
d1855	f_tyzsyp2q2dyci	gulimi	id	uncontracted-comparison-candidate	*kir-	merriam-pdr	dedr	
d1861	f_lv2owylaix7ea	gruccu	to thrust, push, insert (as a stick, needle or the like into something or through a hole), pierce, prick, thread together (as beads), thread a needle	initial-apical-or-cluster;initial-cluster	kuṟṟu	dedr-reflex	dedr	
d1864	f_krfl2lomilcem	kuruva	a raised ground, footpath on a hill	uncontracted-comparison-candidate	*kond_-	merriam-pdr	dedr	
d1881	f_qeizp3m7m7eim	guḍāramu	id	uncontracted-comparison-candidate	kūṭāram	dedr-reflex	dedr	
d1881	f_t7tk7sybntkhw	guḍāru	id	uncontracted-comparison-candidate	kūṭāram	dedr-reflex	dedr	
d1898	f_uqpfv7at2apre	krūru	sharp	initial-apical-or-cluster;initial-cluster	kūr	dedr-reflex	dedr	
d1907	f_anwefmgd7vkxw	kuriyu	to rain, shower, fall, (K. also) leak, rain down (fire, arrows)	uncontracted-comparison-candidate	kūlu	dedr-reflex	dedr	
d1922	f_jagv2iwtymn6i	guṭi	a hog	uncontracted-comparison-candidate	gūṟu	dedr-reflex	dedr	
d1923	f_o4b4iwmz35zfk	krukku	to stuff, cram, pack or stow too closely, push, thrust	initial-apical-or-cluster;initial-cluster	kūṟu-koḷ	dedr-reflex	dedr	
d1923	f_xupb3euygjc72	krukkuḍu	stuffing, cramming	initial-apical-or-cluster;initial-cluster	kūṟu-koḷ	dedr-reflex	dedr	
d1943	f_hgfhgvckgac36	geṭike	foot, leg, hoof	uncontracted-comparison-candidate	*geṭ-	merriam-pdr	dedr	
d1960	f_iiudq2nb3yeze	keralu	to cry out from alarm	uncontracted-comparison-candidate	*kēr-	merriam-pdr	dedr	
d1960	f_ouuina4dw6pcq	ceralu	to be in great glee, be jubilant; jubilation	uncontracted-comparison-candidate	*kēr-	merriam-pdr	dedr	noun
d1961	f_du6lx3y3fgtqw	cirāku	anger, displeasure, crossness	uncontracted-comparison-candidate	ceru	dedr-reflex	dedr	
d1961	f_ylth6wl4hrat6	ciramara	sullenness, moroseness; a disagreement	uncontracted-comparison-candidate	ceru	dedr-reflex	dedr	
d1961	f_neo3wsyte4kna	keralu	to be angry, enraged (or with 1597 Ta.ciṟukku). DED 1631	uncontracted-comparison-candidate	ceru	dedr-reflex	dedr	
d1964	f_6ctrp6a37mxk6	krēṭu	to clear the throat by coughing	initial-apical-or-cluster;initial-cluster	*kom-	merriam-pdr	dedr	
d1969	f_dsvhupywzzqbw	kalaŋku	side, part, region	uncontracted-comparison-candidate	*kèl-	merriam-pdr	dedr	
d1969	f_gqf2irgkjowfa	kelanu	side, part, region	uncontracted-comparison-candidate	*kèl-	merriam-pdr	dedr	
d1970	f_ypmtly2mon6qq	kelasamu	business, work. DED 1639	uncontracted-comparison-candidate	kelc	dedr-reflex	dedr	
d1972	f_k2kizyyxg4ile	gelucu	to win, gain, conquer, overcome, succeed	uncontracted-comparison-candidate	*gel-	merriam-pdr	dedr	
d1972	f_hknzkynhwm372	gelipincu	to cause to succeed or win	uncontracted-comparison-candidate	*gel-	merriam-pdr	dedr	
d1972	f_hoiop7erixvvw	gelupu	victory, success, gain, winning	uncontracted-comparison-candidate	*gel-	merriam-pdr	dedr	
d1972	f_epdluzghgy2xo	geluvamu	victory, success	uncontracted-comparison-candidate	*gel-	merriam-pdr	dedr	
d1972	f_cvaiherc7esao	gelivi	joy, gladness, cheerfulness	uncontracted-comparison-candidate	*gel-	merriam-pdr	dedr	
d1972	f_q6dzn3e22rbje	geliviḍi	joy, gladness, cheerfulness	uncontracted-comparison-candidate	*gel-	merriam-pdr	dedr	
d1980	f_pwshlmkkhdwh2	ceṟa	prison, imprisonment	uncontracted-comparison-candidate	*keṯ-ay	krishnamurti-pfeiffer	dedr	
d1980	f_mb32u5gmtpydy	ceṟa-gonu	to seize, capture, carry off by force	uncontracted-comparison-candidate	*keṯ-ay	krishnamurti-pfeiffer	dedr	
d1980	f_lqkzjhwjcralg	ceṟuvu	artificial lake, tank	uncontracted-comparison-candidate	*keṯ-ay	krishnamurti-pfeiffer	dedr	
d1980	f_lramoemr7yvyy	ceruvu	artificial lake, tank	uncontracted-comparison-candidate	*keṯ-ay	krishnamurti-pfeiffer	dedr	
d1980	f_hdg2nvvfnbbaa	kiriyu	to be tight	uncontracted-comparison-candidate	*keṯ-ay	krishnamurti-pfeiffer	dedr	
d2008	f_u5urt7a2sgsws	krēva	a side	initial-apical-or-cluster;initial-cluster	*kēr-	merriam-pdr	dedr	
d2008	f_7x6k5qa45vu7q	krē	as in	initial-apical-or-cluster;initial-cluster	*kēr-	merriam-pdr	dedr	
d2008	f_ji3edpjk5e43g	krēgannu	outer corner of the eye	initial-apical-or-cluster;initial-cluster	*kēr-	merriam-pdr	dedr	
d2010	f_ptwfxjvf3zdlm	krēḍincu	to slight	initial-apical-or-cluster;initial-cluster	kēru	dedr-reflex	dedr	
d2010	f_sler5dshllljq	krēṇincu	to jeer, ridicule	initial-apical-or-cluster;initial-cluster	kēru	dedr-reflex	dedr	
d2019	f_yrqdbau2f3fhm	cerugu	to winnow	uncontracted-comparison-candidate	*kēṯ-	krishnamurti-pfeiffer	dedr	
d2045	f_4ugqms3mpnhei	koḍatam	a hooked stick on which are hung ropes and other accessories of the plough; a stick 2 feet long, at right angles to the harrow, to which the animals are attached by a rope. DED(S) 1699	uncontracted-comparison-candidate	koḍata	dedr-reflex	dedr	
d2047	f_5kz3qutc5lula	koḍama	a basket in which fish are snared. DED 1701	uncontracted-comparison-candidate	koḍame	dedr-reflex	dedr;B-Telugu	
d2048	f_lceuspe5o5vfi	goḍava	bother, worry, fuss. DED(S) 1703	uncontracted-comparison-candidate	goḍave	dedr-reflex	dedr;K-Telugu	
d2049	f_idmnqcnes6p4k	koḍi	tip, top, end or point of a flame	uncontracted-comparison-candidate	*koḍ-	merriam-pdr	dedr	
d2054	f_4gvd5tqtit6pu	koḍavali	sickle	uncontracted-comparison-candidate	**kuṭVppV	krishnamurti-pfeiffer	dedr	
d2054	f_wc5a3qlrcdbys	koḍali	sickle	uncontracted-comparison-candidate	**kuṭVppV	krishnamurti-pfeiffer	dedr	
d2054	f_prxdsrwnuaq4q	koḍēli	sickle	uncontracted-comparison-candidate	**kuṭVppV	krishnamurti-pfeiffer	dedr	
d2054	f_tovvtwruzavag	ḍoŋku	curvature	initial-apical-or-cluster	**kuṭVppV	krishnamurti-pfeiffer	dedr	
d2054	f_cc5yt6kklwzlu	ḍoŋkena	a sort of spear with a bent or curved head	initial-apical-or-cluster	**kuṭVppV	krishnamurti-pfeiffer	dedr	
d2070	f_2puj5q6ameh72	goṭike	id	uncontracted-comparison-candidate	koṭṭaiy-ilantai	dedr-reflex	dedr;VPK-Telugu	
d2073	f_wh6drzlmdd2ke	goḍaba	danger, calamity. DED 1726	uncontracted-comparison-candidate	goḍḍa	dedr-reflex	dedr	
d2073	f_lykuiy3kosbem	goḍava	danger, calamity. DED 1726	uncontracted-comparison-candidate	goḍḍa	dedr-reflex	dedr	
d2078	f_zxhzyf7fwrqhk	beḍa-goṇḍalu	big massive rainy clouds. DED(S) 1730	uncontracted-comparison-candidate	koṇṭal	dedr-reflex	dedr	
d2090	f_z2y7qgou2ra5i	krottaḷamu	bastion. DED 1739	initial-apical-or-cluster;initial-cluster	kottaḷam	dedr-reflex	dedr	
d2090	f_k5h3qhwsbaixw	krottaḍamu	bastion. DED 1739	initial-apical-or-cluster;initial-cluster	kottaḷam	dedr-reflex	dedr	
d2124	f_6aom2qhvgpbpw	koraḍu	a red streak in the clouds, (B.) a gleam or streak of a rainbow in the clouds	uncontracted-comparison-candidate	koraḍu	dedr-reflex	dedr	
d2124	f_gwtaoxg6ksq66	koraḍu	rainbow	uncontracted-comparison-candidate	koraḍu	dedr-reflex	dedr;VPK-Telugu	
d2132	f_fqb2v5eor2okw	kola	sin, (K. also) murder, holocaust, enmity	uncontracted-comparison-candidate	*kol-	krishnamurti-pfeiffer	dedr	
d2133	f_xadox2s6t7eem	kolimi	furnace	uncontracted-comparison-candidate	*kol	krishnamurti-pfeiffer	dedr	
d2134	f_5sdo7d2u2uvss	golusu	a chain	uncontracted-comparison-candidate	kolucu	dedr-reflex	dedr	
d2146	f_pxrplumkoerqe	krovvu	to become fat, fatten, (K. also) become proud; fat, grease, lust, pride, arrogance	initial-apical-or-cluster;initial-cluster	*koẓv-	merriam-pdr	dedr	noun
d2146	f_mpwpjr3cyfebk	krovvina	fat, plump, headstrong, ungovernable	initial-apical-or-cluster;initial-cluster	*koẓv-	merriam-pdr	dedr	
d2151	f_pft2peaop4vge	koliki	hook or clasp of a necklace	uncontracted-comparison-candidate	*koḷ-	krishnamurti-pfeiffer	dedr	
d2151	f_6cf5hxdl4pm2a	kolupu	to cause to do, prompt, set on; be agreeable, (ideas) suggest themselves, be inclined; festival of a god or goddess	uncontracted-comparison-candidate	*koḷ-	krishnamurti-pfeiffer	dedr;K-Telugu	noun
d2151	f_nwkhnuvbgjkcq	kolucu	to serve, worship	uncontracted-comparison-candidate	*koḷ-	krishnamurti-pfeiffer	dedr	
d2151	f_a2s4inkwpcdwc	koluvu	an assembly; service, employment; (K.) royal presence or the presence of a deity	uncontracted-comparison-candidate	*koḷ-	krishnamurti-pfeiffer	dedr	
d2151	f_4mpwzip6al3jw	koluvukā̃ḍu	servant	uncontracted-comparison-candidate	*koḷ-	krishnamurti-pfeiffer	dedr	
d2161	f_fnzasnv6v35vo	koṟa	use, profit; useful, profitable	uncontracted-comparison-candidate	kora-muṭṭu	dedr-reflex	dedr	
d2161	f_gjsgyltmgmhju	koṟa-muṭṭu	tool, instrument. DED 1796	uncontracted-comparison-candidate	kora-muṭṭu	dedr-reflex	dedr	
d2164	f_ukbvljxj5ve4s	koṟuku	to bite, gnaw; a bite	uncontracted-comparison-candidate	*kod_-	merriam-pdr	dedr	noun
d2165	f_dfeuejewbj4oa	goṟe	id	uncontracted-comparison-candidate	*koṯ-i	krishnamurti-pfeiffer	dedr	
d2165	f_6ncze7e4pjj2u	goriya	id	uncontracted-comparison-candidate	*koṯ-i	krishnamurti-pfeiffer	dedr;B-Telugu	
d2166	f_xckhqlwbb3a4m	koṟakoṟa	angrily; anger, angry look	uncontracted-comparison-candidate	koṟukoṟu	dedr-reflex	dedr	
d2166	f_7qnvky3z7rgym	koṟakoṟal-āḍu	to be angry, have an angry look	uncontracted-comparison-candidate	koṟukoṟu	dedr-reflex	dedr	
d2166	f_mrne3kld44bvm	koṟalu	to grow angry. DED 1800	uncontracted-comparison-candidate	koṟukoṟu	dedr-reflex	dedr;K-Telugu	
d2167	f_vmfunekwquk6w	koṟuku	chancre. DED 1801	uncontracted-comparison-candidate	koṟukku	dedr-reflex	dedr	
d2176	f_5pbshd64sici4	krōva	a string, as of pearls, etc	initial-apical-or-cluster;initial-cluster	*kō-	merriam-pdr	dedr	
d2195	f_lgxhvl3vg4lhk	pulikōca	a large venomous spider	uncontracted-comparison-candidate	*kovanS-	merriam-pdr	dedr	
d2229	f_ol43xz5ac3laq	koṟavi	a firebrand, (B. also) touchwood tree, <i>Sapindus tetraphylla</i> or <i>Guarea molinoea</i> Roxb	uncontracted-comparison-candidate	kōrāṉ	dedr-reflex	dedr	
d2229	f_ijbokfir4kwfm	korivi	a firebrand, (B. also) touchwood tree, <i>Sapindus tetraphylla</i> or <i>Guarea molinoea</i> Roxb	uncontracted-comparison-candidate	kōrāṉ	dedr-reflex	dedr;B-Telugu;K-also-Telugu	
d2229	f_lqhhyjke5pm72	koṟakancu	firebrand, burning piece of wood	uncontracted-comparison-candidate	kōrāṉ	dedr-reflex	dedr	
d2229	f_qtvpslslzaava	koṟakaccu	firebrand, burning piece of wood	uncontracted-comparison-candidate	kōrāṉ	dedr-reflex	dedr	
d2232	f_wbr7xiegi3x7a	koṟalu	to desire, wish	uncontracted-comparison-candidate	kōru	dedr-reflex	dedr;K-Telugu	
d2233	f_fawlxb2npbnce	krōlu	to drink, eat	initial-apical-or-cluster;initial-cluster	kōruka	dedr-reflex	dedr;K-Telugu	
d2247	f_xfxstyqc2ayra	krōvi	<i>Galedupa indica</i> Lam. [<i>Corallocarpus epigaea</i> Hook. = <i>Bryonia epigaea</i> Rottler; <i>Cephalandra indica</i> Naud. = <i>B. grandis</i> Linn. = <i>Coccinia indica</i> W. &amp; A.; <i>Pongamia glabra</i> Vent. = <i>G. indica</i> Lam. = <i>G. arborea</i> Roxb.] DED 1861	initial-apical-or-cluster;initial-cluster	kōvai	dedr-reflex	dedr	
d2247	f_2wqbpyq7asjam	grōvi	<i>Galedupa indica</i> Lam. [<i>Corallocarpus epigaea</i> Hook. = <i>Bryonia epigaea</i> Rottler; <i>Cephalandra indica</i> Naud. = <i>B. grandis</i> Linn. = <i>Coccinia indica</i> W. &amp; A.; <i>Pongamia glabra</i> Vent. = <i>G. indica</i> Lam. = <i>G. arborea</i> Roxb.] DED 1861	initial-apical-or-cluster;initial-cluster	kōvai	dedr-reflex	dedr;B-Telugu;K-also-Telugu	
d2258	f_eq3y32jht2ciu	goṟugu	to shave	uncontracted-comparison-candidate	kō̃gu	dedr-reflex	dedr	
d2297	f_b4ndpuqvbzdzi	jaḍiyu	to fear, be afraid	uncontracted-comparison-candidate	jaḍi	dedr-reflex	dedr	
d2297	f_kka33v2pui2kq	jaḍipincu	to frighten	uncontracted-comparison-candidate	jaḍi	dedr-reflex	dedr	
d2297	f_rwna7muet4bek	jaḍupu	fear, fright, dread, alarm	uncontracted-comparison-candidate	jaḍi	dedr-reflex	dedr	
d2298	f_zw26pfajohhfa	jaḍiyu	to fly, brandish as a weapon	uncontracted-comparison-candidate	jaḍi	dedr-reflex	dedr;K-Telugu	
d2299	f_up4h4qneykyby	saḍi	noise	uncontracted-comparison-candidate	*saḍ-	merriam-pdr	dedr	
d2300	f_fep6xgak557rm	saḍincu	to pound, beat	uncontracted-comparison-candidate	*ǯā̆ḍ-	merriam-pdr	dedr	
d2300	f_4kyvyqtkuszak	saḍimpu	pounding, beating	uncontracted-comparison-candidate	*ǯā̆ḍ-	merriam-pdr	dedr	
d2300	f_5h3xyliwpthqy	saḍimpulu	rice beaten and cleaned	uncontracted-comparison-candidate	*ǯā̆ḍ-	merriam-pdr	dedr	
d2300	f_lbazbmbty3hsy	jaḍiyu	to beat, hit	uncontracted-comparison-candidate	*ǯā̆ḍ-	merriam-pdr	dedr;K-Telugu	
d2352	f_jawr4niidj7mi	saraga	quickly, rapidly, soon	uncontracted-comparison-candidate	carakka	dedr-reflex	dedr	
d2352	f_owwi6lgkv5s7o	saragu	quickness, swiftness, speed	uncontracted-comparison-candidate	carakka	dedr-reflex	dedr	
d2353	f_nivl5aynjrzza	saraku	an article, commodity, thing, ornament, jewel, trinket; care, heed, regard	uncontracted-comparison-candidate	carakku	dedr-reflex	dedr	
d2356	f_lig27p5hu5tzw	trāḍu	cord, rope, twine, string, thread	initial-apical-or-cluster;initial-cluster	*čàraḍ-	merriam-pdr	dedr	
d2358	f_hsm2z36vsek2a	sarapaṇi	an ornament of gold chains of two or more folds. DED 1948	uncontracted-comparison-candidate	carappaṇi	dedr-reflex	dedr;B-Telugu	
d2358	f_7n6smfuzkwt22	sarapiṇi	an ornament of gold chains of two or more folds. DED 1948	uncontracted-comparison-candidate	carappaṇi	dedr-reflex	dedr;B-Telugu	
d2358	f_sg54mym7zf3a6	sarapeṇi	an ornament of gold chains of two or more folds. DED 1948	uncontracted-comparison-candidate	carappaṇi	dedr-reflex	dedr;B-Telugu	
d2358	f_4q74nujcaadfi	sarapʰaṇi	an ornament of gold chains of two or more folds. DED 1948	uncontracted-comparison-candidate	carappaṇi	dedr-reflex	dedr;B-Telugu	
d2359	f_edr47oxqlvqaw	trā̃cu	id	initial-apical-or-cluster;initial-cluster	*car-ac-	krishnamurti-pfeiffer	dedr	
d2360	f_ydctqhfc2xqbk	jaragu	to pass, elapse (time), occur, be current or usual, come to pass, slide, glide, slip, creep, crawl, move on, be slippery	uncontracted-comparison-candidate	*ǯar-	merriam-pdr	dedr	
d2360	f_5y6rpavoacm3g	jarugu	to pass, elapse (time), occur, be current or usual, come to pass, slide, glide, slip, creep, crawl, move on, be slippery	uncontracted-comparison-candidate	*ǯar-	merriam-pdr	dedr	
d2360	f_nau6n7ojktnpu	jarapu	to spend or pass (time), push or move forward	uncontracted-comparison-candidate	*ǯar-	merriam-pdr	dedr	
d2360	f_pcqeanzye5oau	jarigincu	to conduct, carry on, perform	uncontracted-comparison-candidate	*ǯar-	merriam-pdr	dedr	
d2360	f_dl3px5if5zfwa	jaruguḍu	slipping, sliding	uncontracted-comparison-candidate	*ǯar-	merriam-pdr	dedr	
d2360	f_f3cvyj56pkkuu	caruguḍu	a sledge, hurdle, drag	uncontracted-comparison-candidate	*ǯar-	merriam-pdr	dedr	
d2360	f_wfczz7oghcdqo	sraggu	to decrease, grow less, be diminished, abate, sink, go down	initial-apical-or-cluster;initial-cluster	*ǯar-	merriam-pdr	dedr	
d2360	f_bweup2fnt3hk4	caṟi	cliff, precipice, side of a hill or mountain	uncontracted-comparison-candidate	*ǯar-	merriam-pdr	dedr	
d2360	f_w65zvy62nvsyi	caṟiya	cliff, precipice, side of a hill or mountain	uncontracted-comparison-candidate	*ǯar-	merriam-pdr	dedr	
d2365	f_eowkeldiwghsw	salaka	a small sack; 2 1/2 times the measure called tūmu. DED 1954	uncontracted-comparison-candidate	calakai	dedr-reflex	dedr	
d2366	f_otlo7rbrktdpy	calacala	the rippling of a current or streamlet, the noise of falling leaves, etc	uncontracted-comparison-candidate	calacala	dedr-reflex	dedr	
d2367	f_cs7jh2rfr32p4	celama	hole or pit dug for water in the dry bed of a river or rivulet, etc	uncontracted-comparison-candidate	*čàl-	merriam-pdr	dedr	
d2368	f_gf6zh3pj6diqa	caluva	washing, bleaching, a washed or bleached cloth. DED 1957	uncontracted-comparison-candidate	calavai	dedr-reflex	dedr	
d2369	f_xdx77tw5ukbz6	salāpamu	id. DED 1958	uncontracted-comparison-candidate	calāpam	dedr-reflex	dedr	
d2372	f_2pzlj2hro4oqe	cali cīma	a sort of black ant	uncontracted-comparison-candidate	*Sal-	merriam-pdr	dedr	
d2377	f_tyyiivlj73i6e	selagu	to cut	uncontracted-comparison-candidate	**celVkV-	krishnamurti-pfeiffer	dedr	
d2377	f_4unye6tyl5zxa	selayu	to cut	uncontracted-comparison-candidate	**celVkV-	krishnamurti-pfeiffer	dedr	
d2377	f_bstkbtyw3vt4y	celagu	to cut	uncontracted-comparison-candidate	**celVkV-	krishnamurti-pfeiffer	dedr;K-Telugu;K-also-Telugu	
d2377	f_gt3qzhle4w6x2	celavu	to cut	uncontracted-comparison-candidate	**celVkV-	krishnamurti-pfeiffer	dedr;K-Telugu;K-also-Telugu	
d2377	f_uh574x7p5nhmi	sela	hole	uncontracted-comparison-candidate	**celVkV-	krishnamurti-pfeiffer	dedr	
d2378	f_sicfcmlz3rs3q	ceral-āḍu	to sport, play, roam about for pleasure	uncontracted-comparison-candidate	calla	dedr-reflex	dedr	
d2378	f_glwb66gnbjy3e	ceral-āṭamu	sport, play, roaming for pleasure. DED 1963	uncontracted-comparison-candidate	calla	dedr-reflex	dedr	
d2407	f_kbrtbrytw5ng4	jaḷuka	trembling, tremor, fear	uncontracted-comparison-candidate	caḷai	dedr-reflex	dedr	
d2408	f_mk7zf3otdylqq	cali	cold, low temperature, sensation of cold, chilliness	uncontracted-comparison-candidate	*čaḷ-	merriam-pdr	dedr	
d2408	f_erw23ptliaiw6	calimiri	coolness, cold	uncontracted-comparison-candidate	*čaḷ-	merriam-pdr	dedr	
d2408	f_fj7izuhn7wjp4	caluva	coolness, cold	uncontracted-comparison-candidate	*čaḷ-	merriam-pdr	dedr	
d2408	f_pdljnu2bsm322	calidi	rice cooked in the evening and kept for use in the following morning, stale food, breakfast	uncontracted-comparison-candidate	*čaḷ-	merriam-pdr	dedr	
d2409	f_burlimfeqlru6	jalubu	a cold, catarrh, influenza	uncontracted-comparison-candidate	*ǯalb-	merriam-pdr	dedr	
d2418	f_rqqq4nliatr5q	cari	starch; paste or gruel used as paste	uncontracted-comparison-candidate	saṟi	dedr-reflex	dedr;B-Telugu	
d2418	f_5cp5ztakpxoiy	sari	starch; paste or gruel used as paste	uncontracted-comparison-candidate	saṟi	dedr-reflex	dedr;B-Telugu	
d2419	f_rghqrawt4fis6	aṟu	neck	uncontracted-comparison-candidate	*sar_-	merriam-pdr	dedr	
d2421	f_h7floftdj5gd4	caṟacu	to slap or strike with the open hand or with something broad, clap, pat	uncontracted-comparison-candidate	caṟacu	dedr-reflex	dedr	
d2421	f_cbutdgky5oino	caṟapu	a slap or clap with the open hand	uncontracted-comparison-candidate	caṟacu	dedr-reflex	dedr	
d2485	f_newwq22re5a5m	aṟu-vadi	sixty	uncontracted-comparison-candidate	*caṯ-V	krishnamurti-pfeiffer	dedr	
d2485	f_a3fr3lqzr6zwu	aruvai	sixty	uncontracted-comparison-candidate	*caṯ-V	krishnamurti-pfeiffer	dedr	
d2485	f_6ohn2o4qgcekw	aravai	sixty	uncontracted-comparison-candidate	*caṯ-V	krishnamurti-pfeiffer	dedr	
d2485	f_xszhmsxr234pk	aṟuvaṇḍru	sixty persons	uncontracted-comparison-candidate	*caṯ-V	krishnamurti-pfeiffer	dedr	
d2507	f_y7bcwgl5gbjku	ciṭike	id. DED 2068	uncontracted-comparison-candidate	ciṭike	dedr-reflex	dedr;K-Telugu	
d2509	f_c22346epsv7jm	ciṭaciṭa	the crackling noise of burning; crackingly	uncontracted-comparison-candidate	ciṭuciṭuppu	dedr-reflex	dedr	
d2510	f_5se4gqvejdw6o	ciṭilu	id	uncontracted-comparison-candidate	*čiṭ-	merriam-pdr	dedr;K-Telugu;K-also-Telugu	
d2511	f_hdylyvzejm3rg	ciṭika	a snap of the fingers	uncontracted-comparison-candidate	*ciṭ-	merriam-pdr	dedr	
d2511	f_xa34jnf7qaric	ciṭikarincu	to produce a sound by a snap of the fingers	uncontracted-comparison-candidate	*ciṭ-	merriam-pdr	dedr	
d2511	f_dvdi32rvq7hrg	ciṭikarinta	a snap of the fingers	uncontracted-comparison-candidate	*ciṭ-	merriam-pdr	dedr	
d2511	f_dr7sz7gtusdvg	ciṭuku	to snap the fingers; a snapping sound	uncontracted-comparison-candidate	*ciṭ-	merriam-pdr	dedr;K-Telugu	noun
d2519	f_jzrme7umojr2s	jiluvu	fine cloth; small, slight, fine, delicate. DED 2078	uncontracted-comparison-candidate	jiṇagu	dedr-reflex	dedr	
d2536	f_tecchn5q5v7uo	ciḍumu	itch, scabies	uncontracted-comparison-candidate	ceb	dedr-reflex	dedr	
d2552	f_35c72esw4tbms	irulu	darkness, shades, shadows	uncontracted-comparison-candidate	*cir-	krishnamurti-pfeiffer	dedr	
d2552	f_pcvcputdflgym	irulu konu	to become dark or obscure	uncontracted-comparison-candidate	*cir-	krishnamurti-pfeiffer	dedr	
d2552	f_6cbmbdizsxad4	rēyi	(in cpds.rē-) night	initial-apical-or-cluster	*cir-	krishnamurti-pfeiffer	dedr	
d2559	f_eryvda2cdkzfq	lē	(complete neg. paradigm;lēdu) be not	initial-apical-or-cluster	*cil-	krishnamurti-pfeiffer	dedr	
d2559	f_urkopeezx3c5m	lēka	without, not having; or, else	initial-apical-or-cluster	*cil-	krishnamurti-pfeiffer	dedr	sg m
d2559	f_gu5vx4w76wmq6	lēdu	no, none	initial-apical-or-cluster	*cil-	krishnamurti-pfeiffer	dedr	
d2559	f_zjw5xwlevmgig	lēni	absent, wanting, not having, having nothing, poor, needy	initial-apical-or-cluster	*cil-	krishnamurti-pfeiffer	dedr	
d2559	f_ccg2jrdv7bj3y	lēbaramu	nothing	initial-apical-or-cluster	*cil-	krishnamurti-pfeiffer	dedr	
d2559	f_vpej5gpgasemq	lēmi	absence, non-existence, not being, want, poverty, neediness	initial-apical-or-cluster	*cil-	krishnamurti-pfeiffer	dedr	
d2559	f_e6yrj33iuuv4m	lēmiḍi	absence, non-existence, not being, want, poverty, neediness	initial-apical-or-cluster	*cil-	krishnamurti-pfeiffer	dedr	
d2559	f_iolul5jrtyfs2	iḍi	he who has not	uncontracted-comparison-candidate	*cil-	krishnamurti-pfeiffer	dedr	
d2561	f_kseefz3l5mth4	cilaka	a padlock, the bolt or hasp of a door	uncontracted-comparison-candidate	cilaka	dedr-reflex	dedr	
d2561	f_hn6ajjkc77ubs	ciluka	a padlock, the bolt or hasp of a door	uncontracted-comparison-candidate	cilaka	dedr-reflex	dedr	
d2561	f_zdldxtfqky2ji	ciluku	a padlock, the bolt or hasp of a door	uncontracted-comparison-candidate	cilaka	dedr-reflex	dedr	
d2561	f_d7ike4fq7eugu	cilakaṭa	a saddle buckle, a ring at the end of a rope used as a girth through which the other end is passed to fasten the saddle	uncontracted-comparison-candidate	cilaka	dedr-reflex	dedr;B-Telugu	
d2561	f_lmqzhuzwgudx2	cilukaḍa	a saddle buckle, a ring at the end of a rope used as a girth through which the other end is passed to fasten the saddle	uncontracted-comparison-candidate	cilaka	dedr-reflex	dedr;K-also-Telugu	
d2563	f_ibgbwokq4uqrm	celidi	a kind of skin-disease; (K.) a skin rash with small boils (also celdi). DED (S) 2111, and from DED 1617	uncontracted-comparison-candidate	cilanti	dedr-reflex	dedr	
d2567	f_duvo26avx4clu	silugu	mischief, trouble. DED 2115	uncontracted-comparison-candidate	ciluku	dedr-reflex	dedr	
d2567	f_ufvtvhcmnkvi2	siluvu	mischief, trouble. DED 2115	uncontracted-comparison-candidate	ciluku	dedr-reflex	dedr	
d2568	f_xdmti7ayv7274	ciluku	arrow	uncontracted-comparison-candidate	cilukku	dedr-reflex	dedr	
d2568	f_7dttbs34aaoa2	sela	arrow	uncontracted-comparison-candidate	cilukku	dedr-reflex	dedr	
d2568	f_fqdqfuncvxhkg	selagōla	goad	uncontracted-comparison-candidate	cilukku	dedr-reflex	dedr	
d2568	f_diqfya6e3xdse	selapandi	porcupine (forpandipig, see 4039)	uncontracted-comparison-candidate	cilukku	dedr-reflex	dedr	
d2569	f_6n4cz6byew576	ciluku	to sprinkle , spirt, shed; be spilled	uncontracted-comparison-candidate	*čil-	merriam-pdr	dedr	tr
d2569	f_ylwh6ltmmtode	cilikincu	to sprinkle	uncontracted-comparison-candidate	*čil-	merriam-pdr	dedr	
d2569	f_qw4v26lkjngla	cilukarincu	to sprinkle	uncontracted-comparison-candidate	*čil-	merriam-pdr	dedr	
d2569	f_ywqbhovwfk6mq	cilacila	imit. of flowing	uncontracted-comparison-candidate	*čil-	merriam-pdr	dedr;K-Telugu	
d2569	f_g5qvp3isabr7k	cilupu	a pond	uncontracted-comparison-candidate	*čil-	merriam-pdr	dedr	
d2570	f_4ypiognprhp4u	ciluku	to churn. DED(S, N) 2118	uncontracted-comparison-candidate	ciluppu	dedr-reflex	dedr	
d2573	f_yg67rdhzdbvsq	jila	itching, itch	uncontracted-comparison-candidate	*ǯil-	merriam-pdr	dedr	
d2573	f_syyjrw44uz5hs	jilajila	tingling, tickling, or titillation of the skin	uncontracted-comparison-candidate	*ǯil-	merriam-pdr	dedr	
d2573	f_ww4foxfo27kpg	jila-jilam-anu	to itch, be prurient, tingle, tickle	uncontracted-comparison-candidate	*ǯil-	merriam-pdr	dedr;B-Telugu	
d2590	f_7si6ae6rq7i2c	ciṟuta	leopard, cheetah	uncontracted-comparison-candidate	ciṟuttai	dedr-reflex	dedr	
d2590	f_phckmbbzaw3ua	ciṟu puli	leopard	uncontracted-comparison-candidate	ciṟuttai	dedr-reflex	dedr	
d2591	f_ai4t3wr3eu4au	eṟaka	id	uncontracted-comparison-candidate	*keṯ-V-	krishnamurti-pfeiffer	dedr	
d2591	f_rf3vd5kzsvp5c	ṟekka	id	initial-apical-or-cluster	*keṯ-V-	krishnamurti-pfeiffer	dedr	
d2591	f_oq4udceet4saa	rekka	id	initial-apical-or-cluster	*keṯ-V-	krishnamurti-pfeiffer	dedr	
d2591	f_wxyukfpnatma2	neṟaka	id	uncontracted-comparison-candidate	*keṯ-V-	krishnamurti-pfeiffer	dedr	
d2591	f_de64fapmjdhps	neṟi	id	uncontracted-comparison-candidate	*keṯ-V-	krishnamurti-pfeiffer	dedr	
d2640	f_kdbq4pljrxcr6	ciṟumu	to fling, throw	uncontracted-comparison-candidate	ci·rl	dedr-reflex	dedr;K-Telugu	
d2654	f_g4num5bmiihzs	suḍiyu	to burn	uncontracted-comparison-candidate	*cūṭ-	krishnamurti-pfeiffer	dedr;K-Telugu	intr
d2660	f_i5d5lwsr2mgts	juḍūgu	to lurk, slink, (K. also) shrink, withdraw	uncontracted-comparison-candidate	cuṇaŋku	dedr-reflex	dedr	
d2687	f_ias2iuporltk6	srukku	to shrink, fade, become weak	initial-apical-or-cluster;initial-cluster	*k̂ur-	merriam-pdr	dedr	
d2687	f_rakh3iqnsvv3q	sorugu	a dead or dry leaf	uncontracted-comparison-candidate	*k̂ur-	merriam-pdr	dedr	
d2690	f_4c72sx6wrmc6a	sora	bottle gourd, <i>Cucurbita lagenaria. [L. vulgaris</i> Seringe = <i>C. lagenaria</i> Linn.] DED 2216	uncontracted-comparison-candidate	curai	dedr-reflex	dedr;B-Telugu	
d2698	f_qzwabe4tzkhie	suḍi	a whirl, circlet, whirlpool, whirlwind, curl or twist in the hair, esp. in the hair of horses, mark	uncontracted-comparison-candidate	*čuẓ-	merriam-pdr	dedr	
d2698	f_eydbcnoj2pf3m	suḍiyu	to turn round, blow in a wind	uncontracted-comparison-candidate	*čuẓ-	merriam-pdr	dedr	
d2698	f_fhwlyvsml3gfy	suḍivaḍu	to turn round, be puzzled, confused, entangled	uncontracted-comparison-candidate	*čuẓ-	merriam-pdr	dedr	
d2698	f_7uxdyw24b6u4w	ḍollu	to roll	initial-apical-or-cluster	*čuẓ-	merriam-pdr	dedr	intr
d2698	f_siomky4eyhipi	ḍol&lt	id	initial-apical-or-cluster	*čuẓ-	merriam-pdr	dedr	tr
d2698	f_huorhdtptiy7a	ḍolu&lt	id	initial-apical-or-cluster;uncontracted-comparison-candidate	*čuẓ-	merriam-pdr	dedr	tr
d2698	f_j2ifi5evbksyy	dolupu	id	uncontracted-comparison-candidate	*čuẓ-	merriam-pdr	dedr	tr
d2702	f_tngh7szn6df3c	iluku	a sprain; (K. also) to be sprained	uncontracted-comparison-candidate	uḷukku	dedr-reflex	dedr	
d2703	f_alevpbb2aaebo	culuka	lightly, with slight or disregard, easily	uncontracted-comparison-candidate	cuḷuvu	dedr-reflex	dedr	
d2703	f_m4z5e4snxwaws	culukan	lightly, with slight or disregard, easily	uncontracted-comparison-candidate	cuḷuvu	dedr-reflex	dedr	
d2703	f_cwmakhdiqrekm	culukana	lightness, easiness, disregard, slight, contempt	uncontracted-comparison-candidate	cuḷuvu	dedr-reflex	dedr	
d2703	f_odkxepgoibeos	culukani	light, easy, unimportant, insignificant	uncontracted-comparison-candidate	cuḷuvu	dedr-reflex	dedr	
d2703	f_xphwn2o5zs4va	suḷuvu	easy; easiness, facility	uncontracted-comparison-candidate	cuḷuvu	dedr-reflex	dedr	
d2704	f_kws7pvdvcqyre	tola	a carpel as of jack-fruit, etc	uncontracted-comparison-candidate	cuḷai	dedr-reflex	dedr	
d2710	f_yzabq72fh45p4	coṟa	id. DED 2234	uncontracted-comparison-candidate	*coṯ-ac-	krishnamurti-pfeiffer	dedr	
d2710	f_msjpy4vl43g3g	soṟa	id. DED 2234	uncontracted-comparison-candidate	*coṯ-ac-	krishnamurti-pfeiffer	dedr	
d2713	f_7tjsr3jcgzcfw	cuṟuku	activity, briskness, agility, alacrity, quickness, intelligence, smartness, hotness, sharpness, sharp pain, smart, burning sensation or pain; sharp, hot	uncontracted-comparison-candidate	cuṟukku	dedr-reflex	dedr	
d2713	f_sk3r4cpm3sygw	cuṟukkuna	sharply, so as to cause a burning or sharp pain. DED 2236	uncontracted-comparison-candidate	cuṟukku	dedr-reflex	dedr	
d2714	f_mgs3smhftmobq	cuṟacuṟa	with the crackling noise of fire	uncontracted-comparison-candidate	cuṟu-cuṟ-eṉal	dedr-reflex	dedr	
d2722	f_xt2w4ouhhw35u	uḍuku	to be annoyed, vexed, or pained, feel jealous or envious	uncontracted-comparison-candidate	ūṭu	dedr-reflex	dedr	
d2722	f_2yvjov3pb5n7y	uḍikilu	to feel hurt or annoyed	uncontracted-comparison-candidate	ūṭu	dedr-reflex	dedr	
d2722	f_f7vq33h3pk42m	uḍikillu	to feel hurt or annoyed	uncontracted-comparison-candidate	ūṭu	dedr-reflex	dedr	
d2722	f_yuniodukplfbm	uḍikincu	to annoy or vex (one) for amusement. DEDS(N) 425	uncontracted-comparison-candidate	ūṭu	dedr-reflex	dedr	
d2743	f_gqrtbomfvrdhe	surakaruvali	id	uncontracted-comparison-candidate	*sur_-	merriam-pdr	dedr	
d2743	f_eqmlqlxkptcno	suragāli	id	uncontracted-comparison-candidate	*sur_-	merriam-pdr	dedr;B-Telugu	
d2760	f_s4jupabuwriaw	ceḍu	to be rotten	uncontracted-comparison-candidate	ceṭi	dedr-reflex	dedr	
d2760	f_3jn4bp2xklvkw	ceḍu	rotten	uncontracted-comparison-candidate	ceṭi	dedr-reflex	dedr	
d2761	f_3nbri6wtmdv66	siḍi	a hook or goad; (B. also) the hook machine (as in Ta.). DED 2272	uncontracted-comparison-candidate	ceṭil	dedr-reflex	dedr	
d2777	f_g5zhivd4opzyu	seragu	calamity, misfortune. DED 2284	uncontracted-comparison-candidate	seragu	dedr-reflex	dedr	
d2778	f_lo2v57ypeqjhs	ceruvu	to insert, stick in	uncontracted-comparison-candidate	**cerV-	krishnamurti-pfeiffer	dedr;K-Telugu;B-Telugu	
d2778	f_l5qtdeh3oggvq	corava	entrance, introduction, commencement, beginning	uncontracted-comparison-candidate	**cerV-	krishnamurti-pfeiffer	dedr	
d2781	f_ktlcd7547wcxc	calupu	to pass (as time), do, perform, (K. also) drive (boat, etc.)	uncontracted-comparison-candidate	*cal-	krishnamurti-pfeiffer	dedr	
d2781	f_5ce5mxgtadtha	salupu	to pass (as time), do, perform, (K. also) drive (boat, etc.)	uncontracted-comparison-candidate	*cal-	krishnamurti-pfeiffer	dedr	
d2781	f_5ji7cj423kwpi	selavu	order, leave, permission, expense, expenditure	uncontracted-comparison-candidate	*cal-	krishnamurti-pfeiffer	dedr	
d2781	f_hewabryvrnods	selaviccu	to order, permit, allow, give leave, give a holiday	uncontracted-comparison-candidate	*cal-	krishnamurti-pfeiffer	dedr	
d2782	f_lc4in5tlvmsmg	celavi	corner of the mouth	uncontracted-comparison-candidate	celavi	dedr-reflex	dedr	
d2783	f_ht6lrpwxs2o7a	celi	female friend or companion, woman	uncontracted-comparison-candidate	*cēl-āḷ	krishnamurti-pfeiffer	dedr	
d2783	f_qncakykgi4ci6	celiya	woman	uncontracted-comparison-candidate	*cēl-āḷ	krishnamurti-pfeiffer	dedr	
d2783	f_hqhttzwrhz5qc	celimi	friendship	uncontracted-comparison-candidate	*cēl-āḷ	krishnamurti-pfeiffer	dedr	
d2783	f_m63pkm7g3clg2	celimari	male or female friend or companion	uncontracted-comparison-candidate	*cēl-āḷ	krishnamurti-pfeiffer	dedr	
d2783	f_d2sd5qndavffo	celikā̃ḍu	friend, companion	uncontracted-comparison-candidate	*cēl-āḷ	krishnamurti-pfeiffer	dedr	
d2783	f_3mmkql4e4wp7y	celikatte	female companion	uncontracted-comparison-candidate	*cēl-āḷ	krishnamurti-pfeiffer	dedr	
d2783	f_z5xs7hhuoy2bo	celiyalu	younger sister	uncontracted-comparison-candidate	*cēl-āḷ	krishnamurti-pfeiffer	dedr	
d2785	f_uu3ezwv6worwi	sela	waterfall, cascade (forēṟu, cf. 5159)	uncontracted-comparison-candidate	sele	dedr-reflex	dedr	
d2785	f_dy7a3lytfigmo	selayēṟu	waterfall, cascade (forēṟu, cf. 5159)	uncontracted-comparison-candidate	sele	dedr-reflex	dedr	
d2785	f_lmpx7gdxvtolk	jela	a spring of water	uncontracted-comparison-candidate	sele	dedr-reflex	dedr	
d2786	f_kmaokioq7dbki	celuvamu	beauty, loveliness	uncontracted-comparison-candidate	celvam	dedr-reflex	dedr	
d2786	f_vh7mmhuk7wpeu	celuvu	beauty, loveliness	uncontracted-comparison-candidate	celvam	dedr-reflex	dedr	
d2786	f_ry455zbb5rlcq	celuva	a beautiful woman, a woman. DED 2291	uncontracted-comparison-candidate	celvam	dedr-reflex	dedr	
d2790	f_jksm6o6ll64qw	sela	twig. DED(S) 2294	uncontracted-comparison-candidate	ceḷ	dedr-reflex	dedr;B-Telugu	
d2791	f_pvmob572ko4pw	celuku	to pull out (as the eyes). DED 2295	uncontracted-comparison-candidate	seḷe	dedr-reflex	dedr;K-Telugu	
d2794	f_xylo4p44wplh2	ceṟaku	in:; firewood	uncontracted-comparison-candidate	ceṟaku	dedr-reflex	dedr;burrow-emeneau1972den2[p. 476, entry S²38]	
d2795	f_h3cbvv7tszgeu	ceṟaku	id	uncontracted-comparison-candidate	*ceṯ-Vkk-	krishnamurti-pfeiffer	dedr	
d2797	f_iafv6emzu2du2	jeṟi	centipede	uncontracted-comparison-candidate	*ǯer_-	merriam-pdr	dedr	
d2835	f_df6jyp6dhch42	coṭa coṭa	onom. of the action and sound of any liquid leaking or falling in drops	uncontracted-comparison-candidate	*coṭ-	krishnamurti-pfeiffer	dedr	
d2865	f_agj2yodnwjkpa	durada	itching	uncontracted-comparison-candidate	*Cod_-	merriam-pdr	dedr	
d2883	f_rjc2z5uzh4che	torāgu	to flow, gush, run, burst out, fall	uncontracted-comparison-candidate	**corVkV-	krishnamurti-pfeiffer	dedr	
d2883	f_f7wg4emu34us6	torūgu	to flow, gush, run, burst out, fall	uncontracted-comparison-candidate	**corVkV-	krishnamurti-pfeiffer	dedr	
d2884	f_lhbjcoslgmilo	sorugu	to faint, swoon; fainting, swoon	uncontracted-comparison-candidate	cōr	dedr-reflex	dedr	noun
d2884	f_nrnyk7pspbjry	solayu	to faint, swoon, languish	uncontracted-comparison-candidate	cōr	dedr-reflex	dedr	
d2884	f_7ciscsgcvwv7g	solapu	fainting, swoon	uncontracted-comparison-candidate	cōr	dedr-reflex	dedr	
d2884	f_s5nvm4a42z3ku	solimiḍi	fainting, swooning	uncontracted-comparison-candidate	cōr	dedr-reflex	dedr	
d2884	f_zotom2ulgmjcs	colayu	to hesitate, shrink. DED 2354	uncontracted-comparison-candidate	cōr	dedr-reflex	dedr	
d2903	f_vv73wxyow7gp4	naramu	vein, artery, nerve, tendon	uncontracted-comparison-candidate	*ñar-ampu	krishnamurti-pfeiffer	dedr	
d2904	f_nxzlxbs4niaqe	naraga	a drum	uncontracted-comparison-candidate	**nara-	krishnamurti-pfeiffer	dedr	
d2927	f_l4vn3mip43xb6	nerumu	to rub or grind with force or pressure so as to produce partly the effect of rolling or displacing the particles	uncontracted-comparison-candidate	*ńer-	merriam-pdr	dedr	
d2927	f_xv4izubehngms	neṟiya	crack, slit, split, hole or crack in the ground	uncontracted-comparison-candidate	*ńer-	merriam-pdr	dedr	
d2927	f_dba5s3y7hedbe	neṟe	crack, slit, split, hole or crack in the ground	uncontracted-comparison-candidate	*ńer-	merriam-pdr	dedr	
d2934	f_zu5uxs5i4c26c	neṟi	beauty, custom, justice, propriety, order, arrangement. DED 2394	uncontracted-comparison-candidate	neṟi	dedr-reflex	dedr	
d2935	f_hv2nuicnkmr2k	neṟi	the longitudinal folds of the lower cloth worn round the loins, hair, tresses, ringlets or curls of hair, crookedness, curvedness; crooked, curved	uncontracted-comparison-candidate	neṟi	dedr-reflex	dedr	
d2935	f_tmtvkawmwe47m	neri	crookedness	uncontracted-comparison-candidate	neṟi	dedr-reflex	dedr	
d2935	f_enzid2k4t4bw2	neṟika	petticoat	uncontracted-comparison-candidate	neṟi	dedr-reflex	dedr	
d2936	f_guj5kfx2d4fyw	neṭika	a knuckle, cracking or snapping the knuckles. DED(S) 2396	uncontracted-comparison-candidate	noṭi	dedr-reflex	dedr	
d2938	f_zxx56ea5ewx5w	ṭekkemu	flag, banner. DED 2398	initial-apical-or-cluster	ṭakkiyam	dedr-reflex	dedr	
d2938	f_qmvwhofk4cm42	ṭekkiyamu	flag, banner. DED 2398	initial-apical-or-cluster	ṭakkiyam	dedr-reflex	dedr	
d2939	f_hwzz77ac4v5qi	ḍaggu	to cough; a cough	initial-apical-or-cluster	*ḍag-	merriam-pdr	dedr;K-Telugu;K-also-Telugu	noun
d2941	f_q2ep5vr26xuqi	ṭeŋka	the stone of the mango and other similar fruits (M. Kandappa Chetty)	initial-apical-or-cluster	*ṭaɣ-	merriam-pdr	dedr	
d2947	f_xak3ah3ee4taa	ḍabbu	noise of a drum. DED 2404	initial-apical-or-cluster	ṭapār-eṉal	dedr-reflex	dedr	
d2949	f_afv5upiwusgwq	ṭamaṭama	a drum, tomtom	initial-apical-or-cluster	ṭama-ṭamav-eṉal	dedr-reflex	dedr	
d2949	f_vnjnccidk3iss	ḍamāramu	id	initial-apical-or-cluster	ṭama-ṭamav-eṉal	dedr-reflex	dedr	
d2949	f_5lkfwox234ea4	ḍamāyi	id	initial-apical-or-cluster	ṭama-ṭamav-eṉal	dedr-reflex	dedr	
d2970	f_b7uljzgnoxrck	ḍekka	hoof	initial-apical-or-cluster	*ḍek- (*V̀ḍek-)	merriam-pdr	dedr	
d2976	f_asflbwlft5gho	ḍokka	skeleton, belly	initial-apical-or-cluster	*ḍok- (*V̀ḍok-)	merriam-pdr	dedr	
d2981	f_ekoxraop5pbww	ḍoŋka	footpath	initial-apical-or-cluster	*ḍoŋ	merriam-pdr	dedr	
d2982	f_miyevkwd3ejom	ḍoŋga	false, deceitful, secret, furtive; thief, knave, swindler	initial-apical-or-cluster	*ḍoŋ-	merriam-pdr	dedr	
d2982	f_dhkvfw4bqqg32	ḍoŋgu	to be hidden or concealed, abscond	initial-apical-or-cluster	*ḍoŋ-	merriam-pdr	dedr;K-Telugu;K-also-Telugu	
d2986	f_3mudcwd2naf5m	ḍoppa	cup formed of leaf or leaves	initial-apical-or-cluster	*ḍop-	merriam-pdr	dedr	
d2988	f_qivxwa4e5wadm	ḍollu	to fall	initial-apical-or-cluster	*ḍol-	merriam-pdr	dedr	
d2988	f_qp4so3oeyykfm	ḍolligillu	to fall or tumble over	initial-apical-or-cluster	*ḍol-	merriam-pdr	dedr	
d2988	f_ai3ydczvn4xi4	ḍullu	to fall off	initial-apical-or-cluster	*ḍol-	merriam-pdr	dedr	
d2988	f_ehgud6oe7qhb6	ḍulcu	to cause to fall	initial-apical-or-cluster	*ḍol-	merriam-pdr	dedr	
d2988	f_ogjjadvszbank	ḍulucu	to cause to fall	initial-apical-or-cluster;uncontracted-comparison-candidate	*ḍol-	merriam-pdr	dedr	
d2988	f_azpmtvsxojesa	ḍulupu	to cause to fall	initial-apical-or-cluster;uncontracted-comparison-candidate	*ḍol-	merriam-pdr	dedr;K-Telugu;K-also-Telugu	
d2989	f_6lqgjketgc7p2	ḍokka	hard covering of a nut, etc., shell	initial-apical-or-cluster	*ḍōk-	merriam-pdr	dedr	
d2990	f_6yuitqhosq2c4	ḍō̃ku	to dig slightly so as to loosen the soil for weeding, pare the ground cutting up the turf	initial-apical-or-cluster	*ḍōŋk- (?)	merriam-pdr	dedr;K-Telugu;K-also-Telugu	
d2990	f_hxaua3olgpj5u	ḍoŋgu	hollow in a tree	initial-apical-or-cluster	*ḍōŋk- (?)	merriam-pdr	dedr	
d3009	f_zupgdt4puz4fa	ṭekkili	tomato. DED(S) 2439	initial-apical-or-cluster	takkāḷi	dedr-reflex	dedr;B-Telugu	
d3014	f_dtsaviftds7le	ḍakku	to remain, be left as a balance or residue, be saved or spared	initial-apical-or-cluster	*taŋ-	merriam-pdr	dedr	
d3021	f_eos54i3pwy33g	daḍiyu	to tremble	uncontracted-comparison-candidate	daḍa	dedr-reflex	dedr	
d3021	f_2dtwq4eul5c3k	daḍa	shaking, trembling	uncontracted-comparison-candidate	daḍa	dedr-reflex	dedr	
d3021	f_tpyiraqkthqbm	daḍadaḍam-anu	to palpitate	uncontracted-comparison-candidate	daḍa	dedr-reflex	dedr;B-Telugu	
d3022	f_salztlqn7rntk	taṭukuna	at once, suddenly, in a moment	uncontracted-comparison-candidate	daḍṇ	dedr-reflex	dedr	
d3022	f_de26yhvqmvz66	taṭukkuna	at once, suddenly, in a moment	uncontracted-comparison-candidate	daḍṇ	dedr-reflex	dedr	
d3022	f_uqzgw7xtl3ooa	daḍadaḍa	quickly, rapidly	uncontracted-comparison-candidate	daḍṇ	dedr-reflex	dedr	
d3025	f_wqq54fillfa7y	taḍavu	to grope, feel about with the hands, feel for something in the dark, touch, handle, stroke	uncontracted-comparison-candidate	taṭavu	dedr-reflex	dedr	
d3025	f_2xt355d2d4q7a	taḍamu	to grope, feel about with the hands, feel for something in the dark, touch, handle, stroke	uncontracted-comparison-candidate	taṭavu	dedr-reflex	dedr;K-Telugu;K-also-Telugu	
d3025	f_ahcwo2vv5yeto	taḍavuḍu	searching	uncontracted-comparison-candidate	taṭavu	dedr-reflex	dedr	
d3026	f_cl5rax4ovmzac	taḍava	a time or repetition	uncontracted-comparison-candidate	taṭavai	dedr-reflex	dedr	
d3026	f_2jae7qujz6tck	taḍavu	time, period. DED(S) 2455	uncontracted-comparison-candidate	taṭavai	dedr-reflex	dedr	
d3028	f_oyp3aqf2vmp66	taḍupu	measles (forammamother-goddess, see 183). DED(S) 2457	uncontracted-comparison-candidate	*taṭṭ-	krishnamurti-pfeiffer	dedr	
d3028	f_nkycknbzirpdi	taḍapara	measles (forammamother-goddess, see 183). DED(S) 2457	uncontracted-comparison-candidate	*taṭṭ-	krishnamurti-pfeiffer	dedr	
d3031	f_6mnuigf45tjr6	taḍayu	to delay	uncontracted-comparison-candidate	**tanṭV-	krishnamurti-pfeiffer	dedr	
d3031	f_e4gtsx7vtgyso	taḍa	hindrance, obstruction, prevention	uncontracted-comparison-candidate	**tanṭV-	krishnamurti-pfeiffer	dedr	
d3031	f_ram55cu4z7haa	taḍavu	delay, loss of time	uncontracted-comparison-candidate	**tanṭV-	krishnamurti-pfeiffer	dedr	
d3031	f_nbmszswt7l5i6	taṭāyincu	to hinder, prevent	uncontracted-comparison-candidate	**tanṭV-	krishnamurti-pfeiffer	dedr	
d3032	f_lqffeho6o7cay	taḍapa	a strip of any fibrous bark, (K. also) or of cloth	uncontracted-comparison-candidate	*taḍap-	merriam-pdr	dedr	
d3033	f_cg6sbomohw5tc	taḍamāṭamu	faltering, confusion, bewilderment	uncontracted-comparison-candidate	taṭavu	dedr-reflex	dedr	
d3033	f_2h7hk2o363nqe	taṭapaṭāyincu	to hesitate	uncontracted-comparison-candidate	taṭavu	dedr-reflex	dedr	
d3034	f_eytcgjcswti4w	taḍa	id. DEDS 503	uncontracted-comparison-candidate	taṭai	dedr-reflex	dedr	
d3036	f_zof5gww7qa2hs	taḍaka	hurdle or tatty, screen made of bamboos, etc	uncontracted-comparison-candidate	*taṬ-	merriam-pdr	dedr	
d3036	f_fhptynwihixoi	daḍi	screen of mats, leaves or the like, fence	uncontracted-comparison-candidate	*taṬ-	merriam-pdr	dedr	
d3045	f_ju3vu3fiz2ilo	taḍi	moisture, wetness, dampness, damp; moist, wet, damp	uncontracted-comparison-candidate	*caḷ-	krishnamurti-pfeiffer	dedr	
d3045	f_wzkkxomtpn53k	taḍiyu	to get wet	uncontracted-comparison-candidate	*caḷ-	krishnamurti-pfeiffer	dedr	
d3045	f_ysdqnfow6ev3y	taḍupu	to wet, moisten; wet	uncontracted-comparison-candidate	*caḷ-	krishnamurti-pfeiffer	dedr	adj
d3061	f_wetvdfjleqpii	taṟataṟa	id	uncontracted-comparison-candidate	*tattaram	merriam-pdr	dedr	
d3090	f_mythl5qg3jnmm	taṟugu	to become less, diminish, decrease; deficiency, wastage, loss, wear and tear	uncontracted-comparison-candidate	taraku	dedr-reflex	dedr;K-Telugu	
d3090	f_phkp5bww5rmly	taṟuvu	to become less, decrease	uncontracted-comparison-candidate	taraku	dedr-reflex	dedr	
d3090	f_nudfmvrhrg734	tarugu	brokerage or fees called custom	uncontracted-comparison-candidate	taraku	dedr-reflex	dedr;B-Telugu	
d3090	f_wuss5agiu47kg	taragu	broker	uncontracted-comparison-candidate	taraku	dedr-reflex	dedr;B-Telugu	
d3090	f_olb5z7rteyrme	taragari	broker	uncontracted-comparison-candidate	taraku	dedr-reflex	dedr;B-Telugu	
d3090	f_qdeulkcptqggq	tarapu	to remove, destroy, (K. also) lower, reduce, deduct. DED(S) 2519	uncontracted-comparison-candidate	taraku	dedr-reflex	dedr	
d3095	f_ycsuf63yvjy6m	tari	churning	uncontracted-comparison-candidate	*tar-V-	krishnamurti-pfeiffer	dedr	
d3095	f_nw2egltyxhoic	tarikā̃ḍu	one who churns	uncontracted-comparison-candidate	*tar-V-	krishnamurti-pfeiffer	dedr	
d3095	f_vgs63saod345y	tarucu	to churn, (K. also) produce fire by rubbing two pieces of wood together	uncontracted-comparison-candidate	*tar-V-	krishnamurti-pfeiffer	dedr	
d3095	f_noavm52n3qx4a	traccu	to churn, (K. also) produce fire by rubbing two pieces of wood together	initial-apical-or-cluster;initial-cluster	*tar-V-	krishnamurti-pfeiffer	dedr	
d3095	f_fega5ppiwhdze	traccana	churning	initial-apical-or-cluster;initial-cluster	*tar-V-	krishnamurti-pfeiffer	dedr	
d3100	f_sqtn4qpjbllwo	tarucu	to search, examine, investigate	uncontracted-comparison-candidate	*dās-	merriam-pdr	dedr	
d3103	f_5233oaxclbkfs	tala	head, hair of the head; top, end, front; place, side, quarter	uncontracted-comparison-candidate	*tal-ay	krishnamurti-pfeiffer	dedr	
d3115	f_6iieamq4yekai	trampi	fire pit, heap of cowdung cakes used as fuel	initial-apical-or-cluster;initial-cluster	*taẓ-	merriam-pdr	dedr	
d3122	f_cpjuuxs5a7tmu	travvu	to dig, excavate, scoop, unearth, stir up, bring to recollection	initial-apical-or-cluster;initial-cluster	*taẓVv-	merriam-pdr	dedr	
d3122	f_i55tm67o6tae2	travvaṭamu	digging	initial-apical-or-cluster;initial-cluster	*taẓVv-	merriam-pdr	dedr	
d3122	f_cswppdqsnv4xq	travvaṭincu	to dig	initial-apical-or-cluster;initial-cluster	*taẓVv-	merriam-pdr	dedr	
d3123	f_krngoxbaq3nl2	talupu	door	uncontracted-comparison-candidate	taḷ	dedr-reflex	dedr	
d3125	f_ffbvybbk7i5om	taḷataḷa	glitter, lustre, brilliancy, shining	uncontracted-comparison-candidate	taḷataḷa	dedr-reflex	dedr	
d3125	f_oksvxidncwdy6	taḷataḷalāḍu	to glitter, glisten	uncontracted-comparison-candidate	taḷataḷa	dedr-reflex	dedr	
d3125	f_ruv4mpkyv7756	taḷuku	glitter, shining, lustre	uncontracted-comparison-candidate	taḷataḷa	dedr-reflex	dedr	
d3128	f_ggaqwzjdw3sqo	taralu	to set out or start	uncontracted-comparison-candidate	taḷampu	dedr-reflex	dedr	
d3128	f_s7734up7wqlso	taṟalu	to move, shake	uncontracted-comparison-candidate	taḷampu	dedr-reflex	dedr	
d3128	f_cupeuv5bp7yvg	talaru	id., (K. also) be agitated, disturbed	uncontracted-comparison-candidate	taḷampu	dedr-reflex	dedr	
d3128	f_xvey35gncuuyy	teralu	to start, set out, boil	uncontracted-comparison-candidate	taḷampu	dedr-reflex	dedr	
d3128	f_3cr2lu3tgsrm4	teralcu	to remove, stir, cause to go	uncontracted-comparison-candidate	taḷampu	dedr-reflex	dedr;K-Telugu	
d3128	f_kmvfmfooc277i	teralucu	to remove, stir, cause to go	uncontracted-comparison-candidate	taḷampu	dedr-reflex	dedr;K-Telugu	
d3129	f_fkf343tqsavgm	talāri	watchman	uncontracted-comparison-candidate	taḷavāra	dedr-reflex	dedr	
d3131	f_ryv2pet6unqtm	talaru	to bloom, shine, thrive	uncontracted-comparison-candidate	taḷir	dedr-reflex	dedr	
d3131	f_if66jssnklnrm	taliru	a sprout, shoot	uncontracted-comparison-candidate	taḷir	dedr-reflex	dedr	
d3131	f_abnch35dzttn4	talirucu	to sprout, shoot, bloom	uncontracted-comparison-candidate	taḷir	dedr-reflex	dedr	
d3133	f_vwdrojo5nxs2s	talugu	tether or halter for cattle	uncontracted-comparison-candidate	*taḷ-	merriam-pdr	dedr	
d3133	f_gurp2lqmhu6uu	talagu	tether or halter for cattle	uncontracted-comparison-candidate	*taḷ-	merriam-pdr	dedr;B-Telugu	
d3133	f_iebz2qvby2hnc	talugu	id	uncontracted-comparison-candidate	*taḷ-	merriam-pdr	dedr;VPK-Telugu	
d3133	f_32yssorenq5bq	tolugu	id	uncontracted-comparison-candidate	*taḷ-	merriam-pdr	dedr;VPK-Telugu	
d3133	f_inicdh2uxhb5i	taluvu	id	uncontracted-comparison-candidate	*taḷ-	merriam-pdr	dedr;VPK-Telugu	
d3135	f_m4l4wmnrdiwnc	talāgu	(allomorphtala-), talgu	uncontracted-comparison-candidate	taḷḷu	dedr-reflex	dedr	
d3136	f_b7j5srzb3kz5q	tali	mother; original, first, principal, chief, main	uncontracted-comparison-candidate	*taḷḷ-ay	krishnamurti-pfeiffer	dedr	
d3138	f_e4fwfurysenxs	taṟaṭu	to whip; whip, whipping	uncontracted-comparison-candidate	toṯ- (toṯy-)	dedr-reflex	dedr;K-Telugu	noun
d3138	f_ux7r2qp2qszdq	taraṭu	to whip; whip, whipping	uncontracted-comparison-candidate	toṯ- (toṯy-)	dedr-reflex	dedr;K-Telugu	noun
d3140	f_a3gntn6sgwdrg	taṟugu	to slice, chop	uncontracted-comparison-candidate	**tāṯV-	krishnamurti-pfeiffer	dedr	
d3140	f_o66enif2uf77u	taṟuvu	to slice, chop	uncontracted-comparison-candidate	**tāṯV-	krishnamurti-pfeiffer	dedr	
d3140	f_s4k2tcq7x75s2	taṟimena	lathe	uncontracted-comparison-candidate	**tāṯV-	krishnamurti-pfeiffer	dedr	
d3140	f_uyz6yxywmnvwe	taruvaḍi	lathe	uncontracted-comparison-candidate	**tāṯV-	krishnamurti-pfeiffer	dedr	
d3140	f_iw75exh2bddqq	tarimiḍi	lathe	uncontracted-comparison-candidate	**tāṯV-	krishnamurti-pfeiffer	dedr;B-Telugu;K-also-Telugu	
d3140	f_yrtn64afolcos	tariviṇi	lathe	uncontracted-comparison-candidate	**tāṯV-	krishnamurti-pfeiffer	dedr;B-Telugu;K-also-Telugu	
d3142	f_xdntey3dllrnu	taṟi	opportunity, proper time, season, occasion	uncontracted-comparison-candidate	taṟu	dedr-reflex	dedr	
d3142	f_fwuoqksu5eixi	taṟi-gonu	to endeavour, attempt	uncontracted-comparison-candidate	taṟu	dedr-reflex	dedr	
d3142	f_wbc3oblfwqhbw	taṟiyu	to approach	uncontracted-comparison-candidate	taṟu	dedr-reflex	dedr	
d3142	f_spugv2cpebmz2	taṟiyã-baḍu	to approach	uncontracted-comparison-candidate	taṟu	dedr-reflex	dedr	
d3142	f_jzxv6yfmmfsjy	taṟupu	to join together, amass (wealth)	uncontracted-comparison-candidate	taṟu	dedr-reflex	dedr;K-Telugu	
d3142	f_hmyhvoyq2it2w	taruvāyi	subsequent time, sequence, sequel, what follows	uncontracted-comparison-candidate	taṟu	dedr-reflex	dedr	
d3142	f_o3n5ai6bwz5mk	taruvāta	afterwards, subsequently, next	uncontracted-comparison-candidate	taṟu	dedr-reflex	dedr	
d3142	f_ux4gimc6vftk6	taruṇamu	opportunity, time, season	uncontracted-comparison-candidate	taṟu	dedr-reflex	dedr	
d3144	f_lnreftsaov4vk	taṟupu	an artificial diamond. DED(S) 2527	uncontracted-comparison-candidate	taruppu	dedr-reflex	dedr	
d3157	f_wrir3j4q4refg	taṭavaṭa	deceit	uncontracted-comparison-candidate	tāṭṭōṭṭam	dedr-reflex	dedr	
d3157	f_wtatea5nuf5hk	taṭamaṭa	deceit	uncontracted-comparison-candidate	tāṭṭōṭṭam	dedr-reflex	dedr	
d3157	f_bgm6t6hrtu2qw	taṭamaṭincu	to deceive. DED(S) 2577	uncontracted-comparison-candidate	tāṭṭōṭṭam	dedr-reflex	dedr	
d3174	f_vw55c6dqihjty	trāgu	to drink, (K. also) swallow, eat, smoke	initial-apical-or-cluster;initial-cluster	*tār_-g-	merriam-pdr	dedr	
d3174	f_zgff5va5f56x4	trāvu	to drink, (K. also) swallow, eat, smoke	initial-apical-or-cluster;initial-cluster	*tār_-g-	merriam-pdr	dedr	
d3174	f_nrroyokrpw2pa	trāguḍu	drinking	initial-apical-or-cluster;initial-cluster	*tār_-g-	merriam-pdr	dedr	
d3174	f_24yxv6oqxs6ag	trāvuḍu	drinking	initial-apical-or-cluster;initial-cluster	*tār_-g-	merriam-pdr	dedr	
d3192	f_vcb7tcir2mmg2	trāḍuvaḍu	to become lean. DED(S, N) 2608	initial-apical-or-cluster;initial-cluster	tāṟuka	dedr-reflex	dedr	
d3244	f_lxmtcut2fity6	tera	screen, curtain, wave	uncontracted-comparison-candidate	*tir-ay	krishnamurti-pfeiffer	dedr	
d3245	f_pwbv3e2o7dj6a	teralu	to abound, increase, swell up	uncontracted-comparison-candidate	tiraḷ	dedr-reflex	dedr;K-Telugu	
d3246	f_zfmpf23mg76ca	tiri	a twist, turn, braid of hair	uncontracted-comparison-candidate	*tir-a-nku	krishnamurti-pfeiffer	dedr	
d3246	f_z5ioh5rftlgyu	tirika	a twist or turn	uncontracted-comparison-candidate	*tir-a-nku	krishnamurti-pfeiffer	dedr	
d3246	f_g323nf2zhfrvm	tiripamu	begging alms	uncontracted-comparison-candidate	*tir-a-nku	krishnamurti-pfeiffer	dedr	
d3246	f_izvmgisdtsyxe	tiripari	beggar	uncontracted-comparison-candidate	*tir-a-nku	krishnamurti-pfeiffer	dedr	
d3246	f_lwt7iyv4sbgg4	tiripemu	begging, alms	uncontracted-comparison-candidate	*tir-a-nku	krishnamurti-pfeiffer	dedr	
d3246	f_2vrv5woq6tml6	tiriyu	to beg, ask alms, live by alms	uncontracted-comparison-candidate	*tir-a-nku	krishnamurti-pfeiffer	dedr	
d3246	f_gavpjhh6ni62e	tirigi	again	uncontracted-comparison-candidate	*tir-a-nku	krishnamurti-pfeiffer	dedr	
d3246	f_knwaudo7j7rzw	tiruga	again	uncontracted-comparison-candidate	*tir-a-nku	krishnamurti-pfeiffer	dedr	
d3246	f_gapxu6yum5yjy	tirugã-baḍu	to rebel, revolt, turn back or round, change, alter	uncontracted-comparison-candidate	*tir-a-nku	krishnamurti-pfeiffer	dedr	
d3246	f_cqjsxdxn4htbc	tirugali	a mill, handmill, gristmill	uncontracted-comparison-candidate	*tir-a-nku	krishnamurti-pfeiffer	dedr	
d3246	f_sz5oic4rnrsek	tirugalli	a mill, handmill, gristmill	uncontracted-comparison-candidate	*tir-a-nku	krishnamurti-pfeiffer	dedr	
d3246	f_3ov3kfkm5dkwg	tirugu	to roam, rove, wander, ramble, move about, turn, take a new direction, turn back, turn round, change, alter; a turn, change of direction, turning back, reversal, retraction, revocation	uncontracted-comparison-candidate	*tir-a-nku	krishnamurti-pfeiffer	dedr	noun
d3246	f_ogbjknelvpvsg	tiruguḍu	turning, a turn, a screw, latch, catch	uncontracted-comparison-candidate	*tir-a-nku	krishnamurti-pfeiffer	dedr	
d3246	f_qckj6uvqryeae	tirugudala	a turning back	uncontracted-comparison-candidate	*tir-a-nku	krishnamurti-pfeiffer	dedr	
d3246	f_ojasm32b67tns	tiṟi	a twist of anything flexible	uncontracted-comparison-candidate	*tir-a-nku	krishnamurti-pfeiffer	dedr	
d3246	f_stvomvek524nu	trikku	a twist or turn	initial-apical-or-cluster;initial-cluster	*tir-a-nku	krishnamurti-pfeiffer	dedr	
d3246	f_m6sv6c34jzmrg	trippaṭa	wandering	initial-apical-or-cluster;initial-cluster	*tir-a-nku	krishnamurti-pfeiffer	dedr	
d3246	f_ovgkmqj2hsjkq	trippari	a wanderer, rambler	initial-apical-or-cluster;initial-cluster	*tir-a-nku	krishnamurti-pfeiffer	dedr	
d3246	f_ysr4jv2l77hdc	trippu	to turn, change the direction of; a turn	initial-apical-or-cluster;initial-cluster	*tir-a-nku	krishnamurti-pfeiffer	dedr	noun
d3246	f_dwuf6jytn2l7g	trimmaṭa	wandering	initial-apical-or-cluster;initial-cluster	*tir-a-nku	krishnamurti-pfeiffer	dedr	
d3246	f_54ffbpkwo66b2	trimmaṭakā̃ḍu	wanderer, rambler, rover, vagabond	initial-apical-or-cluster;initial-cluster	*tir-a-nku	krishnamurti-pfeiffer	dedr	
d3246	f_tnamtgs5zft46	trimmaru	to wander, rove, ramble	initial-apical-or-cluster;initial-cluster	*tir-a-nku	krishnamurti-pfeiffer	dedr	
d3259	f_bsir5okg6tahm	teṟa	open	uncontracted-comparison-candidate	*tiṯ-V-	krishnamurti-pfeiffer	dedr	
d3259	f_e7hwkfnfyq3ec	teṟacu	to open, set open, uncover, expose, exhibit, display, unfasten, unlock	uncontracted-comparison-candidate	*tiṯ-V-	krishnamurti-pfeiffer	dedr	
d3259	f_fdp2d4dpeqmi2	teṟapa	open, exposed	uncontracted-comparison-candidate	*tiṯ-V-	krishnamurti-pfeiffer	dedr	
d3259	f_kgb6tkj5urbr6	teṟapi	intermission, cessation, pause, break	uncontracted-comparison-candidate	*tiṯ-V-	krishnamurti-pfeiffer	dedr	
d3260	f_th5sjbter5wbc	teṟavu	way, manner, mode, fashion, style, condition, state, order, good condition or state (see also 1300). DED 2668	uncontracted-comparison-candidate	tiṟam	dedr-reflex	dedr	
d3294	f_ga5tusbvhthk4	duḍuku	rashness, inconsiderateness, precipitancy or precipitation	uncontracted-comparison-candidate	tuṭi	dedr-reflex	dedr	
d3294	f_djv5i36filcso	toḍībaḍu	to be perplexed, confused. DED(S) 2696	uncontracted-comparison-candidate	tuṭi	dedr-reflex	dedr	
d3297	f_quggypeao2nx6	tuḍumu	a kind of drum, tomtom	uncontracted-comparison-candidate	tuṭi	dedr-reflex	dedr	
d3301	f_3svu5v6uenzfi	tuḍucu	to wipe, rub, sweep, clean as any surface, wipe off or away, rub off or out, sweep or sweep away as dust, etc., from a surface	uncontracted-comparison-candidate	*tuḍ-	merriam-pdr	dedr	
d3301	f_oknhunyklrmnm	tuḍupu	wiping, rubbing out, blotting out, scoring out or correction in writing	uncontracted-comparison-candidate	*tuḍ-	merriam-pdr	dedr	
d3301	f_2op6tdyjxrqia	toḍayu	to wipe, wash	uncontracted-comparison-candidate	*tuḍ-	merriam-pdr	dedr	
d3302	f_tlchixwd6zjws	toḍa	thigh	uncontracted-comparison-candidate	*tUḍ-	merriam-pdr	dedr	
d3305	f_e6jzmd7d5cuuq	truŋgu	to break, fall in pieces, perish, die	initial-apical-or-cluster;initial-cluster	*tūṇ-	merriam-pdr	dedr	
d3305	f_aptwtjmp6kuoq	truncu	to cut to pieces, tear, break, kill (ortruṅgu, truncuwith 3339 Ta.tura)	initial-apical-or-cluster;initial-cluster	*tūṇ-	merriam-pdr	dedr	
d3332	f_5flm4fhpnlhl6	turumu	powder; to reduce to powder	uncontracted-comparison-candidate	*dum-	merriam-pdr	dedr;B-Telugu	verb
d3337	f_5umx2mkalfveq	ḍuyyu	to draw as a sword out of the scabbard, remove or strip of leaves, etc., as a twig by drawing it through the hand or between the fingers	initial-apical-or-cluster	tu·n- (tu·nḏ-)	dedr-reflex	dedr	
d3337	f_otgs5cnx7kgyu	ḍūyu	to draw as a sword out of the scabbard, remove or strip of leaves, etc., as a twig by drawing it through the hand or between the fingers	initial-apical-or-cluster	tu·n- (tu·nḏ-)	dedr-reflex	dedr	
d3339	f_eatdyb36uyjzs	tuṟumu	to scrape with a toothed instrument as the kernel of a coconut	uncontracted-comparison-candidate	**tūr-	krishnamurti-pfeiffer	dedr	
d3339	f_hq6bi6334cktu	truŋgu	to break, fall in pieces, perish, die	initial-apical-or-cluster;initial-cluster	**tūr-	krishnamurti-pfeiffer	dedr	
d3339	f_aktogwgylrgri	truncu	to cut to pieces, tear, break, kill (ortruṅgu, truncuwith 3305 Ta.tuṇi)	initial-apical-or-cluster;initial-cluster	**tūr-	krishnamurti-pfeiffer	dedr	
d3340	f_ed5z4y2qdk7lg	trōcu	to push, shove, thrust	initial-apical-or-cluster;initial-cluster	*tor-	merriam-pdr	dedr	
d3340	f_ti6mu3twfnris	trō-paḍu	to be pushed or driven	initial-apical-or-cluster;initial-cluster	*tor-	merriam-pdr	dedr	
d3340	f_5m665wb2jtxta	trō-pāṭu	being pushed or driven	initial-apical-or-cluster;initial-cluster	*tor-	merriam-pdr	dedr	
d3340	f_3klrjo7rb35ic	trō-pāḍu	to push	initial-apical-or-cluster;initial-cluster	*tor-	merriam-pdr	dedr	
d3340	f_qui4o6yxhmrgo	trōpu	a push, disregarding, discarding, prohibition, subtraction, deduction	initial-apical-or-cluster;initial-cluster	*tor-	merriam-pdr	dedr	
d3340	f_7rg3lybka6vco	trōpuḍu	a push, disregarding, discarding, prohibition, subtraction, deduction	initial-apical-or-cluster;initial-cluster	*tor-	merriam-pdr	dedr	
d3340	f_fjq43hg5dyxlk	trōyu	to push, propel, thrust, shove, drive, reject, dismiss, eject, throw out, subtract, deduct	initial-apical-or-cluster;initial-cluster	*tor-	merriam-pdr	dedr	
d3340	f_smcykvf5urehu	trōlu	to drive, drive away or out, exorcise	initial-apical-or-cluster;initial-cluster	*tor-	merriam-pdr	dedr	
d3340	f_ad2a7upowopsu	drobbu	to push, shove, thrust; a push, thrust, shove	initial-apical-or-cluster;initial-cluster	*tor-	merriam-pdr	dedr	noun
d3341	f_mp6ypnh2talh4	doravi	id	uncontracted-comparison-candidate	turavu	dedr-reflex	dedr	
d3341	f_jltwhb5vjujjk	doravu	id	uncontracted-comparison-candidate	turavu	dedr-reflex	dedr	
d3341	f_ebuzyqyoqjy4y	doruvu	id., a tank, a dock for ships. DED 2745	uncontracted-comparison-candidate	turavu	dedr-reflex	dedr	
d3343	f_ouwrj4t6guwre	truppu	rust	initial-apical-or-cluster;initial-cluster	turu	dedr-reflex	dedr	
d3343	f_xioannge7h26u	trukku	id., verdigris	initial-apical-or-cluster;initial-cluster	turu	dedr-reflex	dedr	
d3357	f_yqclfarglqalu	tulasi	sacred basil, <i>Ocimum sanctum</i> Lin	uncontracted-comparison-candidate	*tul-acV	krishnamurti-pfeiffer	dedr	
d3359	f_z7zcpkqor5mju	dulupu	to shake so as to remove dust, etc., shake off, get rid of	uncontracted-comparison-candidate	tuḷaŋku	dedr-reflex	dedr	
d3360	f_sam4a6nmarzw2	tulakincu	to shine, rejoice	uncontracted-comparison-candidate	tuḷaŋku	dedr-reflex	dedr	
d3360	f_ocbuw6who5k7e	tulakimpu	shining, rejoicing	uncontracted-comparison-candidate	tuḷaŋku	dedr-reflex	dedr	
d3361	f_pxcrabmrpx6ha	toluku	to rain, (K. also) be spilled, overflow	uncontracted-comparison-candidate	*toḷ-	merriam-pdr	dedr	
d3361	f_4fu55e72nweo6	tolakari	the beginning of the rainy season, the rainy season	uncontracted-comparison-candidate	*toḷ-	merriam-pdr	dedr	
d3361	f_h772gshapmqp4	tolakarincu	to rain for the first time in the season	uncontracted-comparison-candidate	*toḷ-	merriam-pdr	dedr	
d3361	f_w7mgy6vazaqws	tolukāru	the rainy season (or the itemstolakaritotolukāruin 3516)	uncontracted-comparison-candidate	*toḷ-	merriam-pdr	dedr	
d3361	f_e32szda3b4a5i	tulucu	to shed, as fruit, powder, etc	uncontracted-comparison-candidate	*toḷ-	merriam-pdr	dedr;K-Telugu;B-Telugu	
d3361	f_r5pdyct6in2bo	tulumu	to cause leaves to fall by cutting or plucking	uncontracted-comparison-candidate	*toḷ-	merriam-pdr	dedr;K-Telugu	
d3364	f_3kfngjktiueeo	truḷḷu	to jump, leap, spring, caper, be arrogant or conceited; jump, leap, spring, caper; arrogance, conceit	initial-apical-or-cluster;initial-cluster	tuḷḷu	dedr-reflex	dedr	noun
d3364	f_izof3z7ocfudq	truḷḷũbōtu	an arrogant or conceited person	initial-apical-or-cluster;initial-cluster	tuḷḷu	dedr-reflex	dedr	
d3364	f_uwdxkemsmfwnk	truḷḷinta	a jump	initial-apical-or-cluster;initial-cluster	tuḷḷu	dedr-reflex	dedr	
d3364	f_fauktvmbokhbe	truḷḷagincu	to jump up	initial-apical-or-cluster;initial-cluster	tuḷḷu	dedr-reflex	dedr	
d3364	f_yqmre5wjvln3s	truḷḷaginta	jumping up	initial-apical-or-cluster;initial-cluster	tuḷḷu	dedr-reflex	dedr	
d3367	f_ai5k2vuehj5ms	tuṟugu	to insert, stick in as flowers, cram in, gag by thrusting a cloth in the mouth, caulk (a ship)	uncontracted-comparison-candidate	**tuṯVvV-	krishnamurti-pfeiffer	dedr;K-Telugu	
d3367	f_smeamze5c7w3u	turugu	to insert, stick in as flowers, cram in, gag by thrusting a cloth in the mouth, caulk (a ship)	uncontracted-comparison-candidate	**tuṯVvV-	krishnamurti-pfeiffer	dedr;B-Telugu	
d3367	f_uoo4zm2ghbetc	tuṟumu	to cram or stick, thrust in, deck the head with flowers	uncontracted-comparison-candidate	**tuṯVvV-	krishnamurti-pfeiffer	dedr;K-Telugu	
d3367	f_cco4pcovrmfuk	turumu	to cram or stick, thrust in, deck the head with flowers	uncontracted-comparison-candidate	**tuṯVvV-	krishnamurti-pfeiffer	dedr;B-Telugu	
d3368	f_y54uwx54lov4e	tuṟutu	haste, quickness	uncontracted-comparison-candidate	tuṟu-tuṟuv-eṉal	dedr-reflex	dedr	
d3368	f_ns3jpcgvry2qi	tora-paḍu	to hasten. DED 2771	uncontracted-comparison-candidate	tuṟu-tuṟuv-eṉal	dedr-reflex	dedr	
d3381	f_q5w2lmmxv43nw	duṭu	to jump over, run away. DED 2783	uncontracted-comparison-candidate	dūṇṭu	dedr-reflex	dedr;K-Telugu	
d3399	f_2tuirc5ydq5fm	ḍūyu	to enter, penetrate, pierce, pass through as an arrow or bullet	initial-apical-or-cluster	**tuṯVtV-	krishnamurti-pfeiffer	dedr	
d3399	f_xpsg2ggd6hoze	ḍuyyu	to enter, penetrate, pierce, pass through as an arrow or bullet	initial-apical-or-cluster	**tuṯVtV-	krishnamurti-pfeiffer	dedr	
d3408	f_fbcfr67u6yh4i	ṭeŋkāya	coconut	initial-apical-or-cluster	teŋku	dedr-reflex	dedr	
d3421	f_pz62i3p4tjenc	teṟava	woman	uncontracted-comparison-candidate	terivai	dedr-reflex	dedr	
d3422	f_u6p2k7aeojc7g	teruvu	way, road, path	uncontracted-comparison-candidate	teru	dedr-reflex	dedr	
d3426	f_p7xjnhez72nia	teluŋgu	Telugu language	uncontracted-comparison-candidate	*teluŋ-	merriam-pdr	dedr	
d3427	f_cbyb4s4dtmejm	telucu	to praise, worship, request, pray	uncontracted-comparison-candidate	telucu	dedr-reflex	dedr;K-Telugu	
d3429	f_hhtgzmiv5q7wi	teliya	plate or dish	uncontracted-comparison-candidate	tiḷi	dedr-reflex	dedr	
d3429	f_exizhqcyljqms	tele	plate or dish	uncontracted-comparison-candidate	tiḷi	dedr-reflex	dedr	
d3433	f_bx2o4a3jcoq6w	teli	white, pure	uncontracted-comparison-candidate	*teḷ-V-	krishnamurti-pfeiffer	dedr	
d3433	f_tr4ls446xhfxk	teliyu	to be known, understood, perceived, intelligible, clear, or plain, be seen, discovered, or found; know, understand, perceive; (K. also) regain consciousness after swoon, wake up from sleep	uncontracted-comparison-candidate	*teḷ-V-	krishnamurti-pfeiffer	dedr	
d3433	f_trkl5pncclmbg	telivi	understanding, intelligence, wisdom, consciousness, liveliness, cheerfulness	uncontracted-comparison-candidate	*teḷ-V-	krishnamurti-pfeiffer	dedr	
d3433	f_b42vkvg33uy2i	teliviḍi	understanding, information	uncontracted-comparison-candidate	*teḷ-V-	krishnamurti-pfeiffer	dedr	
d3433	f_s7ip6g7bpitrg	telisi konu	to understand, know, learn	uncontracted-comparison-candidate	*teḷ-V-	krishnamurti-pfeiffer	dedr	
d3433	f_tk3puhvrzuwzo	telucu	to pacify, console	uncontracted-comparison-candidate	*teḷ-V-	krishnamurti-pfeiffer	dedr;K-Telugu	
d3433	f_6bgl4xulkpkrk	telupu	white, whiteness; to communicate, make known, inform	uncontracted-comparison-candidate	*teḷ-V-	krishnamurti-pfeiffer	dedr	verb
d3433	f_i5vijhg2fh7gg	telupuḍu	knowledge, information	uncontracted-comparison-candidate	*teḷ-V-	krishnamurti-pfeiffer	dedr	
d3437	f_ac5m6v5uobtos	tregu	to be cut, divided, or severed, snap (as a rope), be breached (as a dike)	initial-apical-or-cluster;initial-cluster	teṟi	dedr-reflex	dedr	
d3437	f_4y35t4ot5yk4q	treyyu	to be cut, divided, or severed, snap (as a rope), be breached (as a dike)	initial-apical-or-cluster;initial-cluster	teṟi	dedr-reflex	dedr	
d3437	f_bkr27kz5jnw3e	trevvu	to be cut, (K. also) be snapped (as a rope)	initial-apical-or-cluster;initial-cluster	teṟi	dedr-reflex	dedr	
d3437	f_wcmnrwtkxjxes	trencu	to snap, break, tear, cut, divide, sever (as a thread or string, etc.)	initial-apical-or-cluster;initial-cluster	teṟi	dedr-reflex	dedr	
d3437	f_lr7rrcqoxabam	trempu	id.; state of being cut, divided, etc., discontinuity, pause	initial-apical-or-cluster;initial-cluster	teṟi	dedr-reflex	dedr	noun
d3451	f_57xeufn5wprdy	trē̃cu	to belch, eructate	initial-apical-or-cluster;initial-cluster	*tē-	krishnamurti-pfeiffer	dedr	
d3451	f_3mpcoizvufojy	trēncu	to belch, eructate	initial-apical-or-cluster;initial-cluster	*tē-	krishnamurti-pfeiffer	dedr	
d3451	f_uz4msjboy2kda	trēnucu	to belch, eructate	initial-apical-or-cluster;initial-cluster	*tē-	krishnamurti-pfeiffer	dedr	
d3451	f_eujmiznn35bns	trē̃pu	belching, a belch	initial-apical-or-cluster;initial-cluster	*tē-	krishnamurti-pfeiffer	dedr	
d3451	f_wge4ipq6xlecq	trēnpu	belching, a belch	initial-apical-or-cluster;initial-cluster	*tē-	krishnamurti-pfeiffer	dedr	
d3451	f_ijjkw7iaah4cu	trēnupu	belching, a belch	initial-apical-or-cluster;initial-cluster	*tē-	krishnamurti-pfeiffer	dedr	
d3452	f_64cecm2montnm	ṭē̃ku	teak tree	initial-apical-or-cluster	*tēn-kk-	krishnamurti-pfeiffer	dedr	
d3480	f_z64mu27achamg	toḍu	to put arrow on bow	uncontracted-comparison-candidate	*toṭ-V-	krishnamurti-pfeiffer	dedr;K-Telugu	
d3480	f_xae3cmaqtme2o	toḍugu	to put arrow on bow	uncontracted-comparison-candidate	*toṭ-V-	krishnamurti-pfeiffer	dedr;K-Telugu	
d3480	f_w5s64gkugs4n6	toḍuvu	to put arrow on bow	uncontracted-comparison-candidate	*toṭ-V-	krishnamurti-pfeiffer	dedr;K-Telugu	
d3480	f_qd3sftfygapug	toḍuku	to hold, grasp	uncontracted-comparison-candidate	*toṭ-V-	krishnamurti-pfeiffer	dedr;K-Telugu	
d3480	f_b64hijyc3cqju	toḍikilu	to seize, hold tightly, snatch	uncontracted-comparison-candidate	*toṭ-V-	krishnamurti-pfeiffer	dedr;K-Telugu	
d3480	f_qhfgvxvwamfx4	toḍaru	to follow, accompany; happen, occur; endeavour, attempt; (K. also) reach, obtain, hold, copulate with, attack	uncontracted-comparison-candidate	*toṭ-V-	krishnamurti-pfeiffer	dedr	
d3480	f_bbbwopndyrueq	toḍarika	following, accompanying	uncontracted-comparison-candidate	*toṭ-V-	krishnamurti-pfeiffer	dedr	
d3480	f_org6dthix2jqu	toḍaruvu	endeavour, attempt	uncontracted-comparison-candidate	*toṭ-V-	krishnamurti-pfeiffer	dedr	
d3480	f_qb2lflnfwstym	toḍusu	business, affair, connection	uncontracted-comparison-candidate	*toṭ-V-	krishnamurti-pfeiffer	dedr	
d3481	f_fk4rxxkf64buu	toḍaru	to undertake	uncontracted-comparison-candidate	*toḍ-	merriam-pdr	dedr;K-Telugu	
d3482	f_awfnrd54izzpu	toḍugu	to clothe, invest	uncontracted-comparison-candidate	*toḍ-	merriam-pdr	dedr	
d3482	f_ppney35xrte7q	toḍuvu	to clothe, invest	uncontracted-comparison-candidate	*toḍ-	merriam-pdr	dedr	
d3482	f_fszzaxycz6xho	toḍugu konu	to put on, wear	uncontracted-comparison-candidate	*toḍ-	merriam-pdr	dedr	
d3482	f_33mff3gmfupaq	toḍigincu	to cause to wear or put on	uncontracted-comparison-candidate	*toḍ-	merriam-pdr	dedr	
d3482	f_bs3qzvxg3cdqa	toḍavu	ornament, jewel	uncontracted-comparison-candidate	*toḍ-	merriam-pdr	dedr	
d3482	f_7e44kswqik4wo	toḍupu	armour	uncontracted-comparison-candidate	*toḍ-	merriam-pdr	dedr	
d3482	f_26n2suxzju7jo	toḍu	id., wear	uncontracted-comparison-candidate	*toḍ-	merriam-pdr	dedr;K-Telugu	
d3487	f_7fauczdle4r44	toḍima	footstalk of a leaf, fruit or flower	uncontracted-comparison-candidate	*toḍ-	merriam-pdr	dedr	
d3514	f_gffk4pnnpoopg	doralu	to roll, turn over	uncontracted-comparison-candidate	dōguni	dedr-reflex	dedr	intr
d3514	f_5svlq2qsgoz4o	doralincu	id	uncontracted-comparison-candidate	dōguni	dedr-reflex	dedr	
d3514	f_rt3qei6bneijk	doralcu	id	uncontracted-comparison-candidate	dōguni	dedr-reflex	dedr;K-Telugu;K-also-Telugu	tr
d3514	f_qjvzuboz5etbq	doralucu	id	uncontracted-comparison-candidate	dōguni	dedr-reflex	dedr;K-Telugu;K-also-Telugu	tr
d3514	f_ab5ek3b4zpnbo	ḍō̃gu	to crawl or move on the hands and knees, go on all fours as an infant	initial-apical-or-cluster	dōguni	dedr-reflex	dedr	
d3516	f_5jsrk7ixemxzu	toli	beginning, commencement; first, former, previous, old, ancient; formerly, previously	uncontracted-comparison-candidate	*tol-	merriam-pdr	dedr	
d3516	f_hpiiam4lezm4y	tolukāru	the rainy season	uncontracted-comparison-candidate	*tol-	merriam-pdr	dedr	
d3516	f_hqmgzt6e54cjg	tolakari	the beginning of the rainy season, the rainy season	uncontracted-comparison-candidate	*tol-	merriam-pdr	dedr	
d3516	f_edqz6v53rjwra	tolakarincu	to rain for the first time in the season (for itemstolukārutotolakarincu, 'first/commencing + [rainy] season', see 1278(<i>c</i>)kāruseason; communicated by K.; or in 3361)	uncontracted-comparison-candidate	*tol-	merriam-pdr	dedr	
d3522	f_xzsphjsyelcgq	trokku	to tread, trample, tread or trample upon, press or crush under the foot; tread, place the foot	initial-apical-or-cluster;initial-cluster	toṛ̆ikka	dedr-reflex	dedr	
d3522	f_ji7l3tltyvjvs	trokkuḍu	treading, trampling, stamp of the foot	initial-apical-or-cluster;initial-cluster	toṛ̆ikka	dedr-reflex	dedr	
d3528	f_e4w23o5gtn2eu	toli	hole	uncontracted-comparison-candidate	toḷ	dedr-reflex	dedr	
d3528	f_msu265mivyalm	tolika	hole	uncontracted-comparison-candidate	toḷ	dedr-reflex	dedr	
d3528	f_uevkdhtmprbyc	tolucu	to bore, perforate, hollow, dig, scoop, carve	uncontracted-comparison-candidate	toḷ	dedr-reflex	dedr	
d3528	f_7q5vlrppygl3w	dolucu	to make a hole	uncontracted-comparison-candidate	toḷ	dedr-reflex	dedr;K-Telugu	
d3528	f_2tje2gyk3hhru	ḍolla	hollow, concave	initial-apical-or-cluster	toḷ	dedr-reflex	dedr	
d3533	f_6cphj3dwgnalk	toṟa	hole, cavity in a tree	uncontracted-comparison-candidate	toṟalu	dedr-reflex	dedr	
d3533	f_xvllptnyoprlc	toṟaṭa	hole, cavity in a tree	uncontracted-comparison-candidate	toṟalu	dedr-reflex	dedr	
d3535	f_fd7vws44o4lpc	doraku	to be found, got, procured, obtained, gained	uncontracted-comparison-candidate	doraku	dedr-reflex	dedr	
d3535	f_kgfdkxrzx4wik	dorayu	to occur, happen, be an equal or match, resemble	uncontracted-comparison-candidate	doraku	dedr-reflex	dedr	
d3535	f_semhvrrqas6t4	doṟayu	to obtain	uncontracted-comparison-candidate	doraku	dedr-reflex	dedr	
d3535	f_z527aouhmff6m	doralu	to occur, happen, accrue, join with	uncontracted-comparison-candidate	doraku	dedr-reflex	dedr;K-Telugu	
d3535	f_aopmb3qkxy774	toralu	to happen, occur, arise, (K.) meet, join, meet in battle	uncontracted-comparison-candidate	doraku	dedr-reflex	dedr	
d3582	f_a7no4czu5fud4	naḍa	walking, stepping, movement, conduct, behaviour	uncontracted-comparison-candidate	*naṭ-a	krishnamurti-pfeiffer	dedr	
d3582	f_het2f62jmmoac	naḍaka	walking, stepping, movement, conduct, behaviour	uncontracted-comparison-candidate	*naṭ-a	krishnamurti-pfeiffer	dedr	
d3582	f_7uedlxpkokbgk	naḍacu	to walk, move, go, etc	uncontracted-comparison-candidate	*naṭ-a	krishnamurti-pfeiffer	dedr	
d3582	f_46kdhjtyyhqua	naḍucu	to walk, move, go, etc	uncontracted-comparison-candidate	*naṭ-a	krishnamurti-pfeiffer	dedr	
d3582	f_wql4k3jczu6yq	naḍapu	to cause to walk, conduct	uncontracted-comparison-candidate	*naṭ-a	krishnamurti-pfeiffer	dedr	
d3582	f_ovkf5g7etahk4	naḍupu	to cause to walk, conduct	uncontracted-comparison-candidate	*naṭ-a	krishnamurti-pfeiffer	dedr	
d3582	f_tmuaqtubxgno2	naḍata	conduct, behaviour	uncontracted-comparison-candidate	*naṭ-a	krishnamurti-pfeiffer	dedr	
d3582	f_epo6adqy7miho	naḍavaḍi	conduct, behaviour	uncontracted-comparison-candidate	*naṭ-a	krishnamurti-pfeiffer	dedr	
d3582	f_masxd5jo4xpay	naḍayāḍu	to walk or move about	uncontracted-comparison-candidate	*naṭ-a	krishnamurti-pfeiffer	dedr	
d3582	f_wpbjphfomjiua	naḍava	the first passage at the entrance of a house, a way	uncontracted-comparison-candidate	*naṭ-a	krishnamurti-pfeiffer	dedr	
d3584	f_pjbjsejqoadau	naḍu	middle, waist	uncontracted-comparison-candidate	*nàḍ[u]-	merriam-pdr	dedr	
d3584	f_pe5qvzcobehwa	naḍumu	middle, waist	uncontracted-comparison-candidate	*nàḍ[u]-	merriam-pdr	dedr	
d3584	f_urlmogr2ozcfa	naḍi	middle, waist	uncontracted-comparison-candidate	*nàḍ[u]-	merriam-pdr	dedr	
d3584	f_mdxhfkx2dlvpq	naḍimi	middle, waist	uncontracted-comparison-candidate	*nàḍ[u]-	merriam-pdr	dedr	
d3605	f_bfdvcy3vbnaw2	aragali	hesitation, doubt	uncontracted-comparison-candidate	*ńar-	merriam-pdr	dedr	
d3605	f_y6iaugftuoq44	aramara	id., consciousness of being a stranger	uncontracted-comparison-candidate	*ńar-	merriam-pdr	dedr	
d3605	f_2km52u3flrqbm	aramarika	id., consciousness of being a stranger	uncontracted-comparison-candidate	*ńar-	merriam-pdr	dedr	
d3605	f_3iupifxqdxmg4	aravāyi	diffidence, hesitation	uncontracted-comparison-candidate	*ńar-	merriam-pdr	dedr	
d3606	f_yjsbdss3mblpe	nariyãḍu	jackal	uncontracted-comparison-candidate	*nari-(kkV)	krishnamurti-pfeiffer	dedr	
d3609	f_5pnehzovpe2ba	nara	greyness of the hair, grey hair	uncontracted-comparison-candidate	narai	dedr-reflex	dedr	
d3609	f_mokgmpo2qaask	narayu	to grow grey (of the hair)	uncontracted-comparison-candidate	narai	dedr-reflex	dedr	
d3609	f_6pamkr6bmyucu	nariyu	to grow grey (of the hair)	uncontracted-comparison-candidate	narai	dedr-reflex	dedr	
d3609	f_iqpqs5jkkikgq	narapu	greyness of the hair	uncontracted-comparison-candidate	narai	dedr-reflex	dedr	
d3609	f_i6sudduit3cvi	neriyu	to become grey. DED(S, N) 2984	uncontracted-comparison-candidate	narai	dedr-reflex	dedr;VPK-Telugu	
d3610	f_qwtmbgqdpolue	naluvu	beauty, ability; beautiful	uncontracted-comparison-candidate	*nan-key	krishnamurti-pfeiffer	dedr	
d3611	f_ot36lf3jvnlum	nalāgu	to be crushed, bruised, broken or reduced to powder, be crumpled or rumpled, (K. also) fade, wither, diminish (as brightness)	uncontracted-comparison-candidate	**nalVvV-	krishnamurti-pfeiffer	dedr	
d3611	f_2g2ar44b5mxea	nalūgu	to be crushed, bruised, broken or reduced to powder, be crumpled or rumpled, (K. also) fade, wither, diminish (as brightness)	uncontracted-comparison-candidate	**nalVvV-	krishnamurti-pfeiffer	dedr	
d3611	f_47p2bhukgdsbs	naliyu	to be crushed, bruised, broken or reduced to powder, be crumpled or rumpled, (K. also) fade, wither, diminish (as brightness)	uncontracted-comparison-candidate	**nalVvV-	krishnamurti-pfeiffer	dedr	
d3611	f_d62p75jdyb6ju	nalāguḍu	state of being crushed, bruised or troubled	uncontracted-comparison-candidate	**nalVvV-	krishnamurti-pfeiffer	dedr	
d3611	f_sq26g6h4wbu4e	nalukuva	illness, indisposition	uncontracted-comparison-candidate	**nalVvV-	krishnamurti-pfeiffer	dedr	
d3611	f_ol5rqoy4h7cfy	nalata	disease	uncontracted-comparison-candidate	**nalVvV-	krishnamurti-pfeiffer	dedr	
d3611	f_5ugswojeishuo	nali	illness, indisposition; dust, powder	uncontracted-comparison-candidate	**nalVvV-	krishnamurti-pfeiffer	dedr	
d3611	f_ce66dmz2pigac	nalikamu	smallness, littleness, thinness	uncontracted-comparison-candidate	**nalVvV-	krishnamurti-pfeiffer	dedr	
d3611	f_5c2uejs4tg7xq	naliguli	greatly crushed or broken	uncontracted-comparison-candidate	**nalVvV-	krishnamurti-pfeiffer	dedr	
d3611	f_z3qwta65s3ksg	nalucu	to crush, rub	uncontracted-comparison-candidate	**nalVvV-	krishnamurti-pfeiffer	dedr	
d3611	f_vmqukklp3d6nw	nalupu	to crush, rub	uncontracted-comparison-candidate	**nalVvV-	krishnamurti-pfeiffer	dedr	
d3611	f_6uchr2dqkwyni	nalapu	to crumple (flowers, etc.), harass	uncontracted-comparison-candidate	**nalVvV-	krishnamurti-pfeiffer	dedr;K-Telugu	
d3613	f_wu7vjpw6b5kwm	nalupu	black, blackness	uncontracted-comparison-candidate	*nal-	merriam-pdr	dedr	
d3625	f_6xmdy4po4m63y	naṟaku	to cut, hew, fell, sever, chop; a cut, wound	uncontracted-comparison-candidate	*nar_-Vk-	merriam-pdr	dedr	
d3625	f_4xrrunbs4dcfk	naṟuku	to cut, hew, fell, sever, chop; a cut, wound	uncontracted-comparison-candidate	*nar_-Vk-	merriam-pdr	dedr	
d3625	f_qhrviepth4iqi	naṟakuḍu	cutting, a cut	uncontracted-comparison-candidate	*nar_-Vk-	merriam-pdr	dedr	
d3625	f_jt3wpf63pur2s	naṟukuḍu	cutting, a cut	uncontracted-comparison-candidate	*nar_-Vk-	merriam-pdr	dedr	
d3626	f_dvllpya3rx3ba	naṟuju	a small quantity	uncontracted-comparison-candidate	naṟumu	dedr-reflex	dedr	
d3626	f_bthf6lc47zvgk	naṟumāḍu	to powder	uncontracted-comparison-candidate	naṟumu	dedr-reflex	dedr	
d3626	f_ra3pims7gww5s	naṟumu	id.; powder. DED(S) 3002	uncontracted-comparison-candidate	naṟumu	dedr-reflex	dedr	noun
d3634	f_4ooyydeawtnji	ela-nāga	damsel (cf. 513 Ta.iḷa)	uncontracted-comparison-candidate	*nāg-	merriam-pdr	dedr	
d3655	f_ky2hztwifwrcg	naluguru	four persons	uncontracted-comparison-candidate	*nāl	krishnamurti-pfeiffer	dedr	
d3655	f_bpvp5xnp5vpta	naluvuru	four persons	uncontracted-comparison-candidate	*nāl	krishnamurti-pfeiffer	dedr	
d3655	f_pl76sotneaqxm	naluvadi	forty	uncontracted-comparison-candidate	*nāl	krishnamurti-pfeiffer	dedr	
d3655	f_qnwt4ggrrkylq	nalubadi	forty	uncontracted-comparison-candidate	*nāl	krishnamurti-pfeiffer	dedr	
d3655	f_emrn3mwccyxw6	nalubʰai	forty	uncontracted-comparison-candidate	*nāl	krishnamurti-pfeiffer	dedr	
d3655	f_nby2fr7oglycy	nalabʰai	forty	uncontracted-comparison-candidate	*nāl	krishnamurti-pfeiffer	dedr	
d3655	f_cjqsp3gt5hita	naluvaṇḍru	forty persons	uncontracted-comparison-candidate	*nāl	krishnamurti-pfeiffer	dedr	
d3672	f_qgmda5vi4jyyk	nerayu	to spread , extend, be filled	uncontracted-comparison-candidate	nira	dedr-reflex	dedr	intr
d3672	f_4zfsx372amjc4	neṟayu	to spread , extend, be filled	uncontracted-comparison-candidate	nira	dedr-reflex	dedr	intr
d3672	f_yx73auv4zhiay	nerayika	becoming full	uncontracted-comparison-candidate	nira	dedr-reflex	dedr	
d3672	f_yunlqwwavfkq6	nerapu	to spread , fill; spreading; much	uncontracted-comparison-candidate	nira	dedr-reflex	dedr	tr noun adj
d3672	f_r7uiuglyx3qts	neṟapu	to spread , fill; spreading; much	uncontracted-comparison-candidate	nira	dedr-reflex	dedr	tr noun adj
d3672	f_rk4etmm4txwzy	nera	full	uncontracted-comparison-candidate	nira	dedr-reflex	dedr	
d3672	f_2goikyjfrcyou	neṟa	full	uncontracted-comparison-candidate	nira	dedr-reflex	dedr	
d3672	f_rsioodt47smrc	neravu	fullness, spreading, full, much, well-spread, broad	uncontracted-comparison-candidate	nira	dedr-reflex	dedr	
d3672	f_cdc64f2clyh7c	neṟavu	fullness, spreading, full, much, well-spread, broad	uncontracted-comparison-candidate	nira	dedr-reflex	dedr	
d3672	f_xnen5y6tdcn2u	reppamu	fullness	initial-apical-or-cluster	nira	dedr-reflex	dedr	
d3674	f_wfyxkn4pqrjlk	niruḍu	last year	uncontracted-comparison-candidate	*nirḍ-	merriam-pdr	dedr	
d3674	f_jsxbtndtjn5xy	niruṭi	of the last year (communicated by M. Kandappa Chetty)	uncontracted-comparison-candidate	*nirḍ-	merriam-pdr	dedr	
d3675	f_pltlqqn5htqty	nilucu	to stand, rise, get up, last, continue, remain, exist, stop, stay, halt, cease, endure, be preserved or saved, survive	uncontracted-comparison-candidate	*nil-	krishnamurti-pfeiffer	dedr	
d3675	f_sfeemmnmlcxdw	nilupu	to cause to stand, fix, place, stop, interrupt, restrain, save, preserve, adjourn, keep back, detain; standing, halting, cessation, stopping, a halt, stop, pause, rest	uncontracted-comparison-candidate	*nil-	krishnamurti-pfeiffer	dedr	noun
d3675	f_nda6z6ciezuug	nilaka	standing, halting	uncontracted-comparison-candidate	*nil-	krishnamurti-pfeiffer	dedr	
d3675	f_pipxx6dph3n4a	nilukaḍa	id., remaining, staying, steadiness, firmness, permanence	uncontracted-comparison-candidate	*nil-	krishnamurti-pfeiffer	dedr	
d3675	f_4sphcpeb7rxfe	nilava	remainder, balance, standing, duration, continuance; old, long-standing	uncontracted-comparison-candidate	*nil-	krishnamurti-pfeiffer	dedr	
d3675	f_r7tkkavkruld6	niluva	remainder, balance, standing, duration, continuance; old, long-standing	uncontracted-comparison-candidate	*nil-	krishnamurti-pfeiffer	dedr	
d3675	f_7e52qlhggzoyc	niluvu	standing, stature, height, standing crop; upright, erect, high, tall	uncontracted-comparison-candidate	*nil-	krishnamurti-pfeiffer	dedr	
d3675	f_5kqsi6l34ljko	nela	place	uncontracted-comparison-candidate	*nil-	krishnamurti-pfeiffer	dedr	
d3675	f_pn25ypqnhj5ec	nela konu	to become firm, stay, be, stand	uncontracted-comparison-candidate	*nil-	krishnamurti-pfeiffer	dedr	
d3675	f_bn3mdwx7ax7ku	nelayu	to be established, stay	uncontracted-comparison-candidate	*nil-	krishnamurti-pfeiffer	dedr;K-Telugu	
d3675	f_rq22lmlrzhwow	nelavu	place, abode, home, native country	uncontracted-comparison-candidate	*nil-	krishnamurti-pfeiffer	dedr	
d3681	f_zqijwunskxeji	neṟanu	a secret	uncontracted-comparison-candidate	niṟam	dedr-reflex	dedr	
d3682	f_wy4p5gkpzkzbu	neṟayu	to become full, be fulfilled or accomplished	uncontracted-comparison-candidate	*niṯ-	krishnamurti-pfeiffer	dedr	
d3682	f_x77gnhfspuu22	nerayu	to become full, be fulfilled or accomplished	uncontracted-comparison-candidate	*niṯ-	krishnamurti-pfeiffer	dedr	
d3682	f_lp2ff4l7jqup6	neṟapu	to fill, fulfil, perform	uncontracted-comparison-candidate	*niṯ-	krishnamurti-pfeiffer	dedr	
d3682	f_eacc5hfvcrqu4	nerapu	to fill, fulfil, perform	uncontracted-comparison-candidate	*niṯ-	krishnamurti-pfeiffer	dedr	
d3682	f_h3itvcwcbf7ow	neṟa	full, complete, whole, perfect	uncontracted-comparison-candidate	*niṯ-	krishnamurti-pfeiffer	dedr	
d3682	f_kxif6b5r37f4q	nera	full, complete, whole, perfect	uncontracted-comparison-candidate	*niṯ-	krishnamurti-pfeiffer	dedr	
d3682	f_sbwxeutmf2cdm	neṟavu	full, proper, fit	uncontracted-comparison-candidate	*niṯ-	krishnamurti-pfeiffer	dedr	
d3682	f_ogwoshsjd2d7s	neravu	full, proper, fit	uncontracted-comparison-candidate	*niṯ-	krishnamurti-pfeiffer	dedr	
d3682	f_xq5v5h4pkdh4c	neṟi	fullness	uncontracted-comparison-candidate	*niṯ-	krishnamurti-pfeiffer	dedr	
d3682	f_a7f2rakgilb2o	niṟu	very, much, utterly (cf.nippastu, nippaccaramu, s.v. 3825(<i>a</i>) Ta.paci); niṟṟa-nīluguto be very haughty	uncontracted-comparison-candidate	*niṯ-	krishnamurti-pfeiffer	dedr	
d3683	f_rm7pwksv2hiyk	nelavu	acquaintance, friendship, familiarity	uncontracted-comparison-candidate	*nen-ay	krishnamurti-pfeiffer	dedr	
d3683	f_kstslykulvuqo	nelavari	an acquaintance, a person well known, one who knows a secret, a well-informed, experienced or clever person. DED 3050	uncontracted-comparison-candidate	*nen-ay	krishnamurti-pfeiffer	dedr	
d3710	f_sjceya6hc36s6	nurūgu	foam, froth	uncontracted-comparison-candidate	nurai	dedr-reflex	dedr	
d3710	f_eszx37w4q324m	nuruvu	foam, froth	uncontracted-comparison-candidate	nurai	dedr-reflex	dedr	
d3716	f_jogz5xmh3o2fy	nuliyu	to be broken, shattered. DED 3078	uncontracted-comparison-candidate	nuḷgu	dedr-reflex	dedr;K-Telugu	
d3717	f_zslu2rjhiwsfc	nulucu	to pinch, nip off, squeeze	uncontracted-comparison-candidate	nuḷḷu	dedr-reflex	dedr;K-Telugu	
d3717	f_a27eqc2xwkd7o	nulumu	to pinch. DED(N) 3079	uncontracted-comparison-candidate	nuḷḷu	dedr-reflex	dedr	
d3726	f_qbgjyexq5og4k	nulaka	a rough kind of rope or string	uncontracted-comparison-candidate	*nūl-	merriam-pdr	dedr	
d3726	f_mh6mhdjv7mugg	nuli	entanglement in a thread	uncontracted-comparison-candidate	*nūl-	merriam-pdr	dedr	
d3726	f_2ynxki4adavxe	nuliyu	to be twisted	uncontracted-comparison-candidate	*nūl-	merriam-pdr	dedr	
d3726	f_euoemqzzhqzvo	nulincu	to twist	uncontracted-comparison-candidate	*nūl-	merriam-pdr	dedr	
d3726	f_zhy4asifmb34o	nulucu	to twist	uncontracted-comparison-candidate	*nūl-	merriam-pdr	dedr	
d3726	f_kh7fr45dtbkni	nulupu	to twist	uncontracted-comparison-candidate	*nūl-	merriam-pdr	dedr	
d3726	f_ktj3tys6h6gkc	nulumu	to twist	uncontracted-comparison-candidate	*nūl-	merriam-pdr	dedr	
d3726	f_ajf6x7nljavoq	nulivu	a twist	uncontracted-comparison-candidate	*nūl-	merriam-pdr	dedr	
d3728	f_tkeebswzw4xxo	nuṟupu	threshing	uncontracted-comparison-candidate	*nūl	krishnamurti-pfeiffer	dedr	
d3728	f_vptjx3ejjviv4	nuṟucu	threshing	uncontracted-comparison-candidate	*nūl	krishnamurti-pfeiffer	dedr	
d3728	f_ukckisuiqotx2	nuṟupu	to thrash, kill; thrashing, threshing	uncontracted-comparison-candidate	*nūl	krishnamurti-pfeiffer	dedr	noun
d3728	f_clrnvwzcu44sc	nuṟucu	to thrash, kill; thrashing, threshing	uncontracted-comparison-candidate	*nūl	krishnamurti-pfeiffer	dedr	noun
d3728	f_g3kuka5f2xvea	nuṟumu	to powder, destroy; powder, what is ground	uncontracted-comparison-candidate	*nūl	krishnamurti-pfeiffer	dedr	noun
d3738	f_ehffb5ikxibpq	niḍu	long	uncontracted-comparison-candidate	neṭu	dedr-reflex	dedr	
d3738	f_cyn27n37j4bdw	niḍuda	long	uncontracted-comparison-candidate	neṭu	dedr-reflex	dedr	
d3738	f_l7sfol76w2gpm	niḍivi	length; long	uncontracted-comparison-candidate	neṭu	dedr-reflex	dedr	
d3738	f_om3htvuoxboko	niḍupu	length; long	uncontracted-comparison-candidate	neṭu	dedr-reflex	dedr	
d3738	f_uhd5ifjbndzyq	niḍucanu	to extend	uncontracted-comparison-candidate	neṭu	dedr-reflex	dedr	
d3749	f_jsn5zt5x7rzhm	nerumu	to move on posteriors. DED 3107	uncontracted-comparison-candidate	niraŋŋuka	dedr-reflex	dedr;K-Telugu	
d3750	f_knm7ito2bm6oe	neraḍu	uneven. DED(S) 3108	uncontracted-comparison-candidate	neraṭu	dedr-reflex	dedr	
d3754	f_6fda6logqz64s	nela	moon, month, day of full moon	uncontracted-comparison-candidate	*nel-a-nc	krishnamurti-pfeiffer	dedr	
d3770	f_y6w4z4nde6d6m	neravu	to assemble together; assemblage, battalion	uncontracted-comparison-candidate	nēr	dedr-reflex	dedr;K-Telugu	noun
d3770	f_k2gxoci7snbps	neravādi	a skilful, dexterous, or clever person	uncontracted-comparison-candidate	nēr	dedr-reflex	dedr	
d3781	f_6qkjclzzscj7e	lokki	<i>V. leucoxylon. ? Go	initial-apical-or-cluster	nocci	dedr-reflex	dedr	
d3784	f_n4zw4z534u5hc	noḍi	word, expression	uncontracted-comparison-candidate	*noṭ-V-	krishnamurti-pfeiffer	dedr	
d3784	f_l7gxv6dikbcda	nuḍi	word, expression	uncontracted-comparison-candidate	*noṭ-V-	krishnamurti-pfeiffer	dedr	
d3784	f_nkuy5satakkh4	noḍuvu	word, expression	uncontracted-comparison-candidate	*noṭ-V-	krishnamurti-pfeiffer	dedr	
d3784	f_tlisq2czmi5mk	noḍikā̃ḍu	talkative man	uncontracted-comparison-candidate	*noṭ-V-	krishnamurti-pfeiffer	dedr	
d3784	f_tgwkms6mou6jc	noḍikāramu	mode, style of speech	uncontracted-comparison-candidate	*noṭ-V-	krishnamurti-pfeiffer	dedr	
d3784	f_qcls3wxzdzeo2	nuḍikāramu	mode, style of speech	uncontracted-comparison-candidate	*noṭ-V-	krishnamurti-pfeiffer	dedr	
d3784	f_hdi5pttch5h3k	noḍugu	to say, speak; word or expression, line in verse	uncontracted-comparison-candidate	*noṭ-V-	krishnamurti-pfeiffer	dedr	noun
d3784	f_jrgipt3tb5gia	nuḍugu	to say, speak; word or expression, line in verse	uncontracted-comparison-candidate	*noṭ-V-	krishnamurti-pfeiffer	dedr	noun
d3784	f_oth7jewmcomb6	noḍucu	to find fault with	uncontracted-comparison-candidate	*noṭ-V-	krishnamurti-pfeiffer	dedr	
d3784	f_gjqlyc2y3ufdg	noḍupu	finding fault	uncontracted-comparison-candidate	*noṭ-V-	krishnamurti-pfeiffer	dedr	
d3784	f_jbr252yttxh4a	nuḍuvari	speaker, talker	uncontracted-comparison-candidate	*noṭ-V-	krishnamurti-pfeiffer	dedr	
d3784	f_zok4chnd27u22	nuḍuvu	word, expression; (K. alsonoḍuvu) to say, speak	uncontracted-comparison-candidate	*noṭ-V-	krishnamurti-pfeiffer	dedr	verb
d3821	f_ekp2oljnlunqo	prā̃ci	moss	initial-apical-or-cluster;initial-cluster	*pac-Vṯ-	krishnamurti-pfeiffer	dedr	
d3821	f_wynbb6jawx4v6	prā̃-konu	to become mossy	initial-apical-or-cluster;initial-cluster	*pac-Vṯ-	krishnamurti-pfeiffer	dedr	
d3838	f_wolkhp375j7z2	paḍava	boat	uncontracted-comparison-candidate	*paṭ-Vku	krishnamurti-pfeiffer	dedr	
d3840	f_n3jvihtp7p5hq	paḍucu	girl; young, youthful	uncontracted-comparison-candidate	*paḍḍ-	merriam-pdr	dedr	
d3840	f_cfq2fjgnglfmi	paḍucũḍu	boy	uncontracted-comparison-candidate	*paḍḍ-	merriam-pdr	dedr	
d3841	f_f7evduxnjbqk4	paṭapaṭa	noise made in breaking or bursting, gnashing the teeth, crackling	uncontracted-comparison-candidate	paṭapaṭa	dedr-reflex	dedr	
d3841	f_6aho4fd5ump7u	paṭīlumanu	to break with a crack	uncontracted-comparison-candidate	paṭapaṭa	dedr-reflex	dedr	intr
d3845	f_o5qwibapcmxdm	paḍi-kāpu	a waiting at the gate of one, one who waits at the gate	uncontracted-comparison-candidate	paṭal	dedr-reflex	dedr	
d3845	f_rzv43k4oxitie	paḍi-gāpu	a waiting at the gate of one, one who waits at the gate	uncontracted-comparison-candidate	paṭal	dedr-reflex	dedr	
d3849	f_jl7ty4qdrq33m	paḍi	a measure of capacity (= 1 1/2 seer). DED 3187	uncontracted-comparison-candidate	paṭi	dedr-reflex	dedr	
d3850	f_hfdqejvg73pps	paḍi-kaṭṭu	a stair or step. DED 3188	uncontracted-comparison-candidate	paṭi	dedr-reflex	dedr	
d3851	f_lswi2j24osypy	baḍi	manner. DEDS 597	uncontracted-comparison-candidate	paṭi	dedr-reflex	dedr;K-Telugu	
d3851	f_ujtj4c7wxofhq	vaḍi	manner. DEDS 597	uncontracted-comparison-candidate	paṭi	dedr-reflex	dedr;K-Telugu	
d3852	f_hs64mntd2w552	paḍu	to fall, lie, recline, sleep	uncontracted-comparison-candidate	*paṬ-	merriam-pdr	dedr	
d3852	f_sp2iqdk6exag2	paḍamara	the west	uncontracted-comparison-candidate	*paṬ-	merriam-pdr	dedr	
d3852	f_i373edgyq3cti	paḍuka	bed, bedding	uncontracted-comparison-candidate	*paṬ-	merriam-pdr	dedr	
d3852	f_d4yir7lzqiuce	paṟucu	to cause to fall	uncontracted-comparison-candidate	*paṬ-	merriam-pdr	dedr	
d3852	f_aupk5jhiodyt6	paṟacu	to cause to fall	uncontracted-comparison-candidate	*paṬ-	merriam-pdr	dedr	
d3852	f_at2btzpu33bem	paṟupu	id., throw down; mattress, bed, bedding	uncontracted-comparison-candidate	*paṬ-	merriam-pdr	dedr	noun
d3853	f_pyjrgi3ep675y	paḍu	to feel, enjoy, suffer; (K. also) to be possible	uncontracted-comparison-candidate	*paḍ-	merriam-pdr	dedr	
d3853	f_cinsxslzynghs	paḍayu	to obtain, earn, feel, enjoy, suffer; bear, beget	uncontracted-comparison-candidate	*paḍ-	merriam-pdr	dedr	
d3853	f_7lxa5vkwpqrxq	paḍacu	to obtain, earn, feel, enjoy, suffer; bear, beget	uncontracted-comparison-candidate	*paḍ-	merriam-pdr	dedr	
d3853	f_r4eaxct7fhb5o	paḍapu	earning, gaining	uncontracted-comparison-candidate	*paḍ-	merriam-pdr	dedr	
d3853	f_dkewqmjbl45rm	paṟucu	to cause to feel or suffer	uncontracted-comparison-candidate	*paḍ-	merriam-pdr	dedr	
d3853	f_yhnktsuvqoouy	paṟacu	to cause to feel or suffer	uncontracted-comparison-candidate	*paḍ-	merriam-pdr	dedr	
d3856	f_ytjkqbhe4dyhw	paḍiya	small pit containing water	uncontracted-comparison-candidate	paṭu	dedr-reflex	dedr	
d3856	f_ihnrzca7wlcow	paḍe	small pit containing water	uncontracted-comparison-candidate	paṭu	dedr-reflex	dedr	
d3856	f_vdxgmzjtzfn7e	paḍuva	a low ground. DED(S) 3192	uncontracted-comparison-candidate	paṭu	dedr-reflex	dedr	
d3860	f_b2mfhotgnvcdw	paḍava	fight, battle	uncontracted-comparison-candidate	paṭai	dedr-reflex	dedr	
d3860	f_biiyo3o6axbfa	paḍavalamu	van of an army	uncontracted-comparison-candidate	paṭai	dedr-reflex	dedr	
d3860	f_cvig5mpxnualm	paḍavālu	commander of an army. DED 3195	uncontracted-comparison-candidate	paṭai	dedr-reflex	dedr	
d3864	f_ww7avr2zovmly	paṭakāru	pair of tongs, large pincers. DEDS 603	uncontracted-comparison-candidate	paṭakāru	dedr-reflex	dedr	
d3864	f_bogta5wnu65vy	paṭukāṟu	pair of tongs, large pincers. DEDS 603	uncontracted-comparison-candidate	paṭakāru	dedr-reflex	dedr	
d3869	f_jgoxvleyaffqu	paḍucu	to prostitute oneself	uncontracted-comparison-candidate	paṭṭi	dedr-reflex	dedr	
d3869	f_265vrwpk3yr2m	paḍupu	prostitution	uncontracted-comparison-candidate	paṭṭi	dedr-reflex	dedr	
d3869	f_tt3yihfilrsfk	paḍupudi	prostitute. DED(S, N) 3200, and from DED 58	uncontracted-comparison-candidate	paṭṭi	dedr-reflex	dedr	
d3869	f_qnepstm475u4q	paḍapũgomma	prostitute. DED(S, N) 3200, and from DED 58	uncontracted-comparison-candidate	paṭṭi	dedr-reflex	dedr	
d3877	f_56ecl5cdjodjo	paḍita	stripe, streak, wale. DED 3206	uncontracted-comparison-candidate	paṭṭai	dedr-reflex	dedr	
d3887	f_clsbytahnb2ae	paluku	to sound, answer, utter, say; speaking, word, sound, voice	uncontracted-comparison-candidate	*pāṇ-	krishnamurti-pfeiffer	dedr	noun
d3887	f_xyais7rtjcphy	palikincu	to cause to speak, utter, sound, or ring	uncontracted-comparison-candidate	*pāṇ-	krishnamurti-pfeiffer	dedr	
d3887	f_mdikoosrorj7a	palukarincu	to accost, speak to	uncontracted-comparison-candidate	*pāṇ-	krishnamurti-pfeiffer	dedr	
d3887	f_zggi4oksrunrk	palavu	to talk in sleep	uncontracted-comparison-candidate	*pāṇ-	krishnamurti-pfeiffer	dedr	
d3887	f_fidf7vh357mcw	palavincu	to talk in sleep	uncontracted-comparison-candidate	*pāṇ-	krishnamurti-pfeiffer	dedr	
d3887	f_f2vdl7onyjuia	palavarincu	to talk in sleep	uncontracted-comparison-candidate	*pāṇ-	krishnamurti-pfeiffer	dedr	
d3887	f_e6yvyx7rmqu66	paluvarincu	to talk in sleep	uncontracted-comparison-candidate	*pāṇ-	krishnamurti-pfeiffer	dedr	
d3887	f_viqm6y75b5a6k	palavaramu	talking in sleep	uncontracted-comparison-candidate	*pāṇ-	krishnamurti-pfeiffer	dedr	
d3887	f_tkabqwmhueous	palavarinta	talking in sleep	uncontracted-comparison-candidate	*pāṇ-	krishnamurti-pfeiffer	dedr	
d3887	f_f5qawgnoidwqc	palavarimpu	talking in sleep	uncontracted-comparison-candidate	*pāṇ-	krishnamurti-pfeiffer	dedr	
d3887	f_d2wghnx6jdjmk	palumu	to prattle; prattle (or with 4304 Ta.pulampu)	uncontracted-comparison-candidate	*pāṇ-	krishnamurti-pfeiffer	dedr	noun
d3890	f_llrmgq7xws5io	paḍuku	a stone	uncontracted-comparison-candidate	paḍuku	dedr-reflex	dedr	
d3900	f_orvcgfgndtw34	paruṇḍu	to lie down, recline, repose, sleep	uncontracted-comparison-candidate	*panḍ-	merriam-pdr	dedr	
d3949	f_ctfbeec4tlsze	parapu	broad, extended, expanded; a bed or bedding, spreading, extent	uncontracted-comparison-candidate	*par-a	krishnamurti-pfeiffer	dedr	
d3949	f_pmarxwcq2ml3a	paṟapu	broad, extended, expanded; a bed or bedding, spreading, extent	uncontracted-comparison-candidate	*par-a	krishnamurti-pfeiffer	dedr	
d3949	f_in5bnsm5cwzyu	paravu	to spread <i> (intr.); n	uncontracted-comparison-candidate	*par-a	krishnamurti-pfeiffer	dedr	
d3949	f_luwyqacyv7lc6	paruvu	to extend, spread	uncontracted-comparison-candidate	*par-a	krishnamurti-pfeiffer	dedr;K-Telugu;K-also-Telugu	intr
d3949	f_l5muykx6hu3oy	paragu	to spread	uncontracted-comparison-candidate	*par-a	krishnamurti-pfeiffer	dedr;K-Telugu;K-also-Telugu	intr
d3949	f_3nwqq5pibkhaa	paṟacu	to spread , spread out, extend, scatter	uncontracted-comparison-candidate	*par-a	krishnamurti-pfeiffer	dedr	
d3949	f_zn5teljrmyvf2	paracu	to spread , spread out, extend, scatter	uncontracted-comparison-candidate	*par-a	krishnamurti-pfeiffer	dedr;K-Telugu;K-also-Telugu	tr
d3949	f_dxyofadg7epts	paṟapu	to spread , spread out, extend, scatter	uncontracted-comparison-candidate	*par-a	krishnamurti-pfeiffer	dedr;K-Telugu;K-also-Telugu	tr
d3949	f_wczpw2z2tnd66	paṟucu	to spread	uncontracted-comparison-candidate	*par-a	krishnamurti-pfeiffer	dedr	
d3949	f_n3xwvhc6uknfw	paṟupu	bed, bedding	uncontracted-comparison-candidate	*par-a	krishnamurti-pfeiffer	dedr	
d3949	f_kgllbsyi4naxw	prāku	to creep, crawl	initial-apical-or-cluster;initial-cluster	*par-a	krishnamurti-pfeiffer	dedr	
d3954	f_xlxh3zrbpazlk	bariṇe	small box, case or casket	uncontracted-comparison-candidate	paraṇi	dedr-reflex	dedr	
d3962	f_s6fubf35efw4k	pariyu	to wear away, be spoiled, (plastering) falls away in shreds	uncontracted-comparison-candidate	*par-	merriam-pdr	dedr;K-Telugu;B-Telugu	
d3962	f_gs5vla3nwer2g	bradda	a flat thin portion or part of anything, slice, chip, piece, strip	initial-apical-or-cluster;initial-cluster	*par-	merriam-pdr	dedr	
d3962	f_6tk2fpkqwto7g	braddara	a piece, a slit	initial-apical-or-cluster;initial-cluster	*par-	merriam-pdr	dedr	
d3963	f_uhdwtsnq3ckqo	parugu	running, a run	uncontracted-comparison-candidate	*par-	merriam-pdr	dedr	
d3963	f_ijncrm47tmtm6	paruvu	running, a run	uncontracted-comparison-candidate	*par-	merriam-pdr	dedr	
d3963	f_74gx4ioeps2ms	paruviḍu	to run	uncontracted-comparison-candidate	*par-	merriam-pdr	dedr	
d3963	f_t76fx25m4hv4s	parapu	to cause to flow	uncontracted-comparison-candidate	*par-	merriam-pdr	dedr;K-Telugu	
d3964	f_hwzycbuwmmkfq	perima	love, affection, DED(S) 3269	uncontracted-comparison-candidate	pari	dedr-reflex	dedr	
d3968	f_msv7bkd73cik4	parusu	way, manner	uncontracted-comparison-candidate	paricu	dedr-reflex	dedr	
d3968	f_rzhhifvqnkupa	paṟi	manner	uncontracted-comparison-candidate	paricu	dedr-reflex	dedr	
d3971	f_rf6nsorhrbjki	arivāṇamu	a kind of dish, bowl, or plate	uncontracted-comparison-candidate	aruvāṇam	dedr-reflex	dedr	
d3972	f_k5ir6ygi5ylhg	prabbu	to increase, extend, flourish, thrive	initial-apical-or-cluster;initial-cluster	*pār-	merriam-pdr	dedr	
d3973	f_l7cc3tnfua3sc	baraka	rough	uncontracted-comparison-candidate	*bar-	merriam-pdr	dedr	
d3973	f_huohdz5mqomqo	barusu	rough, coarse, rude, brutal; roughness, rudeness	uncontracted-comparison-candidate	*bar-	merriam-pdr	dedr	
d3973	f_lprb7p4qmft4q	parusamu	harshness, cruelty	uncontracted-comparison-candidate	*bar-	merriam-pdr	dedr	
d3973	f_5spy5bf6b5qj6	parusana	harshness, cruelty	uncontracted-comparison-candidate	*bar-	merriam-pdr	dedr	
d3973	f_orljqog4tpxke	parusapu	hard, harsh	uncontracted-comparison-candidate	*bar-	merriam-pdr	dedr	
d3973	f_qcpogr24qy6gg	berasu	cruel, rough, not fine	uncontracted-comparison-candidate	*bar-	merriam-pdr	dedr	
d3976	f_beigjhoyb4dck	pratti	id	initial-apical-or-cluster;initial-cluster	*par-utti	krishnamurti-pfeiffer	dedr	
d3977	f_akahv2er7lt7w	rā-bandu	eagle, (K.) vulture (?rā-&lt;rājāking, i.e. big)	initial-apical-or-cluster	*par-Vntu	krishnamurti-pfeiffer	dedr	
d3982	f_277gnmswzytey	prālu	rice	initial-apical-or-cluster;initial-cluster	*pera-	merriam-pdr	dedr	
d3986	f_u5n3cbqsmmek4	palu	(paṇḍlu), pannu(back-formation from ) tooth	uncontracted-comparison-candidate	*pal	krishnamurti-pfeiffer	dedr	pl
d3986	f_6xy2s6l3tdzie	palugu	blade of pickaxe, crowbar, etc	uncontracted-comparison-candidate	*pal	krishnamurti-pfeiffer	dedr;VPK-Telugu	
d3986	f_66n7jz5zrvkoy	palu-goṟṟu	a kind of harrow (goṟṟuharrow, drill-plough)	uncontracted-comparison-candidate	*pal	krishnamurti-pfeiffer	dedr	
d3986	f_5gyud6xfi26x4	palugarra	toothstick	uncontracted-comparison-candidate	*pal	krishnamurti-pfeiffer	dedr;K-Telugu	
d3987	f_aihjcs7dzrfwy	palu	many, several, various, different	uncontracted-comparison-candidate	*pal-V	krishnamurti-pfeiffer	dedr	
d3987	f_zg6sqzkhtd3ec	paluvuru	many persons	uncontracted-comparison-candidate	*pal-V	krishnamurti-pfeiffer	dedr	
d3987	f_bkadnxaklpbh6	paluvuṇḍru	many persons	uncontracted-comparison-candidate	*pal-V	krishnamurti-pfeiffer	dedr	
d3989	f_3ppcvurhje6x6	paluca	thin, not thick (applied to a solid or a liquid), rare, not dense, not close, sparse; light, slight, contemptible	uncontracted-comparison-candidate	*pal-	merriam-pdr	dedr	
d3989	f_x4axc6eh436rq	palucana	thinness, etc	uncontracted-comparison-candidate	*pal-	merriam-pdr	dedr	
d3990	f_gzybpxupnxlg6	palupu	halter for cattle	uncontracted-comparison-candidate	palupu	dedr-reflex	dedr	
d3999	f_rrfkpgqmutgay	prā	(in cpds.) old	initial-apical-or-cluster;initial-cluster	*paẓ-a	krishnamurti-pfeiffer	dedr	
d3999	f_k6jtvm35n2m3g	prā̃ta	old, decayed, worn out; an old cloth, a cloth	initial-apical-or-cluster;initial-cluster	*paẓ-a	krishnamurti-pfeiffer	dedr	
d3999	f_zuzjzpoarmbii	prā̃tagilu	to grow old, decay, become customary	initial-apical-or-cluster;initial-cluster	*paẓ-a	krishnamurti-pfeiffer	dedr	
d3999	f_gp5ff36sq453u	prā̃tagillu	to grow old, decay, become customary	initial-apical-or-cluster;initial-cluster	*paẓ-a	krishnamurti-pfeiffer	dedr	
d3999	f_ijgkbqvm5ghgm	prā̃tavaḍu	to grow old, decay, become customary	initial-apical-or-cluster;initial-cluster	*paẓ-a	krishnamurti-pfeiffer	dedr	
d3999	f_xrih22ctiwhr4	prā̃baḍu	to grow old, decay, become customary	initial-apical-or-cluster;initial-cluster	*paẓ-a	krishnamurti-pfeiffer	dedr	
d4002	f_d6q6h6dajzzpo	prayi	blame	initial-apical-or-cluster;initial-cluster	*paẓ-	merriam-pdr	dedr	
d4002	f_tjngsa3fs2ncw	prabbu	to abuse, blame, censure; blame	initial-apical-or-cluster;initial-cluster	*paẓ-	merriam-pdr	dedr;K-Telugu	noun
d4005	f_3dxd3t2xuho4m	prakka	side, part, quarter, direction	initial-apical-or-cluster;initial-cluster	paṛ̆u	dedr-reflex	dedr	
d4006	f_ewtremzlmh4im	paḍuva	forest. DED(S) 3300	uncontracted-comparison-candidate	paṛ̆uvam	dedr-reflex	dedr	
d4012	f_mdkvhovbo2qow	paḷapaḷa	glitteringly	uncontracted-comparison-candidate	paḷapaḷa	dedr-reflex	dedr	
d4012	f_lkm2d7exwxrmk	paluka	paleness, whiteness. DED(S) 3303	uncontracted-comparison-candidate	paḷapaḷa	dedr-reflex	dedr	
d4012	f_ncumualapushy	palukana	paleness, whiteness. DED(S) 3303	uncontracted-comparison-candidate	paḷapaḷa	dedr-reflex	dedr	
d4013	f_yknmf5mzenkqs	paḷapaḷa	cracklingly. DED 3304	uncontracted-comparison-candidate	paḷa-paḷav-eṉal	dedr-reflex	dedr	
d4014	f_n3bf5ncmmkjxc	balapamu	slate	uncontracted-comparison-candidate	palappam	dedr-reflex	dedr	
d4014	f_yyfylrojune6e	balapapu pulla	slate pencil. DED 3305	uncontracted-comparison-candidate	palappam	dedr-reflex	dedr	
d4020	f_dcrposjlseflc	paṟacu	to run away, flee, (K. also) flow; cause to flee	uncontracted-comparison-candidate	*pāṯ-	krishnamurti-pfeiffer	dedr	
d4020	f_lllbtax3sht6e	paṟapu	to send away, cause to flee; shoot, discharge	uncontracted-comparison-candidate	*pāṯ-	krishnamurti-pfeiffer	dedr	
d4020	f_jzmjera4q7ghc	paṟata	a flood	uncontracted-comparison-candidate	*pāṯ-	krishnamurti-pfeiffer	dedr	
d4020	f_2ykflamnvsj2i	paṟati	a flood	uncontracted-comparison-candidate	*pāṯ-	krishnamurti-pfeiffer	dedr	
d4020	f_hh4yhvvxmtvnk	paṟada	a flood	uncontracted-comparison-candidate	*pāṯ-	krishnamurti-pfeiffer	dedr	
d4020	f_74bdqqa4c7dw6	paṟava	a flood	uncontracted-comparison-candidate	*pāṯ-	krishnamurti-pfeiffer	dedr	
d4020	f_466uo3bocv7zu	paṟika	a kind of bird	uncontracted-comparison-candidate	*pāṯ-	krishnamurti-pfeiffer	dedr	
d4024	f_4hnrxhguus3fm	paṟapaṟa	noise made in tearing anything	uncontracted-comparison-candidate	paṟa-paṟ-eṉal	dedr-reflex	dedr	
d4027	f_rr5ifryxjrur2	paṟiya	piece, bit, fragment, slice	uncontracted-comparison-candidate	*pad_-	merriam-pdr	dedr	
d4027	f_w5rp6bt2l44ag	paṟiga	gleanings of corn	uncontracted-comparison-candidate	*pad_-	merriam-pdr	dedr	
d4057	f_hizdqbdnvhgjg	prā̃ci	foulness, staleness, nastiness	initial-apical-or-cluster;initial-cluster	*pās-	merriam-pdr	dedr	
d4062	f_5nhc65ji3ivwi	paḍuva	a low ground. DED(S, N) 3346	uncontracted-comparison-candidate	pāṭṭam	dedr-reflex	dedr	
d4101	f_pszc6jn2x2xic	Boracias indica	</i>, erroneously called a blue jay. DED 3374	uncontracted-comparison-candidate	pālai-kkuruvi	dedr-reflex	dedr	
d4146	f_bnnk7hxpz3xaw	peḍa	hinder, back	uncontracted-comparison-candidate	*peṭ-a	krishnamurti-pfeiffer	dedr	
d4146	f_mkcqxtape6fcu	peḍatala	back of the head	uncontracted-comparison-candidate	*peṭ-a	krishnamurti-pfeiffer	dedr	
d4146	f_inzxmqe44ri62	peḍamu	the face turned back	uncontracted-comparison-candidate	*peṭ-a	krishnamurti-pfeiffer	dedr	
d4146	f_etnzujpux5hvo	peḍalu	backyard of a house	uncontracted-comparison-candidate	*peṭ-a	krishnamurti-pfeiffer	dedr	
d4147	f_ztyjqddrcqtfw	beḍali	Lamk. = W. &amp; A.] DEDS 667	uncontracted-comparison-candidate	piṭavam	dedr-reflex	dedr	m f
d4148	f_ztjwywrb6y2bo	piḍi	handle, hilt, handful	uncontracted-comparison-candidate	*piṭ-i	krishnamurti-pfeiffer	dedr	
d4148	f_sn3j24fyz42um	piḍikili	fist, hold, grasp, handful	uncontracted-comparison-candidate	*piṭ-i	krishnamurti-pfeiffer	dedr	
d4148	f_mtbzcslpn4q3o	piḍikilincu	to close the fist, hold in the fist	uncontracted-comparison-candidate	*piṭ-i	krishnamurti-pfeiffer	dedr	
d4148	f_rujlj7ubqnbp4	piḍikilinta	closing the fist	uncontracted-comparison-candidate	*piṭ-i	krishnamurti-pfeiffer	dedr	
d4148	f_b3qnw4b2tifoa	piḍikẽḍu	handful	uncontracted-comparison-candidate	*piṭ-i	krishnamurti-pfeiffer	dedr	
d4148	f_tkrj46gck34h2	piḍuca	handful or a small lump of any semi-solid thing	uncontracted-comparison-candidate	*piṭ-i	krishnamurti-pfeiffer	dedr	
d4148	f_xnzz7u5jvl2kq	piḍica	handful or a small lump of any semi-solid thing	uncontracted-comparison-candidate	*piṭ-i	krishnamurti-pfeiffer	dedr	
d4149	f_c634luxfthrpi	piḍi	the female of an animal. DED 3413	uncontracted-comparison-candidate	piṭi	dedr-reflex	dedr	
d4150	f_fu67wx67v4gqs	piḍugu	id., lightning	uncontracted-comparison-candidate	piṭuku	dedr-reflex	dedr	
d4152	f_t6wrovow3tfq4	puḍuku	to pluck off, nip off, squeeze, press	uncontracted-comparison-candidate	piṭuŋku	dedr-reflex	dedr;K-Telugu	
d4175	f_fzxffnanjdxb4	prēmu	id., <i>C. rotang.</i> DED(S) 3434	initial-apical-or-cluster;initial-cluster	pirampu	dedr-reflex	dedr	
d4175	f_qze4v6mbwqdfa	prabba	id., <i>C. rotang.</i> DED(S) 3434	initial-apical-or-cluster;initial-cluster	pirampu	dedr-reflex	dedr	
d4175	f_skqx63r7annky	prabbili	id., <i>C. rotang.</i> DED(S) 3434	initial-apical-or-cluster;initial-cluster	pirampu	dedr-reflex	dedr	
d4176	f_klyzqvnlsuysa	pridulu	to become loose, fall off, separate, leave each other, be dislocated	initial-apical-or-cluster;initial-cluster	*pir-i-	merriam-pdr	dedr	
d4177	f_5bnmxypvdfzqa	piri	twist, strand, twisting	uncontracted-comparison-candidate	*pur-i-	merriam-pdr	dedr	
d4177	f_ouzmzfsc6qbkc	puri	twist, strand, twisting	uncontracted-comparison-candidate	*pur-i-	merriam-pdr	dedr	
d4177	f_5obbiozlglhna	pirigonu	to be twisted; twist	uncontracted-comparison-candidate	*pur-i-	merriam-pdr	dedr	tr
d4179	f_ftxqe67dqmx3g	pilaka	a tuft or knot of hair	uncontracted-comparison-candidate	pilaka	dedr-reflex	dedr	
d4183	f_2hqiwpctfzubk	piḍucu	to squeeze, wring, press out	uncontracted-comparison-candidate	*piṇṭ-	krishnamurti-pfeiffer	dedr	
d4185	f_4iauvjcmcaszc	piḍaka	cake of cowdung dried for fuel. DED(S) 3441	uncontracted-comparison-candidate	piṛ̆ukkai	dedr-reflex	dedr	
d4185	f_g3qux3lmxnrls	piḍuka	cake of cowdung dried for fuel. DED(S) 3441	uncontracted-comparison-candidate	piṛ̆ukkai	dedr-reflex	dedr	
d4193	f_mjnf4qdw3jyyk	prēgu	entrail, gut, bowel	initial-apical-or-cluster;initial-cluster	*piẓ-ul	krishnamurti-pfeiffer	dedr	
d4194	f_5ar2gmzibo4vy	prēlu	to explode, detonate, break, crack, burst, be fried or parched, break out in prickly heat or any eruption, have pimples	initial-apical-or-cluster;initial-cluster	*piḷ-	merriam-pdr	dedr	
d4194	f_f7ckp3bzqrewu	prēlucu	to cause to break, burst or explode	initial-apical-or-cluster;initial-cluster	*piḷ-	merriam-pdr	dedr	
d4194	f_id34nwo6oqiws	prēlcu	to cause to break, burst or explode	initial-apical-or-cluster;initial-cluster	*piḷ-	merriam-pdr	dedr	
d4194	f_bnxyu5tpjz23y	prēlālu	fried or parched grain	initial-apical-or-cluster;initial-cluster	*piḷ-	merriam-pdr	dedr	
d4194	f_6v3hcnt3ugpio	prēlalu	fried or parched grain	initial-apical-or-cluster;initial-cluster	*piḷ-	merriam-pdr	dedr	
d4195	f_k3di76nmn4ecw	pilucu	to call, invite, (K. also) name, shout	uncontracted-comparison-candidate	*piḷ-	merriam-pdr	dedr	
d4195	f_vxvjthou7li6s	pilipincu	to send for, invite, call	uncontracted-comparison-candidate	*piḷ-	merriam-pdr	dedr	
d4195	f_vonsmxx2fu7sm	pilupu	calling, a call, invitation	uncontracted-comparison-candidate	*piḷ-	merriam-pdr	dedr	
d4195	f_4eyxtm72uzo7e	pilupuḍu	calling, a call, invitation	uncontracted-comparison-candidate	*piḷ-	merriam-pdr	dedr	
d4200	f_76vwqz5aq7lzw	piṟiki	id.; timid, cowardly	uncontracted-comparison-candidate	*pir_-	merriam-pdr	dedr	
d4202	f_mer5fw2hkdl7e	perasu	id. DEDS 681	uncontracted-comparison-candidate	piṟi	dedr-reflex	dedr	
d4205	f_gtex5agb6h4cg	piṟu	behind, back	uncontracted-comparison-candidate	*pin-	krishnamurti-pfeiffer	dedr	
d4205	f_7utyc4yuio6gi	pirindi	following	uncontracted-comparison-candidate	*pin-	krishnamurti-pfeiffer	dedr	
d4249	f_lfgitf6hvbtms	buḍabuḍa	with a bubbling noise	uncontracted-comparison-candidate	buḍa	dedr-reflex	dedr	
d4249	f_6jds6qviusmvq	buḍukku	sound produced by anything suddenly sinking in water	uncontracted-comparison-candidate	buḍa	dedr-reflex	dedr	
d4249	f_ailqnydk4hnkq	buḍukkuna	sound produced by anything suddenly sinking in water	uncontracted-comparison-candidate	buḍa	dedr-reflex	dedr	
d4249	f_muoidf3v6c3ya	buḍubuḍukka	a small rattling drum	uncontracted-comparison-candidate	buḍa	dedr-reflex	dedr	
d4251	f_xejnwgizcjxt4	puḍuku	to pick up, handle, take with the five fingers, give in small quantities, pinch, feel	uncontracted-comparison-candidate	*puḍ-	merriam-pdr	dedr	
d4251	f_smlchowok4kq6	puḍisili	handful	uncontracted-comparison-candidate	*puḍ-	merriam-pdr	dedr	
d4251	f_kenym3v6wsmxm	puḍisilincu	to hold in the hollowed palm	uncontracted-comparison-candidate	*puḍ-	merriam-pdr	dedr	
d4251	f_di5bq5crvahda	puḍikili	holding, taking, handful	uncontracted-comparison-candidate	*puḍ-	merriam-pdr	dedr;K-Telugu	
d4252	f_kvug7ij5alaz4	poḍucu	to fight	uncontracted-comparison-candidate	*poḍ-	merriam-pdr	dedr	
d4255	f_eohgicll2mvok	peḍa	side, page. DED(S) 3496	uncontracted-comparison-candidate	puṭai	dedr-reflex	dedr	
d4259	f_hxaz7yzqhl5bo	poṭi	short, dwarfish; a dwarf	uncontracted-comparison-candidate	*pUṭ-	merriam-pdr	dedr	
d4259	f_wxcywr4cusi4i	buḍugu	short	uncontracted-comparison-candidate	*pUṭ-	merriam-pdr	dedr	
d4259	f_zcrfm5igpcuoi	buḍuta	a little one, a child; short	uncontracted-comparison-candidate	*pUṭ-	merriam-pdr	dedr	
d4259	f_uwg7m5ebdebum	buḍutãḍu	a little boy	uncontracted-comparison-candidate	*pUṭ-	merriam-pdr	dedr	
d4259	f_dwmqiwvs42roy	boḍiga	a boy, a child	uncontracted-comparison-candidate	*pUṭ-	merriam-pdr	dedr	
d4263	f_tciupclpz2y3c	puṭi	flower-basket	uncontracted-comparison-candidate	*buṭ-	merriam-pdr	dedr	
d4263	f_pd2kbseetwamc	puṭika	small basket	uncontracted-comparison-candidate	*buṭ-	merriam-pdr	dedr	
d4263	f_r3uphzhj34n2s	puṭike	small basket	uncontracted-comparison-candidate	*buṭ-	merriam-pdr	dedr	
d4283	f_6dxoy6cuwxdao	prōcu	to nourish, protect, preserve, support	initial-apical-or-cluster;initial-cluster	*pUr-	merriam-pdr	dedr	
d4283	f_mykc2tvmmswzi	prōdi	nourishment	initial-apical-or-cluster;initial-cluster	*pUr-	merriam-pdr	dedr	
d4283	f_xi4grd3d64hlg	prōpu	protection, support	initial-apical-or-cluster;initial-cluster	*pUr-	merriam-pdr	dedr	
d4283	f_mxfwmcx3oi75g	prōpaḍu	to be nourished	initial-apical-or-cluster;initial-cluster	*pUr-	merriam-pdr	dedr	
d4283	f_fgmcm4bmdpl2g	prāpu	support, protection, patronage, refuge	initial-apical-or-cluster;initial-cluster	*pUr-	merriam-pdr	dedr	
d4285	f_axcwiibjapu4g	poralu	to roll, roll on the ground, overflow; rolling, overflowing	uncontracted-comparison-candidate	puraḷ	dedr-reflex	dedr	noun
d4285	f_6k467rceq4n4u	poralcu	to roll or roll over	uncontracted-comparison-candidate	puraḷ	dedr-reflex	dedr	tr
d4285	f_tonsancdsnuq6	poralucu	to roll or roll over	uncontracted-comparison-candidate	puraḷ	dedr-reflex	dedr	tr
d4285	f_hricgcrnmaaoa	poralincu	to roll or roll over	uncontracted-comparison-candidate	puraḷ	dedr-reflex	dedr	tr
d4285	f_eqe7shskvfzfa	poralika	rolling, overflow	uncontracted-comparison-candidate	puraḷ	dedr-reflex	dedr	
d4285	f_cckkf4t4sgnwi	porupu	to roll, as in a powder, mix up. DED(S, N) 3516	uncontracted-comparison-candidate	puraḷ	dedr-reflex	dedr	
d4286	f_nsues5ugrbbbo	puri-konu	to gain strength or spirits	uncontracted-comparison-candidate	puri	dedr-reflex	dedr	
d4286	f_2wg43nf3jwvlw	puri-kolupu	to incite, rouse, urge, goad, encourage. DED(N) 3517	uncontracted-comparison-candidate	puri	dedr-reflex	dedr	
d4287	f_ipvfhrup4o2no	pura-pural-āḍu	to be eager or desirous. DED 3518	uncontracted-comparison-candidate	puri	dedr-reflex	dedr	
d4290	f_efxd4nb2wotgi	puruḍu (in cpds. puriṭi)	id., childbirth, delivery	uncontracted-comparison-candidate	*pur-uṭu	krishnamurti-pfeiffer	dedr	
d4291	f_r32gls3jyvl3a	burada	id	uncontracted-comparison-candidate	*bur_ad-	merriam-pdr	dedr	
d4293	f_t7og56mwfckdi	pora	error, misunderstanding, duplicity, fraud	uncontracted-comparison-candidate	purai	dedr-reflex	dedr	
d4293	f_agv7mxuzgrau6	pora-paḍu	anything to go the wrong way in swallowing. DED(S) 3522	uncontracted-comparison-candidate	purai	dedr-reflex	dedr	
d4293	f_vmjgctss5etci	pora-baḍu	anything to go the wrong way in swallowing. DED(S) 3522	uncontracted-comparison-candidate	purai	dedr-reflex	dedr	
d4293	f_qvc3mqfl3ph54	porapōvu	anything to go the wrong way in swallowing. DED(S) 3522	uncontracted-comparison-candidate	purai	dedr-reflex	dedr	
d4295	f_e4fmhikdgq7re	pora	layer, film, membrane, skin, stratum, fold, cataract, cast skin of snake	uncontracted-comparison-candidate	*por-ay	krishnamurti-pfeiffer	dedr	
d4295	f_i44t2znlfnedw	poraṭa	page, (K. also) layer	uncontracted-comparison-candidate	*por-ay	krishnamurti-pfeiffer	dedr	
d4300	f_3ac3aezxasvck	pulu	grass	uncontracted-comparison-candidate	*pul	krishnamurti-pfeiffer	dedr	
d4303	f_2vr476qybfwvs	polamu	field, place of cultivated land	uncontracted-comparison-candidate	*pol-am	krishnamurti-pfeiffer	dedr	
d4303	f_hxjkiz454ybma	polamari	cultivator	uncontracted-comparison-candidate	*pol-am	krishnamurti-pfeiffer	dedr	
d4304	f_3skuwsybevlsy	palumu	to lament	uncontracted-comparison-candidate	*pol-	merriam-pdr	dedr;K-Telugu;K-also-Telugu	
d4304	f_nc7u6manojmgi	palavu	to lament	uncontracted-comparison-candidate	*pol-	merriam-pdr	dedr;K-Telugu;K-also-Telugu	
d4304	f_mfib2646w3gfe	palumu	to prattle; prattle	uncontracted-comparison-candidate	*pol-	merriam-pdr	dedr	noun
d4304	f_ffplqq5zytdcu	palavu	to talk in sleep	uncontracted-comparison-candidate	*pol-	merriam-pdr	dedr	
d4304	f_6xjcodgtxuyue	palavincu	to talk in sleep	uncontracted-comparison-candidate	*pol-	merriam-pdr	dedr	
d4304	f_7npn47sqcvdmw	palavarincu	to talk in sleep	uncontracted-comparison-candidate	*pol-	merriam-pdr	dedr	
d4304	f_sdrhgouotj3mc	paluvarincu	to talk in sleep	uncontracted-comparison-candidate	*pol-	merriam-pdr	dedr	
d4304	f_qg4xgjkx4d6ga	palavaramu	talking in sleep (or with 3887 Ta.paṇi)	uncontracted-comparison-candidate	*pol-	merriam-pdr	dedr	
d4304	f_xffqy34auerza	palavarinta	talking in sleep (or with 3887 Ta.paṇi)	uncontracted-comparison-candidate	*pol-	merriam-pdr	dedr	
d4304	f_voldjw7rmhn62	palavarimpu	talking in sleep (or with 3887 Ta.paṇi)	uncontracted-comparison-candidate	*pol-	merriam-pdr	dedr	
d4306	f_byjqmsmgeoase	pula-maddi	id. DEDS 703	uncontracted-comparison-candidate	pulavai	dedr-reflex	dedr	
d4306	f_pwvluygd3s754	puligi	id. DEDS 703	uncontracted-comparison-candidate	pulavai	dedr-reflex	dedr	
d4307	f_6x2wc5l7x6mu4	puli	id	uncontracted-comparison-candidate	*pul-i	krishnamurti-pfeiffer	dedr	
d4307	f_znh6hlrkey6ji	ciṟuta puli	leopard, cheetah	uncontracted-comparison-candidate	*pul-i	krishnamurti-pfeiffer	dedr	
d4310	f_k54exon5ediha	pula	yellowish	uncontracted-comparison-candidate	pul	dedr-reflex	dedr	
d4312	f_7u54tqu4dtt5q	purugu	worm, any insect or reptile, snake	uncontracted-comparison-candidate	*puẓ-u	krishnamurti-pfeiffer	dedr	
d4312	f_7pjgouimyggc6	puruvu	worm, any insect or reptile, snake	uncontracted-comparison-candidate	*puẓ-u	krishnamurti-pfeiffer	dedr	
d4312	f_vpsp47wizynhc	pruvvu	worm, any insect or reptile, snake	initial-apical-or-cluster;initial-cluster	*puẓ-u	krishnamurti-pfeiffer	dedr	
d4312	f_4aeozp6sxs63y	pruccu	to rot, be putrefied, decay	initial-apical-or-cluster;initial-cluster	*puẓ-u	krishnamurti-pfeiffer	dedr	
d4312	f_fgqdccak2efbk	pruppi	rottenness, decay	initial-apical-or-cluster;initial-cluster	*puẓ-u	krishnamurti-pfeiffer	dedr	
d4312	f_xsjbat3blc2es	pruŋguḍu	leucoderma	initial-apical-or-cluster;initial-cluster	*puẓ-u	krishnamurti-pfeiffer	dedr;K-Telugu	
d4315	f_amd35axnorf7o	pulagamu	rice boiled with green dal (? &lt; Skt)	uncontracted-comparison-candidate	*pūẓ-	merriam-pdr	dedr	
d4319	f_bzusrbv36qcka	pulūgu	id. DED 3544	uncontracted-comparison-candidate	puḷ	dedr-reflex	dedr	
d4320	f_ecyxl6q7z52r4	polayu	to wander, move about. DED(S) 3545	uncontracted-comparison-candidate	puḷayuka	dedr-reflex	dedr	
d4322	f_ddmdznjpbcgak	puli	sour, acid	uncontracted-comparison-candidate	*puḷ-	krishnamurti-pfeiffer	dedr	
d4322	f_7rpcyg3kwamls	puliyu	to become sour, ferment	uncontracted-comparison-candidate	*puḷ-	krishnamurti-pfeiffer	dedr	
d4322	f_ml3dwrphnrznw	pulusu	acidity, sourness, juice of tamarinds; sour, acid	uncontracted-comparison-candidate	*puḷ-	krishnamurti-pfeiffer	dedr	
d4322	f_zcbb3tgmefbxc	pulupu	acidity, sourness, juice of tamarinds; sour, acid	uncontracted-comparison-candidate	*puḷ-	krishnamurti-pfeiffer	dedr;K-Telugu;K-also-Telugu	
d4322	f_ag3k7dwmmlj3o	pulupa	an acid dish made of various edible roots	uncontracted-comparison-candidate	*puḷ-	krishnamurti-pfeiffer	dedr	
d4331	f_cpj7rb6p4ekqk	buruḍā	lie	uncontracted-comparison-candidate	piruṭai	dedr-reflex	dedr	
d4331	f_xpfqqcsrhxywe	buriḍī	id., deceit	uncontracted-comparison-candidate	piruṭai	dedr-reflex	dedr;K-Telugu	
d4332	f_vrl2wcsfphbfm	puṟiya	skull	uncontracted-comparison-candidate	*puṯ-V	krishnamurti-pfeiffer	dedr	
d4333	f_izrvyfj5nabx6	peṟa	foreign, other, different	uncontracted-comparison-candidate	puṟam	dedr-reflex	dedr	
d4343	f_vxs4jtd4j2x4u	sura-ponna	<i>C. longifolium.</i>	uncontracted-comparison-candidate	puṉṉai	dedr-reflex	dedr	
d4343	f_xh52rnalfcoum	sura-punnāgamu	<i>C. longifolium.</i>	uncontracted-comparison-candidate	puṉṉai	dedr-reflex	dedr	
d4344	f_si3vzuq6lvhno	polamu	track, trace	uncontracted-comparison-candidate	*pun-	merriam-pdr	dedr	
d4344	f_moodpzphylbiq	polamari	one who knows a clue	uncontracted-comparison-candidate	*pun-	merriam-pdr	dedr	
d4344	f_bxbbvty5mnbuc	polakuva	trace, track	uncontracted-comparison-candidate	*pun-	merriam-pdr	dedr	
d4344	f_owije342orepq	pulugu	mark or sign, trace, track, clue	uncontracted-comparison-candidate	*pun-	merriam-pdr	dedr	
d4344	f_hqdrezn6mfnvy	pulapoḍucu	to gaze, stare. DED (S, N) 3563	uncontracted-comparison-candidate	*pun-	merriam-pdr	dedr	
d4367	f_p6xoo72d5chdc	puri	peacock's tail	uncontracted-comparison-candidate	*pur-/pūr-i-l	krishnamurti-pfeiffer	dedr	
d4374	f_4euco6wu35rym	puriḍi-piṭṭa	quail	uncontracted-comparison-candidate	pūṛ̆	dedr-reflex	dedr	
d4386	f_qqrppusvmx4rw	peṭapeṭa	crackling	uncontracted-comparison-candidate	*peḍ-	merriam-pdr	dedr	
d4386	f_fea6icrlrepjw	peṭapeṭal-āḍu	to crackle	uncontracted-comparison-candidate	*peḍ-	merriam-pdr	dedr	
d4386	f_hdkqpgqt6ze5q	peṭulu	to break, crack, burst, split, open in chinks	uncontracted-comparison-candidate	*peḍ-	merriam-pdr	dedr	
d4386	f_47f2i2ylpjtlo	peḍulu	to break, crack, burst, split, open in chinks	uncontracted-comparison-candidate	*peḍ-	merriam-pdr	dedr	
d4386	f_2c6ehtpintasq	peṭilu	to break, crack, burst, split, open in chinks	uncontracted-comparison-candidate	*peḍ-	merriam-pdr	dedr;K-Telugu;K-also-Telugu	
d4392	f_l5bze2hjno3ws	peṭuku	unpleasant, disagreeable, rough, stiff, inflexible, discourteous, uncivil; unpleasantness	uncontracted-comparison-candidate	veṭṭaṉavu	dedr-reflex	dedr	
d4392	f_uzvg7cqmarzgq	beḍāda	trouble, ado, complication	uncontracted-comparison-candidate	veṭṭaṉavu	dedr-reflex	dedr	
d4392	f_zjcg67zfnahao	beḍidamu	severity, harsh language; severe, harsh, much	uncontracted-comparison-candidate	veṭṭaṉavu	dedr-reflex	dedr	
d4392	f_tq2liw6avtuei	beḍiyu	to have a difference or misunderstanding, be on bad terms	uncontracted-comparison-candidate	veṭṭaṉavu	dedr-reflex	dedr	
d4411	f_syaltefs3d7ny	perugu	to grow, grow up, increase, accumulate, be augmented, expand, extend	uncontracted-comparison-candidate	*per-V-	krishnamurti-pfeiffer	dedr	
d4411	f_eiuwpa45kl64e	peru&lt	to grow, grow up, increase, accumulate, be augmented, expand, extend	uncontracted-comparison-candidate	*per-V-	krishnamurti-pfeiffer	dedr	
d4411	f_6lfgqxmrj37ju	perime	greatness, power, authority	uncontracted-comparison-candidate	*per-V-	krishnamurti-pfeiffer	dedr	
d4411	f_yelgqimxkgo3k	peluca	much, exceeding	uncontracted-comparison-candidate	*per-V-	krishnamurti-pfeiffer	dedr	
d4411	f_whp7e2w5q2ceq	pelucana	greatness, excessiveness	uncontracted-comparison-candidate	*per-V-	krishnamurti-pfeiffer	dedr	
d4412	f_czl4f7h3rkjmo	pera	honeycomb, beehive	uncontracted-comparison-candidate	*per-	merriam-pdr	dedr	
d4412	f_wye3qqogpwyao	perayī̃ga	a kind of honey bee (forī˜ga, see 533)	uncontracted-comparison-candidate	*per-	merriam-pdr	dedr	
d4414	f_334fucx52xon6	perugu	to break or snap, as a (marriage) thread	uncontracted-comparison-candidate	*ber-	merriam-pdr	dedr	
d4415	f_awq4wpx7gjiko	poraka	broom, broom-twig, straw	uncontracted-comparison-candidate	perukku	dedr-reflex	dedr	
d4417	f_46kgpqkj7ruea	beraḍu	bark, rind, shell	uncontracted-comparison-candidate	**perV	krishnamurti-pfeiffer	dedr	
d4417	f_ebloizo7wgxlg	baraḍu	bark of a tree	uncontracted-comparison-candidate	**perV	krishnamurti-pfeiffer	dedr	
d4419	f_5saipq43l2r2g	pelukuṟu	to fear, be alarmed	uncontracted-comparison-candidate	*pēẓ-	merriam-pdr	dedr	
d4420	f_unxbxwnnngxnu	beḷa-guvva	ring-dove. DED 3620	uncontracted-comparison-candidate	beḷava	dedr-reflex	dedr	
d4420	f_fgbmn6lv4emna	beḷava	ring-dove. DED 3620	uncontracted-comparison-candidate	beḷava	dedr-reflex	dedr	
d4422	f_zfk3umepopavs	perayu	to obtain	uncontracted-comparison-candidate	*ped_-	merriam-pdr	dedr;K-Telugu	
d4423	f_d3nda5xggzeha	peṟuku	to pull out, pluck up, uproot, tear up by the roots or from the foundation	uncontracted-comparison-candidate	*peṯ- / *peṯ-t-	krishnamurti-pfeiffer	dedr;K-Telugu	
d4423	f_pl4j23vkksxfi	peruku	to pull out, pluck up, uproot, tear up by the roots or from the foundation	uncontracted-comparison-candidate	*peṯ- / *peṯ-t-	krishnamurti-pfeiffer	dedr;K-Telugu	
d4425	f_tnmqk4uzzams2	peṟugu	to swell, rise. DED 3624	uncontracted-comparison-candidate	peṟṟam	dedr-reflex	dedr	
d4430	f_aut5iyanb75hq	prēlu	to prattle, chatter, talk nonsense	initial-apical-or-cluster;initial-cluster	*pēc-	krishnamurti-pfeiffer	dedr	
d4430	f_xn3ahugfzz6mq	prēlari	a prattler	initial-apical-or-cluster;initial-cluster	*pēc-	krishnamurti-pfeiffer	dedr	
d4446	f_3tlfoldv6qbey	peṟikāṭamu	carrying grain on bullocks	uncontracted-comparison-candidate	*pēd_- (*-r_-)	merriam-pdr	dedr	
d4446	f_yrks2j4g33as4	peṟika	a large sack or bag, (K.) a bullock which carries loads	uncontracted-comparison-candidate	*pēd_- (*-r_-)	merriam-pdr	dedr	
d4446	f_emi24lyzvvnzg	peṟuku	to carry loads	uncontracted-comparison-candidate	*pēd_- (*-r_-)	merriam-pdr	dedr;K-Telugu	
d4480	f_klbatdttqqodw	pola	id	uncontracted-comparison-candidate	poḍasɯ	dedr-reflex	dedr	
d4480	f_qbbeg45cyeki4	polasu	id	uncontracted-comparison-candidate	poḍasɯ	dedr-reflex	dedr	
d4480	f_qkarbv45eiso2	polusu	id	uncontracted-comparison-candidate	poḍasɯ	dedr-reflex	dedr	
d4481	f_jmqtqwjqqtxoq	poḍi	powder, dust, flour, meal; powdery, loose	uncontracted-comparison-candidate	poṭi	dedr-reflex	dedr	
d4482	f_7dmpfobneph6e	poḍatencu	to rise, come up	uncontracted-comparison-candidate	*poḍ-	merriam-pdr	dedr	
d4482	f_xgym7fsphcodq	poḍamu	to be produced, created	uncontracted-comparison-candidate	*poḍ-	merriam-pdr	dedr	
d4482	f_fm2wc3wtndmis	poḍamincu	to create	uncontracted-comparison-candidate	*poḍ-	merriam-pdr	dedr	
d4482	f_45337mppqz6ei	poḍucu	to rise (as the sun)	uncontracted-comparison-candidate	*poḍ-	merriam-pdr	dedr	
d4482	f_5346fpungnjba	poḍupu	rising (as of the sun)	uncontracted-comparison-candidate	*poḍ-	merriam-pdr	dedr	
d4484	f_44nsbvcdlvtbe	poḍugu	height, tallness, length; high, tall, long	uncontracted-comparison-candidate	*pòḍ-	merriam-pdr	dedr	
d4484	f_yjzyqsqihn4uk	poḍuvu	height, tallness, length; high, tall, long	uncontracted-comparison-candidate	*pòḍ-	merriam-pdr	dedr	
d4484	f_ujxrbwsa3t6ky	poḍavu	height, tallness, length; high, tall, long	uncontracted-comparison-candidate	*pòḍ-	merriam-pdr	dedr	
d4484	f_tvm3rw7qiu2e4	poḍugu	to grow lofty, increase	uncontracted-comparison-candidate	*pòḍ-	merriam-pdr	dedr;K-Telugu	
d4484	f_d5r3e6zp7cowy	poḍigincu	to lengthen, heighten, raise, promote, increase	uncontracted-comparison-candidate	*pòḍ-	merriam-pdr	dedr	
d4493	f_2icgg4xcskftg	boṭa vrēlu	thumb, big toe	uncontracted-comparison-candidate	*poṭṭ-	krishnamurti-pfeiffer	dedr	
d4493	f_bbsrzwwwz3mko	boṭana vrēlu	thumb, big toe	uncontracted-comparison-candidate	*poṭṭ-	krishnamurti-pfeiffer	dedr	
d4496	f_beqhj3h3lkem2	poṭamarincu	to rise or swell up, as a boil	uncontracted-comparison-candidate	*poṭ-	merriam-pdr	dedr	
d4537	f_3ru7eesgwd3am	proyi	oven, stove, hearth	initial-apical-or-cluster;initial-cluster	**porVccV	krishnamurti-pfeiffer	dedr	
d4537	f_alslnjparpqqy	proyyi	oven, stove, hearth	initial-apical-or-cluster;initial-cluster	**porVccV	krishnamurti-pfeiffer	dedr	
d4537	f_kdqkrzjbzeccs	borugulu	fried or parched rice	uncontracted-comparison-candidate	**porVccV	krishnamurti-pfeiffer	dedr	pl
d4537	f_z325tez7nfe4g	boruvulu	fried or parched rice	uncontracted-comparison-candidate	**porVccV	krishnamurti-pfeiffer	dedr	pl
d4540	f_q2cjjgihkn2oq	puruḍincu	to vie with, emulate	uncontracted-comparison-candidate	*pōr	krishnamurti-pfeiffer	dedr	
d4540	f_eyq2ltupfoxp6	puruṇincu	to vie with, emulate	uncontracted-comparison-candidate	*pōr	krishnamurti-pfeiffer	dedr	
d4541	f_mlrwuvs6sf4ya	porayu	to occur, feel, get, obtain	uncontracted-comparison-candidate	*por-	merriam-pdr	dedr	
d4541	f_hywywgdflfk7w	porugu	neighbourhood	uncontracted-comparison-candidate	*por-	merriam-pdr	dedr	
d4541	f_q6lgrvwrbc6jk	poruvu	neighbourhood	uncontracted-comparison-candidate	*por-	merriam-pdr	dedr	
d4544	f_tcdji4zxznkm4	purulu	wealth, honour, nature, valour, beauty	uncontracted-comparison-candidate	poruḷ	dedr-reflex	dedr	
d4545	f_tm4y4odxa5fg4	prō̃gu	ear-ring; (comm. by M. Kandappa Chetty). DEDS (N) 740	initial-apical-or-cluster;initial-cluster	*porc-	merriam-pdr	dedr	
d4547	f_2lolftnhxfm72	pulu	blemish or flaw (as in precious stone)	uncontracted-comparison-candidate	*pul-V-	krishnamurti-pfeiffer	dedr	
d4548	f_7efw2uzvqunvo	polamu	manner, mode. DED 3715	uncontracted-comparison-candidate	polabu	dedr-reflex	dedr	
d4548	f_k4smq23aa5a66	polupu	manner, mode. DED 3715	uncontracted-comparison-candidate	polabu	dedr-reflex	dedr	
d4549	f_dux26vtgpuqme	pulumu	to rub and wash with the two hands, scour. DEDS 742	uncontracted-comparison-candidate	polampuni	dedr-reflex	dedr	
d4550	f_urk576eeimbke	poli	gain. DED(S) 3716	uncontracted-comparison-candidate	poli	dedr-reflex	dedr	
d4551	f_g5mrq2ckmcy3c	polucu	to be suitable, agreeable, beautiful, appear, seem, (K. also) shine	uncontracted-comparison-candidate	poli	dedr-reflex	dedr	
d4551	f_3imtrlg2by3ka	polupu	beauty, agreeableness	uncontracted-comparison-candidate	poli	dedr-reflex	dedr	
d4551	f_jvxx7cwvfm64o	polāti	woman	uncontracted-comparison-candidate	poli	dedr-reflex	dedr	
d4551	f_2tzkrlxclrkhk	polātuka	woman	uncontracted-comparison-candidate	poli	dedr-reflex	dedr	
d4552	f_zbrymoqdkszaa	pola	flesh, smell of flesh	uncontracted-comparison-candidate	pulai	dedr-reflex	dedr	
d4552	f_whrrphqp2tvnw	polasu	flesh, smell of flesh	uncontracted-comparison-candidate	pulai	dedr-reflex	dedr	
d4555	f_kziszm7hwafvi	prōlu	city	initial-apical-or-cluster;initial-cluster	poṛ̆al	dedr-reflex	dedr	
d4555	f_wcautegmjcbds	pṛ̆ōl	city	initial-apical-or-cluster;initial-cluster	poṛ̆al	dedr-reflex	dedr	
d4555	f_dwxrztgkvqjsa	pṛ̆ōlu	city	initial-apical-or-cluster;initial-cluster	poṛ̆al	dedr-reflex	dedr	
d4559	f_zuzesjd7nkk44	proddu	sun, time, day, morning	initial-apical-or-cluster;initial-cluster	*ap-pōẓ	krishnamurti-pfeiffer	dedr	
d4560	f_zqokpu4w2nh5e	poḍucu	to pierce, prick, stab, thrust, gore, bore, perforate	uncontracted-comparison-candidate	*poḷ-	merriam-pdr	dedr	
d4560	f_iglu7yobhz7mg	poḍupu	piercing, thrusting	uncontracted-comparison-candidate	*poḷ-	merriam-pdr	dedr	
d4566	f_t5bwsaovkscue	poṟaḍu	humpback. DEDS 745	uncontracted-comparison-candidate	horaḍu	dedr-reflex	dedr	
d4571	f_sru4tp4gzqjum	poliyu	to die, be destroyed or spoiled	uncontracted-comparison-candidate	**polV-	krishnamurti-pfeiffer	dedr	
d4571	f_cg5ox6uqfwbny	poliyincu	to kill	uncontracted-comparison-candidate	**polV-	krishnamurti-pfeiffer	dedr	
d4571	f_pgu5t3rh4rmoo	poliyika	death, destruction	uncontracted-comparison-candidate	**polV-	krishnamurti-pfeiffer	dedr	
d4591	f_7sdnwuz6xvvro	prōka	heap, collection	initial-apical-or-cluster;initial-cluster	*pōr-	merriam-pdr	dedr	
d4591	f_en7ftxqquk6iw	prōgu	heap, collection	initial-apical-or-cluster;initial-cluster	*pōr-	merriam-pdr	dedr	
d4599	f_touc7knyckgvy	prō̃ju	to split into filaments, draw out in threads	initial-apical-or-cluster;initial-cluster	*pōẓ-	merriam-pdr	dedr	
d4599	f_3bhnvnrn3loau	prō̃gu	thread, string, one strand in a cord	initial-apical-or-cluster;initial-cluster	*pōẓ-	merriam-pdr	dedr	
d4604	f_5jhqcuygoiysi	boṟiya	hole, burrow, hollow, pit	uncontracted-comparison-candidate	*bor_-	merriam-pdr	dedr	
d4608	f_v44qh6ew3bahg	prāmu	to rub, smear, scrub, scour	initial-apical-or-cluster;initial-cluster	prāmu	dedr-reflex	dedr	
d4645	f_bj7pdyaxdl22a	maḍuvu	to bend, be bent, be doubled, fold, be folded, turn back, return, (K. also) be submissive	uncontracted-comparison-candidate	*maḍ-	merriam-pdr	dedr	
d4645	f_nvfjtg6w2idai	maḍata	a fold, plait, crease	uncontracted-comparison-candidate	*maḍ-	merriam-pdr	dedr	
d4645	f_pqho2kcz5tqva	maḍata peṭṭu	to fold, double up, crease	uncontracted-comparison-candidate	*maḍ-	merriam-pdr	dedr	
d4645	f_d252t3otnid6y	maḍi	(so many) times	uncontracted-comparison-candidate	*maḍ-	merriam-pdr	dedr	
d4645	f_rqbkdhok4ydss	maḍupu	a fold, plait, fold or roll of betel leaf	uncontracted-comparison-candidate	*maḍ-	merriam-pdr	dedr	
d4645	f_56r3pcjpfi7dk	muḍuta	fold, doubling	uncontracted-comparison-candidate	*maḍ-	merriam-pdr	dedr	
d4647	f_m26dqlsy5voe4	maḍiyãḍu	fool	uncontracted-comparison-candidate	maṭam	dedr-reflex	dedr	
d4649	f_mhfz426v3qb7o	maḍama	id	uncontracted-comparison-candidate	maṭampu	dedr-reflex	dedr	
d4652	f_nfqrugw6vnqj2	maḍavu	to become useless, worthless, hesitate, shrink, dislike	uncontracted-comparison-candidate	*maḍ-	merriam-pdr	dedr;K-Telugu	
d4653	f_dhruk2rl6q774	maḍiyu	to die, expire, perish	uncontracted-comparison-candidate	maṭi	dedr-reflex	dedr	
d4653	f_z7k5ab46n2ars	maḍiyincu	to kill, put to death	uncontracted-comparison-candidate	maṭi	dedr-reflex	dedr	
d4654	f_3kcudi7engetk	maḍi	purity, state of being unpolluted; a pure or unpolluted cloth	uncontracted-comparison-candidate	*maṭi-vēl-	krishnamurti-pfeiffer	dedr	
d4654	f_4uac4h36lfqvg	maḍivālu	washerman	uncontracted-comparison-candidate	*maṭi-vēl-	krishnamurti-pfeiffer	dedr	
d4654	f_v773cdrtcorom	maḍivēlu	washerman	uncontracted-comparison-candidate	*maṭi-vēl-	krishnamurti-pfeiffer	dedr	
d4654	f_yctflgxjzvgwe	maḍiyālu	washerman	uncontracted-comparison-candidate	*maṭi-vēl-	krishnamurti-pfeiffer	dedr	f
d4655	f_smvcsujtcb27y	maḍi	field, garden bed	uncontracted-comparison-candidate	maḍi	dedr-reflex	dedr	
d4659	f_gobw5uius3uvc	maḍa	small opening out of a channel into a field	uncontracted-comparison-candidate	maṭai	dedr-reflex	dedr	
d4659	f_pavgb2fep6azo	maḍava	id., small dam or dike for stopping water. DED(S) 3810	uncontracted-comparison-candidate	maṭai	dedr-reflex	dedr	
d4661	f_eelmziql6ojha	moṭika	a remaining piece, remnant	uncontracted-comparison-candidate	maṭṭam	dedr-reflex	dedr	
d4680	f_osy36slypzbes	mrandu	to be consumed by fire, burn	initial-apical-or-cluster;initial-cluster	*manḍ-	merriam-pdr	dedr;K-Telugu	
d4710	f_6hy5v4gjwlj2a	mrālu	to droop, (K. also) eyes to close	initial-apical-or-cluster;initial-cluster	maramara	dedr-reflex	dedr	
d4710	f_hrtrkkmjbrvrg	mrā̃gu	to droop	initial-apical-or-cluster;initial-cluster	maramara	dedr-reflex	dedr	
d4710	f_yya3afw6sqtkm	mrā̃-gannu	half-closed eyes	initial-apical-or-cluster;initial-cluster	maramara	dedr-reflex	dedr	
d4710	f_gnoaju73csg4m	mrā̃-ganniḍu	to have the eyes half-closed	initial-apical-or-cluster;initial-cluster	maramara	dedr-reflex	dedr	
d4710	f_jiqyytsihcrw4	mrā̃-gannu-vaḍu	to have the eyes half-closed	initial-apical-or-cluster;initial-cluster	maramara	dedr-reflex	dedr	
d4710	f_qlh6abvlafiis	mrā̃gannu-vēyu	to have the eyes half-closed	initial-apical-or-cluster;initial-cluster	maramara	dedr-reflex	dedr	
d4710	f_avhjvzi2ti36g	mrāncu	to close (the eyes). DED 3855	initial-apical-or-cluster;initial-cluster	maramara	dedr-reflex	dedr;K-Telugu	
d4711	f_cqc6qamwv6hmy	mrānu	tree	initial-apical-or-cluster;initial-cluster	*mar-am	krishnamurti-pfeiffer	dedr	
d4711	f_ymibz5y5h74ku	mrā̃ku	tree	initial-apical-or-cluster;initial-cluster	*mar-am	krishnamurti-pfeiffer	dedr	
d4716	f_jjj6mxexmicru	mraŋga	id	initial-apical-or-cluster;initial-cluster	marukkārai	dedr-reflex	dedr	
d4722	f_my7vsvp2ymh4c	maragu	to become familiar with, be accustomed to, be addicted or given to, take to, acquire a strong liking or taste for, love, desire, wish, (K. also) learn	uncontracted-comparison-candidate	**maṭV-	krishnamurti-pfeiffer	dedr	
d4722	f_63vbe27qwn474	marāgu	to become familiar with, be accustomed to, be addicted or given to, take to, acquire a strong liking or taste for, love, desire, wish, (K. also) learn	uncontracted-comparison-candidate	**maṭV-	krishnamurti-pfeiffer	dedr;K-Telugu;K-also-Telugu	
d4722	f_6yomsm2e7jgsg	marugu	to become familiar with, be accustomed to, be addicted or given to, take to, acquire a strong liking or taste for, love, desire, wish, (K. also) learn	uncontracted-comparison-candidate	**maṭV-	krishnamurti-pfeiffer	dedr;K-Telugu;K-also-Telugu	
d4722	f_sx7b7a6gqobf4	marapu	to accustom to, familiarize with, create a strong liking or taste for, train, break in, (K. also) teach	uncontracted-comparison-candidate	**maṭV-	krishnamurti-pfeiffer	dedr	
d4722	f_wdaliakgaum3a	marupu	to accustom to, familiarize with, create a strong liking or taste for, train, break in, (K. also) teach	uncontracted-comparison-candidate	**maṭV-	krishnamurti-pfeiffer	dedr;K-Telugu;K-also-Telugu	
d4723	f_3nab36gzdssr6	marulu	love, passion, desire, lust; an evil spirit	uncontracted-comparison-candidate	maruḷ	dedr-reflex	dedr	
d4723	f_4mymbfw2ze3b2	marulu-konu	to fall in love	uncontracted-comparison-candidate	maruḷ	dedr-reflex	dedr	
d4723	f_x5ccswkkuawki	marulukolupu	to enamour, captivate, charm, inflame with love	uncontracted-comparison-candidate	maruḷ	dedr-reflex	dedr	
d4723	f_ddvm44ymtadfk	arulumarulu	dotage, the childishness of old age	uncontracted-comparison-candidate	maruḷ	dedr-reflex	dedr	
d4725	f_j6xw2xsxbltew	mara	anything of a spiral form, spiral, screw	uncontracted-comparison-candidate	marai	dedr-reflex	dedr	
d4725	f_wtmbb727zffck	mara-cuṭṭu	screw	uncontracted-comparison-candidate	marai	dedr-reflex	dedr	
d4725	f_miyp4jjvrdoy6	mara-mēku	screw	uncontracted-comparison-candidate	marai	dedr-reflex	dedr	
d4728	f_wvu3wftw2bels	mrabbu	cloud	initial-apical-or-cluster;initial-cluster	mappu	dedr-reflex	dedr	
d4729	f_htxxpq7rr63oc	malayu	(Śank. K.) to spread, (B.) rejoice, be pleased, eager, delighted, shine, be splendid, unfold, display	uncontracted-comparison-candidate	mal	dedr-reflex	dedr	
d4729	f_7o3mqupg5y6ls	malucamu	superior, fine	uncontracted-comparison-candidate	mal	dedr-reflex	dedr	
d4732	f_zrrhpopxgfnis	malu	next, second. DED 3872	uncontracted-comparison-candidate	mala	dedr-reflex	dedr	
d4734	f_r57m7wrt7sbwq	malapu	id	uncontracted-comparison-candidate	*mal-	merriam-pdr	dedr	tr
d4734	f_pgeswp4ctncju	mala-gonu	to be twisted	uncontracted-comparison-candidate	*mal-	merriam-pdr	dedr	
d4734	f_5jmps5pt4ppfu	malayu	id., wander, roam	uncontracted-comparison-candidate	*mal-	merriam-pdr	dedr	
d4734	f_33afbo6blzffa	malāka	a twist, curved line, crookedness, spiral	uncontracted-comparison-candidate	*mal-	merriam-pdr	dedr	
d4734	f_dxmihckde2rwk	maluku	a turn, twist, fold, slip-knot	uncontracted-comparison-candidate	*mal-	merriam-pdr	dedr	
d4734	f_lmnf4ayhmm6n2	malugu	a turning	uncontracted-comparison-candidate	*mal-	merriam-pdr	dedr	
d4734	f_bqu37h6zbhsne	maluvu	a turning	uncontracted-comparison-candidate	*mal-	merriam-pdr	dedr	
d4736	f_6ov5lxspoetl6	malayu	to be distressed, grieve	uncontracted-comparison-candidate	*mal-	merriam-pdr	dedr;K-Telugu	
d4737	f_oi32qky25xxiq	maluga	a kind of eel	uncontracted-comparison-candidate	*malaŋ-	merriam-pdr	dedr;B-Telugu	
d4741	f_kibt53dirfrc2	malayu	to rage, (K. also) wrestle, fight	uncontracted-comparison-candidate	malai	dedr-reflex	dedr	
d4742	f_ts65c3zygk42y	mala	mountain	uncontracted-comparison-candidate	*màl-	merriam-pdr	dedr	
d4743	f_epd66c3erelvc	malayu	to appear, happen, be. DED 3883	uncontracted-comparison-candidate	*mal- (?)	merriam-pdr	dedr;K-Telugu	
d4744	f_oh62yasb3ijm6	malaka	dish	uncontracted-comparison-candidate	mallam	dedr-reflex	dedr	
d4750	f_qubbupqrnim6g	mraggu	to die, perish	initial-apical-or-cluster;initial-cluster	**maẓVkV	krishnamurti-pfeiffer	dedr	
d4750	f_xrwtk7qdnczyu	mrakku	to fade, lose shining or lustre, die; dirtiness, foulness	initial-apical-or-cluster;initial-cluster	**maẓVkV	krishnamurti-pfeiffer	dedr	noun
d4757	f_s74m7xovida5u	maḷiga	wholesale grocer's shop, warehouse	uncontracted-comparison-candidate	maḷikai	dedr-reflex	dedr	
d4758	f_l6xvovlue4u6a	malucu	to make, fashion	uncontracted-comparison-candidate	maḷpuni	dedr-reflex	dedr;K-Telugu	
d4758	f_neivyqgn4kvnk	malucu	to engrave, carve	uncontracted-comparison-candidate	maḷpuni	dedr-reflex	dedr;K-Telugu	
d4760	f_ira6uzmd4liym	maṟacu	to forget	uncontracted-comparison-candidate	*maṯ-V-	krishnamurti-pfeiffer	dedr	
d4760	f_n4pi6abajklug	maṟapu	to cause to confuse	uncontracted-comparison-candidate	*maṯ-V-	krishnamurti-pfeiffer	dedr;K-Telugu	
d4760	f_6etfncbqv3tmc	maṟapincu	to cause to forget	uncontracted-comparison-candidate	*maṯ-V-	krishnamurti-pfeiffer	dedr	
d4760	f_warkdf3h7ljeq	maṟakuva	ignorance, forgetfulness	uncontracted-comparison-candidate	*maṯ-V-	krishnamurti-pfeiffer	dedr	
d4760	f_uivtddlaz2itk	maṟapu	ignorance, forgetfulness	uncontracted-comparison-candidate	*maṯ-V-	krishnamurti-pfeiffer	dedr	
d4760	f_6vygbqzong3ve	maṟukuva	forgetfulness	uncontracted-comparison-candidate	*maṯ-V-	krishnamurti-pfeiffer	dedr	
d4760	f_jfcymk6oq5cqg	maṟu-paḍu	to be hidden, disappear, vanish	uncontracted-comparison-candidate	*maṯ-V-	krishnamurti-pfeiffer	dedr	
d4760	f_2cbwy23nb5dce	maṟuvu	concealment, cover, shelter, retreat	uncontracted-comparison-candidate	*maṯ-V-	krishnamurti-pfeiffer	dedr	
d4761	f_32xaddq3ui6zg	mara	joint, hinge, spring, catch, contrivance	uncontracted-comparison-candidate	maṟaŋku	dedr-reflex	dedr	
d4761	f_sfbpnfjwehpiq	maṟalu	to turn back, go or come back, return	uncontracted-comparison-candidate	maṟaŋku	dedr-reflex	dedr	
d4761	f_gwedmm4f6gpws	maralu	to turn back, go or come back, return	uncontracted-comparison-candidate	maṟaŋku	dedr-reflex	dedr	
d4761	f_of3dww3nadfvo	maṟalincu	to turn back, recall, rescind, abrogate, annul, ward off, turn, elude, evade	uncontracted-comparison-candidate	maṟaŋku	dedr-reflex	dedr	
d4761	f_h6bkkx4tjvdhi	maralincu	to turn back, recall, rescind, abrogate, annul, ward off, turn, elude, evade	uncontracted-comparison-candidate	maṟaŋku	dedr-reflex	dedr	
d4761	f_zaelgzuu2abgy	maralucu	to turn or bring back, cause to return	uncontracted-comparison-candidate	maṟaŋku	dedr-reflex	dedr	
d4761	f_cei6h7kxywxr4	maṟala	again, anew, afresh, back, in return	uncontracted-comparison-candidate	maṟaŋku	dedr-reflex	dedr	
d4761	f_22wq3y5tmbaoe	maṟalan	again, anew, afresh, back, in return	uncontracted-comparison-candidate	maṟaŋku	dedr-reflex	dedr	
d4761	f_tkb6ym5vcixwk	marala	again, anew, afresh, back, in return	uncontracted-comparison-candidate	maṟaŋku	dedr-reflex	dedr	
d4761	f_rb34gu3eplg4i	maralã-baḍu	to turn back, rebel	uncontracted-comparison-candidate	maṟaŋku	dedr-reflex	dedr	
d4761	f_lak4vfbwm3emi	maralã-bāṭu	turning back, rebelling	uncontracted-comparison-candidate	maṟaŋku	dedr-reflex	dedr	
d4761	f_zod4cxlijg2tk	mraggu	to be distressed; fall down	initial-apical-or-cluster;initial-cluster	maṟaŋku	dedr-reflex	dedr;K-Telugu	
d4761	f_dnwme76geuspu	mraŋgu	to decrease, be abated, be humbled, (K. also) fall down, perish	initial-apical-or-cluster;initial-cluster	maṟaŋku	dedr-reflex	dedr	
d4761	f_6z5eoiaabglnc	mrandu	to die, (K. also) be afflicted, be crushed, droop	initial-apical-or-cluster;initial-cluster	maṟaŋku	dedr-reflex	dedr	
d4764	f_lwy7o75zhwowc	maṟaka	a kid	uncontracted-comparison-candidate	*maṯ-i(nṯu)	krishnamurti-pfeiffer	dedr	
d4764	f_csoq6gee3qbtu	marālu	in:; granddaughter	uncontracted-comparison-candidate	*maṯ-i(nṯu)	krishnamurti-pfeiffer	dedr;burrow-emeneau1972den1[p. 413, entry 3901]	
d4766	f_ovccsk4koz674	maṟi	and, again, then, further, furthermore, still more, afterwards, after, next	uncontracted-comparison-candidate	*mad_-	merriam-pdr	dedr	
d4766	f_j46ux7z466zp6	maṟiy okaṭi	another	uncontracted-comparison-candidate	*mad_-	merriam-pdr	dedr	
d4766	f_v6qzgcj7nzpyo	maṟi maṟi	very often, still more	uncontracted-comparison-candidate	*mad_-	merriam-pdr	dedr	
d4766	f_tl7tgkzww2e2e	maṟu-nā̃ḍu	the next day, the next following day	uncontracted-comparison-candidate	*mad_-	merriam-pdr	dedr	
d4766	f_4fv2mvyebwthk	maṟusa	next, following	uncontracted-comparison-candidate	*mad_-	merriam-pdr	dedr	
d4766	f_entagrt7ygj3y	maṟu-sanja	the evening twilight	uncontracted-comparison-candidate	*mad_-	merriam-pdr	dedr	
d4766	f_fpmydfsqowc6k	maṟusaṭi	next, following	uncontracted-comparison-candidate	*mad_-	merriam-pdr	dedr	
d4767	f_h7s3iucovnbd6	maṟaka	stain, blot, spot	uncontracted-comparison-candidate	maṟu	dedr-reflex	dedr	
d4769	f_fui5yv7c7pfqm	maṟugu	to boil , (K. also) seethe, bubble; be distressed, grieve	uncontracted-comparison-candidate	maṟugu	dedr-reflex	dedr;K-Telugu;K-also-Telugu	intr
d4769	f_54sugrtaxosvy	maṟukuva	grief	uncontracted-comparison-candidate	maṟugu	dedr-reflex	dedr	
d4769	f_6gvkg6kjq74fg	marukuva	grief	uncontracted-comparison-candidate	maṟugu	dedr-reflex	dedr;K-Telugu	
d4831	f_du75bldfzoysi	malugu	to be extinguished, (K. also) be reduced, diminish (as hunger), (lamp) goes down due to lack of oil	uncontracted-comparison-candidate	māḷ	dedr-reflex	dedr	
d4831	f_eocfjgb7k274c	malupu	to extinguish, put out, destroy	uncontracted-comparison-candidate	māḷ	dedr-reflex	dedr	
d4845	f_p7i236c75ki3a	miḍikincu	to blink	uncontracted-comparison-candidate	*miḍ-	merriam-pdr	dedr;B-Telugu	
d4846	f_5ar4gcssvuo7w	miḍuku	to live, subsist	uncontracted-comparison-candidate	*minḍ-	merriam-pdr	dedr	
d4846	f_wvmdadm43m7ay	miḍi	pride; proud, haughty	uncontracted-comparison-candidate	*minḍ-	merriam-pdr	dedr	
d4847	f_rf3vfurys56yg	meḍa	neck, shoulders	uncontracted-comparison-candidate	miṭaṟu	dedr-reflex	dedr	
d4847	f_pe6efq22t5dgg	meḍa-kāya	neck	uncontracted-comparison-candidate	miṭaṟu	dedr-reflex	dedr	
d4848	f_yjhtc2dsqrrvo	miḍivillu	a pellet-bow	uncontracted-comparison-candidate	*mīṭ-	merriam-pdr	dedr	
d4848	f_jg4q37m7tzb32	miḍucu	to flick with the fingers	uncontracted-comparison-candidate	*mīṭ-	merriam-pdr	dedr;K-Telugu	
d4849	f_b7bswep7ztj7w	miḍuku	to grieve, mourn, lament, bear, endure. DED 3973	uncontracted-comparison-candidate	miṭi	dedr-reflex	dedr	
d4850	f_hzbatvkyriqoi	miḍiyu	to flash or fly off (as a chip), jump, leap forward	uncontracted-comparison-candidate	*mīnṭ-	merriam-pdr	dedr	
d4850	f_hdv6ikacgdcmq	miḍuku	id	uncontracted-comparison-candidate	*mīnṭ-	merriam-pdr	dedr;K-Telugu	
d4850	f_czpakfwmpjtfk	meḍuku	to frisk, leap	uncontracted-comparison-candidate	*mīnṭ-	merriam-pdr	dedr;K-Telugu	
d4850	f_nkurs5ld2fpmm	miḍuta	id	uncontracted-comparison-candidate	*mīnṭ-	merriam-pdr	dedr	
d4850	f_ns5zjwlrzfqvg	miḍata	id	uncontracted-comparison-candidate	*mīnṭ-	merriam-pdr	dedr	
d4852	f_qleilf5cfbkuk	miḍuku	to move, wander	uncontracted-comparison-candidate	miḍuku	dedr-reflex	dedr	
d4866	f_7dp2pr3nbysj6	mriŋgu	to swallow, devour, consume	initial-apical-or-cluster;initial-cluster	*miẓ-iŋ-	merriam-pdr	dedr	
d4871	f_rpj7b2ar3uwjc	melapu	to conduct, lead, manage; (K. also) mannerly behaviour, skill	uncontracted-comparison-candidate	miḷir	dedr-reflex	dedr	noun
d4871	f_odfdaqj2qqjym	meliyu	to be twisted	uncontracted-comparison-candidate	miḷir	dedr-reflex	dedr	
d4871	f_d4b6c5kilneg6	meli	turn, twist	uncontracted-comparison-candidate	miḷir	dedr-reflex	dedr	
d4871	f_6vs3xx7ovsqco	melike	turn, twist	uncontracted-comparison-candidate	miḷir	dedr-reflex	dedr	
d4871	f_nu7qz5gf2v77m	melayu	to wander, behave	uncontracted-comparison-candidate	miḷir	dedr-reflex	dedr;K-Telugu	
d4871	f_d6a754a6ufcze	meliyu	to wander, behave	uncontracted-comparison-candidate	miḷir	dedr-reflex	dedr;K-Telugu	
d4875	f_etwz2sphjfmhe	meṟamu	to cause pain or mortification; rankle; (K. also) pierce, stab	uncontracted-comparison-candidate	*mer_-	merriam-pdr	dedr	
d4875	f_hthccx6qkondk	meṟumu	to pierce, stab	uncontracted-comparison-candidate	*mer_-	merriam-pdr	dedr	
d4875	f_czu77q77ekvvq	meramera	rankling, fear, anxiety	uncontracted-comparison-candidate	*mer_-	merriam-pdr	dedr	
d4875	f_hpiztw5n6ifay	merameram-anu	to rankle	uncontracted-comparison-candidate	*mer_-	merriam-pdr	dedr	
d4875	f_aukferd2s3jgc	merameral-āḍu	to rankle	uncontracted-comparison-candidate	*mer_-	merriam-pdr	dedr	
d4919	f_3v2mls5tks6we	muḍuta	wrinkle, crumpling of paper	uncontracted-comparison-candidate	*muḍ-	merriam-pdr	dedr	
d4919	f_xaz2dv2v2home	muḍucu-konu	to shrink, shrivel, contract, close up	uncontracted-comparison-candidate	*muḍ-	merriam-pdr	dedr	
d4921	f_qg5q5lravw5aa	muḍi	knot, tie, joint in reed, bundle	uncontracted-comparison-candidate	*muṬ-	merriam-pdr	dedr	
d4921	f_5kbgjeghwlnz2	muḍiya	bundle, knot	uncontracted-comparison-candidate	*muṬ-	merriam-pdr	dedr	
d4921	f_4iezhfh2nyp44	muḍucu	to tie in a knot or bundle	uncontracted-comparison-candidate	*muṬ-	merriam-pdr	dedr	
d4921	f_kdrgea6yx7kqk	muḍupu	bundle of money, jewels, etc.; money or jewels promised by a vow and reserved to be offered to a god or goddess	uncontracted-comparison-candidate	*muṬ-	merriam-pdr	dedr	
d4927	f_fy4qvxaodcm4w	muḍuta	plait, coil	uncontracted-comparison-candidate	muṭai	dedr-reflex	dedr	
d4935	f_sgi3lvw6eazbo	muḍumu	knee	uncontracted-comparison-candidate	*muṭ-	merriam-pdr	dedr	
d4940	f_kswlq3jvtbe3o	muṭamu	cowdung found dried in woods. DEDS 795	uncontracted-comparison-candidate	muṭṭai	dedr-reflex	dedr	
d4971	f_bnp3imsabrzm2	moraṭu	rough, rude, unmannerly; rude man	uncontracted-comparison-candidate	*mur-	merriam-pdr	dedr	
d4971	f_s3uezebe3kksi	moraṭutanamu	rudeness, roughness	uncontracted-comparison-candidate	*mur-	merriam-pdr	dedr	
d4971	f_grid5klclsjtm	moraḍu	stump, pollard, block; hard, rough, knotty, stubborn	uncontracted-comparison-candidate	*mur-	merriam-pdr	dedr	
d4971	f_4m7lozehtllfy	morapa	stony, gravelly, pebbly	uncontracted-comparison-candidate	*mur-	merriam-pdr	dedr	
d4971	f_nqlwafkvotyoa	moramu	pebble, gravelstone	uncontracted-comparison-candidate	*mur-	merriam-pdr	dedr	
d4971	f_nwwffokx6gdb2	morasu	rough, rude	uncontracted-comparison-candidate	*mur-	merriam-pdr	dedr	
d4971	f_uiinf2gj237r2	mrōḍu	stump of tree	initial-apical-or-cluster;initial-cluster	*mur-	merriam-pdr	dedr	
d4975	f_y27lunofek45m	muri	a bit, piece	uncontracted-comparison-candidate	*mūr-	merriam-pdr	dedr	
d4975	f_qahi7u5xomv2q	muriya	a bit, piece	uncontracted-comparison-candidate	*mūr-	merriam-pdr	dedr	
d4975	f_elhpd4l7t6ukw	muri-konu	to cut	uncontracted-comparison-candidate	*mūr-	merriam-pdr	dedr	
d4975	f_4pl6t52fplnyo	muriyu	to break	uncontracted-comparison-candidate	*mūr-	merriam-pdr	dedr	
d4975	f_p5jhlgg64xjwy	bruyyu	to be destroyed, perish	initial-apical-or-cluster;initial-cluster	*mūr-	merriam-pdr	dedr	
d4975	f_jajb7pda62h54	bruŋgu	to die	initial-apical-or-cluster;initial-cluster	*mūr-	merriam-pdr	dedr	
d4975	f_mffezlqquvhqa	bruncu	to kill	initial-apical-or-cluster;initial-cluster	*mūr-	merriam-pdr	dedr;K-Telugu	
d4977	f_pc2mr3ey7mq2o	murincu	to turn	uncontracted-comparison-candidate	*mur-Vg-	merriam-pdr	dedr	tr
d4978	f_3lcek3p7tycio	murupu	beauty, loveliness, grace	uncontracted-comparison-candidate	muruku	dedr-reflex	dedr	
d4979	f_epleai32r576o	murugu	bracelet, bangle	uncontracted-comparison-candidate	*mur-(u)g-	merriam-pdr	dedr	
d4979	f_5ipr2qcqex54w	muruvu	bracelet, bangle	uncontracted-comparison-candidate	*mur-(u)g-	merriam-pdr	dedr	
d4986	f_6fdppxtbru7ku	mola	waist, middle	uncontracted-comparison-candidate	*mòl-	merriam-pdr	dedr	
d4986	f_6ysrps6lklc4q	malugu	small of the back above the loins	uncontracted-comparison-candidate	*mòl-	merriam-pdr	dedr	
d4986	f_sqfa6652yyih6	malumu	small of the back above the loins	uncontracted-comparison-candidate	*mòl-	merriam-pdr	dedr	
d4989	f_twf5mh5yknqce	mrō̃gu	to sound (or with 4973 Ta.mural); mrō̃guḍu, mrō̃tasound	initial-apical-or-cluster;initial-cluster	*moẓ-V-	krishnamurti-pfeiffer	dedr	
d4989	f_g2rkycbkrvwei	mrōyu	to sound (or with 4973 Ta.mural); mrō̃guḍu, mrō̃tasound	initial-apical-or-cluster;initial-cluster	*moẓ-V-	krishnamurti-pfeiffer	dedr	
d4989	f_ynegemv2sciz4	mrōvu	to sound (or with 4973 Ta.mural); mrō̃guḍu, mrō̃tasound	initial-apical-or-cluster;initial-cluster	*moẓ-V-	krishnamurti-pfeiffer	dedr	
d4991	f_w35hgu5dn26es	muḍi	a quarrel. DED(S) 4094	uncontracted-comparison-candidate	muṛ̆i	dedr-reflex	dedr	
d4993	f_d2g74plrs2woe	bruŋgu	to sink, be hidden	initial-apical-or-cluster;initial-cluster	*muẓ-u-nk	krishnamurti-pfeiffer	dedr	
d4993	f_w3lgazv2wdzr2	bruncu	to sink, drown	initial-apical-or-cluster;initial-cluster	*muẓ-u-nk	krishnamurti-pfeiffer	dedr	tr
d4995	f_xstkb3whgnxjw	mulu	thorn, prick, prickle, the hand, pointer, needle, spur	uncontracted-comparison-candidate	muḷ	dedr-reflex	dedr	
d4995	f_tf46qbny3jjg6	muliki	arrow, arrowhead, iron point of a goad, peg of a spinning top	uncontracted-comparison-candidate	muḷ	dedr-reflex	dedr	
d4997	f_tur5gdgdcvqgo	molaka	germ, sprout shoot; young	uncontracted-comparison-candidate	*mol-	merriam-pdr	dedr	
d4997	f_sq4fckfaofpvo	molakettu	to sprout, germinate, shoot, bud, grow	uncontracted-comparison-candidate	*mol-	merriam-pdr	dedr	
d4997	f_kvqcwfa4brykc	molacu	to sprout, germinate, shoot, bud, grow	uncontracted-comparison-candidate	*mol-	merriam-pdr	dedr	
d4997	f_gram7qbds3apg	molucu	to sprout, germinate, shoot, bud, grow	uncontracted-comparison-candidate	*mol-	merriam-pdr	dedr	
d4997	f_uq7jspzs53qpa	molatencu	to sprout, germinate, shoot, bud, grow	uncontracted-comparison-candidate	*mol-	merriam-pdr	dedr	
d4997	f_3y3je7kesstqg	molapincu	to cause to sprout, grow	uncontracted-comparison-candidate	*mol-	merriam-pdr	dedr	
d4997	f_bqjrmv6c4u4zi	molava	sprout	uncontracted-comparison-candidate	*mol-	merriam-pdr	dedr	
d4998	f_fg7knajwenxai	mola	pin, nail, spike	uncontracted-comparison-candidate	muḷai	dedr-reflex	dedr	
d4999	f_v43hdlajr2njw	molaka	id. DED 4102	uncontracted-comparison-candidate	muḷai	dedr-reflex	dedr	
d5005	f_prj7zkgie573e	morīṭe	small winnowing basket	uncontracted-comparison-candidate	muṟam	dedr-reflex	dedr	
d5006	f_egybjwitcipxa	morali	Sponia orientalis	uncontracted-comparison-candidate	muṟaḷai	dedr-reflex	dedr	
d5007	f_7duona3haiqmw	muṟiki	dirt, filth, impurity; dirty, foul	uncontracted-comparison-candidate	*mūr_-	merriam-pdr	dedr	
d5007	f_7x3l37wmbo4x6	muṟugu	to become putrid, rotten or rancid	uncontracted-comparison-candidate	*mūr_-	merriam-pdr	dedr	
d5007	f_dcisehtnly34y	mrukku	to spoil, become mouldy or musty, mould	initial-apical-or-cluster;initial-cluster	*mūr_-	merriam-pdr	dedr;K-Telugu;K-also-Telugu	
d5007	f_7s57h4cwrljpc	mrukka	spoiled, mouldy, musty	initial-apical-or-cluster;initial-cluster	*mūr_-	merriam-pdr	dedr	
d5008	f_vpxnw3skocrpe	muṟiyu	to be broken, severed; piece, crumb	uncontracted-comparison-candidate	muṟi	dedr-reflex	dedr;K-Telugu	noun
d5008	f_erkzm5ussaowa	muṟugu	to be crushed	uncontracted-comparison-candidate	muṟi	dedr-reflex	dedr;K-Telugu	
d5011	f_ukawxuk6ke3hc	muriyu	to exult, be in great glee, walk affectedly and gracefully, (K. also) be proud	uncontracted-comparison-candidate	muṟukku	dedr-reflex	dedr	
d5011	f_754jd2bz5jh26	muṟiyu	to exult, be in great glee, walk affectedly and gracefully, (K. also) be proud	uncontracted-comparison-candidate	muṟukku	dedr-reflex	dedr;K-Telugu;K-also-Telugu	
d5011	f_rnzoghn23547y	murikā̃ḍu	a proud or conceited man	uncontracted-comparison-candidate	muṟukku	dedr-reflex	dedr	
d5011	f_6vp7dfwpavabe	muripamu	graceful affectation in gait, pride, arrogance, haughtiness; pride arising from conscious beauty, coquetry, caressing fondling, coaxing	uncontracted-comparison-candidate	muṟukku	dedr-reflex	dedr	
d5011	f_33p4o6y4jm7eq	muripemu	graceful affectation in gait, pride, arrogance, haughtiness; pride arising from conscious beauty, coquetry, caressing fondling, coaxing	uncontracted-comparison-candidate	muṟukku	dedr-reflex	dedr	
d5011	f_djzy3kkzuwc34	muripincu	to make oneself entreated or begged for anything, coquet	uncontracted-comparison-candidate	muṟukku	dedr-reflex	dedr	
d5011	f_4ip7ftfd6b65o	moṟaku	an obstinate and foolish man	uncontracted-comparison-candidate	muṟukku	dedr-reflex	dedr	
d5011	f_bfivpq2ptggci	moṟakūḍu	an obstinate and foolish man	uncontracted-comparison-candidate	muṟukku	dedr-reflex	dedr	
d5011	f_46fdu6vn7kz3q	moṟakamu	folly, obstinacy	uncontracted-comparison-candidate	muṟukku	dedr-reflex	dedr	
d5012	f_rz6op5qls4xco	muṟakaṭamu	turning	uncontracted-comparison-candidate	*mur_-	merriam-pdr	dedr	
d5012	f_awuqblcpoul26	muṟakaṭincu	to turn	uncontracted-comparison-candidate	*mur_-	merriam-pdr	dedr	tr
d5013	f_jlq5krgt7a43a	muṟamuṟamanu	to be angry, fret, frown	uncontracted-comparison-candidate	*mud_-	merriam-pdr	dedr	
d5013	f_33r2oz4syss7s	muṟamuṟalāḍu	to be angry, fret, frown	uncontracted-comparison-candidate	*mud_-	merriam-pdr	dedr	
d5013	f_qr4nvh6iux6yw	moṟugu	to bark as a dog, bawl; barking of a dog	uncontracted-comparison-candidate	*mud_-	merriam-pdr	dedr	noun
d5013	f_4fsh2nsdy5we6	moṟuvu	to bark as a dog, bawl; barking of a dog	uncontracted-comparison-candidate	*mud_-	merriam-pdr	dedr	noun
d5013	f_azkhvqkifxhn4	moṟuguḍu	barking	uncontracted-comparison-candidate	*mud_-	merriam-pdr	dedr	
d5013	f_365karhtgddti	moṟa	cry, scream, shriek, howl, wailing, clamour	uncontracted-comparison-candidate	*mud_-	merriam-pdr	dedr	
d5013	f_kfmskhetkg6og	moṟaliḍu	to cry out	uncontracted-comparison-candidate	*mud_-	merriam-pdr	dedr	
d5017	f_xbsrmnfpfo4ps	mruggu	to ripen, become overripe (or with 5046 Ta.mūr̤). DED(S) 4117	initial-apical-or-cluster;initial-cluster	muṟṟu	dedr-reflex	dedr	
d5046	f_uszr6lmqfypd2	mruggu	to ripen, become overripe (or with 5017 Ta.muṟṟu)	initial-apical-or-cluster;initial-cluster	*mūẓ-	merriam-pdr	dedr	
d5074	f_dlxjqefmqaey6	meṟacu	to glitter	uncontracted-comparison-candidate	*mer_-	merriam-pdr	dedr	
d5074	f_dzylyy7rqxtf2	meṟapincu	to cause to shine, show off, show to advantage	uncontracted-comparison-candidate	*mer_-	merriam-pdr	dedr	
d5074	f_dpbjhtuckth32	meṟapu	shining, glitter, lightning flash	uncontracted-comparison-candidate	*mer_-	merriam-pdr	dedr	
d5074	f_5zzbxdeheyhgc	meṟayu	to shine, glitter, gleam, (K. also) be made public, be known, appear	uncontracted-comparison-candidate	*mer_-	merriam-pdr	dedr	
d5074	f_xbtgqtwqbimky	meṟayincu	to make known, disclose	uncontracted-comparison-candidate	*mer_-	merriam-pdr	dedr;K-Telugu	
d5074	f_sswh6wxruph3c	meṟūgu	to shine, glitter, gleam, appear to advantage; brilliance, glitter, polish; bright, shining	uncontracted-comparison-candidate	*mer_-	merriam-pdr	dedr	noun
d5074	f_xaecbnzhc2doc	meṟumu	to glitter; flash of lightning	uncontracted-comparison-candidate	*mer_-	merriam-pdr	dedr	noun
d5075	f_qtnjwfm35f67i	meramera	doubt, suspicion, fear, anxiety, guilty conscience	uncontracted-comparison-candidate	meruḷ	dedr-reflex	dedr	
d5078	f_6n5xxal3z4a3y	melamella	gently, mildly, quietly, slowly, softly	uncontracted-comparison-candidate	*mel-k-	krishnamurti-pfeiffer	dedr	
d5078	f_l5kbpzrtcpzjk	melamellãgā	gently, mildly, quietly, slowly, softly	uncontracted-comparison-candidate	*mel-k-	krishnamurti-pfeiffer	dedr	
d5082	f_7msblpleyzn3c	mrē̃gu	to smear	initial-apical-or-cluster;initial-cluster	*meẓ-V-	krishnamurti-pfeiffer	dedr	
d5082	f_xaskqvo4umu2k	mrēvu	to smear	initial-apical-or-cluster;initial-cluster	*meẓ-V-	krishnamurti-pfeiffer	dedr	
d5083	f_6lssddwyvwjmg	meṟamu	to stir, move; cause to move, stir	uncontracted-comparison-candidate	mar	dedr-reflex	dedr;K-Telugu	
d5087	f_6fx5qs3q536xq	mṛ̆ēka	(so correct) is of unknown meaning	initial-apical-or-cluster;initial-cluster	*mē-nkkV	krishnamurti-pfeiffer	dedr	
d5098	f_olk457jf4nami	miḷindamu	id	uncontracted-comparison-candidate	mēḷamba	dedr-reflex	dedr	
d5112	f_dw5l34djcuhci	moṭima	pimple	uncontracted-comparison-candidate	moḍavi	dedr-reflex	dedr	
d5114	f_2l6mqpgm2vt24	mrōḍu paḍu	to be blunted	initial-apical-or-cluster;initial-cluster	*monṭ-	merriam-pdr	dedr	
d5123	f_nnjwkozyvi3cc	mrokku	id., salute; obeisance, salutation	initial-apical-or-cluster;initial-cluster	*moẓ-g-	merriam-pdr	dedr	noun
d5123	f_miahekturqw6i	mroggu	to kneel, incline, lean to one side, be inclined, willing, consent, agree	initial-apical-or-cluster;initial-cluster	*moẓ-g-	merriam-pdr	dedr	
d5125	f_a2eqr4z5qm6mc	moṟaka	defect, defective	uncontracted-comparison-candidate	*murā	merriam-pdr	dedr	
d5125	f_kefgnvstthfam	moṟava	blunt	uncontracted-comparison-candidate	*murā	merriam-pdr	dedr	
d5151	f_ww7r6gwz37lei	eṭa	what place, where	uncontracted-comparison-candidate	*yAH	krishnamurti-pfeiffer	dedr	
d5151	f_kmietqyqm7m5i	eṭu	how	uncontracted-comparison-candidate	*yAH	krishnamurti-pfeiffer	dedr	
d5151	f_ntvu6d7jbzawi	eṭula	how	uncontracted-comparison-candidate	*yAH	krishnamurti-pfeiffer	dedr	
d5151	f_zo5gbp4uxykeg	eṭulu	how	uncontracted-comparison-candidate	*yAH	krishnamurti-pfeiffer	dedr	
d5163	f_pt6wbtpm44vte	ṟavika	a sort of bodice	initial-apical-or-cluster	iravikkai	dedr-reflex	dedr	
d5166	f_o236425za7wxo	rāmalu	a kind of fish. DED 4240	initial-apical-or-cluster	irāma-muṛ̆iyaṉ	dedr-reflex	dedr	pl
d5169	f_mcdjxwlwr57oa	ṟeppa	id	initial-apical-or-cluster	*[e]r_ep-	merriam-pdr	dedr	
d5169	f_ezd5kqd6kag2i	reppa	id	initial-apical-or-cluster	*[e]r_ep-	merriam-pdr	dedr	
d5170	f_7oetjtnj5rn2e	remma	branchlet, twig	initial-apical-or-cluster	rembe	dedr-reflex	dedr	
d5170	f_edepgdmgh4jxa	rebba	branchlet, twig	initial-apical-or-cluster	rembe	dedr-reflex	dedr	
d5171	f_xcx3356q2ospa	ṟellu	a reed, <i>S. spontaneum</i>	initial-apical-or-cluster	reḷḷu	dedr-reflex	dedr	
d5171	f_aquu67aihedpi	rellu	a reed, <i>S. spontaneum</i>	initial-apical-or-cluster	reḷḷu	dedr-reflex	dedr	
d5173	f_oj44mdt6oefe6	rēku	petal	initial-apical-or-cluster	*rēk- (?)	merriam-pdr	dedr	
d5174	f_efxv472yim26u	rompa	cold, catarrh	initial-apical-or-cluster	rompa	dedr-reflex	dedr	
d5185	f_t6fgemkxp4f7u	labalaba	beating oneself on the mouth. DED 4249	initial-apical-or-cluster	lapō-lapōv-eṉal	dedr-reflex	dedr	
d5194	f_nvgrm5iax7viq	loṭa	hollow, dried up, hollowness	initial-apical-or-cluster;uncontracted-comparison-candidate	loṭaloṭa	dedr-reflex	dedr	
d5194	f_wo6fup2bp5o4g	loṭṭa	hollow, dried up, hollowness	initial-apical-or-cluster	loṭaloṭa	dedr-reflex	dedr	
d5194	f_mgobqymfdetpo	loṭāramu	empty, useless, pithless. DED 4251	initial-apical-or-cluster;uncontracted-comparison-candidate	loṭaloṭa	dedr-reflex	dedr	
d5195	f_shximqnarcoku	loṭaloṭa	sound of a broken pot when struck. DED 4252	initial-apical-or-cluster;uncontracted-comparison-candidate	loṭa-loṭav-eṉal	dedr-reflex	dedr	
d5196	f_nzywcig7bpdy2	loṭṭa	smack or cluck with the tongue	initial-apical-or-cluster	loṭṭe	dedr-reflex	dedr	
d5196	f_ixvhgpou743uc	loṭṭa-vēyu	to click or smack the tongue against the palate. DED 4253	initial-apical-or-cluster	loṭṭe	dedr-reflex	dedr	
d5197	f_o2eyxgxpxin6m	lotta	dent, depression, small pit or hollow	initial-apical-or-cluster	lotta	dedr-reflex	dedr	
d5197	f_7trpueqkokswc	loddi	a valley	initial-apical-or-cluster	lotta	dedr-reflex	dedr	
d5198	f_xh5d36by2agpk	loḷḷu	to sound, as dog's barking. DED 4254	initial-apical-or-cluster	loḷ	dedr-reflex	dedr;K-Telugu	
d5198	f_4ldjzko42ctn6	ḷoḷḷu	to sound, as dog's barking. DED 4254	initial-apical-or-cluster	loḷ	dedr-reflex	dedr;K-Telugu	
d5220	f_ei5suh76rjzoq	vaṭi	rope, cord	uncontracted-comparison-candidate	vaṭam	dedr-reflex	dedr	
d5221	f_wkhoznjqn25vs	vaḍiyu	to be strained or filtered, percolate	uncontracted-comparison-candidate	*vaḍḍ-	merriam-pdr	dedr	
d5221	f_uwzkakilm6r3g	oḍiyu	to be strained or filtered, percolate	uncontracted-comparison-candidate	*vaḍḍ-	merriam-pdr	dedr;K-Telugu;K-also-Telugu	
d5221	f_gi2js6x6xtcoy	vaḍucu	to let fall in drops, pour slowly	uncontracted-comparison-candidate	*vaḍḍ-	merriam-pdr	dedr	
d5221	f_yjsbobttlfu4m	vaḍacu	to let fall in drops, pour slowly	uncontracted-comparison-candidate	*vaḍḍ-	merriam-pdr	dedr;K-Telugu;K-also-Telugu	
d5221	f_qep4ufveoqqwe	vaḍupu	to strain, filter	uncontracted-comparison-candidate	*vaḍḍ-	merriam-pdr	dedr	verb noun
d5221	f_lgxosj3uvarkw	vaḍiyã-gaṭṭu	to strain, filter	uncontracted-comparison-candidate	*vaḍḍ-	merriam-pdr	dedr	verb noun
d5222	f_3jdqguwzbscpa	baḍugu	corpse, a weak creature; lean, thin, slender, skinny	uncontracted-comparison-candidate	vaṭi	dedr-reflex	dedr	
d5222	f_berszvqejfyoi	vaḍalu	to fade, wither	uncontracted-comparison-candidate	vaṭi	dedr-reflex	dedr	
d5222	f_lvdiuuutbkaiw	vaḍiyu	to dry up, become lean	uncontracted-comparison-candidate	vaṭi	dedr-reflex	dedr;K-Telugu	
d5222	f_kndigd3cpluo4	vaṭincu	to starve	uncontracted-comparison-candidate	vaṭi	dedr-reflex	dedr	
d5224	f_rex5pypxld36i	baḍita	thick stick, cudgel	uncontracted-comparison-candidate	*baḍ-i	merriam-pdr	dedr	
d5224	f_w3jdkdalfdxjo	baḍiya	thick stick, cudgel	uncontracted-comparison-candidate	*baḍ-i	merriam-pdr	dedr	
d5224	f_b2dcus57nj3rs	baḍe	thick stick, cudgel	uncontracted-comparison-candidate	*baḍ-i	merriam-pdr	dedr	
d5225	f_5p6j2nlrpwlju	vaḍa	the hot or land wind, heat. DED 4273	uncontracted-comparison-candidate	vaḍi	dedr-reflex	dedr	
d5225	f_33ylwv6agmfmy	vaḍagāli	the hot or land wind, heat. DED 4273	uncontracted-comparison-candidate	vaḍi	dedr-reflex	dedr	
d5226	f_bcape2if6jnsw	vaḍi	quickness, rapidity, speed, briskness, valour, violence	uncontracted-comparison-candidate	*vaḍ-	merriam-pdr	dedr	
d5226	f_5cjtpdgwgkeoy	vaḍikãḍu	a quick man, a brave man	uncontracted-comparison-candidate	*vaḍ-	merriam-pdr	dedr	
d5226	f_sbks4waoai7c2	vaḍigala	quick, rapid, brisk, brave, spirited	uncontracted-comparison-candidate	*vaḍ-	merriam-pdr	dedr	
d5230	f_pc7v77cwnvj6s	baḍabaḍa	(to talk) abruptly, noisily	uncontracted-comparison-candidate	*vaḍ-	merriam-pdr	dedr;K-Telugu	
d5250	f_ajs4ykkpegpni	vranti	river, pit	initial-apical-or-cluster;initial-cluster	*vant-	merriam-pdr	dedr	
d5260	f_d3o2se33omsf4	varaga	Panicum miliaceum	uncontracted-comparison-candidate	varaku	dedr-reflex	dedr	
d5261	f_3eaydcvgwckfy	varuju	ridge or dam dividing fields	uncontracted-comparison-candidate	varampu	dedr-reflex	dedr	
d5261	f_q2cm7ra5gef6q	vaṟa	limit	uncontracted-comparison-candidate	varampu	dedr-reflex	dedr	
d5261	f_sqgtdnf5qwgzk	vaṟaku	up to, until	uncontracted-comparison-candidate	varampu	dedr-reflex	dedr	
d5261	f_3y6zlbgsmutvy	varam	bund within or outside field	uncontracted-comparison-candidate	varampu	dedr-reflex	dedr;VPK-Telugu	
d5263	f_vphwyxedrelvg	vrāyu	to write, inscribe, compose, draw, paint, delineate	initial-apical-or-cluster;initial-cluster	*var-V-	krishnamurti-pfeiffer	dedr	
d5263	f_vj7msytpxb3s6	rāyu	to write, inscribe, compose, draw, paint, delineate	initial-apical-or-cluster	*var-V-	krishnamurti-pfeiffer	dedr;K-Telugu;K-also-Telugu	
d5263	f_oih2skwaeoewk	rāsu	to write, inscribe, compose, draw, paint, delineate	initial-apical-or-cluster	*var-V-	krishnamurti-pfeiffer	dedr;K-Telugu;K-also-Telugu	
d5263	f_vufualhxzrgri	rāśi	<i>gerund</i>, having marked (boundaries) (inscr. A.D. 1310)	initial-apical-or-cluster	*var-V-	krishnamurti-pfeiffer	dedr;K-Telugu	
d5263	f_aiveiwbm65mt2	vrā̃ta	writing, handwriting	initial-apical-or-cluster;initial-cluster	*var-V-	krishnamurti-pfeiffer	dedr	
d5263	f_j4lpe5jkm4kuc	vrā̃takā̃ḍu	writer, clerk	initial-apical-or-cluster;initial-cluster	*var-V-	krishnamurti-pfeiffer	dedr	
d5263	f_n7s5kt47ng4jw	vrāyasamu	writing, letter, note	initial-apical-or-cluster;initial-cluster	*var-V-	krishnamurti-pfeiffer	dedr	
d5263	f_4bl55aufe6jo6	rāyasamu	clerkship	initial-apical-or-cluster	*var-V-	krishnamurti-pfeiffer	dedr	
d5263	f_hcejirjfk6qtg	vrāyi	letter of the alphabet, writing, line	initial-apical-or-cluster;initial-cluster	*var-V-	krishnamurti-pfeiffer	dedr	
d5263	f_iaul4kv22gxlm	vrāyincu	to cause to be written	initial-apical-or-cluster;initial-cluster	*var-V-	krishnamurti-pfeiffer	dedr	
d5263	f_vo7lpwwww2ycc	vrālu	writing, handwriting	initial-apical-or-cluster;initial-cluster	*var-V-	krishnamurti-pfeiffer	dedr	
d5263	f_zocswias7vw4q	varuju	to draw or mark a line with a sharp instrument on a plank, etc	uncontracted-comparison-candidate	*var-V-	krishnamurti-pfeiffer	dedr	
d5263	f_56oibpri2i2vm	variyu	to test metal on the touchstone	uncontracted-comparison-candidate	*var-V-	krishnamurti-pfeiffer	dedr;K-Telugu	
d5263	f_2q7e5xhgcvlue	baruku	to scratch, claw, lacerate, tear, scribble (or with 5322 Ta.vaṟaṇṭu)	uncontracted-comparison-candidate	*var-V-	krishnamurti-pfeiffer	dedr	
d5265	f_e24hqx4f5ju4u	vari	paddy	uncontracted-comparison-candidate	*ār-ak-	krishnamurti-pfeiffer	dedr	
d5266	f_fa5owgafbr57a	vari	tax. DED 4307	uncontracted-comparison-candidate	vari	dedr-reflex	dedr	
d5267	f_kwaa2l4sra7la	bari	side	uncontracted-comparison-candidate	vayr	dedr-reflex	dedr	
d5269	f_imbny25usasfs	varusa	row, line, series, order, arrangement, a turn by rotation, relationship, manner, mode, way. DED 4310.<i>(b)</i>	uncontracted-comparison-candidate	varicai	dedr-reflex	dedr	
d5270	f_eaxps3tgtw37c	rāka	coming, arrival	initial-apical-or-cluster	*vaH-	krishnamurti-pfeiffer	dedr	
d5270	f_cdpq4dosbuv2y	rākaṭa	id.; way, course, policy	initial-apical-or-cluster	*vaH-	krishnamurti-pfeiffer	dedr	
d5270	f_4w3nf5jogojj4	rākaḍa	id.; way, course, policy	initial-apical-or-cluster	*vaH-	krishnamurti-pfeiffer	dedr	
d5270	f_p6ypfd7vifanw	rābaḍi	income, profit	initial-apical-or-cluster	*vaH-	krishnamurti-pfeiffer	dedr	
d5270	f_rbhrauobf2pk6	rāmi	profit, saving	initial-apical-or-cluster	*vaH-	krishnamurti-pfeiffer	dedr	
d5270	f_wkrbtabnaidri	rāmī	profit, saving	initial-apical-or-cluster	*vaH-	krishnamurti-pfeiffer	dedr	
d5270	f_5ifmnehxozfaa	rappincu	to cause to come, send for, summon, get	initial-apical-or-cluster	*vaH-	krishnamurti-pfeiffer	dedr	
d5270	f_mtkrfeznusf6s	rāvincu	to cause to come, send for, summon, get	initial-apical-or-cluster	*vaH-	krishnamurti-pfeiffer	dedr	
d5275	f_ukgvp2ygwjeqy	varavacē̃pa	id. DED 4316	uncontracted-comparison-candidate	barvɛ	dedr-reflex	dedr	
d5276	f_o3dglippxq2rg	valanu	skill, excellence, possibility; right, possible, convenient	uncontracted-comparison-candidate	*val	krishnamurti-pfeiffer	dedr	
d5276	f_l2lqjcnpkug64	valamu	largeness, stoutness	uncontracted-comparison-candidate	*val	krishnamurti-pfeiffer	dedr	
d5276	f_jqsiaxldbx4c2	valāti	clever person, expert	uncontracted-comparison-candidate	*val	krishnamurti-pfeiffer	dedr	
d5276	f_25i6d5cu4u574	vala	right	uncontracted-comparison-candidate	*val	krishnamurti-pfeiffer	dedr	
d5276	f_4iclhqoiioonw	vala cēyi	right hand	uncontracted-comparison-candidate	*val	krishnamurti-pfeiffer	dedr	
d5276	f_skdexclydfayu	valadu	much	uncontracted-comparison-candidate	*val	krishnamurti-pfeiffer	dedr	
d5276	f_hezbqmh6usiuc	valana(N)	instrumental postposition	uncontracted-comparison-candidate	*val	krishnamurti-pfeiffer	dedr	
d5276	f_q4kxqholv3cmi	valūda	stout, big, large	uncontracted-comparison-candidate	*val	krishnamurti-pfeiffer	dedr	
d5276	f_6cpcsct7rdcwa	valacu	to be capable, be able to	uncontracted-comparison-candidate	*val	krishnamurti-pfeiffer	dedr;K-Telugu	
d5276	f_2irshy43uylna	vali	big, large	uncontracted-comparison-candidate	*val	krishnamurti-pfeiffer	dedr	
d5276	f_psnj376dpzeya	baliyu	to grow fat, increase (or with 5304 Ta.vaḷ); balipincuto cause to grow	uncontracted-comparison-candidate	*val	krishnamurti-pfeiffer	dedr	
d5276	f_w2pus2nebttyo	balimi	strength, force, violence	uncontracted-comparison-candidate	*val	krishnamurti-pfeiffer	dedr	
d5276	f_mgtqqajikc4so	balisina	fat, stout	uncontracted-comparison-candidate	*val	krishnamurti-pfeiffer	dedr	
d5276	f_hje2lb3ntjdrm	balupu	fatness	uncontracted-comparison-candidate	*val	krishnamurti-pfeiffer	dedr	
d5276	f_6u4c2ks4rzxmq	baluvu	strength, intensity; heavy, great, excessive, big, strong, severe	uncontracted-comparison-candidate	*val	krishnamurti-pfeiffer	dedr	
d5278	f_jonpr2keoo572	valasa	emigration, migration, flight or removing from one's country to another. DED 4318	uncontracted-comparison-candidate	valacai	dedr-reflex	dedr	
d5279	f_uq2jd7bjlyse4	valamuri	the conch of Vishnu	uncontracted-comparison-candidate	valam-puri	dedr-reflex	dedr	
d5279	f_f2baangpehdie	valambiri-kāya	<i>Ixora corylifolia.</i>	uncontracted-comparison-candidate	valam-puri	dedr-reflex	dedr	
d5280	f_k64f7kir7kjvg	valavalana	loose. DED 4320	uncontracted-comparison-candidate	balāsɯ	dedr-reflex	dedr	
d5281	f_3j2t6iup2vazg	valiyu	to be tired, become thin or reduced	uncontracted-comparison-candidate	vali	dedr-reflex	dedr	
d5288	f_vondykecafya2	vala	net, snare	uncontracted-comparison-candidate	*vàl-	merriam-pdr	dedr	
d5292	f_uwikd3z7wcbos	vaḍugu	manner, mode way	uncontracted-comparison-candidate	vaṛ̆aŋku	dedr-reflex	dedr	
d5292	f_cmxcagwnhywg2	vaḍuvu	manner, mode way	uncontracted-comparison-candidate	vaṛ̆aŋku	dedr-reflex	dedr	
d5293	f_eprg2kucrgzrm	baḍalu	to be tired, fatigued, wearied, exhausted	uncontracted-comparison-candidate	vaṛ̆alikkai	dedr-reflex	dedr	
d5293	f_qp2ugqqc6oiio	baḍalincu	to fatigue, tire, exhaust	uncontracted-comparison-candidate	vaṛ̆alikkai	dedr-reflex	dedr	
d5293	f_r3gw5xd2pgaug	baḍalika	fatigue, weariness, exhaustion	uncontracted-comparison-candidate	vaṛ̆alikkai	dedr-reflex	dedr	
d5295	f_zcoseodl46ssi	vraccu	to efface (the writing in inscriptions), destroy (a grant)	initial-apical-or-cluster;initial-cluster	vaṛ̆i	dedr-reflex	dedr;K-Telugu	
d5295	f_xhmz3p5ipzksu	vṛ̆accu	to efface (the writing in inscriptions), destroy (a grant)	initial-apical-or-cluster;initial-cluster	vaṛ̆i	dedr-reflex	dedr;K-Telugu	
d5295	f_d77sua7o2mkk6	baḍiyu	to sweep away the influence of evil spirits on a person. DED 4333	uncontracted-comparison-candidate	vaṛ̆i	dedr-reflex	dedr;K-Telugu	
d5304	f_jtn4f76uqkpda	baliyu	to grow fat, increase, multiply (or with 5276 Ta.val); ? vaṟalu	uncontracted-comparison-candidate	*baḷ-	merriam-pdr	dedr	
d5304	f_jhknviv3sveaa	varalu	to spread, prevail, shine	uncontracted-comparison-candidate	*baḷ-	merriam-pdr	dedr;K-Telugu;K-also-Telugu	
d5307	f_3aikhsjbfpa5m	vaḍa vaḍa	tremblingly	uncontracted-comparison-candidate	*vaṇ-	merriam-pdr	dedr	
d5308	f_g7ybdxe32ch6y	balāgamu	retinue, party, the circle of friends and relatives or kinsmen, kith and kin. DED 4343	uncontracted-comparison-candidate	valaŋkam	dedr-reflex	dedr	
d5310	f_zyzhgb3i7pcpm	vaḷāvaḷi	noise, fuss, hubbub	uncontracted-comparison-candidate	vaḷavaḷa	dedr-reflex	dedr	
d5310	f_ahcbmmcmmzcde	vaḷāvaḷikā̃ḍu	a noisy or fussy man, babbler	uncontracted-comparison-candidate	vaḷavaḷa	dedr-reflex	dedr	
d5312	f_qoloj6dnu22d4	karuvali	wind, air	uncontracted-comparison-candidate	*vaḷi	krishnamurti-pfeiffer	dedr	
d5312	f_gzrqiwamzahjk	vali	cold, chill	uncontracted-comparison-candidate	*vaḷi	krishnamurti-pfeiffer	dedr	noun adj
d5312	f_ayk7boxp26x3k	vali-molaka	Bhīma (offspring of the windgod; cf. 4997)	uncontracted-comparison-candidate	*vaḷi	krishnamurti-pfeiffer	dedr	
d5313	f_fkht3bmtgl66i	balayu	to surround, (K. also) besiege	uncontracted-comparison-candidate	vaḷai	dedr-reflex	dedr	
d5313	f_7sbw5c4u4ihps	valayu	to turn around	uncontracted-comparison-candidate	vaḷai	dedr-reflex	dedr;K-Telugu	intr
d5320	f_umkshmhsipwfq	vaṟapu	drought	uncontracted-comparison-candidate	*vaṯ-	krishnamurti-pfeiffer	dedr	
d5320	f_7wue4vb76sz6q	varaṭu	to pine, become lean or lank	uncontracted-comparison-candidate	*vaṯ-	krishnamurti-pfeiffer	dedr;B-Telugu	
d5320	f_phima7u6wuets	varuṭu	to wither, become emaciated	uncontracted-comparison-candidate	*vaṯ-	krishnamurti-pfeiffer	dedr;K-Telugu	
d5321	f_6rgdnabmsn25s	varaṭa	id	uncontracted-comparison-candidate	vaṟaṭṭi	dedr-reflex	dedr	
d5322	f_wty2biavp7x54	baṟaṭu	to scratch	uncontracted-comparison-candidate	vaṟaṇṭu	dedr-reflex	dedr	
d5322	f_bm243tfwhndfs	baruku	to scratch, claw, lacerate, tear, scribble (or with 5263 Ta.vari)	uncontracted-comparison-candidate	vaṟaṇṭu	dedr-reflex	dedr	
d5323	f_nk4sahqfxmxuc	vaṟada	flood, torrent, inundation, deluge	uncontracted-comparison-candidate	*var_-	merriam-pdr	dedr	
d5323	f_biv46acond54y	vaṟuta	in the flood/river (vaṟut-); in the flood/river	uncontracted-comparison-candidate	*var_-	merriam-pdr	dedr;K-Telugu;burrow-emeneau1972den1[p. 415, entry 4358]	loc obl
d5368	f_fnoir4osz2vlc	vrālu	to light or perch	initial-apical-or-cluster;initial-cluster	*vāl-	merriam-pdr	dedr	
d5369	f_mcxlgdf5lfx4c	vrālu	to incline, bend, weigh down; slope, incline, slant, inclination	initial-apical-or-cluster;initial-cluster	vālu	dedr-reflex	dedr	noun
d5372	f_skfcmvhkfpxnc	braduku	to live, subsist, survive	initial-apical-or-cluster;initial-cluster	*vāẓ	krishnamurti-pfeiffer	dedr	
d5372	f_e4grqlrzlhcyy	bratikincu	to restore life to, revive, resuscitate	initial-apical-or-cluster;initial-cluster	*vāẓ	krishnamurti-pfeiffer	dedr	
d5372	f_si3ulrjzpo4cm	bratuku	life, existence, livelihood, subsistence	initial-apical-or-cluster;initial-cluster	*vāẓ	krishnamurti-pfeiffer	dedr	
d5372	f_inuveraq4mw6u	bradimi	existence, living, livelihood	initial-apical-or-cluster;initial-cluster	*vāẓ	krishnamurti-pfeiffer	dedr	
d5391	f_eaqn3422q4ypc	veluturu	id	uncontracted-comparison-candidate	viṭattar	dedr-reflex	dedr	
d5393	f_m6g7g5bdqpcuk	viḍu	to be loosened or untied, separate, part with	uncontracted-comparison-candidate	*vīṭu	krishnamurti-pfeiffer	dedr	
d5393	f_23igkxni2aeym	viḍugara	release, liberation	uncontracted-comparison-candidate	*vīṭu	krishnamurti-pfeiffer	dedr	
d5393	f_7zpo7gzgx3b4s	viḍucu	to leave, quit, abandon, give up, renounce, relinquish, resign, release, set free or at liberty, liberate	uncontracted-comparison-candidate	*vīṭu	krishnamurti-pfeiffer	dedr	
d5393	f_r65si7lkgq6c4	viḍudala	leaving, release, liberation	uncontracted-comparison-candidate	*vīṭu	krishnamurti-pfeiffer	dedr	
d5393	f_nkg4oi4vghwh4	viḍupu	leaving, quitting, release, liberation	uncontracted-comparison-candidate	*vīṭu	krishnamurti-pfeiffer	dedr	
d5393	f_y4lrhry6exl7y	viḍumara	leaving, release	uncontracted-comparison-candidate	*vīṭu	krishnamurti-pfeiffer	dedr	
d5393	f_f2wd6o34kdzvu	viḍā-dīyu	to separate, disjoin, take off, untie, disentangle, extricate, unravel	uncontracted-comparison-candidate	*vīṭu	krishnamurti-pfeiffer	dedr	
d5393	f_fsstrzyewsagi	viḍan-āḍu	to leave or leave off, give up, discard	uncontracted-comparison-candidate	*vīṭu	krishnamurti-pfeiffer	dedr	
d5393	f_b2gcgsydbepjs	viḍi	separate, distinct, vacant, single, odd, spare	uncontracted-comparison-candidate	*vīṭu	krishnamurti-pfeiffer	dedr	
d5393	f_xpd5sbrbfoc5m	viḍigā	separately, distinctly, loosely, singly	uncontracted-comparison-candidate	*vīṭu	krishnamurti-pfeiffer	dedr	
d5393	f_6hnimwcrhjxmc	viḍidala	halting place	uncontracted-comparison-candidate	*vīṭu	krishnamurti-pfeiffer	dedr	
d5393	f_vlaby72r6nlb2	viḍipincu	to get or see released, cause to be liberated, extricate	uncontracted-comparison-candidate	*vīṭu	krishnamurti-pfeiffer	dedr	
d5393	f_tl6xpfnf2ld7c	viḍiyu	to halt or stay temporarily, lodge; be loosened	uncontracted-comparison-candidate	*vīṭu	krishnamurti-pfeiffer	dedr	
d5393	f_tryfn4m57uele	veḍalu	to go or come out, set forth, start	uncontracted-comparison-candidate	*vīṭu	krishnamurti-pfeiffer	dedr	
d5393	f_xfpoxeq22er3a	veḍalcu	to send out	uncontracted-comparison-candidate	*vīṭu	krishnamurti-pfeiffer	dedr	
d5393	f_apb4xwtm2tcxc	veḍalucu	to send out	uncontracted-comparison-candidate	*vīṭu	krishnamurti-pfeiffer	dedr	
d5393	f_khk62cuchktb4	veḍalincu	to take out, send	uncontracted-comparison-candidate	*vīṭu	krishnamurti-pfeiffer	dedr	
d5406	f_yxb7mpcyrdftq	veravu	way, mode, method, contrivance, device, expedient, skill, cleverness, adroitness, cunning, means of living, livelihood	uncontracted-comparison-candidate	viraku	dedr-reflex	dedr	
d5406	f_rkfyvk76uheke	veravari	clever or skilful person	uncontracted-comparison-candidate	viraku	dedr-reflex	dedr	
d5406	f_ebxevqzunmmgg	veravĩḍi	one who has no cleverness or skill. DED 4433	uncontracted-comparison-candidate	viraku	dedr-reflex	dedr	
d5407	f_niinricxg36me	berayu	to happen, occur, be or exist, spread, attain, reach, (K. also) mix, join	uncontracted-comparison-candidate	**virVkV-	krishnamurti-pfeiffer	dedr	
d5407	f_jw6lgjschkufk	verasi	total, whole, sum	uncontracted-comparison-candidate	**virVkV-	krishnamurti-pfeiffer	dedr	
d5408	f_qvzt57yvckq44	virigi	Cordia sebestena	uncontracted-comparison-candidate	viracu	dedr-reflex	dedr	
d5409	f_5krorzllosgw6	vrēlu	finger, toe; inch	initial-apical-or-cluster;initial-cluster	*vir-al	krishnamurti-pfeiffer	dedr	
d5411	f_qt3g6zhjyayes	viriyu	to open , expand, blow, break, burst, be loosened, untied, dishevelled, scattered, removed	uncontracted-comparison-candidate	*viri-nk-	krishnamurti-pfeiffer	dedr	intr
d5411	f_binykjwbdnjxq	viri	flower, blossom; expanded, opened, loosened	uncontracted-comparison-candidate	*viri-nk-	krishnamurti-pfeiffer	dedr	
d5411	f_bpoly3jexvtdw	araviri	half-opened (as a flower, etc.); a half-opened bud, state of being half-opened	uncontracted-comparison-candidate	*viri-nk-	krishnamurti-pfeiffer	dedr	
d5411	f_ixe5yz7me2hvg	virivi	extent, width	uncontracted-comparison-candidate	*viri-nk-	krishnamurti-pfeiffer	dedr	
d5411	f_5vyqqq2p2iprq	viriviḍi	extent, width	uncontracted-comparison-candidate	*viri-nk-	krishnamurti-pfeiffer	dedr	
d5411	f_5jg6q3prdpqyg	virugu	to break, go to pieces; breaking	uncontracted-comparison-candidate	*viri-nk-	krishnamurti-pfeiffer	dedr	noun
d5411	f_v6564is7rkhhk	viṟugu	to break, go to pieces; breaking	uncontracted-comparison-candidate	*viri-nk-	krishnamurti-pfeiffer	dedr	noun
d5411	f_eqguatdy67lbq	viṟigi	soil abounding in cracks	uncontracted-comparison-candidate	*viri-nk-	krishnamurti-pfeiffer	dedr	
d5411	f_3uxni4dtuloe6	virucu	to break	uncontracted-comparison-candidate	*viri-nk-	krishnamurti-pfeiffer	dedr	tr
d5411	f_m2hbfst57laxy	viṟucu	to break	uncontracted-comparison-candidate	*viri-nk-	krishnamurti-pfeiffer	dedr	tr
d5411	f_pktg6eyvm5mnc	virupu	breaking	uncontracted-comparison-candidate	*viri-nk-	krishnamurti-pfeiffer	dedr	
d5411	f_mjz4dyz45yhni	viṟupu	breaking	uncontracted-comparison-candidate	*viri-nk-	krishnamurti-pfeiffer	dedr	
d5411	f_zdd65kl3o22re	vrīlu	to go to pieces	initial-apical-or-cluster;initial-cluster	*viri-nk-	krishnamurti-pfeiffer	dedr	
d5414	f_uydcpktyoifhy	birudamu	title or mark of honour or distinction, badge, motto, vow, resolution, undertaking, a strong, powerful, or capable person	uncontracted-comparison-candidate	virutu	dedr-reflex	dedr	
d5414	f_xzhy4mp3i22ro	birudu	title or mark of honour or distinction, badge, motto, vow, resolution, undertaking, a strong, powerful, or capable person	uncontracted-comparison-candidate	virutu	dedr-reflex	dedr	
d5421	f_mqhji6naevgdo	vilucu	to sell, buy	uncontracted-comparison-candidate	*vil-	krishnamurti-pfeiffer	dedr	
d5421	f_zjyj4c6rdlmgo	viluva	price, value, cost. DED 4448	uncontracted-comparison-candidate	*vil-	krishnamurti-pfeiffer	dedr	
d5421	f_oyamzsaos325g	vela	price, value, cost. DED 4448	uncontracted-comparison-candidate	*vil-	krishnamurti-pfeiffer	dedr	
d5422	f_vgothbcmky4jg	vilu	id	uncontracted-comparison-candidate	*vil	krishnamurti-pfeiffer	dedr	
d5422	f_fvnwawtwgx3ng	vilukā̃ḍu	bowman	uncontracted-comparison-candidate	*vil	krishnamurti-pfeiffer	dedr	
d5424	f_yjr5lqhyvo25u	vilavila	convulsion, trembling	uncontracted-comparison-candidate	vilavila	dedr-reflex	dedr	
d5424	f_xhkssgfxeoc7q	vilavilalāḍu	to tremble	uncontracted-comparison-candidate	vilavila	dedr-reflex	dedr	
d5428	f_hhw3cb6p76jp4	viḍavali	cuscus grass, <i> A. muricatus	uncontracted-comparison-candidate	viṛ̆al	dedr-reflex	dedr	
d5433	f_7fwluh3lxs5bc	viḷambaramu	notification, publication	uncontracted-comparison-candidate	viḷ	dedr-reflex	dedr	
d5437	f_isjb7ljjfn6hy	velayu	to thrive, prevail	uncontracted-comparison-candidate	viḷai	dedr-reflex	dedr;K-Telugu	
d5437	f_xgin7hdkinng2	belayu	to spread, (K. also) increase. DED 4464	uncontracted-comparison-candidate	viḷai	dedr-reflex	dedr	
d5439	f_lfli2kjyecmrg	biṟusu	hard, stiff; hardness, stiffness	uncontracted-comparison-candidate	*bir_-	merriam-pdr	dedr	
d5439	f_6zv4bhggn6pr6	birusu	hard, stiff; hardness, stiffness	uncontracted-comparison-candidate	*bir_-	merriam-pdr	dedr	
d5439	f_wosllh7pmscjy	viṟugu	to curdle	uncontracted-comparison-candidate	*bir_-	merriam-pdr	dedr	
d5439	f_2gu4gdzuq3bxq	virugu	to curdle	uncontracted-comparison-candidate	*bir_-	merriam-pdr	dedr	
d5441	f_l7kiy43xxlfgk	birusũ-grōvi	a kind of firework	uncontracted-comparison-candidate	viṟicu	dedr-reflex	dedr	
d5441	f_242rrapuhufyi	birusulu	a sot of firework called flower-pots. DED(S) 4468	uncontracted-comparison-candidate	viṟicu	dedr-reflex	dedr	
d5442	f_aggeuoj5eix2s	viṟugu	to be counteracted	uncontracted-comparison-candidate	*beǯ	merriam-pdr	dedr	
d5442	f_brusnwbt7xhcm	viṟucu	to counteract	uncontracted-comparison-candidate	*beǯ	merriam-pdr	dedr	
d5442	f_davtvhlqv7zw4	viṟupu	counteraction, disenchantment	uncontracted-comparison-candidate	*beǯ	merriam-pdr	dedr	
d5462	f_szlqir57h2l3i	viṟugã-baḍu	to be proud or haughty	uncontracted-comparison-candidate	*vī̆r_- (*-d_-)	merriam-pdr	dedr	
d5472	f_twixpqm5mizw6	beḍaŋgu	beauty, handsomeness, fineness, prettiness, grace, elegance, strength; beautiful, elegant, large, great, strong	uncontracted-comparison-candidate	viṭaŋku	dedr-reflex	dedr	
d5473	f_gfp42vfyn5bhg	viḍugu	to expand, blow, blossom	uncontracted-comparison-candidate	veṭi	dedr-reflex	dedr	
d5475	f_qtnu62b2h7kb6	viḍi	clearness, transparency, brilliancy; clear, transparent	uncontracted-comparison-candidate	veṭi	dedr-reflex	dedr	
d5489	f_mao7wi26qkipg	veṟa	fear, terror, surprise	uncontracted-comparison-candidate	veru	dedr-reflex	dedr	
d5489	f_5fx6gz6uzsvgm	veṟacu	to fear, be afraid	uncontracted-comparison-candidate	veru	dedr-reflex	dedr	
d5489	f_ofb4ragbxyq3c	veṟapari	timid person	uncontracted-comparison-candidate	veru	dedr-reflex	dedr	
d5489	f_72xbzt45ccq3s	veṟapincu	to frighten, terrify, alarm	uncontracted-comparison-candidate	veru	dedr-reflex	dedr	
d5489	f_xiwzml6nvty7a	veṟapu	fear, fright, dread, terror, alarm	uncontracted-comparison-candidate	veru	dedr-reflex	dedr	
d5496	f_rin3vaqhhdbp6	veluka	whiteness	uncontracted-comparison-candidate	*veṇ-ṇey	krishnamurti-pfeiffer	dedr	
d5496	f_z6vtfev5gpzfa	velacu	to clean	uncontracted-comparison-candidate	*veṇ-ṇey	krishnamurti-pfeiffer	dedr	
d5496	f_4dcxm7wxbw4fu	velayu	to shine, be splendid, be renowned	uncontracted-comparison-candidate	*veṇ-ṇey	krishnamurti-pfeiffer	dedr	
d5496	f_lv7cy7zzkqhe4	velayincu	to render bright, brighten, cause to shine	uncontracted-comparison-candidate	*veṇ-ṇey	krishnamurti-pfeiffer	dedr	
d5496	f_t45adcn4rsspe	velaru	whiteness	uncontracted-comparison-candidate	*veṇ-ṇey	krishnamurti-pfeiffer	dedr	
d5496	f_3ubwbiagwtfk4	velavela	paleness	uncontracted-comparison-candidate	*veṇ-ṇey	krishnamurti-pfeiffer	dedr	
d5496	f_iujhyhyke6jxy	velavelana	paleness	uncontracted-comparison-candidate	*veṇ-ṇey	krishnamurti-pfeiffer	dedr	
d5496	f_kcmzqgbgdcbeu	velavelani	pale, pallid, wan	uncontracted-comparison-candidate	*veṇ-ṇey	krishnamurti-pfeiffer	dedr	
d5496	f_wwblhv4m5jyz2	veli	white	uncontracted-comparison-candidate	*veṇ-ṇey	krishnamurti-pfeiffer	dedr	
d5496	f_gaqacdq6qga3u	velidi	white	uncontracted-comparison-candidate	*veṇ-ṇey	krishnamurti-pfeiffer	dedr	
d5496	f_ew7we26v4r2q2	veliyu	to fade (as colour), (rain) ceases, (sky) clears	uncontracted-comparison-candidate	*veṇ-ṇey	krishnamurti-pfeiffer	dedr	
d5496	f_y5clgo3lmolyo	beḷāku	to shine, gleam, glitter; brightness, polish, gleam	uncontracted-comparison-candidate	*veṇ-ṇey	krishnamurti-pfeiffer	dedr	noun
d5496	f_a7r6c3nruiawg	beḷuku	to shine, gleam, glitter; brightness, polish, gleam	uncontracted-comparison-candidate	*veṇ-ṇey	krishnamurti-pfeiffer	dedr	noun
d5498	f_wv5wmmpjerane	veli	the outside, exterior, excommunication; outside, external	uncontracted-comparison-candidate	*veḷ-	merriam-pdr	dedr	
d5498	f_bryhifcnz4kla	velalu	to go or come out, start	uncontracted-comparison-candidate	*veḷ-	merriam-pdr	dedr	
d5498	f_6wmheugdq6poy	velalucu	to send out	uncontracted-comparison-candidate	*veḷ-	merriam-pdr	dedr	
d5498	f_7fxjcd7ocm4xa	velārincu	to send or drive out, cast out, make public	uncontracted-comparison-candidate	*veḷ-	merriam-pdr	dedr	
d5498	f_2ygxbfbm2wqa4	velār	to send or drive out, cast out, make public	uncontracted-comparison-candidate	*veḷ-	merriam-pdr	dedr	
d5498	f_y6ry7gdaozutq	velāru	to send or drive out, cast out, make public	uncontracted-comparison-candidate	*veḷ-	merriam-pdr	dedr	
d5498	f_xfv2s2isgjbq6	velipaṟacu	to make public or known	uncontracted-comparison-candidate	*veḷ-	merriam-pdr	dedr	
d5498	f_uulz2zuqvxxrk	velipuccu	to make public or known	uncontracted-comparison-candidate	*veḷ-	merriam-pdr	dedr	
d5498	f_ih7dlxnh6exxu	velipeṭṭu	to excommunicate	uncontracted-comparison-candidate	*veḷ-	merriam-pdr	dedr	
d5498	f_5tbsg63rbxwbq	velucu	to drive, send out	uncontracted-comparison-candidate	*veḷ-	merriam-pdr	dedr	
d5498	f_2aoogn3chdpne	velupala	outside, exterior; outside, external	uncontracted-comparison-candidate	*veḷ-	merriam-pdr	dedr	
d5498	f_pu3qpcoz65z66	velupalincu	to put outside, disclose, divulge	uncontracted-comparison-candidate	*veḷ-	merriam-pdr	dedr	
d5498	f_26hehuo6j5exi	velu-vaḍu	to come out, go out	uncontracted-comparison-candidate	*veḷ-	merriam-pdr	dedr	
d5498	f_xdh3agbh7ecjw	velavarincu	to send out, bring out	uncontracted-comparison-candidate	*veḷ-	merriam-pdr	dedr	
d5498	f_lr53vfyeaxoz6	velavarucu	to send out, bring out	uncontracted-comparison-candidate	*veḷ-	merriam-pdr	dedr	
d5498	f_uwarjoaqjecxu	velayu	to be known	uncontracted-comparison-candidate	*veḷ-	merriam-pdr	dedr	
d5499	f_ej5im76lrofm2	velikilu	to fall or lie on the back	uncontracted-comparison-candidate	*veḷ-	merriam-pdr	dedr	
d5499	f_7mzsbyyt6d2vm	velikila	on the back, supine	uncontracted-comparison-candidate	*veḷ-	merriam-pdr	dedr	
d5507	f_zjnppt3eeq2ns	velama	name of a caste, man of this caste; (<i>DCV</i>) agriculture	uncontracted-comparison-candidate	veḷḷāḷaṉ	dedr-reflex	dedr	
d5509	f_ei7iagfzqyvxa	velāga	id	uncontracted-comparison-candidate	*veḷ-V-	krishnamurti-pfeiffer	dedr	
d5513	f_lcgp57zoynpag	barigi	empty	uncontracted-comparison-candidate	*vejr_- (?)	merriam-pdr	dedr	
d5538	f_dxzomswfimj4a	velugu	id., enclosure	uncontracted-comparison-candidate	*velg-	merriam-pdr	dedr	
d5555	f_ruseyaaj5wulk	vrēyu	id., discharge, strike, knock, (K. also) cut off as with a knife or any heavy weapon; auxiliary used as an intensive or for emphasis	initial-apical-or-cluster;initial-cluster	*vej-	merriam-pdr	dedr	
d5555	f_iw2ctkrs6key2	vrē̃ta	casting, throwing, striking, knocking, stroke, knock, blow	initial-apical-or-cluster;initial-cluster	*vej-	merriam-pdr	dedr	
d5555	f_nqryvnvkmfbas	vrēṭu	id	initial-apical-or-cluster;initial-cluster	*vej-	merriam-pdr	dedr	
d5555	f_ckt6mljkqcckm	vrēṭu-gonu	to strike, beat	initial-apical-or-cluster;initial-cluster	*vej-	merriam-pdr	dedr	
