mode,concept,score,band,dardic_family_id,plains_family_id,dardic_age,plains_age,age_order
entry,NOSE,0.853646,High: ≥0.6,7031,6909,Epic,Reconstructed only,At least one undated
entry,PARROT,0.808333,High: ≥0.6,12245,12503,Undated OIA,Early-Vedic,At least one undated
entry,YESTERDAY,0.783738,High: ≥0.6,6590,3104,Early-Vedic,Undated OIA,At least one undated
entry,LIVER,0.777473,High: ≥0.6,10394,3103,Undated OIA,Classical,At least one undated
entry,MONKEY,0.775439,High: ≥0.6,9882,11515,Early-Vedic,Epic,Dardic earlier
entry,HIGH,0.766865,High: ≥0.6,1804,1634,Classical,Epic,Plains earlier
entry,IRON,0.75871,High: ≥0.6,4842a,11158,Undated OIA,Early-Vedic,At least one undated
entry,BRIDGE,0.755357,High: ≥0.6,13585,12834,Early-Vedic,Early-Vedic,Same tagged era
entry,MOUSTACHE,0.74697,High: ≥0.6,9083,10180,Reconstructed only,Undated OIA,At least one undated
entry,UNRIPE,0.724242,High: ≥0.6,1236,2613,Early-Vedic,Reconstructed only,At least one undated
entry,SAND,0.719907,High: ≥0.6,13386,11580,Early-Vedic,Epic,Dardic earlier
entry,OWN,0.705769,High: ≥0.6,5766,1135,Early-Vedic,Early-Vedic,Same tagged era
entry,BLACK,0.693895,High: ≥0.6,3451,3083,Early-Vedic,Epic,Dardic earlier
entry,LONG,0.676728,High: ≥0.6,6368,10951,Early-Vedic,Epic,Dardic earlier
entry,CAT,0.676136,High: ≥0.6,8298,9237,Reconstructed only,Epic,At least one undated
entry,FLOWER,0.672905,High: ≥0.6,8306,9092,Early-Vedic,Epic,Dardic earlier
entry,SAW,0.670909,High: ≥0.6,6518,2795,Early-Vedic,Classical,Dardic earlier
entry,FROG,0.666667,High: ≥0.6,9746,12159,Undated OIA,Early-Vedic,At least one undated
entry,UNCOOKED RICE,0.666667,High: ≥0.6,5637,4749,Early-Vedic,Reconstructed only,At least one undated
entry,WOOL,0.666667,High: ≥0.6,7638,2424,Early-Vedic,Early-Vedic,Same tagged era
entry,FIRE,0.6525,High: ≥0.6,125,55,Early-Vedic,Undated OIA,At least one undated
entry,WATER,0.650568,High: ≥0.6,1921,8082,Undated OIA,Epic,At least one undated
entry,BE ALIVE,0.647436,High: ≥0.6,5244,5241,Undated OIA,Early-Vedic,At least one undated
entry,BEAR,0.629942,High: ≥0.6,2445,9415,Early-Vedic,Epic,Dardic earlier
entry,TIE,0.626068,High: ≥0.6,4353,9139,Epic,Epic,Same tagged era
entry,SNAKE,0.625149,High: ≥0.6,5110,13271,Early-Vedic,Early-Vedic,Same tagged era
entry,CLOUD,0.610937,High: ≥0.6,549,11567,Early-Vedic,Undated OIA,At least one undated
entry,MOUSE,0.610119,High: ≥0.6,10258,4899,Early-Vedic,Reconstructed only,At least one undated
entry,RIGHT,0.60636,High: ≥0.6,6119,6251,Early-Vedic,Undated OIA,At least one undated
entry,YEAR,0.599418,Middle: 0.4–<0.6,3084,11392,Early-Vedic,Early-Vedic,Same tagged era
entry,ANT,0.596955,Middle: 0.4–<0.6,8201,4822,Early-Vedic,Reconstructed only,At least one undated
entry,READ,0.592857,Middle: 0.4–<0.6,9837,7712,Early-Vedic,Early-Vedic,Same tagged era
entry,HONEY,0.591667,Middle: 0.4–<0.6,9989,9784,Classical,Early-Vedic,Plains earlier
entry,SOUR,0.589683,Middle: 0.4–<0.6,4850,3777,Classical,Undated OIA,At least one undated
entry,CURVED,0.586667,Middle: 0.4–<0.6,3533,5474,Reconstructed only,Undated OIA,At least one undated
entry,DOOR,0.585283,Middle: 0.4–<0.6,6651,6459,Reconstructed only,Reconstructed only,At least one undated
entry,ROOT,0.576096,Middle: 0.4–<0.6,7047,5086,Early-Vedic,Early-Vedic,Same tagged era
entry,WORK (LABOUR),0.572222,Middle: 0.4–<0.6,2892,3078,Early-Vedic,Undated OIA,At least one undated
entry,BARKING,0.57,Middle: 0.4–<0.6,10714,9265,Early-Vedic,Epic,Dardic earlier
entry,ASK (INQUIRE),0.569444,Middle: 0.4–<0.6,3929,8352,Reconstructed only,Early-Vedic,At least one undated
entry,WOUND,0.566919,Middle: 0.4–<0.6,8906,4460,Epic,Epic,Same tagged era
entry,HOUSE,0.565041,Middle: 0.4–<0.6,4336,4428,Early-Vedic,Undated OIA,At least one undated
entry,BLIND,0.564912,Middle: 0.4–<0.6,12717,385,Reconstructed only,Early-Vedic,At least one undated
entry,WINTER,0.563214,Middle: 0.4–<0.6,14164,12486,Early-Vedic,Classical,Dardic earlier
entry,BEAN,0.5625,Middle: 0.4–<0.6,10685,12445,Undated OIA,Classical,At least one undated
entry,GRASSHOPPER,0.559091,Middle: 0.4–<0.6,12345,7721,Reconstructed only,Early-Vedic,At least one undated
entry,PATH,0.555886,Middle: 0.4–<0.6,7785,4009,Early-Vedic,Early-Vedic,Same tagged era
entry,DAUGHTER,0.553853,Middle: 0.4–<0.6,6481,9238,Early-Vedic,Reconstructed only,At least one undated
entry,THIS,0.553704,Middle: 0.4–<0.6,587,2530,Undated OIA,Early-Vedic,At least one undated
entry,COLUMN,0.547576,Middle: 0.4–<0.6,13774,13682,Early-Vedic,Early-Vedic,Same tagged era
entry,RIB,0.544643,Middle: 0.4–<0.6,7948,7948-3,Early-Vedic,Reconstructed only,At least one undated
entry,AXE,0.542857,Middle: 0.4–<0.6,5427,3244,Epic,Epic,Same tagged era
entry,SHEEP,0.542361,Middle: 0.4–<0.6,2512,9606,Early-Vedic,Undated OIA,At least one undated
entry,RAT,0.540476,Middle: 0.4–<0.6,10258,2095,Early-Vedic,Classical,Dardic earlier
entry,BELLY,0.537413,Middle: 0.4–<0.6,1932,8376,Early-Vedic,Reconstructed only,At least one undated
entry,MOUTH,0.53574,Middle: 0.4–<0.6,1533,10158,Early-Vedic,Early-Vedic,Same tagged era
entry,UNHUSKED RICE,0.535714,Middle: 0.4–<0.6,12415,6778,Epic,Early-Vedic,Plains earlier
entry,BIG,0.533964,Middle: 0.4–<0.6,4424,11225,Early-Vedic,Undated OIA,At least one undated
entry,SHIRT,0.533333,Middle: 0.4–<0.6,7838,5415,Early-Vedic,Reconstructed only,At least one undated
entry,MILK,0.532376,Middle: 0.4–<0.6,3696,6391,Early-Vedic,Early-Vedic,Same tagged era
entry,GUEST,0.529773,Middle: 0.4–<0.6,8956,8973,Reconstructed only,Undated OIA,At least one undated
entry,MY,0.523237,Middle: 0.4–<0.6,9691,3873,Undated OIA,Undated OIA,At least one undated
entry,STONE,0.518651,Middle: 0.4–<0.6,11348,8857,Reconstructed only,Early-Vedic,At least one undated
entry,RIVER,0.51861,Middle: 0.4–<0.6,13415,6943,Early-Vedic,Early-Vedic,Same tagged era
entry,SHE,0.518519,Middle: 0.4–<0.6,12815,972,Undated OIA,Early-Vedic,At least one undated
entry,KNEE,0.517647,Middle: 0.4–<0.6,3243,4272,Reconstructed only,Reconstructed only,At least one undated
entry,WORM,0.516827,Middle: 0.4–<0.6,3438,3193,Undated OIA,Early-Vedic,At least one undated
entry,BRAIN,0.516667,Middle: 0.4–<0.6,9926,4197,Early-Vedic,Reconstructed only,At least one undated
entry,PRICE,0.516667,Middle: 0.4–<0.6,10257,6622,Epic,Classical,Dardic earlier
entry,SICKLE,0.515278,Middle: 0.4–<0.6,100,6260,Early-Vedic,Early-Vedic,Same tagged era
entry,HEAVY,0.507986,Middle: 0.4–<0.6,1962,9465,Reconstructed only,Classical,At least one undated
entry,MOUNTAIN,0.506993,Middle: 0.4–<0.6,3792,8141,Epic,Reconstructed only,At least one undated
entry,DOG,0.506916,Middle: 0.4–<0.6,3219,3275,Reconstructed only,Reconstructed only,At least one undated
entry,WHO,0.505263,Middle: 0.4–<0.6,2574,2575,Undated OIA,Undated OIA,At least one undated
entry,MONTH,0.504304,Middle: 0.4–<0.6,10104,f_vbtodh3gxxoq2,Early-Vedic,Other origin,At least one undated
entry,BRANCH,0.500526,Middle: 0.4–<0.6,12260,5546,Early-Vedic,Undated OIA,At least one undated
entry,BUY,0.494444,Middle: 0.4–<0.6,4236,3594,Early-Vedic,Early-Vedic,Same tagged era
entry,LAKE,0.494318,Middle: 0.4–<0.6,13254,8425,Early-Vedic,Epic,Dardic earlier
entry,GRANDSON,0.485625,Middle: 0.4–<0.6,8416,6955b,Early-Vedic,Early-Vedic,Same tagged era
entry,MOON,0.484211,Middle: 0.4–<0.6,5301,4661,Early-Vedic,Early-Vedic,Same tagged era
entry,THIRST,0.483333,Middle: 0.4–<0.6,5943,8199,Reconstructed only,Early-Vedic,At least one undated
entry,DAY (NOT NIGHT),0.481151,Middle: 0.4–<0.6,6333,6328,Early-Vedic,Epic,Dardic earlier
entry,COLD,0.480976,Middle: 0.4–<0.6,12487,13676,Epic,Epic,Same tagged era
entry,DAY AFTER TOMORROW,0.48,Middle: 0.4–<0.6,5912,7799j,Early-Vedic,Epic,Dardic earlier
entry,SKULL,0.48,Middle: 0.4–<0.6,2744,3936,Early-Vedic,Reconstructed only,At least one undated
entry,FORGET,0.478632,Middle: 0.4–<0.6,1265,12021,Epic,Epic,Same tagged era
entry,MOSQUITO,0.476863,Middle: 0.4–<0.6,9085,9757,Reconstructed only,Undated OIA,At least one undated
entry,ROUND,0.473333,Middle: 0.4–<0.6,8171,4321,Reconstructed only,Medieval,At least one undated
entry,BED,0.47123,Middle: 0.4–<0.6,12323,12609,Early-Vedic,Reconstructed only,At least one undated
entry,DEAF,0.468277,Middle: 0.4–<0.6,9268,9130,Undated OIA,Early-Vedic,At least one undated
entry,LEFT,0.462963,Middle: 0.4–<0.6,3832,11533,Early-Vedic,Early-Vedic,Same tagged era
entry,COW,0.457558,Middle: 0.4–<0.6,f_wb26lvatz7tcg,4147,Reconstructed only,Undated OIA,At least one undated
entry,BACK,0.452047,Middle: 0.4–<0.6,5582,8370,Reconstructed only,Undated OIA,At least one undated
entry,WALL (OF HOUSE),0.451389,Middle: 0.4–<0.6,3251,9494,Classical,Early-Vedic,Plains earlier
entry,PALM TREE,0.450658,Middle: 0.4–<0.6,5731,14029,Epic,Undated OIA,At least one undated
entry,BUTTON,0.45,Middle: 0.4–<0.6,5458,12045,Reconstructed only,Epic,At least one undated
entry,FALSE,0.449949,Middle: 0.4–<0.6,5001,5407,Epic,Reconstructed only,At least one undated
entry,COME,0.448549,Middle: 0.4–<0.6,10452,1200,Early-Vedic,Early-Vedic,Same tagged era
entry,SILVER,0.444293,Middle: 0.4–<0.6,10805,4669,Epic,Early-Vedic,Plains earlier
entry,LEG,0.442886,Middle: 0.4–<0.6,3906,5428,Undated OIA,Undated OIA,At least one undated
entry,CHEEK,0.441667,Middle: 0.4–<0.6,2755,4089,Classical,Medieval,Dardic earlier
entry,CARPENTER,0.439444,Middle: 0.4–<0.6,5621,11375,Early-Vedic,Epic,Dardic earlier
entry,UNDERSTAND,0.438141,Middle: 0.4–<0.6,7848,9279,Reconstructed only,Early-Vedic,At least one undated
entry,SIEVE,0.433333,Middle: 0.4–<0.6,7843,4771,Early-Vedic,Epic,Dardic earlier
entry,NIPPLE,0.433025,Middle: 0.4–<0.6,4855,13666,Reconstructed only,Early-Vedic,At least one undated
entry,WINDOW,0.429167,Middle: 0.4–<0.6,6651,3770,Reconstructed only,Undated OIA,At least one undated
entry,WALNUT,0.427778,Middle: 0.4–<0.6,12079,48,Reconstructed only,Classical,At least one undated
entry,SELL,0.425926,Middle: 0.4–<0.6,3594,12100,Early-Vedic,Reconstructed only,At least one undated
entry,WEIGH,0.425926,Middle: 0.4–<0.6,5979,10525,Epic,Reconstructed only,At least one undated
entry,ROOF,0.425505,Middle: 0.4–<0.6,12326,4971,Early-Vedic,Reconstructed only,At least one undated
entry,FIG,0.425,Middle: 0.4–<0.6,2749,174,Epic,Undated OIA,At least one undated
entry,HEAD,0.423799,Middle: 0.4–<0.6,12497,9926,Early-Vedic,Early-Vedic,Same tagged era
entry,WHAT,0.420615,Middle: 0.4–<0.6,3164,3196,Undated OIA,Undated OIA,At least one undated
entry,MOTHER,0.418886,Middle: 0.4–<0.6,1351,10016,Undated OIA,Early-Vedic,At least one undated
entry,ARROW,0.416667,Middle: 0.4–<0.6,3023,9203,Early-Vedic,Early-Vedic,Same tagged era
entry,FILL,0.416667,Middle: 0.4–<0.6,8335,9397,Early-Vedic,Early-Vedic,Same tagged era
entry,BEE,0.405,Middle: 0.4–<0.6,9990,9651,Reconstructed only,Epic,At least one undated
entry,COUNT,0.404167,Middle: 0.4–<0.6,11108,3993,Epic,Epic,Same tagged era
entry,TAIL,0.399942,Middle: 0.2–<0.4,11096,8249,Undated OIA,Early-Vedic,At least one undated
entry,BITTER,0.399123,Middle: 0.2–<0.4,5938,5806,Undated OIA,Epic,At least one undated
entry,NEW,0.397197,Middle: 0.2–<0.4,6983,7025,Early-Vedic,Early-Vedic,Same tagged era
entry,ASH,0.397095,Middle: 0.2–<0.4,5020,10552,Undated OIA,Undated OIA,At least one undated
entry,BREAST,0.396717,Middle: 0.2–<0.4,4855,5014,Reconstructed only,Reconstructed only,At least one undated
entry,SEE,0.396656,Middle: 0.2–<0.4,8012,6507,Early-Vedic,Reconstructed only,At least one undated
entry,OTHER,0.396368,Middle: 0.2–<0.4,434,399,Early-Vedic,Undated OIA,At least one undated
entry,FAT (ORGANIC SUBSTANCE),0.395939,Middle: 0.2–<0.4,10323,f_edny5jsgvz5fk,Early-Vedic,Other origin,At least one undated
entry,SOFT,0.393333,Middle: 0.2–<0.4,3523,f_6ygkx7x6pjw72,Epic,Other origin,At least one undated
entry,DOVE,0.391667,Middle: 0.2–<0.4,2753,8109,Early-Vedic,Early-Vedic,Same tagged era
entry,RED,0.386374,Middle: 0.2–<0.4,11168,f_pa2wkl7fezmhg,Reconstructed only,Other origin,At least one undated
entry,ECLIPSE,0.385714,Middle: 0.2–<0.4,386,4364,Epic,Early-Vedic,Plains earlier
entry,WET,0.382651,Middle: 0.2–<0.4,1340,9502,Early-Vedic,Reconstructed only,At least one undated
entry,ENTER,0.378307,Middle: 0.2–<0.4,227,5592,Early-Vedic,Reconstructed only,At least one undated
entry,SAY,0.375641,Middle: 0.2–<0.4,9837,9383,Early-Vedic,Early-Vedic,Same tagged era
entry,EARTH (SOIL),0.373483,Middle: 0.2–<0.4,6744,10286,Epic,Early-Vedic,Plains earlier
entry,NARROW,0.366111,Middle: 0.2–<0.4,1440,12817,Early-Vedic,Epic,Dardic earlier
entry,BAD,0.365579,Middle: 0.2–<0.4,10930,f_4txbqir4uazlw,Reconstructed only,Other origin,At least one undated
entry,SPIDER WEB,0.364583,Middle: 0.2–<0.4,10042,5213,Early-Vedic,Early-Vedic,Same tagged era
entry,DECEIT,0.363879,Middle: 0.2–<0.4,5001,6894,Epic,Reconstructed only,At least one undated
entry,KNIFE,0.356155,Middle: 0.2–<0.4,2860,f_f5yhi6kl6jazu,Reconstructed only,Other origin,At least one undated
entry,TAKE,0.355873,Middle: 0.2–<0.4,4236,10948,Early-Vedic,Early-Vedic,Same tagged era
entry,CROOKED,0.355801,Middle: 0.2–<0.4,3533,11191,Reconstructed only,Undated OIA,At least one undated
entry,CAP,0.355556,Middle: 0.2–<0.4,3942,5481,Medieval,Reconstructed only,At least one undated
entry,DANCE,0.355,Middle: 0.2–<0.4,7580,7583,Early-Vedic,Early-Vedic,Same tagged era
entry,COPPER,0.352381,Middle: 0.2–<0.4,10752,5779,Medieval,Early-Vedic,Plains earlier
entry,GROW,0.352244,Middle: 0.2–<0.4,11376,1814,Early-Vedic,Early-Vedic,Same tagged era
entry,NECK,0.347854,Middle: 0.2–<0.4,9732,4472,Epic,Reconstructed only,At least one undated
entry,SPLEEN,0.347727,Middle: 0.2–<0.4,12664,9028,Early-Vedic,Early-Vedic,Same tagged era
entry,CALF,0.345445,Middle: 0.2–<0.4,11239,11243,Early-Vedic,Medieval,Dardic earlier
entry,NEIGHBOUR,0.343636,Middle: 0.2–<0.4,4376,8599,Reconstructed only,Epic,At least one undated
entry,STEAL,0.343636,Middle: 0.2–<0.4,447,4933,Reconstructed only,Undated OIA,At least one undated
entry,WOOD,0.334444,Middle: 0.2–<0.4,6298,3120,Epic,Early-Vedic,Plains earlier
entry,POST,0.331333,Middle: 0.2–<0.4,13774,3893,Early-Vedic,Reconstructed only,At least one undated
entry,DAY BEFORE YESTERDAY,0.33,Middle: 0.2–<0.4,1130,7799j,Reconstructed only,Epic,At least one undated
entry,WIDOW,0.329583,Middle: 0.2–<0.4,3001,10593,Reconstructed only,Medieval,At least one undated
entry,WHITE,0.329029,Middle: 0.2–<0.4,8047,6767,Early-Vedic,Classical,Dardic earlier
entry,BRING,0.325758,Middle: 0.2–<0.4,4236,1174,Early-Vedic,Early-Vedic,Same tagged era
entry,LATE,0.325714,Middle: 0.2–<0.4,4824,5590,Undated OIA,Reconstructed only,At least one undated
entry,VEIN,0.325455,Middle: 0.2–<0.4,13794,7047,Reconstructed only,Early-Vedic,At least one undated
entry,YOUNG GOAT (KID),0.325,Middle: 0.2–<0.4,4963,8015,Early-Vedic,Reconstructed only,At least one undated
entry,SON,0.324921,Middle: 0.2–<0.4,8265,9238,Early-Vedic,Reconstructed only,At least one undated
entry,SALIVA,0.322421,Middle: 0.2–<0.4,6097,11027,Reconstructed only,Classical,At least one undated
entry,NEAR,0.322222,Middle: 0.2–<0.4,7136,8118,Undated OIA,Early-Vedic,At least one undated
entry,GREEN,0.31684,Middle: 0.2–<0.4,7563,12672,Early-Vedic,Undated OIA,At least one undated
entry,MIDDLE,0.316783,Middle: 0.2–<0.4,9810,12042,Early-Vedic,Reconstructed only,At least one undated
entry,LAME,0.316667,Middle: 0.2–<0.4,3941,11044,Early-Vedic,Reconstructed only,At least one undated
entry,SEND,0.312579,Middle: 0.2–<0.4,8908,9603,Early-Vedic,Reconstructed only,At least one undated
entry,BOY,0.312206,Middle: 0.2–<0.4,8399,5070,Undated OIA,Reconstructed only,At least one undated
entry,HEAR,0.308625,Middle: 0.2–<0.4,9279,12598,Early-Vedic,Early-Vedic,Same tagged era
entry,BEHIND,0.305455,Middle: 0.2–<0.4,7732,7990,Reconstructed only,Reconstructed only,At least one undated
entry,MILLET,0.304071,Middle: 0.2–<0.4,195,9201,Reconstructed only,Reconstructed only,At least one undated
entry,MANY,0.303015,Middle: 0.2–<0.4,9193,9190,Early-Vedic,Epic,Dardic earlier
entry,RUN,0.300444,Middle: 0.2–<0.4,5727,6624,Reconstructed only,Early-Vedic,At least one undated
entry,MALE GOAT,0.3,Middle: 0.2–<0.4,12056,9312,Early-Vedic,Reconstructed only,At least one undated
entry,SHORT,0.296667,Middle: 0.2–<0.4,3895,5071,Reconstructed only,Reconstructed only,At least one undated
entry,FIREPLACE,0.295139,Middle: 0.2–<0.4,6888,4879,Reconstructed only,Epic,At least one undated
entry,NO,0.29375,Middle: 0.2–<0.4,6906,1031,Early-Vedic,Early-Vedic,Same tagged era
entry,HILL,0.293308,Middle: 0.2–<0.4,6793,8141,Early-Vedic,Reconstructed only,At least one undated
entry,HEEL,0.292929,Middle: 0.2–<0.4,3911,191,Undated OIA,Reconstructed only,At least one undated
entry,MALE,0.292411,Middle: 0.2–<0.4,12056,6970,Early-Vedic,Early-Vedic,Same tagged era
entry,GO OUT,0.292393,Middle: 0.2–<0.4,7479,7478,Reconstructed only,Reconstructed only,At least one undated
entry,DEW,0.286633,Middle: 0.2–<0.4,8989,855,Undated OIA,Undated OIA,At least one undated
entry,WOMAN,0.286618,Middle: 0.2–<0.4,13734,f_k66mptwk5okq6,Early-Vedic,Reconstructed only,At least one undated
entry,TESTICLES,0.283333,Middle: 0.2–<0.4,3331,1111,Epic,Early-Vedic,Plains earlier
entry,UDDER,0.28,Middle: 0.2–<0.4,2403,13666,Undated OIA,Early-Vedic,At least one undated
entry,STAND,0.278269,Middle: 0.2–<0.4,1907,2426,Early-Vedic,Early-Vedic,Same tagged era
entry,HEART,0.278245,Middle: 0.2–<0.4,14152,f_jl7b6dgwhptmm,Early-Vedic,Other origin,At least one undated
entry,BLOOD,0.272844,Middle: 0.2–<0.4,10539,11165,Early-Vedic,Early-Vedic,Same tagged era
entry,ALONE,0.265741,Middle: 0.2–<0.4,3470,2506,Early-Vedic,Reconstructed only,At least one undated
entry,SUNSHINE,0.265714,Middle: 0.2–<0.4,13574,4445,Early-Vedic,Early-Vedic,Same tagged era
entry,WE,0.265625,Middle: 0.2–<0.4,11302,986,Early-Vedic,Undated OIA,At least one undated
entry,FACE,0.265476,Middle: 0.2–<0.4,10174,10247,Early-Vedic,Early-Vedic,Same tagged era
entry,LIGHT (RADIATION),0.265077,Middle: 0.2–<0.4,8711,10896,Reconstructed only,Early-Vedic,At least one undated
entry,LOW,0.263462,Middle: 0.2–<0.4,10995,7540,Reconstructed only,Epic,At least one undated
entry,STRAIGHT,0.261212,Middle: 0.2–<0.4,13548,12632,Reconstructed only,Epic,At least one undated
entry,RESIN,0.259821,Middle: 0.2–<0.4,3187,10715,Epic,Undated OIA,At least one undated
entry,THREAD,0.258102,Middle: 0.2–<0.4,6236,6225,Early-Vedic,Undated OIA,At least one undated
entry,GRIND,0.258073,Middle: 0.2–<0.4,8386,8142,Early-Vedic,Early-Vedic,Same tagged era
entry,I,0.255556,Middle: 0.2–<0.4,992,9691,Early-Vedic,Undated OIA,At least one undated
entry,LEOPARD,0.253472,Middle: 0.2–<0.4,9341,4804,Undated OIA,Epic,At least one undated
entry,SCORPION,0.252381,Middle: 0.2–<0.4,5478,12081,Undated OIA,Early-Vedic,At least one undated
entry,GRANDDAUGHTER,0.25,Middle: 0.2–<0.4,8417,6955b,Epic,Early-Vedic,Plains earlier
entry,TEAR (OF EYE),0.25,Middle: 0.2–<0.4,919,10839,Early-Vedic,Early-Vedic,Same tagged era
entry,PATERNAL AUNT (FATHER'S SISTER),0.247308,Middle: 0.2–<0.4,9089,6890,Reconstructed only,Epic,At least one undated
entry,RAINBOW,0.246795,Middle: 0.2–<0.4,1577,6726,Early-Vedic,Early-Vedic,Same tagged era
entry,SPIDER,0.245897,Middle: 0.2–<0.4,9268,9883,Undated OIA,Undated OIA,At least one undated
entry,BODY,0.244375,Middle: 0.2–<0.4,5244,6557,Undated OIA,Early-Vedic,At least one undated
entry,SUN,0.24375,Middle: 0.2–<0.4,13574,6328,Early-Vedic,Epic,Dardic earlier
entry,BURN,0.243586,Middle: 0.2–<0.4,6248,5306,Early-Vedic,Early-Vedic,Same tagged era
entry,BATHE,0.24,Middle: 0.2–<0.4,13789,6803,Early-Vedic,Early-Vedic,Same tagged era
entry,SHARP,0.238846,Middle: 0.2–<0.4,5839,4918,Early-Vedic,Epic,Dardic earlier
entry,BURY,0.238636,Middle: 0.2–<0.4,6173,3979,Reconstructed only,Reconstructed only,At least one undated
entry,GRINDSTONE,0.2375,Middle: 0.2–<0.4,11348,8253,Reconstructed only,Epic,At least one undated
entry,MATERNAL GRANDFATHER,0.237143,Middle: 0.2–<0.4,10055,7059,Classical,Reconstructed only,At least one undated
entry,LEAD (GUIDE),0.236458,Middle: 0.2–<0.4,6966,13445,Early-Vedic,Early-Vedic,Same tagged era
entry,GO,0.236023,Middle: 0.2–<0.4,4939,10452,Early-Vedic,Early-Vedic,Same tagged era
entry,RIPE,0.235714,Middle: 0.2–<0.4,7654,7621,Early-Vedic,Early-Vedic,Same tagged era
entry,FIELD,0.235407,Middle: 0.2–<0.4,9557,3735,Early-Vedic,Early-Vedic,Same tagged era
entry,ADZE,0.233333,Middle: 0.2–<0.4,5618,11588,Classical,Early-Vedic,Plains earlier
entry,BRASS,0.232143,Middle: 0.2–<0.4,10752,8184,Medieval,Undated OIA,At least one undated
entry,FATHER,0.231305,Middle: 0.2–<0.4,9935,8179,Epic,Early-Vedic,Plains earlier
entry,MEASURE,0.230889,Middle: 0.2–<0.4,5979,10054,Epic,Reconstructed only,At least one undated
entry,PATERNAL UNCLE (FATHER'S BROTHER),0.230682,Middle: 0.2–<0.4,8188,2998,Early-Vedic,Reconstructed only,At least one undated
entry,CO-WIFE,0.229474,Middle: 0.2–<0.4,10453,13130,Epic,Early-Vedic,Plains earlier
entry,SMOOTH,0.229167,Middle: 0.2–<0.4,8152,4782,Epic,Epic,Same tagged era
entry,CHEST,0.226377,Middle: 0.2–<0.4,3607,5014,Early-Vedic,Reconstructed only,At least one undated
entry,FOAM,0.225,Middle: 0.2–<0.4,9108,3959,Early-Vedic,Reconstructed only,At least one undated
entry,PULL,0.222546,Middle: 0.2–<0.4,6613,5762,Reconstructed only,Epic,At least one undated
entry,INSIDE,0.222222,Middle: 0.2–<0.4,357,9504,Early-Vedic,Reconstructed only,At least one undated
entry,FEVER,0.222115,Middle: 0.2–<0.4,8519,5303,Medieval,Epic,Plains earlier
entry,PATH OR ROAD,0.221429,Middle: 0.2–<0.4,7785,10071,Early-Vedic,Epic,Dardic earlier
entry,SPRINGTIME,0.219318,Middle: 0.2–<0.4,11439,4915,Early-Vedic,Early-Vedic,Same tagged era
entry,POUR,0.219167,Middle: 0.2–<0.4,5735,5581,Undated OIA,Reconstructed only,At least one undated
entry,FEW,0.218915,Middle: 0.2–<0.4,722,13720,Early-Vedic,Early-Vedic,Same tagged era
entry,HURT (SOMEBODY),0.217593,Middle: 0.2–<0.4,12576,6376,Epic,Undated OIA,At least one undated
entry,BOW,0.217546,Middle: 0.2–<0.4,6636,6956,Undated OIA,Early-Vedic,At least one undated
entry,ALL,0.217277,Middle: 0.2–<0.4,9568,13276,Early-Vedic,Early-Vedic,Same tagged era
entry,MELT,0.216396,Middle: 0.2–<0.4,11906,4074,Early-Vedic,Classical,Dardic earlier
entry,UPPER LEG (THIGH),0.215476,Middle: 0.2–<0.4,9742,5082,Early-Vedic,Early-Vedic,Same tagged era
entry,CRY,0.214286,Middle: 0.2–<0.4,10734,10840,Reconstructed only,Early-Vedic,At least one undated
entry,ROAD,0.214144,Middle: 0.2–<0.4,7785,13577-2,Early-Vedic,Reconstructed only,At least one undated
entry,REED,0.212946,Middle: 0.2–<0.4,6936,12101,Early-Vedic,Early-Vedic,Same tagged era
entry,LIGHTNING,0.210349,Middle: 0.2–<0.4,9650,11745,Undated OIA,Medieval,At least one undated
entry,NAKED,0.210133,Middle: 0.2–<0.4,7502,6926,Reconstructed only,Early-Vedic,At least one undated
entry,HUSBAND,0.209647,Middle: 0.2–<0.4,9467,4435,Reconstructed only,Reconstructed only,At least one undated
entry,WORD,0.209407,Middle: 0.2–<0.4,11564,11199,Epic,Early-Vedic,Plains earlier
entry,WATERFALL,0.208333,Middle: 0.2–<0.4,3662,5343,Epic,Undated OIA,At least one undated
entry,LIE DOWN,0.207143,Middle: 0.2–<0.4,7722,11109,Early-Vedic,Epic,Dardic earlier
entry,BE,0.207075,Middle: 0.2–<0.4,13768,1031,Early-Vedic,Early-Vedic,Same tagged era
entry,DIE,0.206144,Middle: 0.2–<0.4,10278,9871,Early-Vedic,Early-Vedic,Same tagged era
entry,SEIZE,0.203869,Middle: 0.2–<0.4,4236,7619,Early-Vedic,Reconstructed only,At least one undated
entry,AGAIN,0.20236,Middle: 0.2–<0.4,4474,9078,Reconstructed only,Reconstructed only,At least one undated
entry,GO DOWN (DESCEND),0.201885,Middle: 0.2–<0.4,10905,1770,Epic,Early-Vedic,Plains earlier
entry,COOK (SOMETHING),0.200651,Middle: 0.2–<0.4,7654,10616,Early-Vedic,Early-Vedic,Same tagged era
entry,GARLIC,0.2,Middle: 0.2–<0.4,2390,10990,Undated OIA,Early-Vedic,At least one undated
entry,TODAY,0.2,Middle: 0.2–<0.4,7576,242,Early-Vedic,Undated OIA,At least one undated
entry,FOX,0.199306,Low: <0.2,11142,3878,Reconstructed only,Undated OIA,At least one undated
entry,RAIN (PRECIPITATION),0.198947,Low: <0.2,549,10302,Early-Vedic,Early-Vedic,Same tagged era
entry,TREE,0.195734,Low: <0.2,13682,10757,Early-Vedic,Reconstructed only,At least one undated
entry,FOOT,0.19447,Low: <0.2,3906,7756,Undated OIA,Reconstructed only,At least one undated
entry,HAIL,0.194318,Low: <0.2,910,2782,Early-Vedic,Undated OIA,At least one undated
entry,THEY,0.193519,Low: <0.2,5612,972,Undated OIA,Early-Vedic,At least one undated
entry,BREAK (DESTROY OR GET DESTROYED),0.192411,Low: <0.2,13858,6079,Reconstructed only,Classical,At least one undated
entry,MIDDAY,0.192,Low: <0.2,4530,f_jg7fkl55nyhjm,Reconstructed only,Reconstructed only,At least one undated
entry,PARTRIDGE,0.191667,Low: <0.2,11361,5809,Early-Vedic,Early-Vedic,Same tagged era
entry,DIFFERENT,0.190833,Low: <0.2,434,404,Early-Vedic,Reconstructed only,At least one undated
entry,FLOCK (OF ANIMALS),0.189495,Low: <0.2,10632,f_dcjngpsq6a35w,Undated OIA,Reconstructed only,At least one undated
entry,STOMACH,0.189236,Low: <0.2,5589,8376,Reconstructed only,Reconstructed only,At least one undated
entry,BELOW OR UNDER,0.188761,Low: <0.2,9280,7540,Undated OIA,Epic,At least one undated
entry,SPIT,0.188571,Low: <0.2,6097,12575,Reconstructed only,Early-Vedic,At least one undated
entry,LIP,0.187564,Low: <0.2,12516,245a,Epic,Reconstructed only,At least one undated
entry,BROKEN,0.186742,Low: <0.2,13858,6065,Reconstructed only,Epic,At least one undated
entry,GO UP (ASCEND),0.186667,Low: <0.2,3857,4578,Reconstructed only,Reconstructed only,At least one undated
entry,SWEAT (SUBSTANCE),0.186466,Low: <0.2,5685,8897,Early-Vedic,Epic,Dardic earlier
entry,ROPE,0.186178,Low: <0.2,6283,10648,Early-Vedic,Early-Vedic,Same tagged era
entry,JOINT,0.184936,Low: <0.2,9136,4354,Early-Vedic,Early-Vedic,Same tagged era
entry,PUPPY,0.184722,Low: <0.2,3329,8214,Early-Vedic,Reconstructed only,At least one undated
entry,LANGUAGE,0.183333,Low: <0.2,5228,9479,Early-Vedic,Epic,Dardic earlier
entry,PUT ON,0.183333,Low: <0.2,9139,7835,Epic,Early-Vedic,Plains earlier
entry,VEGETABLES,0.182143,Low: <0.2,12370,9401,Early-Vedic,Classical,Dardic earlier
entry,TOMORROW,0.18192,Low: <0.2,10763,3104,Early-Vedic,Undated OIA,At least one undated
entry,DARKNESS,0.180926,Low: <0.2,1187,386,Classical,Epic,Plains earlier
entry,SAP,0.18,Low: <0.2,3696,10650,Early-Vedic,Early-Vedic,Same tagged era
entry,TRUE,0.179812,Low: <0.2,13334,13112,Early-Vedic,Early-Vedic,Same tagged era
entry,BROWN,0.179253,Low: <0.2,4345,9690,Early-Vedic,Reconstructed only,At least one undated
entry,WALK,0.179012,Low: <0.2,5836,4721,Epic,Reconstructed only,At least one undated
entry,SMELL,0.177778,Low: <0.2,4014,4131,Early-Vedic,Reconstructed only,At least one undated
entry,BOIL,0.177352,Low: <0.2,7654-2,3760,Reconstructed only,Reconstructed only,At least one undated
entry,HANDLE,0.175714,Low: <0.2,6128,12045,Early-Vedic,Epic,Dardic earlier
entry,WEAR,0.175648,Low: <0.2,1260,7835,Epic,Early-Vedic,Plains earlier
entry,PICK,0.173056,Low: <0.2,1809,6079,Undated OIA,Classical,At least one undated
entry,EVENING,0.172703,Low: <0.2,5692,12918,Early-Vedic,Early-Vedic,Same tagged era
entry,FLEE,0.172294,Low: <0.2,5534,9361,Epic,Early-Vedic,Plains earlier
entry,DO,0.170278,Low: <0.2,13756,2814,Early-Vedic,Early-Vedic,Same tagged era
entry,THIRSTY,0.168056,Low: <0.2,5944,8200,Early-Vedic,Epic,Dardic earlier
entry,BECOME,0.167951,Low: <0.2,9416,13773,Early-Vedic,Epic,Dardic earlier
entry,FOREHEAD,0.167782,Low: <0.2,5803,2744,Early-Vedic,Early-Vedic,Same tagged era
entry,DRY UP,0.1675,Low: <0.2,12559,12552,Early-Vedic,Reconstructed only,At least one undated
entry,ANGER,0.167222,Low: <0.2,10856,10674,Undated OIA,Undated OIA,At least one undated
entry,DIG,0.166927,Low: <0.2,3489,3934,Reconstructed only,Reconstructed only,At least one undated
entry,RING,0.166014,Low: <0.2,138,10203,Undated OIA,Epic,At least one undated
entry,SPINDLE,0.165714,Low: <0.2,5717,5717-5,Early-Vedic,Reconstructed only,At least one undated
entry,BOARD,0.165,Low: <0.2,9493,7699,Early-Vedic,Epic,Dardic earlier
entry,CHICKEN,0.163889,Low: <0.2,4571,f_3smlfjflb2ukg,Epic,Other origin,At least one undated
entry,HOT,0.16366,Low: <0.2,5679,2389,Early-Vedic,Early-Vedic,Same tagged era
entry,SCARF OR TURBAN,0.163519,Low: <0.2,10918,7644,Reconstructed only,Reconstructed only,At least one undated
entry,BRIGHT,0.163167,Low: <0.2,8711,1670,Reconstructed only,Epic,At least one undated
entry,TWIST,0.162338,Low: <0.2,12132,11356,Early-Vedic,Early-Vedic,Same tagged era
entry,SHEPHERD,0.161458,Low: <0.2,7987,10548,Epic,Classical,Dardic earlier
entry,BROOM,0.161373,Low: <0.2,10081,9188,Early-Vedic,Early-Vedic,Same tagged era
entry,GOAT,0.161244,Low: <0.2,145,9153,Undated OIA,Early-Vedic,At least one undated
entry,SKIN,0.160731,Low: <0.2,4124,3848,Early-Vedic,Classical,Dardic earlier
entry,SHOW,0.16,Low: <0.2,8134,6507,Reconstructed only,Reconstructed only,At least one undated
entry,THEN,0.157619,Low: <0.2,5639,5753,Early-Vedic,Early-Vedic,Same tagged era
entry,SLAVE,0.157153,Low: <0.2,10984,9135,Reconstructed only,Classical,At least one undated
entry,ABOVE,0.156692,Low: <0.2,2426,2333,Early-Vedic,Reconstructed only,At least one undated
entry,HERD (SOMETHING),0.156667,Low: <0.2,10632,11331,Undated OIA,Early-Vedic,At least one undated
entry,LIZARD,0.156667,Low: <0.2,3418,4431,Early-Vedic,Reconstructed only,At least one undated
entry,JAW,0.155556,Low: <0.2,5137,13966,Early-Vedic,Early-Vedic,Same tagged era
entry,LOAD,0.155425,Low: <0.2,9459,9393,Early-Vedic,Early-Vedic,Same tagged era
entry,BEAT,0.155093,Low: <0.2,6145,8165,Early-Vedic,Early-Vedic,Same tagged era
entry,WRIST,0.155048,Low: <0.2,4214,7047,Reconstructed only,Early-Vedic,At least one undated
entry,CLIMB,0.154375,Low: <0.2,1892,4578,Reconstructed only,Reconstructed only,At least one undated
entry,NAIL (TOOL),0.153846,Low: <0.2,6920,6914,Early-Vedic,Early-Vedic,Same tagged era
entry,FLY (MOVE THROUGH AIR),0.153213,Low: <0.2,9085,9696,Reconstructed only,Undated OIA,At least one undated
entry,SHAVE,0.152381,Low: <0.2,7138,10194,Reconstructed only,Classical,At least one undated
entry,TORCH,0.152381,Low: <0.2,12622,2362,Reconstructed only,Early-Vedic,At least one undated
entry,GRANDFATHER,0.151648,Low: <0.2,9209,1348,Reconstructed only,Epic,At least one undated
entry,ROCK,0.15,Low: <0.2,11348,11080,Reconstructed only,Epic,At least one undated
entry,LIFE,0.14933,Low: <0.2,5247,5239,Early-Vedic,Early-Vedic,Same tagged era
entry,POISON,0.148148,Low: <0.2,11968,4038,Early-Vedic,Epic,Dardic earlier
entry,COOKED,0.146667,Low: <0.2,7654,2457,Early-Vedic,Early-Vedic,Same tagged era
entry,SMILE,0.146667,Low: <0.2,3725,12030,Reconstructed only,Epic,At least one undated
entry,MARROW,0.145833,Low: <0.2,10323,9712,Early-Vedic,Undated OIA,At least one undated
entry,THRESH,0.145833,Low: <0.2,3708,5328,Epic,Reconstructed only,At least one undated
entry,JOIN,0.145556,Low: <0.2,3980,10496,Reconstructed only,Reconstructed only,At least one undated
entry,OX,0.145556,Low: <0.2,4147,9176,Undated OIA,Early-Vedic,At least one undated
entry,ITCH,0.145455,Low: <0.2,738,3854,Reconstructed only,Undated OIA,At least one undated
entry,HIDE,0.14375,Low: <0.2,447,4701,Reconstructed only,Early-Vedic,At least one undated
entry,SPEAK,0.14375,Low: <0.2,9837,9321,Early-Vedic,Reconstructed only,At least one undated
entry,MAN,0.14308,Low: <0.2,9888,9828,Early-Vedic,Early-Vedic,Same tagged era
entry,WASP,0.142593,Low: <0.2,9651,5065,Epic,Reconstructed only,At least one undated
entry,FIRST,0.14256,Low: <0.2,12982,8652,Early-Vedic,Reconstructed only,At least one undated
entry,BUTTER,0.142029,Low: <0.2,13674,10378,Reconstructed only,Epic,At least one undated
entry,BULL,0.140756,Low: <0.2,4255,9176,Early-Vedic,Early-Vedic,Same tagged era
entry,THICK,0.140642,Low: <0.2,9330,4118,Reconstructed only,Epic,At least one undated
entry,ARRIVE,0.140476,Low: <0.2,9001,8716,Reconstructed only,Early-Vedic,At least one undated
entry,TIME,0.139904,Low: <0.2,11547,12115,Epic,Early-Vedic,Plains earlier
entry,FRIEND,0.139722,Low: <0.2,6294,10124,Epic,Early-Vedic,Plains earlier
entry,YOKE,0.13927,Low: <0.2,10482,10524,Early-Vedic,Epic,Dardic earlier
entry,WANDER,0.138974,Low: <0.2,5836,4485,Epic,Reconstructed only,At least one undated
entry,PLACE (POSITION),0.138882,Low: <0.2,13753,13760,Early-Vedic,Early-Vedic,Same tagged era
entry,EAT,0.137566,Low: <0.2,10507,3865,Early-Vedic,Early-Vedic,Same tagged era
entry,LOUSE,0.1375,Low: <0.2,10512,1728,Undated OIA,Undated OIA,At least one undated
entry,CAMEL,0.137407,Low: <0.2,2387,2797,Early-Vedic,Epic,Dardic earlier
entry,PREGNANT,0.135625,Low: <0.2,1962,4062,Reconstructed only,Early-Vedic,At least one undated
entry,FLAME,0.135556,Low: <0.2,9480,635,Epic,Undated OIA,At least one undated
entry,CHIN,0.135268,Low: <0.2,5137,5853,Early-Vedic,Early-Vedic,Same tagged era
entry,VULVA,0.135227,Low: <0.2,9524,4860,Reconstructed only,Reconstructed only,At least one undated
entry,BURNING,0.134856,Low: <0.2,5679,6321,Early-Vedic,Early-Vedic,Same tagged era
entry,YELLOW,0.134545,Low: <0.2,13990,13992,Classical,Early-Vedic,Plains earlier
entry,GROUND,0.134343,Low: <0.2,6744,8221,Epic,Reconstructed only,At least one undated
entry,BONE,0.133878,Low: <0.2,958,13952,Undated OIA,Undated OIA,At least one undated
entry,BEAUTIFUL,0.133681,Low: <0.2,12540,12637,Early-Vedic,Early-Vedic,Same tagged era
entry,STOOL,0.132727,Low: <0.2,1484,8222,Early-Vedic,Early-Vedic,Same tagged era
entry,SHOULDERBLADE,0.132143,Low: <0.2,13839,6,Reconstructed only,Early-Vedic,At least one undated
entry,VOMIT,0.131852,Low: <0.2,11294,1960,Early-Vedic,Epic,Dardic earlier
entry,COUGH,0.131111,Low: <0.2,3135,3926,Classical,Reconstructed only,At least one undated
entry,SCRATCH,0.130603,Low: <0.2,3489,3512,Reconstructed only,Reconstructed only,At least one undated
entry,NECKLACE,0.130556,Low: <0.2,4396,14059,Reconstructed only,Epic,At least one undated
entry,DARK,0.130357,Low: <0.2,3690,386,Early-Vedic,Epic,Dardic earlier
entry,WAIST,0.130179,Low: <0.2,5582,10879,Reconstructed only,Reconstructed only,At least one undated
entry,TOWARDS,0.13,Low: <0.2,2830,9493,Early-Vedic,Early-Vedic,Same tagged era
entry,NOT,0.129928,Low: <0.2,7603,6906,Undated OIA,Early-Vedic,At least one undated
entry,SHADE,0.129545,Low: <0.2,422,5020,Undated OIA,Undated OIA,At least one undated
entry,SMALL,0.129446,Low: <0.2,11072,5071,Reconstructed only,Reconstructed only,At least one undated
entry,PULSE,0.129365,Low: <0.2,10198,7047,Early-Vedic,Early-Vedic,Same tagged era
entry,LIE (REST),0.128571,Low: <0.2,10917,5407,Undated OIA,Reconstructed only,At least one undated
entry,WOLF,0.128571,Low: <0.2,4362,f_eus77jo5mdyak,Classical,Reconstructed only,At least one undated
entry,BE BORN,0.127778,Low: <0.2,5204,6555,Early-Vedic,Early-Vedic,Same tagged era
entry,LOSE,0.126731,Low: <0.2,8310,14061,Reconstructed only,Epic,At least one undated
entry,BARK,0.126667,Low: <0.2,8253,5005,Epic,Undated OIA,At least one undated
entry,THROAT,0.125463,Low: <0.2,12675,4070,Reconstructed only,Epic,At least one undated
entry,PORCH,0.125333,Low: <0.2,9740,848,Classical,Reconstructed only,At least one undated
entry,STRING,0.12533,Low: <0.2,13561,6225,Early-Vedic,Undated OIA,At least one undated
entry,BUILD,0.12381,Low: <0.2,6145,4814,Early-Vedic,Early-Vedic,Same tagged era
entry,HIGH TIDE,0.12381,Low: <0.2,773,12076,Reconstructed only,Early-Vedic,At least one undated
entry,HOLD,0.123512,Low: <0.2,6791,6747,Early-Vedic,Epic,Dardic earlier
entry,RECOGNIZE (SOMEBODY),0.123333,Low: <0.2,5193,8637,Early-Vedic,Epic,Dardic earlier
entry,SPEAR,0.123333,Low: <0.2,12352,9409,Early-Vedic,Epic,Dardic earlier
entry,PLOUGH,0.122854,Low: <0.2,3446,4712,Early-Vedic,Reconstructed only,At least one undated
entry,KNOW,0.122751,Low: <0.2,5193,4836,Early-Vedic,Epic,Dardic earlier
entry,ELBOW,0.122294,Low: <0.2,5605,603,Reconstructed only,Early-Vedic,At least one undated
entry,WANT,0.122222,Low: <0.2,4415,12678,Reconstructed only,Early-Vedic,At least one undated
entry,EMERGE (APPEAR),0.121875,Low: <0.2,7479,9481,Reconstructed only,Early-Vedic,At least one undated
entry,DEER,0.121711,Low: <0.2,9885,13982,Reconstructed only,Early-Vedic,At least one undated
entry,FIREWOOD,0.121154,Low: <0.2,6298,10875,Epic,Epic,Same tagged era
entry,REMAIN,0.119524,Low: <0.2,6747,10666,Epic,Reconstructed only,At least one undated
entry,PALM OF HAND,0.119444,Low: <0.2,8358,7075,Undated OIA,Epic,At least one undated
entry,BE HUNGRY,0.119391,Low: <0.2,540,9285,Epic,Epic,Same tagged era
entry,GOOD,0.118562,Low: <0.2,9348,11384,Early-Vedic,Epic,Dardic earlier
entry,RAVINE,0.117284,Low: <0.2,4453,4468,Reconstructed only,Undated OIA,At least one undated
entry,HARD,0.115909,Low: <0.2,2587,7360,Undated OIA,Medieval,At least one undated
entry,OPEN,0.115831,Low: <0.2,12168,3945,Reconstructed only,Reconstructed only,At least one undated
entry,DUNG (ANIMAL FAECES),0.115323,Low: <0.2,8139,3863,Undated OIA,Undated OIA,At least one undated
entry,GRANDMOTHER,0.114286,Low: <0.2,6261,7059,Reconstructed only,Reconstructed only,At least one undated
entry,REST,0.114286,Low: <0.2,11949,13479,Epic,Early-Vedic,Plains earlier
entry,ROTTEN,0.113636,Low: <0.2,5617,12268,Epic,Epic,Same tagged era
entry,SWEET,0.113438,Low: <0.2,9793,10299,Early-Vedic,Early-Vedic,Same tagged era
entry,DEEP,0.113021,Low: <0.2,4201,4024,Early-Vedic,Early-Vedic,Same tagged era
entry,SHIELD,0.112963,Low: <0.2,3915,2547,Undated OIA,Reconstructed only,At least one undated
entry,SEED,0.111623,Low: <0.2,9250,5827,Early-Vedic,Early-Vedic,Same tagged era
entry,JACKAL,0.10943,Low: <0.2,12578,9112,Undated OIA,Medieval,At least one undated
entry,AND,0.109127,Low: <0.2,5649,434,Early-Vedic,Early-Vedic,Same tagged era
entry,NOW,0.108571,Low: <0.2,f_2ig5mcwn2zgm2,268,Reconstructed only,Early-Vedic,At least one undated
entry,DIRTY,0.107389,Low: <0.2,3153,9904,Reconstructed only,Reconstructed only,At least one undated
entry,PENIS,0.106777,Low: <0.2,10917,10875,Undated OIA,Epic,At least one undated
entry,ONE,0.105528,Low: <0.2,2462,8074,Early-Vedic,Epic,Dardic earlier
entry,GO UP OR RISE (ONESELF),0.105429,Low: <0.2,1900,4578,Reconstructed only,Reconstructed only,At least one undated
entry,FINGER,0.104762,Low: <0.2,135,134,Early-Vedic,Epic,Dardic earlier
entry,FLOUR,0.103877,Low: <0.2,492,1338,Undated OIA,Reconstructed only,At least one undated
entry,CUT,0.103824,Low: <0.2,5046,2854,Reconstructed only,Epic,At least one undated
entry,SLEEP,0.103495,Low: <0.2,13929,13479,Reconstructed only,Early-Vedic,At least one undated
entry,LOOK,0.103125,Low: <0.2,13743,6507,Reconstructed only,Reconstructed only,At least one undated
entry,OUTSIDE,0.103125,Low: <0.2,9228,9226,Reconstructed only,Reconstructed only,At least one undated
entry,THERE,0.101786,Low: <0.2,228,1564,Undated OIA,Undated OIA,At least one undated
entry,GET,0.101136,Low: <0.2,10948,8943,Early-Vedic,Early-Vedic,Same tagged era
entry,BOW STRING,0.100962,Low: <0.2,4190,5660,Early-Vedic,Early-Vedic,Same tagged era
entry,FEAR (BE AFRAID),0.098152,Low: <0.2,9241,6186,Early-Vedic,Epic,Dardic earlier
entry,RUB,0.097527,Low: <0.2,9890,9870,Epic,Reconstructed only,At least one undated
entry,GUARD,0.0975,Low: <0.2,10547,8900,Early-Vedic,Medieval,Dardic earlier
entry,HIP,0.097143,Low: <0.2,12729,3353,Early-Vedic,Reconstructed only,At least one undated
entry,EGG,0.096955,Low: <0.2,13776,5550,Early-Vedic,Classical,Dardic earlier
entry,GRAIN,0.096111,Low: <0.2,9250,398,Early-Vedic,Early-Vedic,Same tagged era
entry,GROOM,0.095893,Low: <0.2,5198,11309,Early-Vedic,Early-Vedic,Same tagged era
entry,ACHE,0.095,Low: <0.2,12576,5330,Epic,Classical,Dardic earlier
entry,DRUM,0.094182,Low: <0.2,5608,5525,Undated OIA,Reconstructed only,At least one undated
entry,YAWN,0.093333,Low: <0.2,5265,14058,Early-Vedic,Epic,Dardic earlier
entry,WING,0.092826,Low: <0.2,8025,5535,Undated OIA,Undated OIA,At least one undated
entry,FALL,0.092583,Low: <0.2,4074,7722,Classical,Early-Vedic,Plains earlier
entry,POND,0.092308,Low: <0.2,5578,8425,Reconstructed only,Epic,At least one undated
entry,SPLIT,0.091749,Low: <0.2,9058,13845,Epic,Reconstructed only,At least one undated
entry,HEAT,0.091136,Low: <0.2,5684,635,Early-Vedic,Undated OIA,At least one undated
entry,LAMB,0.091071,Low: <0.2,9263,11116,Reconstructed only,Reconstructed only,At least one undated
entry,PUT,0.090455,Low: <0.2,6145,10547,Early-Vedic,Early-Vedic,Same tagged era
entry,HOE,0.09,Low: <0.2,2909,3286,Undated OIA,Undated OIA,At least one undated
entry,DRY,0.089836,Low: <0.2,12559,12548,Early-Vedic,Early-Vedic,Same tagged era
entry,PORCUPINE,0.089773,Low: <0.2,12353,12766,Early-Vedic,Early-Vedic,Same tagged era
entry,SLOPE,0.088889,Low: <0.2,6644,1769,Classical,Early-Vedic,Plains earlier
entry,WHEAT,0.088803,Low: <0.2,4287,2665,Early-Vedic,Medieval,Dardic earlier
entry,WHICH,0.08875,Low: <0.2,3164,2575,Undated OIA,Undated OIA,At least one undated
entry,BLOW (OF WIND),0.08854,Low: <0.2,9102,5513,Reconstructed only,Reconstructed only,At least one undated
entry,DAWN,0.088525,Low: <0.2,11120,9634,Reconstructed only,Reconstructed only,At least one undated
entry,FIST,0.087051,Low: <0.2,10221,4498,Early-Vedic,Reconstructed only,At least one undated
entry,FOOD,0.086458,Low: <0.2,491,1544,Early-Vedic,Early-Vedic,Same tagged era
entry,YOU,0.086429,Low: <0.2,10511,1135,Undated OIA,Early-Vedic,At least one undated
entry,WEAVE,0.085556,Low: <0.2,5663,11773,Early-Vedic,Reconstructed only,At least one undated
entry,SPRING (OF WATER),0.084286,Low: <0.2,1869,5380,Early-Vedic,Reconstructed only,At least one undated
entry,STRAW,0.083995,Low: <0.2,5892,7958,Early-Vedic,Epic,Dardic earlier
entry,WASH,0.083889,Low: <0.2,3719,6886,Reconstructed only,Early-Vedic,At least one undated
entry,PLAY,0.083761,Low: <0.2,7583,3918,Early-Vedic,Undated OIA,At least one undated
entry,DISTANCE,0.083333,Low: <0.2,6495,7785,Early-Vedic,Early-Vedic,Same tagged era
entry,BREAD,0.083175,Low: <0.2,4321,10837,Medieval,Reconstructed only,At least one undated
entry,RAM,0.083056,Low: <0.2,10310,9606,Undated OIA,Undated OIA,At least one undated
entry,CHILD,0.08172,Low: <0.2,3245,5070,Reconstructed only,Reconstructed only,At least one undated
entry,THROW,0.081212,Low: <0.2,5735,10640,Undated OIA,Reconstructed only,At least one undated
entry,BLUNT,0.081019,Low: <0.2,9263,9532,Reconstructed only,Reconstructed only,At least one undated
entry,SELF,0.080159,Low: <0.2,9102,1135,Reconstructed only,Early-Vedic,At least one undated
entry,MANGO,0.079032,Low: <0.2,1268,3475,Early-Vedic,Epic,Dardic earlier
entry,TURN,0.078698,Low: <0.2,11547,8041,Epic,Reconstructed only,At least one undated
entry,BITE,0.077976,Low: <0.2,4675,2854,Reconstructed only,Epic,At least one undated
entry,HOLE,0.076905,Low: <0.2,4872,5043,Reconstructed only,Early-Vedic,At least one undated
entry,SWIM,0.076339,Low: <0.2,6624,5702,Early-Vedic,Early-Vedic,Same tagged era
entry,EYE,0.07625,Low: <0.2,919,4560,Early-Vedic,Early-Vedic,Same tagged era
entry,STRONG,0.075,Low: <0.2,9330,9161,Reconstructed only,Early-Vedic,At least one undated
entry,SISTER,0.074167,Low: <0.2,13913,6479,Early-Vedic,Reconstructed only,At least one undated
entry,IN FRONT OF,0.073558,Low: <0.2,8281,68,Undated OIA,Early-Vedic,At least one undated
entry,TWO,0.072991,Low: <0.2,6648,651,Undated OIA,Early-Vedic,At least one undated
entry,SKY,0.072826,Low: <0.2,1008,f_lmwk7knn4svus,Early-Vedic,Other origin,At least one undated
entry,THIN,0.072821,Low: <0.2,4889,7736,Classical,Undated OIA,At least one undated
entry,MEAT,0.071667,Low: <0.2,395,f_fnwdoz5wjhgai,Early-Vedic,Other origin,At least one undated
entry,OLD,0.071585,Low: <0.2,5524,5260,Undated OIA,Early-Vedic,At least one undated
entry,WEAK,0.071465,Low: <0.2,10789,6438,Reconstructed only,Early-Vedic,At least one undated
entry,THIEF,0.071429,Low: <0.2,10216,5489,Epic,Reconstructed only,At least one undated
entry,MAIZE,0.071053,Low: <0.2,10437,9879,Undated OIA,Undated OIA,At least one undated
entry,MORNING,0.070498,Low: <0.2,10763,11813,Early-Vedic,Reconstructed only,At least one undated
entry,GATHER,0.07,Low: <0.2,8751,4814,Epic,Early-Vedic,Plains earlier
entry,VILLAGE,0.069987,Low: <0.2,4368,11448,Early-Vedic,Undated OIA,At least one undated
entry,STRIKE,0.069624,Low: <0.2,11004,5513,Early-Vedic,Reconstructed only,At least one undated
entry,STICK,0.06875,Low: <0.2,6638,10991,Reconstructed only,Reconstructed only,At least one undated
entry,CLOTHES,0.066562,Low: <0.2,7700,2871,Epic,Classical,Dardic earlier
entry,EVIL,0.066481,Low: <0.2,10930,9289,Reconstructed only,Reconstructed only,At least one undated
entry,SIT,0.066176,Low: <0.2,7467,2245,Early-Vedic,Early-Vedic,Same tagged era
entry,PESTLE,0.063988,Low: <0.2,10223,5596,Early-Vedic,Reconstructed only,At least one undated
entry,AWAKE,0.06375,Low: <0.2,9279,5174,Early-Vedic,Early-Vedic,Same tagged era
entry,EMPTY,0.062986,Low: <0.2,5850,11517,Early-Vedic,Epic,Dardic earlier
entry,TIRED,0.06176,Low: <0.2,3856,3027,Reconstructed only,Epic,At least one undated
entry,GUTS,0.061667,Low: <0.2,2417,8376,Undated OIA,Reconstructed only,At least one undated
entry,MATERNAL UNCLE (MOTHER'S BROTHER),0.060641,Low: <0.2,10009,10055,Early-Vedic,Classical,Dardic earlier
entry,SLEEVE,0.06,Low: <0.2,9230,9233,Reconstructed only,Undated OIA,At least one undated
entry,CLOTH,0.05997,Low: <0.2,5466,2871,Reconstructed only,Classical,At least one undated
entry,LOOSE,0.059875,Low: <0.2,12009,5590,Epic,Reconstructed only,At least one undated
entry,BREATH,0.057576,Low: <0.2,6730,12769,Epic,Epic,Same tagged era
entry,SPLIT OPEN,0.057253,Low: <0.2,5989,5988,Reconstructed only,Undated OIA,At least one undated
entry,VALLEY,0.05641,Low: <0.2,4453,6644,Reconstructed only,Classical,At least one undated
entry,GENTLE,0.056313,Low: <0.2,3523,8395,Epic,Reconstructed only,At least one undated
entry,MOTHER-IN-LAW,0.05625,Low: <0.2,5286,10058,Undated OIA,Reconstructed only,At least one undated
entry,LOST,0.055903,Low: <0.2,8310,3653,Reconstructed only,Medieval,At least one undated
entry,STREAM,0.055769,Low: <0.2,4453,6788,Reconstructed only,Early-Vedic,At least one undated
entry,FULL,0.055386,Low: <0.2,8342,8330,Undated OIA,Classical,At least one undated
entry,GRASS,0.055222,Low: <0.2,4471,3769,Early-Vedic,Undated OIA,At least one undated
entry,MAKE,0.054563,Low: <0.2,2814,9710,Early-Vedic,Reconstructed only,At least one undated
entry,DIRT,0.05439,Low: <0.2,9899,9904,Early-Vedic,Reconstructed only,At least one undated
entry,TEAR (SHRED),0.053571,Low: <0.2,9058,5043,Epic,Early-Vedic,Plains earlier
entry,FRUIT,0.05328,Low: <0.2,11031,9051,Classical,Early-Vedic,Plains earlier
entry,PERSON,0.052991,Low: <0.2,10049,5098,Undated OIA,Early-Vedic,At least one undated
entry,CRUSH,0.0525,Low: <0.2,3241,4802,Classical,Reconstructed only,At least one undated
entry,FLESH,0.052308,Low: <0.2,9982,f_fnwdoz5wjhgai,Undated OIA,Other origin,At least one undated
entry,SPREAD OUT,0.052209,Low: <0.2,2269,8838,Early-Vedic,Early-Vedic,Same tagged era
entry,HAIR,0.051641,Low: <0.2,5095,4883,Reconstructed only,Early-Vedic,At least one undated
entry,TRUTH,0.051429,Low: <0.2,9377,13112,Early-Vedic,Early-Vedic,Same tagged era
entry,WITH,0.051346,Low: <0.2,4236,13364,Early-Vedic,Epic,Dardic earlier
entry,FAECES (EXCREMENT),0.051282,Low: <0.2,10731,4225,Reconstructed only,Undated OIA,At least one undated
entry,CLAY,0.051042,Low: <0.2,8019,10286,Epic,Early-Vedic,Plains earlier
entry,STAR,0.050996,Low: <0.2,13713,6913,Undated OIA,Early-Vedic,At least one undated
entry,FOG,0.050926,Low: <0.2,9223,3386,Epic,Reconstructed only,At least one undated
entry,HOW MUCH,0.05,Low: <0.2,3169,3167,Early-Vedic,Reconstructed only,At least one undated
entry,CALL,0.048846,Low: <0.2,9837,12298,Early-Vedic,Early-Vedic,Same tagged era
entry,UGLY,0.048571,Low: <0.2,913,9530,Epic,Reconstructed only,At least one undated
entry,FLOW,0.048291,Low: <0.2,841,11453,Reconstructed only,Early-Vedic,At least one undated
entry,PULL OUT,0.048194,Low: <0.2,4772,2660,Epic,Reconstructed only,At least one undated
entry,FINE (PENALTY),0.048148,Low: <0.2,9348,6136,Early-Vedic,Classical,Dardic earlier
entry,ROLL,0.048117,Low: <0.2,6453,11079,Reconstructed only,Epic,At least one undated
entry,RIPEN,0.047917,Low: <0.2,7654,13817,Early-Vedic,Epic,Dardic earlier
entry,PLOUGH (INSTRUMENT),0.047879,Low: <0.2,10482,11006,Early-Vedic,Early-Vedic,Same tagged era
entry,FRONT (PART),0.047778,Low: <0.2,6664,12982,Undated OIA,Early-Vedic,At least one undated
entry,OLD (AGED),0.047778,Low: <0.2,4424,9461,Early-Vedic,Classical,Dardic earlier
entry,A LITTLE,0.047768,Low: <0.2,5850,13720-2,Early-Vedic,Reconstructed only,At least one undated
entry,ARM,0.047743,Low: <0.2,10221,9229,Early-Vedic,Early-Vedic,Same tagged era
entry,SHOOT,0.047619,Low: <0.2,10066,9013,Early-Vedic,Medieval,Dardic earlier
entry,NIGHT,0.047448,Low: <0.2,11625,10702,Early-Vedic,Early-Vedic,Same tagged era
entry,STEAM,0.047179,Low: <0.2,9108,9223,Early-Vedic,Epic,Dardic earlier
entry,THUMB,0.046429,Low: <0.2,5286,137,Undated OIA,Undated OIA,At least one undated
entry,GIVE,0.04624,Low: <0.2,8655,1387,Early-Vedic,Epic,Dardic earlier
entry,PEA,0.045238,Low: <0.2,3335,9724,Epic,Reconstructed only,At least one undated
entry,HUNGER,0.045139,Low: <0.2,299,9286,Epic,Epic,Same tagged era
entry,FROM,0.045,Low: <0.2,9804,13173,Early-Vedic,Classical,Dardic earlier
entry,HAMMER,0.04424,Low: <0.2,3239,14028,Medieval,Reconstructed only,At least one undated
entry,DUST,0.043604,Low: <0.2,2025,6835,Reconstructed only,Reconstructed only,At least one undated
entry,BUFFALO,0.042857,Low: <0.2,13331,9980,Early-Vedic,Reconstructed only,At least one undated
entry,WHOLE,0.041845,Low: <0.2,9568,8330,Early-Vedic,Classical,Dardic earlier
entry,FLEA,0.041667,Low: <0.2,9029,1981,Early-Vedic,Undated OIA,At least one undated
entry,CATCH,0.041429,Low: <0.2,4450,6747,Epic,Epic,Same tagged era
entry,YOUNG,0.04125,Low: <0.2,10896,5712,Early-Vedic,Undated OIA,At least one undated
entry,LAY (VERB),0.041071,Low: <0.2,13756,8053,Early-Vedic,Early-Vedic,Same tagged era
entry,ABUSE,0.040833,Low: <0.2,4052,9372,Undated OIA,Epic,At least one undated
entry,SLIP,0.040833,Low: <0.2,8156,3856,Epic,Reconstructed only,At least one undated
entry,CORNER,0.040575,Low: <0.2,2849,3504,Epic,Epic,Same tagged era
entry,MAD,0.040139,Low: <0.2,9130,11504,Early-Vedic,Classical,Dardic earlier
entry,COLOR,0.04,Low: <0.2,10580,11338,Early-Vedic,Early-Vedic,Same tagged era
entry,PIG,0.04,Low: <0.2,13544,9551,Early-Vedic,Reconstructed only,At least one undated
entry,LAUGH,0.039615,Low: <0.2,14069,14048,Classical,Reconstructed only,At least one undated
entry,OTTER,0.039286,Low: <0.2,2056,11084,Early-Vedic,Early-Vedic,Same tagged era
entry,RISE (MOVE UPWARDS),0.039286,Low: <0.2,1892,4561,Reconstructed only,Reconstructed only,At least one undated
entry,FAST,0.038929,Low: <0.2,5339,5327,Reconstructed only,Reconstructed only,At least one undated
entry,SOLE (FOOT),0.038889,Low: <0.2,8702,5738,Reconstructed only,Reconstructed only,At least one undated
entry,SALT,0.03869,Low: <0.2,10978,10299,Early-Vedic,Early-Vedic,Same tagged era
entry,PLANT (VEGETATION),0.038149,Low: <0.2,8807,2517,Early-Vedic,Classical,Dardic earlier
entry,FIX,0.036667,Low: <0.2,9126,13963,Early-Vedic,Early-Vedic,Same tagged era
entry,MUD,0.036508,Low: <0.2,9899,2867,Early-Vedic,Undated OIA,At least one undated
entry,FOREST,0.035686,Low: <0.2,5853,600,Early-Vedic,Early-Vedic,Same tagged era
entry,LADDER,0.035498,Low: <0.2,12724,7458,Reconstructed only,Early-Vedic,At least one undated
entry,FIND,0.035238,Low: <0.2,10948,12626,Early-Vedic,Undated OIA,At least one undated
entry,LEAVE,0.034722,Low: <0.2,5984,3707,Early-Vedic,Reconstructed only,At least one undated
entry,COURTYARD,0.033333,Low: <0.2,9740,12130,Classical,Early-Vedic,Plains earlier
entry,STUPID,0.033333,Low: <0.2,706,9263,Reconstructed only,Reconstructed only,At least one undated
entry,SHOULDER,0.032793,Low: <0.2,13839,13627,Reconstructed only,Early-Vedic,At least one undated
entry,LUNG,0.032738,Low: <0.2,9423a,8391,Reconstructed only,Undated OIA,At least one undated
entry,EDGE,0.032639,Low: <0.2,8868,8041,Epic,Reconstructed only,At least one undated
entry,COUNTRY,0.0325,Low: <0.2,3232,10694,Epic,Early-Vedic,Plains earlier
entry,HAND,0.031944,Low: <0.2,13747,14024,Early-Vedic,Early-Vedic,Same tagged era
entry,TWENTY,0.03125,Low: <0.2,11616,3503,Early-Vedic,Reconstructed only,At least one undated
entry,HEAP,0.031111,Low: <0.2,5603,5585,Reconstructed only,Reconstructed only,At least one undated
entry,BROTHER,0.030692,Low: <0.2,9664,12056,Undated OIA,Early-Vedic,At least one undated
entry,EAR,0.030682,Low: <0.2,3056,2830,Reconstructed only,Early-Vedic,At least one undated
entry,ACROSS,0.03,Low: <0.2,8113,8100,Reconstructed only,Early-Vedic,At least one undated
entry,CORPSE,0.03,Low: <0.2,9888,12356,Early-Vedic,Early-Vedic,Same tagged era
entry,SCATTER,0.03,Low: <0.2,9051,781,Early-Vedic,Early-Vedic,Same tagged era
entry,CLEAN,0.028571,Low: <0.2,6886,7150,Early-Vedic,Early-Vedic,Same tagged era
entry,FEATHER,0.028431,Low: <0.2,7733,13640,Early-Vedic,Reconstructed only,At least one undated
entry,MOVE,0.028158,Low: <0.2,4874,14018,Reconstructed only,Reconstructed only,At least one undated
entry,BALL,0.027083,Low: <0.2,9203,4321,Early-Vedic,Medieval,Dardic earlier
entry,SMOKE (EXHAUST),0.026944,Low: <0.2,6849,6848,Early-Vedic,Early-Vedic,Same tagged era
entry,IN,0.026481,Low: <0.2,9804,12042,Early-Vedic,Reconstructed only,At least one undated
entry,PATERNAL GRANDFATHER,0.02619,Low: <0.2,6261,1348,Reconstructed only,Epic,At least one undated
entry,URINE,0.026136,Low: <0.2,10337,10234,Epic,Early-Vedic,Plains earlier
entry,TOOTH,0.025926,Low: <0.2,6152,6153,Early-Vedic,Early-Vedic,Same tagged era
entry,CALF OF LEG,0.025397,Low: <0.2,6128,5536,Early-Vedic,Undated OIA,At least one undated
entry,LAST YEAR,0.025,Low: <0.2,8777,7907,Reconstructed only,Epic,At least one undated
entry,PASS,0.024158,Low: <0.2,5702,4028,Early-Vedic,Early-Vedic,Same tagged era
entry,SHARE,0.023377,Low: <0.2,9360,8946,Early-Vedic,Early-Vedic,Same tagged era
entry,MATERNAL AUNT (MOTHER'S SISTER),0.022727,Low: <0.2,7059,10001,Reconstructed only,Epic,At least one undated
entry,HORN (ANATOMY),0.022566,Low: <0.2,5901,12583,Undated OIA,Early-Vedic,At least one undated
entry,FINGERNAIL,0.022115,Low: <0.2,6920,f_xrwhducfi7pgc,Early-Vedic,Other origin,At least one undated
entry,WIND,0.022039,Low: <0.2,4969,f_rlqlstrekfzvc,Reconstructed only,Other origin,At least one undated
entry,HALF,0.021368,Low: <0.2,3792-2,644,Reconstructed only,Early-Vedic,At least one undated
entry,WELL,0.021154,Low: <0.2,9348,7561,Early-Vedic,Classical,Dardic earlier
entry,FAR,0.02,Low: <0.2,6492,f_54k6p5unwsyuu,Reconstructed only,Other origin,At least one undated
entry,HORSE,0.019742,Low: <0.2,920,8452,Undated OIA,Undated OIA,At least one undated
entry,ARMPIT,0.019643,Low: <0.2,3191,3213,Epic,Early-Vedic,Plains earlier
entry,BIRD,0.019167,Low: <0.2,5177,7637,Epic,Reconstructed only,At least one undated
entry,BLUE,0.019167,Low: <0.2,8130,7563,Classical,Early-Vedic,Plains earlier
entry,CROW,0.018519,Low: <0.2,3107,2993,Reconstructed only,Epic,At least one undated
entry,NAVEL,0.017381,Low: <0.2,12516,4277,Epic,Undated OIA,At least one undated
entry,HUNDRED,0.016481,Low: <0.2,f_a3qzgmx3y434i,f_iwnpamter6qbm,Other origin,Undated OIA,At least one undated
entry,COMB,0.016162,Low: <0.2,2970,2598,Epic,Early-Vedic,Plains earlier
entry,PALATE,0.015934,Low: <0.2,5803,5853,Early-Vedic,Early-Vedic,Same tagged era
entry,KILL,0.015611,Low: <0.2,10066,3369,Early-Vedic,Medieval,Dardic earlier
entry,YES,0.015,Low: <0.2,2524,5240,Early-Vedic,Undated OIA,At least one undated
entry,TUBE,0.013333,Low: <0.2,11175,4921,Early-Vedic,Reconstructed only,At least one undated
entry,NEEDLE (FOR SEWING),0.013203,Low: <0.2,13444,13443,Early-Vedic,Classical,Dardic earlier
entry,SHOP,0.012143,Low: <0.2,1204,3546,Epic,Early-Vedic,Plains earlier
entry,LEAF,0.011243,Low: <0.2,4979,7918,Epic,Early-Vedic,Plains earlier
entry,THOU,0.011111,Low: <0.2,10511,5889,Undated OIA,Undated OIA,At least one undated
entry,TONGUE,0.011061,Low: <0.2,11136,5228,Reconstructed only,Early-Vedic,At least one undated
entry,THORN,0.011042,Low: <0.2,5323,2668,Reconstructed only,Early-Vedic,At least one undated
entry,FISH,0.010837,Low: <0.2,10867,1256,Classical,Undated OIA,At least one undated
entry,NINETEEN,0.010819,Low: <0.2,6998,2410,Early-Vedic,Undated OIA,At least one undated
entry,RADISH,0.010714,Low: <0.2,5934,10250,Early-Vedic,Early-Vedic,Same tagged era
entry,DRINK,0.009757,Low: <0.2,5322,8209,Reconstructed only,Early-Vedic,At least one undated
entry,NET,0.009405,Low: <0.2,8400,5219,Classical,Epic,Plains earlier
entry,SEW,0.009028,Low: <0.2,13876,5432,Early-Vedic,Undated OIA,At least one undated
entry,COOKED RICE,0.00767,Low: <0.2,4471,3880,Early-Vedic,Undated OIA,At least one undated
entry,KNOT,0.007566,Low: <0.2,10963,9140,Classical,Early-Vedic,Plains earlier
entry,DONKEY,0.00754,Low: <0.2,3818,6289,Early-Vedic,Reconstructed only,At least one undated
entry,OIL (ORGANIC SUBSTANCE),0.006838,Low: <0.2,5958,491,Early-Vedic,Early-Vedic,Same tagged era
entry,NAME,0.005263,Low: <0.2,5060,7067,Medieval,Early-Vedic,Plains earlier
entry,BEARD,0.004896,Low: <0.2,5254,5853,Reconstructed only,Early-Vedic,At least one undated
entry,BARLEY,0.004861,Low: <0.2,9201,3148,Reconstructed only,Early-Vedic,At least one undated
entry,FOUR,0.004524,Low: <0.2,4629,4655,Epic,Early-Vedic,Plains earlier
entry,GOLD,0.003816,Low: <0.2,11168,14163,Reconstructed only,Epic,At least one undated
entry,SEVEN,0.001777,Low: <0.2,13343,6019,Early-Vedic,Early-Vedic,Same tagged era
entry,TEN,0.001718,Low: <0.2,10436,8015,Early-Vedic,Reconstructed only,At least one undated
entry,SIX,0.001563,Low: <0.2,12780,13685,Early-Vedic,Undated OIA,At least one undated
entry,THREE,0.001563,Low: <0.2,5994,6051a,Early-Vedic,Medieval,Dardic earlier
entry,POTATO,0.001515,Low: <0.2,1388,f_5tbm3zy3mu4po,Medieval,Other origin,At least one undated
entry,TURMERIC,0.001351,Low: <0.2,13992,3214,Early-Vedic,Classical,Dardic earlier
entry,ELEVEN,0.001282,Low: <0.2,2485,6019,Early-Vedic,Early-Vedic,Same tagged era
entry,FIVE,0.00125,Low: <0.2,7655,13685,Undated OIA,Undated OIA,At least one undated
head,BIRCH,0.9375,High: ≥0.6,9570,9570-2,Early-Vedic,Reconstructed only,At least one undated
head,PARROT,0.808333,High: ≥0.6,12245,12503,Undated OIA,Early-Vedic,At least one undated
head,LIVER,0.777473,High: ≥0.6,10394,3103,Undated OIA,Classical,At least one undated
head,MONKEY,0.775439,High: ≥0.6,9882,11515,Early-Vedic,Epic,Dardic earlier
head,HIGH,0.766865,High: ≥0.6,1804,1634,Reconstructed only,Epic,At least one undated
head,IRON,0.75871,High: ≥0.6,4842a,11158,Undated OIA,Early-Vedic,At least one undated
head,BRIDGE,0.755357,High: ≥0.6,13585,12834,Early-Vedic,Early-Vedic,Same tagged era
head,UNRIPE,0.724242,High: ≥0.6,1236,2613,Early-Vedic,Reconstructed only,At least one undated
head,SAND,0.719907,High: ≥0.6,13386,11580,Early-Vedic,Epic,Dardic earlier
head,MOUSTACHE,0.69697,High: ≥0.6,9083,10180,Reconstructed only,Reconstructed only,At least one undated
head,BLACK,0.693895,High: ≥0.6,3451,3083,Early-Vedic,Epic,Dardic earlier
head,NOSE,0.686979,High: ≥0.6,7031,6909,Undated OIA,Reconstructed only,At least one undated
head,LONG,0.676728,High: ≥0.6,6368,10951,Early-Vedic,Epic,Dardic earlier
head,FLOWER,0.672905,High: ≥0.6,8306,9092,Early-Vedic,Epic,Dardic earlier
head,SAW,0.670909,High: ≥0.6,6518,2795,Early-Vedic,Classical,Dardic earlier
head,UNCOOKED RICE,0.666667,High: ≥0.6,5637,4749,Early-Vedic,Reconstructed only,At least one undated
head,WOOL,0.666667,High: ≥0.6,7638,2424,Early-Vedic,Early-Vedic,Same tagged era
head,FIRE,0.6525,High: ≥0.6,125,55,Early-Vedic,Undated OIA,At least one undated
head,WATER,0.650568,High: ≥0.6,1921,8082,Undated OIA,Epic,At least one undated
head,BE ALIVE,0.644231,High: ≥0.6,5244,5241,Undated OIA,Early-Vedic,At least one undated
head,YESTERDAY,0.642713,High: ≥0.6,6590,3104,Early-Vedic,Undated OIA,At least one undated
head,TIE,0.626068,High: ≥0.6,4353,9139,Epic,Epic,Same tagged era
head,SNAKE,0.625149,High: ≥0.6,5110,13271,Early-Vedic,Early-Vedic,Same tagged era
head,RIGHT,0.60636,High: ≥0.6,6119,6251,Early-Vedic,Undated OIA,At least one undated
head,BEAR,0.606133,High: ≥0.6,2445,9415,Early-Vedic,Epic,Dardic earlier
head,YEAR,0.599418,Middle: 0.4–<0.6,3084,11392,Early-Vedic,Early-Vedic,Same tagged era
head,READ,0.592857,Middle: 0.4–<0.6,9837,7712,Early-Vedic,Early-Vedic,Same tagged era
head,SOUR,0.589683,Middle: 0.4–<0.6,4850,3777,Classical,Undated OIA,At least one undated
head,CURVED,0.586667,Middle: 0.4–<0.6,3533,5474,Reconstructed only,Undated OIA,At least one undated
head,DOOR,0.585283,Middle: 0.4–<0.6,6651,6459,Reconstructed only,Reconstructed only,At least one undated
head,CAT,0.582386,Middle: 0.4–<0.6,8298,9237,Reconstructed only,Epic,At least one undated
head,OWN,0.578846,Middle: 0.4–<0.6,5766-2,1135-2,Reconstructed only,Reconstructed only,At least one undated
head,ROOT,0.575,Middle: 0.4–<0.6,7047,5086,Early-Vedic,Early-Vedic,Same tagged era
head,WORK (LABOUR),0.572222,Middle: 0.4–<0.6,2892,3078,Early-Vedic,Undated OIA,At least one undated
head,WOUND,0.566919,Middle: 0.4–<0.6,8906,4460,Epic,Epic,Same tagged era
head,BLIND,0.564912,Middle: 0.4–<0.6,12717,385,Reconstructed only,Early-Vedic,At least one undated
head,CLOUD,0.564062,Middle: 0.4–<0.6,549,11567,Early-Vedic,Undated OIA,At least one undated
head,WINTER,0.563214,Middle: 0.4–<0.6,14164,12486,Early-Vedic,Classical,Dardic earlier
head,AXE,0.561905,Middle: 0.4–<0.6,5427,3244,Epic,Epic,Same tagged era
head,RIB,0.558532,Middle: 0.4–<0.6,7948,7948-3,Early-Vedic,Reconstructed only,At least one undated
head,MOUSE,0.556548,Middle: 0.4–<0.6,10258,4899,Undated OIA,Reconstructed only,At least one undated
head,PATH,0.555886,Middle: 0.4–<0.6,7785,4009,Early-Vedic,Early-Vedic,Same tagged era
head,THIS,0.553704,Middle: 0.4–<0.6,587,2530,Undated OIA,Early-Vedic,At least one undated
head,COLUMN,0.547576,Middle: 0.4–<0.6,13774,13682,Early-Vedic,Early-Vedic,Same tagged era
head,HOUSE,0.543302,Middle: 0.4–<0.6,4336,4428,Early-Vedic,Undated OIA,At least one undated
head,SHEEP,0.542361,Middle: 0.4–<0.6,2512,9606,Early-Vedic,Undated OIA,At least one undated
head,UNHUSKED RICE,0.535714,Middle: 0.4–<0.6,12415,6778,Epic,Early-Vedic,Plains earlier
head,BIG,0.533355,Middle: 0.4–<0.6,4424,11225,Early-Vedic,Undated OIA,At least one undated
head,SHIRT,0.533333,Middle: 0.4–<0.6,7838,5415,Early-Vedic,Reconstructed only,At least one undated
head,MILK,0.532376,Middle: 0.4–<0.6,3696,6391,Early-Vedic,Early-Vedic,Same tagged era
head,BELLY,0.531967,Middle: 0.4–<0.6,1932,8376,Early-Vedic,Reconstructed only,At least one undated
head,DAUGHTER,0.531863,Middle: 0.4–<0.6,6481,9238,Early-Vedic,Reconstructed only,At least one undated
head,GUEST,0.529773,Middle: 0.4–<0.6,8956,8973,Reconstructed only,Undated OIA,At least one undated
head,HONEY,0.529167,Middle: 0.4–<0.6,9989,9784,Classical,Early-Vedic,Plains earlier
head,DEAF,0.524716,Middle: 0.4–<0.6,9268-8,9130,Reconstructed only,Early-Vedic,At least one undated
head,MY,0.523237,Middle: 0.4–<0.6,9691,3873,Undated OIA,Undated OIA,At least one undated
head,PRICE,0.518651,Middle: 0.4–<0.6,10257,6622,Epic,Classical,Dardic earlier
head,RIVER,0.51861,Middle: 0.4–<0.6,13415,6943,Early-Vedic,Early-Vedic,Same tagged era
head,SHE,0.518519,Middle: 0.4–<0.6,12815,972,Undated OIA,Early-Vedic,At least one undated
head,KNEE,0.517647,Middle: 0.4–<0.6,3243,4272,Reconstructed only,Reconstructed only,At least one undated
head,WORM,0.516827,Middle: 0.4–<0.6,3438,3193,Undated OIA,Early-Vedic,At least one undated
head,BRAIN,0.508333,Middle: 0.4–<0.6,9926,4197,Undated OIA,Reconstructed only,At least one undated
head,HEAVY,0.507986,Middle: 0.4–<0.6,1962,9465,Reconstructed only,Classical,At least one undated
head,MOUNTAIN,0.506993,Middle: 0.4–<0.6,3792,8141,Epic,Reconstructed only,At least one undated
head,DOG,0.506916,Middle: 0.4–<0.6,3219,3275,Reconstructed only,Reconstructed only,At least one undated
head,WHO,0.505263,Middle: 0.4–<0.6,2574,2575,Undated OIA,Undated OIA,At least one undated
head,MONTH,0.504304,Middle: 0.4–<0.6,10104,f_vbtodh3gxxoq2,Early-Vedic,Other origin,At least one undated
head,SICKLE,0.498148,Middle: 0.4–<0.6,100,6260,Early-Vedic,Early-Vedic,Same tagged era
head,FLEA,0.495833,Middle: 0.4–<0.6,9029,9029-5,Early-Vedic,Reconstructed only,At least one undated
head,LAKE,0.486045,Middle: 0.4–<0.6,13254,8425,Early-Vedic,Epic,Dardic earlier
head,GRANDSON,0.485625,Middle: 0.4–<0.6,8416,6955b,Early-Vedic,Early-Vedic,Same tagged era
head,THIRST,0.483333,Middle: 0.4–<0.6,5943,8199,Reconstructed only,Early-Vedic,At least one undated
head,NIPPLE,0.482716,Middle: 0.4–<0.6,4855,13666,Reconstructed only,Early-Vedic,At least one undated
head,DAY (NOT NIGHT),0.481151,Middle: 0.4–<0.6,6333,6328,Early-Vedic,Epic,Dardic earlier
head,STONE,0.481151,Middle: 0.4–<0.6,11348,8857,Reconstructed only,Early-Vedic,At least one undated
head,COLD,0.480219,Middle: 0.4–<0.6,12487,13676,Epic,Epic,Same tagged era
head,DAY AFTER TOMORROW,0.48,Middle: 0.4–<0.6,5912,7799j,Early-Vedic,Epic,Dardic earlier
head,FORGET,0.478632,Middle: 0.4–<0.6,1265,12021,Epic,Epic,Same tagged era
head,BEAN,0.478472,Middle: 0.4–<0.6,10685,12445,Undated OIA,Classical,At least one undated
head,MOSQUITO,0.476863,Middle: 0.4–<0.6,9085,9757,Reconstructed only,Undated OIA,At least one undated
head,ROUND,0.473333,Middle: 0.4–<0.6,8171,4321,Reconstructed only,Medieval,At least one undated
head,BED,0.47123,Middle: 0.4–<0.6,12323,12609,Early-Vedic,Reconstructed only,At least one undated
head,ONE,0.465972,Middle: 0.4–<0.6,2462-2,2462,Reconstructed only,Early-Vedic,At least one undated
head,MOON,0.465022,Middle: 0.4–<0.6,10104,4661,Early-Vedic,Early-Vedic,Same tagged era
head,ANT,0.464343,Middle: 0.4–<0.6,8201,4822,Early-Vedic,Reconstructed only,At least one undated
head,PALM TREE,0.463816,Middle: 0.4–<0.6,5731,14029,Epic,Undated OIA,At least one undated
head,BRANCH,0.461053,Middle: 0.4–<0.6,12260,5546,Early-Vedic,Undated OIA,At least one undated
head,LEFT,0.461002,Middle: 0.4–<0.6,3832,11533,Early-Vedic,Early-Vedic,Same tagged era
head,MOUTH,0.452406,Middle: 0.4–<0.6,1533-2,10158,Undated OIA,Early-Vedic,At least one undated
head,BACK,0.452047,Middle: 0.4–<0.6,5582,8370,Reconstructed only,Undated OIA,At least one undated
head,BUTTON,0.45,Middle: 0.4–<0.6,5458,12045,Reconstructed only,Epic,At least one undated
head,FALSE,0.449949,Middle: 0.4–<0.6,5001,5407,Epic,Reconstructed only,At least one undated
head,UNDERSTAND,0.449679,Middle: 0.4–<0.6,7848,9279,Reconstructed only,Early-Vedic,At least one undated
head,COME,0.448549,Middle: 0.4–<0.6,10452,1200,Early-Vedic,Early-Vedic,Same tagged era
head,SILVER,0.444293,Middle: 0.4–<0.6,10805,4669,Epic,Early-Vedic,Plains earlier
head,CARPENTER,0.439444,Middle: 0.4–<0.6,5621,11375,Early-Vedic,Epic,Dardic earlier
head,SIEVE,0.433333,Middle: 0.4–<0.6,7843,4771,Early-Vedic,Epic,Dardic earlier
head,FROG,0.43125,Middle: 0.4–<0.6,9746,6198,Undated OIA,Epic,At least one undated
head,WINDOW,0.429167,Middle: 0.4–<0.6,6651,3770,Reconstructed only,Undated OIA,At least one undated
head,YOUNG GOAT (KID),0.428571,Middle: 0.4–<0.6,4963,8015,Early-Vedic,Reconstructed only,At least one undated
head,WALNUT,0.427778,Middle: 0.4–<0.6,12079,48,Reconstructed only,Classical,At least one undated
head,SELL,0.425926,Middle: 0.4–<0.6,3594,12100,Early-Vedic,Reconstructed only,At least one undated
head,WEIGH,0.425926,Middle: 0.4–<0.6,5979,10525,Epic,Reconstructed only,At least one undated
head,FIG,0.425,Middle: 0.4–<0.6,2749,174,Epic,Undated OIA,At least one undated
head,HEAD,0.423799,Middle: 0.4–<0.6,12497,9926,Early-Vedic,Undated OIA,At least one undated
head,WHAT,0.420615,Middle: 0.4–<0.6,3164,3196-2,Undated OIA,Reconstructed only,At least one undated
head,MOTHER,0.418886,Middle: 0.4–<0.6,1351,10016,Undated OIA,Early-Vedic,At least one undated
head,ARROW,0.416667,Middle: 0.4–<0.6,3023,9203,Early-Vedic,Early-Vedic,Same tagged era
head,FILL,0.416667,Middle: 0.4–<0.6,8335,9397,Early-Vedic,Early-Vedic,Same tagged era
head,BUY,0.407323,Middle: 0.4–<0.6,4236-2,3594,Undated OIA,Early-Vedic,At least one undated
head,LEG,0.406504,Middle: 0.4–<0.6,3906,5428,Undated OIA,Undated OIA,At least one undated
head,BARKING,0.405556,Middle: 0.4–<0.6,10714,9265-2,Early-Vedic,Reconstructed only,At least one undated
head,BEE,0.405,Middle: 0.4–<0.6,9990,9651,Reconstructed only,Epic,At least one undated
head,COUNT,0.404167,Middle: 0.4–<0.6,11108,3993,Epic,Epic,Same tagged era
head,BITTER,0.399123,Middle: 0.2–<0.4,5938,5806,Undated OIA,Epic,At least one undated
head,ASH,0.397095,Middle: 0.2–<0.4,5020,10552,Undated OIA,Undated OIA,At least one undated
head,FAT (ORGANIC SUBSTANCE),0.395939,Middle: 0.2–<0.4,10323,f_edny5jsgvz5fk,Early-Vedic,Other origin,At least one undated
head,SOFT,0.393333,Middle: 0.2–<0.4,3523,f_6ygkx7x6pjw72,Epic,Other origin,At least one undated
head,DOVE,0.391667,Middle: 0.2–<0.4,2753,8109,Early-Vedic,Early-Vedic,Same tagged era
head,RED,0.386374,Middle: 0.2–<0.4,11168,f_pa2wkl7fezmhg,Reconstructed only,Other origin,At least one undated
head,ECLIPSE,0.385714,Middle: 0.2–<0.4,386,4364,Epic,Early-Vedic,Plains earlier
head,ALONE,0.382407,Middle: 0.2–<0.4,3470,2506-2,Early-Vedic,Reconstructed only,At least one undated
head,TAIL,0.379722,Middle: 0.2–<0.4,11096,8249,Undated OIA,Early-Vedic,At least one undated
head,SAY,0.375641,Middle: 0.2–<0.4,9837,9383,Early-Vedic,Early-Vedic,Same tagged era
head,EARTH (SOIL),0.373483,Middle: 0.2–<0.4,6744,10286,Epic,Early-Vedic,Plains earlier
head,WET,0.36951,Middle: 0.2–<0.4,1340,9502,Early-Vedic,Reconstructed only,At least one undated
head,DECEIT,0.366871,Middle: 0.2–<0.4,5001,6894,Epic,Reconstructed only,At least one undated
head,NEW,0.366709,Middle: 0.2–<0.4,6983,7025,Early-Vedic,Early-Vedic,Same tagged era
head,TAKE,0.366389,Middle: 0.2–<0.4,4236,10948,Early-Vedic,Early-Vedic,Same tagged era
head,NARROW,0.366111,Middle: 0.2–<0.4,1440,12817,Early-Vedic,Epic,Dardic earlier
head,SPIDER WEB,0.364583,Middle: 0.2–<0.4,10042,5213,Early-Vedic,Early-Vedic,Same tagged era
head,COW,0.363614,Middle: 0.2–<0.4,f_wb26lvatz7tcg,4147,Reconstructed only,Reconstructed only,At least one undated
head,KNIFE,0.356155,Middle: 0.2–<0.4,2860,f_f5yhi6kl6jazu,Reconstructed only,Other origin,At least one undated
head,CAP,0.355556,Middle: 0.2–<0.4,3942,5481,Medieval,Reconstructed only,At least one undated
head,DANCE,0.355,Middle: 0.2–<0.4,7580,7583,Early-Vedic,Early-Vedic,Same tagged era
head,GROW,0.352244,Middle: 0.2–<0.4,11376,1814,Early-Vedic,Early-Vedic,Same tagged era
head,CROOKED,0.345496,Middle: 0.2–<0.4,3533,11191,Reconstructed only,Undated OIA,At least one undated
head,CALF,0.345445,Middle: 0.2–<0.4,11239,11243,Early-Vedic,Medieval,Dardic earlier
head,BREAST,0.336843,Middle: 0.2–<0.4,4855,5014,Reconstructed only,Reconstructed only,At least one undated
head,ROOF,0.33266,Middle: 0.2–<0.4,5731,4971,Epic,Reconstructed only,At least one undated
head,WHITE,0.33051,Middle: 0.2–<0.4,8047,6767,Early-Vedic,Classical,Dardic earlier
head,DAY BEFORE YESTERDAY,0.33,Middle: 0.2–<0.4,1130,7799j,Reconstructed only,Epic,At least one undated
head,NEIGHBOUR,0.33,Middle: 0.2–<0.4,4376,8599-2,Reconstructed only,Reconstructed only,At least one undated
head,BRING,0.325758,Middle: 0.2–<0.4,4236,1174,Early-Vedic,Early-Vedic,Same tagged era
head,LATE,0.325714,Middle: 0.2–<0.4,4824,5590-2,Undated OIA,Reconstructed only,At least one undated
head,VEIN,0.325455,Middle: 0.2–<0.4,13794,7047,Reconstructed only,Early-Vedic,At least one undated
head,SALIVA,0.322421,Middle: 0.2–<0.4,6097,11027,Reconstructed only,Classical,At least one undated
head,SON,0.321349,Middle: 0.2–<0.4,8265,9238,Early-Vedic,Reconstructed only,At least one undated
head,WOOD,0.31875,Middle: 0.2–<0.4,12349,3120,Early-Vedic,Early-Vedic,Same tagged era
head,GREEN,0.31684,Middle: 0.2–<0.4,7563,12672,Early-Vedic,Undated OIA,At least one undated
head,MIDDLE,0.316783,Middle: 0.2–<0.4,9810,12042,Early-Vedic,Reconstructed only,At least one undated
head,WALL (OF HOUSE),0.316667,Middle: 0.2–<0.4,3251,9494,Classical,Early-Vedic,Plains earlier
head,FATHER,0.312094,Middle: 0.2–<0.4,9935,9209,Epic,Reconstructed only,At least one undated
head,HEAR,0.308625,Middle: 0.2–<0.4,9279,12598,Early-Vedic,Early-Vedic,Same tagged era
head,BEHIND,0.305455,Middle: 0.2–<0.4,7732,7990,Reconstructed only,Reconstructed only,At least one undated
head,MILLET,0.304071,Middle: 0.2–<0.4,195,9201,Reconstructed only,Reconstructed only,At least one undated
head,MANY,0.303015,Middle: 0.2–<0.4,9193,9190,Early-Vedic,Epic,Dardic earlier
head,SEE,0.301809,Middle: 0.2–<0.4,8012,6507-2,Early-Vedic,Reconstructed only,At least one undated
head,ASK (INQUIRE),0.301389,Middle: 0.2–<0.4,3929-2,8352,Reconstructed only,Early-Vedic,At least one undated
head,RUN,0.300444,Middle: 0.2–<0.4,5727,6624,Reconstructed only,Early-Vedic,At least one undated
head,MALE GOAT,0.3,Middle: 0.2–<0.4,12056,9312,Early-Vedic,Reconstructed only,At least one undated
head,GRASSHOPPER,0.298485,Middle: 0.2–<0.4,12345,7721,Reconstructed only,Early-Vedic,At least one undated
head,SHORT,0.296667,Middle: 0.2–<0.4,3895,5071,Reconstructed only,Reconstructed only,At least one undated
head,FIREPLACE,0.295139,Middle: 0.2–<0.4,6888,4879,Reconstructed only,Epic,At least one undated
head,GOAT,0.295139,Middle: 0.2–<0.4,4963,9153,Early-Vedic,Early-Vedic,Same tagged era
head,NO,0.29375,Middle: 0.2–<0.4,6906,1031,Early-Vedic,Early-Vedic,Same tagged era
head,HILL,0.293308,Middle: 0.2–<0.4,6793,8141,Early-Vedic,Reconstructed only,At least one undated
head,MALE,0.292411,Middle: 0.2–<0.4,12056,6970,Early-Vedic,Early-Vedic,Same tagged era
head,GO OUT,0.292393,Middle: 0.2–<0.4,7479,7478,Reconstructed only,Reconstructed only,At least one undated
head,DEW,0.286633,Middle: 0.2–<0.4,8989,855,Undated OIA,Undated OIA,At least one undated
head,WOMAN,0.286618,Middle: 0.2–<0.4,13734,f_k66mptwk5okq6,Early-Vedic,Reconstructed only,At least one undated
head,WIDOW,0.285833,Middle: 0.2–<0.4,3001,10593-5,Reconstructed only,Medieval,At least one undated
head,FINGER,0.283333,Middle: 0.2–<0.4,135-2x,135,Reconstructed only,Early-Vedic,At least one undated
head,SUN,0.283333,Middle: 0.2–<0.4,13574-3,13574,Undated OIA,Early-Vedic,At least one undated
head,TESTICLES,0.283333,Middle: 0.2–<0.4,3331,1111,Epic,Early-Vedic,Plains earlier
head,ENTER,0.283069,Middle: 0.2–<0.4,227,5592,Early-Vedic,Reconstructed only,At least one undated
head,FOUR,0.28,Middle: 0.2–<0.4,4655-3,4655,Undated OIA,Early-Vedic,At least one undated
head,UDDER,0.28,Middle: 0.2–<0.4,2403,13666,Undated OIA,Early-Vedic,At least one undated
head,SKULL,0.278333,Middle: 0.2–<0.4,2744-4,3936,Reconstructed only,Reconstructed only,At least one undated
head,HEART,0.278245,Middle: 0.2–<0.4,14152,f_jl7b6dgwhptmm,Early-Vedic,Other origin,At least one undated
head,BLOOD,0.272844,Middle: 0.2–<0.4,10539,11165,Early-Vedic,Early-Vedic,Same tagged era
head,WE,0.265625,Middle: 0.2–<0.4,11302,986,Early-Vedic,Undated OIA,At least one undated
head,FACE,0.265476,Middle: 0.2–<0.4,10174,10247,Early-Vedic,Early-Vedic,Same tagged era
head,LIGHT (RADIATION),0.265077,Middle: 0.2–<0.4,8711,10896,Reconstructed only,Early-Vedic,At least one undated
head,NEAR,0.26341,Middle: 0.2–<0.4,7136,8118-2,Undated OIA,Early-Vedic,At least one undated
head,LOW,0.262308,Middle: 0.2–<0.4,10995,7540,Reconstructed only,Epic,At least one undated
head,STRAIGHT,0.261212,Middle: 0.2–<0.4,13548,12632,Reconstructed only,Epic,At least one undated
head,CHEEK,0.261111,Middle: 0.2–<0.4,2755,4089,Classical,Medieval,Dardic earlier
head,RESIN,0.259821,Middle: 0.2–<0.4,3187,10715,Epic,Undated OIA,At least one undated
head,THREAD,0.258102,Middle: 0.2–<0.4,6236,6225,Early-Vedic,Undated OIA,At least one undated
head,RAT,0.256667,Middle: 0.2–<0.4,10258,2095,Undated OIA,Classical,At least one undated
head,I,0.255556,Middle: 0.2–<0.4,992,9691,Early-Vedic,Undated OIA,At least one undated
head,LEOPARD,0.253472,Middle: 0.2–<0.4,9341,4804,Undated OIA,Epic,At least one undated
head,GRANDDAUGHTER,0.25,Middle: 0.2–<0.4,8417,6955b,Epic,Early-Vedic,Plains earlier
head,TEAR (OF EYE),0.25,Middle: 0.2–<0.4,919,10839,Early-Vedic,Early-Vedic,Same tagged era
head,SCORPION,0.249603,Middle: 0.2–<0.4,5478,12081,Reconstructed only,Early-Vedic,At least one undated
head,POST,0.247917,Middle: 0.2–<0.4,13774,3893,Early-Vedic,Reconstructed only,At least one undated
head,PATERNAL AUNT (FATHER'S SISTER),0.247308,Middle: 0.2–<0.4,9089,6890,Reconstructed only,Epic,At least one undated
head,RAINBOW,0.246795,Middle: 0.2–<0.4,1577,6726,Early-Vedic,Early-Vedic,Same tagged era
head,BODY,0.244097,Middle: 0.2–<0.4,5244,6557,Undated OIA,Early-Vedic,At least one undated
head,SHARP,0.243671,Middle: 0.2–<0.4,5839,4918,Early-Vedic,Epic,Dardic earlier
head,BURN,0.243586,Middle: 0.2–<0.4,6248,5306,Early-Vedic,Early-Vedic,Same tagged era
head,CRY,0.242857,Middle: 0.2–<0.4,10734,10840,Reconstructed only,Undated OIA,At least one undated
head,OTHER,0.240064,Middle: 0.2–<0.4,6402,399,Reconstructed only,Undated OIA,At least one undated
head,BATHE,0.24,Middle: 0.2–<0.4,13789,13786,Early-Vedic,Early-Vedic,Same tagged era
head,BURY,0.238636,Middle: 0.2–<0.4,6173,3979,Reconstructed only,Reconstructed only,At least one undated
head,GRIND,0.237847,Middle: 0.2–<0.4,8386,8142,Early-Vedic,Early-Vedic,Same tagged era
head,GRINDSTONE,0.2375,Middle: 0.2–<0.4,11348,8253,Reconstructed only,Epic,At least one undated
head,MATERNAL GRANDFATHER,0.237143,Middle: 0.2–<0.4,10055,7059,Classical,Reconstructed only,At least one undated
head,LEAD (GUIDE),0.236458,Middle: 0.2–<0.4,6966,13445,Early-Vedic,Early-Vedic,Same tagged era
head,GO,0.236023,Middle: 0.2–<0.4,4939,10452,Early-Vedic,Early-Vedic,Same tagged era
head,BAD,0.235742,Middle: 0.2–<0.4,10930,f_4txbqir4uazlw,Reconstructed only,Other origin,At least one undated
head,FIELD,0.235407,Middle: 0.2–<0.4,9557,3735,Early-Vedic,Early-Vedic,Same tagged era
head,COPPER,0.234286,Middle: 0.2–<0.4,10752,5779,Medieval,Early-Vedic,Plains earlier
head,ADZE,0.233333,Middle: 0.2–<0.4,5618,11588,Classical,Early-Vedic,Plains earlier
head,MEASURE,0.230889,Middle: 0.2–<0.4,5979,10054,Epic,Reconstructed only,At least one undated
head,SMOOTH,0.229167,Middle: 0.2–<0.4,8152,4782,Epic,Epic,Same tagged era
head,CHEST,0.226377,Middle: 0.2–<0.4,3607,5014,Early-Vedic,Reconstructed only,At least one undated
head,INSIDE,0.222222,Middle: 0.2–<0.4,357,9504,Early-Vedic,Reconstructed only,At least one undated
head,FEVER,0.222115,Middle: 0.2–<0.4,8519,5303,Medieval,Epic,Plains earlier
head,PATH OR ROAD,0.221429,Middle: 0.2–<0.4,7785,10071,Early-Vedic,Epic,Dardic earlier
head,RIPE,0.221429,Middle: 0.2–<0.4,7654,7621,Early-Vedic,Early-Vedic,Same tagged era
head,SPRINGTIME,0.219318,Middle: 0.2–<0.4,11439,4915,Early-Vedic,Early-Vedic,Same tagged era
head,GARLIC,0.219048,Middle: 0.2–<0.4,2390,10990,Undated OIA,Early-Vedic,At least one undated
head,FEW,0.218915,Middle: 0.2–<0.4,722,13720,Early-Vedic,Early-Vedic,Same tagged era
head,HURT (SOMEBODY),0.217593,Middle: 0.2–<0.4,12576-2,6376,Undated OIA,Undated OIA,At least one undated
head,ALL,0.217277,Middle: 0.2–<0.4,9568,13276,Early-Vedic,Early-Vedic,Same tagged era
head,PATERNAL UNCLE (FATHER'S BROTHER),0.217045,Middle: 0.2–<0.4,8188,2998,Undated OIA,Reconstructed only,At least one undated
head,LIE DOWN,0.214643,Middle: 0.2–<0.4,7722,11109,Early-Vedic,Epic,Dardic earlier
head,HEEL,0.212374,Middle: 0.2–<0.4,3911,191,Undated OIA,Reconstructed only,At least one undated
head,REED,0.212009,Middle: 0.2–<0.4,6936,12101,Undated OIA,Early-Vedic,At least one undated
head,LIGHTNING,0.210349,Middle: 0.2–<0.4,9650,11745,Undated OIA,Medieval,At least one undated
head,NAKED,0.210133,Middle: 0.2–<0.4,7502,6926,Reconstructed only,Early-Vedic,At least one undated
head,HUSBAND,0.209647,Middle: 0.2–<0.4,9467,4435,Reconstructed only,Reconstructed only,At least one undated
head,PULL,0.209461,Middle: 0.2–<0.4,6613,5762,Reconstructed only,Epic,At least one undated
head,WORD,0.209407,Middle: 0.2–<0.4,11564,11199,Classical,Early-Vedic,Plains earlier
head,WATERFALL,0.208333,Middle: 0.2–<0.4,3662,5343,Epic,Undated OIA,At least one undated
head,PUPPY,0.208056,Middle: 0.2–<0.4,3329,8214,Early-Vedic,Reconstructed only,At least one undated
head,SEND,0.207354,Middle: 0.2–<0.4,8908,9603,Early-Vedic,Reconstructed only,At least one undated
head,BE,0.207075,Middle: 0.2–<0.4,13768,1031,Early-Vedic,Early-Vedic,Same tagged era
head,DIE,0.206144,Middle: 0.2–<0.4,10278,9871,Early-Vedic,Early-Vedic,Same tagged era
head,SPIDER,0.204103,Middle: 0.2–<0.4,5214,9883,Undated OIA,Undated OIA,At least one undated
head,GO DOWN (DESCEND),0.201885,Middle: 0.2–<0.4,10905,1770,Epic,Early-Vedic,Plains earlier
head,COOK (SOMETHING),0.200651,Middle: 0.2–<0.4,7654,10616,Early-Vedic,Early-Vedic,Same tagged era
head,TODAY,0.2,Middle: 0.2–<0.4,7576,242,Early-Vedic,Undated OIA,At least one undated
head,FOX,0.199306,Low: <0.2,11142,3878,Reconstructed only,Undated OIA,At least one undated
head,RAIN (PRECIPITATION),0.198947,Low: <0.2,549,10302,Early-Vedic,Early-Vedic,Same tagged era
head,ROPE,0.19879,Low: <0.2,6283,10648,Early-Vedic,Early-Vedic,Same tagged era
head,SPLEEN,0.196023,Low: <0.2,12664-3,9028,Reconstructed only,Early-Vedic,At least one undated
head,TREE,0.195734,Low: <0.2,13682,10757,Early-Vedic,Reconstructed only,At least one undated
head,FOOT,0.19447,Low: <0.2,3906,7756,Undated OIA,Reconstructed only,At least one undated
head,HAIL,0.194318,Low: <0.2,910,2782,Early-Vedic,Undated OIA,At least one undated
head,THEY,0.193519,Low: <0.2,5612,972,Undated OIA,Early-Vedic,At least one undated
head,MELT,0.192981,Low: <0.2,11906,4074,Early-Vedic,Classical,Dardic earlier
head,BREAK (DESTROY OR GET DESTROYED),0.192121,Low: <0.2,13858,6079,Reconstructed only,Classical,At least one undated
head,MIDDAY,0.192,Low: <0.2,4530,f_jg7fkl55nyhjm,Reconstructed only,Reconstructed only,At least one undated
head,NECK,0.190909,Low: <0.2,9732,4472,Epic,Reconstructed only,At least one undated
head,DIFFERENT,0.190833,Low: <0.2,434,404,Early-Vedic,Reconstructed only,At least one undated
head,VOMIT,0.190813,Low: <0.2,4998,4998-2,Epic,Reconstructed only,At least one undated
head,FLOCK (OF ANIMALS),0.189495,Low: <0.2,10632,f_dcjngpsq6a35w,Undated OIA,Reconstructed only,At least one undated
head,STOMACH,0.189236,Low: <0.2,5589,8376,Reconstructed only,Reconstructed only,At least one undated
head,STEAL,0.189091,Low: <0.2,447,4933,Reconstructed only,Undated OIA,At least one undated
head,BELOW OR UNDER,0.188761,Low: <0.2,9280,7540,Undated OIA,Epic,At least one undated
head,SPIT,0.188571,Low: <0.2,6097,12575,Reconstructed only,Early-Vedic,At least one undated
head,LIP,0.187564,Low: <0.2,12516,245a,Epic,Reconstructed only,At least one undated
head,GO UP (ASCEND),0.186667,Low: <0.2,3857,4578,Reconstructed only,Reconstructed only,At least one undated
head,SWEAT (SUBSTANCE),0.186466,Low: <0.2,5685,8897,Early-Vedic,Epic,Dardic earlier
head,BROKEN,0.185985,Low: <0.2,13858,6065,Reconstructed only,Epic,At least one undated
head,JOINT,0.184936,Low: <0.2,9136,4354,Early-Vedic,Early-Vedic,Same tagged era
head,LANGUAGE,0.183333,Low: <0.2,5228,9479,Early-Vedic,Epic,Dardic earlier
head,VEGETABLES,0.182143,Low: <0.2,12370,9401,Early-Vedic,Classical,Dardic earlier
head,FOAM,0.180556,Low: <0.2,9108,3959,Early-Vedic,Reconstructed only,At least one undated
head,SAP,0.18,Low: <0.2,3696,10650,Early-Vedic,Early-Vedic,Same tagged era
head,TRUE,0.179812,Low: <0.2,13334,13112,Early-Vedic,Early-Vedic,Same tagged era
head,BROWN,0.179253,Low: <0.2,4345,9690,Early-Vedic,Reconstructed only,At least one undated
head,WALK,0.179012,Low: <0.2,5836,4721,Epic,Reconstructed only,At least one undated
head,SMELL,0.177778,Low: <0.2,4014,4131,Early-Vedic,Reconstructed only,At least one undated
head,POUR,0.1775,Low: <0.2,5735,5581-2,Undated OIA,Reconstructed only,At least one undated
head,HANDLE,0.175714,Low: <0.2,6128,12045,Early-Vedic,Epic,Dardic earlier
head,EVENING,0.172703,Low: <0.2,5692,12918,Early-Vedic,Early-Vedic,Same tagged era
head,BOIL,0.172449,Low: <0.2,7654-2,3760,Reconstructed only,Reconstructed only,At least one undated
head,PICK,0.171667,Low: <0.2,1809,6079,Reconstructed only,Classical,At least one undated
head,THREE,0.171528,Low: <0.2,5994-2,5994,Reconstructed only,Early-Vedic,At least one undated
head,BRASS,0.171429,Low: <0.2,10752,8184,Medieval,Undated OIA,At least one undated
head,GIRL,0.170995,Low: <0.2,8399-9,5070,Reconstructed only,Reconstructed only,At least one undated
head,DO,0.170278,Low: <0.2,13756,2814,Early-Vedic,Early-Vedic,Same tagged era
head,THIRSTY,0.168056,Low: <0.2,5944,8200,Early-Vedic,Epic,Dardic earlier
head,BECOME,0.167951,Low: <0.2,9416,13773,Early-Vedic,Epic,Dardic earlier
head,DRY UP,0.1675,Low: <0.2,12559,12552,Early-Vedic,Reconstructed only,At least one undated
head,DARKNESS,0.166111,Low: <0.2,1187,386,Classical,Epic,Plains earlier
head,ANGER,0.165833,Low: <0.2,10856,10674,Undated OIA,Undated OIA,At least one undated
head,SPINDLE,0.165714,Low: <0.2,5717,5717-5,Early-Vedic,Reconstructed only,At least one undated
head,BOARD,0.165,Low: <0.2,9493,7699,Early-Vedic,Epic,Dardic earlier
head,CHICKEN,0.163889,Low: <0.2,4571,f_3smlfjflb2ukg,Epic,Other origin,At least one undated
head,HOT,0.16366,Low: <0.2,5679,2389,Early-Vedic,Early-Vedic,Same tagged era
head,SCARF OR TURBAN,0.163519,Low: <0.2,10918,7644,Reconstructed only,Reconstructed only,At least one undated
head,BRIGHT,0.163167,Low: <0.2,8711,1670,Reconstructed only,Epic,At least one undated
head,TWIST,0.161717,Low: <0.2,12132,11356,Early-Vedic,Early-Vedic,Same tagged era
head,SHEPHERD,0.161458,Low: <0.2,7987,10548,Epic,Classical,Dardic earlier
head,BROOM,0.161373,Low: <0.2,10081,9188,Early-Vedic,Early-Vedic,Same tagged era
head,SKIN,0.160731,Low: <0.2,4124,3848,Early-Vedic,Classical,Dardic earlier
head,WIND,0.160469,Low: <0.2,11497-2,11497,Undated OIA,Undated OIA,At least one undated
head,AGAIN,0.160023,Low: <0.2,4474,9078-2,Reconstructed only,Reconstructed only,At least one undated
head,SHOW,0.16,Low: <0.2,8134,6507,Reconstructed only,Reconstructed only,At least one undated
head,THEN,0.157619,Low: <0.2,5639,5753,Early-Vedic,Early-Vedic,Same tagged era
head,MARROW,0.157197,Low: <0.2,10323,9712,Early-Vedic,Undated OIA,At least one undated
head,SLAVE,0.157153,Low: <0.2,10984,9135,Reconstructed only,Classical,At least one undated
head,ABOVE,0.156692,Low: <0.2,2426,2333,Early-Vedic,Reconstructed only,At least one undated
head,HERD (SOMETHING),0.156667,Low: <0.2,10632,11331,Undated OIA,Early-Vedic,At least one undated
head,PUT ON,0.15625,Low: <0.2,9139,7835,Epic,Early-Vedic,Plains earlier
head,JAW,0.155556,Low: <0.2,5137,13966,Early-Vedic,Early-Vedic,Same tagged era
head,LOAD,0.155425,Low: <0.2,9459,9393,Early-Vedic,Early-Vedic,Same tagged era
head,BEAT,0.155093,Low: <0.2,6145,8165,Early-Vedic,Early-Vedic,Same tagged era
head,WRIST,0.155048,Low: <0.2,4214,7047,Reconstructed only,Early-Vedic,At least one undated
head,CLIMB,0.154375,Low: <0.2,1892,4578,Reconstructed only,Reconstructed only,At least one undated
head,FLY (MOVE THROUGH AIR),0.153213,Low: <0.2,9085,9696,Reconstructed only,Undated OIA,At least one undated
head,NAIL (TOOL),0.152564,Low: <0.2,6920,6914,Early-Vedic,Early-Vedic,Same tagged era
head,SHAVE,0.152381,Low: <0.2,7138,10194,Reconstructed only,Classical,At least one undated
head,TORCH,0.152381,Low: <0.2,12622,2362,Reconstructed only,Early-Vedic,At least one undated
head,STAND,0.150897,Low: <0.2,1907-2,2426,Early-Vedic,Early-Vedic,Same tagged era
head,UPPER LEG (THIGH),0.150893,Low: <0.2,9742-2,5082,Reconstructed only,Early-Vedic,At least one undated
head,LAME,0.150231,Low: <0.2,3941-4,11044,Reconstructed only,Reconstructed only,At least one undated
head,ROCK,0.15,Low: <0.2,11348,11080-5,Reconstructed only,Epic,At least one undated
head,LIFE,0.14933,Low: <0.2,5247,5239,Early-Vedic,Early-Vedic,Same tagged era
head,POISON,0.148148,Low: <0.2,11968,4038,Early-Vedic,Epic,Dardic earlier
head,DIG,0.147805,Low: <0.2,3489,3934,Reconstructed only,Reconstructed only,At least one undated
head,LIZARD,0.146667,Low: <0.2,3418-2,4431,Reconstructed only,Reconstructed only,At least one undated
head,SMILE,0.146667,Low: <0.2,3725,12030,Reconstructed only,Epic,At least one undated
head,THRESH,0.145833,Low: <0.2,3708,5328-2,Epic,Reconstructed only,At least one undated
head,OX,0.145556,Low: <0.2,4147,9176,Reconstructed only,Early-Vedic,At least one undated
head,ITCH,0.145455,Low: <0.2,738,3854,Reconstructed only,Undated OIA,At least one undated
head,JOIN,0.144444,Low: <0.2,3980,10496-4,Reconstructed only,Reconstructed only,At least one undated
head,SPEAK,0.14375,Low: <0.2,9837,9321,Early-Vedic,Reconstructed only,At least one undated
head,MAN,0.14308,Low: <0.2,9888,9828,Early-Vedic,Early-Vedic,Same tagged era
head,WASP,0.142593,Low: <0.2,9651,5065,Epic,Reconstructed only,At least one undated
head,BUTTER,0.142029,Low: <0.2,13674,10378,Reconstructed only,Epic,At least one undated
head,BULL,0.140756,Low: <0.2,4255,9176,Early-Vedic,Early-Vedic,Same tagged era
head,THICK,0.140642,Low: <0.2,9330,4118,Reconstructed only,Epic,At least one undated
head,LOOK,0.140625,Low: <0.2,13743,6507-2,Reconstructed only,Reconstructed only,At least one undated
head,ARRIVE,0.140476,Low: <0.2,9001,8716,Reconstructed only,Early-Vedic,At least one undated
head,FRIEND,0.139722,Low: <0.2,6294,10124,Epic,Early-Vedic,Plains earlier
head,YELLOW,0.139545,Low: <0.2,13990,13992,Classical,Early-Vedic,Plains earlier
head,YOKE,0.13927,Low: <0.2,10482,10524,Early-Vedic,Epic,Dardic earlier
head,WANDER,0.138974,Low: <0.2,5836,4485,Epic,Reconstructed only,At least one undated
head,FOREHEAD,0.138924,Low: <0.2,5803,9926,Early-Vedic,Undated OIA,At least one undated
head,PLACE (POSITION),0.138882,Low: <0.2,13753,13760,Early-Vedic,Early-Vedic,Same tagged era
head,LOUSE,0.1375,Low: <0.2,10512,1728,Undated OIA,Undated OIA,At least one undated
head,CAMEL,0.137407,Low: <0.2,2387,2797,Early-Vedic,Epic,Dardic earlier
head,SUNSHINE,0.137143,Low: <0.2,13574,4445,Early-Vedic,Early-Vedic,Same tagged era
head,THROAT,0.13588,Low: <0.2,12675,4070,Reconstructed only,Epic,At least one undated
head,PREGNANT,0.135625,Low: <0.2,1962,4062,Reconstructed only,Early-Vedic,At least one undated
head,FLAME,0.135556,Low: <0.2,9480,635,Epic,Undated OIA,At least one undated
head,CHIN,0.135268,Low: <0.2,5137,5853,Early-Vedic,Early-Vedic,Same tagged era
head,BURNING,0.134856,Low: <0.2,5679,6321,Early-Vedic,Early-Vedic,Same tagged era
head,GROUND,0.134343,Low: <0.2,6744,8221,Epic,Reconstructed only,At least one undated
head,BONE,0.133878,Low: <0.2,958,13952,Undated OIA,Undated OIA,At least one undated
head,BEAUTIFUL,0.133681,Low: <0.2,12540,12637,Early-Vedic,Early-Vedic,Same tagged era
head,STOOL,0.132727,Low: <0.2,1484,8222,Early-Vedic,Early-Vedic,Same tagged era
head,TIME,0.131718,Low: <0.2,11547,12115,Epic,Early-Vedic,Plains earlier
head,COUGH,0.131111,Low: <0.2,3135,3926,Classical,Reconstructed only,At least one undated
head,NECKLACE,0.130556,Low: <0.2,4396,14059,Reconstructed only,Epic,At least one undated
head,WAIST,0.130179,Low: <0.2,5582,10879,Reconstructed only,Reconstructed only,At least one undated
head,TOWARDS,0.13,Low: <0.2,2830,9493,Early-Vedic,Early-Vedic,Same tagged era
head,NOT,0.129928,Low: <0.2,7603,6906,Undated OIA,Early-Vedic,At least one undated
head,SHADE,0.129545,Low: <0.2,422,5020,Undated OIA,Undated OIA,At least one undated
head,BOW,0.129514,Low: <0.2,6636-2,6956,Reconstructed only,Undated OIA,At least one undated
head,PULSE,0.129365,Low: <0.2,10198,7047,Early-Vedic,Early-Vedic,Same tagged era
head,TOMORROW,0.128795,Low: <0.2,10763,3104,Early-Vedic,Undated OIA,At least one undated
head,WOLF,0.128571,Low: <0.2,4362,f_eus77jo5mdyak,Classical,Reconstructed only,At least one undated
head,SMALL,0.128076,Low: <0.2,11072,5071,Reconstructed only,Reconstructed only,At least one undated
head,BE BORN,0.127778,Low: <0.2,5204,6555,Early-Vedic,Early-Vedic,Same tagged era
head,SEIZE,0.127388,Low: <0.2,4236,7619,Early-Vedic,Reconstructed only,At least one undated
head,EAT,0.127079,Low: <0.2,10507,3865,Early-Vedic,Early-Vedic,Same tagged era
head,FLEE,0.12684,Low: <0.2,5534,9361-2,Epic,Epic,Same tagged era
head,LOSE,0.126731,Low: <0.2,8310,14061,Reconstructed only,Epic,At least one undated
head,BARK,0.126667,Low: <0.2,8253,5005,Epic,Undated OIA,At least one undated
head,STRING,0.125116,Low: <0.2,13561,6225,Early-Vedic,Undated OIA,At least one undated
head,BUILD,0.12381,Low: <0.2,6145,4814,Early-Vedic,Early-Vedic,Same tagged era
head,HIGH TIDE,0.12381,Low: <0.2,773,12076,Reconstructed only,Early-Vedic,At least one undated
head,HOLD,0.123512,Low: <0.2,6791,6747,Early-Vedic,Epic,Dardic earlier
head,RECOGNIZE (SOMEBODY),0.123333,Low: <0.2,5193,8637,Early-Vedic,Epic,Dardic earlier
head,KNOW,0.122751,Low: <0.2,5193,4836,Early-Vedic,Epic,Dardic earlier
head,PORCH,0.122667,Low: <0.2,9740,848,Classical,Reconstructed only,At least one undated
head,ELBOW,0.122294,Low: <0.2,5605,603,Reconstructed only,Early-Vedic,At least one undated
head,WANT,0.122222,Low: <0.2,4415,12678,Reconstructed only,Early-Vedic,At least one undated
head,EMERGE (APPEAR),0.121875,Low: <0.2,7479,6516,Reconstructed only,Early-Vedic,At least one undated
head,DEER,0.121711,Low: <0.2,9885,13982,Reconstructed only,Early-Vedic,At least one undated
head,SPEAR,0.12,Low: <0.2,12352,9409,Early-Vedic,Epic,Dardic earlier
head,PALM OF HAND,0.119444,Low: <0.2,8358,7075,Undated OIA,Epic,At least one undated
head,BE HUNGRY,0.119391,Low: <0.2,540,9285,Epic,Epic,Same tagged era
head,GOOD,0.118562,Low: <0.2,9348,11384,Early-Vedic,Epic,Dardic earlier
head,REMAIN,0.118333,Low: <0.2,6747,10666,Epic,Reconstructed only,At least one undated
head,HARD,0.115909,Low: <0.2,2587,7360,Undated OIA,Medieval,At least one undated
head,GRANDMOTHER,0.114286,Low: <0.2,6261,7059,Reconstructed only,Reconstructed only,At least one undated
head,REST,0.114286,Low: <0.2,11949,13479,Epic,Early-Vedic,Plains earlier
head,ROTTEN,0.113636,Low: <0.2,5617,12268,Epic,Epic,Same tagged era
head,SHIELD,0.112963,Low: <0.2,3915,2547,Undated OIA,Reconstructed only,At least one undated
head,DEEP,0.111979,Low: <0.2,4201,4024,Early-Vedic,Early-Vedic,Same tagged era
head,DUNG (ANIMAL FAECES),0.111732,Low: <0.2,8139,3863,Undated OIA,Undated OIA,At least one undated
head,SEED,0.111623,Low: <0.2,9250,5827,Early-Vedic,Early-Vedic,Same tagged era
head,BOW STRING,0.111538,Low: <0.2,5227,5660,Undated OIA,Early-Vedic,At least one undated
head,SWEET,0.111146,Low: <0.2,9793,10299,Early-Vedic,Early-Vedic,Same tagged era
head,DARK,0.110079,Low: <0.2,3690,386,Early-Vedic,Epic,Dardic earlier
head,AND,0.109127,Low: <0.2,5649,434,Early-Vedic,Early-Vedic,Same tagged era
head,NOW,0.108571,Low: <0.2,f_2ig5mcwn2zgm2,268,Reconstructed only,Early-Vedic,At least one undated
head,DIRTY,0.107389,Low: <0.2,3153-3,9904,Reconstructed only,Reconstructed only,At least one undated
head,PENIS,0.106777,Low: <0.2,10917,10875,Undated OIA,Epic,At least one undated
head,FIREWOOD,0.106325,Low: <0.2,12379,10875,Epic,Epic,Same tagged era
head,FINGERNAIL,0.105769,Low: <0.2,6914-2,6914,Reconstructed only,Early-Vedic,At least one undated
head,FLOUR,0.103877,Low: <0.2,492,1338,Undated OIA,Reconstructed only,At least one undated
head,SLEEP,0.103495,Low: <0.2,13929,13479,Reconstructed only,Early-Vedic,At least one undated
head,CORNER,0.103472,Low: <0.2,3898,3504,Reconstructed only,Epic,At least one undated
head,OUTSIDE,0.103125,Low: <0.2,9228,9226,Reconstructed only,Reconstructed only,At least one undated
head,CUT,0.10286,Low: <0.2,5046,2854,Reconstructed only,Epic,At least one undated
head,RAVINE,0.102778,Low: <0.2,4453,3790,Reconstructed only,Reconstructed only,At least one undated
head,GET,0.101136,Low: <0.2,10948,8943,Early-Vedic,Early-Vedic,Same tagged era
head,HOE,0.100769,Low: <0.2,2909,3286-2,Undated OIA,Reconstructed only,At least one undated
head,WITH,0.098985,Low: <0.2,13173,13364-3,Undated OIA,Undated OIA,At least one undated
head,OPEN,0.098841,Low: <0.2,10181,3945,Early-Vedic,Reconstructed only,At least one undated
head,FEAR (BE AFRAID),0.098152,Low: <0.2,9241,6186,Early-Vedic,Epic,Dardic earlier
head,SIX,0.097681,Low: <0.2,12803-2,12803,Reconstructed only,Undated OIA,At least one undated
head,GUARD,0.0975,Low: <0.2,10547,8900,Early-Vedic,Medieval,Dardic earlier
head,RUB,0.097161,Low: <0.2,9890,9870-2,Epic,Reconstructed only,At least one undated
head,HIP,0.097143,Low: <0.2,12729,3353,Early-Vedic,Reconstructed only,At least one undated
head,EGG,0.096955,Low: <0.2,13776,5550,Early-Vedic,Classical,Dardic earlier
head,GRAIN,0.096111,Low: <0.2,9250,398,Early-Vedic,Early-Vedic,Same tagged era
head,GROOM,0.095893,Low: <0.2,5198,11309,Early-Vedic,Early-Vedic,Same tagged era
head,PORCUPINE,0.095455,Low: <0.2,12353,12766-3,Early-Vedic,Undated OIA,At least one undated
head,CO-WIFE,0.094737,Low: <0.2,f_shlotnnlf4ies,13130,Reconstructed only,Early-Vedic,At least one undated
head,WEAVE,0.094444,Low: <0.2,5663,11773-2,Early-Vedic,Reconstructed only,At least one undated
head,YAWN,0.093333,Low: <0.2,5265,14058,Early-Vedic,Epic,Dardic earlier
head,WING,0.092826,Low: <0.2,8025,5535,Undated OIA,Undated OIA,At least one undated
head,FALL,0.092583,Low: <0.2,4074,7722,Classical,Early-Vedic,Plains earlier
head,FIRST,0.09256,Low: <0.2,12982,8652-2,Early-Vedic,Reconstructed only,At least one undated
head,POND,0.092308,Low: <0.2,5578,8425,Reconstructed only,Epic,At least one undated
head,HEAT,0.091136,Low: <0.2,5684,635,Early-Vedic,Undated OIA,At least one undated
head,LAMB,0.091071,Low: <0.2,9263,11116,Reconstructed only,Reconstructed only,At least one undated
head,PUT,0.090455,Low: <0.2,6145,10547,Early-Vedic,Early-Vedic,Same tagged era
head,JACKAL,0.089818,Low: <0.2,12578,4158-2,Undated OIA,Reconstructed only,At least one undated
head,SLOPE,0.088889,Low: <0.2,6644,1769-2,Classical,Reconstructed only,At least one undated
head,DRY,0.088836,Low: <0.2,12559,12548,Early-Vedic,Early-Vedic,Same tagged era
head,WHEAT,0.088803,Low: <0.2,4287,2665,Early-Vedic,Medieval,Dardic earlier
head,WHICH,0.08875,Low: <0.2,3164,2575,Undated OIA,Undated OIA,At least one undated
head,DAWN,0.088525,Low: <0.2,11120,9634,Reconstructed only,Reconstructed only,At least one undated
head,SHOULDERBLADE,0.088393,Low: <0.2,13839,6-3x,Reconstructed only,Reconstructed only,At least one undated
head,RAM,0.088111,Low: <0.2,10310,9606,Undated OIA,Undated OIA,At least one undated
head,GRANDFATHER,0.087912,Low: <0.2,9209,1348,Reconstructed only,Epic,At least one undated
head,FIST,0.087051,Low: <0.2,10221,4498,Early-Vedic,Reconstructed only,At least one undated
head,FOOD,0.086458,Low: <0.2,491,1544,Early-Vedic,Early-Vedic,Same tagged era
head,YOU,0.086429,Low: <0.2,10511,1135,Undated OIA,Early-Vedic,At least one undated
head,SMOKE (EXHAUST),0.086366,Low: <0.2,6849-2,6849,Medieval,Early-Vedic,Plains earlier
head,THORN,0.085833,Low: <0.2,2668-2,2668,Early-Vedic,Medieval,Dardic earlier
head,LIE (REST),0.085714,Low: <0.2,10917,5407,Undated OIA,Reconstructed only,At least one undated
head,SPRING (OF WATER),0.084286,Low: <0.2,1869,5380,Early-Vedic,Reconstructed only,At least one undated
head,STRAW,0.083995,Low: <0.2,5892,7958,Early-Vedic,Epic,Dardic earlier
head,WASH,0.083889,Low: <0.2,3719,6886,Reconstructed only,Reconstructed only,At least one undated
head,PLAY,0.083761,Low: <0.2,7583,3918,Early-Vedic,Reconstructed only,At least one undated
head,DISTANCE,0.083333,Low: <0.2,6495,7785,Early-Vedic,Early-Vedic,Same tagged era
head,GIVE,0.083333,Low: <0.2,8655,6140,Early-Vedic,Early-Vedic,Same tagged era
head,BREAD,0.083175,Low: <0.2,4321,10837,Medieval,Reconstructed only,At least one undated
head,CHILD,0.08172,Low: <0.2,3245,5070,Reconstructed only,Reconstructed only,At least one undated
head,THERE,0.080357,Low: <0.2,228,1564-3,Undated OIA,Reconstructed only,At least one undated
head,SELF,0.080159,Low: <0.2,9102,1135,Reconstructed only,Early-Vedic,At least one undated
head,MANGO,0.079032,Low: <0.2,1268,3475,Early-Vedic,Epic,Dardic earlier
head,SPLIT,0.079018,Low: <0.2,9058-2,13845,Undated OIA,Reconstructed only,At least one undated
head,BITE,0.077976,Low: <0.2,4675,2854,Reconstructed only,Epic,At least one undated
head,DRUM,0.077894,Low: <0.2,5608,5525,Undated OIA,Reconstructed only,At least one undated
head,BLOW (OF WIND),0.077166,Low: <0.2,9102,5513-3,Reconstructed only,Reconstructed only,At least one undated
head,HOLE,0.076349,Low: <0.2,4872,5043,Reconstructed only,Early-Vedic,At least one undated
head,SWIM,0.076339,Low: <0.2,6624,5702,Early-Vedic,Early-Vedic,Same tagged era
head,EYE,0.07625,Low: <0.2,919,4560,Early-Vedic,Early-Vedic,Same tagged era
head,THIEF,0.07619,Low: <0.2,10216,5489,Epic,Reconstructed only,At least one undated
head,PARTRIDGE,0.075833,Low: <0.2,5177,5809,Epic,Early-Vedic,Plains earlier
head,STRONG,0.075,Low: <0.2,9330,9161,Reconstructed only,Early-Vedic,At least one undated
head,SCRATCH,0.074495,Low: <0.2,3489,3729,Reconstructed only,Undated OIA,At least one undated
head,FAECES (EXCREMENT),0.074359,Low: <0.2,10731,4225,Reconstructed only,Undated OIA,At least one undated
head,SISTER,0.074167,Low: <0.2,13913,6479,Early-Vedic,Reconstructed only,At least one undated
head,WEAR,0.073704,Low: <0.2,1260,7835,Epic,Early-Vedic,Plains earlier
head,IN FRONT OF,0.073558,Low: <0.2,8281,68,Undated OIA,Early-Vedic,At least one undated
head,TURN,0.073207,Low: <0.2,11547,8041,Epic,Reconstructed only,At least one undated
head,SKY,0.072826,Low: <0.2,1008,f_lmwk7knn4svus,Early-Vedic,Other origin,At least one undated
head,THIN,0.072821,Low: <0.2,4889,7736,Classical,Undated OIA,At least one undated
head,THROW,0.072407,Low: <0.2,5735,9106,Undated OIA,Reconstructed only,At least one undated
head,MEAT,0.071667,Low: <0.2,395-2,f_fnwdoz5wjhgai,Reconstructed only,Other origin,At least one undated
head,OLD,0.071585,Low: <0.2,5524,5260,Reconstructed only,Early-Vedic,At least one undated
head,WEAK,0.071465,Low: <0.2,10789,6438,Reconstructed only,Early-Vedic,At least one undated
head,MAIZE,0.071053,Low: <0.2,10437,9879,Undated OIA,Undated OIA,At least one undated
head,MORNING,0.070498,Low: <0.2,10763,11813,Early-Vedic,Reconstructed only,At least one undated
head,GATHER,0.07,Low: <0.2,8751,4814,Epic,Early-Vedic,Plains earlier
head,VILLAGE,0.069987,Low: <0.2,4368,11448,Early-Vedic,Undated OIA,At least one undated
head,STRIKE,0.069624,Low: <0.2,11004,5513,Early-Vedic,Reconstructed only,At least one undated
head,STICK,0.067639,Low: <0.2,6638,10991,Reconstructed only,Reconstructed only,At least one undated
head,CLOTHES,0.066562,Low: <0.2,7700,2871,Epic,Classical,Dardic earlier
head,SIT,0.066176,Low: <0.2,7467,2245,Early-Vedic,Early-Vedic,Same tagged era
head,PLOUGH,0.065073,Low: <0.2,11612,3882-6,Epic,Reconstructed only,At least one undated
head,HIDE,0.064821,Low: <0.2,447,4701,Reconstructed only,Early-Vedic,At least one undated
head,EVIL,0.064259,Low: <0.2,10930,9289,Reconstructed only,Reconstructed only,At least one undated
head,STAR,0.063755,Low: <0.2,13713,5798,Undated OIA,Classical,At least one undated
head,AWAKE,0.06375,Low: <0.2,9279,5174,Early-Vedic,Early-Vedic,Same tagged era
head,VULVA,0.063409,Low: <0.2,9524-5,4860,Reconstructed only,Reconstructed only,At least one undated
head,GUTS,0.061667,Low: <0.2,2417,8376,Undated OIA,Reconstructed only,At least one undated
head,MATERNAL UNCLE (MOTHER'S BROTHER),0.060641,Low: <0.2,10009,10055,Early-Vedic,Classical,Dardic earlier
head,GO UP OR RISE (ONESELF),0.060227,Low: <0.2,1900-2,4578,Reconstructed only,Reconstructed only,At least one undated
head,SLEEVE,0.06,Low: <0.2,9230,9233,Reconstructed only,Undated OIA,At least one undated
head,CLOTH,0.05997,Low: <0.2,5466,2871,Reconstructed only,Classical,At least one undated
head,TUBE,0.059167,Low: <0.2,6936,6936-2,Undated OIA,Early-Vedic,At least one undated
head,BREATH,0.057576,Low: <0.2,6730,12769,Epic,Epic,Same tagged era
head,SPLIT OPEN,0.057253,Low: <0.2,5989,5988,Reconstructed only,Undated OIA,At least one undated
head,VALLEY,0.05641,Low: <0.2,4453,6644,Reconstructed only,Classical,At least one undated
head,GENTLE,0.056313,Low: <0.2,3523,8395,Epic,Reconstructed only,At least one undated
head,MOTHER-IN-LAW,0.05625,Low: <0.2,5286,10058,Undated OIA,Reconstructed only,At least one undated
head,COOKED,0.05619,Low: <0.2,7654,9627,Early-Vedic,Early-Vedic,Same tagged era
head,LOST,0.055903,Low: <0.2,8310-2,3653,Reconstructed only,Medieval,At least one undated
head,FULL,0.055386,Low: <0.2,8342,8330,Undated OIA,Classical,At least one undated
head,GRASS,0.055222,Low: <0.2,4471,3769,Early-Vedic,Undated OIA,At least one undated
head,DIRT,0.05498,Low: <0.2,9899,9904,Early-Vedic,Reconstructed only,At least one undated
head,LOOSE,0.054825,Low: <0.2,12009,5590,Epic,Reconstructed only,At least one undated
head,TWO,0.054006,Low: <0.2,6648,651,Undated OIA,Early-Vedic,At least one undated
head,ACHE,0.053333,Low: <0.2,12576-3,5330,Reconstructed only,Classical,At least one undated
head,FRUIT,0.05328,Low: <0.2,11031,9051,Classical,Early-Vedic,Plains earlier
head,PERSON,0.052991,Low: <0.2,10049,5098,Undated OIA,Early-Vedic,At least one undated
head,FLESH,0.052308,Low: <0.2,9982,f_fnwdoz5wjhgai,Undated OIA,Other origin,At least one undated
head,SPREAD OUT,0.052209,Low: <0.2,2269,8838,Reconstructed only,Early-Vedic,At least one undated
head,EMPTY,0.051671,Low: <0.2,3643,11517,Reconstructed only,Epic,At least one undated
head,TRUTH,0.051429,Low: <0.2,9377,13112,Early-Vedic,Early-Vedic,Same tagged era
head,CLAY,0.051042,Low: <0.2,8019,10286,Epic,Early-Vedic,Plains earlier
head,FOG,0.050926,Low: <0.2,6955c,3386,Reconstructed only,Reconstructed only,At least one undated
head,BLUNT,0.05,Low: <0.2,10187,9532,Reconstructed only,Reconstructed only,At least one undated
head,HOW MUCH,0.05,Low: <0.2,3169,3167,Early-Vedic,Reconstructed only,At least one undated
head,MAKE,0.049665,Low: <0.2,2814,9710,Early-Vedic,Reconstructed only,At least one undated
head,CALL,0.048846,Low: <0.2,9837,12298,Early-Vedic,Early-Vedic,Same tagged era
head,FLOW,0.048291,Low: <0.2,841,11453,Reconstructed only,Early-Vedic,At least one undated
head,PULL OUT,0.048194,Low: <0.2,4772,2660,Epic,Reconstructed only,At least one undated
head,FINE (PENALTY),0.048148,Low: <0.2,9348,6136,Early-Vedic,Classical,Dardic earlier
head,RIPEN,0.047917,Low: <0.2,7654,13817,Early-Vedic,Epic,Dardic earlier
head,PLOUGH (INSTRUMENT),0.047879,Low: <0.2,10482,11006,Early-Vedic,Early-Vedic,Same tagged era
head,FRONT (PART),0.047778,Low: <0.2,6664,12982,Undated OIA,Early-Vedic,At least one undated
head,OLD (AGED),0.047778,Low: <0.2,4424,9461,Early-Vedic,Classical,Dardic earlier
head,ARM,0.047743,Low: <0.2,10221,9229,Early-Vedic,Early-Vedic,Same tagged era
head,SHOOT,0.047619,Low: <0.2,10066,9013,Early-Vedic,Medieval,Dardic earlier
head,NIGHT,0.047448,Low: <0.2,11625,10702,Early-Vedic,Early-Vedic,Same tagged era
head,THUMB,0.046429,Low: <0.2,5286,137,Undated OIA,Undated OIA,At least one undated
head,FROM,0.045,Low: <0.2,9804,13173,Early-Vedic,Undated OIA,At least one undated
head,CRUSH,0.044722,Low: <0.2,3241,4802,Classical,Reconstructed only,At least one undated
head,NEEDLE (FOR SEWING),0.044102,Low: <0.2,13551-2,13551,Reconstructed only,Early-Vedic,At least one undated
head,HUNGER,0.044028,Low: <0.2,299,9286,Epic,Epic,Same tagged era
head,HAMMER,0.043702,Low: <0.2,3239-2,14028,Reconstructed only,Reconstructed only,At least one undated
head,DUST,0.043604,Low: <0.2,2025,6835,Reconstructed only,Reconstructed only,At least one undated
head,BUFFALO,0.042857,Low: <0.2,13331,9980,Early-Vedic,Reconstructed only,At least one undated
head,WHOLE,0.041845,Low: <0.2,9568,8330,Early-Vedic,Classical,Dardic earlier
head,YOUNG,0.041786,Low: <0.2,10896,5712,Early-Vedic,Undated OIA,At least one undated
head,TIRED,0.041558,Low: <0.2,3856,9361-2,Reconstructed only,Epic,At least one undated
head,CATCH,0.041429,Low: <0.2,4450,6747,Epic,Epic,Same tagged era
head,BALL,0.041369,Low: <0.2,9203,4321,Early-Vedic,Medieval,Dardic earlier
head,STEAM,0.041154,Low: <0.2,9108,9223-3,Early-Vedic,Reconstructed only,At least one undated
head,LAY (VERB),0.041071,Low: <0.2,13756,8053,Early-Vedic,Early-Vedic,Same tagged era
head,ABUSE,0.040833,Low: <0.2,4052,9372,Undated OIA,Epic,At least one undated
head,SLIP,0.040833,Low: <0.2,8156,3856,Epic,Reconstructed only,At least one undated
head,MAD,0.040139,Low: <0.2,9130,11504,Early-Vedic,Classical,Dardic earlier
head,COLOR,0.04,Low: <0.2,10580,11338,Early-Vedic,Early-Vedic,Same tagged era
head,PIG,0.04,Low: <0.2,13544,9551,Early-Vedic,Reconstructed only,At least one undated
head,STREAM,0.04,Low: <0.2,4453,6788,Reconstructed only,Undated OIA,At least one undated
head,LAUGH,0.039615,Low: <0.2,14069,14048,Classical,Reconstructed only,At least one undated
head,RING,0.039586,Low: <0.2,5458,10203,Reconstructed only,Epic,At least one undated
head,OTTER,0.039286,Low: <0.2,2056,11084,Early-Vedic,Early-Vedic,Same tagged era
head,RISE (MOVE UPWARDS),0.039286,Low: <0.2,1892,4561,Reconstructed only,Reconstructed only,At least one undated
head,FAST,0.038929,Low: <0.2,5339,5327-2,Reconstructed only,Reconstructed only,At least one undated
head,SOLE (FOOT),0.038889,Low: <0.2,8702,5738,Reconstructed only,Reconstructed only,At least one undated
head,SALT,0.03869,Low: <0.2,10978,10299,Early-Vedic,Early-Vedic,Same tagged era
head,PLANT (VEGETATION),0.038023,Low: <0.2,8807,2517,Early-Vedic,Classical,Dardic earlier
head,FIX,0.036667,Low: <0.2,9126,13963,Early-Vedic,Early-Vedic,Same tagged era
head,MUD,0.036508,Low: <0.2,9899,2867,Early-Vedic,Undated OIA,At least one undated
head,TEAR (SHRED),0.035714,Low: <0.2,5046,5043,Reconstructed only,Early-Vedic,At least one undated
head,FOREST,0.035686,Low: <0.2,5853,600,Early-Vedic,Early-Vedic,Same tagged era
head,LADDER,0.035498,Low: <0.2,12724,7458,Reconstructed only,Early-Vedic,At least one undated
head,FIND,0.035238,Low: <0.2,10948,12626,Early-Vedic,Undated OIA,At least one undated
head,LEAVE,0.034722,Low: <0.2,5984,3707,Early-Vedic,Reconstructed only,At least one undated
head,ROLL,0.034394,Low: <0.2,6453,11079-3,Reconstructed only,Medieval,At least one undated
head,UGLY,0.034286,Low: <0.2,913,9524-3,Epic,Reconstructed only,At least one undated
head,RAFTER,0.033929,Low: <0.2,6296,7699,Epic,Epic,Same tagged era
head,COURTYARD,0.033333,Low: <0.2,9740,12130,Classical,Early-Vedic,Plains earlier
head,STUPID,0.033333,Low: <0.2,706,9263,Reconstructed only,Reconstructed only,At least one undated
head,SHOULDER,0.032793,Low: <0.2,13839,13627,Reconstructed only,Early-Vedic,At least one undated
head,LUNG,0.032738,Low: <0.2,9423a,8391,Reconstructed only,Reconstructed only,At least one undated
head,EDGE,0.032639,Low: <0.2,8868,8041,Epic,Reconstructed only,At least one undated
head,COUNTRY,0.0325,Low: <0.2,3232,10694,Epic,Early-Vedic,Plains earlier
head,HAND,0.031944,Low: <0.2,13747,14024,Early-Vedic,Early-Vedic,Same tagged era
head,TWENTY,0.03125,Low: <0.2,11616,3503,Early-Vedic,Reconstructed only,At least one undated
head,PEA,0.030952,Low: <0.2,3335,9724-2,Epic,Reconstructed only,At least one undated
head,BROTHER,0.030692,Low: <0.2,9664,12056,Undated OIA,Early-Vedic,At least one undated
head,EAR,0.030682,Low: <0.2,3056,2830,Reconstructed only,Early-Vedic,At least one undated
head,ACROSS,0.03,Low: <0.2,8113,8100,Reconstructed only,Early-Vedic,At least one undated
head,CORPSE,0.03,Low: <0.2,9888,12356,Early-Vedic,Early-Vedic,Same tagged era
head,SCATTER,0.03,Low: <0.2,9051,781,Early-Vedic,Early-Vedic,Same tagged era
head,MOVE,0.029929,Low: <0.2,4874,14018,Reconstructed only,Reconstructed only,At least one undated
head,SON-IN-LAW,0.029808,Low: <0.2,5198-2,11309,Reconstructed only,Early-Vedic,At least one undated
head,CLEAN,0.028571,Low: <0.2,6886,7150,Reconstructed only,Early-Vedic,At least one undated
head,HEAP,0.028452,Low: <0.2,5603,3392,Reconstructed only,Epic,At least one undated
head,FEATHER,0.028431,Low: <0.2,7733,13640,Early-Vedic,Reconstructed only,At least one undated
head,CHILI PEPPER,0.027564,Low: <0.2,9875-3,9875,Reconstructed only,Undated OIA,At least one undated
head,IN,0.026481,Low: <0.2,9804,12042,Early-Vedic,Reconstructed only,At least one undated
head,PATERNAL GRANDFATHER,0.02619,Low: <0.2,6261,1348,Reconstructed only,Epic,At least one undated
head,URINE,0.026136,Low: <0.2,10337,10234,Epic,Early-Vedic,Plains earlier
head,TOOTH,0.025926,Low: <0.2,6152,6153,Early-Vedic,Early-Vedic,Same tagged era
head,A LITTLE,0.025595,Low: <0.2,5850-2,13720-2,Reconstructed only,Reconstructed only,At least one undated
head,CALF OF LEG,0.025397,Low: <0.2,8377-7,5536-3,Reconstructed only,Reconstructed only,At least one undated
head,LAST YEAR,0.025,Low: <0.2,8777,7907,Reconstructed only,Epic,At least one undated
head,PASS,0.024158,Low: <0.2,5702,4028,Early-Vedic,Early-Vedic,Same tagged era
head,SHARE,0.023377,Low: <0.2,9360,8946,Epic,Early-Vedic,Plains earlier
head,PESTLE,0.023214,Low: <0.2,11348,5596,Reconstructed only,Reconstructed only,At least one undated
head,HAIR,0.022842,Low: <0.2,5095,4883,Reconstructed only,Early-Vedic,At least one undated
head,MATERNAL AUNT (MOTHER'S SISTER),0.022727,Low: <0.2,7059,10001,Reconstructed only,Epic,At least one undated
head,HORN (ANATOMY),0.022566,Low: <0.2,5901,12583,Undated OIA,Early-Vedic,At least one undated
head,HALF,0.021368,Low: <0.2,3792-2,644,Reconstructed only,Early-Vedic,At least one undated
head,WELL,0.021154,Low: <0.2,9348,7561,Early-Vedic,Classical,Dardic earlier
head,COMB,0.020202,Low: <0.2,2970,2598-3,Epic,Reconstructed only,At least one undated
head,FAR,0.02,Low: <0.2,6492,f_54k6p5unwsyuu,Reconstructed only,Other origin,At least one undated
head,HORSE,0.019742,Low: <0.2,920,8452,Undated OIA,Undated OIA,At least one undated
head,ARMPIT,0.019643,Low: <0.2,3191,3213,Epic,Early-Vedic,Plains earlier
head,BLUE,0.019167,Low: <0.2,8130,7563,Classical,Early-Vedic,Plains earlier
head,SIXTEEN,0.01875,Low: <0.2,12812-3,12812,Reconstructed only,Early-Vedic,At least one undated
head,CROW,0.018519,Low: <0.2,3107,2993,Reconstructed only,Epic,At least one undated
head,NAVEL,0.017381,Low: <0.2,12516,4277,Epic,Undated OIA,At least one undated
head,BIRD,0.016667,Low: <0.2,5177,7637-2,Epic,Reconstructed only,At least one undated
head,HUNDRED,0.016481,Low: <0.2,f_a3qzgmx3y434i,f_iwnpamter6qbm,Other origin,Undated OIA,At least one undated
head,PALATE,0.015934,Low: <0.2,5803,5853,Early-Vedic,Early-Vedic,Same tagged era
head,KILL,0.015611,Low: <0.2,10066,3369,Early-Vedic,Medieval,Dardic earlier
head,YES,0.015,Low: <0.2,2524,5240,Early-Vedic,Undated OIA,At least one undated
head,SHOP,0.012143,Low: <0.2,1204,3546,Epic,Early-Vedic,Plains earlier
head,LEAF,0.011243,Low: <0.2,4979,7918,Epic,Early-Vedic,Plains earlier
head,THOU,0.011111,Low: <0.2,10511,5889,Undated OIA,Undated OIA,At least one undated
head,TWELVE,0.011111,Low: <0.2,6658-2,6658,Early-Vedic,Early-Vedic,Same tagged era
head,TONGUE,0.011061,Low: <0.2,11136,5228,Reconstructed only,Early-Vedic,At least one undated
head,FISH,0.010837,Low: <0.2,10867,1256,Classical,Undated OIA,At least one undated
head,NINETEEN,0.010819,Low: <0.2,6998,2410,Early-Vedic,Undated OIA,At least one undated
head,RADISH,0.010714,Low: <0.2,5934,10250,Early-Vedic,Early-Vedic,Same tagged era
head,DRINK,0.009757,Low: <0.2,5322,8209,Reconstructed only,Early-Vedic,At least one undated
head,NET,0.009405,Low: <0.2,8400,5219,Undated OIA,Epic,At least one undated
head,SEW,0.009028,Low: <0.2,13876,5432,Early-Vedic,Undated OIA,At least one undated
head,COOKED RICE,0.00767,Low: <0.2,4471,3880,Early-Vedic,Undated OIA,At least one undated
head,KNOT,0.007566,Low: <0.2,10963,9140,Classical,Early-Vedic,Plains earlier
head,DONKEY,0.00754,Low: <0.2,3818,6289,Early-Vedic,Reconstructed only,At least one undated
head,OIL (ORGANIC SUBSTANCE),0.006966,Low: <0.2,5958,491-2,Early-Vedic,Epic,Dardic earlier
head,TURMERIC,0.006757,Low: <0.2,13992,13992-2,Early-Vedic,Early-Vedic,Same tagged era
head,GRAPE,0.00625,Low: <0.2,6628-2,6628,Reconstructed only,Undated OIA,At least one undated
head,NAME,0.005263,Low: <0.2,5060,7067,Medieval,Early-Vedic,Plains earlier
head,BARLEY,0.004861,Low: <0.2,9201,3148,Reconstructed only,Early-Vedic,At least one undated
head,GOLD,0.003816,Low: <0.2,11168,14163,Reconstructed only,Epic,At least one undated
head,BEARD,0.003229,Low: <0.2,5254-2,5853,Reconstructed only,Early-Vedic,At least one undated
head,SEVEN,0.001777,Low: <0.2,13343,6019,Early-Vedic,Early-Vedic,Same tagged era
head,TEN,0.001718,Low: <0.2,10436,8015-2,Early-Vedic,Reconstructed only,At least one undated
head,POTATO,0.001515,Low: <0.2,1388,f_5tbm3zy3mu4po,Undated OIA,Other origin,At least one undated
head,BANANA,0.001429,Low: <0.2,2712,2712-2,Undated OIA,Reconstructed only,At least one undated
head,ELEVEN,0.001282,Low: <0.2,2485,6019,Early-Vedic,Early-Vedic,Same tagged era
head,FIVE,0.00125,Low: <0.2,7655,13685,Undated OIA,Undated OIA,At least one undated
