concept_id,concept,score,legacy_coverage_score,support_factor,dardic_positive_votes,plains_positive_votes,separation,eligible,dardic_family_id,dardic_family,plains_family_id,plains_family,dardic_linked,plains_linked,dardic_observed,plains_observed,dardic_coverage,plains_coverage,dardic_own,plains_own,dardic_cross,plains_cross,legacy_rank,rank
1221,NOSE,0.853646,0.523465,1,15.5,29.833333333333332,0.853646,True,7031,nasta,6909,*nakka,20,32,23,74,0.8695652173913043,0.43243243243243246,0.775,0.9322916666666666,0,0,10,1
882,PARROT,0.808333,0.26903,1,5.0,9.5,0.808333,True,12245,śakuná,12503,śúka,6,10,15,13,0.4,0.7692307692307693,0.8333333333333334,0.95,0.16666666666666666,0,156,2
1174,YESTERDAY,0.783738,0.547576,1,12.0,36.5,0.783738,True,6590,dōṣā́,3104,kālya,19,39,22,69,0.8636363636363636,0.5652173913043478,0.631578947368421,0.9358974358974359,0,0,8,3
1224,LIVER,0.777473,0.281556,1,5.5,11.0,0.777473,True,10394,yákr̩t,3103,kālēyaka,7,13,17,20,0.4117647058823529,0.65,0.7857142857142857,0.8461538461538461,0,0.07692307692307693,145,4
1350,MONKEY,0.775439,0.444591,1,8.5,33.83333333333333,0.775439,True,9882,markáṭa,11515,vānara,10,38,17,68,0.5882352941176471,0.5588235294117647,0.85,0.8903508771929823,0.15,0.039473684210526314,32,5
1265,HIGH,0.766865,0.44903,1,8.166666666666666,12.333333333333334,0.766865,True,1804,*uttʰala,1634,ucca,12,14,14,35,0.8571428571428571,0.4,0.6805555555555555,0.880952380952381,0.027777777777777776,0,31,6
621,IRON,0.75871,0.485373,1,12.5,9.45,0.75871,True,4842a,cīmara,11158,lōhá,13,17,15,36,0.8666666666666667,0.4722222222222222,0.9615384615384616,0.5558823529411764,0,0,21,7
1011,BRIDGE,0.755357,0.364872,0.9,13.0,4.5,0.839286,True,13585,sḗtu,12834,saṁkramá,14,6,16,10,0.875,0.6,0.9285714285714286,0.75,0,0,67,8
1165,MOUSTACHE,0.74697,0.565391,1,8.0,11.5,0.74697,True,9083,*pʰuŋga,10180,*muccʰā,11,15,16,18,0.6875,0.8333333333333334,0.7272727272727273,0.7666666666666667,0,0,5,9
1958,UNRIPE,0.724242,0.671391,1,8.5,11.5,0.724242,True,1236,āmá,2613,*kacca,11,15,12,16,0.9166666666666666,0.9375,0.7727272727272727,0.7666666666666667,0.09090909090909091,0,3,10
671,SAND,0.719907,0.485795,1,17.0,15.833333333333332,0.719907,True,13386,síkatā,11580,vālukā,17,36,21,64,0.8095238095238095,0.5625,1.0,0.43981481481481477,0,0,20,11
684,OWN,0.705769,0.672925,1,8.0,9.5,0.705769,True,5766,tā́nva,1135,ātmán,13,10,13,11,1.0,0.9090909090909091,0.6153846153846154,0.95,0.15384615384615385,0,1,12
1959,RAW,0.702652,0.672738,1,8.833333333333334,8.666666666666666,0.702652,True,1236,āmá,2613,*kacca,12,11,12,12,1.0,0.9166666666666666,0.7361111111111112,0.7878787878787878,0.027777777777777776,0.09090909090909091,2,13
163,BLACK,0.693895,0.493246,1,12.083333333333336,38.53333333333333,0.693895,True,3451,kr̩ṣṇá,3083,kāla,20,43,23,74,0.8695652173913043,0.581081081081081,0.6041666666666667,0.8961240310077518,0.1125,0,16,14
1203,LONG,0.676728,0.490321,1,17.5,28.666666666666668,0.676728,True,6368,dīrgʰá,10951,lamba,20,41,22,71,0.9090909090909091,0.5774647887323944,0.875,0.6991869918699187,0.05,0.17073170731707318,17,15
1208,CAT,0.676136,0.334291,1,9.0,11.0,0.676136,True,8298,*puśśī,9237,bíḍāla,11,16,16,45,0.6875,0.35555555555555557,0.8181818181818182,0.6875,0.09090909090909091,0.0625,94,16
239,FLOWER,0.672905,0.480553,1,7.083333333333333,38.83333333333333,0.672905,True,8306,púṣya,9092,pʰulla,16,43,19,71,0.8421052631578947,0.6056338028169014,0.4427083333333333,0.9031007751937984,0,0,22,17
1948,SAW,0.670909,0.242438,0.9,4.5,6.5,0.745455,True,6518,dr̩ṣṭá,2795,karapattra,5,11,10,13,0.5,0.8461538461538461,0.9,0.5909090909090909,0,0,190,18
503,FROG,0.666667,0.360599,1,7.0,7.333333333333333,0.666667,True,9746,maṇḍū́ka,12159,vyàŋga,8,16,14,20,0.5714285714285714,0.8,0.875,0.4583333333333333,0,0,71,19
3289,UNCOOKED RICE,0.666667,0.287442,1,7.5,15.0,0.666667,True,5637,taṇḍulá,4749,*cāmala,9,28,18,61,0.5,0.45901639344262296,0.8333333333333334,0.5357142857142857,0,0.03571428571428571,137,20
964,WOOL,0.666667,0.638285,1,6.5,12.833333333333332,0.666667,True,7638,pákṣman,2424,ū́rṇā,11,15,12,15,0.9166666666666666,1.0,0.5909090909090909,0.8555555555555555,0.09090909090909091,0.02222222222222222,4,21
221,FIRE,0.6525,0.454343,1,17.833333333333336,17.033333333333335,0.6525,True,125,áŋgāra,55,agní,20,40,22,75,0.9090909090909091,0.5333333333333333,0.8916666666666668,0.4258333333333334,0,0.0125,30,22
948,WATER,0.650568,0.487344,1,14.0,36.25,0.650568,True,1921,udaká,8082,pānī́ya,22,44,23,75,0.9565217391304348,0.5866666666666667,0.6363636363636364,0.8238636363636364,0.1590909090909091,0,19,23
1422,BE ALIVE,0.647436,0.495098,1,11.0,7.833333333333333,0.647436,True,5244,jīvantá,5241,jī́vati,13,13,17,17,0.7647058823529411,0.7647058823529411,0.8461538461538461,0.6025641025641025,0.038461538461538464,0.11538461538461539,14,24
1820,BEAR,0.629942,0.478715,1,8.166666666666666,11.866666666666667,0.629942,True,2445,ŕ̩kṣa,9415,bʰallū́ka,11,21,16,25,0.6875,0.84,0.7424242424242423,0.5650793650793651,0,0.047619047619047616,24,25
1917,TIE,0.626068,0.504752,1,10.5,7.616666666666666,0.626068,True,4353,grantʰáyati,9139,bandʰati,13,15,15,20,0.8666666666666667,0.75,0.8076923076923077,0.5077777777777778,0,0.06333333333333332,13,26
730,SNAKE,0.625149,0.401151,1,9.0,25.166666666666664,0.625149,True,5110,jantú,13271,sarpá,16,35,20,68,0.8,0.5147058823529411,0.5625,0.7190476190476189,0.03125,0,45,27
1489,CLOUD,0.610937,0.403114,1,7.75,30.666666666666664,0.610937,True,549,abʰrá,11567,vārdala,16,40,21,70,0.7619047619047619,0.5714285714285714,0.484375,0.7666666666666666,0,0.029166666666666664,44,28
1491,MOUSE,0.610119,0.465986,1,13.0,5.833333333333333,0.610119,True,10258,mūṣa,4899,*cūha,14,12,18,16,0.7777777777777778,0.75,0.9285714285714286,0.4861111111111111,0,0.19444444444444442,27,29
1019,RIGHT,0.60636,0.372854,1,9.5,16.0,0.60636,True,6119,dákṣiṇa,6251,dākṣiṇa,12,38,18,67,0.6666666666666666,0.5671641791044776,0.7916666666666666,0.42105263157894735,0,0,60,30
926,RICE,0.605159,0.400275,1,9.833333333333332,22.666666666666664,0.605159,True,5637,taṇḍulá,4749,*cāmala,14,42,21,64,0.6666666666666666,0.65625,0.7023809523809523,0.5396825396825397,0,0.031746031746031744,46,31
3411,OVER THERE,0.6,0.212132,0.6,3.0,3.0,1.0,False,8100,pārá,7626,*pakviṣṭʰa,3,3,6,3,0.5,1.0,1.0,1.0,0,0,243,32
986,TOMATO,0.6,0.076429,0.6,3.0,18.0,1.0,False,11503,vātiŋgaṇa,f_gzpge3m6iyzaw,tomato,3,18,16,52,0.1875,0.34615384615384615,1.0,1.0,0,0,813,33
1226,YEAR,0.599418,0.36971,1,14.5,14.833333333333332,0.599418,True,3084,kālá,11392,varṣá,17,32,22,65,0.7727272727272727,0.49230769230769234,0.8529411764705882,0.46354166666666663,0.11764705882352941,0,63,34
587,ANT,0.596955,0.335121,1,12.0,12.666666666666666,0.596955,True,8201,pipīlá,4822,*cimb,13,32,20,66,0.65,0.48484848484848486,0.9230769230769231,0.3958333333333333,0,0.125,93,35
724,READ,0.592857,0.562434,0.9,4.5,13.0,0.65873,True,9837,mantráyatē,7712,páṭʰati,9,14,10,14,0.9,1.0,0.5,0.9285714285714286,0.1111111111111111,0,6,36
942,HONEY,0.591667,0.464142,1,10.0,6.0,0.591667,True,9989,mākṣiká,9784,mádʰu,12,10,15,13,0.8,0.7692307692307693,0.8333333333333334,0.6,0,0.25,29,37
1906,SOUR,0.589683,0.513129,1,9.833333333333332,11.75,0.589683,True,4850,cukrá,3777,kʰaṭṭa,15,21,16,26,0.9375,0.8076923076923077,0.6555555555555554,0.5595238095238095,0,0.03571428571428571,11,38
1698,CURVED,0.586667,0.289875,0.8,4.0,4.0,0.733333,True,3533,*kōla,5474,ṭēraka,5,6,6,8,0.8333333333333334,0.75,0.8,0.6666666666666666,0,0,132,39
1567,DOOR,0.585283,0.408081,1,14.5,14.666666666666666,0.585283,True,6651,*dvara,6459,*duvāra,19,36,21,67,0.9047619047619048,0.5373134328358209,0.7631578947368421,0.4074074074074074,0,0,43,40
359,POTTER,0.584211,0.21522,0.6,3.0,18.25,0.973684,False,3341,kúlāla,3310,kumbʰakāra,3,19,5,21,0.6,0.9047619047619048,1.0,0.9605263157894737,0,0.013157894736842105,236,41
670,ROOT,0.576096,0.370248,1,6.0,28.583333333333336,0.576096,True,7047,nāḍī́,5086,jáṭā,15,38,20,69,0.75,0.5507246376811594,0.4,0.7521929824561404,0,0,62,42
984,WORK (LABOUR),0.572222,0.426509,1,8.666666666666666,6.5,0.572222,True,2892,kárman,3078,kāryà,10,15,15,18,0.6666666666666666,0.8333333333333334,0.8666666666666666,0.43333333333333335,0.03333333333333333,0.12222222222222222,35,43
1206,BARKING,0.57,0.301086,0.8,4.0,5.0,0.7125,True,10714,rā́yati,9265,búkkati,5,8,7,8,0.7142857142857143,1.0,0.8,0.625,0,0,121,44
1309,ASK (INQUIRE),0.569444,0.414633,1,6.0,7.0,0.569444,True,3929,*kʰōjja,8352,pr̩ccʰáti,9,12,11,15,0.8181818181818182,0.8,0.6666666666666666,0.5833333333333334,0.1111111111111111,0,40,45
1109,WOUND,0.566919,0.390515,1,6.5,6.083333333333334,0.566919,True,8906,prahāra,4460,gʰāta,9,11,13,13,0.6923076923076923,0.8461538461538461,0.7222222222222222,0.5530303030303031,0.1111111111111111,0.0303030303030303,52,46
1252,HOUSE,0.565041,0.423458,1,8.0,32.66666666666667,0.565041,True,4336,gōṣṭʰá,4428,gʰara,23,41,23,73,1.0,0.5616438356164384,0.34782608695652173,0.7967479674796749,0.014492753623188404,0,36,47
1653,BLIND,0.564912,0.477438,1,9.0,14.5,0.564912,True,12717,*śrēḍa,385,andʰá,15,19,19,21,0.7894736842105263,0.9047619047619048,0.6,0.7631578947368421,0.23333333333333334,0,25,48
1471,WINTER,0.563214,0.506248,0.95,11.0,4.75,0.592857,True,14164,hēmantá,12486,śītakāla,14,10,16,12,0.875,0.8333333333333334,0.7857142857142857,0.475,0,0.075,12,49
832,BEAN,0.5625,0.421637,0.9,4.5,5.5,0.625,True,10685,rājamudga,12445,śimba,8,8,9,10,0.8888888888888888,0.8,0.5625,0.6875,0,0,37,50
607,GRASSHOPPER,0.559091,0.414633,0.9,7.5,4.5,0.621212,True,12345,*śalakka,7721,pataŋgá,9,11,12,15,0.75,0.7333333333333333,0.8333333333333334,0.4090909090909091,0,0,41,51
2252,PATH,0.555886,0.325494,1,11.0,7.666666666666666,0.555886,True,7785,pántʰā,4009,gáti,12,36,20,63,0.6,0.5714285714285714,0.9166666666666666,0.21296296296296294,0,0.017857142857142856,103,52
1357,DAUGHTER,0.553853,0.346681,1,13.833333333333334,13.166666666666664,0.553853,True,6481,duhitŕ̩,9238,*biḍḍa,17,36,22,71,0.7727272727272727,0.5070422535211268,0.8137254901960784,0.3657407407407407,0,0.07175925925925924,84,53
1214,THIS,0.553704,0.134224,0.8666666666666666,4.333333333333333,8.0,0.638889,True,587,ayám,2530,ēṣá,9,8,18,58,0.5,0.13793103448275862,0.48148148148148145,1.0,0.2037037037037037,0,456,54
2045,COLUMN,0.547576,0.560047,0.8666666666666668,14.0,4.333333333333334,0.631818,True,13774,stʰū́ṇā,13682,stambʰa,15,11,15,14,1.0,0.7857142857142857,0.9333333333333333,0.393939393939394,0.03333333333333333,0.0303030303030303,7,55
801,RIB,0.544643,0.295315,1,5.0,5.166666666666666,0.544643,True,7948,párśu,7948-3,*parsula-,7,12,10,14,0.7,0.8571428571428571,0.7142857142857143,0.4305555555555555,0,0.05555555555555555,127,56
677,AXE,0.542857,0.311403,1,6.5,26.666666666666668,0.542857,True,5427,ṭaŋka,3244,kuṭʰāra,11,35,18,65,0.6111111111111112,0.5384615384615384,0.5909090909090909,0.761904761904762,0.09090909090909091,0.17619047619047618,112,57
1331,SHEEP,0.542361,0.494248,1,8.333333333333332,9.0,0.542361,True,2512,ēḍa,9606,bʰēḍra,15,16,17,17,0.8823529411764706,0.9411764705882353,0.5555555555555555,0.5625,0.03333333333333333,0,15,58
1490,RAT,0.540476,0.268161,1,5.0,7.750000000000001,0.540476,True,10258,mūṣa,2095,undura,7,15,11,19,0.6363636363636364,0.7894736842105263,0.7142857142857143,0.5166666666666667,0,0.15,160,59
1251,BELLY,0.537413,0.38596,1,6.333333333333333,32.45,0.537413,True,1932,udára,8376,*pēṭṭa,19,43,22,72,0.8636363636363636,0.5972222222222222,0.3333333333333333,0.7546511627906978,0.013157894736842105,0,55,60
674,MOUTH,0.53574,0.349695,1,12.75,17.25,0.53574,True,1533,āsyà,10158,múkʰa,19,37,22,75,0.8636363636363636,0.49333333333333335,0.6710526315789473,0.46621621621621623,0.06578947368421052,0,80,61
2749,UNHUSKED RICE,0.535714,0.330719,1,6.0,9.5,0.535714,True,12415,śāli,6778,dʰānyà,7,14,7,18,1.0,0.7777777777777778,0.8571428571428571,0.6785714285714286,0.14285714285714285,0.32142857142857145,97,62
1202,BIG,0.533964,0.38327,1,10.533333333333331,26.78333333333333,0.533964,True,4424,gʰaná,11225,vaḍra,19,41,21,72,0.9047619047619048,0.5694444444444444,0.5543859649122806,0.6532520325203252,0.13157894736842105,0.008130081300813007,57,63
1622,SHIRT,0.533333,0.282843,0.8,5.0,4.0,0.666667,True,7838,paridʰā́na,5415,*jʰōla,6,6,8,9,0.75,0.6666666666666666,0.8333333333333334,0.6666666666666666,0,0.16666666666666666,142,64
635,MILK,0.532376,0.389477,1,12.333333333333334,33.2,0.532376,True,3696,kṣīrá,6391,dugdʰá,19,44,22,71,0.8636363636363636,0.6197183098591549,0.6491228070175439,0.7545454545454546,0.2631578947368421,0.07575757575757576,54,65
1782,GUEST,0.529773,0.537349,0.9,4.5,8.0,0.588636,True,8956,*prārtʰyaka,8973,prāhuṇa,10,11,11,12,0.9090909090909091,0.9166666666666666,0.45,0.7272727272727273,0,0,9,66
2139,MUROID (MOUSE OR RAT),0.525,0.143777,0.6,3.0,3.333333333333333,0.875,False,10258,mūṣa,4899,*cūha,3,4,5,8,0.6,0.5,1.0,0.8333333333333333,0,0.08333333333333333,420,67
2090,MY,0.523237,0.190147,1,6.0,6.0,0.523237,True,9691,ma,3873,kʰāni,8,13,14,36,0.5714285714285714,0.3611111111111111,0.75,0.46153846153846156,0.0625,0.10256410256410256,280,68
857,STONE,0.518651,0.377334,1,17.333333333333332,18.833333333333332,0.518651,True,11348,*varta,8857,prastará,20,42,23,69,0.8695652173913043,0.6086956521739131,0.8666666666666666,0.4484126984126984,0,0.2777777777777778,59,69
666,RIVER,0.51861,0.286554,1,6.0,25.0,0.51861,True,13415,síndʰu,6943,nadī́,13,31,22,60,0.5909090909090909,0.5166666666666667,0.46153846153846156,0.8064516129032258,0.23076923076923078,0,138,70
1834,SHE,0.518519,0.167979,0.6666666666666667,3.3333333333333335,13.0,0.777778,True,12815,sá,972,asáu,6,13,14,43,0.42857142857142855,0.3023255813953488,0.5555555555555556,1.0,0,0,346,71
1371,KNEE,0.517647,0.393292,1,12.5,6.0,0.517647,True,3243,*kuṭṭʰa,4272,*gōḍḍa,17,20,19,31,0.8947368421052632,0.6451612903225806,0.7352941176470589,0.3,0,0,49,72
1219,WORM,0.516827,0.314279,1,5.5,5.0,0.516827,True,3438,kŕ̩mi,3193,kīṭá,8,13,12,15,0.6666666666666666,0.8666666666666667,0.6875,0.38461538461538464,0,0.038461538461538464,111,73
1583,BRAIN,0.516667,0.365339,1,7.0,6.0,0.516667,True,9926,masta,4197,*gudda,10,15,15,20,0.6666666666666666,0.75,0.7,0.4,0,0.06666666666666667,66,74
657,PRICE,0.516667,0.393443,1,7.5,7.366666666666667,0.516667,True,10257,mūlya,6622,dramma,9,21,11,24,0.8181818181818182,0.875,0.8333333333333334,0.3507936507936508,0,0.15079365079365079,48,75
341,SICKLE,0.515278,0.305052,1,5.0,12.833333333333332,0.515278,True,100,aŋká,6260,dā́tra,9,20,16,26,0.5625,0.7692307692307693,0.5555555555555556,0.6416666666666666,0.16666666666666666,0,118,76
1210,HEAVY,0.507986,0.333051,1,9.5,15.200000000000003,0.507986,True,1962,*udguru,9465,bʰārika,16,36,20,67,0.8,0.5373134328358209,0.59375,0.4222222222222223,0,0,95,77
639,MOUNTAIN,0.506993,0.311013,1,6.0,6.5,0.506993,True,3792,kʰaṇḍá,8141,*pāhāḍa,13,11,20,19,0.65,0.5789473684210527,0.46153846153846156,0.5909090909090909,0.038461538461538464,0,113,78
2009,DOG,0.506916,0.354347,1,11.0,18.7,0.506916,True,3219,*kuccura,3275,*kutta,19,43,22,76,0.8636363636363636,0.5657894736842105,0.5789473684210527,0.43488372093023253,0,0,76,79
1235,WHO,0.505263,0.221722,1,8.0,12.833333333333334,0.505263,True,2574,ká,2575,kaḥ punar,15,19,20,74,0.75,0.25675675675675674,0.5333333333333333,0.6754385964912281,0.06666666666666667,0.13157894736842105,226,80
1370,MONTH,0.504304,0.307473,1,8.5,18.733333333333334,0.504304,True,10104,mā́sa,f_vbtodh3gxxoq2,mahīnā,13,35,18,68,0.7222222222222222,0.5147058823529411,0.6538461538461539,0.5352380952380953,0,0.18047619047619046,116,81
1531,BRANCH,0.500526,0.471801,0.9,4.5,12.583333333333332,0.55614,True,12260,śaŋkú,5546,ḍāla,10,19,11,24,0.9090909090909091,0.7916666666666666,0.45,0.6622807017543859,0,0,26,82
1869,BUY,0.494444,0.415416,1,8.333333333333332,5.7,0.494444,True,4236,gr̩bʰāyáti,3594,krīṇā́ti,11,12,11,17,1.0,0.7058823529411765,0.7575757575757575,0.47500000000000003,0.09090909090909091,0.15277777777777776,39,83
624,LAKE,0.494318,0.347152,0.7499999999999999,7.0,3.7499999999999996,0.659091,True,13254,sáras,8425,pauṣkara,7,11,8,17,0.875,0.6470588235294118,1.0,0.3409090909090909,0,0.022727272727272728,83,84
1618,GRANDSON,0.485625,0.188815,0.7,3.5,6.5,0.69375,True,8416,paútra,6955b,náptr̩,5,8,9,15,0.5555555555555556,0.5333333333333333,0.7,0.8125,0,0.125,290,85
1313,MOON,0.484211,0.328624,1,9.5,30.333333333333332,0.484211,True,5301,jyṓtsnā,4661,candrá,19,40,22,75,0.8636363636363636,0.5333333333333333,0.5,0.7583333333333333,0.13157894736842105,0.15833333333333333,98,86
848,THIRST,0.483333,0.429019,1,5.5,5.416666666666666,0.483333,True,5943,*tr̩ṣyā,8199,pipāsā́,10,13,11,15,0.9090909090909091,0.8666666666666667,0.55,0.41666666666666663,0,0,34,87
1225,DAY (NOT NIGHT),0.481151,0.347542,1,11.166666666666668,28.5,0.481151,True,6333,divasá,6328,dina,20,42,23,70,0.8695652173913043,0.6,0.5583333333333333,0.6785714285714286,0.016666666666666666,0.25793650793650796,81,88
1287,COLD,0.480976,0.337764,1,12.333333333333332,20.883333333333333,0.480976,True,12487,śītalá,13676,stabdʰa,18,44,22,73,0.8181818181818182,0.6027397260273972,0.6851851851851851,0.4746212121212121,0.027777777777777776,0.17007575757575757,91,89
1179,DAY AFTER TOMORROW,0.48,0.39036,0.9,4.5,8.0,0.533333,True,5912,tr̩tī́ya,7799j,paraśvas,10,12,16,14,0.625,0.8571428571428571,0.45,0.6666666666666666,0.05,0,53,90
1605,SKULL,0.48,0.193649,0.8,4.0,8.083333333333332,0.6,True,2744,kapā́la,3936,*kʰōppa,5,15,10,18,0.5,0.8333333333333334,0.8,0.5388888888888889,0,0.1388888888888889,271,91
1523,FORGET,0.478632,0.372104,0.9333333333333332,6.0,4.666666666666666,0.512821,True,1265,āmr̩ṣyatē,12021,vismarati,9,13,10,18,0.9,0.7222222222222222,0.6666666666666666,0.3589743589743589,0,0,61,92
1509,MOSQUITO,0.476863,0.27498,1,5.0,21.833333333333332,0.476863,True,9085,*pʰutta,9757,matsara,11,37,18,68,0.6111111111111112,0.5441176470588235,0.45454545454545453,0.5900900900900901,0.09090909090909091,0,152,93
1395,ROUND,0.473333,0.264601,0.8,4.0,6.0,0.591667,True,8171,*piṇḍara,4321,gōla,6,10,9,12,0.6666666666666666,0.8333333333333334,0.6666666666666666,0.6,0.08333333333333333,0,166,94
199,FAMINE,0.471528,0.176393,0.7,3.5,4.25,0.673611,False,6426,*durargʰa,6470,duṣkāla,4,9,7,12,0.5714285714285714,0.75,0.875,0.4722222222222222,0,0,332,95
1360,DUCK,0.471429,0.049303,0.6,4.0,3.0,0.785714,False,1127,ātí,13937,haṁsá,7,3,12,40,0.5833333333333334,0.075,0.5714285714285714,1.0,0,0,1167,96
2060,STORY,0.471429,0.115147,0.6,3.0,4.0,0.785714,False,12748,ślṓka,2702,katʰana,3,7,8,11,0.375,0.6363636363636364,1.0,0.5714285714285714,0,0,552,97
1663,BED,0.47123,0.328512,1,5.0,5.416666666666666,0.47123,True,12323,śáyana,12609,*śēyyā,9,14,14,15,0.6428571428571429,0.9333333333333333,0.5555555555555556,0.38690476190476186,0,0,99,98
2324,GET WET,0.46875,0.279508,0.6,3.0,6.5,0.78125,False,11906,vílīyatē,9502,*bʰiyajyatē,4,8,5,8,0.8,1.0,0.75,0.8125,0,0,148,99
996,DEAF,0.468277,0.36799,1,6.833333333333333,9.5,0.468277,True,9268,*buṭṭa,9130,badʰirá,11,16,15,19,0.7333333333333333,0.8421052631578947,0.6212121212121212,0.59375,0.09090909090909091,0.1875,64,100
2319,"LID (COVER, CAP)",0.465,0.198277,0.6,3.0,7.2,0.775,False,3779,kʰaṭṭáyati,5574,*ḍʰakk,4,9,8,11,0.5,0.8181818181818182,0.75,0.8,0,0,264,101
244,LEFT,0.462963,0.214745,1,5.333333333333333,13.5,0.462963,True,3832,kʰarvá,11533,vā́ma,9,34,18,64,0.5,0.53125,0.5925925925925926,0.39705882352941174,0,0.06372549019607843,237,102
1007,COW,0.457558,0.327469,1,7.0,33.61666666666667,0.457558,True,f_wb26lvatz7tcg,*gāvā,4147,*gāva,20,43,23,73,0.8695652173913043,0.589041095890411,0.35,0.7817829457364341,0.21666666666666665,0,101,103
1291,BACK,0.452047,0.304285,1,5.166666666666667,13.166666666666666,0.452047,True,5582,*ḍʰākka,8370,pr̩ṣṭí,15,19,17,37,0.8823529411764706,0.5135135135135135,0.34444444444444444,0.6929824561403508,0.13333333333333333,0,120,104
933,WALL (OF HOUSE),0.451389,0.32508,1,5.0,7.25,0.451389,True,3251,kuḍya,9494,bʰittí,9,18,11,23,0.8181818181818182,0.782608695652174,0.5555555555555556,0.4027777777777778,0.05555555555555555,0,104,105
1181,PALM TREE,0.450658,0.187662,1,5.0,20.0,0.450658,True,5731,tala,14029,hastatala,8,38,17,66,0.47058823529411764,0.5757575757575758,0.625,0.5263157894736842,0,0.25,295,106
689,BETWEEN,0.45,0.232379,0.6,6.0,3.0,0.75,False,9804,mádʰya,12042,*vīcya,6,4,8,5,0.75,0.8,1.0,0.75,0,0.25,209,107
757,BUTTON,0.45,0.230797,0.6,3.0,4.5,0.75,True,5458,*ṭikka,12045,vīṭā,5,5,6,11,0.8333333333333334,0.45454545454545453,0.6,0.9,0,0,218,108
2627,ORANGE (FRUIT),0.45,0.123238,0.6,3.0,3.0,0.75,False,7073,nāraŋgá,2763,kámala,3,4,8,5,0.375,0.8,1.0,0.75,0,0.25,499,109
3069,FALSE,0.449949,0.261478,0.8185714285714285,4.5,4.0928571428571425,0.549675,True,5001,cʰala,5407,*jʰūṭṭʰa,6,11,7,15,0.8571428571428571,0.7333333333333333,0.75,0.37207792207792206,0,0.022727272727272728,169,110
1446,COME,0.448549,0.244987,1,6.083333333333333,14.999999999999998,0.448549,True,10452,yā́ti,1200,āpayati,19,26,23,72,0.8260869565217391,0.3611111111111111,0.3201754385964912,0.5769230769230769,0,0,187,111
759,SILVER,0.444293,0.188242,1,5.833333333333333,12.166666666666668,0.444293,True,10805,rū́pya,4669,candrikā,8,23,16,41,0.5,0.5609756097560976,0.7291666666666666,0.5289855072463768,0,0.3695652173913043,293,112
1297,LEG,0.442886,0.299425,1,5.5,13.966666666666669,0.442886,True,3906,kʰura,5428,ṭaŋka,10,41,13,69,0.7692307692307693,0.5942028985507246,0.55,0.3406504065040651,0,0.004878048780487805,124,113
1730,CHEEK,0.441667,0.319023,0.6,3.0,17.5,0.736111,True,2755,kapōlá,4089,galla,6,18,9,23,0.6666666666666666,0.782608695652174,0.5,0.9722222222222222,0,0,109,114
1042,CARPENTER,0.439444,0.43578,0.8666666666666666,9.5,4.333333333333333,0.507051,True,5621,tákṣan,11375,vardʰaki,10,13,11,16,0.9090909090909091,0.8125,0.95,0.3333333333333333,0,0.2692307692307692,33,115
1536,UNDERSTAND,0.438141,0.351294,0.9,4.5,8.416666666666666,0.486823,True,7848,*paribudʰyatē,9279,búdʰyatē,9,13,13,14,0.6923076923076923,0.9285714285714286,0.5,0.6474358974358974,0.14814814814814814,0.02564102564102564,77,116
86,SIEVE,0.433333,0.413167,1,7.0,5.0,0.433333,True,7843,paripavana,4771,cālana,10,15,11,15,0.9090909090909091,1.0,0.7,0.3333333333333333,0,0.16666666666666666,42,117
796,NIPPLE,0.433025,0.262502,0.7666666666666666,5.0,3.833333333333333,0.564815,True,4855,*cuccu,13666,stána,6,9,9,10,0.6666666666666666,0.9,0.8333333333333334,0.4259259259259259,0,0.12962962962962962,168,118
1375,WINDOW,0.429167,0.1653,0.8,4.0,5.25,0.536458,True,6651,*dvara,3770,kʰaṭakkikā,6,8,14,13,0.42857142857142855,0.6153846153846154,0.6666666666666666,0.65625,0.25,0,353,119
2042,WALNUT,0.427778,0.241096,1,5.333333333333333,6.0,0.427778,True,12079,*vr̩mra,48,akṣōṭa,15,6,17,6,0.8823529411764706,1.0,0.3555555555555555,1.0,0.5,0,191,120
1571,SELL,0.425926,0.278834,0.8,4.0,5.083333333333333,0.532407,True,3594,krīṇā́ti,12100,*vētyayati,8,9,12,14,0.6666666666666666,0.6428571428571429,0.5,0.5648148148148148,0,0,149,121
1098,WEIGH,0.425926,0.416086,0.8333333333333333,8.0,4.166666666666666,0.511111,True,5979,tōláyati,10525,*yōkṣati,9,10,10,11,0.9,0.9090909090909091,0.8888888888888888,0.41666666666666663,0,0.2833333333333333,38,122
769,ROOF,0.425505,0.266699,1,5.666666666666666,17.083333333333332,0.425505,True,12326,śaraṇá,4971,*cʰatti,16,33,21,64,0.7619047619047619,0.515625,0.35416666666666663,0.5176767676767676,0.020833333333333332,0,163,123
322,FIG,0.425,0.285099,0.6,3.0,5.5,0.708333,True,2749,kapittʰa,174,añjīra,6,6,10,8,0.6,0.75,0.5,0.9166666666666666,0,0,139,124
1256,HEAD,0.423799,0.306406,1,10.0,17.876190476190477,0.423799,True,12497,śīrṣá,9926,masta,19,46,22,76,0.8636363636363636,0.6052631578947368,0.5263157894736842,0.3886128364389234,0.05263157894736842,0.014699792960662527,117,125
1236,WHAT,0.420615,0.10081,0.9666666666666668,6.5,4.833333333333334,0.435119,True,3164,kím,3196,kīdŕ̩k,7,20,18,71,0.3888888888888889,0.28169014084507044,0.9285714285714286,0.2416666666666667,0,0.29999999999999993,617,126
1216,MOTHER,0.418886,0.282413,1,9.0,15.75952380952381,0.418886,True,1351,āryikā,10016,mātŕ̩,20,35,22,70,0.9090909090909091,0.5,0.45,0.4502721088435374,0.0625,0,143,127
977,ARROW,0.416667,0.284901,1,9.0,5.5,0.416667,True,3023,kā́ṇḍa,9203,bāṇá,12,12,14,22,0.8571428571428571,0.5454545454545454,0.75,0.4583333333333333,0.08333333333333333,0.2916666666666667,140,128
2006,FILL,0.416667,0.300669,1,5.5,6.333333333333334,0.416667,True,8335,pūráyati,9397,bʰárati,9,12,12,14,0.75,0.8571428571428571,0.6111111111111112,0.5277777777777778,0.05555555555555555,0.25,122,129
1052,LIGHT (WEIGHT),0.4125,0.119078,0.6,4.0,3.0,0.6875,False,2046,udbʰūta,10896,lagʰú,8,3,9,8,0.8888888888888888,0.375,0.5,1.0,0.125,0,523,130
78,THAT,0.409804,0.172451,1,5.0,10.5,0.409804,True,12815,sá,972,asáu,10,17,16,60,0.625,0.2833333333333333,0.5,0.6176470588235294,0.03333333333333333,0.2647058823529412,339,131
665,BEE,0.405,0.230585,0.9,4.5,4.5,0.45,True,9990,*mākṣikakara,9651,bʰramará,10,8,13,15,0.7692307692307693,0.5333333333333333,0.45,0.5625,0.05,0.0625,219,132
2658,COAL,0.405,0.201246,0.6,3.0,3.0,0.675,False,131,aŋgāryā́,3484,kōkila,5,4,6,6,0.8333333333333334,0.6666666666666666,0.6,0.75,0,0,256,133
3985,THOSE (PLURAL OF THAT),0.405,0.097836,0.6,3.0,9.0,0.675,True,12815,sá,972,asáu,5,12,14,51,0.35714285714285715,0.23529411764705882,0.6,0.75,0,0,648,134
1211,HE,0.404221,0.143851,1,5.749999999999998,8.5,0.404221,True,12815,sá,972,asáu,11,14,19,64,0.5789473684210527,0.21875,0.5227272727272726,0.6071428571428571,0,0.32142857142857145,419,135
1420,COUNT,0.404167,0.395838,0.8,4.0,13.5,0.505208,True,11108,lēkʰya,3993,gaṇáyati,9,16,10,19,0.9,0.8421052631578947,0.4444444444444444,0.84375,0.2777777777777778,0,47,136
3472,DANCE (MOVEMENT),0.4,0.2,0.4,2.0,3.0,1.0,False,7580,nr̩ttá,7046,nāṭya,2,3,2,3,1.0,1.0,1.0,1.0,0,0,259,137
1671,TOWER,0.4,0.173205,0.4,3.0,2.0,1.0,False,3500,kōṭṭa,13710-2,*stūpall-,3,2,4,2,0.75,1.0,1.0,1.0,0,0,338,138
1220,TAIL,0.399942,0.276226,0.8333333333333333,4.166666666666666,26.45,0.479931,True,11096,lūma,8249,púccʰa,12,40,21,69,0.5714285714285714,0.5797101449275363,0.34722222222222215,0.66125,0.048611111111111105,0,151,139
887,BITTER,0.399123,0.343846,1,6.0,9.833333333333332,0.399123,True,5938,tr̩ṣṭá,5806,tiktá,15,19,16,24,0.9375,0.7916666666666666,0.4,0.5175438596491228,0.06666666666666667,0.05263157894736842,86,140
1231,NEW,0.397197,0.290134,1,17.666666666666664,15.0,0.397197,True,6983,náva,7025,návya,19,41,20,73,0.95,0.5616438356164384,0.9298245614035087,0.36585365853658536,0.017543859649122806,0.48373983739837395,131,141
646,ASH,0.397095,0.225221,0.9,4.5,18.433333333333334,0.441216,True,5020,cʰādi,10552,rakṣā,10,37,20,71,0.5,0.5211267605633803,0.45,0.4981981981981982,0,0.06576576576576577,224,142
1402,BREAST,0.396717,0.231873,1,9.083333333333332,5.5,0.396717,True,4855,*cuccu,5014,*cʰātti,15,22,21,46,0.7142857142857143,0.4782608695652174,0.6055555555555555,0.25,0,0.062121212121212126,211,143
1409,SEE,0.396656,0.260654,1,7.866666666666665,11.049999999999999,0.396656,True,8012,páśyati,6507,*dr̩kṣati,19,24,22,48,0.8636363636363636,0.5,0.4140350877192982,0.46041666666666664,0.039473684210526314,0.041666666666666664,171,144
197,OTHER,0.396368,0.350062,1,6.333333333333333,7.75,0.396368,True,434,ápara,399,anyá,13,18,15,20,0.8666666666666667,0.9,0.48717948717948717,0.4305555555555556,0,0.125,79,145
323,FAT (ORGANIC SUBSTANCE),0.395939,0.268343,1,6.0,15.507575757575758,0.395939,True,10323,mḗdas,f_edny5jsgvz5fk,carbī,16,36,19,66,0.8421052631578947,0.5454545454545454,0.375,0.4307659932659933,0,0.013888888888888888,158,146
2937,FAIRY TALE,0.39375,0.234787,0.6,3.0,4.5,0.65625,False,12748,ślṓka,2705,katʰānaka,4,8,5,8,0.8,1.0,0.75,0.5625,0,0,205,147
1856,SOFT,0.393333,0.337281,1,10.7,6.0,0.393333,True,3523,kōmalá,f_6ygkx7x6pjw72,narm,15,15,17,18,0.8823529411764706,0.8333333333333334,0.7133333333333333,0.4,0,0.3266666666666667,92,148
1853,DOVE,0.391667,0.287815,0.6,3.0,14.5,0.652778,True,2753,kapṓta,8109,pā́rāvata,6,18,10,20,0.6,0.9,0.5,0.8055555555555556,0,0,135,149
156,RED,0.386374,0.26577,1,5.5,18.416666666666664,0.386374,True,11168,*lōhila,f_pa2wkl7fezmhg,lāl,20,37,23,68,0.8695652173913043,0.5441176470588235,0.275,0.49774774774774766,0,0,165,150
2285,ECLIPSE,0.385714,0.358976,0.6,3.0,8.0,0.642857,True,386,andʰakāra,4364,gráhaṇa,7,8,8,11,0.875,0.7272727272727273,0.42857142857142855,1.0,0.14285714285714285,0,72,151
1726,WET,0.382651,0.240992,1,7.833333333333334,14.042857142857141,0.382651,True,1340,ārdrá,9502,*bʰiyajyatē,13,40,19,69,0.6842105263157895,0.5797101449275363,0.6025641025641026,0.35107142857142853,0,0.18833333333333332,192,152
749,ENTER,0.378307,0.287815,0.6666666666666666,6.0,3.333333333333333,0.56746,True,227,átyēti,5592,*ḍʰukyati,7,12,10,16,0.7,0.75,0.8571428571428571,0.27777777777777773,0,0,136,153
1458,SAY,0.375641,0.295553,1,5.0,5.5,0.375641,True,9837,mantráyatē,9383,bʰánati,13,15,15,21,0.8666666666666667,0.7142857142857143,0.38461538461538464,0.36666666666666664,0,0,126,154
1228,EARTH (SOIL),0.373483,0.320101,1,5.333333333333333,10.583333333333332,0.373483,True,6744,dʰaráṇī,10286,mŕ̩ttikā,17,21,18,27,0.9444444444444444,0.7777777777777778,0.3137254901960784,0.503968253968254,0.058823529411764705,0.011904761904761904,108,155
515,NEXT YEAR,0.366667,0.129636,0.4,2.0,2.5,0.916667,False,3104,kālya,7907,parút,2,3,3,4,0.6666666666666666,0.75,1.0,0.8333333333333334,0,0,474,156
1267,NARROW,0.366111,0.180898,0.6,3.0,5.583333333333333,0.610185,True,1440,ā́vr̩ta,12817,saṁkaṭá,5,9,8,16,0.625,0.5625,0.6,0.6203703703703703,0,0,313,157
1292,BAD,0.365579,0.253206,1,7.25,9.75,0.365579,True,10930,*latta,f_4txbqir4uazlw,xarāb,17,32,18,63,0.9444444444444444,0.5079365079365079,0.4264705882352941,0.3046875,0,0,179,158
1065,SPIDER WEB,0.364583,0.267531,0.7,3.5,10.5,0.520833,True,10042,mā́na,5213,jā́la,7,12,12,13,0.5833333333333334,0.9230769230769231,0.5,0.875,0.3333333333333333,0,162,159
13,DECEIT,0.363879,0.201287,0.79,4.0,3.95,0.460606,True,5001,cʰala,6894,*dʰrōkṣa,5,11,6,12,0.8333333333333334,0.9166666666666666,0.8,0.3590909090909091,0,0.23787878787878783,255,160
2657,LADLE,0.36375,0.177097,0.6,3.0,3.7,0.60625,False,5573,*ḍōva,2633,*kaṭaccʰu,4,8,6,10,0.6666666666666666,0.8,0.75,0.4625,0,0,328,161
1137,TENDON,0.362143,0.21594,0.6,3.0,4.2,0.603571,False,13794,*snāru,13784,snasā,4,7,5,7,0.8,1.0,0.75,0.6,0,0.14285714285714285,234,162
1128,ORDER,0.35625,0.160579,0.5,4.0,2.5,0.7125,False,9385,*bʰandati,2707,katʰita,5,4,9,7,0.5555555555555556,0.5714285714285714,0.8,0.625,0,0,363,163
1352,KNIFE,0.356155,0.248476,0.8666666666666666,4.333333333333333,16.166666666666664,0.410948,True,2860,*karttāra,f_f5yhi6kl6jazu,cāqū,12,34,18,62,0.6666666666666666,0.5483870967741935,0.3611111111111111,0.4754901960784313,0,0.014705882352941176,183,164
1749,TAKE,0.355873,0.266667,1,8.533333333333333,6.75,0.355873,True,4236,gr̩bʰāyáti,10948,lábʰatē,15,14,17,22,0.8823529411764706,0.6363636363636364,0.5688888888888889,0.48214285714285715,0,0.3392857142857143,164,165
297,CROOKED,0.355801,0.46548,0.6944444444444444,10.5,3.4722222222222223,0.512353,True,3533,*kōla,11191,vaŋka,13,16,14,18,0.9285714285714286,0.8888888888888888,0.8076923076923077,0.2170138888888889,0,0,28,166
1320,APPLE,0.355556,0.09015,0.4,7.0,2.0,0.888889,False,9387,*bʰabbā,13596,sēvi,9,2,14,5,0.6428571428571429,0.4,0.7777777777777778,1.0,0,0,697,167
1288,CAP,0.355556,0.237615,0.8,4.0,7.0,0.444444,True,3942,kʰōla,5481,*ṭōppa,9,7,12,9,0.75,0.7777777777777778,0.4444444444444444,1.0,0.5555555555555556,0,198,168
3187,DROWNED,0.355556,0.177778,0.4,2.0,8.0,0.888889,False,5561,*ḍubb,9272,*buḍyati,2,9,2,9,1.0,1.0,1.0,0.8888888888888888,0,0.1111111111111111,325,169
1879,DANCE,0.355,0.19096,0.6,3.0,6.833333333333334,0.591667,True,7580,nr̩ttá,7583,nŕ̩tyati,5,10,8,15,0.625,0.6666666666666666,0.6,0.6833333333333333,0.1,0,277,170
2531,BROAD,0.353571,0.154706,0.6,3.0,3.0,0.589286,False,12009,vistīrṇa,4534,*ca-uḍa,4,7,5,13,0.8,0.5384615384615384,0.75,0.42857142857142855,0,0,380,171
1825,COPPER,0.352381,0.355717,0.8,4.0,18.5,0.440476,True,10752,rīti,5779,tāmrá,10,21,14,23,0.7142857142857143,0.9130434782608695,0.4,0.8809523809523809,0.4,0,74,172
479,GROW,0.352244,0.243418,0.7,5.0,3.5,0.503205,True,11376,várdʰatē,1814,útpadyatē,6,13,8,15,0.75,0.8666666666666667,0.8333333333333334,0.2692307692307692,0,0.09615384615384616,189,173
3661,RICH PERSON,0.35,0.093541,0.4,2.0,3.0,0.875,False,11380,várdʰamāna,10679,rā́jan,2,4,4,7,0.5,0.5714285714285714,1.0,0.75,0,0,673,174
1333,NECK,0.347854,0.259877,0.9666666666666666,5.5,4.833333333333333,0.359848,True,9732,maṇi,4472,*gʰicca,11,22,16,29,0.6875,0.7586206896551724,0.5,0.2196969696969697,0,0,172,175
1744,SPLEEN,0.347727,0.283918,0.8,4.0,7.499999999999999,0.434659,True,12664,śyāmá,9028,plīhán,8,11,12,11,0.6666666666666666,1.0,0.5,0.6818181818181818,0.3125,0,141,176
1989,CALF,0.345445,0.367482,0.8666666666666666,11.5,4.333333333333333,0.398591,True,11239,vatsá,11243,vatsarūpa,16,17,16,20,1.0,0.85,0.71875,0.2549019607843137,0,0.17647058823529413,65,177
1332,NEIGHBOUR,0.343636,0.231718,0.6,3.0,7.0,0.572727,True,4376,*grāmārdʰa,8599,prativēśya,5,11,7,12,0.7142857142857143,0.9166666666666666,0.6,0.6363636363636364,0,0.09090909090909091,212,178
713,STEAL,0.343636,0.167896,0.6,3.0,6.0,0.572727,True,447,*apalīyatē,4933,cōráyati,5,11,10,16,0.5,0.6875,0.6,0.5454545454545454,0,0,347,179
1776,SHAME,0.3375,0.098529,0.6,3.0,4.25,0.5625,False,10910,lajjā,10909,lajjátē,3,10,8,11,0.375,0.9090909090909091,1.0,0.425,0,0.3,645,180
1803,WOOD,0.334444,0.33784,0.9333333333333332,4.666666666666666,10.0,0.358333,True,6298,dā́ru,3120,kāṣṭʰá,20,16,20,18,1.0,0.8888888888888888,0.2333333333333333,0.625,0.14166666666666666,0,90,181
2246,BELL,0.333333,0.190941,0.4,2.0,7.0,0.833333,False,5449,*ṭal,4421,gʰaṇṭā,3,7,4,9,0.75,0.7777777777777778,0.6666666666666666,1.0,0,0,278,182
3060,PHEASANT,0.333333,0.096225,0.4,2.0,2.0,0.833333,False,11169,*lōhiṣṭʰa,10208,*munāla,3,2,6,3,0.5,0.6666666666666666,0.6666666666666666,1.0,0,0,658,183
281,POST,0.331333,0.4881,0.64,13.0,3.2,0.517708,True,13774,stʰū́ṇā,3893,*kʰuṭṭa,15,16,15,18,1.0,0.8888888888888888,0.8666666666666667,0.2,0,0.03125,18,184
1243,WIDE,0.330882,0.139104,0.6,3.0,6.0,0.551471,False,12009,vistīrṇa,4548,*cakrala,4,17,9,19,0.4444444444444444,0.8947368421052632,0.75,0.35294117647058826,0,0,436,185
1180,DAY BEFORE YESTERDAY,0.33,0.236318,0.6,6.0,3.0,0.55,True,1130,*ātr̩tīyam,7799j,paraśvas,10,6,13,9,0.7692307692307693,0.6666666666666666,0.6,0.5,0,0,203,186
1756,WIDOW,0.329583,0.384434,0.7,3.5,9.5,0.470833,True,3001,*kāŋkunikā,10593,*raṭṭa,10,12,12,15,0.8333333333333334,0.8,0.35,0.7916666666666666,0.2,0,56,187
1335,WHITE,0.329029,0.238252,1,6.5,14.792857142857143,0.329029,True,8047,pā́ṇḍara,6767,dʰavalá,21,39,22,71,0.9545454545454546,0.5492957746478874,0.30952380952380953,0.3793040293040293,0,0.030769230769230767,196,188
692,BRING,0.325758,0.330808,0.6,3.0,9.5,0.542929,True,4236,gr̩bʰāyáti,1174,ā́nayati,9,11,12,18,0.75,0.6111111111111112,0.3333333333333333,0.8636363636363636,0.1111111111111111,0,96,189
477,LATE,0.325714,0.189245,0.6,4.0,3.0,0.542857,True,4824,cirá,5590,*ḍʰila,5,7,8,9,0.625,0.7777777777777778,0.8,0.42857142857142855,0,0.14285714285714285,287,190
1924,VEIN,0.325455,0.196289,0.6,3.0,5.333333333333333,0.542424,True,13794,*snāru,7047,nāḍī́,5,11,7,15,0.7142857142857143,0.7333333333333333,0.6,0.4848484848484848,0,0,267,191
1972,YOUNG GOAT (KID),0.325,0.236452,0.8,4.0,4.0,0.40625,True,4963,cʰagalá,8015,*paṣṭʰa,7,8,9,9,0.7777777777777778,0.8888888888888888,0.5714285714285714,0.5,0.07142857142857142,0.1875,201,192
1620,SON,0.324921,0.219537,1,13.166666666666666,9.45,0.324921,True,8265,putrá,9238,*biḍḍa,21,35,23,70,0.9130434782608695,0.5,0.626984126984127,0.26999999999999996,0,0.2471428571428571,230,193
1503,SALIVA,0.322421,0.235072,1,6.0,5.783333333333333,0.322421,True,6097,*tʰukk,11027,lālā,9,14,12,16,0.75,0.875,0.6666666666666666,0.41309523809523807,0.1111111111111111,0.3238095238095238,204,194
1942,NEAR,0.322222,0.183433,1,7.0,7.208333333333333,0.322222,True,7136,nikaṭam,8118,pārśvá,14,30,18,72,0.7777777777777778,0.4166666666666667,0.5,0.24027777777777776,0,0.09583333333333334,308,195
1535,SWORD,0.320455,0.092978,0.6,3.0,4.75,0.534091,False,5706,taravāri,3793,*kʰaṇḍaka,3,11,7,14,0.42857142857142855,0.7857142857142857,1.0,0.4318181818181818,0,0.36363636363636365,674,196
1425,GREEN,0.31684,0.324243,0.8333333333333334,9.0,4.166666666666667,0.380208,True,7563,nī́la,12672,śyāvá,16,16,16,22,1.0,0.7272727272727273,0.5625,0.2604166666666667,0,0.0625,105,197
1093,MIDDLE,0.316783,0.291848,0.9,4.5,4.666666666666666,0.351981,True,9810,madʰyamá,12042,*vīcya,11,13,13,16,0.8461538461538461,0.8125,0.4090909090909091,0.3589743589743589,0,0.0641025641025641,130,198
320,LAME,0.316667,0.480384,0.6333333333333334,10.333333333333332,3.166666666666667,0.5,True,3941,kʰōra,11044,*likka,12,12,12,13,1.0,0.9230769230769231,0.861111111111111,0.2638888888888889,0,0.12499999999999999,23,199
203,MARRY,0.316667,0.074639,0.4,2.0,3.5,0.791667,False,5103,jáni,11318,*varati,2,6,6,9,0.3333333333333333,0.6666666666666666,1.0,0.5833333333333334,0,0,841,200
1793,BAT,0.314286,0.064153,0.4,2.0,4.0,0.785714,False,2830,kárṇa,4700,carmacaṭaka,2,7,7,12,0.2857142857142857,0.5833333333333334,1.0,0.5714285714285714,0,0,962,201
3684,PECK,0.313333,0.078333,0.4,2.0,2.833333333333333,0.783333,False,5466,*ṭukk,4852,*cugyati,2,5,5,8,0.4,0.625,1.0,0.5666666666666667,0,0,796,202
1127,SEND,0.312579,0.325967,0.85,4.25,4.5,0.36774,True,8908,práhiṇōti,9603,*bʰējj,12,11,12,14,1.0,0.7857142857142857,0.3541666666666667,0.4090909090909091,0.027777777777777776,0,102,203
1366,BOY,0.312206,0.21462,0.9285714285714285,4.642857142857142,13.458333333333334,0.336222,True,8399,pṓta-,5070,*cʰōkara,14,39,20,67,0.7,0.582089552238806,0.33163265306122447,0.3450854700854701,0,0.004273504273504273,238,204
1378,SPOON,0.31,0.061269,0.4,2.0,5.5,0.775,False,2929,kalācika,5573,*ḍōva,2,10,8,16,0.25,0.625,1.0,0.55,0,0,993,205
1408,HEAR,0.308625,0.211653,0.9,4.5,21.833333333333332,0.342917,True,9279,búdʰyatē,12598,śr̩ṇṓti,16,25,21,50,0.7619047619047619,0.5,0.28125,0.8733333333333333,0.46875,0,244,206
1686,BEHIND,0.305455,0.178377,0.8,5.833333333333332,4.0,0.381818,True,7732,*patta,7990,*paśca,10,11,14,36,0.7142857142857143,0.3055555555555556,0.5833333333333333,0.36363636363636365,0.18333333333333332,0,323,207
931,MILLET,0.304071,0.294483,0.7,3.5,13.916666666666668,0.434387,True,195,*aṇuni,9201,*bājjara,9,29,10,46,0.9,0.6304347826086957,0.3888888888888889,0.4798850574712644,0,0,128,208
1198,MANY,0.303015,0.175902,1,5.0,9.333333333333332,0.303015,True,9193,bahura,9190,bahutva,12,41,20,73,0.6,0.5616438356164384,0.4166666666666667,0.2276422764227642,0.013888888888888888,0.024390243902439025,333,209
1519,RUN,0.300444,0.144916,0.8,4.0,7.666666666666666,0.375556,True,5727,*tarpati,6624,drávati,9,25,18,68,0.5,0.36764705882352944,0.4444444444444444,0.30666666666666664,0,0,413,210
2475,MALE GOAT,0.3,0.110782,0.6,3.0,4.0,0.5,True,12056,vīrá,9312,*bōkka,9,6,12,33,0.75,0.18181818181818182,0.3333333333333333,0.6666666666666666,0,0,577,211
1036,OWNER,0.3,0.080178,0.4,2.0,3.0,0.75,False,6180,dámūnas,13930,svāmín,2,6,6,7,0.3333333333333333,0.8571428571428571,1.0,0.5,0,0,785,212
1390,WRONG,0.3,0.070711,0.4,2.0,2.0,0.75,False,10930,*latta,9538,*bʰull,2,4,6,6,0.3333333333333333,0.6666666666666666,1.0,0.5,0,0,890,213
1645,SHORT,0.296667,0.156004,0.8,4.0,10.816666666666666,0.370833,True,3895,*kʰuṭṭa,5071,*cʰōṭṭa,9,26,17,63,0.5294117647058824,0.4126984126984127,0.4444444444444444,0.416025641025641,0.1111111111111111,0.007692307692307693,375,214
185,FIREPLACE,0.295139,0.321804,0.5666666666666667,2.833333333333333,12.75,0.520833,True,6888,*dʰmātra,4879,cullī,8,17,12,19,0.6666666666666666,0.8947368421052632,0.35416666666666663,0.75,0.0625,0,107,215
1269,NO,0.29375,0.097691,0.6,4.5,3.0,0.489583,True,6906,ná,1031,ā́kṣēti,8,6,14,31,0.5714285714285714,0.1935483870967742,0.5625,0.5,0,0.08333333333333333,650,216
614,HILL,0.293308,0.347492,0.7666666666666666,7.5,3.833333333333333,0.382576,True,6793,dʰā́rā,8141,*pāhāḍa,18,11,20,12,0.9,0.9166666666666666,0.4166666666666667,0.34848484848484845,0,0,82,217
980,HEEL,0.292929,0.355229,0.6,3.0,12.666666666666668,0.488215,True,3911,kʰuriṇī,191,*aḍḍi,11,18,17,22,0.6470588235294118,0.8181818181818182,0.2727272727272727,0.7037037037037037,0,0,75,218
1808,PUS,0.292857,0.086628,0.4,2.0,6.5,0.732143,False,8415,*pautya,8242,pī́van,2,14,5,16,0.4,0.875,1.0,0.4642857142857143,0,0,719,219
1553,MALE,0.292411,0.361035,0.5,6.5,2.5,0.584821,True,12056,vīrá,6970,nára,8,7,8,9,1.0,0.7777777777777778,0.8125,0.35714285714285715,0,0,70,220
1107,GO OUT,0.292393,0.346326,0.7333333333333333,3.6666666666666665,7.7,0.398718,True,7479,*niṣkasati,7478,*niṣkalati,13,13,14,16,0.9285714285714286,0.8125,0.28205128205128205,0.5923076923076923,0,0.07692307692307693,85,221
1977,DEW,0.286633,0.141312,0.6,3.0,5.309523809523809,0.477721,True,8989,prúṣvā,855,avaśyā,5,14,10,20,0.5,0.7,0.6,0.3792517006802721,0,0.023809523809523808,427,222
962,WOMAN,0.286618,0.188739,0.9,4.5,11.5,0.318464,True,13734,strī́,f_k66mptwk5okq6,*lugāī,17,30,22,66,0.7727272727272727,0.45454545454545453,0.2647058823529412,0.38333333333333336,0,0.01111111111111111,291,223
2098,FOOT OR LEG,0.285714,0.142857,0.4,2.0,3.0,0.714286,False,3906,kʰura,4272,*gōḍḍa,2,7,2,7,1.0,1.0,1.0,0.42857142857142855,0,0,422,224
797,TESTICLES,0.283333,0.245374,0.6,3.0,7.333333333333334,0.472222,True,3331,kulaka,1111,āṇḍá,6,12,8,12,0.75,1.0,0.5,0.6111111111111112,0.16666666666666666,0,186,225
1470,FOLD,0.28125,0.111029,0.45,3.0,2.25,0.625,False,11480,vāṭa,9363,*bʰañjati,3,9,7,11,0.42857142857142855,0.8181818181818182,1.0,0.25,0,0,575,226
810,LOCUST,0.28125,0.189737,0.5,2.5,4.0,0.5625,False,5478,*ṭōŋka,6024,*triḍḍa,4,8,5,9,0.8,0.8888888888888888,0.625,0.5,0,0,282,227
580,FUR,0.28,0.11068,0.4,2.0,2.0,0.7,False,5095,*jatta,10851,rṓman,5,2,8,2,0.625,1.0,0.4,1.0,0,0,579,228
154,UDDER,0.28,0.288348,0.8,4.0,5.583333333333333,0.35,True,2403,ū́dʰas,13666,stána,10,15,13,17,0.7692307692307693,0.8823529411764706,0.4,0.3722222222222222,0.05,0.02222222222222222,134,229
1442,STAND,0.278269,0.188434,0.9,4.5,4.9,0.309188,True,1907,*ut-stʰita,2426,ūrdʰvá,13,18,15,42,0.8666666666666667,0.42857142857142855,0.34615384615384615,0.27222222222222225,0,0,292,230
1223,HEART,0.278245,0.186809,1,10.0,10.083333333333332,0.278245,True,14152,hŕ̩daya,f_jl7b6dgwhptmm,dil,17,42,22,72,0.7727272727272727,0.5833333333333334,0.5882352941176471,0.24007936507936506,0,0.27182539682539686,298,231
1791,BUTTERFLY,0.27619,0.119594,0.4,5.0,2.0,0.690476,False,7721,pataŋgá,4803,citrá,7,3,9,7,0.7777777777777778,0.42857142857142855,0.7142857142857143,0.6666666666666666,0,0,520,232
946,BLOOD,0.272844,0.189545,1,11.0,20.0,0.272844,True,10539,rakta,11165,lṓhita,21,37,23,70,0.9130434782608695,0.5285714285714286,0.5238095238095238,0.5405405405405406,0.2619047619047619,0.25675675675675674,285,233
846,TIGER,0.272273,0.122971,0.4,2.0,16.78333333333333,0.680682,False,13384,siṁhá,12193,vyāgʰrá,3,22,7,26,0.42857142857142855,0.8461538461538461,0.6666666666666666,0.7628787878787878,0,0.06818181818181818,505,234
1569,CHEESE,0.268182,0.128382,0.4,4.25,2.0,0.670455,False,3181,kilāṭa,13731,styāna,11,2,12,2,0.9166666666666666,1.0,0.38636363636363635,1.0,0.045454545454545456,0,481,235
2007,BOLT (OF LIGHTNING),0.266667,0.154919,0.4,2.0,4.0,0.666667,False,5749,tāḍa,3202,kīla,3,6,5,6,0.6,1.0,0.6666666666666666,0.6666666666666666,0,0,379,236
2105,FEMALE PERSON,0.266667,0.067612,0.4,3.0,2.0,0.666667,False,13604,*sōtrī,7078,nā́rī,9,2,10,7,0.9,0.2857142857142857,0.3333333333333333,1.0,0,0,919,237
1957,GOITER,0.266667,0.122474,0.4,2.5,2.0,0.666667,False,3978,gaḍulá,3977,gaḍu,3,4,8,4,0.375,1.0,0.8333333333333334,0.5,0,0,508,238
1964,ALONE,0.265741,0.279545,0.7,3.5,7.333333333333333,0.37963,True,3470,kḗvala,2506,*ēkkala,9,9,11,11,0.8181818181818182,0.8181818181818182,0.3888888888888889,0.8148148148148148,0.4444444444444444,0,147,239
3276,SUNSHINE,0.265714,0.189081,0.6,3.0,4.0,0.442857,True,13574,sū́ra,4445,gʰarmá,5,14,6,16,0.8333333333333334,0.875,0.6,0.2857142857142857,0,0,289,240
1212,WE,0.265625,0.148634,1,6.0,22.5,0.265625,True,11302,vayám,986,asmad,16,30,21,73,0.7619047619047619,0.410958904109589,0.375,0.75,0.59375,0,397,241
1560,FACE,0.265476,0.151986,1,6.166666666666666,5.0,0.265476,True,10174,múkʰya,10247,mūrdʰán,14,35,23,65,0.6086956521739131,0.5384615384615384,0.4404761904761904,0.14285714285714285,0,0.05238095238095238,388,242
630,LIGHT (RADIATION),0.265077,0.230917,0.8666666666666666,4.333333333333333,19.40952380952381,0.305858,True,8711,*prabʰāla,10896,lagʰú,19,39,20,65,0.95,0.6,0.22807017543859648,0.49768009768009774,0.11403508771929824,0,217,243
1754,BRACELET,0.265,0.121912,0.6,3.0,5.199999999999999,0.441667,False,2629,káṭa,4884,cūḍa,4,15,7,18,0.5714285714285714,0.8333333333333334,0.75,0.3466666666666666,0,0.21333333333333335,512,244
721,LOW,0.263462,0.219865,0.6,3.0,4.916666666666666,0.439103,True,10995,*lasta,7540,nīcá,6,13,7,16,0.8571428571428571,0.8125,0.5,0.37820512820512814,0,0,229,245
1646,GIRL,0.262685,0.186849,0.8,4.0,11.866666666666667,0.328356,True,8399,pṓta-,5070,*cʰōkara,13,34,21,65,0.6190476190476191,0.5230769230769231,0.3076923076923077,0.3490196078431373,0,0,297,246
1404,STRAIGHT,0.261212,0.279611,0.8,4.0,5.5666666666666655,0.326515,True,13548,*sūŋkṣa,12632,śōdʰya,10,22,12,25,0.8333333333333334,0.88,0.4,0.253030303030303,0,0,146,247
1797,HEDGEHOG,0.26,0.082219,0.4,2.0,2.5,0.65,False,12766,śvāvídʰ,5172,jáhakā,2,5,5,5,0.4,1.0,1.0,0.5,0,0.2,763,248
664,RESIN,0.259821,0.252042,0.6,3.0,3.5,0.433036,True,3187,kilima,10715,rāla,7,8,9,9,0.7777777777777778,0.8888888888888888,0.42857142857142855,0.4375,0,0,181,249
1161,THREAD,0.258102,0.193432,0.85,4.25,11.851190476190476,0.30365,True,6236,daśā,6225,davara,14,38,19,69,0.7368421052631579,0.5507246376811594,0.30357142857142855,0.3118734335839599,0,0.008145363408521303,273,250
1033,GRIND,0.258073,0.185834,0.7,3.5,7.333333333333333,0.368676,True,8386,pēṣayati,8142,piṁṣáti,7,16,12,18,0.5833333333333334,0.8888888888888888,0.5,0.4583333333333333,0.14285714285714285,0.078125,303,251
1209,I,0.255556,0.150646,1,9.0,21.0,0.255556,True,992,ahám,9691,ma,18,30,21,74,0.8571428571428571,0.40540540540540543,0.5,0.7,0.4722222222222222,0.21666666666666667,392,252
1139,LEOPARD,0.253472,0.36473,0.5,2.5,8.833333333333332,0.506944,True,9341,bʰakṣakāra,4804,citraka,9,12,13,13,0.6923076923076923,0.9230769230769231,0.2777777777777778,0.736111111111111,0,0,68,253
1532,SHEAR,0.253333,0.19,0.4,3.0,2.0,0.633333,False,7138,*nikartati,2858,kartari,5,3,5,3,1.0,1.0,0.6,0.6666666666666666,0,0,281,254
1538,SCORPION,0.252381,0.209035,0.5,2.5,13.0,0.504762,True,5478,*ṭōŋka,12081,vŕ̩ścika,7,15,15,20,0.4666666666666667,0.75,0.35714285714285715,0.8666666666666667,0.21428571428571427,0,248,255
1069,GLUE,0.25,0.125,0.4,2.0,2.0,0.625,False,12744,ślēṣmán,13684,stambʰana,2,4,2,4,1.0,1.0,1.0,0.5,0,0.25,493,256
1619,GRANDDAUGHTER,0.25,0.109632,0.5,2.5,4.5,0.5,True,8417,pautrī,6955b,náptr̩,5,7,13,14,0.38461538461538464,0.5,0.5,0.6428571428571429,0,0.14285714285714285,584,257
2961,MESSAGE,0.25,0.154303,0.4,2.0,3.0,0.625,False,12523,śúddʰi,12904,saṁdēśa,4,4,7,6,0.5714285714285714,0.6666666666666666,0.5,0.75,0,0,382,258
907,OLD WOMAN,0.25,0.06455,0.4,2.0,2.0,0.625,False,9271,*buḍḍʰa,5145,jára,2,4,5,6,0.4,0.6666666666666666,1.0,0.5,0,0.25,957,259
2990,SACK,0.25,0.145237,0.4,2.0,4.25,0.625,False,9320,*bōra,4275,gōṇī́,3,6,5,6,0.6,1.0,0.6666666666666666,0.7083333333333334,0,0.125,410,260
1651,TEAR (OF EYE),0.25,0.187211,1,7.0,6.0,0.25,True,919,áśru,10839,rṓda,9,24,12,26,0.75,0.9230769230769231,0.7777777777777778,0.25,0,0.5277777777777778,296,261
1859,THIRD,0.25,0.066815,0.6,3.0,3.5,0.416667,False,5912,tr̩tī́ya,6018,*triḣsara,3,12,9,14,0.3333333333333333,0.8571428571428571,1.0,0.2916666666666667,0,0.4583333333333333,929,262
1185,VULTURE,0.25,0.178174,0.4,2.0,8.0,0.625,False,4231,gŕ̩dʰya,4233,gŕ̩dʰra,4,8,7,9,0.5714285714285714,0.8888888888888888,0.5,1.0,0.25,0,324,263
3407,FILE (TOOL),0.247619,0.134563,0.4,2.0,4.0,0.619048,False,12386,*śātra,10816,rētra,3,7,5,8,0.6,0.875,0.6666666666666666,0.5714285714285714,0,0,454,264
595,GROUNDNUT (PEANUT),0.247619,0.027699,0.4,2.0,4.0,0.619048,False,10198,mudgá,f_mszcztcnpsec6,bādām,3,7,16,59,0.1875,0.11864406779661017,0.6666666666666666,0.5714285714285714,0,0,1515,265
2691,PATERNAL AUNT (FATHER'S SISTER),0.247308,0.316127,0.6,10.5,3.0,0.412179,True,9089,*pʰuppʰu,6890,dʰrā́yati,13,10,17,13,0.7647058823529411,0.7692307692307693,0.8076923076923077,0.3,0,0.2833333333333333,110,266
1733,RAINBOW,0.246795,0.061056,0.5,6.333333333333333,2.5,0.49359,True,1577,indradʰanúṣ,6726,dʰánus,13,5,18,59,0.7222222222222222,0.0847457627118644,0.48717948717948717,0.5,0,0,1001,267
139,GUMS,0.246471,0.114468,0.4,2.0,9.616666666666667,0.616176,False,5093,játu,9984,*māṁsapuṭaka,3,17,7,19,0.42857142857142855,0.8947368421052632,0.6666666666666666,0.5656862745098039,0,0,556,268
843,SPIDER,0.245897,0.2895,0.4666666666666666,2.333333333333333,32.0,0.526923,True,9268,*buṭṭa,9883,markaṭa,10,39,19,68,0.5263157894736842,0.5735294117647058,0.2333333333333333,0.8205128205128205,0,0,133,269
1480,BODY,0.244375,0.144881,0.6666666666666667,3.3333333333333335,14.658333333333333,0.366562,True,5244,jīvantá,6557,dēha,8,40,19,69,0.42105263157894735,0.5797101449275363,0.4166666666666667,0.36645833333333333,0.025,0.025,414,270
1343,SUN,0.24375,0.150446,1,13.5,5.5,0.24375,True,13574,sū́ra,6328,dina,15,40,21,75,0.7142857142857143,0.5333333333333333,0.9,0.1375,0,0.55,393,271
2102,BURN,0.243586,0.170709,0.8666666666666666,4.333333333333333,5.8,0.281061,True,6248,dahyátē,5306,jválati,11,22,16,41,0.6875,0.5365853658536586,0.3939393939393939,0.2636363636363636,0.09090909090909091,0.004545454545454546,340,272
2964,NEWS,0.241667,0.065173,0.4,2.0,3.0,0.604167,False,12523,śúddʰi,12904,saṁdēśa,2,8,5,11,0.4,0.7272727272727273,1.0,0.375,0,0.16666666666666666,951,273
138,BATHE,0.24,0.138564,0.6,3.0,3.0,0.4,True,13789,snāna,6803,dʰā́vati,6,10,10,18,0.6,0.5555555555555556,0.5,0.3,0,0,441,274
3653,COOKING POT,0.24,0.071714,0.4,2.0,2.0,0.6,False,9440,bʰāṇḍa,14050,*hāṇḍa,2,5,4,7,0.5,0.7142857142857143,1.0,0.4,0,0.2,861,275
1396,SHARP,0.238846,0.28165,0.6900000000000001,9.0,3.45,0.346154,True,5839,tīkṣṇá,4918,cōkṣa,13,11,18,12,0.7222222222222222,0.9166666666666666,0.6923076923076923,0.31363636363636366,0,0.31363636363636366,144,276
1719,BURY,0.238636,0.152318,0.6,3.0,3.7499999999999996,0.397727,True,6173,*dabb,3979,*gaḍḍ,6,11,9,18,0.6666666666666666,0.6111111111111112,0.5,0.3409090909090909,0,0.045454545454545456,387,277
2459,GRINDSTONE,0.2375,0.18631,0.6,3.5,3.0,0.395833,True,11348,*varta,8253,puṭa,6,12,9,13,0.6666666666666666,0.9230769230769231,0.5833333333333334,0.25,0,0.041666666666666664,300,278
2178,MATERNAL GRANDFATHER,0.237143,0.128243,0.4,2.0,5.5,0.592857,True,10055,māma,7059,*nānna,5,7,17,11,0.29411764705882354,0.6363636363636364,0.4,0.7857142857142857,0,0,482,279
43,LEAD (GUIDE),0.236458,0.149549,0.5,2.5,5.166666666666666,0.472917,True,6966,náyati,13445,sī́sa,5,8,10,10,0.5,0.8,0.5,0.6458333333333333,0.2,0,396,280
695,GO,0.236023,0.209158,0.6300000000000001,3.1500000000000004,17.04090909090909,0.37464,True,4939,cyávatē,10452,yā́ti,16,30,22,70,0.7272727272727273,0.42857142857142855,0.19687500000000002,0.568030303030303,0.015625,0,247,281
178,RIPE,0.235714,0.257239,0.6,3.0,19.5,0.392857,True,7654,pacyátē,7621,pakvá,7,21,7,24,1.0,0.875,0.42857142857142855,0.9285714285714286,0.5714285714285714,0,174,282
212,FIELD,0.235407,0.357622,0.6,3.0,13.666666666666668,0.392345,True,9557,bʰū́mi,3735,kṣḗtra,13,17,14,19,0.9285714285714286,0.8947368421052632,0.23076923076923078,0.803921568627451,0.25,0,73,283
290,ADZE,0.233333,0.233333,0.6,3.0,7.0,0.388889,True,5618,takṣa,11588,vā́śī,6,9,6,9,1.0,1.0,0.5,0.7777777777777778,0.5,0,207,284
321,CHEW,0.233333,0.111541,0.4,2.0,6.5,0.583333,False,4675,*cappayati,4711,cárvati,3,13,6,16,0.5,0.8125,0.6666666666666666,0.5,0,0,572,285
712,RICH,0.233333,0.12943,0.4,2.0,6.666666666666666,0.583333,False,11380,várdʰamāna,6722,dʰanín,4,10,10,13,0.4,0.7692307692307693,0.5,0.6666666666666666,0,0,476,286
3743,BRASS,0.232143,0.256363,0.5,2.5,8.0,0.464286,True,10752,rīti,8184,pittala,7,8,9,10,0.7777777777777778,0.8,0.35714285714285715,1.0,0.42857142857142855,0,175,287
1217,FATHER,0.231305,0.16514,1,5.266666666666666,7.416666666666666,0.231305,True,9935,mahallaka,8179,pitŕ̩,19,40,21,71,0.9047619047619048,0.5633802816901409,0.2771929824561403,0.18541666666666665,0,0,354,288
1506,MEASURE,0.230889,0.362732,0.565,6.0,2.8249999999999997,0.408654,True,5979,tōláyati,10054,*māpyatē,10,13,11,15,0.9090909090909091,0.8666666666666667,0.6,0.21730769230769229,0,0,69,289
1985,PATERNAL UNCLE (FATHER'S BROTHER),0.230682,0.276617,0.6,8.5,3.0,0.38447,True,8188,pítriya,2998,*kākka,11,12,17,15,0.6470588235294118,0.8,0.7727272727272727,0.25,0.045454545454545456,0.20833333333333334,150,290
3636,CO-WIFE,0.229474,0.147969,0.4,2.0,18.0,0.573684,True,10453,yā́tr̩,13130,sapátnī,5,19,17,21,0.29411764705882354,0.9047619047619048,0.4,0.9473684210526315,0.2,0,400,291
1234,SMOOTH,0.229167,0.176622,0.5,2.5,6.0,0.458333,True,8152,piccʰala,4782,cikkáṇa,6,11,10,16,0.6,0.6875,0.4166666666666667,0.5454545454545454,0,0.045454545454545456,330,292
1237,WHERE,0.227273,0.048256,0.4,2.0,7.0,0.568182,False,3384,kúha,1564,ittʰám,4,11,16,61,0.25,0.18032786885245902,0.5,0.6363636363636364,0,0,1183,293
1592,CHEST,0.226377,0.205997,0.4,2.0,16.833333333333332,0.565942,True,3607,krōḍá,5014,*cʰātti,5,23,7,31,0.7142857142857143,0.7419354838709677,0.4,0.7318840579710144,0,0,250,294
2366,ONION,0.225287,0.050038,0.4,2.0,14.333333333333334,0.563218,False,7954,palāṇḍú,2723,kanda,3,29,16,62,0.1875,0.46774193548387094,0.6666666666666666,0.4942528735632184,0,0.034482758620689655,1155,295
2052,BUCKET,0.225,0.122474,0.4,2.0,7.0,0.5625,False,3264,kuṇḍá,6583,*dōla,4,8,9,12,0.4444444444444444,0.6666666666666666,0.5,0.875,0.25,0,507,296
1768,FOAM,0.225,0.29643,0.6,9.0,3.0,0.375,True,9108,pʰḗna,3959,*gajja,9,12,10,14,0.9,0.8571428571428571,1.0,0.25,0,0.5,125,297
2467,GAME,0.225,0.07746,0.3,1.5,1.5,0.75,False,7580,nr̩ttá,10709,*rānti,2,2,5,3,0.4,0.6666666666666666,0.75,0.75,0,0,808,298
636,MILL,0.225,0.11547,0.3,8.0,1.5,0.75,False,10412,yantrá,4451,*gʰarṣṭra,8,2,9,3,0.8888888888888888,0.6666666666666666,1.0,0.75,0,0.25,549,299
1455,PULL,0.222546,0.237011,0.7666666666666668,3.833333333333334,3.916666666666667,0.290278,True,6613,*drakk,5762,tānáyati,12,15,15,18,0.8,0.8333333333333334,0.3194444444444445,0.2611111111111111,0,0,200,300
1606,INSIDE,0.222222,0.240192,0.6,3.0,10.833333333333332,0.37037,True,357,ántara,9504,*bʰiyantara,9,18,13,24,0.6923076923076923,0.75,0.3333333333333333,0.6018518518518517,0,0.19444444444444445,193,301
1534,FEVER,0.222115,0.217963,0.6,3.0,5.0,0.370192,True,8519,prajvāra,5303,jvará,13,8,16,12,0.8125,0.6666666666666666,0.23076923076923078,0.625,0.11538461538461539,0,231,302
2457,PATH OR ROAD,0.221429,0.196498,0.4,6.0,2.0,0.553571,True,7785,pántʰā,10071,mārga,7,6,10,12,0.7,0.5,0.8571428571428571,0.3333333333333333,0,0.08333333333333333,266,303
17,EYELID,0.220833,0.10475,0.4,2.0,3.5,0.552083,False,3999,gaṇḍa,7733,páttra,3,8,6,10,0.5,0.8,0.6666666666666666,0.4375,0,0,604,304
711,TALL,0.219352,0.261183,0.7666666666666666,9.833333333333332,3.833333333333333,0.286111,True,6368,dīrgʰá,10951,lamba,15,10,15,12,1.0,0.8333333333333334,0.6555555555555554,0.3833333333333333,0.06666666666666667,0.4,170,305
1537,SPRINGTIME,0.219318,0.308643,0.6,6.416666666666667,3.0,0.36553,True,11439,vasantá,4915,caitrá,14,11,18,12,0.7777777777777778,0.9166666666666666,0.45833333333333337,0.2727272727272727,0,0,115,306
1487,POUR,0.219167,0.271456,0.6,3.0,5.958333333333333,0.365278,True,5735,talati,5581,*ḍʰalati,9,15,11,18,0.8181818181818182,0.8333333333333334,0.3333333333333333,0.3972222222222222,0,0,154,307
1242,FEW,0.218915,0.190262,0.6,3.0,14.666666666666668,0.364858,True,722,álpa,13720,stōká,11,31,19,66,0.5789473684210527,0.4696969696969697,0.2727272727272727,0.4731182795698925,0,0.016129032258064516,279,308
2411,HURT (SOMEBODY),0.217593,0.132696,0.5,2.5,3.333333333333333,0.435185,True,12576,śūlatē,6376,duḣkʰati,5,9,11,11,0.45454545454545453,0.8181818181818182,0.5,0.37037037037037035,0,0,463,309
994,BOW,0.217546,0.23642,0.6166666666666667,4.0,3.0833333333333335,0.352778,True,6636,druṇa,6956,námati,8,15,9,19,0.8888888888888888,0.7894736842105263,0.5,0.20555555555555557,0,0,202,310
98,ALL,0.217277,0.156562,0.8666666666666666,4.333333333333333,21.25,0.250704,True,9568,bʰū́yiṣṭʰa,13276,sárva,16,37,22,69,0.7272727272727273,0.5362318840579711,0.2708333333333333,0.5743243243243243,0.34375,0,373,311
72,CLAW,0.216667,0.104893,0.4,2.0,8.5,0.541667,False,6920,nakʰará,6914,nakʰá,3,10,6,12,0.5,0.8333333333333334,0.6666666666666666,0.85,0.3333333333333333,0.1,603,312
2334,MELT,0.216396,0.305009,0.47000000000000003,6.0,2.35,0.460417,True,11906,vílīyatē,4074,galati,8,12,10,14,0.8,0.8571428571428571,0.75,0.19583333333333333,0.025,0,119,313
471,UPPER LEG (THIGH),0.215476,0.268563,0.4,2.0,15.833333333333332,0.53869,True,9742,máṇḍala,5082,jáŋgʰā,7,20,12,23,0.5833333333333334,0.8695652173913043,0.2857142857142857,0.7916666666666666,0,0,157,314
1088,SINK (DESCEND),0.215368,0.071429,0.5,2.5,4.976190476190476,0.430736,False,9272,*buḍyati,5561,*ḍubb,3,11,9,12,0.3333333333333333,0.9166666666666666,0.8333333333333334,0.4523809523809524,0.16666666666666666,0.25757575757575757,862,315
93,DRAW MILK,0.214773,0.096935,0.3,1.5,8.5,0.715909,False,6592,*dōhati,6476,*duhati,2,11,4,12,0.5,0.9166666666666666,0.75,0.7727272727272727,0,0.09090909090909091,654,316
1839,CRY,0.214286,0.189646,0.8,4.0,6.5,0.267857,True,10734,*riŋk,10840,rōdati,14,14,17,23,0.8235294117647058,0.6086956521739131,0.2857142857142857,0.4642857142857143,0.21428571428571427,0,283,317
4009,SPINNING WHEEL,0.214286,0.155265,0.3,1.5,6.5,0.714286,False,4538,cakrá,596,aragʰaṭṭa,3,7,5,8,0.6,0.875,0.5,0.9285714285714286,0,0,378,318
667,ROAD,0.214144,0.343189,0.4833333333333333,10.5,2.4166666666666665,0.443056,True,7785,pántʰā,13577-2,*sr̩tikk-,14,12,14,20,1.0,0.6,0.75,0.20138888888888887,0,0.06527777777777778,88,319
1685,AFTER,0.213333,0.076277,0.4,3.0,2.0,0.533333,False,7732,*patta,7990,*paśca,5,3,11,6,0.45454545454545453,0.5,0.6,0.6666666666666666,0.2,0,814,320
579,BATTLE,0.213333,0.113137,0.4,2.0,4.0,0.533333,False,11668,vigraha,10920,*laḍ,3,10,6,10,0.5,1.0,0.6666666666666666,0.4,0,0,563,321
659,REED,0.212946,0.234229,0.6,3.0,6.5,0.354911,True,6936,naḍá,12101,vētrá,7,16,7,18,1.0,0.8888888888888888,0.42857142857142855,0.40625,0,0.125,206,322
2607,TRIPOD,0.2125,0.100173,0.3,2.0,1.5,0.708333,False,6019-2,*trikala-,6033,tripādaka,3,2,6,2,0.5,1.0,0.6666666666666666,0.75,0,0,621,323
3549,BIRD NEST,0.211111,0.086245,0.4,2.0,3.5,0.527778,False,10042,mā́na,11591,vāsá,3,9,7,13,0.42857142857142855,0.6923076923076923,0.6666666666666666,0.3888888888888889,0,0,727,324
1048,LINE,0.211074,0.086337,0.4416666666666666,2.3333333333333335,2.208333333333333,0.477904,False,3448,kr̩ṣí,11070,*līkkā,3,11,7,13,0.42857142857142855,0.8461538461538461,0.7777777777777778,0.20075757575757572,0,0.022727272727272728,725,325
2783,SCALES (MEASURE INSTRUMENT),0.210476,0.122276,0.4,2.0,2.7,0.52619,False,6074,*traikya,5886,tulā́,3,7,5,7,0.6,1.0,0.6666666666666666,0.38571428571428573,0,0,509,326
1654,LIGHTNING,0.210349,0.213827,0.5,2.5,18.333333333333336,0.420699,True,9650,bʰramara,11745,vidyullatā,10,31,20,60,0.5,0.5166666666666667,0.25,0.5913978494623656,0,0,239,327
590,NAKED,0.210133,0.267889,0.7,3.5,10.333333333333332,0.300189,True,7502,*niṣṭrāṇa,6926,nagná,11,16,13,17,0.8461538461538461,0.9411764705882353,0.3181818181818182,0.6458333333333333,0.36363636363636365,0,161,328
1200,HUSBAND,0.209647,0.146221,0.9,4.5,6.092857142857143,0.232941,True,9467,*bʰāriyāpa,4435,*gʰarapāla,16,33,20,67,0.8,0.4925373134328358,0.28125,0.18463203463203465,0,0,407,329
1599,WORD,0.209407,0.350208,0.5166666666666666,10.0,2.583333333333333,0.405303,True,11564,vārtta,11199,vacaná,15,11,17,13,0.8823529411764706,0.8461538461538461,0.6666666666666666,0.23484848484848483,0,0.09090909090909091,78,330
3458,SILENCE,0.208929,0.13029,0.3,1.5,4.75,0.696429,False,10371,mauna,4864,*cuppa,2,7,2,8,1.0,0.875,0.75,0.6785714285714286,0,0.03571428571428571,471,331
943,WATERFALL,0.208333,0.179284,0.5,2.5,2.5,0.416667,True,3662,kṣará,5343,jʰara,6,6,10,7,0.6,0.8571428571428571,0.4166666666666667,0.4166666666666667,0,0,318,332
1199,WIFE,0.208234,0.141405,1,6.25,6.85,0.208234,True,13734,strī́,f_k66mptwk5okq6,*lugāī,20,35,22,69,0.9090909090909091,0.5072463768115942,0.3125,0.1957142857142857,0,0.09174603174603176,426,333
215,LIE DOWN,0.207143,0.145665,0.6,3.0,8.142857142857142,0.345238,True,7722,pátati,11109,lēṭyáti,9,20,13,63,0.6923076923076923,0.31746031746031744,0.3333333333333333,0.40714285714285714,0,0.05,408,334
885,OPPOSITE,0.207143,0.173308,0.4,3.0,2.0,0.517857,False,8100,pārá,2367,*ullaŋgʰin,4,7,5,8,0.8,0.875,0.75,0.2857142857142857,0,0,337,335
1579,BE,0.207075,0.201221,0.9666666666666668,5.783333333333333,4.833333333333334,0.214216,True,13768,stʰitá,1031,ā́kṣēti,17,15,17,17,1.0,0.8823529411764706,0.34019607843137256,0.32222222222222224,0.011764705882352941,0.22222222222222224,257,336
105,MATTRESS,0.20625,0.097227,0.3,2.0,1.5,0.6875,False,5905,tūlavatī,5904,tū́la,2,4,4,4,0.5,1.0,1.0,0.375,0,0,652,337
1494,DIE,0.206144,0.133037,0.8400000000000001,4.2,19.926190476190477,0.245409,True,10278,mr̩tá,9871,máratē,16,27,21,70,0.7619047619047619,0.38571428571428573,0.2625,0.7380070546737214,0.4395833333333333,0.0701058201058201,461,338
1296,WALKING STICK,0.204167,0.144368,0.4,2.0,5.5,0.510417,False,13495,*sumbʰa,12622,*śōṭṭʰa,3,8,3,9,1.0,0.8888888888888888,0.6666666666666666,0.6875,0.3333333333333333,0,416,339
855,SEIZE,0.203869,0.204683,0.5,2.5,6.0,0.407738,True,4236,gr̩bʰāyáti,7619,*pakkaḍ,6,14,8,15,0.75,0.9333333333333333,0.4166666666666667,0.42857142857142855,0,0.02976190476190476,253,340
307,HAWK,0.202381,0.129866,0.4,2.0,7.166666666666666,0.505952,False,4231,gŕ̩dʰya,4829,cilli,4,14,8,17,0.5,0.8235294117647058,0.5,0.5119047619047619,0,0,473,341
204,AGAIN,0.20236,0.323369,0.5,2.5,8.75,0.40472,True,4474,*gʰir,9078,*pʰirati,11,13,14,16,0.7857142857142857,0.8125,0.22727272727272727,0.6730769230769231,0.09090909090909091,0,106,342
625,LAMP,0.202083,0.06667,0.3,1.5,10.75,0.673611,False,6567,daipa,6348,dīpa,2,18,7,21,0.2857142857142857,0.8571428571428571,0.75,0.5972222222222222,0,0,930,343
2014,GO DOWN (DESCEND),0.201885,0.217404,0.55,3.0,2.75,0.367063,True,10905,laŋgʰáyati,1770,úttarati,7,9,8,11,0.875,0.8181818181818182,0.42857142857142855,0.3055555555555556,0,0,233,344
1100,COOK (SOMETHING),0.200651,0.232233,0.6966666666666667,5.75,3.4833333333333334,0.288016,True,7654,pacyátē,10616,randʰáyati,14,15,17,19,0.8235294117647058,0.7894736842105263,0.4107142857142857,0.23222222222222222,0.05357142857142857,0.013333333333333334,210,345
303,ABSTAIN FROM FOOD,0.2,0.028868,0.2,1.0,1.0,1.0,False,6747,dʰárati,10905,laŋgʰáyati,1,1,3,4,0.3333333333333333,0.25,1.0,1.0,0,0,1489,346
278,AWL,0.2,0.044721,0.2,1.0,4.0,1.0,False,11756,*vidʰira,1313,ā́rā,1,4,5,4,0.2,1.0,1.0,1.0,0,0,1236,347
1890,BELIEVE,0.2,0.023905,0.2,1.0,2.0,1.0,False,8640,pratyaya,9857,mányatē,1,2,7,5,0.14285714285714285,0.4,1.0,1.0,0,0,1575,348
391,BLESS,0.2,0.028868,0.2,1.0,1.0,1.0,False,10831,rōcá,457,*apavārayati,1,1,3,4,0.3333333333333333,0.25,1.0,1.0,0,0,1491,349
2040,BUCKWHEAT,0.2,0.1,0.2,1.0,2.0,1.0,False,11313,varaṭa-,9049,*pʰappʰara,1,2,1,2,1.0,1.0,1.0,1.0,0,0,623,350
2569,BUTCHER,0.2,0.02357,0.2,1.0,1.0,1.0,False,10064,māraka,4101,*gavāśa,1,1,6,3,0.16666666666666666,0.3333333333333333,1.0,1.0,0,0,1586,351
2318,CHESTNUT,0.2,0.070711,0.2,1.0,1.0,1.0,False,3936,*kʰōppa,2815,karká,1,1,2,1,0.5,1.0,1.0,1.0,0,0,874,352
3819,COLD (FEELING COLD),0.2,0.031623,0.2,1.0,1.0,1.0,False,6313,dāvayati,13676,stabdʰa,1,1,5,2,0.2,0.5,1.0,1.0,0,0,1448,353
3986,COLLAPSE,0.2,0.035355,0.2,1.0,1.0,1.0,False,856,*avaśrayati,9593,bʰŕ̩śyati,1,1,4,2,0.25,0.5,1.0,1.0,0,0,1383,354
3442,COTTON WOOL,0.2,0.1,0.2,1.0,2.0,1.0,False,5904,tū́la,10798,*rū-a,1,2,1,2,1.0,1.0,1.0,1.0,0,0,624,355
1068,COURT,0.2,0.05,0.2,1.0,1.0,1.0,False,3429,*kr̩tyagʰarikā,2275,upastʰā́na,1,1,2,2,0.5,0.5,1.0,1.0,0,0,1156,356
1066,CRIME,0.2,0.05,0.2,1.0,3.0,1.0,False,439,aparādʰa,6587,dōṣa,1,3,3,4,0.3333333333333333,0.75,1.0,1.0,0,0,1157,357
2074,CROW (VERB),0.2,0.05,0.2,1.0,1.0,1.0,False,3576,*krapyati,3390,*kūkkati,1,1,2,2,0.5,0.5,1.0,1.0,0,0,1158,358
2934,CUCKOO,0.2,0.059761,0.2,1.0,5.0,1.0,False,4086,*galaugʰika,3483,kōkilá,1,5,2,7,0.5,0.7142857142857143,1.0,1.0,0,0,1011,359
1330,DEFEND,0.2,0.057735,0.2,1.0,1.0,1.0,False,10547,rákṣati,11208,váñcati,1,1,3,1,0.3333333333333333,1.0,1.0,1.0,0,0,1039,360
1184,DIMINISH,0.2,0.070711,0.2,1.0,1.0,1.0,False,9856,*mandʰyara,12648,*śōṣyatē,1,1,2,1,0.5,1.0,1.0,1.0,0,0,876,361
3813,DISOBEDIENT,0.2,0.040825,0.2,1.0,1.0,1.0,False,566,amítra,9130,badʰirá,1,1,3,2,0.3333333333333333,0.5,1.0,1.0,0,0,1284,362
528,DREADFUL,0.2,0.044721,0.2,2.0,1.0,1.0,False,10789,*rulla,9457,bʰāmitá,2,1,5,2,0.4,0.5,1.0,1.0,0,0,1238,363
3364,DRY IN SUN,0.2,0.070711,0.2,1.0,1.0,1.0,False,12559,śúṣyati,10872,raudrá,1,1,1,2,1.0,0.5,1.0,1.0,0,0,877,364
1722,EIGHTY,0.2,0.014434,0.2,1.0,2.0,1.0,False,4623,cáturviṁśati,911,aśītí,1,2,16,6,0.0625,0.3333333333333333,1.0,1.0,0,0,1678,365
1540,EYELASH,0.2,0.133333,0.4,2.0,8.0,0.5,False,7701,*paṭṭa,7638,pákṣman,4,8,8,9,0.5,0.8888888888888888,0.5,1.0,0.5,0,458,366
81,FATHOM,0.2,0.1,0.2,1.0,2.0,1.0,False,10991,*laṣṭi,11836,viyāmá,1,2,1,2,1.0,1.0,1.0,1.0,0,0,627,367
2623,FLAG,0.2,0.057735,0.2,1.0,8.0,1.0,False,7726,patākā,6898,*dʰvajadaṇḍa,1,8,3,8,0.3333333333333333,1.0,1.0,1.0,0,0,1041,368
577,FOREFINGER,0.2,0.1,0.2,1.0,1.0,1.0,False,135,aŋgúli,6208,dárśana,1,1,1,1,1.0,1.0,1.0,1.0,0,0,628,369
3004,FORMER,0.2,0.070711,0.2,1.0,3.0,1.0,False,8820,praṣṭʰa,68,ágra,1,3,2,3,0.5,1.0,1.0,1.0,0,0,878,370
2368,GARLIC,0.2,0.130783,0.4,2.0,35.0,0.5,True,2390,uṣṇa,10990,láśuna,6,35,17,65,0.35294117647058826,0.5384615384615384,0.3333333333333333,1.0,0.3333333333333333,0,467,371
2500,GINGER,0.2,0.03873,0.2,1.0,18.0,1.0,False,12588,śr̩ŋgavēra,1341,ārdraka,1,18,5,24,0.2,0.75,1.0,1.0,0,0,1318,372
604,GLASS,0.2,0.029814,0.2,1.0,12.0,1.0,False,3264,kuṇḍá,3007,kācá,1,12,9,15,0.1111111111111111,0.8,1.0,1.0,0,0,1476,373
2502,GONG,0.2,0.138873,0.4,2.0,2.0,0.5,False,5449,*ṭal,4413,*gʰaṭītāḍa,3,6,3,7,1.0,0.8571428571428571,0.6666666666666666,0.3333333333333333,0,0,438,374
3114,GRATE (SOMETHING),0.2,0.040825,0.2,1.0,1.0,1.0,False,5051,*cʰilla,3530,*kōrati,1,1,3,2,0.3333333333333333,0.5,1.0,1.0,0,0,1285,375
3373,HAN CHINESE,0.2,0.1,0.2,1.0,2.0,1.0,False,5524,*ḍagga,4841,cīna-,1,2,1,2,1.0,1.0,1.0,1.0,0,0,629,376
331,HEADDRESS,0.2,0.1,0.2,1.0,1.0,1.0,False,6236,daśā,4883,cū́ḍa,1,1,1,1,1.0,1.0,1.0,1.0,0,0,630,377
3213,HIRE OR RENT,0.2,0.065465,0.2,1.0,6.0,1.0,False,3581,krayá,9468,*bʰārta,1,6,2,7,0.5,0.8571428571428571,1.0,1.0,0,0,948,378
3262,HORSEFLY,0.2,0.1,0.2,2.0,1.0,1.0,False,6110,daṁśa,9696,mákṣā,2,1,2,1,1.0,1.0,1.0,1.0,0,0,631,379
3693,HOT WEATHER,0.2,0.070711,0.2,1.0,1.0,1.0,False,5674,tápas,1473,āṣāḍʰá,1,1,1,2,1.0,0.5,1.0,1.0,0,0,879,380
1162,INTENTION,0.2,0.070711,0.2,2.0,1.0,1.0,False,4799,cittá,4025,gama,2,1,4,1,0.5,1.0,1.0,1.0,0,0,880,381
2770,JACKET,0.2,0.057735,0.2,1.0,2.0,1.0,False,5472,*ṭēppa,4923,cōḍa,1,2,2,3,0.5,0.6666666666666666,1.0,1.0,0,0,1042,382
2464,LAY EGGS,0.2,0.057735,0.2,1.0,1.0,1.0,False,6634,drāváyati,8053,pātáyati,1,1,1,3,1.0,0.3333333333333333,1.0,1.0,0,0,1043,383
2825,LEFT HANDED,0.2,0.08165,0.2,1.0,2.0,1.0,False,3364,kuśa,3832,kʰarvá,1,2,1,3,1.0,0.6666666666666666,1.0,1.0,0,0,771,384
3470,LIAR,0.2,0.151186,0.4,2.0,2.0,0.5,False,6190,darati,3395,kūṭa,4,4,7,4,0.5714285714285714,1.0,0.5,0.5,0,0,390,385
319,LICK,0.2,0.033806,0.2,1.0,4.0,1.0,False,11069,lihati,4573,*caṭṭ,1,4,5,7,0.2,0.5714285714285714,1.0,1.0,0,0,1414,386
3604,LIGHT BLUE,0.2,0.070711,0.2,1.0,1.0,1.0,False,12541,*śumbʰaka,1986,*uddāta,1,1,2,1,0.5,1.0,1.0,1.0,0,0,881,387
2233,LOVELY,0.2,0.1,0.2,1.0,1.0,1.0,False,12506,śukrá,4345,gaurá,1,1,1,1,1.0,1.0,1.0,1.0,0,0,632,388
3613,LOWER BACK,0.2,0.070711,0.2,1.0,1.0,1.0,False,5582,*ḍʰākka,2640,*kaṭibʰāga,1,1,2,1,0.5,1.0,1.0,1.0,0,0,882,389
2199,LOWER PART,0.2,0.1,0.2,1.0,1.0,1.0,False,7187,niṇyá,6964,namrá,1,1,1,1,1.0,1.0,1.0,1.0,0,0,633,390
877,MASON,0.2,0.033333,0.2,2.0,1.0,1.0,False,4226,*gūniya,13740,stʰapáti,2,1,6,3,0.3333333333333333,0.3333333333333333,1.0,1.0,0,0,1425,391
507,MELON,0.2,0.05,0.2,1.0,4.0,1.0,False,2823,karkāru,13844,spʰuṭī,1,4,4,4,0.25,1.0,1.0,1.0,0,0,1159,392
2541,MIRACLE,0.2,0.070711,0.2,1.0,1.0,1.0,False,13106,*satēra,13405,siddʰi,1,1,2,1,0.5,1.0,1.0,1.0,0,0,883,393
642,MUSIC,0.2,0.031623,0.2,1.0,1.0,1.0,False,10641,ráva,7537,nisvāna,1,1,5,2,0.2,0.5,1.0,1.0,0,0,1449,394
208,NASAL MUCUS (SNOT),0.2,0.099228,0.5,3.0,2.5,0.4,False,12582,śr̩ŋkʰāṇikā,8237,pīnasa,4,10,8,13,0.5,0.7692307692307693,0.75,0.25,0,0.2,641,395
1759,OLDER BROTHER,0.2,0.039132,0.4,2.0,14.000000000000002,0.5,False,2998,*kākka,6261,*dādda,3,25,19,58,0.15789473684210525,0.43103448275862066,0.6666666666666666,0.56,0.16666666666666666,0.06,1311,396
780,OUR,0.2,0.009513,0.2,4.0,1.0,1.0,False,986,asmad,988,asmā́ka,4,1,13,34,0.3076923076923077,0.029411764705882353,1.0,1.0,0,0,1714,397
647,PAINT (PIGMENTS),0.2,0.022361,0.2,1.0,1.0,1.0,False,10580,rajáyati,10570,*raŋgayati,1,1,4,5,0.25,0.2,1.0,1.0,0,0,1596,398
361,PEG,0.2,0.163299,0.4,2.0,5.5,0.5,False,13638,*skabʰa,3893,*kʰuṭṭa,4,11,6,11,0.6666666666666666,1.0,0.5,0.5,0,0,358,399
2966,PERCH (FISH),0.2,0.070711,0.2,1.0,1.0,1.0,False,11879,vilagna,11435,vásati,1,1,1,2,1.0,0.5,1.0,1.0,0,0,884,400
3780,PET,0.2,0.070711,0.2,1.0,1.0,1.0,False,14116,*hilati,10196,*mutta,1,1,1,2,1.0,0.5,1.0,1.0,0,0,885,401
3388,PLACENTA,0.2,0.070711,0.2,1.0,1.0,1.0,False,5152,jarā́yu,9092,pʰulla,1,1,2,1,0.5,1.0,1.0,1.0,0,0,886,402
480,PLATE,0.2,0.028284,0.2,1.0,2.0,1.0,False,13766,stʰālī́,8055,pā́tra,1,2,5,5,0.2,0.4,1.0,1.0,0,0,1507,403
2024,PLOT,0.2,0.086603,0.2,3.0,1.0,1.0,False,13744,stʰála,4382,grāhá,3,1,4,1,0.75,1.0,1.0,1.0,0,0,724,404
3860,POSSESSIONS,0.2,0.040825,0.2,1.0,1.0,1.0,False,4719,calācalá,638,ártʰa,1,1,2,3,0.5,0.3333333333333333,1.0,1.0,0,0,1289,405
953,RAPE,0.2,0.033333,0.2,1.0,1.0,1.0,False,4857,cuṭáti,2032,*uddʰvalati,1,1,3,3,0.3333333333333333,0.3333333333333333,1.0,1.0,0,0,1428,406
1700,SATURDAY,0.2,0.01543,0.2,1.0,1.0,1.0,False,12311,śámba,12287c,*śanaiścara,1,1,7,6,0.14285714285714285,0.16666666666666666,1.0,1.0,0,0,1670,407
1802,SCREW,0.2,0.028868,0.2,1.0,1.0,1.0,False,12131,vēṣṭana,3202,kīla,1,1,4,3,0.25,0.3333333333333333,1.0,1.0,0,0,1496,408
419,SEVERE,0.2,0.070711,0.2,1.0,1.0,1.0,False,3602,krūrá,2978,kaṣṭá,1,1,2,1,0.5,1.0,1.0,1.0,0,0,887,409
1641,SILK,0.2,0.126491,0.3,1.5,6.0,0.666667,False,6095,*tʰānna,7700,paṭṭa,3,6,5,9,0.6,0.6666666666666666,0.5,1.0,0.16666666666666666,0,488,410
2613,SKIN (HUMAN),0.2,0.1,0.2,1.0,3.0,1.0,False,8413,*pōstaka,4701,cárman,1,3,1,3,1.0,1.0,1.0,1.0,0,0,634,411
703,SOON,0.2,0.035355,0.2,1.0,1.0,1.0,False,10896-5,*lagʰukk-,4584,cáṇḍa,1,1,4,2,0.25,0.5,1.0,1.0,0,0,1388,412
545,SPRUCE,0.2,0.070711,0.2,1.0,1.0,1.0,False,13509,*surūpya,5006,cʰavī́,1,1,2,1,0.5,1.0,1.0,1.0,0,0,889,413
1628,SQUIRREL,0.2,0.031623,0.2,1.0,1.0,1.0,False,6199,dardru,6908,nakulá,1,1,2,5,0.5,0.2,1.0,1.0,0,0,1451,414
1038,TEACHER,0.2,0.016667,0.2,1.0,1.0,1.0,False,972,asáu,2301,upādʰyāya,1,1,9,4,0.1111111111111111,0.25,1.0,1.0,0,0,1658,415
3374,TIBETAN,0.2,0.1,0.2,1.0,1.0,1.0,False,9636,bʰauṭṭa,14145,hūṇa,1,1,1,1,1.0,1.0,1.0,1.0,0,0,635,416
1283,TODAY,0.2,0.178869,0.8,4.0,43.0,0.25,True,7576,nūnám,242,adyá,18,43,21,72,0.8571428571428571,0.5972222222222222,0.2222222222222222,1.0,0.7222222222222222,0,319,417
1021,TOWEL,0.2,0.048795,0.2,1.0,5.0,1.0,False,866,*avastarati,139,aŋgōñcʰa,1,5,3,7,0.3333333333333333,0.7142857142857143,1.0,1.0,0,0,1178,418
3665,TRAVEL,0.2,0.028868,0.2,1.0,1.0,1.0,False,10452,yā́ti,13943,*haṭṭ,1,1,3,4,0.3333333333333333,0.25,1.0,1.0,0,0,1498,419
2310,US (OBLIQUE CASE OF WE),0.2,0.063246,0.2,4.0,1.0,1.0,False,986,asmad,1135,ātmán,4,1,5,2,0.8,0.5,1.0,1.0,0,0,974,420
1131,WE (INCLUSIVE),0.2,0.011952,0.2,1.0,1.0,1.0,False,986,asmad,1135,ātmán,1,1,7,10,0.14285714285714285,0.1,1.0,1.0,0,0,1697,421
2241,WILD CAT,0.2,0.040825,0.2,1.0,1.0,1.0,False,9237,bíḍāla,3780,kʰaṭṭāśa,1,1,3,2,0.3333333333333333,0.5,1.0,1.0,0,0,1292,422
257,WORSHIP,0.2,0.028868,0.2,1.0,2.0,1.0,False,12502,śīlayati,13593,sḗvatē,1,2,4,6,0.25,0.3333333333333333,1.0,1.0,0,0,1499,423
2577,YET,0.2,0.04714,0.2,1.0,2.0,1.0,False,245,adyaiva,5647,tatʰāpi,1,2,3,3,0.3333333333333333,0.6666666666666666,1.0,1.0,0,0,1209,424
1312,FOX,0.199306,0.238216,0.7,3.5,3.833333333333333,0.284722,True,11142,*lōpi,3878,kʰiŋkʰira,14,12,15,16,0.9333333333333333,0.75,0.25,0.3194444444444444,0,0,197,425
658,RAIN (PRECIPITATION),0.198947,0.183996,0.7,3.5,14.200000000000003,0.284211,True,549,abʰrá,10302,mēgʰá,15,38,20,68,0.75,0.5588235294117647,0.23333333333333334,0.37368421052631584,0.03333333333333333,0.005263157894736842,307,426
940,STRAIN,0.197778,0.066337,0.4,2.0,2.7333333333333334,0.494444,False,3643,*kṣaṇati,4144,gālayati,2,9,4,10,0.5,0.9,1.0,0.3037037037037037,0,0.31481481481481477,940,427
1847,SICK,0.196296,0.113332,0.4,2.0,4.333333333333333,0.490741,False,11751,*vidʰarga,9754,*mattʰara,4,9,9,12,0.4444444444444444,0.75,0.5,0.48148148148148145,0,0,561,428
906,TREE,0.195734,0.183039,0.74,3.7,13.077244494635801,0.264505,True,13682,stambʰa,10757,*rukṣa,17,42,21,71,0.8095238095238095,0.5915492957746479,0.21764705882352942,0.31136296415799525,0,0,310,429
1994,COLLARBONE,0.195,0.096896,0.3,1.5,2.0,0.65,False,4396,*graíviya,6,áṁsa,5,2,6,3,0.8333333333333334,0.6666666666666666,0.3,1.0,0,0,655,430
6,EARTHQUAKE,0.195,0.137886,0.3,8.0,1.5,0.65,False,9560,bʰūmicala,9547,bʰūkampa,10,3,12,5,0.8333333333333334,0.6,0.8,0.5,0,0,444,431
1301,FOOT,0.19447,0.212703,0.5352380952380953,8.533333333333333,2.6761904761904765,0.363333,True,3906,kʰura,7756,*padara,14,20,19,43,0.7368421052631579,0.46511627906976744,0.6095238095238095,0.13380952380952382,0,0.016666666666666666,241,432
1760,YOUNGER BROTHER,0.194444,0.012534,0.2,1.0,17.0,0.972222,False,12513,*śuḍa,9661,bʰrā́tr̩,1,18,19,57,0.05263157894736842,0.3157894736842105,1.0,0.9444444444444444,0,0,1694,433
609,HAIL,0.194318,0.310076,0.6,6.5,3.0,0.323864,True,910,aśáni,2782,karaka,12,11,12,12,1.0,0.9166666666666666,0.5416666666666666,0.2727272727272727,0,0.16666666666666666,114,434
817,THEY,0.193519,0.061807,0.3666666666666666,1.833333333333333,8.0,0.527778,True,5612,tá,972,asáu,6,8,18,70,0.3333333333333333,0.11428571428571428,0.3055555555555555,1.0,0.25,0,986,435
3174,WAKE UP (SOMEONE),0.193333,0.145,0.26666666666666666,1.3333333333333333,7.833333333333333,0.725,False,9279,búdʰyatē,5175,jā́grati,2,10,2,10,1.0,1.0,0.6666666666666666,0.7833333333333333,0,0,412,436
680,BREAK (DESTROY OR GET DESTROYED),0.192411,0.262883,0.6666666666666666,3.333333333333333,5.4261904761904765,0.288616,True,13858,*spʰōṭyatē,6079,trōṭáyati,14,16,15,18,0.9333333333333333,0.8888888888888888,0.23809523809523808,0.3391369047619048,0,0,167,437
131,FESTIVAL,0.192338,0.101754,0.4666666666666666,2.333333333333333,3.058333333333333,0.412153,False,6215,dala,5811,*titʰivāra,4,12,7,18,0.5714285714285714,0.6666666666666666,0.5833333333333333,0.2548611111111111,0,0.013888888888888888,615,438
12,MIDDAY,0.192,0.121716,0.3,1.5,24.5,0.64,True,4530,*gʰraṇiṣya,f_jg7fkl55nyhjm,*dva-prahara,5,25,16,54,0.3125,0.46296296296296297,0.3,0.98,0,0,513,439
1857,CROCODILE,0.191667,0.093551,0.4,2.0,4.0,0.479167,False,4382,grāhá,12426,śiṁśumā́ra,3,12,5,17,0.6,0.7058823529411765,0.6666666666666666,0.3333333333333333,0,0.041666666666666664,672,440
3681,PARTRIDGE,0.191667,0.178575,0.4,2.0,11.5,0.479167,True,11361,vártikā,5809,tittirá,5,12,9,12,0.5555555555555556,1.0,0.4,0.9583333333333334,0.4,0,321,441
2504,DIFFERENT,0.190833,0.08763,0.4,2.0,11.083333333333332,0.477083,True,434,ápara,404,*anyākāra,5,20,13,57,0.38461538461538464,0.3508771929824561,0.4,0.5541666666666666,0,0,707,442
2151,COARSE,0.190476,0.077762,0.4,2.0,2.0,0.47619,False,13776,stʰūlá,9723,*maṭṭa,2,7,3,7,0.6666666666666666,1.0,1.0,0.2857142857142857,0,0.3333333333333333,802,443
3669,LOAD (SOMETHING),0.19,0.090579,0.2,1.0,9.0,0.95,False,10946,labdʰa,10966,lardayati,1,10,1,11,1.0,0.9090909090909091,1.0,0.9,0,0,693,444
2298,VIRGIN,0.19,0.086723,0.2,1.0,4.5,0.95,False,9238,*biḍḍa,3303,kumārá,1,5,1,6,1.0,0.8333333333333334,1.0,0.9,0,0,717,445
2939,FLOCK (OF ANIMALS),0.189495,0.17745,0.4666666666666666,3.0,2.333333333333333,0.406061,True,10632,rambʰa,f_dcjngpsq6a35w,*pā́la,5,11,6,12,0.8333333333333334,0.9166666666666666,0.6,0.2121212121212121,0,0,327,446
819,STOMACH,0.189236,0.244959,0.5,2.5,4.0,0.378472,True,5589,*ḍʰiḍḍʰa,8376,*pēṭṭa,8,9,11,10,0.7272727272727273,0.9,0.3125,0.4444444444444444,0,0,188,447
1485,BELOW OR UNDER,0.188761,0.183145,0.5666666666666667,2.833333333333333,14.166666666666668,0.333108,True,9280,bundʰa,7540,nīcá,10,37,18,68,0.5555555555555556,0.5441176470588235,0.2833333333333333,0.3828828828828829,0,0,309,448
1440,SPIT,0.188571,0.124232,0.4,4.0,2.0,0.471429,True,6097,*tʰukk,12575,śū́la,5,7,7,18,0.7142857142857143,0.3888888888888889,0.8,0.2857142857142857,0,0.14285714285714285,495,449
1725,CORRECT (RIGHT),0.188462,0.035813,0.2,1.0,11.5,0.942308,False,8330,pūra,5503,*ṭʰīkka,1,13,6,15,0.16666666666666666,0.8666666666666667,1.0,0.8846153846153846,0,0,1370,450
478,LIP,0.187564,0.188028,0.7,4.0,3.5,0.267949,True,12516,śuṇḍā,245a,*adʰaōṣṭʰa,15,13,18,22,0.8333333333333334,0.5909090909090909,0.26666666666666666,0.2692307692307692,0,0,294,451
1345,EWE,0.1875,0.158114,0.4,3.5,2.0,0.46875,False,2512,ēḍa,3983,*gaḍḍa,8,4,9,5,0.8888888888888888,0.8,0.4375,0.5,0,0,367,452
162,HICCOUGH,0.1875,0.035355,0.3,3.0,1.5,0.625,False,14074,hikkati,14075,hikkā,4,2,10,10,0.4,0.2,0.75,0.75,0.25,0,1385,453
1486,PLANT (SOMETHING),0.1875,0.056533,0.2,1.0,7.0,0.9375,False,11525,vāpayati,10783,*rupati,1,8,2,11,0.5,0.7272727272727273,1.0,0.875,0,0,1060,454
873,TAX,0.1875,0.034233,0.2,1.0,7.0,0.9375,False,5426,ṭaŋka,2780,kara,1,8,6,10,0.16666666666666666,0.8,1.0,0.875,0,0,1410,455
3404,TILE,0.1875,0.0625,0.2,1.0,7.0,0.9375,False,9493,bʰitta,3831,kʰarpara,1,8,2,9,0.5,0.8888888888888888,1.0,0.875,0,0,978,456
588,BROKEN,0.186742,0.12563,0.6,3.0,8.166666666666668,0.311237,True,13858,*spʰōṭyatē,6065,trúṭyati,8,33,17,61,0.47058823529411764,0.5409836065573771,0.375,0.24747474747474751,0,0,491,457
705,GO UP (ASCEND),0.186667,0.180021,0.4,2.0,5.333333333333333,0.466667,True,3857,*kʰasati,4578,*caḍʰati,5,10,7,12,0.7142857142857143,0.8333333333333334,0.4,0.5333333333333333,0,0,317,458
125,SWEAT (SUBSTANCE),0.186466,0.151014,0.6,3.0,3.6666666666666665,0.310777,True,5685,tapyatí,8897,prasvinna,7,19,12,23,0.5833333333333334,0.8260869565217391,0.42857142857142855,0.19298245614035087,0,0,391,459
1218,ROPE,0.186178,0.141207,0.8,4.0,8.157575757575758,0.232722,True,6283,dā́man,10648,raśmí,14,37,21,67,0.6666666666666666,0.5522388059701493,0.2857142857142857,0.2204750204750205,0,0.04074529074529074,428,460
2395,CONGEAL (BLOOD),0.186111,0.041616,0.2,1.0,7.75,0.930556,False,9134,badʰyátē,10428,yamyátē,1,9,5,9,0.2,1.0,1.0,0.8611111111111112,0,0,1273,461
1092,HOPE,0.185,0.034473,0.2,1.0,8.5,0.925,False,13299,sahakāra,1456,āśás,1,10,6,12,0.16666666666666666,0.8333333333333334,1.0,0.85,0,0,1405,462
999,JOINT,0.184936,0.168687,0.5,2.5,4.2,0.369872,True,9136,bandʰá,4354,grantʰí,6,13,9,15,0.6666666666666666,0.8666666666666667,0.4166666666666667,0.3230769230769231,0,0,343,463
74,PUPPY,0.184722,0.154078,0.4666666666666666,2.333333333333333,3.0,0.395833,True,3329,kurkurá,8214,*pilla,8,5,11,6,0.7272727272727273,0.8333333333333334,0.29166666666666663,0.6,0,0.1,384,464
1888,PAIR,0.184524,0.123016,0.4,2.0,4.333333333333333,0.46131,False,10489,yugala,10496,*yuṭati,4,7,7,9,0.5714285714285714,0.7777777777777778,0.5,0.619047619047619,0.125,0.07142857142857142,501,465
2363,CHAFF (HUSK),0.183333,0.07979,0.4,2.0,6.083333333333333,0.458333,False,5892,túṣa,9293,busa,3,11,7,14,0.42857142857142855,0.7857142857142857,0.6666666666666666,0.553030303030303,0,0.303030303030303,790,466
1307,LANGUAGE,0.183333,0.107864,0.6,3.0,3.0,0.305556,True,5228,jihvā́,9479,bʰāṣā,9,6,12,13,0.75,0.46153846153846156,0.3333333333333333,0.5,0.2222222222222222,0,593,467
3944,LOWER LIP,0.183333,0.091667,0.2,1.0,5.0,0.916667,False,2563,ṓṣṭʰa,247a,*adʰamauṣṭʰa,1,6,1,6,1.0,1.0,1.0,0.8333333333333334,0,0,684,468
158,PUT ON,0.183333,0.293568,0.6,3.0,4.833333333333333,0.305556,True,9139,bandʰati,7835,páridadʰāti,12,12,13,12,0.9230769230769231,1.0,0.25,0.40277777777777773,0.041666666666666664,0,129,469
263,HERDSMAN,0.182143,0.113586,0.3,2.0,1.5,0.607143,False,7987,paśupāla,10548,rakṣapāla,2,7,2,8,1.0,0.875,1.0,0.21428571428571427,0,0,559,470
924,VEGETABLES,0.182143,0.229526,0.4,5.0,2.0,0.455357,True,12370,śāka,9401,bʰarjita,8,7,9,12,0.8888888888888888,0.5833333333333334,0.625,0.2857142857142857,0,0,220,471
1329,TOMORROW,0.18192,0.134553,0.4,2.0,22.25,0.454799,True,10763,rucitá,3104,kālya,7,32,19,66,0.3684210526315789,0.48484848484848486,0.2857142857142857,0.6953125,0.07142857142857142,0,455,472
1547,SOUP,0.180952,0.130301,0.4,2.0,2.833333333333333,0.452381,False,3637,kvatʰita,10650,rása,4,7,6,9,0.6666666666666666,0.7777777777777778,0.5,0.4047619047619047,0,0,470,473
11,DARKNESS,0.180926,0.391716,0.4,2.0,15.833333333333332,0.452315,True,1187,āndʰya,386,andʰakāra,10,18,12,20,0.8333333333333334,0.9,0.2,0.8796296296296295,0.175,0,50,474
1081,BILL,0.18,0.041079,0.2,1.0,4.0,0.9,False,9299,*būsta,6260,dā́tra,1,5,4,6,0.25,0.8333333333333334,1.0,0.8,0,0,1277,475
758,HERON,0.18,0.09,0.2,1.0,4.0,0.9,False,9744,*maṇḍādaka,2595,kaŋká,1,5,1,5,1.0,1.0,1.0,0.8,0,0,698,476
2026,RICE PLANT,0.18,0.06364,0.2,1.0,4.0,0.9,False,12415,śāli,6778,dʰānyà,1,5,1,10,1.0,0.5,1.0,0.8,0,0,966,477
345,SAP,0.18,0.173591,0.4,3.0,2.0,0.45,True,3696,kṣīrá,10650,rása,5,5,7,6,0.7142857142857143,0.8333333333333334,0.6,0.4,0.1,0,336,478
1474,SEA,0.18,0.021096,0.2,1.0,4.0,0.9,False,13254,sáras,13325,sāgara,1,5,7,13,0.14285714285714285,0.38461538461538464,1.0,0.8,0,0,1610,479
2375,VERTICAL,0.18,0.041079,0.2,1.0,4.0,0.9,False,1907,*ut-stʰita,13676,stabdʰa,1,5,3,8,0.3333333333333333,0.625,1.0,0.8,0,0,1279,480
1657,TRUE,0.179812,0.185919,0.5,2.5,6.916666666666666,0.359623,True,13334,sā́dʰana,13112,satyá,7,12,11,14,0.6363636363636364,0.8571428571428571,0.35714285714285715,0.5763888888888888,0.21428571428571427,0,301,481
2409,BROWN,0.179253,0.136729,0.41666666666666663,3.0,2.083333333333333,0.430208,True,4345,gaurá,9690,*bʰrūra,5,8,9,11,0.5555555555555556,0.7272727272727273,0.6,0.26041666666666663,0,0,447,482
1443,WALK,0.179012,0.104127,0.6666666666666666,3.333333333333333,3.6666666666666665,0.268519,True,5836,tíllati,4721,*calyati,10,18,19,63,0.5263157894736842,0.2857142857142857,0.3333333333333333,0.2037037037037037,0,0,607,483
539,NEST,0.177778,0.104595,0.4,2.0,3.5,0.444444,False,10042,mā́na,11591,vāsá,4,9,8,13,0.5,0.6923076923076923,0.5,0.3888888888888889,0,0,605,484
2124,SMELL,0.177778,0.10264,0.5,3.0,2.5,0.355556,True,4014,gandʰá,4131,*gāndʰa,5,9,9,15,0.5555555555555556,0.6,0.6,0.2777777777777778,0,0.16666666666666666,613,485
1595,SOUTH,0.177778,0.039752,0.2,1.0,7.0,0.888889,False,3364,kuśa,6119,dákṣiṇa,1,9,5,9,0.2,1.0,1.0,0.7777777777777778,0,0,1308,486
2493,BOIL,0.177352,0.231018,0.6472222222222223,4.333333333333333,3.236111111111111,0.27402,True,7654-2,*pacyatēaya-,3760,*kʰa-ul,11,21,13,25,0.8461538461538461,0.84,0.3939393939393939,0.1541005291005291,0,0,216,487
411,GOURD,0.175962,0.092297,0.3,1.5,5.5,0.586538,False,5977,*tōrī,711,alā́bu,2,13,3,14,0.6666666666666666,0.9285714285714286,0.75,0.4230769230769231,0,0,678,488
1254,HANDLE,0.175714,0.169116,0.6,3.0,4.2,0.292857,True,6128,daṇḍá,12045,vīṭā,7,14,9,16,0.7777777777777778,0.875,0.42857142857142855,0.3,0,0.14285714285714285,342,489
976,WEAR,0.175648,0.128848,0.4666666666666666,2.333333333333333,5.833333333333333,0.376389,True,1260,āmuñcati,7835,páridadʰāti,5,12,8,16,0.625,0.75,0.4666666666666666,0.4861111111111111,0.2,0,477,490
1925,ARTERY,0.175,0.061872,0.2,1.0,3.0,0.875,False,14113,hirā́,13421,sirā́,1,4,2,4,0.5,1.0,1.0,0.75,0,0,984,491
904,BERRY,0.175,0.0875,0.2,1.0,3.0,0.875,False,3331,kulaka,9125,bádara,1,4,1,4,1.0,1.0,1.0,0.75,0,0,708,492
2348,CRAB,0.175,0.054265,0.2,1.0,7.5,0.875,False,4696,*carpa,2816,karkaṭa,1,10,2,13,0.5,0.7692307692307693,1.0,0.75,0,0,1093,493
376,FRAGRANT,0.175,0.061872,0.2,1.0,3.0,0.875,False,4014,gandʰá,13454,sugandʰa,1,4,2,4,0.5,1.0,1.0,0.75,0,0,985,494
3389,MEASLES,0.175,0.035722,0.2,1.0,1.5,0.875,False,6143,dadrula,3854,kʰasa,1,2,4,3,0.25,0.6666666666666666,1.0,0.75,0,0,1373,495
1740,PINE,0.175,0.156525,0.4,2.0,2.5,0.4375,False,30,*akṣadāruka,13253,sárala,8,4,8,5,1.0,0.8,0.25,0.625,0,0,374,496
2717,STEEP,0.175,0.033072,0.2,1.0,4.5,0.875,False,1804,*uttʰala,7214,nípatati,1,6,7,6,0.14285714285714285,1.0,1.0,0.75,0,0,1431,497
126,SWEAT (PERSPIRE),0.175,0.039131,0.2,1.0,1.5,0.875,False,8826,prásarpati,8896,*prasvidyati,1,2,2,5,0.5,0.4,1.0,0.75,0,0,1313,498
3538,TAKE OFF,0.175,0.050518,0.2,1.5,1.0,0.875,False,7324,*nirjahāti,2363,*ullagyati,2,1,3,2,0.6666666666666666,0.5,0.75,1.0,0,0,1145,499
2891,TIE UP (TETHER),0.175,0.058992,0.2,1.0,7.5,0.875,False,11420,valgā,8478,pragrahá,1,10,2,11,0.5,0.9090909090909091,1.0,0.75,0,0,1021,500
462,WRAPPER,0.175,0.0875,0.2,1.0,1.5,0.875,False,11410,*valayitra,12131,vēṣṭana,1,2,1,2,1.0,1.0,1.0,0.75,0,0,711,501
1672,WRITE,0.175,0.082496,0.4,2.0,2.5,0.4375,False,7220,*nipēśayati,11048,likʰáti,4,4,9,8,0.4444444444444444,0.5,0.5,0.625,0.25,0,761,502
641,MUSHROOM,0.173864,0.067433,0.3,1.5,4.5,0.579545,False,12468,śilīndʰra,4975,cʰattrāka,2,11,5,13,0.4,0.8461538461538461,0.75,0.4090909090909091,0,0,922,503
1927,BAMBOO,0.17381,0.035269,0.2,1.0,10.333333333333332,0.869048,False,9136,bandʰá,11175,vaṁśá,1,14,5,17,0.2,0.8235294117647058,1.0,0.738095238095238,0,0,1392,504
21,TASTE (SOMETHING),0.173333,0.035382,0.2,1.0,7.583333333333333,0.866667,False,13923,svāda,4557,*cakṣati,1,10,5,12,0.2,0.8333333333333334,1.0,0.7583333333333333,0,0.025,1380,505
2148,PICK,0.173056,0.15833,0.4,2.0,5.583333333333333,0.432639,True,1809,*utpaṭati,6079,trōṭáyati,5,12,8,14,0.625,0.8571428571428571,0.4,0.46527777777777773,0,0,366,506
1629,EVENING,0.172703,0.118691,0.3,1.5,31.5,0.575676,True,5692,támisrā,12918,saṁdʰyā́,5,37,16,68,0.3125,0.5441176470588235,0.3,0.8513513513513513,0,0,525,507
956,FLEE,0.172294,0.259441,0.4,2.0,6.333333333333332,0.430736,True,5534,ḍáyatē,9361,bʰajyátē,7,11,8,13,0.875,0.8461538461538461,0.2857142857142857,0.5757575757575757,0,0,173,508
3075,SLANTED,0.172222,0.086111,0.2,1.0,6.5,0.861111,False,5474,ṭēraka,5822,tiraścá,1,9,1,9,1.0,1.0,1.0,0.7222222222222222,0,0,728,509
1115,SPEECH,0.171515,0.38008,0.4,9.2,2.0,0.428788,True,11564,vārtta,11199,vacaná,12,11,12,14,1.0,0.7857142857142857,0.7666666666666666,0.18181818181818182,0,0.09090909090909091,58,510
813,DO,0.170278,0.246805,0.5666666666666667,2.833333333333333,10.5,0.30049,True,13756,stʰāpáyati,2814,karṓti,10,17,12,21,0.8333333333333334,0.8095238095238095,0.2833333333333333,0.6176470588235294,0.3,0,185,511
1931,BEESWAX,0.17,0.037275,0.2,1.0,8.5,0.85,False,13390,siktʰa,9778,madana,1,10,4,13,0.25,0.7692307692307693,1.0,0.85,0,0.15,1347,512
3947,HONEYCOMB,0.168889,0.081763,0.26666666666666666,2.0,1.3333333333333333,0.633333,False,9989,mākṣiká,3539,kṓśa,2,5,4,6,0.5,0.8333333333333334,1.0,0.26666666666666666,0,0,768,513
27,AIR,0.16875,0.034446,0.2,1.0,5.5,0.84375,False,4131,*gāndʰa,11497,vātara,1,8,6,8,0.16666666666666666,1.0,1.0,0.6875,0,0,1406,514
818,WILLOW,0.16875,0.071955,0.2,5.5,1.0,0.84375,False,12097,vēta,12101,vētrá,8,1,11,1,0.7272727272727273,1.0,0.6875,1.0,0,0,857,515
3413,IN THIS WAY,0.168182,0.036006,0.2,1.0,7.499999999999999,0.840909,False,1611,īdŕ̩śa,2530,ēṣá,1,11,5,12,0.2,0.9166666666666666,1.0,0.6818181818181818,0,0,1369,516
2604,NOOSE,0.168182,0.059461,0.2,1.0,9.0,0.840909,False,8133,pā́śa,13813,spāśa,1,11,2,11,0.5,1.0,1.0,0.8181818181818182,0,0.13636363636363635,1015,517
381,BLAME,0.168056,0.027505,0.2,1.0,4.083333333333333,0.840278,False,14123,hīḍati,6587,dōṣa,1,6,7,8,0.14285714285714285,0.75,1.0,0.6805555555555555,0,0,1517,518
847,THIRSTY,0.168056,0.117901,0.4666666666666666,2.333333333333333,3.0,0.360119,True,5944,tr̩ṣyā́vant,8200,pipāsitá,8,7,16,16,0.5,0.4375,0.29166666666666663,0.42857142857142855,0,0,531,519
1990,BECOME,0.167951,0.343361,0.35,11.583333333333332,1.75,0.479861,True,9416,bʰávati,13773,stʰīyátē,15,8,15,10,1.0,0.8,0.7722222222222221,0.21875,0,0.03125,87,520
123,FOREHEAD,0.167782,0.23715,0.5666666666666667,2.833333333333333,10.583333333333334,0.296086,True,5803,tā́lu,2744,kapā́la,9,22,10,25,0.9,0.88,0.31481481481481477,0.4810606060606061,0.2037037037037037,0,199,521
549,COPULATE,0.1675,0.056464,0.2,1.0,6.75,0.8375,False,10418,yábʰati,4929,*cōddati,1,10,2,11,0.5,0.9090909090909091,1.0,0.675,0,0,1061,522
1786,DRY UP,0.1675,0.191132,0.4,2.0,3.5,0.41875,True,12559,śúṣyati,12552,*śuṣkati,5,8,6,8,0.8333333333333334,1.0,0.4,0.4375,0,0,276,523
82,ANGER,0.167222,0.391055,0.4,10.333333333333332,2.0,0.418056,True,10856,rōṣa,10674,rāga,12,14,12,16,1.0,0.875,0.861111111111111,0.14285714285714285,0,0.16785714285714287,51,524
1418,DIG,0.166927,0.231075,0.5,2.5,5.683333333333334,0.333854,True,3489,*kōcc,3934,*kʰōdd,8,16,9,19,0.8888888888888888,0.8421052631578947,0.3125,0.35520833333333335,0,0,215,525
3452,MUCH,0.166781,0.194485,0.7166666666666666,4.5,3.583333333333333,0.232718,True,9193,bahura,9190,bahutva,11,16,14,18,0.7857142857142857,0.8888888888888888,0.4090909090909091,0.22395833333333331,0.13636363636363635,0.03125,269,526
425,BE LATE,0.166667,0.032275,0.2,1.0,2.0,0.833333,False,4824,cirá,11891,vilambatē,1,3,4,5,0.25,0.6,1.0,0.6666666666666666,0,0,1437,527
1407,BREATHE,0.166667,0.024056,0.2,1.0,2.0,0.833333,False,9102,*pʰūtka,7462,niśvāsa,1,3,6,6,0.16666666666666666,0.5,1.0,0.6666666666666666,0,0,1572,528
3396,BUILDING,0.166667,0.029463,0.2,1.0,2.0,0.833333,False,4753,cāyayati,1880,*utsāra,1,3,4,6,0.25,0.5,1.0,0.6666666666666666,0,0,1480,529
3168,DOWRY,0.166667,0.048113,0.2,1.0,5.333333333333333,0.833333,False,6279,dāpya,6290,dā́yādya,1,8,3,8,0.3333333333333333,1.0,1.0,0.6666666666666666,0,0,1187,530
2030,DRAG,0.166667,0.109109,0.4,2.0,2.0,0.416667,False,6613,*drakk,726a,*avakaḍḍʰati,4,6,7,8,0.5714285714285714,0.75,0.5,0.3333333333333333,0,0,587,531
418,FOR A LONG TIME,0.166667,0.058926,0.2,1.0,2.0,0.833333,False,6368,dīrgʰá,4824,cirá,1,3,2,3,0.5,1.0,1.0,0.6666666666666666,0,0,1022,532
2927,FROM HERE,0.166667,0.041667,0.2,1.0,2.0,0.833333,False,5881a,*turīyavāsa,7799t,parā́ri,1,3,3,4,0.3333333333333333,0.75,1.0,0.6666666666666666,0,0,1271,533
2588,GLOBE,0.166667,0.083333,0.2,1.0,2.0,0.833333,False,8168,píṇḍa,4321,gōla,1,3,1,3,1.0,1.0,1.0,0.6666666666666666,0,0,754,534
2041,HEMP,0.166667,0.077579,0.4,2.0,4.0,0.416667,False,9354,bʰaŋgá,12272,śaṇá,2,13,2,15,1.0,0.8666666666666667,1.0,0.3076923076923077,0,0.47435897435897434,805,535
602,HIDE (CONCEAL),0.166667,0.083333,0.2,1.0,2.0,0.833333,False,3779,kʰaṭṭáyati,2829,kárjati,1,3,1,3,1.0,1.0,1.0,0.6666666666666666,0,0,755,536
1918,MANE,0.166667,0.041667,0.2,4.0,1.0,0.833333,False,4768,*cāla,11572,vā́la,6,1,8,3,0.75,0.3333333333333333,0.6666666666666666,1.0,0,0,1272,537
2244,METAL,0.166667,0.030429,0.2,1.0,1.3333333333333333,0.833333,False,3264,kuṇḍá,14050,*hāṇḍa,1,2,3,5,0.3333333333333333,0.4,1.0,0.6666666666666666,0,0,1466,538
333,PLAIT,0.166667,0.13484,0.4,2.0,3.0,0.416667,False,4883,cū́ḍa,11773,*vināti,4,9,5,11,0.8,0.8181818181818182,0.5,0.3333333333333333,0,0,452,539
1875,REGRET,0.166667,0.032275,0.2,1.0,2.0,0.833333,False,6494,dūyatē,8010,*paścōttāpa,1,3,4,5,0.25,0.6,1.0,0.6666666666666666,0,0,1438,540
3050,SEEDLING,0.166667,0.045644,0.2,2.0,1.0,0.833333,False,9252,*bījadʰāna,7969,pallava,3,1,5,2,0.6,0.5,0.6666666666666666,1.0,0,0,1224,541
2283,SEMEN,0.166667,0.072169,0.2,1.0,2.0,0.833333,False,9250,bī́ja,9240,bindú,1,3,1,4,1.0,0.75,1.0,0.6666666666666666,0,0,854,542
1983,SNORE,0.166667,0.028868,0.2,1.0,2.0,0.833333,False,2814,karṓti,4487,gʰúrati,1,3,5,5,0.2,0.6,1.0,0.6666666666666666,0,0,1497,543
236,STEPMOTHER,0.166667,0.015528,0.2,1.0,3.333333333333333,0.833333,False,9935,mahallaka,10024,*mātrēya,1,5,16,9,0.0625,0.5555555555555556,1.0,0.6666666666666666,0,0,1669,544
2838,TAME,0.166667,0.045644,0.2,1.0,2.0,0.833333,False,13597,sēvita,8408,pṓṣa,1,3,2,5,0.5,0.6,1.0,0.6666666666666666,0,0,1226,545
2766,WATERMELON,0.166667,0.029463,0.2,1.0,2.0,0.833333,False,2823,karkāru,3100,kālinda,1,3,6,4,0.16666666666666666,0.75,1.0,0.6666666666666666,0,0,1482,546
1374,RING,0.166014,0.078009,0.7,3.5,9.394444444444444,0.237162,True,138,aŋguṣṭʰya,10203,mudrā́,7,37,17,69,0.4117647058823529,0.5362318840579711,0.5,0.2539039039039039,0,0.2795795795795796,799,547
277,SPINDLE,0.165714,0.117921,0.6,3.0,3.5,0.27619,True,5717,tarkú,5717-5,*tarkull-,5,14,6,16,0.8333333333333334,0.875,0.6,0.25,0,0.29761904761904756,530,548
1227,BOARD,0.165,0.15591,0.4,2.0,5.0,0.4125,True,9493,bʰitta,7699,paṭṭa,5,8,7,10,0.7142857142857143,0.8,0.4,0.625,0.2,0,376,549
1389,TOE,0.165,0.085635,0.6,3.0,5.333333333333333,0.275,False,135,aŋgúli,138,aŋguṣṭʰya,4,20,6,22,0.6666666666666666,0.9090909090909091,0.75,0.26666666666666666,0,0.4666666666666666,734,550
1431,FREEZE,0.164583,0.138789,0.3,1.5,4.333333333333334,0.548611,False,9134,badʰyátē,10428,yamyátē,4,6,10,6,0.4,1.0,0.375,0.7222222222222223,0,0,439,551
923,LOVE,0.164394,0.083635,0.4,2.0,4.0,0.410985,False,4815,cintáyati,10060,māyā́,4,11,10,17,0.4,0.6470588235294118,0.5,0.36363636363636365,0.041666666666666664,0,750,552
383,MASTER,0.164103,0.083863,0.4,2.0,2.0,0.410256,False,6180,dámūnas,6722,dʰanín,3,13,6,14,0.5,0.9285714285714286,0.6666666666666666,0.15384615384615385,0,0,749,553
1318,CHICKEN,0.163889,0.135713,0.4666666666666666,2.333333333333333,12.5,0.35119,True,4571,caṭaka,f_3smlfjflb2ukg,murɣ,8,28,16,60,0.5,0.4666666666666667,0.29166666666666663,0.44642857142857145,0,0.03571428571428571,449,554
893,TIN (METAL),0.163889,0.050181,0.2,1.0,3.833333333333333,0.819444,False,5528,*ḍabba,10562,raŋga,1,6,2,8,0.5,0.75,1.0,0.6388888888888888,0,0,1152,555
1286,HOT,0.16366,0.10899,1,7.999999999999999,8.533333333333333,0.16366,True,5679,taptá,2389,uṣṇá,16,39,21,67,0.7619047619047619,0.582089552238806,0.49999999999999994,0.2188034188034188,0.041666666666666664,0.3498168498168498,590,556
2350,EARTHWORM,0.163636,0.043452,0.2,1.0,7.0,0.818182,False,9564,*bʰūmisēcana,3459,*kēñcuka,1,11,3,13,0.3333333333333333,0.8461538461538461,1.0,0.6363636363636364,0,0,1253,557
3590,EIGHTY NINE,0.163636,0.081818,0.2,1.0,7.499999999999999,0.818182,False,2497,ēkōnanavati,2409,ūnanavati,1,11,1,11,1.0,1.0,1.0,0.6818181818181818,0,0.045454545454545456,766,558
3066,SCARF OR TURBAN,0.163519,0.144531,0.4,2.0,11.116666666666667,0.408796,True,10918,*laṭṭa,7644,*paggā,5,18,9,20,0.5555555555555556,0.9,0.4,0.6175925925925926,0.2,0,415,559
3078,IRRIGATE,0.163333,0.031789,0.2,1.0,6.333333333333333,0.816667,False,13266,sárga,13394,siñcáti,1,10,6,11,0.16666666666666666,0.9090909090909091,1.0,0.6333333333333333,0,0,1446,560
679,BRIGHT,0.163167,0.164354,0.4,2.0,4.158333333333333,0.407917,True,8711,*prabʰāla,1670,ujjvala,5,10,7,11,0.7142857142857143,0.9090909090909091,0.4,0.41583333333333333,0,0,355,561
2215,BECOME ANGRY,0.1625,0.029668,0.2,1.0,6.0,0.8125,False,10791,ruṣṭa,10794,rúṣyati,1,8,6,10,0.16666666666666666,0.8,1.0,0.75,0,0.125,1477,562
2177,MATERNAL GRANDMOTHER,0.1625,0.037158,0.3,3.0,1.5,0.541667,False,10058,*māmikā,997,*āī,6,2,17,6,0.35294117647058826,0.3333333333333333,0.5,0.75,0.16666666666666666,0,1350,563
2900,PROTECT,0.1625,0.03071,0.2,2.5,1.0,0.8125,False,10547,rákṣati,7419,nivārayati,4,1,7,4,0.5714285714285714,0.25,0.625,1.0,0,0,1457,564
958,WILD ANIMAL,0.1625,0.036336,0.2,1.0,2.5,0.8125,False,10274,*mr̩gākāra,12765,*śvāpadya,1,4,5,4,0.2,1.0,1.0,0.625,0,0,1363,565
77,YOUNG WOMAN,0.1625,0.06634,0.2,1.0,2.5,0.8125,False,13736,*straika,5712,táruṇa,1,4,1,6,1.0,0.6666666666666666,1.0,0.625,0,0,939,566
430,TWIST,0.162338,0.221249,0.41666666666666663,4.5,2.083333333333333,0.38961,True,12132,vēṣṭáyati,11356,vartáyati,7,11,9,13,0.7777777777777778,0.8461538461538461,0.6428571428571429,0.18939393939393936,0,0.053030303030303025,227,567
784,SNOW,0.162281,0.119567,0.4,12.25,2.0,0.405702,False,14096,himá,8959,prālēya,19,4,20,7,0.95,0.5714285714285714,0.6447368421052632,0.5,0,0.3333333333333333,521,568
898,TRADE,0.161795,0.029464,0.2,1.0,8.033333333333333,0.808974,False,12070,vr̩tti,11233,vaṇijyā́,1,13,7,14,0.14285714285714285,0.9285714285714286,1.0,0.617948717948718,0,0,1479,569
2544,SHEPHERD,0.161458,0.107473,0.5,2.5,3.0,0.322917,True,7987,paśupāla,10548,rakṣapāla,8,9,13,32,0.6153846153846154,0.28125,0.3125,0.3333333333333333,0,0,594,570
245,BROOM,0.161373,0.07689,0.4,2.0,13.833333333333332,0.403431,True,10081,mārjana,9188,bahukāra,5,34,18,65,0.2777777777777778,0.5230769230769231,0.4,0.40686274509803916,0,0,812,571
1502,GOAT,0.161244,0.199043,0.55,2.75,18.25,0.293171,True,145,ajá,9153,bárkara,18,40,22,71,0.8181818181818182,0.5633802816901409,0.1527777777777778,0.45625,0.018518518518518517,0.004166666666666667,260,572
1381,SHOE,0.161146,0.026056,0.2,1.0,9.783333333333333,0.805729,False,2167,upaccʰada,10479,yuktá,1,16,9,17,0.1111111111111111,0.9411764705882353,1.0,0.6114583333333333,0,0,1537,573
3302,QUARREL (VERB),0.161111,0.028481,0.2,1.0,1.833333333333333,0.805556,False,10133,miláti,5321,*jʰagaḍ,1,3,4,6,0.25,0.5,1.0,0.611111111111111,0,0,1502,574
343,VINE,0.161111,0.069763,0.26666666666666666,1.3333333333333333,2.0,0.604167,False,10928,latā,6628,drā́kṣā,4,2,6,4,0.6666666666666666,0.5,0.3333333333333333,1.0,0.125,0,898,575
763,SKIN,0.160731,0.16632,0.6,3.0,12.200000000000003,0.267885,True,4124,gā́tra,3848,kʰalla,13,40,19,71,0.6842105263157895,0.5633802816901409,0.23076923076923078,0.30500000000000005,0,0,348,576
356,SHEARS,0.160256,0.034531,0.2,1.0,7.833333333333333,0.801282,False,2866,*kartyā,2858,kartari,1,13,5,14,0.2,0.9285714285714286,1.0,0.6025641025641025,0,0,1403,577
499,CURE,0.16,0.021381,0.2,1.0,3.0,0.8,False,10860,rṓha,4918,cōkṣa,1,5,7,10,0.14285714285714285,0.5,1.0,0.6,0,0,1607,578
504,LEARN,0.16,0.03266,0.2,3.0,1.0,0.8,False,12430,śíkṣatē,5281,jñāna,5,1,6,5,0.8333333333333334,0.2,0.6,1.0,0,0,1434,579
1608,LISTEN,0.16,0.024689,0.4,2.0,2.5,0.4,False,12598,śr̩ṇṓti,12962,*saṁbʰalati,2,10,6,35,0.3333333333333333,0.2857142857142857,1.0,0.25,0,0.45,1563,580
3153,LORD,0.16,0.036515,0.2,1.0,3.0,0.8,False,6180,dámūnas,5488,ṭʰakkura,1,5,3,8,0.3333333333333333,0.625,1.0,0.6,0,0,1359,581
2015,MAKE DRY,0.16,0.067612,0.2,1.0,3.0,0.8,False,12548,śúṣka,12645,śōṣáyati,1,5,1,7,1.0,0.7142857142857143,1.0,0.6,0,0,920,582
938,MARE,0.16,0.008587,0.2,3.0,1.0,0.8,False,4516,gʰōṭa,5877,turaga,5,1,14,31,0.35714285714285715,0.03225806451612903,0.6,1.0,0,0,1722,583
1809,PIMPLE,0.16,0.036515,0.2,1.0,3.0,0.8,False,8306,púṣya,3886,*kʰila,1,5,3,8,0.3333333333333333,0.625,1.0,0.6,0,0,1361,584
3649,PUNISH,0.16,0.030237,0.2,1.0,3.0,0.8,False,11004,lāgáyati,12419,śā́sati,1,5,5,7,0.2,0.7142857142857143,1.0,0.6,0,0,1467,585
338,RAKE,0.16,0.035777,0.2,1.0,3.0,0.8,False,2970,kaṣá,6160,*dantāla,1,5,5,5,0.2,1.0,1.0,0.6,0,0,1371,586
1039,SHOW,0.16,0.117851,0.4,2.0,2.0,0.4,True,8134,*pāśayati,6507,*dr̩kṣati,5,5,9,8,0.5555555555555556,0.625,0.4,0.4,0,0,533,587
544,SPICY,0.16,0.056569,0.2,1.0,3.0,0.8,False,5938,tr̩ṣṭá,2641,kaṭú,1,5,1,10,1.0,0.5,1.0,0.6,0,0,1057,588
3837,ASTRINGENT,0.158333,0.079167,0.2,1.0,3.5,0.791667,False,4727,caṣati,2974,kaṣāya,1,6,1,6,1.0,1.0,1.0,0.5833333333333334,0,0,793,589
1712,OATH,0.158333,0.106213,0.3,1.5,5.0,0.527778,False,12292,śaptá,12290,śapátʰa,3,9,4,15,0.75,0.6,0.5,0.5555555555555556,0,0,598,590
1753,TOP,0.158333,0.094412,0.4,2.0,2.333333333333333,0.395833,False,3779,kʰaṭṭáyati,4883,cū́ḍa,4,8,9,10,0.4444444444444444,0.8,0.5,0.29166666666666663,0,0,667,591
2921,THEN,0.157619,0.184771,0.4,2.0,5.5,0.394048,True,5639,tátas,5753,tā́t,7,10,12,13,0.5833333333333334,0.7692307692307693,0.2857142857142857,0.55,0.047619047619047616,0,306,592
1415,THINK (REFLECT),0.1575,0.085732,0.3,1.5,1.5,0.525,False,5271,jṓṣati,9857,mányatē,2,5,3,5,0.6666666666666666,1.0,0.75,0.3,0,0,730,593
812,SLAVE,0.157153,0.148418,0.5166666666666666,4.0,2.583333333333333,0.304167,True,10984,*lavaṇḍa,9135,bandī,10,10,14,30,0.7142857142857143,0.3333333333333333,0.4,0.2583333333333333,0,0.05,398,594
620,INSECT,0.157143,0.12755,0.4,2.0,4.0,0.392857,False,3438,kŕ̩mi,8393,*pōkka,4,14,5,17,0.8,0.8235294117647058,0.5,0.2857142857142857,0,0,485,595
1741,ABOVE,0.156692,0.170108,0.4,2.0,19.666666666666664,0.39173,True,2426,ūrdʰvá,2333,*uppari,8,33,14,64,0.5714285714285714,0.515625,0.25,0.5959595959595959,0.0625,0,341,596
2885,HERD (SOMETHING),0.156667,0.163194,0.4,2.0,3.833333333333333,0.391667,True,10632,rambʰa,11331,várga,5,10,6,12,0.8333333333333334,0.8333333333333334,0.4,0.3833333333333333,0,0,359,597
632,LIZARD,0.156667,0.094075,0.4,3.5,2.0,0.391667,True,3418,kr̩kalāsá,4431,*gʰaragōlī,6,5,10,13,0.6,0.38461538461538464,0.5833333333333334,0.4,0,0.2,670,598
1561,ARMY,0.15625,0.157485,0.3,1.5,3.333333333333334,0.520833,False,9161,bála,6215,dala,4,5,5,7,0.8,0.7142857142857143,0.375,0.6666666666666667,0,0,371,599
1944,GOD,0.15625,0.045105,0.4,2.0,2.25,0.390625,False,6180,dámūnas,5488,ṭʰakkura,4,8,12,32,0.3333333333333333,0.25,0.5,0.28125,0,0,1232,600
1029,JEWEL,0.15625,0.052083,0.2,1.0,4.5,0.78125,False,10152,muktā,9731,maṇí,1,8,2,9,0.5,0.8888888888888888,1.0,0.5625,0,0,1130,601
798,JAW,0.155556,0.109545,0.4666666666666666,2.5,2.333333333333333,0.333333,True,5137,jámbʰa,13966,hánu,6,6,10,12,0.6,0.5,0.4166666666666667,0.38888888888888884,0,0.13888888888888887,585,602
1005,TWINS,0.155556,0.099494,0.4,2.0,2.5,0.388889,False,10496,*yuṭati,5091,*jaḍati,4,9,8,11,0.5,0.8181818181818182,0.5,0.2777777777777778,0,0,639,603
1679,LOAD,0.155425,0.238916,0.5352380952380952,6.45,2.676190476190476,0.290385,True,9459,bʰārá,9393,bʰára,9,13,10,14,0.9,0.9285714285714286,0.7166666666666667,0.20586080586080585,0.05,0.2917582417582417,194,604
202,STRENGTH,0.155208,0.092207,0.3,1.5,7.75,0.517361,False,12250,śákti-,9161,bála,3,12,6,17,0.5,0.7058823529411765,0.5,0.6458333333333334,0.1111111111111111,0,679,605
1684,BUD,0.155128,0.034688,0.2,1.0,7.166666666666667,0.775641,False,9297,*būṭa,2934,kali-,1,13,5,13,0.2,1.0,1.0,0.5512820512820513,0,0,1399,606
1665,BEAT,0.155093,0.142335,0.6666666666666666,3.333333333333333,3.4027777777777777,0.232639,True,6145,dádʰāti,8165,piṭṭayati,15,14,17,33,0.8823529411764706,0.42424242424242425,0.2222222222222222,0.24305555555555555,0,0,424,607
799,WRIST,0.155048,0.217739,0.5,2.5,4.0,0.310096,True,4214,*gulu,7047,nāḍī́,8,13,9,15,0.8888888888888888,0.8666666666666667,0.3125,0.3076923076923077,0,0,232,608
92,SPOIL (SOMEBODY OR SOMETHING),0.154762,0.036192,0.2,1.0,3.833333333333333,0.77381,False,5628,*tañcati,11673,vigʰaṭatē,1,7,4,8,0.25,0.875,1.0,0.5476190476190476,0,0,1364,609
1102,CLIMB,0.154375,0.191774,0.3,1.5,5.833333333333333,0.514583,True,1892,*utskadati,4578,*caḍʰati,5,8,8,9,0.625,0.8888888888888888,0.3,0.7291666666666666,0,0,274,610
1637,AUTHORITY,0.154167,0.054506,0.2,1.0,4.333333333333333,0.770833,False,4801,cítti,11430,váśa,1,8,2,8,0.5,1.0,1.0,0.5416666666666666,0,0,1088,611
502,NAIL (TOOL),0.153846,0.097719,0.4,2.0,10.0,0.384615,True,6920,nakʰará,6914,nakʰá,6,13,15,29,0.4,0.4482758620689655,0.3333333333333333,0.7692307692307693,0.3333333333333333,0,649,612
1441,FLY (MOVE THROUGH AIR),0.153213,0.165923,0.5,2.5,17.333333333333332,0.306426,True,9085,*pʰutta,9696,mákṣā,11,29,17,64,0.6470588235294118,0.453125,0.22727272727272727,0.5977011494252873,0.2121212121212121,0,350,613
231,SHAVE,0.152381,0.196764,0.4,2.0,3.333333333333333,0.380952,True,7138,*nikartati,10194,muṇḍayati,7,7,9,10,0.7777777777777778,0.7,0.2857142857142857,0.47619047619047616,0,0,265,614
1919,TORCH,0.152381,0.186628,0.4,2.0,3.0,0.380952,True,12622,*śōṭṭʰa,2362,ulkā́,6,7,7,9,0.8571428571428571,0.7777777777777778,0.3333333333333333,0.42857142857142855,0,0,299,615
1383,GRANDFATHER,0.151648,0.116743,0.6,3.0,3.0,0.252747,True,9209,*bāppa,1348,āryaka,7,13,11,19,0.6363636363636364,0.6842105263157895,0.42857142857142855,0.23076923076923078,0,0.15384615384615385,540,616
3850,AMUSEMENT,0.15,0.043301,0.2,1.0,1.0,0.75,False,4730,*cassakk,8737,*prarajyatē,1,2,3,2,0.3333333333333333,1.0,1.0,0.5,0,0,1254,617
3869,ANXIOUS,0.15,0.035355,0.2,1.0,1.0,0.75,False,12542,śumbʰáti,5634,*taḍappʰaḍ,1,2,3,3,0.3333333333333333,0.6666666666666666,1.0,0.5,0,0,1381,618
1778,APPROACH,0.15,0.025981,0.2,1.0,1.5,0.75,False,13085,sájati,5592,*ḍʰukyati,1,3,5,5,0.2,0.6,1.0,0.5,0,0,1540,619
183,BAKE,0.15,0.0375,0.2,1.0,1.0,0.75,False,7650,pácati,13581,*sēkk,1,2,2,4,0.5,0.5,1.0,0.5,0,0,1338,620
2568,BAKER,0.15,0.053033,0.2,1.0,1.0,0.75,False,2728,*kandukara,9596,bʰr̩ṣṭakāra,1,2,2,2,0.5,1.0,1.0,0.5,0,0,1110,621
2229,BECOME SOUR,0.15,0.043301,0.2,1.0,1.0,0.75,False,5930,*tr̩pu,579,amlá,1,2,2,3,0.5,0.6666666666666666,1.0,0.5,0,0,1255,622
2114,BELLY OR STOMACH,0.15,0.0375,0.2,1.0,1.0,0.75,False,5589,*ḍʰiḍḍʰa,8376,*pēṭṭa,2,1,2,4,1.0,0.25,0.5,1.0,0,0,1339,623
1746,BLADDER,0.15,0.043301,0.2,2.0,1.0,0.75,False,10239,*mūtriya,10237,mūtramārga,4,1,6,2,0.6666666666666666,0.5,0.5,1.0,0,0,1256,624
2716,BLAME (SOMEBODY),0.15,0.075,0.2,1.0,3.1666666666666665,0.75,False,6504,dūṣáyati,7211,níndati,1,5,1,5,1.0,1.0,1.0,0.6333333333333333,0,0.13333333333333333,827,625
525,BLOOD VESSEL,0.15,0.082158,0.2,1.0,3.0,0.75,False,7047,nāḍī́,13421,sirā́,2,3,5,4,0.4,0.75,0.5,1.0,0,0,764,626
3810,BOULDER,0.15,0.067082,0.2,2.0,1.0,0.75,False,4161,girí,5536,*ḍala,4,1,5,1,0.8,1.0,0.5,1.0,0,0,925,627
3821,BROOK,0.15,0.0375,0.2,1.0,1.0,0.75,False,3860,*kʰāḍa,7878,parivāha,1,2,4,2,0.25,1.0,1.0,0.5,0,0,1340,628
2867,CALCULATE,0.15,0.075,0.2,1.0,1.0,0.75,False,13864,smaramōha,4191,guṇáyati,1,2,1,2,1.0,1.0,1.0,0.5,0,0,828,629
2619,CARD,0.15,0.061237,0.2,1.0,1.0,0.75,False,1640,*uccayayati,13857,spʰōṭayati,2,1,3,1,0.6666666666666666,1.0,0.5,1.0,0,0,994,630
326,CLOAK,0.15,0.094868,0.2,2.0,1.0,0.75,False,4910,cēla,6872,dʰr̩tá,2,2,5,2,0.4,1.0,1.0,0.5,0,0,665,631
102,COMMON COLD (DISEASE),0.15,0.025,0.2,1.0,1.0,0.75,False,13370,sārdʰám,1566,itvará,1,2,6,3,0.16666666666666666,0.6666666666666666,1.0,0.5,0,0,1553,632
1643,COUSIN,0.15,0.043301,0.2,2.0,1.0,0.75,False,9668,bʰrā́tr̩vya,13078,sagōtra,4,1,6,2,0.6666666666666666,0.5,0.5,1.0,0,0,1258,633
496,CUCUMBER,0.15,0.025877,0.2,1.0,7.5,0.75,False,10928,latā,2817,karkaṭa,1,15,6,21,0.16666666666666666,0.7142857142857143,1.0,0.5,0,0,1541,634
1260,DAY (24 HOURS),0.15,0.053033,0.2,1.0,1.0,0.75,False,11591,vāsá,13123,sadyás,2,1,4,1,0.5,1.0,0.5,1.0,0,0,1112,635
1177,DIARRHEA,0.15,0.025,0.2,1.0,2.0,0.75,False,3675,kṣāra,1236,āmá,1,4,6,6,0.16666666666666666,0.6666666666666666,1.0,0.5,0,0,1554,636
1905,EAGLE,0.15,0.019365,0.2,1.0,1.0,0.75,False,4231,gŕ̩dʰya,4041,garuḍá,1,2,5,6,0.2,0.3333333333333333,1.0,0.5,0,0,1628,637
3567,FIFTY NINE,0.15,0.075,0.2,1.0,9.0,0.75,False,2500,ēkōnaṣaṣṭi,2413,ūnaṣaṣṭi,1,12,1,12,1.0,1.0,1.0,0.75,0,0.25,830,638
1632,FLOOR,0.15,0.03198,0.2,1.0,4.0,0.75,False,7036,nā́ka,9557,bʰū́mi,1,8,4,11,0.25,0.7272727272727273,1.0,0.5,0,0,1444,639
1938,FORTRESS,0.15,0.030619,0.2,1.0,1.0,0.75,False,6924,nagará,3986,*gaḍʰa,2,1,4,3,0.5,0.3333333333333333,0.5,1.0,0,0,1459,640
530,FRECKLE,0.15,0.075,0.2,1.0,3.0,0.75,False,13854,spʰōṭa,5088,jaṭula,1,6,1,6,1.0,1.0,1.0,0.5,0,0,831,641
1175,GHOST,0.15,0.030619,0.2,2.0,1.0,0.75,False,9552,bʰūtá,6268,dānavá,4,1,6,4,0.6666666666666666,0.25,0.5,1.0,0,0,1460,642
720,GOOD LUCK,0.15,0.091856,0.2,1.0,3.0,0.75,False,12520,śuddʰá,13617,saúbʰāgya,2,3,4,4,0.5,0.75,0.5,1.0,0,0,681,643
716,GROAN,0.15,0.059161,0.3,1.5,1.75,0.5,False,13668,stánati,3294,kúntʰati,2,7,5,8,0.4,0.875,0.75,0.25,0,0,1019,644
1565,HEAVEN,0.15,0.017678,0.2,1.0,1.0,0.75,False,7799g,paralōka,7798,paratara,1,2,6,6,0.16666666666666666,0.3333333333333333,1.0,0.5,0,0,1647,645
1353,HOUR,0.15,0.040089,0.2,1.0,1.0,0.75,False,4406,gʰaṭa,4421,gʰaṇṭā,2,1,7,1,0.2857142857142857,1.0,0.5,1.0,0,0,1301,646
1053,HUNTER,0.15,0.025,0.2,1.0,3.0,0.75,False,1037,ākʰēṭa,1038,ākʰēṭika,1,6,6,9,0.16666666666666666,0.6666666666666666,1.0,0.5,0,0,1555,647
2016,JEALOUSY,0.15,0.027386,0.2,1.0,1.0,0.75,False,9859,manyú,6321,dāha,1,2,3,5,0.3333333333333333,0.4,1.0,0.5,0,0,1519,648
3468,KINDNESS,0.15,0.030619,0.2,1.0,1.0,0.75,False,7263,nirati,11506,vātsalya,1,2,6,2,0.16666666666666666,1.0,1.0,0.5,0,0,1461,649
2329,LACK (NOT HAVE),0.15,0.035355,0.2,1.0,1.0,0.75,False,13753,stʰā́na,496,*apr̩ti,1,2,3,3,0.3333333333333333,0.6666666666666666,1.0,0.5,0,0,1386,650
3326,LEATHER OR HIDE,0.15,0.053033,0.2,1.0,1.0,0.75,False,8867,*prastr̩ta,4701-2,*carmaḍa-,2,1,2,2,1.0,0.5,0.5,1.0,0,0,1114,651
392,MAGIC,0.15,0.028868,0.2,1.0,4.0,0.75,False,13106,*satēra,5480,*ṭōna,1,8,6,9,0.16666666666666666,0.8888888888888888,1.0,0.5,0,0,1493,652
3073,MANAGE,0.15,0.061237,0.2,1.0,1.0,0.75,False,9477,bʰāvayati,12206,vyāpārayati,2,1,3,1,0.6666666666666666,1.0,0.5,1.0,0,0,995,653
1372,MEDICINE,0.15,0.041079,0.2,1.0,3.0,0.75,False,12140,vaidyá,2571,auṣadʰá,2,3,8,10,0.25,0.3,0.5,1.0,0,0,1278,654
1976,MERRY,0.15,0.021651,0.2,1.0,1.0,0.75,False,5743,taṣṭá,12520,śuddʰá,1,2,6,4,0.16666666666666666,0.5,1.0,0.5,0,0,1602,655
3340,MORNING STAR,0.15,0.040089,0.2,1.0,1.0,0.75,False,5798,tārā,11814,vibʰā́van,2,1,7,1,0.2857142857142857,1.0,0.5,1.0,0,0,1302,656
845,MURDER,0.15,0.033541,0.2,1.0,1.5,0.75,False,13958,hatyā,11777,vināśa,1,2,5,2,0.2,1.0,1.0,0.75,0,0.25,1415,657
3651,MUSH (FOOD),0.15,0.053033,0.2,1.0,1.0,0.75,False,13376,*sāsyaka,3880,kʰiccā,1,2,2,2,0.5,1.0,1.0,0.5,0,0,1117,658
60,OAT,0.15,0.075,0.2,1.0,1.0,0.75,False,10439,yavānī́,10441,yáviya,1,2,1,2,1.0,1.0,1.0,0.5,0,0,834,659
794,PEN,0.15,0.091856,0.2,3.0,1.0,0.75,False,11480,vāṭa,3023,kā́ṇḍa,3,2,8,2,0.375,1.0,1.0,0.5,0,0,683,660
3061,PHLEGM,0.15,0.021651,0.2,1.0,2.0,0.75,False,2822,karkaśá,3763,*kʰaŋkʰ,1,4,6,8,0.16666666666666666,0.5,1.0,0.5,0,0,1603,661
3988,PLATEAU,0.15,0.053033,0.2,1.0,1.0,0.75,False,8857,prastará,8372,*pr̩ṣṭʰadʰāra,1,2,2,2,0.5,1.0,1.0,0.5,0,0,1118,662
3768,POUND (FOOD),0.15,0.075,0.2,1.0,1.0,0.75,False,3241,kuṭṭáyati,3795,kʰáṇḍatē,2,1,2,1,1.0,1.0,0.5,1.0,0,0,835,663
2290,PUDDLE,0.15,0.047434,0.2,1.0,1.0,0.75,False,13254,sáras,14095,hindōlayati,2,1,5,1,0.4,1.0,0.5,1.0,0,0,1195,664
3268,QUESTION,0.15,0.046291,0.2,2.0,1.0,0.75,False,f_prhj2ccra7c5a,*?,8576,*pratipr̩ccʰā,2,2,7,6,0.2857142857142857,0.3333333333333333,1.0,0.5,0,0,1218,665
790,READY,0.15,0.015811,0.2,1.0,1.0,0.75,False,7654,pacyátē,2431a,ūrdʰvábāhu,1,2,9,5,0.1111111111111111,0.4,1.0,0.5,0,0,1666,666
1644,RELATIVES,0.15,0.013258,0.2,1.0,5.0,0.75,False,2574,ká,4279,gōtrá,1,10,16,20,0.0625,0.5,1.0,0.5,0,0,1690,667
385,RESPECT (SOMEBODY),0.15,0.025,0.2,1.0,3.5,0.75,False,10047,mānáyati,9857,mányatē,1,7,7,9,0.14285714285714285,0.7777777777777778,1.0,0.5,0,0,1556,668
1748,RIDGE,0.15,0.053033,0.2,1.0,1.0,0.75,False,6724,dʰánu,6128,daṇḍá,2,1,4,1,0.5,1.0,0.5,1.0,0,0,1119,669
993,RIVER BED,0.15,0.061237,0.2,1.0,1.0,0.75,False,6621,drámati,4055,gárbʰa,1,2,1,3,1.0,0.6666666666666666,1.0,0.5,0,0,996,670
668,ROCK,0.15,0.198615,0.4,5.833333333333332,2.0,0.375,True,11348,*varta,11080,luḍáti,10,6,11,7,0.9090909090909091,0.8571428571428571,0.5833333333333333,0.3333333333333333,0,0.16666666666666666,263,671
132,SAUCE,0.15,0.033541,0.2,1.0,1.5,0.75,False,5416,*jʰōla,5949,tēmana,1,3,3,5,0.3333333333333333,0.6,1.0,0.5,0,0,1416,672
2064,SCATTER (SEEDS),0.15,0.075,0.2,1.0,1.0,0.75,False,9051,pʰála,4968,*cʰaṭṭ,1,2,1,2,1.0,1.0,1.0,0.5,0,0,837,673
1384,SECOND,0.15,0.080904,0.4,2.0,3.0,0.375,False,6402,*dutīya,6676,*dviḣsara,4,8,11,10,0.36363636363636365,0.8,0.5,0.375,0,0.125,778,674
193,SHALLOW,0.15,0.024206,0.2,1.0,2.5,0.75,False,5071,*cʰōṭṭa,1899,*ut-stʰala,1,5,4,12,0.25,0.4166666666666667,1.0,0.5,0,0,1570,675
745,SHELF,0.15,0.0375,0.2,1.0,1.0,0.75,False,9493,bʰitta,5668,tandrá,1,2,4,2,0.25,1.0,1.0,0.5,0,0,1341,676
2065,STEP (VERB),0.15,0.047434,0.2,1.0,2.0,0.75,False,434,ápara,13342,sāpatná,1,4,2,5,0.5,0.8,1.0,0.5,0,0,1196,677
1059,STEPSON,0.15,0.012247,0.2,1.0,1.0,0.75,False,9661,bʰrā́tr̩,74,*agratōjāta,1,2,15,5,0.06666666666666667,0.4,1.0,0.5,0,0,1696,678
254,STICKING,0.15,0.026517,0.2,1.0,1.0,0.75,False,10379,mrákṣati,11061-2,*lipyatēṭṭ-,1,2,4,4,0.25,0.5,1.0,0.5,0,0,1530,679
1774,STINGY,0.15,0.025,0.2,1.0,1.0,0.75,False,913,aśubʰa,2963a,kavārí,2,1,6,3,0.3333333333333333,0.3333333333333333,0.5,1.0,0,0,1558,680
3634,STUBBORN,0.15,0.0375,0.2,1.0,1.5,0.75,False,187,*aḍ,5319,*jʰakk,1,3,3,4,0.3333333333333333,0.75,1.0,0.5,0,0,1342,681
1145,SWAMP,0.15,0.035355,0.2,1.0,1.0,0.75,False,5128,jamba,2869,kardáma,1,2,3,3,0.3333333333333333,0.6666666666666666,1.0,0.5,0,0,1389,682
2333,THREE DAYS BEFORE NOW,0.15,0.053033,0.2,1.0,1.0,0.75,False,7576,nūnám,1138,*ātriśvas,2,1,4,1,0.5,1.0,0.5,1.0,0,0,1120,683
2378,THUNDER (VERB),0.15,0.030619,0.2,1.0,2.5,0.75,False,10772,rutá,4046,gárjati,1,5,5,6,0.2,0.8333333333333334,1.0,0.5,0,0,1464,684
1075,TRAP (PITFALL),0.15,0.14771,0.3,1.5,6.0,0.5,False,8133,pā́śa,13813,spāśa,4,6,4,11,1.0,0.5454545454545454,0.375,1.0,0.375,0,401,685
537,TURBID,0.15,0.053033,0.2,1.0,1.0,0.75,False,8218,piṣṭá,4011,*gadda,1,2,2,2,0.5,1.0,1.0,0.5,0,0,1121,686
2663,UMBILICAL CORD,0.15,0.026517,0.2,1.0,1.0,0.75,False,7062,nā́bʰi,813,avarā,2,1,4,4,0.5,0.25,0.5,1.0,0,0,1533,687
1151,VEIL,0.15,0.033541,0.2,1.0,2.5,0.75,False,168,añcala,2547,*ōḍḍʰ,1,5,5,5,0.2,1.0,1.0,0.5,0,0,1417,688
783,VICTORY,0.15,0.061237,0.2,1.0,1.0,0.75,False,5225,jíti,5224,jitá,2,1,3,1,0.6666666666666666,1.0,0.5,1.0,0,0,999,689
1524,WINE,0.15,0.041079,0.2,1.5,1.0,0.75,False,9784,mádʰu,9780,madirā,3,1,5,2,0.6,0.5,0.5,1.0,0,0,1280,690
2447,WOODPECKER,0.15,0.067082,0.2,1.0,2.0,0.75,False,6092,*tʰar,3236,kuṭṭa,2,2,4,5,0.5,0.4,0.5,1.0,0,0,926,691
2589,WREATH,0.15,0.053033,0.2,1.0,1.0,0.75,False,10092,mā́lā,4203,*guppʰa,1,2,2,2,0.5,1.0,1.0,0.5,0,0,1122,692
732,YOUR (SINGULAR),0.15,0.006339,0.2,1.5,1.0,0.75,False,5889,tuvám,1135,ātmán,3,1,12,35,0.25,0.02857142857142857,0.5,1.0,0,0,1733,693
210,LIFE,0.14933,0.255071,0.3,1.5,12.5,0.497768,True,5247,jīvalá,5239,jīvá,7,16,11,19,0.6363636363636364,0.8421052631578947,0.21428571428571427,0.78125,0,0,177,694
3160,SLAP,0.148712,0.111693,0.4,2.0,4.199999999999999,0.37178,False,4696,*carpa,6091-4,*tʰappaḍ-,4,11,6,13,0.6666666666666666,0.8461538461538461,0.5,0.3818181818181818,0.0625,0.07575757575757575,571,695
214,STRETCH,0.148333,0.032524,0.2,1.0,4.833333333333333,0.741667,False,1099,ā́ñcʰati,5762,tānáyati,1,10,4,13,0.25,0.7692307692307693,1.0,0.4833333333333333,0,0,1435,696
655,POISON,0.148148,0.114885,0.6666666666666666,7.0,3.333333333333333,0.222222,True,11968,viṣá,4038,garala,7,18,11,21,0.6363636363636364,0.8571428571428571,1.0,0.18518518518518517,0,0.7407407407407407,553,697
1572,SURPRISED,0.147619,0.034521,0.2,1.0,3.333333333333333,0.738095,False,15,*akka,1079,*āccʰambʰa,1,7,4,8,0.25,0.875,1.0,0.47619047619047616,0,0,1404,698
3137,OAR,0.147222,0.04819,0.2,1.0,2.833333333333333,0.736111,False,13839-3,*spʰiyal-,6128,daṇḍá,1,6,2,7,0.5,0.8571428571428571,1.0,0.47222222222222215,0,0,1186,699
269,COOKED,0.146667,0.205791,0.4,4.2,2.0,0.366667,True,7654,pacyátē,2457,r̩dʰáti,7,6,8,6,0.875,1.0,0.6,0.3333333333333333,0,0.19999999999999998,251,700
2958,LAUGHTER,0.146667,0.139841,0.4,2.0,2.333333333333333,0.366667,False,14022,hasana,14023,hasita,4,10,4,11,1.0,0.9090909090909091,0.5,0.2333333333333333,0,0,432,701
1451,SMILE,0.146667,0.12552,0.4,2.0,2.0,0.366667,True,3725,*kṣumbati,12030,vihasati,6,5,8,8,0.75,0.625,0.3333333333333333,0.4,0,0,492,702
698,WISE,0.146667,0.025302,0.2,1.0,2.333333333333333,0.733333,False,3365,kúśala,13088,*sajāna,1,5,6,7,0.16666666666666666,0.7142857142857143,1.0,0.4666666666666666,0,0,1548,703
1166,MOULD,0.146212,0.049493,0.2,1.0,5.083333333333334,0.731061,False,9100,*pʰussa,13096,sañcaka,1,11,2,12,0.5,0.9166666666666666,1.0,0.46212121212121215,0,0,1164,704
1835,MARROW,0.145833,0.268294,0.5,2.5,5.833333333333332,0.291667,True,10323,mḗdas,9712,majján,11,10,13,10,0.8461538461538461,1.0,0.22727272727272727,0.5833333333333333,0.22727272727272727,0,159,705
285,THRESH,0.145833,0.195656,0.4666666666666666,2.333333333333333,2.333333333333333,0.3125,True,3708,kṣuṇṇa,5328,*jʰaṭati,7,8,7,10,1.0,0.8,0.3333333333333333,0.29166666666666663,0,0,268,706
1743,JOIN,0.145556,0.117445,0.4,2.0,3.6166666666666667,0.363889,True,3980,*gaḍḍ,10496,*yuṭati,5,9,9,12,0.5555555555555556,0.75,0.4,0.40185185185185185,0,0.07407407407407407,535,707
1169,OX,0.145556,0.189082,0.4,2.0,5.916666666666666,0.363889,True,4147,*gāva,9176,balivárda,6,15,8,15,0.75,1.0,0.3333333333333333,0.39444444444444443,0,0,288,708
3560,FORTY NINE,0.145455,0.016725,0.2,1.0,8.0,0.727273,False,2498,ēkōnapañcāśat,2410,ūnapañcāśat,1,11,16,13,0.0625,0.8461538461538461,1.0,0.7272727272727273,0,0.2727272727272727,1656,709
148,ITCH,0.145455,0.180907,0.4,2.0,4.333333333333333,0.363636,True,738,*avakṣōpa,3854,kʰasa,6,11,8,12,0.75,0.9166666666666666,0.3333333333333333,0.3939393939393939,0,0,312,710
3582,SEVENTY NINE,0.145455,0.072727,0.2,1.0,8.0,0.727273,False,2502,ēkōnāśīti,2415,ūnāśīti,1,11,1,11,1.0,1.0,1.0,0.7272727272727273,0,0.2727272727272727,850,711
3575,SIXTY NINE,0.145455,0.072727,0.2,1.0,8.0,0.727273,False,2501,ēkōnasaptati,2414,ūnasaptati,1,11,1,11,1.0,1.0,1.0,0.7272727272727273,0,0.2727272727272727,851,712
3479,TWENTY NINE,0.145455,0.015105,0.2,1.0,8.0,0.727273,False,2496,ēkōnatriṁśat,2408,ūnatriṁśat,1,11,17,15,0.058823529411764705,0.7333333333333333,1.0,0.7272727272727273,0,0.2727272727272727,1673,713
3053,TIGHT,0.145,0.080226,0.3,2.0,1.5,0.483333,False,3602,krūrá,12817,saṁkaṭá,3,5,7,7,0.42857142857142855,0.7142857142857143,0.6666666666666666,0.3,0,0,784,714
3287,BLOOM,0.14455,0.027992,0.2,1.0,4.0095238095238095,0.722751,False,13846,spʰuṇṭati,9093,pʰúllati,1,9,6,10,0.16666666666666666,0.9,1.0,0.4455026455026455,0,0,1511,715
1833,DINNER (SUPPER),0.144444,0.044227,0.2,1.0,1.3333333333333333,0.722222,False,9331,bʰaktá,13315,sāṁdʰyá,1,3,2,4,0.5,0.75,1.0,0.4444444444444444,0,0,1243,716
2486,HIDE,0.14375,0.147677,0.5,2.5,2.8928571428571423,0.2875,True,447,*apalīyatē,4701,cárman,7,10,10,13,0.7,0.7692307692307693,0.35714285714285715,0.28928571428571426,0.07142857142857142,0,402,717
2756,IDLE,0.14375,0.029343,0.2,1.0,3.5,0.71875,False,11073,*lucca,7475,niṣkarman,1,8,6,8,0.16666666666666666,1.0,1.0,0.4375,0,0,1484,718
364,SMEAR,0.14375,0.071875,0.2,1.0,3.5,0.71875,False,2972,kaṣati,10379,mrákṣati,1,8,1,8,1.0,1.0,1.0,0.4375,0,0,858,719
1623,SPEAK,0.14375,0.117371,0.6,3.0,10.5,0.239583,True,9837,mantráyatē,9321,*bōll,12,24,20,60,0.6,0.4,0.25,0.4375,0.16666666666666666,0.041666666666666664,538,720
1554,MAN,0.14308,0.129548,0.75,3.75,18.166666666666664,0.190774,True,9888,mártya,9828,manuṣyà,20,35,22,69,0.9090909090909091,0.5072463768115942,0.1875,0.519047619047619,0.32499999999999996,0,475,721
3325,PEARL,0.142857,0.109109,0.2,1.0,6.5,0.714286,False,9998,*māṇiya,10365,mauktika,2,7,3,8,0.6666666666666666,0.875,0.5,0.9285714285714286,0,0,588,722
2968,REASON,0.142857,0.02381,0.2,1.0,3.0,0.714286,False,2680,kaṇṭʰá,13706-2,*stumbʰar-,1,7,7,9,0.14285714285714285,0.7777777777777778,1.0,0.42857142857142855,0,0,1579,723
1517,WASP,0.142593,0.132165,0.4666666666666666,2.333333333333333,3.0,0.305556,True,9651,bʰramará,5065,*cʰēdacihnaka,7,9,15,11,0.4666666666666667,0.8181818181818182,0.3333333333333333,0.3333333333333333,0,0.05555555555555555,464,724
728,FIRST,0.14256,0.227236,0.3,1.5,8.833333333333334,0.475198,True,12982,saṁmukʰá,8652,*pratʰila,7,12,12,15,0.5833333333333334,0.8,0.21428571428571427,0.7361111111111112,0,0,223,725
1245,BUTTER,0.142029,0.222462,0.4,2.0,10.583333333333332,0.355072,True,13674,*stanyanīta,10378,mrakṣaṇa,8,23,12,25,0.6666666666666666,0.92,0.25,0.4601449275362318,0,0,225,726
3474,BE THIRSTY,0.141667,0.030672,0.2,1.0,4.0,0.708333,False,5936,tr̩ṣā,8199,pipāsā́,1,6,4,8,0.25,0.75,1.0,0.6666666666666666,0,0.25,1458,727
395,PILL,0.141667,0.035417,0.2,1.0,2.5,0.708333,False,3202,kīla,11213,vaṭa,1,6,4,6,0.25,1.0,1.0,0.4166666666666667,0,0,1377,728
3537,TURN OVER,0.141667,0.035417,0.2,1.0,1.25,0.708333,False,9078,*pʰirati,2368,*ullaṭati,1,3,3,4,0.3333333333333333,0.75,1.0,0.4166666666666667,0,0,1378,729
2294,WRINKLE,0.141667,0.023186,0.2,1.0,2.5,0.708333,False,1252,*āmārayati,11412,váli,1,6,7,8,0.14285714285714285,0.75,1.0,0.4166666666666667,0,0,1589,730
274,KNEAD,0.140909,0.061961,0.4,2.0,2.083333333333333,0.352273,False,9890,márdati,4205,gupʰáti,3,11,8,12,0.375,0.9166666666666666,0.6666666666666666,0.18939393939393936,0,0.1515151515151515,983,731
1512,RISE (ONESELF),0.140909,0.095396,0.2,1.0,10.0,0.704545,False,1387,ālīyatē,1900,*ut-stʰāti,2,11,4,12,0.5,0.9166666666666666,0.5,0.9090909090909091,0,0,663,732
2076,SPROUT (VERB),0.140833,0.070417,0.2,1.0,2.45,0.704167,False,7389,*nirlīyatē,110,*aŋkurayati,1,6,1,6,1.0,1.0,1.0,0.4083333333333334,0,0,892,733
1008,BULL,0.140756,0.142173,0.6,4.333333333333334,3.0,0.234594,True,4255,gṓ,9176,balivárda,17,14,18,36,0.9444444444444444,0.3888888888888889,0.25490196078431376,0.21428571428571427,0,0,425,734
1244,THICK,0.140642,0.198791,0.6,3.0,3.3333333333333335,0.234403,True,9330,*bʰakkʰa,4118,gāḍʰa,11,17,13,20,0.8461538461538461,0.85,0.2727272727272727,0.19607843137254902,0,0,262,735
1387,ARRIVE,0.140476,0.328509,0.4,2.0,7.033333333333333,0.35119,True,9001,*prēratē,8716,prábʰūta,10,14,10,16,1.0,0.875,0.2,0.5023809523809524,0,0,100,736
619,ANIMAL,0.14,0.020917,0.2,1.0,4.0,0.7,False,12729,śrṓṇi,7984,paśú,1,10,7,16,0.14285714285714285,0.625,1.0,0.4,0,0,1613,737
2755,BUSY,0.14,0.024749,0.2,1.0,2.0,0.7,False,10893,lagna,3079,kāryin,1,5,8,5,0.125,1.0,1.0,0.4,0,0,1562,738
2640,LARVA,0.14,0.040415,0.2,1.0,2.0,0.7,False,4104,gavēdʰuka,3193,kīṭá,1,5,3,5,0.3333333333333333,1.0,1.0,0.4,0,0,1297,739
1158,STEP,0.14,0.023333,0.2,1.0,2.0,0.7,False,7747,padá,12709,*śrīḍʰi,1,5,5,9,0.2,0.5555555555555556,1.0,0.4,0,0,1588,740
2976,VIOLENCE,0.14,0.07,0.2,1.0,2.0,0.7,False,12250,śákti-,13378,sāhasa,1,5,1,5,1.0,1.0,1.0,0.4,0,0,896,741
1868,VISIBLE,0.14,0.045185,0.2,2.0,1.0,0.7,False,11122,lṓkatē,12527,śúdʰyati,5,1,6,2,0.8333333333333334,0.5,0.4,1.0,0,0,1229,742
892,TIME,0.139904,0.090447,0.45,2.25,5.511111111111111,0.310897,True,11547,vāra,12115,vḗlā,5,13,12,16,0.4166666666666667,0.8125,0.45,0.4239316239316239,0.11666666666666665,0.13547008547008546,694,743
1325,FRIEND,0.139722,0.085053,0.4,2.0,4.783333333333333,0.349306,True,6294,dāraka,10124,mitrá,5,12,11,23,0.45454545454545453,0.5217391304347826,0.4,0.3986111111111111,0.1,0,738,744
14,YOKE,0.13927,0.250454,0.4685714285714286,5.5,2.342857142857143,0.297222,True,10482,yugá,10524,yōktrayati,10,12,13,13,0.7692307692307693,0.9230769230769231,0.55,0.19523809523809524,0,0.15079365079365079,182,745
3666,WANDER,0.138974,0.161723,0.4,2.0,3.8333333333333335,0.347436,True,5836,tíllati,4485,*gʰummati,5,13,5,15,1.0,0.8666666666666667,0.4,0.2948717948717949,0,0,361,746
3327,AUTUMN OR HARVEST SEASON,0.138889,0.022731,0.2,1.0,2.333333333333333,0.694444,False,11031,lāva,2856,kartana,1,6,7,8,0.14285714285714285,0.75,1.0,0.38888888888888884,0,0,1592,747
1264,CHANGE,0.138889,0.023148,0.2,1.0,2.333333333333333,0.694444,False,7715,paṇa,7968,*pallaṭṭ,1,6,6,9,0.16666666666666666,0.6666666666666666,1.0,0.38888888888888884,0,0,1590,748
1761,YOUNGER SISTER,0.138889,0.026016,0.2,1.0,16.0,0.694444,False,13913,svásr̩,9349,bʰaginī,2,18,19,54,0.10526315789473684,0.3333333333333333,0.5,0.8888888888888888,0,0,1539,749
723,PLACE (POSITION),0.138882,0.191435,0.45,2.25,7.880158730158731,0.308626,True,13753,stʰā́na,13760,stʰā́man,9,19,15,24,0.6,0.7916666666666666,0.25,0.4147451963241437,0,0.047493734335839595,275,750
1391,TOWN,0.138095,0.043059,0.2,1.0,2.6666666666666665,0.690476,False,4368,grā́ma,7705,paṭṭana,1,7,2,9,0.5,0.7777777777777778,1.0,0.38095238095238093,0,0,1261,751
1336,EAT,0.137566,0.122184,0.8333333333333333,4.166666666666666,34.53333333333333,0.165079,True,10507,yuvátē,3865,kʰā́dati,21,42,23,70,0.9130434782608695,0.6,0.19841269841269837,0.8222222222222222,0.6904761904761905,0,511,752
1789,AGE,0.1375,0.0275,0.2,1.0,3.0,0.6875,False,11392,varṣá,9271,*buḍḍʰa,1,8,5,10,0.2,0.8,1.0,0.375,0,0,1518,753
2380,BROTHER-IN-LAW (OF MAN),0.1375,0.066053,0.2,4.5,1.0,0.6875,False,5200,jāmí,10341,maitʰuná,12,1,13,1,0.9230769230769231,1.0,0.375,1.0,0,0,942,754
1975,CHECK,0.1375,0.030746,0.2,1.0,1.5,0.6875,False,5518,*ḍakk,6618,*draṭ,1,4,4,5,0.25,0.8,1.0,0.375,0,0,1456,755
1392,LOUSE,0.1375,0.136742,0.7,11.333333333333332,3.5,0.196429,True,10512,yū́kā,1728,utkuṇa,14,18,20,26,0.7,0.6923076923076923,0.8095238095238094,0.19444444444444445,0,0.6111111111111112,446,756
1261,SING,0.1375,0.017751,0.2,1.0,1.5,0.6875,False,11586,vāśáyati,4135,gā́yati,1,4,6,10,0.16666666666666666,0.4,1.0,0.375,0,0,1644,757
1054,SMALLPOX,0.1375,0.098606,0.3,2.0,1.5,0.458333,False,13854,spʰōṭa,12490,śītalā,3,6,5,7,0.6,0.8571428571428571,0.6666666666666666,0.25,0,0,643,758
2871,SWING (MOVEMENT),0.1375,0.038136,0.2,1.0,4.499999999999999,0.6875,False,11405,válati,5406,*jʰulyati,1,12,3,13,0.3333333333333333,0.9230769230769231,1.0,0.37499999999999994,0,0,1333,759
967,YEAST,0.1375,0.034375,0.2,1.0,1.5,0.6875,False,4850,cukrá,5617,takrá,1,4,4,4,0.25,1.0,1.0,0.375,0,0,1408,760
1871,CAMEL,0.137407,0.056792,0.4666666666666666,5.0,2.333333333333333,0.294444,True,2387,úṣṭra,2797,karabʰá,5,15,14,36,0.35714285714285715,0.4166666666666667,1.0,0.15555555555555553,0,0.5666666666666667,1052,761
1892,TOUCH,0.136111,0.023814,0.2,1.0,4.333333333333333,0.680556,False,10133,miláti,5055,cʰupáti,1,12,7,14,0.14285714285714285,0.8571428571428571,1.0,0.3611111111111111,0,0,1578,762
275,PEEL,0.135833,0.022514,0.2,1.0,4.375,0.679167,False,5620,tákṣati,5051,*cʰilla,1,10,7,13,0.14285714285714285,0.7692307692307693,1.0,0.4375,0,0.07916666666666666,1593,763
1123,PREGNANT,0.135625,0.339727,0.3,1.5,14.5,0.452083,True,1962,*udguru,4062,garbʰíṇī,8,15,8,17,1.0,0.8823529411764706,0.1875,0.9666666666666667,0.25,0,89,764
889,FLAME,0.135556,0.107166,0.4,2.0,4.333333333333333,0.338889,True,9480,bʰāsá,635,arcís,5,12,10,15,0.5,0.8,0.4,0.3611111111111111,0,0.08333333333333333,595,765
1849,ROW,0.135333,0.032259,0.2,1.0,4.316666666666666,0.676667,False,11612,vāhayati,7646,paŋktí,1,10,4,11,0.25,0.9090909090909091,1.0,0.43166666666666664,0,0.07833333333333334,1441,766
1041,INCREASE,0.135278,0.028005,0.2,1.0,4.733333333333333,0.676389,False,4578,*caḍʰati,11376,várdʰatē,1,12,5,14,0.2,0.8571428571428571,1.0,0.39444444444444443,0,0.041666666666666664,1510,767
1510,CHIN,0.135268,0.215613,0.3,1.5,5.5,0.450893,True,5137,jámbʰa,5853,tuṇḍa,7,8,10,12,0.7,0.6666666666666666,0.21428571428571427,0.6875,0,0,235,768
1837,VULVA,0.135227,0.270455,0.5,2.5,4.666666666666666,0.270455,True,9524,*bʰucca,4860,*cutta,10,11,10,11,1.0,1.0,0.25,0.4242424242424242,0.13333333333333333,0,155,769
1428,BURNING,0.134856,0.102329,0.5666666666666667,4.833333333333333,2.833333333333333,0.237981,True,5679,taptá,6321,dāha,8,13,8,45,1.0,0.28888888888888886,0.6041666666666666,0.21794871794871792,0,0.34615384615384615,614,770
1190,HARE,0.134804,0.064579,0.5,2.5,6.0,0.269608,False,12357,śaśá,3823,*kʰarabʰaka,3,17,4,20,0.75,0.85,0.8333333333333334,0.35294117647058826,0,0.6470588235294118,956,771
770,EARRING,0.134722,0.022454,0.2,1.0,2.083333333333333,0.673611,False,9655,bʰraṣṭá,3268,kuṇḍalá,1,6,6,9,0.16666666666666666,0.6666666666666666,1.0,0.34722222222222215,0,0,1594,772
1424,YELLOW,0.134545,0.161022,0.6,3.833333333333333,3.0,0.224242,True,13990,haridra,13992,haridrā,11,15,16,20,0.6875,0.75,0.34848484848484845,0.2,0,0.1,362,773
2159,GROUND,0.134343,0.15391,0.4666666666666667,2.6666666666666665,2.3333333333333335,0.287879,True,6744,dʰaráṇī,8221,*piṣyatē,11,7,12,11,0.9166666666666666,0.6363636363636364,0.2424242424242424,0.33333333333333337,0,0,385,774
1394,BONE,0.133878,0.157776,0.6,3.0,48.0,0.223129,True,958,aṣṭʰi,13952,haḍḍa,15,49,21,70,0.7142857142857143,0.7,0.2,0.9795918367346939,0.7333333333333333,0,368,775
1427,BEAUTIFUL,0.133681,0.247528,0.5,2.5,3.916666666666667,0.267361,True,12540,śúbʰvan,12637,śōbʰaná,12,12,12,14,1.0,0.8571428571428571,0.20833333333333334,0.3263888888888889,0,0,184,776
3635,ADULT,0.133333,0.057735,0.2,1.0,1.0,0.666667,False,4118,gāḍʰa,4057,garbʰarūpa,1,3,1,4,1.0,0.75,1.0,0.3333333333333333,0,0,1035,777
1597,AIRPLANE,0.133333,0.016667,0.2,1.0,1.0,0.666667,False,5620,tákṣati,3297,kundakara,1,3,8,6,0.125,0.5,1.0,0.3333333333333333,0,0,1657,778
57,ATOP,0.133333,0.134164,0.2,1.0,3.0,0.666667,False,5406,*jʰulyati,2330,*uppara,3,3,5,4,0.6,0.75,0.3333333333333333,1.0,0,0,457,779
56,BAD LUCK,0.133333,0.033333,0.2,1.0,1.0,0.666667,False,6182,dambʰáyati,6321,dāha,1,3,4,3,0.25,1.0,1.0,0.3333333333333333,0,0,1421,780
2242,BEETLE,0.133333,0.033333,0.2,1.0,1.0,0.666667,False,4109,gāŋgaṭa,9651,bʰramará,1,3,4,3,0.25,1.0,1.0,0.3333333333333333,0,0,1422,781
3447,BEGIN OR START,0.133333,0.02582,0.2,1.0,1.0,0.666667,False,1307,ārambʰá,5327-5,*jʰaṭakk-,1,3,4,5,0.25,0.6,1.0,0.3333333333333333,0,0,1543,782
3362,BOILED WATER,0.133333,0.066667,0.2,1.0,3.333333333333333,0.666667,False,7654,pacyátē,12712,*śrīyatē,1,10,1,10,1.0,1.0,1.0,0.3333333333333333,0,0,931,783
2362,BRAN,0.133333,0.066667,0.2,1.0,2.333333333333333,0.666667,False,7733,páttra,4917,*cōkka,1,7,1,7,1.0,1.0,1.0,0.3333333333333333,0,0,932,784
258,CALM,0.133333,0.066667,0.2,1.0,2.0,0.666667,False,12301,śáma,7416,nivātá,1,6,1,6,1.0,1.0,1.0,0.3333333333333333,0,0,933,785
3844,CONTEMPT,0.133333,0.066667,0.2,1.0,1.0,0.666667,False,433,apamāna,7609,nyakkāra,1,3,1,3,1.0,1.0,1.0,0.3333333333333333,0,0,934,786
1739,DECORATE,0.133333,0.021082,0.2,1.0,1.0,0.666667,False,13039,sáṁskr̩ta,13091-2,*sajjayayati,1,3,6,5,0.16666666666666666,0.6,1.0,0.3333333333333333,0,0,1611,787
1271,DELIGHT,0.133333,0.026968,0.2,1.0,3.0,0.666667,False,2684,káṇḍati,2375,ullasati,1,9,5,11,0.2,0.8181818181818182,1.0,0.3333333333333333,0,0,1524,788
3621,DISABLED PERSON,0.133333,0.040825,0.2,1.0,1.0,0.666667,False,9856,*mandʰyara,10196,*mutta,3,1,4,2,0.75,0.5,0.3333333333333333,1.0,0,0,1283,789
75,DISGRACE,0.133333,0.029814,0.2,1.0,1.0,0.666667,False,12393,śāpa,7154,nikṣipta,1,3,5,3,0.2,1.0,1.0,0.3333333333333333,0,0,1475,790
3423,DRILL,0.133333,0.03849,0.2,1.0,1.0,0.666667,False,7115,*niḣṣkavati,9650,bʰramara,1,3,3,3,0.3333333333333333,1.0,1.0,0.3333333333333333,0,0,1324,791
67,EMBERS,0.133333,0.043644,0.2,1.0,1.0,0.666667,False,3931,*kʰōṭi,6855,*dʰūmaśa,3,1,7,1,0.42857142857142855,1.0,0.3333333333333333,1.0,0,0,1248,792
357,HANG UP,0.133333,0.10328,0.2,1.0,7.5,0.666667,False,1194,ā́patayati,5436,*ṭaŋg,2,9,3,10,0.6666666666666666,0.9,0.5,0.8333333333333334,0,0,609,793
2941,HAPPINESS,0.133333,0.017817,0.2,1.0,1.0,0.666667,False,5932,tŕ̩pyati,7601,nairvāṇa,3,1,7,6,0.42857142857142855,0.16666666666666666,0.3333333333333333,1.0,0,0,1643,794
2010,INVESTIGATE,0.133333,0.040825,0.2,1.0,1.0,0.666667,False,7098,*niḣkṣārayati,5633,*taḍati,1,3,2,4,0.5,0.75,1.0,0.3333333333333333,0,0,1287,795
2949,LAIR,0.133333,0.033333,0.2,1.0,2.0,0.666667,False,10042,mā́na,6188,dará,1,6,3,8,0.3333333333333333,0.75,1.0,0.3333333333333333,0,0,1424,796
3471,OBLIGATION (DUTY),0.133333,0.028868,0.2,1.0,1.0,0.666667,False,11433,váśya,7214,nípatati,1,3,4,4,0.25,0.75,1.0,0.3333333333333333,0,0,1494,797
2336,OF THIS KIND (SUCH),0.133333,0.025198,0.2,1.0,1.0,0.666667,False,5647,tatʰāpi,5646,tátʰā,3,1,7,3,0.42857142857142855,0.3333333333333333,0.3333333333333333,1.0,0,0,1549,798
2113,OLD (USED),0.133333,0.028427,0.2,1.0,2.0,0.666667,False,2814,karṓti,4715,cálati,1,6,3,11,0.3333333333333333,0.5454545454545454,1.0,0.3333333333333333,0,0,1503,799
1149,ORPHAN,0.133333,0.126491,0.2,4.0,1.0,0.666667,False,12618,*śō,7311,*nirguru,4,3,6,5,0.6666666666666666,0.6,1.0,0.3333333333333333,0,0,487,800
779,PART,0.133333,0.061721,0.2,2.0,1.0,0.666667,False,5580,*ḍʰappa,12551,*śuṣkataṭī,6,1,7,1,0.8571428571428571,1.0,0.3333333333333333,1.0,0,0,988,801
120,PITCHER,0.133333,0.030861,0.2,1.0,1.0,0.666667,False,4406,gʰaṭa,3984,gaḍḍuka,3,1,7,2,0.42857142857142855,0.5,0.3333333333333333,1.0,0,0,1455,802
1141,PITY,0.133333,0.02582,0.2,1.0,1.0,0.666667,False,7263,nirati,602,árati,1,3,4,5,0.25,0.6,1.0,0.3333333333333333,0,0,1544,803
3670,PLUNDER,0.133333,0.033333,0.2,1.0,1.0,0.666667,False,11266,vánas,6772,dʰāṭī,1,3,3,4,0.3333333333333333,0.75,1.0,0.3333333333333333,0,0,1427,804
2669,POINT (WITH FINGER),0.133333,0.028868,0.2,1.0,2.0,0.666667,False,13854,spʰōṭa,14147,*hūl,1,6,4,8,0.25,0.75,1.0,0.3333333333333333,0,0,1495,805
864,PUMPKIN,0.133333,0.054433,0.2,1.0,5.0,0.666667,False,10928,latā,3374,kuṣmāṇḍa,2,6,8,9,0.25,0.6666666666666666,0.5,0.8333333333333334,0,0,1091,806
1091,SALTY,0.133333,0.018257,0.2,1.0,1.0,0.666667,False,10978,lavaṇá,3674,kṣārá,1,3,8,5,0.125,0.6,1.0,0.3333333333333333,0,0,1640,807
651,SEAL,0.133333,0.03849,0.2,1.0,1.3333333333333333,0.666667,False,6091,*tʰapp,10203,mudrā́,1,4,3,4,0.3333333333333333,1.0,1.0,0.3333333333333333,0,0,1325,808
936,STALLION,0.133333,0.037518,0.2,1.0,4.0,0.666667,False,920,áśva,13331,sā́ṇḍa,3,4,11,31,0.2727272727272727,0.12903225806451613,0.3333333333333333,1.0,0,0,1337,809
858,STORM,0.133333,0.025198,0.2,1.0,1.6666666666666665,0.666667,False,521,abʰiplavá,6644,drōṇī,1,5,5,7,0.2,0.7142857142857143,1.0,0.3333333333333333,0,0,1550,810
1362,STREET,0.133333,0.03849,0.2,1.0,1.0,0.666667,False,7785,pántʰā,8633,pratōlī,1,3,3,3,0.3333333333333333,1.0,1.0,0.3333333333333333,0,0,1326,811
2992,TIP (OF OBJECT),0.133333,0.033333,0.2,1.0,1.0,0.666667,False,13854,spʰōṭa,1313,ā́rā,1,3,3,4,0.3333333333333333,0.75,1.0,0.3333333333333333,0,0,1429,812
2058,STOOL,0.132727,0.131163,0.4,2.0,4.583333333333333,0.331818,True,1484,ā́sana,8222,pīṭʰa,5,11,8,11,0.625,1.0,0.4,0.41666666666666663,0.1,0.053030303030303025,466,813
172,SHOULDERBLADE,0.132143,0.193478,0.4,3.0,2.0,0.330357,True,13839,*spʰiyá,6,áṁsa,8,7,10,8,0.8,0.875,0.375,0.2857142857142857,0,0,272,814
1278,VOMIT,0.131852,0.166184,0.5333333333333333,3.0,2.6666666666666665,0.247222,True,11294,vámati,1960,udgirati,9,15,11,22,0.8181818181818182,0.6818181818181818,0.3333333333333333,0.17777777777777776,0,0.016666666666666666,349,815
191,NUT,0.131667,0.034697,0.2,1.0,1.5833333333333333,0.658333,False,2934,kali-,9414,bʰallāta,1,5,3,6,0.3333333333333333,0.8333333333333334,1.0,0.31666666666666665,0,0,1397,816
2920,SUDDENLY,0.131429,0.020781,0.2,1.0,2.2,0.657143,False,3725,*kṣumbati,420,*apacitta,1,7,7,10,0.14285714285714285,0.7,1.0,0.31428571428571433,0,0,1615,817
2942,HOARFROST,0.13125,0.065625,0.2,1.0,1.25,0.65625,False,8990,*pruṣvākara,8959,prālēya,1,4,1,4,1.0,1.0,1.0,0.3125,0,0,945,818
1587,SMELL (STINK),0.13125,0.02625,0.2,1.0,2.5,0.65625,False,4131,*gāndʰa,4531,gʰrāṇá,1,8,5,10,0.2,0.8,1.0,0.3125,0,0,1535,819
879,COUGH,0.131111,0.273148,0.4,2.0,6.833333333333333,0.327778,True,3135,kā́satē,3926,*kʰōkkʰ,10,15,12,18,0.8333333333333334,0.8333333333333334,0.2,0.45555555555555555,0,0,153,820
1436,SCRATCH,0.130603,0.189555,0.41666666666666663,3.5,2.083333333333333,0.313447,True,3489,*kōcc,3512,*kōtr,8,11,11,14,0.7272727272727273,0.7857142857142857,0.4375,0.18939393939393936,0,0,284,821
955,GREASY,0.130556,0.027028,0.2,1.0,1.833333333333333,0.652778,False,8242,pī́van,4865,*cuppa,1,6,5,7,0.2,0.8571428571428571,1.0,0.3055555555555555,0,0,1522,822
1961,NECKLACE,0.130556,0.148036,0.4,2.0,5.833333333333333,0.326389,True,4396,*graíviya,14059,hāra,6,12,9,14,0.6666666666666666,0.8571428571428571,0.3333333333333333,0.4861111111111111,0.16666666666666666,0,399,823
706,DARK,0.130357,0.176705,0.4,2.0,5.25,0.325893,True,3690,kṣīṇá,386,andʰakāra,7,12,10,14,0.7,0.8571428571428571,0.2857142857142857,0.4375,0.07142857142857142,0,329,824
1681,WAIST,0.130179,0.133112,0.45,3.0,2.25,0.289286,True,5582,*ḍʰākka,10879,*lakka,7,15,9,27,0.7777777777777778,0.5555555555555556,0.42857142857142855,0.15,0,0,460,825
3028,GRAVEL,0.13,0.096896,0.2,1.0,4.0,0.65,False,3855,*kʰasa,2820,karkara,2,5,3,6,0.6666666666666666,0.8333333333333334,0.5,0.8,0,0,656,826
2183,RIGHT HAND,0.13,0.083915,0.2,4.0,1.0,0.65,False,6119,dákṣiṇa,6251,dākṣiṇa,5,2,6,4,0.8333333333333334,0.5,0.8,0.5,0,0,748,827
2754,TOWARDS,0.13,0.126311,0.4,2.0,3.5,0.325,True,2830,kárṇa,9493,bʰitta,6,10,11,13,0.5454545454545454,0.7692307692307693,0.3333333333333333,0.35,0,0.03333333333333333,490,828
1240,NOT,0.129928,0.139723,0.7666666666666666,3.833333333333333,10.5,0.169471,True,7603,naiva,6906,ná,16,13,18,17,0.8888888888888888,0.7647058823529411,0.23958333333333331,0.8076923076923077,0.7083333333333333,0,433,829
1979,CHISEL,0.12963,0.02174,0.2,1.0,2.666666666666667,0.648148,False,5620,tákṣati,5066,cʰēdana,1,9,5,16,0.2,0.5625,1.0,0.29629629629629634,0,0,1599,830
1388,SHADE,0.129545,0.211163,0.6,3.0,4.0,0.215909,True,422,apaccʰāyā,5020,cʰādi,12,22,12,23,1.0,0.9565217391304348,0.25,0.18181818181818182,0,0,245,831
1246,SMALL,0.129446,0.168402,0.5333333333333333,2.6666666666666665,16.485714285714288,0.242712,True,11072,*lukka,5071,*cʰōṭṭa,18,41,21,73,0.8571428571428571,0.5616438356164384,0.14814814814814814,0.40209059233449485,0.06481481481481483,0,344,832
3267,PULSE,0.129365,0.189411,0.4,2.0,3.25,0.323413,True,10198,mudgá,7047,nāḍī́,7,9,9,10,0.7777777777777778,0.9,0.2857142857142857,0.3611111111111111,0,0,286,833
1238,WHEN,0.129327,0.037996,0.3,1.5,6.333333333333333,0.43109,False,2910,kárhi,2528,ēvam ēva,4,13,17,63,0.23529411764705882,0.20634920634920634,0.375,0.48717948717948717,0,0,1334,834
3055,SWINDLE,0.129167,0.030445,0.2,1.0,2.333333333333333,0.645833,False,1039,*ākʰēlati,6865,dʰū́rta,1,8,4,9,0.25,0.8888888888888888,1.0,0.29166666666666663,0,0,1465,835
1124,PIPE,0.128846,0.029987,0.2,1.0,3.7499999999999996,0.644231,False,12091,*vēḍu,11180-2,*vaṁsīl-,1,13,4,15,0.25,0.8666666666666667,1.0,0.28846153846153844,0,0,1473,836
2527,ABILITY,0.128788,0.068397,0.2,1.0,8.666666666666666,0.643939,False,5849,*tukṣā,9161,bála,2,11,6,13,0.3333333333333333,0.8461538461538461,0.5,0.7878787878787878,0,0,911,837
1501,BORE,0.128571,0.030067,0.2,1.0,2.0,0.642857,False,4872,*cumbʰati,5043,cʰidrá,1,7,4,8,0.25,0.875,1.0,0.2857142857142857,0,0,1468,838
2465,DISGUST,0.128571,0.064286,0.2,1.0,2.0,0.642857,False,4401,glāní,4500,gʰr̩ṇá,1,7,1,7,1.0,1.0,1.0,0.2857142857142857,0,0,959,839
672,EARLY,0.128571,0.021429,0.2,1.0,2.0,0.642857,False,13533,*suvēlā,13291,*savēla,1,7,7,9,0.14285714285714285,0.7777777777777778,1.0,0.2857142857142857,0,0,1606,840
1411,LIE (REST),0.128571,0.138137,0.4,2.0,5.0,0.321429,True,10917,laṭṭa,5407,*jʰūṭṭʰa,7,14,13,20,0.5384615384615384,0.7,0.2857142857142857,0.35714285714285715,0,0,443,841
195,MAT,0.128571,0.032733,0.2,1.0,2.0,0.642857,False,2269,*upastarati,5990,*traṭṭa,1,7,3,9,0.3333333333333333,0.7777777777777778,1.0,0.2857142857142857,0,0,1433,842
600,STRANGE,0.128571,0.024298,0.2,1.0,2.0,0.642857,False,6552,dēśāntarin,7012,*navala,1,7,7,7,0.14285714285714285,1.0,1.0,0.2857142857142857,0,0,1568,843
522,WOLF,0.128571,0.1575,0.4,2.5,2.0,0.321429,True,4362,grastr̩,f_eus77jo5mdyak,*?,7,7,10,10,0.7,0.7,0.35714285714285715,0.2857142857142857,0,0,370,844
3687,DESERT,0.127894,0.083478,0.21666666666666665,2.0,1.0833333333333333,0.590278,False,6807,dʰā́sas,600,áraṇya,2,6,3,8,0.6666666666666666,0.75,1.0,0.18055555555555555,0,0,752,845
1090,BE BORN,0.127778,0.160509,0.4,3.5,2.0,0.319444,True,5204,jā́yatē,6555,dēśī́ya,6,9,7,11,0.8571428571428571,0.8181818181818182,0.5833333333333334,0.2222222222222222,0,0.16666666666666666,364,846
1559,MONEY,0.127273,0.017008,0.2,1.0,3.0,0.636364,False,11168,*lōhila,7050,nāṇaka,1,11,11,14,0.09090909090909091,0.7857142857142857,1.0,0.2727272727272727,0,0,1653,847
1660,LOSE,0.126731,0.178512,0.3,1.5,7.083333333333333,0.422436,True,8310,*pusati,14061,hārayati,5,13,7,13,0.7142857142857143,1.0,0.3,0.5448717948717948,0,0,322,848
1017,APPEARANCE,0.126667,0.031667,0.2,1.0,1.3333333333333333,0.633333,False,12129,vēṣa,9480,bʰāsá,1,5,4,5,0.25,1.0,1.0,0.26666666666666666,0,0,1447,849
1204,BARK,0.126667,0.091632,0.4,2.0,4.199999999999999,0.316667,True,8253,puṭa,5005,cʰalli,5,14,11,19,0.45454545454545453,0.7368421052631579,0.4,0.29999999999999993,0.06666666666666667,0,685,850
752,STORE,0.126667,0.021111,0.2,1.0,1.3333333333333333,0.633333,False,5599,*ḍʰēra,12867,*saṁcayayati,1,5,5,9,0.2,0.5555555555555556,1.0,0.26666666666666666,0,0,1609,851
3624,LEPROSY,0.12619,0.112452,0.2,1.0,13.0,0.630952,False,11093,lūtā,3371,kúṣṭʰa,3,14,7,17,0.42857142857142855,0.8235294117647058,0.3333333333333333,0.9285714285714286,0,0,569,852
2048,QUILT,0.12619,0.028217,0.2,1.0,1.8333333333333335,0.630952,False,12131,vēṣṭana,2771,kambalá,1,7,5,7,0.2,1.0,1.0,0.2619047619047619,0,0,1508,853
1346,THROAT,0.125463,0.207786,0.5,2.5,7.533333333333333,0.250926,True,12675,*śraṭṭa,4070,gala,12,18,15,21,0.8,0.8571428571428571,0.20833333333333334,0.4185185185185185,0.125,0,249,854
3269,PORCH,0.125333,0.138475,0.4,2.0,3.4000000000000004,0.313333,True,9740,maṇḍapa,848,*avaśara,5,15,6,16,0.8333333333333334,0.9375,0.4,0.22666666666666668,0,0,442,855
362,STRING,0.12533,0.180072,0.4,2.0,5.301190476190476,0.313324,True,13561,sū́tra,6225,davara,7,13,9,15,0.7777777777777778,0.8666666666666667,0.2857142857142857,0.4077838827838827,0.047619047619047616,0.019230769230769232,316,856
802,ADAM'S APPLE,0.125,0.094491,0.2,1.0,4.5,0.625,False,7047,nāḍī́,4420,*gʰaṇṭa,2,6,3,7,0.6666666666666666,0.8571428571428571,0.5,0.75,0,0,666,857
2860,BOLT (MOVE IN HASTE),0.125,0.044194,0.2,1.0,1.0,0.625,False,10648,raśmí,9365,*bʰaṭ,1,4,2,4,0.5,1.0,1.0,0.25,0,0,1244,858
509,CERTAIN,0.125,0.023623,0.2,1.0,1.5,0.625,False,2462,ḗka,7503,niṣṭʰā,1,6,6,7,0.16666666666666666,0.8571428571428571,1.0,0.25,0,0,1584,859
2149,CHOP (INTO PIECES),0.125,0.036084,0.2,1.0,1.0,0.625,False,6310,dālayati,3708,kṣuṇṇa,1,4,3,4,0.3333333333333333,1.0,1.0,0.25,0,0,1366,860
1747,CUSTOM,0.125,0.019288,0.2,1.0,1.0,0.625,False,4722,*calyā,8435,prakāra,1,4,7,6,0.14285714285714285,0.6666666666666666,1.0,0.25,0,0,1632,861
355,CUT DOWN,0.125,0.044194,0.2,1.0,1.0,0.625,False,6634,drāváyati,8053,pātáyati,4,1,4,2,1.0,0.5,0.25,1.0,0,0,1245,862
363,"DWELL (LIVE, RESIDE)",0.125,0.088388,0.2,1.0,3.0,0.625,False,2245,úpaviśati,11435,vásati,2,3,2,6,1.0,0.5,0.5,1.0,0.25,0,704,863
3473,LONG (FOR SOMETHING),0.125,0.044194,0.2,1.0,1.0,0.625,False,3590,*kriśyatē,4775,*cāh,1,4,2,4,0.5,1.0,1.0,0.25,0,0,1246,864
3971,METHOD,0.125,0.027951,0.2,1.0,1.0,0.625,False,9161,bála,7785,pántʰā,1,4,5,4,0.2,1.0,1.0,0.25,0,0,1514,865
1063,NEPHEW,0.125,0.023623,0.2,1.0,1.0,0.625,False,9664,bʰrātr̩putra,9672,bʰrātrī́ya,4,1,7,4,0.5714285714285714,0.25,0.25,1.0,0,0,1585,866
2886,PRODUCE,0.125,0.028932,0.2,1.0,1.5,0.625,False,13126,sanṓti,9710,*macyatē,1,6,4,7,0.25,0.8571428571428571,1.0,0.25,0,0,1488,867
2973,STRAP,0.125,0.055902,0.2,1.0,1.0,0.625,False,7747,padá,7700,paṭṭa,1,4,1,5,1.0,0.8,1.0,0.25,0,0,1069,868
738,THING,0.125,0.050508,0.2,1.0,6.0,0.625,False,9475,bʰāvá,11564,vārtta,2,8,7,14,0.2857142857142857,0.5714285714285714,0.5,0.75,0,0,1146,869
2538,TRENCH (FOSSE),0.125,0.040916,0.2,1.0,1.5,0.625,False,3407,kū́pya,4873,curī,1,6,2,7,0.5,0.8571428571428571,1.0,0.25,0,0,1282,870
3545,WATERY,0.125,0.032275,0.2,1.0,1.0,0.625,False,5549a,*ḍibba,9090,pʰuppʰusa,1,4,3,5,0.3333333333333333,0.8,1.0,0.25,0,0,1440,871
1767,SCRAPE,0.124444,0.026139,0.2,1.0,3.6666666666666665,0.622222,False,10613,*randati,5620,tákṣati,1,15,5,17,0.2,0.8823529411764706,1.0,0.24444444444444444,0,0,1536,872
1840,BUILD,0.12381,0.134563,0.4,2.0,2.0,0.309524,True,6145,dádʰāti,4814,cinṓti,6,7,8,10,0.75,0.7,0.3333333333333333,0.2857142857142857,0,0,453,873
613,HIGH TIDE,0.12381,0.155796,0.4,2.0,4.333333333333333,0.309524,True,773,*avaḍḍʰāla,12076,vŕ̩ddʰi,7,13,11,16,0.6363636363636364,0.8125,0.2857142857142857,0.3333333333333333,0,0,377,874
190,MOW,0.12375,0.122984,0.3,4.5,1.5,0.4125,False,10988,lavítra,2944,kalpáyati,10,4,12,6,0.8333333333333334,0.6666666666666666,0.45,0.375,0,0,502,875
1448,HOLD,0.123512,0.147656,0.5,2.5,3.083333333333333,0.247024,True,6791,dʰāráyati,6747,dʰárati,7,10,8,12,0.875,0.8333333333333334,0.35714285714285715,0.3083333333333333,0.07142857142857142,0.1,403,876
1284,BANK,0.123333,0.029398,0.2,1.0,2.333333333333333,0.616667,False,9599,bʰr̩ṣṭí,2680,kaṇṭʰá,1,10,4,11,0.25,0.9090909090909091,1.0,0.2333333333333333,0,0,1483,877
1114,BULLET,0.123333,0.121111,0.2,1.0,4.5,0.616667,False,5598,*ḍʰēḍḍʰa,4321,gōla,3,5,7,5,0.42857142857142855,1.0,0.3333333333333333,0.9,0,0,515,878
2870,RECOGNIZE (SOMEBODY),0.123333,0.185,0.4,2.0,2.833333333333333,0.308333,True,5193,jānā́ti,8637,pratyabʰijānāti,6,10,6,10,1.0,1.0,0.3333333333333333,0.2833333333333333,0,0,304,879
945,SPEAR,0.123333,0.123333,0.4,2.0,4.5,0.308333,True,12352,śalyá,9409,bʰalla,6,10,9,15,0.6666666666666666,0.6666666666666666,0.3333333333333333,0.45,0.16666666666666666,0,498,880
2224,BEND (SOMETHING),0.122917,0.028972,0.2,1.0,1.8333333333333333,0.614583,False,3533,*kōla,11405,válati,1,8,4,9,0.25,0.8888888888888888,1.0,0.22916666666666666,0,0,1487,881
187,LOIN,0.122917,0.043458,0.2,1.0,1.8333333333333333,0.614583,False,12064,vr̩kká,10879,*lakka,1,8,2,8,0.5,1.0,1.0,0.22916666666666666,0,0,1252,882
1921,PLOUGH,0.122854,0.180352,0.4666666666666666,2.333333333333333,2.5833333333333335,0.263258,True,3446,kr̩ṣáti,4712,*carṣati,8,11,10,12,0.8,0.9166666666666666,0.29166666666666663,0.23484848484848486,0,0,315,883
3626,KNOW,0.122751,0.200958,0.4,6.0,2.0,0.306878,True,5193,jānā́ti,4836,cihnayati,14,9,17,14,0.8235294117647058,0.6428571428571429,0.42857142857142855,0.2222222222222222,0,0.037037037037037035,258,884
1182,NOISE,0.122436,0.024678,0.2,1.0,2.9166666666666665,0.612179,False,12753,śváśura,10641-2,*raval-,1,13,5,16,0.2,0.8125,1.0,0.22435897435897434,0,0,1564,885
981,ELBOW,0.122294,0.135202,0.5,2.5,11.0,0.244589,True,5605,*ḍʰōŋga,603,aratní,11,42,21,72,0.5238095238095238,0.5833333333333334,0.22727272727272727,0.2619047619047619,0,0,451,886
243,FRESH,0.122222,0.020758,0.2,1.0,2.0,0.611111,False,6983,náva,13255,sárasa,1,9,6,13,0.16666666666666666,0.6923076923076923,1.0,0.2222222222222222,0,0,1616,887
1596,LOCK,0.122222,0.057975,0.2,1.0,6.5,0.611111,False,3269,kuṇḍalākāra,5749,tāḍa,2,9,8,10,0.25,0.9,0.5,0.7222222222222222,0,0,1033,888
49,REFUSE,0.122222,0.023098,0.2,1.0,1.3333333333333333,0.611111,False,5518,*ḍakk,3862,kʰātá,1,6,6,7,0.16666666666666666,0.8571428571428571,1.0,0.2222222222222222,0,0,1591,889
1784,WANT,0.122222,0.122984,0.4,2.0,2.5,0.305556,True,4415,*gʰaṭṭati,12678,śraddʰā́,6,9,10,12,0.6,0.75,0.3333333333333333,0.2777777777777778,0,0,503,890
1095,LET GO OR SET FREE,0.122066,0.124306,0.3,1.5,6.142857142857142,0.406888,False,11042,*lāsayati,4998,cʰárdati,4,14,6,16,0.6666666666666666,0.875,0.375,0.4387755102040816,0,0,494,891
1076,EMERGE (APPEAR),0.121875,0.232407,0.45,2.25,2.916666666666666,0.270833,True,7479,*niṣkasati,9481,bʰā́sati,9,10,9,11,1.0,0.9090909090909091,0.25,0.29166666666666663,0,0,208,892
1347,NAPE (OF NECK),0.121875,0.028726,0.2,1.0,2.0,0.609375,False,9732,maṇi,4459,gʰāṭā,1,8,4,9,0.25,0.8888888888888888,1.0,0.25,0,0.03125,1501,893
1936,DEER,0.121711,0.123904,0.3,1.5,17.0,0.405702,True,9885,*margā,13982,hariṇá,6,19,11,40,0.5454545454545454,0.475,0.25,0.8947368421052632,0.3333333333333333,0,496,894
1120,HONEST,0.121429,0.040159,0.2,1.0,1.5,0.607143,False,13450,sukṣēma,2448,r̩jú,1,7,2,8,0.5,0.875,1.0,0.21428571428571427,0,0,1300,895
54,SHRINK,0.121429,0.030914,0.2,1.0,1.5,0.607143,False,13650,*skuṭyatē,12825,saṁkuṭati,1,7,3,9,0.3333333333333333,0.7777777777777778,1.0,0.21428571428571427,0,0,1454,896
3760,THUNDERY,0.121429,0.042931,0.2,1.0,2.5,0.607143,False,11204,vájra,4570,*caṭa,1,7,2,7,0.5,1.0,1.0,0.35714285714285715,0,0.14285714285714285,1263,897
1690,FENCE,0.121389,0.110668,0.3,1.5,5.033333333333333,0.40463,False,5213,jā́la,11480,vāṭa,4,9,7,11,0.5714285714285714,0.8181818181818182,0.375,0.5592592592592592,0.125,0,580,898
10,FIREWOOD,0.121154,0.157326,0.4666666666666666,2.333333333333333,12.5,0.259615,True,6298,dā́ru,10875,lakuṭa,13,30,18,59,0.7222222222222222,0.5084745762711864,0.17948717948717946,0.4166666666666667,0.07692307692307693,0,372,899
742,END (OF SPACE),0.120833,0.027967,0.2,1.0,2.5,0.604167,False,13854,spʰōṭa,12611,śēṣa,1,12,4,14,0.25,0.8571428571428571,1.0,0.20833333333333334,0,0,1513,900
1887,CHEAP,0.12,0.014302,0.2,1.0,1.0,0.6,False,13911,*svargʰaka,13187,samargʰa,1,5,8,11,0.125,0.45454545454545453,1.0,0.2,0,0,1681,901
2406,HOME,0.12,0.054772,0.2,1.0,1.0,0.6,False,4336,gōṣṭʰá,13767,stʰāvará,5,1,6,1,0.8333333333333334,1.0,0.2,1.0,0,0,1083,902
143,HUMID,0.12,0.092952,0.3,1.5,3.0,0.4,False,12690,śrāṇa,9502,*bʰiyajyatē,3,10,5,10,0.6,1.0,0.5,0.3,0,0,675,903
1018,MEMORY,0.12,0.015811,0.2,1.0,1.0,0.6,False,13861,smará,9822,mánas,1,5,8,9,0.125,0.5555555555555556,1.0,0.2,0,0,1663,904
3659,POLISH (SOMETHING),0.12,0.032071,0.2,1.0,1.45,0.6,False,4450,gʰárṣati,1671,újjvalati,1,6,3,7,0.3333333333333333,0.8571428571428571,1.0,0.24166666666666667,0,0.041666666666666664,1442,905
811,SOUL,0.12,0.063246,0.2,1.0,3.5,0.6,False,8930,prāṇavant,5239,jīvá,2,5,6,6,0.3333333333333333,0.8333333333333334,0.5,0.7,0,0,973,906
1112,SUCCEED,0.12,0.03873,0.2,1.0,1.0,0.6,False,7618,*pakk,9066,pʰalpʰ,1,5,2,6,0.5,0.8333333333333334,1.0,0.2,0,0,1320,907
987,REMAIN,0.119524,0.23865,0.4,2.0,5.45,0.29881,True,6747,dʰárati,10666,*rahati,9,14,10,16,0.9,0.875,0.2222222222222222,0.3892857142857143,0.013888888888888888,0,195,908
1183,PALM OF HAND,0.119444,0.213669,0.4,2.0,3.0,0.298611,True,8358,pr̩tʰú,7075,nārikēla,9,8,10,9,0.9,0.8888888888888888,0.2222222222222222,0.375,0,0,240,909
1533,BE HUNGRY,0.119391,0.139055,0.5,2.5,4.0,0.238782,True,540,abʰukta,9285,bubʰukṣatē,12,13,20,23,0.6,0.5652173913043478,0.20833333333333334,0.3076923076923077,0,0.038461538461538464,437,910
2651,BE IGNORANT,0.11875,0.02799,0.2,1.0,1.5,0.59375,False,7165,*nigāti,724,*allaḍa,1,8,4,9,0.25,0.8888888888888888,1.0,0.1875,0,0,1512,911
1173,EYEBROW,0.11875,0.070809,0.3,1.5,3.0,0.395833,False,44,akṣibʰruva,9688,bʰrū́,4,4,10,8,0.4,0.5,0.375,0.75,0.3333333333333333,0,871,912
1035,GOOD,0.118562,0.115321,0.6,3.0,6.874999999999999,0.197603,True,9348,bʰagín,11384,vardʰita,14,38,22,71,0.6363636363636364,0.5352112676056338,0.21428571428571427,0.18092105263157893,0,0,551,913
3654,TAKE OUT,0.118519,0.07127,0.26666666666666666,1.3333333333333333,2.0,0.444444,False,4772,cāláyati,2660,*kaḍḍʰati,6,3,7,9,0.8571428571428571,0.3333333333333333,0.2222222222222222,0.6666666666666666,0,0,866,914
1319,COWARD,0.118056,0.100173,0.16666666666666666,0.8333333333333333,3.0,0.708333,False,6190,darati,3027,kātara,2,3,3,4,0.6666666666666666,0.75,0.41666666666666663,1.0,0,0,620,915
2004,BEND,0.117857,0.030005,0.2,1.0,1.25,0.589286,False,3533,*kōla,5399,*jʰukkati,1,7,3,9,0.3333333333333333,0.7777777777777778,1.0,0.17857142857142858,0,0,1471,916
2561,HURT (SENSE PAIN),0.117857,0.021023,0.2,1.0,1.25,0.589286,False,3657,kṣámatē,5438,*ṭaṭṭ,1,7,5,11,0.2,0.6363636363636364,1.0,0.17857142857142858,0,0,1612,917
1930,RAVINE,0.117284,0.300416,0.3333333333333333,5.0,1.6666666666666665,0.351852,True,4453,*gʰala,4468,gʰāra,9,9,10,9,0.9,1.0,0.5555555555555556,0.18518518518518517,0,0.037037037037037035,123,918
1867,COIN,0.116667,0.057155,0.2,1.0,2.0,0.583333,False,8053,pātáyati,7050,nāṇaka,2,3,5,5,0.4,0.6,0.5,0.6666666666666666,0,0,1050,919
2012,COLLAR,0.116667,0.116667,0.2,1.0,2.0,0.583333,False,4390,*grīvābandʰa,6-2x,*aṁsala-,2,3,2,3,1.0,1.0,0.5,0.6666666666666666,0,0,541,920
2989,FRINGE,0.116667,0.116667,0.2,1.0,3.333333333333333,0.583333,False,5337,*jʰapp,5356,jʰallarī,2,5,2,5,1.0,1.0,0.5,0.6666666666666666,0,0,542,921
1195,GIVE BIRTH,0.116667,0.180739,0.2,1.0,5.5,0.583333,False,5204a,*jāyantī,11701,víjāyatē,4,6,5,8,0.8,0.75,0.25,0.9166666666666666,0,0,314,922
2905,KNIT,0.116667,0.095258,0.2,1.0,2.0,0.583333,False,11773,*vināti,4205,gupʰáti,2,3,3,3,0.6666666666666666,1.0,0.5,0.6666666666666666,0,0,664,923
2182,LEFT HAND,0.116667,0.082496,0.2,2.0,1.0,0.583333,False,3364,kuśa,5539,*ḍavva,3,2,3,4,1.0,0.5,0.6666666666666666,0.5,0,0,759,924
371,PICK UP,0.116667,0.058333,0.2,1.0,1.3333333333333333,0.583333,False,4578,*caḍʰati,4814,cinṓti,2,2,4,4,0.5,0.5,0.5,0.6666666666666666,0,0,1029,925
1550,PREVENT,0.116667,0.039131,0.2,1.0,3.333333333333333,0.583333,False,7419,nivārayati,11554,vāráyatē,1,9,2,10,0.5,0.9,1.0,0.37037037037037035,0,0.2037037037037037,1312,926
2954,SLICE,0.116667,0.038188,0.2,1.0,1.0,0.583333,False,7851,páribʰinna,9073,*pʰāla,1,6,2,7,0.5,0.8571428571428571,1.0,0.16666666666666666,0,0,1332,927
3130,SPILL (SOMETHING),0.116667,0.0213,0.2,1.0,1.3333333333333333,0.583333,False,11874,virēcayati,2344,*ummaḍ,1,8,6,10,0.16666666666666666,0.8,1.0,0.16666666666666666,0,0,1608,928
34,STAIRS,0.116667,0.082496,0.2,1.0,2.0,0.583333,False,8222,pīṭʰa,12709,*śrīḍʰi,2,3,4,3,0.5,1.0,0.5,0.6666666666666666,0,0,760,929
1813,TASTY,0.116667,0.117394,0.2,1.0,2.5,0.583333,False,9793,madʰurá,13255,sárasa,3,3,5,4,0.6,0.75,0.3333333333333333,0.8333333333333334,0,0,536,930
1755,UNDRESS,0.116667,0.063901,0.2,1.0,2.0,0.583333,False,3985,*gaḍḍʰati,1770,úttarati,2,3,5,4,0.4,0.75,0.5,0.6666666666666666,0,0,963,931
935,WAR,0.116667,0.045185,0.2,2.0,1.0,0.583333,False,2922,kalaha,6800,*dʰāva,3,2,8,5,0.375,0.4,0.6666666666666666,0.5,0,0,1230,932
2396,KNOCK,0.11625,0.138636,0.3,1.5,2.0,0.3875,False,5632,*taḍati,5511,*ṭʰēcc,4,5,5,5,0.8,1.0,0.375,0.4,0,0,440,933
1884,HARD,0.115909,0.150065,0.4,5.0,2.0,0.289773,True,2587,kakkʰaṭa,7360,nirbʰara,11,8,14,15,0.7857142857142857,0.5333333333333333,0.45454545454545453,0.25,0,0.125,394,934
1156,OPEN,0.115831,0.256176,0.4,2.0,9.828968253968254,0.289579,True,12168,*vyapāvarati,3945,*kʰōll,12,21,14,23,0.8571428571428571,0.9130434782608695,0.16666666666666666,0.4680461073318216,0.05555555555555555,0,176,935
2057,DUNG (ANIMAL FAECES),0.115323,0.228308,0.3166666666666666,4.833333333333333,1.583333333333333,0.364177,True,8139,pāṣi,3863,kʰā́tra,7,11,8,12,0.875,0.9166666666666666,0.6904761904761905,0.14393939393939392,0,0.10606060606060605,221,936
3469,LEVEL,0.115,0.034363,0.2,1.0,1.75,0.575,False,13173,samá,5888,túlya,1,5,2,7,0.5,0.7142857142857143,1.0,0.35,0,0.2,1409,937
823,SORCERER,0.115,0.038333,0.2,1.0,2.2,0.575,False,5542,ḍākínī,2301,upādʰyāya,1,8,2,9,0.5,0.8888888888888888,1.0,0.275,0,0.125,1328,938
2762,BLOCK (THE WAY),0.114286,0.050395,0.2,1.0,1.0,0.571429,False,13963,hánati,9490,*bʰiṭ,1,7,1,9,1.0,0.7777777777777778,1.0,0.14285714285714285,0,0,1147,939
1496,GRANDMOTHER,0.114286,0.122788,0.4,2.5,2.0,0.285714,True,6261,*dādda,7059,*nānna,7,7,10,13,0.7,0.5384615384615384,0.35714285714285715,0.2857142857142857,0,0.07142857142857142,506,940
168,REST,0.114286,0.152753,0.4,2.0,3.0,0.285714,True,11949,viśramatē,13479,suptá,7,10,10,12,0.7,0.8333333333333334,0.2857142857142857,0.3,0,0.014285714285714285,386,941
1728,ROTTEN,0.113636,0.174078,0.4,2.0,3.5,0.284091,True,5617,takrá,12268,śáṭati,8,11,10,15,0.8,0.7333333333333333,0.25,0.3181818181818182,0,0,335,942
717,SWEET,0.113438,0.178618,0.55,2.75,14.25,0.20625,True,9793,madʰurá,10299,mr̩ṣṭá,15,20,16,25,0.9375,0.8,0.18333333333333332,0.7125,0.48333333333333334,0,320,943
1593,DEEP,0.113021,0.162103,0.3,1.5,12.083333333333332,0.376736,True,4201,guptá,4024,gabʰīrá,6,24,10,28,0.6,0.8571428571428571,0.25,0.5034722222222222,0,0,360,944
1064,SHIELD,0.112963,0.227334,0.26666666666666666,5.0,1.3333333333333333,0.423611,True,3915,kʰēṭa-,2547,*ōḍḍʰ,8,6,10,6,0.8,1.0,0.625,0.2222222222222222,0,0,222,945
1472,KEY,0.1125,0.058835,0.4,4.0,2.0,0.28125,False,3225,kuñcikā,3202,kīla,4,8,9,13,0.4444444444444444,0.6153846153846154,1.0,0.25,0,0.6875,1024,946
1129,PAINFUL,0.1125,0.091856,0.2,1.0,2.5,0.5625,False,4564,caŋga,6380,duḣkʰitá,2,4,3,4,0.6666666666666666,1.0,0.5,0.625,0,0,682,947
518,SPARK,0.1125,0.035576,0.2,1.0,2.5,0.5625,False,6361,dī́pti,13851,spʰuliŋga,2,4,8,10,0.25,0.4,0.5,0.625,0,0,1375,948
714,SEED,0.111623,0.167987,0.5666666666666667,10.0,2.833333333333333,0.196982,True,9250,bī́ja,5827,tilá,13,24,13,33,1.0,0.7272727272727273,0.7692307692307693,0.11805555555555554,0.038461538461538464,0.4548611111111111,345,949
897,SWALLOW,0.111364,0.049357,0.2,1.0,6.75,0.556818,False,12069,vr̩ttá,4075,gálati,2,11,8,14,0.25,0.7857142857142857,0.5,0.6136363636363636,0,0,1165,950
2947,DAMAGE (INJURY),0.110677,0.048196,0.25,1.25,2.083333333333333,0.442708,False,6504,dūṣáyati,14055,hāní,2,8,6,9,0.3333333333333333,0.8888888888888888,0.625,0.26041666666666663,0,0,1184,951
476,CUP,0.110417,0.047082,0.2,1.0,4.833333333333333,0.552083,False,8379,*pēnda,2648,*kaṭṭōra,2,8,8,11,0.25,0.7272727272727273,0.5,0.6041666666666666,0,0,1210,952
3425,JOKE,0.110417,0.090717,0.2,1.0,7.5,0.552083,False,14071,hāsya,5492,*ṭʰaṭṭʰa,3,8,8,10,0.375,0.8,0.3333333333333333,0.9375,0.16666666666666666,0,691,953
3463,RIVERBANK,0.110294,0.080812,0.3,1.5,4.0,0.367647,False,10092,mā́lā,4414,gʰaṭṭa,3,17,5,19,0.6,0.8947368421052632,0.5,0.23529411764705882,0,0,780,954
3020,BREAK (BREAKING),0.110256,0.048749,0.2,1.0,7.833333333333333,0.551282,False,6216,dálati,13845,*spʰuṭyati,2,13,7,19,0.2857142857142857,0.6842105263157895,0.5,0.6025641025641025,0,0,1179,955
1323,CLOCK,0.11,0.075907,0.2,1.0,3.0,0.55,False,2668,kaṇṭa,4413,*gʰaṭītāḍa,2,5,3,7,0.6666666666666666,0.7142857142857143,0.5,0.6,0,0,817,956
1259,WEDDING,0.11,0.053675,0.2,1.0,3.0,0.55,False,5103,jáni,7818,pariṇaya,2,5,6,7,0.3333333333333333,0.7142857142857143,0.5,0.6,0,0,1102,957
3313,JACKAL,0.10943,0.219934,0.4066666666666666,9.0,2.033333333333333,0.269091,True,12578,śr̩gālá,9112,pʰēru,11,15,13,19,0.8461538461538461,0.7894736842105263,0.8181818181818182,0.13555555555555554,0,0.41555555555555557,228,958
1421,SUCK,0.109192,0.069479,0.30666666666666664,3.0,1.5333333333333332,0.356061,False,4898,cū́ṣati,4870,cúmbati,3,11,6,13,0.5,0.8461538461538461,1.0,0.13939393939393938,0,0.4272727272727273,903,959
1577,AND,0.109127,0.07838,0.36666666666666664,1.8333333333333333,3.0,0.297619,True,5649,tadā́,434,ápara,11,7,16,34,0.6875,0.20588235294117646,0.16666666666666666,0.42857142857142855,0,0,795,960
1376,NOW,0.108571,0.115326,0.4,2.0,4.0,0.271429,True,f_2ig5mcwn2zgm2,*?,268,adʰunā́,7,10,10,19,0.7,0.5263157894736842,0.2857142857142857,0.4,0.14285714285714285,0,550,961
2239,DENSE,0.108333,0.068516,0.2,1.0,10.0,0.541667,False,5323,*jʰaŋk,4424,gʰaná,2,12,5,12,0.4,1.0,0.5,0.8333333333333334,0.25,0,909,962
637,MOSS,0.108333,0.092129,0.2,1.0,4.5,0.541667,False,7740,pattrin,12493,śī́pāla,3,6,7,8,0.42857142857142855,0.75,0.3333333333333333,0.75,0,0,680,963
2753,UNTIL,0.108333,0.106381,0.2,1.0,3.0,0.541667,False,3084,kālá,5805,tā́vatka,3,4,7,4,0.42857142857142855,1.0,0.3333333333333333,0.75,0,0,597,964
1230,DIRTY,0.107389,0.231696,0.4,2.0,4.616666666666667,0.268473,True,3153,*kicca,9904,*malin,11,13,12,16,0.9166666666666666,0.8125,0.18181818181818182,0.35512820512820514,0,0,213,965
2410,GOOD-LOOKING,0.107143,0.065611,0.3,1.5,1.5,0.357143,False,12642,śṓśucat,5022,cʰādmika,7,3,7,8,1.0,0.375,0.21428571428571427,0.5,0,0,946,966
1435,HUNT,0.107143,0.056695,0.2,1.0,4.0,0.535714,False,11545,vāyú,1037,ākʰēṭa,2,7,5,10,0.4,0.7,0.5,0.5714285714285714,0,0,1053,967
2919,STILL (CONTINUING),0.107143,0.026786,0.2,1.0,2.0,0.535714,False,7793,pára,5647,tatʰāpi,1,7,4,7,0.25,1.0,1.0,0.2857142857142857,0,0.21428571428571427,1525,968
1222,PENIS,0.106777,0.254238,0.3785714285714285,9.833333333333332,1.8928571428571426,0.282051,True,10917,laṭṭa,10875,lakuṭa,13,13,13,16,1.0,0.8125,0.7564102564102563,0.1456043956043956,0,0.3379120879120879,178,969
1727,THRESHOLD,0.106667,0.103292,0.3,1.5,4.033333333333333,0.355556,False,2246,*upaviṣṭi,6559,dēhalī́,4,12,7,13,0.5714285714285714,0.9230769230769231,0.375,0.3361111111111111,0,0,608,970
777,FLUTE,0.10625,0.067198,0.2,1.0,4.5,0.53125,False,12091,*vēḍu,11180-2,*vaṁsīl-,2,8,4,10,0.5,0.8,0.5,0.5625,0,0,923,971
1433,HIT,0.10625,0.087439,0.3,2.0,1.5,0.354167,False,13085,sájati,4857,cuṭáti,6,4,9,7,0.6666666666666666,0.5714285714285714,0.3333333333333333,0.375,0,0,712,972
31,PAN,0.10625,0.021688,0.2,1.0,3.0,0.53125,False,5768,tāpaka,5670,*tapaka,1,8,6,8,0.16666666666666666,1.0,1.0,0.375,0,0.3125,1600,973
1493,ONE,0.105528,0.08281,0.8733333333333334,16.5,4.366666666666667,0.120833,True,2462,ḗka,8074,pādiká,18,40,21,73,0.8571428571428571,0.547945205479452,0.9166666666666666,0.10916666666666668,0,0.7841666666666667,757,974
3207,GO UP OR RISE (ONESELF),0.105429,0.164348,0.5,2.5,2.583333333333333,0.210859,True,1900,*ut-stʰāti,4578,*caḍʰati,9,11,11,12,0.8181818181818182,0.9166666666666666,0.2777777777777778,0.23484848484848483,0,0.09090909090909091,356,975
1155,CAVE,0.105288,0.092412,0.3,1.5,5.333333333333334,0.350962,False,3873,kʰāni,4204,*guppʰā,4,13,8,15,0.5,0.8666666666666667,0.375,0.4102564102564103,0.08333333333333333,0,677,976
1794,FURROW,0.105,0.074246,0.3,1.5,2.3333333333333335,0.35,False,13428,sī́tā,2545,*ōḍā,3,10,6,10,0.5,1.0,0.5,0.23333333333333334,0,0.03333333333333333,842,977
1385,PEPPER,0.105,0.10583,0.3,4.0,1.5,0.35,False,9875,marīca,8205,píppala,4,5,5,7,0.8,0.7142857142857143,1.0,0.3,0,0.6,601,978
1303,FINGER,0.104762,0.087846,0.8,15.0,4.0,0.130952,True,135,aŋgúli,134,aŋgula,15,42,20,70,0.75,0.6,1.0,0.09523809523809523,0,0.8333333333333334,705,979
771,HAT,0.104029,0.140862,0.4,2.0,12.333333333333332,0.260073,True,3942,kʰōla,5481,*ṭōppa,7,13,8,19,0.875,0.6842105263157895,0.2857142857142857,0.9487179487179487,0.7142857142857143,0,429,980
1594,FLOUR,0.103877,0.176506,0.5,2.5,13.666666666666668,0.207755,True,492,apūpíya,1338,*ārta,16,18,19,21,0.8421052631578947,0.8571428571428571,0.15625,0.7592592592592593,0.5,0,331,981
1432,CUT,0.103824,0.130647,0.6208080808080808,4.116666666666666,3.104040404040404,0.167241,True,5046,*cʰindati,2854,kártati,14,17,15,26,0.9333333333333333,0.6538461538461539,0.294047619047619,0.18259061200237672,0.08333333333333333,0.058823529411764705,468,982
1585,SLEEP,0.103495,0.118116,0.5,2.5,8.7,0.206989,True,13929,*svāpra,13479,suptá,15,31,21,68,0.7142857142857143,0.45588235294117646,0.16666666666666666,0.2806451612903226,0.03333333333333333,0,528,983
1819,LOOK,0.103125,0.109083,0.5,2.5,5.0,0.20625,True,13743,*stʰarati,6507,*dr̩kṣati,10,16,13,44,0.7692307692307693,0.36363636363636365,0.25,0.3125,0.15,0,589,984
762,OUTSIDE,0.103125,0.165831,0.3,1.5,4.5,0.34375,True,9228,*bāhirima,9226,*bāhira,8,8,11,16,0.7272727272727273,0.5,0.1875,0.5625,0.0625,0,351,985
3978,COMPANION,0.102778,0.016821,0.2,1.0,1.5,0.513889,False,13366,*sārtʰin,13082,saŋgá,1,6,7,8,0.14285714285714285,0.75,1.0,0.25,0,0.2222222222222222,1654,986
1341,HEAT UP,0.1025,0.079796,0.2,1.0,5.25,0.5125,False,7641,*pakṣya,5771,tāpáyati,2,10,3,11,0.6666666666666666,0.9090909090909091,0.5,0.525,0,0,789,987
153,GREY,0.102381,0.072394,0.2,1.0,3.666666666666667,0.511905,False,4803,citrá,6870,dʰūsara,2,7,4,7,0.5,1.0,0.5,0.5238095238095238,0,0,852,988
1937,THERE,0.101786,0.098334,0.3,1.5,3.0,0.339286,True,228,átra,1564,ittʰám,6,7,10,18,0.6,0.3888888888888889,0.25,0.42857142857142855,0,0,646,989
694,GET,0.101136,0.182586,0.4,2.0,6.166666666666666,0.252841,True,10948,lábʰatē,8943,prāpayati,8,11,9,12,0.8888888888888888,0.9166666666666666,0.25,0.5606060606060606,0.22916666666666666,0.07575757575757575,311,990
2119,BOW STRING,0.100962,0.201923,0.4,9.0,2.0,0.252404,True,4190,guṇá,5660,tantí,13,8,13,8,1.0,1.0,0.6923076923076923,0.25,0,0.4375,254,991
523,BACK OF HEAD,0.100833,0.100833,0.2,1.0,5.083333333333333,0.504167,False,6747,dʰárati,8410,pōṣáyati,2,10,2,10,1.0,1.0,0.5,0.5083333333333333,0,0,616,992
1461,AT,0.1,0.026726,0.2,1.0,1.0,0.5,False,2830,kárṇa,9804,mádʰya,2,2,8,7,0.25,0.2857142857142857,0.5,0.5,0,0,1526,993
3894,ATTACH,0.1,0.057735,0.2,1.0,1.0,0.5,False,5420,*ṭakk,12898,sáṁdadʰāti,2,2,6,2,0.3333333333333333,1.0,0.5,0.5,0,0,1036,994
1276,AUTUMN,0.1,0.090749,0.2,14.0,1.0,0.5,False,12329,śarád,12402,śāradá,14,2,17,2,0.8235294117647058,1.0,1.0,0.5,0,0.5,690,995
3737,BAREFOOT,0.1,0.057735,0.2,1.0,2.0,0.5,False,6927,*nagnapadara,325,*anupānaha,2,4,6,4,0.3333333333333333,1.0,0.5,0.5,0,0,1037,996
1947,BASTARD,0.1,0.070711,0.2,1.0,1.0,0.5,False,5207,*jārakuḍa,10416,*yabdʰa,2,2,4,2,0.5,1.0,0.5,0.5,0,0,873,997
217,BETELNUT,0.1,0.027003,0.2,1.0,3.0,0.5,False,13482,*suppāra,4219,guvāka,1,7,2,12,0.5,0.5833333333333334,1.0,0.42857142857142855,0,0.42857142857142855,1523,998
1530,BOWL,0.1,0.100623,0.2,1.0,2.0,0.5,False,5481,*ṭōppa,13766,stʰālī́,3,3,5,4,0.6,0.75,0.3333333333333333,0.6666666666666666,0,0,618,999
2313,BRONZE,0.1,0.08165,0.2,1.0,1.0,0.5,False,13985,hárita,2987,kā́ṁsya,2,2,2,3,1.0,0.6666666666666666,0.5,0.5,0,0,769,1000
3283,CAGE,0.1,0.068139,0.2,1.0,13.0,0.5,False,3407,kū́pya,7685,pañjara,2,13,4,14,0.5,0.9285714285714286,0.5,1.0,0.5,0,913,1001
253,CARE FOR,0.1,0.057735,0.2,1.0,1.0,0.5,False,6791,dʰāráyati,6612,dyṓtatē,2,2,3,4,0.6666666666666666,0.5,0.5,0.5,0,0,1038,1002
992,CLIFF,0.1,0.044721,0.2,1.0,1.0,0.5,False,5629,taṭa,6153,dantaka,2,2,5,4,0.4,0.5,0.5,0.5,0,0,1237,1003
589,CLOSED,0.1,0.053452,0.2,2.0,1.0,0.5,False,9136,bandʰá,9267,*bucca,4,2,7,4,0.5714285714285714,0.5,0.5,0.5,0,0,1104,1004
2932,COLD (CHILL),0.1,0.070711,0.2,1.0,1.0,0.5,False,12487,śītalá,13677,stabdʰi,2,2,4,2,0.5,1.0,0.5,0.5,0,0,875,1005
990,CREEK (TIDAL),0.1,0.129904,0.2,1.0,4.0,0.5,False,6936,naḍá,3860,*kʰāḍa,3,6,4,6,0.75,1.0,0.3333333333333333,0.6666666666666666,0,0,472,1006
1367,CROSS,0.1,0.066667,0.2,2.0,1.0,0.5,False,10905,laŋgʰáyati,6912,nákṣati,4,2,6,3,0.6666666666666666,0.6666666666666666,0.5,0.5,0,0,935,1007
1943,CROWN (OF HEAD),0.1,0.020412,0.2,1.0,3.0,0.5,False,5803,tā́lu,10144,mukuṭa,1,8,6,8,0.16666666666666666,1.0,1.0,0.375,0,0.375,1619,1008
3973,DEPRESSED,0.1,0.1,0.2,1.0,1.0,0.5,False,6347,dīná,7548,nīpá,2,2,2,2,1.0,1.0,0.5,0.5,0,0,625,1009
1911,DRAW (WATER),0.1,0.057735,0.2,1.0,1.0,0.5,False,9397,bʰárati,3881,*kʰiñc,2,2,4,3,0.5,0.6666666666666666,0.5,0.5,0,0,1040,1010
1159,FART,0.1,0.018257,0.2,1.0,1.0,0.5,False,11524,*vāpayati,7931,parda,2,1,5,3,0.4,0.3333333333333333,0.5,1.0,0.5,0,1639,1011
288,FORGE,0.1,0.08165,0.2,1.0,1.0,0.5,False,65,agniṣṭʰá,9656,bʰráṣṭra,2,2,2,3,1.0,0.6666666666666666,0.5,0.5,0,0,770,1012
2648,HAIR (HEAD),0.1,0.11619,0.2,1.0,4.0,0.5,False,5075,*jakka,4883,cū́ḍa,3,6,5,6,0.6,1.0,0.3333333333333333,0.6666666666666666,0,0,545,1013
3115,HAMMER (SOMETHING),0.1,0.063246,0.2,1.0,3.0,0.5,False,6701,*dʰakk,5513,*ṭʰōkk,2,4,5,4,0.4,1.0,0.5,0.75,0.25,0,970,1014
1239,HOW,0.1,0.008492,0.2,1.0,1.0,0.5,False,3197,kīdr̩śa,8435,prakāra,1,3,8,13,0.125,0.23076923076923078,1.0,0.3333333333333333,0,0.3333333333333333,1723,1015
90,INNOCENT,0.1,0.040825,0.2,1.0,1.0,0.5,False,9539,*bʰulla,7452,*niścʰala,2,2,6,4,0.3333333333333333,0.5,0.5,0.5,0,0,1286,1016
3855,ITCH (CAUSE ITCHING OR FEEL ITCHY),0.1,0.055902,0.2,1.0,2.5,0.5,False,2979,*kaṣyatē,8095,pāmán,2,5,4,8,0.5,0.625,0.5,0.5,0,0,1068,1017
3454,KISS (NOUN),0.1,0.040825,0.2,1.0,1.0,0.5,False,4857,cuṭáti,10299,mr̩ṣṭá,2,1,3,1,0.6666666666666666,1.0,0.5,1.0,0.5,0,1288,1018
2471,LADY,0.1,0.056569,0.2,1.0,2.0,0.5,False,9492,bʰiṇḍā,6721,dʰanikā,2,4,5,5,0.4,0.8,0.5,0.5,0,0,1056,1019
3091,LEMON,0.1,0.020412,0.4,2.0,2.0,0.25,False,7247,nimbū,5130,jambīra,2,8,8,12,0.25,0.6666666666666666,1.0,0.25,0,0.75,1620,1020
3072,MISPLACE,0.1,0.063246,0.2,1.0,2.0,0.5,False,8310,*pusati,4028,gamáyati,2,4,4,5,0.5,0.8,0.5,0.5,0,0,971,1021
3695,MOVEMENT,0.1,0.08165,0.2,1.0,2.0,0.5,False,9078,*pʰirati,4769,cāla,2,4,3,4,0.6666666666666666,1.0,0.5,0.5,0,0,772,1022
1004,MUSCLE,0.1,0.057735,0.2,1.0,1.0,0.5,False,13794,*snāru,13784,snasā,2,2,4,3,0.5,0.6666666666666666,0.5,0.5,0,0,1044,1023
3691,NEW MOON,0.1,0.063246,0.2,1.0,2.0,0.5,False,5561,*ḍubb,565,amāvāsyā̀,2,4,4,5,0.5,0.8,0.5,0.5,0,0,972,1024
1354,NEXT,0.1,0.057735,0.2,1.0,1.0,0.5,False,1561,ítara,8371,pr̩ṣṭʰá,2,2,4,3,0.5,0.6666666666666666,0.5,0.5,0,0,1045,1025
3001,POWERFUL,0.1,0.015811,0.2,1.0,1.0,0.5,False,12249,śakta,2543,ōjmán,1,3,5,6,0.2,0.5,1.0,0.3333333333333333,0,0.3333333333333333,1665,1026
618,PRECIPICE,0.1,0.08165,0.2,1.0,2.5,0.5,False,9645,*bʰraṁśiṣṭʰa,2655,káḍāra,2,5,3,5,0.6666666666666666,1.0,0.5,0.5,0,0,773,1027
1314,QUIET,0.1,0.053452,0.2,1.0,3.0,0.5,False,9273,*butta,4864,*cuppa,2,6,6,7,0.3333333333333333,0.8571428571428571,0.5,0.5,0,0,1107,1028
1136,RABBIT,0.1,0.014434,0.2,1.0,2.0,0.5,False,12357,śaśá,3823,*kʰarabʰaka,1,5,6,10,0.16666666666666666,0.5,1.0,0.4,0,0.4,1679,1029
1962,ROAST (SOMETHING),0.1,0.061237,0.2,1.0,2.0,0.5,False,9684,bʰrāṣṭra,13581,*sēkk,3,3,9,6,0.3333333333333333,0.5,0.3333333333333333,0.6666666666666666,0,0,997,1030
1846,RULE,0.1,0.026726,0.2,1.0,2.0,0.5,False,10694,rājyá,12419,śā́sati,1,6,3,7,0.3333333333333333,0.8571428571428571,1.0,0.3333333333333333,0,0.3333333333333333,1527,1031
2519,SEEING (VISUAL SENSE),0.1,0.043301,0.2,1.0,3.0,0.5,False,10648,raśmí,6520,dŕ̩ṣṭi,2,6,8,8,0.25,0.75,0.5,0.5,0,0,1260,1032
2771,SHAWL,0.1,0.040825,0.2,1.0,1.0,0.5,False,168,añcala,8400,pōta,2,2,8,3,0.25,0.6666666666666666,0.5,0.5,0,0,1290,1033
1718,SIXTY,0.1,0.030619,0.2,1.0,12.0,0.5,False,6004,tráyōviṁśati,12804,ṣaṣṭí,2,12,16,16,0.125,0.75,0.5,1.0,0.5,0,1463,1034
2952,SLAB,0.1,0.05,0.2,1.0,1.0,0.5,False,7699,paṭṭa,8253,puṭa,1,2,1,2,1.0,1.0,1.0,0.5,0,0.5,1160,1035
2200,SNOUT,0.1,0.070711,0.2,1.0,2.0,0.5,False,9299,*būsta,5213,jā́la,2,4,4,4,0.5,1.0,0.5,0.5,0,0,888,1036
1176,SPADE,0.1,0.066144,0.2,1.0,7.0,0.5,False,2909,karṣí,3367,kuśī́,2,14,4,16,0.5,0.875,0.5,0.5,0,0,941,1037
1854,SPARROW,0.1,0.059216,0.2,1.0,4.0,0.5,False,7636,pakṣín,4571,caṭaka,3,4,7,11,0.42857142857142855,0.36363636363636365,0.3333333333333333,1.0,0.3333333333333333,0,1018,1038
53,SPIRIT,0.1,0.04714,0.2,1.0,1.0,0.5,False,10395,yakṣá,1116,ātapá,2,2,3,6,0.6666666666666666,0.3333333333333333,0.5,0.5,0,0,1206,1039
911,TEMPLE,0.1,0.056569,0.2,1.0,4.0,0.5,False,2849,kárṇikā,6524,dēvakula,2,8,5,10,0.4,0.8,0.5,0.5,0,0,1058,1040
513,THIS YEAR,0.1,0.01543,0.2,1.0,1.0,0.5,False,2537,aiṣámaḣ,268,adʰunā́,1,2,7,3,0.14285714285714285,0.6666666666666666,1.0,0.5,0,0.5,1671,1041
1742,TRAVERSE,0.1,0.08165,0.2,1.0,1.0,0.5,False,6429,durgá,7478,*niṣkalati,2,2,2,3,1.0,0.6666666666666666,0.5,0.5,0,0,774,1042
809,TROUSERS,0.1,0.04714,0.2,1.0,2.0,0.5,False,12071,*vr̩tʰa,13468,*suttʰanā,2,2,6,3,0.3333333333333333,0.6666666666666666,0.5,1.0,0.5,0,1207,1043
1695,TUESDAY,0.1,0.026726,0.2,1.0,1.0,0.5,False,9641,bʰaumavāra,9639,bʰauma,2,2,8,7,0.25,0.2857142857142857,0.5,0.5,0,0,1528,1044
431,UPPER ARM,0.1,0.123238,0.2,1.0,6.0,0.5,False,4118,gāḍʰa,9229,bāhú,3,9,4,10,0.75,0.9,0.3333333333333333,0.6666666666666666,0,0,500,1045
2072,USE (VERB),0.1,0.04714,0.2,1.0,1.0,0.5,False,2894,*karmayati,12203,*vyāparati,2,2,6,3,0.3333333333333333,0.6666666666666666,0.5,0.5,0,0,1208,1046
1836,VAGINA,0.1,0.066667,0.2,2.0,1.0,0.5,False,4860,*cutta,8379,*pēnda,4,2,6,3,0.6666666666666666,0.6666666666666666,0.5,0.5,0,0,938,1047
3637,WEAVER,0.1,0.040825,0.2,1.0,3.0,0.5,False,6529,dēvaṭa,5666,*tantrika,2,6,8,9,0.25,0.6666666666666666,0.5,0.5,0,0,1291,1048
1982,WHIRLPOOL,0.1,0.056569,0.2,1.0,4.0,0.5,False,9078,*pʰirati,9650,bʰramara,2,8,5,10,0.4,0.8,0.5,0.5,0,0,1059,1049
2477,YAK,0.1,0.057735,0.2,1.0,2.0,0.5,False,4097,*gavāṁgūtʰa,4677,camará,2,2,6,2,0.3333333333333333,1.0,0.5,1.0,0.5,0,1046,1050
3445,YARN,0.1,0.035355,0.2,1.0,1.0,0.5,False,13561,sū́tra,5661,tántu,1,2,2,2,0.5,1.0,1.0,0.5,0,0.5,1390,1051
76,YOUNG MAN,0.1,0.044721,0.2,1.0,1.0,0.5,False,9828,manuṣyà,5712,táruṇa,2,2,5,4,0.4,0.5,0.5,0.5,0,0,1239,1052
1831,MEET,0.098333,0.063474,0.2,1.0,4.833333333333333,0.491667,False,5592,*ḍʰukyati,9490,*bʰiṭ,2,10,4,12,0.5,0.8333333333333334,0.5,0.4833333333333333,0,0,967,1053
1419,FEAR (BE AFRAID),0.098152,0.204834,0.4,2.0,4.862301587301588,0.24538,True,9241,bibʰḗti,6186,dara,11,14,13,17,0.8461538461538461,0.8235294117647058,0.18181818181818182,0.34730725623582775,0.01515151515151515,0.023214285714285715,252,1054
3658,BELLOWS,0.098148,0.06584,0.2,1.0,4.333333333333333,0.490741,False,6732,dʰamana,9424,bʰástrā,2,9,4,10,0.5,0.9,0.5,0.48148148148148145,0,0,944,1055
2982,GIFT,0.09803,0.045087,0.2,1.0,5.283333333333333,0.490152,False,516,abʰijñāna,9490,*bʰiṭ,2,11,8,13,0.25,0.8461538461538461,0.5,0.4803030303030303,0,0,1233,1056
1965,LOINCLOTH,0.097889,0.069218,0.2,1.0,10.933333333333334,0.489444,False,10901,*laŋga,10903,*laŋgapaṭṭa,2,15,3,20,0.6666666666666666,0.75,0.5,0.7288888888888889,0.25,0,905,1057
1449,RUB,0.097527,0.140126,0.4,2.0,2.715909090909091,0.243819,True,9890,márdati,9870,*marati,7,13,9,15,0.7777777777777778,0.8666666666666667,0.2857142857142857,0.2089160839160839,0,0.006993006993006993,431,1058
1940,GUARD,0.0975,0.117274,0.3,1.75,1.5,0.325,True,10547,rákṣati,8900,prahara,5,5,8,6,0.625,0.8333333333333334,0.35,0.3,0,0,539,1059
1745,HIP,0.097143,0.13947,0.4,2.0,2.0,0.242857,True,12729,śrṓṇi,3353,*kulla,7,10,8,13,0.875,0.7692307692307693,0.2857142857142857,0.2,0,0,434,1060
979,FARMER,0.09697,0.041989,0.2,1.0,7.0,0.484848,False,4244,gr̩hastʰa,3447,kr̩ṣāṇa,3,11,12,33,0.25,0.3333333333333333,0.3333333333333333,0.6363636363636364,0,0,1268,1061
744,EGG,0.096955,0.108457,0.5,2.5,7.0,0.19391,True,13776,stʰūlá,5550,ḍimba,12,39,22,68,0.5454545454545454,0.5735294117647058,0.20833333333333334,0.1794871794871795,0,0,591,1062
972,BE ABLE,0.096635,0.075115,0.3,1.5,3.5,0.322115,False,9477,bʰāvayati,12252,śaknṓti,4,13,9,17,0.4444444444444444,0.7647058823529411,0.375,0.2692307692307692,0,0,826,1063
3812,COWARDLY,0.096429,0.078116,0.3,1.5,2.0,0.321429,False,6190,darati,7129,*niḣsāhasa,3,7,4,8,0.75,0.875,0.5,0.2857142857142857,0,0.14285714285714285,798,1064
824,WITCH,0.096429,0.09148,0.2,1.0,13.5,0.482143,False,4522,gʰōrá,5542,ḍākínī,3,14,7,15,0.42857142857142855,0.9333333333333333,0.3333333333333333,0.9642857142857143,0.3333333333333333,0,686,1065
1844,BOAT,0.09614,0.047382,0.4,2.0,5.083333333333334,0.240351,False,7081,nāvā́,5568,*ḍōŋga,3,19,6,22,0.5,0.8636363636363636,0.6666666666666666,0.26754385964912286,0,0.4535087719298246,1197,1066
605,GRAIN,0.096111,0.198969,0.4666666666666666,2.333333333333333,2.5,0.205952,True,9250,bī́ja,398,annā́dya,10,14,10,15,1.0,0.9333333333333333,0.2333333333333333,0.17857142857142858,0,0,261,1067
3282,GROOM,0.095893,0.128539,0.3,1.5,5.45,0.319643,True,5198,jā́mātr̩,11309,vará,6,14,11,17,0.5454545454545454,0.8235294117647058,0.25,0.3892857142857143,0,0,480,1068
2774,LITTLE FINGER,0.095833,0.059518,0.2,2.5,1.0,0.479167,False,2719,kaniṣṭʰā,2736,kanyasā,4,3,7,10,0.5714285714285714,0.3,0.625,0.3333333333333333,0,0,1014,1069
995,QUIVER (FOR ARROWS),0.095714,0.089533,0.2,1.0,3.2,0.478571,False,7047,nāḍī́,9424,bʰástrā,2,7,2,8,1.0,0.875,0.5,0.4571428571428572,0,0,699,1070
1414,SQUEEZE,0.0955,0.054833,0.3,1.5,1.8166666666666664,0.318333,False,8226,pīḍáyati,4674,*capp,3,10,7,13,0.42857142857142855,0.7692307692307693,0.5,0.18166666666666664,0,0.045,1081,1071
1815,ACHE,0.095,0.193918,0.2,4.5,1.0,0.475,True,12576,śūlatē,5330,jʰaṇajḣaṇāyatē,6,5,9,5,0.6666666666666666,1.0,0.75,0.2,0,0,270,1072
200,SAME,0.095,0.017491,0.2,1.0,4.5,0.475,False,8590,prátirūpa,f_odkzxsetllmtk,barābar,2,10,10,59,0.2,0.1694915254237288,0.5,0.45,0,0,1649,1073
1720,SIGN,0.09449,0.049346,0.2,1.0,10.592857142857143,0.472449,False,516,abʰijñāna,4833,cihna,2,21,7,22,0.2857142857142857,0.9545454545454546,0.5,0.504421768707483,0,0.05952380952380952,1166,1074
1348,BOAR (MALE PIG),0.094444,0.069752,0.2,1.0,4.0,0.472222,False,1321,āru,11325,varāhá,2,9,3,11,0.6666666666666666,0.8181818181818182,0.5,0.4444444444444444,0,0,899,1075
2534,DEPTH,0.094444,0.073156,0.2,1.0,4.0,0.472222,False,9280,bundʰa,13748,stʰāgʰa,2,9,3,10,0.6666666666666666,0.9,0.5,0.4444444444444444,0,0,849,1076
2704,FADE (LOOSE COLOR),0.094444,0.047222,0.2,1.0,1.3333333333333333,0.472222,False,11997,vísarati,3524,*kōmʰ,2,3,4,6,0.5,0.5,0.5,0.4444444444444444,0,0,1199,1077
160,SET (HEAVENLY BODIES),0.094444,0.095784,0.26666666666666666,1.3333333333333333,1.5,0.354167,False,9272,*buḍyati,3766,*kʰacyatē,4,4,7,5,0.5714285714285714,0.8,0.3333333333333333,0.375,0,0,660,1078
908,DRUM,0.094182,0.083337,0.37333333333333335,4.0,1.8666666666666667,0.252273,True,5608,ḍʰōla,5525,*ḍaŋka,5,11,9,14,0.5555555555555556,0.7857142857142857,0.8,0.1696969696969697,0,0.4651515151515152,753,1079
453,RAINY SEASON,0.09375,0.048412,0.2,1.0,3.5,0.46875,False,11398,varṣārātri,8964,prāvŕ̩ṣ,2,8,6,10,0.3333333333333333,0.8,0.5,0.4375,0,0,1180,1080
1817,WEST,0.09375,0.015625,0.2,1.0,2.5,0.46875,False,8007,paścimá,975,astamáyana,1,8,8,9,0.125,0.8888888888888888,1.0,0.3125,0,0.375,1668,1081
1150,THUNDER,0.093333,0.064807,0.2,1.0,3.0,0.466667,False,4045,*gargarāyati,4046,gárjati,3,5,7,10,0.42857142857142855,0.5,0.3333333333333333,0.6,0,0,954,1082
150,WORRY,0.093333,0.09037,0.2,1.0,3.0,0.466667,False,6248,dahyátē,6727,dʰandʰa,3,5,6,6,0.5,0.8333333333333334,0.3333333333333333,0.6,0,0,696,1083
1028,YAWN,0.093333,0.096609,0.4,3.0,2.0,0.233333,True,5265,jŕ̩mbʰatē,14058,hāyi,6,10,9,14,0.6666666666666666,0.7142857142857143,0.5,0.2,0,0.2333333333333333,657,1084
1361,TOOL,0.093182,0.047687,0.2,1.0,4.75,0.465909,False,4236,gr̩bʰāyáti,14027,*hastakāra,2,11,6,14,0.3333333333333333,0.7857142857142857,0.5,0.4318181818181818,0,0,1192,1085
1633,FLAT,0.092857,0.040946,0.2,1.0,3.0,0.464286,False,13747,stʰávira,4818,cipiṭá,2,7,8,9,0.25,0.7777777777777778,0.5,0.42857142857142855,0,0,1281,1086
1049,MOLAR TOOTH,0.092857,0.08686,0.2,1.0,6.0,0.464286,False,2755,kapōlá,6250,*dāṁṣṭra,2,14,2,16,1.0,0.875,0.5,0.42857142857142855,0,0,715,1087
3702,SLIPPERY,0.092857,0.047281,0.2,1.0,3.0,0.464286,False,8242,pī́van,8152,piccʰala,2,7,6,9,0.3333333333333333,0.7777777777777778,0.5,0.42857142857142855,0,0,1198,1088
1257,WING,0.092826,0.104512,0.3,1.5,8.333333333333332,0.30942,True,8025,pākṣa,5535,ḍayana,5,23,9,28,0.5555555555555556,0.8214285714285714,0.3,0.3623188405797101,0,0.043478260869565216,606,1089
1280,FALL,0.092583,0.175501,0.42857142857142855,2.142857142857143,7.2027777777777775,0.216026,True,4074,galati,7722,pátati,11,18,15,20,0.7333333333333333,0.9,0.1948051948051948,0.4001543209876543,0.13636363636363635,0.026543209876543208,334,1090
3349,WRISTWATCH,0.092424,0.086895,0.2,1.0,6.5,0.462121,False,6507,*dr̩kṣati,5175,jā́grati,3,11,7,12,0.42857142857142855,0.9166666666666666,0.3333333333333333,0.5909090909090909,0,0,714,1091
626,LAND,0.092308,0.114156,0.2,1.0,12.0,0.461538,False,3735,kṣḗtra,9557,bʰū́mi,4,13,8,17,0.5,0.7647058823529411,0.25,0.9230769230769231,0.25,0,558,1092
2035,POND,0.092308,0.115549,0.4,2.0,2.333333333333333,0.230769,True,5578,*ḍʰaṇḍʰa,8425,pauṣkara,6,13,8,14,0.75,0.9285714285714286,0.3333333333333333,0.17948717948717946,0,0.05128205128205128,548,1093
1492,DUMB,0.091919,0.08349,0.26666666666666666,1.3333333333333333,5.033333333333333,0.344697,False,9238,*biḍḍa,4171,*guŋga,4,11,10,12,0.4,0.9166666666666666,0.3333333333333333,0.4575757575757576,0.08333333333333333,0.018181818181818184,751,1094
1437,SPLIT,0.091749,0.145639,0.3666666666666667,1.8333333333333335,4.066666666666666,0.250223,True,9058,pʰálati,13845,*spʰuṭyati,7,16,9,18,0.7777777777777778,0.8888888888888888,0.2619047619047619,0.25416666666666665,0,0.015625,409,1095
806,BLANKET,0.091667,0.036944,0.36666666666666664,3.0,1.8333333333333333,0.25,False,2771,kambalá,6502,dūrśá,3,11,8,17,0.375,0.6470588235294118,1.0,0.16666666666666666,0,0.6666666666666667,1354,1096
526,HOWL,0.091667,0.074846,0.2,1.0,1.3333333333333333,0.458333,False,10840,rōdati,10935,lápati,2,2,3,2,0.6666666666666666,1.0,0.5,0.6666666666666666,0.25,0,840,1097
1178,NOSTRIL,0.091667,0.06365,0.2,2.0,1.0,0.458333,False,7031,nasta,8398,*pōḍa,3,4,8,7,0.375,0.5714285714285714,0.6666666666666666,0.25,0,0,965,1098
1543,SNAIL,0.091667,0.044465,0.2,1.0,5.0,0.458333,False,5570,ḍōmba,4514,gʰōŋgʰa,2,12,6,17,0.3333333333333333,0.7058823529411765,0.5,0.4166666666666667,0,0,1241,1099
79,WASTE,0.091667,0.071362,0.2,1.0,4.166666666666666,0.458333,False,7087,nāśáyati,3651,kṣapayati,2,10,3,11,0.6666666666666666,0.9090909090909091,0.5,0.41666666666666663,0,0,864,1100
2470,DEAR,0.091204,0.052656,0.2,1.0,4.833333333333333,0.456019,False,11030,lālya,8975,priyakāra,2,9,6,9,0.3333333333333333,1.0,0.5,0.537037037037037,0.125,0,1124,1101
612,HEAT,0.091136,0.14376,0.4,2.0,2.7095238095238097,0.227839,True,5684,tápyati,635,arcís,7,13,8,14,0.875,0.9285714285714286,0.2857142857142857,0.20842490842490843,0,0.038461538461538464,421,1102
820,LAMB,0.091071,0.123742,0.3,2.5,1.5,0.303571,True,9263,*bukka,11116,*lēlla,7,6,13,7,0.5384615384615384,0.8571428571428571,0.35714285714285715,0.25,0,0,497,1103
189,HAIR (BODY),0.091026,0.136538,0.2,1.0,7.499999999999999,0.455128,False,6623,dravá,10851,rṓman,3,13,3,13,1.0,1.0,0.3333333333333333,0.5769230769230769,0,0,448,1104
1097,ABANDON,0.090476,0.084633,0.2,1.0,4.0,0.452381,False,4157,*giḍḍ,4998,cʰárdati,3,7,6,9,0.5,0.7777777777777778,0.3333333333333333,0.5714285714285714,0,0,743,1105
1557,BEGINNING,0.090476,0.046068,0.2,1.0,2.833333333333333,0.452381,False,10191,muṇḍa,1307,ārambʰá,2,7,6,9,0.3333333333333333,0.7777777777777778,0.5,0.4047619047619047,0,0,1220,1106
3320,SNARE (TRAP),0.090476,0.121387,0.26666666666666666,1.3333333333333333,3.0,0.339286,False,2336,*ubdʰrikā,5213,jā́la,4,7,5,7,0.8,1.0,0.3333333333333333,0.42857142857142855,0.08333333333333333,0,514,1107
998,PUT,0.090455,0.253188,0.3,1.5,4.666666666666666,0.301515,True,6145,dádʰāti,10547,rákṣati,11,10,13,12,0.8461538461538461,0.8333333333333334,0.13636363636363635,0.4666666666666666,0,0,180,1108
2432,MARRIAGE,0.090278,0.085173,0.2,1.0,10.833333333333332,0.451389,False,5118,janyayātrā,11920,vivāhá,3,12,7,13,0.42857142857142855,0.9230769230769231,0.3333333333333333,0.9027777777777777,0.3333333333333333,0,736,1109
1807,AFTERNOON,0.09,0.025873,0.2,1.0,2.0,0.45,False,6328,dina,11625,vikāla,2,5,11,11,0.18181818181818182,0.45454545454545453,0.5,0.4,0,0,1542,1110
1810,DANGER,0.09,0.047434,0.2,1.0,2.0,0.45,False,3646,kṣati,10527,yōgakṣēmá,2,5,4,9,0.5,0.5555555555555556,0.5,0.4,0,0,1194,1111
284,HOE,0.09,0.118019,0.3,1.5,6.5,0.3,True,2909,karṣí,3286,kuddāla,5,13,7,15,0.7142857142857143,0.8666666666666667,0.3,0.5,0.2,0,529,1112
3403,HORSE BARN,0.09,0.073485,0.2,1.0,2.0,0.45,False,9442,bʰāṇḍāgāra,13753,stʰā́na,2,5,3,5,0.6666666666666666,1.0,0.5,0.4,0,0,847,1113
2628,PLANT STEM,0.09,0.048338,0.3,1.5,2.0,0.3,False,6128,daṇḍá,3023,kā́ṇḍa,3,10,8,13,0.375,0.7692307692307693,0.5,0.2,0,0.1,1181,1114
299,SCOLD,0.09,0.050312,0.2,1.0,2.0,0.45,False,6580,dṓdʰant,5476,*ṭōkk,2,5,4,8,0.5,0.625,0.5,0.4,0,0,1150,1115
3424,SHEATH,0.09,0.056921,0.2,1.0,2.0,0.45,False,2547,*ōḍḍʰ,3944,kʰōli,2,5,5,5,0.4,1.0,0.5,0.4,0,0,1051,1116
3902,TRUST (SOMEBODY),0.09,0.019188,0.2,1.0,2.6666666666666665,0.45,False,8640,pratyaya,11966,viśvāsa,1,10,5,11,0.2,0.9090909090909091,1.0,0.26666666666666666,0,0.36666666666666664,1633,1117
1444,TURN AROUND,0.09,0.062106,0.2,2.0,1.0,0.45,False,7872,párivartatē,9648,bʰrámati,5,2,7,3,0.7142857142857143,0.6666666666666666,0.4,0.5,0,0,982,1118
1327,UNCLE,0.09,0.040658,0.2,2.0,1.0,0.45,False,8188,pítriya,4734,*cācca,5,2,7,7,0.7142857142857143,0.2857142857142857,0.4,0.5,0,0,1295,1119
1398,DRY,0.089836,0.106897,0.6,3.0,28.333333333333336,0.149726,True,12559,śúṣyati,12548,śúṣka,19,40,21,71,0.9047619047619048,0.5633802816901409,0.15789473684210525,0.7083333333333334,0.5438596491228069,0.02291666666666666,596,1120
2510,PORCUPINE,0.089773,0.146598,0.4,2.0,7.0,0.224432,True,12353,śályaka,12766,śvāvídʰ,8,11,11,12,0.7272727272727273,0.9166666666666666,0.25,0.6363636363636364,0.4375,0,406,1121
1454,WIPE,0.089394,0.12104,0.2,1.0,7.083333333333333,0.44697,False,866,*avastarati,9011,prōñcʰati,4,11,6,16,0.6666666666666666,0.6875,0.25,0.6439393939393939,0,0,516,1122
1463,DRUNK,0.089286,0.059057,0.3,1.5,1.5,0.297619,False,3694,kṣība,4956,*cʰakka,3,7,6,8,0.5,0.875,0.5,0.21428571428571427,0,0.11904761904761904,1020,1123
252,FRIGHTEN,0.088889,0.08528,0.2,1.0,5.0,0.444444,False,9515,bʰīyatē,6190,darati,3,9,6,11,0.5,0.8181818181818182,0.3333333333333333,0.5555555555555556,0,0,735,1124
3076,SLOPE,0.088889,0.120281,0.26666666666666666,2.0,1.3333333333333333,0.333333,True,6644,drōṇī,1769,uttáraṇa,5,5,8,6,0.625,0.8333333333333334,0.4,0.26666666666666666,0,0,518,1125
1086,WORK (ACTIVITY),0.088889,0.016538,0.2,1.0,2.333333333333333,0.444444,False,2897,*karmāpayati,13849,spʰuráti,1,9,5,13,0.2,0.6923076923076923,1.0,0.25925925925925924,0,0.3703703703703704,1659,1126
1077,WHEAT,0.088803,0.067,1,18.5,5.0,0.088803,True,4287,gōdʰū́ma,2665,kaṇika,21,37,21,65,1.0,0.5692307692307692,0.8809523809523809,0.13513513513513514,0.09523809523809523,0.7432432432432432,928,1127
727,WHICH,0.08875,0.086039,0.2,5.5,1.0,0.44375,True,3164,kím,2575,kaḥ punar,8,5,14,19,0.5714285714285714,0.2631578947368421,0.6875,0.2,0,0,729,1128
175,BLOW (OF WIND),0.08854,0.118732,0.42857142857142855,3.25,2.142857142857143,0.206593,True,9102,*pʰūtka,5513,*ṭʰōkk,7,13,9,15,0.7777777777777778,0.8666666666666667,0.4642857142857143,0.16483516483516483,0.03571428571428571,0.18021978021978027,524,1129
729,DAWN,0.088525,0.145039,0.3333333333333333,1.6666666666666665,6.06111111111111,0.265575,True,11120,*lōka,9634,*bʰōrā,7,20,10,23,0.7,0.8695652173913043,0.23809523809523808,0.3030555555555555,0,0.01,411,1130
1306,QUEEN,0.088462,0.053913,0.2,1.0,11.5,0.442308,False,13519,suvárṇa,10692,rā́jñī,2,13,5,14,0.4,0.9285714285714286,0.5,0.8846153846153846,0.5,0,1098,1131
681,DESTROY,0.088426,0.095576,0.2,3.0,1.0,0.44213,False,7087,nāśáyati,3679,kṣārayati,3,9,4,13,0.75,0.6923076923076923,1.0,0.1111111111111111,0,0.22685185185185183,661,1132
1188,CHARCOAL,0.088333,0.135497,0.2,1.0,9.5,0.441667,False,3055,*kāra,3484,kōkila,4,15,6,17,0.6666666666666666,0.8823529411764706,0.25,0.6333333333333333,0,0,450,1133
3111,CONDUCT,0.0875,0.0875,0.2,1.0,1.5,0.4375,False,2151,*upakṣajyati,4691,carítra,2,4,2,4,1.0,1.0,0.5,0.375,0,0,709,1134
2998,DAMP,0.0875,0.047629,0.2,1.0,3.0,0.4375,False,3552,*kōṣma,9502,*bʰiyajyatē,2,8,6,9,0.3333333333333333,0.8888888888888888,0.5,0.375,0,0,1193,1135
2316,FREE,0.0875,0.052175,0.2,1.0,3.0,0.4375,False,2061,údricyatē,10157,*mukna,2,8,5,9,0.4,0.8888888888888888,0.5,0.375,0,0,1128,1136
280,RIDGEPOLE,0.0875,0.0875,0.2,1.0,1.5,0.4375,False,11403,vala,11221,*vaḍabʰidaṇḍa,2,4,2,4,1.0,1.0,0.5,0.375,0,0,710,1137
365,SPLASH,0.0875,0.050518,0.2,1.0,1.5,0.4375,False,8351,*pr̩kṣati,5035,*cʰiṭ,2,4,6,4,0.3333333333333333,1.0,0.5,0.375,0,0,1144,1138
1614,SUMMIT,0.0875,0.078262,0.2,1.0,1.5,0.4375,False,5603,*ḍʰōkka,9926,masta,2,4,2,5,1.0,0.8,0.5,0.375,0,0,797,1139
352,UNTIE,0.0875,0.046771,0.2,1.5,1.0,0.4375,False,11895,*vilāgayati,3747,kṣōṭayati,4,2,7,4,0.5714285714285714,0.5,0.375,0.5,0,0,1215,1140
1473,FIST,0.087051,0.165576,0.4666666666666666,9.5,2.333333333333333,0.186538,True,10221,muṣṭí,4498,*gʰūssa,10,13,11,15,0.9090909090909091,0.8666666666666667,0.95,0.17948717948717946,0,0.7564102564102563,352,1141
1882,BEFORE,0.087037,0.017069,0.2,1.0,3.333333333333333,0.435185,False,8820,praṣṭʰa,68,ágra,2,9,13,36,0.15384615384615385,0.25,0.5,0.37037037037037035,0,0,1652,1142
1635,OBEY,0.087037,0.064281,0.2,1.0,7.833333333333333,0.435185,False,9837,mantráyatē,9857,mányatē,2,9,3,11,0.6666666666666666,0.8181818181818182,0.5,0.8703703703703703,0.5,0,960,1143
3896,ROAR,0.087,0.050229,0.2,1.0,3.7,0.435,False,6731,dʰámati,4046,gárjati,2,10,6,10,0.3333333333333333,1.0,0.5,0.37,0,0,1151,1144
256,FOOD,0.086458,0.149604,0.4,2.0,2.9166666666666665,0.216146,True,491,apūpá,1544,āhāra,8,16,9,19,0.8888888888888888,0.8421052631578947,0.25,0.18229166666666666,0,0,395,1145
1213,YOU,0.086429,0.071389,0.6000000000000001,6.833333333333333,3.0000000000000004,0.144048,True,10511,yuṣmad,1135,ātmán,14,25,19,75,0.7368421052631579,0.3333333333333333,0.4880952380952381,0.12000000000000002,0,0.32,863,1146
1830,CRANE,0.086364,0.056175,0.2,1.0,4.5,0.431818,False,3597,krúñca,13359,sārasa,2,11,4,13,0.5,0.8461538461538461,0.5,0.4090909090909091,0,0.045454545454545456,1063,1147
1476,CHAIR,0.08625,0.07132,0.3,1.5,3.0,0.2875,False,1484,ā́sana,9715,mañca,4,10,8,13,0.5,0.7692307692307693,0.375,0.3,0,0.1,865,1148
2214,AFFAIR,0.085714,0.099591,0.2,1.0,6.0,0.428571,False,9834,mántra,11564,vārtta,3,7,5,7,0.6,1.0,0.3333333333333333,0.8571428571428571,0.3333333333333333,0,638,1149
481,DISH,0.085714,0.047809,0.2,1.0,2.5,0.428571,False,9440,bʰāṇḍa,13766,stʰālī́,2,7,5,9,0.4,0.7777777777777778,0.5,0.35714285714285715,0,0,1191,1150
569,SPOIL (BECOME SPOILED),0.085714,0.056695,0.2,1.0,2.5,0.428571,False,6248,dahyátē,7654,pacyátē,2,7,4,8,0.5,0.875,0.5,0.35714285714285715,0,0,1055,1151
133,WEAVE,0.085556,0.154343,0.4,2.0,6.5,0.213889,True,5663,tántra,11773,*vināti,9,10,10,14,0.9,0.7142857142857143,0.2222222222222222,0.65,0.4444444444444444,0,381,1152
3274,ENCIRCLE,0.085417,0.055918,0.2,1.0,4.25,0.427083,False,7801,párikrāmati,12132,vēṣṭáyati,2,12,4,14,0.5,0.8571428571428571,0.5,0.3541666666666667,0,0,1065,1153
1562,MIND,0.085,0.049075,0.2,1.0,3.5,0.425,False,5271,jṓṣati,4799,cittá,2,10,5,12,0.4,0.8333333333333334,0.5,0.35,0,0,1172,1154
961,PEBBLES,0.085,0.060104,0.2,1.0,4.5,0.425,False,11348,*varta,2820,karkara,2,10,4,10,0.5,1.0,0.5,0.45,0,0.1,1007,1155
2554,PRINCE (RULER),0.085,0.019007,0.2,1.0,2.833333333333333,0.425,False,10679,rā́jan,3303,kumārá,1,10,5,10,0.2,1.0,1.0,0.2833333333333333,0,0.4333333333333333,1635,1156
1316,TENT,0.085,0.046791,0.2,1.0,8.5,0.425,False,4202,gúpti,5564,*ḍēra,2,10,6,11,0.3333333333333333,0.9090909090909091,0.5,0.85,0.5,0,1214,1157
1923,ROUGH,0.084872,0.047218,0.2,1.0,4.533333333333333,0.424359,False,3819,kʰára,3855,*kʰasa,2,13,6,14,0.3333333333333333,0.9285714285714286,0.5,0.3487179487179487,0,0,1200,1158
554,HINDER,0.084375,0.068892,0.2,1.0,2.75,0.421875,False,7732,*patta,10827,*rōkk,2,8,3,8,0.6666666666666666,1.0,0.5,0.34375,0,0,906,1159
849,SPRING (OF WATER),0.084286,0.139374,0.2,3.5,1.0,0.421429,True,1869,útsa,5380,*jʰāladʰāraka,5,7,10,8,0.5,0.875,0.7,0.14285714285714285,0,0,435,1160
2299,STRAW,0.083995,0.122981,0.4,2.0,3.0595238095238093,0.209987,True,5892,túṣa,7958,pálāla,7,18,9,20,0.7777777777777778,0.9,0.2857142857142857,0.16997354497354497,0,0.03571428571428571,504,1161
1453,WASH,0.083889,0.128029,0.4,2.0,3.833333333333334,0.209722,True,3719,*kṣupyatē,6886,*dʰauvati,10,12,14,23,0.7142857142857143,0.5217391304347826,0.2,0.3194444444444445,0.1,0,483,1162
1413,PLAY,0.083761,0.185909,0.26666666666666666,1.3333333333333333,6.0,0.314103,True,7583,nŕ̩tyati,3918,*kʰēḍ,8,13,10,19,0.8,0.6842105263157895,0.16666666666666666,0.46153846153846156,0,0,302,1163
1423,FIGHT,0.083667,0.034592,0.2,1.0,3.3666666666666667,0.418333,False,11668,vigraha,10502,yúdʰyatē,2,10,9,13,0.2222222222222222,0.7692307692307693,0.5,0.33666666666666667,0,0,1401,1164
48,BE SILENT,0.083333,0.034021,0.2,1.0,1.0,0.416667,False,4864,*cuppa,9723,*maṭṭa,2,3,6,6,0.3333333333333333,0.5,0.5,0.3333333333333333,0,0,1411,1165
88,BEEHIVE,0.083333,0.037268,0.2,1.0,1.0,0.416667,False,712,alikula,9784,mádʰu,2,3,5,6,0.4,0.5,0.5,0.3333333333333333,0,0,1348,1166
1816,BESIDE,0.083333,0.063387,0.2,1.0,3.0,0.416667,False,4251,gēhá,7685,pañjara,3,6,5,14,0.6,0.42857142857142855,0.3333333333333333,0.5,0,0,969,1167
3257,CLITORIS,0.083333,0.068041,0.2,1.0,1.0,0.416667,False,9291,buli,9732,maṇi,2,3,3,3,0.6666666666666666,1.0,0.5,0.3333333333333333,0,0,915,1168
581,COME BACK,0.083333,0.040291,0.2,1.0,3.0,0.416667,False,2240,upavartatē,12192,*vyāgʰuṭati,2,9,7,11,0.2857142857142857,0.8181818181818182,0.5,0.3333333333333333,0,0,1298,1169
3215,CREEP,0.083333,0.048795,0.2,1.0,2.0,0.416667,False,5836,tíllati,13497,*sur,2,6,5,7,0.4,0.8571428571428571,0.5,0.3333333333333333,0,0,1177,1170
2978,DISTANCE,0.083333,0.231455,0.2,12.0,1.0,0.416667,True,6495,dūrá,7785,pántʰā,12,6,12,7,1.0,0.8571428571428571,1.0,0.16666666666666666,0,0.3333333333333333,214,1171
586,GARDEN,0.083333,0.05234,0.2,1.0,7.5,0.416667,False,3862,kʰātá,11480,vāṭa,3,9,11,14,0.2727272727272727,0.6428571428571429,0.3333333333333333,0.8333333333333334,0.3333333333333333,0,1127,1172
2819,GRASSLAND,0.083333,0.111803,0.2,4.0,1.0,0.416667,False,9886,*marja,8864,prastārá,8,3,10,3,0.8,1.0,0.5,0.3333333333333333,0,0,570,1173
1945,IDOL,0.083333,0.045644,0.2,1.0,3.5,0.416667,False,5514,*ṭʰōbba,5488,ṭʰakkura,2,6,5,8,0.4,0.75,0.5,0.5833333333333334,0.25,0,1223,1174
844,KIND (THING),0.083333,0.051031,0.2,1.0,1.0,0.416667,False,5276,jñātí,9338,bʰaktí,2,3,4,4,0.5,0.75,0.5,0.3333333333333333,0,0,1141,1175
3916,PLEASURE,0.083333,0.068041,0.2,1.0,1.0,0.416667,False,4730,*cassakk,8822,prasatti,3,2,3,3,1.0,0.6666666666666666,0.3333333333333333,0.5,0,0,916,1176
291,PULL OFF (SKIN),0.083333,0.100223,0.2,1.0,3.0,0.416667,False,4843,cī́ra,3848,kʰalla,3,6,4,7,0.75,0.8571428571428571,0.3333333333333333,0.5,0,0,619,1177
106,SATIATED,0.083333,0.108253,0.2,1.0,2.0,0.416667,False,9058,pʰálati,6890,dʰrā́yati,3,4,4,4,0.75,1.0,0.3333333333333333,0.5,0,0,592,1178
2834,SCROTUM,0.083333,0.068041,0.2,1.0,1.0,0.416667,False,3331,kulaka,9289,*bura,2,3,3,3,0.6666666666666666,1.0,0.5,0.3333333333333333,0,0,917,1179
1521,SEEM,0.083333,0.058926,0.2,1.0,3.0,0.416667,False,8012,páśyati,9481,bʰā́sati,2,9,4,9,0.5,1.0,0.5,0.3333333333333333,0,0,1023,1180
598,SHELL,0.083333,0.075761,0.2,1.0,3.0,0.416667,False,7733,páttra,13417,*sippī,3,6,7,7,0.42857142857142855,0.8571428571428571,0.3333333333333333,0.5,0,0,820,1181
1558,SIMILAR,0.083333,0.059293,0.2,1.0,3.0,0.416667,False,5888,túlya,1611,īdŕ̩śa,3,6,8,10,0.375,0.6,0.3333333333333333,0.5,0,0,1017,1182
709,TEACH,0.083333,0.048113,0.2,1.0,1.0,0.416667,False,13426,sī́kṣatē,14116,*hilati,2,3,3,6,0.6666666666666666,0.5,0.5,0.3333333333333333,0,0,1188,1183
1400,THIN (SLIM),0.083333,0.034021,0.2,1.0,1.0,0.416667,False,8242,pī́van,8152,piccʰala,2,3,4,9,0.5,0.3333333333333333,0.5,0.3333333333333333,0,0,1412,1184
3222,TWIG,0.083333,0.116642,0.2,1.0,3.5,0.416667,False,5400,jʰuṇṭa,5546,ḍāla,4,6,7,7,0.5714285714285714,0.8571428571428571,0.25,0.5833333333333334,0,0,543,1185
1368,BREAD,0.083175,0.11314,0.26666666666666666,5.0,1.3333333333333333,0.311905,True,4321,gōla,10837,*rōṭṭa,14,5,19,7,0.7368421052631579,0.7142857142857143,0.35714285714285715,0.26666666666666666,0,0,562,1186
1344,RAM,0.083056,0.147438,0.4666666666666666,7.5,2.333333333333333,0.177976,True,10310,mēṇḍʰa,9606,bʰēḍra,14,10,17,12,0.8235294117647058,0.8333333333333334,0.5357142857142857,0.2333333333333333,0.07142857142857142,0.3416666666666667,404,1187
991,FRY,0.082051,0.055909,0.2,1.0,4.166666666666666,0.410256,False,9684,bʰrāṣṭra,5736,*talati,2,13,4,14,0.5,0.9285714285714286,0.5,0.3205128205128205,0,0,1066,1188
1014,OR,0.081818,0.01599,0.2,1.0,3.0,0.409091,False,3164,kím,11466,vā,1,11,6,12,0.16666666666666666,0.9166666666666666,1.0,0.2727272727272727,0,0.45454545454545453,1660,1189
2099,CHILD,0.08172,0.105843,0.4,2.0,7.499999999999999,0.204301,True,3245,*kuḍa,5070,*cʰōkara,12,31,21,66,0.5714285714285714,0.4696969696969697,0.16666666666666666,0.24193548387096772,0,0,600,1190
3747,SHAPE,0.081667,0.019467,0.2,1.0,1.8333333333333333,0.408333,False,5538,*ḍavala,4407,gʰáṭaṭē,1,10,4,11,0.25,0.9090909090909091,1.0,0.18333333333333332,0,0.36666666666666664,1627,1191
519,SPOT,0.081429,0.05078,0.2,1.0,2.2,0.407143,False,9240,bindú,5529,*ḍabba,2,7,4,9,0.5,0.7777777777777778,0.5,0.31428571428571433,0,0,1143,1192
584,DIFFICULT,0.08125,0.029108,0.2,1.0,3.75,0.40625,False,11931,*viśakti,414,apakṣá,2,12,11,17,0.18181818181818182,0.7058823529411765,0.5,0.3125,0,0,1486,1193
2008,RESCUE,0.08125,0.038302,0.2,1.0,2.5,0.40625,False,10182,muñcáti,11208,váñcati,2,8,6,12,0.3333333333333333,0.6666666666666666,0.5,0.3125,0,0,1329,1194
344,TREE TRUNK,0.08125,0.048996,0.2,1.0,2.5,0.40625,False,5551,ḍimba,10191,muṇḍa,2,8,4,11,0.5,0.7272727272727273,0.5,0.3125,0,0,1174,1195
1456,THROW,0.081212,0.163962,0.4,3.0,2.0,0.20303,True,5735,talati,10640,*ral,11,15,11,23,1.0,0.6521739130434783,0.2727272727272727,0.13333333333333333,0,0,357,1196
379,BLUNT,0.081019,0.160109,0.4,2.0,3.4916666666666667,0.202546,True,9263,*bukka,9532,*bʰutta,9,18,10,21,0.9,0.8571428571428571,0.2222222222222222,0.19398148148148148,0,0.011111111111111112,365,1197
833,ENDURE,0.080556,0.073995,0.2,1.0,4.25,0.402778,False,6791,dʰāráyati,13304,sáhatē,3,9,8,9,0.375,1.0,0.3333333333333333,0.4722222222222222,0,0,844,1198
1771,TASTELESS,0.080333,0.088995,0.2,1.0,4.7,0.401667,False,7388,*nirlāvaṇya,9037,pʰakka,3,10,5,11,0.6,0.9090909090909091,0.3333333333333333,0.47000000000000003,0,0,701,1199
1993,SELF,0.080159,0.212321,0.2,1.0,8.5,0.400794,True,9102,*pʰūtka,1135,ātmán,7,9,10,11,0.7,0.8181818181818182,0.14285714285714285,0.9444444444444444,0.2857142857142857,0,242,1200
1187,GOOSE,0.08,0.033806,0.4,2.0,2.0,0.2,False,13937,haṁsá,8109,pā́rāvata,2,10,2,14,1.0,0.7142857142857143,1.0,0.2,0,0.8,1413,1201
3984,THESE (PLURAL OF THIS),0.08,0.028823,0.2,1.0,12.0,0.4,False,972,asáu,2530,ēṣá,3,15,15,52,0.2,0.28846153846153844,0.3333333333333333,0.8,0.3333333333333333,0,1500,1202
2223,BE ANGRY,0.079798,0.052634,0.26666666666666666,1.5,1.3333333333333333,0.299242,False,10857,rṓṣati,3598,kruddʰá,3,11,6,16,0.5,0.6875,0.5,0.1212121212121212,0,0.022727272727272728,1125,1203
127,EXTINGUISH,0.079167,0.047206,0.2,1.0,2.333333333333333,0.395833,False,9133,badʰnā́ti,11703,*vijjʰāyati,2,8,5,9,0.4,0.8888888888888888,0.5,0.29166666666666663,0,0,1202,1204
2398,MANGO,0.079032,0.022137,0.7,5.0,3.5,0.112903,True,1268,āmrá,3475,kēsarin,5,31,16,63,0.3125,0.49206349206349204,1.0,0.11290322580645161,0,0.8870967741935484,1598,1205
1588,TURN,0.078698,0.09075,0.3902380952380952,2.083333333333333,1.9511904761904761,0.201667,True,11547,vāra,8041,*pāḍi,6,15,10,16,0.6,0.9375,0.34722222222222215,0.13007936507936507,0,0.07396825396825397,689,1206
398,PIERCE,0.078485,0.044,0.2,1.0,3.1333333333333333,0.392424,False,227,átyēti,11784,*vindʰati,2,11,5,14,0.4,0.7857142857142857,0.5,0.28484848484848485,0,0,1247,1207
686,EASY,0.078125,0.065881,0.25,2.0,1.25,0.3125,False,13460,sugʰaṭa,3526,*kōra,4,10,9,16,0.4444444444444444,0.625,0.5,0.125,0,0,943,1208
1403,BITE,0.077976,0.070467,0.3,1.5,5.5,0.259921,True,4675,*cappayati,2854,kártati,7,18,14,60,0.5,0.3,0.21428571428571427,0.3055555555555556,0,0,891,1209
1465,BOX,0.077778,0.054997,0.2,1.0,2.6666666666666665,0.388889,False,13755,stʰāpana,8164,piṭaka,3,6,9,9,0.3333333333333333,0.6666666666666666,0.3333333333333333,0.4444444444444444,0,0,1080,1210
1992,MORE,0.077273,0.044955,0.2,1.0,3.0,0.386364,False,10151,mukta,13094,*sajjʰila,2,11,5,13,0.4,0.8461538461538461,0.5,0.2727272727272727,0,0,1235,1211
1877,EAST,0.076923,0.013533,0.2,1.0,3.0,0.384615,False,8343,pū́rva,1948,udgamana,1,13,7,15,0.14285714285714285,0.8666666666666667,1.0,0.23076923076923078,0,0.46153846153846156,1689,1212
1667,HOLE,0.076905,0.13143,0.4,2.0,2.4345238095238093,0.192262,True,4872,*cumbʰati,5043,cʰidrá,9,15,13,18,0.6923076923076923,0.8333333333333334,0.2222222222222222,0.16230158730158728,0,0,465,1213
2929,BENEFIT,0.076667,0.034634,0.2,1.0,1.3333333333333333,0.383333,False,2141,upakāra,11373,várdʰa,2,5,7,7,0.2857142857142857,0.7142857142857143,0.5,0.26666666666666666,0,0,1400,1214
446,LOWER ARM,0.076667,0.081317,0.2,1.0,3.0,0.383333,False,6586,dṓṣ,14024,hásta,3,5,6,5,0.5,1.0,0.3333333333333333,0.6,0.16666666666666666,0,775,1215
2530,SMART,0.076667,0.044264,0.2,1.0,1.3333333333333333,0.383333,False,3365,kúśala,12354,śalyayati,2,5,5,6,0.4,0.8333333333333334,0.5,0.26666666666666666,0,0,1242,1216
1439,SWIM,0.076339,0.11108,0.3,1.5,5.25,0.254464,True,6624,drávati,5702,tárati,7,12,12,18,0.5833333333333334,0.6666666666666666,0.21428571428571427,0.4375,0.14285714285714285,0,574,1217
1248,EYE,0.07625,0.073775,0.7666666666666666,3.833333333333333,4.5,0.099457,True,919,áśru,4560,cákṣus,20,46,22,76,0.9090909090909091,0.6052631578947368,0.19166666666666665,0.09782608695652174,0,0.09057971014492752,846,1218
342,HAY,0.07619,0.069985,0.2,1.0,3.0,0.380952,False,5892,túṣa,8800,pravāla,3,7,8,7,0.375,1.0,0.3333333333333333,0.42857142857142855,0,0,897,1219
1935,ANUS,0.076061,0.07421,0.2,1.0,4.7,0.380303,False,9047,*pʰaṇṭa,3997,gaṇḍá,3,11,6,13,0.5,0.8461538461538461,0.3333333333333333,0.4272727272727273,0,0,843,1220
3643,AGREE,0.075,0.028347,0.2,1.0,1.0,0.375,False,9857,mányatē,9826,manutḗ,2,4,7,8,0.2857142857142857,0.5,0.5,0.25,0,0,1504,1221
792,BOIL (OF LIQUID),0.075,0.043301,0.2,1.0,1.0,0.375,False,9536,*bʰurvati,3803,*kʰadakʰada,2,4,3,8,0.6666666666666666,0.5,0.5,0.25,0,0,1257,1222
1974,CENTIPEDE,0.075,0.017678,0.1,0.5,2.0,0.75,False,12442,śipavitnuká,3829,kʰarjūraka,1,2,6,6,0.16666666666666666,0.3333333333333333,0.5,1.0,0,0,1646,1223
1541,CULTIVATE,0.075,0.053033,0.2,1.0,1.0,0.375,False,7543,*nīḍāna,4712,*carṣati,4,2,4,4,1.0,0.5,0.25,0.5,0,0,1111,1224
2865,DIE (FROM ACCIDENT),0.075,0.075,0.1,1.0,0.5,0.75,False,7027,náśyati,1874,útsarati,1,1,1,1,1.0,1.0,1.0,0.5,0,0,829,1225
1119,DIVIDE,0.075,0.1,0.2,2.0,1.0,0.375,False,9360,bʰajati,9353,bʰaŋgá,4,4,6,6,0.6666666666666666,0.6666666666666666,0.5,0.25,0,0,626,1226
273,DOUGH,0.075,0.106066,0.2,2.0,1.0,0.375,False,10927,*laḍḍu,9725,*maṭṭʰa,4,4,8,4,0.5,1.0,0.5,0.25,0,0,599,1227
808,DRIP (FALL IN GLOBULES),0.075,0.11619,0.2,1.0,3.0,0.375,False,8826,prásarpati,5346,*jʰarati,4,6,5,8,0.8,0.75,0.25,0.5,0,0,544,1228
32,EARWAX,0.075,0.052077,0.2,1.0,3.0,0.375,False,9899,mála,4198,*gudya,3,4,7,8,0.42857142857142855,0.5,0.3333333333333333,0.75,0.3333333333333333,0,1131,1229
1290,ELEPHANT,0.075,0.036029,0.2,1.5,1.0,0.375,False,14025,hastaka,6160,*dantāla,3,4,9,13,0.3333333333333333,0.3076923076923077,0.5,0.25,0,0,1367,1230
1358,ENEMY,0.075,0.023717,0.2,1.0,1.0,0.375,False,566,amítra,6443,durmanas,2,4,8,10,0.25,0.4,0.5,0.25,0,0,1580,1231
533,GLUTTON,0.075,0.023717,0.2,1.0,1.0,0.375,False,3871,kʰāduka,2056,udrá,1,4,2,5,0.5,0.8,1.0,0.25,0,0.5,1581,1232
2393,JOURNEY,0.075,0.011859,0.2,1.0,1.0,0.375,False,7785,pántʰā,4769,cāla,1,4,8,5,0.125,0.8,1.0,0.25,0,0.5,1698,1233
3059,MALARIA,0.075,0.016771,0.1,1.0,0.5,0.75,False,5303,jvará,2340,*ubbā,1,1,5,4,0.2,0.25,1.0,0.5,0,0,1655,1234
2106,MALE PERSON,0.075,0.053033,0.1,0.5,1.0,0.75,False,7077,*nāriya,11054,*liṭṭa,1,1,2,1,0.5,1.0,0.5,1.0,0,0,1115,1235
3859,MIDWIFE,0.075,0.023717,0.1,0.5,2.0,0.75,False,2164,upacāriṇī,13558,*sūtijāni,1,2,5,4,0.2,0.5,0.5,1.0,0,0,1582,1236
3188,MIGHTY OR POWERFUL OR STRONG,0.075,0.075,0.1,1.0,0.5,0.75,False,3602,krūrá,9021,prauḍʰa,1,1,1,1,1.0,1.0,1.0,0.5,0,0,832,1237
2828,MOTH,0.075,0.043301,0.2,1.0,1.0,0.375,False,9917,maśáka,8393,*pōkka,4,2,6,4,0.6666666666666666,0.5,0.25,0.5,0,0,1259,1238
1636,MOTIONLESS,0.075,0.053033,0.1,0.5,1.0,0.75,False,9860,*mamandati,12270,*śaṭṭa,1,1,2,1,0.5,1.0,0.5,1.0,0,0,1116,1239
1338,PEACE,0.075,0.019365,0.1,0.5,1.0,0.75,False,11947,viśrama,7273,*nirānti,1,1,5,3,0.2,0.3333333333333333,0.5,1.0,0,0,1629,1240
3630,PLAN,0.075,0.019365,0.1,1.0,0.5,0.75,False,9136,bandʰá,2927,kalā́,1,1,5,3,0.2,0.3333333333333333,1.0,0.5,0,0,1630,1241
1723,RESULT IN,0.075,0.075,0.1,1.0,0.5,0.75,False,7722,pátati,7392,*nirvarati,1,1,1,1,1.0,1.0,1.0,0.5,0,0,836,1242
2970,RIDDLE,0.075,0.020045,0.2,1.0,1.0,0.375,False,8911,prahēlikā,8791,pravalʰikā,1,6,3,7,0.3333333333333333,0.8571428571428571,1.0,0.16666666666666666,0,0.4166666666666667,1622,1243
699,SAD,0.075,0.030619,0.2,1.0,1.0,0.375,False,12542,śumbʰáti,9905,maliná,2,4,8,6,0.25,0.6666666666666666,0.5,0.25,0,0,1462,1244
1121,SECRET,0.075,0.061237,0.2,1.0,1.75,0.375,False,11067,*liśati,10669,rahasyà,2,7,3,7,0.6666666666666666,1.0,0.5,0.25,0,0,998,1245
1796,SLAUGHTER,0.075,0.075593,0.3,1.5,1.5,0.25,False,3369,kuṣáti,3544,*kōṣati,4,4,7,4,0.5714285714285714,1.0,0.375,0.375,0.125,0.125,821,1246
3003,SOLID,0.075,0.077942,0.2,1.0,1.5,0.375,False,736,avakṣārayati,7310,*nirguru,4,3,5,5,0.8,0.6,0.25,0.5,0,0,800,1247
2422,SOMEONE,0.075,0.03873,0.2,1.0,1.0,0.375,False,2462,ḗka,7793,pára,2,4,5,6,0.4,0.6666666666666666,0.5,0.25,0,0,1319,1248
1096,SONG,0.075,0.040452,0.2,2.0,1.0,0.375,False,14060,hāraka,4135,gā́yati,8,2,11,5,0.7272727272727273,0.4,0.25,0.5,0,0,1296,1249
42,STINKING,0.075,0.05,0.2,1.0,1.0,0.375,False,4531,gʰrāṇá,9273,*butta,2,4,3,6,0.6666666666666666,0.6666666666666666,0.5,0.25,0,0,1161,1250
785,STRONG,0.075,0.13287,0.3,1.5,4.0,0.25,True,9330,*bʰakkʰa,9161,bála,7,14,10,17,0.7,0.8235294117647058,0.21428571428571427,0.2857142857142857,0,0,462,1251
1101,SUFFER,0.075,0.0375,0.2,1.0,1.0,0.375,False,6375,duḣkʰá,9627,bʰṓgya,2,4,4,8,0.5,0.5,0.5,0.25,0,0,1343,1252
2296,SUNRISE,0.075,0.026517,0.1,0.5,1.0,0.75,False,8706,prabʰākara,8705,prabʰā́,1,1,4,2,0.25,0.5,0.5,1.0,0,0,1531,1253
3197,SUSPICION,0.075,0.026517,0.1,1.0,0.5,0.75,False,12258,śaŋkā́,6690,*dvihr̩da,1,1,4,2,0.25,0.5,1.0,0.5,0,0,1532,1254
1711,TELL,0.075,0.092582,0.2,1.0,3.0,0.375,False,9837,mantráyatē,6210,darśáyati,4,6,7,9,0.5714285714285714,0.6666666666666666,0.25,0.5,0,0,676,1255
1693,THURSDAY,0.075,0.013693,0.1,0.5,1.0,0.75,False,9305,br̩haspativāra,9304,*br̩haspatidiva,1,1,6,5,0.16666666666666666,0.2,0.5,1.0,0,0,1684,1256
1602,WAKE UP,0.075,0.03873,0.2,1.0,1.0,0.375,False,9279,búdʰyatē,5175,jā́grati,2,4,6,5,0.3333333333333333,0.8,0.5,0.25,0,0,1321,1257
1270,WHY,0.075,0.003184,0.2,1.0,1.0,0.375,False,3164,kím,3271,kútaḣ,1,4,15,37,0.06666666666666667,0.10810810810810811,1.0,0.25,0,0.5,1740,1258
866,WIN,0.075,0.021651,0.1,0.5,1.0,0.75,False,4418,*gʰaṭyatē,14061,hārayati,1,1,6,2,0.16666666666666666,0.5,0.5,1.0,0,0,1604,1259
830,SOOT,0.074242,0.067062,0.2,1.0,4.5,0.371212,False,3175,kiri,9920,máṣi,3,11,7,13,0.42857142857142855,0.8461538461538461,0.3333333333333333,0.4090909090909091,0,0,927,1260
1263,SISTER,0.074167,0.088471,0.2,11.5,1.0,0.370833,True,13913,svásr̩,6479,*duhitājana,20,6,23,33,0.8695652173913043,0.18181818181818182,0.575,0.16666666666666666,0,0,703,1261
1829,JUMP,0.07381,0.037197,0.2,1.0,3.8095238095238093,0.369048,False,14001,*hala,3412,kū́rdati,2,16,7,18,0.2857142857142857,0.8888888888888888,0.5,0.23809523809523808,0,0,1349,1262
1913,PRESS,0.073725,0.048807,0.2966666666666667,2.0,1.4833333333333334,0.248512,False,6173,*dabb,10412,yantrá,3,12,6,14,0.5,0.8571428571428571,0.6666666666666666,0.12361111111111112,0,0.29325396825396827,1176,1263
1883,IN FRONT OF,0.073558,0.093768,0.25,1.25,7.0,0.294231,True,8281,purás,68,ágra,5,13,10,16,0.5,0.8125,0.25,0.5384615384615384,0.2,0,671,1264
552,GROW UP,0.073333,0.086963,0.2,1.0,2.0,0.366667,False,11768,vínayati,2373,ullalati,3,5,4,6,0.75,0.8333333333333334,0.3333333333333333,0.4,0,0,713,1265
534,HUMP,0.073333,0.080512,0.2,1.0,2.0,0.366667,False,5580,*ḍʰappa,3300,kubjá,3,5,4,7,0.75,0.7142857142857143,0.3333333333333333,0.4,0,0,783,1266
1526,MEAL,0.073333,0.051854,0.2,1.0,3.5,0.366667,False,4321,gōla,3104,kālya,2,15,4,15,0.5,1.0,0.5,0.23333333333333334,0,0,1134,1267
649,PASTURE,0.073333,0.072012,0.2,1.0,2.0,0.366667,False,4761,*cārādya,4685,cáraṇa,3,5,7,5,0.42857142857142855,1.0,0.3333333333333333,0.4,0,0,856,1268
1675,PROMISE,0.073148,0.037093,0.2,1.0,2.0833333333333335,0.365741,False,9308,bēḍā,7714,paṇa,2,9,7,10,0.2857142857142857,0.9,0.5,0.2314814814814815,0,0,1352,1269
301,CHIEFTAIN,0.073056,0.042777,0.2,1.0,1.5833333333333335,0.365278,False,10174,múkʰya,4612,caturdʰara,2,6,5,7,0.4,0.8571428571428571,0.5,0.2638888888888889,0,0.03333333333333333,1264,1270
1498,TWO,0.072991,0.070354,0.8,20.833333333333336,4.0,0.091238,True,6648,dva,651,ardʰatr̩tīya,22,46,23,74,0.9565217391304348,0.6216216216216216,0.9469696969696971,0.08695652173913043,0,0.8514492753623187,894,1271
2996,WEALTH,0.072917,0.034861,0.2,1.0,1.8333333333333333,0.364583,False,6625,dravya,11727,vittá,2,8,7,10,0.2857142857142857,0.8,0.5,0.22916666666666666,0,0,1396,1272
1732,SKY,0.072826,0.049067,0.3,1.5,8.333333333333334,0.242754,True,1008,ākāśá,f_lmwk7knn4svus,āsmān,6,23,19,64,0.3157894736842105,0.359375,0.25,0.36231884057971014,0.08333333333333333,0.043478260869565216,1173,1273
2308,THIN,0.072821,0.184851,0.3166666666666667,1.5833333333333335,7.324999999999999,0.22996,True,4889,cūrṇa,7736,pattralá,12,21,13,30,0.9230769230769231,0.7,0.13194444444444445,0.3488095238095238,0.020833333333333332,0,305,1274
2134,RAISE (BRING UP),0.072619,0.078926,0.2,1.0,2.75,0.363095,False,6791,dʰāráyati,8129,pāláyati,3,7,4,10,0.75,0.7,0.3333333333333333,0.39285714285714285,0,0,794,1275
2205,PEAK,0.0725,0.114633,0.2,1.0,2.5,0.3625,False,13854,spʰōṭa,4883,cū́ḍa,5,4,8,4,0.625,1.0,0.2,0.625,0.1,0,554,1276
1806,BEGIN,0.072222,0.051069,0.2,1.0,2.333333333333333,0.361111,False,1307,ārambʰá,9741,maṇḍáyati,3,6,9,9,0.3333333333333333,0.6666666666666666,0.3333333333333333,0.38888888888888884,0,0,1139,1277
3843,BUT,0.072222,0.015887,0.2,1.0,2.0,0.361111,False,5639,tátas,8273,púnar,2,9,12,31,0.16666666666666666,0.2903225806451613,0.5,0.2222222222222222,0,0,1662,1278
3049,COURAGE,0.072222,0.041698,0.2,1.0,2.0,0.361111,False,6011,trāṇa,13378,sāhasa,2,9,6,9,0.3333333333333333,1.0,0.5,0.2222222222222222,0,0,1270,1279
354,POUND,0.072049,0.031972,0.25,1.25,3.083333333333333,0.288194,False,3241,kuṭṭáyati,3795,kʰáṇḍatē,2,12,6,13,0.3333333333333333,0.9230769230769231,0.625,0.2569444444444444,0,0.3055555555555556,1445,1280
1678,HUT,0.071825,0.03996,0.2,1.0,2.837301587301587,0.359127,False,4644,*catuṣpāṭa,5564,*ḍēra,2,13,6,14,0.3333333333333333,0.9285714285714286,0.5,0.21825396825396823,0,0,1307,1281
1125,BALD,0.071667,0.064244,0.2,1.0,3.833333333333333,0.358333,False,11072,*lukka,5422,*ṭakka,3,10,7,12,0.42857142857142855,0.8333333333333334,0.3333333333333333,0.3833333333333333,0,0,961,1282
634,MEAT,0.071667,0.113457,0.4,2.0,7.0,0.179167,True,395,ánna,f_fnwdoz5wjhgai,gōśt,16,30,19,63,0.8421052631578947,0.47619047619047616,0.125,0.23333333333333334,0,0,560,1283
1229,OLD,0.071585,0.111513,0.4,2.0,9.208333333333332,0.178963,True,5524,*ḍagga,5260,jūrṇá,15,41,22,72,0.6818181818181818,0.5694444444444444,0.13333333333333333,0.2245934959349593,0,0,573,1284
1601,WEAK,0.071465,0.122224,0.26666666666666666,1.3333333333333333,4.078968253968254,0.267995,True,10789,*rulla,6438,durbala,6,13,9,15,0.6666666666666666,0.8666666666666667,0.2222222222222222,0.31376678876678876,0,0,510,1285
2235,CLEAN (SOMETHING),0.071429,0.045175,0.2,1.0,1.5,0.357143,False,3643,*kṣaṇati,10080,mārjati,2,7,5,7,0.4,1.0,0.5,0.21428571428571427,0,0,1231,1286
2374,DREAM,0.071429,0.040291,0.2,1.5,1.0,0.357143,False,13929,*svāpra,12637,śōbʰaná,7,2,11,4,0.6363636363636364,0.5,0.21428571428571427,0.5,0,0,1299,1287
691,SEASON,0.071429,0.01494,0.2,1.0,1.0,0.357143,False,3084,kālá,1498,āsēcayati,1,7,5,8,0.2,0.875,1.0,0.14285714285714285,0,0.42857142857142855,1674,1288
1160,THIEF,0.071429,0.147314,0.4,2.0,4.5,0.178571,True,10216,muṣ,5489,*ṭʰagg,14,14,18,16,0.7777777777777778,0.875,0.14285714285714285,0.32142857142857145,0.10714285714285714,0,405,1289
1438,FOOL,0.071299,0.048269,0.2,1.0,2.3428571428571425,0.356494,False,8377,*pēḍa,2359,úlūka,2,11,4,12,0.5,0.9166666666666666,0.5,0.21298701298701295,0,0,1182,1290
506,MAIZE,0.071053,0.113091,0.4,2.0,12.166666666666666,0.177632,True,10437,yavākāra,9879,markaka,8,19,10,24,0.8,0.7916666666666666,0.25,0.6403508771929824,0.5,0.03508771929824561,564,1291
1584,BLISTER,0.070833,0.069557,0.2,1.0,2.25,0.354167,False,7758,*padavraṇa,9114,*pʰōssa,3,6,6,7,0.5,0.8571428571428571,0.3333333333333333,0.375,0,0,902,1292
1459,IF,0.070833,0.011342,0.2,1.0,3.5,0.354167,False,10410,yádi,10401,yátaḣ,1,12,9,13,0.1111111111111111,0.9230769230769231,1.0,0.2916666666666667,0,0.5833333333333334,1702,1293
1363,VOICE,0.070833,0.067198,0.2,1.5,1.0,0.354167,False,3611,krṓśa,9834,mántra,4,3,6,5,0.6666666666666666,0.6,0.375,0.3333333333333333,0,0,924,1294
1241,SOME,0.070513,0.04569,0.2,1.0,7.0,0.352564,False,5850,tuccʰyá,2696,katipayá,3,13,11,19,0.2727272727272727,0.6842105263157895,0.3333333333333333,0.5384615384615384,0.16666666666666666,0,1222,1295
1339,MORNING,0.070498,0.096171,0.26666666666666666,1.3333333333333333,10.5,0.264368,True,10763,rucitá,11813,*vibʰāna,8,29,17,66,0.47058823529411764,0.4393939393939394,0.16666666666666666,0.3620689655172414,0,0,659,1296
1648,ANVIL,0.07,0.019566,0.2,1.0,4.0,0.35,False,252,adʰikaraṇī́,7172,nigʰāti,1,15,3,16,0.3333333333333333,0.9375,1.0,0.26666666666666666,0,0.5666666666666667,1626,1297
700,CARRY,0.07,0.042212,0.2,1.0,2.333333333333333,0.35,False,6966,náyati,11453,váhati,2,10,5,11,0.4,0.9090909090909091,0.5,0.2333333333333333,0,0.03333333333333333,1267,1298
7,GATHER,0.07,0.112962,0.2,1.0,3.0,0.35,True,8751,pralabʰatē,4814,cinṓti,5,6,9,8,0.5555555555555556,0.75,0.2,0.5,0,0,566,1299
224,MORTAR,0.07,0.030012,0.2,1.0,17.5,0.35,False,2744,kapā́la,2360,ulū́kʰala,3,25,17,54,0.17647058823529413,0.46296296296296297,0.3333333333333333,0.7,0.3333333333333333,0,1470,1300
789,PEOPLE,0.07,0.024152,0.2,1.0,1.0,0.35,False,9828,manuṣyà,6970,nára,5,2,12,7,0.4166666666666667,0.2857142857142857,0.2,0.5,0,0,1571,1301
292,RUG,0.07,0.054343,0.2,1.0,3.5,0.35,False,4275,gōṇī́,6194,*darita,3,5,8,7,0.375,0.7142857142857143,0.3333333333333333,0.7,0.3333333333333333,0,1092,1302
3288,WEED,0.07,0.09037,0.2,2.0,1.0,0.35,False,7542,*nīḍāti,4471,gʰāsá,4,5,8,6,0.5,0.8333333333333334,0.5,0.2,0,0,695,1303
930,VILLAGE,0.069987,0.082224,0.6,17.25,3.0,0.116646,True,4368,grā́ma,11448,vasti,19,42,22,73,0.8636363636363636,0.5753424657534246,0.9078947368421053,0.07142857142857142,0,0.746031746031746,762,1304
1135,KICK,0.069697,0.061295,0.2,1.0,9.5,0.348485,False,8056,pā́da,10931,*lattā,3,11,6,16,0.5,0.6875,0.3333333333333333,0.8636363636363636,0.5,0,992,1305
353,STRIKE,0.069624,0.144274,0.3785714285714285,2.0,1.8928571428571426,0.183913,True,11004,lāgáyati,5513,*ṭʰōkk,9,13,11,14,0.8181818181818182,0.9285714285714286,0.2222222222222222,0.1456043956043956,0,0,417,1306
2001,PAINTING,0.069524,0.075562,0.2,1.0,2.533333333333333,0.347619,False,9002,prḗrayati,4810,citráyati,3,7,4,10,0.75,0.7,0.3333333333333333,0.3619047619047619,0,0,822,1307
862,SUGAR,0.069231,0.033356,0.2,1.0,2.5,0.346154,False,6583,*dōla,4182,guḍá,2,13,7,16,0.2857142857142857,0.8125,0.5,0.19230769230769232,0,0,1420,1308
1163,BRIBE (AMOUNT),0.069048,0.056377,0.2,1.0,2.833333333333333,0.345238,False,12076,vŕ̩ddʰi,10914,lañcā,2,7,3,7,0.6666666666666666,1.0,0.5,0.4047619047619047,0,0.21428571428571427,1062,1309
1326,DOWN,0.069048,0.022424,0.2,2.5,1.0,0.345238,False,9280,bundʰa,1212,āpūra,7,3,14,32,0.5,0.09375,0.35714285714285715,0.3333333333333333,0,0,1595,1310
28,MOISTEN,0.06875,0.056134,0.2,1.0,1.5,0.34375,False,2295,*upājyatē,13936,svēdayati,2,8,3,8,0.6666666666666666,1.0,0.5,0.1875,0,0,1064,1311
497,SCAR,0.06875,0.035502,0.1,0.5,3.5,0.6875,False,6793,dʰā́rā,3159,kiṇa,1,4,3,5,0.3333333333333333,0.8,0.5,0.875,0,0,1376,1312
1295,STICK,0.06875,0.177512,0.3,1.5,6.0,0.229167,True,6638,*drumadaṇḍa,10991,*laṣṭi,12,18,15,24,0.8,0.75,0.125,0.3333333333333333,0,0,326,1313
978,WAVE,0.06875,0.057574,0.2,1.0,5.499999999999999,0.34375,False,9677,bʰrāmayati,10999,lahari,3,8,7,11,0.42857142857142855,0.7272727272727273,0.3333333333333333,0.6874999999999999,0.3333333333333333,0,1047,1314
2253,DRIP (EMIT LIQUID),0.068333,0.036526,0.2,1.0,2.2,0.341667,False,13880,srávati,5444,*ṭapp,2,12,6,14,0.3333333333333333,0.8571428571428571,0.5,0.18333333333333335,0,0,1358,1315
230,SWEEP,0.068333,0.084757,0.2,1.0,4.333333333333333,0.341667,False,8146,*pikṣōbʰayati,5328,*jʰaṭati,4,10,8,13,0.5,0.7692307692307693,0.25,0.4333333333333333,0,0,739,1316
1450,ROOM,0.068182,0.028048,0.2,1.0,2.0,0.340909,False,4336,gōṣṭʰá,3251,kuḍya,2,11,10,13,0.2,0.8461538461538461,0.5,0.18181818181818182,0,0,1509,1317
501,LIFT,0.067917,0.036089,0.2,1.0,2.15,0.339583,False,1873,útsanna,1634,ucca,2,12,5,17,0.4,0.7058823529411765,0.5,0.17916666666666667,0,0,1365,1318
970,COCONUT,0.067857,0.041188,0.2,1.0,11.0,0.339286,False,3519,*kōppara,7075,nārikēla,2,14,4,19,0.5,0.7368421052631579,0.5,0.7857142857142857,0.5,0.10714285714285714,1276,1319
2093,AFTERWARDS,0.066667,0.065465,0.2,1.0,4.0,0.333333,False,8000,paścā́tāt,7990,*paśca,3,6,6,7,0.5,0.8571428571428571,0.3333333333333333,0.6666666666666666,0.3333333333333333,0,947,1320
1894,ASHAMED,0.066667,0.060609,0.2,1.0,2.0,0.333333,False,9847,mandākṣa,10912,lajjita,3,6,7,7,0.42857142857142855,0.8571428571428571,0.3333333333333333,0.3333333333333333,0,0,1004,1321
772,BELT,0.066667,0.07746,0.2,1.3333333333333333,1.0,0.333333,False,9129,*baddʰrikā,2634,*kaṭabandʰana,4,3,4,5,1.0,0.6,0.3333333333333333,0.3333333333333333,0,0,807,1322
1266,BRIDE,0.066667,0.029235,0.2,1.0,1.6666666666666665,0.333333,False,9349,bʰaginī,3303,kumārá,2,10,8,13,0.25,0.7692307692307693,0.5,0.16666666666666666,0,0,1485,1323
1027,BUG,0.066667,0.086603,0.2,1.0,3.0,0.333333,False,9029,plúṣi,1728,utkuṇa,3,9,4,9,0.75,1.0,0.3333333333333333,0.3333333333333333,0,0,720,1324
1763,CLUB,0.066667,0.086603,0.2,1.0,3.0,0.333333,False,3998,gaṇḍa,6128,daṇḍá,3,9,4,9,0.75,1.0,0.3333333333333333,0.3333333333333333,0,0,721,1325
1659,DOLL,0.066667,0.03849,0.2,1.0,7.5,0.333333,False,4189,*guḍḍa,8269,*putrala,2,9,6,9,0.3333333333333333,1.0,0.5,0.8333333333333334,0.5,0.16666666666666666,1323,1326
2051,DUSTPAN,0.066667,0.032026,0.2,1.0,2.5,0.333333,False,12573,śū́rpa,4964,*cʰajja,1,12,1,13,1.0,0.9230769230769231,1.0,0.20833333333333334,0,0.5416666666666666,1443,1327
928,EMBRACE,0.066667,0.033333,0.2,1.0,3.0,0.333333,False,103,aŋkapāli,9490,*bʰiṭ,2,9,6,12,0.3333333333333333,0.75,0.5,0.3333333333333333,0,0.16666666666666666,1423,1328
40,ENVY,0.066667,0.031427,0.2,1.0,1.0,0.333333,False,6383,*duḣśiṣṭi,6223,dava,2,6,6,9,0.3333333333333333,0.6666666666666666,0.5,0.16666666666666666,0,0,1452,1329
1615,ESCAPE,0.066667,0.073855,0.2,1.0,2.6666666666666665,0.333333,False,2020,*uddʰāvati,5702,tárati,3,8,4,11,0.75,0.7272727272727273,0.3333333333333333,0.3333333333333333,0,0,845,1330
739,FEED,0.066667,0.053452,0.2,2.0,1.0,0.333333,False,3865,kʰā́dati,4852,*cugyati,3,4,6,7,0.5,0.5714285714285714,0.6666666666666666,0.25,0,0.25,1105,1331
2706,GNAW,0.066667,0.054433,0.2,1.0,1.0,0.333333,False,5421,*ṭakk,5466,*ṭukk,2,6,3,6,0.6666666666666666,1.0,0.5,0.16666666666666666,0,0,1090,1332
1955,GRIEVE,0.066667,0.039036,0.2,1.0,1.0,0.333333,False,12542,śumbʰáti,6821,dʰúkṣatē,2,6,5,7,0.4,0.8571428571428571,0.5,0.16666666666666666,0,0,1315,1333
3808,JUNGLE,0.066667,0.086603,0.2,1.0,1.0,0.333333,False,2589,kákṣa,5323,*jʰaŋk,3,3,3,4,1.0,0.75,0.3333333333333333,0.3333333333333333,0,0,722,1334
2219,LEAN (MEAT),0.066667,0.050395,0.2,1.0,1.0,0.333333,False,9064,pʰalgú,3690,kṣīṇá,2,6,3,7,0.6666666666666666,0.8571428571428571,0.5,0.16666666666666666,0,0,1148,1335
1933,LOOSEN,0.066667,0.07746,0.2,1.0,1.25,0.333333,False,1715,utkarṣati,1895,*utskarati,4,3,4,5,1.0,0.6,0.25,0.4166666666666667,0,0,809,1336
2463,MOON OR MONTH,0.066667,0.033333,0.2,1.0,1.0,0.333333,False,5301,jyṓtsnā,10104,mā́sa,3,1,3,1,1.0,1.0,0.3333333333333333,1.0,0.6666666666666666,0,1426,1337
3673,MOURNING,0.066667,0.075,0.2,1.0,1.0,0.333333,False,8525,praṇaya,2277,úpasmarati,3,3,4,4,0.75,0.75,0.3333333333333333,0.3333333333333333,0,0,833,1338
890,MULE,0.066667,0.014907,0.2,1.0,1.0,0.333333,False,3765,*kʰaccara,12134,vēsara,1,3,5,3,0.2,1.0,1.0,0.3333333333333333,0,0.6666666666666666,1676,1339
3532,ONE HUNDRED THOUSAND,0.066667,0.086603,0.2,1.0,12.0,0.333333,False,10948,lábʰatē,10881,lakṣá,3,12,4,12,0.75,1.0,0.3333333333333333,1.0,0.6666666666666666,0,723,1340
2243,REPAIR,0.066667,0.035635,0.2,1.0,1.0,0.333333,False,8656,pradadʰāti,5863,tunná,2,6,6,7,0.3333333333333333,0.8571428571428571,0.5,0.16666666666666666,0,0,1374,1341
3065,SADDLE,0.066667,0.094281,0.2,1.0,2.5,0.333333,False,5423,*ṭakka,3120,kāṣṭʰá,4,6,8,6,0.5,1.0,0.25,0.4166666666666667,0,0,669,1342
186,SHIN,0.066667,0.04714,0.2,1.0,2.0,0.333333,False,6128,daṇḍá,8168,píṇḍa,4,3,6,9,0.6666666666666666,0.3333333333333333,0.25,0.6666666666666666,0.25,0,1205,1343
1621,SNEEZE,0.066667,0.045644,0.2,1.0,5.0,0.333333,False,3754,kṣáuti,5032,cʰikkā,3,5,9,8,0.3333333333333333,0.625,0.3333333333333333,1.0,0.6666666666666666,0,1225,1344
2975,THOUGHT,0.066667,0.011785,0.2,1.0,1.0,0.333333,False,9822,mánas,9477a,bʰāvārtʰa,1,6,6,8,0.16666666666666666,0.75,1.0,0.16666666666666666,0,0.5,1701,1345
1232,WARM,0.066667,0.088889,0.2,1.0,3.333333333333333,0.333333,False,5684,tápyati,13581,*sēkk,4,8,6,12,0.6666666666666666,0.6666666666666666,0.25,0.41666666666666663,0,0,702,1346
3224,WRING,0.066667,0.04,0.2,1.0,1.5,0.333333,False,12132,vēṣṭáyati,7449,*niścōṭayati,2,9,5,10,0.4,0.9,0.5,0.16666666666666666,0,0,1304,1347
1895,CLOTHES,0.066562,0.110937,0.2,1.0,8.25,0.332812,True,7700,paṭṭa,2871,karpaṭa,5,16,9,20,0.5555555555555556,0.8,0.2,0.515625,0.05,0,576,1348
45,EVIL,0.066481,0.098547,0.26666666666666666,1.3333333333333333,2.783333333333333,0.249306,True,10930,*latta,9289,*bura,5,12,6,16,0.8333333333333334,0.75,0.26666666666666666,0.23194444444444443,0,0,644,1349
1416,SIT,0.066176,0.053917,0.3,1.5,7.5,0.220588,True,7467,níṣīdati,2245,úpaviśati,7,17,16,61,0.4375,0.2786885245901639,0.21428571428571427,0.4411764705882353,0.21428571428571427,0,1097,1350
3263,LAP,0.066071,0.110559,0.2,1.0,5.75,0.330357,False,9742,máṇḍala,3607,krōḍá,4,14,5,16,0.8,0.875,0.25,0.4107142857142857,0,0,581,1351
1010,BOUNDARY,0.065833,0.035189,0.2,2.0,1.0,0.329167,False,13435,sīmán,9895,maryā́dā,2,10,7,10,0.2857142857142857,1.0,1.0,0.1,0,0.4416666666666666,1394,1352
708,SHINE,0.065476,0.058158,0.2,1.0,2.8928571428571423,0.327381,False,8518,prajvalati,5352,*jʰal,3,9,7,11,0.42857142857142855,0.8181818181818182,0.3333333333333333,0.3214285714285714,0,0,1031,1353
1688,FATE,0.064583,0.064583,0.2,1.0,2.5,0.322917,False,7714,paṇa,2744,kapā́la,3,8,6,9,0.5,0.8888888888888888,0.3333333333333333,0.3125,0,0,955,1354
194,FAMILY,0.064394,0.037463,0.2,1.0,1.8749999999999998,0.32197,False,5446a,*ṭabbara,4279,gōtrá,2,11,5,13,0.4,0.8461538461538461,0.5,0.17045454545454544,0,0.026515151515151512,1344,1355
2664,SCAB,0.064286,0.052489,0.2,1.0,1.0,0.321429,False,10770,*ruḍa,2621,kaccʰū́,2,7,3,7,0.6666666666666666,1.0,0.5,0.14285714285714285,0,0,1126,1356
696,STIR,0.064286,0.030067,0.2,1.0,1.0,0.321429,False,5450,ṭálati,3723,kṣúbʰyati,2,7,8,8,0.25,0.875,0.5,0.14285714285714285,0,0,1469,1357
764,SUIT,0.064286,0.049099,0.2,1.0,1.0,0.321429,False,13201,samākʰyāti,8342,pūryátē,2,7,3,8,0.6666666666666666,0.875,0.5,0.14285714285714285,0,0,1171,1358
225,PESTLE,0.063988,0.04082,0.5,6.0,2.5,0.127976,True,10223,músala,5596,*ḍʰēŋka,7,28,16,59,0.4375,0.4745762711864407,0.8571428571428571,0.08928571428571429,0,0.6904761904761905,1293,1359
1132,BEAM,0.063889,0.098976,0.2,1.0,3.5,0.319444,False,6296,dā́rava,2631,kaṭa,4,9,6,10,0.6666666666666666,0.9,0.25,0.3888888888888889,0,0,642,1360
825,AWAKE,0.06375,0.120476,0.2,1.0,3.5,0.31875,True,9279,búdʰyatē,5174,jā́grat,5,8,7,10,0.7142857142857143,0.8,0.2,0.4375,0,0,517,1361
2879,SOUND (OF INSTRUMENT OR VOICE),0.063561,0.079677,0.2,1.0,5.616666666666667,0.317803,False,13917,svastʰa,11513,vādyatē,4,11,8,14,0.5,0.7857142857142857,0.25,0.5106060606060606,0.125,0,791,1362
1850,COTTON,0.063393,0.057983,0.3,3.5,1.5,0.21131,False,2877,karpā́sa,10798,*rū-a,4,14,7,17,0.5714285714285714,0.8235294117647058,0.875,0.10714285714285714,0,0.5595238095238095,1032,1363
146,SUGAR CANE,0.063158,0.037121,0.2,1.0,5.5,0.315789,False,3998,gaṇḍa,3541,kōśakāra,2,19,5,22,0.4,0.8636363636363636,0.5,0.2894736842105263,0,0.15789473684210525,1351,1364
1564,LAZY,0.063056,0.058378,0.2,1.0,6.533333333333333,0.315278,False,2604,*kaŋkāla,1371,ā́lasya,3,16,7,18,0.42857142857142855,0.8888888888888888,0.3333333333333333,0.4083333333333333,0.1111111111111111,0,1028,1365
1624,EMPTY,0.062986,0.127924,0.3333333333333333,4.333333333333334,1.6666666666666665,0.188957,True,5850,tuccʰyá,11517,vānta,11,13,12,26,0.9166666666666666,0.5,0.393939393939394,0.1282051282051282,0,0.14423076923076922,484,1366
3295,BRAID (VERB),0.0625,0.054127,0.2,1.0,3.75,0.3125,False,1412,ā́vayati,4205,gupʰáti,2,6,2,8,1.0,0.75,0.5,0.625,0.5,0,1095,1367
3081,CROPS,0.0625,0.0625,0.1,0.5,1.5,0.625,False,3455,kr̩ṣya,3737,kṣētriyá,1,2,1,2,1.0,1.0,0.5,0.75,0,0,977,1368
1973,DEMON,0.0625,0.086258,0.2,1.0,3.75,0.3125,False,9552,bʰūtá,10672,rākṣasá,4,10,7,12,0.5714285714285714,0.8333333333333334,0.25,0.375,0,0,726,1369
3880,FIGHT (COMBAT),0.0625,0.051031,0.1,1.5,0.5,0.625,False,2922,kalaha,9206,bādʰyatē,2,1,3,1,0.6666666666666666,1.0,0.75,0.5,0,0,1140,1370
487,SHY,0.0625,0.032275,0.2,1.0,1.0,0.3125,False,9241,bibʰḗti,9605,*bʰēḍa,2,8,6,10,0.3333333333333333,0.8,0.5,0.125,0,0,1439,1371
3230,DECEIVE,0.062424,0.034996,0.2,1.0,4.116666666666667,0.312121,False,7087,nāśáyati,5489,*ṭʰagg,2,11,5,14,0.4,0.7857142857142857,0.5,0.37424242424242427,0.25,0,1395,1372
715,SHOUT,0.061905,0.075223,0.2,1.0,4.0,0.309524,False,4068,garhā,12298,śábda,3,14,4,16,0.75,0.875,0.3333333333333333,0.2857142857142857,0,0,824,1373
1757,TIRED,0.06176,0.126736,0.26666666666666666,3.0,1.3333333333333333,0.231602,True,3856,*kʰasati,3027,kātara,11,7,14,9,0.7857142857142857,0.7777777777777778,0.2727272727272727,0.19047619047619047,0,0,486,1374
109,FOREIGN,0.061667,0.080107,0.2,1.0,2.25,0.308333,False,6651,*dvara,7796,paragata,3,5,4,5,0.75,1.0,0.3333333333333333,0.45,0.16666666666666666,0,787,1375
1334,GUTS,0.061667,0.154167,0.2,2.5,1.0,0.308333,True,2417,ū́badʰya,8376,*pēṭṭa,6,5,6,5,1.0,1.0,0.4166666666666667,0.2,0,0,383,1376
1647,FOAL,0.061343,0.042594,0.26666666666666666,1.3333333333333333,4.666666666666666,0.230035,False,5440,*ṭaṭṭu,11241,vatsatará,3,16,7,18,0.42857142857142855,0.8888888888888888,0.4444444444444444,0.29166666666666663,0,0.27604166666666663,1265,1377
30,DISPEL,0.061161,0.053718,0.2,1.0,2.2261904761904763,0.305804,False,11554,vāráyatē,7484,niṣkālayati,3,8,7,10,0.42857142857142855,0.8,0.3333333333333333,0.27827380952380953,0,0,1101,1378
1153,CATTLE,0.061111,0.024949,0.2,1.0,1.0,0.305556,False,13127,santaka,6831,*dʰuriya,2,9,9,12,0.2222222222222222,0.75,0.5,0.1111111111111111,0,0,1559,1379
1750,CHOOSE,0.061111,0.062275,0.2,1.0,3.3333333333333335,0.305556,False,5271,jṓṣati,4814,cinṓti,3,12,6,13,0.5,0.9230769230769231,0.3333333333333333,0.2777777777777778,0,0,979,1380
2483,COLD (OF WEATHER),0.061111,0.059539,0.2,1.0,2.5,0.305556,False,499,*apōṣṇa,13676,stabdʰa,3,9,4,16,0.75,0.5625,0.3333333333333333,0.2777777777777778,0,0,1013,1381
3058,GRAZE,0.061111,0.086787,0.2,1.0,9.166666666666666,0.305556,False,4814,cinṓti,4686,cárati,4,15,7,17,0.5714285714285714,0.8823529411764706,0.25,0.611111111111111,0.25,0,716,1382
617,ICE,0.061111,0.062275,0.2,3.3333333333333335,1.0,0.305556,False,855,avaśyā,8959,prālēya,12,3,13,6,0.9230769230769231,0.5,0.2777777777777778,0.3333333333333333,0,0,980,1383
406,OLD MAN,0.061111,0.037423,0.2,1.0,1.0,0.305556,False,9271,*buḍḍʰa,9932,mahattara,2,6,4,8,0.5,0.75,0.5,0.16666666666666666,0,0.05555555555555555,1346,1384
2539,PIT (POTHOLE),0.061111,0.035283,0.2,1.0,1.3333333333333333,0.305556,False,4223,gūḍʰá,3849,kʰalla,2,12,6,12,0.3333333333333333,1.0,0.5,0.1111111111111111,0,0,1391,1385
2692,MATERNAL UNCLE (MOTHER'S BROTHER),0.060641,0.063422,0.7333333333333333,3.6666666666666665,7.5,0.082692,True,10009,mātulá,10055,māma,13,10,17,13,0.7647058823529411,0.7692307692307693,0.28205128205128205,0.75,0.6666666666666666,0.2,968,1386
1467,CIRCLE,0.060606,0.075378,0.2,1.0,3.0,0.30303,False,4743,cāttra,4321,gōla,3,11,4,12,0.75,0.9166666666666666,0.3333333333333333,0.2727272727272727,0,0,823,1387
1462,POT,0.060417,0.057316,0.2,1.0,3.25,0.302083,False,2876,karpara,14050,*hāṇḍa,3,12,6,15,0.5,0.8,0.3333333333333333,0.2708333333333333,0,0,1049,1388
332,RAG,0.060417,0.036026,0.2,1.0,1.3333333333333333,0.302083,False,11072,*lukka,11044,*likka,2,8,5,9,0.4,0.8888888888888888,0.5,0.16666666666666666,0,0.0625,1368,1389
2907,ROT,0.060179,0.058268,0.2,1.0,2.6845238095238093,0.300893,False,3201,kīryatē,12268,śáṭati,3,10,6,12,0.5,0.8333333333333334,0.3333333333333333,0.26845238095238094,0,0,1030,1390
1508,KING,0.06,0.023905,0.2,2.0,1.0,0.3,False,10679,rā́jan,10680,rājana,2,5,7,9,0.2857142857142857,0.5555555555555556,1.0,0.2,0,0.6,1577,1391
1044,PILLOW,0.06,0.06,0.2,1.0,3.5,0.3,False,13753,stʰā́na,12449,*śiraādʰāna,4,10,10,16,0.4,0.625,0.25,0.35,0,0,1009,1392
3732,POMEGRANATE,0.06,0.03,0.2,1.0,2.0,0.3,False,6326,*dikka,6254,dāḍima,5,2,10,4,0.5,0.5,0.2,1.0,0.6,0,1472,1393
2953,SLEEVE,0.06,0.118585,0.2,1.0,2.0,0.3,True,9230,*bāhucūḍa,9233,bāhula,5,5,8,5,0.625,1.0,0.2,0.4,0,0,526,1394
1113,WRAP,0.06,0.082808,0.2,1.0,3.0,0.3,False,7965,pályayatē,10942,*lappēṭṭ,4,5,6,7,0.6666666666666666,0.7142857142857143,0.25,0.6,0.25,0,758,1395
1616,CLOTH,0.05997,0.062267,0.25,1.25,15.333333333333334,0.239881,True,5466,*ṭukk,2871,karpaṭa,6,35,17,66,0.35294117647058826,0.5303030303030303,0.20833333333333334,0.4380952380952381,0.16666666666666666,0,981,1396
2506,LOOSE,0.059875,0.109974,0.2,1.0,8.842857142857143,0.299373,True,12009,vistīrṇa,5590,*ḍʰila,5,19,8,22,0.625,0.8636363636363636,0.2,0.4654135338345865,0.06666666666666667,0,583,1397
690,BOTTOM,0.059872,0.062705,0.2,1.0,3.45,0.299359,False,4029,gámbʰan,13748,stʰāgʰa,3,13,5,16,0.6,0.8125,0.3333333333333333,0.2653846153846154,0,0,976,1398
1310,CLEVER,0.059375,0.054539,0.2,1.0,2.083333333333333,0.296875,False,5743,taṣṭá,13088,*sajāna,3,8,8,8,0.375,1.0,0.3333333333333333,0.26041666666666663,0,0,1085,1399
2115,CEASE OR FINISH,0.059091,0.055556,0.2,1.0,2.833333333333333,0.295455,False,5837,tíṣṭʰati,13683,stámbʰatē,3,11,7,12,0.42857142857142855,0.9166666666666666,0.3333333333333333,0.25757575757575757,0,0,1072,1400
1573,SWELL,0.058975,0.025573,0.2,1.0,1.1873015873015873,0.294877,False,12565,śūná,9093,pʰúllati,2,11,9,13,0.2222222222222222,0.8461538461538461,0.5,0.10793650793650794,0,0.018181818181818184,1545,1401
1046,SHUT,0.058929,0.046312,0.2,1.0,3.583333333333333,0.294643,False,12049,vītá,10202,mudrayati,3,14,9,17,0.3333333333333333,0.8235294117647058,0.3333333333333333,0.25595238095238093,0,0,1217,1402
3,BRAVE,0.058333,0.038188,0.2,1.0,1.0,0.291667,False,7077,*nāriya,12569,śū́ra,3,4,9,7,0.3333333333333333,0.5714285714285714,0.3333333333333333,0.25,0,0,1330,1403
8,CURSE,0.058333,0.042267,0.2,1.0,2.083333333333333,0.291667,False,12393,śāpa,6808,dʰikkāra,3,7,9,10,0.3333333333333333,0.7,0.3333333333333333,0.29761904761904756,0,0.047619047619047616,1266,1404
1986,DISEASE,0.058333,0.033072,0.2,1.0,1.0,0.291667,False,3661,kṣayá,9851,mandimán,3,4,7,12,0.42857142857142855,0.3333333333333333,0.3333333333333333,0.25,0,0,1430,1405
2485,HIDE (ONESELF),0.058333,0.035722,0.1,0.5,2.0,0.583333,False,7408,nílīyatē,11083,lúpyatē,1,3,2,4,0.5,0.75,0.5,0.6666666666666666,0,0,1372,1406
1477,KEEP,0.058333,0.077168,0.2,1.0,6.416666666666666,0.291667,False,2217,*uparādʰyati,10547,rákṣati,4,14,8,16,0.5,0.875,0.25,0.4583333333333333,0.125,0,810,1407
3874,KNOWLEDGE,0.058333,0.033371,0.2,1.0,1.25,0.291667,False,9277,buddʰi,12523,śúddʰi,2,9,5,11,0.4,0.8181818181818182,0.5,0.1388888888888889,0,0.05555555555555555,1419,1408
1787,LOOM,0.058333,0.053583,0.2,1.0,1.0,0.291667,False,11218,vaṭin,5660,tantí,3,4,8,4,0.375,1.0,0.3333333333333333,0.25,0,0,1103,1409
575,TREAD,0.058333,0.05534,0.2,1.0,1.0,0.291667,False,9839,mántʰati,9709-2,*maccakk-,3,4,6,5,0.5,0.8,0.3333333333333333,0.25,0,0,1075,1410
1311,VERY,0.058333,0.077067,0.2,2.0,1.0,0.291667,False,9202,bāḍʰá,4424,gʰaná,6,4,11,5,0.5454545454545454,0.8,0.3333333333333333,0.25,0,0,811,1411
52,SHIVER,0.05775,0.050128,0.32999999999999996,2.0,1.65,0.175,False,6092,*tʰar,5522,*ḍag,4,10,6,13,0.6666666666666666,0.7692307692307693,0.5,0.16499999999999998,0,0.315,1153,1412
870,BREATH,0.057576,0.137599,0.3,1.5,8.5,0.191919,True,6730,dʰamá,12769,śvāsá,9,11,13,12,0.6923076923076923,0.9166666666666666,0.16666666666666666,0.7727272727272727,0.5555555555555556,0,445,1413
2165,SLOWLY,0.0575,0.020588,0.1,0.5,6.5,0.575,False,10951,lamba,6817,dʰī́ra,1,10,6,13,0.16666666666666666,0.7692307692307693,0.5,0.65,0,0,1617,1414
3080,SPLIT OPEN,0.057253,0.133162,0.25666666666666665,2.0,1.2833333333333332,0.223065,True,5989,*traṭṭ,5988,traṭ,7,8,7,11,1.0,0.7272727272727273,0.2857142857142857,0.16041666666666665,0,0,459,1415
1570,EQUAL,0.057143,0.038333,0.2,1.0,4.0,0.285714,False,8590,prátirūpa,5888,túlya,3,7,7,15,0.42857142857142855,0.4666666666666667,0.3333333333333333,0.5714285714285714,0.3333333333333333,0,1327,1416
1626,EXPLAIN,0.057143,0.023905,0.1,0.5,4.5,0.571429,False,12701,śrāváyati,9279-2,*budʰyatēaya-,1,7,5,8,0.2,0.875,0.5,0.6428571428571429,0,0,1576,1417
2032,WARM UP,0.057143,0.085714,0.2,1.0,6.333333333333333,0.285714,False,1763,*uttapti,5684,tápyati,3,7,3,7,1.0,1.0,0.3333333333333333,0.9047619047619048,0.6666666666666666,0,732,1418
1146,AUBERGINE,0.056863,0.013566,0.4,2.0,4.333333333333333,0.142157,False,11503,vātiŋgaṇa,10738,riŋgaṇī,3,34,16,63,0.1875,0.5396825396825397,0.6666666666666666,0.12745098039215685,0,0.5098039215686274,1688,1419
633,MARKET,0.056667,0.009392,0.2,1.0,1.6999999999999997,0.283333,False,13944,haṭṭa,8608,pratiṣṭʰā́,1,10,7,13,0.14285714285714285,0.7692307692307693,1.0,0.16999999999999998,0,0.6033333333333333,1715,1420
2884,HANG,0.056481,0.046929,0.2,1.0,2.083333333333333,0.282407,False,788,avanamati,5406,*jʰulyati,3,9,8,11,0.375,0.8181818181818182,0.3333333333333333,0.23148148148148145,0,0,1212,1421
921,VALLEY,0.05641,0.157545,0.2,5.166666666666666,1.0,0.282051,True,4453,*gʰala,6644,drōṇī,13,6,15,6,0.8666666666666667,1.0,0.3974358974358974,0.16666666666666666,0,0,369,1422
1954,GENTLE,0.056313,0.210849,0.2,9.25,1.0,0.281566,True,3523,kōmalá,8395,*pōcca,11,9,13,11,0.8461538461538461,0.8181818181818182,0.8409090909090909,0.1111111111111111,0,0.3888888888888889,246,1423
474,DRESS,0.05625,0.082158,0.2,1.0,2.5,0.28125,False,4910,cēla,13095,sajya,4,8,6,10,0.6666666666666666,0.8,0.25,0.3125,0,0,765,1424
2818,FORD (CROSSING),0.05625,0.084375,0.2,1.0,1.8333333333333333,0.28125,False,5695,tára,1791,uttāra,3,8,3,8,1.0,1.0,0.3333333333333333,0.22916666666666666,0,0,745,1425
1050,MOTHER-IN-LAW,0.05625,0.114416,0.3,1.5,2.0,0.1875,True,5286,jyḗṣṭʰa,10058,*māmikā,12,8,15,11,0.8,0.7272727272727273,0.125,0.25,0,0,557,1426
2142,RUN AWAY,0.05625,0.080178,0.2,1.0,2.5,0.28125,False,4715,cálati,9361,bʰajyátē,4,8,7,9,0.5714285714285714,0.8888888888888888,0.25,0.3125,0,0,786,1427
2271,THINK,0.05625,0.071151,0.2,1.0,2.5,0.28125,False,5979,tōláyati,12621,śōcyatē,4,8,8,10,0.5,0.8,0.25,0.3125,0,0,868,1428
571,STING,0.056061,0.054696,0.2,1.0,2.5,0.280303,False,6152,dánta,5517,*ḍakk,3,11,6,13,0.5,0.8461538461538461,0.3333333333333333,0.22727272727272727,0,0,1084,1429
3667,LOST,0.055903,0.128574,0.23333333333333334,2.0,1.1666666666666667,0.239583,True,8310,*pusati,3653,kṣapita,6,8,6,10,1.0,0.8,0.3333333333333333,0.14583333333333334,0,0,479,1430
1848,QUARREL,0.055769,0.087758,0.2,1.0,4.0,0.278846,False,5511,*ṭʰēcc,2922,kalaha,4,13,6,14,0.6666666666666666,0.9285714285714286,0.25,0.3076923076923077,0,0,706,1431
947,STREAM,0.055769,0.144201,0.2,1.0,5.083333333333333,0.278846,True,4453,*gʰala,6788,dʰā́ra,6,13,7,15,0.8571428571428571,0.8666666666666667,0.16666666666666666,0.391025641025641,0,0,418,1432
1429,FULL,0.055386,0.112809,0.31666666666666665,1.5833333333333333,7.033333333333333,0.174903,True,8342,pūryátē,8330,pūra,16,13,20,25,0.8,0.52,0.09895833333333333,0.541025641025641,0.29017857142857145,0,567,1433
248,HAPPEN,0.055357,0.024756,0.1,0.5,8.5,0.553571,False,7479,*niṣkasati,7722,pátati,1,14,5,14,0.2,1.0,0.5,0.6071428571428571,0,0,1561,1434
606,GRASS,0.055222,0.11945,0.4066666666666666,11.333333333333332,2.033333333333333,0.135791,True,4471,gʰāsá,3769,kʰaṭa,15,26,18,28,0.8333333333333334,0.9285714285714286,0.7555555555555554,0.0782051282051282,0,0.5621794871794872,522,1435
1478,WITHOUT,0.055128,0.010039,0.2,1.0,1.8333333333333333,0.275641,False,11772,vínā,11826,*viyagna,1,13,7,14,0.14285714285714285,0.9285714285714286,1.0,0.14102564102564102,0,0.5897435897435896,1709,1436
1861,ACTIVE,0.055,0.024597,0.1,0.5,3.0,0.55,False,5839,tīkṣṇá,5874,turá,1,5,5,5,0.2,1.0,0.5,0.6,0,0,1566,1437
1568,ARRANGE,0.055,0.083152,0.2,1.0,3.0,0.275,False,12975,saṁmāti,9741,maṇḍáyati,4,10,7,10,0.5714285714285714,1.0,0.25,0.3,0,0,756,1438
1826,ANGRY,0.054762,0.047053,0.2,1.0,1.5,0.27381,False,9454,bʰā́ma,10791,ruṣṭa,3,7,8,8,0.375,0.875,0.3333333333333333,0.21428571428571427,0,0,1211,1439
570,STAND UP,0.054762,0.0683,0.2,3.833333333333333,1.0,0.27381,False,1900,*ut-stʰāti,2431,ūrdʰvatara,7,4,8,9,0.875,0.4444444444444444,0.5476190476190476,0.25,0,0.25,912,1440
734,MAKE,0.054563,0.109393,0.26666666666666666,1.3333333333333333,1.75,0.204613,True,2814,karṓti,9710,*macyatē,7,8,8,12,0.875,0.6666666666666666,0.19047619047619047,0.21875,0,0,586,1441
2468,BAG,0.054487,0.052093,0.2,1.0,2.75,0.272436,False,9459,bʰārá,13746-3,*stʰavill-,3,13,6,16,0.5,0.8125,0.3333333333333333,0.21153846153846154,0,0,1129,1442
25,DIRT,0.05439,0.118508,0.2833333333333333,4.0,1.4166666666666665,0.191964,True,9899,mála,9904,*malin,7,12,9,12,0.7777777777777778,1.0,0.5714285714285714,0.11805555555555554,0,0.3055555555555555,527,1443
2546,BORDER,0.054167,0.086667,0.2,1.0,2.333333333333333,0.270833,False,7970,pallava,2849,kárṇikā,4,8,5,10,0.8,0.8,0.25,0.29166666666666663,0,0,718,1444
1914,DEBT,0.054167,0.046064,0.2,1.0,2.5,0.270833,False,6717,dʰána,2018,uddʰārá,3,12,8,14,0.375,0.8571428571428571,0.3333333333333333,0.20833333333333334,0,0,1221,1445
119,DIVE,0.054167,0.025074,0.1,0.5,3.5,0.541667,False,5561,*ḍubb,5469,*ṭubb,1,6,4,7,0.25,0.8571428571428571,0.5,0.5833333333333334,0,0,1552,1446
1094,FASTEN,0.054167,0.075818,0.2,1.0,3.5,0.270833,False,9126,baddʰá,2908,kárṣati,4,12,7,14,0.5714285714285714,0.8571428571428571,0.25,0.2916666666666667,0,0,819,1447
2130,HEADGEAR,0.054167,0.08125,0.2,1.0,7.0,0.270833,False,3942,kʰōla,5481,*ṭōppa,3,8,3,8,1.0,1.0,0.3333333333333333,0.875,0.6666666666666666,0,776,1448
1783,PAIN,0.053639,0.069612,0.2,1.0,5.1761904761904765,0.268197,False,3659,kṣamā,6375,duḣkʰá,4,14,7,19,0.5714285714285714,0.7368421052631579,0.25,0.3697278911564626,0.08333333333333333,0,901,1449
1735,TEAR (SHRED),0.053571,0.10312,0.3,2.0,1.5,0.178571,True,9058,pʰálati,5043,cʰidrá,7,7,9,8,0.7777777777777778,0.875,0.2857142857142857,0.21428571428571427,0,0.14285714285714285,610,1450
701,SLOW,0.053426,0.045434,0.2,1.0,3.6166666666666663,0.26713,False,1962,*udguru,9723,*maṭṭa,3,18,8,21,0.375,0.8571428571428571,0.3333333333333333,0.2009259259259259,0,0,1227,1451
485,DISAPPEAR,0.053333,0.041404,0.2,1.0,1.0,0.266667,False,7087,nāśáyati,2038,údbʰarati,3,5,7,8,0.42857142857142855,0.625,0.3333333333333333,0.2,0,0,1274,1452
2526,POWER,0.053333,0.039036,0.2,1.0,1.0,0.266667,False,5849,*tukṣā,13835,*spʰāva,3,5,7,9,0.42857142857142855,0.5555555555555556,0.3333333333333333,0.2,0,0,1316,1453
1649,SIT DOWN,0.053333,0.02043,0.2,1.0,1.0,0.266667,False,f_xwfhzb3xbkepa,*nisīdati,7768,*paddʰārayati,5,3,10,23,0.5,0.13043478260869565,0.2,0.3333333333333333,0,0,1618,1454
2668,SKELETON,0.053333,0.04899,0.2,1.0,1.0,0.266667,False,13952,haḍḍa,f_dheltdemeb4mc,*ḍʰāṁcā,3,5,5,8,0.6,0.625,0.3333333333333333,0.2,0,0,1175,1455
2482,TOGETHER,0.053333,0.036515,0.2,1.0,1.0,0.266667,False,13364,sā́rtʰa,5483,*ṭōla,3,5,9,8,0.3333333333333333,0.625,0.3333333333333333,0.2,0,0,1362,1456
1507,FRUIT,0.05328,0.070978,0.2,1.0,32.87777777777778,0.266402,True,11031,lāva,9051,pʰála,6,42,18,71,0.3333333333333333,0.5915492957746479,0.16666666666666666,0.7828042328042328,0.4166666666666667,0,869,1457
1452,PUSH,0.053056,0.036623,0.2,1.0,2.3666666666666667,0.265278,False,3455,kr̩ṣya,9002,prḗrayati,3,12,10,17,0.3,0.7058823529411765,0.3333333333333333,0.19722222222222222,0,0,1357,1458
683,PERSON,0.052991,0.097608,0.36666666666666664,1.8333333333333333,12.333333333333332,0.144522,True,10049,mā́nuṣa,5098,jána,13,22,19,33,0.6842105263157895,0.6666666666666666,0.14102564102564102,0.5606060606060606,0.39743589743589747,0.01515151515151515,651,1459
1828,ASK (REQUEST),0.052885,0.069626,0.2,1.0,5.25,0.264423,False,9484,bʰíkṣatē,10074,mā́rgati,4,13,8,15,0.5,0.8666666666666667,0.25,0.40384615384615385,0.125,0,900,1460
1143,OVEN,0.052778,0.026389,0.1,0.5,3.333333333333333,0.527778,False,6730,dʰamá,9684,bʰrāṣṭra,1,6,4,6,0.25,1.0,0.5,0.5555555555555555,0,0,1534,1461
1520,CRUSH,0.0525,0.08119,0.2333333333333333,1.6666666666666665,1.1666666666666665,0.225,True,3241,kuṭṭáyati,4802,*cittʰ,5,10,8,12,0.625,0.8333333333333334,0.3333333333333333,0.11666666666666665,0,0,777,1462
2259,FLESH,0.052308,0.099622,0.2,12.0,1.0,0.261538,True,9982,māṁsá,f_fnwdoz5wjhgai,gōśt,13,5,14,8,0.9285714285714286,0.625,0.9230769230769231,0.2,0,0.6,637,1463
38,SPREAD OUT,0.052209,0.099802,0.26666666666666666,1.3333333333333333,2.7095238095238097,0.195784,True,2269,*upastarati,8838,prásārayati,6,16,7,19,0.8571428571428571,0.8421052631578947,0.2222222222222222,0.1693452380952381,0,0,636,1464
366,LIMP,0.052083,0.054127,0.2,1.0,2.0,0.260417,False,10902,láŋgati,9723,*maṭṭa,3,8,5,10,0.6,0.8,0.3333333333333333,0.25,0,0.0625,1096,1465
2993,STROKE (OF PEN),0.052083,0.060515,0.2,1.0,1.5,0.260417,False,6140,dattá,5064,cʰēda,3,8,4,10,0.75,0.8,0.3333333333333333,0.1875,0,0,1005,1466
652,PLAIN,0.051667,0.061753,0.2,1.0,1.3333333333333333,0.258333,False,6807,dʰā́sas,7767,*paddʰara,4,5,7,8,0.5714285714285714,0.625,0.25,0.26666666666666666,0,0,987,1467
1040,HAIR,0.051641,0.079363,0.4666666666666666,2.333333333333333,4.5,0.110659,True,5095,*jatta,4883,cū́ḍa,20,43,22,76,0.9090909090909091,0.5657894736842105,0.11666666666666665,0.10465116279069768,0,0,792,1468
1638,TRUTH,0.051429,0.084515,0.2,1.0,4.0,0.257143,True,9377,bʰadrá,13112,satyá,7,5,9,9,0.7777777777777778,0.5555555555555556,0.14285714285714285,0.8,0.42857142857142855,0,744,1469
1340,WITH,0.051346,0.142832,0.3,1.5,4.45,0.171154,True,4236,gr̩bʰāyáti,13364,sā́rtʰa,12,13,14,16,0.8571428571428571,0.8125,0.125,0.3423076923076923,0.125,0,423,1470
675,FAECES (EXCREMENT),0.051282,0.07494,0.4,2.0,17.5,0.128205,True,10731,*rikṣa,4225,gūtʰa,13,21,17,47,0.7647058823529411,0.44680851063829785,0.15384615384615385,0.8333333333333334,0.7307692307692307,0,839,1471
1610,PROSTITUTE,0.05119,0.085658,0.2,1.0,1.8333333333333335,0.255952,False,3994,gaṇikā,10593,*raṭṭa,4,7,4,10,1.0,0.7,0.25,0.2619047619047619,0,0,733,1472
1399,CLAY,0.051042,0.11309,0.2,1.0,12.166666666666666,0.255208,True,8019,pāṁśu,10286,mŕ̩ttikā,6,16,8,22,0.75,0.7272727272727273,0.16666666666666666,0.7604166666666666,0.4166666666666667,0,565,1473
1430,STAR,0.050996,0.074992,0.4666666666666666,2.333333333333333,3.333333333333333,0.109278,True,13713,stŕ̩,6913,nákṣatra,17,41,20,74,0.85,0.5540540540540541,0.1372549019607843,0.08130081300813008,0,0,838,1474
803,ANKLE,0.050926,0.046483,0.16666666666666666,1.0,0.8333333333333333,0.305556,False,4272,*gōḍḍa,9734,*maṇigrantʰi,3,3,7,5,0.42857142857142855,0.6,0.3333333333333333,0.27777777777777773,0,0,1216,1475
249,FOG,0.050926,0.095486,0.2,1.0,9.166666666666666,0.25463,True,9223,bāṣpá,3386,*kuha,5,18,8,20,0.625,0.9,0.2,0.5092592592592592,0.2,0,662,1476
2466,WEIGHT,0.050794,0.055205,0.2,1.0,2.0,0.253968,False,7237,*nimāti,7952,pala,3,7,4,10,0.75,0.7,0.3333333333333333,0.2857142857142857,0.1111111111111111,0,1077,1477
834,BUTTOCKS,0.050303,0.050051,0.2,1.0,1.8666666666666667,0.251515,False,4538,cakrá,3353,*kulla,3,11,5,15,0.6,0.7333333333333333,0.3333333333333333,0.1696969696969697,0,0,1154,1478
1273,CANDLE,0.05,0.011785,0.1,1.0,0.5,0.5,False,11359,várti,1400,ālōka,1,1,3,6,0.3333333333333333,0.16666666666666666,1.0,0.5,0,0.5,1700,1479
989,CLEAR,0.05,0.053785,0.2,1.0,2.0,0.25,False,12051,vīdʰrá,9038,*pʰaṭ,3,12,5,14,0.6,0.8571428571428571,0.3333333333333333,0.16666666666666666,0,0,1099,1480
134,FAULT,0.05,0.04714,0.1,0.5,10.5,0.5,False,6503,dū́ṣaṇa,6587,dōṣa,2,14,7,18,0.2857142857142857,0.7777777777777778,0.25,0.75,0,0,1203,1481
2709,FLATTER,0.05,0.035355,0.1,0.5,1.0,0.5,False,5982,tōṣáyati,9099,*pʰuss,1,2,2,2,0.5,1.0,0.5,0.5,0,0,1384,1482
1692,FRIDAY,0.05,0.007715,0.1,1.0,0.5,0.5,False,12506,śukrá,12507,śukravāra,1,1,7,6,0.14285714285714285,0.16666666666666666,1.0,0.5,0,0.5,1728,1483
1996,GET TIRED,0.05,0.028868,0.1,2.0,0.5,0.5,False,3884,kʰídyatē,6179,damáyati,4,1,6,2,0.6666666666666666,0.5,0.5,0.5,0,0,1492,1484
2021,GRASP,0.05,0.028284,0.2,1.5,1.0,0.25,False,4236,gr̩bʰāyáti,823,*avalagyati,2,4,5,5,0.4,0.8,0.75,0.25,0,0.5,1506,1485
531,HOW MUCH,0.05,0.1125,0.2,1.0,6.0,0.25,True,3169,kíyant,3167,*kiyatta,6,6,8,8,0.75,0.75,0.16666666666666666,1.0,0.6666666666666666,0,568,1486
1499,JUICE,0.05,0.058751,0.2,1.0,1.5,0.25,False,1921,udaká,5750,*tāḍa,3,9,4,11,0.75,0.8181818181818182,0.3333333333333333,0.16666666666666666,0,0,1027,1487
1030,NECESSARY,0.05,0.018898,0.1,0.5,1.0,0.5,False,1221,ābadʰyatē,4775,*cāh,1,2,7,2,0.14285714285714285,1.0,0.5,0.5,0,0,1637,1488
1999,OVERCOME,0.05,0.035355,0.1,0.5,1.0,0.5,False,9170,balāyatē,9654,bʰráśyati,1,2,2,2,0.5,1.0,0.5,0.5,0,0,1387,1489
3015,PATERNAL GRANDMOTHER,0.05,0.005423,0.2,1.0,1.0,0.25,False,997,*āī,6261,*dādda,4,1,17,5,0.23529411764705882,0.2,0.25,1.0,0.75,0,1737,1490
3884,PATIENT,0.05,0.015811,0.1,0.5,1.5,0.5,False,6791,dʰāráyati,6817,dʰī́ra,1,3,6,5,0.16666666666666666,0.6,0.5,0.5,0,0,1664,1491
2909,PREPARE,0.05,0.066667,0.2,1.0,1.5,0.25,False,13126,sanṓti,11260,vánati,4,6,6,9,0.6666666666666666,0.6666666666666666,0.25,0.25,0,0,936,1492
1893,QUAIL,0.05,0.031623,0.2,1.0,1.5,0.25,False,11361,vártikā,10945,labá,2,5,5,5,0.4,1.0,0.5,0.3,0,0.3,1450,1493
1253,RAIN (RAINING),0.05,0.055114,0.2,1.0,1.5,0.25,False,10151,mukta,12087,vr̩ṣṭá,3,9,5,10,0.6,0.9,0.3333333333333333,0.16666666666666666,0,0,1078,1494
121,SPIN,0.05,0.020412,0.1,1.0,0.5,0.5,False,2326,upōta,9078,*pʰirati,2,1,6,2,0.3333333333333333,0.5,0.5,0.5,0,0,1621,1495
97,THROUGH,0.05,0.066667,0.2,1.0,1.0,0.25,False,4236,gr̩bʰāyáti,8100,pārá,4,4,6,6,0.6666666666666666,0.6666666666666666,0.25,0.25,0,0,937,1496
574,TRANSIT,0.05,0.084327,0.2,1.5,1.0,0.25,False,5796,tāráyati,825,*avalaṇḍayati,4,8,5,9,0.8,0.8888888888888888,0.375,0.125,0,0,746,1497
1590,WAIT (FOR),0.05,0.033541,0.2,1.0,1.0,0.25,False,8955,prārtʰayatē,3655,kṣapyatē,3,6,9,10,0.3333333333333333,0.6,0.3333333333333333,0.16666666666666666,0,0,1418,1498
3390,WILD RICE,0.05,0.05,0.1,0.5,2.0,0.5,False,5637,taṇḍulá,2546,ōḍikā,1,4,1,4,1.0,1.0,0.5,0.5,0,0,1162,1499
722,ATTACK,0.049074,0.04819,0.2,1.0,1.4166666666666665,0.24537,False,5450,ṭálati,14017,*halla,3,9,7,9,0.42857142857142855,1.0,0.3333333333333333,0.15740740740740738,0,0,1185,1500
1084,CALL,0.048846,0.084734,0.2,1.0,3.7499999999999996,0.244231,True,9837,mantráyatē,12298,śábda,5,13,9,15,0.5555555555555556,0.8666666666666667,0.2,0.28846153846153844,0,0,740,1501
318,FOOTPRINT,0.048718,0.052697,0.2,1.0,2.0,0.24359,False,7754,*padadʰi,5523,*ḍag,3,13,5,15,0.6,0.8666666666666667,0.3333333333333333,0.15384615384615385,0,0,1123,1502
1548,UGLY,0.048571,0.084662,0.2,1.0,2.0,0.242857,True,913,aśubʰa,9530,*bʰuṭṭa,5,7,8,9,0.625,0.7777777777777778,0.2,0.2857142857142857,0,0,742,1503
2003,FLOW,0.048291,0.130586,0.2,1.0,4.833333333333333,0.241453,True,841,*avavahati,11453,váhati,6,13,6,16,1.0,0.8125,0.16666666666666666,0.37179487179487175,0.05555555555555555,0,469,1504
1909,SHAKE,0.048264,0.051738,0.21818181818181817,1.3333333333333333,1.0909090909090908,0.221212,False,10905,laŋgʰáyati,5328-3,*jʰaṭakk{h}ati,4,10,9,13,0.4444444444444444,0.7692307692307693,0.3333333333333333,0.10909090909090909,0,0,1136,1505
2325,PULL OUT,0.048194,0.128607,0.2,1.0,5.783333333333333,0.240972,True,4772,cāláyati,2660,*kaḍḍʰati,6,12,7,13,0.8571428571428571,0.9230769230769231,0.16666666666666666,0.48194444444444445,0.16666666666666666,0,478,1506
218,FINE (PENALTY),0.048148,0.077699,0.2,1.0,2.533333333333333,0.240741,True,9348,bʰagín,6136,daṇḍáyati,5,9,9,12,0.5555555555555556,0.75,0.2,0.28148148148148144,0,0,803,1507
827,ROLL,0.048117,0.077648,0.2,1.0,3.092857142857143,0.240584,True,6453,*dulati,11079,luṭʰáti,5,11,11,12,0.45454545454545453,0.9166666666666666,0.2,0.2811688311688312,0,0,804,1508
1342,SUMMER,0.048077,0.068654,0.2,3.0,1.0,0.240385,False,12642,śṓśucat,5366,*jʰāma,13,4,17,6,0.7647058823529411,0.6666666666666666,0.23076923076923078,0.25,0,0,908,1509
1468,LOOK FOR,0.048029,0.060753,0.2,1.0,2.7634920634920634,0.240146,False,6276,dāpáyati,6839,*dʰūṇḍʰ,4,12,8,15,0.5,0.8,0.25,0.2302910052910053,0,0,1003,1510
741,DRIVE,0.047917,0.063889,0.2,1.0,1.8333333333333333,0.239583,False,5524a,*ḍagga,13939,hakkayati,4,8,8,9,0.5,0.8888888888888888,0.25,0.22916666666666666,0,0,964,1511
179,RIPEN,0.047917,0.117371,0.2,4.0,1.0,0.239583,True,7654,pacyátē,13817,spʰáṭati,6,8,8,9,0.75,0.8888888888888888,0.6666666666666666,0.125,0,0.3125,537,1512
2154,PLOUGH (INSTRUMENT),0.047879,0.114601,0.4,2.0,2.333333333333333,0.119697,True,10482,yugá,11006,lā́ŋgala,15,22,15,24,1.0,0.9166666666666666,0.13333333333333333,0.10606060606060605,0,0,555,1513
2194,FRONT (PART),0.047778,0.096989,0.2,1.0,3.333333333333333,0.238889,True,6664,dvārakōṣṭʰaka,12982,saṁmukʰá,5,12,7,13,0.7142857142857143,0.9230769230769231,0.2,0.27777777777777773,0,0,653,1514
2112,OLD (AGED),0.047778,0.081778,0.2,2.5,1.0,0.238889,True,4424,gʰaná,9461,bʰāratara,9,5,12,8,0.75,0.625,0.2777777777777778,0.2,0,0,767,1515
2924,A LITTLE,0.047768,0.094384,0.3,1.5,7.083333333333333,0.159226,True,5850,tuccʰyá,13720-2,*stōkaḍ-,8,14,12,17,0.6666666666666666,0.8235294117647058,0.1875,0.5059523809523809,0.375,0,668,1516
1673,ARM,0.047743,0.140587,0.25,1.25,23.916666666666664,0.190972,True,10221,muṣṭí,9229,bāhú,12,42,15,62,0.8,0.6774193548387096,0.10416666666666667,0.5694444444444444,0.2916666666666667,0,430,1517
2245,BELCH,0.047619,0.041239,0.2,1.0,1.0,0.238095,False,2337,*ubbakka,1960,udgirati,3,7,7,9,0.42857142857142855,0.7777777777777778,0.3333333333333333,0.14285714285714285,0,0,1275,1518
2117,DESIRE,0.047619,0.051755,0.2,1.0,1.0,0.238095,False,6346,dī́dʰēti,536,abʰī́ccʰati,3,7,5,8,0.6,0.875,0.3333333333333333,0.14285714285714285,0,0,1135,1519
1172,SHOOT,0.047619,0.115728,0.2,2.0,1.0,0.238095,True,10066,māráyati,9013,prōdgata,6,7,8,8,0.75,0.875,0.3333333333333333,0.14285714285714285,0,0,547,1520
1233,NIGHT,0.047448,0.084282,0.4,2.0,39.0,0.11862,True,11625,vikāla,10702,rā́trī,19,44,23,72,0.8260869565217391,0.6111111111111112,0.10526315789473684,0.8863636363636364,0.7543859649122806,0,747,1521
1674,POOR,0.047222,0.054528,0.2,1.0,2.6666666666666665,0.236111,False,143,*accʰādana,7351,nirdʰana,4,12,9,16,0.4444444444444444,0.75,0.25,0.2222222222222222,0,0,1087,1522
1193,STEAM,0.047179,0.084716,0.2,1.0,11.333333333333332,0.235897,True,9108,pʰḗna,9223,bāṣpá,5,13,9,14,0.5555555555555556,0.9285714285714286,0.2,0.8717948717948717,0.6,0,741,1523
500,CRUEL,0.046759,0.02338,0.1,0.5,3.9166666666666665,0.467593,False,10799,rūkṣá,7505,niṣṭʰura,1,9,4,9,0.25,1.0,0.5,0.4351851851851852,0,0,1587,1524
3701,HOLLOW,0.046667,0.025309,0.2,1.0,2.2857142857142856,0.233333,False,3927,*kʰōkkʰa,8398,*pōḍa,2,15,6,17,0.3333333333333333,0.8823529411764706,0.5,0.15238095238095237,0,0.1857142857142857,1547,1525
1781,THUMB,0.046429,0.103093,0.3,1.5,13.500000000000002,0.154762,True,5286,jyḗṣṭʰa,137,aŋguṣṭʰá,9,21,15,23,0.6,0.9130434782608695,0.16666666666666666,0.6428571428571429,0.5,0,611,1526
682,SIDE,0.046343,0.055267,0.2,1.0,2.561111111111111,0.231713,False,6884,dʰaurēyá,7685,pañjara,4,12,9,15,0.4444444444444444,0.8,0.25,0.2134259259259259,0,0,1076,1527
1447,GIVE,0.04624,0.062749,0.26666666666666666,3.0,1.3333333333333333,0.173401,True,8655,prádadāti,1387,ālīyatē,11,18,21,72,0.5238095238095238,0.25,0.2727272727272727,0.07407407407407407,0,0,975,1528
1289,BABY,0.045833,0.043481,0.2,1.0,1.0,0.229167,False,12513,*śuḍa,9209,*bāppa,3,8,5,12,0.6,0.6666666666666666,0.3333333333333333,0.125,0,0,1251,1529
157,DYE,0.045833,0.046119,0.2,1.0,1.0,0.229167,False,10580,rajáyati,10328,mēndʰī,3,6,5,8,0.6,0.75,0.3333333333333333,0.16666666666666666,0,0.041666666666666664,1219,1530
136,HERE,0.045833,0.023936,0.1,0.5,4.0,0.458333,False,377,antiká,1564,ittʰám,2,6,11,16,0.18181818181818182,0.375,0.25,0.6666666666666666,0,0,1574,1531
2025,PEA,0.045238,0.117532,0.2,1.0,11.0,0.22619,True,3335,kulattʰa,9724,*maṭṭara,6,14,8,14,0.75,1.0,0.16666666666666666,0.7857142857142857,0.5,0,534,1532
1864,HUNGER,0.045139,0.151697,0.2,1.0,13.333333333333332,0.225694,True,299,anāhāra,9286,bubʰukṣā,8,15,10,17,0.8,0.8823529411764706,0.125,0.8888888888888888,0.5625,0,389,1533
693,FROM,0.045,0.060422,0.2,1.0,1.5,0.225,True,9804,mádʰya,13173,samá,5,6,13,8,0.38461538461538464,0.75,0.2,0.25,0,0,1006,1534
1364,HEALTHY,0.045,0.050312,0.2,1.0,1.0,0.225,False,615,aruja,7366,nirmala,4,5,8,8,0.5,0.625,0.25,0.2,0,0,1149,1535
3261,HORNET,0.045,0.068034,0.2,1.0,1.0,0.225,False,9651,bʰramará,9581,bʰŕ̩ŋgā,4,5,5,7,0.8,0.7142857142857143,0.25,0.2,0,0,918,1536
594,PIECE,0.045,0.037734,0.2,1.0,1.6666666666666665,0.225,False,5064,cʰēda,5466-3,*ṭukkaḍ-,3,10,8,12,0.375,0.8333333333333334,0.3333333333333333,0.16666666666666666,0,0.05,1335,1537
761,COVER,0.044792,0.034695,0.2,1.0,1.8333333333333333,0.223958,False,529,abʰilīyatē,5337,*jʰapp,3,16,10,18,0.3,0.8888888888888888,0.3333333333333333,0.11458333333333333,0,0,1398,1538
831,BASE,0.044444,0.026024,0.2,1.0,1.0,0.222222,False,3931,*kʰōṭi,9899,mála,2,6,5,7,0.4,0.8571428571428571,0.5,0.16666666666666666,0,0.2222222222222222,1538,1539
1138,FAIRY,0.044444,0.022222,0.06666666666666667,0.3333333333333333,1.0,0.666667,False,6530,dēvátā,502,apsarás,1,1,9,1,0.1111111111111111,1.0,0.3333333333333333,1.0,0,0,1597,1540
1495,HAPPY,0.044444,0.013608,0.1,0.5,2.333333333333333,0.444444,False,5070,*cʰōkara,10571-2,*raŋgitall-,1,6,8,8,0.125,0.75,0.5,0.38888888888888884,0,0,1686,1541
737,LIGHT (IGNITE),0.044444,0.014907,0.06666666666666667,1.0,0.3333333333333333,0.666667,False,10832,rṓcatē,8521,prajvālayati,1,1,5,4,0.2,0.25,1.0,0.3333333333333333,0,0,1675,1542
1997,PRESERVE,0.044444,0.04714,0.06666666666666667,1.0,0.3333333333333333,0.666667,False,10547,rákṣati,5796,tāráyati,1,1,1,2,1.0,0.5,1.0,0.3333333333333333,0,0,1204,1543
2931,BUSINESS,0.044271,0.019799,0.1,0.5,6.166666666666666,0.442708,False,2892,kárman,3078,kāryà,1,16,5,16,0.2,1.0,0.5,0.38541666666666663,0,0,1624,1544
1481,HAMMER,0.04424,0.070728,0.2,1.0,21.833333333333332,0.221198,True,3239,kuṭṭana,14028,*hastakūṭa,7,31,16,65,0.4375,0.47692307692307695,0.14285714285714285,0.7043010752688171,0.4047619047619047,0,872,1545
1612,LETTER,0.04375,0.009223,0.2,1.0,1.5,0.21875,False,4832,*ciṣṭa,38,akṣára,1,8,5,9,0.2,0.8888888888888888,1.0,0.1875,0,0.75,1718,1546
2017,MIX,0.04375,0.050783,0.2,1.0,3.0,0.21875,False,838,*avalōḍayati,9490,*bʰiṭ,4,16,10,19,0.4,0.8421052631578947,0.25,0.1875,0,0,1142,1547
2,DUST,0.043604,0.105485,0.2333333333333333,1.1666666666666665,26.609523809523807,0.186874,True,2025,*uddʰūḍi,6835,*dʰūḍi,10,39,18,68,0.5555555555555556,0.5735294117647058,0.11666666666666665,0.6822954822954822,0.41666666666666663,0.008547008547008546,602,1548
934,BUFFALO,0.042857,0.070401,0.4,2.0,3.333333333333333,0.107143,True,13331,sā́ṇḍa,9980,*mahyā,15,35,19,64,0.7894736842105263,0.546875,0.13333333333333333,0.09523809523809523,0,0.014285714285714285,893,1549
1991,INTESTINES,0.042857,0.056695,0.2,1.0,9.5,0.214286,False,376,antastya,1182,āntrá,4,14,8,16,0.5,0.875,0.25,0.6785714285714286,0.5,0,1054,1550
1598,NORTH,0.042857,0.008018,0.2,1.0,1.0,0.214286,False,1767,úttara,8281,purás,1,7,5,10,0.2,0.7,1.0,0.14285714285714285,0,0.7142857142857143,1726,1551
804,WOMB,0.042188,0.037734,0.1,0.5,2.75,0.421875,False,5551,ḍimba,3213,kukṣí,1,8,1,10,1.0,0.8,0.5,0.34375,0,0,1336,1552
1117,LIKE,0.042037,0.048097,0.2,1.0,1.5333333333333332,0.210185,False,5271,jṓṣati,13119,sadŕ̩kṣa,4,9,10,11,0.4,0.8181818181818182,0.25,0.17037037037037037,0,0,1189,1553
2277,WHOLE,0.041845,0.057446,0.25,1.25,6.583333333333333,0.167381,True,9568,bʰū́yiṣṭʰa,8330,pūra,7,25,13,56,0.5384615384615384,0.44642857142857145,0.17857142857142858,0.2633333333333333,0.10714285714285714,0,1048,1554
155,CHOP,0.041667,0.020833,0.1,1.0,0.5,0.416667,False,5620,tákṣati,6099,*tʰuḍḍ,3,1,6,2,0.5,0.5,0.3333333333333333,0.5,0,0,1614,1555
2341,CLOUDY,0.041667,0.019288,0.1,0.5,1.0,0.416667,False,551,*abʰrakāla,789,*avanahati,1,3,2,7,0.5,0.42857142857142855,0.5,0.3333333333333333,0,0,1631,1556
1766,FINISH,0.041667,0.04969,0.2,1.0,1.3333333333333333,0.208333,False,7373,nirmukta,4848-2,*cukkaya-,4,8,9,10,0.4444444444444444,0.8,0.25,0.16666666666666666,0,0,1163,1557
232,FLEA,0.041667,0.067508,0.2,7.0,1.0,0.208333,True,9029,plúṣi,1981,uddaṁśa,7,6,12,12,0.5833333333333334,0.5,1.0,0.16666666666666666,0,0.75,921,1558
2630,WHIP,0.041667,0.010008,0.2,1.0,1.0,0.208333,False,3528,*kōraḍa,8783,pravayaṇa,1,12,4,13,0.25,0.9230769230769231,1.0,0.08333333333333333,0,0.6666666666666666,1711,1559
702,CATCH,0.041429,0.068506,0.2,1.0,1.5,0.207143,True,4450,gʰárṣati,6747,dʰárati,5,7,8,10,0.625,0.7,0.2,0.21428571428571427,0,0,910,1560
1207,YOUNG,0.04125,0.110698,0.3,1.5,2.0,0.1375,True,10896,lagʰú,5712,táruṇa,10,14,12,18,0.8333333333333334,0.7777777777777778,0.15,0.14285714285714285,0,0.017857142857142856,578,1561
1539,BASKET,0.041154,0.054182,0.2,1.0,2.1,0.205769,False,13746,stʰávi,8164,piṭaka,4,13,8,15,0.5,0.8666666666666667,0.25,0.16153846153846155,0,0,1094,1562
2071,LAY (VERB),0.041071,0.12027,0.2,2.0,1.0,0.205357,True,13756,stʰāpáyati,8053,pātáyati,7,8,8,10,0.875,0.8,0.2857142857142857,0.125,0,0,519,1563
73,BEAK,0.041026,0.038821,0.2,1.0,2.333333333333333,0.205128,False,4925,*cōṇṭa,4569,cañcu,3,13,7,14,0.42857142857142855,0.9285714285714286,0.3333333333333333,0.17948717948717946,0,0.10256410256410256,1317,1564
1953,ABUSE,0.040833,0.076088,0.2,1.0,1.6666666666666665,0.204167,True,4052,gárda,9372,bʰáṇḍatē,5,8,9,8,0.5555555555555556,1.0,0.2,0.20833333333333331,0,0,816,1565
1324,SLIP,0.040833,0.061559,0.2,1.0,1.6666666666666667,0.204167,True,8156,piccʰilá,3856,*kʰasati,5,8,11,10,0.45454545454545453,0.8,0.2,0.20833333333333334,0,0,991,1566
1758,OLDER SISTER,0.040667,0.02516,0.2,1.0,10.166666666666666,0.203333,False,2998,*kākka,6327,*diddā,4,25,19,55,0.21052631578947367,0.45454545454545453,0.25,0.4066666666666666,0.25,0,1551,1567
622,ISLAND,0.040625,0.027083,0.1,0.5,7.0,0.40625,False,6691,dvīpá,5456,*ṭāppuka,1,8,2,9,0.5,0.8888888888888888,0.5,0.875,0.5,0.0625,1521,1568
192,CORNER,0.040575,0.110003,0.2,1.0,6.583333333333332,0.202877,True,2849,kárṇikā,3504,kōṇa,7,12,10,14,0.7,0.8571428571428571,0.14285714285714285,0.548611111111111,0.2857142857142857,0,582,1569
750,DROP,0.040476,0.047892,0.2,1.0,2.166666666666667,0.202381,False,3679,kṣārayati,2661,káṇa,4,14,10,16,0.4,0.875,0.25,0.1547619047619048,0,0,1190,1570
748,SOW SEEDS,0.040385,0.058835,0.2,1.0,2.0,0.201923,False,6634,drāváyati,9007,prṓkṣati,4,13,7,14,0.5714285714285714,0.9285714285714286,0.25,0.15384615384615385,0,0,1025,1571
2230,UNTAMED OR WILD,0.040278,0.014707,0.1,0.5,1.833333333333333,0.402778,False,7799g,paralōka,600,áraṇya,1,6,5,9,0.2,0.6666666666666666,0.5,0.3055555555555555,0,0,1677,1572
1899,MAD,0.040139,0.07186,0.2,1.0,2.416666666666667,0.200694,True,9130,badʰirá,11504,vātula,5,12,9,13,0.5555555555555556,0.9230769230769231,0.2,0.20138888888888892,0,0,859,1573
1613,COLOR,0.04,0.065372,0.2,1.0,2.0,0.2,True,10580,rajáyati,11338,várṇa,5,10,9,13,0.5555555555555556,0.7692307692307693,0.2,0.2,0,0,950,1574
3315,FLAX,0.04,0.02,0.2,1.0,1.0,0.2,False,198,atasī́,12272,śaṇá,1,5,1,5,1.0,1.0,1.0,0.2,0,0.8,1623,1575
917,ORNAMENT,0.04,0.036515,0.1,0.5,1.5,0.4,False,9997,mā́ṇikya,13095,sajya,1,5,1,6,1.0,0.8333333333333334,0.5,0.3,0,0,1360,1576
1337,PIG,0.04,0.05534,0.4,7.0,2.0,0.1,True,13544,sūkará,9551,*bʰūṇḍa,7,20,8,28,0.875,0.7142857142857143,1.0,0.1,0,0.9,1074,1577
241,TREE STUMP,0.039815,0.026709,0.1,0.5,2.6666666666666665,0.398148,False,10196,*mutta,5506,*ṭʰuṭṭʰa,1,9,2,10,0.5,0.9,0.5,0.2962962962962963,0,0,1529,1578
1355,LAUGH,0.039615,0.090627,0.3,1.5,3.0,0.132051,True,14069,hāsayati,14048,*hasyatē,15,13,18,23,0.8333333333333334,0.5652173913043478,0.1,0.23076923076923078,0.06666666666666667,0,692,1579
15,OTTER,0.039286,0.080842,0.3,6.5,1.5,0.130952,True,2056,udrá,11084,lubdʰa,7,9,9,9,0.7777777777777778,1.0,0.9285714285714286,0.16666666666666666,0,0.8333333333333334,779,1580
568,RISE (MOVE UPWARDS),0.039286,0.117857,0.2,1.5,1.0,0.196429,True,1892,*utskadati,4561,*cagʰyati,6,7,6,7,1.0,1.0,0.25,0.14285714285714285,0,0,532,1581
1981,WIDOWER,0.039286,0.058797,0.2,1.0,1.0,0.196429,False,3001,*kāŋkunikā,5524,*ḍagga,4,7,5,10,0.8,0.7,0.25,0.14285714285714285,0,0,1026,1582
1631,FAST,0.038929,0.049101,0.2,1.0,2.65,0.194643,True,5339,*jʰamm,5327,*jʰaṭ,5,14,11,25,0.45454545454545453,0.56,0.2,0.18928571428571428,0,0,1170,1583
99,HUNCHBACK,0.038889,0.024595,0.2,1.0,3.0,0.194444,False,3300,kubjá,3301,*kubba,2,9,5,9,0.4,1.0,0.5,0.3333333333333333,0.16666666666666666,0.2777777777777778,1567,1584
2666,SOLE (FOOT),0.038889,0.071159,0.2,1.0,3.5,0.194444,True,8702,*prabda,5738,*talapāda,5,9,6,14,0.8333333333333334,0.6428571428571429,0.2,0.3888888888888889,0.2,0,867,1585
1274,SALT,0.03869,0.053441,0.5,19.75,2.5,0.077381,True,10978,lavaṇá,10299,mr̩ṣṭá,21,35,23,67,0.9130434782608695,0.5223880597014925,0.9404761904761905,0.07142857142857142,0,0.8571428571428571,1108,1586
3617,STUMBLE,0.038333,0.017497,0.1,0.5,1.3333333333333333,0.383333,False,5513,*ṭʰōkk,6099,*tʰuḍḍ,1,5,4,6,0.25,0.8333333333333334,0.5,0.26666666666666666,0,0,1648,1587
653,PLANT (VEGETATION),0.038149,0.097979,0.2,1.0,2.6249999999999996,0.190747,True,8807,právr̩ddʰa,2517,ēraṇḍa,7,11,11,13,0.6363636363636364,0.8461538461538461,0.14285714285714285,0.2386363636363636,0,0,647,1588
1655,BLINK,0.0375,0.028347,0.1,1.0,0.5,0.375,False,4822,*cimb,5336-3,*jʰappakk-,2,2,7,4,0.2857142857142857,0.5,0.5,0.25,0,0,1505,1589
1043,BRAID,0.0375,0.035355,0.1,0.5,2.0,0.375,False,4883,cū́ḍa,4205,gupʰáti,2,4,6,6,0.3333333333333333,0.6666666666666666,0.25,0.5,0,0,1382,1590
1555,CHAMELEON,0.0375,0.064952,0.1,0.5,3.0,0.375,False,6199,dardru,13248,sáraṭa,2,6,2,8,1.0,0.75,0.25,0.5,0,0,952,1591
3657,GRANARY,0.0375,0.024206,0.1,0.5,2.5,0.375,False,5599,*ḍʰēra,3834,kʰála,1,10,2,12,0.5,0.8333333333333334,0.5,0.25,0,0,1569,1592
2880,HALT (STOP),0.0375,0.053452,0.2,1.0,1.0,0.1875,False,5518,*ḍakk,5469,*ṭubb,4,8,7,9,0.5714285714285714,0.8888888888888888,0.25,0.125,0,0,1106,1593
773,HAVE,0.0375,0.053033,0.1,0.5,2.0,0.375,False,5204,jā́yatē,6791,dʰāráyati,2,2,2,4,1.0,0.5,0.25,1.0,0.5,0,1113,1594
2331,YEAR BEFORE LAST YEAR,0.0375,0.021651,0.1,1.0,0.5,0.375,False,7799t,parā́ri,6049,trivarṣá,1,2,2,3,0.5,0.6666666666666666,1.0,0.25,0,0.5,1605,1595
909,GARBAGE,0.037273,0.015959,0.1,0.5,2.7,0.372727,False,3156,kiṭṭa,2615,kaccara,1,11,5,12,0.2,0.9166666666666666,0.5,0.24545454545454548,0,0,1661,1596
2462,WINNOWING,0.037153,0.052003,0.2,1.0,1.4583333333333333,0.185764,False,8277,punā́ti,8460,*prakṣōṭayati,4,12,7,14,0.5714285714285714,0.8571428571428571,0.25,0.12152777777777778,0,0,1133,1597
2023,CROWD,0.036667,0.064318,0.2,1.0,1.1666666666666667,0.183333,False,8218,piṣṭá,5402,*jʰuṇḍra,4,10,4,13,1.0,0.7692307692307693,0.25,0.11666666666666667,0,0,958,1598
3074,FIX,0.036667,0.077472,0.2,1.0,1.0,0.183333,True,9126,baddʰá,13963,hánati,5,6,7,6,0.7142857142857143,1.0,0.2,0.16666666666666666,0,0,806,1599
640,MUD,0.036508,0.061215,0.2,1.0,8.0,0.18254,True,9899,mála,2867,karda,7,36,18,61,0.3888888888888889,0.5901639344262295,0.14285714285714285,0.2222222222222222,0,0,1000,1600
895,TORTOISE,0.036364,0.023652,0.1,0.5,9.333333333333332,0.363636,False,3414,kūrmá,2619,kaccʰapa,1,11,2,13,0.5,0.8461538461538461,0.5,0.8484848484848484,0.5,0.1212121212121212,1583,1601
112,TURTLE,0.036364,0.008362,0.2,1.0,1.5,0.181818,False,2619,kaccʰapa,3414,kūrmá,1,11,4,13,0.25,0.8461538461538461,1.0,0.13636363636363635,0,0.7727272727272727,1724,1602
1966,BUNCH,0.036146,0.019675,0.1,0.5,1.7833333333333332,0.361458,False,3718,kṣupa,4172,guccʰa,1,8,3,9,0.3333333333333333,0.8888888888888888,0.5,0.22291666666666665,0,0,1625,1603
3025,BARN OR SHED,0.036111,0.051069,0.2,1.0,1.0,0.180556,False,10157-3,*muknal-,3843,*kʰalavāṭa,4,9,8,9,0.5,1.0,0.25,0.1111111111111111,0,0,1138,1604
3730,APRICOT,0.035714,0.013639,0.2,1.0,1.0,0.178571,False,22,akṣá,1474,āṣāḍʰīya,7,1,12,1,0.5833333333333334,1.0,0.14285714285714285,1.0,0.7857142857142857,0,1685,1605
420,FOREST,0.035686,0.054473,0.2,1.0,2.666666666666667,0.178431,True,5853,tuṇḍa,600,áraṇya,5,17,12,19,0.4166666666666667,0.8947368421052632,0.2,0.15686274509803924,0,0,1089,1606
1464,LADDER,0.035498,0.091169,0.2,1.0,2.333333333333333,0.177489,True,12724,*śrēṣṭrī,7458,niśrayaṇī́,7,11,11,13,0.6363636363636364,0.8461538461538461,0.14285714285714285,0.2121212121212121,0,0,687,1607
1504,FLY (INSECT),0.035417,0.043041,0.1,0.5,11.5,0.354167,False,9989,mākṣiká,1697,uḍḍīyatē,2,12,5,13,0.4,0.9230769230769231,0.25,0.9583333333333334,0.5,0,1262,1608
2943,BUNDLE,0.03539,0.049217,0.2,1.0,1.1428571428571428,0.176948,False,3266,kuṇḍa,12078,vr̩ndá,4,11,7,13,0.5714285714285714,0.8461538461538461,0.25,0.10389610389610389,0,0,1168,1609
1903,SWELLING,0.03537,0.017685,0.1,0.5,1.8666666666666667,0.353704,False,13854,spʰōṭa,12568,śūyatē,1,9,3,12,0.3333333333333333,0.75,0.5,0.2074074074074074,0,0,1645,1610
719,FIND,0.035238,0.099293,0.2,4.0,1.0,0.17619,True,10948,lábʰatē,12626,śṓddʰum,10,7,12,9,0.8333333333333334,0.7777777777777778,0.4,0.14285714285714285,0,0.19047619047619047,640,1611
1928,CEASE,0.035,0.02958,0.1,0.5,1.0,0.35,False,9136,bandʰá,6747,dʰárati,1,5,1,7,1.0,0.7142857142857143,0.5,0.2,0,0,1478,1612
3954,FRIENDSHIP,0.035,0.014289,0.1,0.5,1.0,0.35,False,10126,mitratvá,8737,*prarajyatē,1,5,6,5,0.16666666666666666,1.0,0.5,0.2,0,0,1682,1613
3358,SPROUT (SHOOT),0.035,0.014398,0.1,0.5,2.2,0.35,False,8807,právr̩ddʰa,109,aŋkurá,1,11,5,13,0.2,0.8461538461538461,0.5,0.2,0,0,1680,1614
1752,LEAVE,0.034722,0.126412,0.2,1.0,2.833333333333333,0.173611,True,5984,tyájati,3707,*kṣuṭyatē,9,12,11,15,0.8181818181818182,0.8,0.1111111111111111,0.23611111111111108,0,0,489,1615
829,RAFTER,0.033929,0.089312,0.2,1.0,1.5,0.169643,True,9493,bʰitta,7699,paṭṭa,8,7,11,9,0.7272727272727273,0.7777777777777778,0.125,0.21428571428571427,0,0,700,1616
3689,BUBBLE,0.033333,0.010541,0.1,1.0,0.5,0.333333,False,9278,budbudá,9164,*balakk,1,3,5,6,0.2,0.5,1.0,0.16666666666666666,0,0.5,1705,1617
4,COURTYARD,0.033333,0.080687,0.2,1.0,2.0,0.166667,True,9740,maṇḍapa,12130,vēṣṭá,5,15,5,16,1.0,0.9375,0.2,0.13333333333333333,0,0,781,1618
1518,STUPID,0.033333,0.055351,0.2,1.0,2.0,0.166667,True,706,*alala,9263,*bukka,5,15,10,17,0.5,0.8823529411764706,0.2,0.13333333333333333,0,0,1073,1619
1482,SHOULDER,0.032793,0.115849,0.25,1.25,16.083333333333332,0.131173,True,13839,*spʰiyá,13627,skandʰá,13,27,15,30,0.8666666666666667,0.9,0.09615384615384616,0.595679012345679,0.42948717948717946,0,546,1620
688,LUNG,0.032738,0.100017,0.3,1.5,2.0,0.109127,True,9423a,*bʰaṣma,8391,*pōka,14,18,15,20,0.9333333333333333,0.9,0.10714285714285714,0.1111111111111111,0,0,622,1621
863,EDGE,0.032639,0.075846,0.2,1.0,1.9166666666666665,0.163194,True,8868,prastʰa,8041,*pāḍi,6,12,8,15,0.75,0.8,0.16666666666666666,0.1597222222222222,0,0,818,1622
1300,COUNTRY,0.0325,0.054779,0.2,1.0,1.0,0.1625,True,3232,kuṭī,10694,rājyá,5,8,8,11,0.625,0.7272727272727273,0.2,0.125,0,0,1082,1623
3330,LENTILS,0.0325,0.044502,0.1,0.5,13.5,0.325,False,13295,sasyá,9924,masū́ra,2,15,4,16,0.5,0.9375,0.25,0.9,0.5,0,1240,1624
1897,HELP,0.032292,0.00795,0.1,0.5,0.5833333333333333,0.322917,False,5796,tāráyati,12217,vyāhāra,1,4,11,6,0.09090909090909091,0.6666666666666666,0.5,0.14583333333333331,0,0,1727,1625
1277,HAND,0.031944,0.053068,0.4,2.0,19.833333333333332,0.079861,True,13747,stʰávira,14024,hásta,17,24,21,44,0.8095238095238095,0.5454545454545454,0.11764705882352941,0.8263888888888888,0.784313725490196,0,1109,1626
2698,BROTHER-IN-LAW (HUSBAND'S OLDER BROTHER),0.03125,0.015625,0.2,1.0,1.0,0.15625,False,5286,jyḗṣṭʰa,9669,bʰrātr̩śvaśura,1,8,1,8,1.0,1.0,1.0,0.125,0,0.8125,1667,1627
2708,TALK,0.03125,0.009021,0.1,0.5,6.25,0.3125,False,11589,vā́śyatē,11564,vārtta,1,10,8,15,0.125,0.6666666666666666,0.5,0.625,0.5,0,1720,1628
1710,TWENTY,0.03125,0.046882,0.5,22.0,2.5,0.0625,True,11616,viṁśatí,3503,*kōḍi,22,40,23,68,0.9565217391304348,0.5882352941176471,1.0,0.0625,0,0.9375,1213,1629
2984,HEAP,0.031111,0.064815,0.2,1.0,1.6666666666666665,0.155556,True,5603,*ḍʰōkka,5585,*ḍʰikka,5,15,6,18,0.8333333333333334,0.8333333333333334,0.2,0.1111111111111111,0,0,953,1630
3766,WATER POT,0.030778,0.039982,0.2,1.0,2.033333333333333,0.153889,False,4043,gargara,2920,kaláśa,3,15,4,15,0.75,1.0,0.3333333333333333,0.13555555555555554,0,0.1611111111111111,1305,1631
1262,BROTHER,0.030692,0.07088,0.25,1.25,2.5,0.122768,True,9664,bʰrātr̩putra,12056,vīrá,14,16,21,32,0.6666666666666666,0.5,0.08928571428571429,0.15625,0,0,870,1632
1247,EAR,0.030682,0.085091,0.3,1.5,55.0,0.102273,True,3056,*kāra,2830,kárṇa,22,55,23,76,0.9565217391304348,0.7236842105263158,0.06818181818181818,1.0,0.8636363636363636,0,737,1633
1272,AUNT,0.030556,0.02733,0.1,1.833333333333333,0.5,0.305556,False,9089,*pʰuppʰu,997,*āī,3,2,5,6,0.6,0.3333333333333333,0.611111111111111,0.25,0,0.25,1520,1634
733,EARN,0.030556,0.037423,0.1,0.5,5.5,0.305556,False,5226,jinā́ti,2897,*karmāpayati,2,9,4,12,0.5,0.75,0.25,0.6111111111111112,0.25,0,1345,1635
1591,UP,0.030556,0.004331,0.1,1.0,0.5,0.305556,False,9302,br̩hánt,1765,uttamá,9,1,14,32,0.6428571428571429,0.03125,0.1111111111111111,0.5,0,0,1739,1636
2670,ACROSS,0.03,0.057864,0.2,1.0,4.5,0.15,True,8113,*pārima,8100,pārá,5,5,7,6,0.7142857142857143,0.8333333333333334,0.2,0.9,0.8,0,1034,1637
767,CORPSE,0.03,0.06,0.2,1.0,1.3333333333333333,0.15,True,9888,mártya,12356,śáva,6,10,9,15,0.6666666666666666,0.6666666666666666,0.16666666666666666,0.13333333333333333,0,0,1008,1638
3705,SCATTER,0.03,0.052003,0.2,1.0,1.0,0.15,True,9051,pʰála,781,ávadadʰāti,5,10,8,13,0.625,0.7692307692307693,0.2,0.1,0,0,1132,1639
676,SHIT (DEFECATE),0.029167,0.036893,0.1,1.0,0.5,0.291667,False,7484,niṣkālayati,4469,gʰārayati,3,2,5,3,0.6,0.6666666666666666,0.3333333333333333,0.25,0,0,1355,1640
704,CLEAN,0.028571,0.070353,0.2,1.0,1.0,0.142857,True,6886,*dʰauvati,7150,niktá,7,7,11,9,0.6363636363636364,0.7777777777777778,0.14285714285714285,0.14285714285714285,0,0,895,1641
1201,FEATHER,0.028431,0.055605,0.2,1.0,2.0,0.142157,True,7733,páttra,13640,*skambʰa,6,17,10,24,0.6,0.7083333333333334,0.16666666666666666,0.11764705882352941,0,0,1071,1642
765,MOVE,0.028158,0.068055,0.23023809523809521,1.2,1.151190476190476,0.122299,True,4874,*cul,14018,*hallati,7,13,9,16,0.7777777777777778,0.8125,0.17142857142857143,0.08855311355311354,0,0.015384615384615385,914,1643
2297,DUSK,0.027778,0.015215,0.06666666666666667,0.3333333333333333,1.0,0.416667,False,5692,támisrā,1673,*ujjvālaka,1,2,3,5,0.3333333333333333,0.4,0.3333333333333333,0.5,0,0,1672,1644
3119,MASSAGE (SOMEBODY),0.027778,0.029463,0.06666666666666667,1.0,0.3333333333333333,0.416667,False,9896,marśa,8729,prámr̩śati,2,1,2,2,1.0,0.5,0.5,0.3333333333333333,0,0,1481,1645
951,WEAPONS,0.027273,0.006098,0.2,1.0,1.0,0.136364,False,14027,*hastakāra,8969,prāsa,1,11,5,11,0.2,1.0,1.0,0.09090909090909091,0,0.8181818181818182,1734,1646
1845,BALL,0.027083,0.076197,0.2,1.0,3.25,0.135417,True,9203,bāṇá,4321,gōla,7,12,10,13,0.7,0.9230769230769231,0.14285714285714285,0.2708333333333333,0.14285714285714285,0,815,1647
778,SMOKE (EXHAUST),0.026944,0.059638,0.3,17.333333333333332,1.5,0.089815,True,6849,dʰūmá,6848,dʰūpana,18,40,23,71,0.782608695652174,0.5633802816901409,0.9629629629629629,0.0375,0,0.8208333333333332,1012,1648
1056,SON-IN-LAW,0.026923,0.090917,0.2,12.0,1.0,0.134615,True,5198,jā́mātr̩,11309,vará,12,13,18,19,0.6666666666666666,0.6842105263157895,1.0,0.07692307692307693,0,0.8076923076923077,688,1649
1460,IN,0.026481,0.102774,0.2,5.833333333333333,1.0,0.132407,True,9804,mádʰya,12042,*vīcya,9,10,11,11,0.8181818181818182,0.9090909090909091,0.6481481481481481,0.1,0,0.4833333333333333,612,1650
2560,PATERNAL GRANDFATHER,0.02619,0.039054,0.2,5.0,1.0,0.130952,True,6261,*dādda,1348,āryaka,6,7,17,10,0.35294117647058826,0.7,0.8333333333333334,0.14285714285714285,0,0.7142857142857143,1314,1651
1142,URINE,0.026136,0.051124,0.3,1.5,18.5,0.087121,True,10337,mēha,10234,mū́tra,18,22,23,50,0.782608695652174,0.44,0.08333333333333333,0.8409090909090909,0.75,0,1137,1652
1380,TOOTH,0.025926,0.047209,0.3333333333333333,14.333333333333334,1.6666666666666665,0.077778,True,6152,dánta,6153,dantaka,15,35,19,75,0.7894736842105263,0.4666666666666667,0.9555555555555556,0.047619047619047616,0,0.8476190476190476,1201,1653
498,CALF OF LEG,0.025397,0.07521,0.2,1.0,1.0,0.126984,True,6128,daṇḍá,5536,*ḍala,9,7,11,8,0.8181818181818182,0.875,0.1111111111111111,0.14285714285714285,0,0,825,1654
346,BANYAN,0.025,0.0125,0.2,1.0,1.0,0.125,False,11211,vaṭa,5460,*ṭiŋkara,1,10,1,10,1.0,1.0,1.0,0.1,0,0.85,1695,1655
2805,BIRTH (ACCOUCHEMENT),0.025,0.028868,0.1,0.5,2.0,0.25,False,8506,prajana,5113,jánman,2,8,4,12,0.5,0.6666666666666666,0.25,0.25,0,0,1490,1656
514,LAST YEAR,0.025,0.061619,0.2,1.0,5.5,0.125,True,8777,*pravatsara,7907,parút,9,6,10,8,0.9,0.75,0.1111111111111111,0.9166666666666666,0.7777777777777778,0,990,1657
2273,LEECH,0.025,0.005661,0.2,1.0,1.0,0.125,False,5161,jalūkā,5239,jīvá,1,8,3,13,0.3333333333333333,0.6153846153846154,1.0,0.125,0,0.875,1736,1658
3677,MONGOOSE,0.025,0.006455,0.2,1.0,1.5,0.125,False,6908,nakulá,9702,maggūśa,1,12,3,15,0.3333333333333333,0.8,1.0,0.125,0,0.875,1732,1659
710,WHEEL,0.024265,0.038508,0.1,0.5,12.5,0.242647,False,11366,vártman,4538,cakrá,2,17,3,18,0.6666666666666666,0.9444444444444444,0.25,0.7352941176470589,0.5,0,1322,1660
1951,PASS,0.024158,0.071855,0.2,1.0,1.2833333333333332,0.120788,True,5702,tárati,4028,gamáyati,7,13,9,14,0.7777777777777778,0.9285714285714286,0.14285714285714285,0.09871794871794871,0,0,860,1661
782,DEFEAT,0.023611,0.023946,0.1,0.5,6.5,0.236111,False,9170,balāyatē,14062,hāri,2,9,7,10,0.2857142857142857,0.9,0.25,0.7222222222222222,0.5,0,1573,1662
884,SHARE,0.023377,0.073276,0.2,1.0,1.0,0.116883,True,9360,bʰajati,8946,prā́pti,7,11,8,12,0.875,0.9166666666666666,0.14285714285714285,0.09090909090909091,0,0,848,1663
1511,ROOSTER,0.022917,0.010464,0.1,0.5,1.0,0.229167,False,7077,*nāriya,8015,*paṣṭʰa,4,3,14,37,0.2857142857142857,0.08108108108108109,0.125,0.3333333333333333,0,0,1706,1664
2693,MATERNAL AUNT (MOTHER'S SISTER),0.022727,0.080615,0.2,1.0,14.0,0.113636,True,7059,*nānna,10001,mātuḣṣvasr̩,11,14,17,18,0.6470588235294118,0.7777777777777778,0.09090909090909091,1.0,0.8636363636363636,0,782,1665
1393,HORN (ANATOMY),0.022566,0.079835,0.2,1.0,38.5,0.112829,True,5901,tūra,12583,śŕ̩ŋga,19,40,22,69,0.8636363636363636,0.5797101449275363,0.05263157894736842,0.9625,0.7894736842105263,0,788,1666
1668,GRIEF,0.022222,0.010116,0.06666666666666667,0.3333333333333333,9.333333333333334,0.333333,False,8525,praṇaya,6375,duḣkʰá,1,14,8,19,0.125,0.7368421052631579,0.3333333333333333,0.6666666666666667,0.3333333333333333,0,1708,1667
3501,NINETY NINE,0.022222,0.011111,0.2,1.0,1.0,0.111111,False,7001,navanavati,2412,ūnaśata,1,9,1,9,1.0,1.0,1.0,0.1111111111111111,0,0.8888888888888888,1703,1668
151,RAZOR,0.022222,0.031427,0.2,4.0,1.0,0.111111,False,3727,kṣurá,11173,lauhabʰāṇḍa,4,9,6,12,0.6666666666666666,0.75,1.0,0.1111111111111111,0,0.8888888888888888,1453,1669
2501,RICE HUSK,0.022222,0.017408,0.06666666666666667,0.3333333333333333,3.0,0.333333,False,6511,dŕ̩ti,9293,busa,1,9,3,11,0.3333333333333333,0.8181818181818182,0.3333333333333333,0.3333333333333333,0,0,1650,1670
367,RIDE,0.022222,0.034427,0.06666666666666667,1.0,0.3333333333333333,0.333333,False,13834,spʰāla,10905,laŋgʰáyati,2,2,5,3,0.4,0.6666666666666666,0.5,0.16666666666666666,0,0,1407,1671
1258,FINGERNAIL,0.022115,0.045248,0.2,1.0,2.5,0.110577,True,6920,nakʰará,f_xrwhducfi7pgc,nāxun,8,26,15,53,0.5333333333333333,0.49056603773584906,0.125,0.09615384615384616,0,0,1228,1672
960,WIND,0.022039,0.065458,0.2,1.0,5.958333333333333,0.110193,True,4969,*cʰaṭṭa,f_rlqlstrekfzvc,havā,14,40,23,69,0.6086956521739131,0.5797101449275363,0.07142857142857142,0.14895833333333333,0,0,949,1673
1147,PURE,0.021635,0.018989,0.1,0.5,2.375,0.216346,False,8051,pāṇḍú,12520,śuddʰá,2,13,9,15,0.2222222222222222,0.8666666666666667,0.25,0.18269230769230768,0,0,1636,1674
152,HOOF,0.021429,0.010022,0.2,2.0,1.0,0.107143,False,3906,kʰura,7766,padga,2,14,8,16,0.25,0.875,1.0,0.07142857142857142,0,0.8571428571428571,1710,1675
816,HALF,0.021368,0.072115,0.2,1.0,10.0,0.106838,True,3792-2,*kʰaṇḍara-,644,ardʰá,9,13,13,16,0.6923076923076923,0.8125,0.1111111111111111,0.7692307692307693,0.6666666666666666,0,855,1676
954,WELL,0.021154,0.077844,0.2,1.0,1.45,0.105769,True,9348,bʰagín,7561,nīrōga,10,13,15,16,0.6666666666666666,0.8125,0.1,0.11153846153846153,0,0,801,1677
3171,RINGWORM,0.020833,0.009644,0.2,1.0,1.0,0.104167,False,6142,dadrú,9863,*mammaḍa,1,12,1,14,1.0,0.8571428571428571,1.0,0.08333333333333333,0,0.875,1713,1678
1406,FAR,0.02,0.055902,0.26666666666666666,1.3333333333333333,3.833333333333333,0.075,True,6492,*dūna,f_54k6p5unwsyuu,seṭī,20,46,23,72,0.8695652173913043,0.6388888888888888,0.06666666666666667,0.08333333333333333,0,0,1067,1679
615,HORSE,0.019742,0.061664,0.2,2.833333333333333,1.0,0.09871,True,920,áśva,8452,prakṣara,21,16,21,41,1.0,0.3902439024390244,0.1349206349206349,0.0625,0,0,989,1680
1886,ARMPIT,0.019643,0.055069,0.2,1.0,1.0,0.098214,True,3191,kiṣku,3213,kukṣí,8,14,12,19,0.6666666666666666,0.7368421052631579,0.125,0.07142857142857142,0,0,1079,1681
1140,FATIGUE,0.019444,0.018447,0.06666666666666667,0.3333333333333333,1.0,0.291667,False,5689,támas,9361,bʰajyátē,1,4,2,5,0.5,0.8,0.3333333333333333,0.25,0,0,1638,1682
2540,LIME (MATERIAL),0.019444,0.038188,0.1,0.5,4.0,0.194444,False,2726,kándu,7247,nimbū,3,18,6,21,0.5,0.8571428571428571,0.16666666666666666,0.2222222222222222,0,0,1331,1683
937,BIRD,0.019167,0.059357,0.2,1.0,2.5,0.095833,True,5177,jāŋgala,7637,*pakṣirūpa,15,20,17,46,0.8823529411764706,0.43478260869565216,0.06666666666666667,0.125,0,0,1016,1684
837,BLUE,0.019167,0.085716,0.2,1.0,10.5,0.095833,True,8130,pā́lāśa,7563,nī́la,15,12,15,15,1.0,0.8,0.06666666666666667,0.875,0.75,0,731,1685
3645,PERSUADE,0.018889,0.013825,0.06666666666666667,0.3333333333333333,2.833333333333333,0.283333,False,9279-2,*budʰyatēaya-,9857,mányatē,1,5,3,7,0.3333333333333333,0.7142857142857143,0.3333333333333333,0.5666666666666667,0.3333333333333333,0,1683,1686
629,LEATHER,0.01875,0.032476,0.1,0.5,1.6666666666666665,0.1875,False,4282,*gōtvacikā,4701-2,*carmaḍa-,3,8,8,9,0.375,0.8888888888888888,0.16666666666666666,0.20833333333333331,0,0,1436,1687
913,CROW,0.018519,0.069437,0.16666666666666666,0.8333333333333333,12.0,0.111111,True,3107,*kāvaraka,2993,kā́ka,9,12,14,16,0.6428571428571429,0.75,0.09259259259259259,1.0,0.8703703703703703,0,904,1688
910,DEATH,0.018333,0.017892,0.1,0.5,3.6666666666666665,0.183333,False,10065,mā́raṇa,3084,kālá,2,10,6,14,0.3333333333333333,0.7142857142857143,0.25,0.36666666666666664,0.25,0,1642,1689
122,CART,0.018182,0.011826,0.1,0.5,1.3333333333333333,0.181818,False,12236,śákaṭa,4980,cʰadís,1,11,2,13,0.5,0.8461538461538461,0.5,0.1212121212121212,0,0.25757575757575757,1699,1690
822,HOW MANY,0.018116,0.045046,0.2,1.0,19.5,0.09058,True,3169,kíyant,3167,*kiyatta,12,23,18,62,0.6666666666666666,0.3709677419354839,0.08333333333333333,0.8478260869565217,0.75,0,1234,1691
2073,ROB (VERB),0.017857,0.01031,0.1,1.0,0.5,0.178571,False,5489,*ṭʰagg,6934,*naṭati,1,7,3,7,0.3333333333333333,1.0,1.0,0.07142857142857142,0,0.7142857142857143,1707,1692
1838,NAVEL,0.017381,0.07223,0.2,1.5,1.0,0.086905,True,12516,śuṇḍā,4277,gōṇḍa,14,15,16,19,0.875,0.7894736842105263,0.10714285714285714,0.06666666666666667,0,0,853,1693
1627,CHAIN,0.016667,0.007274,0.2,2.0,1.0,0.083333,False,12580,śr̩ŋkʰala,2629,káṭa,2,12,9,14,0.2222222222222222,0.8571428571428571,1.0,0.08333333333333333,0,0.9166666666666666,1729,1694
2983,COMPANIONSHIP,0.016667,0.010911,0.1,0.5,1.0,0.166667,False,6215,dala,13082,saŋgá,1,6,2,7,0.5,0.8571428571428571,0.5,0.16666666666666666,0,0.3333333333333333,1704,1695
2192,REJOICE,0.016667,0.008333,0.1,1.0,0.5,0.166667,False,2375,ullasati,1549,āhlādayati,1,3,3,4,0.3333333333333333,0.75,1.0,0.16666666666666666,0,0.8333333333333334,1725,1696
1249,SPIKE,0.016667,0.025,0.06666666666666667,0.3333333333333333,1.0,0.25,False,12458,śila,12575,śū́la,1,6,1,6,1.0,1.0,0.3333333333333333,0.16666666666666666,0,0,1557,1697
1634,HUNDRED,0.016481,0.0435,0.2,1.0,2.333333333333333,0.082407,True,f_a3qzgmx3y434i,pā̃cbiśi,f_iwnpamter6qbm,śata-kka-ḍa,10,36,19,68,0.5263157894736842,0.5294117647058824,0.1,0.06481481481481481,0,0,1250,1698
1475,COMB,0.016162,0.068819,0.2,1.0,16.0,0.080808,True,2970,kaṣá,2598,káŋkata,11,18,13,21,0.8461538461538461,0.8571428571428571,0.09090909090909091,0.8888888888888888,0.8181818181818182,0,907,1699
540,PALATE,0.015934,0.055769,0.2,6.5,1.0,0.07967,True,5803,tā́lu,5853,tuṇḍa,7,13,7,13,1.0,1.0,0.9285714285714286,0.07692307692307693,0,0.8461538461538461,1070,1700
255,SERVANT,0.015873,0.006604,0.06666666666666667,0.3333333333333333,1.0,0.238095,False,9827,mánuṣa,6316,dāsá,1,7,7,13,0.14285714285714285,0.5384615384615384,0.3333333333333333,0.14285714285714285,0,0,1730,1701
1006,BRICK,0.015789,0.027591,0.1,0.5,15.5,0.157895,False,8168,píṇḍa,1600,íṣṭakā,3,19,8,21,0.375,0.9047619047619048,0.16666666666666666,0.8157894736842105,0.6666666666666666,0,1516,1702
1417,KILL,0.015611,0.040042,0.24,12.333333333333332,1.2,0.065046,True,10066,māráyati,3369,kuṣáti,16,18,19,40,0.8421052631578947,0.45,0.7708333333333333,0.06666666666666667,0.020833333333333332,0.6865740740740741,1303,1703
3368,POWDER,0.015,0.009256,0.06666666666666667,0.3333333333333333,1.6166666666666667,0.225,False,9425,bʰásman,9264,*bukka,1,11,5,13,0.2,0.8461538461538461,0.3333333333333333,0.14696969696969697,0,0.0303030303030303,1716,1704
1268,YES,0.015,0.018001,0.1,0.5,1.0,0.15,True,2524,ēvá,5240,jī́va,5,5,14,31,0.35714285714285715,0.16129032258064516,0.1,0.2,0,0,1641,1705
1359,SEPARATE,0.014452,0.024821,0.1,0.5,1.5909090909090908,0.144522,False,7098,*niḣkṣārayati,7488,niṣkr̩tá,3,13,7,17,0.42857142857142855,0.7647058823529411,0.16666666666666666,0.12237762237762237,0,0,1560,1706
2956,TUBE,0.013333,0.060858,0.1,0.5,2.0,0.133333,True,11175,vaṁśá,4921,*cōŋga,5,12,6,12,0.8333333333333334,1.0,0.1,0.16666666666666666,0,0,1002,1707
1382,NEEDLE (FOR SEWING),0.013203,0.040692,0.2,1.0,2.0,0.066017,True,13444,sī́vyati,13443,sīvana,14,33,19,64,0.7368421052631579,0.515625,0.07142857142857142,0.06060606060606061,0,0,1294,1708
746,SHOP,0.012143,0.03666,0.1,0.5,1.0,0.121429,True,1204,āpāna,3546,kṓṣṭʰa,5,7,8,12,0.625,0.5833333333333334,0.1,0.14285714285714285,0,0,1356,1709
628,LEAF,0.011243,0.039478,0.2,1.0,12.5,0.056217,True,4979,cʰadana,7918,parṇá,18,42,21,73,0.8571428571428571,0.5753424657534246,0.05555555555555555,0.2976190476190476,0.24074074074074073,0,1309,1710
1215,THOU,0.011111,0.025415,0.2,1.0,9.0,0.055556,True,10511,yuṣmad,5889,tuvám,18,9,19,33,0.9473684210526315,0.2727272727272727,0.05555555555555555,1.0,0.9444444444444444,0,1546,1711
3696,THROW AWAY,0.011111,0.013608,0.03333333333333333,0.16666666666666666,5.0,0.333333,False,8743,*prarēcyatē,3651,kṣapayati,1,10,5,12,0.2,0.8333333333333334,0.16666666666666666,0.5,0,0,1687,1712
1205,TONGUE,0.011061,0.035212,0.2,1.0,43.5,0.055303,True,11136,*lōḍa,5228,jihvā́,15,44,22,74,0.6818181818181818,0.5945945945945946,0.06666666666666667,0.9886363636363636,0.9333333333333333,0.011363636363636364,1393,1713
124,THORN,0.011042,0.037081,0.2,1.0,33.75,0.055208,True,5323,*jʰaŋk,2668,kaṇṭa,15,40,19,70,0.7894736842105263,0.5714285714285714,0.06666666666666667,0.84375,0.8,0,1353,1714
227,FISH,0.010837,0.035397,0.2,1.0,1.8333333333333333,0.054187,True,10867,rōhitamatsya,1256,āmiṣá,17,37,22,67,0.7727272727272727,0.5522388059701493,0.058823529411764705,0.04954954954954955,0,0,1379,1715
1714,NINETEEN,0.010819,0.043535,0.2,1.0,1.0,0.054094,True,6998,návadaśa,2410,ūnapañcāśat,18,19,22,24,0.8181818181818182,0.7916666666666666,0.05555555555555555,0.05263157894736842,0,0,1249,1716
2365,RADISH,0.010714,0.059829,0.1,0.5,10.0,0.107143,True,5934,tr̩prá,10250,mū́la,7,10,10,11,0.7,0.9090909090909091,0.07142857142857142,1.0,0.8571428571428571,0,1010,1717
1401,DRINK,0.009757,0.032963,0.2,1.0,33.0,0.048786,True,5322,*jʰaggā,8209,píbati,21,34,23,68,0.9130434782608695,0.5,0.047619047619047616,0.9705882352941176,0.9206349206349206,0,1432,1718
2963,NET,0.009405,0.054537,0.1,0.5,1.75,0.094048,True,8400,pōta,5219,jālya,7,15,9,17,0.7777777777777778,0.8823529411764706,0.07142857142857142,0.11666666666666667,0,0,1086,1719
1457,SEW,0.009028,0.053748,0.1,0.5,1.0,0.090278,True,13876,syūtá,5432,ṭáŋkati,9,8,10,13,0.9,0.6153846153846154,0.05555555555555555,0.125,0,0,1100,1720
1191,COOKED RICE,0.00767,0.041761,0.1,0.5,1.0,0.076705,True,4471,gʰāsá,3880,kʰiccā,8,11,10,19,0.8,0.5789473684210527,0.0625,0.09090909090909091,0,0,1269,1721
760,KNOT,0.007566,0.049204,0.1,1.0,0.5,0.075658,True,10963,layana,9140,bándʰana,8,19,10,23,0.8,0.8260869565217391,0.125,0.02631578947368421,0,0,1169,1722
1862,DONKEY,0.00754,0.029968,0.1,6.0,0.5,0.075397,True,3818,kʰara,6289,*dāyayati,14,9,19,34,0.7368421052631579,0.2647058823529412,0.42857142857142855,0.05555555555555555,0,0.3333333333333333,1474,1723
1780,BILE,0.007143,0.017359,0.1,3.0,0.5,0.071429,False,8181,pittá,8182,*pittaka,3,7,4,8,0.75,0.875,1.0,0.07142857142857142,0,0.9285714285714286,1651,1724
1484,OIL (ORGANIC SUBSTANCE),0.006838,0.021687,0.2,12.0,1.0,0.034188,True,5958,tailá,491,apūpá,13,39,18,70,0.7222222222222222,0.5571428571428572,0.9230769230769231,0.02564102564102564,0,0.8803418803418804,1601,1725
1405,NAME,0.005263,0.034586,0.1,0.5,35.0,0.052632,True,5060,cʰurayati,7067,nā́man,19,35,22,70,0.8636363636363636,0.5,0.02631578947368421,1.0,0.9210526315789473,0,1402,1726
1625,DEAD,0.005,0.01291,0.1,4.0,0.5,0.05,False,10278,mr̩tá,13479,suptá,4,10,8,12,0.5,0.8333333333333334,1.0,0.05,0,0.95,1692,1727
3576,SEVENTY ONE,0.005,0.005,0.1,1.0,0.5,0.05,False,2479,ḗkasaptati,2478,ēkaṣaṣṭi,1,10,1,10,1.0,1.0,1.0,0.05,0,0.95,1738,1728
678,BEARD,0.004896,0.039974,0.1,1.0,0.5,0.048958,True,5254,*juŋgʰa,5853,tuṇḍa,15,16,18,20,0.8333333333333334,0.8,0.06666666666666667,0.03125,0,0,1306,1729
932,BARLEY,0.004861,0.039328,0.1,1.0,0.5,0.048611,True,9201,*bājjara,3148,kiṁśā́ru,18,12,22,15,0.8181818181818182,0.8,0.05555555555555555,0.041666666666666664,0,0,1310,1730
3107,WHISTLE (INSTRUMENT),0.004762,0.002362,0.06666666666666667,1.0,0.3333333333333333,0.071429,False,13427,*sīṭṭa,13901,svaná,1,7,8,8,0.125,0.875,1.0,0.047619047619047616,0,0.9047619047619048,1742,1731
489,KIDNEY,0.004545,0.00658,0.1,0.5,2.0,0.045455,False,12069,vr̩ttá,12064,vr̩kká,11,2,14,3,0.7857142857142857,0.6666666666666666,0.045454545454545456,1.0,0.9545454545454546,0,1731,1732
1500,FOUR,0.004524,0.024603,0.1,0.5,29.5,0.045238,True,4629,catuṣka,4655,catvā́raḣ,14,30,20,71,0.7,0.4225352112676056,0.03571428571428571,0.9833333333333333,0.9285714285714286,0,1565,1733
1369,GOLD,0.003816,0.019129,0.1,0.5,1.0,0.038158,True,11168,*lōhila,14163,hēman,10,38,21,72,0.47619047619047616,0.5277777777777778,0.05,0.02631578947368421,0,0,1634,1734
2843,CAULIFLOWER,0.003125,0.000439,0.1,1.0,0.5,0.03125,False,4270,gōjihvikā,9092,pʰulla,1,16,15,54,0.06666666666666667,0.2962962962962963,1.0,0.03125,0,0.96875,1743,1735
1704,SEVEN,0.001777,0.012883,0.1,0.5,0.5,0.017774,True,13343,sā́pta,6019,triká,22,39,23,71,0.9565217391304348,0.5492957746478874,0.022727272727272728,0.01282051282051282,0,0,1693,1736
1515,TEN,0.001718,0.013074,0.1,0.5,0.5,0.017178,True,10436,yávasa,8015,*paṣṭʰa,22,43,23,71,0.9565217391304348,0.6056338028169014,0.022727272727272728,0.011627906976744186,0,0,1691,1737
1703,SIX,0.001563,0.009235,0.1,0.5,0.5,0.015625,True,12780,ṣáṭka,13685,stara,16,31,20,71,0.8,0.43661971830985913,0.03125,0.016129032258064516,0,0.016129032258064516,1717,1738
492,THREE,0.001563,0.009712,0.1,18.0,0.5,0.015625,True,5994,tráyaḣ,6051a,trivāram,18,32,21,71,0.8571428571428571,0.4507042253521127,1.0,0.015625,0,0.984375,1712,1739
593,POTATO,0.001515,0.003065,0.1,5.0,0.5,0.015152,True,1388,ālu,f_5tbm3zy3mu4po,batata,5,33,16,63,0.3125,0.5238095238095238,1.0,0.015151515151515152,0,0.9848484848484849,1741,1740
2842,TURMERIC,0.001351,0.005824,0.1,8.0,0.5,0.013514,True,13992,haridrā,3214,kuŋkuma,8,37,17,60,0.47058823529411764,0.6166666666666667,1.0,0.013513513513513514,0,0.9864864864864865,1735,1741
1706,ELEVEN,0.001282,0.008782,0.1,18.0,0.5,0.012821,True,2485,ḗkādaśa,6019,triká,18,39,22,68,0.8181818181818182,0.5735294117647058,1.0,0.01282051282051282,0,0.9871794871794872,1721,1742
493,FIVE,0.00125,0.009176,0.1,22.0,0.5,0.0125,True,7655,páñca,13685,stara,22,40,23,71,0.9565217391304348,0.5633802816901409,1.0,0.0125,0,0.9875,1719,1743
