head_id,family_id,head,family,rule
10005-2,10005,*mātuḣṣvasr̩kāputra,*mātuḣṣvasr̩putra,explicitly linked numbered CDIAL subhead
10019-2,10019,*mātr̩gōtrika,mātr̩gōtra,explicitly linked numbered CDIAL subhead
10023-2,10023,mātra,mā́trā,explicitly linked numbered CDIAL subhead
10030-2,10030,*mādya,*māda,explicitly linked numbered CDIAL subhead
10030-3,10030,*mādiya,*māda,explicitly linked numbered CDIAL subhead
10078-2,10078,mārgyā,mārgya,explicitly linked numbered CDIAL subhead
10085-2,10085,mārttika,*mārtta,explicitly linked numbered CDIAL subhead
10090-2,10090,mālavīya,mālava,explicitly linked numbered CDIAL subhead
10112-2,10112,*māhārgʰiya,*māhārgʰya,explicitly linked numbered CDIAL subhead
10116-2,10116,*māhiya,*māhya,explicitly linked numbered CDIAL subhead
10117-2,10117,*mēŋga-,*mikkara,explicitly linked numbered CDIAL subhead
10117-3,10117,*mēŋgana,*mikkara,explicitly linked numbered CDIAL subhead
10120-2,10120,*miṇḍa,*miḍḍa,explicitly linked numbered CDIAL subhead
10120-3,10120,*miṇḍʰa-,*miḍḍa,explicitly linked numbered CDIAL subhead
10120-4,10120,*mēṭṭa-,*miḍḍa,explicitly linked numbered CDIAL subhead
10120-5,10120,*mēṇḍa-,*miḍḍa,explicitly linked numbered CDIAL subhead
10120-6,10120,*mēṇḍʰa-,*miḍḍa,explicitly linked numbered CDIAL subhead
10121-2,10121,*mikka,mita,explicitly linked numbered CDIAL subhead
10122-2,10122,middʰa,*mitta,explicitly linked numbered CDIAL subhead
10122-3,10122,mindā́,*mitta,explicitly linked numbered CDIAL subhead
10122-4,10122,*mindʰa,*mitta,explicitly linked numbered CDIAL subhead
10122-5,10122,*mindʰara,*mitta,explicitly linked numbered CDIAL subhead
10122-6,10122,*mīna-,*mitta,explicitly linked numbered CDIAL subhead
10122-7,10122,*mēdda,*mitta,explicitly linked numbered CDIAL subhead
1013-2,1013,*ākkara,*ākkaḍa,explicitly linked numbered CDIAL subhead
10133-2,10133,*miḍati,miláti,explicitly linked numbered CDIAL subhead
10137-2,10137,miśrāpayati,miśrayati,explicitly linked numbered CDIAL subhead
10137-3,10137,miśrita,miśrayati,explicitly linked numbered CDIAL subhead
10146-2,10146,mukura,mukula,explicitly linked numbered CDIAL subhead
10146-3,10146,*bakula-,mukula,explicitly linked numbered CDIAL subhead
10147-2,10147,*mukurayati,mukulayati,explicitly linked numbered CDIAL subhead
10147-3,10147,mukulāyatē,mukulayati,explicitly linked numbered CDIAL subhead
10148-2,10148,*makusta,mukuṣṭʰa,explicitly linked numbered CDIAL subhead
10156-2,10156,*muktuvā,muktvā́,explicitly linked numbered CDIAL subhead
10177-2,10177,mucukunda,mucalinda,explicitly linked numbered CDIAL subhead
10179-2,10179,*mōccʰa,*muccʰa,explicitly linked numbered CDIAL subhead
10179-3,10179,*mujja,*muccʰa,explicitly linked numbered CDIAL subhead
10180-2,10180,mōccʰā,*muccʰā,explicitly linked numbered CDIAL subhead
10186-2,10186,mṓṭati,muṭáti,explicitly linked numbered CDIAL subhead
10186-3,10186,*mōṭyatē,muṭáti,explicitly linked numbered CDIAL subhead
10186-4,10186,*muruṭati,muṭáti,explicitly linked numbered CDIAL subhead
10187-10,10187,*muṇḍʰara,*muṭṭa,explicitly linked numbered CDIAL subhead
10187-11,10187,*mōṭṭa-,*muṭṭa,explicitly linked numbered CDIAL subhead
10187-12,10187,*mōṭṭʰa,*muṭṭa,explicitly linked numbered CDIAL subhead
10187-13,10187,*mōṭṭʰara,*muṭṭa,explicitly linked numbered CDIAL subhead
10187-14,10187,*mōḍḍa,*muṭṭa,explicitly linked numbered CDIAL subhead
10187-15,10187,*mōṇḍa,*muṭṭa,explicitly linked numbered CDIAL subhead
10187-2,10187,*muṭṭʰa-,*muṭṭa,explicitly linked numbered CDIAL subhead
10187-3,10187,*muṭṭʰara,*muṭṭa,explicitly linked numbered CDIAL subhead
10187-4,10187,*muḍa,*muṭṭa,explicitly linked numbered CDIAL subhead
10187-5,10187,*muḍḍa,*muṭṭa,explicitly linked numbered CDIAL subhead
10187-6,10187,*muḍḍʰa,*muṭṭa,explicitly linked numbered CDIAL subhead
10187-7,10187,*muṇṭa,*muṭṭa,explicitly linked numbered CDIAL subhead
10187-8,10187,*muṇṭara,*muṭṭa,explicitly linked numbered CDIAL subhead
10187-9,10187,*muṇḍʰa,*muṭṭa,explicitly linked numbered CDIAL subhead
10189-2,10189,*muṇḍa,*muḍḍʰa,explicitly linked numbered CDIAL subhead
1019-2,1019,ākrōśa,ā́krōśati,explicitly linked numbered CDIAL subhead
1019-3,1019,ākrōśana,ā́krōśati,explicitly linked numbered CDIAL subhead
10196-2,10196,*muttʰa-,*mutta,explicitly linked numbered CDIAL subhead
10196-3,10196,*muttʰara-,*mutta,explicitly linked numbered CDIAL subhead
10196-4,10196,*munda,*mutta,explicitly linked numbered CDIAL subhead
10196-5,10196,*munna,*mutta,explicitly linked numbered CDIAL subhead
10196-6,10196,*mōttʰara-,*mutta,explicitly linked numbered CDIAL subhead
10196-7,10196,*mōdda-,*mutta,explicitly linked numbered CDIAL subhead
10196-8,10196,*mōddʰa,*mutta,explicitly linked numbered CDIAL subhead
10197-2,10197,*muttʰara-,*muttʰa,explicitly linked numbered CDIAL subhead
10197-3,10197,*mōttʰara-,*muttʰa,explicitly linked numbered CDIAL subhead
10197-4,10197,*mōdda-,*muttʰa,explicitly linked numbered CDIAL subhead
10199-2,10199,*mōdgara,mudgara,explicitly linked numbered CDIAL subhead
10211-2,10211,*mulati,*murati,explicitly linked numbered CDIAL subhead
10212-2,10212,*mōrayati,*murati,explicitly linked numbered CDIAL subhead
10223-2,10223,*muṣala,músala,explicitly linked numbered CDIAL subhead
10226-2,10226,*mōsta,musta,explicitly linked numbered CDIAL subhead
10231-2,10231,*mūga,mū́ka,explicitly linked numbered CDIAL subhead
10231-3,10231,*mukka-,mū́ka,explicitly linked numbered CDIAL subhead
10231-4,10231,*mukkara,mū́ka,explicitly linked numbered CDIAL subhead
10231-5,10231,*mugga,mū́ka,explicitly linked numbered CDIAL subhead
10231-6,10231,*muŋga,mū́ka,explicitly linked numbered CDIAL subhead
10231-7,10231,*mōkka,mū́ka,explicitly linked numbered CDIAL subhead
10231-8,10231,*mōgga,mū́ka,explicitly linked numbered CDIAL subhead
10233-2,10233,mūṭa,mūta,explicitly linked numbered CDIAL subhead
10233-3,10233,*muṭṭa-,mūta,explicitly linked numbered CDIAL subhead
10233-4,10233,*mūṭʰa,mūta,explicitly linked numbered CDIAL subhead
10233-5,10233,*muṭṭʰa-,mūta,explicitly linked numbered CDIAL subhead
10233-6,10233,mōṭa,mūta,explicitly linked numbered CDIAL subhead
10233-7,10233,*mōṭṭa-,mūta,explicitly linked numbered CDIAL subhead
10233-8,10233,*mōṭʰa-,mūta,explicitly linked numbered CDIAL subhead
1024-2,1024,*ākṣālayati,*ākṣalati,explicitly linked numbered CDIAL subhead
10250-2,10250,*mūḍa,mū́la,explicitly linked numbered CDIAL subhead
10257-2,10257,*mūliya,mūlya,explicitly linked numbered CDIAL subhead
10257-3,10257,*mūḍiya,mūlya,explicitly linked numbered CDIAL subhead
10258-2,10258,mū́ṣika,mūṣa,explicitly linked numbered CDIAL subhead
1026-2,1026,ākṣipta,ākṣipati,explicitly linked numbered CDIAL subhead
1026-3,1026,*ākṣipyati,ākṣipati,explicitly linked numbered CDIAL subhead
10264-2,10264,mr̩gī,mr̩gá,explicitly linked numbered CDIAL subhead
10264-3,10264,*mr̩gā,mr̩gá,explicitly linked numbered CDIAL subhead
10276-2,10276,mūrṇá,mr̩ṇā́ti,explicitly linked numbered CDIAL subhead
10276-3,10276,*mr̩ṇṇa,mr̩ṇā́ti,explicitly linked numbered CDIAL subhead
103-2x,103,ikā,aŋkapāli,explicitly linked numbered CDIAL subhead
10304-2,10304,*mēgʰiya,mḗgʰya,explicitly linked numbered CDIAL subhead
10306-2,10306,*mēñca,*mēcca,explicitly linked numbered CDIAL subhead
10308-2,10308,*mēṇḍa-,*mēṭṭa,explicitly linked numbered CDIAL subhead
10310-2,10310,*mēṇṭʰa,mēṇḍʰa,explicitly linked numbered CDIAL subhead
10310-3,10310,*mējjʰa,mēṇḍʰa,explicitly linked numbered CDIAL subhead
10317-2,10317,mēṭʰī,mētʰí,explicitly linked numbered CDIAL subhead
10331-2,10331,*mēḍa,mēla,explicitly linked numbered CDIAL subhead
10332-2,10332,*mēḍayati,mēlayati,explicitly linked numbered CDIAL subhead
10334-2,10334,mēha-,mēṣá,explicitly linked numbered CDIAL subhead
10343-2,10343,*maiṣiya,*maiṣya,explicitly linked numbered CDIAL subhead
10349-2,10349,mōcika,*mōca-,explicitly linked numbered CDIAL subhead
10352-2,10352,*mōṭʰa,*mōṭa,explicitly linked numbered CDIAL subhead
1036-2,1036,*ākʰōṭayati,*ākʰuṭati,explicitly linked numbered CDIAL subhead
10371-2,10371,*mūna,mauna,explicitly linked numbered CDIAL subhead
10371-3,10371,*mōnna,mauna,explicitly linked numbered CDIAL subhead
10408-2,10408,yátʰā ná,yáthā ná,explicitly linked numbered CDIAL subhead
10421-2,10421,*yāmaka,yamá,explicitly linked numbered CDIAL subhead
10428-2,10428,yamáyati,yamyátē,explicitly linked numbered CDIAL subhead
10428-3,10428,yāmáyati,yamyátē,explicitly linked numbered CDIAL subhead
10428-4,10428,*yāmana,yamyátē,explicitly linked numbered CDIAL subhead
10438-2,10438,yvāgulī,yavāgū́,explicitly linked numbered CDIAL subhead
10442-2,10442,*yaviyā́,yavyā́,explicitly linked numbered CDIAL subhead
10453-2,10453,*yātrikā,yā́tr̩,explicitly linked numbered CDIAL subhead
10462-2,10462,*yāpyatē,yāpáyati,explicitly linked numbered CDIAL subhead
10496-2,10496,*yuṭyati,*yuṭati,explicitly linked numbered CDIAL subhead
10496-3,10496,*yuṭṭa,*yuṭati,explicitly linked numbered CDIAL subhead
10496-4,10496,*yōṭayati,*yuṭati,explicitly linked numbered CDIAL subhead
10496-5,10496,*yōṭa,*yuṭati,explicitly linked numbered CDIAL subhead
1050-2,1050,*āgr̩ta,ā́guratē,explicitly linked numbered CDIAL subhead
10503-2,10503,yujyátē,yunákti,explicitly linked numbered CDIAL subhead
10516-2,10516,*yūttʰa,yūtʰá,explicitly linked numbered CDIAL subhead
10523-2,10523,yṓtra,yṓktra,explicitly linked numbered CDIAL subhead
10532-2,10532,yōddʰāram,yōddʰr̩,explicitly linked numbered CDIAL subhead
10538-2,10538,*rakkara,*rakka,explicitly linked numbered CDIAL subhead
10538-3,10538,raŋká,*rakka,explicitly linked numbered CDIAL subhead
10538-4,10538,*raŋkʰa,*rakka,explicitly linked numbered CDIAL subhead
10538-5,10538,*raŋga,*rakka,explicitly linked numbered CDIAL subhead
10580-2,10580,*rājayati,rajáyati,explicitly linked numbered CDIAL subhead
10584-2,10584,rakta,rajyatē,explicitly linked numbered CDIAL subhead
10590-2,10590,*raṭyati,ráṭati,explicitly linked numbered CDIAL subhead
10593-2,10593,*raḍḍa,*raṭṭa,explicitly linked numbered CDIAL subhead
10593-3,10593,*raṇṭa,*raṭṭa,explicitly linked numbered CDIAL subhead
10593-4,10593,*raṇṭʰa,*raṭṭa,explicitly linked numbered CDIAL subhead
10593-5,10593,raṇḍa,*raṭṭa,explicitly linked numbered CDIAL subhead
10593-6,10593,*rāḍa,*raṭṭa,explicitly linked numbered CDIAL subhead
10593-7,10593,*rāṇa,*raṭṭa,explicitly linked numbered CDIAL subhead
10594-2,10594,*raḍ,*raḍḍ,explicitly linked numbered CDIAL subhead
10609-2,10609,*ratʰiyā,rátʰyā,explicitly linked numbered CDIAL subhead
10611-2,10611,raddʰa,*radʰyatē,explicitly linked numbered CDIAL subhead
1062-2,1062,āgʰrāṇa,āgʰrāpayati,explicitly linked numbered CDIAL subhead
10627-2,10627,rāmā,ramaṇī,explicitly linked numbered CDIAL subhead
10629-2,10629,*rampʰa,*rampa,explicitly linked numbered CDIAL subhead
10629-3,10629,*rambʰa,*rampa,explicitly linked numbered CDIAL subhead
10630-2,10630,*rampʰati,*rampati,explicitly linked numbered CDIAL subhead
10630-3,10630,*rambʰati,*rampati,explicitly linked numbered CDIAL subhead
10640-2,10640,*rall,*ral,explicitly linked numbered CDIAL subhead
1066-2,1066,*ācārayati,ā́carati,explicitly linked numbered CDIAL subhead
10666-2,10666,*rahyati,*rahati,explicitly linked numbered CDIAL subhead
10694-2,10694,*rājiyá,rājyá,explicitly linked numbered CDIAL subhead
10704-2,10704,*rātryāndʰa,rātryandʰa,explicitly linked numbered CDIAL subhead
10704-3,10704,rātryāndʰya,rātryandʰa,explicitly linked numbered CDIAL subhead
10704-4,10704,*rātryāndʰiya,rātryandʰa,explicitly linked numbered CDIAL subhead
10727-2,10727,*rikṇi,*rikṇa,explicitly linked numbered CDIAL subhead
10732-2,10732,*rēŋga,*rigga,explicitly linked numbered CDIAL subhead
10733-2,10733,*rigʰyati,*rigʰati,explicitly linked numbered CDIAL subhead
10734-2,10734,*rēŋk,*riŋk,explicitly linked numbered CDIAL subhead
10735-2,10735,*rikʰyati,ríŋkʰati,explicitly linked numbered CDIAL subhead
10739-2,10739,*rigyati,ríŋgati,explicitly linked numbered CDIAL subhead
10752-2,10752,rīrī,rīti,explicitly linked numbered CDIAL subhead
10753-2,10753,rīṇa,rī́yatē,explicitly linked numbered CDIAL subhead
10759-2,10759,*ruŋga,*rugga,explicitly linked numbered CDIAL subhead
10760-2,10760,*lugna,rugṇá,explicitly linked numbered CDIAL subhead
10769-2,10769,*rōḍa,*ruṭṭa,explicitly linked numbered CDIAL subhead
10769-3,10769,*rōḍʰa,*ruṭṭa,explicitly linked numbered CDIAL subhead
10770-2,10770,*ruḍʰa,*ruḍa,explicitly linked numbered CDIAL subhead
10770-3,10770,*ruṇṭa,*ruḍa,explicitly linked numbered CDIAL subhead
10770-4,10770,*ruṇṭʰa,*ruḍa,explicitly linked numbered CDIAL subhead
10770-5,10770,ruṇḍa,*ruḍa,explicitly linked numbered CDIAL subhead
10770-6,10770,*ruṇḍʰa,*ruḍa,explicitly linked numbered CDIAL subhead
10770-7,10770,*rōṭṭa,*ruḍa,explicitly linked numbered CDIAL subhead
10770-8,10770,*rōḍa-,*ruḍa,explicitly linked numbered CDIAL subhead
10770-9,10770,*rōḍḍa,*ruḍa,explicitly linked numbered CDIAL subhead
10783-2,10783,*rupyati,*rupati,explicitly linked numbered CDIAL subhead
10783-3,10783,rōpayati,*rupati,explicitly linked numbered CDIAL subhead
10783-4,10783,rōpyatē,*rupati,explicitly linked numbered CDIAL subhead
10786-2,10786,*rumal,*rum,explicitly linked numbered CDIAL subhead
10786-3,10786,rul,*rum,explicitly linked numbered CDIAL subhead
10799-2,10799,lūkṣá,rūkṣá,explicitly linked numbered CDIAL subhead
10805-2,10805,*rūpiya,rū́pya,explicitly linked numbered CDIAL subhead
10812-2,10812,*rēñja,*rēñca,explicitly linked numbered CDIAL subhead
10815-2,10815,*rēṇḍa,*rēṇṭa,explicitly linked numbered CDIAL subhead
10821-2,10821,rēvaṭa,*rēva,explicitly linked numbered CDIAL subhead
10832-2,10832,rōcáyati,rṓcatē,explicitly linked numbered CDIAL subhead
10832-3,10832,rōcyatē,rṓcatē,explicitly linked numbered CDIAL subhead
10834-2,10834,*rōñca,*rōcca,explicitly linked numbered CDIAL subhead
10835-2,10835,*rōciya,rōcya,explicitly linked numbered CDIAL subhead
10840-2,10840,rudáti,rōdati,explicitly linked numbered CDIAL subhead
10842-2,10842,*rōttra,*rōddʰra,explicitly linked numbered CDIAL subhead
10852-2,10852,*rōmantra,rōmantʰa,explicitly linked numbered CDIAL subhead
10870-2,10870,*rōhiya,*rōhya,explicitly linked numbered CDIAL subhead
10875-2,10875,*lakkuṭa,lakuṭa,explicitly linked numbered CDIAL subhead
10877-2,10877,*lakkʰa,*lakka,explicitly linked numbered CDIAL subhead
10877-3,10877,laŋka,*lakka,explicitly linked numbered CDIAL subhead
10877-4,10877,laŋga,*lakka,explicitly linked numbered CDIAL subhead
10878-2,10878,*laŋka-,*lakka,explicitly linked numbered CDIAL subhead
10907-2,10907,*lañc,*lacc,explicitly linked numbered CDIAL subhead
10909-2,10909,lajjāpayati,lajjátē,explicitly linked numbered CDIAL subhead
10913-2,10913,lajjirī,*lajjira,explicitly linked numbered CDIAL subhead
10916-2,10916,lāṭayati,laṭati,explicitly linked numbered CDIAL subhead
10916-3,10916,*laṭyatē,laṭati,explicitly linked numbered CDIAL subhead
10917-10,10917,*laṇḍʰa,laṭṭa,explicitly linked numbered CDIAL subhead
10917-2,10917,*laṭṭʰa-,laṭṭa,explicitly linked numbered CDIAL subhead
10917-3,10917,*laṭṭʰara,laṭṭa,explicitly linked numbered CDIAL subhead
10917-4,10917,laḍḍa,laṭṭa,explicitly linked numbered CDIAL subhead
10917-5,10917,*laḍḍʰa,laṭṭa,explicitly linked numbered CDIAL subhead
10917-6,10917,*laṇṭa,laṭṭa,explicitly linked numbered CDIAL subhead
10917-7,10917,*laṇṭʰa,laṭṭa,explicitly linked numbered CDIAL subhead
10917-8,10917,*laṇḍa,laṭṭa,explicitly linked numbered CDIAL subhead
10917-9,10917,*laṇḍara,laṭṭa,explicitly linked numbered CDIAL subhead
10918-2,10918,*laṭṭʰa-,*laṭṭa,explicitly linked numbered CDIAL subhead
10918-3,10918,*laṇṭʰa-,*laṭṭa,explicitly linked numbered CDIAL subhead
10918-4,10918,*laṇḍa-,*laṭṭa,explicitly linked numbered CDIAL subhead
10918-5,10918,*latta-,*laṭṭa,explicitly linked numbered CDIAL subhead
10918-6,10918,*ladda-,*laṭṭa,explicitly linked numbered CDIAL subhead
10918-7,10918,*liṭṭa-,*laṭṭa,explicitly linked numbered CDIAL subhead
10918-8,10918,*lidda-,*laṭṭa,explicitly linked numbered CDIAL subhead
10920-2,10920,*laḍḍ-,*laḍ,explicitly linked numbered CDIAL subhead
10920-3,10920,*laḍʰ,*laḍ,explicitly linked numbered CDIAL subhead
10922-2,10922,lāḍayati,láḍati,explicitly linked numbered CDIAL subhead
10924-2,10924,*laḍḍikka,*laḍikka,explicitly linked numbered CDIAL subhead
10927-2,10927,laṇḍa,*laḍḍu,explicitly linked numbered CDIAL subhead
10928-2,10928,latikā,latā,explicitly linked numbered CDIAL subhead
10930-2,10930,*lattara,*latta,explicitly linked numbered CDIAL subhead
10930-3,10930,*lattʰara,*latta,explicitly linked numbered CDIAL subhead
10930-4,10930,*laddʰara,*latta,explicitly linked numbered CDIAL subhead
10930-5,10930,*lanta,*latta,explicitly linked numbered CDIAL subhead
10930-6,10930,*lantara,*latta,explicitly linked numbered CDIAL subhead
10930-7,10930,*landa-,*latta,explicitly linked numbered CDIAL subhead
10930-8,10930,*latra,*latta,explicitly linked numbered CDIAL subhead
10931-2,10931,*lattʰā,*lattā,explicitly linked numbered CDIAL subhead
10933-2,10933,*landa-,*ladda,explicitly linked numbered CDIAL subhead
10939-2,10939,*lappʰa-,*lappa,explicitly linked numbered CDIAL subhead
10939-3,10939,lampʰa,*lappa,explicitly linked numbered CDIAL subhead
10943-2,10943,*lampʰa-,*lappʰa,explicitly linked numbered CDIAL subhead
10943-3,10943,*labba,*lappʰa,explicitly linked numbered CDIAL subhead
10943-4,10943,*labbʰa,*lappʰa,explicitly linked numbered CDIAL subhead
10943-5,10943,*lamba-,*lappʰa,explicitly linked numbered CDIAL subhead
10945-2,10945,lāba,labá,explicitly linked numbered CDIAL subhead
10970-2,10970,niṭāla,lalā́ṭa,explicitly linked numbered CDIAL subhead
10972-2,10972,lallara,*lalla,explicitly linked numbered CDIAL subhead
10979-2,10979,*lavaṇakāra,*lavaṇakara,explicitly linked numbered CDIAL subhead
10990-2,10990,*raśuna,láśuna,explicitly linked numbered CDIAL subhead
10992-2,10992,*lasya,*lasa,explicitly linked numbered CDIAL subhead
10999-2,10999,*lahaḍi,lahari,explicitly linked numbered CDIAL subhead
10999-3,10999,laharī,lahari,explicitly linked numbered CDIAL subhead
11001-2,11001,*lākṣakārin,*lākṣakara,explicitly linked numbered CDIAL subhead
11003-2,11003,*lākṣaka,lākṣiká,explicitly linked numbered CDIAL subhead
11009-2,11009,*lāŋguṭa,lāŋgūlá,explicitly linked numbered CDIAL subhead
11009-3,11009,*lāŋguṭṭa,lāŋgūlá,explicitly linked numbered CDIAL subhead
11009-4,11009,*lāŋguṭṭʰa,lāŋgūlá,explicitly linked numbered CDIAL subhead
11009-5,11009,*lēŋgula,lāŋgūlá,explicitly linked numbered CDIAL subhead
11009-6,11009,*lēŋguṭṭa,lāŋgūlá,explicitly linked numbered CDIAL subhead
11041-2,11041,*lāsyatē,lāsáyati,explicitly linked numbered CDIAL subhead
11044-2,11044,*liŋga,*likka,explicitly linked numbered CDIAL subhead
11044-3,11044,*lēkka,*likka,explicitly linked numbered CDIAL subhead
11044-4,11044,*lēgga,*likka,explicitly linked numbered CDIAL subhead
11044-5,11044,*lēŋka,*likka,explicitly linked numbered CDIAL subhead
11044-6,11044,*lēŋga,*likka,explicitly linked numbered CDIAL subhead
11044-7,11044,*lēŋgʰa,*likka,explicitly linked numbered CDIAL subhead
1105-2,1105,*āḍḍʰarati,*āḍḍʰalati,explicitly linked numbered CDIAL subhead
11053-2,11053,*liccʰa,*licca,explicitly linked numbered CDIAL subhead
11053-4,11053,*lēcca,*licca,explicitly linked numbered CDIAL subhead
11053-5,11053,*lēñca,*licca,explicitly linked numbered CDIAL subhead
11054-10,11054,*lēṇḍara,*liṭṭa,explicitly linked numbered CDIAL subhead
11054-11,11054,*lēṇḍʰa,*liṭṭa,explicitly linked numbered CDIAL subhead
11054-2,11054,*liḍḍa,*liṭṭa,explicitly linked numbered CDIAL subhead
11054-3,11054,*liṇḍa-,*liṭṭa,explicitly linked numbered CDIAL subhead
11054-4,11054,*liṇḍara,*liṭṭa,explicitly linked numbered CDIAL subhead
11054-5,11054,*līḍa,*liṭṭa,explicitly linked numbered CDIAL subhead
11054-6,11054,*lēṭṭʰa,*liṭṭa,explicitly linked numbered CDIAL subhead
11054-7,11054,*lēḍḍa-,*liṭṭa,explicitly linked numbered CDIAL subhead
11054-8,11054,*lēṇṭa,*liṭṭa,explicitly linked numbered CDIAL subhead
11054-9,11054,*lēṇḍa,*liṭṭa,explicitly linked numbered CDIAL subhead
11055-2,11055,*liṇḍa-,*liṭṭa,explicitly linked numbered CDIAL subhead
11055-3,11055,*lēḍa,*liṭṭa,explicitly linked numbered CDIAL subhead
11055-4,11055,*lēḍḍa-,*liṭṭa,explicitly linked numbered CDIAL subhead
11055-5,11055,*lēṇṭa,*liṭṭa,explicitly linked numbered CDIAL subhead
11055-6,11055,lēṇḍa,*liṭṭa,explicitly linked numbered CDIAL subhead
11056-10,11056,*lēnda,*litta,explicitly linked numbered CDIAL subhead
11056-11,11056,*lēndara,*litta,explicitly linked numbered CDIAL subhead
11056-2,11056,*littara,*litta,explicitly linked numbered CDIAL subhead
11056-3,11056,*litra,*litta,explicitly linked numbered CDIAL subhead
11056-4,11056,*lidda-,*litta,explicitly linked numbered CDIAL subhead
11056-5,11056,*liddʰara,*litta,explicitly linked numbered CDIAL subhead
11056-6,11056,*lētta,*litta,explicitly linked numbered CDIAL subhead
11056-7,11056,*lēttʰa,*litta,explicitly linked numbered CDIAL subhead
11056-8,11056,*lēdda-,*litta,explicitly linked numbered CDIAL subhead
11056-9,11056,*lēddʰa-,*litta,explicitly linked numbered CDIAL subhead
11057-2,11057,*linda,*lidda,explicitly linked numbered CDIAL subhead
11057-3,11057,*lēdda-,*lidda,explicitly linked numbered CDIAL subhead
11057-4,11057,*lēddʰa-,*lidda,explicitly linked numbered CDIAL subhead
11057-5,11057,*lēnta,*lidda,explicitly linked numbered CDIAL subhead
11057-6,11057,*lēntʰa,*lidda,explicitly linked numbered CDIAL subhead
11063-2,11063,*limba,*libba,explicitly linked numbered CDIAL subhead
11063-3,11063,*lība,*libba,explicitly linked numbered CDIAL subhead
11063-4,11063,*lēbba,*libba,explicitly linked numbered CDIAL subhead
11063-5,11063,*lēbbʰa,*libba,explicitly linked numbered CDIAL subhead
11063-6,11063,*lēbbʰara,*libba,explicitly linked numbered CDIAL subhead
11063-7,11063,*lēmbʰa,*libba,explicitly linked numbered CDIAL subhead
11067-2,11067,liśyatē,*liśati,explicitly linked numbered CDIAL subhead
11067-3,11067,liṣṭa,*liśati,explicitly linked numbered CDIAL subhead
11068-2,11068,*līsa,*lissa,explicitly linked numbered CDIAL subhead
11068-3,11068,*lēssa,*lissa,explicitly linked numbered CDIAL subhead
11069-2,11069,*lēhati,lihati,explicitly linked numbered CDIAL subhead
11071-2,11071,*lēra,*līra,explicitly linked numbered CDIAL subhead
11071-3,11071,*lēlla,*līra,explicitly linked numbered CDIAL subhead
11072-2,11072,*lugga,*lukka,explicitly linked numbered CDIAL subhead
11072-3,11072,*luŋka,*lukka,explicitly linked numbered CDIAL subhead
11072-4,11072,*luŋkʰa,*lukka,explicitly linked numbered CDIAL subhead
11072-5,11072,*luŋga,*lukka,explicitly linked numbered CDIAL subhead
11072-6,11072,*luŋgara,*lukka,explicitly linked numbered CDIAL subhead
11072-7,11072,*lōkka,*lukka,explicitly linked numbered CDIAL subhead
11073-2,11073,*luñca,*lucca,explicitly linked numbered CDIAL subhead
11073-3,11073,*luñja,*lucca,explicitly linked numbered CDIAL subhead
11073-4,11073,*lōcca,*lucca,explicitly linked numbered CDIAL subhead
11073-5,11073,*lōjjʰa,*lucca,explicitly linked numbered CDIAL subhead
11076-10,11076,*lōṭṭʰa,*luṭṭa,explicitly linked numbered CDIAL subhead
11076-11,11076,*lōṇṭʰa,*luṭṭa,explicitly linked numbered CDIAL subhead
11076-2,11076,*luṭṭʰa,*luṭṭa,explicitly linked numbered CDIAL subhead
11076-3,11076,*luḍa,*luṭṭa,explicitly linked numbered CDIAL subhead
11076-4,11076,*luḍḍa,*luṭṭa,explicitly linked numbered CDIAL subhead
11076-5,11076,*luṇṭa,*luṭṭa,explicitly linked numbered CDIAL subhead
11076-6,11076,luṇṭʰaka,*luṭṭa,explicitly linked numbered CDIAL subhead
11076-7,11076,*luṇḍa,*luṭṭa,explicitly linked numbered CDIAL subhead
11076-8,11076,*luṇḍara,*luṭṭa,explicitly linked numbered CDIAL subhead
11076-9,11076,*lōṭṭa-,*luṭṭa,explicitly linked numbered CDIAL subhead
11077-2,11077,*luḍa-,*luṭṭa,explicitly linked numbered CDIAL subhead
11077-3,11077,luṇḍikā,*luṭṭa,explicitly linked numbered CDIAL subhead
11077-4,11077,*lōṭṭa,*luṭṭa,explicitly linked numbered CDIAL subhead
11078-2,11078,*lūṭati,*luṭṭati,explicitly linked numbered CDIAL subhead
11078-3,11078,lúṇṭati,*luṭṭati,explicitly linked numbered CDIAL subhead
11078-4,11078,*luṭʰati,*luṭṭati,explicitly linked numbered CDIAL subhead
11079-2,11079,*luṭʰyati,luṭʰáti,explicitly linked numbered CDIAL subhead
11079-3,11079,lōṭʰayati,luṭʰáti,explicitly linked numbered CDIAL subhead
1108-2,1108,*āḍʰiya,āḍʰyá,explicitly linked numbered CDIAL subhead
11080-2,11080,*luḍyati,luḍáti,explicitly linked numbered CDIAL subhead
11080-3,11080,*luṇḍati,luḍáti,explicitly linked numbered CDIAL subhead
11080-4,11080,lōḍayati,luḍáti,explicitly linked numbered CDIAL subhead
11080-5,11080,lōḍyatē,luḍáti,explicitly linked numbered CDIAL subhead
11081-10,11081,*lōddara,*lutta,explicitly linked numbered CDIAL subhead
11081-11,11081,*lōddʰa-,*lutta,explicitly linked numbered CDIAL subhead
11081-2,11081,*luttara,*lutta,explicitly linked numbered CDIAL subhead
11081-3,11081,*luttʰara,*lutta,explicitly linked numbered CDIAL subhead
11081-4,11081,*lunda,*lutta,explicitly linked numbered CDIAL subhead
11081-5,11081,*lōtta,*lutta,explicitly linked numbered CDIAL subhead
11081-6,11081,*lōttara,*lutta,explicitly linked numbered CDIAL subhead
11081-7,11081,*lōttʰa-,*lutta,explicitly linked numbered CDIAL subhead
11081-8,11081,*lōttʰara,*lutta,explicitly linked numbered CDIAL subhead
11081-9,11081,*lōdda-,*lutta,explicitly linked numbered CDIAL subhead
11087-2,11087,*lōbba,*lumba,explicitly linked numbered CDIAL subhead
11088-2,11088,*lumbara,*lumba,explicitly linked numbered CDIAL subhead
11088-3,11088,*lōppa,*lumba,explicitly linked numbered CDIAL subhead
11090-2,11090,*lōlla,*lulla,explicitly linked numbered CDIAL subhead
11091-2,11091,*lōssa,*lussa,explicitly linked numbered CDIAL subhead
11093-2,11093,*lūttā,lūtā,explicitly linked numbered CDIAL subhead
11096-2,11096,*rūma,lūma,explicitly linked numbered CDIAL subhead
11097-2,11097,lūṣáyati,*lūṣati,explicitly linked numbered CDIAL subhead
11097-3,11097,*lōṣati,*lūṣati,explicitly linked numbered CDIAL subhead
11097-4,11097,*lūṣyatē,*lūṣati,explicitly linked numbered CDIAL subhead
11098-2,11098,*lūṣṭa,lūṣáyati,explicitly linked numbered CDIAL subhead
11122-2,11122,lōkáyati,lṓkatē,explicitly linked numbered CDIAL subhead
11131-2,11131,*lōciya,*lōcya,explicitly linked numbered CDIAL subhead
11137-2,11137,*lōdda,*lōttʰa,explicitly linked numbered CDIAL subhead
11137-3,11137,*lōddʰa,*lōttʰa,explicitly linked numbered CDIAL subhead
11137-4,11137,*lōnda,*lōttʰa,explicitly linked numbered CDIAL subhead
11139-2,11139,rōdʰra,lōdʰra,explicitly linked numbered CDIAL subhead
11140-2,11140,*rōpākya,lōpāka,explicitly linked numbered CDIAL subhead
11142-2,11142,*rōpi,*lōpi,explicitly linked numbered CDIAL subhead
11153-2,11153,*lōmaka,lōmaṭaka,explicitly linked numbered CDIAL subhead
11153-3,11153,*lōmpaṭa,lōmaṭaka,explicitly linked numbered CDIAL subhead
11156-2,11156,lṓṭati,*lōrtati,explicitly linked numbered CDIAL subhead
11182-2,11182,*vaṁśiya,váṁśya,explicitly linked numbered CDIAL subhead
11192-2,11192,*vaŋkara-,*vaŋka,explicitly linked numbered CDIAL subhead
11208-2,11208,vacyátē,váñcati,explicitly linked numbered CDIAL subhead
11220-2,11220,valīka,vaḍabʰi,explicitly linked numbered CDIAL subhead
11235-2,11235,*vaṇṭʰa-,vaṇṭa-,explicitly linked numbered CDIAL subhead
11236-2,11236,vaṇṭʰa,vaṇṭa,explicitly linked numbered CDIAL subhead
11236-3,11236,*vaṇḍa,vaṇṭa,explicitly linked numbered CDIAL subhead
11236-4,11236,vaṇḍara,vaṇṭa,explicitly linked numbered CDIAL subhead
11236-5,11236,*vaṇḍʰa,vaṇṭa,explicitly linked numbered CDIAL subhead
11236-6,11236,*vaṭʰa,vaṇṭa,explicitly linked numbered CDIAL subhead
11236-7,11236,vaṭʰará,vaṇṭa,explicitly linked numbered CDIAL subhead
11236-8,11236,*vaṭṭʰa,vaṇṭa,explicitly linked numbered CDIAL subhead
11238-2,11238,*vaṇṭʰati,váṇṭati,explicitly linked numbered CDIAL subhead
11258-2,11258,vanikā,vána,explicitly linked numbered CDIAL subhead
11260-2,11260,*vanvati,vánati,explicitly linked numbered CDIAL subhead
11297-2,11297,*vamrya,vamriya,explicitly linked numbered CDIAL subhead
113-2x,113,aŋkōṭʰa,aŋkōṭa,explicitly linked numbered CDIAL subhead
113-3x,113,aŋkōla,aŋkōṭa,explicitly linked numbered CDIAL subhead
113-4x,113,aŋkōlla,aŋkōṭa,explicitly linked numbered CDIAL subhead
11300-2,11300,vāyayati,váyati,explicitly linked numbered CDIAL subhead
11308-2,11308,váram,vára,explicitly linked numbered CDIAL subhead
11330-2,11330,varaṭa,varōla,explicitly linked numbered CDIAL subhead
11330-3,11330,varala,varōla,explicitly linked numbered CDIAL subhead
11330-4,11330,varēṇa,varōla,explicitly linked numbered CDIAL subhead
11330-5,11330,*varamba,varōla,explicitly linked numbered CDIAL subhead
11334-2,11334,*varjayati,*varjati,explicitly linked numbered CDIAL subhead
11348-2,11348,*vārta,*varta,explicitly linked numbered CDIAL subhead
1135-2,1135,*ātmanaka,ātmán,explicitly linked numbered CDIAL subhead
11361-2,11361,vārtika,vártikā,explicitly linked numbered CDIAL subhead
11361-3,11361,vartakā,vártikā,explicitly linked numbered CDIAL subhead
11387-2,11387,badʰra,várdʰra,explicitly linked numbered CDIAL subhead
11405-2,11405,valayati,válati,explicitly linked numbered CDIAL subhead
11405-3,11405,vállatē,válati,explicitly linked numbered CDIAL subhead
11417-2,11417,vālka,valká,explicitly linked numbered CDIAL subhead
11417-3,11417,*valkʰa,valká,explicitly linked numbered CDIAL subhead
11417-4,11417,*vilka,valká,explicitly linked numbered CDIAL subhead
11417-5,11417,*vōlka,valká,explicitly linked numbered CDIAL subhead
11418-2,11418,vālkala,valkala,explicitly linked numbered CDIAL subhead
11418-3,11418,*valkʰala,valkala,explicitly linked numbered CDIAL subhead
11418-4,11418,*vōlkala,valkala,explicitly linked numbered CDIAL subhead
11422-2,11422,vāggulika,valgulikā,explicitly linked numbered CDIAL subhead
11431-2,11431,vaśayati,*vaśati,explicitly linked numbered CDIAL subhead
11435-2,11435,uṣṭa,vásati,explicitly linked numbered CDIAL subhead
11435-3,11435,vāsáyatē,vásati,explicitly linked numbered CDIAL subhead
11435-4,11435,*vasyatē,vásati,explicitly linked numbered CDIAL subhead
11451-2,11451,*vapsi,*vaspi,explicitly linked numbered CDIAL subhead
11469-2,11469,*vāggurā,vāgurā́,explicitly linked numbered CDIAL subhead
11470-2,11470,*vāggurika,vāgurika,explicitly linked numbered CDIAL subhead
11473-2,11473,*vācākr̩ta,*vācākarōti,explicitly linked numbered CDIAL subhead
11497-2,11497,vātala,vātara,explicitly linked numbered CDIAL subhead
11497-3,11497,*vātāra,vātara,explicitly linked numbered CDIAL subhead
11497-4,11497,*vātāla,vātara,explicitly linked numbered CDIAL subhead
11503-2,11503,*vātigana,vātiŋgaṇa,explicitly linked numbered CDIAL subhead
11503-3,11503,*vāṭiŋgana,vātiŋgaṇa,explicitly linked numbered CDIAL subhead
11503-4,11503,*vātiñjana,vātiŋgaṇa,explicitly linked numbered CDIAL subhead
11503-5,11503,vaŋga,vātiŋgaṇa,explicitly linked numbered CDIAL subhead
11503-6,11503,vaŋgana,vātiŋgaṇa,explicitly linked numbered CDIAL subhead
11525-2,11525,*vapayati,vāpayati,explicitly linked numbered CDIAL subhead
11538-2,11538,*vāmara,vāmaná,explicitly linked numbered CDIAL subhead
11564-2,11564,vārttā,vārtta,explicitly linked numbered CDIAL subhead
11576-2,11576,*vālapāśaka,*vālapāśī,explicitly linked numbered CDIAL subhead
11584-2,11584,*vālduḍa,*vālguḍa,explicitly linked numbered CDIAL subhead
11606-2,11606,vāstavyà,vā́stu,explicitly linked numbered CDIAL subhead
11609-2,11609,vāhayati,vā́hatē,explicitly linked numbered CDIAL subhead
1161-2,1161,*ādarati,ā́driyatē,explicitly linked numbered CDIAL subhead
11618-2,11618,*viṁśama,viṁśatima,explicitly linked numbered CDIAL subhead
11622-2,11622,vikarṣa,víkarṣati,explicitly linked numbered CDIAL subhead
11622-3,11622,vikarṣaṇa,víkarṣati,explicitly linked numbered CDIAL subhead
11645-2,11645,*vikṣālayati,*vikṣalati,explicitly linked numbered CDIAL subhead
11651-2,11651,*vikṣuṭyatē,*vikṣuṭati,explicitly linked numbered CDIAL subhead
11659-2,11659,*vikṣōda,*vikṣōdayati,explicitly linked numbered CDIAL subhead
11659-3,11659,vikṣuṇṇa,*vikṣōdayati,explicitly linked numbered CDIAL subhead
11667-2,11667,*vigupta,*vigōpayati,explicitly linked numbered CDIAL subhead
11671-2,11671,*vigrōcana,*vigrōcati,explicitly linked numbered CDIAL subhead
11671-3,11671,*vigrucyatē,*vigrōcati,explicitly linked numbered CDIAL subhead
11671-4,11671,*vigrukta,*vigrōcati,explicitly linked numbered CDIAL subhead
11673-2,11673,vigʰaṭita,vigʰaṭatē,explicitly linked numbered CDIAL subhead
11673-3,11673,*vigʰāṭayati,vigʰaṭatē,explicitly linked numbered CDIAL subhead
11673-4,11673,*vigʰaṭyatē,vigʰaṭatē,explicitly linked numbered CDIAL subhead
11686-2,11686,*vicinvati,vícinōti,explicitly linked numbered CDIAL subhead
11703-2,11703,*vijjʰāpayati,*vijjʰāyati,explicitly linked numbered CDIAL subhead
11712-2,11712,*viṭṭa,viṭa,explicitly linked numbered CDIAL subhead
11712-3,11712,*viṭṭara,viṭa,explicitly linked numbered CDIAL subhead
11712-4,11712,*viṭṭala,viṭa,explicitly linked numbered CDIAL subhead
11712-5,11712,*viṭṭāla,viṭa,explicitly linked numbered CDIAL subhead
1172-2,1172,ānandin,ānandá,explicitly linked numbered CDIAL subhead
1173-2,1173,ānā- mayati,ā́namati,explicitly linked numbered CDIAL subhead
11730-2,11730,víhita,vídadʰāti,explicitly linked numbered CDIAL subhead
11730-3,11730,vidʰāpayati,vídadʰāti,explicitly linked numbered CDIAL subhead
1174-2,1174,ā́nīta,ā́nayati,explicitly linked numbered CDIAL subhead
1174-3,1174,ānāyayati,ā́nayati,explicitly linked numbered CDIAL subhead
11748-2,11748,vidrāvayati,vídravati,explicitly linked numbered CDIAL subhead
11766-2,11766,vinamita,vinamati,explicitly linked numbered CDIAL subhead
11768-2,11768,*vinīyatē,vínayati,explicitly linked numbered CDIAL subhead
11768-3,11768,vinīta,vínayati,explicitly linked numbered CDIAL subhead
11773-2,11773,*vunāti,*vināti,explicitly linked numbered CDIAL subhead
11791-2,11791,vipanna,vipadyatē,explicitly linked numbered CDIAL subhead
11795-2,11795,*vipādukā,vipādikā,explicitly linked numbered CDIAL subhead
11805-2,11805,vibaddʰa,*vibadʰyatē,explicitly linked numbered CDIAL subhead
11817-2,11817,*vibʰīṭaka,vibʰī́daka,explicitly linked numbered CDIAL subhead
11830-2,11830,*viyavakr̩ntati,*viyavakartati,explicitly linked numbered CDIAL subhead
11836-2,11836,vyāmá,viyāmá,explicitly linked numbered CDIAL subhead
11842-2,11842,virakta,virajyati,explicitly linked numbered CDIAL subhead
11861-2,11861,virikta,víricyatē,explicitly linked numbered CDIAL subhead
11862-2,11862,*virāyayati,*virīyatē,explicitly linked numbered CDIAL subhead
11862-3,11862,*virīṇa,*virīyatē,explicitly linked numbered CDIAL subhead
1187-2,1187,*āndʰiya,āndʰya,explicitly linked numbered CDIAL subhead
11870-2,11870,vírōhayati,*viruhati,explicitly linked numbered CDIAL subhead
11899-2,11899,*virābʰayati,*vilābʰayati,explicitly linked numbered CDIAL subhead
11906-2,11906,vilāpayati,vílīyatē,explicitly linked numbered CDIAL subhead
11906-3,11906,vilīna,vílīyatē,explicitly linked numbered CDIAL subhead
11925-2,11925,*vivāhinī,vivāhin,explicitly linked numbered CDIAL subhead
11943-2,11943,*viścanna,*viścandayati,explicitly linked numbered CDIAL subhead
11944-2,11944,*viśyāna,*viśyāpayati,explicitly linked numbered CDIAL subhead
11945-2,11945,*viśratʰyatē,víśratʰayati,explicitly linked numbered CDIAL subhead
11960-2,11960,*viśrāta,*viśrāyati,explicitly linked numbered CDIAL subhead
1197-2,1197,ā́panna,ā́padyatē,explicitly linked numbered CDIAL subhead
11972-2,11972,*visama,víṣama,explicitly linked numbered CDIAL subhead
11975-2,11975,*viṣāhayati,víṣahatē,explicitly linked numbered CDIAL subhead
11979-2,11979,*viṣādʰyatē,*viṣādʰayati,explicitly linked numbered CDIAL subhead
11985-2,11985,*viṣkarati,*viṣkirati,explicitly linked numbered CDIAL subhead
11985-3,11985,*viṣkērayati,*viṣkirati,explicitly linked numbered CDIAL subhead
11985-4,11985,*viṣkr̩ta,*viṣkirati,explicitly linked numbered CDIAL subhead
11987-2,11987,vistara,viṣṭara,explicitly linked numbered CDIAL subhead
11990-2,11990,*vaiṣṭʰiya,viṣṭʰā,explicitly linked numbered CDIAL subhead
11992-2,11992,viṣā́ṇa,víṣyati,explicitly linked numbered CDIAL subhead
12001-2,12001,vísr̩ṣṭa,vísr̩jati,explicitly linked numbered CDIAL subhead
12024-2,12024,vismiti,vismita,explicitly linked numbered CDIAL subhead
12028-2,12028,*vihanaka,víhanti,explicitly linked numbered CDIAL subhead
12035-2,12035,vihiṁsita,vihiṁsati,explicitly linked numbered CDIAL subhead
12035-3,12035,vihiṁsā,vihiṁsati,explicitly linked numbered CDIAL subhead
12041-2,12041,*vēkṣatē,vī́kṣatē,explicitly linked numbered CDIAL subhead
12043-2,12043,vyajana,vījana,explicitly linked numbered CDIAL subhead
12051-2,12051,vī́dʰrya,vīdʰrá,explicitly linked numbered CDIAL subhead
12051-3,12051,*vīdʰriya,vīdʰrá,explicitly linked numbered CDIAL subhead
12051-4,12051,*vaidʰriya,vīdʰrá,explicitly linked numbered CDIAL subhead
12061-2,12061,vīríya,vīryà,explicitly linked numbered CDIAL subhead
12064-2,12064,*vrakka,vr̩kká,explicitly linked numbered CDIAL subhead
12064-3,12064,bukka,vr̩kká,explicitly linked numbered CDIAL subhead
12080-2,12080,vraścati,vr̩ścáti,explicitly linked numbered CDIAL subhead
12080-3,12080,vŕ̩kṣatē,vr̩ścáti,explicitly linked numbered CDIAL subhead
12097-2,12097,*vētuka,vēta,explicitly linked numbered CDIAL subhead
1211-2,1211,*āpura,*āpula,explicitly linked numbered CDIAL subhead
12115-2,12115,*vēḍā,vḗlā,explicitly linked numbered CDIAL subhead
12115-3,12115,*vīlī,vḗlā,explicitly linked numbered CDIAL subhead
12128-2,12128,*vēśiyā,vēśyā,explicitly linked numbered CDIAL subhead
12138-2,12138,*vaiḍūriya,vaíḍūrya,explicitly linked numbered CDIAL subhead
12158-2,12158,*víyaŋga,vyàŋga,explicitly linked numbered CDIAL subhead
12159-2,12159,*víyaŋga-,vyàŋga,explicitly linked numbered CDIAL subhead
12160-2,12160,viyáñjana,vyáñjana,explicitly linked numbered CDIAL subhead
12164-2,12164,*vyātʰayati,vyátʰatē,explicitly linked numbered CDIAL subhead
12168-2,12168,*vyapāvr̩ta,*vyapāvarati,explicitly linked numbered CDIAL subhead
12174-2,12174,*viyavahāra,vyavahāra,explicitly linked numbered CDIAL subhead
12175-2,12175,*viyavahāraka,vyavahāraka,explicitly linked numbered CDIAL subhead
12178-2,12178,*viyavahārin,vyavahārin,explicitly linked numbered CDIAL subhead
12181-2,12181,vyasyatē,vyàsyati,explicitly linked numbered CDIAL subhead
12183-2,12183,*viyākula,vyākula,explicitly linked numbered CDIAL subhead
12187-2,12187,*viyākʰyāti,vyā́kʰyāti,explicitly linked numbered CDIAL subhead
12190-2,12190,*vyāgʰr̩ta,*vyāgʰarati,explicitly linked numbered CDIAL subhead
12191-2,12191,vyāgʰārita,vyágʰārayati,explicitly linked numbered CDIAL subhead
12191-3,12191,*vyāgʰāra,vyágʰārayati,explicitly linked numbered CDIAL subhead
12192-2,12192,*vyāgʰōṭati,*vyāgʰuṭati,explicitly linked numbered CDIAL subhead
12193-2,12193,*viyāgʰra,vyāgʰrá,explicitly linked numbered CDIAL subhead
12201-2,12201,vyadʰayati,vyādʰayati,explicitly linked numbered CDIAL subhead
12205-2,12205,*viyā- pāra,vyāpāra,explicitly linked numbered CDIAL subhead
12207-2,12207,*viyāpr̩ta,vyāpr̩ta,explicitly linked numbered CDIAL subhead
1221-2,1221,ābaddʰa,ābadʰyatē,explicitly linked numbered CDIAL subhead
12211-2,12211,*vyāruddʰa,*vyārudʰyatē,explicitly linked numbered CDIAL subhead
12212-2,12212,*víyāla,vyā̀la,explicitly linked numbered CDIAL subhead
12214-2,12214,*viyāsa,vyāsa,explicitly linked numbered CDIAL subhead
12221-2,12221,*viyūna,*vyūna,explicitly linked numbered CDIAL subhead
12223-2,12223,viyánt,vyḕti,explicitly linked numbered CDIAL subhead
12223-3,12223,vīta,vyḕti,explicitly linked numbered CDIAL subhead
12223-4,12223,vyēṣyati,vyḕti,explicitly linked numbered CDIAL subhead
12225-2,12225,*vrañjati,vrájati,explicitly linked numbered CDIAL subhead
12225-3,12225,*vrajyati,vrájati,explicitly linked numbered CDIAL subhead
12225-4,12225,*vagga,vrájati,explicitly linked numbered CDIAL subhead
12225-5,12225,*vracc,vrájati,explicitly linked numbered CDIAL subhead
12232-2,12232,vrīḍā,vrīḍita,explicitly linked numbered CDIAL subhead
12236-2,12236,*śaggaṭa,śákaṭa,explicitly linked numbered CDIAL subhead
12236-3,12236,*śakkaṭa,śákaṭa,explicitly linked numbered CDIAL subhead
12258-2,12258,*śāŋka,śaŋkā́,explicitly linked numbered CDIAL subhead
12269-2,12269,*śāṭayati,śaṭati,explicitly linked numbered CDIAL subhead
12270-2,12270,śaṭʰa,*śaṭṭa,explicitly linked numbered CDIAL subhead
12270-3,12270,śaṇṭʰá,*śaṭṭa,explicitly linked numbered CDIAL subhead
12270-4,12270,*śaṇṭʰara,*śaṭṭa,explicitly linked numbered CDIAL subhead
12270-5,12270,ṣaṇḍʰá,*śaṭṭa,explicitly linked numbered CDIAL subhead
12283-2,12283,*śatampuṣpa,śatapuṣpa,explicitly linked numbered CDIAL subhead
12283-3,12283,*śatatama-,śatapuṣpa,explicitly linked numbered CDIAL subhead
12288-2,12288,*śatta,śanna,explicitly linked numbered CDIAL subhead
1230-2,1230,*ābʰēṭ,*ābʰiṭ,explicitly linked numbered CDIAL subhead
12300-2,12300,śabdāpayati,śabdayati,explicitly linked numbered CDIAL subhead
12308-2,12308,*śāmika,śamī́,explicitly linked numbered CDIAL subhead
12316-2,12316,śambukka,śambu,explicitly linked numbered CDIAL subhead
12318-2,12318,*śamiyākīla,*śamyākīla,explicitly linked numbered CDIAL subhead
12326-2,12326,*śarṇa,śaraṇá,explicitly linked numbered CDIAL subhead
12328-2,12328,*śalati,*śarati,explicitly linked numbered CDIAL subhead
12329-2,12329,*śaradda,śarád,explicitly linked numbered CDIAL subhead
12331-2,12331,*śalabʰa,śarabʰá,explicitly linked numbered CDIAL subhead
12345-2,12345,*śalaŋka,*śalakka,explicitly linked numbered CDIAL subhead
12347-2,12347,śarabʰa,śalabʰá,explicitly linked numbered CDIAL subhead
12348-2,12348,*śālala,śalalī́,explicitly linked numbered CDIAL subhead
1235-2,1235,ām ēva,ām,explicitly linked numbered CDIAL subhead
12351-2,12351,śimbalá,śalmalí,explicitly linked numbered CDIAL subhead
12351-3,12351,*śaimbala,śalmalí,explicitly linked numbered CDIAL subhead
12353-2,12353,*śaryaka,śályaka,explicitly linked numbered CDIAL subhead
12353-3,12353,*śariyaka,śályaka,explicitly linked numbered CDIAL subhead
12356-2,12356,*cʰava,śáva,explicitly linked numbered CDIAL subhead
12369-2,12369,*sākkʰu,śāka,explicitly linked numbered CDIAL subhead
12369-3,12369,*sāggu,śāka,explicitly linked numbered CDIAL subhead
12370-2,12370,*śākin,śāka,explicitly linked numbered CDIAL subhead
12374-2,12374,*sāgguvanya,*śākavanya,explicitly linked numbered CDIAL subhead
12375-2,12375,śākiya,śākya,explicitly linked numbered CDIAL subhead
12380-2,12380,*śāŋkʰinī,śāŋkʰika,explicitly linked numbered CDIAL subhead
12384-2,12384,śāṇī,śāṇá,explicitly linked numbered CDIAL subhead
1242-2,1242,āmántraṇa,āmantrayatē,explicitly linked numbered CDIAL subhead
12426-2,12426,śiṁśuka,śiṁśumā́ra,explicitly linked numbered CDIAL subhead
12427-2,12427,*cʰikya,śikyà,explicitly linked numbered CDIAL subhead
12435-2,12435,*śikkʰara,śikʰará,explicitly linked numbered CDIAL subhead
12445-2,12445,*cʰimba,śimba,explicitly linked numbered CDIAL subhead
12451-2,12451,*śairapāda,*śirapāda,explicitly linked numbered CDIAL subhead
12458-2,12458,*śilla,śila,explicitly linked numbered CDIAL subhead
12459-2,12459,*śillā,śilā́,explicitly linked numbered CDIAL subhead
12466-2,12466,*śēlla,śilī,explicitly linked numbered CDIAL subhead
12478-2,12478,*śaiṣtya,śiṣṭa,explicitly linked numbered CDIAL subhead
12493-2,12493,śḗvāla,śī́pāla,explicitly linked numbered CDIAL subhead
12494-2,12494,*śīna,śī́yatē,explicitly linked numbered CDIAL subhead
125-2x,125,*iŋgāra,áŋgāra,explicitly linked numbered CDIAL subhead
12504-2,12504,*śuktala,śuktá,explicitly linked numbered CDIAL subhead
12505-2,12505,śaukta,śukti,explicitly linked numbered CDIAL subhead
12512a-2,12512a,*śuṭṭ,*śuṭ,explicitly linked numbered CDIAL subhead
12513-2,12513,śuṇṭʰá,*śuḍa,explicitly linked numbered CDIAL subhead
12513-3,12513,*śuṇḍʰa,*śuḍa,explicitly linked numbered CDIAL subhead
12513-4,12513,*śūḍʰa,*śuḍa,explicitly linked numbered CDIAL subhead
12513-5,12513,*śōṭṭʰa,*śuḍa,explicitly linked numbered CDIAL subhead
12513-6,12513,śōṭʰa,*śuḍa,explicitly linked numbered CDIAL subhead
12513-7,12513,*śōṇṭʰa,*śuḍa,explicitly linked numbered CDIAL subhead
12513-8,12513,*śōla,*śuḍa,explicitly linked numbered CDIAL subhead
12515-2,12515,*śōṇṭʰī,śuṇṭʰī,explicitly linked numbered CDIAL subhead
12528-2,12528,śunī́,śuna,explicitly linked numbered CDIAL subhead
12528-3,12528,*śunakʰa,śuna,explicitly linked numbered CDIAL subhead
12530-2,12530,*śundʰyatē,śúndʰati,explicitly linked numbered CDIAL subhead
12543-2,12543,*cuŋga,śulká,explicitly linked numbered CDIAL subhead
12545-2,12545,*śuṣyati,*śuṣati,explicitly linked numbered CDIAL subhead
12559-2,12559,*śuṣati,śúṣyati,explicitly linked numbered CDIAL subhead
12567-2,12567,*śūniya,śūnyá,explicitly linked numbered CDIAL subhead
12576-2,12576,śūlyati,śūlatē,explicitly linked numbered CDIAL subhead
12576-3,12576,*śūlāyati,śūlatē,explicitly linked numbered CDIAL subhead
12577-2,12577,*śūṣya,*śūṣa,explicitly linked numbered CDIAL subhead
12582-2,12582,*śr̩ŋkʰa,śr̩ŋkʰāṇikā,explicitly linked numbered CDIAL subhead
12582-3,12582,śiṁhāṇa,śr̩ŋkʰāṇikā,explicitly linked numbered CDIAL subhead
12593-2,12593,śr̩ŋgārita,*śr̩ŋgārayati,explicitly linked numbered CDIAL subhead
1260-2,1260,*āmucati,āmuñcati,explicitly linked numbered CDIAL subhead
1260-3,1260,*āmukna,āmuñcati,explicitly linked numbered CDIAL subhead
12605-2,12605,áśayat,śḗtē,explicitly linked numbered CDIAL subhead
12613-2,12613,*śaitalya,*śaitala,explicitly linked numbered CDIAL subhead
12614-2,12614,*śaitiya,śaítya,explicitly linked numbered CDIAL subhead
12615-2,12615,*śaimbiya,śaimbya,explicitly linked numbered CDIAL subhead
12618-2,12618,*śōruṇḍa,*śō,explicitly linked numbered CDIAL subhead
1262-2,1262,*āmūḍʰa,*āmuhyati,explicitly linked numbered CDIAL subhead
12622-2,12622,*śōṭʰa-,*śōṭṭʰa,explicitly linked numbered CDIAL subhead
12622-3,12622,*śōttʰa,*śōṭṭʰa,explicitly linked numbered CDIAL subhead
12628-2,12628,*śōdʰakara,*śōdʰakāra,explicitly linked numbered CDIAL subhead
1263a-2,1263a,āmr̩śyatē,āmr̩śati,explicitly linked numbered CDIAL subhead
12642-2,12642,śṓṣa,śṓśucat,explicitly linked numbered CDIAL subhead
1265-2,1265,*āmr̩ṣṭa,āmr̩ṣyatē,explicitly linked numbered CDIAL subhead
1265-3,1265,āmarṣa,āmr̩ṣyatē,explicitly linked numbered CDIAL subhead
12651-2,12651,*śaunakʰa,śauna,explicitly linked numbered CDIAL subhead
12664-2,12664,śyāmā,śyāmá,explicitly linked numbered CDIAL subhead
12664-3,12664,*śyāmī,śyāmá,explicitly linked numbered CDIAL subhead
12667-2,12667,*śyāmākka,śyāmā́ka,explicitly linked numbered CDIAL subhead
12681-2,12681,śrapyátē,śrapáyati,explicitly linked numbered CDIAL subhead
12715-2,12715,*śrauva,*śrū,explicitly linked numbered CDIAL subhead
12717-2,12717,*śrēḍʰa,*śrēḍa,explicitly linked numbered CDIAL subhead
12717-3,12717,*śrēḍḍʰa,*śrēḍa,explicitly linked numbered CDIAL subhead
12717-4,12717,*śriḍḍa,*śrēḍa,explicitly linked numbered CDIAL subhead
12737-2,12737,*ślāgʰiya,ślāgʰya,explicitly linked numbered CDIAL subhead
12757-2,12757,*śvāśuriya,*śvaśuriya,explicitly linked numbered CDIAL subhead
12760-2,12760,śuvás,śvás,explicitly linked numbered CDIAL subhead
12766-2,12766,*śuvāvidʰ,śvāvídʰ,explicitly linked numbered CDIAL subhead
12766-3,12766,sēdʰā,śvāvídʰ,explicitly linked numbered CDIAL subhead
12766-4,12766,*sēḍʰā,śvāvídʰ,explicitly linked numbered CDIAL subhead
12803-2,12803,*ṣuvaṭ,ṣáṣ,explicitly linked numbered CDIAL subhead
12803-3,12803,*kṣaṭ,ṣáṣ,explicitly linked numbered CDIAL subhead
12808-2,12808,ṣaṣṭʰī,ṣaṣṭʰá,explicitly linked numbered CDIAL subhead
12812-2,12812,*ṣōdaśa,ṣṓḍaśa,explicitly linked numbered CDIAL subhead
12812-3,12812,*ṣēḍaśa,ṣṓḍaśa,explicitly linked numbered CDIAL subhead
12839-2,12839,saṁkṣipta,saṁkṣipati,explicitly linked numbered CDIAL subhead
12850-2,12850,*saṁgrahati,sáṁgr̩hṇāti,explicitly linked numbered CDIAL subhead
12850-3,12850,saṁgrāhayati,sáṁgr̩hṇāti,explicitly linked numbered CDIAL subhead
1287-2,1287,āyācita,āyācatē,explicitly linked numbered CDIAL subhead
1288-2,1288,āyāta,ā́yāti,explicitly linked numbered CDIAL subhead
12883-2,12883,*saṁtālayati,*saṁtalati,explicitly linked numbered CDIAL subhead
12897-2,12897,*saṁdaṁśī,saṁdaṁśá,explicitly linked numbered CDIAL subhead
12906-2,12906,saṁdā́na,sáṁdyati,explicitly linked numbered CDIAL subhead
12907-2,12907,saṁdʰārayati,*saṁdʰarati,explicitly linked numbered CDIAL subhead
12907-3,12907,saṁdʰāraṇa,*saṁdʰarati,explicitly linked numbered CDIAL subhead
12929-2,12929,saṁniṣaṇṇa,saṁníṣīdati,explicitly linked numbered CDIAL subhead
12930-2,12930,saṁpātayati,sáṁpatati,explicitly linked numbered CDIAL subhead
12934-2,12934,sáṁpanna,sáṁpadyatē,explicitly linked numbered CDIAL subhead
12957-2,12957,saṁbandʰinī,saṁbandʰin,explicitly linked numbered CDIAL subhead
12958a-2,12958a,saṁbādʰá,sáṁbādʰatē,explicitly linked numbered CDIAL subhead
12961-2,12961,saṁbʰārayati,sáṁbʰarati,explicitly linked numbered CDIAL subhead
12962-2,12962,saṁbʰālayati,*saṁbʰalati,explicitly linked numbered CDIAL subhead
12974-2,12974,saṁmantraṇa,saṁmantrayati,explicitly linked numbered CDIAL subhead
12977-2,12977,*saṁmāpta,*saṁmāpayati,explicitly linked numbered CDIAL subhead
12979-2,12979,saṁmārjita,saṁmārjati,explicitly linked numbered CDIAL subhead
12979-3,12979,saṁmārjaka,saṁmārjati,explicitly linked numbered CDIAL subhead
12980-2,12980,*saṁmēlayati,saṁmilati,explicitly linked numbered CDIAL subhead
12991-2,12991,*saṁracyatē,*saṁracayati,explicitly linked numbered CDIAL subhead
12991-3,12991,*saṁrakta,*saṁracayati,explicitly linked numbered CDIAL subhead
1301-2,1301,āraṭi,āraṭa,explicitly linked numbered CDIAL subhead
13017-2,13017,saṁvāhayati,sáṁvahati,explicitly linked numbered CDIAL subhead
13017-3,13017,saṁvāha,sáṁvahati,explicitly linked numbered CDIAL subhead
13049-2,13049,saṁstʰā́,saṁstʰá,explicitly linked numbered CDIAL subhead
1305-2,1305,ārabdʰa,ā́rabʰatē,explicitly linked numbered CDIAL subhead
1305-3,1305,ārabʰya,ā́rabʰatē,explicitly linked numbered CDIAL subhead
13054-2,13054,*saṁsnātra,*saṁsnāti,explicitly linked numbered CDIAL subhead
13062-2,13062,*saṁsīvita,saṁsyūta,explicitly linked numbered CDIAL subhead
1307-2,1307,*ārambʰati,ārambʰá,explicitly linked numbered CDIAL subhead
1307-3,1307,ārámbʰana,ārambʰá,explicitly linked numbered CDIAL subhead
13074-2,13074,sakʰī́,sákʰi,explicitly linked numbered CDIAL subhead
1308-2,1308,*ārambʰa,*ārambʰati,explicitly linked numbered CDIAL subhead
13085-2,13085,*sājayati,sájati,explicitly linked numbered CDIAL subhead
13085-3,13085,sañjayati,sájati,explicitly linked numbered CDIAL subhead
13085-4,13085,sajyátē,sájati,explicitly linked numbered CDIAL subhead
13085-5,13085,saktá,sájati,explicitly linked numbered CDIAL subhead
13088-2,13088,*sajānin,*sajāna,explicitly linked numbered CDIAL subhead
1310-2,1310,*āravaṇa,ā́ravīti,explicitly linked numbered CDIAL subhead
13117-2,13117,sā́dana,sádana,explicitly linked numbered CDIAL subhead
13120-2,13120,sādr̩śa,sadŕ̩śa,explicitly linked numbered CDIAL subhead
13154-2,13154,*saptamāsiya,saptamāsya,explicitly linked numbered CDIAL subhead
1316-2,1316,ārādʰita,ārādʰayati,explicitly linked numbered CDIAL subhead
1316-3,1316,ārādʰana,ārādʰayati,explicitly linked numbered CDIAL subhead
13173-2,13173,samaka,samá,explicitly linked numbered CDIAL subhead
13184-2,13184,samabʰijñāta,samabʰijānāti,explicitly linked numbered CDIAL subhead
13208-2,13208,samājñāta,*samājānāti,explicitly linked numbered CDIAL subhead
13209-2,13209,*samājñāpta,*samājñāpyatē,explicitly linked numbered CDIAL subhead
13232-2,13232,*samutsaraka,*samutsarati,explicitly linked numbered CDIAL subhead
1326-2,1326,ārūḍʰa,*āruhati,explicitly linked numbered CDIAL subhead
1330-2,1330,ārōgyayati,ārōgya,explicitly linked numbered CDIAL subhead
1331-2,1331,ārōcita,ārōcayati,explicitly linked numbered CDIAL subhead
13322-2,13322,*sākṣiya,sākṣya,explicitly linked numbered CDIAL subhead
13322-3,13322,*sākṣī,sākṣya,explicitly linked numbered CDIAL subhead
13331-2,13331,*ṣāṇḍʰa,sā́ṇḍa,explicitly linked numbered CDIAL subhead
13331-3,13331,*sāṇḍʰa,sā́ṇḍa,explicitly linked numbered CDIAL subhead
13340-2,13340,*sanu,sā́nu,explicitly linked numbered CDIAL subhead
1335-2,1335,ā́rōhayati,ā́rōhati,explicitly linked numbered CDIAL subhead
13351-2,13351,*sāmāniya,sāmānya,explicitly linked numbered CDIAL subhead
13358-2,13358,saráyatē,sārayati,explicitly linked numbered CDIAL subhead
13364-2,13364,*sārtʰī,sā́rtʰa,explicitly linked numbered CDIAL subhead
13364-3,13364,sārtʰēna,sā́rtʰa,explicitly linked numbered CDIAL subhead
13366-2,13366,sārtʰika,*sārtʰin,explicitly linked numbered CDIAL subhead
13368-2,13368,*sālla,sārdra,explicitly linked numbered CDIAL subhead
13387-2,13387,*siŋga,*sikka,explicitly linked numbered CDIAL subhead
1340-2,1340,*ālla,ārdrá,explicitly linked numbered CDIAL subhead
13406-2,13406,*saidʰma,sidʰmá,explicitly linked numbered CDIAL subhead
13407-2,13407,sḗdʰati,*sidʰyati,explicitly linked numbered CDIAL subhead
13407-3,13407,*sēdʰyatē,*sidʰyati,explicitly linked numbered CDIAL subhead
13407-4,13407,siddʰa,*sidʰyati,explicitly linked numbered CDIAL subhead
1341-2,1341,*āllaka,ārdraka,explicitly linked numbered CDIAL subhead
13411-2,13411,saindūra,sindūra,explicitly linked numbered CDIAL subhead
13435-2,13435,sīmā́nam,sīmán,explicitly linked numbered CDIAL subhead
13443-2,13443,sēvana,sīvana,explicitly linked numbered CDIAL subhead
13444-2,13444,sīvayati,sī́vyati,explicitly linked numbered CDIAL subhead
13468-2,13468,*suṁstanā,*suttʰanā,explicitly linked numbered CDIAL subhead
1347-2,1347,*āriya,ā́rya,explicitly linked numbered CDIAL subhead
135-2x,135,*aŋgūḍi,aŋgúli,explicitly linked numbered CDIAL subhead
13519-2,13519,saúvarṇa,suvárṇa,explicitly linked numbered CDIAL subhead
13538-2,13538,sustʰita,suṣṭʰita,explicitly linked numbered CDIAL subhead
1354-2,1354,ālagayati,ālagati,explicitly linked numbered CDIAL subhead
13540-2,13540,sustʰatā,sustʰa,explicitly linked numbered CDIAL subhead
13544-2,13544,*sūŋkara,sūkará,explicitly linked numbered CDIAL subhead
13547-2,13547,sūkṣmailā,sūkṣma,explicitly linked numbered CDIAL subhead
13549-2,13549,saucika,sūcika,explicitly linked numbered CDIAL subhead
13549-3,13549,*sūcya,sūcika,explicitly linked numbered CDIAL subhead
13551-2,13551,*sūñcī,sūcī́,explicitly linked numbered CDIAL subhead
13552-2,13552,*sōjjī,*sūjjī,explicitly linked numbered CDIAL subhead
1356-2,1356,ālagna,*ālagyati,explicitly linked numbered CDIAL subhead
13565-2,13565,*sūtrālā,*sūtrārā,explicitly linked numbered CDIAL subhead
13574-2,13574,sū́rya,sū́ra,explicitly linked numbered CDIAL subhead
13574-3,13574,sū́riya,sū́ra,explicitly linked numbered CDIAL subhead
13574-4,13574,sūrī,sū́ra,explicitly linked numbered CDIAL subhead
13574-5,13574,saurī́,sū́ra,explicitly linked numbered CDIAL subhead
13575-2,13575,*sr̩kka,sr̩ká,explicitly linked numbered CDIAL subhead
13576-2,13576,srákva,sŕ̩kvan,explicitly linked numbered CDIAL subhead
13599-2,13599,*sīhyu,sēhuṇḍa,explicitly linked numbered CDIAL subhead
13602-2,13602,*sainiya,saínya,explicitly linked numbered CDIAL subhead
13612-2,13612,*saukʰiya,saúkʰya,explicitly linked numbered CDIAL subhead
13615-2,13615,*saupti,*saupta,explicitly linked numbered CDIAL subhead
13615-3,13615,sauptika,*saupta,explicitly linked numbered CDIAL subhead
13626-2,13626,skandayati,skándati,explicitly linked numbered CDIAL subhead
13626-3,13626,skanná,skándati,explicitly linked numbered CDIAL subhead
1364-2,1364,*ālambayati,ālambatē,explicitly linked numbered CDIAL subhead
1364-3,1364,*ārambatē,ālambatē,explicitly linked numbered CDIAL subhead
13661-2,13661,*skuṣṭa,*skōṣati,explicitly linked numbered CDIAL subhead
13661-3,13661,*skuṣyatē,*skōṣati,explicitly linked numbered CDIAL subhead
13701-2,13701,*stunna,*stundati,explicitly linked numbered CDIAL subhead
13703-2,13703,*stōbya,*stubya,explicitly linked numbered CDIAL subhead
13711-2,13711,*stōpya,*stūpya,explicitly linked numbered CDIAL subhead
13719-2,13719,*stipa,*stēpa,explicitly linked numbered CDIAL subhead
13724-2,13724,*stōbʰyatē,stṓbʰatē,explicitly linked numbered CDIAL subhead
13731-2,13731,*stīna,styāna,explicitly linked numbered CDIAL subhead
13731-3,13731,*styainya,styāna,explicitly linked numbered CDIAL subhead
13742-2,13742,*stʰārayati,*stʰarati,explicitly linked numbered CDIAL subhead
13753-2,13753,*stʰānya,stʰā́na,explicitly linked numbered CDIAL subhead
13791-2,13791,snapáyati,snāpáyati,explicitly linked numbered CDIAL subhead
13792-2,13792,snāpaka,*snāpitr̩,explicitly linked numbered CDIAL subhead
138-2x,138,*aŋguṣṭʰiya,aŋguṣṭʰya,explicitly linked numbered CDIAL subhead
1380-2,1380,*alikā,āli,explicitly linked numbered CDIAL subhead
1380-3,1380,ālī,āli,explicitly linked numbered CDIAL subhead
13806-2,13806,spandayatē,spandatē,explicitly linked numbered CDIAL subhead
13814-2,13814,*spāśyatē,spāśáyati,explicitly linked numbered CDIAL subhead
13817-2,13817,*spʰaṭyati,spʰáṭati,explicitly linked numbered CDIAL subhead
1382-2,1382,ālēkʰanī,ā́likʰati,explicitly linked numbered CDIAL subhead
13821-2,13821,*spʰurati,*spʰarati,explicitly linked numbered CDIAL subhead
13822-2,13822,*spʰālayati,spʰalati,explicitly linked numbered CDIAL subhead
13825-2,13825,*spʰāṭyatē,spʰāṭayati,explicitly linked numbered CDIAL subhead
1383-2,1383,āliŋga,āliŋgati,explicitly linked numbered CDIAL subhead
13838-2,13838,*spʰiṭyati,*spʰiṭati,explicitly linked numbered CDIAL subhead
13838-3,13838,spʰēṭayati,*spʰiṭati,explicitly linked numbered CDIAL subhead
13843a-2,13843a,spʰuṭyatē,spʰuṭayati,explicitly linked numbered CDIAL subhead
13851-2,13851,*spʰuriŋga,spʰuliŋga,explicitly linked numbered CDIAL subhead
13871-2,13871,*syārāṇikā,syālá,explicitly linked numbered CDIAL subhead
1388-2,1388,ālukī,ālu,explicitly linked numbered CDIAL subhead
1390-2,1390,ālōḍayati,*āluḍati,explicitly linked numbered CDIAL subhead
13902-2,13902,*supati,svápati,explicitly linked numbered CDIAL subhead
13943-2,13943,*haṭṭʰ,*haṭṭ,explicitly linked numbered CDIAL subhead
13943-3,13943,*haṇṭ-,*haṭṭ,explicitly linked numbered CDIAL subhead
13943-4,13943,*haṇṭʰ-,*haṭṭ,explicitly linked numbered CDIAL subhead
13943-5,13943,*haṇḍ,*haṭṭ,explicitly linked numbered CDIAL subhead
13943-6,13943,*hant,*haṭṭ,explicitly linked numbered CDIAL subhead
1395-2,1395,*ālēṭyati,*ālēṭati,explicitly linked numbered CDIAL subhead
13954-2,13954,*haṇṭʰ-,*haṇṭ,explicitly linked numbered CDIAL subhead
13960-2,13960,*hadyati,hádati,explicitly linked numbered CDIAL subhead
13960-3,13960,hanna,hádati,explicitly linked numbered CDIAL subhead
13973-2,13973,*happʰ,*hampʰ,explicitly linked numbered CDIAL subhead
13980-2,13980,*hr̩yatē,hárati,explicitly linked numbered CDIAL subhead
13985-2,13985,hārita,hárita,explicitly linked numbered CDIAL subhead
13987-2,13987,*hāritāla,haritāla,explicitly linked numbered CDIAL subhead
13991-2,13991,harídru,haridraka,explicitly linked numbered CDIAL subhead
13992-2,13992,hāridrá,haridrā,explicitly linked numbered CDIAL subhead
13999-2,13999,harṣita,harṣa,explicitly linked numbered CDIAL subhead
14003-2,14003,*hālayati,*halati,explicitly linked numbered CDIAL subhead
14014-2,14014,halīṣā,halēṣā,explicitly linked numbered CDIAL subhead
14056-2,14056,*hāpyatē,hāpayati,explicitly linked numbered CDIAL subhead
14071-2,14071,*hāsiya,hāsya,explicitly linked numbered CDIAL subhead
14078-2,14078,*hēŋga,*hiŋga,explicitly linked numbered CDIAL subhead
14078-3,14078,*hōkkʰa,*hiŋga,explicitly linked numbered CDIAL subhead
14078-4,14078,*hōgga,*hiŋga,explicitly linked numbered CDIAL subhead
14083-2,14083,*hiss-,*hicc,explicitly linked numbered CDIAL subhead
14084-2,14084,*hējja,*hijja,explicitly linked numbered CDIAL subhead
14084-3,14084,*hēñja,*hijja,explicitly linked numbered CDIAL subhead
14084-4,14084,*hucca,*hijja,explicitly linked numbered CDIAL subhead
14084-5,14084,*hōccʰa,*hijja,explicitly linked numbered CDIAL subhead
14087-2,14087,*huḍḍa,*hiḍḍa,explicitly linked numbered CDIAL subhead
14087-3,14087,huṇḍa,*hiḍḍa,explicitly linked numbered CDIAL subhead
14094-2,14094,*hiṇḍōla,hindōla,explicitly linked numbered CDIAL subhead
14095-2,14095,*hiṇḍōlayati,hindōlayati,explicitly linked numbered CDIAL subhead
141-2x,141,*accakka,*acca,explicitly linked numbered CDIAL subhead
14108-2,14108,*hīyas,hiyás,explicitly linked numbered CDIAL subhead
14115-2,14115,hēlatē,hiláti,explicitly linked numbered CDIAL subhead
14116-2,14116,*hēlayati,*hilati,explicitly linked numbered CDIAL subhead
14116-3,14116,*hēlā,*hilati,explicitly linked numbered CDIAL subhead
14119-2,14119,*hēlla,*hilla,explicitly linked numbered CDIAL subhead
14121-2,14121,hillōlayati,hillōla,explicitly linked numbered CDIAL subhead
14133-2,14133,huṁkāra,huṁkarōti,explicitly linked numbered CDIAL subhead
14133-3,14133,hūṁkāra,huṁkarōti,explicitly linked numbered CDIAL subhead
14134-2,14134,*hūŋku,*hukku,explicitly linked numbered CDIAL subhead
14135-2,14135,huṇḍa,huḍa,explicitly linked numbered CDIAL subhead
14137-2,14137,*huṇḍahāra,*huḍahāra,explicitly linked numbered CDIAL subhead
14147-2,14147,*hul,*hūl,explicitly linked numbered CDIAL subhead
14147-3,14147,*hull,*hūl,explicitly linked numbered CDIAL subhead
14162-2,14162,*hēpyatē,*hēpayati,explicitly linked numbered CDIAL subhead
14165-2,14165,hēraka,*hērati,explicitly linked numbered CDIAL subhead
14170-2,14170,haímantika,haimantá,explicitly linked numbered CDIAL subhead
14176-2,14176,hōtraka,hṓtr̩ka,explicitly linked numbered CDIAL subhead
14177-2,14177,*humma,*hōppa,explicitly linked numbered CDIAL subhead
1420-2,1420,āvártana,ā́vartayati,explicitly linked numbered CDIAL subhead
1420-3,1420,ā́vr̩tta,ā́vartayati,explicitly linked numbered CDIAL subhead
1421-2,1421,āvalita,āvalati,explicitly linked numbered CDIAL subhead
1423-2,1423,*avali,āvali,explicitly linked numbered CDIAL subhead
1437-2,1437,*āviśyatē,ā́viśati,explicitly linked numbered CDIAL subhead
1437-3,1437,āviṣṭa,ā́viśati,explicitly linked numbered CDIAL subhead
1444-2,1444,*āvr̩ttikaraṇa,*āvr̩ttikara,explicitly linked numbered CDIAL subhead
14450-2,14450,*girati,gr̩ṇā́ti,explicitly linked numbered CDIAL subhead
1460-2,1460,ā́śruta,ā́śr̩ṇōti,explicitly linked numbered CDIAL subhead
1460-3,1460,ā́śravayati,ā́śr̩ṇōti,explicitly linked numbered CDIAL subhead
1460-4,1460,ā́śrāvayati,ā́śr̩ṇōti,explicitly linked numbered CDIAL subhead
1464-2,1464,*āścariya,āścarya,explicitly linked numbered CDIAL subhead
1473-2,1473,āṣāḍʰī,āṣāḍʰá,explicitly linked numbered CDIAL subhead
1480-2,1480,ā́stē,ā́satē,explicitly linked numbered CDIAL subhead
1485-2,1485,*āsandaka,āsandī́,explicitly linked numbered CDIAL subhead
1495-2,1495,āsupta,*āsupati,explicitly linked numbered CDIAL subhead
1499-2,1499,*āsēvayati,āsēvatē,explicitly linked numbered CDIAL subhead
1499-3,1499,*āsēvyatē,āsēvatē,explicitly linked numbered CDIAL subhead
1527-2,1527,*āspʰārayati,*āspʰarati,explicitly linked numbered CDIAL subhead
1533-2,1533,āsíya,āsyà,explicitly linked numbered CDIAL subhead
1559-2,1559,iṇḍúva,iṇḍvà,explicitly linked numbered CDIAL subhead
1559-3,1559,*induva,iṇḍvà,explicitly linked numbered CDIAL subhead
156-2x,156,ajājī,ajāji,explicitly linked numbered CDIAL subhead
1563-2,1563,utkaṭa,itkaṭa,explicitly linked numbered CDIAL subhead
1564-2,1564,*ettʰam,ittʰám,explicitly linked numbered CDIAL subhead
1564-3,1564,*uttʰam,ittʰám,explicitly linked numbered CDIAL subhead
1567-2,1567,idā́nīm ēvá,idā́nīm,explicitly linked numbered CDIAL subhead
1589-2,1589,*eyattaka,iyattaká,explicitly linked numbered CDIAL subhead
1589-3,1589,*uyattaka,iyattaká,explicitly linked numbered CDIAL subhead
1611-2,1611,*ēdr̩sa,īdŕ̩śa,explicitly linked numbered CDIAL subhead
1611-3,1611,*ādr̩sa,īdŕ̩śa,explicitly linked numbered CDIAL subhead
1612-2,1612,*īdʰᵃra,*īdʰra,explicitly linked numbered CDIAL subhead
1635-2,1635,*uccaṭyatē,uccaṭati,explicitly linked numbered CDIAL subhead
1635-3,1635,*uccāṭya,uccaṭati,explicitly linked numbered CDIAL subhead
1641-2,1641,uccārayati,úccarati,explicitly linked numbered CDIAL subhead
1642-2,1642,*uccālayati,*uccalyati,explicitly linked numbered CDIAL subhead
1643-2,1643,*uccā- pyatē,*uccāpayati,explicitly linked numbered CDIAL subhead
1649-2,1649,*uccʰaṭṭ,*uccʰaṭ,explicitly linked numbered CDIAL subhead
1659-2,1659,uccʰāyayati,*uccʰyati,explicitly linked numbered CDIAL subhead
166-2,166,ā́ñcati,áñcati,explicitly linked numbered CDIAL subhead
1660b-2,1660b,*ujjāṭa,*ujjaṭa,explicitly linked numbered CDIAL subhead
1660b-3,1660b,*ujjāṭī,*ujjaṭa,explicitly linked numbered CDIAL subhead
1661-2,1661,*ujjāṭayati,*ujjaṭati,explicitly linked numbered CDIAL subhead
1664-2,1664,*ujjavana,*ujjavati,explicitly linked numbered CDIAL subhead
1669-2,1669,*ujjvārayati,*ujjvarati,explicitly linked numbered CDIAL subhead
1671-2,1671,*ujjvālayati,újjvalati,explicitly linked numbered CDIAL subhead
1671-3,1671,*ujjuvālayati,újjvalati,explicitly linked numbered CDIAL subhead
1676-2,1676,*ujjʰālayati,*ujjʰalati,explicitly linked numbered CDIAL subhead
1697-2,1697,uḍḍayatē,uḍḍīyatē,explicitly linked numbered CDIAL subhead
1697-3,1697,uḍḍāpayati,uḍḍīyatē,explicitly linked numbered CDIAL subhead
1700-2,1700,uta ca,utá,explicitly linked numbered CDIAL subhead
1708-2,1708,utkaṇṭʰā,utkaṇṭʰa,explicitly linked numbered CDIAL subhead
1709-2,1709,utkaṇ- ṭʰita,utkaṇṭʰati,explicitly linked numbered CDIAL subhead
1710-2,1710,utkāra,utkara,explicitly linked numbered CDIAL subhead
1710-3,1710,utkira,utkara,explicitly linked numbered CDIAL subhead
1710-4,1710,*utkēra,utkara,explicitly linked numbered CDIAL subhead
1716-2,1716,*utkalyatē,*utkalati,explicitly linked numbered CDIAL subhead
1716-3,1716,utkālayati,*utkalati,explicitly linked numbered CDIAL subhead
1718-2,1718,*utkasta,útkasati,explicitly linked numbered CDIAL subhead
1718-3,1718,*utkāsayati,útkasati,explicitly linked numbered CDIAL subhead
1722-2,1722,utkāsita,utkāsatē,explicitly linked numbered CDIAL subhead
1723-2,1723,*utkarati,útkirati,explicitly linked numbered CDIAL subhead
1723-3,1723,utkīrṇa,útkirati,explicitly linked numbered CDIAL subhead
1723-4,1723,*utkērayati,útkirati,explicitly linked numbered CDIAL subhead
1727-2,1727,utkōṭayati,*utkuṭyatē,explicitly linked numbered CDIAL subhead
1737-2,1737,útkrāmayati,útkramati,explicitly linked numbered CDIAL subhead
1741-2,1741,utkvātʰayati,utkvatʰati,explicitly linked numbered CDIAL subhead
1749-2,1749,utkṣipyatē,utkṣipati,explicitly linked numbered CDIAL subhead
1753-2,1753,utkʰāta,útkʰanati,explicitly linked numbered CDIAL subhead
1761-2,1761,uttapta,uttapatē,explicitly linked numbered CDIAL subhead
1761-3,1761,uttāpayati,uttapatē,explicitly linked numbered CDIAL subhead
1769-2,1769,*uttaraṇī,uttáraṇa,explicitly linked numbered CDIAL subhead
1770-2,1770,uttārayati,úttarati,explicitly linked numbered CDIAL subhead
1801-2,1801,uttrasta,uttrasati,explicitly linked numbered CDIAL subhead
1804-2,1804,*uttʰaḍa,*uttʰala,explicitly linked numbered CDIAL subhead
1804-3,1804,uttāla,*uttʰala,explicitly linked numbered CDIAL subhead
1804-4,1804,*uttāḍa,*uttʰala,explicitly linked numbered CDIAL subhead
1805-2,1805,*uttʰalyati,*uttʰalati,explicitly linked numbered CDIAL subhead
1805-3,1805,*uttʰalyā,*uttʰalati,explicitly linked numbered CDIAL subhead
1809-2,1809,utpāṭayati,*utpaṭati,explicitly linked numbered CDIAL subhead
1809-3,1809,*utpaṭyati,*utpaṭati,explicitly linked numbered CDIAL subhead
181-2,181,*aṇṭa,*aṭṭa,explicitly linked numbered CDIAL subhead
181-3,181,*aṭṭʰa,*aṭṭa,explicitly linked numbered CDIAL subhead
181-4,181,*aṇṭʰa,*aṭṭa,explicitly linked numbered CDIAL subhead
1810-2,1810,útpātayati,útpatati,explicitly linked numbered CDIAL subhead
1814-2,1814,utpanna,útpadyatē,explicitly linked numbered CDIAL subhead
1814-3,1814,utpādayati,útpadyatē,explicitly linked numbered CDIAL subhead
1834-2,1834,*utplāvayati,utplavatē,explicitly linked numbered CDIAL subhead
1836-2,1836,*utpʰāṇayati,*utpʰaṇati,explicitly linked numbered CDIAL subhead
1837-2,1837,utpʰālayati,utpʰalati,explicitly linked numbered CDIAL subhead
1843-2,1843,uccʰalati,*ut-śalati,explicitly linked numbered CDIAL subhead
1843-3,1843,*uccʰalyati,*ut-śalati,explicitly linked numbered CDIAL subhead
1845-2,1845,*ut-śr̩ta,*ut-śārayati,explicitly linked numbered CDIAL subhead
1850-2,1850,úccʰiṣṭa,*ut-śiṣṭa,explicitly linked numbered CDIAL subhead
1858-2,1858,*ut-śrāpayati,*ut-śrayati,explicitly linked numbered CDIAL subhead
1858-3,1858,*ut-śrāpaṇa,*ut-śrayati,explicitly linked numbered CDIAL subhead
186-2,186,*attʰa,*aṭṭʰa,explicitly linked numbered CDIAL subhead
1861-2,1861,*ut-śrapayati,*ut-śrāyati,explicitly linked numbered CDIAL subhead
1861-3,1861,*utśrāta,*ut-śrāyati,explicitly linked numbered CDIAL subhead
1866-2,1866,*ut-śvāsayati,*ut-śvasiti,explicitly linked numbered CDIAL subhead
1867-2,1867,*ut-śvāyayati,*ut-śvāyati,explicitly linked numbered CDIAL subhead
1867-3,1867,*ut-śvāta,*ut-śvāyati,explicitly linked numbered CDIAL subhead
1869-2,1869,utsíya,útsa,explicitly linked numbered CDIAL subhead
1883-2,1883,utsē- cayati,útsiñcati,explicitly linked numbered CDIAL subhead
1885-2,1885,*utsīvyatē,*utsīvayati,explicitly linked numbered CDIAL subhead
1893-2,1893,*utskala,*utskara,explicitly linked numbered CDIAL subhead
1895-2,1895,*utskalati,*utskarati,explicitly linked numbered CDIAL subhead
1895-3,1895,*utskā- rayati,*utskarati,explicitly linked numbered CDIAL subhead
1895-4,1895,*utskālayati,*utskarati,explicitly linked numbered CDIAL subhead
1895-5,1895,*utskr̩ta,*utskarati,explicitly linked numbered CDIAL subhead
1896-2,1896,*utskr̩tta,*utskartati,explicitly linked numbered CDIAL subhead
1900-2,1900,*uttʰāti,*ut-stʰāti,explicitly linked numbered CDIAL subhead
1901-2,1901,uttʰā́na,*ut-stʰāna,explicitly linked numbered CDIAL subhead
1903-2,1903,úttʰāpayati,*ut-stʰāpayati,explicitly linked numbered CDIAL subhead
1907-2,1907,úttʰita,*ut-stʰita,explicitly linked numbered CDIAL subhead
1909-2,1909,*ut-spandayati,*ut-spandati,explicitly linked numbered CDIAL subhead
191-2,191,*aḍi,*aḍḍi,explicitly linked numbered CDIAL subhead
191-3,191,*ēḍḍi,*aḍḍi,explicitly linked numbered CDIAL subhead
191-4,191,*ēḍi,*aḍḍi,explicitly linked numbered CDIAL subhead
1921-2,1921,daka,udaká,explicitly linked numbered CDIAL subhead
1924-2,1924,*upāñcati,údañcati,explicitly linked numbered CDIAL subhead
1942-2,1942,uḍumbára,udumbára,explicitly linked numbered CDIAL subhead
1942-3,1942,*dumbara,udumbára,explicitly linked numbered CDIAL subhead
1942-4,1942,*ḍumbara,udumbára,explicitly linked numbered CDIAL subhead
1944-2,1944,údita,údēti,explicitly linked numbered CDIAL subhead
1944-3,1944,*udāyayati,údēti,explicitly linked numbered CDIAL subhead
1953-2,1953,*udgālayati,udgalati,explicitly linked numbered CDIAL subhead
1957-2,1957,*udgāla,udgāra,explicitly linked numbered CDIAL subhead
1960-2,1960,*udgilati,udgirati,explicitly linked numbered CDIAL subhead
1960-3,1960,*udgarati,udgirati,explicitly linked numbered CDIAL subhead
1960-4,1960,*udgalati,udgirati,explicitly linked numbered CDIAL subhead
1960-5,1960,*udgārayati,udgirati,explicitly linked numbered CDIAL subhead
1960-6,1960,*udgālayati,udgirati,explicitly linked numbered CDIAL subhead
1961-2,1961,*udgirati,údguratē,explicitly linked numbered CDIAL subhead
1961-3,1961,*udgurita,údguratē,explicitly linked numbered CDIAL subhead
1967-2,1967,udgrāhita,udgrāhayati,explicitly linked numbered CDIAL subhead
1968-2,1968,udgʰāṭayati,*udgʰaṭati,explicitly linked numbered CDIAL subhead
1970-2,1970,*udgʰalyati,*udgʰarati,explicitly linked numbered CDIAL subhead
1970-3,1970,*udgʰālayati,*udgʰarati,explicitly linked numbered CDIAL subhead
1971-2,1971,*udgʰārayati,*udgʰarati,explicitly linked numbered CDIAL subhead
1971-3,1971,*udgʰr̩ta,*udgʰarati,explicitly linked numbered CDIAL subhead
1972-2,1972,*udgʰāṭaka,udgʰāṭa,explicitly linked numbered CDIAL subhead
1972-3,1972,*udgʰāṭikā,udgʰāṭa,explicitly linked numbered CDIAL subhead
1977-2,1977,*udgʰāla,*udgʰāra,explicitly linked numbered CDIAL subhead
198-2,198,*tissi,atasī́,explicitly linked numbered CDIAL subhead
1980-2,1980,udgʰr̩ṣṭa,*udgʰr̩ṣati,explicitly linked numbered CDIAL subhead
1983-2,1983,*uddīryatē,*uddarati,explicitly linked numbered CDIAL subhead
1983-3,1983,*uddr̩ta,*uddarati,explicitly linked numbered CDIAL subhead
1983-4,1983,*uddārayati,*uddarati,explicitly linked numbered CDIAL subhead
1985-2,1985,*uddāhayati,*uddahati,explicitly linked numbered CDIAL subhead
1997-2,1997,*uddēkṣā,*uddēkṣati,explicitly linked numbered CDIAL subhead
2008-2,2008,*uddʰāma,uddʰama,explicitly linked numbered CDIAL subhead
2009-2,2009,úddʰr̩ta,úddʰarati,explicitly linked numbered CDIAL subhead
2009-3,2009,uddʰārayati,úddʰarati,explicitly linked numbered CDIAL subhead
2009-4,2009,*ūḍʰārayati,úddʰarati,explicitly linked numbered CDIAL subhead
2020-2,2020,*uddʰāvayati,*uddʰāvati,explicitly linked numbered CDIAL subhead
2027-2,2027,uddʰūlana,uddʰūlayati,explicitly linked numbered CDIAL subhead
2032-2,2032,*uddʰvālayati,*uddʰvalati,explicitly linked numbered CDIAL subhead
2032-3,2032,*uddʰvāla,*uddʰvalati,explicitly linked numbered CDIAL subhead
2036-2,2036,udbʰagna,*udbʰajyatē,explicitly linked numbered CDIAL subhead
2038-2,2038,*udbʰārayati,údbʰarati,explicitly linked numbered CDIAL subhead
2038-3,2038,*udbʰr̩ta,údbʰarati,explicitly linked numbered CDIAL subhead
2045-2,2045,*udbʰukta,*udbʰujati,explicitly linked numbered CDIAL subhead
2049-2,2049,udyamana,*udyamati,explicitly linked numbered CDIAL subhead
2053-2,2053,udyāpana,*udyāpayati,explicitly linked numbered CDIAL subhead
2057-2,2057,ulla,udra,explicitly linked numbered CDIAL subhead
2058-2,2058,*udraṁhayati,*udraṁhati,explicitly linked numbered CDIAL subhead
2061-2,2061,*udriñcati,údricyatē,explicitly linked numbered CDIAL subhead
2061-3,2061,údrikta,údricyatē,explicitly linked numbered CDIAL subhead
2061-4,2061,*udrēcati,údricyatē,explicitly linked numbered CDIAL subhead
2061-5,2061,udrēcayati,údricyatē,explicitly linked numbered CDIAL subhead
2061-6,2061,*udrēcyatē,údricyatē,explicitly linked numbered CDIAL subhead
2062-2,2062,*udrēṣayati,*udriṣati,explicitly linked numbered CDIAL subhead
2063-2,2063,*udrīṇa,*udrīyatē,explicitly linked numbered CDIAL subhead
2063-3,2063,*udrēpayati,*udrīyatē,explicitly linked numbered CDIAL subhead
2064-2,2064,*udrūḍʰa,*udruhati,explicitly linked numbered CDIAL subhead
2069-2,2069,udvāpayati,údvapati,explicitly linked numbered CDIAL subhead
2071-2,2071,udvr̩tta,údvartatē,explicitly linked numbered CDIAL subhead
2071-3,2071,údvartayati,údvartatē,explicitly linked numbered CDIAL subhead
2081-2,2081,údvāpayati,údvāyati,explicitly linked numbered CDIAL subhead
2081-3,2081,udvāna,údvāyati,explicitly linked numbered CDIAL subhead
2087-2,2087,udvigna,údvijatē,explicitly linked numbered CDIAL subhead
2091-2,2091,udvēṣṭana,udvēṣṭatē,explicitly linked numbered CDIAL subhead
2092-2,2092,*ud-hanna,*ud-hadati,explicitly linked numbered CDIAL subhead
2095-2,2095,indūra,undura,explicitly linked numbered CDIAL subhead
2096-2,2096,*unda,unna,explicitly linked numbered CDIAL subhead
2101-2,2101,únnīta,únnayati,explicitly linked numbered CDIAL subhead
211-2,211,*atirikṇa,átirikta,explicitly linked numbered CDIAL subhead
2110-2,2110,*unmagna,únmajjati,explicitly linked numbered CDIAL subhead
2113-2,2113,unmatʰayati,*unmatʰyatē,explicitly linked numbered CDIAL subhead
2113-3,2113,*unmātʰayati,*unmatʰyatē,explicitly linked numbered CDIAL subhead
2114-2,2114,unmāda,unmada,explicitly linked numbered CDIAL subhead
2119-2,2119,*unmālayati,*unmalati,explicitly linked numbered CDIAL subhead
2124-2,2124,*unmāpayati,*unmāyatē,explicitly linked numbered CDIAL subhead
2129-2,2129,*unmīlyatē,unmīlayati,explicitly linked numbered CDIAL subhead
2135-2,2135,*unmrakṣaṇa,*unmrakṣati,explicitly linked numbered CDIAL subhead
2151-2,2151,*upakṣakta,*upakṣajyati,explicitly linked numbered CDIAL subhead
2151-3,2151,*upakṣājayati,*upakṣajyati,explicitly linked numbered CDIAL subhead
2156-2,2156,*upagʰr̩pta,*upagr̩bʰāyati,explicitly linked numbered CDIAL subhead
2166-2,2166,upacita,upacīyatē,explicitly linked numbered CDIAL subhead
2171-2,2171,*upajñāna,upajñā,explicitly linked numbered CDIAL subhead
2178-2,2178,uddēhikā,upadī́ka,explicitly linked numbered CDIAL subhead
2178-3,2178,upadēhikā,upadī́ka,explicitly linked numbered CDIAL subhead
2181-2,2181,*upadrā- vayati,úpadravati,explicitly linked numbered CDIAL subhead
2189-2,2189,*upapātayati,úpapatati,explicitly linked numbered CDIAL subhead
2191-2,2191,upapanna,úpapadyatē,explicitly linked numbered CDIAL subhead
2198-2,2198,*upabadʰyatē,upabandʰati,explicitly linked numbered CDIAL subhead
2204-2,2204,*upamuñcana,úpamuñcatē,explicitly linked numbered CDIAL subhead
2208-2,2208,*uparalla,upara,explicitly linked numbered CDIAL subhead
221-2,221,*adda,*atta,explicitly linked numbered CDIAL subhead
222-2,222,*addā,attā,explicitly linked numbered CDIAL subhead
2221-2,2221,uparudʰyatē,uparundʰati,explicitly linked numbered CDIAL subhead
2223-2,2223,*upalla,úpala,explicitly linked numbered CDIAL subhead
2223-3,2223,*pala,úpala,explicitly linked numbered CDIAL subhead
2226-2,2226,upalakṣita,upalakṣayati,explicitly linked numbered CDIAL subhead
2227-2,2227,*upalagna,*upalagati,explicitly linked numbered CDIAL subhead
2263-2,2263,*upaskatta,*upaskadati,explicitly linked numbered CDIAL subhead
2266-2,2266,upaṣṭambʰa,upastambʰa,explicitly linked numbered CDIAL subhead
2269-2,2269,upastáraṇa,*upastarati,explicitly linked numbered CDIAL subhead
2269-3,2269,*upastr̩ta,*upastarati,explicitly linked numbered CDIAL subhead
226a-2,226a,*atyōṣati,*atyuṣati,explicitly linked numbered CDIAL subhead
226a-3,226a,*atyuṣyatē,*atyuṣati,explicitly linked numbered CDIAL subhead
227-2,227,*átiyēti,átyēti,explicitly linked numbered CDIAL subhead
2277-2,2277,*upasmārayati,úpasmarati,explicitly linked numbered CDIAL subhead
2312-2,2312,*upālābʰayati,upā́labʰatē,explicitly linked numbered CDIAL subhead
2313-2,2313,*upālābʰana,*upālabʰana,explicitly linked numbered CDIAL subhead
2319-2,2319,upēkṣā,úpēkṣatē,explicitly linked numbered CDIAL subhead
2325-2,2325,upēta,úpaiti,explicitly linked numbered CDIAL subhead
2326-2,2326,*upōna,upōta,explicitly linked numbered CDIAL subhead
2329-2,2329,*vupta,uptá,explicitly linked numbered CDIAL subhead
2330-2,2330,*upparalla,*uppara,explicitly linked numbered CDIAL subhead
2335-2,2335,*vupyatē,upyátē,explicitly linked numbered CDIAL subhead
2338-2,2338,*ubbār,*ubbar,explicitly linked numbered CDIAL subhead
2344-2,2344,*ummaḍḍ,*ummaḍ,explicitly linked numbered CDIAL subhead
2344-3,2344,*ummāḍ,*ummaḍ,explicitly linked numbered CDIAL subhead
2345-2,2345,*ummār,*ummar,explicitly linked numbered CDIAL subhead
2346-2,2346,*ummāl,*ummal,explicitly linked numbered CDIAL subhead
2360-2,2360,*ulukkʰala,ulū́kʰala,explicitly linked numbered CDIAL subhead
2360-3,2360,udūkʰala,ulū́kʰala,explicitly linked numbered CDIAL subhead
2360-4,2360,*udukkʰala,ulū́kʰala,explicitly linked numbered CDIAL subhead
2366-2,2366,ullaŋgʰita,ullaŋgʰayati,explicitly linked numbered CDIAL subhead
2368-2,2368,*ullaṭyatē,*ullaṭati,explicitly linked numbered CDIAL subhead
2368-3,2368,*ullāṭayati,*ullaṭati,explicitly linked numbered CDIAL subhead
2373-2,2373,*ullālayati,ullalati,explicitly linked numbered CDIAL subhead
2373-3,2373,*ullālita,ullalati,explicitly linked numbered CDIAL subhead
2375-2,2375,ullāsayati,ullasati,explicitly linked numbered CDIAL subhead
2375-3,2375,ullāsa,ullasati,explicitly linked numbered CDIAL subhead
2375-4,2375,ullāsin,ullasati,explicitly linked numbered CDIAL subhead
2394-2,2394,*uṣṇāpana,uṣṇayati,explicitly linked numbered CDIAL subhead
2400-2,2400,*vūḍʰa,ūḍʰá,explicitly linked numbered CDIAL subhead
2402-2,2402,*ōṇḍa,*ūṇḍa,explicitly linked numbered CDIAL subhead
2402-3,2402,*avōṇḍa,*ūṇḍa,explicitly linked numbered CDIAL subhead
2442-2,2442,*ūṣmā- yita,ūṣmāyatē,explicitly linked numbered CDIAL subhead
2457-2,2457,ŕ̩dʰyati,r̩dʰáti,explicitly linked numbered CDIAL subhead
2457-3,2457,r̩ddʰa,r̩dʰáti,explicitly linked numbered CDIAL subhead
2457-4,2457,ŕ̩dʰyati,r̩dʰáti,explicitly linked numbered CDIAL subhead
2457-5,2457,r̩ddʰa,r̩dʰáti,explicitly linked numbered CDIAL subhead
2457-6,2457,*r̩ndʰati,r̩dʰáti,explicitly linked numbered CDIAL subhead
2462-2,2462,*ēkka,ḗka,explicitly linked numbered CDIAL subhead
248-2,248,*adʰiṣṭāt,adʰástāt,explicitly linked numbered CDIAL subhead
2506-2,2506,*ēkkalla,*ēkkala,explicitly linked numbered CDIAL subhead
2536-2,2536,*aiśvariya,áiśvarya,explicitly linked numbered CDIAL subhead
2538-2,2538,*ōgg,*ōkk,explicitly linked numbered CDIAL subhead
2538-3,2538,*vākk,*ōkk,explicitly linked numbered CDIAL subhead
2544-2,2544,*ōttā,*ōṭṭā,explicitly linked numbered CDIAL subhead
2544-3,2544,*ōḍḍā,*ōṭṭā,explicitly linked numbered CDIAL subhead
2549-2,2549,*auḍrika,ōḍra,explicitly linked numbered CDIAL subhead
2570-2,2570,áurṇika,áurṇaka,explicitly linked numbered CDIAL subhead
2572-2,2572,auṣṭrika,áuṣṭraka,explicitly linked numbered CDIAL subhead
2575-2,2575,kaḣ punar,kaḥ punar,explicitly linked numbered CDIAL subhead
2576-2,2576,*kaṁsikā,kaṁsá,explicitly linked numbered CDIAL subhead
2586-2,2586,takkōla,kakkōla,explicitly linked numbered CDIAL subhead
2587-2,2587,*kakkʰāṭa,kakkʰaṭa,explicitly linked numbered CDIAL subhead
2587-3,2587,kakkaṭa-,kakkʰaṭa,explicitly linked numbered CDIAL subhead
2598-2,2598,*kaŋkaṭa-,káŋkata,explicitly linked numbered CDIAL subhead
2598-3,2598,*kaŋkaśa,káŋkata,explicitly linked numbered CDIAL subhead
2605-2,2605,kaŋgu,kaŋku,explicitly linked numbered CDIAL subhead
2606-2,2606,kaŋgunī,*kaŋkunī,explicitly linked numbered CDIAL subhead
2606-3,2606,*ṭaŋgunī,*kaŋkunī,explicitly linked numbered CDIAL subhead
2615-2,2615,*kassara,kaccara,explicitly linked numbered CDIAL subhead
2619-2,2619,*kaccʰabʰa,kaccʰapa,explicitly linked numbered CDIAL subhead
2620-2,2620,kaccʰula,kaccʰurá,explicitly linked numbered CDIAL subhead
2626-2,2626,kañcuka,*kañcu,explicitly linked numbered CDIAL subhead
2632-2,2632,*kaṭakka,kaṭakaṭā,explicitly linked numbered CDIAL subhead
2641-2,2641,káṭuka,kaṭú,explicitly linked numbered CDIAL subhead
2668-2,2668,káṇṭaka,kaṇṭa,explicitly linked numbered CDIAL subhead
2698-2,2698,*kattavāra,*kattara,explicitly linked numbered CDIAL subhead
2712-2,2712,*kaḍalī,kadala,explicitly linked numbered CDIAL subhead
2744-2,2744,*kapalla,kapā́la,explicitly linked numbered CDIAL subhead
2744-3,2744,*kabʰalla,kapā́la,explicitly linked numbered CDIAL subhead
2744-4,2744,*kappāla,kapā́la,explicitly linked numbered CDIAL subhead
2755-2,2755,*kappōla,kapōlá,explicitly linked numbered CDIAL subhead
2756-2,2756,*kappʰa,kapʰa,explicitly linked numbered CDIAL subhead
2760-2,2760,*kāmaṭʰa,kamaṭʰa,explicitly linked numbered CDIAL subhead
2760-3,2760,*kāmāṭṭʰa,kamaṭʰa,explicitly linked numbered CDIAL subhead
2760-4,2760,*kammaṭʰa,kamaṭʰa,explicitly linked numbered CDIAL subhead
2760-5,2760,*kammaṭṭʰa,kamaṭʰa,explicitly linked numbered CDIAL subhead
2760-6,2760,*kambāṭʰa,kamaṭʰa,explicitly linked numbered CDIAL subhead
2760-7,2760,*kambiṭṭʰa,kamaṭʰa,explicitly linked numbered CDIAL subhead
2763-2,2763,*kamara,kámala,explicitly linked numbered CDIAL subhead
2795-2,2795,*karaparṇa,karapattra,explicitly linked numbered CDIAL subhead
2797-2,2797,kalabʰá,karabʰá,explicitly linked numbered CDIAL subhead
2799-2,2799,*karamārja,karamarda,explicitly linked numbered CDIAL subhead
2800-2,2800,karṇikāra,karavīra,explicitly linked numbered CDIAL subhead
2800-3,2800,karṇāṭī,karavīra,explicitly linked numbered CDIAL subhead
2805-2,2805,karibʰa,karī́ra,explicitly linked numbered CDIAL subhead
2813-2,2813,*karōṭṭi,karōṭi,explicitly linked numbered CDIAL subhead
2822-2,2822,*kʰakkʰaśa,karkaśá,explicitly linked numbered CDIAL subhead
2863-2,2863,*kārttrī,karttrī,explicitly linked numbered CDIAL subhead
2864-2,2864,*kartiya,kartya,explicitly linked numbered CDIAL subhead
2866-2,2866,*kr̩tyā,*kartyā,explicitly linked numbered CDIAL subhead
2888-2,2888,karmakārin,karmakāra,explicitly linked numbered CDIAL subhead
290-2,290,*anargʰiya,anargʰa,explicitly linked numbered CDIAL subhead
2931-2,2931,kalamba,kalāpa,explicitly linked numbered CDIAL subhead
2932-2,2932,*kērāva,kalāya,explicitly linked numbered CDIAL subhead
2934-2,2934,*kalli,kali-,explicitly linked numbered CDIAL subhead
2934-3,2934,*kaḍi,kali-,explicitly linked numbered CDIAL subhead
2941-2,2941,*karpa,kálpa,explicitly linked numbered CDIAL subhead
2974-2,2974,*kaṣāva,kaṣāya,explicitly linked numbered CDIAL subhead
2974-3,2974,*kaṣāra,kaṣāya,explicitly linked numbered CDIAL subhead
2984-2,2984,*kastilla,kastīra,explicitly linked numbered CDIAL subhead
2987-2,2987,*kāṁsiya,kā́ṁsya,explicitly linked numbered CDIAL subhead
3007-2,3007,*kācca,kācá,explicitly linked numbered CDIAL subhead
3012-2,3012,*kāccakara,*kāccakāra,explicitly linked numbered CDIAL subhead
3014-2,3014,kāñcanāra,kāñcanaka,explicitly linked numbered CDIAL subhead
3022-2,3022,kāṇṭaka,*kāṇṭa,explicitly linked numbered CDIAL subhead
3027-2,3027,*kātʰala,kātara,explicitly linked numbered CDIAL subhead
3048-2,3048,*kāmiya,kā́mya,explicitly linked numbered CDIAL subhead
3061-2,3061,*kārēlla,kāravēlla,explicitly linked numbered CDIAL subhead
3100-2,3100,kāliŋga,kālinda,explicitly linked numbered CDIAL subhead
3104-2,3104,kalya,kālya,explicitly linked numbered CDIAL subhead
311-2,311,*anukṣara,ánukṣarati,explicitly linked numbered CDIAL subhead
3136-2,3136,*kāsamārja,kāsamarda,explicitly linked numbered CDIAL subhead
3149-2,3149,*kēśuka,kiṁśuka,explicitly linked numbered CDIAL subhead
3151-2,3151,*kiŋkara,*kikkara,explicitly linked numbered CDIAL subhead
3153-2,3153,*kacca-,*kicca,explicitly linked numbered CDIAL subhead
3153-3,3153,*kʰacca,*kicca,explicitly linked numbered CDIAL subhead
3156-2,3156,*kaṭṭa-,kiṭṭa,explicitly linked numbered CDIAL subhead
3156-3,3156,*katta,kiṭṭa,explicitly linked numbered CDIAL subhead
3156-4,3156,*kʰiṭṭa,kiṭṭa,explicitly linked numbered CDIAL subhead
3156-5,3156,kīṭa,kiṭṭa,explicitly linked numbered CDIAL subhead
3174-2,3174,ciratikta,kirātatikta,explicitly linked numbered CDIAL subhead
3174-3,3174,cirātikta,kirātatikta,explicitly linked numbered CDIAL subhead
3196-2,3196,*kādr̥k,kīdŕ̩k,explicitly linked numbered CDIAL subhead
3202-2,3202,*kīlla,kīla,explicitly linked numbered CDIAL subhead
3202-3,3202,*kīḍa,kīla,explicitly linked numbered CDIAL subhead
3202-4,3202,kʰī́la,kīla,explicitly linked numbered CDIAL subhead
3202-5,3202,*kʰīlla,kīla,explicitly linked numbered CDIAL subhead
3204-2,3204,*kīllati,kī́lati,explicitly linked numbered CDIAL subhead
3204-3,3204,*kʰīlati,kī́lati,explicitly linked numbered CDIAL subhead
3204-4,3204,*kʰīllati,kī́lati,explicitly linked numbered CDIAL subhead
3205-2,3205,*kukr̩tiya,kukr̩tya,explicitly linked numbered CDIAL subhead
3216-2,3216,*kucca,kuca,explicitly linked numbered CDIAL subhead
3217-2,3217,kuñcikā,kucika,explicitly linked numbered CDIAL subhead
3224-2,3224,kuñcita,kuñcatē,explicitly linked numbered CDIAL subhead
3225-2,3225,*kōñcikā,kuñcikā,explicitly linked numbered CDIAL subhead
3227-2,3227,*kuṭava,kuṭa,explicitly linked numbered CDIAL subhead
3227-3,3227,*kōṭa,kuṭa,explicitly linked numbered CDIAL subhead
3233-2,3233,kuṭumbaka,kuṭumba,explicitly linked numbered CDIAL subhead
3236-2,3236,*kōṭṭa,kuṭṭa,explicitly linked numbered CDIAL subhead
3239-2,3239,*kōṭṭana,kuṭṭana,explicitly linked numbered CDIAL subhead
3241-2,3241,*kōṭṭayati,kuṭṭáyati,explicitly linked numbered CDIAL subhead
3250-2,3250,kuṭmalá,kuḍmalá,explicitly linked numbered CDIAL subhead
3251-2,3251,*kuḍiya,kuḍya,explicitly linked numbered CDIAL subhead
3251-3,3251,*kuḍa-,kuḍya,explicitly linked numbered CDIAL subhead
3251-4,3251,kudya,kuḍya,explicitly linked numbered CDIAL subhead
3264-2,3264,*gōṇḍa,kuṇḍá,explicitly linked numbered CDIAL subhead
3268-2,3268,*kōṇḍala,kuṇḍalá,explicitly linked numbered CDIAL subhead
3268-3,3268,*guṇḍala,kuṇḍalá,explicitly linked numbered CDIAL subhead
3268-4,3268,*gundala,kuṇḍalá,explicitly linked numbered CDIAL subhead
3286-2,3286,*kōddāla,kuddāla,explicitly linked numbered CDIAL subhead
3286-3,3286,kuḍḍāla,kuddāla,explicitly linked numbered CDIAL subhead
3287-2,3287,kōvidāra,kuddāla-,explicitly linked numbered CDIAL subhead
3289-2,3289,*kōnta,kunta,explicitly linked numbered CDIAL subhead
3305-2,3305,kumudiká,kúmuda,explicitly linked numbered CDIAL subhead
3308-2,3308,*kʰumbʰa,kumbʰá,explicitly linked numbered CDIAL subhead
3329-2,3329,*kuŋkara,kurkurá,explicitly linked numbered CDIAL subhead
3341-2,3341,kaulālá,kúlāla,explicitly linked numbered CDIAL subhead
3344-2,3344,*kullī,*kulī,explicitly linked numbered CDIAL subhead
3352-2,3352,*kūlā,kulyā́,explicitly linked numbered CDIAL subhead
3352-3,3352,*kūlyā,kulyā́,explicitly linked numbered CDIAL subhead
3361-2,3361,*kuvēlya,*kuvēlā,explicitly linked numbered CDIAL subhead
3369-2,3369,*kuṣṭa,kuṣáti,explicitly linked numbered CDIAL subhead
3370-2,3370,*kōṭṭʰa,kúṣṭʰa,explicitly linked numbered CDIAL subhead
3370-3,3370,*kuṭʰa,kúṣṭʰa,explicitly linked numbered CDIAL subhead
3371-2,3371,*kōṭṭʰa,kúṣṭʰa,explicitly linked numbered CDIAL subhead
3371-3,3371,kōṭʰa,kúṣṭʰa,explicitly linked numbered CDIAL subhead
3371-4,3371,*kuṭʰa,kúṣṭʰa,explicitly linked numbered CDIAL subhead
3373-2,3373,*kōṭṭʰin,kuṣṭʰín,explicitly linked numbered CDIAL subhead
3373-3,3373,*kōṭʰin,kuṣṭʰín,explicitly linked numbered CDIAL subhead
3373-4,3373,*kuṭʰin,kuṣṭʰín,explicitly linked numbered CDIAL subhead
3374-2,3374,*kōhaṇḍa,kuṣmāṇḍa,explicitly linked numbered CDIAL subhead
3374-3,3374,*kōhala,kuṣmāṇḍa,explicitly linked numbered CDIAL subhead
3380-2,3380,*kōstambarī,kustumbarī,explicitly linked numbered CDIAL subhead
3390-2,3390,*kūkkā,*kūkkati,explicitly linked numbered CDIAL subhead
3402-2,3402,*kumpa,kūpa,explicitly linked numbered CDIAL subhead
3402-3,3402,*kuppa,kūpa,explicitly linked numbered CDIAL subhead
3415-2,3415,*kaurma,*kūrma,explicitly linked numbered CDIAL subhead
3418-2,3418,*kr̩kkalāsa,kr̩kalāsá,explicitly linked numbered CDIAL subhead
3418-3,3418,*kr̩kkala,kr̩kalāsá,explicitly linked numbered CDIAL subhead
3418-4,3418,*kr̩kaṇṭaka,kr̩kalāsá,explicitly linked numbered CDIAL subhead
3440a-2,3440a,*kr̩mbuka,kr̩muká,explicitly linked numbered CDIAL subhead
3446-2,3446,*kr̩ṣyati,kr̩ṣáti,explicitly linked numbered CDIAL subhead
3467-2,3467,kēláyati,*kērayati,explicitly linked numbered CDIAL subhead
3469-2,3469,*kēvāṭa,kēvárta,explicitly linked numbered CDIAL subhead
3512-2,3512,*kʰōtr,*kōtr,explicitly linked numbered CDIAL subhead
3517-2,3517,kō 'paraḣ,kō 'paraḥ,explicitly linked numbered CDIAL subhead
3522-2,3522,*kōmb,*kōbb,explicitly linked numbered CDIAL subhead
3524-2,3524,*kurumm,*kōmʰ,explicitly linked numbered CDIAL subhead
355-2,355,antimá,antamá,explicitly linked numbered CDIAL subhead
3557-2,3557,*kauṭiliya,kauṭilya,explicitly linked numbered CDIAL subhead
3585-2,3585,*kraviya,kravyá,explicitly linked numbered CDIAL subhead
3597-2,3597,krauñcá,krúñca,explicitly linked numbered CDIAL subhead
3598-2,3598,*krūḍʰa,kruddʰá,explicitly linked numbered CDIAL subhead
3607-2,3607,kōlá,krōḍá,explicitly linked numbered CDIAL subhead
3630-2,3630,*krōman,klṓman,explicitly linked numbered CDIAL subhead
3643-2,3643,*kṣata-,*kṣaṇati,explicitly linked numbered CDIAL subhead
3643-3,3643,*kṣaṇana,*kṣaṇati,explicitly linked numbered CDIAL subhead
3643-4,3643,*kṣāṇayati,*kṣaṇati,explicitly linked numbered CDIAL subhead
3643-5,3643,*kṣāṇita,*kṣaṇati,explicitly linked numbered CDIAL subhead
3643-6,3643,*kṣāṇa-,*kṣaṇati,explicitly linked numbered CDIAL subhead
3643-7,3643,*kṣāṇana,*kṣaṇati,explicitly linked numbered CDIAL subhead
3662-2,3662,*kṣarā,kṣará,explicitly linked numbered CDIAL subhead
3687-2,3687,kṣipyatē,kṣípyati,explicitly linked numbered CDIAL subhead
3700-2,3700,kṣīrávat,kṣīrávant,explicitly linked numbered CDIAL subhead
3700-3,3700,kṣīravatī,kṣīrávant,explicitly linked numbered CDIAL subhead
3709-2,3709,*kṣuttikā,*kṣutta,explicitly linked numbered CDIAL subhead
3716-2,3716,*kṣudʰikā,kṣudʰā,explicitly linked numbered CDIAL subhead
3716-3,3716,*kṣudʰin,kṣudʰā,explicitly linked numbered CDIAL subhead
3752-2,3752,kṣōbʰita,kṣōbʰayati,explicitly linked numbered CDIAL subhead
3752-3,3752,kṣōbʰyatē,kṣōbʰayati,explicitly linked numbered CDIAL subhead
3762-2,3762,*kʰaŋkʰālayati,*kʰakkʰālayati,explicitly linked numbered CDIAL subhead
3763-2,3763,*kʰaŋkʰār,*kʰaŋkʰ,explicitly linked numbered CDIAL subhead
3765-2,3765,*kaccara-,*kʰaccara,explicitly linked numbered CDIAL subhead
3775-2,3775,*kʰaṭṭū,kʰaṭū,explicitly linked numbered CDIAL subhead
3775-3,3775,kʰaḍḍukā,kʰaṭū,explicitly linked numbered CDIAL subhead
3784-2,3784,*kʰaḍati,kʰaḍaka,explicitly linked numbered CDIAL subhead
3784-3,3784,*kʰāḍayati,kʰaḍaka,explicitly linked numbered CDIAL subhead
3785-2,3785,kʰaṭṭi,kʰaḍū,explicitly linked numbered CDIAL subhead
3786-2,3786,kʰāḍga,kʰaḍgá,explicitly linked numbered CDIAL subhead
3786-3,3786,*kʰāḍgin,kʰaḍgá,explicitly linked numbered CDIAL subhead
380-2,380,*antrima,*antra,explicitly linked numbered CDIAL subhead
3801-2,3801,*kʰaṇḍī,*kʰaṇḍu,explicitly linked numbered CDIAL subhead
3808-2,3808,*kʰaddara,*kʰadda,explicitly linked numbered CDIAL subhead
3809-2,3809,*kadyōta,kʰadyōta,explicitly linked numbered CDIAL subhead
3809-3,3809,*kajvala,kʰadyōta,explicitly linked numbered CDIAL subhead
381-2,381,*andana,*anda-,explicitly linked numbered CDIAL subhead
3811-2,3811,kʰānayati,kʰánati,explicitly linked numbered CDIAL subhead
3828-2,3828,kʰarju,kʰarjū́ra,explicitly linked numbered CDIAL subhead
3831-2,3831,*kʰampa,kʰarpara,explicitly linked numbered CDIAL subhead
3837-2,3837,*kʰalabʰala,kʰálati,explicitly linked numbered CDIAL subhead
3838-2,3838,*kʰālayati,*kʰalati,explicitly linked numbered CDIAL subhead
3839-2,3839,kʰalēdʰānī,kʰaladʰāna,explicitly linked numbered CDIAL subhead
3849-2,3849,*kʰāla,kʰalla,explicitly linked numbered CDIAL subhead
3849-3,3849,*kʰala,kʰalla,explicitly linked numbered CDIAL subhead
3851-2,3851,*kʰaralla,kʰalva,explicitly linked numbered CDIAL subhead
3855-2,3855,*kʰasara,*kʰasa,explicitly linked numbered CDIAL subhead
3857-2,3857,*kʰasta,*kʰasati,explicitly linked numbered CDIAL subhead
3857-3,3857,*kʰāsayati,*kʰasati,explicitly linked numbered CDIAL subhead
386-2,386,*andʰikāra,andʰakāra,explicitly linked numbered CDIAL subhead
386-3,386,*andʰīkāra,andʰakāra,explicitly linked numbered CDIAL subhead
3862-2,3862,kʰātikā,kʰātá,explicitly linked numbered CDIAL subhead
3865-2,3865,kʰāditá,kʰā́dati,explicitly linked numbered CDIAL subhead
3865-3,3865,kʰādayati,kʰā́dati,explicitly linked numbered CDIAL subhead
3865-4,3865,kʰādyatē,kʰā́dati,explicitly linked numbered CDIAL subhead
3881-2,3881,*kʰēñc,*kʰiñc,explicitly linked numbered CDIAL subhead
3881-3,3881,*kʰaiñc,*kʰiñc,explicitly linked numbered CDIAL subhead
3882-2,3882,*kʰiḍḍ,*kʰiḍ,explicitly linked numbered CDIAL subhead
3882-3,3882,*kʰiṇḍ,*kʰiḍ,explicitly linked numbered CDIAL subhead
3882-4,3882,*kʰil,*kʰiḍ,explicitly linked numbered CDIAL subhead
3882-5,3882,*kʰill,*kʰiḍ,explicitly linked numbered CDIAL subhead
3882-6,3882,*kʰēḍ,*kʰiḍ,explicitly linked numbered CDIAL subhead
3884-2,3884,kʰinna,kʰídyatē,explicitly linked numbered CDIAL subhead
3885-2,3885,kʰilyá,kʰilá,explicitly linked numbered CDIAL subhead
3886-2,3886,*kʰilla,*kʰila,explicitly linked numbered CDIAL subhead
3886-3,3886,*killa,*kʰila,explicitly linked numbered CDIAL subhead
3890-2,3890,*kʰōcc,*kʰucc,explicitly linked numbered CDIAL subhead
3890-3,3890,*kʰuñc,*kʰucc,explicitly linked numbered CDIAL subhead
3890-4,3890,*kʰōñc,*kʰucc,explicitly linked numbered CDIAL subhead
3892-2,3892,*kʰuṇṭati,*kʰuṭati,explicitly linked numbered CDIAL subhead
3892-3,3892,*kʰuṭ- yatē,*kʰuṭati,explicitly linked numbered CDIAL subhead
3892-4,3892,*kʰōṭayati,*kʰuṭati,explicitly linked numbered CDIAL subhead
3892-5,3892,kʰúṇḍatē,*kʰuṭati,explicitly linked numbered CDIAL subhead
3893-2,3893,*kʰuṇṭa-,*kʰuṭṭa,explicitly linked numbered CDIAL subhead
3898-2,3898,*kuṇṭa-,*kʰuṇṭa,explicitly linked numbered CDIAL subhead
3906-2,3906,*kʰuḍa,kʰura,explicitly linked numbered CDIAL subhead
3918-2,3918,*kʰēḍḍ,*kʰēḍ,explicitly linked numbered CDIAL subhead
3918-3,3918,*kʰiḍḍ-,*kʰēḍ,explicitly linked numbered CDIAL subhead
3918-4,3918,*kʰīl,*kʰēḍ,explicitly linked numbered CDIAL subhead
3918-5,3918,*kʰill,*kʰēḍ,explicitly linked numbered CDIAL subhead
3918-6,3918,*kʰēl,*kʰēḍ,explicitly linked numbered CDIAL subhead
3918-7,3918,*kʰēll,*kʰēḍ,explicitly linked numbered CDIAL subhead
3918-8,3918,kēl,*kʰēḍ,explicitly linked numbered CDIAL subhead
3925-2,3925,*kēsārī,*kʰēsārī,explicitly linked numbered CDIAL subhead
3929-2,3929,*kʰōjjati,*kʰōjja,explicitly linked numbered CDIAL subhead
3929-3,3929,*kʰuddati,*kʰōjja,explicitly linked numbered CDIAL subhead
3931-2,3931,*kʰōṭṭa,*kʰōṭi,explicitly linked numbered CDIAL subhead
3934-2,3934,*kʰōḍḍ,*kʰōdd,explicitly linked numbered CDIAL subhead
3934-3,3934,*kōḍḍ,*kʰōdd,explicitly linked numbered CDIAL subhead
3934-4,3934,*gōdd,*kʰōdd,explicitly linked numbered CDIAL subhead
3934-5,3934,*gōḍḍ,*kʰōdd,explicitly linked numbered CDIAL subhead
3934-6,3934,*guḍḍ,*kʰōdd,explicitly linked numbered CDIAL subhead
3936-2,3936,*kʰōppaḍa,*kʰōppa,explicitly linked numbered CDIAL subhead
3936-3,3936,*kʰōppara,*kʰōppa,explicitly linked numbered CDIAL subhead
3936-4,3936,*kʰōbbara,*kʰōppa,explicitly linked numbered CDIAL subhead
3938-2,3938,*kʰōmpa,*kʰōppa,explicitly linked numbered CDIAL subhead
3941-2,3941,kʰōṭa,kʰōra,explicitly linked numbered CDIAL subhead
3941-3,3941,*kʰuḍa-,kʰōra,explicitly linked numbered CDIAL subhead
3941-4,3941,*kʰuṭṭa,kʰōra,explicitly linked numbered CDIAL subhead
3941-5,3941,kʰuṇḍatē,kʰōra,explicitly linked numbered CDIAL subhead
3941-6,3941,*kʰōṇḍa,kʰōra,explicitly linked numbered CDIAL subhead
3943-2,3943,*kʰōlla-,*kʰōla,explicitly linked numbered CDIAL subhead
3943-3,3943,*kʰōḍa,*kʰōla,explicitly linked numbered CDIAL subhead
3943-4,3943,*kʰōra-,*kʰōla,explicitly linked numbered CDIAL subhead
3945-2,3945,*kʰull,*kʰōll,explicitly linked numbered CDIAL subhead
395-2,395,*anda,ánna,explicitly linked numbered CDIAL subhead
3959-2,3959,*gañja,*gajja,explicitly linked numbered CDIAL subhead
3960-2,3960,*gajj,*gañj,explicitly linked numbered CDIAL subhead
3960-3,3960,*gadd,*gañj,explicitly linked numbered CDIAL subhead
3965-2,3965,*giṭṭa,*gaṭṭa,explicitly linked numbered CDIAL subhead
3968-2,3968,*gāḍa-,*gaḍa,explicitly linked numbered CDIAL subhead
3974-2,3974,*gaḍḍa-baḍḍa,*gaḍa-baḍa,explicitly linked numbered CDIAL subhead
3977-2,3977,*giḍa,gaḍu,explicitly linked numbered CDIAL subhead
3978-2,3978,gaṇ- ḍula,gaḍulá,explicitly linked numbered CDIAL subhead
3982-2,3982,*giḍḍa,*gaḍḍa,explicitly linked numbered CDIAL subhead
3983-2,3983,gaḍḍara,*gaḍḍa,explicitly linked numbered CDIAL subhead
3984-2,3984,gaḍu,gaḍḍuka,explicitly linked numbered CDIAL subhead
3997-2,3997,*gaḍḍa,gaṇḍá,explicitly linked numbered CDIAL subhead
3998-2,3998,*gēṇḍa,gaṇḍa,explicitly linked numbered CDIAL subhead
3998-3,3998,*gēḍḍa,gaṇḍa,explicitly linked numbered CDIAL subhead
3998-4,3998,*gēḍa,gaṇḍa,explicitly linked numbered CDIAL subhead
4-2x,4,*aṁsi,aṁśú,explicitly linked numbered CDIAL subhead
4000-2,4000,*gayaṇḍa,gaṇḍá,explicitly linked numbered CDIAL subhead
4007-2,4007,gaṇḍōlaka,gaṇḍūpada,explicitly linked numbered CDIAL subhead
4012-2,4012,*gaddara,*gadda,explicitly linked numbered CDIAL subhead
4013-2,4013,*gunaguna,*ganagana,explicitly linked numbered CDIAL subhead
4023-2,4023,*gampa,*gabba,explicitly linked numbered CDIAL subhead
4028-2,4028,gamita,gamáyati,explicitly linked numbered CDIAL subhead
4029-2,4029,*gambʰūna,gámbʰan,explicitly linked numbered CDIAL subhead
4068-2,4068,*galʰā,garhā,explicitly linked numbered CDIAL subhead
4070-2,4070,*gaḍa,gala,explicitly linked numbered CDIAL subhead
4075-2,4075,giláti,gálati,explicitly linked numbered CDIAL subhead
4076-2,4076,*galadāmana,*galadāman,explicitly linked numbered CDIAL subhead
4085-2,4085,*gallī,*galī,explicitly linked numbered CDIAL subhead
4085-3,4085,*gālī,*galī,explicitly linked numbered CDIAL subhead
4093-2,4093,*gavu,gava,explicitly linked numbered CDIAL subhead
4105-2,4105,gavēṣa,gavēṣáyati,explicitly linked numbered CDIAL subhead
4110-2,4110,gāŋgēya,gāŋgēruka,explicitly linked numbered CDIAL subhead
4112-2,4112,*gāṇṭa,*gāṭṭa,explicitly linked numbered CDIAL subhead
4112-3,4112,*gēḍa-,*gāṭṭa,explicitly linked numbered CDIAL subhead
4125-2,4125,gātrikā,gātraka,explicitly linked numbered CDIAL subhead
4126-2,4126,gātʰikā,gā́tʰā,explicitly linked numbered CDIAL subhead
4135-2,4135,gāpayati,gā́yati,explicitly linked numbered CDIAL subhead
4147-3,4147,gāvī,*gāva,explicitly linked numbered CDIAL subhead
4152-2,4152,gāha,gā́hatē,explicitly linked numbered CDIAL subhead
4153-2,4153,*gacc,*gicc,explicitly linked numbered CDIAL subhead
4153-3,4153,*gijj,*gicc,explicitly linked numbered CDIAL subhead
4153-4,4153,*gʰicc,*gicc,explicitly linked numbered CDIAL subhead
4153-5,4153,*gʰacc,*gicc,explicitly linked numbered CDIAL subhead
4153-6,4153,*gʰijj,*gicc,explicitly linked numbered CDIAL subhead
4176-2,4176,*kuñca,guñjā,explicitly linked numbered CDIAL subhead
4197-2,4197,*gidda-,*gudda,explicitly linked numbered CDIAL subhead
4199-2,4199,guṇḍa,gundra,explicitly linked numbered CDIAL subhead
4199-3,4199,*kūndrā,gundra,explicitly linked numbered CDIAL subhead
420-2,420,*apacinta,*apacitta,explicitly linked numbered CDIAL subhead
4203-2,4203,gumpʰa,*guppʰa,explicitly linked numbered CDIAL subhead
4205-2,4205,gumpʰáti,gupʰáti,explicitly linked numbered CDIAL subhead
4205-3,4205,*gōpʰayati,gupʰáti,explicitly linked numbered CDIAL subhead
4205-4,4205,*guptʰa,gupʰáti,explicitly linked numbered CDIAL subhead
4206-2,4206,*gōppʰanā,gumpʰana,explicitly linked numbered CDIAL subhead
4225-2,4225,*gūttʰa,gūtʰa,explicitly linked numbered CDIAL subhead
4236-2,4236,gr̩hṇā́ti,gr̩bʰāyáti,explicitly linked numbered CDIAL subhead
4236-3,4236,*grahati,gr̩bʰāyáti,explicitly linked numbered CDIAL subhead
424-2,424,*apatiya,ápatya,explicitly linked numbered CDIAL subhead
4245-2,4245,gr̩hiṇī,gr̩hín,explicitly linked numbered CDIAL subhead
4248-2,4248,gēṇḍu,gēnduka,explicitly linked numbered CDIAL subhead
4248-3,4248,*gēḍḍa-,gēnduka,explicitly linked numbered CDIAL subhead
4248-4,4248,*ganduka,gēnduka,explicitly linked numbered CDIAL subhead
4273-2,4273,*gōḍḍadāmana,*gōḍḍadāman,explicitly linked numbered CDIAL subhead
4273-3,4273,*gōḍḍadāmara,*gōḍḍadāman,explicitly linked numbered CDIAL subhead
4279-2,4279,gōtraka,gōtrá,explicitly linked numbered CDIAL subhead
428-2,428,apadrāvayati,ápadravati,explicitly linked numbered CDIAL subhead
4286-2,4286,gōdʰikā,gōdʰā́,explicitly linked numbered CDIAL subhead
4286-3,4286,gaudʰēra,gōdʰā́,explicitly linked numbered CDIAL subhead
4296-2,4296,*gʰōpp,*gōpp,explicitly linked numbered CDIAL subhead
4306-2,4306,gōmitra,gōmūtra,explicitly linked numbered CDIAL subhead
4310-2,4310,*gōrakṣin,gōrakṣa,explicitly linked numbered CDIAL subhead
4314-2,4314,*kōḍḍa,gōrda,explicitly linked numbered CDIAL subhead
4320-2,4320,*gōll,*gōl,explicitly linked numbered CDIAL subhead
4321-2,4321,*gōḍa,gōla,explicitly linked numbered CDIAL subhead
4333-2,4333,*gōśakara,gōśakr̩t,explicitly linked numbered CDIAL subhead
4335-2,4335,aka,*gōśrayaṇa,explicitly linked numbered CDIAL subhead
4336-2,4336,*gōstʰa,gōṣṭʰá,explicitly linked numbered CDIAL subhead
4338-2,4338,gōstʰāna,gōṣṭʰā́na,explicitly linked numbered CDIAL subhead
434-2,434,*aparīya,ápara,explicitly linked numbered CDIAL subhead
434-3,434,áparam,ápara,explicitly linked numbered CDIAL subhead
4344-2,4344,gauḍika,gauḍa,explicitly linked numbered CDIAL subhead
4346-2,4346,*gārava,gauravá,explicitly linked numbered CDIAL subhead
4375-2,4375,grā- māntīya,grāmāntá,explicitly linked numbered CDIAL subhead
4376-2,4376,*grāmārdʰin,*grāmārdʰa,explicitly linked numbered CDIAL subhead
4391-2,4391,*grīṣman,grīṣmá,explicitly linked numbered CDIAL subhead
440-2,440,aparāddʰa,áparādʰyati,explicitly linked numbered CDIAL subhead
4406-2,4406,gʰaṭī,gʰaṭa,explicitly linked numbered CDIAL subhead
4411-2,4411,*gʰāṭā,gʰaṭā,explicitly linked numbered CDIAL subhead
4411-3,4411,*gʰaṭṭa,gʰaṭā,explicitly linked numbered CDIAL subhead
4417-2,4417,*gʰōṭṭ,gʰaṭṭáyati,explicitly linked numbered CDIAL subhead
4427-2,4427,*gʰabbʰaḍa,*gʰabbʰara,explicitly linked numbered CDIAL subhead
4450-2,4450,*gʰr̩ṣati,gʰárṣati,explicitly linked numbered CDIAL subhead
4450-3,4450,gʰr̩ṣyatẽ,gʰárṣati,explicitly linked numbered CDIAL subhead
4454-2,4454,*gʰalita,*gʰalati,explicitly linked numbered CDIAL subhead
4454-3,4454,*gʰalana,*gʰalati,explicitly linked numbered CDIAL subhead
4459-2,4459,*gʰaṭṭā,gʰāṭā,explicitly linked numbered CDIAL subhead
4468-2,4468,*gʰāla,gʰāra,explicitly linked numbered CDIAL subhead
4469-2,4469,*gʰālayati,gʰārayati,explicitly linked numbered CDIAL subhead
447-2,447,*apalāyayati,*apalīyatē,explicitly linked numbered CDIAL subhead
4470-2,4470,*gʰārita,*gʰārayati,explicitly linked numbered CDIAL subhead
4472-2,4472,*gʰiñca,*gʰicca,explicitly linked numbered CDIAL subhead
4472-3,4472,*gʰēñcu,*gʰicca,explicitly linked numbered CDIAL subhead
4474-2,4474,*gʰēr,*gʰir,explicitly linked numbered CDIAL subhead
4477-2,4477,*gʰiŋgʰira,*gʰuŋgʰura,explicitly linked numbered CDIAL subhead
4479-2,4479,gʰuṇṭa,gʰuṭa,explicitly linked numbered CDIAL subhead
4479-3,4479,*gʰuṭṭa,gʰuṭa,explicitly linked numbered CDIAL subhead
4479-4,4479,*gʰōṭṭa,gʰuṭa,explicitly linked numbered CDIAL subhead
4484-2,4484,*gʰumbapaṭṭa,*gʰumba,explicitly linked numbered CDIAL subhead
4485-2,4485,*gʰumati,*gʰummati,explicitly linked numbered CDIAL subhead
4487-2,4487,*gʰōrati,gʰúrati,explicitly linked numbered CDIAL subhead
4514-2,4514,*gʰōggʰa,gʰōŋgʰa,explicitly linked numbered CDIAL subhead
4514-3,4514,*gōgga,gʰōŋgʰa,explicitly linked numbered CDIAL subhead
452-2,452,apavr̩tti,ápavartatē,explicitly linked numbered CDIAL subhead
4535-2,4535,*cakyati,cákati,explicitly linked numbered CDIAL subhead
4535-3,4535,*cākayati,cákati,explicitly linked numbered CDIAL subhead
4536-2,4536,*cakkōra,cákōra,explicitly linked numbered CDIAL subhead
4536-3,4536,*caŋkōra,cákōra,explicitly linked numbered CDIAL subhead
454-2,454,apavr̩tta- 'reversed',ápavartayati,explicitly linked numbered CDIAL subhead
4569-2,4569,*cuñca-,cañcu,explicitly linked numbered CDIAL subhead
4569-3,4569,*cōñca,cañcu,explicitly linked numbered CDIAL subhead
4569-4,4569,*cucca-,cañcu,explicitly linked numbered CDIAL subhead
4571-2,4571,*ciṭaka,caṭaka,explicitly linked numbered CDIAL subhead
4578-2,4578,*caḍʰyati,*caḍʰati,explicitly linked numbered CDIAL subhead
4578-3,4578,*cāḍʰayati,*caḍʰati,explicitly linked numbered CDIAL subhead
4578-4,4578,*cāḍʰa,*caḍʰati,explicitly linked numbered CDIAL subhead
4598-2,4598,caturaśra,cáturaśri,explicitly linked numbered CDIAL subhead
4605-2,4605,*catrudaśa,cáturdaśa,explicitly linked numbered CDIAL subhead
4606-2,4606,cāturdaśa,caturdaśá,explicitly linked numbered CDIAL subhead
4611-2,4611,*caturduvāra,caturdvāra,explicitly linked numbered CDIAL subhead
462-2,462,ávavyayati,ápavyayati,explicitly linked numbered CDIAL subhead
463-2,463,*apaśrāpaṇa,*apaśrāpayati,explicitly linked numbered CDIAL subhead
4635-2,4635,*catuṣkuṇṭa,*catuṣkʰuṇṭa,explicitly linked numbered CDIAL subhead
4640-2,4640,catuṣpattrī,*catuṣpattra,explicitly linked numbered CDIAL subhead
4646-2,4646,catuṣpādikā,cátuṣpāda,explicitly linked numbered CDIAL subhead
4655-2,4655,catvā́ri,catvā́raḣ,explicitly linked numbered CDIAL subhead
4655-3,4655,catúraḣ,catvā́raḣ,explicitly linked numbered CDIAL subhead
467-2,467,avaskara,apaskara,explicitly linked numbered CDIAL subhead
4673-2,4673,capaṭa,capēṭa,explicitly linked numbered CDIAL subhead
4673-3,4673,*cappēṭa,capēṭa,explicitly linked numbered CDIAL subhead
4673-4,4673,*cappēṭṭa,capēṭa,explicitly linked numbered CDIAL subhead
4674-2,4674,*camp,*capp,explicitly linked numbered CDIAL subhead
4674-3,4674,*cipp,*capp,explicitly linked numbered CDIAL subhead
4676-2,4676,*cammakka,*camakka,explicitly linked numbered CDIAL subhead
4681-2,4681,*cāya,cáya,explicitly linked numbered CDIAL subhead
4696-2,4696,carpaṭa,*carpa,explicitly linked numbered CDIAL subhead
4696-3,4696,*carpaṭṭa,*carpa,explicitly linked numbered CDIAL subhead
4712-2,4712,*carṣa,*carṣati,explicitly linked numbered CDIAL subhead
4712-3,4712,*carṣaṇa,*carṣati,explicitly linked numbered CDIAL subhead
4724-2,4724,*cāvayati,*cavati,explicitly linked numbered CDIAL subhead
4726-2,4726,cavya,cavī,explicitly linked numbered CDIAL subhead
4741-2,4741,cāturtʰika,cāturtʰaka,explicitly linked numbered CDIAL subhead
4753-2,4753,cāpayati,cāyayati,explicitly linked numbered CDIAL subhead
4784-2,4784,*cakʰalla,cikʰalla,explicitly linked numbered CDIAL subhead
4784-3,4784,*cikkʰalla,cikʰalla,explicitly linked numbered CDIAL subhead
4785-2,4785,*cēŋga,*ciŋga,explicitly linked numbered CDIAL subhead
4786-2,4786,*ciŋ- gaṭṭa,ciŋgaṭa,explicitly linked numbered CDIAL subhead
4789-2,4789,*cēñc,*cicc,explicitly linked numbered CDIAL subhead
4792-2,4792,ciñciṇī,ciñcā,explicitly linked numbered CDIAL subhead
4792-3,4792,cintiḍī,ciñcā,explicitly linked numbered CDIAL subhead
4794-2,4794,*ciḍʰ,*ciḍ,explicitly linked numbered CDIAL subhead
4794-3,4794,*cēḍ,*ciḍ,explicitly linked numbered CDIAL subhead
4794-4,4794,*cʰēḍ,*ciḍ,explicitly linked numbered CDIAL subhead
4814-2,4814,*cinvati,cinṓti,explicitly linked numbered CDIAL subhead
4818-2,4818,*cippiṭa,cipiṭá,explicitly linked numbered CDIAL subhead
4818-3,4818,*cimpaṭa,cipiṭá,explicitly linked numbered CDIAL subhead
4818-4,4818,*cippiṭṭa,cipiṭá,explicitly linked numbered CDIAL subhead
4820-2,4820,cʰúbuka,cibuka,explicitly linked numbered CDIAL subhead
4826-2,4826,cirbʰiṭa,cirbʰaṭa,explicitly linked numbered CDIAL subhead
4826-3,4826,*jibbʰuṭa,cirbʰaṭa,explicitly linked numbered CDIAL subhead
4837-2,4837,*cīdā,cīḍā,explicitly linked numbered CDIAL subhead
4837-3,4837,*cillā,cīḍā,explicitly linked numbered CDIAL subhead
4842-2,4842,cinna,cīna,explicitly linked numbered CDIAL subhead
4854-2,4854,*cuñca,*cucca,explicitly linked numbered CDIAL subhead
4855-2,4855,*cucci,*cuccu,explicitly linked numbered CDIAL subhead
4857-2,4857,*cuṭṭ,cuṭáti,explicitly linked numbered CDIAL subhead
4857-3,4857,cúṇṭati,cuṭáti,explicitly linked numbered CDIAL subhead
4857-4,4857,cōṭáyati,cuṭáti,explicitly linked numbered CDIAL subhead
4857-5,4857,*cōṭṭ,cuṭáti,explicitly linked numbered CDIAL subhead
4857-6,4857,cuṇṭʰáyati,cuṭáti,explicitly linked numbered CDIAL subhead
4857-7,4857,*cōttʰ,cuṭáti,explicitly linked numbered CDIAL subhead
4860-2,4860,*cuḍḍa,*cutta,explicitly linked numbered CDIAL subhead
4860-3,4860,*cuḍa,*cutta,explicitly linked numbered CDIAL subhead
4860-4,4860,*cukka,*cutta,explicitly linked numbered CDIAL subhead
4863-2,4863,*cōpp,*cupp,explicitly linked numbered CDIAL subhead
4863-3,4863,*cump,*cupp,explicitly linked numbered CDIAL subhead
4866-2,4866,*cōbb,*cubb,explicitly linked numbered CDIAL subhead
4866-3,4866,*cōmb,*cubb,explicitly linked numbered CDIAL subhead
4873-2,4873,*carī,curī,explicitly linked numbered CDIAL subhead
4874-2,4874,*cil,*cul,explicitly linked numbered CDIAL subhead
4874-3,4874,*cōl,*cul,explicitly linked numbered CDIAL subhead
4875-2,4875,calu,culu,explicitly linked numbered CDIAL subhead
4883-2,4883,*cōṇḍa,cū́ḍa,explicitly linked numbered CDIAL subhead
4883-3,4883,*cōṭṭa,cū́ḍa,explicitly linked numbered CDIAL subhead
4883-4,4883,*cunda,cū́ḍa,explicitly linked numbered CDIAL subhead
4888-2,4888,*cūrayati,*cūra,explicitly linked numbered CDIAL subhead
4888-3,4888,*cūraṇa,*cūra,explicitly linked numbered CDIAL subhead
489-2,489,supuṇya,apuṇya,explicitly linked numbered CDIAL subhead
4894-2,4894,cūrṇita,cūrṇayati,explicitly linked numbered CDIAL subhead
4898-2,4898,*cūṣyati,cū́ṣati,explicitly linked numbered CDIAL subhead
4898-3,4898,*cūṣṭa,cū́ṣati,explicitly linked numbered CDIAL subhead
491-2,491,pūpa,apūpá,explicitly linked numbered CDIAL subhead
491-3,491,pūpalā,apūpá,explicitly linked numbered CDIAL subhead
4925-2,4925,cōṭa,*cōṇṭa,explicitly linked numbered CDIAL subhead
4925-3,4925,*ṭōñca,*cōṇṭa,explicitly linked numbered CDIAL subhead
4925-4,4925,*ṭōcca,*cōṇṭa,explicitly linked numbered CDIAL subhead
4931-2,4931,cōrī́,cōrá,explicitly linked numbered CDIAL subhead
4938-2,4938,*cauriya,caurya,explicitly linked numbered CDIAL subhead
4948-2,4948,*cyutati,cyṓtati,explicitly linked numbered CDIAL subhead
4963-2,4963,*cʰagalla,cʰagalá,explicitly linked numbered CDIAL subhead
4963-3,4963,*cʰagara,cʰagalá,explicitly linked numbered CDIAL subhead
4963-4,4963,*cʰaggala,cʰagalá,explicitly linked numbered CDIAL subhead
4965-2,4965,*cʰāṭ,*cʰaṭ,explicitly linked numbered CDIAL subhead
4966-2,4966,*cʰaṭṭa,*cʰaṭa,explicitly linked numbered CDIAL subhead
4966-3,4966,*cʰiṭṭa,*cʰaṭa,explicitly linked numbered CDIAL subhead
497-2,497,apēta,ápaiti,explicitly linked numbered CDIAL subhead
4974-2,4974,saptaparṇa,cʰattraparṇa,explicitly linked numbered CDIAL subhead
4984-2,4984,*cʰanda,*cʰandati,explicitly linked numbered CDIAL subhead
4984-3,4984,*cʰandana,*cʰandati,explicitly linked numbered CDIAL subhead
4994-2,4994,*cʰipp,*cʰapp,explicitly linked numbered CDIAL subhead
4998-2,4998,*cʰr̩ndati,cʰárdati,explicitly linked numbered CDIAL subhead
500-2,500,*appā,*appa,explicitly linked numbered CDIAL subhead
5002-2,5002,*cʰalakka,*cʰala,explicitly linked numbered CDIAL subhead
5002-3,5002,*cʰalla,*cʰala,explicitly linked numbered CDIAL subhead
5002-4,5002,*cʰallakka,*cʰala,explicitly linked numbered CDIAL subhead
501-2,501,ā́pya,ápya,explicitly linked numbered CDIAL subhead
5012-2,5012,*cʰāśī,*cʰāccʰī,explicitly linked numbered CDIAL subhead
5023-2,5023,*cʰādiya,cʰādya,explicitly linked numbered CDIAL subhead
5035-2,5035,*cʰiṭṭ,*cʰiṭ,explicitly linked numbered CDIAL subhead
5035-3,5035,*cʰiṇṭ,*cʰiṭ,explicitly linked numbered CDIAL subhead
5058-2,5058,*cʰōpp,*cʰupp,explicitly linked numbered CDIAL subhead
5060-2,5060,cʰōrayati,cʰurayati,explicitly linked numbered CDIAL subhead
5062-2,5062,*cʰēl,*cʰēḍ,explicitly linked numbered CDIAL subhead
5065-2,5065,*ḍēhmu,*cʰēdacihnaka,explicitly linked numbered CDIAL subhead
5069-2,5069,*cʰōkka,*cʰōka,explicitly linked numbered CDIAL subhead
5070-2,5070,*cʰōkʰara,*cʰōkara,explicitly linked numbered CDIAL subhead
5070-3,5070,*cʰōkkara,*cʰōkara,explicitly linked numbered CDIAL subhead
5075-2,5075,*jagga,*jakka,explicitly linked numbered CDIAL subhead
5078-2,5078,jágatī,jágat,explicitly linked numbered CDIAL subhead
5086-2,5086,*jaṭṭa-,jáṭā,explicitly linked numbered CDIAL subhead
5086-3,5086,*jāṭā,jáṭā,explicitly linked numbered CDIAL subhead
5090-2,5090,*jaḍḍa,jaḍa,explicitly linked numbered CDIAL subhead
5090-3,5090,jáḍʰu,jaḍa,explicitly linked numbered CDIAL subhead
5090-4,5090,*jūḍa,jaḍa,explicitly linked numbered CDIAL subhead
5091-2,5091,*jāḍa,*jaḍati,explicitly linked numbered CDIAL subhead
5095-2,5095,*jatra,*jatta,explicitly linked numbered CDIAL subhead
5095-3,5095,*jacca,*jatta,explicitly linked numbered CDIAL subhead
509a-2,509a,*abʰikr̩ta,abʰíkarōti,explicitly linked numbered CDIAL subhead
5105-2,5105,*jantra,janítra,explicitly linked numbered CDIAL subhead
5110-2,5110,*jantī,jantú,explicitly linked numbered CDIAL subhead
5128-2,5128,jambāla,jamba,explicitly linked numbered CDIAL subhead
5136-2,5136,*jambūna,jambula,explicitly linked numbered CDIAL subhead
5136-3,5136,*jamburulla,jambula,explicitly linked numbered CDIAL subhead
5145-2,5145,*jaratʰa,jára,explicitly linked numbered CDIAL subhead
5161-2,5161,jalaukā,jalūkā,explicitly linked numbered CDIAL subhead
5161-3,5161,*jōkkā,jalūkā,explicitly linked numbered CDIAL subhead
5161-4,5161,*jōŋkā,jalūkā,explicitly linked numbered CDIAL subhead
5167-2,5167,*javacāla,*javacāra,explicitly linked numbered CDIAL subhead
5172-2,5172,jāhaka,jáhakā,explicitly linked numbered CDIAL subhead
5178-2,5178,jāŋgʰika,*jāŋgʰa,explicitly linked numbered CDIAL subhead
5190-2,5190,*jātiya,jā́tya,explicitly linked numbered CDIAL subhead
5198-2,5198,*jāmātra,jā́mātr̩,explicitly linked numbered CDIAL subhead
5227-2,5227,jīvā,jiyā́,explicitly linked numbered CDIAL subhead
5228-2,5228,juhū́,jihvā́,explicitly linked numbered CDIAL subhead
5247-2,5247,*jīvāla,jīvalá,explicitly linked numbered CDIAL subhead
5254-2,5254,*cuŋgʰa,*juŋgʰa,explicitly linked numbered CDIAL subhead
5258-2,5258,*juṇṭa,jūṭa,explicitly linked numbered CDIAL subhead
526-2,526,*abʰimlāpayati,*abʰimlāyati,explicitly linked numbered CDIAL subhead
5267-2,5267,*jimati,jḗmati,explicitly linked numbered CDIAL subhead
5267-3,5267,*jimyati,jḗmati,explicitly linked numbered CDIAL subhead
527-2,527,*abʰiyavaharaṇa,*abʰiyávaharati,explicitly linked numbered CDIAL subhead
527-3,527,*abʰiyavahāra,*abʰiyávaharati,explicitly linked numbered CDIAL subhead
5273-2,5273,jñapti,jñaptá,explicitly linked numbered CDIAL subhead
529-2,529,*abʰilāyayati,abʰilīyatē,explicitly linked numbered CDIAL subhead
5301-2,5301,*yōtsnā,jyṓtsnā,explicitly linked numbered CDIAL subhead
5312-2,5312,*juvāla,jvālá,explicitly linked numbered CDIAL subhead
5316-2,5316,*jʰakkōl,*jʰakk,explicitly linked numbered CDIAL subhead
5318-2,5318,*jʰaŋk,*jʰakk,explicitly linked numbered CDIAL subhead
5318-3,5318,*jʰagg,*jʰakk,explicitly linked numbered CDIAL subhead
5321-2,5321,*jʰaggaḍ,*jʰagaḍ,explicitly linked numbered CDIAL subhead
5321-3,5321,*jʰaggaṭṭ,*jʰagaḍ,explicitly linked numbered CDIAL subhead
5322-2,5322,*jʰakkā,*jʰaggā,explicitly linked numbered CDIAL subhead
5323-2,5323,*jʰaŋkʰ,*jʰaŋk,explicitly linked numbered CDIAL subhead
5323-3,5323,*jʰakk,*jʰaŋk,explicitly linked numbered CDIAL subhead
5327-2,5327,*jʰaṭṭ,*jʰaṭ,explicitly linked numbered CDIAL subhead
5327-3,5327,*jʰaṇṭ,*jʰaṭ,explicitly linked numbered CDIAL subhead
5327-4,5327,*jʰiṭṭ,*jʰaṭ,explicitly linked numbered CDIAL subhead
5328-2,5328,*jʰāṭayati,*jʰaṭati,explicitly linked numbered CDIAL subhead
5334-2,5334,*jʰāṭṭʰa,*jʰaṇṭa,explicitly linked numbered CDIAL subhead
5334-3,5334,*jʰiṇṭa,*jʰaṇṭa,explicitly linked numbered CDIAL subhead
5336-2,5336,*jʰamp,*jʰapp,explicitly linked numbered CDIAL subhead
5337-2,5337,*jʰamp,*jʰapp,explicitly linked numbered CDIAL subhead
5351-2,5351,*jʰall,*jʰal,explicitly linked numbered CDIAL subhead
5352-2,5352,*jʰall,*jʰal,explicitly linked numbered CDIAL subhead
5360-2,5360,*jʰass,*jʰas,explicitly linked numbered CDIAL subhead
5362-2,5362,*jʰāṭṭa,jʰāṭa,explicitly linked numbered CDIAL subhead
5362-3,5362,*jʰāṇṭa,jʰāṭa,explicitly linked numbered CDIAL subhead
5362-4,5362,*jʰiṭṭa,jʰāṭa,explicitly linked numbered CDIAL subhead
5366-2,5366,jʰāmaka,*jʰāma,explicitly linked numbered CDIAL subhead
5370-2,5370,*jʰāmara-,*jʰāmala,explicitly linked numbered CDIAL subhead
5371-2,5371,*jʰāpayati,*jʰāyati,explicitly linked numbered CDIAL subhead
538-2,538,abʰīpsita,abʰīpsati,explicitly linked numbered CDIAL subhead
5384-2,5384,*jʰiŋk,*jʰikk,explicitly linked numbered CDIAL subhead
5399-2,5399,*jʰuŋkati,*jʰukkati,explicitly linked numbered CDIAL subhead
540-2,540,*abʰugna,abʰukta,explicitly linked numbered CDIAL subhead
5400-2,5400,jʰōḍa,jʰuṇṭa,explicitly linked numbered CDIAL subhead
5400-3,5400,*jʰūṭa,jʰuṇṭa,explicitly linked numbered CDIAL subhead
5400-4,5400,*jʰōṭṭa,jʰuṇṭa,explicitly linked numbered CDIAL subhead
5401-2,5401,*jʰōṇṭa,*jʰuṇṭa,explicitly linked numbered CDIAL subhead
5401-3,5401,*jʰuṭṭa,*jʰuṇṭa,explicitly linked numbered CDIAL subhead
5401-4,5401,*jʰūṭa,*jʰuṇṭa,explicitly linked numbered CDIAL subhead
5401-5,5401,*jʰōṭṭa,*jʰuṇṭa,explicitly linked numbered CDIAL subhead
5402-2,5402,*jʰutta,*jʰuṇḍra,explicitly linked numbered CDIAL subhead
5403-2,5403,*jʰumpa,*jʰuppa,explicitly linked numbered CDIAL subhead
5403-3,5403,*jʰōppa,*jʰuppa,explicitly linked numbered CDIAL subhead
5403-4,5403,*jʰōmpa,*jʰuppa,explicitly linked numbered CDIAL subhead
5404-2,5404,*jʰubba,*jʰuppa,explicitly linked numbered CDIAL subhead
5404-3,5404,*jʰumma,*jʰuppa,explicitly linked numbered CDIAL subhead
5415-2,5415,*jʰōlla,*jʰōla,explicitly linked numbered CDIAL subhead
5420-2,5420,*ṭikk,*ṭakk,explicitly linked numbered CDIAL subhead
5420-3,5420,*ṭēkk,*ṭakk,explicitly linked numbered CDIAL subhead
5422-2,5422,*ṭʰakka,*ṭakka,explicitly linked numbered CDIAL subhead
5423-10,5423,*ḍagga,*ṭakka,explicitly linked numbered CDIAL subhead
5423-11,5423,*ḍaŋga,*ṭakka,explicitly linked numbered CDIAL subhead
5423-12,5423,*ḍuŋga,*ṭakka,explicitly linked numbered CDIAL subhead
5423-13,5423,*ḍōŋga,*ṭakka,explicitly linked numbered CDIAL subhead
5423-14,5423,tuŋga,*ṭakka,explicitly linked numbered CDIAL subhead
5423-15,5423,*tʰuŋga,*ṭakka,explicitly linked numbered CDIAL subhead
5423-16,5423,*daŋga,*ṭakka,explicitly linked numbered CDIAL subhead
5423-2,5423,*ṭaŋga,*ṭakka,explicitly linked numbered CDIAL subhead
5423-3,5423,*ṭikka,*ṭakka,explicitly linked numbered CDIAL subhead
5423-4,5423,*ṭiŋga,*ṭakka,explicitly linked numbered CDIAL subhead
5423-5,5423,*ṭēkka,*ṭakka,explicitly linked numbered CDIAL subhead
5423-6,5423,*ṭēŋga,*ṭakka,explicitly linked numbered CDIAL subhead
5423-7,5423,*ṭuŋka,*ṭakka,explicitly linked numbered CDIAL subhead
5423-8,5423,*ṭuŋga,*ṭakka,explicitly linked numbered CDIAL subhead
5423-9,5423,*ḍakka,*ṭakka,explicitly linked numbered CDIAL subhead
5426-2,5426,ṭaŋga,ṭaŋka,explicitly linked numbered CDIAL subhead
5426-3,5426,*ṭakka,ṭaŋka,explicitly linked numbered CDIAL subhead
5427-2,5427,ṭaŋga,ṭaŋka,explicitly linked numbered CDIAL subhead
5428-2,5428,ṭaŋga,ṭaŋka,explicitly linked numbered CDIAL subhead
5429-2,5429,*taŋka,ṭaŋka,explicitly linked numbered CDIAL subhead
5432-2,5432,*ṭañcati,ṭáŋkati,explicitly linked numbered CDIAL subhead
5437-2,5437,ṭagara,ṭaŋgaṇa,explicitly linked numbered CDIAL subhead
5439-2,5439,*taṭṭa-,*ṭaṭṭa,explicitly linked numbered CDIAL subhead
5443-2,5443,*ṭān,*ṭan,explicitly linked numbered CDIAL subhead
5443-3,5443,*ṭʰān,*ṭan,explicitly linked numbered CDIAL subhead
5444-2,5444,*ṭipp-,*ṭapp,explicitly linked numbered CDIAL subhead
5444-3,5444,*ṭēpp,*ṭapp,explicitly linked numbered CDIAL subhead
5444-4,5444,*ṭupp,*ṭapp,explicitly linked numbered CDIAL subhead
5444-5,5444,*ṭōpp,*ṭapp,explicitly linked numbered CDIAL subhead
5444-6,5444,*ṭʰipp,*ṭapp,explicitly linked numbered CDIAL subhead
5444-7,5444,*tapp,*ṭapp,explicitly linked numbered CDIAL subhead
5445-2,5445,*trappa,*ṭappa,explicitly linked numbered CDIAL subhead
5446-2,5446,*ṭippa-,*ṭappa,explicitly linked numbered CDIAL subhead
5446-3,5446,*ṭēppa-,*ṭappa,explicitly linked numbered CDIAL subhead
5446-4,5446,*ṭibba,*ṭappa,explicitly linked numbered CDIAL subhead
5446-5,5446,*ṭimba,*ṭappa,explicitly linked numbered CDIAL subhead
5446-6,5446,*ṭēmba,*ṭappa,explicitly linked numbered CDIAL subhead
5446-7,5446,*ṭumba-,*ṭappa,explicitly linked numbered CDIAL subhead
5447-2,5447,*ṭārayati,*ṭarati,explicitly linked numbered CDIAL subhead
5450-2,5450,ṭālayati,ṭálati,explicitly linked numbered CDIAL subhead
5451-2,5451,*ṭilla,*ṭalla,explicitly linked numbered CDIAL subhead
5457-2,5457,*ṭāyara,ṭāra,explicitly linked numbered CDIAL subhead
546-2,546,*abʰíyāsayati,abʰyàsyati,explicitly linked numbered CDIAL subhead
5465-2,5465,*ṭippa,*ṭippati,explicitly linked numbered CDIAL subhead
5465-3,5465,ṭippaṇa,*ṭippati,explicitly linked numbered CDIAL subhead
5466-2,5466,*ṭukka,*ṭukk,explicitly linked numbered CDIAL subhead
5467-2,5467,*ṭuŋga-,*ṭugga,explicitly linked numbered CDIAL subhead
5467-3,5467,*ṭōŋga-,*ṭugga,explicitly linked numbered CDIAL subhead
5468-2,5468,*ṭōṭṭa-,*ṭuṇṭa,explicitly linked numbered CDIAL subhead
5468-3,5468,*ṭōṇta-,*ṭuṇṭa,explicitly linked numbered CDIAL subhead
5468-4,5468,*ṭuḍḍa,*ṭuṇṭa,explicitly linked numbered CDIAL subhead
5468-5,5468,*ṭuṇḍa-,*ṭuṇṭa,explicitly linked numbered CDIAL subhead
5468-6,5468,*ṭunna,*ṭuṇṭa,explicitly linked numbered CDIAL subhead
5468-7,5468,*tōṭṭa-,*ṭuṇṭa,explicitly linked numbered CDIAL subhead
547-2,547,*abʰiyāśa,abʰyāśa,explicitly linked numbered CDIAL subhead
5474-2,5474,*ḍēra-,ṭēraka,explicitly linked numbered CDIAL subhead
5474-3,5474,*ḍʰēra-,ṭēraka,explicitly linked numbered CDIAL subhead
5476-2,5476,*ṭōkka-,*ṭōkk,explicitly linked numbered CDIAL subhead
5476-3,5476,*ṭōkkarā,*ṭōkk,explicitly linked numbered CDIAL subhead
5477-2,5477,*ṭʰōkka,*ṭōkka,explicitly linked numbered CDIAL subhead
5478-2,5478,ṭōŋga-,*ṭōŋka,explicitly linked numbered CDIAL subhead
5478-3,5478,*ṭʰōŋga,*ṭōŋka,explicitly linked numbered CDIAL subhead
5479-2,5479,*ṭōṇṭa,*ṭōṭṭa,explicitly linked numbered CDIAL subhead
5479-3,5479,ḍuḍḍa-,*ṭōṭṭa,explicitly linked numbered CDIAL subhead
5483-2,5483,*ṭōlla,*ṭōla,explicitly linked numbered CDIAL subhead
5483-3,5483,*tōla,*ṭōla,explicitly linked numbered CDIAL subhead
5489-2,5489,*ṭʰakk,*ṭʰagg,explicitly linked numbered CDIAL subhead
5489-3,5489,*ṭʰaŋg,*ṭʰagg,explicitly linked numbered CDIAL subhead
549-2,549,abʰríya,abʰrá,explicitly linked numbered CDIAL subhead
5493-2,5493,*ṭʰaṭṭʰakara,*ṭʰaṭṭʰakāra,explicitly linked numbered CDIAL subhead
5500-2,5500,*ṭʰēŋga,*ṭʰiŋga,explicitly linked numbered CDIAL subhead
5501-2,5501,*ṭʰēŋga,*ṭʰiŋga,explicitly linked numbered CDIAL subhead
5502-2,5502,*ṭʰēṭṭʰa,*ṭʰiṭṭʰa,explicitly linked numbered CDIAL subhead
5502-3,5502,*ṭʰēṇṭʰa,*ṭʰiṭṭʰa,explicitly linked numbered CDIAL subhead
5502-4,5502,*tʰiṭṭʰa,*ṭʰiṭṭʰa,explicitly linked numbered CDIAL subhead
5502-5,5502,*tʰēṭṭʰa,*ṭʰiṭṭʰa,explicitly linked numbered CDIAL subhead
5502-6,5502,*tʰēṇṭʰa,*ṭʰiṭṭʰa,explicitly linked numbered CDIAL subhead
5505-2,5505,*ṭʰuŋga,*ṭʰugga,explicitly linked numbered CDIAL subhead
5506-2,5506,*ṭʰuṇṭʰa,*ṭʰuṭṭʰa,explicitly linked numbered CDIAL subhead
5506-3,5506,*ṭʰōṭṭʰa,*ṭʰuṭṭʰa,explicitly linked numbered CDIAL subhead
5506-4,5506,*ṭʰōṇṭʰa-,*ṭʰuṭṭʰa,explicitly linked numbered CDIAL subhead
5511-2,5511,*tʰēcc,*ṭʰēcc,explicitly linked numbered CDIAL subhead
5511-3,5511,*ṭʰēss,*ṭʰēcc,explicitly linked numbered CDIAL subhead
5511-4,5511,*ṭʰōss,*ṭʰēcc,explicitly linked numbered CDIAL subhead
5512-2,5512,*ṭʰēll,*ṭʰēḍḍ,explicitly linked numbered CDIAL subhead
5512-3,5512,*ṭēll,*ṭʰēḍḍ,explicitly linked numbered CDIAL subhead
5513-2,5513,*ṭʰōkka,*ṭʰōkk,explicitly linked numbered CDIAL subhead
5513-3,5513,*ṭʰōkkarā,*ṭʰōkk,explicitly linked numbered CDIAL subhead
5514-2,5514,*ṭʰōmba,*ṭʰōbba,explicitly linked numbered CDIAL subhead
5517-2,5517,*ḍaŋk,*ḍakk,explicitly linked numbered CDIAL subhead
5517-3,5517,*ḍaŋkʰ,*ḍakk,explicitly linked numbered CDIAL subhead
5517-4,5517,*daŋk,*ḍakk,explicitly linked numbered CDIAL subhead
5520-2,5520,*ḍaŋga,ḍakka,explicitly linked numbered CDIAL subhead
5521-2,5521,*ḍʰakkāra,*ḍakkāra,explicitly linked numbered CDIAL subhead
5522-2,5522,*ḍak,*ḍag,explicitly linked numbered CDIAL subhead
5522-3,5522,*ḍig,*ḍag,explicitly linked numbered CDIAL subhead
5522-4,5522,*dag,*ḍag,explicitly linked numbered CDIAL subhead
5522-5,5522,*dig,*ḍag,explicitly linked numbered CDIAL subhead
5523-2,5523,*ḍig,*ḍag,explicitly linked numbered CDIAL subhead
5523-3,5523,*dag,*ḍag,explicitly linked numbered CDIAL subhead
5524-10,5524,*ḍʰiŋka,*ḍagga,explicitly linked numbered CDIAL subhead
5524-11,5524,*dʰaŋga,*ḍagga,explicitly linked numbered CDIAL subhead
5524-12,5524,*dʰiŋga,*ḍagga,explicitly linked numbered CDIAL subhead
5524-2,5524,*ḍaŋga,*ḍagga,explicitly linked numbered CDIAL subhead
5524-3,5524,ḍaŋgara,*ḍagga,explicitly linked numbered CDIAL subhead
5524-4,5524,*ḍikka,*ḍagga,explicitly linked numbered CDIAL subhead
5524-5,5524,*ḍiŋga,*ḍagga,explicitly linked numbered CDIAL subhead
5524-6,5524,ḍiŋgara,*ḍagga,explicitly linked numbered CDIAL subhead
5524-7,5524,*ḍēŋga,*ḍagga,explicitly linked numbered CDIAL subhead
5524-8,5524,*ḍʰagga,*ḍagga,explicitly linked numbered CDIAL subhead
5524-9,5524,*ḍʰaŋkʰa,*ḍagga,explicitly linked numbered CDIAL subhead
5524a-2,5524a,*ḍʰagga-,*ḍagga,explicitly linked numbered CDIAL subhead
5525-2,5525,*ḍakka,*ḍaŋka,explicitly linked numbered CDIAL subhead
5526-2,5526,*daŋgara,*ḍaŋgara,explicitly linked numbered CDIAL subhead
5527-10,5527,*daṇṭʰa,*ḍaṇṭʰa,explicitly linked numbered CDIAL subhead
5527-2,5527,*ḍaṇṭa,*ḍaṇṭʰa,explicitly linked numbered CDIAL subhead
5527-3,5527,*ḍāṇṭa,*ḍaṇṭʰa,explicitly linked numbered CDIAL subhead
5527-4,5527,*ḍaṭṭʰa,*ḍaṇṭʰa,explicitly linked numbered CDIAL subhead
5527-5,5527,*ḍāṭṭʰa,*ḍaṇṭʰa,explicitly linked numbered CDIAL subhead
5527-6,5527,*ḍiṇṭa,*ḍaṇṭʰa,explicitly linked numbered CDIAL subhead
5527-7,5527,*ṭāṇṭa,*ḍaṇṭʰa,explicitly linked numbered CDIAL subhead
5527-8,5527,*ṭāṇṭʰa,*ḍaṇṭʰa,explicitly linked numbered CDIAL subhead
5527-9,5527,*taṇṭa,*ḍaṇṭʰa,explicitly linked numbered CDIAL subhead
5528-2,5528,*ḍibba,*ḍabba,explicitly linked numbered CDIAL subhead
5528-3,5528,*ḍēbba,*ḍabba,explicitly linked numbered CDIAL subhead
5528-4,5528,*ḍāva,*ḍabba,explicitly linked numbered CDIAL subhead
5528-5,5528,*dabba,*ḍabba,explicitly linked numbered CDIAL subhead
5528-6,5528,*dibba,*ḍabba,explicitly linked numbered CDIAL subhead
5529-2,5529,*dribba,*ḍabba,explicitly linked numbered CDIAL subhead
5529-3,5529,*dʰabba,*ḍabba,explicitly linked numbered CDIAL subhead
5530-2,5530,*dabbara,*ḍabbara,explicitly linked numbered CDIAL subhead
5530-3,5530,*ḍabara,*ḍabbara,explicitly linked numbered CDIAL subhead
5531-2,5531,*ḍambaru,ḍamaru,explicitly linked numbered CDIAL subhead
5536-10,5536,*dilla,*ḍala,explicitly linked numbered CDIAL subhead
5536-11,5536,*ṭēla,*ḍala,explicitly linked numbered CDIAL subhead
5536-2,5536,*ḍalla,*ḍala,explicitly linked numbered CDIAL subhead
5536-3,5536,*ḍilla,*ḍala,explicitly linked numbered CDIAL subhead
5536-4,5536,*ḍēlla,*ḍala,explicitly linked numbered CDIAL subhead
5536-5,5536,*ḍʰalla,*ḍala,explicitly linked numbered CDIAL subhead
5536-6,5536,*ḍʰilla,*ḍala,explicitly linked numbered CDIAL subhead
5536-7,5536,*ḍʰēlla,*ḍala,explicitly linked numbered CDIAL subhead
5536-8,5536,dala,*ḍala,explicitly linked numbered CDIAL subhead
5536-9,5536,*dalla,*ḍala,explicitly linked numbered CDIAL subhead
5537-2,5537,*ḍāla,*ḍalla,explicitly linked numbered CDIAL subhead
5537-3,5537,*dāla,*ḍalla,explicitly linked numbered CDIAL subhead
5538-2,5538,*ḍavalla,*ḍavala,explicitly linked numbered CDIAL subhead
5539-2,5539,*ḍāva,*ḍavva,explicitly linked numbered CDIAL subhead
5539-3,5539,*ḍābba,*ḍavva,explicitly linked numbered CDIAL subhead
5539-4,5539,*ḍivva,*ḍavva,explicitly linked numbered CDIAL subhead
5539-5,5539,*ḍēvva,*ḍavva,explicitly linked numbered CDIAL subhead
5539-6,5539,ḍʰēvva,*ḍavva,explicitly linked numbered CDIAL subhead
5539-7,5539,*dēva,*ḍavva,explicitly linked numbered CDIAL subhead
5539-8,5539,*dēvva,*ḍavva,explicitly linked numbered CDIAL subhead
5541-2,5541,*ḍākka,ḍāka,explicitly linked numbered CDIAL subhead
5542-2,5542,*ḍākkinī,ḍākínī,explicitly linked numbered CDIAL subhead
5542-3,5542,*ḍāŋkinī,ḍākínī,explicitly linked numbered CDIAL subhead
5545-2,5545,*ḍār,*ḍāl,explicitly linked numbered CDIAL subhead
5546-2,5546,*ṭʰāla,ḍāla,explicitly linked numbered CDIAL subhead
5546-3,5546,*ḍāḍʰa,ḍāla,explicitly linked numbered CDIAL subhead
5547-2,5547,*ḍiŋka,*ḍikka,explicitly linked numbered CDIAL subhead
5549-2,5549,*ḍibba,*ḍippa,explicitly linked numbered CDIAL subhead
5551-2,5551,*ḍamba,ḍimba,explicitly linked numbered CDIAL subhead
5553-2,5553,*ḍambʰa,ḍimbʰa,explicitly linked numbered CDIAL subhead
5560-2,5560,*ḍuḍḍa,*ḍuṇṭa,explicitly linked numbered CDIAL subhead
5560-3,5560,*ḍuṇḍa,*ḍuṇṭa,explicitly linked numbered CDIAL subhead
5560-4,5560,*ḍōṭṭa,*ḍuṇṭa,explicitly linked numbered CDIAL subhead
5560-5,5560,*ḍōṇṭa,*ḍuṇṭa,explicitly linked numbered CDIAL subhead
5561-2,5561,*ḍōbb,*ḍubb,explicitly linked numbered CDIAL subhead
5564-2,5564,*dēra,*ḍēra,explicitly linked numbered CDIAL subhead
5566-2,5566,*ḍōkka,*ḍōka,explicitly linked numbered CDIAL subhead
5567-2,5567,*dʰōkka,*ḍōkka,explicitly linked numbered CDIAL subhead
5568-2,5568,*ḍaŋga,*ḍōŋga,explicitly linked numbered CDIAL subhead
5568-3,5568,*ḍiŋga,*ḍōŋga,explicitly linked numbered CDIAL subhead
5568-4,5568,*ḍēŋga,*ḍōŋga,explicitly linked numbered CDIAL subhead
5568-5,5568,*ḍōṇṭa,*ḍōŋga,explicitly linked numbered CDIAL subhead
5573-2,5573,*dōva,*ḍōva,explicitly linked numbered CDIAL subhead
5574-2,5574,*ḍʰaŋk,*ḍʰakk,explicitly linked numbered CDIAL subhead
5579-2,5579,*ḍʰamp,*ḍʰapp,explicitly linked numbered CDIAL subhead
5580-10,5580,ḍʰēmba,*ḍʰappa,explicitly linked numbered CDIAL subhead
5580-11,5580,*ḍʰubba,*ḍʰappa,explicitly linked numbered CDIAL subhead
5580-12,5580,*ḍʰōmpa,*ḍʰappa,explicitly linked numbered CDIAL subhead
5580-2,5580,*ḍʰaba,*ḍʰappa,explicitly linked numbered CDIAL subhead
5580-3,5580,*ḍʰabba,*ḍʰappa,explicitly linked numbered CDIAL subhead
5580-4,5580,*ḍʰippa,*ḍʰappa,explicitly linked numbered CDIAL subhead
5580-5,5580,*ḍʰibba,*ḍʰappa,explicitly linked numbered CDIAL subhead
5580-6,5580,ḍʰēppa,*ḍʰappa,explicitly linked numbered CDIAL subhead
5580-7,5580,*ḍʰēmpa,*ḍʰappa,explicitly linked numbered CDIAL subhead
5580-8,5580,*ḍʰēba,*ḍʰappa,explicitly linked numbered CDIAL subhead
5580-9,5580,*ḍʰēbba,*ḍʰappa,explicitly linked numbered CDIAL subhead
5581-2,5581,*ḍʰālayati,*ḍʰalati,explicitly linked numbered CDIAL subhead
5583-2,5583,*ḍʰāllā,ḍʰāla,explicitly linked numbered CDIAL subhead
5584-2,5584,*ḍʰēŋk,*ḍʰikk,explicitly linked numbered CDIAL subhead
5585-2,5585,*ḍʰigga,*ḍʰikka,explicitly linked numbered CDIAL subhead
5585-3,5585,*ḍʰēkka,*ḍʰikka,explicitly linked numbered CDIAL subhead
5585-4,5585,*ḍʰēgga,*ḍʰikka,explicitly linked numbered CDIAL subhead
5585-5,5585,*ḍʰēŋka,*ḍʰikka,explicitly linked numbered CDIAL subhead
5585-6,5585,*ḍʰēŋga,*ḍʰikka,explicitly linked numbered CDIAL subhead
5585-7,5585,*ḍʰuŋga,*ḍʰikka,explicitly linked numbered CDIAL subhead
5585-8,5585,*dʰōŋga,*ḍʰikka,explicitly linked numbered CDIAL subhead
5588-2,5588,*ḍʰiñca,*ḍʰicca,explicitly linked numbered CDIAL subhead
5589-2,5589,*ḍiḍḍʰa,*ḍʰiḍḍʰa,explicitly linked numbered CDIAL subhead
5589-3,5589,*ḍʰiṇḍʰa,*ḍʰiḍḍʰa,explicitly linked numbered CDIAL subhead
5589-4,5589,*ḍʰēḍḍʰa,*ḍʰiḍḍʰa,explicitly linked numbered CDIAL subhead
5589-5,5589,*ḍʰēṇḍʰa,*ḍʰiḍḍʰa,explicitly linked numbered CDIAL subhead
5589-6,5589,*ḍʰēra,*ḍʰiḍḍʰa,explicitly linked numbered CDIAL subhead
5589-7,5589,*ḍʰaḍḍʰa,*ḍʰiḍḍʰa,explicitly linked numbered CDIAL subhead
5589-8,5589,*dʰaḍḍʰa,*ḍʰiḍḍʰa,explicitly linked numbered CDIAL subhead
5590-2,5590,*ḍʰilla,*ḍʰila,explicitly linked numbered CDIAL subhead
5591-2,5591,*ḍʰēmma,*ḍʰīmma,explicitly linked numbered CDIAL subhead
5591-3,5591,*ḍʰōmma,*ḍʰīmma,explicitly linked numbered CDIAL subhead
5593-2,5593,*ḍʰōlayati,*ḍʰulati,explicitly linked numbered CDIAL subhead
5593-3,5593,*ḍʰulyatē,*ḍʰulati,explicitly linked numbered CDIAL subhead
5594-2,5594,*ḍʰōssa,*ḍʰussa,explicitly linked numbered CDIAL subhead
5595-2,5595,*ḍʰōss,*ḍʰūss,explicitly linked numbered CDIAL subhead
5595-3,5595,*dʰūss,*ḍʰūss,explicitly linked numbered CDIAL subhead
5596-2,5596,*ḍʰēkka,*ḍʰēŋka,explicitly linked numbered CDIAL subhead
5596-3,5596,*ḍʰiŋka,*ḍʰēŋka,explicitly linked numbered CDIAL subhead
5596-4,5596,*ḍʰikka,*ḍʰēŋka,explicitly linked numbered CDIAL subhead
5598-2,5598,*ḍʰēṇḍʰa,*ḍʰēḍḍʰa,explicitly linked numbered CDIAL subhead
5598-3,5598,*ḍʰiṇḍʰa,*ḍʰēḍḍʰa,explicitly linked numbered CDIAL subhead
5598-4,5598,*ḍʰiḍḍʰa,*ḍʰēḍḍʰa,explicitly linked numbered CDIAL subhead
5598-5,5598,*dʰiḍḍʰa,*ḍʰēḍḍʰa,explicitly linked numbered CDIAL subhead
5599-2,5599,*dʰēra,*ḍʰēra,explicitly linked numbered CDIAL subhead
5602-2,5602,*ḍʰēṁsa,*ḍʰēsa,explicitly linked numbered CDIAL subhead
5603-2,5603,*ḍʰōŋka,*ḍʰōkka,explicitly linked numbered CDIAL subhead
5608-2,5608,*ḍʰōlla,ḍʰōla,explicitly linked numbered CDIAL subhead
5611-2,5611,*dʰaukyatē,*ḍʰaukyatē,explicitly linked numbered CDIAL subhead
5633-2,5633,*taḍḍati,*taḍati,explicitly linked numbered CDIAL subhead
5633-3,5633,tāḍayati,*taḍati,explicitly linked numbered CDIAL subhead
5635-2,5635,taḍaga,taḍāga,explicitly linked numbered CDIAL subhead
5641-2,5641,*tattika,*tattaka,explicitly linked numbered CDIAL subhead
565-2,565,amā- vāsíyā,amāvāsyā̀,explicitly linked numbered CDIAL subhead
5652-2,5652,*tanaka,tanikā,explicitly linked numbered CDIAL subhead
5659-2,5659,*tanvati,tanṓti,explicitly linked numbered CDIAL subhead
5670-2,5670,*tapuka,*tapaka,explicitly linked numbered CDIAL subhead
5690-2,5690,*tamira,támāla,explicitly linked numbered CDIAL subhead
5696-2,5696,tari,tará,explicitly linked numbered CDIAL subhead
570-2,570,*amūliya,amūlya,explicitly linked numbered CDIAL subhead
5710-2,5710,tarikā,*tarī,explicitly linked numbered CDIAL subhead
5731-2,5731,*talla,tala,explicitly linked numbered CDIAL subhead
5736-2,5736,*tālayati,*talati,explicitly linked numbered CDIAL subhead
5766-2,5766,*tānuva,tā́nva,explicitly linked numbered CDIAL subhead
5776-2,5776,*tāmbōla,tāmbūlá,explicitly linked numbered CDIAL subhead
5777-2,5777,*tāmbōlika,tāmbūlika,explicitly linked numbered CDIAL subhead
5798-2,5798,tā́rakā,tārā,explicitly linked numbered CDIAL subhead
5798-3,5798,*tārikā,tārā,explicitly linked numbered CDIAL subhead
5798-4,5798,tāraká,tārā,explicitly linked numbered CDIAL subhead
5812-2,5812,*tinna,*tinta,explicitly linked numbered CDIAL subhead
5813-2,5813,tintilīkā,tintiḍī,explicitly linked numbered CDIAL subhead
5813-3,5813,*tittilī,tintiḍī,explicitly linked numbered CDIAL subhead
5813-4,5813,tittirīkā,tintiḍī,explicitly linked numbered CDIAL subhead
5813-5,5813,*tēntulī,tintiḍī,explicitly linked numbered CDIAL subhead
5813-6,5813,*tēntara,tintiḍī,explicitly linked numbered CDIAL subhead
5813-7,5813,*tintiṇī,tintiḍī,explicitly linked numbered CDIAL subhead
5814-2,5814,*tēnduka,tinduka,explicitly linked numbered CDIAL subhead
5819-2,5819,*triyambala,*timbila,explicitly linked numbered CDIAL subhead
5827-2,5827,*tilaka-,tilá,explicitly linked numbered CDIAL subhead
5827-3,5827,*tilla,tilá,explicitly linked numbered CDIAL subhead
5828-2,5828,tílaka,tila,explicitly linked numbered CDIAL subhead
5828-3,5828,*tillaka,tila,explicitly linked numbered CDIAL subhead
5828-4,5828,*ṭillaka,tila,explicitly linked numbered CDIAL subhead
5834-2,5834,*tillikā,*tilikā,explicitly linked numbered CDIAL subhead
5839-2,5839,*trīkṣṇa,tīkṣṇá,explicitly linked numbered CDIAL subhead
5850-2,5850,*tuśya,tuccʰyá,explicitly linked numbered CDIAL subhead
5855-2,5855,*tʰōttʰa,tuttʰá,explicitly linked numbered CDIAL subhead
5855-3,5855,*tūtta,tuttʰá,explicitly linked numbered CDIAL subhead
5855-4,5855,*tōtta-,tuttʰá,explicitly linked numbered CDIAL subhead
5872-2,5872,*timbaru,tumburu,explicitly linked numbered CDIAL subhead
5872-3,5872,*ṭimbaru,tumburu,explicitly linked numbered CDIAL subhead
5872-4,5872,*ṭēmbaru,tumburu,explicitly linked numbered CDIAL subhead
5892-2,5892,*tʰuṣa,túṣa,explicitly linked numbered CDIAL subhead
5892-3,5892,*dʰuṣa,túṣa,explicitly linked numbered CDIAL subhead
5901-2,5901,tūrya,tūra,explicitly linked numbered CDIAL subhead
5901-3,5901,*tūriya,tūra,explicitly linked numbered CDIAL subhead
594-2,594,āra,ará,explicitly linked numbered CDIAL subhead
5949-2,5949,*tīmana,tēmana,explicitly linked numbered CDIAL subhead
595-2,595,áraṁkr̩ta,áraṁkarōti,explicitly linked numbered CDIAL subhead
595-3,595,álaṁkr̩ta,áraṁkarōti,explicitly linked numbered CDIAL subhead
5951-2,5951,*tēmita,*tēmayati,explicitly linked numbered CDIAL subhead
5965-2,5965,*tʰōttʰa-,*tōtta,explicitly linked numbered CDIAL subhead
5965-3,5965,*tʰōntʰa,*tōtta,explicitly linked numbered CDIAL subhead
598-2,598,íriṇa,áraṇa,explicitly linked numbered CDIAL subhead
5990-2,5990,*traḍḍa,*traṭṭa,explicitly linked numbered CDIAL subhead
5994-2,5994,*trāyaḣ,tráyaḣ,explicitly linked numbered CDIAL subhead
5994-3,5994,trī́ṇi,tráyaḣ,explicitly linked numbered CDIAL subhead
5994-4,5994,trīṇā́m,tráyaḣ,explicitly linked numbered CDIAL subhead
6-3x,6,*haṁsa,áṁsa,explicitly linked numbered CDIAL subhead
600-2,600,araṇyaka,áraṇya,explicitly linked numbered CDIAL subhead
600-3,600,iriṇyà,áraṇya,explicitly linked numbered CDIAL subhead
6001-2,6001,*trayēdaśa,tráyōdaśa,explicitly linked numbered CDIAL subhead
6002-2,6002,trayōdaśī,trayōdaśá,explicitly linked numbered CDIAL subhead
6006-2,6006,*tarasati,trásati,explicitly linked numbered CDIAL subhead
6006-3,6006,trásyati,trásati,explicitly linked numbered CDIAL subhead
6006-4,6006,*tarṣati,trásati,explicitly linked numbered CDIAL subhead
6018-2,6018,trisara,*triḣsara,explicitly linked numbered CDIAL subhead
6024-2,6024,*tiḍḍa,*triḍḍa,explicitly linked numbered CDIAL subhead
6027-2,6027,*trē- dʰāra,*tridʰāra,explicitly linked numbered CDIAL subhead
6038-2,6038,*tribʰāgya,*tribʰāgiya,explicitly linked numbered CDIAL subhead
604-2,604,álam,áram,explicitly linked numbered CDIAL subhead
6071-2,6071,*trēḍḍʰa,*trēḍḍa,explicitly linked numbered CDIAL subhead
6091-2,6091,*tʰabb,*tʰapp,explicitly linked numbered CDIAL subhead
6091-3,6091,*tʰipp,*tʰapp,explicitly linked numbered CDIAL subhead
6093-2,6093,*tʰall,*tʰal,explicitly linked numbered CDIAL subhead
6095-2,6095,*tʰāna,*tʰānna,explicitly linked numbered CDIAL subhead
6096-2,6096,*tʰēgga,*tʰigga,explicitly linked numbered CDIAL subhead
6096-3,6096,*tʰiŋga,*tʰigga,explicitly linked numbered CDIAL subhead
6098-2,6098,*tʰuḍḍa,*tʰuḍa,explicitly linked numbered CDIAL subhead
6098-3,6098,*tʰōḍa-,*tʰuḍa,explicitly linked numbered CDIAL subhead
6100-2,6100,*tʰōbba,*tʰubba,explicitly linked numbered CDIAL subhead
6107-2,6107,*ṭʰibba,*tʰēbba,explicitly linked numbered CDIAL subhead
6108-2,6108,*tʰōntʰa-,*tʰōttʰa,explicitly linked numbered CDIAL subhead
6108-3,6108,*tʰantʰa,*tʰōttʰa,explicitly linked numbered CDIAL subhead
6109-2,6109,*tʰōbba,*tʰōba,explicitly linked numbered CDIAL subhead
6117-2,6117,dákṣamāṇa,dákṣatē,explicitly linked numbered CDIAL subhead
6140-2,6140,dāta,dattá,explicitly linked numbered CDIAL subhead
6140-3,6140,*dita,dattá,explicitly linked numbered CDIAL subhead
6140-4,6140,*ditta,dattá,explicitly linked numbered CDIAL subhead
6140-5,6140,*dinna,dattá,explicitly linked numbered CDIAL subhead
6173-2,6173,*ḍabb,*dabb,explicitly linked numbered CDIAL subhead
6173-3,6173,*dappʰ,*dabb,explicitly linked numbered CDIAL subhead
6179-2,6179,damita,damáyati,explicitly linked numbered CDIAL subhead
6188-2,6188,darī,dará,explicitly linked numbered CDIAL subhead
6195-2,6195,*daridr(i)ya,dáridra,explicitly linked numbered CDIAL subhead
6195-3,6195,daridrita,dáridra,explicitly linked numbered CDIAL subhead
6197-2,6197,*dardirati,dárdarti,explicitly linked numbered CDIAL subhead
6197-3,6197,*dardarita,dárdarti,explicitly linked numbered CDIAL subhead
6202-2,6202,darpita,darpáyati,explicitly linked numbered CDIAL subhead
6206-2,6206,darva,dárvi,explicitly linked numbered CDIAL subhead
6223a-2,6223a,davayati,dávati,explicitly linked numbered CDIAL subhead
6254-2,6254,dāḍimba,dāḍima,explicitly linked numbered CDIAL subhead
6254-3,6254,*dāṇḍu,dāḍima,explicitly linked numbered CDIAL subhead
6260-2,6260,*dātrī,dā́tra,explicitly linked numbered CDIAL subhead
6283-2,6283,*dāmana,dā́man,explicitly linked numbered CDIAL subhead
6283-3,6283,*dāmara,dā́man,explicitly linked numbered CDIAL subhead
6293-2,6293,dārikā,dārá,explicitly linked numbered CDIAL subhead
6297-2,6297,*dāridriya,dāridrya,explicitly linked numbered CDIAL subhead
6297-3,6297,*dāridrika,dāridrya,explicitly linked numbered CDIAL subhead
6298-2,6298,dāruka,dā́ru,explicitly linked numbered CDIAL subhead
6302-2,6302,*dārdʰiya,dā́rḍʰya,explicitly linked numbered CDIAL subhead
6310-2,6310,*dālita,dālayati,explicitly linked numbered CDIAL subhead
6324-2,6324,dāhita,dāhayati,explicitly linked numbered CDIAL subhead
6326-2,6326,*digga,*dikka,explicitly linked numbered CDIAL subhead
633-2,633,*argʰiya,argʰya,explicitly linked numbered CDIAL subhead
6373-2,6373,dīrṇa,dīryátē,explicitly linked numbered CDIAL subhead
6373a-2,6373a,dīrṇa,dīryátē,explicitly linked numbered CDIAL subhead
6402-2,6402,*dutīyā,*dutīya,explicitly linked numbered CDIAL subhead
6411-2,6411,duṇḍubʰa,dundʰubʰa,explicitly linked numbered CDIAL subhead
6411-3,6411,ḍuṇḍubʰa,dundʰubʰa,explicitly linked numbered CDIAL subhead
6411-4,6411,ḍiṇḍibʰa,dundʰubʰa,explicitly linked numbered CDIAL subhead
6411-5,6411,ḍuṇḍu,dundʰubʰa,explicitly linked numbered CDIAL subhead
6411-6,6411,dʰōḍa,dundʰubʰa,explicitly linked numbered CDIAL subhead
6453-2,6453,*dulyati,*dulati,explicitly linked numbered CDIAL subhead
6455-2,6455,*duka,*duvaka,explicitly linked numbered CDIAL subhead
6480-2,6480,*duhitāputrikā,*duhitāputraka,explicitly linked numbered CDIAL subhead
6501-2,6501,dʰū́rvā,dū́rvā,explicitly linked numbered CDIAL subhead
6502-2,6502,*dʰūrśa,dūrśá,explicitly linked numbered CDIAL subhead
6502-3,6502,*dʰōrśa,dūrśá,explicitly linked numbered CDIAL subhead
6506-2,6506,*dūṣiya,dūṣya,explicitly linked numbered CDIAL subhead
6507-2,6507,*dēkṣati,*dr̩kṣati,explicitly linked numbered CDIAL subhead
651-2,651,*ardʰatr̩tya,ardʰatr̩tīya,explicitly linked numbered CDIAL subhead
6532-2,6532,dēvaputrī,dēvaputra,explicitly linked numbered CDIAL subhead
6546-2,6546,dēvará,dēvŕ̩,explicitly linked numbered CDIAL subhead
6546-3,6546,*dēvraka,dēvŕ̩,explicitly linked numbered CDIAL subhead
6559-2,6559,*dēhalla,dēhalī́,explicitly linked numbered CDIAL subhead
6559-3,6559,*dēhila,dēhalī́,explicitly linked numbered CDIAL subhead
6559-4,6559,*dēhula,dēhalī́,explicitly linked numbered CDIAL subhead
6565-2,6565,dēhuḍḍ(h)ī,*dēhuḍī,explicitly linked numbered CDIAL subhead
6574-2,6574,daíviya,daívya,explicitly linked numbered CDIAL subhead
6576-2,6576,dōgdʰrī́,dōgdʰŕ̩,explicitly linked numbered CDIAL subhead
6585-2,6585,dōlayati,dōlāyatē,explicitly linked numbered CDIAL subhead
6585-3,6585,*dōlyatē,dōlāyatē,explicitly linked numbered CDIAL subhead
6586-2,6586,dōṣán,dṓṣ,explicitly linked numbered CDIAL subhead
6586-3,6586,*dōṣala,dṓṣ,explicitly linked numbered CDIAL subhead
6592-2,6592,dōháyati,*dōhati,explicitly linked numbered CDIAL subhead
6605-2,6605,dauhitrī,daúhitra,explicitly linked numbered CDIAL subhead
6605-3,6605,*dauhitarī,daúhitra,explicitly linked numbered CDIAL subhead
6609-2,6609,*dyūtakārin,dyūtakāra,explicitly linked numbered CDIAL subhead
6618-2,6618,*draṭṭ,*draṭ,explicitly linked numbered CDIAL subhead
6618-3,6618,*draṇṭ,*draṭ,explicitly linked numbered CDIAL subhead
6620-2,6620,*dramṇa,*dramaṇa,explicitly linked numbered CDIAL subhead
6621-2,6621,*drāmayati,drámati,explicitly linked numbered CDIAL subhead
6627-2,6627,*dahara-,draha,explicitly linked numbered CDIAL subhead
6628-2,6628,*drakṣā,drā́kṣā,explicitly linked numbered CDIAL subhead
6630-2,6630,*drāta,drā́ti,explicitly linked numbered CDIAL subhead
6636-2,6636,*drōṇa-,druṇa,explicitly linked numbered CDIAL subhead
6636-3,6636,druṇā,druṇa,explicitly linked numbered CDIAL subhead
6641-2,6641,drṓṇya,drṓṇa,explicitly linked numbered CDIAL subhead
6649-2,6649,*duvaṁdva,dvaṁdvá,explicitly linked numbered CDIAL subhead
6650-2,6650,*duvaṁdvin,dvaṁdvín,explicitly linked numbered CDIAL subhead
6658-2,6658,duvā́daśa,dvā́daśa,explicitly linked numbered CDIAL subhead
6659-2,6659,dvādaśī́,dvādaśá,explicitly linked numbered CDIAL subhead
6661-2,6661,dvipañcāśat,dvāpañcāśat,explicitly linked numbered CDIAL subhead
6664-2,6664,*duvārakōṣṭʰaka,dvārakōṣṭʰaka,explicitly linked numbered CDIAL subhead
6673-2,6673,dviṣaṣṭi,dvāṣaṣṭi,explicitly linked numbered CDIAL subhead
6674-2,6674,dvisaptati,dvā́saptati,explicitly linked numbered CDIAL subhead
6680-2,6680,dvitīyā,dvitī́ya,explicitly linked numbered CDIAL subhead
6698-2,6698,*dviyardʰa,dvyardʰa,explicitly linked numbered CDIAL subhead
6698-3,6698,*dvaiyardʰa,dvyardʰa,explicitly linked numbered CDIAL subhead
6698-4,6698,*duvardʰa,dvyardʰa,explicitly linked numbered CDIAL subhead
6698-5,6698,*dauvardʰa,dvyardʰa,explicitly linked numbered CDIAL subhead
6700-2,6700,*dviyaha,dvyahá,explicitly linked numbered CDIAL subhead
6706-2,6706,dʰaṭaka,dʰaṭa,explicitly linked numbered CDIAL subhead
6714-2,6714,*dʰastūra,dʰattūra,explicitly linked numbered CDIAL subhead
6714-3,6714,dʰuttūraka,dʰattūra,explicitly linked numbered CDIAL subhead
6714-4,6714,dʰustū́ra,dʰattūra,explicitly linked numbered CDIAL subhead
6714-5,6714,*duddura,dʰattūra,explicitly linked numbered CDIAL subhead
6714-6,6714,dʰūrta,dʰattūra,explicitly linked numbered CDIAL subhead
6764-2,6764,dʰātakī,dʰavá,explicitly linked numbered CDIAL subhead
6764-3,6764,dʰavala,dʰavá,explicitly linked numbered CDIAL subhead
6770-2,6770,*dʰarāgga,*dʰāgga,explicitly linked numbered CDIAL subhead
6776-2,6776,dʰānēya,dʰānaka,explicitly linked numbered CDIAL subhead
6776-3,6776,dʰanyāka,dʰānaka,explicitly linked numbered CDIAL subhead
6784-2,6784,*dʰāpita,dʰāpáyatē,explicitly linked numbered CDIAL subhead
6784-3,6784,*dʰāpyatē,dʰāpáyatē,explicitly linked numbered CDIAL subhead
6788-2,6788,dʰā́rā,dʰā́ra,explicitly linked numbered CDIAL subhead
6802-2,6802,dʰāváyati,dʰā́vati,explicitly linked numbered CDIAL subhead
6803-2,6803,dʰāvayati,dʰā́vati,explicitly linked numbered CDIAL subhead
6803-3,6803,dʰāvita,dʰā́vati,explicitly linked numbered CDIAL subhead
6818-2,6818,dʰīríya,dʰīryà,explicitly linked numbered CDIAL subhead
6819-2,6819,tīvará,dʰīvará,explicitly linked numbered CDIAL subhead
6833-2,6833,dʰūtá,*dʰuvati,explicitly linked numbered CDIAL subhead
6839-2,6839,*ḍʰūṇḍʰ,*dʰūṇḍʰ,explicitly linked numbered CDIAL subhead
6846-2,6846,*dʰunvati,dʰūnṓti,explicitly linked numbered CDIAL subhead
6849-2,6849,dʰūmikā,dʰūmá,explicitly linked numbered CDIAL subhead
6855-2,6855,*dʰūmāśa,*dʰūmaśa,explicitly linked numbered CDIAL subhead
6873a-2,6873a,*dʰr̩ta,dʰr̩ti,explicitly linked numbered CDIAL subhead
6880-2,6880,*dʰōkʰa,*dʰōkka,explicitly linked numbered CDIAL subhead
6880-3,6880,*dʰōŋga,*dʰōkka,explicitly linked numbered CDIAL subhead
6880-4,6880,*ḍʰōkka,*dʰōkka,explicitly linked numbered CDIAL subhead
6881-2,6881,dʰōtra,*dʰōtta,explicitly linked numbered CDIAL subhead
6882-2,6882,*dʰōnda,*dʰōdda,explicitly linked numbered CDIAL subhead
6886-2,6886,dʰautá,*dʰauvati,explicitly linked numbered CDIAL subhead
6890-2,6890,*dʰrāta,dʰrā́yati,explicitly linked numbered CDIAL subhead
6896-2,6896,dʰvasáti,dʰváṁsati,explicitly linked numbered CDIAL subhead
6896-3,6896,dʰvasyatē,dʰváṁsati,explicitly linked numbered CDIAL subhead
6896-4,6896,dʰvasta,dʰváṁsati,explicitly linked numbered CDIAL subhead
6896-5,6896,dʰvaṁsayati,dʰváṁsati,explicitly linked numbered CDIAL subhead
6896-6,6896,*dʰvāsayati,dʰváṁsati,explicitly linked numbered CDIAL subhead
6896-7,6896,*dʰvāsa,dʰváṁsati,explicitly linked numbered CDIAL subhead
6896-8,6896,*dʰvāsana,dʰváṁsati,explicitly linked numbered CDIAL subhead
6914-2,6914,*nakkʰa,nakʰá,explicitly linked numbered CDIAL subhead
6922-2,6922,na kʰalu,na khalu,explicitly linked numbered CDIAL subhead
6934-2,6934,*nāṭayati,*naṭati,explicitly linked numbered CDIAL subhead
6934-3,6934,*naṭyati,*naṭati,explicitly linked numbered CDIAL subhead
6935-2,6935,*naṭṭʰa,*naṭṭa,explicitly linked numbered CDIAL subhead
6935-3,6935,*naḍḍʰa,*naṭṭa,explicitly linked numbered CDIAL subhead
6935-4,6935,*naṇḍʰa,*naṭṭa,explicitly linked numbered CDIAL subhead
6935-5,6935,*niḍḍʰa,*naṭṭa,explicitly linked numbered CDIAL subhead
6936-2,6936,naḍaka,naḍá,explicitly linked numbered CDIAL subhead
6956-2,6956,namáyati,námati,explicitly linked numbered CDIAL subhead
6959-2,6959,námaskr̩ta,namaskarōti,explicitly linked numbered CDIAL subhead
6969-2,6969,nayaśālin,*nayaśālā,explicitly linked numbered CDIAL subhead
6997-2,6997,*navakatva,navatva,explicitly linked numbered CDIAL subhead
7-2x,7,áṁsya,áṁsiya,explicitly linked numbered CDIAL subhead
7012-2,7012,*navalla,*navala,explicitly linked numbered CDIAL subhead
7025-2,7025,náviya,návya,explicitly linked numbered CDIAL subhead
7027-2,7027,naṣṭá,náśyati,explicitly linked numbered CDIAL subhead
7031-2,7031,nastaka,nasta,explicitly linked numbered CDIAL subhead
7031-3,7031,*nastī,nasta,explicitly linked numbered CDIAL subhead
7031-4,7031,*nastu,nasta,explicitly linked numbered CDIAL subhead
7031-5,7031,nastā,nasta,explicitly linked numbered CDIAL subhead
7031-6,7031,*nastya,nasta,explicitly linked numbered CDIAL subhead
7043-2,7043,nāgarika,nāgara,explicitly linked numbered CDIAL subhead
7062-2,7062,nābʰa,nā́bʰi,explicitly linked numbered CDIAL subhead
707-2,707,*alavaṇika,alavaṇa,explicitly linked numbered CDIAL subhead
708-2,708,ālasa,alasá,explicitly linked numbered CDIAL subhead
7089-2,7089,nā́sikā,nā́sā,explicitly linked numbered CDIAL subhead
7089-3,7089,*nāsaka,nā́sā,explicitly linked numbered CDIAL subhead
7093-2,7093,*nāsyā,nāsyá,explicitly linked numbered CDIAL subhead
710-2,710,*lāta,alāta,explicitly linked numbered CDIAL subhead
711-2,711,lābu,alā́bu,explicitly linked numbered CDIAL subhead
711-3,711,lambā,alā́bu,explicitly linked numbered CDIAL subhead
711-4,711,lābū,alā́bu,explicitly linked numbered CDIAL subhead
7114-2,7114,*niḣṣkatta,*niḣṣkadati,explicitly linked numbered CDIAL subhead
7126-2,7126,*niḣṣāra,niḣsāra,explicitly linked numbered CDIAL subhead
715-2,715,*alinda-,aliñjara,explicitly linked numbered CDIAL subhead
7156-2,7156,*nikʰādana,*nikʰāda,explicitly linked numbered CDIAL subhead
716-2,716,āli,alin,explicitly linked numbered CDIAL subhead
7163-2,7163,*nigilati,nigalati,explicitly linked numbered CDIAL subhead
7214-2,7214,nípātayati,nípatati,explicitly linked numbered CDIAL subhead
7224-2,7224,*nibādʰyatē,níbādʰatē,explicitly linked numbered CDIAL subhead
7227-2,7227,níbʰr̩ta,*nibʰarati,explicitly linked numbered CDIAL subhead
7228-2,7228,*nibʰārayati,nibʰālayati,explicitly linked numbered CDIAL subhead
7231-2,7231,*nibʰujyatē,*nibʰuñjati,explicitly linked numbered CDIAL subhead
7266-2,7266,*niyanna,niranna,explicitly linked numbered CDIAL subhead
7270-2,7270,nirasyatē,nírasyati,explicitly linked numbered CDIAL subhead
7280-2,7280,nirīkṣā,nirīkṣatē,explicitly linked numbered CDIAL subhead
7286-2,7286,níruddʰa,*nirundʰati,explicitly linked numbered CDIAL subhead
7291-2,7291,nirōpyatē,nirōpayati,explicitly linked numbered CDIAL subhead
7301-2,7301,*nirgilati,*nirgalati,explicitly linked numbered CDIAL subhead
7303-2,7303,*nirgāta,*nirgāti,explicitly linked numbered CDIAL subhead
7316-2,7316,*nirgʰalati,*nirgʰarati,explicitly linked numbered CDIAL subhead
7317-2,7317,*nirgʰāla,*nirgʰāra,explicitly linked numbered CDIAL subhead
7318-2,7318,*nirgʰālayati,*nirgʰārayati,explicitly linked numbered CDIAL subhead
735-2,735,*avakṣāla,*avakṣāra,explicitly linked numbered CDIAL subhead
7369-2,7369,nírmita,nirmāti,explicitly linked numbered CDIAL subhead
7369-3,7369,nirmāpayati,nirmāti,explicitly linked numbered CDIAL subhead
7373-2,7373,*nirmukna,nirmukta,explicitly linked numbered CDIAL subhead
7389-2,7389,*nirlīna,*nirlīyatē,explicitly linked numbered CDIAL subhead
7392-2,7392,nirvr̩ta,*nirvarati,explicitly linked numbered CDIAL subhead
7393-2,7393,*nirvr̩ta-,*nirvarayati,explicitly linked numbered CDIAL subhead
7393-3,7393,*nirvr̩ti,*nirvarayati,explicitly linked numbered CDIAL subhead
7395-2,7395,nirvr̩tta,nírvartatē,explicitly linked numbered CDIAL subhead
7395-3,7395,nírvartayati,nírvartatē,explicitly linked numbered CDIAL subhead
7397-2,7397,nirvāhayati,nírvahati,explicitly linked numbered CDIAL subhead
7397-3,7397,nirvāha,nírvahati,explicitly linked numbered CDIAL subhead
7399-2,7399,nírvāpayati,nírvāyati,explicitly linked numbered CDIAL subhead
7399-3,7399,*nirvāta,nírvāyati,explicitly linked numbered CDIAL subhead
7408-2,7408,nílīna,nílīyatē,explicitly linked numbered CDIAL subhead
7411-2,7411,nívartayati,nívartatē,explicitly linked numbered CDIAL subhead
7414-2,7414,*nivasta,nivastē,explicitly linked numbered CDIAL subhead
7414-3,7414,nivāsayati,nivastē,explicitly linked numbered CDIAL subhead
742-2,742,*avagālayati,avagalati,explicitly linked numbered CDIAL subhead
744-2,744,*avagāla,*avagāra,explicitly linked numbered CDIAL subhead
7450-2,7450,*niścyāvayati,*niścyavayati,explicitly linked numbered CDIAL subhead
746-2,746,*avagilati,avagiratē,explicitly linked numbered CDIAL subhead
7468-2,7468,*niṣupti,*niṣupta,explicitly linked numbered CDIAL subhead
7492-2,7492,niṣkrānta,níṣkramati,explicitly linked numbered CDIAL subhead
750-2,750,*avagʰala,*avagʰara,explicitly linked numbered CDIAL subhead
7507-2,7507,*niṣpāṭayati,*niṣpaṭati,explicitly linked numbered CDIAL subhead
7507-3,7507,*niṣpāṭyatē,*niṣpaṭati,explicitly linked numbered CDIAL subhead
751-2,751,*avagʰalati,*avagʰarati,explicitly linked numbered CDIAL subhead
751-3,751,*avagʰālayati,*avagʰarati,explicitly linked numbered CDIAL subhead
7511-2,7511,niṣpanna,níṣpadyatē,explicitly linked numbered CDIAL subhead
7511-3,7511,niṣpādayati,níṣpadyatē,explicitly linked numbered CDIAL subhead
7512-2,7512,níṣpārayati,níṣparati,explicitly linked numbered CDIAL subhead
7535a-2,7535a,*niḣsravaṇa,*nisravaṇa,explicitly linked numbered CDIAL subhead
7542-2,7542,*nirdāti,*nīḍāti,explicitly linked numbered CDIAL subhead
7543-2,7543,*nirdāna,*nīḍāna,explicitly linked numbered CDIAL subhead
7559-2,7559,*nīrēpayati,*nīrīyatē,explicitly linked numbered CDIAL subhead
7593-2,7593,*nēmya,*nēmiya,explicitly linked numbered CDIAL subhead
7614-2,7614,*niyāya,nyāyá,explicitly linked numbered CDIAL subhead
7616-2,7616,*nunna,nyū̀na,explicitly linked numbered CDIAL subhead
7619-2,7619,*paggaḍ,*pakkaḍ,explicitly linked numbered CDIAL subhead
7621-2,7621,*pikva,pakvá,explicitly linked numbered CDIAL subhead
7637-2,7637,*pakṣikarūpa,*pakṣirūpa,explicitly linked numbered CDIAL subhead
7640-2,7640,pakṣíya,pakṣyà,explicitly linked numbered CDIAL subhead
7647-2,7647,*pēŋga,paŋgú,explicitly linked numbered CDIAL subhead
7647-3,7647,*pʰēŋgu,paŋgú,explicitly linked numbered CDIAL subhead
7649-2,7649,*piŋgula,paŋgula,explicitly linked numbered CDIAL subhead
7649-3,7649,*pēŋgula,paŋgula,explicitly linked numbered CDIAL subhead
7649-4,7649,*pēŋgura,paŋgula,explicitly linked numbered CDIAL subhead
7669-2,7669,pañcamī,pañcamá,explicitly linked numbered CDIAL subhead
768-2,768,*avaccʰāyayati,*avaccʰyati,explicitly linked numbered CDIAL subhead
7685-2,7685,piñjara,pañjara,explicitly linked numbered CDIAL subhead
7705-2,7705,páttana,paṭṭana,explicitly linked numbered CDIAL subhead
7721-2,7721,*pattaŋga,pataŋgá,explicitly linked numbered CDIAL subhead
7721-3,7721,*paṭaŋga,pataŋgá,explicitly linked numbered CDIAL subhead
7721-4,7721,*paṭṭiŋga,pataŋgá,explicitly linked numbered CDIAL subhead
7721-5,7721,*pʰattiŋga,pataŋgá,explicitly linked numbered CDIAL subhead
7721-6,7721,*pʰaṭiŋga,pataŋgá,explicitly linked numbered CDIAL subhead
7721-7,7721,*pʰaṭṭiŋga,pataŋgá,explicitly linked numbered CDIAL subhead
7722-2,7722,patitá,pátati,explicitly linked numbered CDIAL subhead
7722-3,7722,*patta-,pátati,explicitly linked numbered CDIAL subhead
7726-2,7726,paṭākā,patākā,explicitly linked numbered CDIAL subhead
7726-3,7726,*pʰaṭākā,patākā,explicitly linked numbered CDIAL subhead
7732-2,7732,*pattama,*patta,explicitly linked numbered CDIAL subhead
7732-3,7732,*pattama,*patta,explicitly linked numbered CDIAL subhead
774-2,774,avaṭá,avatá,explicitly linked numbered CDIAL subhead
774-3,774,*āvāṭa,avatá,explicitly linked numbered CDIAL subhead
7777-2,7777,panna,pádyatē,explicitly linked numbered CDIAL subhead
7781-2,7781,*pʰanasa,panasá,explicitly linked numbered CDIAL subhead
7799d-2,7799d,*parima,paramá,explicitly linked numbered CDIAL subhead
7799h-2,7799h,*pʰaraśu,paraśu,explicitly linked numbered CDIAL subhead
7799l-2,7799l,*parahyas,*parahīyas,explicitly linked numbered CDIAL subhead
7799q-2,7799q,párājita,párājayatē,explicitly linked numbered CDIAL subhead
77a-2,77a,*agrāmukʰa,*agramukʰa,explicitly linked numbered CDIAL subhead
7806-2,7806,paligʰa,parigʰá,explicitly linked numbered CDIAL subhead
7806-3,7806,parigʰāta,parigʰá,explicitly linked numbered CDIAL subhead
7834-2,7834,*paritrāsin,paritrāsa,explicitly linked numbered CDIAL subhead
7835-2,7835,páridʰāpayati,páridadʰāti,explicitly linked numbered CDIAL subhead
7835-3,7835,párihita,páridadʰāti,explicitly linked numbered CDIAL subhead
7845-2,7845,*paripavati,páripunāti,explicitly linked numbered CDIAL subhead
7845-3,7845,páripūta,páripunāti,explicitly linked numbered CDIAL subhead
7848-2,7848,*paribuddʰa,*paribudʰyatē,explicitly linked numbered CDIAL subhead
7848-3,7848,*paribūḍʰa,*paribudʰyatē,explicitly linked numbered CDIAL subhead
7859-2,7859,parimr̩śyatē,párimr̩śati,explicitly linked numbered CDIAL subhead
7861-2,7861,*pariyuṣṭa,*pariyuṣita,explicitly linked numbered CDIAL subhead
7861-3,7861,*parivasya,*pariyuṣita,explicitly linked numbered CDIAL subhead
7863-2,7863,*pariyēṣ- aṇā,*pariyēṣati,explicitly linked numbered CDIAL subhead
7872-2,7872,párivartayati,párivartatē,explicitly linked numbered CDIAL subhead
788-2,788,avanata,avanamati,explicitly linked numbered CDIAL subhead
788-3,788,avanāmayati,avanamati,explicitly linked numbered CDIAL subhead
7882-2,7882,*parivēcya,*parivēcana,explicitly linked numbered CDIAL subhead
7903-2,7903,parihīṇa,parihīyatē,explicitly linked numbered CDIAL subhead
7904-2,7904,parīkṣaṇa,párīkṣatē,explicitly linked numbered CDIAL subhead
7904-3,7904,parīkṣā,párīkṣatē,explicitly linked numbered CDIAL subhead
7904-4,7904,parīkṣin,párīkṣatē,explicitly linked numbered CDIAL subhead
7918-2,7918,pārṇa,parṇá,explicitly linked numbered CDIAL subhead
7934-2,7934,*pʰarpaṭa,párpaṭa,explicitly linked numbered CDIAL subhead
7936-2,7936,*pariyanta,paryantá,explicitly linked numbered CDIAL subhead
7937-2,7937,*palyaya,paryaya,explicitly linked numbered CDIAL subhead
7938-2,7938,*pariyasta,paryasta,explicitly linked numbered CDIAL subhead
7942-2,7942,*pariyāpta,paryāpta,explicitly linked numbered CDIAL subhead
7948-2,7948,pārśukā,párśu,explicitly linked numbered CDIAL subhead
795-2,795,avabaddʰa,avabandʰati,explicitly linked numbered CDIAL subhead
7955-2,7955,*palāpayati,pálāyatē,explicitly linked numbered CDIAL subhead
7964-2,7964,*paliyaŋka,palyaŋka,explicitly linked numbered CDIAL subhead
7966-2,7966,palyāṇayati,palyāṇa,explicitly linked numbered CDIAL subhead
8015-2,8015,*pāṣṭʰa,*paṣṭʰa,explicitly linked numbered CDIAL subhead
803-2,803,*avamukna,avamukta,explicitly linked numbered CDIAL subhead
8032-2,8032,pāṭyatē,pāṭáyati,explicitly linked numbered CDIAL subhead
8042-2,8042,*pēḍḍa,*pāḍḍa,explicitly linked numbered CDIAL subhead
8047-2,8047,pāṇḍurá,pā́ṇḍara,explicitly linked numbered CDIAL subhead
8051-2,8051,*paṇḍra,pāṇḍú,explicitly linked numbered CDIAL subhead
8051-3,8051,*paḍḍa,pāṇḍú,explicitly linked numbered CDIAL subhead
8118-2,8118,pārśvatás,pārśvá,explicitly linked numbered CDIAL subhead
8126-2,8126,pālaŋkī,pālakyā,explicitly linked numbered CDIAL subhead
8135-2,8135,*pāśyatē,pāśáyati,explicitly linked numbered CDIAL subhead
8138-2,8138,pāṣāṇī,pāṣāṇá,explicitly linked numbered CDIAL subhead
8139-2,8139,*parṣi,pāṣi,explicitly linked numbered CDIAL subhead
814-2,814,*avarīṇa,*avarīyatē,explicitly linked numbered CDIAL subhead
814-3,814,*avarē- payati,*avarīyatē,explicitly linked numbered CDIAL subhead
8151-2,8151,*piñja-,piccʰa,explicitly linked numbered CDIAL subhead
8156-2,8156,*piccʰilikā,piccʰilá,explicitly linked numbered CDIAL subhead
8164-2,8164,pēṭa,piṭaka,explicitly linked numbered CDIAL subhead
8164-3,8164,*pēṭṭa,piṭaka,explicitly linked numbered CDIAL subhead
8164-4,8164,*pēṭṭāra,piṭaka,explicitly linked numbered CDIAL subhead
8164-5,8164,*pōtta,piṭaka,explicitly linked numbered CDIAL subhead
8164-6,8164,*pōttʰa,piṭaka,explicitly linked numbered CDIAL subhead
8165-2,8165,piṭṭita,piṭṭayati,explicitly linked numbered CDIAL subhead
8165-3,8165,*piṭṭyatē,piṭṭayati,explicitly linked numbered CDIAL subhead
8188-2,8188,pítrya,pítriya,explicitly linked numbered CDIAL subhead
819-2,819,*avalla,*avala,explicitly linked numbered CDIAL subhead
8194-2,8194,pidʰāpayati,pidadʰāti,explicitly linked numbered CDIAL subhead
8194-3,8194,pihita,pidadʰāti,explicitly linked numbered CDIAL subhead
8198-2,8198,*pināhayati,*pinahati,explicitly linked numbered CDIAL subhead
8200-2,8200,*pipāsaka,pipāsitá,explicitly linked numbered CDIAL subhead
8201-2,8201,*pipʰīla,pipīlá,explicitly linked numbered CDIAL subhead
8201-3,8201,*pippīla,pipīlá,explicitly linked numbered CDIAL subhead
8201-4,8201,*pippʰīla,pipīlá,explicitly linked numbered CDIAL subhead
8201-5,8201,*pippīḍa,pipīlá,explicitly linked numbered CDIAL subhead
8201-6,8201,*pilīla,pipīlá,explicitly linked numbered CDIAL subhead
8205-2,8205,pippalī́,píppala,explicitly linked numbered CDIAL subhead
8222-2,8222,*pēḍʰa-,pīṭʰa,explicitly linked numbered CDIAL subhead
8222-3,8222,*pēḍḍʰa,pīṭʰa,explicitly linked numbered CDIAL subhead
8226-2,8226,pīḍyatē,pīḍáyati,explicitly linked numbered CDIAL subhead
8233-2,8233,*pītʰala,pītala,explicitly linked numbered CDIAL subhead
8233-3,8233,*pīvala,pītala,explicitly linked numbered CDIAL subhead
8233-4,8233,*pīvaḍa,pītala,explicitly linked numbered CDIAL subhead
8237-2,8237,*pināsa,pīnasa,explicitly linked numbered CDIAL subhead
8242-2,8242,pīvara,pī́van,explicitly linked numbered CDIAL subhead
8242-3,8242,*pīvra,pī́van,explicitly linked numbered CDIAL subhead
8251-2,8251,*pañja,puñja,explicitly linked numbered CDIAL subhead
8255-2,8255,puṭita,puṭati,explicitly linked numbered CDIAL subhead
8259-2,8259,pauṇḍra,puṇḍra,explicitly linked numbered CDIAL subhead
8264-2,8264,*puttala,*putta,explicitly linked numbered CDIAL subhead
827-2,827,avalambita,avalambatē,explicitly linked numbered CDIAL subhead
827-3,827,avalambayati,avalambatē,explicitly linked numbered CDIAL subhead
829-2,829,*avalālayati,*avalalati,explicitly linked numbered CDIAL subhead
829-3,829,*avalāla,*avalalati,explicitly linked numbered CDIAL subhead
8303-2,8303,*puṣpya,púṣpa,explicitly linked numbered CDIAL subhead
831-2,831,*avalasita,*avalasati,explicitly linked numbered CDIAL subhead
8310-2,8310,*pusta,*pusati,explicitly linked numbered CDIAL subhead
8321-2,8321,*putta-,pūta,explicitly linked numbered CDIAL subhead
8321-3,8321,*puṭṭa-,pūta,explicitly linked numbered CDIAL subhead
8325-2,8325,*pūṭakī,pūtī́ka,explicitly linked numbered CDIAL subhead
8326-2,8326,*pōna-,*pūna,explicitly linked numbered CDIAL subhead
8326-3,8326,*pivanī,*pūna,explicitly linked numbered CDIAL subhead
8326-4,8326,*pivarī,*pūna,explicitly linked numbered CDIAL subhead
833-2,833,*ullīyatē,avalīyatē,explicitly linked numbered CDIAL subhead
8340-2,8340,pūrṇámāsa,pūrṇámās,explicitly linked numbered CDIAL subhead
8340-3,8340,pūrṇimā,pūrṇámās,explicitly linked numbered CDIAL subhead
8343-2,8343,*pūruva,pū́rva,explicitly linked numbered CDIAL subhead
8346-2,8346,*pūrvārdʰiya,pūrvārdʰá,explicitly linked numbered CDIAL subhead
8364-2,8364,pr̩ṣita,pr̩ṣatá,explicitly linked numbered CDIAL subhead
8376-2,8376,*pēḍḍuka,*pēṭṭa,explicitly linked numbered CDIAL subhead
8376-3,8376,*pōṭṭa,*pēṭṭa,explicitly linked numbered CDIAL subhead
8376-4,8376,*pōtta,*pēṭṭa,explicitly linked numbered CDIAL subhead
8377-2,8377,*pēḍʰa-,*pēḍa,explicitly linked numbered CDIAL subhead
8377-3,8377,*pēṇḍa,*pēḍa,explicitly linked numbered CDIAL subhead
8377-4,8377,*pēntʰa,*pēḍa,explicitly linked numbered CDIAL subhead
8377-5,8377,*pēnda,*pēḍa,explicitly linked numbered CDIAL subhead
8377-6,8377,*puḍa,*pēḍa,explicitly linked numbered CDIAL subhead
8377-7,8377,*puṇḍa,*pēḍa,explicitly linked numbered CDIAL subhead
8377-8,8377,*pōdda,*pēḍa,explicitly linked numbered CDIAL subhead
8379-2,8379,*pōnda,*pēnda,explicitly linked numbered CDIAL subhead
8386-2,8386,*pēṣita,pēṣayati,explicitly linked numbered CDIAL subhead
8390-2,8390,paitr̩ka,paitrika,explicitly linked numbered CDIAL subhead
8391-2,8391,*pōkkala,*pōka,explicitly linked numbered CDIAL subhead
8391-3,8391,*pōkkʰara,*pōka,explicitly linked numbered CDIAL subhead
8391-4,8391,*pōggala,*pōka,explicitly linked numbered CDIAL subhead
8391-5,8391,*pōŋka-,*pōka,explicitly linked numbered CDIAL subhead
8391-6,8391,pōŋga-,*pōka,explicitly linked numbered CDIAL subhead
8391-7,8391,*pʰōkka,*pōka,explicitly linked numbered CDIAL subhead
8391-8,8391,*pʰōkkara,*pōka,explicitly linked numbered CDIAL subhead
8391-9,8391,*pʰōŋka,*pōka,explicitly linked numbered CDIAL subhead
8394-2,8394,*pōgga,*pōŋga,explicitly linked numbered CDIAL subhead
8394-3,8394,*pōŋka,*pōŋga,explicitly linked numbered CDIAL subhead
8396-2,8396,pōṭṭala,*pōṭṭa,explicitly linked numbered CDIAL subhead
8396-3,8396,*pēṇḍʰa,*pōṭṭa,explicitly linked numbered CDIAL subhead
8398-2,8398,*pōra,*pōḍa,explicitly linked numbered CDIAL subhead
8398-3,8398,*pōla,*pōḍa,explicitly linked numbered CDIAL subhead
8398-4,8398,*pōlla,*pōḍa,explicitly linked numbered CDIAL subhead
8398-5,8398,*pʰōra,*pōḍa,explicitly linked numbered CDIAL subhead
8398-6,8398,*pʰōlla,*pōḍa,explicitly linked numbered CDIAL subhead
8399-10,8399,*pʰōtta,pṓta-,explicitly linked numbered CDIAL subhead
8399-2,8399,*pōtara,pṓta-,explicitly linked numbered CDIAL subhead
8399-3,8399,*pōtala,pṓta-,explicitly linked numbered CDIAL subhead
8399-4,8399,*pōtāla,pṓta-,explicitly linked numbered CDIAL subhead
8399-5,8399,*pōtta,pṓta-,explicitly linked numbered CDIAL subhead
8399-6,8399,*pōṭṭa,pṓta-,explicitly linked numbered CDIAL subhead
8399-7,8399,*pōna,pṓta-,explicitly linked numbered CDIAL subhead
8399-8,8399,*pōttʰa,pṓta-,explicitly linked numbered CDIAL subhead
8399-9,8399,*pʰōta,pṓta-,explicitly linked numbered CDIAL subhead
840-2,840,*avavartana,*avavartayati,explicitly linked numbered CDIAL subhead
840-3,840,*avavṛttra,*avavartayati,explicitly linked numbered CDIAL subhead
8400-2,8400,*pōtta,pōta,explicitly linked numbered CDIAL subhead
8400-3,8400,*pōttʰa,pōta,explicitly linked numbered CDIAL subhead
8400-4,8400,pōntī,pōta,explicitly linked numbered CDIAL subhead
8405-2,8405,*pʰōppʰa,*pōppa,explicitly linked numbered CDIAL subhead
8405-3,8405,*pʰōmpʰa,*pōppa,explicitly linked numbered CDIAL subhead
8410-2,8410,pōṣyatē,pōṣáyati,explicitly linked numbered CDIAL subhead
8412-2,8412,pṓṣiya,pṓṣya,explicitly linked numbered CDIAL subhead
8433-2,8433,*praskarōti,prákarōti,explicitly linked numbered CDIAL subhead
8451-2,8451,*prakvatʰita,*prakvatʰati,explicitly linked numbered CDIAL subhead
846-2,846,*avaśaŋkā,*avaśaŋkatē,explicitly linked numbered CDIAL subhead
8468-2,8468,*pragilati,pragalati,explicitly linked numbered CDIAL subhead
8468-3,8468,pragā- layati,pragalati,explicitly linked numbered CDIAL subhead
847-2,847,*avaśapa,*avaśapati,explicitly linked numbered CDIAL subhead
8475-2,8475,*pragula,*pragura,explicitly linked numbered CDIAL subhead
848-2,848,*avaśāra,*avaśara,explicitly linked numbered CDIAL subhead
8481-2,8481,*pragʰala,*pragʰara,explicitly linked numbered CDIAL subhead
8482-2,8482,*pragʰalati,pragʰarati,explicitly linked numbered CDIAL subhead
8484-2,8484,*pragʰāla,*pragʰāra,explicitly linked numbered CDIAL subhead
8485-2,8485,*pragʰālayati,*pragʰārayati,explicitly linked numbered CDIAL subhead
8486-2,8486,*pragʰilati,*pragʰirati,explicitly linked numbered CDIAL subhead
8493-2,8493,*praccʰāṭ,*praccʰaṭ,explicitly linked numbered CDIAL subhead
8500-2,8500,*paccʰāyā,praccʰāya,explicitly linked numbered CDIAL subhead
851-2,851,*avaśyāpayati,*avaśīyatē,explicitly linked numbered CDIAL subhead
851-3,851,*avaśyāpana,*avaśīyatē,explicitly linked numbered CDIAL subhead
8514-2,8514,prajñapti,prajñapta,explicitly linked numbered CDIAL subhead
8516-2,8516,prájñāpayati,prajñāyatē,explicitly linked numbered CDIAL subhead
8560-2,8560,*paticcʰāyā,praticcʰāyā,explicitly linked numbered CDIAL subhead
8571-2,8571,pratipanna,prátipadyatē,explicitly linked numbered CDIAL subhead
8599-2,8599,*prativēśiya,prativēśya,explicitly linked numbered CDIAL subhead
8607-2,8607,*prastʰāti,prátiṣṭʰati,explicitly linked numbered CDIAL subhead
8607-3,8607,prastʰāya,prátiṣṭʰati,explicitly linked numbered CDIAL subhead
8607-4,8607,prástʰāpayati,prátiṣṭʰati,explicitly linked numbered CDIAL subhead
8614-2,8614,pratisārayati,prátisarati,explicitly linked numbered CDIAL subhead
8614-3,8614,*pratisāra,prátisarati,explicitly linked numbered CDIAL subhead
8617-2,8617,*pratisrāvyatē,*pratisrāvayati,explicitly linked numbered CDIAL subhead
8617-3,8617,*pratisrāva,*pratisrāvayati,explicitly linked numbered CDIAL subhead
8623-2,8623,pratīccʰaka,prátīccʰati,explicitly linked numbered CDIAL subhead
8640-2,8640,pratyāyayati,pratyaya,explicitly linked numbered CDIAL subhead
8645-2,8645,*pratiyuttara,pratyuttara,explicitly linked numbered CDIAL subhead
8652-2,8652,*pratʰilla,*pratʰila,explicitly linked numbered CDIAL subhead
8655-2,8655,*pradāti,prádadāti,explicitly linked numbered CDIAL subhead
8655-3,8655,prátta,prádadāti,explicitly linked numbered CDIAL subhead
8655-4,8655,pradatta,prádadāti,explicitly linked numbered CDIAL subhead
8655-5,8655,*praditta,prádadāti,explicitly linked numbered CDIAL subhead
8656-2,8656,prādʰāt,pradadʰāti,explicitly linked numbered CDIAL subhead
8656-3,8656,pradʰīyatē,pradadʰāti,explicitly linked numbered CDIAL subhead
8656-4,8656,prahita,pradadʰāti,explicitly linked numbered CDIAL subhead
866-2,866,avastaraṇa,*avastarati,explicitly linked numbered CDIAL subhead
8664-2,8664,*pradiṣṭi,prádiṣṭa,explicitly linked numbered CDIAL subhead
8674-2,8674,*prapacyatē,prapacati,explicitly linked numbered CDIAL subhead
8679-2,8679,prapātʰa,prápatʰa,explicitly linked numbered CDIAL subhead
8690-2,8690,prapuṣṭa,prápuṣyati,explicitly linked numbered CDIAL subhead
8727-2,8727,prámucyatē,prámuñcati,explicitly linked numbered CDIAL subhead
8727-3,8727,*pramukna,prámuñcati,explicitly linked numbered CDIAL subhead
8730-2,8730,*pramr̩ṣyati,*pramr̩ṣati,explicitly linked numbered CDIAL subhead
8730-3,8730,*pramr̩ṣṭa,*pramr̩ṣati,explicitly linked numbered CDIAL subhead
8737-2,8737,*prarakta,*prarajyatē,explicitly linked numbered CDIAL subhead
8740-2,8740,*prarīṇa,prárīyatē,explicitly linked numbered CDIAL subhead
875-2,875,avastʰīyatē,avastʰāpayati,explicitly linked numbered CDIAL subhead
876-2,876,avasnāta,*avasnāyati,explicitly linked numbered CDIAL subhead
876-3,876,*avasnāna,*avasnāyati,explicitly linked numbered CDIAL subhead
8761-2,8761,pralīna,prálīyatē,explicitly linked numbered CDIAL subhead
8788-2,8788,právr̩tta,právartatē,explicitly linked numbered CDIAL subhead
8788-3,8788,právartayati,právartatē,explicitly linked numbered CDIAL subhead
8803-2,8803,práviṣṭa,práviśati,explicitly linked numbered CDIAL subhead
8810-2,8810,pravrajita,právrajati,explicitly linked numbered CDIAL subhead
8811-2,8811,*pravrajiyā,pravrajyā,explicitly linked numbered CDIAL subhead
8828-2,8828,*prasavayati,prasavati,explicitly linked numbered CDIAL subhead
8828-3,8828,*prasavyatē,prasavati,explicitly linked numbered CDIAL subhead
8833-2,8833,prasādyatē,prasādayati,explicitly linked numbered CDIAL subhead
884-2,884,avāpta,avāpayati,explicitly linked numbered CDIAL subhead
8843-2,8843,*prasīdyatē,prasīdati,explicitly linked numbered CDIAL subhead
8855-2,8855,*praskērayati,*praskirati,explicitly linked numbered CDIAL subhead
8855-3,8855,*praskr̩ta,*praskirati,explicitly linked numbered CDIAL subhead
8876-2,8876,*prasnavant,*prasnavati,explicitly linked numbered CDIAL subhead
8876-3,8876,prasnuta,*prasnavati,explicitly linked numbered CDIAL subhead
8876-4,8876,*prasnāvayati,*prasnavati,explicitly linked numbered CDIAL subhead
8880-2,8880,*praspʰuṭyati,praspʰuṭati,explicitly linked numbered CDIAL subhead
8880-3,8880,praspʰōṭayati,praspʰuṭati,explicitly linked numbered CDIAL subhead
8901-2,8901,praharaṇīya,praháraṇa,explicitly linked numbered CDIAL subhead
8902-2,8902,práhr̩ta,práharati,explicitly linked numbered CDIAL subhead
8908-2,8908,práhita,práhiṇōti,explicitly linked numbered CDIAL subhead
8909-2,8909,*prahita-,prahīyatē,explicitly linked numbered CDIAL subhead
8909-3,8909,prahāya,prahīyatē,explicitly linked numbered CDIAL subhead
891-2,891,*avidʰavātvana,*avidʰavātva,explicitly linked numbered CDIAL subhead
8936-2,8936,*prātivēśiya,prātivēśya,explicitly linked numbered CDIAL subhead
8942-2,8942,prāpaṇīya,prāpaṇa,explicitly linked numbered CDIAL subhead
8951-2,8951,prāyēṇa,prāyas,explicitly linked numbered CDIAL subhead
8962-2,8962,prā́vr̩ta,*prāvurati,explicitly linked numbered CDIAL subhead
8962-3,8962,prāváraṇa,*prāvurati,explicitly linked numbered CDIAL subhead
9002-2,9002,*prēlayati,prḗrayati,explicitly linked numbered CDIAL subhead
901-2,901,*avōŋgʰā,*avōŋgʰati,explicitly linked numbered CDIAL subhead
9017-2,9017,plṓṣati,prṓṣati,explicitly linked numbered CDIAL subhead
9021-2,9021,prōḍʰa,prauḍʰa,explicitly linked numbered CDIAL subhead
9021-3,9021,*pravuḍḍʰa,prauḍʰa,explicitly linked numbered CDIAL subhead
9022-2,9022,plā́kṣa,plakṣá,explicitly linked numbered CDIAL subhead
9022-3,9022,parkaṭī,plakṣá,explicitly linked numbered CDIAL subhead
9022-4,9022,*parkuṭī,plakṣá,explicitly linked numbered CDIAL subhead
9027-2,9027,*plavayati,plāvayati,explicitly linked numbered CDIAL subhead
9027-3,9027,plāvita,plāvayati,explicitly linked numbered CDIAL subhead
9028-2,9028,*prīhan,plīhán,explicitly linked numbered CDIAL subhead
9028-3,9028,*prahaka,plīhán,explicitly linked numbered CDIAL subhead
9028-4,9028,*splīhan,plīhán,explicitly linked numbered CDIAL subhead
9029-2,9029,*pruṣi,plúṣi,explicitly linked numbered CDIAL subhead
9029-3,9029,*pruci,plúṣi,explicitly linked numbered CDIAL subhead
9029-4,9029,*pricu,plúṣi,explicitly linked numbered CDIAL subhead
9029-5,9029,*priṣu,plúṣi,explicitly linked numbered CDIAL subhead
9029-6,9029,*praṣu,plúṣi,explicitly linked numbered CDIAL subhead
9030-2,9030,pluṣṭa,plúṣyatē,explicitly linked numbered CDIAL subhead
9035-2,9035,pʰakkikā,*pʰakk,explicitly linked numbered CDIAL subhead
9037-2,9037,*pʰikka,pʰakka,explicitly linked numbered CDIAL subhead
9038-2,9038,*pʰaṭṭ-,*pʰaṭ,explicitly linked numbered CDIAL subhead
9039-2,9039,*pʰaṭṭ-,*pʰaṭ,explicitly linked numbered CDIAL subhead
9040-2,9040,*pʰēṭṭa-,pʰaṭa,explicitly linked numbered CDIAL subhead
9042-2,9042,*pʰēṇa-,pʰaṇa,explicitly linked numbered CDIAL subhead
9044-2,9044,pʰāṇayati,pʰáṇati,explicitly linked numbered CDIAL subhead
9048-2,9048,pʰadda,*pʰatta,explicitly linked numbered CDIAL subhead
9052-2,9052,*pʰara-,pʰala,explicitly linked numbered CDIAL subhead
9053-2,9053,*pʰara-,pʰala,explicitly linked numbered CDIAL subhead
9054-2,9054,pʰara,pʰalaka,explicitly linked numbered CDIAL subhead
9058-2,9058,pʰālayati,pʰálati,explicitly linked numbered CDIAL subhead
9058-3,9058,pʰālita,pʰálati,explicitly linked numbered CDIAL subhead
9063-2,9063,*pʰālgu,pǹalgu,explicitly linked numbered CDIAL subhead
9078-2,9078,*pʰērayati,*pʰirati,explicitly linked numbered CDIAL subhead
9078-3,9078,*pʰēra,*pʰirati,explicitly linked numbered CDIAL subhead
908-2,908,ā́śa,*aśati,explicitly linked numbered CDIAL subhead
9082-2,9082,*pʰōkayati,*pʰukyatē,explicitly linked numbered CDIAL subhead
9106-2,9106,*pʰēŋk,*pʰēkk,explicitly linked numbered CDIAL subhead
9106-3,9106,*pʰēŋg,*pʰēkk,explicitly linked numbered CDIAL subhead
9107-2,9107,*pʰēṇṭa,*pʰēṭṭa,explicitly linked numbered CDIAL subhead
9108-2,9108,*pʰēñja,pʰḗna,explicitly linked numbered CDIAL subhead
9108-3,9108,*pʰēṁsa,pʰḗna,explicitly linked numbered CDIAL subhead
9112-2,9112,pʰēruṇḍa,pʰēru,explicitly linked numbered CDIAL subhead
9112-3,9112,*pʰēu,pʰēru,explicitly linked numbered CDIAL subhead
9116-2,9116,vakula,bakula,explicitly linked numbered CDIAL subhead
9116-3,9116,makula,bakula,explicitly linked numbered CDIAL subhead
9124-2,9124,*baṇḍʰa,baṇḍá,explicitly linked numbered CDIAL subhead
9124-3,9124,*baḍu,baṇḍá,explicitly linked numbered CDIAL subhead
9124-4,9124,*baḍḍu,baṇḍá,explicitly linked numbered CDIAL subhead
9124-5,9124,*baḍḍʰu,baṇḍá,explicitly linked numbered CDIAL subhead
9124-6,9124,*bāḍa,baṇḍá,explicitly linked numbered CDIAL subhead
9124-7,9124,*bāṇṭa,baṇḍá,explicitly linked numbered CDIAL subhead
9143-2,9143,*bandʰēyya,*bandʰīya,explicitly linked numbered CDIAL subhead
9148-2,9148,*babbʰūla,babbūla,explicitly linked numbered CDIAL subhead
9148-3,9148,*barvula,babbūla,explicitly linked numbered CDIAL subhead
9159-2,9159,barbarī,barbā,explicitly linked numbered CDIAL subhead
918-2,918,aśra,áśri,explicitly linked numbered CDIAL subhead
9181-2,9181,baṣkayiṇī,baṣkáya,explicitly linked numbered CDIAL subhead
9198-2,9198,*bāī,*bā,explicitly linked numbered CDIAL subhead
9203-2,9203,vāṇá,bāṇá,explicitly linked numbered CDIAL subhead
9209-2,9209,*bābba,*bāppa,explicitly linked numbered CDIAL subhead
9223-2,9223,vāṣpá,bāṣpá,explicitly linked numbered CDIAL subhead
9223-3,9223,*bʰāṣpa,bāṣpá,explicitly linked numbered CDIAL subhead
9223-4,9223,*bāṣma,bāṣpá,explicitly linked numbered CDIAL subhead
9235-2,9235,*bāhiya,bā́hya,explicitly linked numbered CDIAL subhead
9237-2,9237,*billa,bíḍāla,explicitly linked numbered CDIAL subhead
9238-2,9238,*bēṭṭa,*biḍḍa,explicitly linked numbered CDIAL subhead
9238-3,9238,*bēḍa,*biḍḍa,explicitly linked numbered CDIAL subhead
9238-4,9238,*bēḍḍa,*biḍḍa,explicitly linked numbered CDIAL subhead
9238-5,9238,*bēṇḍa,*biḍḍa,explicitly linked numbered CDIAL subhead
9240-2,9240,*bundu,bindú,explicitly linked numbered CDIAL subhead
9245-2,9245,vila,bíla,explicitly linked numbered CDIAL subhead
9245-3,9245,*vira,bíla,explicitly linked numbered CDIAL subhead
9249-2,9249,*bʰisa,bísa,explicitly linked numbered CDIAL subhead
9263-2,9263,*buggʰara,*bukka,explicitly linked numbered CDIAL subhead
9263-3,9263,*buŋka,*bukka,explicitly linked numbered CDIAL subhead
9263-4,9263,*būkkʰara,*bukka,explicitly linked numbered CDIAL subhead
9263-5,9263,*bōkka-,*bukka,explicitly linked numbered CDIAL subhead
9263-6,9263,*bōkkʰa,*bukka,explicitly linked numbered CDIAL subhead
9263-7,9263,*bōggʰa,*bukka,explicitly linked numbered CDIAL subhead
9263-8,9263,*bōŋga,*bukka,explicitly linked numbered CDIAL subhead
9264-2,9264,*bʰukka,*bukka,explicitly linked numbered CDIAL subhead
9265-2,9265,*bʰukkati,búkkati,explicitly linked numbered CDIAL subhead
9266-2,9266,*būccara,*bucca,explicitly linked numbered CDIAL subhead
9266-3,9266,*bōcca,*bucca,explicitly linked numbered CDIAL subhead
9266-4,9266,*bōñca,*bucca,explicitly linked numbered CDIAL subhead
9267-2,9267,*buñca,*bucca,explicitly linked numbered CDIAL subhead
9267-3,9267,*bujja,*bucca,explicitly linked numbered CDIAL subhead
9268-10,9268,*bōṇṭʰa,*buṭṭa,explicitly linked numbered CDIAL subhead
9268-2,9268,*buṭṭʰa,*buṭṭa,explicitly linked numbered CDIAL subhead
9268-3,9268,*buḍḍʰa-,*buṭṭa,explicitly linked numbered CDIAL subhead
9268-4,9268,*buṇṭa,*buṭṭa,explicitly linked numbered CDIAL subhead
9268-5,9268,*buṇṭʰa,*buṭṭa,explicitly linked numbered CDIAL subhead
9268-6,9268,būṭa,*buṭṭa,explicitly linked numbered CDIAL subhead
9268-7,9268,*bōṭṭa,*buṭṭa,explicitly linked numbered CDIAL subhead
9268-8,9268,*bōḍa,*buṭṭa,explicitly linked numbered CDIAL subhead
9268-9,9268,*bōḍḍa,*buṭṭa,explicitly linked numbered CDIAL subhead
9272-2,9272,*bōḍayati,*buḍyati,explicitly linked numbered CDIAL subhead
9273-10,9273,*bōdda,*butta,explicitly linked numbered CDIAL subhead
9273-11,9273,*bōddʰa,*butta,explicitly linked numbered CDIAL subhead
9273-12,9273,*bōntʰa,*butta,explicitly linked numbered CDIAL subhead
9273-13,9273,*bōnda,*butta,explicitly linked numbered CDIAL subhead
9273-2,9273,*buttʰa,*butta,explicitly linked numbered CDIAL subhead
9273-3,9273,*buddʰa-,*butta,explicitly linked numbered CDIAL subhead
9273-4,9273,*buntala,*butta,explicitly linked numbered CDIAL subhead
9273-5,9273,*bunda-,*butta,explicitly linked numbered CDIAL subhead
9273-6,9273,*bundʰa,*butta,explicitly linked numbered CDIAL subhead
9273-7,9273,*būdʰa,*butta,explicitly linked numbered CDIAL subhead
9273-8,9273,*bōtta,*butta,explicitly linked numbered CDIAL subhead
9273-9,9273,*bōttʰa,*butta,explicitly linked numbered CDIAL subhead
9276-2,9276,*bʰutta-,buddʰa,explicitly linked numbered CDIAL subhead
9277-2,9277,*būḍʰi,buddʰi,explicitly linked numbered CDIAL subhead
9278-2,9278,*budbuḍa,budbudá,explicitly linked numbered CDIAL subhead
9278-3,9278,buḍabuḍa,budbudá,explicitly linked numbered CDIAL subhead
9280-2,9280,*bunda-,bundʰa,explicitly linked numbered CDIAL subhead
9280-3,9280,*buṇḍa,bundʰa,explicitly linked numbered CDIAL subhead
9289-2,9289,*bōra-,*bura,explicitly linked numbered CDIAL subhead
9292-2,9292,*būla,bulvá,explicitly linked numbered CDIAL subhead
9293-2,9293,*bʰusa,busa,explicitly linked numbered CDIAL subhead
9293-3,9293,*bʰussa-,busa,explicitly linked numbered CDIAL subhead
9294-2,9294,*bʰusakuṭaka,*busakuṭikā,explicitly linked numbered CDIAL subhead
9296-2,9296,*būssara,*bussa,explicitly linked numbered CDIAL subhead
9297-2,9297,*būṭṭa,*būṭa,explicitly linked numbered CDIAL subhead
9297-3,9297,*bōṭṭa-,*būṭa,explicitly linked numbered CDIAL subhead
9297-4,9297,*bʰūṭa,*būṭa,explicitly linked numbered CDIAL subhead
9298-2,9298,*bʰūra,*būra,explicitly linked numbered CDIAL subhead
9308-2,9308,vēḍā,bēḍā,explicitly linked numbered CDIAL subhead
9308-3,9308,bʰēḍa,bēḍā,explicitly linked numbered CDIAL subhead
9310-2,9310,*bailuva,bailvá,explicitly linked numbered CDIAL subhead
9326-2,9326,*blākkati,*brākati,explicitly linked numbered CDIAL subhead
9327-2,9327,brā́hmaṇī,brāhmaṇá,explicitly linked numbered CDIAL subhead
9330-2,9330,*bʰikkʰa,*bʰakkʰa,explicitly linked numbered CDIAL subhead
9359-2,9359,*bʰajyati,bʰájati,explicitly linked numbered CDIAL subhead
9359-3,9359,bʰājáyati,bʰájati,explicitly linked numbered CDIAL subhead
9360-2,9360,*bʰajyati,bʰajati,explicitly linked numbered CDIAL subhead
9360-3,9360,bʰājayati,bʰajati,explicitly linked numbered CDIAL subhead
9361-2,9361,bʰagna,bʰajyátē,explicitly linked numbered CDIAL subhead
9361-3,9361,*bʰājana,bʰajyátē,explicitly linked numbered CDIAL subhead
9361-5,9361,*bhanna,bʰajyátē,explicitly linked numbered CDIAL subhead
9365-2,9365,*bʰaṭṭ,*bʰaṭ,explicitly linked numbered CDIAL subhead
9369-2,9369,bʰr̩ṇṭikā,bʰaṇṭākī,explicitly linked numbered CDIAL subhead
9369-3,9369,vr̩ntāka,bʰaṇṭākī,explicitly linked numbered CDIAL subhead
9371-2,9371,bʰāṇḍa,bʰaṇḍa,explicitly linked numbered CDIAL subhead
9382-2,9382,*bʰin,*bʰan,explicitly linked numbered CDIAL subhead
9382-3,9382,*bʰun,*bʰan,explicitly linked numbered CDIAL subhead
939-2,939,*aṣṭamāsiya,*aṣṭamāsya,explicitly linked numbered CDIAL subhead
9404-2,9404,*bʰambʰala,bʰarbʰarā,explicitly linked numbered CDIAL subhead
9405-2,9405,*bʰar,*bʰal,explicitly linked numbered CDIAL subhead
9409-2,9409,bʰallī,bʰalla,explicitly linked numbered CDIAL subhead
9415-2,9415,*bʰallukka,bʰallū́ka,explicitly linked numbered CDIAL subhead
9415-3,9415,bʰalla-,bʰallū́ka,explicitly linked numbered CDIAL subhead
9423a-2,9423a,*bʰāṣma,*bʰaṣma,explicitly linked numbered CDIAL subhead
9425-2,9425,*bʰāsma,bʰásman,explicitly linked numbered CDIAL subhead
9441-2,9441,*bʰāṇḍaśāla,bʰāṇḍaśālā,explicitly linked numbered CDIAL subhead
9441-3,9441,*bʰāṇḍaśālin,bʰāṇḍaśālā,explicitly linked numbered CDIAL subhead
9445-2,9445,bʰāpayatē,bʰā́ti,explicitly linked numbered CDIAL subhead
9445-3,9445,*bʰāpyatē,bʰā́ti,explicitly linked numbered CDIAL subhead
9454-2,9454,*bʰama,bʰā́ma,explicitly linked numbered CDIAL subhead
9468-2,9468,*bʰārti,*bʰārta,explicitly linked numbered CDIAL subhead
9471-2,9471,*bʰāriyā,bʰāryā̀,explicitly linked numbered CDIAL subhead
9479a-2,9479a,*bʰāṣārāva,*bʰāṣārava,explicitly linked numbered CDIAL subhead
9479a-3,9479a,*bʰāṣālāpa,*bʰāṣārava,explicitly linked numbered CDIAL subhead
9481-2,9481,bʰāsyatē,bʰā́sati,explicitly linked numbered CDIAL subhead
9486-2,9486,*bʰikṣā- carin,bʰikṣācara,explicitly linked numbered CDIAL subhead
9490-2,9490,*bʰīṭ,*bʰiṭ,explicitly linked numbered CDIAL subhead
9490-3,9490,*bʰēṭ,*bʰiṭ,explicitly linked numbered CDIAL subhead
9490-4,9490,*bʰēṭṭ,*bʰiṭ,explicitly linked numbered CDIAL subhead
9490-5,9490,*bʰēl,*bʰiṭ,explicitly linked numbered CDIAL subhead
9490-6,9490,*bʰēll,*bʰiṭ,explicitly linked numbered CDIAL subhead
9491-2,9491,*bʰīṭa,*bʰiṭṭa,explicitly linked numbered CDIAL subhead
9491-3,9491,*bʰiṇḍa,*bʰiṭṭa,explicitly linked numbered CDIAL subhead
9500-2,9500,*bʰyagna,*bʰiyagna,explicitly linked numbered CDIAL subhead
9519-2,9519,*bʰūkka,*bʰukkʰara,explicitly linked numbered CDIAL subhead
9519-3,9519,*bʰōŋka,*bʰukkʰara,explicitly linked numbered CDIAL subhead
9524-2,9524,*bʰuccara,*bʰucca,explicitly linked numbered CDIAL subhead
9524-3,9524,*bʰuccʰa,*bʰucca,explicitly linked numbered CDIAL subhead
9524-4,9524,*bʰujjara,*bʰucca,explicitly linked numbered CDIAL subhead
9524-5,9524,*bʰōcca,*bʰucca,explicitly linked numbered CDIAL subhead
9530-10,9530,*bʰōḍḍa,*bʰuṭṭa,explicitly linked numbered CDIAL subhead
9530-11,9530,*bʰōṇṭa,*bʰuṭṭa,explicitly linked numbered CDIAL subhead
9530-12,9530,*bʰōṇḍa,*bʰuṭṭa,explicitly linked numbered CDIAL subhead
9530-2,9530,*bʰuṭṭʰa,*bʰuṭṭa,explicitly linked numbered CDIAL subhead
9530-3,9530,*bʰuḍa,*bʰuṭṭa,explicitly linked numbered CDIAL subhead
9530-4,9530,*bʰuḍḍa,*bʰuṭṭa,explicitly linked numbered CDIAL subhead
9530-5,9530,*bʰuṇṭa,*bʰuṭṭa,explicitly linked numbered CDIAL subhead
9530-6,9530,*bʰuṇṭʰa,*bʰuṭṭa,explicitly linked numbered CDIAL subhead
9530-7,9530,*bʰuṇḍa,*bʰuṭṭa,explicitly linked numbered CDIAL subhead
9530-8,9530,*bʰōṭṭa,*bʰuṭṭa,explicitly linked numbered CDIAL subhead
9530-9,9530,*bʰōḍa,*bʰuṭṭa,explicitly linked numbered CDIAL subhead
9532-10,9532,*bʰōntʰara,*bʰutta,explicitly linked numbered CDIAL subhead
9532-11,9532,*bʰōnda,*bʰutta,explicitly linked numbered CDIAL subhead
9532-2,9532,*bʰuttara,*bʰutta,explicitly linked numbered CDIAL subhead
9532-3,9532,*bʰudda,*bʰutta,explicitly linked numbered CDIAL subhead
9532-4,9532,*bʰuntʰa,*bʰutta,explicitly linked numbered CDIAL subhead
9532-5,9532,*bʰunda,*bʰutta,explicitly linked numbered CDIAL subhead
9532-6,9532,*bʰōtta,*bʰutta,explicitly linked numbered CDIAL subhead
9532-7,9532,*bʰōttʰa,*bʰutta,explicitly linked numbered CDIAL subhead
9532-8,9532,*bʰōdda,*bʰutta,explicitly linked numbered CDIAL subhead
9532-9,9532,*bʰōntʰa,*bʰutta,explicitly linked numbered CDIAL subhead
9538-2,9538,*bʰōl,*bʰull,explicitly linked numbered CDIAL subhead
9539-2,9539,*bʰōla,*bʰulla,explicitly linked numbered CDIAL subhead
9539-3,9539,*bʰōlla,*bʰulla,explicitly linked numbered CDIAL subhead
9545-2,9545,*bʰussara,*bʰussa,explicitly linked numbered CDIAL subhead
9545-3,9545,*bʰōssa,*bʰussa,explicitly linked numbered CDIAL subhead
9551-2,9551,*bʰūḍḍa,*bʰūṇḍa,explicitly linked numbered CDIAL subhead
9551-3,9551,*bundi,*bʰūṇḍa,explicitly linked numbered CDIAL subhead
9566-2,9566,bʰūmiyá,bʰūmyá,explicitly linked numbered CDIAL subhead
9570-2,9570,*bʰaurja,bʰūrja,explicitly linked numbered CDIAL subhead
9581-2,9581,bʰr̩ŋgārī,bʰŕ̩ŋgā,explicitly linked numbered CDIAL subhead
9581-3,9581,bʰr̩ŋgarōla,bʰŕ̩ŋgā,explicitly linked numbered CDIAL subhead
9583-2,9583,bʰarjayati,bʰr̩jjáti,explicitly linked numbered CDIAL subhead
9600-2,9600,*bʰēkka-,bʰḗka,explicitly linked numbered CDIAL subhead
9601-2,9601,*bʰēŋka,*bʰēkka,explicitly linked numbered CDIAL subhead
9601-3,9601,*bʰēŋga,*bʰēkka,explicitly linked numbered CDIAL subhead
9602-2,9602,*bʰēgga,*bʰēkkʰa,explicitly linked numbered CDIAL subhead
9617-2,9617,*bʰēlla,bʰēla,explicitly linked numbered CDIAL subhead
9619-2,9619,*bʰēsara,*bʰēsa,explicitly linked numbered CDIAL subhead
9624-2,9624,*bʰōŋka-,*bʰōkka,explicitly linked numbered CDIAL subhead
9624-3,9624,*bʰōŋga,*bʰōkka,explicitly linked numbered CDIAL subhead
9655-3,9655,*bhattha,bʰraṣṭá,explicitly linked numbered CDIAL subhead
9677-2,9677,bʰrāmayant,bʰrāmayati,explicitly linked numbered CDIAL subhead
9687-2,9687,*bʰrīṇa,bʰrīṇā́ti,explicitly linked numbered CDIAL subhead
9688-2,9688,*bʰrumu,bʰrū́,explicitly linked numbered CDIAL subhead
97-2x,97,agriyá,agryá,explicitly linked numbered CDIAL subhead
9710-2,9710,*macya,*macyatē,explicitly linked numbered CDIAL subhead
9710-3,9710,*makta,*macyatē,explicitly linked numbered CDIAL subhead
9712-2,9712,*majjʰra,majján,explicitly linked numbered CDIAL subhead
9722-2,9722,*maṭṭ,*maṭ,explicitly linked numbered CDIAL subhead
9723-10,9723,*maṇṭʰara,*maṭṭa,explicitly linked numbered CDIAL subhead
9723-11,9723,*maṇḍa,*maṭṭa,explicitly linked numbered CDIAL subhead
9723-12,9723,*māḍa-,*maṭṭa,explicitly linked numbered CDIAL subhead
9723-13,9723,*māḍʰa,*maṭṭa,explicitly linked numbered CDIAL subhead
9723-14,9723,*māṇa,*maṭṭa,explicitly linked numbered CDIAL subhead
9723-15,9723,*māṇḍʰa,*maṭṭa,explicitly linked numbered CDIAL subhead
9723-2,9723,*maṭṭara-,*maṭṭa,explicitly linked numbered CDIAL subhead
9723-3,9723,*maṭṭʰa-,*maṭṭa,explicitly linked numbered CDIAL subhead
9723-4,9723,*maṭṭʰara,*maṭṭa,explicitly linked numbered CDIAL subhead
9723-5,9723,*maṭʰa,*maṭṭa,explicitly linked numbered CDIAL subhead
9723-6,9723,*maḍa,*maṭṭa,explicitly linked numbered CDIAL subhead
9723-7,9723,*maḍḍa,*maṭṭa,explicitly linked numbered CDIAL subhead
9723-8,9723,*maṇṭa,*maṭṭa,explicitly linked numbered CDIAL subhead
9723-9,9723,*maṇṭʰa,*maṭṭa,explicitly linked numbered CDIAL subhead
9724-2,9724,*maṭṭʰa,*maṭṭara,explicitly linked numbered CDIAL subhead
9740-2,9740,maṇṭapa,maṇḍapa,explicitly linked numbered CDIAL subhead
9740-3,9740,*maṇḍʰaka,maṇḍapa,explicitly linked numbered CDIAL subhead
9742-2,9742,*mandala,máṇḍala,explicitly linked numbered CDIAL subhead
9742-3,9742,*maṇḍa,máṇḍala,explicitly linked numbered CDIAL subhead
9742-4,9742,*manda,máṇḍala,explicitly linked numbered CDIAL subhead
9746-2,9746,*maṇḍukka,maṇḍū́ka,explicitly linked numbered CDIAL subhead
9746-3,9746,maṇḍūra,maṇḍū́ka,explicitly linked numbered CDIAL subhead
9746-4,9746,maṇḍa,maṇḍū́ka,explicitly linked numbered CDIAL subhead
9746-5,9746,*maṇṭrakka,maṇḍū́ka,explicitly linked numbered CDIAL subhead
9747-2,9747,*maŋkuṇa,matkuṇa,explicitly linked numbered CDIAL subhead
9754-2,9754,*madda,*mattʰara,explicitly linked numbered CDIAL subhead
9754-3,9754,*maddʰa,*mattʰara,explicitly linked numbered CDIAL subhead
9754-4,9754,mantʰara,*mattʰara,explicitly linked numbered CDIAL subhead
9754-5,9754,manda,*mattʰara,explicitly linked numbered CDIAL subhead
9754-6,9754,mandara,*mattʰara,explicitly linked numbered CDIAL subhead
9755-2,9755,*matíya,matyà,explicitly linked numbered CDIAL subhead
9755-3,9755,*madya-,matyà,explicitly linked numbered CDIAL subhead
9758-2,9758,*matsiya,mátsya,explicitly linked numbered CDIAL subhead
9817-2,9817,*madʰyāriya,*madʰyāra,explicitly linked numbered CDIAL subhead
9826-2,9826,*manvati,manutḗ,explicitly linked numbered CDIAL subhead
9865-2,9865,*mōra,mayū́ra,explicitly linked numbered CDIAL subhead
9865-3,9865,*majjūra,mayū́ra,explicitly linked numbered CDIAL subhead
9870-2,9870,*malati,*marati,explicitly linked numbered CDIAL subhead
9870-3,9870,*mārayati,*marati,explicitly linked numbered CDIAL subhead
9870-4,9870,*mālayati,*marati,explicitly linked numbered CDIAL subhead
9875-2,9875,*maricca,marīca,explicitly linked numbered CDIAL subhead
9875-3,9875,*marucca,marīca,explicitly linked numbered CDIAL subhead
9885-2,9885,*marjikā,*margā,explicitly linked numbered CDIAL subhead
9890-2,9890,*mr̩ndati,márdati,explicitly linked numbered CDIAL subhead
9895-2,9895,*mariyādā,maryā́dā,explicitly linked numbered CDIAL subhead
9898-2,9898,*marṣyatē,marṣáyati,explicitly linked numbered CDIAL subhead
990-2,990,*asvāka,asvaka,explicitly linked numbered CDIAL subhead
9925-2,9925,masūrikā,masūraka,explicitly linked numbered CDIAL subhead
9926-2,9926,*mastra,masta,explicitly linked numbered CDIAL subhead
9926-3,9926,mastuluŋga,masta,explicitly linked numbered CDIAL subhead
9926-4,9926,mastíṣka,masta,explicitly linked numbered CDIAL subhead
9980-2,9980,*mahiyā,*mahyā,explicitly linked numbered CDIAL subhead
9989-2,9989,*mākṣa,mākṣiká,explicitly linked numbered CDIAL subhead
9992-2,9992,mā kʰalu,mā khalu,explicitly linked numbered CDIAL subhead
9993-2,9993,māgʰī,māgʰá,explicitly linked numbered CDIAL subhead
