ID,Language_ID,Form,Gloss,Tags,entry_family_id
1,Indo-Aryan,a,,pron,1
100,Indo-Aryan,aŋká,"hook; hip where children are carried; curved line, mark, sign",m RV Br̥ĀrUp R Early-Vedic Epic,100
100-2x,Indo-Aryan,*aŋkaṭa-,"hook; hip where children are carried; curved line, mark, sign",ext:ṭa,100-2x
10000,Indo-Aryan,mātaŋga,man of the lowest caste,m Daś Classical,10000
10001,Indo-Aryan,mātuḣṣvasr̩,mother's sister,f Pāṇ Epic,10001
10005,Indo-Aryan,*mātuḣṣvasr̩putra,mother's sister's child,,10005
10005-2,Indo-Aryan,*mātuḣṣvasr̩kāputra,,,10005
10008,Indo-Aryan,*māturta,mother's brother,,10008
10009,Indo-Aryan,mātulá,mother's brother,m Gr̥S Early-Vedic,10009
1001,Indo-Aryan,ākarṇayati,listens to,R Epic,1001
10016,Indo-Aryan,mātŕ̩,mother,f RV Early-Vedic,10016
10019,Indo-Aryan,mātr̩gōtra,mother's family; belonging to it,n adj MW,10019
10019-2,Indo-Aryan,*mātr̩gōtrika,,,10019
10022,Indo-Aryan,*mātr̩tarā,stepmother,,10022
10022a,Indo-Aryan,mātr̩ṣvasēya,mother's sister's son,m R Epic,10022a
10023,Indo-Aryan,mā́trā,measure; minute portion,f RV ŚBr Early-Vedic,10023
10023-2,Indo-Aryan,mātra,"having the measure of, only",KātyŚr Early-Vedic,10023
10024,Indo-Aryan,*mātrēya,maternal,,10024
10024-2,Indo-Aryan,*mātrēyar-,maternal,ext:r,10024-2
10026,Indo-Aryan,mātsyiká,fisherman,Pāṇ Epic,10026
10027,Indo-Aryan,mātʰa,destruction; churning,m Śatr lex Medieval,10027
1003,Indo-Aryan,ākalayati,"binds; observes, reckons",Śiś BhP Classical Medieval,1003
10030,Indo-Aryan,*māda,curds,,10030
10030-2,Indo-Aryan,*mādya,,,10030
10030-3,Indo-Aryan,*mādiya,,,10030
10032,Indo-Aryan,mā́dyati,"exults, is intoxicated",RV Early-Vedic,10032
10035,Indo-Aryan,mādʰurī,"sweetness, wine",f Kāv Classical,10035
10038,Indo-Aryan,*mādʰyānta,of midday,,10038
10039,Indo-Aryan,*mādʰyāhnaka,of midday,,10039
10040,Indo-Aryan,mā́na,"wish; pride; honour; wounded honour, anger",AitBr KauṣUp Mn Kāv Early-Vedic Epic Classical,10040
10041,Indo-Aryan,mā́na,"measure, standard",RV Early-Vedic,10041
10042,Indo-Aryan,mā́na,"house, dwelling",RV Early-Vedic,10042
10044,Indo-Aryan,*māna,skin-bag,,10044
10047,Indo-Aryan,mānáyati,"esteems, honours",AV Early-Vedic,10047
10048,Indo-Aryan,mānavá,human; man,f,10048
10049,Indo-Aryan,mā́nuṣa,human; man,f,10049
10050,Indo-Aryan,māntrika,"reciter of spells, sorcerer",m Rājat Medieval,10050
10053,Indo-Aryan,māpya,not to be measured,,10053
10054,Indo-Aryan,*māpyatē,is measured,,10054
10055,Indo-Aryan,māma,uncle,m Pañcat Classical,10055
10056,Indo-Aryan,māmaká,mine,RV Early-Vedic,10056
10058,Indo-Aryan,*māmikā,mother,,10058
10059,Indo-Aryan,mā́yatē,measures,,10059
1006,Indo-Aryan,ākārayati,calls near,MBh Epic,1006
10060,Indo-Aryan,māyā́,"supernatural power, skill; illusion; fraud, compassion",f RV ŚBr lex Early-Vedic,10060
10063,Indo-Aryan,māra,death; killing,m VarBr̥S Rājat Classical Medieval,10063
10064,Indo-Aryan,māraka,killing,Kathās Medieval,10064
10065,Indo-Aryan,mā́raṇa,killing,n MaitrS Early-Vedic,10065
10066,Indo-Aryan,māráyati,kills,AV Early-Vedic,10066
10067a,Indo-Aryan,mā́ruka,dying,TS Early-Vedic,10067a
10069,Indo-Aryan,mārkaṭa,monkey-like,Kathās Medieval,10069
10071,Indo-Aryan,mārga,"track, road",m Mn Epic,10071
10073,Indo-Aryan,mārgaṇa,asking; beggar,MBh Rājat Epic Medieval,10073
10074,Indo-Aryan,mā́rgati,"seeks, requests",MBh Epic,10074
10075,Indo-Aryan,*mārgayitr̩,wooer,,10075
10078,Indo-Aryan,mārgya,to be sought,W,10078
10078-2,Indo-Aryan,mārgyā,,f,10078
10079,Indo-Aryan,mārja,"cleaning; act of cleaning, washerman",m lex,10079
1008,Indo-Aryan,ākāśá,sky,m ŚBr Early-Vedic,1008
10080,Indo-Aryan,mārjati,"wipes off, destroys",RV MBh Early-Vedic Epic,10080
10081,Indo-Aryan,mārjana,"wiping off, cleaning",n Gr̥Śr Early-Vedic,10081
10082,Indo-Aryan,mārjārá,cat,Mn Epic,10082
10084,Indo-Aryan,*mārjārarūpa,cat,,10084
10085,Indo-Aryan,*mārtta,earthen,,10085
10085-2,Indo-Aryan,mārttika,earthen; lump of earth; earthen pot,MānŚr Bhām Gr̥Śr Early-Vedic,10085
10086,Indo-Aryan,mā́rtsna,finely ground,ŚBr Early-Vedic,10086
10088,Indo-Aryan,māla,forest near a village,n Kauṭ Epic,10088
1009,Indo-Aryan,*ākāśiya,of the sky,,1009
10090,Indo-Aryan,mālava,name of a country,m,10090
10090-2,Indo-Aryan,mālavīya,relating to that country,Kathās Medieval,10090
10092,Indo-Aryan,mā́lā,"wreath, garland",f Gr̥S Early-Vedic,10092
10095,Indo-Aryan,mālya,garland,n Gr̥Śr Early-Vedic,10095
10098,Indo-Aryan,māṣa,a partic. weight of gold; a copper coin,,10098
101,Indo-Aryan,*aŋkakāra,act of marking,m,101
10103,Indo-Aryan,māṣya,fit for beans; field of beans,W,10103
10104,Indo-Aryan,mā́sa,"moon, month",m RV Early-Vedic,10104
10112,Indo-Aryan,*māhārgʰya,dearness,,10112
10112-2,Indo-Aryan,*māhārgʰiya,,,10112
10114,Indo-Aryan,*māhiṣagavya,coming from buffaloes and cows,,10114
10116,Indo-Aryan,*māhya,pertaining to buffaloes,,10116
10116-2,Indo-Aryan,*māhiya,,,10116
10117,Indo-Aryan,*mikkara,lump,,10117
10117-2,Indo-Aryan,*mēŋga-,,,10117
10117-3,Indo-Aryan,*mēŋgana,,,10117
10118,Indo-Aryan,*micc,"close the eyes, blink",,10118
10118-2,Indo-Aryan,*miccakk-,"close the eyes, blink",ext:kk,10118-2
10119,Indo-Aryan,*miṭṭ,close the eyes,,10119
1012,Indo-Aryan,ākula,"confused; filled with, crowded",MBh R Epic,1012
10120,Indo-Aryan,*miḍḍa,defective,,10120
10120-2,Indo-Aryan,*miṇḍa,,,10120
10120-3,Indo-Aryan,*miṇḍʰa-,,,10120
10120-4,Indo-Aryan,*mēṭṭa-,,,10120
10120-5,Indo-Aryan,*mēṇḍa-,,,10120
10120-6,Indo-Aryan,*mēṇḍʰa-,,,10120
10121,Indo-Aryan,mita,measured,Pāṇ Epic,10121
10121-2,Indo-Aryan,*mikka,measured,replaced,10121
10122,Indo-Aryan,*mitta,defective,,10122
10122-2,Indo-Aryan,middʰa,drowsiness,n,10122
10122-3,Indo-Aryan,mindā́,"bodily defect, blemish",f TS Early-Vedic,10122
10122-4,Indo-Aryan,*mindʰa,,,10122
10122-5,Indo-Aryan,*mindʰara,,,10122
10122-6,Indo-Aryan,*mīna-,,,10122
10122-7,Indo-Aryan,*mēdda,penis,BhP AV Medieval Early-Vedic,10122
10123,Indo-Aryan,mitya,*to be measured,Rājat Medieval,10123
10124,Indo-Aryan,mitrá,friend; friendship; friend,m RV TS Early-Vedic,10124
10126,Indo-Aryan,mitratvá,friendship,n TS Early-Vedic,10126
10127,Indo-Aryan,mitríya,friendly,,10127
10128,Indo-Aryan,*mitʰati,"opposes, quarrels with",RV Early-Vedic,10128
10129,Indo-Aryan,*mitʰana,"opposing, quarreling with",,10129
1013,Indo-Aryan,*ākkaḍa,"cramped, stiff",,1013
1013-2,Indo-Aryan,*ākkara,"cramped, stiff",sound-variant,1013
10130,Indo-Aryan,mitʰyā́,"invertedly, wrongly; falsely; in vain",ŚBr Mn MaitrUp Early-Vedic Epic,10130
10132,Indo-Aryan,*mināti,measures,,10132
10133,Indo-Aryan,miláti,"meets, encounters",Kathās Medieval,10133
10133-2,Indo-Aryan,*miḍati,,,10133
10134,Indo-Aryan,milana,meeting,n,10134
10135,Indo-Aryan,miśrá,mixed,RV Early-Vedic,10135
10137,Indo-Aryan,miśrayati,mixes,KātyŚr Early-Vedic,10137
10137-2,Indo-Aryan,miśrāpayati,,Vop Medieval,10137
10137-3,Indo-Aryan,miśrita,mixed,MBh Epic,10137
10137-4,Indo-Aryan,*misrayayati,mixes,caus,10137-4
10139,Indo-Aryan,*miṣṭa,mixed,,10139
1014,Indo-Aryan,*ākkira,"dear, costly",,1014
10142,Indo-Aryan,mī́yatē,diminishes,RV Early-Vedic,10142
10144,Indo-Aryan,mukuṭa,"tiara, crest, point, head",m MBh Epic,10144
10146,Indo-Aryan,mukula,bud,n Suśr Classical,10146
10146-2,Indo-Aryan,mukura,,,10146
10146-3,Indo-Aryan,*bakula-,,,10146
10147,Indo-Aryan,mukulayati,*blossoms,,10147
10147-2,Indo-Aryan,*mukurayati,,,10147
10147-3,Indo-Aryan,mukulāyatē,,,10147
10148,Indo-Aryan,mukuṣṭʰa,,,10148
10148-2,Indo-Aryan,*makusta,,,10148
10150,Indo-Aryan,*mukka,blow with fist,,10150
10151,Indo-Aryan,mukta,set free,MBh Epic,10151
10152,Indo-Aryan,muktā,pearl,f Mn Epic,10152
10156,Indo-Aryan,muktvā́,having loosed; except,ŚBr Kāv Early-Vedic Classical,10156
10156-2,Indo-Aryan,*muktuvā,,,10156
10157,Indo-Aryan,*mukna,loosed,,10157
10157-3,Indo-Aryan,*muknal-,loosed,ext:l,10157-3
10158,Indo-Aryan,múkʰa,"mouth, face; entrance",n RV MBh Early-Vedic Epic,10158
10158-2,Indo-Aryan,*mukʰaḍ-,"mouth, face; entrance",ext:ḍ,10158-2
10159,Indo-Aryan,*mukʰakāṣṭʰa,doorframe,,10159
10161,Indo-Aryan,mukʰacandra,moon-like circle of face,m Bhartr̥ Classical,10161
10163,Indo-Aryan,mukʰatuṇḍaka,mouth,m Divyāv Classical,10163
10166,Indo-Aryan,*mukʰanātʰa,chief master,,10166
10167,Indo-Aryan,mukʰará,talkative; leader,Kathās Hit Medieval,10167
10170,Indo-Aryan,mukʰāgra,"extremity of a snout or nose, any extremity",n lex,10170
10174,Indo-Aryan,múkʰya,pertaining to face or mouth; chief,AV TS Early-Vedic,10174
10177,Indo-Aryan,mucalinda,,,10177
10177-2,Indo-Aryan,mucukunda,P. suberifolium,m lex,10177
10178,Indo-Aryan,*mucca,lump,,10178
10179,Indo-Aryan,*muccʰa,defective,,10179
10179-2,Indo-Aryan,*mōccʰa,,,10179
10179-3,Indo-Aryan,*mujja,,,10179
10180,Indo-Aryan,*muccʰā,mustache,,10180
10180-2,Indo-Aryan,mōccʰā,,,10180
10181,Indo-Aryan,mucyátē,is loosed; escapes,AV Early-Vedic,10181
10182,Indo-Aryan,muñcáti,"releases, lets go, loses",RV Early-Vedic,10182
10183,Indo-Aryan,*muñcana,releasing,,10183
10186,Indo-Aryan,muṭáti,*twists,Dhātup Epic,10186
10186-2,Indo-Aryan,mṓṭati,,,10186
10186-3,Indo-Aryan,*mōṭyatē,is twisted,,10186
10186-4,Indo-Aryan,*muruṭati,,,10186
10187,Indo-Aryan,*muṭṭa,defective,,10187
10187-10,Indo-Aryan,*muṇḍʰara,,,10187
10187-11,Indo-Aryan,*mōṭṭa-,,,10187
10187-12,Indo-Aryan,*mōṭṭʰa,,,10187
10187-13,Indo-Aryan,*mōṭṭʰara,,,10187
10187-14,Indo-Aryan,*mōḍḍa,,,10187
10187-15,Indo-Aryan,*mōṇḍa,,,10187
10187-2,Indo-Aryan,*muṭṭʰa-,,,10187
10187-3,Indo-Aryan,*muṭṭʰara,,,10187
10187-4,Indo-Aryan,*muḍa,,,10187
10187-5,Indo-Aryan,*muḍḍa,,,10187
10187-6,Indo-Aryan,*muḍḍʰa,,,10187
10187-7,Indo-Aryan,*muṇṭa,,,10187
10187-8,Indo-Aryan,*muṇṭara,,,10187
10187-9,Indo-Aryan,*muṇḍʰa,,,10187
10188,Indo-Aryan,*muṭṭa,heart,,10188
10189,Indo-Aryan,*muḍḍʰa,lump,,10189
10189-2,Indo-Aryan,*muṇḍa,,,10189
1019,Indo-Aryan,ā́krōśati,cries out at,TS Early-Vedic,1019
1019-2,Indo-Aryan,ākrōśa,calling; abuse,m R Yājñ Epic Classical,1019
1019-3,Indo-Aryan,ākrōśana,scolding,n BHSk,1019
10190,Indo-Aryan,múṇṭati,"crushes, grinds",,10190
10191,Indo-Aryan,muṇḍa,"shaved, bald, lopped; hornless; blunt",MBh VarBr̥S Kathās Epic Classical Medieval,10191
10194,Indo-Aryan,muṇḍayati,shaves,Pañcat Classical,10194
10196,Indo-Aryan,*mutta,defective,,10196
10196-2,Indo-Aryan,*muttʰa-,,,10196
10196-3,Indo-Aryan,*muttʰara-,,,10196
10196-4,Indo-Aryan,*munda,,,10196
10196-5,Indo-Aryan,*munna,,MBh Epic,10196
10196-6,Indo-Aryan,*mōttʰara-,,,10196
10196-7,Indo-Aryan,*mōdda-,,,10196
10196-8,Indo-Aryan,*mōddʰa,,,10196
10197,Indo-Aryan,*muttʰa,lump,,10197
10197-2,Indo-Aryan,*muttʰara-,,,10197
10197-3,Indo-Aryan,*mōttʰara-,,,10197
10197-4,Indo-Aryan,*mōdda-,,,10197
10198,Indo-Aryan,mudgá,the bean Phaseolus mungo,m VS Early-Vedic,10198
10199,Indo-Aryan,mudgara,mallet,MBh Epic,10199
10199-2,Indo-Aryan,*mōdgara,,,10199
102,Indo-Aryan,aŋkana,marking; branding,adj Nir Mit Early-Vedic,102
10202,Indo-Aryan,mudrayati,seals,Hariv Classical,10202
10203,Indo-Aryan,mudrā́,"seal, signet-ring",f MBh Epic,10203
10208,Indo-Aryan,*munāla,pheasant,,10208
1020b,Indo-Aryan,*ākṣapāṭa,reaped rice (i.e. dried on the enclosure or platform),,1020b
1021,Indo-Aryan,*ākṣaya,dwelling place,,1021
10211,Indo-Aryan,*murati,"crushes, rubs",,10211
10211-2,Indo-Aryan,*mulati,,,10211
10212,Indo-Aryan,*murati,coagulates,,10212
10212-2,Indo-Aryan,*mōrayati,,,10212
10214,Indo-Aryan,muralī,"flute, pipe",f lex,10214
10216,Indo-Aryan,muṣ,stealing; theft,MBh MW Epic,10216
10217,Indo-Aryan,muṣati,steals,MBh Epic,10217
10217-2,Indo-Aryan,*muṣakkati,steals,ext:kk,10217-2
10218,Indo-Aryan,muṣká,"testicle, scrotum",m RV Early-Vedic,10218
10219,Indo-Aryan,*muṣkapuṭikā,scrotum,,10219
10220,Indo-Aryan,muṣṭa,stolen,Kāv Classical,10220
10221,Indo-Aryan,muṣṭí,"clenched hand, fist; handful",m RV ŚBr Early-Vedic,10221
10222,Indo-Aryan,muṣyatē,is robbed,MBh Epic,10222
10223,Indo-Aryan,músala,pestle; club,m AV Mn Early-Vedic Epic,10223
10223-2,Indo-Aryan,*muṣala,,,10223
10226,Indo-Aryan,musta,,m,10226
10226-2,Indo-Aryan,*mōsta,,,10226
10227,Indo-Aryan,*muss,"smile, sob",,10227
10227-2,Indo-Aryan,*mussakk-,"smile, sob",ext:kk,10227-2
10230,Indo-Aryan,múhyati,"goes astray, is bewildered",RV Early-Vedic,10230
10231,Indo-Aryan,mū́ka,,,10231
10231-2,Indo-Aryan,*mūga,,,10231
10231-3,Indo-Aryan,*mukka-,,,10231
10231-4,Indo-Aryan,*mukkara,,,10231
10231-5,Indo-Aryan,*mugga,,,10231
10231-6,Indo-Aryan,*muŋga,,,10231
10231-7,Indo-Aryan,*mōkka,,,10231
10231-8,Indo-Aryan,*mōgga,,,10231
10232,Indo-Aryan,mūḍʰá,stupified; stupid; gone astray,AV Mn R Early-Vedic Epic,10232
10233,Indo-Aryan,mūta,basket; *bundle,m TBr Early-Vedic,10233
10233-2,Indo-Aryan,mūṭa,,,10233
10233-3,Indo-Aryan,*muṭṭa-,,,10233
10233-4,Indo-Aryan,*mūṭʰa,,,10233
10233-5,Indo-Aryan,*muṭṭʰa-,,,10233
10233-6,Indo-Aryan,mōṭa,bundle,Divyāv Classical,10233
10233-7,Indo-Aryan,*mōṭṭa-,,,10233
10233-8,Indo-Aryan,*mōṭʰa-,,,10233
10234,Indo-Aryan,mū́tra,urine,n AV Early-Vedic,10234
10237,Indo-Aryan,mūtramārga,urethra,m Suśr Classical,10237
10239,Indo-Aryan,*mūtriya,pertaining to urine,,10239
1024,Indo-Aryan,*ākṣalati,flows,,1024
1024-2,Indo-Aryan,*ākṣālayati,causes to flow,,1024
10240,Indo-Aryan,mū́rcʰati,becomes solid,AV Early-Vedic,10240
10243,Indo-Aryan,*mūrṇa,coagulated,,10243
10245,Indo-Aryan,mū́rti,"any solid body; figure; image, idol",f Up MBh Kāv Epic Classical,10245
10247,Indo-Aryan,mūrdʰán,"cranium, head, top, chief, beginning",m RV Early-Vedic,10247
1025,Indo-Aryan,ākṣika,the tree Morinda tinctoria,m lex,1025
10250,Indo-Aryan,mū́la,root,AV RV Early-Vedic,10250
10250-2,Indo-Aryan,*mūḍa,,,10250
10251,Indo-Aryan,mūlakapaṇa,bunch of radishes,m Pāṇ Epic,10251
10254,Indo-Aryan,mū́lā,17th or 19th lunar mansion,f,10254
10257,Indo-Aryan,mūlya,"original value, price; capital",n Mn Kathās Epic Medieval,10257
10257-2,Indo-Aryan,*mūliya,,,10257
10257-3,Indo-Aryan,*mūḍiya,,,10257
10258,Indo-Aryan,mūṣa,,m,10258
10258-2,Indo-Aryan,mū́ṣika,"rat, mouse",m Gaut Early-Vedic,10258
1026,Indo-Aryan,ākṣipati,"throws down, takes away; puts into",MBh Suśr Epic Classical,1026
1026-2,Indo-Aryan,ākṣipta,,MBh Epic,1026
1026-3,Indo-Aryan,*ākṣipyati,,,1026
10261,Indo-Aryan,*mūṣala,muscle,,10261
10264,Indo-Aryan,mr̩gá,"wild animal, deer",m RV Early-Vedic,10264
10264-2,Indo-Aryan,mr̩gī,doe,f R Epic,10264
10264-3,Indo-Aryan,*mr̩gā,,,10264
10269,Indo-Aryan,mr̩gayā́,hunting,f Mn Epic,10269
10270,Indo-Aryan,*mr̩garūpa,animal,,10270
10271,Indo-Aryan,*mr̩gasūkara,wild boar,,10271
10272,Indo-Aryan,*mr̩gahana,act of hunting,,10272
10273,Indo-Aryan,*mr̩gahanaka,hunter,,10273
10274,Indo-Aryan,*mr̩gākāra,shaped like a deer,,10274
10275,Indo-Aryan,*mr̩ñjati,rubs,RV Early-Vedic,10275
10276,Indo-Aryan,mr̩ṇā́ti,crushes,AV Early-Vedic,10276
10276-2,Indo-Aryan,mūrṇá,,,10276
10276-3,Indo-Aryan,*mr̩ṇṇa,,,10276
10278,Indo-Aryan,mr̩tá,dead; death,RV MBh Early-Vedic Epic,10278
10279,Indo-Aryan,mr̩taka,corpse,m MBh Epic,10279
10280,Indo-Aryan,mr̩tamātr̩ka,one whose mother is dead,Kathās Medieval,10280
10286,Indo-Aryan,mŕ̩ttikā,"earth, clay",f VS Early-Vedic,10286
10287,Indo-Aryan,*mr̩ttya,earth,,10287
10288,Indo-Aryan,mr̩tyú,death,m RV Early-Vedic,10288
1029,Indo-Aryan,*ākṣuṇṇa,pierced,,1029
10292,Indo-Aryan,mr̩dú,soft; weak; slow,VS AV MBh Early-Vedic Epic,10292
10293,Indo-Aryan,mr̩dulá,"soft, tender, mild",BhP Medieval,10293
10294,Indo-Aryan,mr̩ddʰá,forsaken,MaitrS Early-Vedic,10294
10295,Indo-Aryan,mr̩dyatē,"is crushed, is oppressed",MBh Epic,10295
10297,Indo-Aryan,*mr̩śyatē,is rubbed,,10297
10298,Indo-Aryan,mŕ̩ṣā,in vain; falsely,RV AV Early-Vedic,10298
10299,Indo-Aryan,mr̩ṣṭá,"rubbed, washed, pure; prepared, savoury; sweet, pleasant",RV R MBh Early-Vedic Epic,10299
10299-2,Indo-Aryan,*mr̩ṣṭar-,"rubbed, washed, pure; prepared, savoury; sweet, pleasant",ext:r,10299-2
103,Indo-Aryan,aŋkapāli,embrace,f lex,103
103-2x,Indo-Aryan,ikā,embrace,f lex,103
10301,Indo-Aryan,mḗkʰalā,"girdle; band, fillet",f AV lex Early-Vedic,10301
10302,Indo-Aryan,mēgʰá,"cloud, rain",m RV Early-Vedic,10302
10304,Indo-Aryan,mḗgʰya,being in or coming from a cloud,VS Early-Vedic,10304
10304-2,Indo-Aryan,*mēgʰiya,,,10304
10305,Indo-Aryan,*mēŋga,defective,,10305
10306,Indo-Aryan,*mēcca,defective,,10306
10306-2,Indo-Aryan,*mēñca,,,10306
10308,Indo-Aryan,*mēṭṭa,lump,,10308
10308-2,Indo-Aryan,*mēṇḍa-,,,10308
1031,Indo-Aryan,ā́kṣēti,"abides, dwells in",RV Early-Vedic,1031
10310,Indo-Aryan,mēṇḍʰa,ram,,10310
10310-2,Indo-Aryan,*mēṇṭʰa,,lex,10310
10310-3,Indo-Aryan,*mējjʰa,,,10310
10311,Indo-Aryan,*mēṇḍʰarūpa,like a ram,,10311
10312,Indo-Aryan,*mēṇḍʰī,"lock of hair, curl",,10312
10317,Indo-Aryan,mētʰí,"pillar in threshing floor to which oxen are fastened, prop for supporting carriage shafts",m AV Early-Vedic,10317
10317-2,Indo-Aryan,mēṭʰī,,f,10317
10320,Indo-Aryan,mēda,"a mixed caste, any one living by a degrading occupation",m Mn Epic,10320
10322,Indo-Aryan,*mēdapālikā,holding fat,,10322
10323,Indo-Aryan,mḗdas,"fat, marrow",n RV Early-Vedic,10323
10324,Indo-Aryan,*mēdila,having fat or marrow,,10324
10325,Indo-Aryan,*mēdda,lump,,10325
10326,Indo-Aryan,mēdya,"fatty, thick",Suśr Classical,10326
10328,Indo-Aryan,mēndʰī,the plant Lawsonia alba,,10328
10329,Indo-Aryan,mḗya,to be measured; discernible,AV Prab Early-Vedic Medieval,10329
1033,Indo-Aryan,*ākṣōṭayati,withdraws,,1033
10330,Indo-Aryan,mērú,a fabulous mountain in Himalaya,m MBh Epic,10330
10331,Indo-Aryan,mēla,meeting,m Kathās Medieval,10331
10331-2,Indo-Aryan,*mēḍa,,,10331
10332,Indo-Aryan,mēlayati,,,10332
10332-2,Indo-Aryan,*mēḍayati,,,10332
10333,Indo-Aryan,*mēll,"leave, let go",,10333
10334,Indo-Aryan,mēṣá,ram,m,10334
10334-2,Indo-Aryan,mēha-,,,10334
10337,Indo-Aryan,mēha,urine,Mn Epic,10337
10337-2,Indo-Aryan,*mēhakk-,urine,ext:kk,10337-2
10338,Indo-Aryan,mḗhati,pisses,RV Early-Vedic,10338
10338a,Indo-Aryan,*mēhāyati,is wet,,10338a
10339,Indo-Aryan,*mēhya,rain,,10339
1034,Indo-Aryan,ākʰará,hole or lair of an animal,m RV Early-Vedic,1034
10341,Indo-Aryan,maitʰuná,"coupled, paired, relating to sexual union; copulation",Mn ŚBr Epic Early-Vedic,10341
10343,Indo-Aryan,*maiṣya,ovine,,10343
10343-2,Indo-Aryan,*maiṣiya,,,10343
10344,Indo-Aryan,mṓ,,,10344
10345,Indo-Aryan,mōkṣa,release (esp. from worldly existence),m ŚvetUp Epic,10345
10349,Indo-Aryan,*mōca-,,,10349
10349-2,Indo-Aryan,mōcika,tanner and cobbler,m BHSk,10349
1035,Indo-Aryan,*ākʰarjati,scratches,,1035
10351,Indo-Aryan,*mōcc,"twist, wring",,10351
10352,Indo-Aryan,*mōṭa,wicker stool,,10352
10352-2,Indo-Aryan,*mōṭʰa,,,10352
10353,Indo-Aryan,mōṇa,basket (in which snakes are carried),m lex,10353
10356,Indo-Aryan,*mōdana,mixing,,10356
10357,Indo-Aryan,mōdayati,mixes; softens (with ghee),Dhātup Epic,10357
10359,Indo-Aryan,mṓṣati,steals,RV Early-Vedic,10359
1036,Indo-Aryan,*ākʰuṭati,trips,intr,1036
1036-2,Indo-Aryan,*ākʰōṭayati,strikes against,tr,1036
10360,Indo-Aryan,mṓha,bewilderment; swoon,m AV MBh Early-Vedic Epic,10360
10362,Indo-Aryan,mōháyati,bewilders,RV Early-Vedic,10362
10364,Indo-Aryan,*mōhya,to be confused,,10364
10365,Indo-Aryan,mauktika,pearl,n MBh Epic,10365
10367,Indo-Aryan,mauñjī,thread of the grass Saccharum sara worn by Brahmans,f MBh Epic,10367
1037,Indo-Aryan,ākʰēṭa,hunting,m Kathās Medieval,1037
10370,Indo-Aryan,maudga,relating to beans,KātyŚr Early-Vedic,10370
10371,Indo-Aryan,mauna,"silence; barrenness, lack of flowers",n MBh Bhām Epic,10371
10371-2,Indo-Aryan,*mūna,,,10371
10371-3,Indo-Aryan,*mōnna,,,10371
10372,Indo-Aryan,*maurdʰaka,pertaining to the head,,10372
10373,Indo-Aryan,maulya,being at the root; price,KātyŚr Early-Vedic,10373
10374,Indo-Aryan,mauhūrta,*momentary,MBh Epic,10374
10376,Indo-Aryan,mrakṣa,"disparaging, ill-will, anger",,10376
10378,Indo-Aryan,mrakṣaṇa,"rubbing in; ointment, oil",n Dhātup Suśr Epic Classical,10378
10379,Indo-Aryan,mrákṣati,"rubs, strokes; smears",RV Lalit Early-Vedic Epic,10379
1038,Indo-Aryan,ākʰēṭika,"huntsman, hunting dog",,1038
10381,Indo-Aryan,mradiṣṭʰa,very soft or kind,Pāṇ Epic,10381
10383,Indo-Aryan,mriyátē,dies,RV Early-Vedic,10383
10387,Indo-Aryan,mlā́yati,"withers, is exhausted",ŚBr Early-Vedic,10387
10388,Indo-Aryan,*mlāyita,withered,,10388
1039,Indo-Aryan,*ākʰēlati,plays,,1039
10391,Indo-Aryan,yá,,relative pron,10391
10393,Indo-Aryan,*yakarāntra,liver and guts,,10393
10394,Indo-Aryan,yákr̩t,liver,gen,10394
10395,Indo-Aryan,yakṣá,a supernatural being,m MaitrUp,10395
10396,Indo-Aryan,*yaja,cold,,10396
10398,Indo-Aryan,yajñíya,pertaining to the sacrifice,RV Early-Vedic,10398
104,Indo-Aryan,aŋkáyati,"marks, brands",MBh Epic,104
1040,Indo-Aryan,ākʰyāta,declared; called,KātyŚr Mn Early-Vedic Epic,1040
10400,Indo-Aryan,yatá,"restrained, proffered",RV Early-Vedic,10400
10400-2,Indo-Aryan,*yataḍ-,"restrained, proffered",ext:ḍ,10400-2
10401,Indo-Aryan,yátaḣ,"whence; where, because",RV AV Early-Vedic,10401
10404,Indo-Aryan,yatta,"striving, contending; ready, prepared for",Kāṭh MBh Early-Vedic Epic,10404
10408,Indo-Aryan,yáthā ná,,,10408
10408-2,Indo-Aryan,yátʰā ná,in order that not,ŚBr Early-Vedic,10408
10409,Indo-Aryan,yadā́,when,RV Early-Vedic,10409
1041,Indo-Aryan,ākʰyāti,tells,Ep Epic,1041
10410,Indo-Aryan,yádi,if,RV Early-Vedic,10410
10411,Indo-Aryan,yádi vā,or,RV Early-Vedic,10411
10412,Indo-Aryan,yantrá,controlling device; any implement or contrivance,n RV MBh Early-Vedic Epic,10412
10416,Indo-Aryan,*yabdʰa,copulated,,10416
10418,Indo-Aryan,yábʰati,copulates,AV Early-Vedic,10418
10420,Indo-Aryan,*yabʰyatē,futuitur,,10420
10421,Indo-Aryan,yamá,,,10421
10421-2,Indo-Aryan,*yāmaka,,,10421
10421-3,Indo-Aryan,*yamaḍ-,,ext:ḍ,10421-3
10421-4,Indo-Aryan,*yamaṭṭ-,,ext:ṭṭ,10421-4
10426,Indo-Aryan,yamala,"twin, paired; twins",Suśr MBh Classical Epic,10426
10428,Indo-Aryan,yamyátē,*is fixed,KauṣUp Early-Vedic,10428
10428-2,Indo-Aryan,yamáyati,controls,ŚBr Early-Vedic,10428
10428-3,Indo-Aryan,yāmáyati,,AV Early-Vedic,10428
10428-4,Indo-Aryan,*yāmana,fixing,,10428
10429,Indo-Aryan,yárhi,when,TS Early-Vedic,10429
1043,Indo-Aryan,ākʰyā́na,tale,n ŚBr Early-Vedic,1043
10430,Indo-Aryan,*yal,"endure, stay",,10430
10431,Indo-Aryan,yáva,barley,m RV Early-Vedic,10431
10434,Indo-Aryan,yavanāla,Andropogon bicolor,m Suśr Classical,10434
10436,Indo-Aryan,yávasa,grass,m RV Early-Vedic,10436
10437,Indo-Aryan,yavākāra,barley-shaped,MW,10437
10438,Indo-Aryan,yavāgū́,rice-gruel,f TS Early-Vedic,10438
10438-2,Indo-Aryan,yvāgulī,,,10438
10439,Indo-Aryan,yavānī́,a kind of bad barley; Ptychotis ajowan,f Pāṇ Suśr Epic Classical,10439
1044,Indo-Aryan,ā́gaccʰati,comes to,RV Early-Vedic,1044
10441,Indo-Aryan,yáviya,consisting of grain,RV Early-Vedic,10441
10442,Indo-Aryan,yavyā́,stream,f Naigh Early-Vedic,10442
10442-2,Indo-Aryan,*yaviyā́,,,10442
10443,Indo-Aryan,yáśas,"splendour, renown",n RV Early-Vedic,10443
10444,Indo-Aryan,yaṣṭí,"stick, pole; liquorice",f ŚBr Suśr Early-Vedic Classical,10444
10445,Indo-Aryan,yásmin kālḗ,at which time,,10445
10446,Indo-Aryan,yahú,young; son,m RV Early-Vedic,10446
10448,Indo-Aryan,yācñā́,asking,f TS Early-Vedic,10448
10449,Indo-Aryan,yācyatē,is asked,MBh Epic,10449
1045,Indo-Aryan,ā́gata,,,1045
1045-2,Indo-Aryan,*āgatalla-,,ext:lla,1045-2
10451,Indo-Aryan,yātá,gone; come into,RV Mn Early-Vedic Epic,10451
10452,Indo-Aryan,yā́ti,"goes, approaches, comes to",RV Early-Vedic,10452
10453,Indo-Aryan,yā́tr̩,husband's brother's wife,f Pāṇ Epic,10453
10453-2,Indo-Aryan,*yātrikā,,,10453
10455,Indo-Aryan,yātyatē,"is distressed, is pained",BhP Medieval,10455
10458,Indo-Aryan,yādrśa,which like,ŚBr Early-Vedic,10458
10460,Indo-Aryan,yā́nī,path,f TS Early-Vedic,10460
10462,Indo-Aryan,yāpáyati,causes to go; lives,MBh Divyāv Epic Classical,10462
10462-2,Indo-Aryan,*yāpyatē,,,10462
10466,Indo-Aryan,*yābʰya,to be sexually enjoyed,,10466
10469,Indo-Aryan,yāmala,pair,n lex,10469
10472,Indo-Aryan,yāva,consisting of or prepared from barley,KātyŚr Early-Vedic,10472
10474,Indo-Aryan,yā́vat,"as long as, until",RV Early-Vedic,10474
10476-2,Indo-Aryan,*yāvyar-,to be removed; unimportant,ext:r,10476-2
10479,Indo-Aryan,yuktá,"joined, yoked; engaged in; fit, suitable; team",RV MBh Mn ŚBr Early-Vedic Epic,10479
1047a,Indo-Aryan,ā́gāt,came,,1047a
10481,Indo-Aryan,*yukna,yoined,,10481
10482,Indo-Aryan,yugá,yoke; couple,n RV Gr̥Śr Early-Vedic,10482
10483,Indo-Aryan,*yugakāṣṭʰa,yoke timber,,10483
10485,Indo-Aryan,yugadʰara,yoke-pole,m Apte,10485
10486,Indo-Aryan,yugadʰāra,the pin which fastens yoke to pole(?),m,10486
10489,Indo-Aryan,yugala,"pair, couple",n Pañcat Classical,10489
10490,Indo-Aryan,*yugaśala,yoke and pin,,10490
10491,Indo-Aryan,*yugahala,plough with yoke,,10491
10493,Indo-Aryan,yugmá,even; pair; *yoke (?),Gr̥Śr ŚāṅkhGr̥ Early-Vedic,10493
10494,Indo-Aryan,*yugmakāṣṭʰa,yoke beam,,10494
10495,Indo-Aryan,*yuŋga,"yoke, pair",,10495
10496,Indo-Aryan,*yuṭati,is joined,,10496
10496-2,Indo-Aryan,*yuṭyati,,,10496
10496-3,Indo-Aryan,*yuṭṭa,,,10496
10496-4,Indo-Aryan,*yōṭayati,,Dhātup Epic,10496
10496-5,Indo-Aryan,*yōṭa,,lex,10496
10497,Indo-Aryan,yuta,separate,lex,10497
10497-2,Indo-Aryan,*yutall-,separate,ext:ll,10497-2
10499,Indo-Aryan,yuddʰá,fought; battle,MBh RV Epic Early-Vedic,10499
1050,Indo-Aryan,ā́guratē,"approves, praises",RV Early-Vedic,1050
1050-2,Indo-Aryan,*āgr̩ta,,,1050
10500,Indo-Aryan,*yuddʰi,fighting,,10500
10501,Indo-Aryan,*yudʰya,to be fought,,10501
10502,Indo-Aryan,yúdʰyatē,fights against,RV Early-Vedic,10502
10503,Indo-Aryan,yunákti,"yokes, prepares; concentrates thought on",MBh RV TS Epic Early-Vedic,10503
10503-2,Indo-Aryan,yujyátē,"is yoked, is joined; is fitting, is made ready",RV MBh Early-Vedic Epic,10503
10504,Indo-Aryan,yuvatí,young woman,f RV Early-Vedic,10504
10506,Indo-Aryan,*yuvatirūpa,young woman,,10506
10507,Indo-Aryan,yuvátē,yokes,RV Early-Vedic,10507
10510,Indo-Aryan,*yuvāna,young,,10510
10511,Indo-Aryan,yuṣmad,,nom,10511
10512,Indo-Aryan,yū́kā,louse,f,10512
10515,Indo-Aryan,yūti,"movement, place of movement",,10515
10516,Indo-Aryan,yūtʰá,"flock, band",n RV Early-Vedic,10516
10516-2,Indo-Aryan,*yūttʰa,,,10516
10516-3,Indo-Aryan,*yūtʰaḍ-,"flock, band",ext:ḍ,10516-3
10517,Indo-Aryan,yūtʰikā,a kind of jasmine,,10517
10518,Indo-Aryan,yūna,"band, cord",n KātyŚr Early-Vedic,10518
10519,Indo-Aryan,*yūniya,pertaining to string,,10519
1052,Indo-Aryan,āgrayaṇī,oblation of first fruits,f KātyŚr Early-Vedic,1052
10521,Indo-Aryan,yūṣa,broth,m Gr̥Śr Early-Vedic,10521
10523,Indo-Aryan,yṓktra,"thong, halter; tie of yoke to plough",n RV lex Early-Vedic,10523
10523-2,Indo-Aryan,yṓtra,"thong, halter; tie of yoke to plough",n,10523
10524,Indo-Aryan,yōktrayati,"fastens, ties",MBh Epic,10524
10525,Indo-Aryan,*yōkṣati,ponders,,10525
10526,Indo-Aryan,yṓga,"yoking, employment, work; yoke; expedient",m RV ŚBr MBh Early-Vedic Epic,10526
10527,Indo-Aryan,yōgakṣēmá,"preservation of one's business or property, insurance charge; rest from activity, spiritual good",m Mn KaṭhUp Epic Early-Vedic,10527
10528,Indo-Aryan,yṓgya,"fit for yoking; fit, proper",Pāṇ KātyŚr Epic Early-Vedic,10528
10529,Indo-Aryan,yōgyā́,"trace (of harness), hymn (poetic activity); exercise",f RV MBh Early-Vedic Epic,10529
1053,Indo-Aryan,*āgrāhayati,holds back,,1053
10531,Indo-Aryan,yōjayati,"yokes, sets to work, uses",MBh Epic,10531
10532,Indo-Aryan,yōddʰr̩,warrior,m MBh Epic,10532
10532-2,Indo-Aryan,yōddʰāram,,acc,10532
10534,Indo-Aryan,yōdʰáyati,engages (tr.) in battle,RV Early-Vedic,10534
10535,Indo-Aryan,yṓni,"womb, birthplace, abode; station in life, caste",m RV MBh Early-Vedic Epic,10535
10538,Indo-Aryan,*rakka,defective,,10538
10538-2,Indo-Aryan,*rakkara,,,10538
10538-3,Indo-Aryan,raŋká,"slow, dull; poor, hungry; starveling",Uṇ Prab Mālatīm Medieval Classical,10538
10538-4,Indo-Aryan,*raŋkʰa,,,10538
10538-5,Indo-Aryan,*raŋga,,,10538
10539,Indo-Aryan,rakta,"coloured, dyed; red; blood",ŚBr ŚāṅkhGr̥ Mn Early-Vedic Epic,10539
1054,Indo-Aryan,āgʰaṭṭayati,"touches on, rubs",lex,1054
10543,Indo-Aryan,raktālu,"a red yam, Dioscorea purpurea",m lex,10543
10545,Indo-Aryan,rakṣá,guarding,MBh Epic,10545
10546,Indo-Aryan,rákṣaṇa,"guarding, tending (cattle); ceremony for preservation",n Mn MārkP Epic Medieval,10546
10547,Indo-Aryan,rákṣati,guards,RV Early-Vedic,10547
10548,Indo-Aryan,rakṣapāla,watchman,m Pañcat Classical,10548
1055,Indo-Aryan,*āgʰala,"overflow, refuse",,1055
10551,Indo-Aryan,rakṣā,"preservation, care; amulet, bracelet",Mn BhP Epic Medieval,10551
10552,Indo-Aryan,rakṣā,ashes,lex,10552
10555,Indo-Aryan,*rakṣāpuṭaka,layer of ashes,,10555
10558,Indo-Aryan,*ragg,rub,,10558
10558-2,Indo-Aryan,*raggaḍ-,rub,ext:ḍ,10558-2
10560,Indo-Aryan,raŋga,"dye, colour",MBh Epic,10560
10562,Indo-Aryan,raŋga,tin,lex,10562
10570,Indo-Aryan,*raŋgayati,dyes,,10570
10571,Indo-Aryan,*raŋgita,coloured,,10571
10571-2,Indo-Aryan,*raŋgitall-,coloured,ext:ll,10571-2
10574,Indo-Aryan,*racyatē,is fashioned,,10574
10578,Indo-Aryan,rájana,dyeing,n AV Early-Vedic,10578
10579,Indo-Aryan,rajanī́,night,f AV Early-Vedic,10579
1058,Indo-Aryan,*āgʰālayati,rinses,,1058
10580,Indo-Aryan,rajáyati,dyes,AV Early-Vedic,10580
10580-2,Indo-Aryan,*rājayati,,,10580
10581,Indo-Aryan,rajas,"dust, pollen",n BhP Medieval,10581
10582,Indo-Aryan,rájju,"rope, cord",f RV Early-Vedic,10582
10583,Indo-Aryan,rajyatē,"is dyed, is coloured red",Kāv Classical,10583
10584,Indo-Aryan,rajyatē,takes pleasure in,MBh Epic,10584
10584-2,Indo-Aryan,rakta,"impassioned, fond of",Mn Epic,10584
10587,Indo-Aryan,rañjana,pleasing,MBh Epic,10587
10590,Indo-Aryan,ráṭati,"cries, yells",Kāv Classical,10590
10590-2,Indo-Aryan,*raṭyati,,,10590
10590-3,Indo-Aryan,*raṭakkati,"cries, yells",ext:kk,10590-3
10592,Indo-Aryan,*raṭi,crying out,,10592
10593,Indo-Aryan,*raṭṭa,defective,,10593
10593-2,Indo-Aryan,*raḍḍa,,,10593
10593-3,Indo-Aryan,*raṇṭa,,,10593
10593-4,Indo-Aryan,*raṇṭʰa,,,10593
10593-5,Indo-Aryan,raṇḍa,"maimed; celibate; one who dies without issue, barren tree (= <i>raṇḍaka</i>- m.)",lex BhP Medieval,10593
10593-6,Indo-Aryan,*rāḍa,,,10593
10593-7,Indo-Aryan,*rāṇa,,,10593
10593-8,Indo-Aryan,*raṭṭakk-,defective,ext:kk,10593-8
10594,Indo-Aryan,*raḍḍ,slip,,10594
10594-2,Indo-Aryan,*raḍ,,,10594
10595,Indo-Aryan,ráṇa,"delight, battle",RV Early-Vedic,10595
10596,Indo-Aryan,raṇa,noise,lex,10596
10598,Indo-Aryan,*raṇḍʰu,rope,,10598
10599,Indo-Aryan,ráti,rest; pleasure; sexual pleasure,f VS Up Mn Early-Vedic Epic,10599
10602,Indo-Aryan,rátʰa,"chariot, cart",m RV Early-Vedic,10602
10602-2,Indo-Aryan,*ratʰaḍ-,"chariot, cart",ext:ḍ,10602-2
10607,Indo-Aryan,rátʰya,pertaining to a chariot; collection of chariots; chariot with its team or equipment (?),RV Pāṇ Early-Vedic Epic,10607
10609,Indo-Aryan,rátʰyā,carriage-road,f Yājñ Classical,10609
10609-2,Indo-Aryan,*ratʰiyā,,,10609
10610,Indo-Aryan,*radaka,"scratching, scratch",,10610
10611,Indo-Aryan,*radʰyatē,is softened,AV Early-Vedic,10611
10611-2,Indo-Aryan,raddʰa,subdued,RV Early-Vedic,10611
10612,Indo-Aryan,*randa,"cut, path",,10612
10613,Indo-Aryan,*randati,scrapes,,10613
10614,Indo-Aryan,randʰa,subjection,m Kāś Classical,10614
10615,Indo-Aryan,randʰana,destruction; cooking,n BhP TS Medieval Early-Vedic,10615
10616,Indo-Aryan,randʰáyati,subjects; torments; prepares or cooks food,RV R Early-Vedic Epic,10616
10619,Indo-Aryan,*rapaṇa,talking,,10619
1062,Indo-Aryan,āgʰrāpayati,causes to smell,KātyŚr Early-Vedic,1062
1062-2,Indo-Aryan,āgʰrāṇa,"act of smelling; satiety, satiated",n Gaut lex Early-Vedic,1062
10620,Indo-Aryan,rápati,"talks, chatters",RV Early-Vedic,10620
10622,Indo-Aryan,*rappʰa,anthill,,10622
10626,Indo-Aryan,rámaṇa,"pleasing; amorous sport; lover, husband",BhP Nir MBh Medieval Early-Vedic Epic,10626
10627,Indo-Aryan,ramaṇī,Aloe indica,f,10627
10627-2,Indo-Aryan,rāmā,Aloe perfoliata and other plants,f,10627
10628,Indo-Aryan,rámatē,"pauses, devotes oneself to; takes pleasure in",RV Br Early-Vedic,10628
10629,Indo-Aryan,*rampa,"knife, scraper",,10629
10629-2,Indo-Aryan,*rampʰa,,,10629
10629-3,Indo-Aryan,*rambʰa,,,10629
1063,Indo-Aryan,*ācakṣati,looks at; announces,,1063
10630,Indo-Aryan,*rampati,scrapes,,10630
10630-2,Indo-Aryan,*rampʰati,,,10630
10630-3,Indo-Aryan,*rambʰati,,,10630
10631,Indo-Aryan,rámbatē,hangs down,RV Early-Vedic,10631
10632,Indo-Aryan,rambʰa,"lowing, roaring",,10632
10634,Indo-Aryan,rámbʰatē,bellows,BhP Medieval,10634
10637,Indo-Aryan,*ramyati,"rests, enjoys oneself",,10637
10638,Indo-Aryan,raya,"stream, current",m MBh Epic,10638
10638-2,Indo-Aryan,*rayaḍ-,"stream, current",ext:ḍ,10638-2
10639,Indo-Aryan,*rayaṇa,flowing,,10639
10640,Indo-Aryan,*ral,"meet with, join",,10640
10640-2,Indo-Aryan,*rall,,,10640
10641,Indo-Aryan,ráva,"roar, cry (esp. of animals)",RV Early-Vedic,10641
10641-2,Indo-Aryan,*raval-,"roar, cry (esp. of animals)",ext:l,10641-2
10642,Indo-Aryan,*rava,piece,,10642
10642-2,Indo-Aryan,*raval-,piece,ext:l,10642-2
10643,Indo-Aryan,*ravaṇa,breaking,,10643
10644,Indo-Aryan,rávati,"roars, howls",JaimBr Early-Vedic,10644
10648,Indo-Aryan,raśmí,"rope, bridle, ray of light",m RV Early-Vedic,10648
10650,Indo-Aryan,rása,"sap or juice of plants; condiment, taste",m RV MBh Early-Vedic Epic,10650
10652,Indo-Aryan,rásati,yells; praises,ŚBr Naigh Early-Vedic,10652
10653,Indo-Aryan,rasati,is wet (snēhanē),Dhātup Epic,10653
10654,Indo-Aryan,*rasapūlikā,bunch of liquid,,10654
10656,Indo-Aryan,rasavatī,kitchen,f Kāv Classical,10656
10658,Indo-Aryan,*rasavāṭa,cooking enclosure,,10658
1066,Indo-Aryan,ā́carati,"comes near; proceeds, behaves",RV Mn Early-Vedic Epic,1066
1066-2,Indo-Aryan,*ācārayati,,,1066
10660,Indo-Aryan,rasāla,"*tasty, sweet; mango tree, sugarcane",m lex,10660
10661,Indo-Aryan,rasikā,*serum,lex,10661
10663,Indo-Aryan,rasín,juicy,RV Early-Vedic,10663
10663-2,Indo-Aryan,*rasill-,juicy,ext:ll,10663-2
10664,Indo-Aryan,rasya,juicy; blood,MBh lex Epic,10664
10665,Indo-Aryan,*rahaṇa,remaining,,10665
10666,Indo-Aryan,*rahati,remains,,10666
10666-2,Indo-Aryan,*rahyati,,,10666
10669,Indo-Aryan,rahasyà,"private, secret",MBh Epic,10669
10670,Indo-Aryan,rahita,"deserted, lacking",MBh Epic,10670
10672,Indo-Aryan,rākṣasá,demoniacal; demon,AitBr Kauś Early-Vedic,10672
10674,Indo-Aryan,rāga,"passion, love",Up,10674
10676,Indo-Aryan,rājakula,palace; royal race,n ṢaḍvBr Kāv Early-Vedic Classical,10676
10679,Indo-Aryan,rā́jan,"chieftain, king",m,10679
10680,Indo-Aryan,rājana,belonging to a royal family,Siddh Medieval,10680
10682,Indo-Aryan,rājaputrá,king's son,m RV Early-Vedic,10682
10685,Indo-Aryan,rājamudga,a kind of bean,,10685
10687,Indo-Aryan,rā́ji,"streak, line, row",f ŚBr Early-Vedic,10687
10688,Indo-Aryan,rājikā,mustard (Sinapis racemosa),f Suśr Classical,10688
10692,Indo-Aryan,rā́jñī,queen,f VS Early-Vedic,10692
10694,Indo-Aryan,rājyá,kingship; kingdom,AV RV Early-Vedic,10694
10694-2,Indo-Aryan,*rājiyá,,RV Early-Vedic,10694
10697,Indo-Aryan,rāṭi,"war, battle",f lex,10697
10700,Indo-Aryan,rātra,night,n MBh Epic,10700
10701,Indo-Aryan,rātrika,nocturnal,Pañcad Medieval,10701
10702,Indo-Aryan,rā́trī,night,f RV Early-Vedic,10702
10704,Indo-Aryan,rātryandʰa,night-blind,Suśr Classical,10704
10704-2,Indo-Aryan,*rātryāndʰa,night-blindness,,10704
10704-3,Indo-Aryan,rātryāndʰya,,n,10704
10704-4,Indo-Aryan,*rātryāndʰiya,,,10704
10705,Indo-Aryan,rāddʰa,"accomplished, prepared",KātyŚr Early-Vedic,10705
10706,Indo-Aryan,rā́ddʰi,"accomplishment, success",f AV Early-Vedic,10706
10707,Indo-Aryan,rā́dʰati,accomplishes,RV Early-Vedic,10707
10707-2,Indo-Aryan,*rādʰaḍati,accomplishes,ext:ḍ,10707-2
10709,Indo-Aryan,*rānti,pleasure,,10709
10710,Indo-Aryan,*rāpayati,lets go,,10710
10711,Indo-Aryan,rāmáyati,sets at rest,RV Early-Vedic,10711
10713,Indo-Aryan,*rāyaṇika,barking,,10713
10714,Indo-Aryan,rā́yati,barks at,RV Early-Vedic,10714
10715,Indo-Aryan,rāla,resin of Shorea robusta,,10715
10716,Indo-Aryan,rāva,"shriek, yell",m MBh Epic,10716
10718,Indo-Aryan,rāvayati,makes roar or scream,ĀśvŚr Early-Vedic,10718
10719,Indo-Aryan,rāviṇī,bellowing,f R Epic,10719
10720,Indo-Aryan,rāśí,heap; a measure of quantity (= 1 droṇa),m RV ŚārṅgS Early-Vedic Medieval,10720
10725,Indo-Aryan,rāsa,"din, uproar",m lex,10725
10727,Indo-Aryan,*rikṇa,emptied,,10727
10727-2,Indo-Aryan,*rikṇi,emptying,,10727
10728,Indo-Aryan,*rikṇakarman,doing empty work,,10728
10729,Indo-Aryan,riktá,emptied,AV Early-Vedic,10729
10731,Indo-Aryan,*rikṣa,excrement,,10731
10732,Indo-Aryan,*rigga,defective,,10732
10732-2,Indo-Aryan,*rēŋga,,,10732
10733,Indo-Aryan,*rigʰati,moves,,10733
10733-2,Indo-Aryan,*rigʰyati,,,10733
10734,Indo-Aryan,*riŋk,"roar, cry",,10734
10734-2,Indo-Aryan,*rēŋk,,,10734
10735,Indo-Aryan,ríŋkʰati,"moves, crawls",BhP Medieval,10735
10735-2,Indo-Aryan,*rikʰyati,,lex,10735
10738,Indo-Aryan,riŋgaṇī,the plant Phaseolus trilobus,f lex,10738
10739,Indo-Aryan,ríŋgati,crawls,caus,10739
10739-2,Indo-Aryan,*rigyati,,lex,10739
1074,Indo-Aryan,*ācikʰyati,communicates,,1074
10741,Indo-Aryan,rícyatē,becomes empty,ŚBr TS Early-Vedic,10741
10742,Indo-Aryan,*riñcati,"gives up, evacuates, empties",RV Early-Vedic,10742
10745,Indo-Aryan,*riśyatē,is torn off,,10745
10746,Indo-Aryan,ríṣ,injury,f RV Early-Vedic,10746
10747,Indo-Aryan,riṣṭá,injured; failed,RV ŚBr Early-Vedic,10747
10749,Indo-Aryan,ríṣyati,"is hurt, suffers wrong",RV Early-Vedic,10749
10749a,Indo-Aryan,rīḍʰaka,backbone,m lex,10749a
10751,Indo-Aryan,rītí,stream,RV Early-Vedic,10751
10752,Indo-Aryan,rīti,"yellow brass, bell metal",Kathās Medieval,10752
10752-2,Indo-Aryan,rīrī,,,10752
10753,Indo-Aryan,rī́yatē,"melts, flows",RV Early-Vedic,10753
10753-2,Indo-Aryan,rīṇa,melted,Śiś Classical,10753
10755,Indo-Aryan,*rukta,"bright, liked",,10755
10756,Indo-Aryan,*rukti,liking; brightness,,10756
10757,Indo-Aryan,*rukṣa,tree,,10757
10759,Indo-Aryan,*rugga,defective,,10759
10759-2,Indo-Aryan,*ruŋga,,,10759
10760,Indo-Aryan,rugṇá,"broken, diseased",MBh Epic,10760
10760-2,Indo-Aryan,*lugna,,,10760
10763,Indo-Aryan,rucitá,bright,ŚBr Early-Vedic,10763
10764,Indo-Aryan,rucya,bright,Naiṣ Medieval,10764
10769,Indo-Aryan,*ruṭṭa,lump,,10769
10769-2,Indo-Aryan,*rōḍa,,,10769
10769-3,Indo-Aryan,*rōḍʰa,,,10769
10770,Indo-Aryan,*ruḍa,defective,,10770
10770-2,Indo-Aryan,*ruḍʰa,,,10770
10770-3,Indo-Aryan,*ruṇṭa,,,10770
10770-4,Indo-Aryan,*ruṇṭʰa,,,10770
10770-5,Indo-Aryan,ruṇḍa,"maimed; mutilated body; id., offspring of mare and mule (!)",m Kathās Medieval,10770
10770-6,Indo-Aryan,*ruṇḍʰa,,,10770
10770-7,Indo-Aryan,*rōṭṭa,,,10770
10770-8,Indo-Aryan,*rōḍa-,,,10770
10770-9,Indo-Aryan,*rōḍḍa,,,10770
10772,Indo-Aryan,rutá,"made to resound; cry, roar",AV KātyŚr Early-Vedic,10772
10774,Indo-Aryan,*ruddʰa,grown,,10774
10775,Indo-Aryan,ruddʰá,obstructed,RV Early-Vedic,10775
10779,Indo-Aryan,rudʰyatē,"is stopped, is obstructed",MBh Epic,10779
10781,Indo-Aryan,rundra,rich in,lex,10781
10783,Indo-Aryan,*rupati,"pierces, makes a hole, plants",,10783
10783-2,Indo-Aryan,*rupyati,,,10783
10783-3,Indo-Aryan,rōpayati,plants,MBh Epic,10783
10783-4,Indo-Aryan,rōpyatē,is planted,MBh Epic,10783
10784,Indo-Aryan,rúpyati,suffers acute pain in belly,TBr Early-Vedic,10784
10785,Indo-Aryan,rubʰēṭi,fog,f lex,10785
10786,Indo-Aryan,*rum,roll about,,10786
10786-2,Indo-Aryan,*rumal,,,10786
10786-3,Indo-Aryan,rul,,,10786
10789,Indo-Aryan,*rulla,defective,,10789
1079,Indo-Aryan,*āccʰambʰa,rigidity,,1079
10790,Indo-Aryan,rúśant,shining,RV Early-Vedic,10790
10791,Indo-Aryan,ruṣṭa,angry,MBh Epic,10791
10792,Indo-Aryan,*ruṣṭa,shining,,10792
10793,Indo-Aryan,ruṣṭi,anger,f W,10793
10794,Indo-Aryan,rúṣyati,is angry,MBh Epic,10794
10796,Indo-Aryan,ruháti,"mounts, grows",MBh Epic,10796
10797,Indo-Aryan,*ruhyati,grows,,10797
10798,Indo-Aryan,*rū-a,cotton,,10798
10799,Indo-Aryan,rūkṣá,"dry, rough",ŚBr Early-Vedic,10799
10799-2,Indo-Aryan,lūkṣá,,TS Early-Vedic,10799
10800,Indo-Aryan,rūkṣáyati,makes dry; offends,ŚBr Early-Vedic,10800
10801,Indo-Aryan,rūḍʰá,"risen; grown, sprung up; grown together",AV MBh R Early-Vedic Epic,10801
10803,Indo-Aryan,rūpá,"form, beauty",n RV Early-Vedic,10803
10803-2,Indo-Aryan,*rūpaḍ-,"form, beauty",ext:ḍ,10803-2
10805,Indo-Aryan,rū́pya,"beautiful, bearing a stamp; silver",Pāṇ MBh Epic,10805
10805-2,Indo-Aryan,*rūpiya,,,10805
10807,Indo-Aryan,*rūṣṭa,"rough, harsh",,10807
1081,Indo-Aryan,*āccʰardati,pours on,,1081
10810,Indo-Aryan,rēkʰā́,"scratch, streak, line",f,10810
10811-2,Indo-Aryan,*rēcayaḍati,emits; empties,ext:ḍ,10811-2
10812,Indo-Aryan,*rēñca,defective,,10812
10812-2,Indo-Aryan,*rēñja,,,10812
10814,Indo-Aryan,rēṇú,"dust, sand; pollen; powder",m RV MBh Śiś Early-Vedic Epic Classical,10814
10815,Indo-Aryan,*rēṇṭa,defective,,10815
10815-2,Indo-Aryan,*rēṇḍa,,,10815
10816,Indo-Aryan,rētra,perfumed powder,n lex,10816
10817,Indo-Aryan,*rēnda,defective,,10817
10818,Indo-Aryan,rēpayati,causes to flow or melt,Gr,10818
10819,Indo-Aryan,*rēppa,defective,,10819
10821,Indo-Aryan,*rēva,"sand, dust",,10821
10821-2,Indo-Aryan,rēvaṭa,"dust (W.), whirlwind",lex,10821
10824,Indo-Aryan,*rēhā,sand,,10824
10825,Indo-Aryan,*rēhāstʰala,sandy place,,10825
10826,Indo-Aryan,rṓka-,"light, splendour",,10826
10827,Indo-Aryan,*rōkk,stop,,10827
10828,Indo-Aryan,*rōkka,ready money,,10828
1083,Indo-Aryan,āccʰādana,cover for a bed,n R Epic,1083
10830,Indo-Aryan,rōgya,producing sickness,lex,10830
10831,Indo-Aryan,rōcá,bright; gladdening,AV MW Early-Vedic,10831
10832,Indo-Aryan,rṓcatē,shines,RV Early-Vedic,10832
10832-2,Indo-Aryan,rōcáyati,makes pleasant,AV Early-Vedic,10832
10832-3,Indo-Aryan,rōcyatē,is liked,R Epic,10832
10833,Indo-Aryan,rōcís,"light, brightness",n RV Early-Vedic,10833
10834,Indo-Aryan,*rōcca,defective,,10834
10834-2,Indo-Aryan,*rōñca,,,10834
10835,Indo-Aryan,rōcya,shining(?),MaitrS Early-Vedic,10835
10835-2,Indo-Aryan,*rōciya,,,10835
10837,Indo-Aryan,*rōṭṭa,bread,,10837
10839,Indo-Aryan,rṓda,weeping,m AV Early-Vedic,10839
10840,Indo-Aryan,rōdati,,,10840
10840-2,Indo-Aryan,rudáti,weeps,ṢaḍvBr Early-Vedic,10840
10842,Indo-Aryan,*rōddʰra,"fetter, rope",,10842
10842-2,Indo-Aryan,*rōttra,"fetter, rope",replaced,10842
10843,Indo-Aryan,*rōdya,to be wept over,,10843
10845,Indo-Aryan,rōdʰas,mountain slope,R Epic,10845
10850,Indo-Aryan,*rōbba,defective,,10850
10851,Indo-Aryan,rṓman,hair (esp. short hair) on body of men and animals,n RV Early-Vedic,10851
10852,Indo-Aryan,rōmantʰa,act of chewing the cud,m Kālid Classical,10852
10852-2,Indo-Aryan,*rōmantra,,,10852
10856,Indo-Aryan,rōṣa,"anger, fury",m,10856
10857,Indo-Aryan,rṓṣati,"is hurt, is offended",RV Early-Vedic,10857
10858,Indo-Aryan,rōṣita,angry,MBh Epic,10858
10859,Indo-Aryan,*rōṣya,anger,,10859
10860,Indo-Aryan,rṓha,mounting; growth,m AV ŚrS Early-Vedic,10860
10862,Indo-Aryan,rṓhati,grows,,10862
10867,Indo-Aryan,rōhitamatsya,the fish Cyprinus rohitaka,m VarBr̥S Classical,10867
10870,Indo-Aryan,*rōhya,a kind of deer,,10870
10870-2,Indo-Aryan,*rōhiya,,,10870
10871,Indo-Aryan,*raukṣaka,"of trees, wooden",,10871
10872,Indo-Aryan,raudrá,"ep. of Agni and other gods; terrible; heat, sunshine",VS RV MBh Hit Early-Vedic Epic Medieval,10872
10873,Indo-Aryan,raupya,made of silver,Yājñ Classical,10873
10874,Indo-Aryan,*rauṣṭya,anger,,10874
10875,Indo-Aryan,lakuṭa,club,m Car Epic,10875
10875-2,Indo-Aryan,*lakkuṭa,,,10875
10876,Indo-Aryan,*lakk,sound of lapping or bubbling,,10876
10877,Indo-Aryan,*lakka,defective,,10877
10877-2,Indo-Aryan,*lakkʰa,,,10877
10877-3,Indo-Aryan,laŋka,,,10877
10877-4,Indo-Aryan,laŋga,lame,KātyŚr Early-Vedic,10877
10878,Indo-Aryan,*lakka,lump,,10878
10878-2,Indo-Aryan,*laŋka-,,,10878
10879,Indo-Aryan,*lakka,"waist, loins",,10879
1088,Indo-Aryan,āccʰēda,cutting off,m lex,1088
10881,Indo-Aryan,lakṣá,"stake, prize; mark, sign; 100,000; aim",m RV MBh Yājñ Kālid Early-Vedic Epic Classical,10881
10882,Indo-Aryan,lakṣaṇá,line; mark; aim,n ŚBr Mn Yājñ Early-Vedic Epic Classical,10882
10883,Indo-Aryan,lakṣati,recognizes,MBh Epic,10883
10884,Indo-Aryan,lakṣáyati,"regards; marks, distinguishes",MaitrUp MBh Epic,10884
10890,Indo-Aryan,lakṣmī́,"good sign, fortune; bad sign, misfortune",f RV AV Early-Vedic,10890
10891,Indo-Aryan,lakṣyatē,"is seen, seems",MBh Epic,10891
10893,Indo-Aryan,lagna,"sticking to, fixed on, touching",MBh Epic,10893
10893-2,Indo-Aryan,*lagnaṭṭ-,"sticking to, fixed on, touching",ext:ṭṭ,10893-2
10894,Indo-Aryan,*lagni,,,10894
10895,Indo-Aryan,lagyati,adheres to,Nir Early-Vedic,10895
10896,Indo-Aryan,lagʰú,"light; slight, quick",AV Mn Early-Vedic Epic,10896
10896-3,Indo-Aryan,*lagʰuḍḍ-,"light; slight, quick",ext:ḍḍ,10896-3
10896-5,Indo-Aryan,*lagʰukk-,"light; slight, quick",ext:kk,10896-5
109,Indo-Aryan,aŋkurá,*hooked; sprout; tumour,Uṇ Suśr Classical,109
10900,Indo-Aryan,*laŋga,"tray, basket, net",,10900
10901,Indo-Aryan,*laŋga,end of loincloth,,10901
10902,Indo-Aryan,láŋgati,limps,Dhātup Epic,10902
10903,Indo-Aryan,*laŋgapaṭṭa,loincloth,,10903
10904,Indo-Aryan,*laŋgʰa,leap,,10904
10905,Indo-Aryan,laŋgʰáyati,leaps over; transgresses; ascends,MBh Yājñ Kāv Epic Classical,10905
10906,Indo-Aryan,laŋgʰana,"leaping over, crossing; fasting",n PārGr̥ Suśr Early-Vedic Classical,10906
10907,Indo-Aryan,*lacc,"bend, sway",,10907
10907-2,Indo-Aryan,*lañc,,,10907
10907-3,Indo-Aryan,*laccakk-,"bend, sway",ext:kk,10907-3
10908,Indo-Aryan,*laccʰa,defective,,10908
10909,Indo-Aryan,lajjátē,is ashamed,MBh Epic,10909
10909-2,Indo-Aryan,lajjāpayati,shames,Kāv Classical,10909
10910,Indo-Aryan,lajjā,"shame, modesty",f MBh Epic,10910
10911,Indo-Aryan,lajjālu,bashful; Mimosa pudica,Ratnāv Bhpr Classical Medieval,10911
10912,Indo-Aryan,lajjita,ashamed,MBh Epic,10912
10913,Indo-Aryan,*lajjira,bashful,,10913
10913-2,Indo-Aryan,lajjirī,,,10913
10914,Indo-Aryan,lañcā,"present, bribe",f Nīlak,10914
10915,Indo-Aryan,lañja,tail,lex,10915
10915a,Indo-Aryan,láñjati,abuses,Dhātup Epic,10915a
10916,Indo-Aryan,laṭati,*shakes,Dhātup Epic,10916
10916-2,Indo-Aryan,lāṭayati,,,10916
10916-3,Indo-Aryan,*laṭyatē,is shaken,Pāṇ Epic,10916
10917,Indo-Aryan,laṭṭa,bad man,lex,10917
10917-10,Indo-Aryan,*laṇḍʰa,,,10917
10917-2,Indo-Aryan,*laṭṭʰa-,,,10917
10917-3,Indo-Aryan,*laṭṭʰara,,,10917
10917-4,Indo-Aryan,laḍḍa,"wretch, villain",m lex,10917
10917-5,Indo-Aryan,*laḍḍʰa,,,10917
10917-6,Indo-Aryan,*laṇṭa,,,10917
10917-7,Indo-Aryan,*laṇṭʰa,,,10917
10917-8,Indo-Aryan,*laṇḍa,,,10917
10917-9,Indo-Aryan,*laṇḍara,,,10917
10918,Indo-Aryan,*laṭṭa,"hanging, tangled",,10918
10918-2,Indo-Aryan,*laṭṭʰa-,,,10918
10918-3,Indo-Aryan,*laṇṭʰa-,,,10918
10918-4,Indo-Aryan,*laṇḍa-,,,10918
10918-5,Indo-Aryan,*latta-,,,10918
10918-6,Indo-Aryan,*ladda-,,,10918
10918-7,Indo-Aryan,*liṭṭa-,,,10918
10918-8,Indo-Aryan,*lidda-,,,10918
1092,Indo-Aryan,ā́jāyatē,is born,RV Early-Vedic,1092
10920,Indo-Aryan,*laḍ,fight,,10920
10920-2,Indo-Aryan,*laḍḍ-,,,10920
10920-3,Indo-Aryan,*laḍʰ,,,10920
10921,Indo-Aryan,*laḍa,"string, garland",,10921
10922,Indo-Aryan,láḍati,sports,Rājat Medieval,10922
10922-2,Indo-Aryan,lāḍayati,courts,,10922
10924,Indo-Aryan,*laḍikka,child,,10924
10924-2,Indo-Aryan,*laḍḍikka,,,10924
10925,Indo-Aryan,*laḍḍ,"slip, run",,10925
10927,Indo-Aryan,*laḍḍu,lump,,10927
10927-2,Indo-Aryan,laṇḍa,excrement,BhP Medieval,10927
10928,Indo-Aryan,latā,creeper,Mn Epic,10928
10928-2,Indo-Aryan,latikā,slender creeper,f,10928
10930,Indo-Aryan,*latta,defective,Suśr lex Classical,10930
10930-2,Indo-Aryan,*lattara,,,10930
10930-3,Indo-Aryan,*lattʰara,,,10930
10930-4,Indo-Aryan,*laddʰara,,,10930
10930-5,Indo-Aryan,*lanta,,,10930
10930-6,Indo-Aryan,*lantara,,,10930
10930-7,Indo-Aryan,*landa-,,,10930
10930-8,Indo-Aryan,*latra,,,10930
10931,Indo-Aryan,*lattā,"foot, kick",,10931
10931-2,Indo-Aryan,*lattʰā,,,10931
10933,Indo-Aryan,*ladda,lump,,10933
10933-2,Indo-Aryan,*landa-,,,10933
10934,Indo-Aryan,*lapa,talking,,10934
10935,Indo-Aryan,lápati,chatters,MBh Epic,10935
10938,Indo-Aryan,*laptra,"gains, possessions",,10938
10939,Indo-Aryan,*lappa,sudden movement,,10939
10939-2,Indo-Aryan,*lappʰa-,,,10939
10939-3,Indo-Aryan,lampʰa,jump,lex,10939
10940,Indo-Aryan,*lappa,slap,,10940
10942,Indo-Aryan,*lappēṭṭ,wrap,,10942
10943,Indo-Aryan,*lappʰa,defective,,10943
10943-2,Indo-Aryan,*lampʰa-,,,10943
10943-3,Indo-Aryan,*labba,,,10943
10943-4,Indo-Aryan,*labbʰa,,,10943
10943-5,Indo-Aryan,*lamba-,,,10943
10944,Indo-Aryan,lapsuda,goat's beard,n KātyŚr Early-Vedic,10944
10945,Indo-Aryan,labá,quail,m VS Early-Vedic,10945
10945-2,Indo-Aryan,lāba,the quail Perdix chinensis,m R Epic,10945
10946,Indo-Aryan,labdʰa,"taken, seized",MBh Epic,10946
10948,Indo-Aryan,lábʰatē,"catches, takes",AitBr Early-Vedic,10948
10949,Indo-Aryan,labʰana,obtaining,n BhP Medieval,10949
1095,Indo-Aryan,ājñā,command,f Mn Epic,1095
10950,Indo-Aryan,labʰyátē,is taken,R Epic,10950
10951,Indo-Aryan,lamba,pendent,MBh Epic,10951
10954,Indo-Aryan,lámbatē,"hangs down, loiters",MBh Epic,10954
10954-2,Indo-Aryan,*lambatēkk-,"hangs down, loiters",ext:kk,10954-2
10956,Indo-Aryan,lambayati,causes to hang down,Kathās Medieval,10956
1096,Indo-Aryan,ājñāpayati,"directs, orders",MBh Epic,1096
10961,Indo-Aryan,lambʰayati,"causes to get, presents; gets, finds out",MBh Mn Epic,10961
10963,Indo-Aryan,layana,"*clinging; place of rest, house, cell",Śiś Classical,10963
10965,Indo-Aryan,*larda,"piling up, load",,10965
10966,Indo-Aryan,lardayati,loads,Divyāv Classical,10966
10967,Indo-Aryan,lala,*child,,10967
10968-2,Indo-Aryan,*lalakkati,"sports, dallies",ext:kk,10968-2
10969,Indo-Aryan,lalana,child,m Apte,10969
10970,Indo-Aryan,lalā́ṭa,"forehead, brow",n AV Early-Vedic,10970
10970-2,Indo-Aryan,niṭāla,,n,10970
10971,Indo-Aryan,lalāṭapaṭṭa,flat surface of forehead,,10971
10972,Indo-Aryan,*lalla,inarticulate noise,,10972
10972-2,Indo-Aryan,lallara,stammering,lex,10972
10974,Indo-Aryan,láva,"that which is cut off, fleece; reaping; fragment, particle",Mn Daś MBh Epic Classical,10974
10977,Indo-Aryan,lavaŋga,clove tree; clove,m n Kāv Classical,10977
10978,Indo-Aryan,lavaṇá,salt; salty,n AV MBh Early-Vedic Epic,10978
10979,Indo-Aryan,*lavaṇakara,salt-maker,,10979
10979-2,Indo-Aryan,*lavaṇakāra,,,10979
10981,Indo-Aryan,lavaṇayati,salts,Pāṇ Epic,10981
10984,Indo-Aryan,*lavaṇḍa,"servant, boy",,10984
10986,Indo-Aryan,*lavati,reaps,,10986
10988,Indo-Aryan,lavítra,sickle,n Pāṇ Epic,10988
1099,Indo-Aryan,ā́ñcʰati,"stretches, draws, sets (a bone)",Suśr Classical,1099
10990,Indo-Aryan,láśuna,garlic,n Gaut Early-Vedic,10990
10990-2,Indo-Aryan,*raśuna,,,10990
10991,Indo-Aryan,*laṣṭi,stick,,10991
10992,Indo-Aryan,*lasa,"stickiness, slipperiness",,10992
10992-2,Indo-Aryan,*lasya,,,10992
10993,Indo-Aryan,lásati,"flashes, shines; sports",MBh Epic,10993
10993-2,Indo-Aryan,*lasakkati,"flashes, shines; sports",ext:kk,10993-2
10994,Indo-Aryan,*lasati,"is sticky, slips, slips down, descends",,10994
10995,Indo-Aryan,*lasta,"stuck, slipped, descended",,10995
10997,Indo-Aryan,*lasyati,"is sticky, is slippery",,10997
10999,Indo-Aryan,lahari,large wave,f Kāv Classical,10999
10999-2,Indo-Aryan,*lahaḍi,,,10999
10999-3,Indo-Aryan,laharī,large wave,f Kāv Classical,10999
11,Indo-Aryan,akāla,out of time; wrong time,MBh Epic,11
110,Indo-Aryan,*aŋkurayati,sprouts,,110
11001,Indo-Aryan,*lākṣakara,lac-worker,,11001
11001-2,Indo-Aryan,*lākṣakārin,,,11001
11003,Indo-Aryan,lākṣiká,dyed with lac,lex,11003
11003-2,Indo-Aryan,*lākṣaka,red,,11003
11004,Indo-Aryan,lāgáyati,lays on,Dhātup KātyŚr com Epic Early-Vedic Medieval,11004
11005,Indo-Aryan,*lāgyatē,is set on,,11005
11006,Indo-Aryan,lā́ŋgala,plough,n RV Early-Vedic,11006
11009,Indo-Aryan,lāŋgūlá,tail; having a tail; penis,Pañcat lex ŚāṅkhŚr MBh Classical Late-Vedic Epic,11009
11009-2,Indo-Aryan,*lāŋguṭa,,,11009
11009-3,Indo-Aryan,*lāŋguṭṭa,,,11009
11009-4,Indo-Aryan,*lāŋguṭṭʰa,,,11009
11009-5,Indo-Aryan,*lēŋgula,,,11009
11009-6,Indo-Aryan,*lēŋguṭṭa,,,11009
11010,Indo-Aryan,*lāŋgʰaka,pertaining to crossing,,11010
11011,Indo-Aryan,lājá,fried or parched grain,m VS Early-Vedic,11011
11012,Indo-Aryan,*lāḍa,fondling,,11012
11013,Indo-Aryan,*lāḍya,fondling,,11013
11014,Indo-Aryan,lāpa,talking,m W,11014
11015,Indo-Aryan,*lāpana,talking,,11015
11016,Indo-Aryan,lāpayati,causes to talk,ChUp Early-Vedic,11016
11019,Indo-Aryan,*lābʰana,taking,,11019
1102,Indo-Aryan,*āḍi,"row, line, ridge",,1102
11020,Indo-Aryan,*lābʰayati,causes to be taken,,11020
11021,Indo-Aryan,*lāma,defective,,11021
11022,Indo-Aryan,*lāmbyā,length,,11022
11023,Indo-Aryan,*lāyayati,causes to cling together,,11023
11024,Indo-Aryan,*lārā,"string, line",,11024
11026,Indo-Aryan,lālasa,eagerly longing for; eager desire,MBh Epic,11026
11027,Indo-Aryan,lālā,"spittle, saliva",Suśr Classical,11027
1103,Indo-Aryan,*āḍu,peach,,1103
11030,Indo-Aryan,lālya,to be caressed,Hit Medieval,11030
11031,Indo-Aryan,lāva,"reaping, cutting",m Kāv Classical,11031
11035,Indo-Aryan,*lāvana,reaping,,11035
11037,Indo-Aryan,*lāvyakāra,reaping,,11037
11039,Indo-Aryan,lāsa,"jumping, sporting",,11039
11040,Indo-Aryan,lāsa,broth,lex,11040
11041,Indo-Aryan,lāsáyati,"*makes shine; sports, dances",R Epic,11041
11041-2,Indo-Aryan,*lāsyatē,is made to shine,,11041
11042,Indo-Aryan,*lāsayati,"makes slippery, makes slip, makes descend",,11042
11044,Indo-Aryan,*likka,defective,,11044
11044-2,Indo-Aryan,*liŋga,,,11044
11044-3,Indo-Aryan,*lēkka,,,11044
11044-4,Indo-Aryan,*lēgga,,,11044
11044-5,Indo-Aryan,*lēŋka,,,11044
11044-6,Indo-Aryan,*lēŋga,,,11044
11044-7,Indo-Aryan,*lēŋgʰa,,,11044
11045,Indo-Aryan,likṣā́,"nit, young louse",f Mn Epic,11045
11048,Indo-Aryan,likʰáti,scratches; writes,AV Yājñ Early-Vedic Classical,11048
1105,Indo-Aryan,*āḍḍʰalati,falls towards,,1105
1105-2,Indo-Aryan,*āḍḍʰarati,,,1105
11051,Indo-Aryan,liŋga,characteristic attribute; penis,MaitrUp Mn Epic,11051
11053,Indo-Aryan,*licca,defective,,11053
11053-2,Indo-Aryan,*liccʰa,,,11053
11053-4,Indo-Aryan,*lēcca,,,11053
11053-5,Indo-Aryan,*lēñca,,,11053
11054,Indo-Aryan,*liṭṭa,defective,Pāṇ Epic,11054
11054-10,Indo-Aryan,*lēṇḍara,,,11054
11054-11,Indo-Aryan,*lēṇḍʰa,,,11054
11054-2,Indo-Aryan,*liḍḍa,,,11054
11054-3,Indo-Aryan,*liṇḍa-,,,11054
11054-4,Indo-Aryan,*liṇḍara,,,11054
11054-5,Indo-Aryan,*līḍa,,,11054
11054-6,Indo-Aryan,*lēṭṭʰa,,,11054
11054-7,Indo-Aryan,*lēḍḍa-,,,11054
11054-8,Indo-Aryan,*lēṇṭa,,,11054
11054-9,Indo-Aryan,*lēṇḍa,,,11054
11055,Indo-Aryan,*liṭṭa,lump,,11055
11055-2,Indo-Aryan,*liṇḍa-,,,11055
11055-3,Indo-Aryan,*lēḍa,,,11055
11055-4,Indo-Aryan,*lēḍḍa-,,,11055
11055-5,Indo-Aryan,*lēṇṭa,,,11055
11055-6,Indo-Aryan,lēṇḍa,excrement,BhP Medieval,11055
11056,Indo-Aryan,*litta,defective,,11056
11056-10,Indo-Aryan,*lēnda,,,11056
11056-11,Indo-Aryan,*lēndara,,,11056
11056-2,Indo-Aryan,*littara,,,11056
11056-3,Indo-Aryan,*litra,,,11056
11056-4,Indo-Aryan,*lidda-,,,11056
11056-5,Indo-Aryan,*liddʰara,,,11056
11056-6,Indo-Aryan,*lētta,,,11056
11056-7,Indo-Aryan,*lēttʰa,,,11056
11056-8,Indo-Aryan,*lēdda-,,,11056
11056-9,Indo-Aryan,*lēddʰa-,,,11056
11057,Indo-Aryan,*lidda,lump,,11057
11057-2,Indo-Aryan,*linda,,,11057
11057-3,Indo-Aryan,*lēdda-,,,11057
11057-4,Indo-Aryan,*lēddʰa-,,,11057
11057-5,Indo-Aryan,*lēnta,,,11057
11057-6,Indo-Aryan,*lēntʰa,,,11057
11059,Indo-Aryan,liptá,smeared; sticking to,RV AV ŚBr Early-Vedic,11059
1106,Indo-Aryan,āḍʰaka,a measure of grain (= 4 prasthas),m,1106
11061,Indo-Aryan,lipyatē,is smeared,ĪśUp Early-Vedic,11061
11061-2,Indo-Aryan,*lipyatēṭṭ-,is smeared,ext:ṭṭ,11061-2
11061-3,Indo-Aryan,*lipyatēḍ-,is smeared,ext:ḍ,11061-3
11063,Indo-Aryan,*libba,defective,,11063
11063-2,Indo-Aryan,*limba,,,11063
11063-3,Indo-Aryan,*lība,,,11063
11063-4,Indo-Aryan,*lēbba,,,11063
11063-5,Indo-Aryan,*lēbbʰa,,,11063
11063-6,Indo-Aryan,*lēbbʰara,,,11063
11063-7,Indo-Aryan,*lēmbʰa,,,11063
11067,Indo-Aryan,*liśati,tears off,TS Early-Vedic,11067
11067-2,Indo-Aryan,liśyatē,"is lessened, becomes small",Dhātup Epic,11067
11067-3,Indo-Aryan,liṣṭa,"lessened, decayed",lex,11067
11068,Indo-Aryan,*lissa,defective,,11068
11068-2,Indo-Aryan,*līsa,,,11068
11068-3,Indo-Aryan,*lēssa,,,11068
11069,Indo-Aryan,lihati,licks,MBh Epic,11069
11069-2,Indo-Aryan,*lēhati,,,11069
11070,Indo-Aryan,*līkkā,"track, line",,11070
11071,Indo-Aryan,*līra,defective,,11071
11071-2,Indo-Aryan,*lēra,,,11071
11071-3,Indo-Aryan,*lēlla,,,11071
11072,Indo-Aryan,*lukka,defective,,11072
11072-2,Indo-Aryan,*lugga,,,11072
11072-3,Indo-Aryan,*luŋka,,,11072
11072-4,Indo-Aryan,*luŋkʰa,,,11072
11072-5,Indo-Aryan,*luŋga,,,11072
11072-6,Indo-Aryan,*luŋgara,,,11072
11072-7,Indo-Aryan,*lōkka,,,11072
11073,Indo-Aryan,*lucca,defective,,11073
11073-2,Indo-Aryan,*luñca,,,11073
11073-3,Indo-Aryan,*luñja,,,11073
11073-4,Indo-Aryan,*lōcca,,lex,11073
11073-5,Indo-Aryan,*lōjjʰa,,,11073
11076,Indo-Aryan,*luṭṭa,defective,,11076
11076-10,Indo-Aryan,*lōṭṭʰa,,,11076
11076-11,Indo-Aryan,*lōṇṭʰa,,,11076
11076-2,Indo-Aryan,*luṭṭʰa,,,11076
11076-3,Indo-Aryan,*luḍa,,,11076
11076-4,Indo-Aryan,*luḍḍa,,,11076
11076-5,Indo-Aryan,*luṇṭa,,lex,11076
11076-6,Indo-Aryan,luṇṭʰaka,robber,m Hcar Classical,11076
11076-7,Indo-Aryan,*luṇḍa,,,11076
11076-8,Indo-Aryan,*luṇḍara,,,11076
11076-9,Indo-Aryan,*lōṭṭa-,,,11076
11077,Indo-Aryan,*luṭṭa,lump,,11077
11077-2,Indo-Aryan,*luḍa-,,,11077
11077-3,Indo-Aryan,luṇḍikā,"ball, mass, excrement",f lex,11077
11077-4,Indo-Aryan,*lōṭṭa,,,11077
11078,Indo-Aryan,*luṭṭati,plunders,,11078
11078-2,Indo-Aryan,*lūṭati,,,11078
11078-3,Indo-Aryan,lúṇṭati,,,11078
11078-4,Indo-Aryan,*luṭʰati,,Rājat Medieval,11078
11079,Indo-Aryan,luṭʰáti,"rolls, wallows",Dhātup Epic,11079
11079-2,Indo-Aryan,*luṭʰyati,,,11079
11079-3,Indo-Aryan,lōṭʰayati,sets in motion,BhP Medieval,11079
1108,Indo-Aryan,āḍʰyá,rich,ŚBr Early-Vedic,1108
1108-2,Indo-Aryan,*āḍʰiya,,,1108
11080,Indo-Aryan,luḍáti,stirs,,11080
11080-2,Indo-Aryan,*luḍyati,"is moved, swings",,11080
11080-3,Indo-Aryan,*luṇḍati,rolls,lex,11080
11080-4,Indo-Aryan,lōḍayati,agitates,MBh Epic,11080
11080-5,Indo-Aryan,lōḍyatē,is set in motion,MBh Epic,11080
11080-6,Indo-Aryan,*luḍakkati,stirs,ext:kk,11080-6
11081,Indo-Aryan,*lutta,defective,,11081
11081-10,Indo-Aryan,*lōddara,,,11081
11081-11,Indo-Aryan,*lōddʰa-,,,11081
11081-2,Indo-Aryan,*luttara,,,11081
11081-3,Indo-Aryan,*luttʰara,,,11081
11081-4,Indo-Aryan,*lunda,,,11081
11081-5,Indo-Aryan,*lōtta,,,11081
11081-6,Indo-Aryan,*lōttara,,,11081
11081-7,Indo-Aryan,*lōttʰa-,,,11081
11081-8,Indo-Aryan,*lōttʰara,,,11081
11081-9,Indo-Aryan,*lōdda-,,,11081
11082,Indo-Aryan,lunā́ti,"cuts, reaps",TBr Early-Vedic,11082
11083,Indo-Aryan,lúpyatē,,,11083
11084,Indo-Aryan,lubdʰa,"covetous, greedy; hunter",Gaut Early-Vedic,11084
11084a,Indo-Aryan,lubdʰa,confused,AitBr Early-Vedic,11084a
11087,Indo-Aryan,*lumba,defective,,11087
11087-2,Indo-Aryan,*lōbba,,,11087
11088,Indo-Aryan,*lumba,lump,,11088
11088-2,Indo-Aryan,*lumbara,,,11088
11088-3,Indo-Aryan,*lōppa,,,11088
11089,Indo-Aryan,*lumba,hanging,,11089
1109,Indo-Aryan,āṇavá,"small, minute",Pāṇ Epic,1109
11090,Indo-Aryan,*lulla,defective,,11090
11090-2,Indo-Aryan,*lōlla,,,11090
11091,Indo-Aryan,*lussa,defective,,11091
11091-2,Indo-Aryan,*lōssa,,,11091
11093,Indo-Aryan,lūtā,spider; a cutaneous disease (said to be caused by the exudation of spiders),f Mn Rājat Epic Medieval,11093
11093-2,Indo-Aryan,*lūttā,,,11093
11094,Indo-Aryan,lūna,"cut, reaped",MBh Epic,11094
11096,Indo-Aryan,lūma,,,11096
11096-2,Indo-Aryan,*rūma,,,11096
11097,Indo-Aryan,*lūṣati,burns,,11097
11097-2,Indo-Aryan,lūṣáyati,*causes to burn,Dhātup Epic,11097
11097-3,Indo-Aryan,*lōṣati,,,11097
11097-4,Indo-Aryan,*lūṣyatē,,,11097
11098,Indo-Aryan,lūṣáyati,steals,Vop Medieval,11098
11098-2,Indo-Aryan,*lūṣṭa,stolen,,11098
11099,Indo-Aryan,*lūṣā,burning,,11099
111,Indo-Aryan,aŋkuśá,"hook, driver's hook",m RV Early-Vedic,111
1110,Indo-Aryan,āṇí,"axle-pin; corner of house, boundary",m RV lex Early-Vedic,1110
11100,Indo-Aryan,*lūṣṭa,burnt,,11100
11105,Indo-Aryan,lēkʰaśālā,writing school,f,11105
11107,Indo-Aryan,lḗkʰā,"scratch, streak, line",f ŚBr Early-Vedic,11107
11108,Indo-Aryan,lēkʰya,to be written; writing; document,Yājñ MBh Classical Epic,11108
11109,Indo-Aryan,lēṭyáti,sleeps,Pāṇ Epic,11109
1111,Indo-Aryan,āṇḍá,egg; testicles,n RV AV Early-Vedic,1111
11110,Indo-Aryan,lēpa,"smearing; ointment, plaster",m Yājñ MBh Classical Epic,11110
11110-3,Indo-Aryan,*lēpaṭṭ-,"smearing; ointment, plaster",ext:ṭṭ,11110-3
11114,Indo-Aryan,lēpya,to be smeared; plaster,MaitrUp lex,11114
11116,Indo-Aryan,*lēlla,"lamb, kid",,11116
11117,Indo-Aryan,lēśa,"small portion, bit, atom",m ChUp Early-Vedic,11117
11118,Indo-Aryan,lēhana,licking,n Sarvad Medieval,11118
11119,Indo-Aryan,lōká,"free space, world; space, territory; people",RV ŚBr Mn Early-Vedic Epic,11119
1112,Indo-Aryan,āṇḍakōśa,egg,m BhP Medieval,1112
11120,Indo-Aryan,*lōka,light,,11120
11122,Indo-Aryan,lṓkatē,sees,Dhātup Epic,11122
11122-2,Indo-Aryan,lōkáyati,shines,Dhātup Epic,11122
11127,Indo-Aryan,lōgá,clod of earth,m RV Early-Vedic,11127
11128,Indo-Aryan,lōcana,lighting; eye,BhP MBh Medieval Epic,11128
11129,Indo-Aryan,*lōcis,light,,11129
11131,Indo-Aryan,*lōcya,bright,,11131
11131-2,Indo-Aryan,*lōciya,,,11131
11132,Indo-Aryan,lōcyatē,is caused to shine,Dhātup Epic,11132
11133,Indo-Aryan,*lōṭṭa,waterpot,,11133
11134,Indo-Aryan,lōṭʰa,rolling,m Vop Medieval,11134
11136,Indo-Aryan,*lōḍa,"tossing, hanging",,11136
11137,Indo-Aryan,*lōttʰa,lump,,11137
11137-2,Indo-Aryan,*lōdda,,,11137
11137-3,Indo-Aryan,*lōddʰa,,,11137
11137-4,Indo-Aryan,*lōnda,,,11137
11138,Indo-Aryan,*lōttʰa,"skin, skin-bag",,11138
11139,Indo-Aryan,lōdʰra,the tree Symplocos racemosa (red bark of which is used for dyeing),m MBh Epic,11139
11139-2,Indo-Aryan,rōdʰra,*red; S. racemosa,m Kāv Classical,11139
11140,Indo-Aryan,lōpāka,a kind of jackal,m Suśr Classical,11140
11140-2,Indo-Aryan,*rōpākya,,,11140
11141,Indo-Aryan,lōpāśá,"fox, jackal",m RV Early-Vedic,11141
11142,Indo-Aryan,*lōpi,fox,,11142
11142-2,Indo-Aryan,*rōpi,,,11142
11147,Indo-Aryan,lōbʰa,eager desire,Mn Epic,11147
11147a,Indo-Aryan,*lōbʰa,agitation,,11147a
11148,Indo-Aryan,*lōbʰati,is desirous,Dhātup Vop Epic Medieval,11148
1115,Indo-Aryan,*ātatya,extended,,1115
11153,Indo-Aryan,lōmaṭaka,fox,m Śīl,11153
11153-2,Indo-Aryan,*lōmaka,,,11153
11153-3,Indo-Aryan,*lōmpaṭa,,,11153
11154,Indo-Aryan,lṓman,hair on body of animals or men,n RV Early-Vedic,11154
11156,Indo-Aryan,*lōrtati,rolls,,11156
11156-2,Indo-Aryan,lṓṭati,rolls,Dhātup Epic,11156
11157,Indo-Aryan,lōṣṭá,lump of earth,m TS Early-Vedic,11157
11158,Indo-Aryan,lōhá,"red, copper-coloured; made of copper; copper; iron",ŚrS ŚBr VS MBh Early-Vedic Epic,11158
11159,Indo-Aryan,lōhakāra,iron-worker,m,11159
1116,Indo-Aryan,ātapá,"causing pain; heat, sunshine",RV KaṭhUp Early-Vedic,1116
11164,Indo-Aryan,lōhi,"*red, blood",lex,11164
11165,Indo-Aryan,lṓhita,red; any red substance; blood,AV ŚBr VS Early-Vedic,11165
11167,Indo-Aryan,*lōhittara,reddish,,11167
11168,Indo-Aryan,*lōhila,red,,11168
11169,Indo-Aryan,*lōhiṣṭʰa,very red,,11169
11170,Indo-Aryan,lōhī,any object made of iron; pot,f Kāv Divyāv Classical,11170
11171,Indo-Aryan,*lōhōpaskara,iron tools,,11171
11173,Indo-Aryan,lauhabʰāṇḍa,"iron pot, iron mortar",n lex,11173
11175,Indo-Aryan,vaṁśá,bamboo,m RV Early-Vedic,11175
1118,Indo-Aryan,ātapatra,large umbrella,n MBh Epic,1118
11180,Indo-Aryan,vaṁśī,"flute, pipe",f Pañcar,11180
11180-2,Indo-Aryan,*vaṁsīl-,"flute, pipe",ext:l,11180-2
11182,Indo-Aryan,váṁśya,crossbeam,m BhP Medieval,11182
11182-2,Indo-Aryan,*vaṁśiya,,,11182
11183,Indo-Aryan,vaḣ,,,11183
11185,Indo-Aryan,vakrá,"crooked, curved",AV Early-Vedic,11185
11187,Indo-Aryan,vakrita,"curved, bent",,11187
11188,Indo-Aryan,vákṣas,"breast, chest",n RV Early-Vedic,11188
11189,Indo-Aryan,vakṣaskāra,basket,m,11189
11191,Indo-Aryan,vaŋka,"*bent, crooked; bend of a river",m lex,11191
11192,Indo-Aryan,*vaŋka,defective,,11192
11192-2,Indo-Aryan,*vaŋkara-,,,11192
11193,Indo-Aryan,vaŋkara,*crooked; bend of a river,m,11193
11194-2,Indo-Aryan,*vaŋkuḍ-,going crookedly,ext:ḍ,11194-2
11195,Indo-Aryan,vaŋga,"tin, lead",lex,11195
11196,Indo-Aryan,vaŋga,cotton,lex,11196
11199,Indo-Aryan,vacaná,speaking; statement; speech,RV AitBr Mn Early-Vedic Epic,11199
112,Indo-Aryan,aŋkūrá,sprout,m Uṇ,112
1120,Indo-Aryan,*ātapasyati,is hot,,1120
11204,Indo-Aryan,vájra,thunderbolt; diamond,m RV ṢaḍvBr Early-Vedic,11204
11207,Indo-Aryan,vajrāśani,Indra's thunderbolt,m R Epic,11207
11208,Indo-Aryan,váñcati,"moves (with a stick), crawls; travels",AV Bhaṭṭ Early-Vedic Classical,11208
11208-2,Indo-Aryan,vacyátē,"flies, is poured forth",RV Early-Vedic,11208
11209,Indo-Aryan,*vañja,oak,,11209
1121,Indo-Aryan,ātapta,refined by heat,Hariv Classical,1121
11211,Indo-Aryan,vaṭa,the banyan Ficus indica,MBh Epic,11211
11212,Indo-Aryan,vaṭa,string,lex,11212
11213,Indo-Aryan,vaṭa,small lump; round cake of pulse fried in oil,,11213
11217,Indo-Aryan,vaṭāraka,string,,11217
11218,Indo-Aryan,vaṭin,stringed,lex,11218
11219,Indo-Aryan,váḍabā,mare,f TS Early-Vedic,11219
11220,Indo-Aryan,vaḍabʰi,ridge of roof,f R Epic,11220
11220-2,Indo-Aryan,valīka,"projecting thatch, reed",n Kauś Early-Vedic,11220
11221,Indo-Aryan,*vaḍabʰidaṇḍa,ridge-pole,,11221
11225,Indo-Aryan,vaḍra,big,lex,11225
11226,Indo-Aryan,*vaḍratara,larger,,11226
11229,Indo-Aryan,*vaḍrahasta,having big hands,,11229
11232,Indo-Aryan,vaṇijā,trade,f lex,11232
11233,Indo-Aryan,vaṇijyā́,trade,f ŚBr Early-Vedic,11233
11234,Indo-Aryan,*vaṇijyākāra,trader,,11234
11235,Indo-Aryan,vaṇṭa-,,,11235
11235-2,Indo-Aryan,*vaṇṭʰa-,,,11235
11236,Indo-Aryan,vaṇṭa,"tailless; unmarried, dwarf",Gaut lex Early-Vedic,11236
11236-2,Indo-Aryan,vaṇṭʰa,"crippled, unmarried, dwarf",lex,11236
11236-3,Indo-Aryan,*vaṇḍa,,,11236
11236-4,Indo-Aryan,vaṇḍara,eunuch,m lex,11236
11236-5,Indo-Aryan,*vaṇḍʰa,,,11236
11236-6,Indo-Aryan,*vaṭʰa,,Dhātup Epic,11236
11236-7,Indo-Aryan,vaṭʰará,"dull, stupid",Hcat Medieval,11236
11236-8,Indo-Aryan,*vaṭṭʰa,,,11236
11238,Indo-Aryan,váṇṭati,,,11238
11238-2,Indo-Aryan,*vaṇṭʰati,,,11238
11239,Indo-Aryan,vatsá,"calf, child",RV Early-Vedic,11239
11241,Indo-Aryan,vatsatará,young bull or goat before weaning or copulation,m,11241
11242,Indo-Aryan,vatsará,5th or 6th year in a cycle of 5 or 6 years; year,m TS Mn Early-Vedic Epic,11242
11243,Indo-Aryan,vatsarūpa,young calf,m Hcat Medieval,11243
11244,Indo-Aryan,vatsalá,affectionate towards its young; *calf,MBh Epic,11244
11246,Indo-Aryan,vádana,"speaking; mouth, face",n ŚBr MBh Early-Vedic Epic,11246
11250,Indo-Aryan,vadʰū́,"bride, young wife; son's wife",f RV Early-Vedic,11250
11251,Indo-Aryan,vadʰūṭī,young wife or woman; son's wife,f Bālar lex Medieval,11251
11253,Indo-Aryan,vadʰūvára,bride and groom,n,11253
11254,Indo-Aryan,vadʰyatē,is struck,MBh Epic,11254
11258,Indo-Aryan,vána,"single tree; forest, timber",RV Early-Vedic,11258
11258-2,Indo-Aryan,vanikā,grove,f MBh Epic,11258
11260,Indo-Aryan,vánati,,,11260
11260-2,Indo-Aryan,*vanvati,,,11260
11264,Indo-Aryan,vanarāja,lion,m lex,11264
11266,Indo-Aryan,vánas,"loveliness, desire (in cmpds.)",n RV Early-Vedic,11266
1127,Indo-Aryan,ātí,an aquatic bird; Turdus ginginianus,f RV lex Early-Vedic,1127
1127-2,Indo-Aryan,*ātil-,an aquatic bird; Turdus ginginianus,ext:l,1127-2
11277,Indo-Aryan,ványa,growing in a forest; anything grown in a wood,AV MBh Early-Vedic Epic,11277
11278,Indo-Aryan,vanyā́,heavy rain,Pāṇ Kr̥ṣis Epic,11278
11279,Indo-Aryan,*vanva,desiring,,11279
11282,Indo-Aryan,vápati,"scatters, sows",RV Early-Vedic,11282
11284,Indo-Aryan,vapana,act of sowing,lex,11284
11289,Indo-Aryan,*vaptra,"sowing, seed land",,11289
11294,Indo-Aryan,vámati,utters; vomits,RV Br Early-Vedic,11294
11297,Indo-Aryan,vamriya,anthill,m KapiṣṭhS,11297
11297-2,Indo-Aryan,*vamrya,,,11297
11298,Indo-Aryan,vaya,weaver,lex,11298
113,Indo-Aryan,aŋkōṭa,the small tree Alangium hexapetalum,m lex,113
113-2x,Indo-Aryan,aŋkōṭʰa,the small tree Alangium hexapetalum,m lex,113
113-3x,Indo-Aryan,aŋkōla,,,113
113-4x,Indo-Aryan,aŋkōlla,,,113
1130,Indo-Aryan,*ātr̩tīyam,on the third (day) back or forwards,,1130
11300,Indo-Aryan,váyati,weaves,RV Early-Vedic,11300
11300-2,Indo-Aryan,vāyayati,,Pāṇ Epic,11300
11301,Indo-Aryan,vayana,act of weaving,n Vop Medieval,11301
11302,Indo-Aryan,vayám,we,RV Early-Vedic,11302
11304,Indo-Aryan,váyas,bird,RV Early-Vedic,11304
11307,Indo-Aryan,*vayitraka,weaver,,11307
11308,Indo-Aryan,vára,"choice, boon; choicest",RV ŚrS Early-Vedic,11308
11308-2,Indo-Aryan,váram,better than,RV Early-Vedic,11308
11309,Indo-Aryan,vará,"suitor, bridegroom, husband",RV Early-Vedic,11309
1131,Indo-Aryan,*ātr̩ptika,satisfied,,1131
11313,Indo-Aryan,varaṭa-,seed of safflower,,11313
11315,Indo-Aryan,varaṇa,"choosing, choice of bride",KātyŚr Early-Vedic,11315
11317,Indo-Aryan,varaṇḍa,"mass, heap of grass",m lex,11317
11318,Indo-Aryan,*varati,chooses,,11318
1132,Indo-Aryan,ātōdya,a musical instrument,n Kathās Medieval,1132
11320,Indo-Aryan,varatrā́,"strap, thong",f RV Early-Vedic,11320
11321,Indo-Aryan,varambarā,Nux vomica,f lex,11321
11322,Indo-Aryan,varayātrā,procession of suitor or bridegroom,f lex,11322
11325,Indo-Aryan,varāhá,wild boar,,11325
11327,Indo-Aryan,*vari,speech,,11327
11330,Indo-Aryan,varōla,wasp,m lex,11330
11330-2,Indo-Aryan,varaṭa,,,11330
11330-3,Indo-Aryan,varala,,m,11330
11330-4,Indo-Aryan,varēṇa,,m,11330
11330-5,Indo-Aryan,*varamba,,,11330
11331,Indo-Aryan,várga,"class, group",m KātyŚr Early-Vedic,11331
11331-3,Indo-Aryan,*vargaḍa-,"class, group",ext:ḍa,11331-3
11332,Indo-Aryan,*vargacāra,pasture,,11332
11334,Indo-Aryan,*varjati,works,,11334
11334-2,Indo-Aryan,*varjayati,,,11334
11338,Indo-Aryan,várṇa,"appearance, colour, class; good colouring",RV Mn Early-Vedic Epic,11338
11340,Indo-Aryan,varṇana,description,n BhP Medieval,11340
11342,Indo-Aryan,varṇayati,"relates, describes; observes; praises",MBh Kathās W Epic Medieval,11342
11346,Indo-Aryan,varta,*turning round; livelihood,lex,11346
11347,Indo-Aryan,*varta,circular object; something made of metal,,11347
11348,Indo-Aryan,*varta,round stone,,11348
11348-2,Indo-Aryan,*vārta,,,11348
11349,Indo-Aryan,vartaka,*something round,lex,11349
1135,Indo-Aryan,ātmán,"breath, soul; self",m RV Mn Early-Vedic Epic,1135
1135-2,Indo-Aryan,*ātmanaka,own,,1135
11350,Indo-Aryan,*vartakara,making turns (of the quail),,11350
11352,Indo-Aryan,vártatē,"turns, moves; takes place, is situated",RV Mn Early-Vedic Epic,11352
11354,Indo-Aryan,vartana,"turning, rolling",n Nir Early-Vedic,11354
11356,Indo-Aryan,vartáyati,"causes to turn, whirls",RV Early-Vedic,11356
11359,Indo-Aryan,várti,wick; small compress; lamp,MBh Suśr lex Epic Classical,11359
11361,Indo-Aryan,vártikā,quail,f RV Early-Vedic,11361
11361-2,Indo-Aryan,vārtika,,m,11361
11361-3,Indo-Aryan,vartakā,,f,11361
11362,Indo-Aryan,vartin,abiding,Kāv Classical,11362
11363,Indo-Aryan,vartís,journey (= <i>mārga</i>- Mahīdh.),n RV Early-Vedic,11363
11364,Indo-Aryan,*vartu,"fold, wrinkle; something round",,11364
11364-2,Indo-Aryan,*vartukk-,"fold, wrinkle; something round",ext:kk,11364-2
11365,Indo-Aryan,vartula,"round, globular",BhP Medieval,11365
11366,Indo-Aryan,vártman,"track of a wheel, path",n RV Early-Vedic,11366
11368,Indo-Aryan,*vartmapānīya,road water,,11368
11371,Indo-Aryan,*varddʰr̩,"cutter, knife",,11371
11372,Indo-Aryan,vardʰa,a cutting,W,11372
11373,Indo-Aryan,várdʰa,giving increase or prosperity,RV Early-Vedic,11373
11374,Indo-Aryan,vardʰaka,cutting; carpenter,m R Epic,11374
11375,Indo-Aryan,vardʰaki,carpenter,m MBh Epic,11375
11376,Indo-Aryan,várdʰatē,"grows, increases",RV Early-Vedic,11376
11378,Indo-Aryan,várdʰana,strengthening; means of strengthening; increasing; *sweeping,n RV MBh Early-Vedic Epic,11378
11379,Indo-Aryan,vardʰanī,water-jar,f BhP Medieval,11379
1138,Indo-Aryan,*ātriśvas,the day after tomorrow,,1138
11380,Indo-Aryan,várdʰamāna,prospering; name of a district,RV VarBr̥S Early-Vedic Classical,11380
11381,Indo-Aryan,vardʰayati,"cuts, divides",Dhātup Epic,11381
11382,Indo-Aryan,vardʰáyati,makes grow or increase; rears,RV AV Early-Vedic,11382
11383,Indo-Aryan,vardʰāpayati,"increases, exalts, gladdens, congratulates",Kād Medieval,11383
11384,Indo-Aryan,vardʰita,"increased, strengthened, gladdened",MBh Epic,11384
11384-2,Indo-Aryan,*vardʰitakk-,"increased, strengthened, gladdened",ext:kk,11384-2
11385,Indo-Aryan,*vardʰira,"axe, hammer",,11385
11387,Indo-Aryan,várdʰra,leather thong,m AV Early-Vedic,11387
11387-2,Indo-Aryan,badʰra,,,11387
11388,Indo-Aryan,*vardʰrya,having a strap,,11388
11390,Indo-Aryan,*varmīcī,ant,,11390
11392,Indo-Aryan,varṣá,rain; the Rains,n RV AV Early-Vedic,11392
11394,Indo-Aryan,várṣati,it rains,RV Early-Vedic,11394
11396,Indo-Aryan,varṣā́,rain; the Rains,f ŚāṅkhGr̥ AV Early-Vedic,11396
11398,Indo-Aryan,varṣārātri,the rainy season,f R Epic,11398
114,Indo-Aryan,áŋga,limb; body,RV Mn Early-Vedic Epic,114
11400,Indo-Aryan,*varṣōdaka,rain-water,,11400
11402,Indo-Aryan,varṣyà,belonging to the Rains,VS RV Early-Vedic,11402
11403,Indo-Aryan,vala,"beam, pole",,11403
11405,Indo-Aryan,válati,,,11405
11405-2,Indo-Aryan,valayati,"causes to curve, undulate",Śiś Classical,11405
11405-3,Indo-Aryan,vállatē,*turns; covers,,11405
11405-4,Indo-Aryan,*valayati,,caus,11405-4
11406,Indo-Aryan,valana,"moving in a circle, turning",n Kāv Classical,11406
11407,Indo-Aryan,valaya,bracelet; circle,m MBh Kathās Epic Medieval,11407
11410,Indo-Aryan,*valayitra,a wrapping,,11410
11412,Indo-Aryan,váli,fold of skin,f,11412
11413,Indo-Aryan,valita,wrinkled,MW,11413
11417,Indo-Aryan,valká,bark of a tree,m TS Early-Vedic,11417
11417-2,Indo-Aryan,vālka,made of bark; cloth or garment of bark,lex MārkP Medieval,11417
11417-3,Indo-Aryan,*valkʰa,,,11417
11417-4,Indo-Aryan,*vilka,,,11417
11417-5,Indo-Aryan,*vōlka,,,11417
11418,Indo-Aryan,valkala,"bark, bark garment",m Yājñ Classical,11418
11418-2,Indo-Aryan,vālkala,made of bark; ascetics,lex,11418
11418-3,Indo-Aryan,*valkʰala,,,11418
11418-4,Indo-Aryan,*vōlkala,,,11418
1142,Indo-Aryan,ādara,respect,m Pāṇ Epic,1142
11420,Indo-Aryan,valgā,bridle,f Mr̥cch Classical,11420
11421,Indo-Aryan,valgú,beautiful,RV Early-Vedic,11421
11422,Indo-Aryan,valgulikā,"box, chest",f Kathās Medieval,11422
11422-2,Indo-Aryan,vāggulika,betel-bearer,m lex,11422
11423,Indo-Aryan,valmī́ka,anthill,m VS Early-Vedic,11423
11424,Indo-Aryan,*valmīṣṭʰaka,anthill,,11424
11426,Indo-Aryan,*vallapuṭa,grain pod,,11426
11427,Indo-Aryan,vállabʰa,"dear, desired; lover, husband",MBh Kāv Epic Classical,11427
11428,Indo-Aryan,vallabʰatama,dearest,Bhartr̥ Classical,11428
11429,Indo-Aryan,vallī,creeper,f Mn Epic,11429
1143,Indo-Aryan,ādarśá,mirror,m ŚBr Early-Vedic,1143
11430,Indo-Aryan,váśa,"will, authority, power",m RV Early-Vedic,11430
11431,Indo-Aryan,*vaśati,,,11431
11431-2,Indo-Aryan,vaśayati,subjects,Cat,11431
11432,Indo-Aryan,vaśīkara,subjugating,MBh Epic,11432
11433,Indo-Aryan,váśya,"to be subjected, obedient; at the disposal of",MBh Epic,11433
11435,Indo-Aryan,vásati,"stays, dwells",,11435
11435-2,Indo-Aryan,uṣṭa,,,11435
11435-3,Indo-Aryan,vāsáyatē,lodges,ŚBr Early-Vedic,11435
11435-4,Indo-Aryan,*vasyatē,,,11435
11436,Indo-Aryan,vásana,dress,RV Early-Vedic,11436
11437,Indo-Aryan,vasana,"dwelling, abiding",MBh Epic,11437
11439,Indo-Aryan,vasantá,spring season,m RV Early-Vedic,11439
1144,Indo-Aryan,*ādalati,crushes,,1144
11442,Indo-Aryan,vasar,dawn,,11442
11443,Indo-Aryan,vásā,"fat, grease; brain",TS AitBr VS Kathās Early-Vedic Medieval,11443
11445,Indo-Aryan,vásīyas,"better, more prosperous",TS Early-Vedic,11445
11446,Indo-Aryan,vásu,good; wealth,n RV Early-Vedic,11446
11448,Indo-Aryan,vasti,dwelling,W,11448
11449,Indo-Aryan,vástu,seat or place of anything; existing thing; affair,n Suśr Kāv MBh Classical Epic,11449
11451,Indo-Aryan,*vaspi,wasp,,11451
11451-2,Indo-Aryan,*vapsi,,,11451
11452a,Indo-Aryan,*vahaŋga,carrying-pole,,11452a
11453,Indo-Aryan,váhati,"carries, bears along (of rivers), is carried along; blows (of wind)",RV Kāv Early-Vedic Classical,11453
11454,Indo-Aryan,*vahadgandʰa,carrying perfume,,11454
11456,Indo-Aryan,vahana,carrying; flowing of water; ship,n MBh Nir Kathās Epic Early-Vedic Medieval,11456
11458,Indo-Aryan,vahalá,accustomed to the yoke,ŚBr Early-Vedic,11458
11461,Indo-Aryan,vahítra,boat; square chariot with pole,n Gīt lex Medieval,11461
11462,Indo-Aryan,vahín,drawing well; ox,TBr lex Early-Vedic,11462
11463,Indo-Aryan,váhiṣṭʰa,"drawing or carrying well, swiftest",,11463
11465,Indo-Aryan,vahyá,litter,n AV Early-Vedic,11465
11466,Indo-Aryan,vā,or,RV Early-Vedic,11466
11468,Indo-Aryan,vākya,"speech, words",n MBh Epic,11468
11469,Indo-Aryan,vāgurā́,net or trap for animals,f MBh Epic,11469
11469-2,Indo-Aryan,*vāggurā,,,11469
11470,Indo-Aryan,vāgurika,deer-catcher,m Kālid Classical,11470
11470-2,Indo-Aryan,*vāggurika,,,11470
11473,Indo-Aryan,*vācākarōti,proclaims,,11473
11473-2,Indo-Aryan,*vācākr̩ta,,,11473
11476,Indo-Aryan,vācyá,relating to speech,VS Early-Vedic,11476
11478,Indo-Aryan,vā́ñcʰati,desires,RV Early-Vedic,11478
11479,Indo-Aryan,vāñcʰā,wish,f Kāv Classical,11479
11480,Indo-Aryan,vāṭa,"enclosure, fence",MBh Epic,11480
11487,Indo-Aryan,vā́ṇijya,trade,n Siddh Medieval,11487
11489,Indo-Aryan,*vāṇijyakāra,trading,,11489
11490,Indo-Aryan,vā́ṇī,"voice, sound",RV Early-Vedic,11490
11491,Indo-Aryan,vātá,wind; wind as a humour of the body,m RV Suśr Early-Vedic Classical,11491
11492,Indo-Aryan,vātaṁdʰama,blowing out wind,Vop Medieval,11492
11493,Indo-Aryan,*vātatrāsa,wind-storm,,11493
11494,Indo-Aryan,*vātadʰmāna,blowing of wind,,11494
11495,Indo-Aryan,*vātaputrī,daughter of the wind,,11495
11496,Indo-Aryan,vātamaṇḍalī,whirlwind,f lex,11496
11497,Indo-Aryan,vātara,"windy, stormy",W,11497
11497-2,Indo-Aryan,vātala,,lex,11497
11497-3,Indo-Aryan,*vātāra,,,11497
11497-4,Indo-Aryan,*vātāla,,,11497
11498,Indo-Aryan,vātahata,smitten by the wind; mad,Suśr Classical,11498
115,Indo-Aryan,*aŋgakr̩ṣṭi,stretching the body,f,115
11500,Indo-Aryan,vātālī,whirlwind,f Kathās Medieval,11500
11502,Indo-Aryan,vātiká,"produced by disorder of the wind, rheumatic; mad",Suśr MW Classical,11502
11503,Indo-Aryan,vātiŋgaṇa,the egg-plant Solanum melongena,m lex,11503
11503-2,Indo-Aryan,*vātigana,,,11503
11503-3,Indo-Aryan,*vāṭiŋgana,,,11503
11503-4,Indo-Aryan,*vātiñjana,,,11503
11503-5,Indo-Aryan,vaŋga,,,11503
11503-6,Indo-Aryan,vaŋgana,,m,11503
11504,Indo-Aryan,vātula,"affected by wind-disease, crazy",Bhartr̥ Classical,11504
11504a,Indo-Aryan,*vātōdgūra,whirlwind,,11504a
11506,Indo-Aryan,vātsalya,affection,n,11506
11511,Indo-Aryan,vā́dya,to be said; to be played; speech; musical instrument,AitBr Cat ŚBr R Early-Vedic Epic,11511
11513,Indo-Aryan,vādyatē,is made to sound,MBh Epic,11513
11514,Indo-Aryan,vāna,weaving,Nyāyam,11514
11515,Indo-Aryan,vānara,monkey,m Mn Epic,11515
11516,Indo-Aryan,*vānī,wind,f,11516
11517,Indo-Aryan,vānta,vomited; one who has vomited,MBh Mn Epic,11517
11518,Indo-Aryan,vānti,vomiting,f lex,11518
11520,Indo-Aryan,vāpa,weaving,lex,11520
11523,Indo-Aryan,vāpana,sowing,n,11523
11524,Indo-Aryan,*vāpayati,causes to blow,,11524
11525,Indo-Aryan,vāpayati,sows,MBh Epic,11525
11525-2,Indo-Aryan,*vapayati,,,11525
11527,Indo-Aryan,*vāpayitra,sowing,,11527
11529,Indo-Aryan,vāpī́,"pond, tank",f Mn Epic,11529
11531,Indo-Aryan,*vāpyatē,is sown,pass,11531
11532,Indo-Aryan,*vābʰa,"weaving, spinning",,11532
11533,Indo-Aryan,vā́ma,lefthand; adverse,Br̥ĀrUp Kāv Early-Vedic Classical,11533
11538,Indo-Aryan,vāmaná,dwarfish,VS Early-Vedic,11538
11538-2,Indo-Aryan,*vāmara,,,11538
11539,Indo-Aryan,vāmayati,causes to vomit,Suśr Classical,11539
1154,Indo-Aryan,*ādityavāra,Sunday,,1154
11541,Indo-Aryan,vāya,pertaining to a bird,Nir Early-Vedic,11541
11544,Indo-Aryan,vāyú,wind,RV Early-Vedic,11544
11545,Indo-Aryan,vāyú,*hunting,TS VS Early-Vedic,11545
11546,Indo-Aryan,vāyúra,windy,ŚBr Early-Vedic,11546
11547,Indo-Aryan,vāra,"appointed time, one's turn; one's appointed place; day of the week",MBh R Gaṇit Epic,11547
11549,Indo-Aryan,vā́ra,sheep's wool (as sieve),RV Early-Vedic,11549
11551,Indo-Aryan,vārakin,dappled horse,m lex,11551
11554,Indo-Aryan,vāráyatē,"obstructs, keeps back",RV Early-Vedic,11554
11556,Indo-Aryan,vā́ri,"water, rain",n Mn Epic,11556
11560,Indo-Aryan,*vāruka,warding off,,11560
11563,Indo-Aryan,*vārgika,leader of a group,,11563
11564,Indo-Aryan,vārtta,tidings,n Kāv Classical,11564
11564-2,Indo-Aryan,vārttā,"livelihood, business; tidings",f Mn Kāv Epic Classical,11564
11567,Indo-Aryan,vārdala,"rainy day, bad weather",n,11567
11568,Indo-Aryan,*vārdʰaka,pertaining to a carpenter,,11568
11569,Indo-Aryan,vārṣá,belonging to the Rains; annual,VS W Early-Vedic,11569
1157,Indo-Aryan,ādēśá,"instruction, order",m ŚBr Early-Vedic,1157
11572,Indo-Aryan,vā́la,"hair of tail, tail, hair",m TS Early-Vedic,11572
11573,Indo-Aryan,vālaka,bracelet; finger-ring,n,11573
11576,Indo-Aryan,*vālapāśī,horsehair net,,11576
11576-2,Indo-Aryan,*vālapāśaka,,,11576
1158,Indo-Aryan,ādēśya,to be ordered,Pañcat Classical,1158
11580,Indo-Aryan,vālukā,"sand, gravel",f ŚvetUp Epic,11580
11584,Indo-Aryan,*vālguḍa,bat,,11584
11584-2,Indo-Aryan,*vālduḍa,,,11584
11585,Indo-Aryan,vāśana,act of bleating &amp;c.,n TBr Early-Vedic,11585
11586,Indo-Aryan,vāśáyati,causes to roar or resound,RV Early-Vedic,11586
11588,Indo-Aryan,vā́śī,sharp-pointed knife or adze,f RV Early-Vedic,11588
11589,Indo-Aryan,vā́śyatē,"roars, howls, bellows, lows, bleats, sings (of birds)",RV AitBr Early-Vedic,11589
11590,Indo-Aryan,vāśrá,roaring,RV Early-Vedic,11590
11591,Indo-Aryan,vāsá,abode; staying,RV R Early-Vedic Epic,11591
11592,Indo-Aryan,vāsa,perfume,Car Epic,11592
11594,Indo-Aryan,*vāsakara,making a stay,,11594
11596,Indo-Aryan,*vāsagʰara,chamber,n,11596
11599,Indo-Aryan,vāsana,"box, casket",Yājñ Classical,11599
11601,Indo-Aryan,vāsayati,perfumes,MBh Epic,11601
11603,Indo-Aryan,vā́sas,garment,n RV Early-Vedic,11603
11604,Indo-Aryan,vāsita,"infused, scented",MBh Epic,11604
11606,Indo-Aryan,vā́stu,"site of house, house",n RV Early-Vedic,11606
11606-2,Indo-Aryan,vāstavyà,left on the spot; inhabitant,TS MBh Early-Vedic Epic,11606
11607,Indo-Aryan,vāhá,draught animal; vehicle,m RV ŚvetUp Early-Vedic Epic,11607
11607-3,Indo-Aryan,*vāhal-,draught animal; vehicle,ext:l,11607-3
11609,Indo-Aryan,vā́hatē,bears down; makes an effort,Car Dhātup Epic,11609
11609-2,Indo-Aryan,vāhayati,makes labour,Bhaṭṭ Classical,11609
1161,Indo-Aryan,ā́driyatē,"regards, is careful about, attends to",ŚBr Early-Vedic,1161
1161-2,Indo-Aryan,*ādarati,,,1161
11610,Indo-Aryan,vā́hana,any vehicle or draught animal; oar; driving,n ŚBr R Suśr Early-Vedic Epic Classical,11610
11612,Indo-Aryan,vāhayati,"drives (a chariot), rides (a horse)",MBh Epic,11612
11616,Indo-Aryan,viṁśatí,20,f RV Early-Vedic,11616
11618,Indo-Aryan,viṁśatima,20th,Yājñ Classical,11618
11618-2,Indo-Aryan,*viṁśama,,,11618
11620,Indo-Aryan,víkaṭa,monstrous,Pāṇ RV Epic Early-Vedic,11620
11622,Indo-Aryan,víkarṣati,"drags apart; draws this way and that, sets (arrow to bow)",TS MBh Early-Vedic Epic,11622
11622-2,Indo-Aryan,vikarṣa,drawing (a bow),m R Epic,11622
11622-3,Indo-Aryan,vikarṣaṇa,"dragging asunder, distributing (food)",n MBh Epic,11622
11625,Indo-Aryan,vikāla,"twilight, evening",m ĀpŚr Early-Vedic,11625
11626,Indo-Aryan,*vikālakāla,eventide,,11626
11628,Indo-Aryan,*vikālāhāra,evening meal,,11628
1163,Indo-Aryan,ādʰā́na,the place in which anything rests,n ŚBr Early-Vedic,1163
11630,Indo-Aryan,vikāsa,"expanding, flowering, growth",m Śiś Classical,11630
11634,Indo-Aryan,vikr̩ntá,one who cuts through,m TS Early-Vedic,11634
11635,Indo-Aryan,víkr̩ntati,cuts through,RV Early-Vedic,11635
11636,Indo-Aryan,*vikērayati,scatters,,11636
11638,Indo-Aryan,vikrayá,sale,m AV Early-Vedic,11638
11639,Indo-Aryan,*vikrāpayati,sells,,11639
11640,Indo-Aryan,*vikriṇāti,barters; sells,,11640
11642,Indo-Aryan,vikrīyatē,is sold,,11642
11644,Indo-Aryan,víkṣarati,flows away,ŚBr Early-Vedic,11644
11645,Indo-Aryan,*vikṣalati,rinses,,11645
11645-2,Indo-Aryan,*vikṣālayati,,,11645
11648,Indo-Aryan,*vikṣārayati,causes to flow away,,11648
11649,Indo-Aryan,vikṣipati,throws hither and thither,MBh Epic,11649
1165,Indo-Aryan,ādʰārá,"support, substratum; vessel; dike, dam; basin at the foot of a tree, pond",m AV Yājñ Kālid lex Early-Vedic Classical,1165
11651,Indo-Aryan,*vikṣuṭati,falls apart,,11651
11651-2,Indo-Aryan,*vikṣuṭyatē,,,11651
11652,Indo-Aryan,*vikṣuṇatti,pounds,,11652
11658,Indo-Aryan,*vikṣōṭayati,throws apart,,11658
11659,Indo-Aryan,*vikṣōdayati,tramples apart,,11659
11659-2,Indo-Aryan,*vikṣōda,,,11659
11659-3,Indo-Aryan,vikṣuṇṇa,,Devīm Medieval,11659
11660,Indo-Aryan,vikṣōbʰa,"shaking, alarm; tearing asunder",m MBh Śiś Epic Classical,11660
11662,Indo-Aryan,*vikʰaṇḍati,breaks in pieces,,11662
11666,Indo-Aryan,vigalati,"flows away, melts",MBh Epic,11666
11667,Indo-Aryan,*vigōpayati,hides,,11667
11667-2,Indo-Aryan,*vigupta,hidden,,11667
11668,Indo-Aryan,vigraha,"separation, discord, war; *division of land",m Mn Epic,11668
11670,Indo-Aryan,vigrāhayati,*casts abroad,Daś Classical,11670
11671,Indo-Aryan,*vigrōcati,robs,,11671
11671-2,Indo-Aryan,*vigrōcana,robbing,n,11671
11671-3,Indo-Aryan,*vigrucyatē,is robbed,,11671
11671-4,Indo-Aryan,*vigrukta,robbed,,11671
11673,Indo-Aryan,vigʰaṭatē,"flies apart; is marred, is broken",Kāv Hit Classical Medieval,11673
11673-2,Indo-Aryan,vigʰaṭita,,Rājat Medieval,11673
11673-3,Indo-Aryan,*vigʰāṭayati,,,11673
11673-4,Indo-Aryan,*vigʰaṭyatē,is broken,Mr̥cch Prasannar MBh Classical Epic,11673
11674,Indo-Aryan,*vigʰara,flowing,,11674
11676,Indo-Aryan,*vigʰāṭa,shapeless,,11676
11677,Indo-Aryan,*vigʰuṭati,turns away,,11677
11679,Indo-Aryan,*vigʰnati,they destroy,3pl,11679
1168,Indo-Aryan,*ādʰūṇḍʰ,search for,,1168
11681,Indo-Aryan,vícarati,moves in different directions; behaves; ponders,RV MBh Mn Early-Vedic Epic,11681
11682,Indo-Aryan,vícalati,"moves away; shakes; goes astray, is destroyed",AV R MBh Early-Vedic Epic,11682
11684,Indo-Aryan,vicālayati,loosens; destroys,MBh Mn Epic,11684
11686,Indo-Aryan,vícinōti,"picks out, chooses; separates",TS RV Early-Vedic,11686
11686-2,Indo-Aryan,*vicinvati,,,11686
11689,Indo-Aryan,*viccʰardayati,"ejects, leaves",,11689
11690,Indo-Aryan,*viccʰalati,stumbles,,11690
11691,Indo-Aryan,*viccʰādana,covering over,,11691
11692,Indo-Aryan,*viccʰādayati,spread out,,11692
11693,Indo-Aryan,*vicyatē,"is winnowed, is separated",AV Early-Vedic,11693
11696,Indo-Aryan,*vijanā,giving birth,,11696
11697,Indo-Aryan,vijanman,birth,n W,11697
11698,Indo-Aryan,víjahāti,leaves behind,RV VS Early-Vedic,11698
11699,Indo-Aryan,vijāta,born,MBh Epic,11699
11700,Indo-Aryan,*vijātra,birth,,11700
11701,Indo-Aryan,víjāyatē,is born; bears young,RV AV Early-Vedic,11701
11703,Indo-Aryan,*vijjʰāyati,"is burnt out, is extinguished",,11703
11703-2,Indo-Aryan,*vijjʰāpayati,,,11703
11704,Indo-Aryan,*vijjʰukkati,stoops aside,,11704
11705,Indo-Aryan,víjñapayati,"makes known, begs",ŚBr Early-Vedic,11705
11706,Indo-Aryan,vijñapti,"information, report, request (to a superior)",f Kathās Medieval,11706
11708,Indo-Aryan,*vijñānin,without knowledge,,11708
11709,Indo-Aryan,*vijyatē,is set in quick motion,,11709
11711,Indo-Aryan,*viñcati,separates,,11711
11712,Indo-Aryan,viṭa,*impurity; licentious rogue,m Kathās Medieval,11712
11712-2,Indo-Aryan,*viṭṭa,,,11712
11712-3,Indo-Aryan,*viṭṭara,,,11712
11712-4,Indo-Aryan,*viṭṭala,,,11712
11712-5,Indo-Aryan,*viṭṭāla,,,11712
11713,Indo-Aryan,viṭapa,"branch, twig, sprout, bush",m MBh Epic,11713
11714,Indo-Aryan,viḍaŋga,clever,lex,11714
11719,Indo-Aryan,vitarati,gives; accomplishes,MBh BhP Epic Medieval,11719
1172,Indo-Aryan,ānandá,happiness,m RV Early-Vedic,1172
1172-2,Indo-Aryan,ānandin,happy,Kathās Medieval,1172
11721,Indo-Aryan,vítasti,measure of length consisting of span be-tween extended thumb and little finger or between wrist and tip of fingers,f ŚBr Early-Vedic,11721
11722,Indo-Aryan,vitāḍayati,"dashes to pieces, wounds",MBh Epic,11722
11724,Indo-Aryan,*vitr̩dati,splits apart,,11724
11725,Indo-Aryan,*vitr̩ndati,"pierces, breaks asunder",,11725
11727,Indo-Aryan,vittá,"found; a find; goods, power",AV AitBr RV Early-Vedic,11727
1173,Indo-Aryan,ā́namati,propitiates; bends down,RV R Early-Vedic Epic,1173
1173-2,Indo-Aryan,ānā- mayati,causes to bend (e.g. a bow),MBh Epic,1173
11730,Indo-Aryan,vídadʰāti,"apportions, puts in order; ordains",RV Early-Vedic,11730
11730-2,Indo-Aryan,víhita,,RV Early-Vedic,11730
11730-3,Indo-Aryan,vidʰāpayati,,R Epic,11730
11735,Indo-Aryan,vidārayati,opens; tears to pieces; scatters,AitBr MBh R Early-Vedic Epic,11735
11739,Indo-Aryan,viddʰá,"pierced, wounded; thrown",AV lex Early-Vedic,11739
1174,Indo-Aryan,ā́nayati,"leads forward, fetches",RV Early-Vedic,1174
1174-2,Indo-Aryan,ā́nīta,,RV Early-Vedic,1174
1174-3,Indo-Aryan,ānāyayati,causes to be brought,MBh Epic,1174
11741,Indo-Aryan,vidyā́,knowledge,f RV Early-Vedic,11741
11742,Indo-Aryan,vidyút,flashing; lightning,f RV Early-Vedic,11742
11743,Indo-Aryan,vidyutyà,existing in lightning,VS Early-Vedic,11743
11744,Indo-Aryan,vidyúnmant,gleaming,RV Early-Vedic,11744
11745,Indo-Aryan,vidyullatā,forked lightning,f Kathās Medieval,11745
11748,Indo-Aryan,vídravati,"runs apart; is divided, bursts",RV MBh Early-Vedic Epic,11748
11748-2,Indo-Aryan,vidrāvayati,puts to flight,MBh Epic,11748
11751,Indo-Aryan,*vidʰarga,without movement,,11751
11752,Indo-Aryan,vidʰávā,widow,f RV Early-Vedic,11752
11754,Indo-Aryan,vidʰā́na,"arrangement, order; making",n RV Mn Early-Vedic Epic,11754
11755,Indo-Aryan,vidʰi,rule; fate,m MBh Epic,11755
11756,Indo-Aryan,*vidʰira,piercing,,11756
1176,Indo-Aryan,*ānavana,roar,,1176
11760,Indo-Aryan,vidʰyatē,is pierced,MBh Epic,11760
11764,Indo-Aryan,vinada,noise,m R Epic,11764
11766,Indo-Aryan,vinamati,bows down,MBh Epic,11766
11766-2,Indo-Aryan,vinamita,bent towards,lex,11766
11768,Indo-Aryan,vínayati,"leads away; guides, trains",RV MBh Early-Vedic Epic,11768
11768-2,Indo-Aryan,*vinīyatē,,,11768
11768-3,Indo-Aryan,vinīta,,,11768
11769,Indo-Aryan,*vinavati,makes a sound,,11769
1177,Indo-Aryan,ā́nahyati,binds on,AV Early-Vedic,1177
11770,Indo-Aryan,vínaśyati,perishes,RV Early-Vedic,11770
11771,Indo-Aryan,vínaṣṭa,"ruined, lost; corrupted",MBh Mn Epic,11771
11772,Indo-Aryan,vínā,without,Pāṇ ŚBr Epic Early-Vedic,11772
11773,Indo-Aryan,*vināti,weaves,,11773
11773-2,Indo-Aryan,*vunāti,,,11773
11777,Indo-Aryan,vināśa,"destruction, death",m,11777
11782,Indo-Aryan,vinr̩tyati,begins to dance,TBr Early-Vedic,11782
11783,Indo-Aryan,vindáti,"finds, gets",RV Early-Vedic,11783
11784,Indo-Aryan,*vindʰati,pierces,,11784
11785,Indo-Aryan,*vindʰyatē,is pierced,,11785
11786,Indo-Aryan,vinna,found; considered,Pāṇ lex Epic,11786
11787,Indo-Aryan,*vinyāsayati,scatters,,11787
1179,Indo-Aryan,ānīla,darkish; slightly dark or blue,Kālid lex Classical,1179
11791,Indo-Aryan,vipadyatē,"intervenes; bursts asunder, perishes",Kauś MBh Early-Vedic Epic,11791
11791-2,Indo-Aryan,vipanna,,MBh Epic,11791
11792,Indo-Aryan,vipáyati,"agitates, shakes",RV Early-Vedic,11792
11795,Indo-Aryan,vipādikā,sore crack on foot,f Suśr Classical,11795
11795-2,Indo-Aryan,*vipādukā,,,11795
11796,Indo-Aryan,*vipāra,opposite bank,,11796
11799,Indo-Aryan,*vipuṣṭa,well nourished,,11799
118,Indo-Aryan,aŋgana,act of walking; courtyard,n lex R Epic,118
11803,Indo-Aryan,vipʰala,fruitless,Yājñ Classical,11803
11805,Indo-Aryan,*vibadʰyatē,is fastened,,11805
11805-2,Indo-Aryan,vibaddʰa,"fastened, constricted",Suśr Classical,11805
11806,Indo-Aryan,vibuddʰa,awakened,MBh Epic,11806
11809,Indo-Aryan,víbʰakti,division,f TS Early-Vedic,11809
1180a,Indo-Aryan,āntám,"to the end, completely, head to foot",TS Early-Vedic,1180a
1181,Indo-Aryan,āntara,being inside,MBh Epic,1181
11810,Indo-Aryan,vibʰaŋga,"breaking; stoppage; furrow, wrinkle; contraction (esp. of eyebrows)",m W Kāv MBh Kālid Classical Epic,11810
11813,Indo-Aryan,*vibʰāna,shining,,11813
11813a,Indo-Aryan,*vibʰāniḣsāra,coming forth of dawn,,11813a
11814,Indo-Aryan,vibʰā́van,bright,RV Early-Vedic,11814
11817,Indo-Aryan,vibʰī́daka,the tree Terminalia bellerica; its berry or myrobalan,m n RV Early-Vedic,11817
11817-2,Indo-Aryan,*vibʰīṭaka,,,11817
1182,Indo-Aryan,āntrá,entrail,n RV Early-Vedic,1182
11822,Indo-Aryan,vimala,"stainless, pure",MBh Epic,11822
11823a,Indo-Aryan,*vimicc,close the eyes,,11823a
11826,Indo-Aryan,*viyagna,separate,,11826
11826-2,Indo-Aryan,*viyagnala-,separate,ext:la,11826-2
11827,Indo-Aryan,*viyagra,"engaged; busy, agitated",,11827
11830,Indo-Aryan,*viyavakartati,cuts out,,11830
11830-2,Indo-Aryan,*viyavakr̩ntati,,,11830
11831,Indo-Aryan,*viyavasāya,resolve; action; strenuous effort; trade,,11831
11833a,Indo-Aryan,*viyāñcʰati,draws apart,,11833a
11835,Indo-Aryan,*viyāpnōti,pervades,,11835
11836,Indo-Aryan,viyāmá,fathom,m lex,11836
11836-2,Indo-Aryan,vyāmá,"measure of two extended arms, fathom",m AV Early-Vedic,11836
11840,Indo-Aryan,*vira,man,,11840
11842,Indo-Aryan,virajyati,becomes indifferent to,MBh Epic,11842
11842-2,Indo-Aryan,virakta,,MBh Epic,11842
11843,Indo-Aryan,viratʰyā,by-road,f MārkP Medieval,11843
11846,Indo-Aryan,*viramyati,stops,,11846
11847,Indo-Aryan,virala,"wide apart, loose, thin, few",MBh Epic,11847
11849,Indo-Aryan,virasa,"juiceless, tasteless",,11849
11852,Indo-Aryan,virahayati,abandons,ŚāṅkhGr̥ Early-Vedic,11852
1186,Indo-Aryan,āntrika,visceral,lex,1186
11861,Indo-Aryan,víricyatē,extends beyond; is emptied,RV Lāṭy Early-Vedic,11861
11861-2,Indo-Aryan,virikta,emptied,Mn Epic,11861
11862,Indo-Aryan,*virīyatē,is melted,,11862
11862-2,Indo-Aryan,*virāyayati,melts,,11862
11862-3,Indo-Aryan,*virīṇa,melted,,11862
11863,Indo-Aryan,virudati,weeps,BhP Medieval,11863
11866,Indo-Aryan,virudʰyatē,"is opposed, is at variance with",MBh Epic,11866
11867,Indo-Aryan,vírunddʰē,obstructs,TS Early-Vedic,11867
1187,Indo-Aryan,āndʰya,blindness,n Suśr Classical,1187
1187-2,Indo-Aryan,*āndʰiya,,,1187
11870,Indo-Aryan,*viruhati,grows,,11870
11870-2,Indo-Aryan,vírōhayati,causes to grow,RV Early-Vedic,11870
11871,Indo-Aryan,vírūḍʰa,sprouted,ŚBr Early-Vedic,11871
11872,Indo-Aryan,vírūpa,"diverse; altered; deformed, ugly",RV AitBr ChUp Early-Vedic,11872
11874,Indo-Aryan,virēcayati,"empties, drains",MBh Epic,11874
11874a,Indo-Aryan,*virēcyatē,,,11874a
11877,Indo-Aryan,vilakṣayati,observes; is embarrassed,MBh Epic,11877
11879,Indo-Aryan,vilagna,hanging to,MBh Epic,11879
11880,Indo-Aryan,*vilagna,separate,,11880
11881,Indo-Aryan,*vilagyati,hangs on to,,11881
11885,Indo-Aryan,vílapati,wails,AV Early-Vedic,11885
11889,Indo-Aryan,vilabʰatē,"consigns, allots",KātyŚr Early-Vedic,11889
11891,Indo-Aryan,vilambatē,"hangs to, delays",MBh Epic,11891
11892,Indo-Aryan,vilayana,"melting, dissolution; a partic. product of milk",n Suśr Gaut Classical Early-Vedic,11892
11895,Indo-Aryan,*vilāgayati,unfastens,,11895
11896,Indo-Aryan,vilāpa,wailing,m MBh Epic,11896
11899,Indo-Aryan,*vilābʰayati,distributes,,11899
11899-2,Indo-Aryan,*virābʰayati,,,11899
1190,Indo-Aryan,*āpaṭʰati,reads,,1190
11902,Indo-Aryan,vilāsinī,"coquette, mistress",f Kāv Classical,11902
11903,Indo-Aryan,vílipsatē,desires to distribute,ŚBr Early-Vedic,11903
11905,Indo-Aryan,víliśatē,is broken off,TS Early-Vedic,11905
11906,Indo-Aryan,vílīyatē,"is dissolved, melts",AV Early-Vedic,11906
11906-2,Indo-Aryan,vilāpayati,"dissolves, melts; causes to disappear",Suśr Classical,11906
11906-3,Indo-Aryan,vilīna,dissolved,ChUp Early-Vedic,11906
1191,Indo-Aryan,āpaṇá,"market, shop",m MBh Epic,1191
11911,Indo-Aryan,vilōḍayati,stirs about,Suśr Classical,11911
11913a,Indo-Aryan,vilōbʰayati,perplexes; *agitates,Bhaṭṭ Classical,11913a
11914,Indo-Aryan,*vivaŋka,very bent,,11914
11915,Indo-Aryan,vivará,hole,m RV Early-Vedic,11915
11916,Indo-Aryan,*vivarati,uncovers,,11916
11917a,Indo-Aryan,vívartatē,turns from,RV Early-Vedic,11917a
11918,Indo-Aryan,vívardʰatē,increases,intr RV Early-Vedic,11918
11919,Indo-Aryan,*vivardʰyatē,is caused to grow,,11919
11920,Indo-Aryan,vivāhá,marriage,m AV Early-Vedic,11920
11923,Indo-Aryan,vivāhayati,gives (a girl) in marriage,MBh Epic,11923
11924,Indo-Aryan,vivāhita,married (of man or woman),Pañcat Classical,11924
11925,Indo-Aryan,vivāhin,connected by marriage,Mn Epic,11925
11925-2,Indo-Aryan,*vivāhinī,,f,11925
11929,Indo-Aryan,vivr̩ddʰa,"grown, large",ŚvetUp Epic,11929
1193,Indo-Aryan,ā́patati,flies towards; befalls,RV MBh Early-Vedic Epic,1193
11931,Indo-Aryan,*viśakti,powerless,,11931
11932,Indo-Aryan,*viśamyatē,is destroyed,,11932
11933,Indo-Aryan,*viśarati,"decays, falls to pieces",,11933
11934,Indo-Aryan,víśasti,cuts up,ŚBr RV Early-Vedic,11934
11936,Indo-Aryan,viśālá,"spacious, broad",TS Early-Vedic,11936
11938,Indo-Aryan,*viśimyati,rests,,11938
1194,Indo-Aryan,ā́patayati,flies to,RV Early-Vedic,1194
11943,Indo-Aryan,*viścandayati,makes jump apart,,11943
11943-2,Indo-Aryan,*viścanna,,,11943
11944,Indo-Aryan,*viśyāpayati,makes cold,,11944
11944-2,Indo-Aryan,*viśyāna,cold,,11944
11945,Indo-Aryan,víśratʰayati,loosens,RV Early-Vedic,11945
11945-2,Indo-Aryan,*viśratʰyatē,,,11945
11946,Indo-Aryan,*viśrapa,boiling,,11946
11947,Indo-Aryan,viśrama,rest,m Kālid Classical,11947
11948,Indo-Aryan,viśramaṇa,resting,n MBh Epic,11948
11949,Indo-Aryan,viśramatē,rests,MBh Epic,11949
1195,Indo-Aryan,āpatti,happening; misfortune; fault,f KātyŚr Yājñ lex Early-Vedic Classical,1195
11953,Indo-Aryan,víśrayati,opens,,11953
11956,Indo-Aryan,viśrāma,rest; resting place,m MBh Hariv Epic Classical,11956
11958,Indo-Aryan,viśrāmayati,causes to rest; makes stop,ŚāṅkhGr̥ MBh Early-Vedic Epic,11958
11959,Indo-Aryan,viśrāmyati,"takes rest; stops, desists",ŚBr Kāv Early-Vedic Classical,11959
1196,Indo-Aryan,āpad,misfortune,f Mn Epic,1196
11960,Indo-Aryan,*viśrāyati,boils,intr,11960
11960-2,Indo-Aryan,*viśrāta,,,11960
11962,Indo-Aryan,víśva,all; the world,RV AV Early-Vedic,11962
11965,Indo-Aryan,viśvasati,"draws breath freely, is free from care, trusts",MBh Epic,11965
11966,Indo-Aryan,viśvāsa,"trust, confidence",m MBh Epic,11966
11967,Indo-Aryan,viśvāsayati,"causes to trust, encourages",Pañcat Classical,11967
11968,Indo-Aryan,viṣá,poison,n RV Early-Vedic,11968
1197,Indo-Aryan,ā́padyatē,goes into; gets into misfortune; occurs,ŚBr AV Early-Vedic,1197
1197-2,Indo-Aryan,ā́panna,entered,ŚBr Early-Vedic,1197
11971,Indo-Aryan,viṣadʰara,*containing poison; snake,m Gīt Medieval,11971
11972,Indo-Aryan,víṣama,"unequal; uneven; difficult, dangerous",AitBr MBh Mn Early-Vedic Epic,11972
11972-2,Indo-Aryan,*visama,,,11972
11974,Indo-Aryan,viṣala,*poisonous,lex,11974
11975,Indo-Aryan,víṣahatē,"conquers; is capable of, bears, resists",RV MBh Early-Vedic Epic,11975
11975-2,Indo-Aryan,*viṣāhayati,,,11975
11979,Indo-Aryan,*viṣādʰayati,"accomplishes, acquires",,11979
11979-2,Indo-Aryan,*viṣādʰyatē,,,11979
11980,Indo-Aryan,*viṣārayati,sends forth; extends,,11980
11985,Indo-Aryan,*viṣkirati,scatters,,11985
11985-2,Indo-Aryan,*viṣkarati,,,11985
11985-3,Indo-Aryan,*viṣkērayati,,,11985
11985-4,Indo-Aryan,*viṣkr̩ta,,,11985
11986,Indo-Aryan,viṣṭá,entered into,ŚBr Early-Vedic,11986
11987,Indo-Aryan,viṣṭara,"anything spread out, handful of grass or rushes for sitting on; any seat; tree",m Gr̥Śr MBh lex Early-Vedic Epic,11987
11987-2,Indo-Aryan,vistara,"spreading, diffuseness",m MBh Epic,11987
11990,Indo-Aryan,viṣṭʰā,excrement,f Mn Epic,11990
11990-2,Indo-Aryan,*vaiṣṭʰiya,,,11990
11992,Indo-Aryan,víṣyati,"lets loose, opens",RV Early-Vedic,11992
11992-2,Indo-Aryan,viṣā́ṇa,*let loose; discharging,n RV Early-Vedic,11992
11994,Indo-Aryan,*viṣvapana,sleeping,,11994
11997,Indo-Aryan,vísarati,"flows through, spreads out, opens oneself",RV Early-Vedic,11997
1200,Indo-Aryan,āpayati,causes to reach,ChUp Early-Vedic,1200
12001,Indo-Aryan,vísr̩jati,"emits, diffuses",RV Early-Vedic,12001
12001-2,Indo-Aryan,vísr̩ṣṭa,sent forth,RV Early-Vedic,12001
12003,Indo-Aryan,*vistambʰa,restraint,,12003
12005,Indo-Aryan,vistarati,spreads out,tr R Epic,12005
12005-2,Indo-Aryan,*vistarayati,spreads out,caus,12005-2
12007,Indo-Aryan,vistārayati,"spreads out, displays",MBh Epic,12007
12008,Indo-Aryan,vistārita,spread out,Kālid Classical,12008
12009,Indo-Aryan,vistīrṇa,"spread out, extensive",MBh Epic,12009
12010,Indo-Aryan,vistīryatē,is spread out,Mn Epic,12010
12012,Indo-Aryan,*vistʰakk,stand still,,12012
12015,Indo-Aryan,*vispʰalati,"moves quickly, quivers, jerks oneself",,12015
12021,Indo-Aryan,vismarati,forgets,MBh Epic,12021
12023,Indo-Aryan,vismārayati,causes to forget,Vikr,12023
12024,Indo-Aryan,vismita,astonished,MBh Epic,12024
12024-2,Indo-Aryan,vismiti,astonishment,f MW,12024
12026,Indo-Aryan,visragandʰa,musty smell; smelling of raw meat,m VarBr̥S lex Classical,12026
12028,Indo-Aryan,víhanti,stikes apart,RV Early-Vedic,12028
12028-2,Indo-Aryan,*vihanaka,striker,,12028
12029,Indo-Aryan,víharati,separates; moves on; wanders; passes time; diverts oneself,RV ĀśvŚr MBh R Gaut Early-Vedic Epic,12029
12030,Indo-Aryan,vihasati,laughs loudly,MBh Epic,12030
12031,Indo-Aryan,*vihāna,leaving,,12031
12032,Indo-Aryan,vihāpayati,causes to be left,W,12032
12035,Indo-Aryan,vihiṁsati,injures,Mn Epic,12035
12035-2,Indo-Aryan,vihiṁsita,,MBh Epic,12035
12035-3,Indo-Aryan,vihiṁsā,injury,f MBh Epic,12035
12036,Indo-Aryan,vihīna,"left, abandoned",MBh Epic,12036
12038,Indo-Aryan,vihvala,agitated,MBh Epic,12038
1204,Indo-Aryan,āpāna,"act of drinking, drinking party; drinking place or house",MBh lex Epic,1204
12041,Indo-Aryan,vī́kṣatē,"looks at, sees",ŚBr Early-Vedic,12041
12041-2,Indo-Aryan,*vēkṣatē,,Dhātup Mn Epic,12041
12042,Indo-Aryan,*vīcya,middle,,12042
12043,Indo-Aryan,vījana,fanning; fan,n Kāv Bhpr Classical Medieval,12043
12043-2,Indo-Aryan,vyajana,fan,n Mn Epic,12043
12044,Indo-Aryan,vījyatē,is fanned,MBh Epic,12044
12045,Indo-Aryan,vīṭā,small piece of stick shaped like a barley-corn and struck in the game of tipcat; a kind of metal ball held in the mouth in penance,f MBh Epic,12045
12047,Indo-Aryan,vīḍáyati,"fastens, makes firm",,12047
12048,Indo-Aryan,vī́ṇā,lute,f TS Early-Vedic,12048
12049,Indo-Aryan,vītá,covered,RV Early-Vedic,12049
12050,Indo-Aryan,vītʰi,"road, street; line, row",f MBh Kāv Epic Classical,12050
12051,Indo-Aryan,vīdʰrá,"clear sky, sunshine",n AV Early-Vedic,12051
12051-2,Indo-Aryan,vī́dʰrya,relating to the clear sky,VS Early-Vedic,12051
12051-3,Indo-Aryan,*vīdʰriya,,,12051
12051-4,Indo-Aryan,*vaidʰriya,,,12051
12052,Indo-Aryan,*vīdʰradʰanus,bow in the clear sky,,12052
12053,Indo-Aryan,*vīna,woven,,12053
12056,Indo-Aryan,vīrá,"man, hero, son; male of an animal",m RV AV Early-Vedic,12056
12058,Indo-Aryan,*vīrapōta,male offspring,,12058
12059,Indo-Aryan,vīramalla,,m,12059
12060,Indo-Aryan,vī́rudʰa,plant,n AV Early-Vedic,12060
12061,Indo-Aryan,vīryà,"manliness, virility; semen",n RV MBh Early-Vedic Epic,12061
12061-2,Indo-Aryan,vīríya,,n,12061
12062,Indo-Aryan,vŕ̩ka,wolf,m RV Early-Vedic,12062
12064,Indo-Aryan,vr̩kká,kidneys,m AV Early-Vedic,12064
12064-2,Indo-Aryan,*vrakka,,,12064
12064-3,Indo-Aryan,bukka,heart,,12064
12065,Indo-Aryan,vr̩kṇá,"cut down, broken",RV Early-Vedic,12065
12066,Indo-Aryan,*vr̩kṇa,bent,,12066
12067,Indo-Aryan,vr̩kṣá,tree,m RV Early-Vedic,12067
12068,Indo-Aryan,vr̩ti,"hedge, fence, enclosed piece of ground (esp. for betel)",f MBh Epic,12068
12069,Indo-Aryan,vr̩ttá,"turned; rounded; completed; passed, elapsed (of time); conduct, matter; livelihood",RV ŚBr MaitrUp KauṣUp Hariv Early-Vedic Classical,12069
12070,Indo-Aryan,vr̩tti,"mode of life, conduct; business; wages",f Gr̥Śr MBh Early-Vedic Epic,12070
12071,Indo-Aryan,*vr̩tʰa,covering,,12071
12073,Indo-Aryan,vr̩ddʰá,"grown, large; grown-up, old",RV TS Early-Vedic,12073
12074,Indo-Aryan,vr̩ddʰatara,larger,R Epic,12074
12075,Indo-Aryan,vr̩ddʰi,cutting off,W,12075
12076,Indo-Aryan,vŕ̩ddʰi,"increase, prosperity",RV Early-Vedic,12076
12077a,Indo-Aryan,vr̩nta,nipple,lex,12077a
12078,Indo-Aryan,vr̩ndá,"heap, multitude; bunch, cluster",n BhP Medieval,12078
12079,Indo-Aryan,*vr̩mra,"globular fruit, walnut",,12079
12080,Indo-Aryan,vr̩ścáti,cuts down or off or asunder,RV Early-Vedic,12080
12080-2,Indo-Aryan,vraścati,,BhP Medieval,12080
12080-3,Indo-Aryan,vŕ̩kṣatē,chooses,Dhātup Epic,12080
12081,Indo-Aryan,vŕ̩ścika,scorpion; caterpillar covered with bristles,m RV lex Early-Vedic,12081
12085,Indo-Aryan,vr̩ṣabʰá,"powerful; lord, male, bull",m RV Early-Vedic,12085
12087,Indo-Aryan,vr̩ṣṭá,rained,AV Early-Vedic,12087
12091,Indo-Aryan,*vēḍu,"reed, bamboo",,12091
12092,Indo-Aryan,vēḍʰamikā,a kind of bread or cake,f lex,12092
12093,Indo-Aryan,vēṇí,braided hair,MBh Epic,12093
12096,Indo-Aryan,vēṇú,"reed, bamboo",TS RV Early-Vedic,12096
12097,Indo-Aryan,vēta,"cane, reed",m lex,12097
12097-2,Indo-Aryan,*vētuka,,,12097
12098,Indo-Aryan,*vētadaṇḍa,willow stem,,12098
12099,Indo-Aryan,vētasá,"ratan, reed",m RV Early-Vedic,12099
121,Indo-Aryan,aŋgarāga,"application of ointment, cosmetic",m R Epic,121
12100,Indo-Aryan,*vētyayati,makes a price,,12100
12101,Indo-Aryan,vētrá,large reed,m Kauś Early-Vedic,12101
12106,Indo-Aryan,vēdanā́,knowledge; feeling; pain,f lex Yājñ MBh Classical Epic,12106
12108,Indo-Aryan,vēdʰa,"hitting the mark; penetration, hole",m MBh VarBr̥S Epic Classical,12108
12109,Indo-Aryan,*vēdʰati,pierces,,12109
1211,Indo-Aryan,*āpula,abundant,,1211
1211-2,Indo-Aryan,*āpura,,,1211
12110,Indo-Aryan,vēdʰya,to be pierced (of a vein); mark for shooting at,Car MārkP Epic Medieval,12110
12115,Indo-Aryan,vḗlā,"limit, boundary, time; flood tide; shore, opportunity",f ŚBr MaitrUp MBh Early-Vedic Epic,12115
12115-2,Indo-Aryan,*vēḍā,,,12115
12115-3,Indo-Aryan,*vīlī,"tide, time",,12115
12118,Indo-Aryan,*vēlya,at leisure,,12118
1212,Indo-Aryan,āpūra,"flood, excess",m Kathās Medieval,1212
12121,Indo-Aryan,vēllayati,"causes to shake, kneads",Bhpr Medieval,12121
12122,Indo-Aryan,vēllahala,libertine,m lex,12122
12124,Indo-Aryan,vēśá,"inhabitant (of a <i>víś</i>-), neighbour",RV Early-Vedic,12124
12128,Indo-Aryan,vēśyā,courtesan,f Mn Epic,12128
12128-2,Indo-Aryan,*vēśiyā,,,12128
12129,Indo-Aryan,vēṣa,"dress, assumed appearance",Mn Epic,12129
1213,Indo-Aryan,ā́pūrayati,fills up,ŚBr Early-Vedic,1213
12130,Indo-Aryan,vēṣṭá,"band, noose; enclosure",m Kauś lex Early-Vedic,12130
12131,Indo-Aryan,vēṣṭana,"enclosing; bandage, band",n Gr̥Śr MBh Early-Vedic Epic,12131
12132,Indo-Aryan,vēṣṭáyati,"wraps up, encloses, surrounds",TBr Early-Vedic,12132
12134,Indo-Aryan,vēsara,mule,,12134
12135,Indo-Aryan,vēsavāra,"a partic. condiment (of coriander, ginger, mustard, pepper, spice, &amp;c.)",m Suśr Classical,12135
12137,Indo-Aryan,*vaiḍava,made of or consisting of reeds,,12137
12138,Indo-Aryan,vaíḍūrya,cat's-eye gem,n MBh Epic,12138
12138-2,Indo-Aryan,*vaiḍūriya,,,12138
12139,Indo-Aryan,vaiṇavá,consisting of bamboo,ŚBr Early-Vedic,12139
12140,Indo-Aryan,vaidyá,learned; physician,ĀśvGr̥ MBh Early-Vedic Epic,12140
12142,Indo-Aryan,vaíra,hostile; enmity,n AV Early-Vedic,12142
12145,Indo-Aryan,vairin,enemy,m Mn Epic,12145
12150,Indo-Aryan,vaíśya,peasant as member of the third caste; belonging to such,m RV MBh Early-Vedic Epic,12150
12150a,Indo-Aryan,vaiśyavr̩tti,trade,f Mn Epic,12150a
12153,Indo-Aryan,vōḍra,a kind of large snake,m lex,12153
12158,Indo-Aryan,vyàŋga,crippled,AV Early-Vedic,12158
12158-2,Indo-Aryan,*víyaŋga,,,12158
12159,Indo-Aryan,vyàŋga,speckled; freckles; frog,AV Suśr lex Early-Vedic Classical,12159
12159-2,Indo-Aryan,*víyaŋga-,,,12159
12160,Indo-Aryan,vyáñjana,decoration; sign,n RV ĀpŚr Early-Vedic,12160
12160-2,Indo-Aryan,viyáñjana,,,12160
12164,Indo-Aryan,vyátʰatē,"trembles, goes astray; distresses",RV MBh Early-Vedic Epic,12164
12164-2,Indo-Aryan,*vyātʰayati,,RV Early-Vedic,12164
12165,Indo-Aryan,*vyatʰanaka,perplexing; tottering; feeling pain,,12165
12166,Indo-Aryan,vyantara,interval,n Gobh Early-Vedic,12166
12167,Indo-Aryan,*vyapacalati,goes away off,,12167
12168,Indo-Aryan,*vyapāvarati,opens,,12168
12168-2,Indo-Aryan,*vyapāvr̩ta,,,12168
1217,Indo-Aryan,āptá,"reached, received",ŚBr Early-Vedic,1217
12173,Indo-Aryan,vyavaharati,"deals, trades with; has intercourse with",Gr̥S Early-Vedic,12173
12174,Indo-Aryan,vyavahāra,"behaviour; custom, business",m MBh Epic,12174
12174-2,Indo-Aryan,*viyavahāra,,,12174
12175,Indo-Aryan,vyavahāraka,trader,m Pañcat Classical,12175
12175-2,Indo-Aryan,*viyavahāraka,,,12175
12178,Indo-Aryan,vyavahārin,trader,m Mn Epic,12178
12178-2,Indo-Aryan,*viyavahārin,,,12178
12179,Indo-Aryan,*vyaṣṭa,attained,,12179
1218,Indo-Aryan,*āptāyati,falls,,1218
12181,Indo-Aryan,vyàsyati,"throws away, separates, scatters",RV Early-Vedic,12181
12181-2,Indo-Aryan,vyasyatē,,,12181
12183,Indo-Aryan,vyākula,"filled with, confused, bewildered",MBh Epic,12183
12183-2,Indo-Aryan,*viyākula,,,12183
12186-2,Indo-Aryan,*vyākṣepaḍa-,invective,ext:ḍa,12186-2
12187,Indo-Aryan,vyā́kʰyāti,explains,ŚBr Early-Vedic,12187
12187-2,Indo-Aryan,*viyākʰyāti,,,12187
12188,Indo-Aryan,vyākʰyā́na,"comment, narration",n ŚBr Early-Vedic,12188
1219,Indo-Aryan,āpnṓti,"reaches, obtains",RV Early-Vedic,1219
12190,Indo-Aryan,*vyāgʰarati,besprinkles,,12190
12190-2,Indo-Aryan,*vyāgʰr̩ta,,,12190
12191,Indo-Aryan,vyágʰārayati,sprinkles over,TS Early-Vedic,12191
12191-2,Indo-Aryan,vyāgʰārita,sprinkled with ghee,W,12191
12191-3,Indo-Aryan,*vyāgʰāra,sprinkling,,12191
12192,Indo-Aryan,*vyāgʰuṭati,turns back,Pañcat Classical,12192
12192-2,Indo-Aryan,*vyāgʰōṭati,,Dhātup Epic,12192
12193,Indo-Aryan,vyāgʰrá,tiger,m AV Early-Vedic,12193
12193-2,Indo-Aryan,*viyāgʰra,,,12193
12193a,Indo-Aryan,*vyāgʰratara,like a tiger,,12193a
12196,Indo-Aryan,vyā́tta,opened (esp. of mouth); open jaws,MBh AV Epic Early-Vedic,12196
12198,Indo-Aryan,vyādr̩śyatē,is seen clearly,BhP Medieval,12198
12199,Indo-Aryan,vyādʰá,hunter,m Mn Epic,12199
12201,Indo-Aryan,vyādʰayati,causes to pierce,AitĀr Early-Vedic,12201
12201-2,Indo-Aryan,vyadʰayati,opens (a vein),,12201
12203,Indo-Aryan,*vyāparati,is engaged in,,12203
12205,Indo-Aryan,vyāpāra,"occupation, business",m MBh Epic,12205
12205-2,Indo-Aryan,*viyā- pāra,,,12205
12206,Indo-Aryan,vyāpārayati,employs,MBh Epic,12206
12207,Indo-Aryan,vyāpr̩ta,engaged in,MBh Epic,12207
12207-2,Indo-Aryan,*viyāpr̩ta,,,12207
1221,Indo-Aryan,ābadʰyatē,ties on,,1221
1221-2,Indo-Aryan,ābaddʰa,ties on,MBh Epic,1221
12211,Indo-Aryan,*vyārudʰyatē,is obstructed,,12211
12211-2,Indo-Aryan,*vyāruddʰa,,,12211
12212,Indo-Aryan,vyā̀la,"wicked, mischievous; beast of prey; snake; vicious elephant",AV Gaut MBh lex Early-Vedic Epic,12212
12212-2,Indo-Aryan,*víyāla,,,12212
12213,Indo-Aryan,*vyālagyati,touches,,12213
12214,Indo-Aryan,vyāsa,detailed account,m MBh Epic,12214
12214-2,Indo-Aryan,*viyāsa,,,12214
12215,Indo-Aryan,*vyāskara,"scattering, collection, covering",,12215
12216,Indo-Aryan,vyā́harati,speaks; cries (of animals),TBr ŚrS Early-Vedic,12216
12217,Indo-Aryan,vyāhāra,"utterance, talk",m Kāv Classical,12217
12218,Indo-Aryan,vyutpādayati,causes to arise,BhP Medieval,12218
12219,Indo-Aryan,vyúṣ,dawn,f AV Early-Vedic,12219
12220,Indo-Aryan,vyuṣati,burns,Dhātup Epic,12220
12221,Indo-Aryan,*vyūna,"deficient, small",,12221
12221-2,Indo-Aryan,*viyūna,,,12221
12223,Indo-Aryan,vyḕti,goes away,RV Early-Vedic,12223
12223-2,Indo-Aryan,viyánt,,RV Early-Vedic,12223
12223-3,Indo-Aryan,vīta,,,12223
12223-4,Indo-Aryan,vyēṣyati,,,12223
12225,Indo-Aryan,vrájati,"goes, wanders",RV Early-Vedic,12225
12225-2,Indo-Aryan,*vrañjati,,,12225
12225-3,Indo-Aryan,*vrajyati,,,12225
12225-4,Indo-Aryan,*vagga,,,12225
12225-5,Indo-Aryan,*vracc,moves,RV Early-Vedic,12225
12226,Indo-Aryan,*vrajastʰāna,cowpen,,12226
12227,Indo-Aryan,vraṇá,"abscess, boil, scar",m Mn Epic,12227
12230,Indo-Aryan,*vrāṇa,sheep,,12230
12232,Indo-Aryan,vrīḍita,"ashamed, bashful",MBh Epic,12232
12232-2,Indo-Aryan,vrīḍā,"shame, modesty",f MBh Epic,12232
12233,Indo-Aryan,vrīhí,rice,m AV Early-Vedic,12233
12234,Indo-Aryan,vlēpita,,pp,12234
12236,Indo-Aryan,śákaṭa,cart,n ŚāṅkhŚr Late-Vedic,12236
12236-2,Indo-Aryan,*śaggaṭa,,,12236
12236-3,Indo-Aryan,*śakkaṭa,,,12236
12241,Indo-Aryan,*śakara,dung,,12241
12243,Indo-Aryan,śákala,"chip, fragment, log; potsherd, half an eggshell",m TS Mn Early-Vedic Epic,12243
12244,Indo-Aryan,śákā,a kind of bird or fly or long-eared animal,f VS Early-Vedic,12244
12245,Indo-Aryan,śakuná,bird,m,12245
12249,Indo-Aryan,śakta,"competent, able",Mn Epic,12249
12250,Indo-Aryan,śákti-,power,,12250
12252,Indo-Aryan,śaknṓti,is able,RV Early-Vedic,12252
12256,Indo-Aryan,śakvara,bull,,12256
12257,Indo-Aryan,śáŋkatē,"is afraid, distrusts",ŚBr Early-Vedic,12257
12257-2,Indo-Aryan,*saŋkatēaya-,"is afraid, distrusts",caus,12257-2
12258,Indo-Aryan,śaŋkā́,"fear, distrust",f ŚBr Early-Vedic,12258
12258-2,Indo-Aryan,*śāŋka,,,12258
1226,Indo-Aryan,ā́bʰavati,"is present, exists",RV Early-Vedic,1226
12260,Indo-Aryan,śaŋkú,"peg, spike; stake, post; stick, arrow",RV MBh Hariv Early-Vedic Epic Classical,12260
12261,Indo-Aryan,śaŋkuci,skate-fish,m lex,12261
12262,Indo-Aryan,śaŋkura,frightful,lex,12262
12264,Indo-Aryan,śaŋkʰa,temporal bone or frontal bone; part of an elephant's head between the tusks,Yājñ lex Classical,12264
12266,Indo-Aryan,*śaŋkʰahanu,temple and chin,,12266
12268,Indo-Aryan,śáṭati,"disintegrates, is ill",Dhātup Epic,12268
12269,Indo-Aryan,śaṭati,goes,Dhātup Epic,12269
12269-2,Indo-Aryan,*śāṭayati,drives,,12269
12270,Indo-Aryan,*śaṭṭa,defective,,12270
12270-2,Indo-Aryan,śaṭʰa,"deceitful; cheat, fool, idler",W,12270
12270-3,Indo-Aryan,śaṇṭʰá,"rogue, fool; impotent",lex,12270
12270-4,Indo-Aryan,*śaṇṭʰara,,,12270
12270-5,Indo-Aryan,ṣaṇḍʰá,,,12270
12272,Indo-Aryan,śaṇá,hemp,m AV Early-Vedic,12272
12278,Indo-Aryan,śatá,100,n RV Early-Vedic,12278
1228,Indo-Aryan,ābʰāṇaka,"saying, proverb",m lex,1228
12281,Indo-Aryan,śatápad,having a hundred feet; centipede,RV Suśr Early-Vedic Classical,12281
12283,Indo-Aryan,śatapuṣpa,having 100 flowers; Anethum sowa,MBh Suśr Epic Classical,12283
12283-2,Indo-Aryan,*śatampuṣpa,,AV Early-Vedic,12283
12283-3,Indo-Aryan,*śatatama-,,,12283
12284,Indo-Aryan,*śatambʰara,full hundred,,12284
12287c,Indo-Aryan,*śanaiścara,slow-moving; Saturn,Bhartr̥ MBh Classical Epic,12287c
12288,Indo-Aryan,śanna,"fallen, decayed",Nir Early-Vedic,12288
12288-2,Indo-Aryan,*śatta,,,12288
12289,Indo-Aryan,śápati,"curses, swears; reviles",RV Yājñ Early-Vedic Classical,12289
12290,Indo-Aryan,śapátʰa,curse; vow,m RV MBh Early-Vedic Epic,12290
12291,Indo-Aryan,śapita,cursed,R Epic,12291
12292,Indo-Aryan,śaptá,"cursed, adjured; curse; oath",MBh TBr R Epic Early-Vedic,12292
12293,Indo-Aryan,śápyati,curses,Bhaṭṭ Classical,12293
12294,Indo-Aryan,śapva,abuse,m lex,12294
12298,Indo-Aryan,śábda,"articulate sound, noise",m ŚBr Early-Vedic,12298
1230,Indo-Aryan,*ābʰiṭ,meet,,1230
1230-2,Indo-Aryan,*ābʰēṭ,,,1230
12300,Indo-Aryan,śabdayati,calls,,12300
12300-2,Indo-Aryan,śabdāpayati,,R Epic,12300
12301,Indo-Aryan,śáma,tame; peace,RV Mn Early-Vedic Epic,12301
12302,Indo-Aryan,*śamati,is allayed,ŚBr R Kauś Early-Vedic Epic,12302
12307,Indo-Aryan,śamitā,rice-powder,f lex,12307
12308,Indo-Aryan,śamī́,the tree Prosopis spicigera or Mimosa suma (used in kindling fire),AV Early-Vedic,12308
12308-2,Indo-Aryan,*śāmika,,KātyŚr Early-Vedic,12308
12311,Indo-Aryan,śámba,weapon used by Indra; iron head of pestle,m RV lex Early-Vedic,12311
12314,Indo-Aryan,śambara,a kind of deer,m,12314
12316,Indo-Aryan,śambu,bivalve shell,m,12316
12316-2,Indo-Aryan,śambukka,,m,12316
12318,Indo-Aryan,*śamyākīla,yoke-pin,,12318
12318-2,Indo-Aryan,*śamiyākīla,,,12318
1232,Indo-Aryan,ābʰīra,name of a people; herdsman,m MBh Mn Epic,1232
12323,Indo-Aryan,śáyana,"lying down, bed",n ŚBr Early-Vedic,12323
12324,Indo-Aryan,śará,"reed from which arrows are made; the reed Saccharum sara, arrow",RV Early-Vedic,12324
12326,Indo-Aryan,śaraṇá,"protecting; shelter, home",n RV Early-Vedic,12326
12326-2,Indo-Aryan,*śarṇa,,,12326
12328,Indo-Aryan,*śarati,"is broken, falls",,12328
12328-2,Indo-Aryan,*śalati,,,12328
12329,Indo-Aryan,śarád,autumn,f RV Early-Vedic,12329
12329-2,Indo-Aryan,*śaradda,,,12329
12331,Indo-Aryan,śarabʰá,a kind of deer,AV Early-Vedic,12331
12331-2,Indo-Aryan,*śalabʰa,,,12331
12332,Indo-Aryan,śáras,"cream, skin on boiled milk; thin layer of ashes",n VS TBr Early-Vedic,12332
12335,Indo-Aryan,śárīra,body,n RV Early-Vedic,12335
12336,Indo-Aryan,śáru,missile; arrow,m RV AV Early-Vedic,12336
12337,Indo-Aryan,śárkarā,"gravel, grit",AV Early-Vedic,12337
12338,Indo-Aryan,śarkarā,candied sugar,Hariv Classical,12338
12339,Indo-Aryan,śárya,arrow,m RV Early-Vedic,12339
12340,Indo-Aryan,*śaryārūpa,porcupine,,12340
12343,Indo-Aryan,śalá,"staff; dart, spear",TBr lex Early-Vedic,12343
12345,Indo-Aryan,*śalakka,grasshopper,,12345
12345-2,Indo-Aryan,*śalaŋka,,,12345
12347,Indo-Aryan,śalabʰá,"grasshopper, locust, moth (?)",MBh Epic,12347
12347-2,Indo-Aryan,śarabʰa,,,12347
12348,Indo-Aryan,śalalī́,porcupine-quill,f AV Early-Vedic,12348
12348-2,Indo-Aryan,*śālala,porcupine,,12348
12349,Indo-Aryan,śalā́kā,any small stake or stick,f ŚBr Early-Vedic,12349
1235,Indo-Aryan,ām,yes,Pāṇ Epic,1235
1235-2,Indo-Aryan,ām ēva,,,1235
12350,Indo-Aryan,śálka,"chip, shaving; fish-scale; bark",m TS Mn lex Early-Vedic Epic,12350
12351,Indo-Aryan,śalmalí,the silk cotton tree Bombax heptaphyllum,m RV Early-Vedic,12351
12351-2,Indo-Aryan,śimbalá,flower or fruit of some plant (B. heptaphyllum ac. to Sāy.),m RV Early-Vedic,12351
12351-3,Indo-Aryan,*śaimbala,,,12351
12352,Indo-Aryan,śalyá,"arrow, javelin; anything lodged in the body and causing pain (applied inter alia to dead foetus)",RV Suśr Early-Vedic Classical,12352
12353,Indo-Aryan,śályaka,porcupine,m VS Early-Vedic,12353
12353-2,Indo-Aryan,*śaryaka,,,12353
12353-3,Indo-Aryan,*śariyaka,,,12353
12354,Indo-Aryan,śalyayati,"hurts, torments",,12354
12356,Indo-Aryan,śáva,corpse,m ŚBr Early-Vedic,12356
12356-2,Indo-Aryan,*cʰava,,,12356
12357,Indo-Aryan,śaśá,hare,m RV Early-Vedic,12357
12359,Indo-Aryan,śaśadʰara,moon,m Kāv Classical,12359
1236,Indo-Aryan,āmá,raw,RV Early-Vedic,1236
12361,Indo-Aryan,śaśāda,a partic. bird of prey,m lex,12361
12362,Indo-Aryan,śaśādana,the brown hawk,,12362
12363,Indo-Aryan,śaśin,moon,m ŚvetUp Epic,12363
12365,Indo-Aryan,śastá,recited; auspicious; beautiful,RV AV R Early-Vedic Epic,12365
12367,Indo-Aryan,śastrá,instrument for cutting; iron,n ŚBr lex Early-Vedic,12367
12368,Indo-Aryan,śasya,to be slaughtered,Vop Medieval,12368
12369,Indo-Aryan,śāka,the teak tree Tectona grandis,Gr̥Śr Early-Vedic,12369
12369-2,Indo-Aryan,*sākkʰu,,,12369
12369-3,Indo-Aryan,*sāggu,,,12369
12370,Indo-Aryan,śāka,"potherb, vegetable",Gr̥Śr Early-Vedic,12370
12370-2,Indo-Aryan,*śākin,vegetable grower,,12370
12374,Indo-Aryan,*śākavanya,teak forest,,12374
12374-2,Indo-Aryan,*sāgguvanya,,,12374
12375,Indo-Aryan,śākya,a Kṣatriya clan in Kapilavastu to which the Buddha belonged,m,12375
12375-2,Indo-Aryan,śākiya,,,12375
12376,Indo-Aryan,śā́kʰā,branch,f RV Early-Vedic,12376
12379,Indo-Aryan,śākʰyá,"belonging to or resembling a branch, branching",Pāṇ Epic,12379
12380,Indo-Aryan,śāŋkʰika,relating to a shell,W,12380
12380-2,Indo-Aryan,*śāŋkʰinī,,Bālar Medieval,12380
12381,Indo-Aryan,śāṭa,strip of cloth,,12381
12382,Indo-Aryan,*śāṭa,"falling, rotting",,12382
12383,Indo-Aryan,*śāṭayati,"makes fall, makes disintegrate",,12383
12384,Indo-Aryan,śāṇá,"hempen, flaxen",ŚBr Early-Vedic,12384
12384-2,Indo-Aryan,śāṇī,hempen cloth,f MBh Epic,12384
12385,Indo-Aryan,śātayati,causes to fall,MBh Epic,12385
12386,Indo-Aryan,*śātra,instrument for whetting,,12386
12387,Indo-Aryan,śādvalá,abounding in fresh grass; grassy spot,n Gr̥S Early-Vedic,12387
12388,Indo-Aryan,śāna,whetstone,m,12388
12389,Indo-Aryan,*śānayati,whets,,12389
12390,Indo-Aryan,śāntá,abated; calm,ŚBr Up Early-Vedic,12390
12393,Indo-Aryan,śāpa,"curse, abuse",m MBh Epic,12393
12398,Indo-Aryan,śā́myati,comes to rest,TS Early-Vedic,12398
124,Indo-Aryan,*aŋgahōla,washing the body,,124
12401,Indo-Aryan,śāráŋga,spotted; a kind of deer; the Indian cuckoo,ŚBr Br Kālid Suśr Early-Vedic Classical,12401
12402,Indo-Aryan,śāradá,"autumnal; year, name of various plants; corn or fruit ripening in autumn",AV lex VarBr̥S Early-Vedic Classical,12402
12403,Indo-Aryan,śā́radika,autumnal,Pāṇ Epic,12403
12404,Indo-Aryan,śārayati,causes to be broken,Gr,12404
12408,Indo-Aryan,śārkará,gravelly,Pāṇ Epic,12408
12409,Indo-Aryan,śārŋga,made of horn; bow,Suśr MBh Classical Epic,12409
1241,Indo-Aryan,ā́mana,friendliness,n TS Early-Vedic,1241
12411,Indo-Aryan,śārdūlá,tiger,m VS Early-Vedic,12411
12414,Indo-Aryan,śā́lā,"shed, stable, house",f AV Early-Vedic,12414
12415,Indo-Aryan,śāli,growing or unhusked rice; grains of rice,m MBh R Epic,12415
12417,Indo-Aryan,śāva,young of an animal,m MBh Epic,12417
12418,Indo-Aryan,*śāśarīti,satisfies,,12418
12419,Indo-Aryan,śā́sati,"instructs, punishes, rules",RV MBh Early-Vedic Epic,12419
1242,Indo-Aryan,āmantrayatē,summons; invites,TBr MBh Early-Vedic Epic,1242
1242-2,Indo-Aryan,āmántraṇa,calling to; deliberation; invitation,n ŚBr AV Yājñ Early-Vedic Classical,1242
12420,Indo-Aryan,śā́sana,instructing; command; punishment; royal edict,n RV Mn Yājñ Early-Vedic Epic Classical,12420
12424,Indo-Aryan,śiṁśápā,the tree Dalbergia sissoo,f AV Early-Vedic,12424
12426,Indo-Aryan,śiṁśumā́ra,"porpoise, Delphinus gangeticus; crocodile",m RV Suśr Early-Vedic Classical,12426
12426-2,Indo-Aryan,śiṁśuka,an aquatic animal; porpoise,MBh lex Epic,12426
12427,Indo-Aryan,śikyà,rope-sling for carrying things,n AV Early-Vedic,12427
12427-2,Indo-Aryan,*cʰikya,,,12427
12427-3,Indo-Aryan,*sikyaḍa-,rope-sling for carrying things,ext:ḍa,12427-3
12430,Indo-Aryan,śíkṣatē,learns,RV Early-Vedic,12430
12431,Indo-Aryan,śikṣayati,informs,Mn Epic,12431
12432,Indo-Aryan,śikṣā,"learning, study; punishment",f MBh Nyāyam Epic,12432
12433,Indo-Aryan,śikṣya,to be taught,W,12433
12434,Indo-Aryan,śikʰaṇḍá,tuft of hair left on sides or crown of head at tonsure,m TS Early-Vedic,12434
12435,Indo-Aryan,śikʰará,"point, peak; erection of hair on body, armpit",m MBh lex Epic,12435
12435-2,Indo-Aryan,*śikkʰara,,,12435
12438,Indo-Aryan,śitá,"whetted, sharp",RV Early-Vedic,12438
12442,Indo-Aryan,śipavitnuká,a kind of worm,m AV Early-Vedic,12442
12443,Indo-Aryan,śipʰā,fibrous or flexible root,f Mn Epic,12443
12445,Indo-Aryan,śimba,"pod, legume",m Suśr Classical,12445
12445-2,Indo-Aryan,*cʰimba,,,12445
12447,Indo-Aryan,*śiyant,being sharp,,12447
12448,Indo-Aryan,*śiraanta,head-end,,12448
12449,Indo-Aryan,*śiraādʰāna,resting-place for the head,,12449
12451,Indo-Aryan,*śirapāda,head and foot,,12451
12451-2,Indo-Aryan,*śairapāda,,,12451
12452,Indo-Aryan,śíras,head,n RV Early-Vedic,12452
12456,Indo-Aryan,*śirōvāla,hair of head,,12456
12457,Indo-Aryan,*śirōvyādʰi,headache,,12457
12458,Indo-Aryan,śila,gathering stalks and ears of corn,n Mn Epic,12458
12458-2,Indo-Aryan,*śilla,,,12458
12459,Indo-Aryan,śilā́,"rock, crag; lower millstone",f AV lex Early-Vedic,12459
12459-2,Indo-Aryan,*śillā,,,12459
12465,Indo-Aryan,śili,lower timber of a door,,12465
12466,Indo-Aryan,śilī,"dart, arrow",f MW,12466
12466-2,Indo-Aryan,*śēlla,,,12466
12468,Indo-Aryan,śilīndʰra,plaintain tree; mushroom,lex Hariv Classical,12468
1247,Indo-Aryan,āmalaka,the small tree Phyllanthus emblica or myrobalan; its fruit,m n ChUp Early-Vedic,1247
12475,Indo-Aryan,śíśira,"cold; cold season; coldness, dew",R AV MBh Epic Early-Vedic,12475
12476,Indo-Aryan,śíśu,"young of an animal, child",m RV Early-Vedic,12476
12478,Indo-Aryan,śiṣṭa,"left, remaining; remnant",AV ŚBr Early-Vedic,12478
12478-2,Indo-Aryan,*śaiṣtya,,,12478
12481,Indo-Aryan,śiṣṭi,direction; punishment,Gaut Early-Vedic,12481
12482,Indo-Aryan,śiṣya,pupil,m ṢaḍvBr Early-Vedic,12482
12484,Indo-Aryan,śīgʰrá,quick,VS Early-Vedic,12484
12485,Indo-Aryan,śītá,cold,RV Early-Vedic,12485
12485-2,Indo-Aryan,*sītaḍ-,cold,ext:ḍ,12485-2
12486,Indo-Aryan,śītakāla,cold season,m Suśr Classical,12486
12487,Indo-Aryan,śītalá,cold,MBh Epic,12487
12488,Indo-Aryan,śītalayati,cools,Prasannar,12488
12490,Indo-Aryan,śītalā,smallpox,,12490
12492,Indo-Aryan,śīná,"frozen, congealed; ice",Pāṇ VS Epic Early-Vedic,12492
12493,Indo-Aryan,śī́pāla,the waterweed Blyxa octandra; abounding in it,m RV AV Early-Vedic,12493
12493-2,Indo-Aryan,śḗvāla,the plant,m Dharmaś,12493
12494,Indo-Aryan,śī́yatē,falls,AV Early-Vedic,12494
12494-2,Indo-Aryan,*śīna,,,12494
12497,Indo-Aryan,śīrṣá,"head, skull",n AV Early-Vedic,12497
12498a,Indo-Aryan,*śīrṣarōga,headache,MBh Epic,12498a
125,Indo-Aryan,áŋgāra,glowing charcoal,m RV Early-Vedic,125
125-2x,Indo-Aryan,*iŋgāra,,,125
12500,Indo-Aryan,śīrṣānta,head of a bed,m Kathās Medieval,12500
12501,Indo-Aryan,śī́la,"habit, nature; virtue",n VS Mn Early-Vedic Epic,12501
12502,Indo-Aryan,śīlayati,"practises repeatedly, cultivates",,12502
12503,Indo-Aryan,śúka,parrot,m RV Early-Vedic,12503
12504,Indo-Aryan,śuktá,become acid or sour; anything fermented or sour,ŚBr Gaut Early-Vedic,12504
12504-2,Indo-Aryan,*śuktala,,,12504
12505,Indo-Aryan,śukti,oyster shell,f Kauś Early-Vedic,12505
12505-2,Indo-Aryan,śaukta,made of mother-of-pearl,Hcat Medieval,12505
12506,Indo-Aryan,śukrá,bright; brightness; the planet Venus,n RV MBh Early-Vedic Epic,12506
12506-3,Indo-Aryan,*sukral-,bright; brightness; the planet Venus,ext:l,12506-3
12507,Indo-Aryan,śukravāra,Friday,m,12507
12508,Indo-Aryan,*śukṣa,drying up,,12508
12510,Indo-Aryan,śúci,"bright, pure; purification",RV Kāv Early-Vedic Classical,12510
12511,Indo-Aryan,*śucya,to be purified,,12511
12512,Indo-Aryan,śúcyati,"is purified, burns, decays; rots",Vop Dhātup Medieval Epic,12512
12512a,Indo-Aryan,*śuṭ,stealth,,12512a
12512a-2,Indo-Aryan,*śuṭṭ,,,12512a
12513,Indo-Aryan,*śuḍa,defective,,12513
12513-2,Indo-Aryan,śuṇṭʰá,epithet of cow or bull (small?),TS Early-Vedic,12513
12513-3,Indo-Aryan,*śuṇḍʰa,,,12513
12513-4,Indo-Aryan,*śūḍʰa,,,12513
12513-5,Indo-Aryan,*śōṭṭʰa,,,12513
12513-6,Indo-Aryan,śōṭʰa,"foolish, lazy",lex,12513
12513-7,Indo-Aryan,*śōṇṭʰa,,,12513
12513-8,Indo-Aryan,*śōla,,,12513
12515,Indo-Aryan,śuṇṭʰī,dry ginger,VarBr̥S ŚārṅgS Classical Medieval,12515
12515-2,Indo-Aryan,*śōṇṭʰī,,,12515
12516,Indo-Aryan,śuṇḍā,elephant's trunk,MBh Epic,12516
12518,Indo-Aryan,*śuṇḍāpuṭa,nostril,,12518
1252,Indo-Aryan,*āmārayati,rubs,,1252
12520,Indo-Aryan,śuddʰá,"clean, bright, white; pure, true",RV Mn Early-Vedic Epic,12520
12521,Indo-Aryan,*śuddʰakāra,making clean,,12521
12522,Indo-Aryan,*śuddʰācāra,of virtuous conduct,,12522
12523,Indo-Aryan,śúddʰi,"cleansing, purity; verification, truth; certainty; information, news",f TBr Yājñ Mn Early-Vedic Classical Epic,12523
12525,Indo-Aryan,*śudʰya,to be made pure,,12525
12526,Indo-Aryan,*śudʰyakāra,making pure,,12526
12527,Indo-Aryan,śúdʰyati,is purified,ṢaḍvBr VS Early-Vedic,12527
12527-2,Indo-Aryan,*sudʰyayati,is purified,caus,12527-2
12527-3,Indo-Aryan,*sudʰyaḍati,is purified,ext:ḍ,12527-3
12528,Indo-Aryan,śuna,dog,m lex,12528
12528-2,Indo-Aryan,śunī́,,f,12528
12528-3,Indo-Aryan,*śunakʰa,,,12528
12528-4,Indo-Aryan,*sunal-,dog,ext:l,12528-4
12529,Indo-Aryan,*śunamūtra,dog's urine,,12529
12530,Indo-Aryan,śúndʰati,purifies,RV Early-Vedic,12530
12530-2,Indo-Aryan,*śundʰyatē,,,12530
12532,Indo-Aryan,śubʰa,"bright, auspicious; good; anything bright, welfare",Mn ŚvetUp Kauś Epic Early-Vedic,12532
12532-2,Indo-Aryan,*subʰall-,"bright, auspicious; good; anything bright, welfare",ext:ll,12532-2
12536,Indo-Aryan,śubʰāná,bright,RV Early-Vedic,12536
12537,Indo-Aryan,śubʰāyatē,is a great blessing to,,12537
12538,Indo-Aryan,*śubʰyati,is bright,,12538
12539,Indo-Aryan,śubʰrá,"bright, beautiful; white; silver, crystal, rock salt",RV Mn Early-Vedic Epic,12539
12540,Indo-Aryan,śúbʰvan,splendid,RV Early-Vedic,12540
12541,Indo-Aryan,*śumbʰaka,bright,,12541
12542,Indo-Aryan,śumbʰáti,shines,RV Early-Vedic,12542
12543,Indo-Aryan,śulká,"price, value; tax, toll; dowry",n RV AV Gaut Early-Vedic,12543
12543-2,Indo-Aryan,*cuŋga,,,12543
12545,Indo-Aryan,*śuṣati,"hisses, pants",,12545
12545-2,Indo-Aryan,*śuṣyati,,,12545
12546,Indo-Aryan,śuṣi,drying,lex,12546
12547,Indo-Aryan,śuṣi,*breath,lex,12547
12548,Indo-Aryan,śúṣka,dried,RV Early-Vedic,12548
12548-2,Indo-Aryan,*suṣkall-,dried,ext:ll,12548-2
1255,Indo-Aryan,*āmilati,"meets together, tangles",,1255
12551,Indo-Aryan,*śuṣkataṭī,dry slope,,12551
12552,Indo-Aryan,*śuṣkati,becomes dry,inf,12552
12552-2,Indo-Aryan,*suṣkayati,becomes dry,caus,12552-2
12555,Indo-Aryan,*śuṣṭa,dried,,12555
12557,Indo-Aryan,*śuṣṇakāra,making hot,,12557
12559,Indo-Aryan,śúṣyati,becomes dry,AV Early-Vedic,12559
12559-2,Indo-Aryan,*śuṣati,,Pāṇ Epic,12559
1256,Indo-Aryan,āmiṣá,flesh,n,1256
12560,Indo-Aryan,śūka,"awn of grain; bristle, spike (esp. of insects)",m R W Epic,12560
12562,Indo-Aryan,*śūḍʰa,purified,,12562
12565,Indo-Aryan,śūná,"swollen, grown",Suśr Classical,12565
12567,Indo-Aryan,śūnyá,empty,ŚBr Early-Vedic,12567
12567-2,Indo-Aryan,*śūniya,,,12567
12568,Indo-Aryan,śūyatē,is swollen,Car Epic,12568
12569,Indo-Aryan,śū́ra,"strong, valiant; hero",m RV Early-Vedic,12569
1257,Indo-Aryan,*āmiṣagandʰika,smelling of raw flesh,,1257
12572,Indo-Aryan,śūrtá,"crushed, broken",RV Early-Vedic,12572
12573,Indo-Aryan,śū́rpa,winnowing basket,n VS Early-Vedic,12573
12575,Indo-Aryan,śū́la,"spike, spit; impaling stake; any sharp pain, esp. colic",m RV Mn ŚārṅgS Early-Vedic Epic Medieval,12575
12576,Indo-Aryan,śūlatē,hurts,intr Car Epic,12576
12576-2,Indo-Aryan,śūlyati,,,12576
12576-3,Indo-Aryan,*śūlāyati,,,12576
12577,Indo-Aryan,*śūṣa,blowing,,12577
12577-2,Indo-Aryan,*śūṣya,,,12577
12578,Indo-Aryan,śr̩gālá,jackal,,12578
12579,Indo-Aryan,*śr̩ŋkʰati,smells,,12579
12580,Indo-Aryan,śr̩ŋkʰala,chain,m MārkP Medieval,12580
12582,Indo-Aryan,śr̩ŋkʰāṇikā,mucus of the nose,f,12582
12582-2,Indo-Aryan,*śr̩ŋkʰa,,,12582
12582-3,Indo-Aryan,śiṁhāṇa,,,12582
12583,Indo-Aryan,śŕ̩ŋga,horn,n RV Early-Vedic,12583
12584,Indo-Aryan,*śr̩ŋgadrōṇa,horn-bow,,12584
12588,Indo-Aryan,śr̩ŋgavēra,dried or fresh ginger,n Suśr Classical,12588
12590,Indo-Aryan,śr̩ŋgāṭa,the water-chestnut Trapa bispinosa,m lex,12590
12591,Indo-Aryan,*śr̩ŋgāsana,seat of horns,,12591
12592,Indo-Aryan,śŕ̩ŋgāra,"sexual desire; amorous pursuits, finery",n lex MBh Epic,12592
12593,Indo-Aryan,*śr̩ŋgārayati,adorns,,12593
12593-2,Indo-Aryan,śr̩ŋgārita,,Śiś Classical,12593
12597,Indo-Aryan,śr̩ṇā́ti,"crushes, breaks",RV Early-Vedic,12597
12598,Indo-Aryan,śr̩ṇṓti,hears,RV Early-Vedic,12598
126,Indo-Aryan,aŋgāraka,*red like embers; charcoal; name of various plants; the planet Mars,m,126
1260,Indo-Aryan,āmuñcati,puts off or on; discharges; puts on (clothes),MBh Kālid Epic Classical,1260
1260-2,Indo-Aryan,*āmucati,,,1260
1260-3,Indo-Aryan,*āmukna,,MBh Epic,1260
12600,Indo-Aryan,*śr̩taśītala,boiled and cooled again,,12600
12601,Indo-Aryan,*śr̩tʰilá,"loose, slack",,12601
12602,Indo-Aryan,*śr̩tʰilayati,loosens,,12602
12605,Indo-Aryan,śḗtē,lies down; sleeps; remains unused,RV Gr̥Śr TS Early-Vedic,12605
12605-2,Indo-Aryan,áśayat,,,12605
12607,Indo-Aryan,śēpyā́,*tail,f Kauś com Early-Vedic Medieval,12607
12609,Indo-Aryan,*śēyyā,bed,f,12609
12610,Indo-Aryan,śēlu,the tree Cordia myxa,,12610
12611,Indo-Aryan,śēṣa,remaining; remainder,Mn KātyŚr Epic Early-Vedic,12611
12613,Indo-Aryan,*śaitala,relating to cold,,12613
12613-2,Indo-Aryan,*śaitalya,coldness,,12613
12614,Indo-Aryan,śaítya,coldness,n Yājñ Classical,12614
12614-2,Indo-Aryan,*śaitiya,,,12614
12615,Indo-Aryan,śaimbya,pertaining to legumes,KātyŚr Early-Vedic,12615
12615-2,Indo-Aryan,*śaimbiya,,,12615
12616,Indo-Aryan,śaila,"made of stone, rocky; rock, hill",m MBh Epic,12616
12618,Indo-Aryan,*śō,orphan,,12618
12618-2,Indo-Aryan,*śōruṇḍa,,,12618
12619,Indo-Aryan,śṓka,"heat, pain, sorrow",m RV Early-Vedic,12619
1262,Indo-Aryan,*āmuhyati,is bewildered,,1262
1262-2,Indo-Aryan,*āmūḍʰa,,,1262
12621,Indo-Aryan,śōcyatē,is made to feel pain; is purified,Kālid Kathās Classical Medieval,12621
12622,Indo-Aryan,*śōṭṭʰa,stick,,12622
12622-2,Indo-Aryan,*śōṭʰa-,,,12622
12622-3,Indo-Aryan,*śōttʰa,,,12622
12623,Indo-Aryan,śṓṇa,"red, crimson, purple; yellow; Bignonia indica, red sugar-cane",RV lex Early-Vedic,12623
12625,Indo-Aryan,śōṇita,blood,n Gr̥Śr Early-Vedic,12625
12626,Indo-Aryan,śṓddʰum,to purify,,12626
12628,Indo-Aryan,*śōdʰakāra,making clean,,12628
12628-2,Indo-Aryan,*śōdʰakara,,,12628
12629,Indo-Aryan,śōdʰana,cleaning,Mn Epic,12629
1263,Indo-Aryan,āmr̩jati,"rubs, wipes",MBh Epic,1263
12630,Indo-Aryan,śōdʰáyati,purifies; removes anything obnoxious,TS Mn Early-Vedic Epic,12630
12631,Indo-Aryan,*śōdʰi,purifying,,12631
12632,Indo-Aryan,śōdʰya,to be cleaned,Mn Epic,12632
12633,Indo-Aryan,śōdʰyatē,is made clear,,12633
12635,Indo-Aryan,śōbʰa,bright,W,12635
12636,Indo-Aryan,śṓbʰatē,"shines, looks beautiful",RV Early-Vedic,12636
12637,Indo-Aryan,śōbʰaná,"brilliant, beautiful; anything auspicious",ŚBr R Early-Vedic Epic,12637
12638,Indo-Aryan,śōbʰā́,"splendour, beauty",f TS Early-Vedic,12638
1263a,Indo-Aryan,āmr̩śati,"touches, tastes",MBh Epic,1263a
1263a-2,Indo-Aryan,āmr̩śyatē,,,1263a
12642,Indo-Aryan,śṓśucat,shining brightly,RV Early-Vedic,12642
12642-2,Indo-Aryan,śṓṣa,"drying up, dryness; summer",m MBh Epic,12642
12645,Indo-Aryan,śōṣáyati,makes dry,AV Early-Vedic,12645
12646,Indo-Aryan,śōṣu,"drought, thirst",m lex,12646
12647,Indo-Aryan,*śōṣya,to be dried,,12647
12648,Indo-Aryan,*śōṣyatē,is dried up,,12648
1265,Indo-Aryan,āmr̩ṣyatē,bears patiently,MBh Epic,1265
1265-2,Indo-Aryan,*āmr̩ṣṭa,,,1265
1265-3,Indo-Aryan,āmarṣa,*forgetfulness,lex,1265
12651,Indo-Aryan,śauna,relating to dogs,MBh Epic,12651
12651-2,Indo-Aryan,*śaunakʰa,,,12651
12653,Indo-Aryan,*ścandati,leaps,,12653
12654,Indo-Aryan,ścandrá,shining,,12654
12658,Indo-Aryan,śmaśāná,"erection for burning dead, burial place for cremated bones",n TS Early-Vedic,12658
12659,Indo-Aryan,śmáśru,"beard, mustache",n RV Early-Vedic,12659
12662,Indo-Aryan,*śyāta,cold,,12662
12664,Indo-Aryan,śyāmá,"black, swarthy, dark-blue",AV Early-Vedic,12664
12664-2,Indo-Aryan,śyāmā,"hen cuckoo; *hen pheasant, hen golden oriole",f VarBr̥S Classical,12664
12664-3,Indo-Aryan,*śyāmī,spleen,,12664
12665,Indo-Aryan,śyāmalá,dark-coloured,Hariv Classical,12665
12667,Indo-Aryan,śyāmā́ka,the millet Panicum frumentaceum,m VS Early-Vedic,12667
12667-2,Indo-Aryan,*śyāmākka,,,12667
12671,Indo-Aryan,*śyāra,freezing,,12671
12672,Indo-Aryan,śyāvá,"dark, dark brown",,12672
12673,Indo-Aryan,śyāvíyā,darkness,,12673
12674,Indo-Aryan,śyēná,"hawk, falcon, eagle",m RV Early-Vedic,12674
12675,Indo-Aryan,*śraṭṭa,"throat, neck",,12675
12676,Indo-Aryan,*śratʰya,"to be tied, joint",,12676
12678,Indo-Aryan,śraddʰā́,trust; desire; longings of a pregnant woman,f RV MBh Car Early-Vedic Epic,12678
1268,Indo-Aryan,āmrá,"mango tree, Mangifera indica; its fruit",m MBh ŚBr Epic Early-Vedic,1268
12681,Indo-Aryan,śrapáyati,heats; cooks; makes sweat,VS AitBr Vop Early-Vedic Medieval,12681
12681-2,Indo-Aryan,śrapyátē,is cooked,ŚBr Early-Vedic,12681
12684,Indo-Aryan,śraya,refuge,m W,12684
12685,Indo-Aryan,*śrayaṇī,ladder,,12685
12687,Indo-Aryan,*śrayantī,ladder,,12687
12690,Indo-Aryan,śrāṇa,"cooked, boiled; moist; boiled meat",Pāṇ lex MW Epic,12690
12691,Indo-Aryan,śrāddʰá,faithful,Vop Medieval,12691
12694,Indo-Aryan,*śrāya,head,,12694
127,Indo-Aryan,aŋgāradʰānī,portable stove,,127
12700,Indo-Aryan,śrāvaṇiká,relating to the 4th month; the 4th month,W Pāṇ Epic,12700
12701,Indo-Aryan,śrāváyati,proclaims,RV Early-Vedic,12701
12704,Indo-Aryan,*śritrā,ladder,,12704
12707,Indo-Aryan,*śriṣṭa,"entered, resting on",,12707
12709,Indo-Aryan,*śrīḍʰi,"resting-place, ladder",,12709
12711,Indo-Aryan,śrīpʰala,Aegle marmelos; its fruit; coconut,m lex Mn Epic,12711
12712,Indo-Aryan,*śrīyatē,is cooked,,12712
12713,Indo-Aryan,*śruŋka,horn,,12713
12714,Indo-Aryan,śrutá,heard,RV Early-Vedic,12714
12715,Indo-Aryan,*śrū,horn,,12715
12715-2,Indo-Aryan,*śrauva,horned,,12715
12717,Indo-Aryan,*śrēḍa,"slanting, squinting",,12717
12717-2,Indo-Aryan,*śrēḍʰa,,,12717
12717-3,Indo-Aryan,*śrēḍḍʰa,,,12717
12717-4,Indo-Aryan,*śriḍḍa,,,12717
12719,Indo-Aryan,śrēṇya,*tribesman (?),m,12719
12723,Indo-Aryan,*śrēṣṭrī,clinger,,12723
12724,Indo-Aryan,*śrēṣṭrī,"line, ladder",,12724
12725,Indo-Aryan,śrḗṣṭʰa,"most splendid, best",RV Early-Vedic,12725
12726,Indo-Aryan,śrēṣṭʰin,distinguished man; foreman of a guild,m AitBr Early-Vedic,12726
12727,Indo-Aryan,*śrēṣman,mucus; cord,AV AitBr Early-Vedic,12727
12729,Indo-Aryan,śrṓṇi,"hip and loins, buttocks",f RV Early-Vedic,12729
12732,Indo-Aryan,ślakṣṇá,"slippery, smooth, soft, tender, gentle; thin, small",AV lex Early-Vedic,12732
12735,Indo-Aryan,ślāgʰana,boasting; praising,n MBh Sāh Epic Medieval,12735
12736,Indo-Aryan,ślāgʰā,"boasting, praise",f MBh Epic,12736
12737,Indo-Aryan,ślāgʰya,to be praised,MBh Epic,12737
12737-2,Indo-Aryan,*ślāgʰiya,,,12737
12740,Indo-Aryan,ślíṣyati,adheres to,ChUp Early-Vedic,12740
12742,Indo-Aryan,ślēṣayati,connects,Dhātup Epic,12742
12743,Indo-Aryan,*ślēṣṭrī,ladder,,12743
12744,Indo-Aryan,ślēṣmán,"mucus, phlegm; glue",m ŚBr Early-Vedic,12744
12745,Indo-Aryan,ślēṣmalá,abounding in mucus,Pāṇ Epic,12745
12746,Indo-Aryan,ślēṣmāta,Cordia latifolia,m lex,12746
12748,Indo-Aryan,ślṓka,"sound, hymn of praise; stanza",m RV ŚBr Early-Vedic,12748
1275,Indo-Aryan,āmrātaka,Spondias mangifera or hogplum,,1275
12750,Indo-Aryan,śván,dog,m RV Early-Vedic,12750
12753,Indo-Aryan,śváśura,husband's father; wife's father; husband's or wife's father,m RV Early-Vedic,12753
12757,Indo-Aryan,*śvaśuriya,,,12757
12757-2,Indo-Aryan,*śvāśuriya,,,12757
12759,Indo-Aryan,śvaśrū́,husband's or wife's mother,f RV Early-Vedic,12759
12760,Indo-Aryan,śvás,"on the following day, tomorrow",,12760
12760-2,Indo-Aryan,śuvás,,,12760
12763,Indo-Aryan,*śvāna,swelling,,12763
12765,Indo-Aryan,*śvāpadya,wild,,12765
12766,Indo-Aryan,śvāvídʰ,porcupine,m AV Early-Vedic,12766
12766-2,Indo-Aryan,*śuvāvidʰ,,,12766
12766-3,Indo-Aryan,sēdʰā,,f,12766
12766-4,Indo-Aryan,*sēḍʰā,,,12766
12767,Indo-Aryan,śvāśurá,"*father-in-law's son, i.e. wife's or husband's brother",m,12767
12769,Indo-Aryan,śvāsá,"breath, breathing; asthma",m MBh Suśr Epic Classical,12769
12770,Indo-Aryan,śvāsita,caused to breathe,,12770
12772,Indo-Aryan,śvitrá,white,AV Early-Vedic,12772
12774,Indo-Aryan,śvētá,white,RV Early-Vedic,12774
12775,Indo-Aryan,*śvētakʰaṭikā,white chalk,,12775
12778,Indo-Aryan,śvaitra,*white,,12778
12780,Indo-Aryan,ṣáṭka,consisting of six; collection of six,RVPrāt ĀśvGr̥ Early-Vedic,12780
12784,Indo-Aryan,ṣaṭcatvāriṁśat,46,Nir Early-Vedic,12784
12785,Indo-Aryan,*ṣaṭṭaŋka,weight of six ṭaṅkas,,12785
12786,Indo-Aryan,ṣáṭtriṁśat,36,f TS Early-Vedic,12786
12787,Indo-Aryan,ṣáṭpañcāśat,56,f ŚBr Early-Vedic,12787
12789,Indo-Aryan,ṣaṭśata,600,n MBh Epic,12789
12790,Indo-Aryan,ṣaṭṣaṣṭi,66,f MBh Epic,12790
12791,Indo-Aryan,ṣaṭsaptati,76,f MBh Epic,12791
12792,Indo-Aryan,ṣaḍaŋga,six-limbed,AitBr Early-Vedic,12792
12793,Indo-Aryan,ṣaḍaśīti,86,,12793
12796,Indo-Aryan,ṣáḍviṁśati,26,f ŚBr Early-Vedic,12796
1280,Indo-Aryan,āmlā,tamarind tree,f,1280
1280-2,Indo-Aryan,*āmlaḍa-,tamarind tree,ext:ḍa,1280-2
12800,Indo-Aryan,ṣáṇṇavati,96,f TS Early-Vedic,12800
12803,Indo-Aryan,ṣáṣ,,nom,12803
12803-2,Indo-Aryan,*ṣuvaṭ,,,12803
12803-3,Indo-Aryan,*kṣaṭ,,,12803
12804,Indo-Aryan,ṣaṣṭí,sixty,f RV Early-Vedic,12804
12808,Indo-Aryan,ṣaṣṭʰá,sixth,AV Early-Vedic,12808
12808-2,Indo-Aryan,ṣaṣṭʰī,the sixth day of lunar fortnight,f MBh Epic,12808
12811,Indo-Aryan,ṣōḍanta,having six teeth,,12811
12812,Indo-Aryan,ṣṓḍaśa,sixteen,VS Early-Vedic,12812
12812-2,Indo-Aryan,*ṣōdaśa,,,12812
12812-3,Indo-Aryan,*ṣēḍaśa,,,12812
12814,Indo-Aryan,*ṣṭʰukk,spit,,12814
12815,Indo-Aryan,sá,"he, that",,12815
12817,Indo-Aryan,saṁkaṭá,"contracted, narrow, dangerous; defile, difficulty, danger",n MBh Epic,12817
12818,Indo-Aryan,saṁkara,"mixing (esp. of castes); anything defiled; dung; dust, sweepings",m Mn MBh Car lex Epic,12818
12820,Indo-Aryan,saṁkāra,"dust, sweepings",m lex,12820
12823,Indo-Aryan,sáṁkirati,bestows liberally; mixes together,RV MBh Early-Vedic Epic,12823
12824,Indo-Aryan,saṁkucyatē,"is contracted, shrinks",Suśr Classical,12824
12825,Indo-Aryan,saṁkuṭati,bends oneself together,Bhaṭṭ Classical,12825
12828,Indo-Aryan,saṁkula,"crowded together, dense, disordered; battle; crowd",n MBh Mālatīm Epic Classical,12828
12830,Indo-Aryan,sáṁkr̩ti,bringing together,f TS Early-Vedic,12830
12833,Indo-Aryan,*saṁkōṭayati,bends together,,12833
12834,Indo-Aryan,saṁkramá,"going together; steps to water, bridge",m VS Mn Early-Vedic Epic,12834
12839,Indo-Aryan,saṁkṣipati,dashes together,MBh Epic,12839
12839-2,Indo-Aryan,saṁkṣipta,,Nir Early-Vedic,12839
1284,Indo-Aryan,ā́yaccʰati,stretches,RV Early-Vedic,1284
12842,Indo-Aryan,sáṁkʰyāti,reckons,ŚBr Early-Vedic,12842
12850,Indo-Aryan,sáṁgr̩hṇāti,seizes,RV Early-Vedic,12850
12850-2,Indo-Aryan,*saṁgrahati,,,12850
12850-3,Indo-Aryan,saṁgrāhayati,"causes to be taken hold of, causes to be comprehended",BhP Medieval,12850
12856,Indo-Aryan,*saṁgʰana,very dense,,12856
1286,Indo-Aryan,āyatta,"resting on, depending on, being at the disposition of",MBh Epic,1286
12863,Indo-Aryan,saṁgʰātayati,"strikes together, kills",MW,12863
12867,Indo-Aryan,*saṁcayayati,piles up,,12867
12868,Indo-Aryan,sáṁcarati,"meets, approaches; wanders about, traverses",RV AV Early-Vedic,12868
12869,Indo-Aryan,saṁcāra,"walking about, passage, transit",m MBh Epic,12869
1287,Indo-Aryan,āyācatē,supplicates,R Epic,1287
1287-2,Indo-Aryan,āyācita,prayer,n R Epic,1287
12870,Indo-Aryan,sáṁcārayati,causes to come together,VS Early-Vedic,12870
12872,Indo-Aryan,saṁcŕ̩t,"union, junction",f RV Early-Vedic,12872
12874,Indo-Aryan,saṁjñā́,"agreement, understanding; sign",f ŚBr MBh Early-Vedic Epic,12874
1288,Indo-Aryan,ā́yāti,comes near,RV Early-Vedic,1288
1288-2,Indo-Aryan,āyāta,,MBh Epic,1288
12882,Indo-Aryan,sáṁtarati,"crosses, passes through",RV Early-Vedic,12882
12883,Indo-Aryan,*saṁtalati,fries,,12883
12883-2,Indo-Aryan,*saṁtālayati,,,12883
12884,Indo-Aryan,saṁtāná,"continued succession, lineage",m MBh Epic,12884
12886,Indo-Aryan,saṁtāpayati,"causes to be heated, inflames; torments",Kauś MBh Early-Vedic Epic,12886
12888,Indo-Aryan,saṁtāra,crossing over,m MBh Epic,12888
12890,Indo-Aryan,saṁtārayati,"causes to pass over, saves from",Mn Epic,12890
12891,Indo-Aryan,*saṁtimita,wetted,,12891
12896,Indo-Aryan,saṁtōṣayati,satisfies,MBh Epic,12896
12897,Indo-Aryan,saṁdaṁśá,"tongs, pincers",m AV Early-Vedic,12897
12897-2,Indo-Aryan,*saṁdaṁśī,,,12897
12898,Indo-Aryan,sáṁdadʰāti,"places on, combines",RV Early-Vedic,12898
129,Indo-Aryan,*aŋgārastʰāna,fireplace,n,129
1290,Indo-Aryan,āyukta,appointed,TUp Early-Vedic,1290
12904,Indo-Aryan,saṁdēśa,"message, information",m Kauś Early-Vedic,12904
12905,Indo-Aryan,saṁdēhá,conglomeration; doubt; danger,m ŚBr Kāv Early-Vedic Classical,12905
12906,Indo-Aryan,sáṁdyati,"ties, fastens",AV Early-Vedic,12906
12906-2,Indo-Aryan,saṁdā́na,fetter,m RV Early-Vedic,12906
12907,Indo-Aryan,*saṁdʰarati,holds together,AV Early-Vedic,12907
12907-2,Indo-Aryan,saṁdʰārayati,"holds together, supports",MBh Epic,12907
12907-3,Indo-Aryan,saṁdʰāraṇa,supporting,n MBh Epic,12907
12913,Indo-Aryan,saṁdʰí,"joint; point of union; horizon, extremity, end (<i>saṁdhī́</i>- f. TBr.); compact; hole made by a burglar",m RV TS ŚBr MBh Mn Early-Vedic Epic,12913
12918,Indo-Aryan,saṁdʰyā́,twilight,f ŚāṅkhBr Early-Vedic,12918
1292,Indo-Aryan,ā́yuṣ,life,n RV Early-Vedic,1292
12922,Indo-Aryan,sáṁnata,"bent towards; bent, stooping",VS Mn Early-Vedic Epic,12922
12924,Indo-Aryan,sáṁnayati,"leads together, joins; mixes (esp. with fresh or sour milk)",RV ŚBr Early-Vedic,12924
12925,Indo-Aryan,saṁnaṣṭa,"perished, disappeared",R Epic,12925
12928,Indo-Aryan,saṁnāha,"tying on, girding on armour; coat of mail",m MBh AitBr Epic Early-Vedic,12928
12929,Indo-Aryan,saṁníṣīdati,sits down,AV Early-Vedic,12929
12929-2,Indo-Aryan,saṁniṣaṇṇa,settled down,R Epic,12929
1292a,Indo-Aryan,āyuṣyà,giving long life; long life,ŚBr AV Early-Vedic,1292a
12930,Indo-Aryan,sáṁpatati,flies together; reaches; happens; meets,RV AitBr MBh Kāv Early-Vedic Epic Classical,12930
12930-2,Indo-Aryan,saṁpātayati,causes to fly,R Epic,12930
12934,Indo-Aryan,sáṁpadyatē,"turns out well; is effected, is produced",AV MBh Early-Vedic Epic,12934
12934-2,Indo-Aryan,sáṁpanna,,AV Early-Vedic,12934
12938,Indo-Aryan,sáṁpādayati,"completes, provides with; brings about",ŚBr MBh Early-Vedic Epic,12938
12941,Indo-Aryan,saṁpuṭa,hemispherical bowl; round casket,m Suśr lex Classical,12941
12942,Indo-Aryan,saṁpūraka,filling completely (e.g. the stomach),Car Epic,12942
12945,Indo-Aryan,saṁpūrṇa,completely filled,MBh Epic,12945
12947,Indo-Aryan,saṁpratí,close to; exactly; now,ŚBr TS Kāv Early-Vedic Classical,12947
1295,Indo-Aryan,ārá,from a distance; near; immediately,,1295
12950a,Indo-Aryan,saṁprā́payati,causes to obtain,ŚBr Early-Vedic,12950a
12955,Indo-Aryan,saṁbandʰa,"connexion, kinship; kinsman, friend",m PārGr̥ Early-Vedic,12955
12957,Indo-Aryan,saṁbandʰin,connected by marriage,Mn Epic,12957
12957-2,Indo-Aryan,saṁbandʰinī,,f,12957
12958a,Indo-Aryan,sáṁbādʰatē,"presses down or together; oppresses, torments",AV R Early-Vedic Epic,12958a
12958a-2,Indo-Aryan,saṁbādʰá,"distress; thronging, jostling",m RV Kāv Early-Vedic Classical,12958a
1296,Indo-Aryan,ārakta,reddish,Suśr Classical,1296
12961,Indo-Aryan,sáṁbʰarati,"brings together, prepares, rolls up",RV Early-Vedic,12961
12961-2,Indo-Aryan,saṁbʰārayati,"causes to bring together, prepares, maintains",R Epic,12961
12962,Indo-Aryan,*saṁbʰalati,attends to,,12962
12962-2,Indo-Aryan,saṁbʰālayati,observes well,Naiṣ Medieval,12962
12967,Indo-Aryan,saṁbʰāvayati,"produces, makes; fosters, honours, supposes possible",AitBr MBh Early-Vedic Epic,12967
12974,Indo-Aryan,saṁmantrayati,"deliberates, addresses",MBh Epic,12974
12974-2,Indo-Aryan,saṁmantraṇa,consultation,n Apte,12974
12975,Indo-Aryan,saṁmāti,is contained in,RV AV Kuval Early-Vedic,12975
12977,Indo-Aryan,*saṁmāpayati,causes to be made of the same measure,,12977
12977-2,Indo-Aryan,*saṁmāpta,,,12977
12978,Indo-Aryan,*saṁmārayati,kills,,12978
12979,Indo-Aryan,saṁmārjati,"rubs, rubs down, cleans",RV MBh Early-Vedic Epic,12979
12979-2,Indo-Aryan,saṁmārjita,well-swept,MBh Epic,12979
12979-3,Indo-Aryan,saṁmārjaka,sweeping,Kull Medieval,12979
12979a,Indo-Aryan,sáṁmārjana,wisp for cleaning,n TBr Early-Vedic,12979a
12980,Indo-Aryan,saṁmilati,"meets together, is present",Kathās Medieval,12980
12980-2,Indo-Aryan,*saṁmēlayati,,,12980
12982,Indo-Aryan,saṁmukʰá,"facing, present",ŚBr Early-Vedic,12982
12989,Indo-Aryan,saṁyōga,"union, contact",m,12989
12990,Indo-Aryan,saṁyōjayati,"controls; brings together, harnesses",MaitrUp MBh Epic,12990
12991,Indo-Aryan,*saṁracayati,adorns,,12991
12991-2,Indo-Aryan,*saṁracyatē,,,12991
12991-3,Indo-Aryan,*saṁrakta,,,12991
12994,Indo-Aryan,*saṁrādʰyati,"accomplishes, agrees together",,12994
12999,Indo-Aryan,saṁlagna,"closely attached to, fighting hand to hand",MBh Epic,12999
1300,Indo-Aryan,āracayati,"prepares, provides with",lex,1300
13007,Indo-Aryan,*saṁlipta,smeared,,13007
1301,Indo-Aryan,āraṭa,crying out,n Pāṇ Epic,1301
1301-2,Indo-Aryan,āraṭi,noise,f Kathās Medieval,1301
13010,Indo-Aryan,*saṁlēpana,smearing together,,13010
13011,Indo-Aryan,saṁvatsará,year,m RV Early-Vedic,13011
13014,Indo-Aryan,saṁváraṇa,"enclosure; dam, mound; act of covering; *putting in order",n RV R MBh Early-Vedic Epic,13014
13015,Indo-Aryan,*saṁvarati,restrains,MBh Kathās RV Epic Medieval Early-Vedic,13015
13017,Indo-Aryan,sáṁvahati,brings together; loads (a cart),AV R Early-Vedic Epic,13017
13017-2,Indo-Aryan,saṁvāhayati,assembles; drives (a cart),Hariv MBh Classical Epic,13017
13017-3,Indo-Aryan,saṁvāha,shampooing the body,m MBh Epic,13017
13019,Indo-Aryan,saṁvāra,*covering,m Mr̥cch Classical,13019
1302,Indo-Aryan,āraṭati,shrieks,Kathās Medieval,1302
13020,Indo-Aryan,saṁvāraṇa,*putting in order,MBh Epic,13020
13021,Indo-Aryan,saṁvārayati,keeps off,MBh Epic,13021
13026,Indo-Aryan,saṁvēṣṭayati,wraps up; winds round,MBh KātyŚr Epic Early-Vedic,13026
13030,Indo-Aryan,saṁśaya,danger; doubt,m ĀśvGr̥ ĀśvŚr Early-Vedic,13030
13036,Indo-Aryan,saṁsāra,"undergoing transmigration; secular life, the world",m MaitrUp Mn Epic,13036
13039,Indo-Aryan,sáṁskr̩ta,"put together, completed",,13039
1304,Indo-Aryan,āraṇyá,"wild, forest-born; wild animal",RV ChUp Early-Vedic,1304
13041,Indo-Aryan,saṁstabdʰa,supported; firm,MBh Hariv Epic Classical,13041
13042,Indo-Aryan,saṁstara,"layer of grass or leaves, bed, couch",m MBh Epic,13042
13047,Indo-Aryan,saṁstyāna,coagulated; the becoming solid (of foetus),Nir Early-Vedic,13047
13048,Indo-Aryan,*saṁstyāyatē,becomes dense,,13048
13049,Indo-Aryan,saṁstʰá,assembly; standing together,m RV MBh Early-Vedic Epic,13049
13049-2,Indo-Aryan,saṁstʰā́,completion; established order,f TS MBh Early-Vedic Epic,13049
1305,Indo-Aryan,ā́rabʰatē,"seizes; undertakes, begins",RV ŚBr Early-Vedic,1305
1305-2,Indo-Aryan,ārabdʰa,begun,AitBr Early-Vedic,1305
1305-3,Indo-Aryan,ārabʰya,having begun,,1305
13050,Indo-Aryan,*saṁstʰāti,stands together,,13050
13050a,Indo-Aryan,saṁstʰāna,standing firm in battle,n Gaut Early-Vedic,13050a
13051,Indo-Aryan,saṁstʰāpayati,fixes on or in; establishes,Kauś MBh Early-Vedic Epic,13051
13054,Indo-Aryan,*saṁsnāti,bathes,,13054
13054-2,Indo-Aryan,*saṁsnātra,bath,,13054
13057,Indo-Aryan,saṁsmarati,remembers,Mn Epic,13057
1306,Indo-Aryan,ārámaṇa,resting place; pleasure,n TS lex Early-Vedic,1306
13062,Indo-Aryan,saṁsyūta,sewn together,MBh Epic,13062
13062-2,Indo-Aryan,*saṁsīvita,,,13062
13064,Indo-Aryan,saṁhārayati,,caus,13064
13065a,Indo-Aryan,*saṁhēḍati,becomes accustomed to,,13065a
13066,Indo-Aryan,sakála,"with parts, divided; whole",MaitrUp KātyŚr Early-Vedic,13066
13067,Indo-Aryan,sakāla,seasonable,,13067
13068,Indo-Aryan,*sakuṭa,"narrow, tight",,13068
13069,Indo-Aryan,sakti,connexion,f Kir Classical,13069
1307,Indo-Aryan,ārambʰá,beginning,ŚBr Early-Vedic,1307
1307-2,Indo-Aryan,*ārambʰati,,,1307
1307-3,Indo-Aryan,ārámbʰana,seizing; beginning,n AitBr ŚBr Early-Vedic,1307
13070,Indo-Aryan,sáktu,coarsely ground meal,m RV Early-Vedic,13070
13073,Indo-Aryan,saktʰán,"thigh, thighbone",,13073
13074,Indo-Aryan,sákʰi,friend,RV Early-Vedic,13074
13074-2,Indo-Aryan,sakʰī́,woman's confidante; a mistress,f MBh VarBr̥S Epic Classical,13074
13076,Indo-Aryan,sagarbʰā,pregnant,Hariv Classical,13076
13077,Indo-Aryan,*sagr̩hya,neighbouring,,13077
13078,Indo-Aryan,sagōtra,of the same kin; one of the same family,,13078
13079,Indo-Aryan,sagʰana,thick (of hair),ŚārṅgS Medieval,13079
1308,Indo-Aryan,*ārambʰati,"roars, bellows",,1308
1308-2,Indo-Aryan,*ārambʰa,roar,,1308
13080,Indo-Aryan,sagʰnṓti,"is able to bear, is a match for",RV Early-Vedic,13080
13081,Indo-Aryan,*sagʰra,strong,,13081
13082,Indo-Aryan,saŋgá,battle; contact with; addiction to,m RV TS Mn Early-Vedic Epic,13082
13085,Indo-Aryan,sájati,"is attached, embraces",Dhātup Epic,13085
13085-2,Indo-Aryan,*sājayati,,,13085
13085-3,Indo-Aryan,sañjayati,attaches to; couples,Bhag Mn Epic,13085
13085-4,Indo-Aryan,sajyátē,hangs on; is occupied with,MBh ŚBr Epic Early-Vedic,13085
13085-5,Indo-Aryan,saktá,clinging to,AV Early-Vedic,13085
13086,Indo-Aryan,sajātá,kinsman,m RV Early-Vedic,13086
13088,Indo-Aryan,*sajāna,clever,,13088
13088-2,Indo-Aryan,*sajānin,,,13088
13090,Indo-Aryan,sajjana,good man,Mn Epic,13090
13091,Indo-Aryan,sajjayati,"equips, prepares",MBh Epic,13091
13091-2,Indo-Aryan,*sajjayayati,"equips, prepares",caus,13091-2
13093,Indo-Aryan,sajjyatē,"is equipped, is prepared",,13093
13094,Indo-Aryan,*sajjʰila,younger brother,,13094
13095,Indo-Aryan,sajya,strung (of bow),Kauś Early-Vedic,13095
13096,Indo-Aryan,sañcaka,"mould, figure",m Naiṣ Medieval,13096
13097,Indo-Aryan,sañcāna,a kind of bird,m lex,13097
13099,Indo-Aryan,*saṭṭ,sudden movement,,13099
13099-2,Indo-Aryan,*saṭṭakk-,sudden movement,ext:kk,13099-2
131,Indo-Aryan,aŋgāryā́,heap of embers,,131
1310,Indo-Aryan,ā́ravīti,,,1310
1310-2,Indo-Aryan,*āravaṇa,,,1310
13100-2,Indo-Aryan,*saṭṭakk-,slip away,ext:kk,13100-2
13101,Indo-Aryan,*saṭṭa,exchange,,13101
13102,Indo-Aryan,saṭṭa,door-frame,lex,13102
13103,Indo-Aryan,saṇḍʰikā,female camel,f Pañcad Medieval,13103
13106,Indo-Aryan,*satēra,a measure of weight,,13106
13108,Indo-Aryan,satkāra,"hospitality, kind treatment",m Mn Epic,13108
1311,Indo-Aryan,*āraśa,shoulder (blade),,1311
13111,Indo-Aryan,sattvá,"existence, reality; true character; living being, creature",n TS MBh Early-Vedic Epic,13111
13112,Indo-Aryan,satyá,true; truth; promise,n RV AV Early-Vedic,13112
13113,Indo-Aryan,*satyakāra,truthful,,13113
13117,Indo-Aryan,sádana,"coming to rest, seat",n RV Early-Vedic,13117
13117-2,Indo-Aryan,sā́dana,"setting down (of vessels &amp;c.); seat, dwelling",n ŚBr MBh Early-Vedic Epic,13117
13118,Indo-Aryan,sadŕ̩k,like,nom,13118
13119,Indo-Aryan,sadŕ̩kṣa,like,VS Early-Vedic,13119
13120,Indo-Aryan,sadŕ̩śa,"of the same appearance, like",TS Early-Vedic,13120
13120-2,Indo-Aryan,sādr̩śa,,,13120
13123,Indo-Aryan,sadyás,"on the same day, at the very moment",RV Early-Vedic,13123
13123-2,Indo-Aryan,*sadyasara-,"on the same day, at the very moment",ext:ra,13123-2
13124,Indo-Aryan,sadyōja,freshly born,Pāṇ Epic,13124
13126,Indo-Aryan,sanṓti,"wins, gains",RV Early-Vedic,13126
13127,Indo-Aryan,santaka,belonging to; *property,Divyāv Classical,13127
13129,Indo-Aryan,sanná,"dead; sunk, fallen",AV BhP Early-Vedic Medieval,13129
1313,Indo-Aryan,ā́rā,shoemaker's awl,f RV Early-Vedic,1313
13130,Indo-Aryan,sapátnī,co-wife,f RV Early-Vedic,13130
13132,Indo-Aryan,sapatnīduhitr̩,co-wife's daughter,f MW,13132
13133,Indo-Aryan,sapatnīputra,co-wife's son,m MW,13133
13137,Indo-Aryan,*sapānīya,wet,,13137
13139,Indo-Aryan,saptá,7,RV Early-Vedic,13139
1314,Indo-Aryan,*ārātri,"evening; from after night, i.e. morning",,1314
13142,Indo-Aryan,saptácatvāriṁśat,47,ŚBr Early-Vedic,13142
13143,Indo-Aryan,saptatí,70,f RV Early-Vedic,13143
13145,Indo-Aryan,saptatriṁśat,37,f MBh Epic,13145
13146,Indo-Aryan,saptádaśa,17,TS Early-Vedic,13146
13148,Indo-Aryan,saptanavati,97,f MBh Epic,13148
13149,Indo-Aryan,saptapañcāśat,57,f MBh Epic,13149
1315,Indo-Aryan,ārātrika,the ceremony of waving a lamp in front of an image at night; the lamp so waved,n,1315
13154,Indo-Aryan,saptamāsya,seven months child,m Kāṭh Early-Vedic,13154
13154-2,Indo-Aryan,*saptamāsiya,,,13154
13157,Indo-Aryan,saptáviṁśati,27,f VS Early-Vedic,13157
13158,Indo-Aryan,saptaṣaṣṭi,67,Jyot,13158
13159,Indo-Aryan,saptasaptati,77,f,13159
1316,Indo-Aryan,ārādʰayati,"conciliates, solicits",MBh Epic,1316
1316-2,Indo-Aryan,ārādʰita,,,1316
1316-3,Indo-Aryan,ārādʰana,"propitiation, worship",n MBh Epic,1316
13160,Indo-Aryan,saptāśīti,87,f lex,13160
13165,Indo-Aryan,sáprāṇa,"having breath, living",TS Early-Vedic,13165
13168,Indo-Aryan,*sabʰārikā,pregnant,,13168
13169,Indo-Aryan,*sabʰāsa,shining,,13169
1317,Indo-Aryan,ārāmá,"delight; place of pleasure, garden",m ŚBr Mn Early-Vedic Epic,1317
13171,Indo-Aryan,sábʰya,"being in an assembly; polite; assessor, judge",AV Kāv Mn Early-Vedic Classical Epic,13171
13173,Indo-Aryan,samá,"equal, alike, level",,13173
13173-2,Indo-Aryan,samaka,equal,Kāv Classical,13173
13173-3,Indo-Aryan,*samal-,"equal, alike, level",ext:l,13173-3
13173-4,Indo-Aryan,*samall-,"equal, alike, level",ext:ll,13173-4
13174,Indo-Aryan,sama,every; all,pl RV Early-Vedic,13174
13175,Indo-Aryan,*samaṁśa,having all the parts,,13175
13184,Indo-Aryan,samabʰijānāti,"recognizes fully, perceives",MBh Epic,13184
13184-2,Indo-Aryan,samabʰijñāta,,,13184
13185,Indo-Aryan,samayá,meeting; rule; agreement; time,m ŚBr AV TS MBh Early-Vedic Epic,13185
13187,Indo-Aryan,samargʰa,cheap,VarBr̥S Classical,13187
1319,Indo-Aryan,ārāvá,cry,m MBh Epic,1319
13190,Indo-Aryan,samartʰayatē,resolves; perceives; comforts,RV Kāv Kathās Early-Vedic Classical Medieval,13190
13198,Indo-Aryan,sámā,"year; half year (?); season, weather",f RV AV AitBr Early-Vedic,13198
13199,Indo-Aryan,samākāra,"of like appearance, like",R Epic,13199
13201,Indo-Aryan,samākʰyāti,reckons up; declares,Mn MBh Epic,13201
13208,Indo-Aryan,*samājānāti,recognizes,,13208
13208-2,Indo-Aryan,samājñāta,,MBh Epic,13208
13209,Indo-Aryan,*samājñāpyatē,is recognized,,13209
13209-2,Indo-Aryan,*samājñāpta,,,13209
1321,Indo-Aryan,āru,hog,m lex,1321
13211,Indo-Aryan,samāná,"same, alike; an equal",RV VS Early-Vedic,13211
13216,Indo-Aryan,samāpyatē,is finished,MBh Epic,13216
13227,Indo-Aryan,samuccaya,aggregation,m Kālid Classical,13227
13229,Indo-Aryan,*samujjāgrat,awake,,13229
1323,Indo-Aryan,āruta,crying,n R Epic,1323
13232,Indo-Aryan,*samutsarati,"passes over or through, spreads",,13232
13232-2,Indo-Aryan,*samutsaraka,,,13232
13235,Indo-Aryan,*samuddadʰāti,"joins, mixes",,13235
13236,Indo-Aryan,samudrá,sea,m RV Early-Vedic,13236
13237,Indo-Aryan,*samullaṭyatē,is moved right round,,13237
1324,Indo-Aryan,āruddʰa,blocked,pp,1324
13240,Indo-Aryan,sámūla,"having roots; root and branch, entire",ŚBr Br Early-Vedic,13240
13245,Indo-Aryan,samyák,"together; straight; completely, correctly",RV ŚBr Early-Vedic,13245
13248,Indo-Aryan,sáraṭa,"lizard, chameleon",m Mn Epic,13248
13249,Indo-Aryan,saraṇyú,quickly moving (prob. ep. of wind); wind,RV lex Early-Vedic,13249
13250,Indo-Aryan,sárati,"runs, flows, glides",RV Early-Vedic,13250
13250-2,Indo-Aryan,*sarakkati,"runs, flows, glides",ext:kk,13250-2
13252,Indo-Aryan,saralá,straight,Mālatīm Classical,13252
13253,Indo-Aryan,sárala,Pinus longifolia,MBh Epic,13253
13254,Indo-Aryan,sáras,"lake, pool",n RV Early-Vedic,13254
13255,Indo-Aryan,sárasa,"juicy; moist, beautiful",TS Hariv Early-Vedic Classical,13255
13256,Indo-Aryan,*sarasa,juniper,,13256
13257,Indo-Aryan,sarasara,moving hither and thither,lex,13257
13259,Indo-Aryan,sarā́,brook; cascade,AV lex Early-Vedic,13259
1326,Indo-Aryan,*āruhati,,aor,1326
1326-2,Indo-Aryan,ārūḍʰa,,MBh Epic,1326
13260,Indo-Aryan,*sarā,"string, garland",,13260
13261,Indo-Aryan,sarít,stream,f RV Early-Vedic,13261
13263,Indo-Aryan,*saripānīya,spring water,,13263
13264,Indo-Aryan,saru,fine,lex,13264
13266,Indo-Aryan,sárga,"race, host, draught of air, gush; creation; chapter of an epic poem",m RV MaitrUp Kāv Early-Vedic Classical,13266
1327,Indo-Aryan,*ārūkṣa,roughish,,1327
13271,Indo-Aryan,sarpá,snake,m RV Early-Vedic,13271
13274,Indo-Aryan,sarpiṇī,female snake,f Kāśīkh,13274
13276,Indo-Aryan,sárva,"all, whole",RV Early-Vedic,13276
13278,Indo-Aryan,sarvátra,everywhere,ŚBr Early-Vedic,13278
13281,Indo-Aryan,sarṣápa,mustard seed,m ṢaḍvBr Early-Vedic,13281
13283,Indo-Aryan,salajja,feeling shame,Kathās Medieval,13283
13284,Indo-Aryan,sálati,moves,intr Dhātup Epic,13284
13286,Indo-Aryan,salavaṇa,having salt,VarBr̥S Classical,13286
13290,Indo-Aryan,*savāra,in good time,,13290
13291,Indo-Aryan,*savēla,"in time, early",,13291
13292,Indo-Aryan,savyá,lefthand,RV Early-Vedic,13292
13294,Indo-Aryan,sasá,"grain, food",m RV Early-Vedic,13294
13295,Indo-Aryan,sasyá,"grain, fruit",n AV Early-Vedic,13295
13297,Indo-Aryan,sahá,together with,,13297
13299,Indo-Aryan,sahakāra,assistance,,13299
133,Indo-Aryan,aŋgīkarōti,"agrees to, promises",Hit Medieval,133
1330,Indo-Aryan,ārōgya,health,n Mn Epic,1330
1330-2,Indo-Aryan,ārōgyayati,salutes,BHSk,1330
13304,Indo-Aryan,sáhatē,"conquers; bears, suffers",RV AV Early-Vedic,13304
13306,Indo-Aryan,sáhas,strength,n RV Early-Vedic,13306
13307,Indo-Aryan,sahásra,1000,n RV Early-Vedic,13307
1331,Indo-Aryan,ārōcayati,makes clear,,1331
1331-2,Indo-Aryan,ārōcita,,,1331
13310,Indo-Aryan,sahita,accompanying; accompanied by,KātyŚr Early-Vedic,13310
13311,Indo-Aryan,*sahu,strong,,13311
13313,Indo-Aryan,sāṁgʰika,,m,13313
13315,Indo-Aryan,sāṁdʰyá,pertaining to evening,Kālid Classical,13315
13316,Indo-Aryan,sāṁpratam,"presently, now",MBh Epic,13316
13318,Indo-Aryan,sāṁśa,having or consisting of parts or shares,Sāṁkhyapr,13318
13319,Indo-Aryan,sākám,"jointly, with",RV Early-Vedic,13319
13321,Indo-Aryan,sākṣin,witness,m Gaut Early-Vedic,13321
13322,Indo-Aryan,sākṣya,evidence,n Mn Epic,13322
13322-2,Indo-Aryan,*sākṣiya,,,13322
13322-3,Indo-Aryan,*sākṣī,,,13322
13323,Indo-Aryan,sākʰiya,"association, party; friendship",,13323
13325,Indo-Aryan,sāgara,ocean,m Mn Epic,13325
1333-2,Indo-Aryan,*ārōhaḍa-,"ascent, rider",ext:ḍa,1333-2
13331,Indo-Aryan,sā́ṇḍa,uncastrated (of bull),MaitrS Early-Vedic,13331
13331-2,Indo-Aryan,*ṣāṇḍʰa,,,13331
13331-3,Indo-Aryan,*sāṇḍʰa,,,13331
13333,Indo-Aryan,sāti,"end, destruction",lex,13333
13334,Indo-Aryan,sā́dʰana,"furthering; subduing, completion; goods",RV MBh R Early-Vedic Epic,13334
13335,Indo-Aryan,sādʰáyati,"prepares, accomplishes",RV Early-Vedic,13335
13337,Indo-Aryan,sādʰú,"straight, right; good, virtuous; good man; holy man; moneylender",RV ŚBr Kālid lex Early-Vedic Classical,13337
13338,Indo-Aryan,sādʰutara,,,13338
13339,Indo-Aryan,sādʰnṓti,accomplishes,Dhātup Epic,13339
13340,Indo-Aryan,sā́nu,,instr,13340
13340-2,Indo-Aryan,*sanu,,,13340
13342,Indo-Aryan,sāpatná,of a rival; born of a co-wife; halfbrother,m AV R Early-Vedic Epic,13342
13343,Indo-Aryan,sā́pta,"the number 7, group of 7",RV Early-Vedic,13343
13346,Indo-Aryan,sāmaka,"*even, *level",Viṣṇ Classical,13346
13348,Indo-Aryan,sāmanta,"being on all sides; neighbour; vassal, chief of a district; neighbourhood",KātyŚr Kāṭh Mn Early-Vedic Epic,13348
1335,Indo-Aryan,ā́rōhati,mounts,RV Early-Vedic,1335
1335-2,Indo-Aryan,ā́rōhayati,,,1335
13351,Indo-Aryan,sāmānya,"equal, alike; equality",n MBh Epic,13351
13351-2,Indo-Aryan,*sāmāniya,,,13351
13354,Indo-Aryan,sāra,"course, motion; component",Kālac Suśr Classical,13354
13355,Indo-Aryan,sā́ra,"hardness (of wood); best part; firm, strong; resin, sour cream",adj Pāṇ RV MBh Suśr Epic Early-Vedic Classical,13355
13357,Indo-Aryan,sārapattra,*having hard leaves,,13357
13358,Indo-Aryan,sārayati,"makes move, removes",,13358
13358-2,Indo-Aryan,saráyatē,begins to flow,RV Early-Vedic,13358
13359,Indo-Aryan,sārasa,pertaining to a lake; the crane Ardea sibirica; lotus,Suśr MBh Caurap Classical Epic Medieval,13359
1335a,Indo-Aryan,*ārkavāla,fibre from Calotropis gigantea,,1335a
1336,Indo-Aryan,ārkṣá,*ursine,RV Early-Vedic,1336
13361,Indo-Aryan,*sārikā,stream,f,13361
13363,Indo-Aryan,sārtra,"asylum, abode",n lex,13363
13364,Indo-Aryan,sā́rtʰa,"caravan, troop, company",m MBh Epic,13364
13364-2,Indo-Aryan,*sārtʰī,,,13364
13364-3,Indo-Aryan,sārtʰēna,in company with,Campak,13364
13365,Indo-Aryan,sārtʰavāha,caravan leader,m MBh Epic,13365
13366,Indo-Aryan,*sārtʰin,having part in a company,,13366
13366-2,Indo-Aryan,sārtʰika,"companion on a journey, merchant",m MBh Epic,13366
13367,Indo-Aryan,*sārtʰiya,companionship,,13367
13368,Indo-Aryan,sārdra,"wet, moist",MBh Epic,13368
13368-2,Indo-Aryan,*sālla,,,13368
13369,Indo-Aryan,sārdʰa,plus a half,Mn Epic,13369
13370,Indo-Aryan,sārdʰám,jointly,adv ŚBr Early-Vedic,13370
13374,Indo-Aryan,sāvayati,causes to bring forth,Gr,13374
13376,Indo-Aryan,*sāsyaka,consisting of grain,,13376
13377a,Indo-Aryan,sāhati,overcomes,MBh Epic,13377a
13378,Indo-Aryan,sāhasa,boldness; aggression,n MBh Gaut Epic Early-Vedic,13378
13379,Indo-Aryan,sāhasiká,"bold, impetuous, violent",MBh Epic,13379
1338,Indo-Aryan,*ārta,flour,,1338
13381,Indo-Aryan,sāhāyya,help,n Mn Epic,13381
13382,Indo-Aryan,*sāhuḍa,a kind of cloth,,13382
13384,Indo-Aryan,siṁhá,lion,m,13384
13386,Indo-Aryan,síkatā,"grain of sand; sand, gravel",f VS Early-Vedic,13386
13387,Indo-Aryan,*sikka,defective,,13387
13387-2,Indo-Aryan,*siŋga,,,13387
13388,Indo-Aryan,siktá,"sprinkled, wetted",RV Early-Vedic,13388
13389,Indo-Aryan,siktʰá,boiled rice from which water has been poured off; lump of rice in a ball,Suśr Kathās Classical Medieval,13389
13390,Indo-Aryan,siktʰa,beeswax,MW Kālac,13390
13391,Indo-Aryan,*sikvaka,liquid(?) fat,,13391
13393,Indo-Aryan,sicyátē,is sprinkled,RV Early-Vedic,13393
13394,Indo-Aryan,siñcáti,"pours out, sprinkles",RV Early-Vedic,13394
13397,Indo-Aryan,*siḍʰa,sail,,13397
13398,Indo-Aryan,*sitōpadīkā,white ant,,13398
13399,Indo-Aryan,*sittʰa,bowstring,,13399
134,Indo-Aryan,aŋgula,finger's breadth,m R Epic,134
1340,Indo-Aryan,ārdrá,wet,RV Early-Vedic,1340
1340-2,Indo-Aryan,*ālla,,,1340
13400,Indo-Aryan,*sitra,"tie, string",,13400
13401,Indo-Aryan,siddʰa,"accomplished, skilled; perfected; holy person; prepared (of food)",MBh Mn Epic,13401
13402,Indo-Aryan,*siddʰavartman,having a direct way,,13402
13405,Indo-Aryan,siddʰi,"accomplishment, success; supernatural powers",f MBh Sāṁkhyak Epic Classical,13405
13406,Indo-Aryan,sidʰmá,white-spotted; a kind of leprosy,TS Car Early-Vedic Epic,13406
13406-2,Indo-Aryan,*saidʰma,,,13406
13407,Indo-Aryan,*sidʰyati,goes away,,13407
13407-2,Indo-Aryan,sḗdʰati,drives off,RV Early-Vedic,13407
13407-3,Indo-Aryan,*sēdʰyatē,is driven off,,13407
13407-4,Indo-Aryan,siddʰa,driven off,,13407
13408,Indo-Aryan,sídʰyati,"is accomplished, succeeds; is well cooked",RV W Early-Vedic,13408
13409,Indo-Aryan,sidʰrá,efficacious; perfect,RV Uṇ Early-Vedic,13409
1341,Indo-Aryan,ārdraka,fresh ginger,n Suśr Classical,1341
1341-2,Indo-Aryan,*āllaka,,,1341
13411,Indo-Aryan,sindūra,"red lead, vermilion",Kathās Medieval,13411
13411-2,Indo-Aryan,saindūra,coloured with red lead,Ratnāv Classical,13411
13415,Indo-Aryan,síndʰu,"river, the Indus; flow (in general), sea",f m RV Early-Vedic,13415
13417,Indo-Aryan,*sippī,shell,,13417
13419,Indo-Aryan,*simm,ooze,,13419
13420,Indo-Aryan,*sirati,"moves, flows",,13420
13420-2,Indo-Aryan,*sirakkati,"moves, flows",ext:kk,13420-2
13421,Indo-Aryan,sirā́,"stream; vein, nerve, tendon",f RV Yājñ Early-Vedic Classical,13421
13426,Indo-Aryan,sī́kṣatē,wishes to overcome,RV Early-Vedic,13426
13427,Indo-Aryan,*sīṭṭa,whistle,,13427
13428,Indo-Aryan,sī́tā,"furrow, goddess of agriculture",f RV Early-Vedic,13428
13429,Indo-Aryan,*sītādʰārā,furrow line,,13429
13430,Indo-Aryan,sītāyajña,sacrifice to the furrow,m Gr̥S Early-Vedic,13430
13431,Indo-Aryan,*sītiya,ploughed; corn,,13431
13435,Indo-Aryan,sīmán,parting of the hair; boundary,AV Yājñ Early-Vedic Classical,13435
13435-2,Indo-Aryan,sīmā́nam,,,13435
13438,Indo-Aryan,sīmāntara,boundary of a village,m MBh Epic,13438
13439,Indo-Aryan,sīmikā,ant,f lex,13439
1344,Indo-Aryan,ārdʰa,,,1344
13441,Indo-Aryan,sī́ra,plough; furrow,RV Divyāv Early-Vedic Classical,13441
13442,Indo-Aryan,*sīrakūṭa,ploughshare?,,13442
13443,Indo-Aryan,sīvana,sewing,n Suśr Classical,13443
13443-2,Indo-Aryan,sēvana,sewing,n Suśr Classical,13443
13444,Indo-Aryan,sī́vyati,sews,RV Early-Vedic,13444
13444-2,Indo-Aryan,sīvayati,,Lalit Epic,13444
13445,Indo-Aryan,sī́sa,lead; leaden,n adj VS Early-Vedic,13445
13446,Indo-Aryan,sukálpa,easy to correct,AV Early-Vedic,13446
13448,Indo-Aryan,sukumāra,very tender or delicate,MBh Epic,13448
13449,Indo-Aryan,sukōmala,very soft,Kāv Classical,13449
13450,Indo-Aryan,sukṣēma,great comfort or quiet,n VarBr̥S Classical,13450
13451,Indo-Aryan,sukʰá,"running easily (of chariots); pleasant; easy; comfort, happiness",RV AV Kāv VS Early-Vedic Classical,13451
13451-2,Indo-Aryan,*sukʰailla-,"running easily (of chariots); pleasant; easy; comfort, happiness",ext:illa,13451-2
13452,Indo-Aryan,sukʰāyatē,is pleased,Daś Classical,13452
13454,Indo-Aryan,sugandʰa,fragrant; perfume,MBh Yājñ Epic Classical,13454
13460,Indo-Aryan,sugʰaṭa,easily contrived,,13460
13464,Indo-Aryan,*sujāni,good wife,,13464
13465,Indo-Aryan,*sujñānin,having intelligence,,13465
13466,Indo-Aryan,*suṭṭ,stealth,,13466
13466-2,Indo-Aryan,*suṭṭakk-,stealth,ext:kk,13466-2
13467-2,Indo-Aryan,*suḍʰakk-,"draw, bend",ext:kk,13467-2
13468,Indo-Aryan,*suttʰanā,trousers,,13468
13468-2,Indo-Aryan,*suṁstanā,,,13468
13469,Indo-Aryan,sudūra,very far,,13469
1347,Indo-Aryan,ā́rya,an Aryan,m f,1347
1347-2,Indo-Aryan,*āriya,,,1347
13474,Indo-Aryan,sundara,beautiful,MBh Epic,13474
13478,Indo-Aryan,supārá,"easy to cross, leading to success",RV Early-Vedic,13478
13479,Indo-Aryan,suptá,asleep; lain down to sleep,VS R Early-Vedic Epic,13479
1348,Indo-Aryan,āryaka,"respectable man, grandfather",MBh Epic,1348
13480,Indo-Aryan,supti,sleep; numbness,f BhP Suśr Medieval Classical,13480
13481,Indo-Aryan,*supna,dream,,13481
13482,Indo-Aryan,*suppāra,areca-nut,,13482
13493,Indo-Aryan,súmahānt,very great,RV Early-Vedic,13493
13495,Indo-Aryan,*sumbʰa,striking,,13495
13497,Indo-Aryan,*sur,creep,,13497
13497-2,Indo-Aryan,*surakk-,creep,ext:kk,13497-2
13498,Indo-Aryan,sura,sound,MBh Epic,13498
135,Indo-Aryan,aŋgúli,"finger, toe",f VS Early-Vedic,135
135-2x,Indo-Aryan,*aŋgūḍi,,,135
13501,Indo-Aryan,suraŋgī,a red-flowered Moringa,f lex,13501
13502,Indo-Aryan,surabʰí,fragrant; name of various plants,RV lex Early-Vedic,13502
13506,Indo-Aryan,suruŋgā,"subterranean passage, mine; hole for housebreaking",,13506
13509,Indo-Aryan,*surūpya,well-shaped,,13509
1351,Indo-Aryan,āryikā,respectable woman,,1351
13510,Indo-Aryan,*sul,creep,,13510
13511,Indo-Aryan,sulakṣaṇa,"having auspicious marks, fortunate",R Epic,13511
13512,Indo-Aryan,sulabʰa,"easy, trivial",MBh Epic,13512
13514,Indo-Aryan,*suvatsikā,a goddess,,13514
13519,Indo-Aryan,suvárṇa,"of bright colour, golden; gold",RV AV Early-Vedic,13519
13519-2,Indo-Aryan,saúvarṇa,golden; gold,ŚrS MBh Early-Vedic Epic,13519
1352,Indo-Aryan,ā́la,poison,RV Early-Vedic,1352
13528,Indo-Aryan,suvānā́,bearing (children),AV Early-Vedic,13528
13533,Indo-Aryan,*suvēlā,good time,,13533
13534,Indo-Aryan,*suśōbʰa,splendid,,13534
13537,Indo-Aryan,suṣṭʰā́na,standing firm,RV Early-Vedic,13537
13538,Indo-Aryan,suṣṭʰita,"well established, prosperous",R Epic,13538
13538-2,Indo-Aryan,sustʰita,,MBh Epic,13538
13539,Indo-Aryan,suṣṭʰú,"fitly, well, exceedingly",adv RV Early-Vedic,13539
1354,Indo-Aryan,ālagati,adheres,Kāvyād Classical,1354
1354-2,Indo-Aryan,ālagayati,affixes,,1354
13540,Indo-Aryan,sustʰa,"healthy, comfortable",Mn Epic,13540
13540-2,Indo-Aryan,sustʰatā,"health, welfare",f R Epic,13540
13541,Indo-Aryan,sustʰira,very firm,MBh Epic,13541
13544,Indo-Aryan,sūkará,boar,m RV Early-Vedic,13544
13544-2,Indo-Aryan,*sūŋkara,,,13544
13546,Indo-Aryan,sū́kṣma,"minute, fine",KaṭhUp Early-Vedic,13546
13547,Indo-Aryan,sūkṣma,the clearing nut plant,lex,13547
13547-2,Indo-Aryan,sūkṣmailā,small cardamom,lex,13547
13548,Indo-Aryan,*sūŋkṣa,straight,,13548
13549,Indo-Aryan,sūcika,tailor,m VarBr̥S Classical,13549
13549-2,Indo-Aryan,saucika,,m,13549
13549-3,Indo-Aryan,*sūcya,,,13549
13551,Indo-Aryan,sūcī́,needle,f RV Early-Vedic,13551
13551-2,Indo-Aryan,*sūñcī,,,13551
13551a,Indo-Aryan,sūcyatē,is indicated,Kāv Classical,13551a
13552,Indo-Aryan,*sūjjī,coarse wheat meal,,13552
13552-2,Indo-Aryan,*sōjjī,,,13552
13558,Indo-Aryan,*sūtijāni,midwife,,13558
1356,Indo-Aryan,*ālagyati,adheres to,,1356
1356-2,Indo-Aryan,ālagna,fastened to,lex,1356
13561,Indo-Aryan,sū́tra,"thread, cord",n AV Early-Vedic,13561
13561-2,Indo-Aryan,*sūtral-,"thread, cord",ext:l,13561-2
13562,Indo-Aryan,*sūtrakara,spinner,,13562
13563,Indo-Aryan,sūtradʰāra,carpenter,m MBh Epic,13563
13564,Indo-Aryan,sūtrayati,strings together; contrives,Hcat Rājat Medieval,13564
13565,Indo-Aryan,*sūtrārā,awl for thread,,13565
13565-2,Indo-Aryan,*sūtrālā,,,13565
13569,Indo-Aryan,sūnú,son; daughter,m RV Mn Early-Vedic Epic,13569
1357,Indo-Aryan,*ālagʰayati,makes soft,,1357
13572,Indo-Aryan,sūpakāra,cook,m MBh Epic,13572
13574,Indo-Aryan,sū́ra,sun,m RV Early-Vedic,13574
13574-2,Indo-Aryan,sū́rya,,m,13574
13574-3,Indo-Aryan,sū́riya,,m,13574
13574-4,Indo-Aryan,sūrī,a name of Kuntī as wife of the  sun,f Pāṇ Epic,13574
13574-5,Indo-Aryan,saurī́,wife of the sun; a name of Tapatī daughter of the sun,MaitrUp W MBh Epic,13574
13575,Indo-Aryan,sr̩ká,"arrow, spear",m RV Early-Vedic,13575
13575-2,Indo-Aryan,*sr̩kka,,,13575
13576,Indo-Aryan,sŕ̩kvan,corner of mouth,m RV Early-Vedic,13576
13576-2,Indo-Aryan,srákva,"corner of mouth, jaws",m RV Early-Vedic,13576
13577,Indo-Aryan,sr̩tí,"road, path",f RV Early-Vedic,13577
13577-2,Indo-Aryan,*sr̩tikk-,"road, path",ext:kk,13577-2
13578,Indo-Aryan,sr̩ṣṭá,"released; thrown, emitted, produced",RV AV Early-Vedic,13578
13579,Indo-Aryan,sŕ̩ṣṭi,"emission; creation; nature, disposition",ŚBr R TS Early-Vedic Epic,13579
1358,Indo-Aryan,ālapati,speaks,MBh Epic,1358
13580,Indo-Aryan,sḗka,pouring out; sprinkling,m RV MBh Early-Vedic Epic,13580
13581,Indo-Aryan,*sēkk,"heat, foment, roast",,13581
13583,Indo-Aryan,sēcayati,"causes to pour out, sprinkles",MBh Epic,13583
13585,Indo-Aryan,sḗtu,"dam, bridge; boundary",m RV R Early-Vedic Epic,13585
13586,Indo-Aryan,sḗtra,"bond, ligament",n Pāṇ Epic,13586
13587,Indo-Aryan,sḗnā,army,f RV Early-Vedic,13587
13590,Indo-Aryan,sēmantī,the Indian white rose Rosa glandulifera,f lex,13590
13591,Indo-Aryan,*sēlli,cord,,13591
13592,Indo-Aryan,sēvaka,servant; votary,m R Hariv Epic Classical,13592
13593,Indo-Aryan,sḗvatē,"associates with; attends on, serves",RV Mn Early-Vedic Epic,13593
13596,Indo-Aryan,sēvi,"fruit of Zizyphus jujuba, apple",,13596
13597,Indo-Aryan,sēvita,served; fostered,MBh Kathās Epic Medieval,13597
13599,Indo-Aryan,sēhuṇḍa,Euphorbia ligularia,m Kāśīkh,13599
13599-2,Indo-Aryan,*sīhyu,,,13599
136,Indo-Aryan,aŋgulī́ya,finger-ring,m R Epic,136
13602,Indo-Aryan,saínya,belonging to an army; soldier; army,m n MBh Epic,13602
13602-2,Indo-Aryan,*sainiya,,,13602
13603,Indo-Aryan,sōḍʰa,endured,MBh Epic,13603
13604,Indo-Aryan,*sōtrī,bearing young,,13604
13605,Indo-Aryan,sōdara,co-uterine; next of kin,Mn Kathās Epic Medieval,13605
13607,Indo-Aryan,sṓ 'pi,he also,,13607
1361,Indo-Aryan,*ālapyati,speaks,,1361
13610,Indo-Aryan,sōmavāra,Monday,m,13610
13612,Indo-Aryan,saúkʰya,"comfort, welfare",n Mn Epic,13612
13612-2,Indo-Aryan,*saukʰiya,,,13612
13615,Indo-Aryan,*saupta,related to sleep,,13615
13615-2,Indo-Aryan,*saupti,sleep,,13615
13615-3,Indo-Aryan,sauptika,connected with sleep,Mr̥cch Classical,13615
13617,Indo-Aryan,saúbʰāgya,"prosperity, conjugal happiness",RV Early-Vedic,13617
13624,Indo-Aryan,skadyatē,is spurted out,Gr,13624
13626,Indo-Aryan,skándati,"leaps, spurts out; leaps upon, covers (of an animal)",RV TBr Early-Vedic,13626
13626-2,Indo-Aryan,skandayati,"pours out, spills",AitBr Early-Vedic,13626
13626-3,Indo-Aryan,skanná,"sprinkled, emitted (of semen)",RV Early-Vedic,13626
13627,Indo-Aryan,skandʰá,"shoulder, upper part of back; trunk of tree, mass (esp. of an army)",m AV MBh Early-Vedic Epic,13627
1363,Indo-Aryan,ālamba,"support, prop, refuge",m MBh Epic,1363
13630,Indo-Aryan,*skandʰataṭaka,the slope of the shoulders,,13630
13632,Indo-Aryan,skandʰayati,collects,Dhātup Epic,13632
13638,Indo-Aryan,*skabʰa,"post, peg",,13638
13639,Indo-Aryan,skambʰá,"prop, pillar; *pit",RV Early-Vedic,13639
1364,Indo-Aryan,ālambatē,"clings to, leans on",MBh Epic,1364
1364-2,Indo-Aryan,*ālambayati,,,1364
1364-3,Indo-Aryan,*ārambatē,,,1364
13640,Indo-Aryan,*skambʰa,"shoulder-blade, wing, plumage",,13640
13641,Indo-Aryan,*skambʰagʰara,house of posts,,13641
13643,Indo-Aryan,*skambʰākara,heap of sheaves,,13643
13644,Indo-Aryan,skámbʰana,"prop, pillar",n RV Early-Vedic,13644
13645,Indo-Aryan,*skar,"cut, dig, scrape",,13645
13646,Indo-Aryan,*skavati,"picks, pokes",,13646
13649,Indo-Aryan,*skāra,live coal,,13649
1365,Indo-Aryan,ālambā,a species of plant with poisonous leaves,f Suśr Classical,1365
13650,Indo-Aryan,*skuṭyatē,shrinks,,13650
13652,Indo-Aryan,skúndatē,leaps,Dhātup Epic,13652
13654,Indo-Aryan,*skupta,pressed in,,13654
13655,Indo-Aryan,*skupti,piercing,,13655
13656,Indo-Aryan,*skupyatē,is pressed in,,13656
13657,Indo-Aryan,*skubʰyatē,is stuck in,,13657
13658,Indo-Aryan,*skumpati,presses in,,13658
13659,Indo-Aryan,*skērayati,scatters,,13659
1366,Indo-Aryan,ālaya,"house, receptacle; *clinging to",m Yājñ Classical,1366
13661,Indo-Aryan,*skōṣati,"plucks out, pokes",,13661
13661-2,Indo-Aryan,*skuṣṭa,,,13661
13661-3,Indo-Aryan,*skuṣyatē,,,13661
13663,Indo-Aryan,skʰálati,stumbles; falters; blunders,MBh Yājñ Kāv Epic Classical,13663
13664,Indo-Aryan,skʰālayati,causes to falter; stops,Kum BhP Classical Medieval,13664
13666,Indo-Aryan,stána,"female breast, nipple, udder",m RV Early-Vedic,13666
13667,Indo-Aryan,*stanakīla,breast tumour,,13667
13668,Indo-Aryan,stánati,roars,RV Early-Vedic,13668
1367,Indo-Aryan,*ālayana,resting place,,1367
13673,Indo-Aryan,stanya,milk,n MBh Epic,13673
13674,Indo-Aryan,*stanyanīta,butter,,13674
13675,Indo-Aryan,stábaka,"cluster of flowers, tuft; quantity",m MBh lex Epic,13675
13675-2,Indo-Aryan,*stabakakk-,"cluster of flowers, tuft; quantity",ext:kk,13675-2
13676,Indo-Aryan,stabdʰa,"firmly fixed; stiff, paralysed, dull; solidified (as water)",ŚvetUp MBh Hariv Epic Classical,13676
13677,Indo-Aryan,stabdʰi,"fixedness, stupor, numbness",f MW,13677
13679,Indo-Aryan,stabʰitá,fixed,RV Early-Vedic,13679
1368,Indo-Aryan,*ālardayati,loads up,,1368
13680,Indo-Aryan,*stabʰira,"fixed, firm",,13680
13682,Indo-Aryan,stambʰa,"pillar, post",m Kāṭh Early-Vedic,13682
13682-2,Indo-Aryan,*stambʰaḍ-,"pillar, post",ext:ḍ,13682-2
13682-3,Indo-Aryan,*stambʰall-,"pillar, post",ext:ll,13682-3
13683,Indo-Aryan,stámbʰatē,"supports, arrests",Dhātup Epic,13683
13684,Indo-Aryan,stambʰana,stopping; stiffening; means of making stiff,MBh Suśr Hcat Epic Classical Medieval,13684
13685,Indo-Aryan,stara,layer,m Līl,13685
13686,Indo-Aryan,staraṇa,act of strewing,n ŚrS Early-Vedic,13686
13692,Indo-Aryan,stigʰnutē,assails,Dhātup Epic,13692
13693,Indo-Aryan,*stinta,wet,,13693
13694,Indo-Aryan,*stipyati,drips,,13694
13695,Indo-Aryan,stíbʰi,"clump, cluster, bunch",m KātyŚr Early-Vedic,13695
13696,Indo-Aryan,*stimya,wet,,13696
13697,Indo-Aryan,stúkā,knot or tuft or curl of hair or wool; pudendum muliebre,f RV Early-Vedic,13697
137,Indo-Aryan,aŋguṣṭʰá,thumb; big toe,,137
13701,Indo-Aryan,*stundati,strikes,,13701
13701-2,Indo-Aryan,*stunna,,,13701
13703,Indo-Aryan,*stubya,"tuft, heap",,13703
13703-2,Indo-Aryan,*stōbya,,,13703
13706-2,Indo-Aryan,*stumbʰar-,song,ext:r,13706-2
13707,Indo-Aryan,*stumbʰa,prop,,13707
1371,Indo-Aryan,ā́lasya,sloth,n Pāṇ Epic,1371
13710,Indo-Aryan,stū́pa,"tuft of hair, crest; mound; main beam of house",m RV Hcat ĀpGr̥ Early-Vedic Medieval,13710
13710-2,Indo-Aryan,*stūpall-,"tuft of hair, crest; mound; main beam of house",ext:ll,13710-2
13711,Indo-Aryan,*stūpya,pile,,13711
13711-2,Indo-Aryan,*stōpya,tuft,,13711
13712,Indo-Aryan,*stūbʰa,"mound, pillar",,13712
13713,Indo-Aryan,stŕ̩,star,instr,13713
13714,Indo-Aryan,*str̩ta,strewn,,13714
13715,Indo-Aryan,stŕ̩ti,overthrowing; act of bestrewing,f TS Vop Early-Vedic Medieval,13715
13719,Indo-Aryan,*stēpa,drop,,13719
13719-2,Indo-Aryan,*stipa,,,13719
1372,Indo-Aryan,ālāna,post to tie an elephant to; tethering rope for an elephant,n Mr̥cch Kāv Classical,1372
13720,Indo-Aryan,stōká,drop,m RV Early-Vedic,13720
13720-2,Indo-Aryan,*stōkaḍ-,drop,ext:ḍ,13720-2
13720-3,Indo-Aryan,*stōkal-,drop,ext:l,13720-3
13721,Indo-Aryan,stṓkya,relating to drops,TBr Early-Vedic,13721
13723,Indo-Aryan,*stōpyatē,is obstructed,,13723
13724,Indo-Aryan,stṓbʰatē,"stops, makes stop, paralyses",Dhātup Epic,13724
13724-2,Indo-Aryan,*stōbʰyatē,,,13724
13725,Indo-Aryan,*stōbʰya,"tuft, heap",,13725
13726,Indo-Aryan,stṓma,"praise, hymn",RV Early-Vedic,13726
13729,Indo-Aryan,*styātatr̩pra,congealed sour milk,,13729
1373,Indo-Aryan,ālāpá,speech,m AV Early-Vedic,1373
13730,Indo-Aryan,*styātadugdʰa,coagulated milk,,13730
13731,Indo-Aryan,styāna,coagulated; density,Suśr lex Classical,13731
13731-2,Indo-Aryan,*stīna,,,13731
13731-3,Indo-Aryan,*styainya,,lex,13731
13732,Indo-Aryan,*styānadugdʰa,coagulated milk,,13732
13734,Indo-Aryan,strī́,"woman, wife",f RV Early-Vedic,13734
13734-2,Indo-Aryan,*strīkk-,"woman, wife",ext:kk,13734-2
13735,Indo-Aryan,strīmaya,woman's,f,13735
13735a,Indo-Aryan,*strīmātrī,woman,,13735a
13736,Indo-Aryan,*straika,female,,13736
13736-2,Indo-Aryan,*straikakk-,female,ext:kk,13736-2
13736-3,Indo-Aryan,*straikaḍ-,female,ext:ḍ,13736-3
13737,Indo-Aryan,*stʰakk,"stop, halt",,13737
13738,Indo-Aryan,*stʰagʰa,"resting-place, base",,13738
13738-2,Indo-Aryan,*stʰagʰaḍ-,"resting-place, base",ext:ḍ,13738-2
13740,Indo-Aryan,stʰapáti,"chief, chariot-driver of king(?); carpenter, wheelwright",m AV MBh Early-Vedic Epic,13740
13741,Indo-Aryan,*stʰara,firm,,13741
13742,Indo-Aryan,*stʰarati,is firm,,13742
13742-2,Indo-Aryan,*stʰārayati,makes firm,,13742
13743,Indo-Aryan,*stʰarati,"looks at, sees",,13743
13744,Indo-Aryan,stʰála,"dry land; ground, place; flat surface, roof",n TS Mn Kālid Early-Vedic Epic Classical,13744
13745,Indo-Aryan,*stʰalya,being on the level ground,,13745
13746,Indo-Aryan,stʰávi,"sack, bag",m lex,13746
13746-2,Indo-Aryan,*stʰavil-,"sack, bag",ext:l,13746-2
13746-3,Indo-Aryan,*stʰavill-,"sack, bag",ext:ll,13746-3
13747,Indo-Aryan,stʰávira,"broad, thick, strong; old, venerable",RV ŚBr Early-Vedic,13747
13748,Indo-Aryan,stʰāgʰa,"base, bottom, ford, shallow",m lex,13748
13749,Indo-Aryan,*stʰāgʰya,"bottom, base",,13749
13750,Indo-Aryan,stʰāṇú,"obstacle, stump; tree-root, lopped tree; motionless object (n. Mn.), post",m RV AV MaitrUp Early-Vedic,13750
13751,Indo-Aryan,stʰātavya,to be stood in,MBh Epic,13751
13752,Indo-Aryan,*stʰāti,stands,,13752
13752a,Indo-Aryan,stʰātrá,"station, place",n RV Early-Vedic,13752a
13753,Indo-Aryan,stʰā́na,"firm stance; place of abode; shape, form",n AV RV VarBr̥S Early-Vedic Classical,13753
13753-2,Indo-Aryan,*stʰānya,,lex,13753
13755,Indo-Aryan,stʰāpana,causing to stand; storage of grain; fastening,n Suśr Kr̥ṣis BhP Classical Medieval,13755
13756,Indo-Aryan,stʰāpáyati,"causes to stand, establishes; appoints; causes to be, makes",ŚBr Mn ŚvetUp Early-Vedic Epic,13756
13758a,Indo-Aryan,stʰāpya,to be placed on,Yājñ Classical,13758a
1376,Indo-Aryan,*ālāpayati,speaks,,1376
13760,Indo-Aryan,stʰā́man,"station, place; strength",n RV Bālar Early-Vedic Medieval,13760
13761,Indo-Aryan,*stʰāmya,placed,,13761
13762,Indo-Aryan,stʰāya,station,m lex,13762
13765,Indo-Aryan,*stʰāra,"firm, firmness",,13765
13766,Indo-Aryan,stʰālī́,earthen dish,f,13766
13767,Indo-Aryan,stʰāvará,"stationary, fixed; firm, constant; any stationary object; real estate",TS R MBh Yājñ Early-Vedic Epic Classical,13767
13768,Indo-Aryan,stʰitá,"standing, settled",ŚBr Early-Vedic,13768
13768-2,Indo-Aryan,*stʰitakk-,"standing, settled",ext:kk,13768-2
13769,Indo-Aryan,stʰíti,"standing upright, continued existence; settled rule; high rank; steadiness",f MBh ŚBr Mn R Epic Early-Vedic,13769
13771,Indo-Aryan,stʰirá,"firm, hard, strong, durable",RV Early-Vedic,13771
13772,Indo-Aryan,*stʰiryati,becomes firm,,13772
13773,Indo-Aryan,stʰīyátē,stands,MBh Epic,13773
13774,Indo-Aryan,stʰū́ṇā,"post, pillar",RV Early-Vedic,13774
13775,Indo-Aryan,stʰūrá,"big, strong; parts of a horse",RV VS Early-Vedic,13775
13776,Indo-Aryan,stʰūlá,"large, thick, stout",AV Early-Vedic,13776
13777-2,Indo-Aryan,*stʰēyasakk-,firmer,ext:kk,13777-2
13778,Indo-Aryan,stʰēṣṭʰa,"most fixed, durable",Pāṇ Epic,13778
13779,Indo-Aryan,stʰōra,beast of burden,m,13779
1378,Indo-Aryan,ālāpya,to be spoken,MW,1378
13780,Indo-Aryan,stʰaurá,"*strong; strength, firmness",m W,13780
13784,Indo-Aryan,snasā,"tendon, muscle",f lex,13784
13785,Indo-Aryan,snātá,bathed,AV Early-Vedic,13785
13786,Indo-Aryan,snā́ti,bathes,intr RV Early-Vedic,13786
13787,Indo-Aryan,*snātr̩ka,swimmer,,13787
13789,Indo-Aryan,snāna,bathing,n Gr̥Śr Early-Vedic,13789
13790,Indo-Aryan,snānatīrtʰa,sacred bathing place,n Subh Medieval,13790
13790a,Indo-Aryan,snāpana,act of bathing,n MBh Epic,13790a
13791,Indo-Aryan,snāpáyati,"causes to bathe, washes",ŚāṅkhŚr Late-Vedic,13791
13791-2,Indo-Aryan,snapáyati,,AV Early-Vedic,13791
13792,Indo-Aryan,*snāpitr̩,,,13792
13792-2,Indo-Aryan,snāpaka,bath attendant,m R Epic,13792
13793,Indo-Aryan,snā́yu,"tendon, muscle, sinew, bowstring",f TS Early-Vedic,13793
13794,Indo-Aryan,*snāru,sinew,,13794
13795,Indo-Aryan,snā́van,"tendon, sinew, muscle, bowstring",ŚBr AV Early-Vedic,13795
13796,Indo-Aryan,*snāvara,sinew,,13796
13797,Indo-Aryan,snigdʰa,"unctuous, sticky; oily",MBh Suśr Epic Classical,13797
13798,Indo-Aryan,sníh,"wetness, moisture; *snow",f TS R Early-Vedic Epic,13798
138,Indo-Aryan,aŋguṣṭʰya,pertaining to thumb or big toe,,138
138-2x,Indo-Aryan,*aŋguṣṭʰiya,,,138
1380,Indo-Aryan,āli,woman's female friend,Kālid Classical,1380
1380-2,Indo-Aryan,*alikā,,,1380
1380-3,Indo-Aryan,ālī,woman's female friend,Kālid Classical,1380
13801,Indo-Aryan,snuṣā́,son's wife,f AV Early-Vedic,13801
13802,Indo-Aryan,snēha,"grease; oiliness; blandness, love",m ŚāṅkhBr Yājñ MaitrUp Early-Vedic Classical,13802
13804,Indo-Aryan,snēhin,unctuous; affectionate,W Cat,13804
13805,Indo-Aryan,spanda,"tremor, throbbing",m BhP Medieval,13805
13806,Indo-Aryan,spandatē,"trembles, throbs, kicks (of an animal)",ṢaḍvBr Early-Vedic,13806
13806-2,Indo-Aryan,spandayatē,causes to quiver,MBh Epic,13806
13807,Indo-Aryan,*sparati,"gets for oneself, wins",,13807
13808,Indo-Aryan,*sparvati,"releases, wins, succeeds, is fitting",,13808
13811,Indo-Aryan,sparśayatē,adorns (?),RV Early-Vedic,13811
13813,Indo-Aryan,spāśa,"fetter, noose",m,13813
13814,Indo-Aryan,spāśáyati,causes to be bound or stopped,Dhātup Epic,13814
13814-2,Indo-Aryan,*spāśyatē,,,13814
13817,Indo-Aryan,spʰáṭati,bursts,Dhātup Epic,13817
13817-2,Indo-Aryan,*spʰaṭyati,,,13817
1382,Indo-Aryan,ā́likʰati,scratches,ŚBr Early-Vedic,1382
1382-2,Indo-Aryan,ālēkʰanī,brush,f lex,1382
13820,Indo-Aryan,*spʰarati,"throbs, quivers",,13820
13820-2,Indo-Aryan,*spʰarakkati,"throbs, quivers",ext:kk,13820-2
13821,Indo-Aryan,*spʰarati,swells,,13821
13821-2,Indo-Aryan,*spʰurati,,,13821
13822,Indo-Aryan,spʰalati,"moves rapidly, throbs, twitches",Vop Medieval,13822
13822-2,Indo-Aryan,*spʰālayati,causes to quiver,,13822
13823,Indo-Aryan,*spʰāṭa,"a split, slit",,13823
13825,Indo-Aryan,spʰāṭayati,*causes to split,Dhātup Epic,13825
13825-2,Indo-Aryan,*spʰāṭyatē,,,13825
13826,Indo-Aryan,spʰāṭita,split,Suśr Classical,13826
13828,Indo-Aryan,spʰāta,"swollen, increased",Vop Medieval,13828
13828b,Indo-Aryan,spʰātí,fattening (cattle); increase,f RV Śatr Early-Vedic Medieval,13828b
1383,Indo-Aryan,āliŋgati,embraces,MBh Epic,1383
1383-2,Indo-Aryan,āliŋga,embrace,m Daś Classical,1383
13830,Indo-Aryan,*spʰānadāru,shovel,,13830
13831,Indo-Aryan,spʰā́yatē,swells out; *is complete,Hcar Classical,13831
13832,Indo-Aryan,spʰāyana,increasing,,13832
13833,Indo-Aryan,spʰārá,"extended, large; fully expanded (of flowers)",lex Mālatīm Classical,13833
13834,Indo-Aryan,spʰāla,darting forth (?),,13834
13835,Indo-Aryan,*spʰāva,"swelling, increase",,13835
13837,Indo-Aryan,spʰij,buttock,f,13837
13838,Indo-Aryan,*spʰiṭati,gets loose,,13838
13838-2,Indo-Aryan,*spʰiṭyati,,Dhātup Epic,13838
13838-3,Indo-Aryan,spʰēṭayati,injures,Dhātup Epic,13838
13839,Indo-Aryan,*spʰiyá,,,13839
13839-2,Indo-Aryan,*spʰiyakk-,,ext:kk,13839-2
13839-3,Indo-Aryan,*spʰiyal-,,ext:l,13839-3
13840,Indo-Aryan,*spʰiyapāṭa,expanse of shoulderblade,,13840
13840a,Indo-Aryan,spʰīta,swollen; abundant,Bhpr MBh Medieval Epic,13840a
13841,Indo-Aryan,spʰuṭa,"blossoming, opened; clear in meaning",MBh R Epic,13841
13842,Indo-Aryan,spʰuṭáti,bursts open,ĀśvŚr Early-Vedic,13842
13843a,Indo-Aryan,spʰuṭayati,makes clear,Kull Medieval,13843a
13843a-2,Indo-Aryan,spʰuṭyatē,is clear,Sarvad Medieval,13843a
13844,Indo-Aryan,spʰuṭī,melon,f lex,13844
13845,Indo-Aryan,*spʰuṭyati,is burst open,,13845
13846,Indo-Aryan,spʰuṇṭati,expands,,13846
13847,Indo-Aryan,spʰura,quivering; throb,Pañcat Bhaṭṭ Classical,13847
13849,Indo-Aryan,spʰuráti,"spurns, darts; twitches; flashes, glitters; becomes evident",RV Kauś MaitrUp Nr̥sUp Early-Vedic,13849
13851,Indo-Aryan,spʰuliŋga,spark,m MBh Epic,13851
13851-2,Indo-Aryan,*spʰuriŋga,,,13851
13853,Indo-Aryan,spʰōṭa,bursting,MBh Epic,13853
13854,Indo-Aryan,spʰōṭa,"swelling, boil",Suśr Classical,13854
13857,Indo-Aryan,spʰōṭayati,"bursts, splits, breaks",tr MBh Epic,13857
13858,Indo-Aryan,*spʰōṭyatē,is broken,,13858
13861,Indo-Aryan,smará,remembrance,m AV Early-Vedic,13861
13864,Indo-Aryan,smaramōha,infatuation of love,m lex,13864
13865,Indo-Aryan,smārayati,causes to remember,MBh Epic,13865
13868,Indo-Aryan,smr̩ti,remembrance,f TĀr Early-Vedic,13868
13869,Indo-Aryan,syándatē,"moves quickly, flows; trickles, drips, oozes",RV MBh Early-Vedic Epic,13869
1387,Indo-Aryan,ālīyatē,"comes close to; crouches, stoops",MBh Epic,1387
13871,Indo-Aryan,syālá,wife's brother,m RV Early-Vedic,13871
13871-2,Indo-Aryan,*syārāṇikā,,,13871
13876,Indo-Aryan,syūtá,sewn,RV Early-Vedic,13876
13878,Indo-Aryan,syū́man,"band, thong, bridle",n RV Early-Vedic,13878
1388,Indo-Aryan,ālu,,,1388
1388-2,Indo-Aryan,ālukī,a species of root,f Bhpr Medieval,1388
13880,Indo-Aryan,srávati,flows,RV Early-Vedic,13880
13881,Indo-Aryan,srávant,flowing,,13881
13882,Indo-Aryan,srasta,"fallen, loosened",R Epic,13882
13883,Indo-Aryan,srastara,"litter, bed of straw and leaves",m PārGr̥ Early-Vedic,13883
13886,Indo-Aryan,srutá,"streaming; flow, flowing",Mn AV Epic Early-Vedic,13886
1389,Indo-Aryan,āluka,a kind of fruit,n lex,1389
13891,Indo-Aryan,*srōtra,stream,,13891
13896a,Indo-Aryan,*svakya,of one's own family,,13896a
13896b,Indo-Aryan,*svagya,of one's own family,,13896b
13897,Indo-Aryan,svajana,kinsman,m KātyŚr Early-Vedic,13897
139,Indo-Aryan,aŋgōñcʰa,towel,m,139
1390,Indo-Aryan,*āluḍati,moves to and fro,,1390
1390-2,Indo-Aryan,ālōḍayati,stirs up,Suśr Classical,1390
13900,Indo-Aryan,svadʰā́,"self-power, pleasure",f,13900
13901,Indo-Aryan,svaná,noise,m RV Early-Vedic,13901
13902,Indo-Aryan,svápati,sleeps,RV Early-Vedic,13902
13902-2,Indo-Aryan,*supati,sleeps,,13902
13903,Indo-Aryan,svapaná,"sleepy; sleeping, numbness",VS Suśr Early-Vedic Classical,13903
13904,Indo-Aryan,svápna,"sleep, dream",m RV Early-Vedic,13904
13905,Indo-Aryan,svapnāyatē,is sleepy,MBh Epic,13905
13906,Indo-Aryan,svayám,spontaneously,RV Early-Vedic,13906
13907,Indo-Aryan,svayam ēva,of itself,Mn Epic,13907
13911,Indo-Aryan,*svargʰaka,cheap,,13911
13913,Indo-Aryan,svásr̩,sister,f RV Early-Vedic,13913
13917,Indo-Aryan,svastʰa,"well, healthy",MaitrUp,13917
13918,Indo-Aryan,svasrī́ya,sister's son,m TS Early-Vedic,13918
13919,Indo-Aryan,*svākya,kinship,,13919
1392,Indo-Aryan,*ālūta,cut off,,1392
13921,Indo-Aryan,svājanya,relationship,n,13921
13923,Indo-Aryan,svāda,"taste, flavour",m Hariv Classical,13923
13924,Indo-Aryan,svādú,"sweet, palatable",RV Early-Vedic,13924
13927,Indo-Aryan,svāpa,sleep,m Suśr Classical,13927
13928,Indo-Aryan,svāpáyati,lulls to sleep,RV Early-Vedic,13928
13929,Indo-Aryan,*svāpra,sleep,,13929
13930,Indo-Aryan,svāmín,"owner, master; husband",m Mn Epic,13930
13931,Indo-Aryan,svāminī,king's favourite wife,f MBh Epic,13931
13932,Indo-Aryan,svāsr̩ka,of a sister,,13932
13932a,Indo-Aryan,*svitta,sweating,,13932a
13933,Indo-Aryan,svidyati,sweats,KātyŚr Early-Vedic,13933
13934,Indo-Aryan,svinná,sweating; seethed,VS Hariv Early-Vedic Classical,13934
13936,Indo-Aryan,svēdayati,makes sweat,Suśr Classical,13936
13937,Indo-Aryan,haṁsá,goose,m RV Early-Vedic,13937
13938,Indo-Aryan,hakka,calling to an elephant,m lex,13938
13939,Indo-Aryan,hakkayati,calls to,Pañcad Medieval,13939
13939-2,Indo-Aryan,*hakkayallati,calls to,ext:ll,13939-2
13940,Indo-Aryan,hakkāra,calling,m lex,13940
13941,Indo-Aryan,*hakkārayati,calls,,13941
13942-2,Indo-Aryan,*haṭakk-,move or exclaim violently,ext:kk,13942-2
13943,Indo-Aryan,*haṭṭ,move,,13943
13943-2,Indo-Aryan,*haṭṭʰ,,,13943
13943-3,Indo-Aryan,*haṇṭ-,,,13943
13943-4,Indo-Aryan,*haṇṭʰ-,,,13943
13943-5,Indo-Aryan,*haṇḍ,,,13943
13943-6,Indo-Aryan,*hant,,,13943
13944,Indo-Aryan,haṭṭa,"market, fair",m Pañcat Classical,13944
13945,Indo-Aryan,*haṭṭakk,stop,,13945
13948,Indo-Aryan,*haḍappʰa,vessel,,13948
13949,Indo-Aryan,*haḍabaḍa,confusion,,13949
1395,Indo-Aryan,*ālēṭati,reclines on,,1395
1395-2,Indo-Aryan,*ālēṭyati,,,1395
13952,Indo-Aryan,haḍḍa,bone,n lex,13952
13954,Indo-Aryan,*haṇṭ,"wear, wear out, last",,13954
13954-2,Indo-Aryan,*haṇṭʰ-,,,13954
13955,Indo-Aryan,hatá,"struck, killed",RV Early-Vedic,13955
13956,Indo-Aryan,hati,killing,f MBh Epic,13956
13958,Indo-Aryan,hatyā,killing,f,13958
13960,Indo-Aryan,hádati,defecates,BhP Medieval,13960
13960-2,Indo-Aryan,*hadyati,,,13960
13960-3,Indo-Aryan,hanna,evacuated (of excrement),lex,13960
13963,Indo-Aryan,hánati,"strikes, kills",RV Naigh Early-Vedic,13963
13965,Indo-Aryan,hanu,"weapon, death, disease",lex,13965
13966,Indo-Aryan,hánu,jaw,RV Early-Vedic,13966
13970,Indo-Aryan,*handʰa,"place, house",,13970
13972,Indo-Aryan,*habba,defective,,13972
13973,Indo-Aryan,*hampʰ,pant,,13973
13973-2,Indo-Aryan,*happʰ,,,13973
13974,Indo-Aryan,hambʰārava,lowing,m MBh Epic,13974
13975,Indo-Aryan,hámmati,goes,Naigh Early-Vedic,13975
13976,Indo-Aryan,hayana,*winter,lex,13976
13977,Indo-Aryan,hayana,covered palanquin,lex,13977
13980,Indo-Aryan,hárati,"carries, brings; takes away",RV Mn Early-Vedic Epic,13980
13980-2,Indo-Aryan,*hr̩yatē,,,13980
13981,Indo-Aryan,hári,"golden, yellow; green",RV lex Early-Vedic,13981
13982,Indo-Aryan,hariṇá,yellow; deer,MaitrUp RV Early-Vedic,13982
13985,Indo-Aryan,hárita,yellow; green,RV Śiś Early-Vedic Classical,13985
13985-2,Indo-Aryan,hārita,green,W,13985
13986,Indo-Aryan,*haritara,rather or very green,,13986
13987,Indo-Aryan,haritāla,*green; green pigeon; yellow orpiment,lex MBh Epic,13987
13987-2,Indo-Aryan,*hāritāla,,,13987
13989,Indo-Aryan,*haritr̩,thief,,13989
13990,Indo-Aryan,haridra,"*green, *yellow",VarBr̥S Classical,13990
13991,Indo-Aryan,haridraka,,,13991
13991-2,Indo-Aryan,harídru,a partic. yellow tree,m ŚBr Early-Vedic,13991
13992,Indo-Aryan,haridrā,"Curcuma longa, turmeric (its powdered root)",Kauś Early-Vedic,13992
13992-2,Indo-Aryan,hāridrá,dyed with turmeric,ŚBr Early-Vedic,13992
13994,Indo-Aryan,haridrābʰa,turmeric-coloured,lex,13994
13997,Indo-Aryan,harītaka,the yellow myrobalan tree Terminalia chebula,m Suśr Classical,13997
13997a,Indo-Aryan,harman,"yawning, gaping",n lex,13997a
13999,Indo-Aryan,harṣa,bristling,m MBh Epic,13999
13999-2,Indo-Aryan,harṣita,bristling,Cat,13999
14,Indo-Aryan,ákr̩ṣṭa,unploughed land,n AV Early-Vedic,14
1400,Indo-Aryan,ālōka,"brightness, splendour",m R Epic,1400
14000,Indo-Aryan,halá,plough,MBh Epic,14000
14001,Indo-Aryan,*hala,"sudden movement, shaking",,14001
14001-2,Indo-Aryan,*halakk-,"sudden movement, shaking",ext:kk,14001-2
14003,Indo-Aryan,*halati,"moves, shakes, bends over",,14003
14003-2,Indo-Aryan,*hālayati,,,14003
14003-3,Indo-Aryan,*halakkati,"moves, shakes, bends over",ext:kk,14003-3
14010,Indo-Aryan,halasīra,plough,m,14010
14014,Indo-Aryan,halēṣā,pole of a plough,f,14014
14014-2,Indo-Aryan,halīṣā,,,14014
14016,Indo-Aryan,halyā́,collection of ploughs,f Pāṇ Epic,14016
14017,Indo-Aryan,*halla,movement,,14017
14018,Indo-Aryan,*hallati,"moves, shakes",intr,14018
14018-2,Indo-Aryan,*hallayati,"moves, shakes",caus,14018-2
14020,Indo-Aryan,hása,laughter,m RV Early-Vedic,14020
14021,Indo-Aryan,hásati,laughs,ṢaḍvBr Early-Vedic,14021
14022,Indo-Aryan,hasana,laughing,n Nir Early-Vedic,14022
14023,Indo-Aryan,hasita,laughter,n TĀr Early-Vedic,14023
14024,Indo-Aryan,hásta,hand; forearm as measure of length,m RV VarBr̥S Early-Vedic Classical,14024
14024-2,Indo-Aryan,*hastal-,hand; forearm as measure of length,ext:l,14024-2
14025,Indo-Aryan,hastaka,hand; a measure of length,m MBh Epic,14025
14027,Indo-Aryan,*hastakāra,"tool, weapon",,14027
14028,Indo-Aryan,*hastakūṭa,hand hammer,,14028
14029,Indo-Aryan,hastatala,palm of hand,n Mudr,14029
14033,Indo-Aryan,*hastavāśī,hand-axe,,14033
14035,Indo-Aryan,*hastavr̩tti,use of the hands,,14035
14039,Indo-Aryan,hastín,"having hands, clever with the hands; elephant; elephant",RV AV Early-Vedic,14039
14045,Indo-Aryan,hastiśuṇḍā,elephant's trunk,f MW,14045
14048,Indo-Aryan,*hasyatē,one laughs,impersonal,14048
14049,Indo-Aryan,hā,alas!,MBh Epic,14049
14050,Indo-Aryan,*hāṇḍa,pot,,14050
14052,Indo-Aryan,hāta,abandoned,BhP Medieval,14052
14054,Indo-Aryan,*hānayati,causes to be hit or killed,,14054
14055,Indo-Aryan,hāní,loss; ruin; decrease,,14055
14056,Indo-Aryan,hāpayati,"neglects, lacks, loses",MBh Epic,14056
14056-2,Indo-Aryan,*hāpyatē,,,14056
14057,Indo-Aryan,hāyaná,"annual, lasting a year; year",m AV Early-Vedic,14057
14058,Indo-Aryan,hāyi,exclamation used in chanting a sāman,MBh Epic,14058
14059,Indo-Aryan,hāra,necklace,MBh Epic,14059
1406,Indo-Aryan,*ālōpyatē,is cut off,,1406
14060,Indo-Aryan,hāraka,ravishing; a kind of prose composition,Pañcar lex,14060
14061,Indo-Aryan,hārayati,"causes to be taken; has taken from oneself, loses",MBh Kathās Epic Medieval,14061
14062,Indo-Aryan,hāri,losing a game,f lex,14062
14064,Indo-Aryan,hā́rdi,interior of body; heart,n RV AV Early-Vedic,14064
14066,Indo-Aryan,hālá,plough; *ploughed,m lex,14066
14068,Indo-Aryan,hā́sa,laughter,,14068
14069,Indo-Aryan,hāsayati,causes to laugh,Hariv Classical,14069
1407,Indo-Aryan,*ālōrtati,rolls,,1407
14071,Indo-Aryan,hāsya,"laughable, funny; laughter",MBh Yājñ Epic Classical,14071
14071-2,Indo-Aryan,*hāsiya,,,14071
14073,Indo-Aryan,híṁsati,"harms, kills",,14073
14073a,Indo-Aryan,*hikk,drive,,14073a
14074,Indo-Aryan,hikkati,"hiccups, sobs",,14074
14075,Indo-Aryan,hikkā,hiccup,f Suśr Classical,14075
14076,Indo-Aryan,hiŋkarōti,lows (as a cow after its calf),Br Early-Vedic,14076
14077,Indo-Aryan,hiŋkārá,the sound <i>hiṁ</i>,m VS Early-Vedic,14077
14078,Indo-Aryan,*hiŋga,defective,,14078
14078-2,Indo-Aryan,*hēŋga,,,14078
14078-3,Indo-Aryan,*hōkkʰa,,,14078
14078-4,Indo-Aryan,*hōgga,,,14078
14083,Indo-Aryan,*hicc,draw back,,14083
14083-2,Indo-Aryan,*hiss-,,,14083
14084,Indo-Aryan,*hijja,defective,,14084
14084-2,Indo-Aryan,*hējja,,,14084
14084-3,Indo-Aryan,*hēñja,,,14084
14084-4,Indo-Aryan,*hucca,,,14084
14084-5,Indo-Aryan,*hōccʰa,,,14084
14086,Indo-Aryan,*hiṭṭ,move,,14086
14087,Indo-Aryan,*hiḍḍa,defective,,14087
14087-2,Indo-Aryan,*huḍḍa,,,14087
14087-3,Indo-Aryan,huṇḍa,blockhead,lex,14087
14088,Indo-Aryan,*hiṇḍa,moving about,,14088
14089,Indo-Aryan,híṇḍatē,"moves, wanders",Dhātup Epic,14089
1409,Indo-Aryan,āvandana,salute,n lex,1409
14090,Indo-Aryan,*hiṇḍāla,wandering,,14090
14094,Indo-Aryan,hindōla,"swing, swing cradle",m lex,14094
14094-2,Indo-Aryan,*hiṇḍōla,,,14094
14095,Indo-Aryan,hindōlayati,swings,Dhātup Epic,14095
14095-2,Indo-Aryan,*hiṇḍōlayati,,,14095
14096,Indo-Aryan,himá,"cold, frost, snow (in <i>himávant</i>-); snow, hoarfrost",m RV ṢaḍvBr Early-Vedic,14096
14097,Indo-Aryan,*himakartā,heap of snow,,14097
141,Indo-Aryan,*acca,sudden shock,,141
141-2x,Indo-Aryan,*accakka,,,141
14103,Indo-Aryan,*himākara,heap of snow,,14103
14104,Indo-Aryan,himācala,Himalaya,m Śiś Classical,14104
14108,Indo-Aryan,hiyás,yesterday,RV Early-Vedic,14108
14108-2,Indo-Aryan,*hīyas,,,14108
1411,Indo-Aryan,āvápana,"act of sowing, of inserting",n ŚBr Early-Vedic,1411
14113,Indo-Aryan,hirā́,"vein, artery",f AV Early-Vedic,14113
14114,Indo-Aryan,*hiru,"yellow, green",,14114
14115,Indo-Aryan,hiláti,behaves amorously,Dhātup Epic,14115
14115-2,Indo-Aryan,hēlatē,sports,MBh Epic,14115
14116,Indo-Aryan,*hilati,"becomes accustomed to, becomes tame",,14116
14116-2,Indo-Aryan,*hēlayati,,,14116
14116-3,Indo-Aryan,*hēlā,habit,,14116
14118,Indo-Aryan,*hilla,"mud, swamp",,14118
14119,Indo-Aryan,*hilla,"mixed, joined",,14119
14119-2,Indo-Aryan,*hēlla,,,14119
1412,Indo-Aryan,ā́vayati,"interweaves, strings",AV Early-Vedic,1412
14120,Indo-Aryan,*hillati,"moves, shakes",intr,14120
14120-2,Indo-Aryan,*hillakkati,"moves, shakes",ext:kk,14120-2
14121,Indo-Aryan,hillōla,wave,m MW,14121
14121-2,Indo-Aryan,hillōlayati,"swings, rocks",Dhātup Epic,14121
14123,Indo-Aryan,hīḍati,,,14123
14124,Indo-Aryan,hīná,"abandoned; base, mean; inferior to",RV ŚBr Mn Early-Vedic Epic,14124
14126a,Indo-Aryan,*hīnayati,depreciates,,14126a
14130,Indo-Aryan,hīra,diamond,m lex,14130
14133,Indo-Aryan,huṁkarōti,makes the sound <i>huṁ</i>; addresses roughly,MBh Yājñ Epic Classical,14133
14133-2,Indo-Aryan,huṁkāra,a threatening sound,m MBh Epic,14133
14133-3,Indo-Aryan,hūṁkāra,,MBh Epic,14133
14134,Indo-Aryan,*hukku,jackal's howl,,14134
14134-2,Indo-Aryan,*hūŋku,,,14134
14135,Indo-Aryan,huḍa,,,14135
14135-2,Indo-Aryan,huṇḍa,,,14135
14136,Indo-Aryan,huḍati,collects,,14136
14137,Indo-Aryan,*huḍahāra,sheep-taker,,14137
14137-2,Indo-Aryan,*huṇḍahāra,,,14137
1414,Indo-Aryan,*āvarati,covers,,1414
14141,Indo-Aryan,*hulla,"mob, riot",,14141
14143,Indo-Aryan,*hussa,defective,,14143
14144,Indo-Aryan,*hūkkā,sharp pain,,14144
14145,Indo-Aryan,hūṇa,name of a barbarous people,m MBh Epic,14145
14146,Indo-Aryan,hū́rcʰati,"goes crookedly, totters, falls off from",MaitrS Early-Vedic,14146
14147,Indo-Aryan,*hūl,pierce,,14147
14147-2,Indo-Aryan,*hul,,,14147
14147-3,Indo-Aryan,*hull,,,14147
14148,Indo-Aryan,*hūlukka,heat,,14148
14149,Indo-Aryan,hr̩tá,"seized, taken away",AV Early-Vedic,14149
14150,Indo-Aryan,*hr̩tka,heart,,14150
14151,Indo-Aryan,*hr̩tkūṭa,heart mass,,14151
14152,Indo-Aryan,hŕ̩daya,heart,n RV Early-Vedic,14152
14153,Indo-Aryan,hr̩dayālu,affectionate,Pāṇ Epic,14153
14154,Indo-Aryan,hŕ̩dya,"in the heart, dear",Pāṇ RV Epic Early-Vedic,14154
14161,Indo-Aryan,*hēndara,defective,,14161
14162,Indo-Aryan,*hēpayati,"impels, incites",,14162
14162-2,Indo-Aryan,*hēpyatē,,,14162
14163,Indo-Aryan,hēman,gold,Mn Epic,14163
14164,Indo-Aryan,hēmantá,winter,m RV Early-Vedic,14164
14165,Indo-Aryan,*hērati,looks for or at,,14165
14165-2,Indo-Aryan,hēraka,,,14165
1417,Indo-Aryan,āvarjayati,"turns over, bends",Hariv Classical,1417
14170,Indo-Aryan,haimantá,wintry; suitable for growing in winter,VS Suśr Early-Vedic Classical,14170
14170-2,Indo-Aryan,haímantika,,VS Early-Vedic,14170
14174,Indo-Aryan,hōḍa,"raft, boat",m lex,14174
14176,Indo-Aryan,hṓtr̩ka,"assistant of the <i>hṓtr̥</i>-, priest",m ŚBr Early-Vedic,14176
14176-2,Indo-Aryan,hōtraka,,m,14176
14177,Indo-Aryan,*hōppa,defective,,14177
14177-2,Indo-Aryan,*humma,,,14177
14178,Indo-Aryan,*hōl,to wash,,14178
14179,Indo-Aryan,*hōla,"loose, hollow",,14179
1418,Indo-Aryan,āvartá,whirlpool; revolving; crowded place where many men live together,m ŚBr R lex Early-Vedic Epic,1418
14182,Indo-Aryan,hōlā,spring festival,f MW,14182
14184,Indo-Aryan,hrasvá,"short, weak (of voice); insignificant",VS BhP Early-Vedic Medieval,14184
14187,Indo-Aryan,hrēṣā,neighing,f MBh Epic,14187
14188,Indo-Aryan,hvala,"stumbling, staggering",PārGr̥ Early-Vedic,14188
14189,Indo-Aryan,hválati,"goes crookedly, goes wrong, stumbles, falls",ŚBr Early-Vedic,14189
1419,Indo-Aryan,ā́vartatē,"turns round, returns",RV Early-Vedic,1419
142,Indo-Aryan,accʰa,"clear, transparent",Suśr Classical,142
1420,Indo-Aryan,ā́vartayati,causes to turn round,RV Early-Vedic,1420
1420-2,Indo-Aryan,āvártana,"turning round; stirring, melting of metals",n RV lex Early-Vedic,1420
1420-3,Indo-Aryan,ā́vr̩tta,stirred,,1420
14203,Indo-Aryan,*aŋguṣṭʰiya,,,14203
1421,Indo-Aryan,āvalati,turns,,1421
1421-2,Indo-Aryan,āvalita,turned,Kād Medieval,1421
1422,Indo-Aryan,*āvalana,turning,,1422
1423,Indo-Aryan,āvali,,,1423
1423-2,Indo-Aryan,*avali,,,1423
1425,Indo-Aryan,ā́vasati,dwells; sleeps with,RV Mn Early-Vedic Epic,1425
1426,Indo-Aryan,*āvāṭa,enclosure,,1426
143,Indo-Aryan,*accʰādana,without covering,,143
1430,Indo-Aryan,āvāra,"shelter, defence",m Kām,1430
1431,Indo-Aryan,āvārayati,"covers, encloses",MBh Epic,1431
14327,Indo-Aryan,upaviṣṭa,,,14327
1437,Indo-Aryan,ā́viśati,"enters, takes possession of; sits down",RV MBh Early-Vedic Epic,1437
1437-2,Indo-Aryan,*āviśyatē,"is entered, is possessed",,1437
1437-3,Indo-Aryan,āviṣṭa,possessed; sitting,AitBr BhP Early-Vedic Medieval,1437
144,Indo-Aryan,accʰidat,has cut,3sg Pāṇ Epic,144
1440,Indo-Aryan,ā́vr̩ta,covered; surrounded,RV Mn Early-Vedic Epic,1440
1443,Indo-Aryan,ā́vr̩tti,turning back; revolving,f TS ŚBr Early-Vedic,1443
1444,Indo-Aryan,*āvr̩ttikara,twisting,,1444
1444-2,Indo-Aryan,*āvr̩ttikaraṇa,instrument for twisting,,1444
14450,Indo-Aryan,gr̩ṇā́ti,*tells,RV Early-Vedic,14450
14450-2,Indo-Aryan,*girati,,,14450
1446,Indo-Aryan,āvēśika,guest,m lex,1446
1447,Indo-Aryan,āvēṣṭa,"surrounding, strangling",m Yājñ Classical,1447
1448,Indo-Aryan,ā́vēṣṭatē,spreads over,,1448
1449,Indo-Aryan,āvēṣṭana,wrapping round,n Kauś Early-Vedic,1449
145,Indo-Aryan,ajá,goat,m,145
1454,Indo-Aryan,ā́śayē,"lies down, rests",RV Early-Vedic,1454
1455,Indo-Aryan,*āśara,protection,,1455
1456,Indo-Aryan,āśás,"wish, expectation",nom,1456
14577,Indo-Aryan,*tr̩pyati,jumps,,14577
1460,Indo-Aryan,ā́śr̩ṇōti,listens to,RV Early-Vedic,1460
1460-2,Indo-Aryan,ā́śruta,,TS Early-Vedic,1460
1460-3,Indo-Aryan,ā́śravayati,addresses,RV Early-Vedic,1460
1460-4,Indo-Aryan,ā́śrāvayati,addresses,RV Early-Vedic,1460
1464,Indo-Aryan,āścarya,wonderful,KaṭhUp Early-Vedic,1464
1464-2,Indo-Aryan,*āścariya,,,1464
1466,Indo-Aryan,āśraya,"resting place, refuge, dwelling",m R Epic,1466
1467,Indo-Aryan,āśrayaṇa,refuge,n TS Early-Vedic,1467
1468,Indo-Aryan,āśrayati,"affixes, applies to",AV Early-Vedic,1468
1473,Indo-Aryan,āṣāḍʰá,the month June-July,m Suśr Classical,1473
1473-2,Indo-Aryan,āṣāḍʰī,the day of full moon in this month,f KātyŚr Early-Vedic,1473
1474,Indo-Aryan,āṣāḍʰīya,*pertaining to the month Āṣāḍha,Pāṇ Epic,1474
1476,Indo-Aryan,ā́sa,"*throwing; ashes, light dust",m AV Early-Vedic,1476
1479,Indo-Aryan,āsajyatē,hangs on to,KātyŚr Early-Vedic,1479
14796a,Indo-Aryan,vásati,,,14796a
1480,Indo-Aryan,ā́satē,,AV Early-Vedic,1480
1480-2,Indo-Aryan,ā́stē,"sits, exists, remains",RV Early-Vedic,1480
1483,Indo-Aryan,ā́sadati,"sits near, approaches",RV Early-Vedic,1483
1484,Indo-Aryan,ā́sana,sitting,AV Early-Vedic,1484
14845,Indo-Aryan,*himna,,,14845
1485,Indo-Aryan,āsandī́,"chair, stool",f AV Early-Vedic,1485
1485-2,Indo-Aryan,*āsandaka,,,1485
149,Indo-Aryan,*ajanikā,she-goat,,149
1490,Indo-Aryan,āsādá,"footstool, cushion",m AV Early-Vedic,1490
1493,Indo-Aryan,āsita,seated; one who dwells; abode,m R MBh Epic,1493
1495,Indo-Aryan,*āsupati,goes to sleep,,1495
1495-2,Indo-Aryan,āsupta,,BHSk,1495
1496,Indo-Aryan,āsurī,Sinapis ramosa,f lex,1496
1497,Indo-Aryan,*āsr̩kvika,near the corner of the mouth,,1497
1498,Indo-Aryan,āsēcayati,pours in or on,ĀśvGr̥ Early-Vedic,1498
1499,Indo-Aryan,āsēvatē,"frequents; performs, enjoys sexually",R MBh Epic,1499
1499-2,Indo-Aryan,*āsēvayati,,,1499
1499-3,Indo-Aryan,*āsēvyatē,,,1499
15,Indo-Aryan,*akka,"vexed, bewildered",,15
1503,Indo-Aryan,ā́skauti,pulls,ŚBr Early-Vedic,1503
1504,Indo-Aryan,*āstambʰati,stands firm,,1504
1505,Indo-Aryan,āstara,"covering, cushion, bed",m Kathās Medieval,1505
1507,Indo-Aryan,āstarati,"spreads, covers",R Epic,1507
1509,Indo-Aryan,āstāra,spreading,m,1509
151,Indo-Aryan,ajapālá,goatherd,m VS Early-Vedic,151
1510,Indo-Aryan,*āstudati,strikes against,,1510
1512,Indo-Aryan,āstʰā,"condition, regard; support",f Kathās lex Medieval,1512
1513,Indo-Aryan,*āstʰāti,remains,,1513
1520,Indo-Aryan,*āstʰira,firm,,1520
1524,Indo-Aryan,*āsnāpayati,causes to bathe,,1524
1527,Indo-Aryan,*āspʰarati,swells,,1527
1527-2,Indo-Aryan,*āspʰārayati,causes to swell,,1527
1533,Indo-Aryan,āsyà,mouth; face,n RV Yājñ Early-Vedic Classical,1533
1533-2,Indo-Aryan,āsíya,,,1533
1538,Indo-Aryan,ā́ha,says,RV Early-Vedic,1538
1541,Indo-Aryan,ā́harati,"fetches, gets; enjoys",RV MBh Early-Vedic Epic,1541
1542,Indo-Aryan,*āhallati,moves,,1542
1544,Indo-Aryan,āhāra,"fetching; taking food, food",m KātyŚr MBh Early-Vedic Epic,1544
1549,Indo-Aryan,āhlādayati,"refreshes, gladdens",MBh Epic,1549
1550,Indo-Aryan,ikṣú,sugar-cane,m AV Early-Vedic,1550
1552,Indo-Aryan,iŋgana,shaking,n KātyŚr Early-Vedic,1552
1554,Indo-Aryan,iŋguda,the medicinal tree Terminalia catappa; its nut,m n MBh Epic,1554
1555,Indo-Aryan,*iŋgʰati,moves,,1555
1556,Indo-Aryan,iccʰáti,"seeks for, wishes",RV Early-Vedic,1556
1557,Indo-Aryan,iccʰā́,wish,f Mn Epic,1557
1558,Indo-Aryan,iñcāka,"prawn, shrimp",m lex,1558
1559,Indo-Aryan,iṇḍvà,two coverings made of muñja grass to protect the hands from the fire,n ŚBr Early-Vedic,1559
1559-2,Indo-Aryan,iṇḍúva,,,1559
1559-3,Indo-Aryan,*induva,,,1559
156,Indo-Aryan,ajāji,"Cuminum cyminum, Ficus oppositifolia, Nigella indica",f Suśr Classical,156
156-2x,Indo-Aryan,ajājī,"Cuminum cyminum, Ficus oppositifolia, Nigella indica",f Suśr Classical,156
1561,Indo-Aryan,ítara,the other; the rest,pl RV Early-Vedic,1561
1563,Indo-Aryan,itkaṭa,,,1563
1563-2,Indo-Aryan,utkaṭa,Saccharum sara or similar grass; fragrant bark of Laurus cassia,Suśr Classical,1563
1564,Indo-Aryan,ittʰám,thus,,1564
1564-2,Indo-Aryan,*ettʰam,thus,sound-variant,1564
1564-3,Indo-Aryan,*uttʰam,thus,sound-variant,1564
1566,Indo-Aryan,itvará,"walking; poor, mean, cruel",RV lex Early-Vedic,1566
1567,Indo-Aryan,idā́nīm,now,RV Early-Vedic,1567
1567-2,Indo-Aryan,idā́nīm ēvá,,,1567
157,Indo-Aryan,ajānant,not knowing,,157
1572,Indo-Aryan,índra,the god Indra,m RV Early-Vedic,1572
1576,Indo-Aryan,*indradyōtya,lightning,,1576
1577,Indo-Aryan,indradʰanúṣ,rainbow,n AV Early-Vedic,1577
1580,Indo-Aryan,*indrāgāra,a well,n,1580
1581,Indo-Aryan,indriyá,"might of Indra; virility, penis, any sense organ",n RV AV Early-Vedic,1581
1584,Indo-Aryan,indʰana,"lighting, kindling, fuel",n MBh Epic,1584
1588,Indo-Aryan,imáṁ divám,on this day,,1588
1589,Indo-Aryan,iyattaká,so little,f,1589
1589-2,Indo-Aryan,*eyattaka,so little,sound-variant,1589
1589-3,Indo-Aryan,*uyattaka,so little,sound-variant,1589
1592,Indo-Aryan,ilī,"a kind of weapon, a cudgel or short sword",f,1592
1593,Indo-Aryan,*illi,a kite,,1593
1595,Indo-Aryan,iṣī́kā,"reed used as an arrow; sort of sugar-cane, small stick to stir crucible",f AV lex Early-Vedic,1595
1597,Indo-Aryan,iṣṭá,"sought, beloved",RV Early-Vedic,1597
160,Indo-Aryan,ajña,"ignorant, foolish",Mn Epic,160
1600,Indo-Aryan,íṣṭakā,brick,f VS Early-Vedic,1600
1602,Indo-Aryan,iṣṭí,impulse,RV Early-Vedic,1602
1603,Indo-Aryan,iṣṭí,"seeking after, wish",RV Early-Vedic,1603
1605,Indo-Aryan,ihá,here,RV Early-Vedic,1605
1607,Indo-Aryan,ī́kṣatē,sees,AV Early-Vedic,1607
1609,Indo-Aryan,ī́ŋkʰati,"moves, moves to and fro",,1609
1611,Indo-Aryan,īdŕ̩śa,"such, like this",ŚBr Early-Vedic,1611
1611-2,Indo-Aryan,*ēdr̩sa,"such, like this",sound-variant,1611
1611-3,Indo-Aryan,*ādr̩sa,"such, like this",sound-variant,1611
1612,Indo-Aryan,*īdʰra,clear sky,,1612
1612-2,Indo-Aryan,*īdʰᵃra,,,1612
1619,Indo-Aryan,īśvará,capable of; master; god,m AV Mn Early-Vedic Epic,1619
162,Indo-Aryan,ajñānin,"ignorant, unwise",f,162
1622,Indo-Aryan,*īṣādʰāra,holding the pole of a plough,,1622
1626,Indo-Aryan,uktá,spoken,RV Early-Vedic,1626
1627,Indo-Aryan,ukṣa,large,,1627
163,Indo-Aryan,*ajya,flock of goats,,163
1632,Indo-Aryan,*uŋgʰati,sleeps,,1632
1633,Indo-Aryan,*uŋgʰā,sleep,,1633
1634,Indo-Aryan,ucca,"tall, lofty",Mn Epic,1634
1635,Indo-Aryan,uccaṭati,goes away,BhP Medieval,1635
1635-2,Indo-Aryan,*uccaṭyatē,is separated from,,1635
1635-3,Indo-Aryan,*uccāṭya,,Pañcat Classical,1635
1637,Indo-Aryan,uccaṇḍa,very passionate; quick,Bālar lex Medieval,1637
1640,Indo-Aryan,*uccayayati,collects,,1640
1641,Indo-Aryan,úccarati,"rises; utters, speaks",RV MBh Early-Vedic Epic,1641
1641-2,Indo-Aryan,uccārayati,"utters, cries",MBh Epic,1641
1642,Indo-Aryan,*uccalyati,goes up,,1642
1642-2,Indo-Aryan,*uccālayati,,,1642
1643,Indo-Aryan,*uccāpayati,causes to be collected,,1643
1643-2,Indo-Aryan,*uccā- pyatē,,,1643
1645,Indo-Aryan,*ucciŋgaka,a cricket,,1645
1645a,Indo-Aryan,ucciŋgaṭa,"cricket, crab",m lex,1645a
1646,Indo-Aryan,*uccittaka,very intelligent,,1646
1647,Indo-Aryan,uccinōti,"gathers up, collects",Kull Medieval,1647
1649,Indo-Aryan,*uccʰaṭ,snatch,,1649
1649-2,Indo-Aryan,*uccʰaṭṭ,,,1649
165,Indo-Aryan,*añca,curve,,165
1650,Indo-Aryan,*uccʰardati,vomits,,1650
1651,Indo-Aryan,*uccʰalli,without skin or bark,,1651
1652,Indo-Aryan,uccʰādayati,undresses; uncovers,R MW Epic,1652
1657,Indo-Aryan,uccʰēdayati,causes to be destroyed,Pañcat Classical,1657
1658,Indo-Aryan,*uccʰōṭṭa,very small,,1658
1659,Indo-Aryan,*uccʰyati,cuts off,,1659
1659-2,Indo-Aryan,uccʰāyayati,,,1659
166,Indo-Aryan,áñcati,bends,ŚBr Early-Vedic,166
166-2,Indo-Aryan,ā́ñcati,"bends, curves",AV Early-Vedic,166
1660b,Indo-Aryan,*ujjaṭa,"uprooted, laid waste",,1660b
1660b-2,Indo-Aryan,*ujjāṭa,,,1660b
1660b-3,Indo-Aryan,*ujjāṭī,laying waste,f,1660b
1661,Indo-Aryan,*ujjaṭati,is uprooted,,1661
1661-2,Indo-Aryan,*ujjāṭayati,,,1661
1663,Indo-Aryan,*ujjaḍʰu,very stupid,,1663
1664,Indo-Aryan,*ujjavati,goes upstream,,1664
1664-2,Indo-Aryan,*ujjavana,upstream,,1664
1665,Indo-Aryan,*ujjāgrat,awake,,1665
1666,Indo-Aryan,újjāyatē,is begotten,RV Early-Vedic,1666
1668,Indo-Aryan,*ujjvara,shining,,1668
1669,Indo-Aryan,*ujjvarati,shines,,1669
1669-2,Indo-Aryan,*ujjvārayati,,,1669
1670,Indo-Aryan,ujjvala,"blazing up, bright, clean",MBh Epic,1670
1671,Indo-Aryan,újjvalati,"blazes up, shines",TS Early-Vedic,1671
1671-2,Indo-Aryan,*ujjvālayati,,,1671
1671-3,Indo-Aryan,*ujjuvālayati,,,1671
1672,Indo-Aryan,*ujjvāra,bright,,1672
1673,Indo-Aryan,*ujjvālaka,bright,,1673
1674,Indo-Aryan,ujjʰáti,"leaves, escapes",MBh Epic,1674
1675,Indo-Aryan,*ujjʰarati,"pours out, places, touches",,1675
1676,Indo-Aryan,*ujjʰalati,pours out,,1676
1676-2,Indo-Aryan,*ujjʰālayati,,,1676
1678,Indo-Aryan,*ujjʰāṣa,shining,,1678
168,Indo-Aryan,añcala,border or end of a garment,m Pañcat Classical,168
1680,Indo-Aryan,úñcʰati,gleans,,1680
1682,Indo-Aryan,*uṭṭaŋka,weighing,,1682
1683,Indo-Aryan,*uṭṭaŋka,throwing the legs up,,1683
1686,Indo-Aryan,*uṭṭārayati,moves away,,1686
1687,Indo-Aryan,*uṭṭālayati,moves away,,1687
1689,Indo-Aryan,*uṭṭimbara,mound,,1689
1693,Indo-Aryan,*uḍidda,a pulse,,1693
1697,Indo-Aryan,uḍḍīyatē,flies up,MBh Epic,1697
1697-2,Indo-Aryan,uḍḍayatē,,MBh Epic,1697
1697-3,Indo-Aryan,uḍḍāpayati,,,1697
1700,Indo-Aryan,utá,"and, even, or",RV Early-Vedic,1700
1700-2,Indo-Aryan,uta ca,,,1700
1702,Indo-Aryan,utkaṭa,immense,R Epic,1702
1708,Indo-Aryan,utkaṇṭʰa,"having the neck uplifted, longing for",Kālid Classical,1708
1708-2,Indo-Aryan,utkaṇṭʰā,longing for,f MBh Epic,1708
1709,Indo-Aryan,utkaṇṭʰati,"longs for, mourns",Dhātup Epic,1709
1709-2,Indo-Aryan,utkaṇ- ṭʰita,"longing for, sorrowing for",R Epic,1709
1710,Indo-Aryan,utkara,"anything dug out, rubbish; heap",m AitBr MBh Early-Vedic Epic,1710
1710-2,Indo-Aryan,utkāra,piling up,m Pāṇ Epic,1710
1710-3,Indo-Aryan,utkira,heaping up,Kālid Classical,1710
1710-4,Indo-Aryan,*utkēra,,,1710
1711,Indo-Aryan,utkarṇa,having the ears erect,Kālid Classical,1711
1712,Indo-Aryan,*utkartati,cuts out,,1712
1714,Indo-Aryan,utkarṣaṇa,act of drawing up,n Suśr Classical,1714
1715,Indo-Aryan,utkarṣati,"draws out, pulls off (a dress)",MBh Epic,1715
1716,Indo-Aryan,*utkalati,goes out or up,,1716
1716-2,Indo-Aryan,*utkalyatē,,,1716
1716-3,Indo-Aryan,utkālayati,drives out,,1716
1718,Indo-Aryan,útkasati,opens,AV Early-Vedic,1718
1718-2,Indo-Aryan,*utkasta,,,1718
1718-3,Indo-Aryan,*utkāsayati,,,1718
1719,Indo-Aryan,*utkāmayatē,desires,,1719
1720,Indo-Aryan,*utkāla,going up or out,,1720
1722,Indo-Aryan,utkāsatē,"hawks, expectorates",Car Epic,1722
1722-2,Indo-Aryan,utkāsita,,,1722
1723,Indo-Aryan,útkirati,"digs out or up; piles up, engraves",VS Kālid Early-Vedic Classical,1723
1723-2,Indo-Aryan,*utkarati,,,1723
1723-3,Indo-Aryan,utkīrṇa,,,1723
1723-4,Indo-Aryan,*utkērayati,,,1723
1725,Indo-Aryan,*utkucyatē,is bent up,,1725
1727,Indo-Aryan,*utkuṭyatē,is bent up,,1727
1727-2,Indo-Aryan,utkōṭayati,bends up,Pāṇ Epic,1727
1728,Indo-Aryan,utkuṇa,"bug, louse",m,1728
1729,Indo-Aryan,*utkuṣati,cuts up,,1729
1730,Indo-Aryan,utkūrdati,jumps up,Pañcat Classical,1730
1731,Indo-Aryan,*utkr̩ta,dug up,,1731
1735,Indo-Aryan,*utkōṭa,"bending towards, bribe",,1735
1737,Indo-Aryan,útkramati,"ascends; passes away; neglects, transgresses",AV ŚBr MBh Early-Vedic Epic,1737
1737-2,Indo-Aryan,útkrāmayati,causes to go up,TS Early-Vedic,1737
174,Indo-Aryan,añjīra,fig-tree,m,174
1740,Indo-Aryan,utkrōśa,sea-eagle,m Suśr Classical,1740
1741,Indo-Aryan,utkvatʰati,boils out,intr,1741
1741-2,Indo-Aryan,utkvātʰayati,,Suśr Classical,1741
1743,Indo-Aryan,*utkṣaṇōti,pounds,,1743
1744,Indo-Aryan,*utkṣarati,pours out,,1744
1746,Indo-Aryan,*utkṣāra,burnt up,,1746
1748,Indo-Aryan,*utkṣālayati,makes flow out,,1748
1749,Indo-Aryan,utkṣipati,"throws up, erects",Mn Epic,1749
1749-2,Indo-Aryan,utkṣipyatē,,,1749
1753,Indo-Aryan,útkʰanati,digs up,ŚBr Early-Vedic,1753
1753-2,Indo-Aryan,utkʰāta,,,1753
1755,Indo-Aryan,*utkʰēllati,"undo, disentangle",,1755
1756,Indo-Aryan,*utkʰōllati,"unties, opens",,1756
1757a,Indo-Aryan,utta,wet,lex,1757a
1760,Indo-Aryan,*uttapa,heating,,1760
1761,Indo-Aryan,uttapatē,"gives out heat, warms oneself",Pāṇ Epic,1761
1761-2,Indo-Aryan,uttapta,red hot,,1761
1761-3,Indo-Aryan,uttāpayati,heats,MBh Epic,1761
1762,Indo-Aryan,uttapana,a partic. kind of fire,m MW,1762
1763,Indo-Aryan,*uttapti,heat,,1763
1765,Indo-Aryan,uttamá,"highest, the most removed in order or time",RV Early-Vedic,1765
1767,Indo-Aryan,úttara,"upper; northern; following, future; answer",RV AV R Early-Vedic Epic,1767
1769,Indo-Aryan,uttáraṇa,"coming out, crossing over; landing, crossing a river",VS Pañcat Early-Vedic Classical,1769
1769-2,Indo-Aryan,*uttaraṇī,,,1769
1770,Indo-Aryan,úttarati,"elevates; passes over; alights, descends",RV MBh Early-Vedic Epic,1770
1770-2,Indo-Aryan,uttārayati,makes come out; makes descend,MBh Pañcat Epic Classical,1770
1771,Indo-Aryan,uttarala,trembling,Bālar Medieval,1771
178,Indo-Aryan,*aṭṭ,"contain, be contained, fit into",,178
1781,Indo-Aryan,uttarī́ya,outer or upper garment,n,1781
1782,Indo-Aryan,*uttarpati,jumps out,,1782
1783,Indo-Aryan,*uttala,shallow,,1783
1787,Indo-Aryan,uttāpa,"heat, energy; excitement",m Hit lex Medieval,1787
1788,Indo-Aryan,*uttāpala,impetuous,,1788
1789,Indo-Aryan,*uttāpya,heat,,1789
179,Indo-Aryan,*aṭṭ,"obstruct, stop",,179
1791,Indo-Aryan,uttāra,"landing, delivery",m MBh Epic,1791
1793,Indo-Aryan,úttiṣṭʰati,"stands up, rises",RV Early-Vedic,1793
1799,Indo-Aryan,*uttr̩ṣṇa,very thirsty,,1799
180,Indo-Aryan,aṭṭa,"high; tower, watchtower",m Kālid Classical,180
1801,Indo-Aryan,uttrasati,is afraid,,1801
1801-2,Indo-Aryan,uttrasta,frightened,Hariv Classical,1801
1803,Indo-Aryan,*uttruṭyati,is broken,,1803
1804,Indo-Aryan,*uttʰala,high,,1804
1804-2,Indo-Aryan,*uttʰaḍa,,,1804
1804-3,Indo-Aryan,uttāla,"great, strong, high, abundant",Śiś Classical,1804
1804-4,Indo-Aryan,*uttāḍa,,,1804
1805,Indo-Aryan,*uttʰalati,is upset,,1805
1805-2,Indo-Aryan,*uttʰalyati,,,1805
1805-3,Indo-Aryan,*uttʰalyā,,,1805
1809,Indo-Aryan,*utpaṭati,bursts open,,1809
1809-2,Indo-Aryan,utpāṭayati,roots up,,1809
1809-3,Indo-Aryan,*utpaṭyati,is burst open,Suśr Classical,1809
181,Indo-Aryan,*aṭṭa,bundle,,181
181-2,Indo-Aryan,*aṇṭa,,,181
181-3,Indo-Aryan,*aṭṭʰa,,,181
181-4,Indo-Aryan,*aṇṭʰa,,,181
1810,Indo-Aryan,útpatati,"flies up, ascends; is produced",RV MBh Early-Vedic Epic,1810
1810-2,Indo-Aryan,útpātayati,causes to fly up or rise,RV Early-Vedic,1810
1811,Indo-Aryan,*utpatta,flown up,,1811
1812,Indo-Aryan,utpatti,"origin, birth; profit",f MBh Rājat Epic Medieval,1812
1813,Indo-Aryan,*utpatʰika,astray,,1813
1814,Indo-Aryan,útpadyatē,"arises, originates",ŚBr Early-Vedic,1814
1814-2,Indo-Aryan,utpanna,"produced, born",R Epic,1814
1814-3,Indo-Aryan,utpādayati,"produces, begets",MBh Epic,1814
182,Indo-Aryan,*aṭṭakk,"obstruct, stop",,182
1820,Indo-Aryan,utpā́ta,any sudden portent; flying up,m AV MBh Early-Vedic Epic,1820
1821,Indo-Aryan,utpātaka,a kind of animal,m,1821
1823,Indo-Aryan,utpāda,"having the legs stretched out, standing on the feet",MW,1823
1824,Indo-Aryan,utpādya,to be produced,Nyāyam,1824
1826,Indo-Aryan,utpiṣṭa,"crushed, pounded",MBh Epic,1826
1827,Indo-Aryan,útpunāti,cleanses,AV Early-Vedic,1827
183,Indo-Aryan,*aṭṭakkalā,guess,,183
1832,Indo-Aryan,*utpruṣati,bubbles up,,1832
1834,Indo-Aryan,utplavatē,swims up; springs up,Suśr Mn Classical Epic,1834
1834-2,Indo-Aryan,*utplāvayati,,,1834
1836,Indo-Aryan,*utpʰaṇati,springs up,,1836
1836-2,Indo-Aryan,*utpʰāṇayati,,,1836
1837,Indo-Aryan,utpʰalati,"springs open, jumps out, bursts",Bālar Medieval,1837
1837-2,Indo-Aryan,utpʰālayati,opens wide,MBh Epic,1837
184,Indo-Aryan,aṭṭahāsa,loud laughter,m Kālid Classical,184
1840,Indo-Aryan,utpʰulla,"wide open; swollen, puffed up",Kathās Medieval,1840
1841,Indo-Aryan,*utpʰēnayati,foams up,,1841
1842,Indo-Aryan,*ut-śakna,gone up,,1842
1842-2,Indo-Aryan,*ut-saknaaya-,gone up,caus,1842-2
1843,Indo-Aryan,*ut-śalati,springs up,,1843
1843-2,Indo-Aryan,uccʰalati,"flies up, springs up",Śiś Classical,1843
1843-3,Indo-Aryan,*uccʰalyati,,,1843
1845,Indo-Aryan,*ut-śārayati,breaks,,1845
1845-2,Indo-Aryan,*ut-śr̩ta,broken,,1845
1846,Indo-Aryan,*ut-śāla,leaping up,,1846
1848,Indo-Aryan,*ut-śālayati,causes to leap up,,1848
1849,Indo-Aryan,*ut-śiras,pillow,,1849
185,Indo-Aryan,aṭṭāla,watch-tower,m R Epic,185
1850,Indo-Aryan,*ut-śiṣṭa,,,1850
1850-2,Indo-Aryan,úccʰiṣṭa,"left over, stale, spat out; leavings",TS AV Early-Vedic,1850
1853,Indo-Aryan,*ut-śīrṣa,one who has raised his head; pillow,,1853
1854,Indo-Aryan,*ut-śuṣka,dried up,,1854
1858,Indo-Aryan,*ut-śrayati,,,1858
1858-2,Indo-Aryan,*ut-śrāpayati,,,1858
1858-3,Indo-Aryan,*ut-śrāpaṇa,,,1858
1859,Indo-Aryan,*ut-śrāṇa,boiled,,1859
186,Indo-Aryan,*aṭṭʰa,gum,,186
186-2,Indo-Aryan,*attʰa,,,186
1860,Indo-Aryan,*ut-śrāya,raised piece of wood,,1860
1861,Indo-Aryan,*ut-śrāyati,boils,intr,1861
1861-2,Indo-Aryan,*ut-śrapayati,boils,tr,1861
1861-3,Indo-Aryan,*utśrāta,,,1861
1866,Indo-Aryan,*ut-śvasiti,,,1866
1866-2,Indo-Aryan,*ut-śvāsayati,,,1866
1867,Indo-Aryan,*ut-śvāyati,swells up,,1867
1867-2,Indo-Aryan,*ut-śvāyayati,,,1867
1867-3,Indo-Aryan,*ut-śvāta,swollen,,1867
1868,Indo-Aryan,*ut-śvāsa,froth; deep breath,,1868
1869,Indo-Aryan,útsa,spring of water,m RV Early-Vedic,1869
1869-2,Indo-Aryan,utsíya,coming from a spring (of water),AV Early-Vedic,1869
187,Indo-Aryan,*aḍ,"obstruct, stop",,187
1870,Indo-Aryan,utsaŋga,"haunch, part above the hips, lap",m MBh Epic,1870
1871,Indo-Aryan,útsadati,"sits up, rises; sinks",RV TS Early-Vedic,1871
1872,Indo-Aryan,*utsadʰānī,spring of water,,1872
1873,Indo-Aryan,útsanna,"raised; sunk, destroyed",Suśr ŚBr Classical Early-Vedic,1873
1874,Indo-Aryan,útsarati,"hastens away, escapes; *rises",AV Early-Vedic,1874
1875,Indo-Aryan,útsarpati,"creeps out, rises, soars",AV Early-Vedic,1875
1876,Indo-Aryan,utsavá,enterprise; festival,m RV MBh Early-Vedic Epic,1876
1877,Indo-Aryan,*utsavati,rises,,1877
1878,Indo-Aryan,útsahatē,endures; is able,ŚBr MBh Early-Vedic Epic,1878
188,Indo-Aryan,*aḍḍ,"obstruct, stop",,188
1880,Indo-Aryan,*utsāra,going out,,1880
1881,Indo-Aryan,utsārayati,causes to come out; *raises,MBh Epic,1881
1882,Indo-Aryan,utsāha,"power, firmness; joy",m Mn Epic,1882
1883,Indo-Aryan,útsiñcati,causes to flow over,RV Early-Vedic,1883
1883-2,Indo-Aryan,utsē- cayati,,,1883
1885,Indo-Aryan,*utsīvayati,unsews,,1885
1885-2,Indo-Aryan,*utsīvyatē,,,1885
1886,Indo-Aryan,*utsukya,eagerness,,1886
1888,Indo-Aryan,utsūra,evening,m lex,1888
189,Indo-Aryan,*aḍḍa,transverse,,189
1890,Indo-Aryan,utsr̩ṣṭa,"let loose, abandoned",MBh Epic,1890
1892,Indo-Aryan,*utskadati,jumps up,,1892
1893,Indo-Aryan,*utskara,digging out,,1893
1893-2,Indo-Aryan,*utskala,,,1893
1895,Indo-Aryan,*utskarati,digs out,,1895
1895-2,Indo-Aryan,*utskalati,,,1895
1895-3,Indo-Aryan,*utskā- rayati,,,1895
1895-4,Indo-Aryan,*utskālayati,,,1895
1895-5,Indo-Aryan,*utskr̩ta,,,1895
1896,Indo-Aryan,*utskartati,cuts out,,1896
1896-2,Indo-Aryan,*utskr̩tta,,,1896
1899,Indo-Aryan,*ut-stʰala,shallow,,1899
190,Indo-Aryan,aḍḍana,shield,n lex,190
1900,Indo-Aryan,*ut-stʰāti,stands up,,1900
1900-2,Indo-Aryan,*uttʰāti,,,1900
1901,Indo-Aryan,*ut-stʰāna,act of rising,,1901
1901-2,Indo-Aryan,uttʰā́na,starting on an expedition; manly effort,n Mn MBh Epic,1901
1903,Indo-Aryan,*ut-stʰāpayati,raises,,1903
1903-2,Indo-Aryan,úttʰāpayati,,AV Early-Vedic,1903
1907,Indo-Aryan,*ut-stʰita,arisen,,1907
1907-2,Indo-Aryan,úttʰita,,RV Early-Vedic,1907
1909,Indo-Aryan,*ut-spandati,jumps up,,1909
1909-2,Indo-Aryan,*ut-spandayati,,,1909
191,Indo-Aryan,*aḍḍi,heel,,191
191-2,Indo-Aryan,*aḍi,,,191
191-3,Indo-Aryan,*ēḍḍi,,,191
191-4,Indo-Aryan,*ēḍi,,,191
1910,Indo-Aryan,*ut-spʰaṭati,bursts out,,1910
1911a,Indo-Aryan,*ut-spʰalati,swells up,,1911a
1912,Indo-Aryan,*ut-spʰāyatē,swells up,,1912
1913a,Indo-Aryan,*ut-spʰārayati,jerks up,,1913a
1914b,Indo-Aryan,*ut-spʰālayati,makes jerk up,,1914b
1916,Indo-Aryan,*ut-spʰurati,jumps up,,1916
192,Indo-Aryan,áṇu,the grain-plant Panicum miliaceum,VS Early-Vedic,192
1921,Indo-Aryan,udaká,water,n,1921
1921-2,Indo-Aryan,daka,,n,1921
1922,Indo-Aryan,*udakakṣāra,waterfall,,1922
1923,Indo-Aryan,*udaŋkākāra,curviform,,1923
1924,Indo-Aryan,údañcati,"raises, throws up; ladles out",RV AV Early-Vedic,1924
1924-2,Indo-Aryan,*upāñcati,,,1924
1927,Indo-Aryan,udanyáti,irrigates; is very thirsty,RV Pāṇ Early-Vedic Epic,1927
1928,Indo-Aryan,udanyā,thirst,f ChUp Early-Vedic,1928
1929,Indo-Aryan,udanyú,seeking water,RV Early-Vedic,1929
1930,Indo-Aryan,udapāna,a well,m ChUp Early-Vedic,1930
1932,Indo-Aryan,udára,belly,n RV Early-Vedic,1932
1933,Indo-Aryan,udaśrayati,weeps,Kāvyād Classical,1933
1935,Indo-Aryan,udārá,"exciting; lofty, noble",RV MBh Early-Vedic Epic,1935
1936,Indo-Aryan,*udāstʰāti,we have risen again,1pl,1936
1938a,Indo-Aryan,*udīpya,flood,,1938a
1939,Indo-Aryan,údīrtē,rises,RV Early-Vedic,1939
194,Indo-Aryan,áṇuka,"fine, minute",Suśr Classical,194
1941,Indo-Aryan,*udupānaha,shoeless,,1941
1942,Indo-Aryan,udumbára,,,1942
1942-2,Indo-Aryan,uḍumbára,,m,1942
1942-3,Indo-Aryan,*dumbara,,,1942
1942-4,Indo-Aryan,*ḍumbara,,,1942
1944,Indo-Aryan,údēti,"goes up, rises",RV Early-Vedic,1944
1944-2,Indo-Aryan,údita,risen,RV Early-Vedic,1944
1944-3,Indo-Aryan,*udāyayati,causes to rise,,1944
1945,Indo-Aryan,údgaccʰati,comes forth; rises,RV MBh Early-Vedic Epic,1945
1946,Indo-Aryan,udgama,"rising, origin",m R Epic,1946
1947,Indo-Aryan,*udgamati,"comes forth, rises",,1947
1948,Indo-Aryan,udgamana,coming forth; rising (of a star),n R Pāṇ Epic,1948
1949,Indo-Aryan,*udgamyatē,is raised,,1949
195,Indo-Aryan,*aṇuni,millet,,195
1953,Indo-Aryan,udgalati,"trickles out, oozes out, drips",BhP Medieval,1953
1953-2,Indo-Aryan,*udgālayati,causes to ooze out,,1953
1954,Indo-Aryan,*udgāti,"rises, comes forth",,1954
1956,Indo-Aryan,*udgāmayati,causes to rise or issue,,1956
1957,Indo-Aryan,udgāra,spitting out; spittle,m R MBh Epic,1957
1957-2,Indo-Aryan,*udgāla,,,1957
1960,Indo-Aryan,udgirati,"spits out, ejects, discharges",MBh Epic,1960
1960-2,Indo-Aryan,*udgilati,,,1960
1960-3,Indo-Aryan,*udgarati,,,1960
1960-4,Indo-Aryan,*udgalati,,,1960
1960-5,Indo-Aryan,*udgārayati,,,1960
1960-6,Indo-Aryan,*udgālayati,,,1960
1961,Indo-Aryan,údguratē,"lifts up, raises a weapon, raises the voice threateningly",VS Early-Vedic,1961
1961-2,Indo-Aryan,*udgirati,,,1961
1961-3,Indo-Aryan,*udgurita,,Yājñ Classical,1961
1962,Indo-Aryan,*udguru,very heavy,,1962
1967,Indo-Aryan,udgrāhayati,"causes to take up, causes to pay",Yājñ Classical,1967
1967-2,Indo-Aryan,udgrāhita,,,1967
1968,Indo-Aryan,*udgʰaṭati,is open,,1968
1968-2,Indo-Aryan,udgʰāṭayati,opens,MBh Epic,1968
1969,Indo-Aryan,*udgʰata,"raised, opened",,1969
197,Indo-Aryan,*aṇṭ,"presume, be bold",,197
1970,Indo-Aryan,*udgʰarati,trickles out,,1970
1970-2,Indo-Aryan,*udgʰalyati,pours out,intr,1970
1970-3,Indo-Aryan,*udgʰālayati,pours out,tr,1970
1971,Indo-Aryan,*udgʰarati,lifts up,,1971
1971-2,Indo-Aryan,*udgʰārayati,,,1971
1971-3,Indo-Aryan,*udgʰr̩ta,,,1971
1972,Indo-Aryan,udgʰāṭa,act of opening,m Subh Medieval,1972
1972-2,Indo-Aryan,*udgʰāṭaka,open,,1972
1972-3,Indo-Aryan,*udgʰāṭikā,open platform for watching from,,1972
1977,Indo-Aryan,*udgʰāra,pouring out,,1977
1977-2,Indo-Aryan,*udgʰāla,,,1977
198,Indo-Aryan,atasī́,flax,f Suśr Classical,198
198-2,Indo-Aryan,*tissi,,,198
1980,Indo-Aryan,*udgʰr̩ṣati,rubs,,1980
1980-2,Indo-Aryan,udgʰr̩ṣṭa,,Kālid Classical,1980
1981,Indo-Aryan,uddaṁśa,"bug, mosquito",m lex,1981
1983,Indo-Aryan,*uddarati,tears up,,1983
1983-2,Indo-Aryan,*uddīryatē,is split,,1983
1983-3,Indo-Aryan,*uddr̩ta,,,1983
1983-4,Indo-Aryan,*uddārayati,,,1983
1984,Indo-Aryan,*uddaśati,bites,,1984
1985,Indo-Aryan,*uddahati,burns up,,1985
1985-2,Indo-Aryan,*uddāhayati,,,1985
1986,Indo-Aryan,*uddāta,"cleansed, bright, clear",,1986
1988,Indo-Aryan,uddāma,"unbound, self-willed, large",MBh Epic,1988
1991,Indo-Aryan,*uddāla,bursting,,1991
1997,Indo-Aryan,*uddēkṣati,"looks for, expects",,1997
1997-2,Indo-Aryan,*uddēkṣā,,,1997
1998,Indo-Aryan,uddēśa,"pointing out, explaining",m MBh Epic,1998
200,Indo-Aryan,áti,"beyond, over",RV Early-Vedic,200
2000,Indo-Aryan,uddyōta,flashing; light,R MBh Epic,2000
2001,Indo-Aryan,*uddrāti,"flees, flies",,2001
2002,Indo-Aryan,uddrāvá,"running away; flight, retreat",VS Pāṇ Early-Vedic Epic,2002
2006,Indo-Aryan,uddʰata,"raised, high; haughty, excited",ŚBr R Early-Vedic Epic,2006
2008,Indo-Aryan,uddʰama,panting,m Vop Medieval,2008
2008-2,Indo-Aryan,*uddʰāma,,,2008
2009,Indo-Aryan,úddʰarati,"takes out; rescues, ladles up; raises",RV AV TS Early-Vedic,2009
2009-2,Indo-Aryan,úddʰr̩ta,drawn up or out,AV Early-Vedic,2009
2009-3,Indo-Aryan,uddʰārayati,raises,,2009
2009-4,Indo-Aryan,*ūḍʰārayati,,,2009
2012,Indo-Aryan,uddʰava,"sacrificial fire, festival",lex,2012
2013,Indo-Aryan,uddʰava,name of a friend of Kr̥ṣṇa,MBh Epic,2013
2014,Indo-Aryan,uddʰāna,"*stand, rest; fire-place",lex,2014
2017,Indo-Aryan,*uddʰāpayati,sets up,,2017
2018,Indo-Aryan,uddʰārá,act of raising; deliverance; loan (esp. without interest),m Gaut MBh Early-Vedic Epic,2018
2020,Indo-Aryan,*uddʰāvati,runs away,,2020
2020-2,Indo-Aryan,*uddʰāvayati,,,2020
2022,Indo-Aryan,*uddʰīyatē,is raised,,2022
2025,Indo-Aryan,*uddʰūḍi,excessive dust,,2025
2026,Indo-Aryan,uddʰūta,"shaken, shaken off, thrown up",,2026
2027,Indo-Aryan,uddʰūlayati,sprinkles with powder,Kathās Medieval,2027
2027-2,Indo-Aryan,uddʰūlana,act of so doing,n Bālar Medieval,2027
2028,Indo-Aryan,uddʰmāna,fire-place,n lex,2028
2030,Indo-Aryan,*uddʰrasā,coughing up,,2030
2031,Indo-Aryan,uddʰvaṁsatē,is affected by disease,Car Epic,2031
2032,Indo-Aryan,*uddʰvalati,goes astray,,2032
2032-2,Indo-Aryan,*uddʰvālayati,leads astray,,2032
2032-3,Indo-Aryan,*uddʰvāla,,,2032
2033,Indo-Aryan,údbudʰyatē,is awake,RV Early-Vedic,2033
2034,Indo-Aryan,*udbūra,"sprinkling, powder",,2034
2036,Indo-Aryan,*udbʰajyatē,is broken,,2036
2036-2,Indo-Aryan,udbʰagna,"burst, torn",Suśr Classical,2036
2037,Indo-Aryan,*udbʰara,rising,,2037
2038,Indo-Aryan,údbʰarati,raises,RV Early-Vedic,2038
2038-2,Indo-Aryan,*udbʰārayati,causes to be raised,,2038
2038-3,Indo-Aryan,*udbʰr̩ta,,,2038
2041,Indo-Aryan,*udbʰāra,rising,,2041
2044,Indo-Aryan,udbʰidyatē,"springs open, bursts forth",MBh Epic,2044
2045,Indo-Aryan,*udbʰujati,bends up,,2045
2045-2,Indo-Aryan,*udbʰukta,,,2045
2046,Indo-Aryan,udbʰūta,come forth; elevated,MaitrUp R Epic,2046
2049,Indo-Aryan,*udyamati,,,2049
2049-2,Indo-Aryan,udyamana,raising; exertion,n Pāṇ Daś Epic Classical,2049
204a,Indo-Aryan,*aticcʰardati,casts on,,204a
2050,Indo-Aryan,*udyasati,is eager for,,2050
2051,Indo-Aryan,údyāti,rises; goes out; originates from,RV ŚBr Rājat Early-Vedic Medieval,2051
2052,Indo-Aryan,udyā́na,"going out; park, garden",n AV Yājñ Early-Vedic Classical,2052
2053,Indo-Aryan,*udyāpayati,finishes,,2053
2053-2,Indo-Aryan,udyāpana,conclusion,n MW,2053
2056,Indo-Aryan,udrá,an aquatic animal,VS Early-Vedic,2056
2057,Indo-Aryan,udra,water,,2057
2057-2,Indo-Aryan,ulla,wet,BHSk,2057
2058,Indo-Aryan,*udraṁhati,jumps up,,2058
2058-2,Indo-Aryan,*udraṁhayati,,,2058
2059,Indo-Aryan,*udrasa,sapless,,2059
2060,Indo-Aryan,*udrikʰati,makes an incision or furrow; scratches,,2060
2061,Indo-Aryan,údricyatē,is prominent,RV Early-Vedic,2061
2061-2,Indo-Aryan,*udriñcati,empties,,2061
2061-3,Indo-Aryan,údrikta,superfluous,TS Early-Vedic,2061
2061-4,Indo-Aryan,*udrēcati,leaves,,2061
2061-5,Indo-Aryan,udrēcayati,causes to increase,Rājat Medieval,2061
2061-6,Indo-Aryan,*udrēcyatē,is poured out,,2061
2062,Indo-Aryan,*udriṣati,is hurt,,2062
2062-2,Indo-Aryan,*udrēṣayati,,,2062
2063,Indo-Aryan,*udrīyatē,"runs out, is dissolved, is broken",,2063
2063-2,Indo-Aryan,*udrīṇa,,,2063
2063-3,Indo-Aryan,*udrēpayati,,,2063
2064,Indo-Aryan,*udruhati,rises,,2064
2064-2,Indo-Aryan,*udrūḍʰa,,,2064
2067,Indo-Aryan,*udrōka,shining,,2067
2069,Indo-Aryan,údvapati,pours out,RV Early-Vedic,2069
2069-2,Indo-Aryan,udvāpayati,,,2069
207,Indo-Aryan,*atipuṣṭa,very fat,,207
2071,Indo-Aryan,údvartatē,"bursts open, is puffed up with pride, originates; rises, swells",ŚBr Suśr Early-Vedic Classical,2071
2071-2,Indo-Aryan,udvr̩tta,"turned up, opened",MBh Epic,2071
2071-3,Indo-Aryan,údvartayati,breaks in pieces,RV Early-Vedic,2071
2073,Indo-Aryan,udvartman,the wrong road,n MaitrUp,2073
2076,Indo-Aryan,údvahati,draws out; lifts,RV MBh Early-Vedic Epic,2076
2077,Indo-Aryan,*udvāna,outside the web,,2077
2078,Indo-Aryan,udvāna,stove,,2078
2081,Indo-Aryan,údvāyati,"is extinguished, is exhausted",TS Early-Vedic,2081
2081-2,Indo-Aryan,údvāpayati,extinguishes,TBr Early-Vedic,2081
2081-3,Indo-Aryan,udvāna,being extinguished,Nyāyam,2081
2082,Indo-Aryan,*udvārayati,opens,,2082
2084,Indo-Aryan,*udvāsyatē,smells,intr,2084
2085,Indo-Aryan,udvāhanī,rope,f lex,2085
2087,Indo-Aryan,údvijatē,gushes up; is agitated,AV MBh Early-Vedic Epic,2087
2087-2,Indo-Aryan,udvigna,frightened,MBh Epic,2087
2088,Indo-Aryan,udviddʰa,tossed up,MBh Epic,2088
2091,Indo-Aryan,udvēṣṭatē,winds or twists upwards,MBh Epic,2091
2091-2,Indo-Aryan,udvēṣṭana,"wrapping, contraction, pain in the back",n Suśr Classical,2091
2092,Indo-Aryan,*ud-hadati,defecates,,2092
2092-2,Indo-Aryan,*ud-hanna,,,2092
2093,Indo-Aryan,*ud-hvr̩ti,deceit,,2093
2094,Indo-Aryan,undana,wetting,n PārGr̥ Early-Vedic,2094
2095,Indo-Aryan,undura,"rat, mouse",m Suśr Classical,2095
2095-2,Indo-Aryan,indūra,,m,2095
2096,Indo-Aryan,unna,wetted,KātyŚr Early-Vedic,2096
2096-2,Indo-Aryan,*unda,,,2096
2097,Indo-Aryan,*unnagna,naked,,2097
2098,Indo-Aryan,unnaḍa,arrogant; boisterous,,2098
21,Indo-Aryan,ákṣa,axle; collar-bone; temporal bone,RV ŚBr Yājñ Early-Vedic Classical,21
210,Indo-Aryan,*atiyañcati,pulls across,,210
2101,Indo-Aryan,únnayati,"leads out or up, sets up, frees from",RV Early-Vedic,2101
2101-2,Indo-Aryan,únnīta,led up,RV Early-Vedic,2101
2104-2,Indo-Aryan,*unnādaḍa-,clamour,ext:ḍa,2104-2
2105,Indo-Aryan,*unnādayati,makes resound,,2105
2108,Indo-Aryan,unnidra,sleepless,Kālid Classical,2108
2109,Indo-Aryan,*unmacyatē,is raised,,2109
211,Indo-Aryan,átirikta,excessive; left apart,AV R Early-Vedic Epic,211
211-2,Indo-Aryan,*atirikṇa,,,211
2110,Indo-Aryan,únmajjati,emerges,,2110
2110-2,Indo-Aryan,*unmagna,,,2110
2113,Indo-Aryan,*unmatʰyatē,is stirred up,,2113
2113-2,Indo-Aryan,unmatʰayati,"shakes, excites",BhP Medieval,2113
2113-3,Indo-Aryan,*unmātʰayati,,,2113
2114,Indo-Aryan,unmada,"mad, drunk",Kālid Classical,2114
2114-2,Indo-Aryan,unmāda,mad; intoxication,BhP MBh Medieval Epic,2114
2118,Indo-Aryan,*unmala,free from dirt,,2118
2119,Indo-Aryan,*unmalati,rubs,,2119
2119-2,Indo-Aryan,*unmālayati,,,2119
2121,Indo-Aryan,unmāna,"weight, value; measure of height or length",n ŚBr VarBr̥S Early-Vedic Classical,2121
2124,Indo-Aryan,*unmāyatē,is measured,,2124
2124-2,Indo-Aryan,*unmāpayati,measures,,2124
2126,Indo-Aryan,*unmārgati,searches out,,2126
2129,Indo-Aryan,unmīlayati,opens,MBh Epic,2129
2129-2,Indo-Aryan,*unmīlyatē,,,2129
2133,Indo-Aryan,únmr̩ṣṭa,stroked; rubbed off; *polished; *made clear,TBr Yājñ Early-Vedic Classical,2133
2134,Indo-Aryan,*unmr̩ṣṭa,lifted up,,2134
2135,Indo-Aryan,*unmrakṣati,rubs,,2135
2135-2,Indo-Aryan,*unmrakṣaṇa,rubbing,,2135
2139,Indo-Aryan,úpakarōti,takes care of; provides; helps,ŚBr Mn R Early-Vedic Epic,2139
2140,Indo-Aryan,*upakāŋkṣā,desire,,2140
2141,Indo-Aryan,upakāra,"help, use; embellishment (as a gate with garlands)",m MBh Suśr Epic Classical,2141
2142,Indo-Aryan,upakāraka,"serviceable, requisite",Hit Medieval,2142
2143,Indo-Aryan,upakāriṇī,helping,f MBh Epic,2143
2144,Indo-Aryan,*upakāla,summer,,2144
2145,Indo-Aryan,*upakuṇḍala,up to the full circle,,2145
215,Indo-Aryan,*atiśōdʰi,cleaning,,215
2151,Indo-Aryan,*upakṣajyati,approaches,,2151
2151-2,Indo-Aryan,*upakṣakta,,,2151
2151-3,Indo-Aryan,*upakṣājayati,,,2151
2156,Indo-Aryan,*upagr̩bʰāyati,,,2156
2156-2,Indo-Aryan,*upagʰr̩pta,,,2156
2160,Indo-Aryan,upacára,approach; attendance,m ŚBr Suśr Early-Vedic Classical,2160
2164,Indo-Aryan,upacāriṇī,"serving, attending on",f MaitrS Early-Vedic,2164
2166,Indo-Aryan,upacīyatē,"is heaped together, is strong, succeeds",MBh Epic,2166
2166-2,Indo-Aryan,upacita,"heaped up, prosperous; strong, fat",MBh Suśr Epic Classical,2166
2167,Indo-Aryan,upaccʰada,cover,Apte,2167
2170,Indo-Aryan,*upaccʰādayati,covers,,2170
2171,Indo-Aryan,upajñā,invented knowledge,f Pāṇ Epic,2171
2171-2,Indo-Aryan,*upajñāna,,,2171
2173,Indo-Aryan,upatapta,hot; ill,MBh KātyŚr Epic Early-Vedic,2173
2176,Indo-Aryan,*upatimyati,wets,,2176
2178,Indo-Aryan,upadī́ka,,m,2178
2178-2,Indo-Aryan,uddēhikā,white ant,f Hār,2178
2178-3,Indo-Aryan,upadēhikā,,f,2178
218,Indo-Aryan,*atiṣpʰāyatē,"swells, is complete, arrives",,218
2181,Indo-Aryan,úpadravati,"rushes at, attacks",RV Early-Vedic,2181
2181-2,Indo-Aryan,*upadrā- vayati,causes to be attacked,,2181
2183,Indo-Aryan,*upadʰāra,supporting,,2183
2189,Indo-Aryan,úpapatati,hastens towards,RV Early-Vedic,2189
2189-2,Indo-Aryan,*upapātayati,,,2189
2190,Indo-Aryan,upapatí,paramour,m VS Early-Vedic,2190
2191,Indo-Aryan,úpapadyatē,"goes towards, attacks; approaches for help; enters; is produced; is suitable",AV AitBr MBh Kauś Early-Vedic Epic,2191
2191-2,Indo-Aryan,upapanna,,Yājñ Classical,2191
2193,Indo-Aryan,*upapārśvāŋga,"shoulder, limb",,2193
2197,Indo-Aryan,upaprēkṣatē,"overlooks, disregards",MBh Epic,2197
2198,Indo-Aryan,upabandʰati,,,2198
2198-2,Indo-Aryan,*upabadʰyatē,,,2198
2199,Indo-Aryan,úpabrūtē,"speaks, addresses, invokes",RV Early-Vedic,2199
22,Indo-Aryan,akṣá,a die for gambling; the tree Elaeocarpus ganitrus; its seed (of which rosaries were made and which were used for dice),RV Suśr Early-Vedic Classical,22
2201,Indo-Aryan,upamá,uppermost,RV Early-Vedic,2201
2204,Indo-Aryan,úpamuñcatē,puts on (shoes),TS Early-Vedic,2204
2204-2,Indo-Aryan,*upamuñcana,,n,2204
2206,Indo-Aryan,úpayaccʰati,"lays hold of, takes",RV Early-Vedic,2206
2207,Indo-Aryan,úpayāti,approaches,,2207
2208,Indo-Aryan,upara,"lower, nearer, later",RV Early-Vedic,2208
2208-2,Indo-Aryan,*uparalla,upper,,2208
2209,Indo-Aryan,úparakta,"dyed, reddened",ŚBr Early-Vedic,2209
221,Indo-Aryan,*atta,"father, grandfather",,221
221-2,Indo-Aryan,*adda,,,221
2210,Indo-Aryan,uparacayati,"forms, constructs",Kād Medieval,2210
2211,Indo-Aryan,*uparaṭati,shouts to,,2211
2212,Indo-Aryan,*uparandʰyatē,is cooked,,2212
2214,Indo-Aryan,*uparamyati,ceases,,2214
2217,Indo-Aryan,*uparādʰyati,favours,,2217
2218b,Indo-Aryan,*uparic,,,2218b
222,Indo-Aryan,attā,"mother, mother's sister, elder sister",f lex,222
222-2,Indo-Aryan,*addā,,,222
2221,Indo-Aryan,uparundʰati,obstructs,,2221
2221-2,Indo-Aryan,uparudʰyatē,,,2221
2223,Indo-Aryan,úpala,"stone, rock",m MBh Epic,2223
2223-2,Indo-Aryan,*upalla,,,2223
2223-3,Indo-Aryan,*pala,,,2223
2224,Indo-Aryan,upalakṣa,hard to distinguish,,2224
2226,Indo-Aryan,upalakṣayati,beholds; regards; characterizes,ĀśvŚr MBh Yājñ Early-Vedic Epic Classical,2226
2226-2,Indo-Aryan,upalakṣita,,,2226
2227,Indo-Aryan,*upalagati,touches,,2227
2227-2,Indo-Aryan,*upalagna,,,2227
2229a,Indo-Aryan,*upalābʰana,blame,,2229a
223,Indo-Aryan,atyadbʰuta,very wonderful,VP Classical,223
2234,Indo-Aryan,upalīyatē,"lies close to, clings to",MBh Epic,2234
2237,Indo-Aryan,*upavayati,"strings, threads",,2237
224,Indo-Aryan,*atyākʰēṭyati,hunts,,224
2240,Indo-Aryan,upavartatē,walks on; returns,ĀśvŚr R Early-Vedic Epic,2240
2245,Indo-Aryan,úpaviśati,approaches; sits down,RV ŚBr Early-Vedic,2245
2246,Indo-Aryan,*upaviṣṭi,"approach, sitting",,2246
2249,Indo-Aryan,upavēśana,act of sitting down,n ĀśvŚr Early-Vedic,2249
2251,Indo-Aryan,upavēṣṭayati,wrap up,MW,2251
2252,Indo-Aryan,upaśānta,ceased; calmed,R BhP Epic Medieval,2252
2255,Indo-Aryan,*upaśrānta,rested,,2255
2257,Indo-Aryan,*upaśrōṇika,near the hips,,2257
2263,Indo-Aryan,*upaskadati,jumps towards,,2263
2263-2,Indo-Aryan,*upaskatta,,,2263
2264,Indo-Aryan,upaskara,"utensil, household appurtenance",m Mn Epic,2264
2266,Indo-Aryan,upastambʰa,"support; stay, prop",m Car Hit Epic Medieval,2266
2266-2,Indo-Aryan,upaṣṭambʰa,,,2266
2267,Indo-Aryan,upastambʰayati,"supports, stiffens",Suśr Classical,2267
2269,Indo-Aryan,*upastarati,,,2269
2269-2,Indo-Aryan,upastáraṇa,cover; undermattress,n RV ĀśvGr̥ Early-Vedic,2269
2269-3,Indo-Aryan,*upastr̩ta,spread over,,2269
226a,Indo-Aryan,*atyuṣati,burns,,226a
226a-2,Indo-Aryan,*atyōṣati,,,226a
226a-3,Indo-Aryan,*atyuṣyatē,is burnt,,226a
227,Indo-Aryan,átyēti,"comes upon, goes by; enters",RV MBh Early-Vedic Epic,227
227-2,Indo-Aryan,*átiyēti,,,227
2271,Indo-Aryan,upástʰa,"lap, sheltered or secure place",RV Early-Vedic,2271
2275,Indo-Aryan,upastʰā́na,"approach, attendance; assembly; abode",n ŚBr MBh Nir Early-Vedic Epic,2275
2277,Indo-Aryan,úpasmarati,remembers,ŚBr Early-Vedic,2277
2277-2,Indo-Aryan,*upasmārayati,,,2277
2279,Indo-Aryan,*upahadati,defecates,,2279
228,Indo-Aryan,átra,here,,228
2280,Indo-Aryan,*upahanaka,striking,,2280
2281,Indo-Aryan,úpaharati,"brings near, offers (food); takes away",AV MBh Early-Vedic Epic,2281
2282,Indo-Aryan,upahāsá,sport; laughter,m ŚBr Kathās Early-Vedic Medieval,2282
2283,Indo-Aryan,*upahlādayati,makes rejoice,,2283
2284,Indo-Aryan,upā́karōti,"fetches (<i>úpa ā́ akaram</i> RV.), makes preparation (for a sacred ceremonial), undertakes, begins; consecrates",TS Mn Early-Vedic Epic,2284
2287,Indo-Aryan,upākṣa,,,2287
2288,Indo-Aryan,upākṣa,on or near the eye,,2288
2289,Indo-Aryan,upākʰyāna,"subordinate story, episode",n MBh Epic,2289
229,Indo-Aryan,*atrastʰa,situated here,,229
2290,Indo-Aryan,*upāgna,smeared,,2290
2293,Indo-Aryan,upāŋga,smearing,m Car Epic,2293
2295,Indo-Aryan,*upājyatē,is smeared,,2295
2296,Indo-Aryan,*upāñjati,"anoints, greases (a wheel)",,2296
2301,Indo-Aryan,upādʰyāya,"preceptor, teacher of Veda",m Mn Epic,2301
2302,Indo-Aryan,upānáh,"shoe, sandal",f TS Early-Vedic,2302
2303,Indo-Aryan,upāntá,"border, edge",n,2303
2304,Indo-Aryan,upāntika,nearness,n,2304
2305,Indo-Aryan,*upāndʰa,somewhat blind,,2305
2306,Indo-Aryan,*upāpayati,"reaches, obtains",,2306
2307,Indo-Aryan,*upābʰra,near the clouds,,2307
2309,Indo-Aryan,upāyana,approach; present,n RV MBh Early-Vedic Epic,2309
2310,Indo-Aryan,upārdʰa,"half, the first half",n Lalit Epic,2310
2312,Indo-Aryan,upā́labʰatē,"touches; lays hold of, kills, censures",ŚBr ChUp Early-Vedic,2312
2312-2,Indo-Aryan,*upālābʰayati,,,2312
2313,Indo-Aryan,*upālabʰana,blame,,2313
2313-2,Indo-Aryan,*upālābʰana,,,2313
2317,Indo-Aryan,upāsana,exercise in archery,n MBh Epic,2317
2319,Indo-Aryan,úpēkṣatē,looks at; overlooks,ŚBr MBh Early-Vedic Epic,2319
2319-2,Indo-Aryan,upēkṣā,neglect,f MBh Epic,2319
2320,Indo-Aryan,*upēŋgʰati,goes towards,,2320
2322,Indo-Aryan,upēpsati,desires to obtain,MaitrS Early-Vedic,2322
2323,Indo-Aryan,*upēṣayati,sends on,,2323
2324,Indo-Aryan,*upēṣukā,arrow,,2324
2325,Indo-Aryan,úpaiti,approaches; enters,RV ŚBr Early-Vedic,2325
2325-2,Indo-Aryan,upēta,,,2325
2326,Indo-Aryan,upōta,enveloped,ŚāṅkhŚr Late-Vedic,2326
2326-2,Indo-Aryan,*upōna,,,2326
2327,Indo-Aryan,úpōdaka,near to water; the plant Basella cordifolia,VS Suśr Early-Vedic Classical,2327
2328,Indo-Aryan,*upōpta,sown,,2328
2329,Indo-Aryan,uptá,"scattered, sown",RV Early-Vedic,2329
2329-2,Indo-Aryan,*vupta,"scattered, sown",sound-variant,2329
233,Indo-Aryan,ádana,eating,n RV Early-Vedic,233
2330,Indo-Aryan,*uppara,above,,2330
2330-2,Indo-Aryan,*upparalla,,,2330
2333,Indo-Aryan,*uppari,above,,2333
2335,Indo-Aryan,upyátē,"is strewn, is sown",RV Early-Vedic,2335
2335-2,Indo-Aryan,*vupyatē,"is strewn, is sown",sound-variant,2335
2336,Indo-Aryan,*ubdʰrikā,snare,,2336
2337,Indo-Aryan,*ubbakka,vomited,,2337
2338,Indo-Aryan,*ubbar,"rise, swell",,2338
2338-2,Indo-Aryan,*ubbār,,,2338
2339,Indo-Aryan,*ubbal,,,2339
2340,Indo-Aryan,*ubbā,damp heat,,2340
2340a,Indo-Aryan,*ubbākāla,hot season,,2340a
2341,Indo-Aryan,umbara,upper timber of a door-frame,,2341
2343,Indo-Aryan,umbī,fried stalks of wheat or barley,f,2343
2344,Indo-Aryan,*ummaḍ,"rise, bubble up",,2344
2344-2,Indo-Aryan,*ummaḍḍ,,,2344
2344-3,Indo-Aryan,*ummāḍ,,,2344
2345,Indo-Aryan,*ummar,"rise, bubble up",,2345
2345-2,Indo-Aryan,*ummār,,,2345
2346,Indo-Aryan,*ummal,"rise, bubble up",,2346
2346-2,Indo-Aryan,*ummāl,,,2346
2347,Indo-Aryan,*ummēr,join,,2347
2349,Indo-Aryan,úraṇa,"ram, sheep, young ram",m ŚBr Early-Vedic,2349
2350,Indo-Aryan,úras,breast,n RV Early-Vedic,2350
2351,Indo-Aryan,urasá,having a strong breast,Pāṇ Epic,2351
2352,Indo-Aryan,úrā,ewe,f RV Early-Vedic,2352
2353,Indo-Aryan,urú,wide,RV Early-Vedic,2353
2355,Indo-Aryan,*urōdʰānī,"breast, teat",,2355
2356,Indo-Aryan,*urvara,"surplus, left over",,2356
2359,Indo-Aryan,úlūka,owl,RV Early-Vedic,2359
236,Indo-Aryan,ádīrgʰa,not long,,236
2360,Indo-Aryan,ulū́kʰala,a wooden mortar,n RV Early-Vedic,2360
2360-2,Indo-Aryan,*ulukkʰala,,,2360
2360-3,Indo-Aryan,udūkʰala,,n,2360
2360-4,Indo-Aryan,*udukkʰala,,,2360
2362,Indo-Aryan,ulkā́,"meteor, fire falling from heaven; fire-brand",f RV ŚBr Early-Vedic,2362
2363,Indo-Aryan,*ullagyati,is unfastened,,2363
2365,Indo-Aryan,ullaŋgʰana,act of leaping over,n Kathās Medieval,2365
2366,Indo-Aryan,ullaŋgʰayati,leaps over,Kathās Medieval,2366
2366-2,Indo-Aryan,ullaŋgʰita,,,2366
2367,Indo-Aryan,*ullaŋgʰin,leaping over,,2367
2368,Indo-Aryan,*ullaṭati,turns over,,2368
2368-2,Indo-Aryan,*ullaṭyatē,is upset,,2368
2368-3,Indo-Aryan,*ullāṭayati,causes to turn over,,2368
2369,Indo-Aryan,*ullaṇḍati,jumps up or out?,,2369
2370,Indo-Aryan,ullapati,coaxes,MārkP Medieval,2370
2373,Indo-Aryan,ullalati,jumps out,Śiś Classical,2373
2373-2,Indo-Aryan,*ullālayati,,,2373
2373-3,Indo-Aryan,*ullālita,,,2373
2375,Indo-Aryan,ullasati,shines out; sports,BhP lex Medieval,2375
2375-2,Indo-Aryan,ullāsayati,causes to dance,Kathās Medieval,2375
2375-3,Indo-Aryan,ullāsa,merriment,m Kathās Medieval,2375
2375-4,Indo-Aryan,ullāsin,rejoicing,,2375
2377,Indo-Aryan,ullāla,*springing up or out,lex,2377
2380,Indo-Aryan,*ulluṇḍati,overturns,,2380
2387,Indo-Aryan,úṣṭra,buffalo; camel,m RV MBh Early-Vedic Epic,2387
2389,Indo-Aryan,uṣṇá,hot,RV Early-Vedic,2389
239,Indo-Aryan,addʰā́,"in this way, certainly",RV Early-Vedic,239
2390,Indo-Aryan,uṣṇa,onion,lex,2390
2391,Indo-Aryan,uṣṇakāla,hot season,m Suśr Classical,2391
2394,Indo-Aryan,uṣṇayati,heats,MW,2394
2394-2,Indo-Aryan,*uṣṇāpana,contraption for heating,,2394
24,Indo-Aryan,akṣa,blue vitriol,lex,24
240,Indo-Aryan,ádbʰuta,wonderful,RV Early-Vedic,240
2400,Indo-Aryan,ūḍʰá,drawn,,2400
2400-2,Indo-Aryan,*vūḍʰa,drawn,sound-variant,2400
2402,Indo-Aryan,*ūṇḍa,deep,,2402
2402-2,Indo-Aryan,*ōṇḍa,,,2402
2402-3,Indo-Aryan,*avōṇḍa,,,2402
2403,Indo-Aryan,ū́dʰas,udder,nom,2403
2404,Indo-Aryan,*ūdʰriya,pertaining to the udder,,2404
2405,Indo-Aryan,ūná,deficient,AV Early-Vedic,2405
2407,Indo-Aryan,ūnacatvāriṁśat,39,f,2407
2408,Indo-Aryan,ūnatriṁśat,29,f,2408
2409,Indo-Aryan,ūnanavati,89,f,2409
2410,Indo-Aryan,ūnapañcāśat,49,f,2410
2411,Indo-Aryan,ūnaviṁśati,19,f,2411
2412,Indo-Aryan,ūnaśata,99,,2412
2413,Indo-Aryan,ūnaṣaṣṭi,59,f,2413
2414,Indo-Aryan,ūnasaptati,69,f,2414
2415,Indo-Aryan,ūnāśīti,79,,2415
2416,Indo-Aryan,*ūni,deficiency,,2416
2417,Indo-Aryan,ū́badʰya,,,2417
2419,Indo-Aryan,ūyatē,is woven,Gr,2419
242,Indo-Aryan,adyá,today,,242
2421,Indo-Aryan,*ūruvastʰa,thigh bone,,2421
2422,Indo-Aryan,ūrjas,"vigour, strength",n Sāh Medieval,2422
2424,Indo-Aryan,ū́rṇā,wool,f RV Early-Vedic,2424
2426,Indo-Aryan,ūrdʰvá,"erect, being above",RV Early-Vedic,2426
243,Indo-Aryan,adyāpi,"even now, still now",R Epic,243
2431,Indo-Aryan,ūrdʰvatara,"higher, more erect",,2431
2431a,Indo-Aryan,ūrdʰvábāhu,with uplifted arms,TS Early-Vedic,2431a
2435,Indo-Aryan,ūrdʰvastʰiti,"standing up, horse's back, elevation",f lex,2435
2438,Indo-Aryan,*ūrṣā,wool,,2438
2441,Indo-Aryan,ūṣmán,"heat, steam",m AV Early-Vedic,2441
2442,Indo-Aryan,ūṣmāyatē,emits heat or steam,Pāṇ Epic,2442
2442-2,Indo-Aryan,*ūṣmā- yita,,,2442
2443,Indo-Aryan,ūha,consideration,m MBh Epic,2443
2444,Indo-Aryan,ū́hati,suppose,MBh Epic,2444
2445,Indo-Aryan,ŕ̩kṣa,bear,m RV Early-Vedic,2445
2446,Indo-Aryan,*r̩kṣabʰalla,bear,,2446
2448,Indo-Aryan,r̩jú,"straight, honest",RV Early-Vedic,2448
245,Indo-Aryan,adyaiva,even today,,245
2451,Indo-Aryan,r̩ṇá,debt,n RV Early-Vedic,2451
2454,Indo-Aryan,*r̩tuvanta,end of the (rainy?) season,,2454
2455,Indo-Aryan,ŕ̩ddʰi,prosperity,f VS Early-Vedic,2455
2457,Indo-Aryan,r̩dʰáti,"increases, prospers, succeeds",RV Early-Vedic,2457
2457-2,Indo-Aryan,ŕ̩dʰyati,,Dhātup Epic,2457
2457-3,Indo-Aryan,r̩ddʰa,"*cooks, is cooked",,2457
2457-4,Indo-Aryan,ŕ̩dʰyati,,,2457
2457-5,Indo-Aryan,r̩ddʰa,,,2457
2457-6,Indo-Aryan,*r̩ndʰati,,RV Early-Vedic,2457
2458,Indo-Aryan,r̩ṣabʰá,bull,m RV Early-Vedic,2458
245a,Indo-Aryan,*adʰaōṣṭʰa,lower lip,Kālid Classical,245a
246,Indo-Aryan,adʰáḣ,"below, under",RV Early-Vedic,246
2461,Indo-Aryan,r̩ṣṭí,"spear, lance",f RV Early-Vedic,2461
2462,Indo-Aryan,ḗka,one,RV Early-Vedic,2462
2462-2,Indo-Aryan,*ēkka,,,2462
2464,Indo-Aryan,ḗkacatvāriṁśat,41,f ŚBr Early-Vedic,2464
2467,Indo-Aryan,ēkatará,"one of two, other",MBh Epic,2467
2468,Indo-Aryan,ēkatra,"in one (with noun in loc.), in one place",Yājñ Classical,2468
2469,Indo-Aryan,ḗkatriṁśat,31,f ŚBr Early-Vedic,2469
2471,Indo-Aryan,ēkanavati,91,f,2471
2472,Indo-Aryan,ēkapañcāśat,51,f ŚBr Early-Vedic,2472
2476,Indo-Aryan,ḗkaviṁśati,21,f TS Early-Vedic,2476
2478,Indo-Aryan,ēkaṣaṣṭi,61,f TUp Early-Vedic,2478
2479,Indo-Aryan,ḗkasaptati,71,f ŚBr Early-Vedic,2479
247a,Indo-Aryan,*adʰamauṣṭʰa,lower lip,,247a
248,Indo-Aryan,adʰástāt,underneath,RV Early-Vedic,248
248-2,Indo-Aryan,*adʰiṣṭāt,,,248
2480,Indo-Aryan,ēkastʰá,standing together,ŚBr Early-Vedic,2480
2481,Indo-Aryan,ḗkahāyana,one-year-old,,2481
2485,Indo-Aryan,ḗkādaśa,eleven,VS Early-Vedic,2485
249,Indo-Aryan,ádʰi,"up, above, on",RV Early-Vedic,249
2491,Indo-Aryan,ēkāśīti,81,f BhP Medieval,2491
2493,Indo-Aryan,ḗkōttara,increasing by one,ŚBr Early-Vedic,2493
2495,Indo-Aryan,ekōnacatvāriṁśat,39,f,2495
2496,Indo-Aryan,ēkōnatriṁśat,29,f,2496
2497,Indo-Aryan,ēkōnanavati,89,f,2497
2498,Indo-Aryan,ēkōnapañcāśat,49,f,2498
2499,Indo-Aryan,ēkōnaviṁśati,19,f,2499
2500,Indo-Aryan,ēkōnaṣaṣṭi,59,f,2500
2501,Indo-Aryan,ēkōnasaptati,69,,2501
2502,Indo-Aryan,ēkōnāśīti,79,f,2502
2506,Indo-Aryan,*ēkkala,alone,,2506
2506-2,Indo-Aryan,*ēkkalla,,,2506
2511,Indo-Aryan,ḗṭatē,goes,lex,2511
2512,Indo-Aryan,ēḍa,a kind of sheep,m KātyŚr Early-Vedic,2512
2515,Indo-Aryan,ḗti,goes,RV Early-Vedic,2515
2517,Indo-Aryan,ēraṇḍa,"castor-oil plant, Ricinus communis",m Suśr Classical,2517
252,Indo-Aryan,adʰikaraṇī́,*anvil,f,252
2524,Indo-Aryan,ēvá,"just so, indeed",RV Early-Vedic,2524
2528,Indo-Aryan,ēvam ēva,just so,AitBr Early-Vedic,2528
253,Indo-Aryan,adʰikarōti,puts at the head of,MBh Epic,253
2530,Indo-Aryan,ēṣá,this,RV Early-Vedic,2530
2533,Indo-Aryan,aikya,oneness,n MBh Epic,2533
2534,Indo-Aryan,áiti,comes near,RV Early-Vedic,2534
2536,Indo-Aryan,áiśvarya,supremacy,n AV Early-Vedic,2536
2536-2,Indo-Aryan,*aiśvariya,,,2536
2537,Indo-Aryan,aiṣámaḣ,in this year,ŚBr Early-Vedic,2537
2538,Indo-Aryan,*ōkk,vomit,,2538
2538-2,Indo-Aryan,*ōgg,,,2538
2538-3,Indo-Aryan,*vākk,,,2538
2539,Indo-Aryan,*ōggara,gruel,,2539
2540,Indo-Aryan,*ōccʰa,"small, thin, mean",,2540
2542,Indo-Aryan,*ōjjʰalla,"shade, screen, veil",,2542
2543,Indo-Aryan,ōjmán,"vigour, speed, power",m,2543
2544,Indo-Aryan,*ōṭṭā,"shelter, screen",,2544
2544-2,Indo-Aryan,*ōttā,,,2544
2544-3,Indo-Aryan,*ōḍḍā,,,2544
2545,Indo-Aryan,*ōḍā,furrow,,2545
2546,Indo-Aryan,ōḍikā,wild rice,,2546
2547,Indo-Aryan,*ōḍḍʰ,"put on, wear, cover",,2547
2549,Indo-Aryan,ōḍra,a tribe of Śūdras; name of a people,Mn MBh Epic,2549
2549-2,Indo-Aryan,*auḍrika,of that people,,2549
2552,Indo-Aryan,ōdaná,grain mashed and cooked with milk; boiled rice,n RV Kāś Early-Vedic Classical,2552
2554,Indo-Aryan,*ōdra,,,2554
2555,Indo-Aryan,ōpaśá,"cushion, pillow; support",m n RV Early-Vedic,2555
2556,Indo-Aryan,*ōpp,polish,,2556
2561,Indo-Aryan,ṓṣati,burns,RV Early-Vedic,2561
2563,Indo-Aryan,ṓṣṭʰa,lip,m RV Early-Vedic,2563
2568,Indo-Aryan,audʰasa,contained in the udder,BhP Medieval,2568
256a,Indo-Aryan,*adʰiyasta,thrown over,MW,256a
2570,Indo-Aryan,áurṇaka,wollen,Pāṇ Epic,2570
2570-2,Indo-Aryan,áurṇika,,Pāṇ Epic,2570
2571,Indo-Aryan,auṣadʰá,"consisting of herbs; herbs in general, a herb",n ŚBr Early-Vedic,2571
2572,Indo-Aryan,áuṣṭraka,of a camel,Pāṇ Epic,2572
2572-2,Indo-Aryan,auṣṭrika,oilmiller,Suśr MBh Classical Epic,2572
2573,Indo-Aryan,auṣmya,heat,n Kālid Classical,2573
2574,Indo-Aryan,ká,,,2574
2575,Indo-Aryan,kaḥ punar,,,2575
2575-2,Indo-Aryan,kaḣ punar,who?,,2575
2576,Indo-Aryan,kaṁsá,metal cup; bell-metal,AV Early-Vedic,2576
2576-2,Indo-Aryan,*kaṁsikā,,,2576
2578,Indo-Aryan,*kaṁsāra,sweetmeat,,2578
258,Indo-Aryan,*ádʰiyēti,goes to,,258
2582,Indo-Aryan,*kakudiṣṭʰa,on the hump,,2582
2586,Indo-Aryan,kakkōla,a species of plant with a berry the inner part of which is waxy and aromatic; its perfume,m R Epic,2586
2586-2,Indo-Aryan,takkōla,Pimenta acris,m R Epic,2586
2587,Indo-Aryan,kakkʰaṭa,,,2587
2587-2,Indo-Aryan,*kakkʰāṭa,,,2587
2587-3,Indo-Aryan,kakkaṭa-,,,2587
2588,Indo-Aryan,kákṣa,armpit; groin (?),RV AV Early-Vedic,2588
2589,Indo-Aryan,kákṣa,undergrowth; dead wood; grass,RV VS lex Early-Vedic,2589
2590,Indo-Aryan,*kakṣapaṭṭa,loincloth,,2590
2592,Indo-Aryan,kakṣyā̀,"girdle, girth",f RV Early-Vedic,2592
2595,Indo-Aryan,kaŋká,heron,m VS Early-Vedic,2595
2597,Indo-Aryan,kaŋkaṇa,bracelet,n MBh Epic,2597
2598,Indo-Aryan,káŋkata,comb,m AV Early-Vedic,2598
2598-2,Indo-Aryan,*kaŋkaṭa-,,,2598
2598-3,Indo-Aryan,*kaŋkaśa,,,2598
2602,Indo-Aryan,kaŋkara,"vile, bad",lex,2602
2603,Indo-Aryan,kaŋkāla,skeleton,MBh Epic,2603
2604,Indo-Aryan,*kaŋkāla,"poor, miserable",,2604
2605,Indo-Aryan,kaŋku,a panic seed,m VarBr̥S Classical,2605
2605-2,Indo-Aryan,kaŋgu,Panicum italicum,f VarBr̥S Classical,2605
2606,Indo-Aryan,*kaŋkunī,a panic grain,,2606
2606-2,Indo-Aryan,kaŋgunī,Celastrus paniculatus,f Bhpr Medieval,2606
2606-3,Indo-Aryan,*ṭaŋgunī,,,2606
2610,Indo-Aryan,*kacc,pull,,2610
2611,Indo-Aryan,*kacc,"crush, press",,2611
2612,Indo-Aryan,*kacc,restless,,2612
2613,Indo-Aryan,*kacca,"raw, unripe",,2613
2615,Indo-Aryan,kaccara,"dirty, vile",lex,2615
2615-2,Indo-Aryan,*kassara,,,2615
2617,Indo-Aryan,*kaccʰ,measure,,2617
2618,Indo-Aryan,kaccʰa,"bank, shore, marshy ground",m MBh Epic,2618
2619,Indo-Aryan,kaccʰapa,"turtle, tortoise",m MBh Epic,2619
2619-2,Indo-Aryan,*kaccʰabʰa,,,2619
2620,Indo-Aryan,kaccʰurá,affected with itch,Kāś Classical,2620
2620-2,Indo-Aryan,kaccʰula,,Mv,2620
2621,Indo-Aryan,kaccʰū́,"itch, scab, cutaneous disease",f Suśr Classical,2621
2622,Indo-Aryan,kajjala,lamp-black,n Suśr Classical,2622
2624a,Indo-Aryan,kajjalita,"covered with lamp-black; blackened, soiled",Pāṇ Hcat Epic Medieval,2624a
2626,Indo-Aryan,*kañcu,skin of a snake,,2626
2626-2,Indo-Aryan,kañcuka,"corselet, jacket; snake's slough; husk",m R Pañcat BhP Epic Classical Medieval,2626
2627,Indo-Aryan,kañculī,bodice,,2627
2629,Indo-Aryan,káṭa,"twist of straw, mat",TS Early-Vedic,2629
2630,Indo-Aryan,kaṭa,"grass, Saccharum sara",lex,2630
2631,Indo-Aryan,kaṭa,"thin piece of wood, plank",lex,2631
2632,Indo-Aryan,kaṭakaṭā,sound of rubbing,MBh Epic,2632
2632-2,Indo-Aryan,*kaṭakka,,,2632
2633,Indo-Aryan,*kaṭaccʰu,ladle,,2633
2634,Indo-Aryan,*kaṭabandʰana,belt,,2634
2635,Indo-Aryan,*kaṭavr̩tti,turning on one's side,,2635
2639,Indo-Aryan,kaṭi,"hip, buttocks",,2639
264,Indo-Aryan,*adʰiṣṭʰi,standing firm,f,264
2640,Indo-Aryan,*kaṭibʰāga,region of the waist,,2640
2641,Indo-Aryan,kaṭú,"pungent, bitter",RV Early-Vedic,2641
2641-2,Indo-Aryan,káṭuka,"pungent, bitter",RV Early-Vedic,2641
2643,Indo-Aryan,kaṭutva,"pungency, bitterness",n Subh Medieval,2643
2644,Indo-Aryan,*kaṭṭ,sound or result of striking,,2644
2645,Indo-Aryan,*kaṭṭa,young male animal,,2645
2648,Indo-Aryan,*kaṭṭōra,cup,,2648
2650,Indo-Aryan,kaṭʰiná,"hard, stiff",Suśr Classical,2650
2651,Indo-Aryan,káṭʰōra,"hard, solid, stiff; cruel",BhP Pañcat Medieval Classical,2651
2653,Indo-Aryan,kaḍambá,"end, point, stalk of a potherb",,2653
2654,Indo-Aryan,kaḍambī,the potherb Convolvulus repens,f,2654
2655,Indo-Aryan,káḍāra,having projecting teeth,,2655
2656,Indo-Aryan,kaḍēbara,"body, corpse",,2656
2657,Indo-Aryan,kaḍḍ,be rough,,2657
266,Indo-Aryan,adʰī́na,*above; dependent on,Mn Epic,266
2660,Indo-Aryan,*kaḍḍʰati,"pulls, draws",,2660
2661,Indo-Aryan,káṇa,a grain of corn; drop (of water),m AV Kāv Early-Vedic Classical,2661
2665,Indo-Aryan,kaṇika,grain; meal of parched wheat,m BhP lex Medieval,2665
2668,Indo-Aryan,kaṇṭa,thorn,BhP Medieval,2668
2668-2,Indo-Aryan,káṇṭaka,thorn; anything pointed,m ŚBr R Early-Vedic Epic,2668
2669,Indo-Aryan,kaṇṭa,boundary of a village,lex,2669
267,Indo-Aryan,adʰīśa,"lord, master",m Pañcat Classical,267
2670,Indo-Aryan,*kaṇṭa,,,2670
2671,Indo-Aryan,*kaṇṭakaraṇa,hedgehog,,2671
2674,Indo-Aryan,kaṇṭakita,thorny,MBh Epic,2674
2675,Indo-Aryan,kaṇṭapʰala,"name of various trees, the bread-fruit or jack-fruit tree",m lex,2675
268,Indo-Aryan,adʰunā́,now,ŚBr Early-Vedic,268
2680,Indo-Aryan,kaṇṭʰá,"throat, neck; narrowest part of a hole; voice; sound; *border, immediate proximity",m ŚBr Suśr MBh W Pañcat Early-Vedic Classical Epic,2680
2681,Indo-Aryan,kaṇṭʰaka,necklace,m Kathās Medieval,2681
2683,Indo-Aryan,*kaṇḍa,pounding,,2683
2684,Indo-Aryan,káṇḍati,is glad,Dhātup Epic,2684
2686,Indo-Aryan,kaṇḍáyati,separates chaff from grain,,2686
2688,Indo-Aryan,kaṇḍū,"itching, the itch",f Suśr Classical,2688
2689,Indo-Aryan,kaṇḍūyáti,scratches; itches,TS Early-Vedic,2689
2691,Indo-Aryan,kataka,the clearing nut Strychnos potatorum,m Mn Epic,2691
2692,Indo-Aryan,katamá,which out of several?,RV Early-Vedic,2692
2694,Indo-Aryan,káti,how many?,RV Early-Vedic,2694
2696,Indo-Aryan,katipayá,several,pl,2696
2698,Indo-Aryan,*kattara,"useless, old, rubbish",,2698
2698-2,Indo-Aryan,*kattavāra,,,2698
270,Indo-Aryan,adʰunaiva,just now,,270
2700,Indo-Aryan,káttʰatē,"boasts, mentions with praise",MBh Epic,2700
2702,Indo-Aryan,katʰana,narration,n Suśr Classical,2702
2703,Indo-Aryan,katʰáyati,"converses with, describes",MBh Epic,2703
2704,Indo-Aryan,katʰā́,"conversation, speech; story",ĀśvGr̥ MBh Early-Vedic Epic,2704
2705,Indo-Aryan,katʰānaka,a little tale,n,2705
2707,Indo-Aryan,katʰita,told; conversation; tale,Mn MBh Kālid Epic Classical,2707
2710,Indo-Aryan,kadambá,the tree Nauclea cadamba,m MBh Epic,2710
2710a,Indo-Aryan,kadara,corn or callosity on foot,m Suśr Classical,2710a
2712,Indo-Aryan,kadala,,m,2712
2712-2,Indo-Aryan,*kaḍalī,,,2712
2715,Indo-Aryan,kádru,"tawny, brown",TS Early-Vedic,2715
2718,Indo-Aryan,kaniṣṭʰá,youngest; smallest; younger brother,RV TS lex Early-Vedic,2718
2719,Indo-Aryan,kaniṣṭʰā,little finger,f Yājñ Classical,2719
2720,Indo-Aryan,kantʰā,"wall, town",lex,2720
2721,Indo-Aryan,kantʰā,"rag, cloth",Bhartr̥ Classical,2721
2721-2,Indo-Aryan,*kantʰaḍa-,"rag, cloth",ext:ḍa,2721-2
2722,Indo-Aryan,*kantʰya,pertaining to a wall,,2722
2723,Indo-Aryan,kanda,bulbous root; garlic,m MBh lex Epic,2723
2726,Indo-Aryan,kándu,iron pot,f Suśr Classical,2726
2726-2,Indo-Aryan,*kanduḍa-,iron pot,ext:ḍa,2726-2
2728,Indo-Aryan,*kandukara,worker with pans,,2728
2731,Indo-Aryan,*kannasī,file,,2731
2732,Indo-Aryan,kanya,the smallest,,2732
2734,Indo-Aryan,kanyálā,maiden,f AV Early-Vedic,2734
2735,Indo-Aryan,kanyasa,younger,MBh Epic,2735
2736,Indo-Aryan,kanyasā,little finger,f lex,2736
2737,Indo-Aryan,kanyā̀,maiden,f RV Early-Vedic,2737
2738,Indo-Aryan,*kanyāŋguli,little finger,,2738
2739,Indo-Aryan,kanyikā,girl; *little finger,f lex,2739
274,Indo-Aryan,adʰyadʰi,on high,KātyŚr Early-Vedic,274
2740,Indo-Aryan,kaparda,a small shell,m lex,2740
2743,Indo-Aryan,kapala,"part, half",n ŚāṅkhŚr Late-Vedic,2743
2744,Indo-Aryan,kapā́la,"skull, cranium; cup, jar, bowl; beggar's bowl",n AV TS Mn Early-Vedic Epic,2744
2744-2,Indo-Aryan,*kapalla,,,2744
2744-3,Indo-Aryan,*kabʰalla,,,2744
2744-4,Indo-Aryan,*kappāla,,,2744
2747,Indo-Aryan,kapi,"Emblica officinalis, a species of the tree Pongamia glabra, olibanum",lex,2747
2749,Indo-Aryan,kapittʰa,the tree Feronia elephantum; its fruit the wood-apple,m n MBh Epic,2749
275,Indo-Aryan,*adʰyadʰyaka,abundant,,275
2750,Indo-Aryan,kapilá,"brown, tawny, reddish",RV Early-Vedic,2750
2753,Indo-Aryan,kapṓta,"pigeon, dove",m RV Early-Vedic,2753
2754,Indo-Aryan,*kapōtra,pigeon,,2754
2755,Indo-Aryan,kapōlá,cheek,m Yājñ Classical,2755
2755-2,Indo-Aryan,*kappōla,,,2755
2756,Indo-Aryan,kapʰa,phlegm,m Suśr Classical,2756
2756-2,Indo-Aryan,*kappʰa,,,2756
2757,Indo-Aryan,kapʰōṇi,elbow,m,2757
2759,Indo-Aryan,*kabbu,"feeble, yielding",,2759
2760,Indo-Aryan,kamaṭʰa,bamboo,m lex,2760
2760-2,Indo-Aryan,*kāmaṭʰa,,,2760
2760-3,Indo-Aryan,*kāmāṭṭʰa,,,2760
2760-4,Indo-Aryan,*kammaṭʰa,,,2760
2760-5,Indo-Aryan,*kammaṭṭʰa,,,2760
2760-6,Indo-Aryan,*kambāṭʰa,,,2760
2760-7,Indo-Aryan,*kambiṭṭʰa,,,2760
2763,Indo-Aryan,kámala,pale red,TS Early-Vedic,2763
2763-2,Indo-Aryan,*kamara,,,2763
2764,Indo-Aryan,kamala,lotus,R Epic,2764
2765,Indo-Aryan,kampa,tremor,m MBh Epic,2765
2766,Indo-Aryan,*kampaka,shaking,,2766
2767,Indo-Aryan,kámpatē,"trembles, shivers",MBh Epic,2767
277,Indo-Aryan,*adʰyaya,going towards,,277
2771,Indo-Aryan,kambalá,woollen blanket or upper garment,AV Early-Vedic,2771
2773,Indo-Aryan,kambalin,wearing a blanket,,2773
2774,Indo-Aryan,kambi,branch or shoot of bamboo,f lex,2774
2776,Indo-Aryan,*kamra,the back,,2776
2779,Indo-Aryan,kará,"doing, causing; hand",AV RV Early-Vedic,2779
2780,Indo-Aryan,kara,"tax, tribute",Mn Epic,2780
2781,Indo-Aryan,karaka,water vessel,MBh Epic,2781
2782,Indo-Aryan,karaka,hail,,2782
2784,Indo-Aryan,karaŋka,"skull, head; any bone of the body",m Kathās lex Medieval,2784
2790,Indo-Aryan,káraṇa,"act, deed",n RV Early-Vedic,2790
2791,Indo-Aryan,karaṇīya,to be done,MBh Epic,2791
2792,Indo-Aryan,káraṇḍa,basket,BhP Medieval,2792
2795,Indo-Aryan,karapattra,saw,n Suśr Classical,2795
2795-2,Indo-Aryan,*karaparṇa,,,2795
2796,Indo-Aryan,karapāla,sword,m,2796
2797,Indo-Aryan,karabʰá,camel; young camel; young elephant,m MBh Pañcat BhP Epic Classical Medieval,2797
2797-2,Indo-Aryan,kalabʰá,young elephant or camel,Pañcat Classical,2797
2799,Indo-Aryan,karamarda,the tree Carissa carandas,m MBh Epic,2799
2799-2,Indo-Aryan,*karamārja,,,2799
28,Indo-Aryan,ákṣata,unhurt; not crushed; uncrushed barley,RV ĀśvGr̥ Kālid Early-Vedic Classical,28
280,Indo-Aryan,ádʰyāstē,"stays, dwells in; rests on",RV MBh Early-Vedic Epic,280
2800,Indo-Aryan,karavīra,"oleander, Nerium odorum",m MBh Epic,2800
2800-2,Indo-Aryan,karṇikāra,Pterospermum acerifolium,m MBh Epic,2800
2800-3,Indo-Aryan,karṇāṭī,a kind of mimosa,f,2800
2804,Indo-Aryan,karīra,shoot of bamboo,Suśr Classical,2804
2805,Indo-Aryan,karī́ra,Capparis aphylla (a thorny plant eaten by camels); its fruit,Uṇ ŚBr Suśr Early-Vedic Classical,2805
2805-2,Indo-Aryan,karibʰa,Ficus religiosa (?),m lex,2805
2806,Indo-Aryan,kárīṣa,"dung, dried cowdung, rubbish",ŚBr Early-Vedic,2806
2809,Indo-Aryan,karuṇa,mournful,MBh Epic,2809
2812,Indo-Aryan,karḗṇu,elephant,m MBh Epic,2812
2813,Indo-Aryan,karōṭi,"cup, skull",f Rājat Medieval,2813
2813-2,Indo-Aryan,*karōṭṭi,,,2813
2814,Indo-Aryan,karṓti,does,Br̥ĀrUp Early-Vedic,2814
2815,Indo-Aryan,karká,white; white horse; a partic. gem,AV MBh lex Early-Vedic Epic,2815
2816,Indo-Aryan,karkaṭa,crab,,2816
2817,Indo-Aryan,karkaṭa,"name of various plants, curved root of a plant",lex,2817
2819,Indo-Aryan,karkara,"hard, firm",Mālatīm Classical,2819
2820,Indo-Aryan,karkara,stone; bone,m lex,2820
2822,Indo-Aryan,karkaśá,"rough, hard",MBh Epic,2822
2822-2,Indo-Aryan,*kʰakkʰaśa,,,2822
2823,Indo-Aryan,karkāru,the gourd Beninkasa cerifera,,2823
2824,Indo-Aryan,*karkuṭaka,dog,,2824
2825,Indo-Aryan,karkōṭa,a partic. fruit,n Suśr Classical,2825
2827,Indo-Aryan,karcarī,a medicinal substance,f Bhpr Medieval,2827
2828,Indo-Aryan,karcūra,*yellow; turmeric; an orpiment; gold,m lex Śiś Classical,2828
2829,Indo-Aryan,kárjati,"oppresses, hurts",Dhātup Epic,2829
283,Indo-Aryan,ana,this,pron,283
2830,Indo-Aryan,kárṇa,"ear, handle of a vessel; end, tip (?)",m RV Early-Vedic,2830
2831,Indo-Aryan,kárṇaka,"projection on the side of a vessel, handle",m ŚBr Early-Vedic,2831
2836,Indo-Aryan,karṇadʰāra,helmsman,m Suśr Classical,2836
2837,Indo-Aryan,karṇapattraka,lobe of the ear,m Yājñ Classical,2837
2838,Indo-Aryan,karṇapuṭa,ear-passage,n BhP Medieval,2838
284,Indo-Aryan,anakṣá,blind,RV Early-Vedic,284
2840,Indo-Aryan,*karṇamarda,touching the ears as a sign of disgrace or repentance,,2840
2841,Indo-Aryan,karṇamūla,root of the ear,n Suśr Classical,2841
2849,Indo-Aryan,kárṇikā,round protuberance; pericarp of a lotus; ear-ring,f Suśr MBh Kathās Classical Epic Medieval,2849
2852,Indo-Aryan,karta,*cutting,BhP Medieval,2852
2852-2,Indo-Aryan,*kartar-,*cutting,ext:r,2852-2
2853,Indo-Aryan,*karta,knife,,2853
2854,Indo-Aryan,kártati,cuts,Ep Epic,2854
2855,Indo-Aryan,*kartati,spins,,2855
2856,Indo-Aryan,kartana,cutting,Yājñ Classical,2856
2857,Indo-Aryan,kartana,act of spinning,lex,2857
2858,Indo-Aryan,kartari,"scissors, knife",f Suśr Classical,2858
2859,Indo-Aryan,kártavya,to be done; duty,,2859
2860,Indo-Aryan,*karttāra,knife,,2860
2863,Indo-Aryan,karttrī,scissors,f lex,2863
2863-2,Indo-Aryan,*kārttrī,,,2863
2864,Indo-Aryan,kartya,to be cut off,Mn Epic,2864
2864-2,Indo-Aryan,*kartiya,,,2864
2866,Indo-Aryan,*kartyā,knife,,2866
2866-2,Indo-Aryan,*kr̩tyā,,,2866
2867,Indo-Aryan,karda,"mud, swamp",m lex,2867
2869,Indo-Aryan,kardáma,"mud, mire",,2869
287,Indo-Aryan,anantará,having no interval,ŚBr Early-Vedic,287
2870,Indo-Aryan,kardamita,muddy,Kathās Medieval,2870
2871,Indo-Aryan,karpaṭa,"patched garment, rag",n Pañcat Classical,2871
2876,Indo-Aryan,karpara,bowl; skull,m Pañcat lex Classical,2876
2877,Indo-Aryan,karpā́sa,the cotton plant Gosypium herbaceum; cotton,m Suśr Classical,2877
2880,Indo-Aryan,karpū́ra,camphor,m Suśr Classical,2880
2882,Indo-Aryan,karbará,"spotted, variegated",lex,2882
2888,Indo-Aryan,karmakāra,doing work without wages,Kāś Classical,2888
2888-2,Indo-Aryan,karmakārin,doing any work,,2888
289,Indo-Aryan,ánapēkṣa,careless,R Epic,289
2892,Indo-Aryan,kárman,"act, work",RV Early-Vedic,2892
2893,Indo-Aryan,*karmán,working,,2893
2894,Indo-Aryan,*karmayati,works,,2894
2897,Indo-Aryan,*karmāpayati,"works, earns",,2897
2898,Indo-Aryan,karmā́ra,blacksmith,m RV Early-Vedic,2898
29,Indo-Aryan,akṣatra,separated from the Kṣatriya caste,MBh Epic,29
290,Indo-Aryan,anargʰa,priceless,,290
290-2,Indo-Aryan,*anargʰiya,,,290
2901,Indo-Aryan,karmiṣṭʰa,very active,lex,2901
2904,Indo-Aryan,*karva,"perverse, left",,2904
2905,Indo-Aryan,karṣá,dragging; agriculture,m Pāṇ Epic,2905
2907,Indo-Aryan,karṣaṇa,"tugging, ploughing, hurting; cultivated land",n Mn MBh Epic,2907
2908,Indo-Aryan,kárṣati,"draws, pulls",RV Early-Vedic,2908
2909,Indo-Aryan,karṣí,furrowing,,2909
2910,Indo-Aryan,kárhi,when?,Pāṇ Epic,2910
2915,Indo-Aryan,kálatra,pudendum muliebre; wife; family,n lex MBh BHSk Epic,2915
2918,Indo-Aryan,kaláyati,"counts, thinks",Śiś Classical,2918
2919,Indo-Aryan,kaláyati,"incites, impels",MBh Epic,2919
2920,Indo-Aryan,kaláśa,waterpot,m RV Early-Vedic,2920
2922,Indo-Aryan,kalaha,"quarrel, fight",m MBh Epic,2922
2927,Indo-Aryan,kalā́,any practical art,R Epic,2927
2929,Indo-Aryan,kalācika,"spoon, ladle",lex,2929
293,Indo-Aryan,ánaśana,abstinence from food,n ŚBr Early-Vedic,293
2930,Indo-Aryan,kalācī,forearm,,2930
2931,Indo-Aryan,kalāpa,"bundle, quiver of arrows; rope round an elephant's neck",m MBh lex Epic,2931
2931-2,Indo-Aryan,kalamba,crowd,lex,2931
2932,Indo-Aryan,kalāya,a sort of pea,m MBh Epic,2932
2932-2,Indo-Aryan,*kērāva,,,2932
2933,Indo-Aryan,káli,"the losing die with one dot; the iron age; strife, quarrel",AV AitBr MBh Early-Vedic Epic,2933
2934,Indo-Aryan,kali-,,,2934
2934-2,Indo-Aryan,*kalli,,,2934
2934-3,Indo-Aryan,*kaḍi,,,2934
2941,Indo-Aryan,kálpa,"capable; rule, practice; an age",ŚBr RV MBh Early-Vedic Epic,2941
2941-2,Indo-Aryan,*karpa,,,2941
2944,Indo-Aryan,kalpáyati,"sets in order; trims, cuts",RV VarBr̥S Early-Vedic Classical,2944
2946,Indo-Aryan,kalmaṣa,"stain, dregs, sin",n Mn Epic,2946
2949,Indo-Aryan,kalya,deaf and dumb,,2949
2954,Indo-Aryan,*kallara,salt barren soil,,2954
2956,Indo-Aryan,kavaka,mouthful,n lex,2956
2958,Indo-Aryan,kávatē,cries out,Dhātup Epic,2958
295a,Indo-Aryan,anāmukta,unclothed,,295a
2960,Indo-Aryan,kavala,mouthful; gargle,m MBh Suśr Epic Classical,2960
2962,Indo-Aryan,*kavā,cry,,2962
2963,Indo-Aryan,kavāṭa,leaf of a door,m,2963
2963a,Indo-Aryan,kavārí,"stingy, mean",RV Early-Vedic,2963a
2965,Indo-Aryan,káśā,whip; rein; string,f RV Śiś lex Early-Vedic Classical,2965
2967,Indo-Aryan,káścid,"some one, anyone",RV Early-Vedic,2967
297,Indo-Aryan,*anāvr̩ṣa,lack of rain,,297
2970,Indo-Aryan,kaṣá,rubbing; touchstone,m Naiṣ Pāṇ Medieval Epic,2970
2972,Indo-Aryan,kaṣati,scratches; rubs on a touchstone,ChUp Pāṇ Early-Vedic Epic,2972
2974,Indo-Aryan,kaṣāya,"yellowish red, astringent; an astringent juice",Yājñ ŚBr Classical Early-Vedic,2974
2974-2,Indo-Aryan,*kaṣāva,,,2974
2974-3,Indo-Aryan,*kaṣāra,,,2974
2974-4,Indo-Aryan,*kaṣāyaṭṭ-,"yellowish red, astringent; an astringent juice",ext:ṭṭ,2974-4
2978,Indo-Aryan,kaṣṭá,"bad, difficult; dangerous; bad state of affairs, fatigue",Mn Pāṇ R Epic,2978
2979,Indo-Aryan,*kaṣyatē,is scratched,,2979
2981,Indo-Aryan,kásati,"goes, moves",Dhātup Epic,2981
2983,Indo-Aryan,*kastambʰa,small stem,,2983
2984,Indo-Aryan,kastīra,tin,n lex,2984
2984-2,Indo-Aryan,*kastilla,,,2984
2987,Indo-Aryan,kā́ṁsya,made of bell-metal; bell-metal; cup of bell-metal,KātyŚr Yājñ MBh Early-Vedic Classical Epic,2987
2987-2,Indo-Aryan,*kāṁsiya,,,2987
299,Indo-Aryan,anāhāra,abstaining from food,R Epic,299
2993,Indo-Aryan,kā́ka,crow,m Mn Epic,2993
2998,Indo-Aryan,*kākka,senior male relative,,2998
2999,Indo-Aryan,kāgni,a small fire,m Vop Medieval,2999
30,Indo-Aryan,*akṣadāruka,a partic. tree,,30
3001,Indo-Aryan,*kāŋkunikā,a woman who lives on panic seed,f,3001
3002,Indo-Aryan,kā́ŋkṣati,wishes for,,3002
3003,Indo-Aryan,kāŋkṣā,wish,f R Epic,3003
3005,Indo-Aryan,*kāŋga,having a poor body,,3005
3007,Indo-Aryan,kācá,glass,ŚBr Early-Vedic,3007
3007-2,Indo-Aryan,*kācca,,,3007
3008,Indo-Aryan,*kāca,black,,3008
3009,Indo-Aryan,kāca,"loop, string fastened to both ends of a pole, carrying yoke",lex,3009
301,Indo-Aryan,aniccʰā,indifference,f Mn Epic,301
3012,Indo-Aryan,*kāccakāra,glass maker,,3012
3012-2,Indo-Aryan,*kāccakara,,,3012
3014,Indo-Aryan,kāñcanaka,the tree Bauhinia variegata,m lex,3014
3014-2,Indo-Aryan,kāñcanāra,,m,3014
3016,Indo-Aryan,kāñjika,sour rice gruel,n Suśr Classical,3016
3017,Indo-Aryan,*kāṭa,"stick, penis",,3017
3018,Indo-Aryan,kāṭʰa,rock,m lex,3018
3019,Indo-Aryan,kāṇá,one-eyed,RV Early-Vedic,3019
3020,Indo-Aryan,*kāṇākṣa,one-eyed,,3020
3022,Indo-Aryan,*kāṇṭa,having thorns,,3022
3022-2,Indo-Aryan,kāṇṭaka,,ĀpŚr Early-Vedic,3022
3023,Indo-Aryan,kā́ṇḍa,"single joint of a plant; arrow; cluster, heap",TS Pāṇ Kāś AV MBh Early-Vedic Epic Classical,3023
3027,Indo-Aryan,kātara,"confused, discouraged, cowardly",Mn Epic,3027
3027-2,Indo-Aryan,*kātʰala,,,3027
3029,Indo-Aryan,kānta,"loved, charming; lover, husband",m,3029
3030,Indo-Aryan,kāntā,"name of various plants, large cardamom",f lex,3030
3032,Indo-Aryan,kāntāraka,a kind of sugarcane,m,3032
3037,Indo-Aryan,kāpaṭa,fraudulent,VarBr̥S Classical,3037
3038,Indo-Aryan,kāpāla,relating to the skull,R Epic,3038
3041,Indo-Aryan,kā́pōta,"pertaining to pigeons; dull white, grey",MBh VarBr̥S Epic Classical,3041
3048,Indo-Aryan,kā́mya,desirable,RV Early-Vedic,3048
3048-2,Indo-Aryan,*kāmiya,,,3048
3053,Indo-Aryan,kāra,"making, doing; action",,3053
3054,Indo-Aryan,kāra,"*heap, heap of snow",lex,3054
3055,Indo-Aryan,*kāra,live coal,,3055
3056,Indo-Aryan,*kāra,ear,,3056
3057,Indo-Aryan,kāraṇa,cause,n KātyŚr Early-Vedic,3057
3061,Indo-Aryan,kāravēlla,the gourd Momordica charantia; its fruit,m Suśr lex Classical,3061
3061-2,Indo-Aryan,*kārēlla,,,3061
3064,Indo-Aryan,kā́ri,"artisan, worker; action, work",m Pāṇ Bhaṭṭ Epic Classical,3064
3066,Indo-Aryan,kārú,artisan,,3066
3068,Indo-Aryan,kāruṇya,"compassion, kindness",n MBh Epic,3068
3069,Indo-Aryan,*kārti,knife,,3069
3070,Indo-Aryan,kārttiká,the twelfth month October-November,m MBh Epic,3070
3073,Indo-Aryan,kārpāsika,made of cotton,MBh Epic,3073
3074,Indo-Aryan,kārmá,"active, laborious",Pāṇ Epic,3074
3075,Indo-Aryan,kārmaṇá,"magic, sorcery",n Pāṇ Epic,3075
3078,Indo-Aryan,kāryà,,,3078
3079,Indo-Aryan,kāryin,"active, assiduous",,3079
308,Indo-Aryan,ánīka,"face, front, point, edge, row; army",n RV Bhag Early-Vedic Epic,308
3083,Indo-Aryan,kāla,"black, dark-blue",MBh Epic,3083
3084,Indo-Aryan,kālá,"time; fixed point of time; fate, death",AV ŚBr MBh Early-Vedic Epic,3084
308a,Indo-Aryan,*anīkya,front,,308a
309,Indo-Aryan,*anukarya,imitation,,309
3100,Indo-Aryan,kālinda,,,3100
3100-2,Indo-Aryan,kāliŋga,,,3100
3103,Indo-Aryan,kālēyaka,a partic. part of the intestines; liver,m Suśr lex Classical,3103
3104,Indo-Aryan,kālya,"timely, seasonable",,3104
3104-2,Indo-Aryan,kalya,dawn,lex,3104
3107,Indo-Aryan,*kāvaraka,crow,,3107
311,Indo-Aryan,ánukṣarati,flows into,RV Early-Vedic,311
311-2,Indo-Aryan,*anukṣara,flow into,m,311
3112,Indo-Aryan,kā́śa,"a grass used for mats, Saccharum spontaneum",m Kauś Early-Vedic,3112
3115,Indo-Aryan,kāśayati,makes shine,,3115
3120,Indo-Aryan,kāṣṭʰá,piece of wood,n ŚBr Early-Vedic,3120
3121,Indo-Aryan,*kāṣṭʰakuṭaka,wooden frame,,3121
3123,Indo-Aryan,*kāṣṭʰagʰaṭa,wooden framework,,3123
3125,Indo-Aryan,*kāṣṭʰadʰāna,having woody grains,,3125
313,Indo-Aryan,*anugr̩bʰāyati,follows in taking,,313
3134,Indo-Aryan,kāsa,moving,Pāṇ Epic,3134
3135,Indo-Aryan,kā́satē,coughs,Suśr Classical,3135
3136,Indo-Aryan,kāsamarda,remedy against cough consisting of a mixture of tamarind and mustard; Cassia sophora,m lex Suśr Classical,3136
3136-2,Indo-Aryan,*kāsamārja,,,3136
3137,Indo-Aryan,*kāsayati,causes to move,,3137
3138,Indo-Aryan,kā́sā,cough,,3138
3139,Indo-Aryan,kāsārá,"pond, tank",m Bhartr̥ Classical,3139
3140,Indo-Aryan,kāsīsa,green vitriol,n Suśr Classical,3140
3142,Indo-Aryan,kāhala,"speaking unbecomingly or indistinctly; downcast, faint-hearted",lex,3142
3143,Indo-Aryan,kiṁkara,"servant, slave",m MBh Epic,3143
3144,Indo-Aryan,kíṁcid,anything,RV Early-Vedic,3144
3148,Indo-Aryan,kiṁśā́ru,beard of corn,n AitBr Early-Vedic,3148
3149,Indo-Aryan,kiṁśuka,the tree Butea frondosa,m MBh Epic,3149
3149-2,Indo-Aryan,*kēśuka,,,3149
314a,Indo-Aryan,anucará,"one who accompanies, servant",m ŚBr Early-Vedic,314a
3150,Indo-Aryan,*kikka,infant,,3150
3151,Indo-Aryan,*kikkara,Acacia arabica,,3151
3151-2,Indo-Aryan,*kiŋkara,,,3151
3153,Indo-Aryan,*kicca,"mud, dirt",,3153
3153-2,Indo-Aryan,*kacca-,,,3153
3153-3,Indo-Aryan,*kʰacca,,,3153
3156,Indo-Aryan,kiṭṭa,secretion,n Suśr Classical,3156
3156-2,Indo-Aryan,*kaṭṭa-,,,3156
3156-3,Indo-Aryan,*katta,,,3156
3156-4,Indo-Aryan,*kʰiṭṭa,,,3156
3156-5,Indo-Aryan,kīṭa,feces,lex,3156
3159,Indo-Aryan,kiṇa,callosity; scar,MBh lex Epic,3159
3160,Indo-Aryan,kiṇa,insect found in wood,lex,3160
3164,Indo-Aryan,kím,what? why?,n,3164
3167,Indo-Aryan,*kiyatta,how great?,,3167
3169,Indo-Aryan,kíyant,how great?,RV Early-Vedic,3169
3171,Indo-Aryan,kiráṇa,dust; ray of light,m RV MBh Early-Vedic Epic,3171
3172,Indo-Aryan,kiráti,"scatters, pours out, sows",RV Early-Vedic,3172
3173,Indo-Aryan,kirāṭa,merchant,m Rājat Medieval,3173
3174,Indo-Aryan,kirātatikta,,,3174
3174-2,Indo-Aryan,ciratikta,,m,3174
3174-3,Indo-Aryan,cirātikta,,m,3174
3175,Indo-Aryan,kiri,"scattering, heap",,3175
3178,Indo-Aryan,kíla,certainly,RV Early-Vedic,3178
3180,Indo-Aryan,kilakilāyati,raises joyful sounds; screams,Bhaṭṭ Classical,3180
3181,Indo-Aryan,kilāṭa,inspissated milk,m Suśr Classical,3181
3182,Indo-Aryan,kilāta,dwarf,,3182
3183,Indo-Aryan,kilā́sa,leprous; a species of leprosy,VS KātyŚr Early-Vedic,3183
3187,Indo-Aryan,kilima,a kind of pine,n Car Epic,3187
3190,Indo-Aryan,kiśōrá,foal; a youth,m AV BhP Early-Vedic Medieval,3190
3191,Indo-Aryan,kiṣku,forearm; handle of axe,m R Epic,3191
3192,Indo-Aryan,*kīkkati,screams,,3192
3193,Indo-Aryan,kīṭá,"insect, worm",ŚBr Early-Vedic,3193
3196,Indo-Aryan,kīdŕ̩k,of what sort?,nom,3196
3196-2,Indo-Aryan,*kādr̥k,of what sort?,replaced,3196
3197,Indo-Aryan,kīdr̩śa,of what kind?,MBh Epic,3197
3198,Indo-Aryan,kīra,parrot,m,3198
3200,Indo-Aryan,kīrtí,report; fame,f RV AV Early-Vedic,3200
3201,Indo-Aryan,kīryatē,is scattered,MBh Epic,3201
3202,Indo-Aryan,kīla,"stake, peg, tumour",MBh Epic,3202
3202-2,Indo-Aryan,*kīlla,,,3202
3202-3,Indo-Aryan,*kīḍa,,,3202
3202-4,Indo-Aryan,kʰī́la,post,m AV Early-Vedic,3202
3202-5,Indo-Aryan,*kʰīlla,,,3202
3203,Indo-Aryan,kīla,elbow; blow with the elbow,VP lex Classical,3203
3204,Indo-Aryan,kī́lati,fastens,Dhātup Epic,3204
3204-2,Indo-Aryan,*kīllati,,,3204
3204-3,Indo-Aryan,*kʰīlati,,,3204
3204-4,Indo-Aryan,*kʰīllati,,,3204
3205,Indo-Aryan,kukr̩tya,evil deed,n Pañcat Classical,3205
3205-2,Indo-Aryan,*kukr̩tiya,,,3205
3206,Indo-Aryan,*kukka,dog,,3206
3208,Indo-Aryan,kukkuṭá,cock,VS Early-Vedic,3208
3209,Indo-Aryan,kukkuṭa-,the potherb Marsilla quadrifolia,,3209
3210,Indo-Aryan,kukkubʰa,the wild cock Phasianus gallus,m MBh Epic,3210
3212,Indo-Aryan,*kukkusa,chaff,,3212
3213,Indo-Aryan,kukṣí,belly,m RV Early-Vedic,3213
3214,Indo-Aryan,kuŋkuma,"saffron, Crocus sativus",n Suśr Classical,3214
3216,Indo-Aryan,kuca,"female breast, teat",Suśr Classical,3216
3216-2,Indo-Aryan,*kucca,,,3216
3217,Indo-Aryan,kucika,a kind of fish like an eel,m lex,3217
3217-2,Indo-Aryan,kuñcikā,,,3217
3218,Indo-Aryan,kucēla,a wretched garment; rag,n Mn Car Epic,3218
3219,Indo-Aryan,*kuccura,dog,,3219
3220,Indo-Aryan,*kuccʰadya,ill-seeming,,3220
3221,Indo-Aryan,*kucyatē,,pass,3221
3222,Indo-Aryan,*kujjati,rots,,3222
3223,Indo-Aryan,*kuñca,"curve, bend",,3223
3224,Indo-Aryan,kuñcatē,bends oneself,Suśr Classical,3224
3224-2,Indo-Aryan,kuñcita,"bent, curled",MBh Epic,3224
3225,Indo-Aryan,kuñcikā,key,Bhartr̥ Classical,3225
3225-2,Indo-Aryan,*kōñcikā,,,3225
3227,Indo-Aryan,kuṭa,"water-pot, pitcher",,3227
3227-2,Indo-Aryan,*kuṭava,,,3227
3227-3,Indo-Aryan,*kōṭa,,,3227
3228,Indo-Aryan,kuṭa,tree,,3228
3229,Indo-Aryan,kuṭaja,the tree Wrightia antidysenterica (the seeds of which are used as a febrifuge),m MBh Epic,3229
3230,Indo-Aryan,kuṭi,curve,,3230
3232,Indo-Aryan,kuṭī,hut,f MBh Epic,3232
3233,Indo-Aryan,kuṭumba,household,n ChUp Early-Vedic,3233
3233-2,Indo-Aryan,kuṭumbaka,,m,3233
3235,Indo-Aryan,kuṭumbin,householder,m Mn Epic,3235
3236,Indo-Aryan,kuṭṭa,"breaking, cutting",,3236
3236-2,Indo-Aryan,*kōṭṭa,,,3236
3237,Indo-Aryan,*kuṭṭa,"broken, beaten",,3237
3237-2,Indo-Aryan,*kuṭṭakk-,"broken, beaten",ext:kk,3237-2
3238,Indo-Aryan,*kuṭṭa,defective,,3238
3239,Indo-Aryan,kuṭṭana,"cutting, pounding, threshing",n BhP Medieval,3239
3239-2,Indo-Aryan,*kōṭṭana,,,3239
324,Indo-Aryan,anupatana,"falling on, following",MW,324
3240,Indo-Aryan,kuṭṭanī,bawd,f BhP Medieval,3240
3241,Indo-Aryan,kuṭṭáyati,"crushes, grinds; pounds",VarBr̥S Classical,3241
3241-2,Indo-Aryan,*kōṭṭayati,,,3241
3243,Indo-Aryan,*kuṭṭʰa,knee,,3243
3244,Indo-Aryan,kuṭʰāra,axe,m R Epic,3244
3245,Indo-Aryan,*kuḍa,"boy, son",,3245
3248,Indo-Aryan,*kuḍḍʰa,defective,,3248
3249,Indo-Aryan,*kuḍma,bud,,3249
325,Indo-Aryan,*anupānaha,shoeless,,325
3250,Indo-Aryan,kuḍmalá,filled with buds; bud,MBh BhP Epic Medieval,3250
3250-2,Indo-Aryan,kuṭmalá,,,3250
3251,Indo-Aryan,kuḍya,wall; plastering (a wall),n Yājñ lex Classical,3251
3251-2,Indo-Aryan,*kuḍiya,,,3251
3251-3,Indo-Aryan,*kuḍa-,,,3251
3251-4,Indo-Aryan,kudya,,,3251
3256,Indo-Aryan,kuṇáti,"makes a certain noise, is in pain",Dhātup Epic,3256
3257,Indo-Aryan,kúṇapa,corpse,n AV Early-Vedic,3257
3259,Indo-Aryan,kuṇi,defective in having a bent or withered arm or a hand without fingers,MBh Epic,3259
3260,Indo-Aryan,*kuṇṭa,defective,,3260
3261,Indo-Aryan,kuṇṭʰa,"blunt, dull, stupid, lazy",MBh Epic,3261
3262,Indo-Aryan,kúṇṭʰati,"is lame, is blunted",Dhātup Epic,3262
3264,Indo-Aryan,kuṇḍá,"bowl, waterpot; basin of water, pit",KātyŚr MBh Early-Vedic Epic,3264
3264-2,Indo-Aryan,*gōṇḍa,,,3264
3265,Indo-Aryan,kuṇḍa,son of a woman during husband's life by another man,,3265
3266,Indo-Aryan,kuṇḍa,clump,,3266
3267,Indo-Aryan,*kuṇḍaka,"husks, bran",,3267
3268,Indo-Aryan,kuṇḍalá,"ring, ear-ring; bracelet; coil of a rope",ĀśvGr̥ Śiś lex Early-Vedic Classical,3268
3268-2,Indo-Aryan,*kōṇḍala,,,3268
3268-3,Indo-Aryan,*guṇḍala,,,3268
3268-4,Indo-Aryan,*gundala,,,3268
3269,Indo-Aryan,kuṇḍalākāra,circular,MW,3269
3271,Indo-Aryan,kútaḣ,whence?; where?,RV R Early-Vedic Epic,3271
3273,Indo-Aryan,kutū,leather oil vessel,f Pāṇ Epic,3273
3275,Indo-Aryan,*kutta,dog,,3275
3277,Indo-Aryan,*kuttira,dog,,3277
3278,Indo-Aryan,*kuttūra,puppy,,3278
328,Indo-Aryan,anumā́na,"inference, thought",n Mn Epic,328
3280,Indo-Aryan,*kuttʰa,defective,,3280
3281,Indo-Aryan,kutsáyati,"abuses, blames",MBh Epic,3281
3282,Indo-Aryan,*kutʰati,rots,,3282
3283,Indo-Aryan,kutʰnā́ti,pains,Dhātup Epic,3283
3284,Indo-Aryan,kútʰyati,stinks,Dhātup Epic,3284
3286,Indo-Aryan,kuddāla,a kind of spade or mattock,,3286
3286-2,Indo-Aryan,*kōddāla,,,3286
3286-3,Indo-Aryan,kuḍḍāla,spade,Apte,3286
3287,Indo-Aryan,kuddāla-,,,3287
3287-2,Indo-Aryan,kōvidāra,,m,3287
3289,Indo-Aryan,kunta,spear,,3289
3289-2,Indo-Aryan,*kōnta,,,3289
3290,Indo-Aryan,*kunta,defective,,3290
3291,Indo-Aryan,kuntalikā,a partic. kind of plant,f Suśr Classical,3291
3292,Indo-Aryan,*kuntʰa,"groan, grunt",,3292
3293,Indo-Aryan,*kuntʰa,defective,,3293
3294,Indo-Aryan,kúntʰati,"pains, suffers pain",Dhātup Epic,3294
3295,Indo-Aryan,kunda,a turner's lathe,lex,3295
3297,Indo-Aryan,kundakara,turner,m W,3297
3299,Indo-Aryan,kúpyati,is agitated; is angry,Suśr MBh Classical Epic,3299
33,Indo-Aryan,*akṣapuṭa,collar-bone,,33
3300,Indo-Aryan,kubjá,humpbacked,VS Early-Vedic,3300
3301,Indo-Aryan,*kubba,hump,,3301
3301-2,Indo-Aryan,*kubbaḍa-,hump,ext:ḍa,3301-2
3303,Indo-Aryan,kumārá,boy; prince,m RV Early-Vedic,3303
3305,Indo-Aryan,kúmuda,esculent white waterlily,n AV Early-Vedic,3305
3305-2,Indo-Aryan,kumudiká,pertaining to waterlilies; *waterlily,Pāṇ Epic,3305
3308,Indo-Aryan,kumbʰá,"jar, pot",RV Early-Vedic,3308
3308-2,Indo-Aryan,*kʰumbʰa,,,3308
3310,Indo-Aryan,kumbʰakāra,potter,m Yājñ Classical,3310
3315,Indo-Aryan,kumbʰā,harlot,f,3315
3317,Indo-Aryan,kumbʰīra,"crocodile, long-nosed alligator",m MBh Epic,3317
3319,Indo-Aryan,*kura,scraping,,3319
3320,Indo-Aryan,kuraŋgá,antelope,MBh Epic,3320
3325,Indo-Aryan,*kurasya,with poor juice,,3325
3328,Indo-Aryan,kuruvinda,"ruby; black salt, the stone cinnabar",m Suśr lex Classical,3328
3329,Indo-Aryan,kurkurá,dog,m AV Early-Vedic,3329
3329-2,Indo-Aryan,*kuŋkara,,,3329
3330,Indo-Aryan,kúla,"herd, troop; race, family; noble family; house",n RV Pāṇ Mn MBh Early-Vedic Epic,3330
3331,Indo-Aryan,kulaka,stone of a fruit,n Car Epic,3331
3334,Indo-Aryan,*kulati,hurts,,3334
3335,Indo-Aryan,kulattʰa,the pulse Dolichos uniflorus,m MBh Epic,3335
3341,Indo-Aryan,kúlāla,potter,m VS Early-Vedic,3341
3341-2,Indo-Aryan,kaulālá,potter; potter's ware,m VS Early-Vedic,3341
3342,Indo-Aryan,kulika,of good family; kinsman,m Yājñ Classical,3342
3344,Indo-Aryan,*kulī,gargling,,3344
3344-2,Indo-Aryan,*kullī,,,3344
3347,Indo-Aryan,*kululi,outcry,,3347
335,Indo-Aryan,*anuvara,following the bridegroom,,335
3350,Indo-Aryan,kulya,receptacle for burnt bones of a corpse; winnowing basket,n MBh lex Epic,3350
3352,Indo-Aryan,kulyā́,"small river, canal, ditch",f RV Early-Vedic,3352
3352-2,Indo-Aryan,*kūlā,,,3352
3352-3,Indo-Aryan,*kūlyā,,VS Early-Vedic,3352
3353,Indo-Aryan,*kulla,"neck, back, buttock",,3353
3354,Indo-Aryan,*kulla,pot,,3354
3356,Indo-Aryan,kuváya,a partic. kind of bird,m MaitrS Early-Vedic,3356
3357,Indo-Aryan,kuvartman,*bad road,MBh Epic,3357
3361,Indo-Aryan,*kuvēlā,bad time,,3361
3361-2,Indo-Aryan,*kuvēlya,untimely,,3361
3363,Indo-Aryan,kuśá,the grass Poa cynosuroides; rope made of this grass for plough,Mn lex Epic,3363
3364,Indo-Aryan,kuśa,"depraved, mad, inebriate",lex,3364
3365,Indo-Aryan,kúśala,"right, proper; competent, clever; healthy, prosperous; well-being",AitBr ChUp R TUp Early-Vedic Epic,3365
3367,Indo-Aryan,kuśī́,small wooden pin used to mark in recitation; do. of metal; ploughshare,f MaitrS ŚBr lex Early-Vedic,3367
3369,Indo-Aryan,kuṣáti,"*strikes, *kills",BhP Medieval,3369
3369-2,Indo-Aryan,*kuṣṭa,,,3369
3370,Indo-Aryan,kúṣṭʰa,"the plant Costus speciosus (used as a medicine for <i>takmán</i>-, a wasting disease with skin eruptions)",AV Early-Vedic,3370
3370-2,Indo-Aryan,*kōṭṭʰa,,,3370
3370-3,Indo-Aryan,*kuṭʰa,,,3370
3371,Indo-Aryan,kúṣṭʰa,leprosy,Suśr Classical,3371
3371-2,Indo-Aryan,*kōṭṭʰa,,,3371
3371-3,Indo-Aryan,kōṭʰa,a kind of leprosy with large round spots,m Suśr Classical,3371
3371-4,Indo-Aryan,*kuṭʰa,,,3371
3373,Indo-Aryan,kuṣṭʰín,leprous,ĀśvGr̥ Early-Vedic,3373
3373-2,Indo-Aryan,*kōṭṭʰin,,,3373
3373-3,Indo-Aryan,*kōṭʰin,,,3373
3373-4,Indo-Aryan,*kuṭʰin,,,3373
3374,Indo-Aryan,kuṣmāṇḍa,the pumpkin-gourd Beninkasa cerifera,m MBh Epic,3374
3374-2,Indo-Aryan,*kōhaṇḍa,,,3374
3374-3,Indo-Aryan,*kōhala,,,3374
3375,Indo-Aryan,kuṣyatē,is struck,,3375
3378,Indo-Aryan,kusúmbʰa,safflower or Carthamus tinctorius; saffron or Crocus sativus,m Suśr lex Classical,3378
3379,Indo-Aryan,kusūla,granary for rice or other grain,m BhP Medieval,3379
3380,Indo-Aryan,kustumbarī,coriander,f Suśr Classical,3380
3380-2,Indo-Aryan,*kōstambarī,,,3380
3381,Indo-Aryan,kustrī,a bad wife,f Kathās Medieval,3381
3382,Indo-Aryan,*kustʰa,out of place,,3382
3384,Indo-Aryan,kúha,where?,RV Early-Vedic,3384
3385,Indo-Aryan,kuha,cheat,,3385
3386,Indo-Aryan,*kuha,"fog, mist",,3386
3387,Indo-Aryan,kuhana,"envious, hypocritical",,3387
3388,Indo-Aryan,*kuharayati,coos,,3388
3389,Indo-Aryan,*kuhavarṣa,misty rain,,3389
3390,Indo-Aryan,*kūkkati,screams,,3390
3390-2,Indo-Aryan,*kūkkā,scream,,3390
3392,Indo-Aryan,kūṭa,"heap, multitude",MBh Epic,3392
3395,Indo-Aryan,kūṭa,"base (of coins); false, untrue",,3395
3399,Indo-Aryan,kūḍayati,burns,,3399
3400,Indo-Aryan,kū́pa,"hole, hollow, cave; pit, well",RV Early-Vedic,3400
3402,Indo-Aryan,kūpa,,,3402
3402-2,Indo-Aryan,*kumpa,,,3402
3402-3,Indo-Aryan,*kuppa,,,3402
3407,Indo-Aryan,kū́pya,being in a hole,VS Early-Vedic,3407
3408,Indo-Aryan,kūrcá,"bunch, bundle of grass",m TS Early-Vedic,3408
3412,Indo-Aryan,kū́rdati,"leaps, jumps",MBh Epic,3412
3413,Indo-Aryan,kūrpara,elbow; knee,m Suśr lex Classical,3413
3414,Indo-Aryan,kūrmá,tortoise,VS Early-Vedic,3414
3415,Indo-Aryan,*kūrma,roof,,3415
3415-2,Indo-Aryan,*kaurma,,,3415
3416,Indo-Aryan,kū́la,"declivity; shore; heap, mound",RV ŚBr Car Early-Vedic Epic,3416
3418,Indo-Aryan,kr̩kalāsá,chameleon,m TS Early-Vedic,3418
3418-2,Indo-Aryan,*kr̩kkalāsa,,,3418
3418-3,Indo-Aryan,*kr̩kkala,,,3418
3418-4,Indo-Aryan,*kr̩kaṇṭaka,,,3418
3419,Indo-Aryan,kr̩kāṭikā,joint of neck,f Suśr Classical,3419
342,Indo-Aryan,anuhāra,resemblance,m lex,342
3420-2,Indo-Aryan,*kr̩ccʰraḍa-,"painful, miserable; difficulty, trouble, danger",ext:ḍa,3420-2
3425,Indo-Aryan,kr̩tí,knife or dagger,RV Early-Vedic,3425
3426,Indo-Aryan,kŕ̩tti,"skin, hide",f RV Early-Vedic,3426
3429,Indo-Aryan,*kr̩tyagʰarikā,court-house,,3429
343,Indo-Aryan,anūpá,pond; watery place; bank of river,m RV Mn lex Early-Vedic Epic,343
3432,Indo-Aryan,kr̩ntáti,cuts,RV Early-Vedic,3432
3434,Indo-Aryan,kr̩ntana,cutting off,BhP Medieval,3434
3436,Indo-Aryan,kr̩paṇá,miserable,ŚBr Early-Vedic,3436
3437,Indo-Aryan,kr̩pā́,pity,f MBh Epic,3437
3438,Indo-Aryan,kŕ̩mi,"worm, insect",,3438
3440a,Indo-Aryan,kr̩muká,,,3440a
3440a-2,Indo-Aryan,*kr̩mbuka,,,3440a
3441,Indo-Aryan,kr̩śá,"lean, thin",RV Early-Vedic,3441
3444,Indo-Aryan,kŕ̩ṣaka,ploughman,m Cāṇ,3444
3445,Indo-Aryan,*kr̩ṣaṇa,"pulling, ploughing",,3445
3446,Indo-Aryan,kr̩ṣáti,ploughs,RV Early-Vedic,3446
3446-2,Indo-Aryan,*kr̩ṣyati,,,3446
3447,Indo-Aryan,kr̩ṣāṇa,ploughing,Yājñ Classical,3447
3448,Indo-Aryan,kr̩ṣí,ploughing,f RV Early-Vedic,3448
3451,Indo-Aryan,kr̩ṣṇá,"dark blue, black",RV Early-Vedic,3451
3455,Indo-Aryan,kr̩ṣya,to be ploughed,Kālid Classical,3455
3458,Indo-Aryan,kēkā,peacock's cry,f MBh Epic,3458
3459,Indo-Aryan,*kēñcuka,worm,,3459
346,Indo-Aryan,anēnás,"sinless, blameless",,346
3460,Indo-Aryan,*kēṭṭa,child,,3460
3463,Indo-Aryan,kēdāra,field (esp. one under water),m Mn Epic,3463
3467,Indo-Aryan,*kērayati,scatters,,3467
3467-2,Indo-Aryan,kēláyati,"throws, sends",Dhātup Epic,3467
3469,Indo-Aryan,kēvárta,fisherman,m VS Early-Vedic,3469
3469-2,Indo-Aryan,*kēvāṭa,,,3469
347,Indo-Aryan,ánta,"end, border, proximity; inside",m RV R Early-Vedic Epic,347
3470,Indo-Aryan,kḗvala,"exclusively one's own, alone",RV Early-Vedic,3470
3471,Indo-Aryan,kḗśa,hair of the head,m AV Early-Vedic,3471
3474,Indo-Aryan,kḗsara,"hair (of brow); hair; mane, filament of lotus and other plants; fibre (of mango)",n VS ŚBr R Suśr Early-Vedic Epic Classical,3474
3475,Indo-Aryan,kēsarin,maned; lion,m MBh Epic,3475
3476,Indo-Aryan,*kaiḍikā,a small sheep,,3476
3477,Indo-Aryan,kaitava,stake in gambling; deceit,n MBh R Epic,3477
3480,Indo-Aryan,kaiśya,hair,n Pāṇ Epic,3480
3481,Indo-Aryan,kṓka,wolf,m R Epic,3481
3482,Indo-Aryan,*kōkāŋga,having a wolf's body,,3482
3483,Indo-Aryan,kōkilá,the Indian cuckoo Cuculus indicus,,3483
3484,Indo-Aryan,kōkila,"lighted coal, charcoal",lex,3484
3486,Indo-Aryan,*kōkka,nail,,3486
3487,Indo-Aryan,kōŋkaṇa,name of a people on the western shore of the Deccan,m MBh Epic,3487
3488,Indo-Aryan,*kōcayati,contracts,,3488
3489,Indo-Aryan,*kōcc,"thrust, pierce, dig",,3489
3492,Indo-Aryan,*kōṭa,breaking,,3492
3495,Indo-Aryan,kōṭáyatē,breaks,Dhātup Epic,3495
3496,Indo-Aryan,kōṭará,"hollow of a tree; cave, cavity",n MBh BhP Epic Medieval,3496
3497,Indo-Aryan,kṓṭi,"curved end of bow, edge, point of sword",MBh Epic,3497
3500,Indo-Aryan,kōṭṭa,fort,Kathās Medieval,3500
3502,Indo-Aryan,*kōḍamba,pot,,3502
3503,Indo-Aryan,*kōḍi,"a score, twenty",,3503
3504,Indo-Aryan,kōṇa,"corner, angle",m MBh Epic,3504
3508,Indo-Aryan,*kōṇṭʰa,defective,,3508
3509,Indo-Aryan,*kōta,garlic,,3509
3510,Indo-Aryan,*kōttʰa,belly,,3510
3511,Indo-Aryan,*kōttʰala,bag,,3511
3512,Indo-Aryan,*kōtr,dig,,3512
3512-2,Indo-Aryan,*kʰōtr,,,3512
3513,Indo-Aryan,kōtʰa,putrefaction,m Suśr Classical,3513
3514,Indo-Aryan,kōtʰati,rots,abs,3514
3515,Indo-Aryan,kōdrava,Paspalum scrobiculatum (a grain eaten by the poor),m MBh Epic,3515
3517,Indo-Aryan,kō 'paraḥ,,,3517
3517-2,Indo-Aryan,kō 'paraḣ,who else?,nom,3517
3519,Indo-Aryan,*kōppara,"coconut, skull",,3519
352,Indo-Aryan,*antaḣstʰāna,interior organ,,352
3522,Indo-Aryan,*kōbb,strike,,3522
3522-2,Indo-Aryan,*kōmb,,,3522
3523,Indo-Aryan,kōmalá,"tender, soft",R Epic,3523
3524,Indo-Aryan,*kōmʰ,wither,,3524
3524-2,Indo-Aryan,*kurumm,,,3524
3526,Indo-Aryan,*kōra,"fresh, new, unused",,3526
3528,Indo-Aryan,*kōraḍa,whip,,3528
3530,Indo-Aryan,*kōrati,scrapes,,3530
3531,Indo-Aryan,*kōrā,"edge, side, direction",f,3531
3533,Indo-Aryan,*kōla,"curved, crooked",,3533
3534,Indo-Aryan,kōlā́hala,uproar,m R Epic,3534
3535,Indo-Aryan,kōlika,weaver,m,3535
3539,Indo-Aryan,kṓśa,"bucket; case, cover; sheath; storeroom; seed-vessel; inner part of breadfruit",m RV AV MBh Mn R lex Early-Vedic Epic,3539
3540,Indo-Aryan,kōśakāra,maker of scabbards or boxes,R Epic,3540
3541,Indo-Aryan,kōśakāra,a kind of sugarcane,Suśr Classical,3541
3544,Indo-Aryan,*kōṣati,strikes,,3544
3545,Indo-Aryan,kṓṣṭʰa,any one of the large viscera,MBh Epic,3545
3546,Indo-Aryan,kṓṣṭʰa,"pot; granary, storeroom; inner apartment",Kauś MBh lex Early-Vedic Epic,3546
3548,Indo-Aryan,*kōṣṭʰarūpa,like a room,,3548
355,Indo-Aryan,antamá,last,TS Early-Vedic,355
355-2,Indo-Aryan,antimá,,Pāṇ Epic,355
3550,Indo-Aryan,kōṣṭʰāgāra,"storeroom, store",n Mn Epic,3550
3552,Indo-Aryan,*kōṣma,warm,,3552
3553,Indo-Aryan,*kōṣya,to be struck,,3553
3556,Indo-Aryan,kaukṣá,abdominal,,3556
3557,Indo-Aryan,kauṭilya,crookedness; falsehood,n Pāṇ Pañcat Epic Classical,3557
3557-2,Indo-Aryan,*kauṭiliya,,,3557
3558,Indo-Aryan,kauṭumba,necessary for a household; household,ĀśvGr̥ Rājat Early-Vedic Medieval,3558
356,Indo-Aryan,antár,inside,RV Early-Vedic,356
3569,Indo-Aryan,kausumbʰá,prepared with safflower; wild safflower; safflower prepared as a potherb,m lex,3569
357,Indo-Aryan,ántara,"interior, near; neighbouring; the inside",RV ŚBr Mn Early-Vedic Epic,357
3571,Indo-Aryan,krádatē,laments,,3571
3574,Indo-Aryan,krándati,"roars, neighs, laments",RV Early-Vedic,3574
3576,Indo-Aryan,*krapyati,howls,,3576
3579,Indo-Aryan,kramatē,steps,MBh Epic,3579
3581,Indo-Aryan,krayá,purchase,m VS Early-Vedic,3581
3582,Indo-Aryan,*krayakāra,making a bargain,,3582
3585,Indo-Aryan,kravyá,"bloody, raw; raw flesh, carrion",TS Nir Early-Vedic,3585
3585-2,Indo-Aryan,*kraviya,,,3585
3587,Indo-Aryan,kriyā́,work,f KātyŚr Early-Vedic,3587
3589,Indo-Aryan,*kriśnāti,presses,,3589
3590,Indo-Aryan,*kriśyatē,is pressed,,3590
3591,Indo-Aryan,*kriṣṭa,distressed,,3591
3594,Indo-Aryan,krīṇā́ti,buys,RV Early-Vedic,3594
3595,Indo-Aryan,*krukṇa,"curved, twisted",,3595
3597,Indo-Aryan,krúñca,a kind of snipe or curlew,m,3597
3597-2,Indo-Aryan,krauñcá,curlew; osprey,m TS lex Early-Vedic,3597
3598,Indo-Aryan,kruddʰá,irritated,RV Early-Vedic,3598
3598-2,Indo-Aryan,*krūḍʰa,,,3598
3602,Indo-Aryan,krūrá,"bloody, cruel; hard, solid",AV Suśr Early-Vedic Classical,3602
3604,Indo-Aryan,krēya,purchasable,Kāś Classical,3604
3607,Indo-Aryan,krōḍá,"breast, bosom",m AV Early-Vedic,3607
3607-2,Indo-Aryan,kōlá,"breast, lap",lex,3607
3608,Indo-Aryan,krṓdʰa,anger,m AV Early-Vedic,3608
3610,Indo-Aryan,krōdʰin,angry,Suśr Classical,3610
3611,Indo-Aryan,krṓśa,,,3611
3612,Indo-Aryan,krṓśati,cries out,RV Early-Vedic,3612
3614,Indo-Aryan,*krōṣṭā,calling,f,3614
3615,Indo-Aryan,krōṣṭŕ̩,crying; jackal,BhP RV Medieval Early-Vedic,3615
3616,Indo-Aryan,*klava,fear,,3616
3619,Indo-Aryan,*klitta,wet,,3619
3620,Indo-Aryan,klídyati,becomes wet; rots,Suśr Car Classical Epic,3620
3621,Indo-Aryan,klíndati,*becomes wet,Dhātup Epic,3621
3622,Indo-Aryan,klinna,wet; rotted,MBh Car Epic,3622
3623,Indo-Aryan,klíśyatē,is troubled,MBh Epic,3623
3625,Indo-Aryan,klēdayati,wets; laments,Suśr Classical,3625
3626,Indo-Aryan,klēdu,morbid combination of the three humours of the body,m lex,3626
3627,Indo-Aryan,klēśa,distress,m ŚvetUp Epic,3627
3630,Indo-Aryan,klṓman,the right lung; the lungs,m AV VS Early-Vedic,3630
3630-2,Indo-Aryan,*krōman,,,3630
3632,Indo-Aryan,kváṇati,"sounds, hums",Bhaṭṭ Classical,3632
3634,Indo-Aryan,kvatʰá,decoction,m Pāṇ Epic,3634
3635,Indo-Aryan,kvátʰati,boils,Dhātup Epic,3635
3636,Indo-Aryan,kvatʰana,boiling by fire,,3636
3637,Indo-Aryan,kvatʰita,boiled,Mn Epic,3637
364,Indo-Aryan,*antarānta,inside,,364
3640,Indo-Aryan,kvātʰayati,makes boil,Kauś Early-Vedic,3640
3642,Indo-Aryan,kṣaṇa,"the twinkling of an eye, moment, leisure; festival; central space",m MBh Kālid lex Epic Classical,3642
3643,Indo-Aryan,*kṣaṇati,"is sifted, is strained, falls",,3643
3643-2,Indo-Aryan,*kṣata-,,,3643
3643-3,Indo-Aryan,*kṣaṇana,the being sifted etc.,,3643
3643-4,Indo-Aryan,*kṣāṇayati,,,3643
3643-5,Indo-Aryan,*kṣāṇita,,,3643
3643-6,Indo-Aryan,*kṣāṇa-,,,3643
3643-7,Indo-Aryan,*kṣāṇana,,,3643
3646,Indo-Aryan,kṣati,"injury, damage",f MBh Epic,3646
3648,Indo-Aryan,kṣatrá,"might, rule",n RV Early-Vedic,3648
3651,Indo-Aryan,kṣapayati,destroys; throws,MBh Dhātup Epic,3651
3652,Indo-Aryan,kṣapā́,night,,3652
3653,Indo-Aryan,kṣapita,destroyed,BhP Medieval,3653
3655,Indo-Aryan,kṣapyatē,is ruined,MBh Epic,3655
3655-2,Indo-Aryan,*kṣapyatēaya-,is ruined,caus,3655-2
3656,Indo-Aryan,kṣám,earth,instr,3656
3657,Indo-Aryan,kṣámatē,"is patient, endures",RV Early-Vedic,3657
3659,Indo-Aryan,kṣamā,patience,f,3659
3661,Indo-Aryan,kṣayá,"loss, waste",m Mn Epic,3661
3662,Indo-Aryan,kṣará,melting away; cloud; water,n ŚvetUp lex Epic,3662
3662-2,Indo-Aryan,*kṣarā,,f,3662
3663,Indo-Aryan,kṣárati,"trickles; melts away, perishes",RV Mn Early-Vedic Epic,3663
3663-2,Indo-Aryan,*kṣarayati,"trickles; melts away, perishes",caus,3663-2
3664,Indo-Aryan,kṣálati,flows,Dhātup Epic,3664
3665,Indo-Aryan,*kṣāṇa,burnt,,3665
3669,Indo-Aryan,kṣāpáyati,"burns, singes",AV Early-Vedic,3669
367,Indo-Aryan,antarāla,intermediate space,n Pāṇ Epic,367
3670,Indo-Aryan,*kṣāpayati,"destroys, throws away",,3670
3671,Indo-Aryan,kṣāmá,"charring; scorched; dried up, emaciated; weak, debilitated",MaitrS KātyŚr Yājñ R Early-Vedic Classical Epic,3671
3672,Indo-Aryan,kṣāmayatē,bears patiently; asks pardon for,R MBh Epic,3672
3674,Indo-Aryan,kṣārá,corrosive; alkali; any corrosive substance,R Yājñ lex Epic Classical,3674
3675,Indo-Aryan,kṣāra,"*flowing; juice, essence; treacle",m W lex,3675
3676,Indo-Aryan,*kṣārakūṭa,ash-heap,,3676
3679,Indo-Aryan,kṣārayati,causes to flow,,3679
3682,Indo-Aryan,kṣipaṇí,"rapid movement (?), stroke of a whip",f RV Early-Vedic,3682
3684,Indo-Aryan,kṣipā,act of throwing,f Pāṇ Epic,3684
3687,Indo-Aryan,kṣípyati,throws,Bhaṭṭ Classical,3687
3687-2,Indo-Aryan,kṣipyatē,,,3687
3688,Indo-Aryan,kṣiprá,springing (of a bow); quick,RV ŚBr Early-Vedic,3688
3689,Indo-Aryan,*kṣirati,flows,,3689
3690,Indo-Aryan,kṣīṇá,worn away; feeble,ŚBr Mn Early-Vedic Epic,3690
3694,Indo-Aryan,kṣība,,,3694
3695,Indo-Aryan,kṣīyátē,"is worn away, is injured",RV Early-Vedic,3695
3696,Indo-Aryan,kṣīrá,"milk, thickened milk",n RV Early-Vedic,3696
3697,Indo-Aryan,kṣīraka,name of a fragrant plant,m lex,3697
370,Indo-Aryan,antárēti,"comes between, separates",RV Early-Vedic,370
3700,Indo-Aryan,kṣīrávant,furnished with milk,AV Early-Vedic,3700
3700-2,Indo-Aryan,kṣīrávat,,,3700
3700-3,Indo-Aryan,kṣīravatī,,f,3700
3704,Indo-Aryan,kṣīrín,yielding milk,,3704
3705,Indo-Aryan,kṣīrī,a dish prepared with milk,,3705
3706,Indo-Aryan,*kṣuṭati,gets loose,,3706
3707,Indo-Aryan,*kṣuṭyatē,is released,,3707
3708,Indo-Aryan,kṣuṇṇa,"stamped on, pulverized, pierced; practised",MBh Suśr Epic Classical,3708
3709,Indo-Aryan,*kṣutta,crushed,,3709
3709-2,Indo-Aryan,*kṣuttikā,powder,,3709
3710,Indo-Aryan,*kṣudati,crushes,,3710
3711,Indo-Aryan,*kṣudyatē,is crushed,,3711
3712,Indo-Aryan,kṣudrá,minute; particle of dust or flour,AV RV Early-Vedic,3712
3715,Indo-Aryan,kṣudralá,"small, insignificant",,3715
3716,Indo-Aryan,kṣudʰā,hunger,f MBh Epic,3716
3716-2,Indo-Aryan,*kṣudʰikā,,f,3716
3716-3,Indo-Aryan,*kṣudʰin,hungry,ChUp Early-Vedic,3716
3717,Indo-Aryan,*kṣundati,crushes,,3717
3718,Indo-Aryan,kṣupa,"bush, shrub",m Yājñ Classical,3718
3719,Indo-Aryan,*kṣupyatē,is pressed,,3719
3721,Indo-Aryan,*kṣubʰati,shakes,,3721
3723,Indo-Aryan,kṣúbʰyati,"shakes, trembles",MBh Epic,3723
3724,Indo-Aryan,kṣúmpa,"toadstool, mushroom",RV Early-Vedic,3724
3725,Indo-Aryan,*kṣumbati,smiles,,3725
3726,Indo-Aryan,*kṣumbʰati,shakes,,3726
3727,Indo-Aryan,kṣurá,razor; sharp barb of arrow,m RV R Early-Vedic Epic,3727
3729,Indo-Aryan,kṣuráti,"cuts, scratches, digs",,3729
3730,Indo-Aryan,kṣurapra,sharp-edged like a razor; sharp-edged arrow; sharp-edged knife; a sort of hoe,BhP MBh Pañcat lex Medieval Epic Classical,3730
3735,Indo-Aryan,kṣḗtra,land,n RV Early-Vedic,3735
3736,Indo-Aryan,kṣētrin,owner of a field,,3736
3737,Indo-Aryan,kṣētriyá,meadow grass; environs of a place,n pl AV Early-Vedic,3737
3738,Indo-Aryan,kṣēpa,sending; clap (of wings); stretching (legs),m lex R Suśr Epic Classical,3738
3740,Indo-Aryan,kṣēpaṇī,sling; oar,f R lex Epic,3740
3741,Indo-Aryan,kṣēpayati,causes to be thrown,R Epic,3741
3742,Indo-Aryan,kṣēpya,to be thrown into,Suśr Classical,3742
3744,Indo-Aryan,kṣēpyatē,"is thrown, is passed (of time)",Kathās Medieval,3744
3746a,Indo-Aryan,*kṣairaka,milky,,3746a
3747,Indo-Aryan,kṣōṭayati,throws,Dhātup Epic,3747
3748,Indo-Aryan,kṣōḍa,post to which an elephant is fastened,m lex,3748
3751,Indo-Aryan,kṣōbʰa,agitation,m MBh Epic,3751
3752,Indo-Aryan,kṣōbʰayati,causes to shake,MBh Epic,3752
3752-2,Indo-Aryan,kṣōbʰita,,,3752
3752-3,Indo-Aryan,kṣōbʰyatē,,,3752
3753,Indo-Aryan,*kṣōrayati,scrapes,,3753
3754,Indo-Aryan,kṣáuti,sneezes,Gaut Early-Vedic,3754
3756,Indo-Aryan,kṣaura,performed with a razor; shaving,VarBr̥S Hit Classical Medieval,3756
376,Indo-Aryan,antastya,intestines,n AitBr Early-Vedic,376
3760,Indo-Aryan,*kʰa-ul,be heated,,3760
3762,Indo-Aryan,*kʰakkʰālayati,rinses,,3762
3762-2,Indo-Aryan,*kʰaŋkʰālayati,,,3762
3763,Indo-Aryan,*kʰaŋkʰ,"cough, hawk",,3763
3763-2,Indo-Aryan,*kʰaŋkʰār,,,3763
3765,Indo-Aryan,*kʰaccara,mule,,3765
3765-2,Indo-Aryan,*kaccara-,,,3765
3766,Indo-Aryan,*kʰacyatē,"be set, be studded",,3766
3769,Indo-Aryan,kʰaṭa,thatching grass,m,3769
377,Indo-Aryan,antiká,near; nearness,n,377
3770,Indo-Aryan,kʰaṭakkikā,side door,,3770
3771,Indo-Aryan,kʰaṭakʰaṭāyatē,crackles,Mr̥cch Classical,3771
3772,Indo-Aryan,kʰáṭati,wishes,Dhātup Epic,3772
3775,Indo-Aryan,kʰaṭū,,,3775
3775-2,Indo-Aryan,*kʰaṭṭū,,,3775
3775-3,Indo-Aryan,kʰaḍḍukā,,f,3775
3777,Indo-Aryan,kʰaṭṭa,sour,Gal,3777
3778,Indo-Aryan,*kʰaṭṭa,"wound, sore",,3778
3779,Indo-Aryan,kʰaṭṭáyati,hides; *overcomes,Dhātup Epic,3779
3780,Indo-Aryan,kʰaṭṭāśa,civet-cat,m,3780
3781,Indo-Aryan,kʰáṭvā,bedstead,f Kauś Early-Vedic,3781
3782,Indo-Aryan,kʰaṭvāŋga,*leg of a bed,Gaut Early-Vedic,3782
3784,Indo-Aryan,kʰaḍaka,"*erect; bolt, post",m KātyŚr Early-Vedic,3784
3784-2,Indo-Aryan,*kʰaḍati,stands,,3784
3784-3,Indo-Aryan,*kʰāḍayati,makes stand,,3784
3785,Indo-Aryan,kʰaḍū,bier,lex,3785
3785-2,Indo-Aryan,kʰaṭṭi,,m,3785
3786,Indo-Aryan,kʰaḍgá,rhinoceros,MaitrS Early-Vedic,3786
3786-2,Indo-Aryan,kʰāḍga,coming from a rhinoceros,ŚāṅkhŚr Late-Vedic,3786
3786-3,Indo-Aryan,*kʰāḍgin,,,3786
3787,Indo-Aryan,kʰaḍgá,sword,MBh Epic,3787
3790,Indo-Aryan,*kʰaḍḍa,"hole, pit",,3790
3791,Indo-Aryan,kʰaṇakʰaṇāyatē,"cracks, tinkles",BhP Medieval,3791
3792,Indo-Aryan,kʰaṇḍá,"broken, crippled; having gaps or chasms; fragment",VarBr̥S Suśr R Classical Epic,3792
3792-2,Indo-Aryan,*kʰaṇḍara-,"broken, crippled; having gaps or chasms; fragment",ext:ra,3792-2
3793,Indo-Aryan,*kʰaṇḍaka,sword,,3793
3794,Indo-Aryan,*kʰaṇḍagʰara,ruined house,,3794
3795,Indo-Aryan,kʰáṇḍatē,breaks,Dhātup Epic,3795
3796,Indo-Aryan,kʰaṇḍana,breaking,n Hit Medieval,3796
3797,Indo-Aryan,kʰaṇḍitá,broken (esp. of teeth),Pañcat Classical,3797
38,Indo-Aryan,akṣára,"indestructible; word, syllable; letter of the devanāgarī syllabary",n RV Early-Vedic,38
380,Indo-Aryan,*antra,inner,,380
380-2,Indo-Aryan,*antrima,,,380
3800,Indo-Aryan,kʰaṇḍu,sugar,W,3800
3801,Indo-Aryan,*kʰaṇḍu,cloth,,3801
3801-2,Indo-Aryan,*kʰaṇḍī,,,3801
3802,Indo-Aryan,*kʰaṇḍuśālā,sugar factory,,3802
3803,Indo-Aryan,*kʰadakʰada,bubbling noise,,3803
3806,Indo-Aryan,kʰadiraká,,Pāṇ Epic,3806
3807,Indo-Aryan,*kʰadd,drive away,,3807
3808,Indo-Aryan,*kʰadda,coarse cloth,,3808
3808-2,Indo-Aryan,*kʰaddara,,,3808
3809,Indo-Aryan,kʰadyōta,firefly,m ChUp Early-Vedic,3809
3809-2,Indo-Aryan,*kadyōta,,,3809
3809-3,Indo-Aryan,*kajvala,,,3809
381,Indo-Aryan,*anda-,binding,,381
381-2,Indo-Aryan,*andana,binding,,381
3810,Indo-Aryan,kʰaná,digging,AV Early-Vedic,3810
3811,Indo-Aryan,kʰánati,digs,RV Early-Vedic,3811
3811-2,Indo-Aryan,kʰānayati,causes to dig,ŚāṅkhŚr Late-Vedic,3811
3813,Indo-Aryan,kʰaní,digging up; mine,AV VarBr̥S Early-Vedic Classical,3813
3814,Indo-Aryan,kʰanítra,digging tool,n RV Early-Vedic,3814
3816,Indo-Aryan,*kʰappa,cover,,3816
3817,Indo-Aryan,*kʰappa,hole,,3817
3818,Indo-Aryan,kʰara,donkey,KātyŚr Early-Vedic,3818
3819,Indo-Aryan,kʰára,"hard, sharp, pungent; solid; hot (of wind)",MBh Suśr Epic Classical,3819
3823,Indo-Aryan,*kʰarabʰaka,hare,,3823
3827,Indo-Aryan,kʰarju,"itching, scratching, scab",,3827
3828,Indo-Aryan,kʰarjū́ra,the date-palm Phoenix sylvestris; its fruit,m TS Kathās Early-Vedic Medieval,3828
3828-2,Indo-Aryan,kʰarju,wild date tree,lex,3828
3829,Indo-Aryan,kʰarjūraka,scorpion,m Vasantar,3829
3831,Indo-Aryan,kʰarpara,skull,m lex,3831
3831-2,Indo-Aryan,*kʰampa,,,3831
3832,Indo-Aryan,kʰarvá,"mutilated, imperfect; dwarfish",RV TS lex Early-Vedic,3832
3834,Indo-Aryan,kʰála,threshing floor,,3834
3836,Indo-Aryan,kʰalakʰalāyatē,makes a noise,Cāṇ,3836
3837,Indo-Aryan,kʰálati,shakes,Nir Early-Vedic,3837
3837-2,Indo-Aryan,*kʰalabʰala,,,3837
3838,Indo-Aryan,*kʰalati,rises,,3838
3838-2,Indo-Aryan,*kʰālayati,,,3838
3839,Indo-Aryan,kʰaladʰāna,threshing floor,n lex,3839
3839-2,Indo-Aryan,kʰalēdʰānī,post of a threshing floor,f lex,3839
384,Indo-Aryan,andōláyati,swings,Dhātup Epic,384
3840,Indo-Aryan,kʰalapū́,one who cleans the threshing floor,m Pāṇ Epic,3840
3843,Indo-Aryan,*kʰalavāṭa,enclosure for threshing floor,,3843
3848,Indo-Aryan,kʰalla,"leather, leathern garment; little case of rolled paper &amp;c.",lex Suśr Classical,3848
3848-2,Indo-Aryan,*kʰallaḍ-,"leather, leathern garment; little case of rolled paper &amp;c.",ext:ḍ,3848-2
3849,Indo-Aryan,kʰalla,"trench, creek, canal",lex,3849
3849-2,Indo-Aryan,*kʰāla,,,3849
3849-3,Indo-Aryan,*kʰala,,,3849
385,Indo-Aryan,andʰá,blind; darkness,RV MBh Early-Vedic Epic,385
3851,Indo-Aryan,kʰalva,,,3851
3851-2,Indo-Aryan,*kʰaralla,,,3851
3852,Indo-Aryan,*kʰavaka,shoulder-blade,,3852
3854,Indo-Aryan,kʰasa,"itch, scab",,3854
3855,Indo-Aryan,*kʰasa,rough,,3855
3855-2,Indo-Aryan,*kʰasara,,,3855
3856,Indo-Aryan,*kʰasati,"falls, slips",,3856
3857,Indo-Aryan,*kʰasati,rises,,3857
3857-2,Indo-Aryan,*kʰasta,,,3857
3857-3,Indo-Aryan,*kʰāsayati,,,3857
3858,Indo-Aryan,*kʰass,snatch,,3858
386,Indo-Aryan,andʰakāra,darkness,m R Epic,386
386-2,Indo-Aryan,*andʰikāra,,,386
386-3,Indo-Aryan,*andʰīkāra,,,386
3860,Indo-Aryan,*kʰāḍa,a hollow,,3860
3862,Indo-Aryan,kʰātá,"dug up; ditch, pond",RV ŚBr Early-Vedic,3862
3862-2,Indo-Aryan,kʰātikā,ditch,f,3862
3863,Indo-Aryan,kʰā́tra,"hole; pond, spade",n Uṇ,3863
3864,Indo-Aryan,kʰādá,food,m AV Early-Vedic,3864
3865,Indo-Aryan,kʰā́dati,"chews, bites; eats",RV ŚBr Early-Vedic,3865
3865-2,Indo-Aryan,kʰāditá,,ŚBr Early-Vedic,3865
3865-3,Indo-Aryan,kʰādayati,,Mn Epic,3865
3865-4,Indo-Aryan,kʰādyatē,,Mr̥cch Classical,3865
3867,Indo-Aryan,kʰādana,eating; food,n Vop R Medieval Epic,3867
3869,Indo-Aryan,*kʰādanāntra,,,3869
386a,Indo-Aryan,*andʰakāratamasikā,darkness,,386a
387,Indo-Aryan,*andʰatamisrikā,complete darkness of the soul,,387
3871,Indo-Aryan,kʰāduka,*biting,lex,3871
3872,Indo-Aryan,kʰādya,to be eaten; food,n MBh Epic,3872
3873,Indo-Aryan,kʰāni,,,3873
3874,Indo-Aryan,kʰānya,anything being dug out,Pāṇ Epic,3874
3875,Indo-Aryan,kʰārá,a partic. measure,m lex,3875
3876,Indo-Aryan,kʰā́rīka,sown with a <i>khārī</i> of grain,Pāṇ Epic,3876
3878,Indo-Aryan,kʰiŋkʰira,fox,m,3878
3880,Indo-Aryan,kʰiccā,dish of rice and peas,,3880
3880-2,Indo-Aryan,*kʰiccaḍ-,dish of rice and peas,ext:ḍ,3880-2
3881,Indo-Aryan,*kʰiñc,"to drag, pull",,3881
3881-2,Indo-Aryan,*kʰēñc,,,3881
3881-3,Indo-Aryan,*kʰaiñc,,,3881
3882,Indo-Aryan,*kʰiḍ,"be open, expand",,3882
3882-2,Indo-Aryan,*kʰiḍḍ,,,3882
3882-3,Indo-Aryan,*kʰiṇḍ,,,3882
3882-4,Indo-Aryan,*kʰil,,,3882
3882-5,Indo-Aryan,*kʰill,,,3882
3882-6,Indo-Aryan,*kʰēḍ,"open up, plough",tr,3882
3884,Indo-Aryan,kʰídyatē,is depressed,R Epic,3884
3884-2,Indo-Aryan,kʰinna,wearied,MBh Epic,3884
3885,Indo-Aryan,kʰilá,unploughed land,AV Early-Vedic,3885
3885-2,Indo-Aryan,kʰilyá,,m,3885
3886,Indo-Aryan,*kʰila,"lump, boil",,3886
3886-2,Indo-Aryan,*kʰilla,,,3886
3886-3,Indo-Aryan,*killa,,,3886
3887,Indo-Aryan,*kʰilli,roll esp. of betel leaf,,3887
3888,Indo-Aryan,*kʰis,slip,,3888
3889,Indo-Aryan,*kʰiss,"grin, snarl",,3889
3890,Indo-Aryan,*kʰucc,"pierce, tear",,3890
3890-2,Indo-Aryan,*kʰōcc,,,3890
3890-3,Indo-Aryan,*kʰuñc,,,3890
3890-4,Indo-Aryan,*kʰōñc,,,3890
3892,Indo-Aryan,*kʰuṭati,"breaks, pierces",,3892
3892-2,Indo-Aryan,*kʰuṇṭati,,,3892
3892-3,Indo-Aryan,*kʰuṭ- yatē,,,3892
3892-4,Indo-Aryan,*kʰōṭayati,,,3892
3892-5,Indo-Aryan,kʰúṇḍatē,,,3892
3893,Indo-Aryan,*kʰuṭṭa,"peg, post",,3893
3893-2,Indo-Aryan,*kʰuṇṭa-,,,3893
3894,Indo-Aryan,*kʰuṭṭa,leg,,3894
3895,Indo-Aryan,*kʰuṭṭa,defective,,3895
3897,Indo-Aryan,*kʰuḍḍʰa,defective,,3897
3898,Indo-Aryan,*kʰuṇṭa,corner,,3898
3898-2,Indo-Aryan,*kuṇṭa-,,,3898
3899,Indo-Aryan,*kʰuṇṭʰa,defective,,3899
3901,Indo-Aryan,*kʰuṇḍa,defective,,3901
3902,Indo-Aryan,*kʰundʰa,humpbacked,,3902
3904,Indo-Aryan,*kʰubba,hump,,3904
3906,Indo-Aryan,kʰura,hoof,m,3906
3906-2,Indo-Aryan,*kʰuḍa,,Suśr Classical,3906
391,Indo-Aryan,*andʰikāvāta,,,391
3911,Indo-Aryan,kʰuriṇī,*the hoofed (part of foot),,3911
3912,Indo-Aryan,*kʰūha,"pit, well",,3912
3915,Indo-Aryan,kʰēṭa-,shield,,3915
3916,Indo-Aryan,kʰēṭa,village,MBh Epic,3916
3917,Indo-Aryan,kʰēṭa,grass,lex,3917
3918,Indo-Aryan,*kʰēḍ,play,,3918
3918-2,Indo-Aryan,*kʰēḍḍ,,,3918
3918-3,Indo-Aryan,*kʰiḍḍ-,,,3918
3918-4,Indo-Aryan,*kʰīl,,,3918
3918-5,Indo-Aryan,*kʰill,,,3918
3918-6,Indo-Aryan,*kʰēl,,,3918
3918-7,Indo-Aryan,*kʰēll,,,3918
3918-8,Indo-Aryan,kēl,,,3918
3921,Indo-Aryan,*kʰēdd,"drive, pursue",,3921
3925,Indo-Aryan,*kʰēsārī,lentil,,3925
3925-2,Indo-Aryan,*kēsārī,,,3925
3926,Indo-Aryan,*kʰōkkʰ,"bark, cough",,3926
3927,Indo-Aryan,*kʰōkkʰa,hollow,,3927
3929,Indo-Aryan,*kʰōjja,"mark, footprint",,3929
3929-2,Indo-Aryan,*kʰōjjati,"tracks, seeks",,3929
3929-3,Indo-Aryan,*kʰuddati,,,3929
3930,Indo-Aryan,*kʰōñcā,"curve, bend",,3930
3931,Indo-Aryan,*kʰōṭi,blemish,,3931
3931-2,Indo-Aryan,*kʰōṭṭa,,,3931
3934,Indo-Aryan,*kʰōdd,dig,,3934
3934-2,Indo-Aryan,*kʰōḍḍ,,,3934
3934-3,Indo-Aryan,*kōḍḍ,,,3934
3934-4,Indo-Aryan,*gōdd,,,3934
3934-5,Indo-Aryan,*gōḍḍ,,,3934
3934-6,Indo-Aryan,*guḍḍ,,,3934
3936,Indo-Aryan,*kʰōppa,coconut shell,,3936
3936-2,Indo-Aryan,*kʰōppaḍa,,,3936
3936-3,Indo-Aryan,*kʰōppara,,,3936
3936-4,Indo-Aryan,*kʰōbbara,,,3936
3937,Indo-Aryan,*kʰōppa,hole,,3937
3938,Indo-Aryan,*kʰōppa,hut,,3938
3938-2,Indo-Aryan,*kʰōmpa,,,3938
3941,Indo-Aryan,kʰōra,lame,KātyŚr Early-Vedic,3941
3941-2,Indo-Aryan,kʰōṭa,,,3941
3941-3,Indo-Aryan,*kʰuḍa-,,,3941
3941-4,Indo-Aryan,*kʰuṭṭa,,,3941
3941-5,Indo-Aryan,kʰuṇḍatē,limps,Dhātup Epic,3941
3941-6,Indo-Aryan,*kʰōṇḍa,,,3941
3942,Indo-Aryan,kʰōla,a kind of hat; helmet,Kād lex Medieval,3942
3943,Indo-Aryan,*kʰōla,"cavity, hollow",,3943
3943-2,Indo-Aryan,*kʰōlla-,,,3943
3943-3,Indo-Aryan,*kʰōḍa,,,3943
3943-4,Indo-Aryan,*kʰōra-,,,3943
3944,Indo-Aryan,kʰōli,quiver,f lex,3944
3945,Indo-Aryan,*kʰōll,to open,,3945
3945-2,Indo-Aryan,*kʰull,to be open,,3945
3948,Indo-Aryan,*kʰōsa,husk,,3948
3949,Indo-Aryan,*gakṣa,tree,,3949
395,Indo-Aryan,ánna,"food; cooked rice, corn in general",n RV Mn Early-Vedic Epic,395
395-2,Indo-Aryan,*anda,,,395
3950,Indo-Aryan,gagana,atmosphere,,3950
3951,Indo-Aryan,*gaŋgarīti,calls loudly,,3951
3952,Indo-Aryan,gáŋgā,the river Ganges,f RV Early-Vedic,3952
3953,Indo-Aryan,*gaŋgāmr̩ttikā,Ganges earth,,3953
3954,Indo-Aryan,*gacca,mud,,3954
3955,Indo-Aryan,gáccʰati,goes; falls to the share of; understands,RV Mn MBh Early-Vedic Epic,3955
3957,Indo-Aryan,gajavara,best of elephants,m,3957
3958,Indo-Aryan,gajēndra,chief of elephants,m MBh Epic,3958
3959,Indo-Aryan,*gajja,foam,,3959
3959-2,Indo-Aryan,*gañja,,,3959
396,Indo-Aryan,*anna-uṭṭʰa,strange,,396
3960,Indo-Aryan,*gañj,"press, ram",,3960
3960-2,Indo-Aryan,*gajj,,,3960
3960-3,Indo-Aryan,*gadd,,,3960
3962,Indo-Aryan,*gañja,heap,,3962
3964,Indo-Aryan,gañjā,hemp (from which an intoxicating drink was made),f lex,3964
3965,Indo-Aryan,*gaṭṭa,piece,,3965
3965-2,Indo-Aryan,*giṭṭa,,,3965
3966,Indo-Aryan,*gaṭʰati,"makes, forms",,3966
3967,Indo-Aryan,gaḍa,ditch,lex,3967
3968,Indo-Aryan,*gaḍa,cultivated field,,3968
3968-2,Indo-Aryan,*gāḍa-,,,3968
3969,Indo-Aryan,*gaḍa,dropping,,3969
3971,Indo-Aryan,*gaḍa,hook,,3971
3972,Indo-Aryan,*gaḍagaḍa,noise,,3972
3973,Indo-Aryan,gáḍati,"drops, distils, runs as liquid",Dhātup Epic,3973
3974,Indo-Aryan,*gaḍa-baḍa,confused,,3974
3974-2,Indo-Aryan,*gaḍḍa-baḍḍa,,,3974
3975,Indo-Aryan,gaḍi,young steer,m lex,3975
3976,Indo-Aryan,gaḍita,distilled,Apte,3976
3977,Indo-Aryan,gaḍu,"excrescence on neck, goitre, hump on back",Pāṇ Epic,3977
3977-2,Indo-Aryan,*giḍa,,,3977
3978,Indo-Aryan,gaḍulá,humpbacked,ṢaḍvBr Early-Vedic,3978
3978-2,Indo-Aryan,gaṇ- ḍula,,lex,3978
3979,Indo-Aryan,*gaḍḍ,"dig, bury",,3979
3979-2,Indo-Aryan,*gaḍḍaya-,"dig, bury",caus,3979-2
398,Indo-Aryan,annā́dya,food,n AV Early-Vedic,398
3980,Indo-Aryan,*gaḍḍ,mix,,3980
3981,Indo-Aryan,*gaḍḍa,"hole, pit",,3981
3982,Indo-Aryan,*gaḍḍa,"bundle, sheaf",,3982
3982-2,Indo-Aryan,*giḍḍa,,,3982
3983,Indo-Aryan,*gaḍḍa,sheep,,3983
3983-2,Indo-Aryan,gaḍḍara,,,3983
3984,Indo-Aryan,gaḍḍuka,"waterpot, vessel for boiled rice",m lex,3984
3984-2,Indo-Aryan,gaḍu,,,3984
3985,Indo-Aryan,*gaḍḍʰati,pulls,,3985
3986,Indo-Aryan,*gaḍʰa,fort,,3986
3988,Indo-Aryan,gaṇá,"troop, flock",m RV Early-Vedic,3988
399,Indo-Aryan,anyá,other,,399
3993,Indo-Aryan,gaṇáyati,counts,MBh Epic,3993
3994,Indo-Aryan,gaṇikā,courtesan,f Mn Epic,3994
3995,Indo-Aryan,gaṇikārī,the tree Premna spinosa the wood of which was used for getting fire by attrition,,3995
3997,Indo-Aryan,gaṇḍá,goitre; boil,AitBr Suśr Early-Vedic Classical,3997
3997-2,Indo-Aryan,*gaḍḍa,,,3997
3998,Indo-Aryan,gaṇḍa,joint of plant,lex,3998
3998-2,Indo-Aryan,*gēṇḍa,,,3998
3998-3,Indo-Aryan,*gēḍḍa,,,3998
3998-4,Indo-Aryan,*gēḍa,,,3998
3999,Indo-Aryan,gaṇḍa,cheek,VarBr̥S Classical,3999
4,Indo-Aryan,aṁśú,"filament esp. of soma-plant; thread, minute particle, ray",m RV Early-Vedic,4
4-2x,Indo-Aryan,*aṁsi,"filament esp. of soma-plant; thread, minute particle, ray",sound-variant,4
400,Indo-Aryan,anyatará,"either of two; other, different",ŚBr Early-Vedic,400
4000,Indo-Aryan,gaṇḍá,rhinoceros,lex,4000
4000-2,Indo-Aryan,*gayaṇḍa,,,4000
4004,Indo-Aryan,*gaṇḍāsi,sugarcane knife,,4004
4007,Indo-Aryan,gaṇḍūpada,earthworm,m AitBr Early-Vedic,4007
4007-2,Indo-Aryan,gaṇḍōlaka,,m,4007
4008,Indo-Aryan,gatá,gone,RV Early-Vedic,4008
4009,Indo-Aryan,gáti,"going, gait",f RV Early-Vedic,4009
4009-2,Indo-Aryan,*ga{l}lati,"going, gait",ext:{l}la,4009-2
4011,Indo-Aryan,*gadda,"sediment, mud",,4011
4012,Indo-Aryan,*gadda,"spotted, mottled",,4012
4012-2,Indo-Aryan,*gaddara,,,4012
4013,Indo-Aryan,*ganagana,murmur,,4013
4013-2,Indo-Aryan,*gunaguna,,,4013
4014,Indo-Aryan,gandʰá,smell,m RV Early-Vedic,4014
4015,Indo-Aryan,*gandʰapūrikā,flower,,4015
402,Indo-Aryan,anyadā,"once, one day; in another case",R Epic,402
4020,Indo-Aryan,gandʰālu,fragrant rice,m lex,4020
4022,Indo-Aryan,*gappa,talk,,4022
4023,Indo-Aryan,*gabba,filling of a hole,,4023
4023-2,Indo-Aryan,*gampa,,,4023
4024,Indo-Aryan,gabʰīrá,"deep, solemn",RV Early-Vedic,4024
4025,Indo-Aryan,gama,course; intercourse with a woman; flightiness,m Pāṇ Mn lex Epic,4025
4026,Indo-Aryan,gamátʰa,traveller,m Uṇ,4026
4027,Indo-Aryan,gámana,going; sexual intercourse,n KātyŚr PārGr̥ Early-Vedic,4027
4028,Indo-Aryan,gamáyati,causes to go,RV Early-Vedic,4028
4028-2,Indo-Aryan,gamita,"sent away, caused to die",MBh Epic,4028
4029,Indo-Aryan,gámbʰan,depth,n VS Early-Vedic,4029
4029-2,Indo-Aryan,*gambʰūna,,,4029
4031,Indo-Aryan,gambʰīrá,deep,RV Early-Vedic,4031
4032,Indo-Aryan,gamya,accessible; intelligible,MBh Mn Epic,4032
4033,Indo-Aryan,gamyatē,"one goes, it is understood",Kāś Classical,4033
4035,Indo-Aryan,gará,any drink; poison,ŚBr MBh Early-Vedic Epic,4035
4038,Indo-Aryan,garala,poison; snake-poison,m MBh lex Epic,4038
4039,Indo-Aryan,*garu,skin disease,,4039
403a,Indo-Aryan,anyamanas,preoccupied,AitBr Early-Vedic,403a
404,Indo-Aryan,*anyākāra,of different form,,404
4040,Indo-Aryan,*garu,"pulp, pith",,4040
4041,Indo-Aryan,garuḍá,a mythical bird,m Mn Epic,4041
4043,Indo-Aryan,gargara,churn,MBh Epic,4043
4045,Indo-Aryan,*gargarāyati,roars,,4045
4046,Indo-Aryan,gárjati,"thunders, roars",MBh Epic,4046
4047,Indo-Aryan,garjana,"roaring, thundering",n R Epic,4047
4048,Indo-Aryan,garjā,"roaring, thunder",f,4048
405,Indo-Aryan,anyādŕ̩ś,like another,VS Early-Vedic,405
4050,Indo-Aryan,gárta,"hole, cave, grave; canal",ŚBr Mn Early-Vedic Epic,4050
4052,Indo-Aryan,gárda,crying,,4052
4053,Indo-Aryan,*garda,seat,,4053
4054,Indo-Aryan,gardabʰá,ass,m RV Early-Vedic,4054
4055,Indo-Aryan,gárbʰa,"womb, foetus, offspring; inside, middle",m RV MBh Early-Vedic Epic,4055
4057,Indo-Aryan,garbʰarūpa,a youth; the children,m Bālar Divyāv Medieval Classical,4057
4062,Indo-Aryan,garbʰíṇī,pregnant,f RV Early-Vedic,4062
4064,Indo-Aryan,garvá,"pride, arrogance",m R Epic,4064
4065,Indo-Aryan,garvará,haughty,Uṇ,4065
4068,Indo-Aryan,garhā,blame,f MBh Epic,4068
4068-2,Indo-Aryan,*galʰā,,,4068
4069,Indo-Aryan,gala,*dripping; resin,m lex,4069
407,Indo-Aryan,áp,waters,f,407
4070,Indo-Aryan,gala,"throat, neck",MBh Epic,4070
4070-2,Indo-Aryan,*gaḍa,,,4070
4073,Indo-Aryan,*galacūḍa,necklace,,4073
4074,Indo-Aryan,galati,"drips, drops, oozes, trickles",Pañcat Classical,4074
4075,Indo-Aryan,gálati,swallows,Dhātup Epic,4075
4075-2,Indo-Aryan,giláti,,ŚBr Early-Vedic,4075
4076,Indo-Aryan,*galadāman,neck rope,,4076
4076-2,Indo-Aryan,*galadāmana,,,4076
4078,Indo-Aryan,*galapuṭa,throat,,4078
4085,Indo-Aryan,*galī,"defile, lane",,4085
4085-2,Indo-Aryan,*gallī,,,4085
4085-3,Indo-Aryan,*gālī,,,4085
4086,Indo-Aryan,*galaugʰika,having a swelling in the throat,,4086
4087,Indo-Aryan,*galyati,drips,,4087
4088,Indo-Aryan,galyā,multitude of throats,f lex,4088
4089,Indo-Aryan,galla,cheek,m SkandaP Medieval,4089
4093,Indo-Aryan,gava,cow or bull,,4093
4093-2,Indo-Aryan,*gavu,,,4093
4094,Indo-Aryan,*gavatta,cattle-fodder,,4094
4097,Indo-Aryan,*gavāṁgūtʰa,cowdung,,4097
410,Indo-Aryan,apakāra,damage,m Yājñ Classical,410
4101,Indo-Aryan,*gavāśa,eating cows,,4101
4103,Indo-Aryan,gavīnī́,groin,f,4103
4104,Indo-Aryan,gavēdʰuka,a kind of snake,m Suśr Classical,4104
4105,Indo-Aryan,gavēṣáyati,seeks,MBh Epic,4105
4105-2,Indo-Aryan,gavēṣa,seeking for,,4105
4106,Indo-Aryan,gávya,consisting of or coming from cattle; herd of cows,,4106
4108,Indo-Aryan,*gahura,deep,,4108
4109,Indo-Aryan,gāŋgaṭa,"shrimp, prawn",,4109
4110,Indo-Aryan,gāŋgēruka,grain of the plant Uraria lagopodioides,n,4110
4110-2,Indo-Aryan,gāŋgēya,root of Scirpus kysoor or of a Cyperus,n Suśr Classical,4110
4111,Indo-Aryan,*gāṭṭa,"neck, throat",,4111
4112,Indo-Aryan,*gāṭṭa,"short, stunted",,4112
4112-2,Indo-Aryan,*gāṇṭa,,,4112
4112-3,Indo-Aryan,*gēḍa-,,,4112
4114,Indo-Aryan,*gāḍa,dripping,,4114
4115,Indo-Aryan,*gāḍayati,lets drip,,4115
4116,Indo-Aryan,*gāḍḍa,cart,,4116
4118,Indo-Aryan,gāḍʰa,"dived into; pressed together, thick, firm",Kālid MBh Classical Epic,4118
4119,Indo-Aryan,gāḍʰatara,more intense; more closely packed,Suśr Pañcat Classical,4119
412,Indo-Aryan,apakta,not cooked,,412
4120,Indo-Aryan,*gāṇya,counting,,4120
4121,Indo-Aryan,gā́ti,comes,Naigh Early-Vedic,4121
4122,Indo-Aryan,gātú,going,RV Early-Vedic,4122
4123,Indo-Aryan,gātú,song,RV Early-Vedic,4123
4124,Indo-Aryan,gā́tra,"limb, member of body; body",n RV Mn Early-Vedic Epic,4124
4125,Indo-Aryan,gātraka,body,n Vikr,4125
4125-2,Indo-Aryan,gātrikā,girdle,f,4125
4126,Indo-Aryan,gā́tʰā,song,f,4126
4126-2,Indo-Aryan,gātʰikā,epic song,f Yājñ Classical,4126
4127,Indo-Aryan,gādʰá,ford; shallow,n RV KauṣBr Early-Vedic,4127
413,Indo-Aryan,apakva,"unripe, undigested",Suśr Classical,413
4131,Indo-Aryan,*gāndʰa,perfumed,,4131
4135,Indo-Aryan,gā́yati,sings,RV Early-Vedic,4135
4135-2,Indo-Aryan,gāpayati,,MBh Epic,4135
4137,Indo-Aryan,*gāra,"dripping, oozing",,4137
414,Indo-Aryan,apakṣá,without wings; without followers,AV MBh Early-Vedic Epic,414
4140,Indo-Aryan,gārjara,carrot,m lex,4140
4141,Indo-Aryan,gārbʰa,relating to womb or foetus,Mn Epic,4141
4142,Indo-Aryan,gāla,"flowing, dropping",m W,4142
4143,Indo-Aryan,gālana,straining (fluids),n Nir Early-Vedic,4143
4144,Indo-Aryan,gālayati,"causes to drop, filters, strains, liquefies, melts",Suśr Classical,4144
4145,Indo-Aryan,gāli,abusive speech,f Bhartr̥ Classical,4145
4147,Indo-Aryan,*gāva,ox,m,4147
4147-3,Indo-Aryan,gāvī,,f,4147
4148,Indo-Aryan,*gāvaka,bovine,,4148
4149,Indo-Aryan,*gāvaśāla,cowshed,,4149
4151,Indo-Aryan,gāhá,"depth, innermost recess",RV Early-Vedic,4151
4152,Indo-Aryan,gā́hatē,dives into; roams,AitBr Kālid Early-Vedic Classical,4152
4152-2,Indo-Aryan,gāha,diving into,,4152
4153,Indo-Aryan,*gicc,"press, crowd",,4153
4153-2,Indo-Aryan,*gacc,,,4153
4153-3,Indo-Aryan,*gijj,,,4153
4153-4,Indo-Aryan,*gʰicc,,,4153
4153-5,Indo-Aryan,*gʰacc,,,4153
4153-6,Indo-Aryan,*gʰijj,,,4153
4154,Indo-Aryan,*gicca,neck,,4154
4156,Indo-Aryan,*giñjakā,brick,f,4156
4157,Indo-Aryan,*giḍḍ,fall,,4157
4158,Indo-Aryan,*gidda,"jackal, fox",,4158
4158-2,Indo-Aryan,*giddaḍa-,"jackal, fox",ext:ḍa,4158-2
4159,Indo-Aryan,*girati,"drips, falls",,4159
4161,Indo-Aryan,girí,"rock, mountain",m RV Early-Vedic,4161
4164,Indo-Aryan,gilana,swallowing,n Bhpr Medieval,4164
4166,Indo-Aryan,*gilla,"swelling, goitre",,4166
4167-2,Indo-Aryan,*gītal-,singing,ext:l,4167-2
4168,Indo-Aryan,gīti,singing,f Nir Early-Vedic,4168
417,Indo-Aryan,*apagʰaṭya,to be screened,,417
4170,Indo-Aryan,*gīrti,swallowing,,4170
4171,Indo-Aryan,*guŋga,dumb,,4171
4172,Indo-Aryan,guccʰa,bunch of flowers,m Mn Epic,4172
4173,Indo-Aryan,guñja,humming,,4173
4174,Indo-Aryan,guñja,"bunch, bundle, cluster",,4174
4175,Indo-Aryan,gúñjati,"hums, buzzes",Kālid Classical,4175
4176,Indo-Aryan,guñjā,Abrus precatorius (of which the berry was used as a weight),f Suśr Classical,4176
4176-2,Indo-Aryan,*kuñca,,,4176
4178,Indo-Aryan,*guṭṭʰa,wrist,,4178
418,Indo-Aryan,*apagʰāṭa,cover,,418
4180,Indo-Aryan,*guḍ,rumble,,4180
4181,Indo-Aryan,guḍá,"globe, ball",MBh Epic,4181
4182,Indo-Aryan,guḍá,"boiled sugarcane juice, molasses",,4182
4189,Indo-Aryan,*guḍḍa,"doll, effigy",,4189
419,Indo-Aryan,apagʰāṭayati,shuts up,MW,419
4190,Indo-Aryan,guṇá,"single thread or strand of a cord, rope; species, quality, good quality",m TS Mn Early-Vedic Epic,4190
4191,Indo-Aryan,guṇáyati,advises,,4191
4192,Indo-Aryan,guṇin,endowed with good qualities,ŚvetUp Epic,4192
4193,Indo-Aryan,guṇḍaka,"dust, powder",m,4193
4194,Indo-Aryan,gudá,"intestine, anus; bowels",m TS RV Early-Vedic,4194
4196,Indo-Aryan,*gudarandʰrā,anus,,4196
4197,Indo-Aryan,*gudda,"pith, core",,4197
4197-2,Indo-Aryan,*gidda-,,,4197
4198,Indo-Aryan,*gudya,entrails,,4198
4199,Indo-Aryan,gundra,Saccharum sara,m lex,4199
4199-2,Indo-Aryan,guṇḍa,Scirpus kysoor,m,4199
4199-3,Indo-Aryan,*kūndrā,,,4199
420,Indo-Aryan,*apacitta,without thought,,420
420-2,Indo-Aryan,*apacinta,,,420
4201,Indo-Aryan,guptá,protected; concealed,AV Bhartr̥ Early-Vedic Classical,4201
4202,Indo-Aryan,gúpti,protection; rampart,f AV R Early-Vedic Epic,4202
4203,Indo-Aryan,*guppʰa,something strung together,,4203
4203-2,Indo-Aryan,gumpʰa,"stringing a garland, a whisker",m lex,4203
4204,Indo-Aryan,*guppʰā,cave,,4204
4205,Indo-Aryan,gupʰáti,strings together,Pāṇ Epic,4205
4205-2,Indo-Aryan,gumpʰáti,,,4205
4205-3,Indo-Aryan,*gōpʰayati,,,4205
4205-4,Indo-Aryan,*guptʰa,,pp,4205
4206,Indo-Aryan,gumpʰana,,n,4206
4206-2,Indo-Aryan,*gōppʰanā,,,4206
4207,Indo-Aryan,*guragura,growl,,4207
4208,Indo-Aryan,gurátē,raises,Dhātup Epic,4208
4209,Indo-Aryan,gurú,heavy,RV Early-Vedic,4209
4210a,Indo-Aryan,*gurjarakēṭṭa,son of a Gurjara,,4210a
4214,Indo-Aryan,*gulu,"wrist, ankle",,4214
4215,Indo-Aryan,gúlgulu,bdellium,n TS Early-Vedic,4215
4216,Indo-Aryan,gulpʰá,ankle,m AV Early-Vedic,4216
4217,Indo-Aryan,gúlma,"clump of trees; enlargement of spleen, any glandular enlargement of abdomen",m VS Suśr Early-Vedic Classical,4217
4219,Indo-Aryan,guvāka,betelnut tree Areca catechu,,4219
422,Indo-Aryan,apaccʰāyā,unlucky shadow,f MW,422
4220,Indo-Aryan,gúhā,"hiding place, cave",VS Early-Vedic,4220
4222,Indo-Aryan,gúhya,secret; a secret; pudenda,RV MBh Suśr Early-Vedic Epic Classical,4222
4223,Indo-Aryan,gūḍʰá,hidden,,4223
4224,Indo-Aryan,*gūḍʰa,tied,,4224
4225,Indo-Aryan,gūtʰa,excrement,m lex,4225
4225-2,Indo-Aryan,*gūttʰa,,,4225
4226,Indo-Aryan,*gūniya,mason's square,,4226
4228,Indo-Aryan,*gr̩ta,said,,4228
4229,Indo-Aryan,gr̩ddʰa,longing for,MBh Epic,4229
4230,Indo-Aryan,*gr̩dʰati,desires,,4230
4231,Indo-Aryan,gŕ̩dʰya,greedy (?),,4231
4233,Indo-Aryan,gŕ̩dʰra,desiring greedily; vulture,RV Early-Vedic,4233
4234,Indo-Aryan,*gr̩nti,counting,,4234
4236,Indo-Aryan,gr̩bʰāyáti,"takes, seizes",RV Early-Vedic,4236
4236-2,Indo-Aryan,gr̩hṇā́ti,,,4236
4236-3,Indo-Aryan,*grahati,,,4236
4237,Indo-Aryan,gŕ̩bʰi,holder (?),AV Early-Vedic,4237
424,Indo-Aryan,ápatya,offspring,n RV Early-Vedic,424
424-2,Indo-Aryan,*apatiya,,,424
4244,Indo-Aryan,gr̩hastʰa,householder,m Gaut Early-Vedic,4244
4245,Indo-Aryan,gr̩hín,possessing a house,TS Early-Vedic,4245
4245-2,Indo-Aryan,gr̩hiṇī,"mistress of a house, wife",f,4245
4248,Indo-Aryan,gēnduka,,,4248
4248-2,Indo-Aryan,gēṇḍu,,,4248
4248-3,Indo-Aryan,*gēḍḍa-,,,4248
4248-4,Indo-Aryan,*ganduka,pillow,Pañcat Classical,4248
4249,Indo-Aryan,gḗya,"to be sung; singing, song",Pāṇ MBh Epic,4249
4250,Indo-Aryan,*gērāṭa,dove (?),,4250
4251,Indo-Aryan,gēhá,house,n VS Early-Vedic,4251
4255,Indo-Aryan,gṓ,ox; cow,m f RV Early-Vedic,4255
4256,Indo-Aryan,gōkarṇa,the deer Antilope picta,m R Epic,4256
4259,Indo-Aryan,gōkula,"herd of cows, cowhouse, cattle-station",n MBh Epic,4259
4262,Indo-Aryan,*gōgūtʰa,cowdung,,4262
4263,Indo-Aryan,*gōgrāmaka,belonging to a herd of cattle,,4263
4268,Indo-Aryan,*gōcīra,strip of leather,,4268
4269,Indo-Aryan,gōccʰā,furrow of upper lip,f VarBr̥S Classical,4269
427,Indo-Aryan,*apadēśya,foreign,,427
4270,Indo-Aryan,gōjihvikā,a partic. kind of plant,,4270
4271,Indo-Aryan,*gōṭṭa,something round,,4271
4272,Indo-Aryan,*gōḍḍa,"foot, leg, knee",,4272
4273,Indo-Aryan,*gōḍḍadāman,foot rope,,4273
4273-2,Indo-Aryan,*gōḍḍadāmana,,,4273
4273-3,Indo-Aryan,*gōḍḍadāmara,,,4273
4275,Indo-Aryan,gōṇī́,sack,f Pāṇ Epic,4275
4277,Indo-Aryan,gōṇḍa,a fleshy navel,lex,4277
4279,Indo-Aryan,gōtrá,"cowpen, enclosure; family, clan",n RV ChUp Early-Vedic,4279
4279-2,Indo-Aryan,gōtraka,family,n Yājñ Classical,4279
428,Indo-Aryan,ápadravati,runs away,ŚBr Early-Vedic,428
428-2,Indo-Aryan,apadrāvayati,,caus,428
4281,Indo-Aryan,gōtrin,relative,m,4281
4282,Indo-Aryan,*gōtvacikā,cow-hide,,4282
4284,Indo-Aryan,*gōddī,lap,,4284
4286,Indo-Aryan,gōdʰā́,a big kind of lizard,f,4286
4286-2,Indo-Aryan,gōdʰikā,a kind of lizard or alligator,f Kād Medieval,4286
4286-3,Indo-Aryan,gaudʰēra,iguana,m lex,4286
4287,Indo-Aryan,gōdʰū́ma,wheat,VS Early-Vedic,4287
4288,Indo-Aryan,gōnasá,a kind of large snake,m Suśr Classical,4288
429,Indo-Aryan,apadʰārayati,*holds away,,429
4291,Indo-Aryan,gōpayati,guards; hides,ŚāṅkhŚr Mn Late-Vedic Epic,4291
4293,Indo-Aryan,gōpālá,cowherd,m VS Early-Vedic,4293
4295,Indo-Aryan,gōpita,guarded; kept secret,MBh Kathās Epic Medieval,4295
4296,Indo-Aryan,*gōpp,pierce,,4296
4296-2,Indo-Aryan,*gʰōpp,,,4296
4297,Indo-Aryan,gōpyatē,is preserved,MBh Epic,4297
43,Indo-Aryan,ákṣi,eye,n RV Early-Vedic,43
4306,Indo-Aryan,gōmūtra,cow's urine,n Kāṭh Early-Vedic,4306
4306-2,Indo-Aryan,gōmitra,,n,4306
4308,Indo-Aryan,gōyukta,yoked to oxen,,4308
4309,Indo-Aryan,gōyugá,a yoke of cattle,n MBh Epic,4309
4310,Indo-Aryan,gōrakṣa,cowherd,m lex,4310
4310-2,Indo-Aryan,*gōrakṣin,,,4310
4312,Indo-Aryan,gōrasa,"cow's milk; curdled milk, buttermilk",m MBh lex Epic,4312
4313,Indo-Aryan,gōrūpá,cow-shaped,AV Early-Vedic,4313
4314,Indo-Aryan,gōrda,brain,n W,4314
4314-2,Indo-Aryan,*kōḍḍa,,,4314
4315,Indo-Aryan,*gōrdʰava,"lord of the cow, bull",,4315
4320,Indo-Aryan,*gōl,look for,,4320
4320-2,Indo-Aryan,*gōll,look for,,4320
4321,Indo-Aryan,gōla,ball,BhP Medieval,4321
4321-2,Indo-Aryan,*gōḍa,,,4321
4325,Indo-Aryan,*gōlla,slave,,4325
4327,Indo-Aryan,gōvāṭa,hurdle for cattle,m Hariv Classical,4327
433,Indo-Aryan,apamāna,"disrespect, disgrace",m R Epic,433
4331,Indo-Aryan,gōvr̩nda,herd of cows,n lex,4331
4333,Indo-Aryan,gōśakr̩t,cowdung,n,4333
4333-2,Indo-Aryan,*gōśakara,,,4333
4335,Indo-Aryan,*gōśrayaṇa,cow-house,,4335
4335-2,Indo-Aryan,aka,,,4335
4336,Indo-Aryan,gōṣṭʰá,cow-house; meeting place,m RV MBh Early-Vedic Epic,4336
4336-2,Indo-Aryan,*gōstʰa,,,4336
4338,Indo-Aryan,gōṣṭʰā́na,serving as an abode for cows,VS Early-Vedic,4338
4338-2,Indo-Aryan,gōstʰāna,cow station,n Hariv Classical,4338
4338a,Indo-Aryan,gōṣṭʰika,relating to a society,Pañcat Classical,4338a
4339,Indo-Aryan,gōṣṭʰī,"assembly, meeting place",f MBh Epic,4339
434,Indo-Aryan,ápara,"posterior; different, other",RV ŚBr Early-Vedic,434
434-2,Indo-Aryan,*aparīya,,,434
434-3,Indo-Aryan,áparam,,RV Early-Vedic,434
4342,Indo-Aryan,gōsvāmin,owner of cows; religious mendicant,m Mn Vop Epic Medieval,4342
4343,Indo-Aryan,gṓha,hiding-place,m RV Early-Vedic,4343
4344,Indo-Aryan,gauḍa,prepared from molasses; sweetmeats,MBh R Epic,4344
4344-2,Indo-Aryan,gauḍika,,Suśr Classical,4344
4345,Indo-Aryan,gaurá,"white, yellowish, pale red",RV Early-Vedic,4345
4346,Indo-Aryan,gauravá,weight; venerableness,n MBh Epic,4346
4346-2,Indo-Aryan,*gārava,,,4346
4347a,Indo-Aryan,*graḍḍʰa,,,4347a
4348,Indo-Aryan,gratʰna,bunch,m Gobh Early-Vedic,4348
4349,Indo-Aryan,gratʰnā́ti,"ties, fastens",TS Early-Vedic,4349
4350,Indo-Aryan,grantʰa,knot; book,m TS MBh Early-Vedic Epic,4350
4353,Indo-Aryan,grantʰáyati,ties,MBh Epic,4353
4354,Indo-Aryan,grantʰí,"knot, bunch, protuberance; joint; swelling or hardening of the vessels of the body",m RV Prab Suśr Early-Vedic Medieval Classical,4354
4358,Indo-Aryan,*grava,branch,,4358
4362,Indo-Aryan,grastr̩,swallower (of sun or moon),m Hariv Classical,4362
4363,Indo-Aryan,gráha,as much as can be taken; seizing,m RV MBh Early-Vedic Epic,4363
4363-4,Indo-Aryan,*grahala-,as much as can be taken; seizing,ext:la,4363-4
4364,Indo-Aryan,gráhaṇa,"seizing, holding; putting on (clothes); eclipse of sun or moon",n ŚBr MBh Yājñ Early-Vedic Epic Classical,4364
4366,Indo-Aryan,grahila,possessed by an evil spirit,lex,4366
4368,Indo-Aryan,grā́ma,"troop, village",m RV Early-Vedic,4368
4371,Indo-Aryan,*grāmadāra,village boy,,4371
4375,Indo-Aryan,grāmāntá,border of a village,m ŚBr Early-Vedic,4375
4375-2,Indo-Aryan,grā- māntīya,place near a village,n Mn Epic,4375
4376,Indo-Aryan,*grāmārdʰa,vicinity of village,,4376
4376-2,Indo-Aryan,*grāmārdʰin,neighbour,,4376
4378,Indo-Aryan,grā́van,"stone for pressing soma; stone, rock",m RV MBh Early-Vedic Epic,4378
4379,Indo-Aryan,grāsa,mouthful,m Mn Epic,4379
438,Indo-Aryan,aparaśvas,the day after tomorrow,adv Gobh Early-Vedic,438
4380,Indo-Aryan,grāsáyati,causes to swallow,ŚBr Early-Vedic,4380
4382,Indo-Aryan,grāhá,seizing; handle of sword; rapacious animal living in the water,RV Yājñ lex Mn Early-Vedic Classical Epic,4382
4383,Indo-Aryan,grāhayati,causes to be taken; makes learn,Yājñ Classical,4383
4385,Indo-Aryan,grāhyá,to be seized,RV Early-Vedic,4385
4386,Indo-Aryan,*grilla,"wet, damp",,4386
4387,Indo-Aryan,grīvā́,nape of neck,f RV Early-Vedic,4387
4388,Indo-Aryan,*grīvāŋkuṭa,neck-angle,,4388
439,Indo-Aryan,aparādʰa,offence,m KātyŚr Early-Vedic,439
4390,Indo-Aryan,*grīvābandʰa,neck band,,4390
4391,Indo-Aryan,grīṣmá,summer; summer-heat,m RV Pañcat Early-Vedic Classical,4391
4391-2,Indo-Aryan,*grīṣman,,,4391
4392,Indo-Aryan,grīṣmakāla,the hot season,m W,4392
4393a,Indo-Aryan,*grucyati,"goes, moves",Dhātup Epic,4393a
4395,Indo-Aryan,*graivakaṭa,neck-ring,,4395
4396,Indo-Aryan,*graíviya,relating to the neck,,4396
4397,Indo-Aryan,*graiviyāŋka,necklace,,4397
44,Indo-Aryan,akṣibʰruva,the eyes and the brows,n Pāṇ Epic,44
440,Indo-Aryan,áparādʰyati,misses aim,AV Early-Vedic,440
440-2,Indo-Aryan,aparāddʰa,,,440
4401,Indo-Aryan,glāní,exhaustion; depression of mind; sickness,,4401
4402,Indo-Aryan,gʰa,,,4402
4403,Indo-Aryan,*gʰaggʰara,waterpot,,4403
4406,Indo-Aryan,gʰaṭa,pot,Mn Epic,4406
4406-2,Indo-Aryan,gʰaṭī,"pot, water-clock, period of 24 minutes",f lex,4406
4406-3,Indo-Aryan,*gʰaṭaulla-,pot,ext:ulla,4406-3
4407,Indo-Aryan,gʰáṭaṭē,is busy with; happens,MBh BhP Epic Medieval,4407
4411,Indo-Aryan,gʰaṭā,"collection, mass",f BhP Medieval,4411
4411-2,Indo-Aryan,*gʰāṭā,,,4411
4411-3,Indo-Aryan,*gʰaṭṭa,,,4411
4413,Indo-Aryan,*gʰaṭītāḍa,striking the time,,4413
4414,Indo-Aryan,gʰaṭṭa,"landing place, quay, ferry",,4414
4415,Indo-Aryan,*gʰaṭṭati,"decreases, is wanting",,4415
4417,Indo-Aryan,gʰaṭṭáyati,"rubs, touches, shakes",Suśr Classical,4417
4417-2,Indo-Aryan,*gʰōṭṭ,,,4417
4418,Indo-Aryan,*gʰaṭyatē,"is joined, is procured",,4418
4419,Indo-Aryan,*gʰaḍagʰaḍa,gurgling or rattling noise,,4419
4420,Indo-Aryan,*gʰaṇṭa,throat,,4420
4421,Indo-Aryan,gʰaṇṭā,bell,f MBh Epic,4421
4422,Indo-Aryan,gʰaṇṭika,alligator,m Bhpr Medieval,4422
4423,Indo-Aryan,gʰaná,"killing; club, hammer",RV AV Early-Vedic,4423
4424,Indo-Aryan,gʰaná,"compact, firm, dense; densely filled, deep (of sound or colour); any compact mass; cloud",Suśr MBh ŚBr Classical Epic Early-Vedic,4424
4425,Indo-Aryan,*gʰanagʰana,"tinkle, clang",,4425
4427,Indo-Aryan,*gʰabbʰara,confused,,4427
4427-2,Indo-Aryan,*gʰabbʰaḍa,,,4427
4428,Indo-Aryan,gʰara,,,4428
4429,Indo-Aryan,*gʰarakarmin,house builder,,4429
4431,Indo-Aryan,*gʰaragōlī,house lizard,,4431
4432,Indo-Aryan,*gʰaragʰara,"grunt, rumble",,4432
4433,Indo-Aryan,*gʰaradvāra,house-door,,4433
4435,Indo-Aryan,*gʰarapāla,house guardian,,4435
4441,Indo-Aryan,*gʰarāyatana,house and home,,4441
4442,Indo-Aryan,gʰariṇī,householder's wife,f Divyāv Classical,4442
4443,Indo-Aryan,*gʰarga,gurgling sound of water,,4443
4444,Indo-Aryan,gʰargʰarī,girdle of small bells worn by women,f Bhojap,4444
4445,Indo-Aryan,gʰarmá,heat; sweat,m RV lex Early-Vedic,4445
4448,Indo-Aryan,gʰarṣa,friction,m R Epic,4448
4450,Indo-Aryan,gʰárṣati,rubs; rubs oneself,tr MBh Epic,4450
4450-2,Indo-Aryan,*gʰr̩ṣati,,,4450
4450-3,Indo-Aryan,gʰr̩ṣyatẽ,is rubbed,Pañcat Classical,4450
4451,Indo-Aryan,*gʰarṣṭra,"grindstone, mill",,4451
4453,Indo-Aryan,*gʰala,stream,,4453
4454,Indo-Aryan,*gʰalati,flows,,4454
4454-2,Indo-Aryan,*gʰalita,,,4454
4454-3,Indo-Aryan,*gʰalana,,,4454
4455,Indo-Aryan,*gʰalati,stream,,4455
4456,Indo-Aryan,*gʰalōdaka,river water,,4456
4457,Indo-Aryan,*gʰalyati,pours,,4457
4459,Indo-Aryan,gʰāṭā,nape of neck,Suśr Classical,4459
4459-2,Indo-Aryan,*gʰaṭṭā,,,4459
446,Indo-Aryan,apalāpayatē,deceives,Bhaṭṭ Classical,446
4460,Indo-Aryan,gʰāta,"killing; blow, bruise",m Mn MBh Epic,4460
4461,Indo-Aryan,gʰātaka,killing,MBh Epic,4461
4463,Indo-Aryan,gʰātayati,"causes to be killed, kills",Mn Epic,4463
4467,Indo-Aryan,*gʰāna,filling,,4467
4468,Indo-Aryan,gʰāra,sprinkling,m lex,4468
4468-2,Indo-Aryan,*gʰāla,,,4468
4469,Indo-Aryan,gʰārayati,besprinkles,Dhātup Epic,4469
4469-2,Indo-Aryan,*gʰālayati,,,4469
447,Indo-Aryan,*apalīyatē,is hidden,,447
447-2,Indo-Aryan,*apalāyayati,hides,,447
4470,Indo-Aryan,*gʰārayati,causes to turn,,4470
4470-2,Indo-Aryan,*gʰārita,,,4470
4471,Indo-Aryan,gʰāsá,"food, pasture grass",m AV Early-Vedic,4471
4472,Indo-Aryan,*gʰicca,neck,,4472
4472-2,Indo-Aryan,*gʰiñca,,,4472
4472-3,Indo-Aryan,*gʰēñcu,,,4472
4474,Indo-Aryan,*gʰir,go round,,4474
4474-2,Indo-Aryan,*gʰēr,"make go round, surround",tr,4474
4475,Indo-Aryan,*gʰīcc,drag,,4475
4477,Indo-Aryan,*gʰuŋgʰura,bell,,4477
4477-2,Indo-Aryan,*gʰiŋgʰira,,,4477
4479,Indo-Aryan,gʰuṭa,,m,4479
4479-2,Indo-Aryan,gʰuṇṭa,,,4479
4479-3,Indo-Aryan,*gʰuṭṭa,,,4479
4479-4,Indo-Aryan,*gʰōṭṭa,,,4479
4481,Indo-Aryan,*gʰuṭṭ,"gulp, swallow",,4481
4481-2,Indo-Aryan,*gʰuṭṭakk-,"gulp, swallow",ext:kk,4481-2
4482,Indo-Aryan,gʰuṇa,wood-worm,m Suśr Classical,4482
4483,Indo-Aryan,*gʰuṇṭa,"knot, tag, button",,4483
4484,Indo-Aryan,*gʰumba,head covering,,4484
4484-2,Indo-Aryan,*gʰumbapaṭṭa,,,4484
4485,Indo-Aryan,*gʰummati,revolves,,4485
4485-2,Indo-Aryan,*gʰumati,,,4485
4486,Indo-Aryan,gʰuragʰurāyatē,"gurgles, snorts",Car Epic,4486
4487,Indo-Aryan,gʰúrati,cries out frighteningly,Dhātup Epic,4487
4487-2,Indo-Aryan,*gʰōrati,,aor,4487
4487-3,Indo-Aryan,*gʰurakkati,cries out frighteningly,ext:kk,4487-3
4488,Indo-Aryan,*gʰurati,revolves,,4488
4490,Indo-Aryan,gʰuṣṭa,shouted,,4490
4492,Indo-Aryan,*gʰuss,"thrust in, pierce",,4492
4493,Indo-Aryan,*gʰuss,err,,4493
4494,Indo-Aryan,gʰūka,owl,m Subh Medieval,4494
4495,Indo-Aryan,*gʰūḍa,manure,,4495
4496-2,Indo-Aryan,*gʰūrakk-,frown,ext:kk,4496-2
4497,Indo-Aryan,gʰū́rṇati,"moves to and fro, rolls about, is agitated",MBh Epic,4497
4498,Indo-Aryan,*gʰūssa,blow with fist,,4498
4499,Indo-Aryan,*gʰūssā,a present,,4499
450,Indo-Aryan,apavaraka,inner apartment,m Kathās Medieval,450
4500,Indo-Aryan,gʰr̩ṇá,heat,m RV Early-Vedic,4500
4500a,Indo-Aryan,gʰr̩ṇi,sunshine; day (as opposed to night); ray of light; flame,m RV Hariv lex Early-Vedic Classical,4500a
4501,Indo-Aryan,gʰr̩tá,"fluid grease, clarified butter or ghee",n RV Early-Vedic,4501
4502,Indo-Aryan,gʰr̩tapūra,"sweetmeat of flour, milk, coconut and ghee",m Suśr Classical,4502
4505,Indo-Aryan,gʰr̩távant,abounding in ghee,RV Early-Vedic,4505
4506,Indo-Aryan,gʰr̩tastṓ,drops of ghee,pl,4506
4509,Indo-Aryan,*gʰr̩pta,taken,,4509
4510,Indo-Aryan,gʰr̩ṣṭa,"rubbed, pounded; frayed, sore",Suśr MBh Classical Epic,4510
4513,Indo-Aryan,*gʰēṇṭu,neck,,4513
4514,Indo-Aryan,gʰōŋgʰa,shell,m lex Suśr Classical,4514
4514-2,Indo-Aryan,*gʰōggʰa,,,4514
4514-3,Indo-Aryan,*gōgga,,,4514
4515,Indo-Aryan,*gʰōcc,pierce,,4515
4516,Indo-Aryan,gʰōṭa,horse,m ĀpŚr Early-Vedic,4516
4519,Indo-Aryan,*gʰōṭāgāra,horse stable,n,4519
452,Indo-Aryan,ápavartatē,turns back,RV Early-Vedic,452
452-2,Indo-Aryan,apavr̩tti,,f,452
4522,Indo-Aryan,gʰōrá,awful; frightful,RV AV Early-Vedic,4522
4525,Indo-Aryan,*gʰōla,nest,,4525
4526,Indo-Aryan,gʰōlayati,"mixes, stirs together",,4526
4528,Indo-Aryan,gʰṓṣa,noise; sound of words at a distance; station of herdsmen; herdsmen,m pl RV ŚBr MBh Early-Vedic Epic,4528
4530,Indo-Aryan,*gʰraṇiṣya,sun's heat,,4530
4531,Indo-Aryan,gʰrāṇá,smelling; smell; nose,n ŚBr ŚāṅkhGr̥ ChUp Early-Vedic,4531
4532,Indo-Aryan,*gʰrāṇā,heat,,4532
4533,Indo-Aryan,ca,and,RV Early-Vedic,4533
4534,Indo-Aryan,*ca-uḍa,"wide, open",,4534
4535,Indo-Aryan,cákati,is satisfied,Dhātup Epic,4535
4535-2,Indo-Aryan,*cakyati,,,4535
4535-3,Indo-Aryan,*cākayati,,,4535
4536,Indo-Aryan,cákōra,the red partridge Perdix rufa,m MBh Epic,4536
4536-2,Indo-Aryan,*cakkōra,,,4536
4536-3,Indo-Aryan,*caŋkōra,,,4536
4537,Indo-Aryan,*cakyatē,is frightened,,4537
4538,Indo-Aryan,cakrá,wheel; potter's wheel; oil mill; circle,m RV ŚBr Mn R Early-Vedic Epic,4538
4539,Indo-Aryan,cakraka,circular,W,4539
454,Indo-Aryan,ápavartayati,turns away from,tr RV Early-Vedic,454
454-2,Indo-Aryan,apavr̩tta- 'reversed',,ŚāṅkhŚr Late-Vedic,454
4548,Indo-Aryan,*cakrala,circular,,4548
4551,Indo-Aryan,cakravāká,the ruddy goose Anas casarca,m RV Early-Vedic,4551
4554,Indo-Aryan,cakriṇī,having a wheel; snake,f,4554
4555,Indo-Aryan,cakríya,pertaining to wheels; *circular,RV Early-Vedic,4555
4557,Indo-Aryan,*cakṣati,tastes,,4557
4558,Indo-Aryan,cákṣatē,seems,,4558
456,Indo-Aryan,apavāda,speaking evil of,m R Epic,456
4560,Indo-Aryan,cákṣus,eye,n RV Early-Vedic,4560
4561,Indo-Aryan,*cagʰyati,strives after,,4561
4564,Indo-Aryan,caŋga,of good understanding; handsome,Kathās lex Medieval,4564
4565,Indo-Aryan,caŋgērī,basket,f,4565
4567,Indo-Aryan,cañcarīti,moves rapidly or repeatedly,MBh Epic,4567
4569,Indo-Aryan,cañcu,beak,f Pañcat Classical,4569
4569-2,Indo-Aryan,*cuñca-,,,4569
4569-3,Indo-Aryan,*cōñca,,,4569
4569-4,Indo-Aryan,*cucca-,,,4569
457,Indo-Aryan,*apavārayati,"wards off, protects",,457
4570,Indo-Aryan,*caṭa,crackle,,4570
4571,Indo-Aryan,caṭaka,sparrow,m MBh Epic,4571
4571-2,Indo-Aryan,*ciṭaka,,,4571
4573,Indo-Aryan,*caṭṭ,"lick, taste",,4573
4576,Indo-Aryan,*caṭyatē,is broken,,4576
4578,Indo-Aryan,*caḍʰati,rises,,4578
4578-2,Indo-Aryan,*caḍʰyati,,,4578
4578-3,Indo-Aryan,*cāḍʰayati,raises,,4578
4578-4,Indo-Aryan,*cāḍʰa,rising,,4578
4584,Indo-Aryan,cáṇḍa,"passionate, fierce, cruel",MBh Epic,4584
4586,Indo-Aryan,cátati,hides oneself,RV Early-Vedic,4586
4590,Indo-Aryan,catuḣṣaṣṭi,64,f AitBr Early-Vedic,4590
4591,Indo-Aryan,catuḣsaptati,74,f,4591
4592,Indo-Aryan,*catuḣsara,four-fold,,4592
4594,Indo-Aryan,caturá,quick; clever,Kathās Pañcat Medieval Classical,4594
4597,Indo-Aryan,caturaśīti,84,f,4597
4598,Indo-Aryan,cáturaśri,quadrangular,RV Early-Vedic,4598
4598-2,Indo-Aryan,caturaśra,,Kauś Early-Vedic,4598
46,Indo-Aryan,ákṣu,bamboo-pole,m AV Early-Vedic,46
4605,Indo-Aryan,cáturdaśa,fourteen,RV Early-Vedic,4605
4605-2,Indo-Aryan,*catrudaśa,,,4605
4606,Indo-Aryan,caturdaśá,14th,Yājñ Classical,4606
4606-2,Indo-Aryan,cāturdaśa,appearing on the 14th day,Pāṇ Epic,4606
4611,Indo-Aryan,caturdvāra,having 4 doors,MBh Epic,4611
4611-2,Indo-Aryan,*caturduvāra,,,4611
4612,Indo-Aryan,caturdʰara,name of a family or race,m MW,4612
4614,Indo-Aryan,caturnavati,94,f,4614
4615a,Indo-Aryan,*caturmārga,crossroads,,4615a
4616,Indo-Aryan,caturmāsa,period of 4 months,n W,4616
462,Indo-Aryan,ápavyayati,takes off (clothes),RV Early-Vedic,462
462-2,Indo-Aryan,ávavyayati,id,,462
4620,Indo-Aryan,*caturvartman,cross-roads,,4620
4623,Indo-Aryan,cáturviṁśati,twenty-four,f VS Early-Vedic,4623
4626,Indo-Aryan,*caturhaṭṭa,market at cross-roads,,4626
4627,Indo-Aryan,caturhāyaṇa,four years old,Pāṇ Epic,4627
4629,Indo-Aryan,catuṣka,consisting of four; set of four; quadrangular courtyard,n Mn Pañcat Epic Classical,4629
463,Indo-Aryan,*apaśrāpayati,makes retire from,,463
463-2,Indo-Aryan,*apaśrāpaṇa,,,463
4635,Indo-Aryan,*catuṣkʰuṇṭa,four-cornered,,4635
4635-2,Indo-Aryan,*catuṣkuṇṭa,,,4635
4636,Indo-Aryan,*catuṣkʰura,four-hoofed,,4636
4638,Indo-Aryan,cátuṣpañcāśat,54,f ŚBr Early-Vedic,4638
4640,Indo-Aryan,*catuṣpattra,four-leaved,,4640
4640-2,Indo-Aryan,catuṣpattrī,the plant Marsilea quadrifolia,f lex,4640
4641,Indo-Aryan,cátuṣpada,four-footed,MBh Epic,4641
4644,Indo-Aryan,*catuṣpāṭa,extending on 4 sides (?),,4644
4646,Indo-Aryan,cátuṣpāda,four-footed,ŚBr Early-Vedic,4646
4646-2,Indo-Aryan,catuṣpādikā,verse of 4 lines,f,4646
4648,Indo-Aryan,catuṣpuṭa,having 4 folds,ĀpŚr Early-Vedic,4648
465,Indo-Aryan,ápasarati,"slips off from, goes away",RV Early-Vedic,465
4654,Indo-Aryan,catvará,*having four; quadrangular place,MBh Epic,4654
4655,Indo-Aryan,catvā́raḣ,four,m RV Early-Vedic,4655
4655-2,Indo-Aryan,catvā́ri,,n,4655
4655-3,Indo-Aryan,catúraḣ,,m,4655
4656,Indo-Aryan,catvāriṁśát,40,f RV Early-Vedic,4656
4657,Indo-Aryan,cándati,shines,Nir Early-Vedic,4657
4661,Indo-Aryan,candrá,shining; moon,RV VS Early-Vedic,4661
4662,Indo-Aryan,candraka,spot like the moon; moon-shaped circle,R Śiś Epic Classical,4662
4669,Indo-Aryan,candrikā,moonlight; splendour; *silver,f VS Kālid Early-Vedic Classical,4669
467,Indo-Aryan,apaskara,faeces,m,467
467-2,Indo-Aryan,avaskara,faeces,m,467
4672,Indo-Aryan,capalá,"trembling, fickle",MBh Epic,4672
4673,Indo-Aryan,capēṭa,slap with open hand,m Kathās Medieval,4673
4673-2,Indo-Aryan,capaṭa,,lex,4673
4673-3,Indo-Aryan,*cappēṭa,,,4673
4673-4,Indo-Aryan,*cappēṭṭa,,,4673
4674,Indo-Aryan,*capp,press,,4674
4674-2,Indo-Aryan,*camp,,,4674
4674-3,Indo-Aryan,*cipp,,,4674
4675,Indo-Aryan,*cappayati,chews,,4675
4676,Indo-Aryan,*camakka,sudden movement,,4676
4676-2,Indo-Aryan,*cammakka,,,4676
4677,Indo-Aryan,camará,the yak Bos grunniens,m,4677
4678,Indo-Aryan,campa,Bauhinia variegata,m lex,4678
4680,Indo-Aryan,*campavēlli,jasmine,,4680
4681,Indo-Aryan,cáya,"mound of earth as rampart or foundation, heap",m MBh Epic,4681
4681-2,Indo-Aryan,*cāya,,,4681
4682,Indo-Aryan,cáyana,"piling up (wood, &amp;c.); stacked wood",n AV MBh Early-Vedic Epic,4682
4683,Indo-Aryan,cará,moving; spy,Pāṇ R Epic,4683
4685,Indo-Aryan,cáraṇa,going about; grazing; behaviour,n RV W KātyŚr Early-Vedic,4685
4686,Indo-Aryan,cárati,moves; grazes,intr RV Early-Vedic,4686
4686-2,Indo-Aryan,*carayati,moves; grazes,caus,4686-2
4687,Indo-Aryan,carátʰa,wandering,n RV Early-Vedic,4687
4688,Indo-Aryan,*carassa,raw hide,,4688
4689,Indo-Aryan,carā,moving,RV Early-Vedic,4689
469,Indo-Aryan,*apahaṭṭ,move away,,469
4690,Indo-Aryan,caritá,"course, behaviour",n RV Early-Vedic,4690
4691,Indo-Aryan,carítra,"foot, leg; going; behaviour",n RV VS Mn Early-Vedic Epic,4691
4692,Indo-Aryan,carú,"pot, saucepan",m RV Early-Vedic,4692
4696,Indo-Aryan,*carpa,flat,,4696
4696-2,Indo-Aryan,carpaṭa,"lying flat to the head (of ears); palm of hand, thin biscuit of flour",VarBr̥S lex Classical,4696
4696-3,Indo-Aryan,*carpaṭṭa,,,4696
4698,Indo-Aryan,carmakāra,leatherworker,m MBh Epic,4698
47,Indo-Aryan,*akṣēma,unpeaceful,,47
4700,Indo-Aryan,carmacaṭaka,bat,m,4700
4701,Indo-Aryan,cárman,"hide, skin",n RV Early-Vedic,4701
4701-2,Indo-Aryan,*carmaḍa-,"hide, skin",ext:ḍa,4701-2
4703,Indo-Aryan,carmapattrā,bat,f lex,4703
4709,Indo-Aryan,*carmōtkuṇa,skin tick,,4709
4710,Indo-Aryan,caryā,conduct; going about,f ŚBr MBh Early-Vedic Epic,4710
4711,Indo-Aryan,cárvati,chews,,4711
4711-2,Indo-Aryan,*carvavvati,chews,ext:vv,4711-2
4711-3,Indo-Aryan,*carvabbati,chews,ext:bb,4711-3
4711-4,Indo-Aryan,*carvabbhati,chews,ext:bbh,4711-4
4712,Indo-Aryan,*carṣati,ploughs,,4712
4712-2,Indo-Aryan,*carṣa,,,4712
4712-3,Indo-Aryan,*carṣaṇa,,,4712
4714,Indo-Aryan,cala,movement,lex,4714
4715,Indo-Aryan,cálati,"goes away; shakes, trembles",MBh Epic,4715
4716,Indo-Aryan,calana,trembling; wandering,n Pāṇ MBh Epic,4716
4719,Indo-Aryan,calācalá,,,4719
472,Indo-Aryan,ápaharati,"snatches away, plunders",ŚBr Early-Vedic,472
4720,Indo-Aryan,calita,"shaking, trembling; disordered of mind",MBh Hariv Epic Classical,4720
4721,Indo-Aryan,*calyati,goes,,4721
4722,Indo-Aryan,*calyā,"gait, conduct",,4722
4724,Indo-Aryan,*cavati,says,,4724
4724-2,Indo-Aryan,*cāvayati,,caus,4724
4726,Indo-Aryan,cavī,,,4726
4726-2,Indo-Aryan,cavya,,n,4726
4727,Indo-Aryan,caṣati,eats,Dhātup Epic,4727
4730,Indo-Aryan,*cassakk,"throb, twitch, sudden pain",,4730
4731,Indo-Aryan,*cahakk,burn brightly,,4731
4734,Indo-Aryan,*cācca,uncle,,4734
4735,Indo-Aryan,cāṭa,"rogue, cheat",m Yājñ Classical,4735
4737,Indo-Aryan,cāṭu,flattery,m Hariv Classical,4737
4741,Indo-Aryan,cāturtʰaka,appearing every 4th day,Suśr Classical,4741
4741-2,Indo-Aryan,cāturtʰika,belonging to the 4th day; quartan fever,W,4741
4742,Indo-Aryan,cāturmāsyá,name of three sacrifices at the beginning of the 4-month period; beginning of a season of 4-months,n TS MBh Early-Vedic Epic,4742
4743,Indo-Aryan,cāttra,spindle; peg used with the araṇi in making fire by friction,,4743
4745,Indo-Aryan,*cāndraṇa,moonlight,m,4745
4747,Indo-Aryan,cāmara,"coming from the yak; yak's tail used as flywhisk, chowry",BhP MBh Medieval Epic,4747
4749,Indo-Aryan,*cāmala,husked rice,,4749
4752a,Indo-Aryan,cā́yati,observes,TS Early-Vedic,4752a
4753,Indo-Aryan,cāyayati,causes to be heaped up,Pāṇ Epic,4753
4753-2,Indo-Aryan,cāpayati,,Pāṇ Epic,4753
4755,Indo-Aryan,cāra,"motion, course; *grazing, *fodder",ChUp Early-Vedic,4755
4759,Indo-Aryan,*cāraṇī,sieve,,4759
4760,Indo-Aryan,cāráyati,"causes to move, shakes; grazes",tr AV Early-Vedic,4760
4761,Indo-Aryan,*cārādya,grazing,,4761
4762,Indo-Aryan,*cāri,grass,,4762
4767,Indo-Aryan,cārmá,leathern,Pāṇ Epic,4767
4768,Indo-Aryan,*cāla,moving,lex,4768
4769,Indo-Aryan,cāla,movement,,4769
4770,Indo-Aryan,cāla,thatch,lex,4770
4771,Indo-Aryan,cālana,"causing to move; causing to pass through a strainer; strainer, sieve",n MBh W lex Epic,4771
4772,Indo-Aryan,cāláyati,"shakes, jogs, drives away",MBh Epic,4772
4775,Indo-Aryan,*cāh,"see, look for, desire",,4775
4776,Indo-Aryan,cikura,hair of head; hair of a chowry,Gīt Bālar Medieval,4776
4778,Indo-Aryan,*cikk,"press, squeeze",,4778
4779,Indo-Aryan,cikka,muskrat,lex,4779
4780,Indo-Aryan,cikka,"gummy matter in eyes, bird-lime",,4780
4781,Indo-Aryan,*cikka,small,,4781
4782,Indo-Aryan,cikkáṇa,"slippery, unctuous",MBh Epic,4782
4783,Indo-Aryan,*cikṣurati,scratches up,,4783
4784,Indo-Aryan,cikʰalla,"mud, mire",m,4784
4784-2,Indo-Aryan,*cakʰalla,,,4784
4784-3,Indo-Aryan,*cikkʰalla,,,4784
4785,Indo-Aryan,*ciŋga,young bird,,4785
4785-2,Indo-Aryan,*cēŋga,,,4785
4786,Indo-Aryan,ciŋgaṭa,,m,4786
4786-2,Indo-Aryan,*ciŋ- gaṭṭa,,,4786
4787,Indo-Aryan,*ciŋgʰāṭa,"noise, scream",,4787
4789,Indo-Aryan,*cicc,scream,,4789
4789-2,Indo-Aryan,*cēñc,,,4789
4792,Indo-Aryan,ciñcā,the tree Tamarindus indica,f,4792
4792-2,Indo-Aryan,ciñciṇī,,f,4792
4792-3,Indo-Aryan,cintiḍī,,f,4792
4794,Indo-Aryan,*ciḍ,be angry,,4794
4794-2,Indo-Aryan,*ciḍʰ,,,4794
4794-3,Indo-Aryan,*cēḍ,make angry,,4794
4794-4,Indo-Aryan,*cʰēḍ,,,4794
4798,Indo-Aryan,cíti,"layer, pile, stack of wood",f TS Early-Vedic,4798
4799,Indo-Aryan,cittá,visible; thinking; mind,RV TS Early-Vedic,4799
479a,Indo-Aryan,apāná,that of the five vital airs which goes down; anus; fart,m TS MBh lex Early-Vedic Epic,479a
48,Indo-Aryan,akṣōṭa,"walnut (or pistacio nut ?); Aleurites triloba, Croton moluccanum; a mountain-tree <smallcaps>pīlú</smallcaps>-¹",m Kālid Suśr lex Classical,48
4801,Indo-Aryan,cítti,thought,RV Early-Vedic,4801
4802,Indo-Aryan,*cittʰ,"pound, tear",,4802
4803,Indo-Aryan,citrá,"conspicuous, bright; variegated",RV MBh Early-Vedic Epic,4803
4804,Indo-Aryan,citraka,leopard,m MBh Epic,4804
4807,Indo-Aryan,citrakāra,painter,m,4807
4809,Indo-Aryan,citrala,variegated; spotted antelope,m lex,4809
4810,Indo-Aryan,citráyati,decorates,MBh Epic,4810
4814,Indo-Aryan,cinṓti,heaps up; collects; gathers up,AV MBh Early-Vedic Epic,4814
4814-2,Indo-Aryan,*cinvati,,,4814
4815,Indo-Aryan,cintáyati,thinks; cares for,MBh Mn Epic,4815
4816,Indo-Aryan,cintā́,"thought, care",f MBh Epic,4816
4818,Indo-Aryan,cipiṭá,"flat, flatnosed",Pāṇ Epic,4818
4818-2,Indo-Aryan,*cippiṭa,,,4818
4818-3,Indo-Aryan,*cimpaṭa,,,4818
4818-4,Indo-Aryan,*cippiṭṭa,,,4818
4819,Indo-Aryan,*cippa,gummy matter,,4819
482,Indo-Aryan,apārá,boundless; the near bank,RV MBh Early-Vedic Epic,482
4820,Indo-Aryan,cibuka,chin,n Yājñ Classical,4820
4820-2,Indo-Aryan,cʰúbuka,,n,4820
4821,Indo-Aryan,*cibba,flattened,,4821
4822,Indo-Aryan,*cimb,pinch,,4822
4824,Indo-Aryan,cirá,"long, lasting",,4824
4826,Indo-Aryan,cirbʰaṭa,Cucumis utilissimus,m Car Epic,4826
4826-2,Indo-Aryan,cirbʰiṭa,,m,4826
4826-3,Indo-Aryan,*jibbʰuṭa,,,4826
4827,Indo-Aryan,*cilla,"unctuous, shining",,4827
4828,Indo-Aryan,cillaṭa,a creeping animal,,4828
4829,Indo-Aryan,cilli,a kind of bird of prey,m Suśr Classical,4829
4832,Indo-Aryan,*ciṣṭa,message,,4832
4833,Indo-Aryan,cihna,"mark, sign",n MBh Epic,4833
4836,Indo-Aryan,cihnayati,"stamps, marks",Mn Epic,4836
4837,Indo-Aryan,cīḍā,tree from which turpentine is obtained; a kind of perfume,f,4837
4837-2,Indo-Aryan,*cīdā,,,4837
4837-3,Indo-Aryan,*cillā,,,4837
4838,Indo-Aryan,*cītkarõti,cries out,,4838
4839,Indo-Aryan,cītkāra,"cry, noise",m MBh Epic,4839
4841,Indo-Aryan,cīna-,Chinese,,4841
4842,Indo-Aryan,cīna,Panicum miliaceum,,4842
4842-2,Indo-Aryan,cinna,,m,4842
4842a,Indo-Aryan,cīmara,copper,,4842a
4843,Indo-Aryan,cī́ra,strip (of bark or cloth),n TĀr Early-Vedic,4843
4844,Indo-Aryan,*cīrayati,splits,,4844
4847,Indo-Aryan,*cīssa,sharp pain,,4847
4848,Indo-Aryan,*cukk,"fall short of, stop",,4848
4848-2,Indo-Aryan,*cukkaya-,"fall short of, stop",caus,4848-2
4849,Indo-Aryan,cukkáyati,inflicts or suffers pain,Dhātup Epic,4849
485,Indo-Aryan,ápi,"also, even",RV Early-Vedic,485
4850,Indo-Aryan,cukrá,"sour, sharp to the taste; a sour fruit drink (esp. of tamarind), vinegar; name of various sharp-tasting plants, e.g. sorrel",Suśr lex Classical,4850
4852,Indo-Aryan,*cugyati,pecks,,4852
4853,Indo-Aryan,*cuŋgati,pecks,,4853
4854,Indo-Aryan,*cucca,"defective, blear-eyed",,4854
4854-2,Indo-Aryan,*cuñca,,,4854
4855,Indo-Aryan,*cuccu,"female breast, nipple",,4855
4855-2,Indo-Aryan,*cucci,,,4855
4857,Indo-Aryan,cuṭáti,"cuts off, *strikes",Dhātup Epic,4857
4857-2,Indo-Aryan,*cuṭṭ,,,4857
4857-3,Indo-Aryan,cúṇṭati,,,4857
4857-4,Indo-Aryan,cōṭáyati,,Dhātup Epic,4857
4857-5,Indo-Aryan,*cōṭṭ,,,4857
4857-6,Indo-Aryan,cuṇṭʰáyati,hurts,Dhātup Epic,4857
4857-7,Indo-Aryan,*cōttʰ,,,4857
4858,Indo-Aryan,*cuḍ,wear away,,4858
4859,Indo-Aryan,cúṇḍati,becomes small,Dhātup Epic,4859
4860,Indo-Aryan,*cutta,,,4860
4860-2,Indo-Aryan,*cuḍḍa,,,4860
4860-3,Indo-Aryan,*cuḍa,,,4860
4860-4,Indo-Aryan,*cukka,,,4860
4863,Indo-Aryan,*cupp,strike,,4863
4863-2,Indo-Aryan,*cōpp,,,4863
4863-3,Indo-Aryan,*cump,,,4863
4864,Indo-Aryan,*cuppa,silent,,4864
4865,Indo-Aryan,*cuppa,oily,,4865
4866,Indo-Aryan,*cubb,pierce,,4866
4866-2,Indo-Aryan,*cōbb,,,4866
4866-3,Indo-Aryan,*cōmb,,,4866
4867,Indo-Aryan,*cubʰyatē,is pierced,,4867
4868,Indo-Aryan,cumba,kissing,m lex,4868
4870,Indo-Aryan,cúmbati,kisses,MBh Epic,4870
4872,Indo-Aryan,*cumbʰati,pierces,,4872
4873,Indo-Aryan,curī,small well or reservoir near a well,f lex,4873
4873-2,Indo-Aryan,*carī,,,4873
4874,Indo-Aryan,*cul,"fidget, itch",,4874
4874-2,Indo-Aryan,*cil,,,4874
4874-3,Indo-Aryan,*cōl,,tr,4874
4875,Indo-Aryan,culu,handful of water,m Gal,4875
4875-2,Indo-Aryan,calu,mouthful of water,m lex,4875
4877,Indo-Aryan,*culla,small,,4877
4879,Indo-Aryan,cullī,fireplace,f Mn Epic,4879
4881,Indo-Aryan,*cullīdʰāna,fire-place,,4881
4882,Indo-Aryan,*cullīdʰāra,having a stove,m,4882
4883,Indo-Aryan,cū́ḍa,protuberance on brick,ŚBr Early-Vedic,4883
4883-2,Indo-Aryan,*cōṇḍa,,,4883
4883-3,Indo-Aryan,*cōṭṭa,,,4883
4883-4,Indo-Aryan,*cunda,,,4883
4884,Indo-Aryan,cūḍa,bracelet,lex,4884
4888,Indo-Aryan,*cūra,powder,,4888
4888-2,Indo-Aryan,*cūrayati,powders,,4888
4888-3,Indo-Aryan,*cūraṇa,,,4888
4889,Indo-Aryan,cūrṇa,*pulverized; *anything ground,VarBr̥S Classical,4889
489,Indo-Aryan,apuṇya,impure,MW,489
489-2,Indo-Aryan,supuṇya,very excellent,MBh Epic,489
4894,Indo-Aryan,cūrṇayati,pulverizes,MBh Epic,4894
4894-2,Indo-Aryan,cūrṇita,"crushed, pulverized",MBh Epic,4894
4898,Indo-Aryan,cū́ṣati,sucks,Dhātup Epic,4898
4898-2,Indo-Aryan,*cūṣyati,,,4898
4898-3,Indo-Aryan,*cūṣṭa,,,4898
4899,Indo-Aryan,*cūha,"rat, mouse",,4899
4902,Indo-Aryan,cēṭa,slave,m Kathās Medieval,4902
4903,Indo-Aryan,*cēṭarūpa,slave,,4903
4904,Indo-Aryan,*cēṭṭa,defective,,4904
4906,Indo-Aryan,cētáyati,"makes attentive, observes",RV Early-Vedic,4906
4908,Indo-Aryan,cḗttr̩,attentive,RV Early-Vedic,4908
491,Indo-Aryan,apūpá,cake of flour,m RV Early-Vedic,491
491-2,Indo-Aryan,pūpa,a kind of cake,m MBh Epic,491
491-3,Indo-Aryan,pūpalā,a sweet cake fried with ghee or oil,f lex,491
4910,Indo-Aryan,cēla,"clothes, garment",n Gaut Early-Vedic,4910
4911,Indo-Aryan,*cēlla,boy,,4911
4915,Indo-Aryan,caitrá,month in which full moon is in constellation of Citrā,m ŚāṅkhBr Early-Vedic,4915
4916,Indo-Aryan,caiva,and indeed,,4916
4917,Indo-Aryan,*cōkka,"chaff, bran",,4917
4918,Indo-Aryan,cōkṣa,"pure, clean",Mn Epic,4918
4919,Indo-Aryan,*cōgana,pecking,,4919
492,Indo-Aryan,apūpíya,fit for cakes; meal,,492
4921,Indo-Aryan,*cōŋga,section of bamboo,,4921
4922,Indo-Aryan,*cōṭṭa,thief,,4922
4923,Indo-Aryan,cōḍa,jacket,,4923
4925,Indo-Aryan,*cōṇṭa,beak,,4925
4925-2,Indo-Aryan,cōṭa,,,4925
4925-3,Indo-Aryan,*ṭōñca,,,4925
4925-4,Indo-Aryan,*ṭōcca,,,4925
4926,Indo-Aryan,cōdá,driver,m,4926
4928,Indo-Aryan,cōdáyati,"impels; importunes, asks",RV Mn Early-Vedic Epic,4928
4929,Indo-Aryan,*cōddati,copulates,,4929
4931,Indo-Aryan,cōrá,thief,TĀr Early-Vedic,4931
4931-2,Indo-Aryan,cōrī́,,f,4931
4933,Indo-Aryan,cōráyati,steals,,4933
4935,Indo-Aryan,cōṣayati,sucks,Suśr Classical,4935
4938,Indo-Aryan,caurya,theft,n Yājñ Classical,4938
4938-2,Indo-Aryan,*cauriya,,,4938
4939,Indo-Aryan,cyávatē,"moves to and fro, retires; drops from, trickles from; falls; perishes",RV MBh R Mn Early-Vedic Epic,4939
494,Indo-Aryan,apūrvá,unprecedented,ŚBr Early-Vedic,494
4941,Indo-Aryan,cyāváyati,causes to move,RV Early-Vedic,4941
4947,Indo-Aryan,cyōta,"oozing, sprinkling",m lex,4947
4948,Indo-Aryan,cyṓtati,"flows, trickles, oozes, causes to stream forth",Bhaṭṭ Classical,4948
4948-2,Indo-Aryan,*cyutati,,,4948
4949,Indo-Aryan,*cyōtana,trickling,,4949
495,Indo-Aryan,*apr̩ta,"unfilled, uncompleted",,495
4952,Indo-Aryan,*cʰakana,dung,n,4952
4956,Indo-Aryan,*cʰakka,"astonished, excited",,4956
4957,Indo-Aryan,*cʰakka,mouthful,,4957
4959,Indo-Aryan,*cʰagaṭa,goat,,4959
496,Indo-Aryan,*apr̩ti,deficiency,,496
4961,Indo-Aryan,*cʰagana,goat,,4961
4962,Indo-Aryan,*cʰagarūpa,goat,,4962
4963,Indo-Aryan,cʰagalá,goat,m TS Early-Vedic,4963
4963-2,Indo-Aryan,*cʰagalla,,,4963
4963-3,Indo-Aryan,*cʰagara,,,4963
4963-4,Indo-Aryan,*cʰaggala,,,4963
4964,Indo-Aryan,*cʰajja,basket,,4964
4965,Indo-Aryan,*cʰaṭ,"scatter, sift",,4965
4965-2,Indo-Aryan,*cʰāṭ,,,4965
4966,Indo-Aryan,*cʰaṭa,"stick, cane",,4966
4966-2,Indo-Aryan,*cʰaṭṭa,,,4966
4966-3,Indo-Aryan,*cʰiṭṭa,,,4966
4968,Indo-Aryan,*cʰaṭṭ,scatter,,4968
4969,Indo-Aryan,*cʰaṭṭa,sudden movement,,4969
497,Indo-Aryan,ápaiti,goes away,RV Early-Vedic,497
497-2,Indo-Aryan,apēta,departed,KātyŚr Early-Vedic,497
4970,Indo-Aryan,*cʰaṇṭ,scatter,,4970
4971,Indo-Aryan,*cʰatti,covering,,4971
4972,Indo-Aryan,cʰáttra,parasol,KātyŚr Early-Vedic,4972
4973,Indo-Aryan,*cʰattra,young animal,,4973
4974,Indo-Aryan,cʰattraparṇa,the tree Alstonia scholaris,m lex,4974
4974-2,Indo-Aryan,saptaparṇa,its flower,m,4974
4974a,Indo-Aryan,*cʰattrayati,acts as cover,,4974a
4975,Indo-Aryan,cʰattrāka,mushroom,n ṢaḍvBr Early-Vedic,4975
4976,Indo-Aryan,cʰattvará,"house, bower",m lex,4976
4977,Indo-Aryan,cʰada,covering; leaf,m R lex Epic,4977
4979,Indo-Aryan,cʰadana,cover; leaf,n R Suśr Epic Classical,4979
4980,Indo-Aryan,cʰadís,"cover, roof",n RV Early-Vedic,4980
4981,Indo-Aryan,cʰádman,roof; deceptive dress,n ĀśvGr̥ Mn Early-Vedic Epic,4981
4982,Indo-Aryan,*cʰadyati,seems good,,4982
4983a,Indo-Aryan,cʰánda,"pleasing; pleasure, will",RV Yājñ Early-Vedic Classical,4983a
4984,Indo-Aryan,*cʰandati,binds,,4984
4984-2,Indo-Aryan,*cʰanda,bond,,4984
4984-3,Indo-Aryan,*cʰandana,binding,,4984
4987,Indo-Aryan,cʰandas,deceit,Uṇ,4987
4989,Indo-Aryan,cʰanna,covered,MBh Epic,4989
499,Indo-Aryan,*apōṣṇa,not hot,,499
4990,Indo-Aryan,*cʰanna,jingle,,4990
4992,Indo-Aryan,*cʰanni,covering,,4992
4994,Indo-Aryan,*cʰapp,"press, cover, hide",,4994
4994-2,Indo-Aryan,*cʰipp,,,4994
4997,Indo-Aryan,*cʰamma,"jingle, sizzle, sparkle",,4997
4998,Indo-Aryan,cʰárdati,,Dhātup Epic,4998
4998-2,Indo-Aryan,*cʰr̩ndati,,,4998
4999,Indo-Aryan,cʰardí,expulsion (of breath); vomiting,f,4999
500,Indo-Aryan,*appa,father,,500
500-2,Indo-Aryan,*appā,elder sister,f,500
5001,Indo-Aryan,cʰala,"fraud, deceit",Mn Epic,5001
5002,Indo-Aryan,*cʰala,splash,,5002
5002-2,Indo-Aryan,*cʰalakka,,,5002
5002-3,Indo-Aryan,*cʰalla,,,5002
5002-4,Indo-Aryan,*cʰallakka,,,5002
5003,Indo-Aryan,cʰalayati,deceives,MBh Epic,5003
5004,Indo-Aryan,cʰalin,deceitful,W,5004
5005,Indo-Aryan,cʰalli,bark,,5005
5006,Indo-Aryan,cʰavī́,"skin, hide",f TS Early-Vedic,5006
5007,Indo-Aryan,*cʰākana,made of dung,,5007
5009,Indo-Aryan,cʰāgala,coming from a goat; goat,Suśr R Classical Epic,5009
501,Indo-Aryan,ápya,being in water,RV Early-Vedic,501
501-2,Indo-Aryan,ā́pya,"living in water, belonging to water",Suśr Classical,501
5011,Indo-Aryan,*cʰāgya,herd of goats,,5011
5012,Indo-Aryan,*cʰāccʰī,buttermilk,,5012
5012-2,Indo-Aryan,*cʰāśī,,,5012
5013,Indo-Aryan,*cʰāṇṭ,cut,,5013
5014,Indo-Aryan,*cʰātti,"chest, breast",,5014
5016,Indo-Aryan,cʰā́ttriśālā,school (?),f Pāṇ Epic,5016
5017,Indo-Aryan,cʰādana,covering,n MBh Epic,5017
5018,Indo-Aryan,cʰādáyati,"covers, veils",RV Early-Vedic,5018
502,Indo-Aryan,apsarás,one of the female divinities connected with water,f RV Early-Vedic,502
5020,Indo-Aryan,cʰādi,*covering,,5020
5021,Indo-Aryan,*cʰādikūṭa,heap of ashes,,5021
5022,Indo-Aryan,cʰādmika,fraudulent,Mn Epic,5022
5023,Indo-Aryan,cʰādya,to be sheltered,,5023
5023-2,Indo-Aryan,*cʰādiya,,,5023
5024,Indo-Aryan,*cʰādyatē,is covered,,5024
5025,Indo-Aryan,*cʰādyabʰāra,load of thatching material,,5025
5026,Indo-Aryan,*cʰāpa,young one,,5026
5026-3,Indo-Aryan,*cʰāpann-,young one,ext:nn,5026-3
5026-4,Indo-Aryan,*cʰāpala-,young one,ext:la,5026-4
5027,Indo-Aryan,cʰāyā́,"shade, shadow, reflection; complexion; beauty",f RV Suśr VarBr̥S Early-Vedic Classical,5027
503,Indo-Aryan,abalá,weak,RV Early-Vedic,503
5032,Indo-Aryan,cʰikkā,sneeze,f lex,5032
5035,Indo-Aryan,*cʰiṭ,"sudden movement, flash, splash, scatter",,5035
5035-2,Indo-Aryan,*cʰiṭṭ,,,5035
5035-3,Indo-Aryan,*cʰiṇṭ,,,5035
5037,Indo-Aryan,cʰitti,cutting,f,5037
5038,Indo-Aryan,cʰittvará,"fit for cutting, roguish, hostile",lex,5038
5040,Indo-Aryan,*cʰitr,"scatter, sprinkle",,5040
5040-2,Indo-Aryan,*cʰitraḍ-,"scatter, sprinkle",ext:ḍ,5040-2
5041,Indo-Aryan,*cʰidati,cuts,,5041
5042,Indo-Aryan,cʰidyatē,"is cut, is split",MBh Epic,5042
5043,Indo-Aryan,cʰidrá,"torn asunder; having holes, pierced; leaky; slit, cleft, hole",RV KātyŚr MBh VS Early-Vedic Epic,5043
5044,Indo-Aryan,*cʰin,"sift, sprinkle (&lt; sudden movement?)",,5044
5045,Indo-Aryan,cʰinátti,cuts,RV Early-Vedic,5045
5046,Indo-Aryan,*cʰindati,"cuts off, splits",,5046
5047,Indo-Aryan,cʰinná,cut off,AV Early-Vedic,5047
5048,Indo-Aryan,*cʰinnāli,adulteress,,5048
5049,Indo-Aryan,*cʰir,pierce,,5049
5051,Indo-Aryan,*cʰilla,"torn, cut; hole",,5051
5052,Indo-Aryan,*cʰilla,"skin, rind",,5052
5053,Indo-Aryan,cʰuccʰundari,musk-rat,m Yājñ Classical,5053
5055,Indo-Aryan,cʰupáti,touches,Dhātup Epic,5055
5057,Indo-Aryan,*cʰupti,touch,,5057
5058,Indo-Aryan,*cʰupp,"cover, hide",,5058
5058-2,Indo-Aryan,*cʰōpp,,,5058
5060,Indo-Aryan,cʰurayati,strews,Kād Medieval,5060
5060-2,Indo-Aryan,cʰōrayati,"removes, throws away, abandons",BHSk,5060
5062,Indo-Aryan,*cʰēḍ,make wander,,5062
5062-2,Indo-Aryan,*cʰēl,,,5062
5063,Indo-Aryan,cʰḗttum,to cut,,5063
5064,Indo-Aryan,cʰēda,"section, piece; incision; interruption, cessation",m R VarBr̥S MBh Epic Classical,5064
5064-2,Indo-Aryan,*cʰēdaḍa-,"section, piece; incision; interruption, cessation",ext:ḍa,5064-2
5064-3,Indo-Aryan,*cʰēdaṭṭa-,"section, piece; incision; interruption, cessation",ext:ṭṭa,5064-3
5064-4,Indo-Aryan,*cʰēdara-,"section, piece; incision; interruption, cessation",ext:ra,5064-4
5064-5,Indo-Aryan,*cʰēdakka-,"section, piece; incision; interruption, cessation",ext:kka,5064-5
5065,Indo-Aryan,*cʰēdacihnaka,mark of punctuation,,5065
5065-2,Indo-Aryan,*ḍēhmu,hornet,,5065
5066,Indo-Aryan,cʰēdana,cutting; act of cutting; instrument for cutting,n MBh lex Epic,5066
5067,Indo-Aryan,cʰēdayati,causes to cut off; cuts off,Mn ŚāṅkhŚr Epic Late-Vedic,5067
5068,Indo-Aryan,cʰēdyatē,is caused to be cut,,5068
5069,Indo-Aryan,*cʰōka,boy,,5069
5069-2,Indo-Aryan,*cʰōkka,,,5069
5070,Indo-Aryan,*cʰōkara,boy,,5070
5070-2,Indo-Aryan,*cʰōkʰara,,,5070
5070-3,Indo-Aryan,*cʰōkkara,,,5070
5071,Indo-Aryan,*cʰōṭṭa,small,,5071
5072,Indo-Aryan,*cʰōra,orphan,,5072
5073,Indo-Aryan,*cʰōll,"to peel, skin",,5073
5075,Indo-Aryan,*jakka,hair,,5075
5075-2,Indo-Aryan,*jagga,,,5075
5078,Indo-Aryan,jágat,"moving, living; men and animals; the world",RV ŚBr Early-Vedic,5078
5078-2,Indo-Aryan,jágatī,female animal,f RV Early-Vedic,5078
508,Indo-Aryan,abʰāgya,unfortunate,R Epic,508
5082,Indo-Aryan,jáŋgʰā,shank (ankle to knee),f RV Early-Vedic,5082
5083,Indo-Aryan,jaŋgʰāla,running swiftly; a class of animals,m Car Epic,5083
5085,Indo-Aryan,*jañjāla,"worry, affairs",,5085
5086,Indo-Aryan,jáṭā,"hair twisted together; fibrous root, root",f PārGr̥ Bhpr Early-Vedic Medieval,5086
5086-2,Indo-Aryan,*jaṭṭa-,,,5086
5086-3,Indo-Aryan,*jāṭā,,,5086
5088,Indo-Aryan,jaṭula,"mole, freckle",,5088
5090,Indo-Aryan,jaḍa,"stupid, dumb; cold",Mn Pañcat Epic Classical,5090
5090-2,Indo-Aryan,*jaḍḍa,,,5090
5090-3,Indo-Aryan,jáḍʰu,,,5090
5090-4,Indo-Aryan,*jūḍa,,,5090
5091,Indo-Aryan,*jaḍati,"joins, sets",,5091
5091-2,Indo-Aryan,*jāḍa,"joining, pair",,5091
5093,Indo-Aryan,játu,lac,n Kauś Early-Vedic,5093
5095,Indo-Aryan,*jatta,hair,,5095
5095-2,Indo-Aryan,*jatra,,,5095
5095-3,Indo-Aryan,*jacca,,,5095
5098,Indo-Aryan,jána,"race, person",m RV Early-Vedic,5098
5099,Indo-Aryan,jánana,birth,n Mn Epic,5099
509a,Indo-Aryan,abʰíkarōti,,,509a
509a-2,Indo-Aryan,*abʰikr̩ta,,,509a
5100,Indo-Aryan,jananī,mother,f ŚāṅkhŚr Late-Vedic,5100
5102,Indo-Aryan,janáyati,causes to be born; begets,AV ŚBr Early-Vedic,5102
5103,Indo-Aryan,jáni,"woman, wife",f RV Early-Vedic,5103
5105,Indo-Aryan,janítra,"origin, birthplace; procreative matter; parents",n RV VS AitBr Early-Vedic,5105
5105-2,Indo-Aryan,*jantra,,,5105
5106,Indo-Aryan,jánitrī,mother,f RV Early-Vedic,5106
5110,Indo-Aryan,jantú,"offspring, creature, man; any animal of lowest order, insect, worm",m RV Mn Early-Vedic Epic,5110
5110-2,Indo-Aryan,*jantī,,,5110
5110-3,Indo-Aryan,*jantura-,"offspring, creature, man; any animal of lowest order, insect, worm",ext:ra,5110-3
5111,Indo-Aryan,janmatāra,the asterism under which one is born,m lex,5111
5112,Indo-Aryan,*janmadāna,birth,,5112
5113,Indo-Aryan,jánman,"birth, creature",n RV Early-Vedic,5113
5115,Indo-Aryan,*janmita,born,,5115
5118,Indo-Aryan,janyayātrā,bridal procession,f Mālatīm Classical,5118
5122,Indo-Aryan,*japp,"to squeeze, press",,5122
5123,Indo-Aryan,*japyati,"mutters, speaks",,5123
5124,Indo-Aryan,*jabbu,network muzzle,,5124
5126,Indo-Aryan,jámati,eats,Dhātup Epic,5126
5127,Indo-Aryan,jamana,eating,n lex,5127
5128,Indo-Aryan,jamba,mud,Uṇ,5128
5128-2,Indo-Aryan,jambāla,mud,Pañcat Classical,5128
513,Indo-Aryan,abʰicintayati,reflects on,MBh Epic,513
5130,Indo-Aryan,jambīra,citron tree; its fruit,m BhP Suśr Medieval Classical,5130
5131,Indo-Aryan,jambú,the rose-apple tree Eugenia jambolana,,5131
5132,Indo-Aryan,jambuka,jackal,m MBh Epic,5132
5135,Indo-Aryan,*jamburukṣa,Eugenia jambolana,,5135
5136,Indo-Aryan,jambula,Eugenia jambolana; Pandanus odoratissimus,m lex,5136
5136-2,Indo-Aryan,*jambūna,,,5136
5136-3,Indo-Aryan,*jamburulla,,,5136
5137,Indo-Aryan,jámbʰa,"tooth, eye-tooth, tusk; jaws",m pl RV Early-Vedic,5137
5139,Indo-Aryan,*jambʰahaḍḍa,jaw-bone,,5139
514,Indo-Aryan,*abʰiccʰardati,ejects on,,514
5140,Indo-Aryan,*jamm,be bright,,5140
5145,Indo-Aryan,jára,wearing out; *old,m RV Early-Vedic,5145
5145-2,Indo-Aryan,*jaratʰa,,,5145
5146,Indo-Aryan,jaraṇá,old,RV Early-Vedic,5146
5149,Indo-Aryan,járatē,"praises, addresses",RV Early-Vedic,5149
5152,Indo-Aryan,jarā́yu,"snake's slough; covering of embryo, afterbirth",n AV RV Early-Vedic,5152
5154,Indo-Aryan,jarjára,"decayed, torn, broken",MBh Epic,5154
5155,Indo-Aryan,jala,water,n MBh Epic,5155
5157,Indo-Aryan,jaladʰara,*holding water,MBh lex Epic,5157
5158,Indo-Aryan,jalaplava,deluge,m,5158
516,Indo-Aryan,abʰijñāna,"sign, token, remembrance",n R Epic,516
5161,Indo-Aryan,jalūkā,leech,f,5161
5161-2,Indo-Aryan,jalaukā,,f,5161
5161-3,Indo-Aryan,*jōkkā,,,5161
5161-4,Indo-Aryan,*jōŋkā,,,5161
5163,Indo-Aryan,jálpati,mutters,ŚBr Early-Vedic,5163
5167,Indo-Aryan,*javacāra,flood-tide,,5167
5167-2,Indo-Aryan,*javacāla,,,5167
517,Indo-Aryan,abʰítaratē,approaches,RV Early-Vedic,517
5172,Indo-Aryan,jáhakā,hedgehog,f VS Early-Vedic,5172
5172-2,Indo-Aryan,jāhaka,,m,5172
5173,Indo-Aryan,jáhāti,"leaves, emits; puts away",RV Mn Early-Vedic Epic,5173
5174,Indo-Aryan,jā́grat,waking; wakefulness,RV Early-Vedic,5174
5175,Indo-Aryan,jā́grati,are awake,3sg,5175
5177,Indo-Aryan,jāŋgala,"arid, sparingly grown with trees",Mn Epic,5177
5178,Indo-Aryan,*jāŋgʰa,relating to the leg,,5178
5178-2,Indo-Aryan,jāŋgʰika,,W,5178
518,Indo-Aryan,abʰítiṣṭʰati,treads on,RV Early-Vedic,518
5180,Indo-Aryan,jā́ḍya,chilliness; stupidity; insensibility,n KapS MBh Suśr Epic Classical,5180
5182,Indo-Aryan,jātá,born; son,m RV Early-Vedic,5182
5185,Indo-Aryan,jāti,birth; position fixed by birth; kind,f AitBr Mn KātyŚr Early-Vedic Epic,5185
5190,Indo-Aryan,jā́tya,of the same family; of good family; genuine,ŚBr R Suśr Early-Vedic Epic Classical,5190
5190-2,Indo-Aryan,*jātiya,,,5190
5191,Indo-Aryan,jānánt,knowing,pres RV Early-Vedic,5191
5192,Indo-Aryan,*jānayati,"begets, bears",,5192
5193,Indo-Aryan,jānā́ti,knows,RV Early-Vedic,5193
5195,Indo-Aryan,jā́nu,knee,n RV Early-Vedic,5195
5198,Indo-Aryan,jā́mātr̩,daughter's husband,m RV Early-Vedic,5198
5198-2,Indo-Aryan,*jāmātra,,,5198
5200,Indo-Aryan,jāmí,"related as brother and sister; brother; sister; relative; female relative, esp. son's wife",m f RV MBh Early-Vedic Epic,5200
5200-2,Indo-Aryan,*jāmil-,"related as brother and sister; brother; sister; relative; female relative, esp. son's wife",ext:l,5200-2
5204,Indo-Aryan,jā́yatē,is born; generates,RV R Early-Vedic Epic,5204
5204a,Indo-Aryan,*jāyantī,"begets, bears",f,5204a
5205,Indo-Aryan,jāyā́,wife,f RV Early-Vedic,5205
5206,Indo-Aryan,jārá,"lover, friend; paramour of a married woman",m RV ŚBr Early-Vedic,5206
5207,Indo-Aryan,*jārakuḍa,paramour's son,,5207
5208,Indo-Aryan,jāraṇa,"causing decay, condiment, oxydizing",n W,5208
521,Indo-Aryan,abʰiplavá,"*overflow, *flood",m,521
5212,Indo-Aryan,jāríya,"intimacy, love",,5212
5213,Indo-Aryan,jā́la,"net, snare; collection, lattice; omentum",n AV MBh Bhpr Early-Vedic Epic Medieval,5213
5214,Indo-Aryan,jālakāra,*net-maker; spider,m,5214
5217,Indo-Aryan,jālika,bird-catcher; cheat,m Caṇḍ lex,5217
5219,Indo-Aryan,jālya,*network,MBh Epic,5219
5222,Indo-Aryan,jāhasyatē,laughs excessively,MBh Epic,5222
5224,Indo-Aryan,jitá,"won, conquered",RV Early-Vedic,5224
5225,Indo-Aryan,jíti,"gaining, victory",f RV Early-Vedic,5225
5226,Indo-Aryan,jinā́ti,overpowers,RV Early-Vedic,5226
5227,Indo-Aryan,jiyā́,,,5227
5227-2,Indo-Aryan,jīvā,,f,5227
5227-3,Indo-Aryan,*jiyaḍa-,,ext:ḍa,5227-3
5228,Indo-Aryan,jihvā́,tongue,f RV Early-Vedic,5228
5228-2,Indo-Aryan,juhū́,,f,5228
5231,Indo-Aryan,*jihviya,pertaining to or like a tongue,,5231
5232,Indo-Aryan,*jījja,"nursery word for breast, mother, sister, relative",,5232
5235,Indo-Aryan,*jīrati,grows old,,5235
5236,Indo-Aryan,*jīrayati,digests,,5236
5237,Indo-Aryan,jīrṇá,"old, worn-out; digested",AV MBh Early-Vedic Epic,5237
5239,Indo-Aryan,jīvá,"living; any living being, vital breath; life",m RV MBh Early-Vedic Epic,5239
524,Indo-Aryan,abʰimāna,intention to injure; pride,m KātyŚr Early-Vedic,524
5240,Indo-Aryan,jī́va,long live!,,5240
5241,Indo-Aryan,jī́vati,is alive,RV Early-Vedic,5241
5242,Indo-Aryan,jīvatva,state of life,n RāmatUp Medieval,5242
5243,Indo-Aryan,jī́vana,vivifying; life,ŚBr RV Early-Vedic,5243
5244,Indo-Aryan,jīvantá,long-lived,lex,5244
5247,Indo-Aryan,jīvalá,full of life,AV Early-Vedic,5247
5247-2,Indo-Aryan,*jīvāla,,,5247
5250,Indo-Aryan,jīvāpayati,restores to life,R Epic,5250
5253,Indo-Aryan,*jīvitra,life,,5253
5254,Indo-Aryan,*juŋgʰa,"beard, moustache",,5254
5254-2,Indo-Aryan,*cuŋgʰa,,,5254
5256,Indo-Aryan,júṣṭi,"service, satisfaction; *tasting, meal",f RV Early-Vedic,5256
5258,Indo-Aryan,jūṭa,twisted hair,m Mālatīm Classical,5258
5258-2,Indo-Aryan,*juṇṭa,,,5258
526,Indo-Aryan,*abʰimlāyati,withers,,526
526-2,Indo-Aryan,*abʰimlāpayati,causes to wither,,526
5260,Indo-Aryan,jūrṇá,"old, decayed",RV Early-Vedic,5260
5263,Indo-Aryan,*jūrṇaparṇa,having old leaves,,5263
5265,Indo-Aryan,jŕ̩mbʰatē,yawns,ĀśvGr̥ Early-Vedic,5265
5266,Indo-Aryan,*jr̩mbʰāyita,"yawned, yawning",,5266
5267,Indo-Aryan,jḗmati,eats,Dhātup Epic,5267
5267-2,Indo-Aryan,*jimati,,,5267
5267-3,Indo-Aryan,*jimyati,,,5267
5267-4,Indo-Aryan,*jēmayati,eats,caus,5267-4
5268,Indo-Aryan,jēmana,eating,n BhP Medieval,5268
5269,Indo-Aryan,*jēmanakāri,making a meal,,5269
527,Indo-Aryan,*abʰiyávaharati,,,527
527-2,Indo-Aryan,*abʰiyavaharaṇa,,,527
527-3,Indo-Aryan,*abʰiyavahāra,,,527
5271,Indo-Aryan,jṓṣati,"enjoys, likes, resolves",RV Early-Vedic,5271
5273,Indo-Aryan,jñaptá,instructed,ŚBr Early-Vedic,5273
5273-2,Indo-Aryan,jñapti,understanding,f Kathās Medieval,5273
5274,Indo-Aryan,jñātá,known,AV Early-Vedic,5274
5275,Indo-Aryan,jñātaputra,name of Mahāvīra,m,5275
5276,Indo-Aryan,jñātí,kinsman,RV Early-Vedic,5276
5277,Indo-Aryan,*jñāti,knowledge,,5277
5279,Indo-Aryan,*jñātra,"kinship, kinsman",,5279
528,Indo-Aryan,*abʰilagyati,adheres to,,528
5281,Indo-Aryan,jñāna,knowledge,n ŚāṅkhŚr Late-Vedic,5281
5283,Indo-Aryan,jñāpyatē,is made known,MBh Epic,5283
5284,Indo-Aryan,jñāyatē,is known,Bhaṭṭ Classical,5284
5286,Indo-Aryan,jyḗṣṭʰa,"first, chief",,5286
5288,Indo-Aryan,jyēṣṭʰatara,elder,Pañcat Classical,5288
5289,Indo-Aryan,jyēṣṭʰatāta,father's eldest brother,m lex,5289
529,Indo-Aryan,abʰilīyatē,clings to,MBh Epic,529
529-2,Indo-Aryan,*abʰilāyayati,,,529
5294,Indo-Aryan,*jyaiṣṭʰaka,pertaining to May-June,,5294
5295,Indo-Aryan,jyaiṣṭʰī,small house lizard,f W,5295
5296,Indo-Aryan,jyōtáyati,illuminates,AV Early-Vedic,5296
5297,Indo-Aryan,*jyōtiḣśālā,fire room,,5297
5298,Indo-Aryan,jyōtiriŋgaṇa,firefly,,5298
53,Indo-Aryan,*agāhya,unfathomable,,53
5300,Indo-Aryan,jyṓtis,"light, moonlight; heavenly body",n RV Mn Early-Vedic Epic,5300
5301,Indo-Aryan,jyṓtsnā,moonlit night; moonlight,f TBr MBh Early-Vedic Epic,5301
5301-2,Indo-Aryan,*yōtsnā,,,5301
5303,Indo-Aryan,jvará,fever,m MBh Epic,5303
5304,Indo-Aryan,jvárati,is feverish,Car Epic,5304
5305,Indo-Aryan,jvalá,flaming; flame,f,5305
5306,Indo-Aryan,jválati,burns brightly,TS Early-Vedic,5306
5306-2,Indo-Aryan,*jvalayati,burns brightly,caus,5306-2
5307,Indo-Aryan,jvalaná,"burning, combustible",ŚBr Early-Vedic,5307
5308,Indo-Aryan,jvalita,"lighted, burning",MBh Epic,5308
5310,Indo-Aryan,*jvalyatē,is burnt,,5310
5311,Indo-Aryan,*jvāra,burning,,5311
5312,Indo-Aryan,jvālá,"light, torch; flame",m Kauś MBh Early-Vedic Epic,5312
5312-2,Indo-Aryan,*juvāla,,,5312
5313,Indo-Aryan,*jvālana,kindling,,5313
5314,Indo-Aryan,jvālayati,sets on fire,MBh Epic,5314
5316,Indo-Aryan,*jʰakk,sudden movement or blast,,5316
5316-2,Indo-Aryan,*jʰakkōl,,,5316
5317,Indo-Aryan,*jʰakk,cover,,5317
5318,Indo-Aryan,*jʰakk,"flash, shine",,5318
5318-2,Indo-Aryan,*jʰaŋk,,,5318
5318-3,Indo-Aryan,*jʰagg,,,5318
5319,Indo-Aryan,*jʰakk,obstinacy,,5319
5321,Indo-Aryan,*jʰagaḍ,quarrel,,5321
5321-2,Indo-Aryan,*jʰaggaḍ,,,5321
5321-3,Indo-Aryan,*jʰaggaṭṭ,,,5321
5322,Indo-Aryan,*jʰaggā,"froth, scum",,5322
5322-2,Indo-Aryan,*jʰakkā,,,5322
5323,Indo-Aryan,*jʰaŋk,"clump, cluster",,5323
5323-2,Indo-Aryan,*jʰaŋkʰ,,,5323
5323-3,Indo-Aryan,*jʰakk,,,5323
5324,Indo-Aryan,jʰaŋkāra,"jingling, buzzing",m Pañcat Classical,5324
5327,Indo-Aryan,*jʰaṭ,sudden movement,,5327
5327-2,Indo-Aryan,*jʰaṭṭ,,,5327
5327-3,Indo-Aryan,*jʰaṇṭ,,,5327
5327-4,Indo-Aryan,*jʰiṭṭ,,,5327
5327-5,Indo-Aryan,*jʰaṭakk-,sudden movement,ext:kk,5327-5
5327-6,Indo-Aryan,*jʰaṭapp-,sudden movement,ext:pp,5327-6
5328,Indo-Aryan,*jʰaṭati,falls,,5328
5328-2,Indo-Aryan,*jʰāṭayati,shakes down,,5328
5328-3,Indo-Aryan,*jʰaṭakk{h}ati,falls,ext:kk{h},5328-3
5329,Indo-Aryan,*jʰaḍī,rainstorm,,5329
5330,Indo-Aryan,jʰaṇajḣaṇāyatē,jingles,Mālatīm Classical,5330
5331,Indo-Aryan,*jʰaṇatka,tinkling,,5331
5332,Indo-Aryan,jʰaṇatkāra,jingling,m Prab Medieval,5332
5334,Indo-Aryan,*jʰaṇṭa,hair,,5334
5334-2,Indo-Aryan,*jʰāṭṭʰa,,,5334
5334-3,Indo-Aryan,*jʰiṇṭa,,,5334
5335,Indo-Aryan,*jʰapaḍ,onrush,,5335
5336,Indo-Aryan,*jʰapp,sudden movement,,5336
5336-2,Indo-Aryan,*jʰamp,,,5336
5336-3,Indo-Aryan,*jʰappakk-,sudden movement,ext:kk,5336-3
5336-4,Indo-Aryan,*jʰappaṭṭ-,sudden movement,ext:ṭṭ,5336-4
5337,Indo-Aryan,*jʰapp,cover,,5337
5337-2,Indo-Aryan,*jʰamp,,,5337
5339,Indo-Aryan,*jʰamm,sudden movement,,5339
533a,Indo-Aryan,*abʰihasati,laughs,,533a
5341,Indo-Aryan,*jʰamm,flash,,5341
5343,Indo-Aryan,jʰara,waterfall,m lex,5343
5344,Indo-Aryan,jʰaraṇa,water from a cascade,,5344
5345,Indo-Aryan,*jʰaraṇa,wearing away,,5345
5346,Indo-Aryan,*jʰarati,,pres,5346
5351,Indo-Aryan,*jʰal,sudden movement,,5351
5351-2,Indo-Aryan,*jʰall,,,5351
5352,Indo-Aryan,*jʰal,flash,,5352
5352-2,Indo-Aryan,*jʰall,,,5352
5352-3,Indo-Aryan,*jʰalakk-,flash,ext:kk,5352-3
5353,Indo-Aryan,*jʰalati,flows,,5353
5354,Indo-Aryan,jʰalā,heat of sun,f lex,5354
5355,Indo-Aryan,*jʰalla,bush,,5355
5356,Indo-Aryan,jʰallarī,curl,,5356
5359,Indo-Aryan,jʰaṣa,sun-heat,m lex,5359
536,Indo-Aryan,abʰī́ccʰati,"seeks, longs for",AV Early-Vedic,536
5360,Indo-Aryan,*jʰas,sudden movement,,5360
5360-2,Indo-Aryan,*jʰass,,,5360
5362,Indo-Aryan,jʰāṭa,"forest, arbour",m lex,5362
5362-2,Indo-Aryan,*jʰāṭṭa,,,5362
5362-3,Indo-Aryan,*jʰāṇṭa,,,5362
5362-4,Indo-Aryan,*jʰiṭṭa,,,5362
5366,Indo-Aryan,*jʰāma,burnt,,5366
5366-2,Indo-Aryan,jʰāmaka,vitrified brick,n lex,5366
5368,Indo-Aryan,*jʰāmarūpa,like a burnt brick,,5368
5369,Indo-Aryan,*jʰāmala,burnt-coloured,,5369
5370,Indo-Aryan,*jʰāmala,a disease of the eyes,,5370
5370-2,Indo-Aryan,*jʰāmara-,a disease of the eyes,,5370
5371,Indo-Aryan,*jʰāyati,burns,intr,5371
5371-2,Indo-Aryan,*jʰāpayati,,,5371
5373,Indo-Aryan,*jʰāra,flowing,,5373
5376,Indo-Aryan,*jʰārayati,causes to flow,,5376
5378,Indo-Aryan,*jʰāla,"flow, causing to flow",,5378
5379,Indo-Aryan,*jʰāla,"burning, pungent",,5379
538,Indo-Aryan,abʰīpsati,"longs for, desires",MBh Epic,538
538-2,Indo-Aryan,abʰīpsita,desired,,538
5380,Indo-Aryan,*jʰāladʰāraka,flowing spring,,5380
5382,Indo-Aryan,*jʰālayati,causes to flow,,5382
5384,Indo-Aryan,*jʰikk,"bend, jerk",,5384
5384-2,Indo-Aryan,*jʰiŋk,,,5384
5385,Indo-Aryan,*jʰiŋga,prawn,,5385
5387,Indo-Aryan,*jʰiŋgura,cockroach,,5387
5391,Indo-Aryan,*jʰil,flash,,5391
5391-2,Indo-Aryan,*jʰilakk-,flash,ext:kk,5391-2
5392,Indo-Aryan,*jʰilla,"swamp, lake",,5392
5394,Indo-Aryan,jʰillīka,cricket,m MBh Epic,5394
5395,Indo-Aryan,*jʰīna,"wasted, worn, thin",,5395
5399,Indo-Aryan,*jʰukkati,"stoops, breaks",,5399
5399-2,Indo-Aryan,*jʰuŋkati,,,5399
540,Indo-Aryan,abʰukta,"not eaten, who has not eaten",MBh Epic,540
540-2,Indo-Aryan,*abʰugna,,,540
5400,Indo-Aryan,jʰuṇṭa,bush,lex,5400
5400-2,Indo-Aryan,jʰōḍa,betel-nut tree,m lex,5400
5400-3,Indo-Aryan,*jʰūṭa,,,5400
5400-4,Indo-Aryan,*jʰōṭṭa,,,5400
5401,Indo-Aryan,*jʰuṇṭa,"tangle, knot of hair, protuberance",,5401
5401-2,Indo-Aryan,*jʰōṇṭa,,,5401
5401-3,Indo-Aryan,*jʰuṭṭa,,,5401
5401-4,Indo-Aryan,*jʰūṭa,,,5401
5401-5,Indo-Aryan,*jʰōṭṭa,,,5401
5402,Indo-Aryan,*jʰuṇḍra,crowd,,5402
5402-2,Indo-Aryan,*jʰutta,,,5402
5403,Indo-Aryan,*jʰuppa,hut,,5403
5403-2,Indo-Aryan,*jʰumpa,,,5403
5403-3,Indo-Aryan,*jʰōppa,,,5403
5403-4,Indo-Aryan,*jʰōmpa,,,5403
5404,Indo-Aryan,*jʰuppa,"crowd, cluster",,5404
5404-2,Indo-Aryan,*jʰubba,,,5404
5404-3,Indo-Aryan,*jʰumma,,,5404
5404a,Indo-Aryan,*jʰurati,"flows, drips",,5404a
5405,Indo-Aryan,*jʰurati,wastes away,,5405
5406,Indo-Aryan,*jʰulyati,swings,,5406
5406-2,Indo-Aryan,*jʰulyakkati,swings,ext:kk,5406-2
5407,Indo-Aryan,*jʰūṭṭʰa,false,,5407
5408,Indo-Aryan,*jʰūra,"wasted away, worn-out",,5408
5409,Indo-Aryan,*jʰūrati,wastes away,,5409
5410,Indo-Aryan,*jʰūrṇa,old,,5410
5412,Indo-Aryan,*jʰūśa,hair,,5412
5413,Indo-Aryan,*jʰēlati,undergoes,,5413
5414,Indo-Aryan,*jʰōṭati,"cuts, beats",,5414
5415,Indo-Aryan,*jʰōla,bag,,5415
5415-2,Indo-Aryan,*jʰōlla,,,5415
5416,Indo-Aryan,*jʰōla,juice,,5416
5417,Indo-Aryan,*jʰōlayati,causes to swing,,5417
5420,Indo-Aryan,*ṭakk,"remain, stop",,5420
5420-2,Indo-Aryan,*ṭikk,,,5420
5420-3,Indo-Aryan,*ṭēkk,,,5420
5421,Indo-Aryan,*ṭakk,"cut, break",,5421
5422,Indo-Aryan,*ṭakka,bald,,5422
5422-2,Indo-Aryan,*ṭʰakka,,,5422
5423,Indo-Aryan,*ṭakka,hill,,5423
5423-10,Indo-Aryan,*ḍagga,,,5423
5423-11,Indo-Aryan,*ḍaŋga,,,5423
5423-12,Indo-Aryan,*ḍuŋga,,,5423
5423-13,Indo-Aryan,*ḍōŋga,,,5423
5423-14,Indo-Aryan,tuŋga,,,5423
5423-15,Indo-Aryan,*tʰuŋga,,,5423
5423-16,Indo-Aryan,*daŋga,,,5423
5423-17,Indo-Aryan,*ṭakkar-,hill,ext:r,5423-17
5423-2,Indo-Aryan,*ṭaŋga,,,5423
5423-3,Indo-Aryan,*ṭikka,,,5423
5423-4,Indo-Aryan,*ṭiŋga,,,5423
5423-5,Indo-Aryan,*ṭēkka,,,5423
5423-6,Indo-Aryan,*ṭēŋga,,,5423
5423-7,Indo-Aryan,*ṭuŋka,,,5423
5423-8,Indo-Aryan,*ṭuŋga,,,5423
5423-9,Indo-Aryan,*ḍakka,,,5423
5424,Indo-Aryan,ṭakkarā,blow on the head,f Rājat Medieval,5424
5426,Indo-Aryan,ṭaŋka,weight of 4 māṣas; a stamped coin,ŚārṅgS Hit Medieval,5426
5426-2,Indo-Aryan,ṭaŋga,weight of 4 māṣas,lex,5426
5426-3,Indo-Aryan,*ṭakka,,,5426
5427,Indo-Aryan,ṭaŋka,"spade, hoe, chisel",R Epic,5427
5427-2,Indo-Aryan,ṭaŋga,"sword, spade",lex,5427
5428,Indo-Aryan,ṭaŋka,"*rod, spike; leg",lex,5428
5428-2,Indo-Aryan,ṭaŋga,leg,lex,5428
5429,Indo-Aryan,ṭaŋka,fruit of Feronia elephantum; the plant,Suśr lex Classical,5429
5429-2,Indo-Aryan,*taŋka,,,5429
543,Indo-Aryan,*abʰyaṭati,approaches,,543
5432,Indo-Aryan,ṭáŋkati,,,5432
5432-2,Indo-Aryan,*ṭañcati,,,5432
5433,Indo-Aryan,*ṭaŋkati,chisels,,5433
5434,Indo-Aryan,ṭaŋkaśālā,mint,,5434
5436,Indo-Aryan,*ṭaŋg,hang up,,5436
5437,Indo-Aryan,ṭaŋgaṇa,borax,lex,5437
5437-2,Indo-Aryan,ṭagara,,,5437
5438,Indo-Aryan,*ṭaṭṭ,"pain, smart",,5438
5439,Indo-Aryan,*ṭaṭṭa,defective,,5439
5439-2,Indo-Aryan,*taṭṭa-,,,5439
5440,Indo-Aryan,*ṭaṭṭu,pony,,5440
5441,Indo-Aryan,*ṭaḍḍʰa,distant,,5441
5443,Indo-Aryan,*ṭan,be tight,,5443
5443-2,Indo-Aryan,*ṭān,tighten,,5443
5443-3,Indo-Aryan,*ṭʰān,,,5443
5444,Indo-Aryan,*ṭapp,"drip, drop",,5444
5444-2,Indo-Aryan,*ṭipp-,,,5444
5444-3,Indo-Aryan,*ṭēpp,,,5444
5444-4,Indo-Aryan,*ṭupp,,,5444
5444-5,Indo-Aryan,*ṭōpp,,,5444
5444-6,Indo-Aryan,*ṭʰipp,,,5444
5444-7,Indo-Aryan,*tapp,,,5444
5445,Indo-Aryan,*ṭappa,"tap, blow",,5445
5445-2,Indo-Aryan,*trappa,,,5445
5446,Indo-Aryan,*ṭappa,hill,,5446
5446-2,Indo-Aryan,*ṭippa-,,,5446
5446-3,Indo-Aryan,*ṭēppa-,,,5446
5446-4,Indo-Aryan,*ṭibba,,,5446
5446-5,Indo-Aryan,*ṭimba,,,5446
5446-6,Indo-Aryan,*ṭēmba,,,5446
5446-7,Indo-Aryan,*ṭumba-,,,5446
5446-8,Indo-Aryan,*ṭappar-,hill,ext:r,5446-8
5446a,Indo-Aryan,*ṭabbara,boy,,5446a
5447,Indo-Aryan,*ṭarati,moves aside,,5447
5447-2,Indo-Aryan,*ṭārayati,,,5447
5449,Indo-Aryan,*ṭal,"glitter, tinkle",,5449
5450,Indo-Aryan,ṭálati,*moves aside,Dhātup Epic,5450
5450-2,Indo-Aryan,ṭālayati,,,5450
5451,Indo-Aryan,*ṭalla,heap,,5451
5451-2,Indo-Aryan,*ṭilla,,,5451
5452,Indo-Aryan,*ṭalla,piece of cloth,,5452
5453,Indo-Aryan,*ṭahall,walk up and down,,5453
5456,Indo-Aryan,*ṭāppuka,island,,5456
5457,Indo-Aryan,ṭāra,"horse, catamite",m lex,5457
5457-2,Indo-Aryan,*ṭāyara,,,5457
5458,Indo-Aryan,*ṭikka,"mark, spot",,5458
5459,Indo-Aryan,*ṭikka,cake,,5459
546,Indo-Aryan,abʰyàsyati,"throws on; concentrates on, practises",ŚBr MBh Early-Vedic Epic,546
546-2,Indo-Aryan,*abʰíyāsayati,,,546
5460,Indo-Aryan,*ṭiŋkara,stick,,5460
5462,Indo-Aryan,*ṭiṇṭa,defective,,5462
5464,Indo-Aryan,*ṭipp,"squeeze, nip",,5464
5465,Indo-Aryan,*ṭippati,notes,,5465
5465-2,Indo-Aryan,*ṭippa,note,,5465
5465-3,Indo-Aryan,ṭippaṇa,,,5465
5466,Indo-Aryan,*ṭukk,"cut, break",,5466
5466-2,Indo-Aryan,*ṭukka,piece,,5466
5466-3,Indo-Aryan,*ṭukkaḍ-,"cut, break",ext:ḍ,5466-3
5466-4,Indo-Aryan,*ṭukkall-,"cut, break",ext:ll,5466-4
5467,Indo-Aryan,*ṭugga,defective,,5467
5467-2,Indo-Aryan,*ṭuŋga-,,,5467
5467-3,Indo-Aryan,*ṭōŋga-,,,5467
5468,Indo-Aryan,*ṭuṇṭa,defective,,5468
5468-2,Indo-Aryan,*ṭōṭṭa-,,,5468
5468-3,Indo-Aryan,*ṭōṇta-,,,5468
5468-4,Indo-Aryan,*ṭuḍḍa,,,5468
5468-5,Indo-Aryan,*ṭuṇḍa-,,,5468
5468-6,Indo-Aryan,*ṭunna,,,5468
5468-7,Indo-Aryan,*tōṭṭa-,,,5468
5469,Indo-Aryan,*ṭubb,"sink, dive",,5469
547,Indo-Aryan,abʰyāśa,near,R Epic,547
547-2,Indo-Aryan,*abʰiyāśa,,,547
5471,Indo-Aryan,*ṭūssa,"small bit, bud, shoot",,5471
5472,Indo-Aryan,*ṭēppa,fringe,,5472
5473,Indo-Aryan,*ṭēr,notice,,5473
5474,Indo-Aryan,ṭēraka,squinting,lex,5474
5474-2,Indo-Aryan,*ḍēra-,,,5474
5474-3,Indo-Aryan,*ḍʰēra-,,,5474
5475,Indo-Aryan,*ṭēv,"appoint, fix",,5475
5476,Indo-Aryan,*ṭōkk,"strike, bite",,5476
5476-2,Indo-Aryan,*ṭōkka-,,,5476
5476-3,Indo-Aryan,*ṭōkkarā,,,5476
5477,Indo-Aryan,*ṭōkka,basket,,5477
5477-2,Indo-Aryan,*ṭʰōkka,,,5477
5477-3,Indo-Aryan,*ṭōkkar-,basket,ext:r,5477-3
5478,Indo-Aryan,*ṭōŋka,beak,,5478
5478-2,Indo-Aryan,ṭōŋga-,,,5478
5478-3,Indo-Aryan,*ṭʰōŋga,,,5478
5479,Indo-Aryan,*ṭōṭṭa,"hollow stick, tube, hole",,5479
5479-2,Indo-Aryan,*ṭōṇṭa,,,5479
5479-3,Indo-Aryan,ḍuḍḍa-,,,5479
5480,Indo-Aryan,*ṭōna,sorcery,,5480
5481,Indo-Aryan,*ṭōppa,"hat, covering",,5481
5481-3,Indo-Aryan,*ṭōppar-,"hat, covering",ext:r,5481-3
5482-3,Indo-Aryan,*ṭōppall-,basket-work,ext:ll,5482-3
5483,Indo-Aryan,*ṭōla,"division, party",,5483
5483-2,Indo-Aryan,*ṭōlla,,,5483
5483-3,Indo-Aryan,*tōla,,,5483
5484,Indo-Aryan,*ṭōll,wander,,5484
5486,Indo-Aryan,*ṭōh,grope,,5486
5487,Indo-Aryan,*ṭʰakk,clatter,,5487
5488,Indo-Aryan,ṭʰakkura,"idol, deity (cf. <i>ḍhakkārī</i>-),; title",m lex Rājat Medieval,5488
5489,Indo-Aryan,*ṭʰagg,cheat,,5489
5489-2,Indo-Aryan,*ṭʰakk,,,5489
5489-3,Indo-Aryan,*ṭʰaŋg,,,5489
549,Indo-Aryan,abʰrá,"cloud, rainy weather",RV Early-Vedic,549
549-2,Indo-Aryan,abʰríya,belonging to the clouds; thundercloud,m RV Early-Vedic,549
549-3,Indo-Aryan,*abʰralla-,"cloud, rainy weather",ext:lla,549-3
5490,Indo-Aryan,*ṭʰaṭṭʰ,strike,,5490
5492,Indo-Aryan,*ṭʰaṭṭʰa,joke,,5492
5493,Indo-Aryan,*ṭʰaṭṭʰakāra,brass worker,,5493
5493-2,Indo-Aryan,*ṭʰaṭṭʰakara,,,5493
5494,Indo-Aryan,*ṭʰan,"jingle, clang",,5494
5495,Indo-Aryan,*ṭʰapp,"strike, press",,5495
5496,Indo-Aryan,*ṭʰamm,"jingle, display",,5496
5497,Indo-Aryan,*ṭʰalla,empty,,5497
5499,Indo-Aryan,*ṭʰass,press down,,5499
55,Indo-Aryan,agní,fire,,55
5500,Indo-Aryan,*ṭʰiŋga,"block, stick, leg",,5500
5500-2,Indo-Aryan,*ṭʰēŋga,,,5500
5501,Indo-Aryan,*ṭʰiŋga,defective,,5501
5501-2,Indo-Aryan,*ṭʰēŋga,,,5501
5502,Indo-Aryan,*ṭʰiṭṭʰa,defective,,5502
5502-2,Indo-Aryan,*ṭʰēṭṭʰa,,,5502
5502-3,Indo-Aryan,*ṭʰēṇṭʰa,,,5502
5502-4,Indo-Aryan,*tʰiṭṭʰa,,,5502
5502-5,Indo-Aryan,*tʰēṭṭʰa,,,5502
5502-6,Indo-Aryan,*tʰēṇṭʰa,,,5502
5503,Indo-Aryan,*ṭʰīkka,"firm, right",,5503
5504,Indo-Aryan,*ṭʰīkkara,potsherd,,5504
5505,Indo-Aryan,*ṭʰugga,defective,,5505
5505-2,Indo-Aryan,*ṭʰuŋga,,,5505
5506,Indo-Aryan,*ṭʰuṭṭʰa,defective,,5506
5506-2,Indo-Aryan,*ṭʰuṇṭʰa,,,5506
5506-3,Indo-Aryan,*ṭʰōṭṭʰa,,,5506
5506-4,Indo-Aryan,*ṭʰōṇṭʰa-,,,5506
5509,Indo-Aryan,*ṭʰēkk,fix,,5509
551,Indo-Aryan,*abʰrakāla,cloudy weather,,551
5511,Indo-Aryan,*ṭʰēcc,push,,5511
5511-2,Indo-Aryan,*tʰēcc,,,5511
5511-3,Indo-Aryan,*ṭʰēss,,,5511
5511-4,Indo-Aryan,*ṭʰōss,,,5511
5512,Indo-Aryan,*ṭʰēḍḍ,push,,5512
5512-2,Indo-Aryan,*ṭʰēll,,,5512
5512-3,Indo-Aryan,*ṭēll,,,5512
5513,Indo-Aryan,*ṭʰōkk,knock,,5513
5513-2,Indo-Aryan,*ṭʰōkka,,,5513
5513-3,Indo-Aryan,*ṭʰōkkarā,,,5513
5514,Indo-Aryan,*ṭʰōbba,defective,,5514
5514-2,Indo-Aryan,*ṭʰōmba,,,5514
5516,Indo-Aryan,*ḍakk,shout,,5516
5517,Indo-Aryan,*ḍakk,bite,,5517
5517-2,Indo-Aryan,*ḍaŋk,,,5517
5517-3,Indo-Aryan,*ḍaŋkʰ,,,5517
5517-4,Indo-Aryan,*daŋk,,,5517
5518,Indo-Aryan,*ḍakk,stop,,5518
5519,Indo-Aryan,*ḍakka,"relay, post",,5519
552,Indo-Aryan,*abʰratala,sky,,552
5520,Indo-Aryan,ḍakka,stick,,5520
5520-2,Indo-Aryan,*ḍaŋga,,,5520
5521,Indo-Aryan,*ḍakkāra,belch,,5521
5521-2,Indo-Aryan,*ḍʰakkāra,,,5521
5522,Indo-Aryan,*ḍag,tremble,,5522
5522-2,Indo-Aryan,*ḍak,,,5522
5522-3,Indo-Aryan,*ḍig,,,5522
5522-4,Indo-Aryan,*dag,,,5522
5522-5,Indo-Aryan,*dig,,,5522
5523,Indo-Aryan,*ḍag,"step, pace",,5523
5523-2,Indo-Aryan,*ḍig,,,5523
5523-3,Indo-Aryan,*dag,,,5523
5524,Indo-Aryan,*ḍagga,defective,,5524
5524-10,Indo-Aryan,*ḍʰiŋka,,,5524
5524-11,Indo-Aryan,*dʰaŋga,,,5524
5524-12,Indo-Aryan,*dʰiŋga,,,5524
5524-2,Indo-Aryan,*ḍaŋga,,,5524
5524-3,Indo-Aryan,ḍaŋgara,expression of contempt,lex,5524
5524-4,Indo-Aryan,*ḍikka,,,5524
5524-5,Indo-Aryan,*ḍiŋga,,,5524
5524-6,Indo-Aryan,ḍiŋgara,"rogue, servant",m lex,5524
5524-7,Indo-Aryan,*ḍēŋga,,,5524
5524-8,Indo-Aryan,*ḍʰagga,,,5524
5524-9,Indo-Aryan,*ḍʰaŋkʰa,,,5524
5524a,Indo-Aryan,*ḍagga,cattle,,5524a
5524a-2,Indo-Aryan,*ḍʰagga-,,,5524a
5525,Indo-Aryan,*ḍaŋka,drum,,5525
5525-2,Indo-Aryan,*ḍakka,,,5525
5526,Indo-Aryan,*ḍaŋgara,cattle,,5526
5526-2,Indo-Aryan,*daŋgara,,,5526
5527,Indo-Aryan,*ḍaṇṭʰa,stem,,5527
5527-10,Indo-Aryan,*daṇṭʰa,,,5527
5527-2,Indo-Aryan,*ḍaṇṭa,,,5527
5527-3,Indo-Aryan,*ḍāṇṭa,,,5527
5527-4,Indo-Aryan,*ḍaṭṭʰa,,,5527
5527-5,Indo-Aryan,*ḍāṭṭʰa,,,5527
5527-6,Indo-Aryan,*ḍiṇṭa,,,5527
5527-7,Indo-Aryan,*ṭāṇṭa,,,5527
5527-8,Indo-Aryan,*ṭāṇṭʰa,,,5527
5527-9,Indo-Aryan,*taṇṭa,,,5527
5528,Indo-Aryan,*ḍabba,box,,5528
5528-2,Indo-Aryan,*ḍibba,,,5528
5528-3,Indo-Aryan,*ḍēbba,,,5528
5528-4,Indo-Aryan,*ḍāva,,,5528
5528-5,Indo-Aryan,*dabba,,,5528
5528-6,Indo-Aryan,*dibba,,,5528
5529,Indo-Aryan,*ḍabba,spot,,5529
5529-2,Indo-Aryan,*dribba,,,5529
5529-3,Indo-Aryan,*dʰabba,,,5529
5530,Indo-Aryan,*ḍabbara,"mud, pool, vessel",,5530
5530-2,Indo-Aryan,*dabbara,,,5530
5530-3,Indo-Aryan,*ḍabara,,,5530
5531,Indo-Aryan,ḍamaru,drum,m Rājat Medieval,5531
5531-2,Indo-Aryan,*ḍambaru,,,5531
5534,Indo-Aryan,ḍáyatē,flies,Pāṇ Epic,5534
5535,Indo-Aryan,ḍayana,bird's flight,n lex,5535
5536,Indo-Aryan,*ḍala,lump,,5536
5536-10,Indo-Aryan,*dilla,,,5536
5536-11,Indo-Aryan,*ṭēla,,,5536
5536-2,Indo-Aryan,*ḍalla,,,5536
5536-3,Indo-Aryan,*ḍilla,,,5536
5536-4,Indo-Aryan,*ḍēlla,,,5536
5536-5,Indo-Aryan,*ḍʰalla,,,5536
5536-6,Indo-Aryan,*ḍʰilla,,,5536
5536-7,Indo-Aryan,*ḍʰēlla,,,5536
5536-8,Indo-Aryan,dala,"clump, heap",lex,5536
5536-9,Indo-Aryan,*dalla,,,5536
5537,Indo-Aryan,*ḍalla,basket,,5537
5537-2,Indo-Aryan,*ḍāla,,,5537
5537-3,Indo-Aryan,*dāla,,,5537
5538,Indo-Aryan,*ḍavala,shape,,5538
5538-2,Indo-Aryan,*ḍavalla,,,5538
5539,Indo-Aryan,*ḍavva,"lefthand, crosswise",,5539
5539-2,Indo-Aryan,*ḍāva,,,5539
5539-3,Indo-Aryan,*ḍābba,,,5539
5539-4,Indo-Aryan,*ḍivva,,,5539
5539-5,Indo-Aryan,*ḍēvva,,,5539
5539-6,Indo-Aryan,ḍʰēvva,,,5539
5539-7,Indo-Aryan,*dēva,,,5539
5539-8,Indo-Aryan,*dēvva,,,5539
5541,Indo-Aryan,ḍāka,an imp attending on Kālī,m Kālac,5541
5541-2,Indo-Aryan,*ḍākka,,,5541
5542,Indo-Aryan,ḍākínī,female attendant on Kālī,f,5542
5542-2,Indo-Aryan,*ḍākkinī,,,5542
5542-3,Indo-Aryan,*ḍāŋkinī,,,5542
5543,Indo-Aryan,*ḍākka,"robber, robbery",,5543
5544,Indo-Aryan,ḍāpayatē,<i>saṁghātē</i>; accumulates,Dhātup Epic,5544
5545,Indo-Aryan,*ḍāl,"pour, put",,5545
5545-2,Indo-Aryan,*ḍār,,,5545
5546,Indo-Aryan,ḍāla,branch,Śīl,5546
5546-2,Indo-Aryan,*ṭʰāla,,,5546
5546-3,Indo-Aryan,*ḍāḍʰa,,,5546
5547,Indo-Aryan,*ḍikka,"stick, line",,5547
5547-2,Indo-Aryan,*ḍiŋka,,,5547
5549,Indo-Aryan,*ḍippa,"mound, hill",,5549
5549-2,Indo-Aryan,*ḍibba,,,5549
5549a,Indo-Aryan,*ḍibba,"mud, pool",,5549a
555,Indo-Aryan,amaŋgala,inauspicious,Kālid Classical,555
5550,Indo-Aryan,ḍimba,egg,Mālatīm Classical,5550
5551,Indo-Aryan,ḍimba,body,Śiś Classical,5551
5551-2,Indo-Aryan,*ḍamba,,,5551
5553,Indo-Aryan,ḍimbʰa,"new-born child, young animal",Kālid Classical,5553
5553-2,Indo-Aryan,*ḍambʰa,,,5553
5556,Indo-Aryan,*ḍukk,swell,,5556
5557,Indo-Aryan,*ḍukka,blow with fist,,5557
5558,Indo-Aryan,*ḍukkar,bellow,,5558
5559,Indo-Aryan,*ḍuggi,drum,,5559
5560,Indo-Aryan,*ḍuṇṭa,defective,,5560
5560-2,Indo-Aryan,*ḍuḍḍa,,,5560
5560-3,Indo-Aryan,*ḍuṇḍa,,,5560
5560-4,Indo-Aryan,*ḍōṭṭa,,,5560
5560-5,Indo-Aryan,*ḍōṇṭa,,,5560
5561,Indo-Aryan,*ḍubb,sink,,5561
5561-2,Indo-Aryan,*ḍōbb,,,5561
5564,Indo-Aryan,*ḍēra,resting-place,,5564
5564-2,Indo-Aryan,*dēra,,,5564
5566,Indo-Aryan,*ḍōka,head,,5566
5566-2,Indo-Aryan,*ḍōkka,,,5566
5567,Indo-Aryan,*ḍōkka,defective,,5567
5567-2,Indo-Aryan,*dʰōkka,,,5567
5568,Indo-Aryan,*ḍōŋga,"trough, dug-out canoe, boat",,5568
5568-2,Indo-Aryan,*ḍaŋga,,,5568
5568-3,Indo-Aryan,*ḍiŋga,,,5568
5568-4,Indo-Aryan,*ḍēŋga,,,5568
5568-5,Indo-Aryan,*ḍōṇṭa,,,5568
5570,Indo-Aryan,ḍōmba,man of low caste living by singing and music,m Kathās Medieval,5570
5573,Indo-Aryan,*ḍōva,spoon,,5573
5573-2,Indo-Aryan,*dōva,spoon,,5573
5573-3,Indo-Aryan,*ḍōvar-,spoon,ext:r,5573-3
5573-4,Indo-Aryan,*ḍōvall-,spoon,ext:ll,5573-4
5574,Indo-Aryan,*ḍʰakk,cover,,5574
5574-2,Indo-Aryan,*ḍʰaŋk,,,5574
5575,Indo-Aryan,*ḍʰaḍḍʰa,"fat, swollen",,5575
5576,Indo-Aryan,*ḍʰaḍḍʰa,drum,,5576
5578,Indo-Aryan,*ḍʰaṇḍʰa,"mud, pool",,5578
5579,Indo-Aryan,*ḍʰapp,cover,,5579
5579-2,Indo-Aryan,*ḍʰamp,,,5579
5580,Indo-Aryan,*ḍʰappa,lump,,5580
5580-10,Indo-Aryan,ḍʰēmba,,,5580
5580-11,Indo-Aryan,*ḍʰubba,,,5580
5580-12,Indo-Aryan,*ḍʰōmpa,,,5580
5580-2,Indo-Aryan,*ḍʰaba,,,5580
5580-3,Indo-Aryan,*ḍʰabba,,,5580
5580-4,Indo-Aryan,*ḍʰippa,,,5580
5580-5,Indo-Aryan,*ḍʰibba,,,5580
5580-6,Indo-Aryan,ḍʰēppa,,,5580
5580-7,Indo-Aryan,*ḍʰēmpa,,,5580
5580-8,Indo-Aryan,*ḍʰēba,,Kathārṇ,5580
5580-9,Indo-Aryan,*ḍʰēbba,,,5580
5581,Indo-Aryan,*ḍʰalati,"bends over, falls",,5581
5581-2,Indo-Aryan,*ḍʰālayati,,,5581
5582,Indo-Aryan,*ḍʰākka,"back, waist",,5582
5583,Indo-Aryan,ḍʰāla,shield,n lex,5583
5583-2,Indo-Aryan,*ḍʰāllā,,,5583
5584,Indo-Aryan,*ḍʰikk,bellow,,5584
5584-2,Indo-Aryan,*ḍʰēŋk,,,5584
5585,Indo-Aryan,*ḍʰikka,lump,,5585
5585-2,Indo-Aryan,*ḍʰigga,,,5585
5585-3,Indo-Aryan,*ḍʰēkka,,,5585
5585-4,Indo-Aryan,*ḍʰēgga,,,5585
5585-5,Indo-Aryan,*ḍʰēŋka,,,5585
5585-6,Indo-Aryan,*ḍʰēŋga,,,5585
5585-7,Indo-Aryan,*ḍʰuŋga,,,5585
5585-8,Indo-Aryan,*dʰōŋga,,,5585
5586,Indo-Aryan,*ḍʰigga,"side, direction",,5586
5587,Indo-Aryan,*ḍʰiggākara,heap of lumps,,5587
5588,Indo-Aryan,*ḍʰicca,"lump, heap",,5588
5588-2,Indo-Aryan,*ḍʰiñca,,,5588
5589,Indo-Aryan,*ḍʰiḍḍʰa,belly,,5589
5589-2,Indo-Aryan,*ḍiḍḍʰa,,,5589
5589-3,Indo-Aryan,*ḍʰiṇḍʰa,,,5589
5589-4,Indo-Aryan,*ḍʰēḍḍʰa,,,5589
5589-5,Indo-Aryan,*ḍʰēṇḍʰa,,,5589
5589-6,Indo-Aryan,*ḍʰēra,,,5589
5589-7,Indo-Aryan,*ḍʰaḍḍʰa,,,5589
5589-8,Indo-Aryan,*dʰaḍḍʰa,,,5589
559,Indo-Aryan,amala,"clear (of sky), spotless",R Epic,559
5590,Indo-Aryan,*ḍʰila,"loose, slack",,5590
5590-2,Indo-Aryan,*ḍʰilla,,,5590
5591,Indo-Aryan,*ḍʰīmma,lump,,5591
5591-2,Indo-Aryan,*ḍʰēmma,,,5591
5591-3,Indo-Aryan,*ḍʰōmma,,,5591
5592,Indo-Aryan,*ḍʰukyati,approaches,,5592
5593,Indo-Aryan,*ḍʰulati,"bends, falls, flows",,5593
5593-2,Indo-Aryan,*ḍʰōlayati,,,5593
5593-3,Indo-Aryan,*ḍʰulyatē,,,5593
5594,Indo-Aryan,*ḍʰussa,swollen,,5594
5594-2,Indo-Aryan,*ḍʰōssa,,,5594
5595,Indo-Aryan,*ḍʰūss,push,,5595
5595-2,Indo-Aryan,*ḍʰōss,,,5595
5595-3,Indo-Aryan,*dʰūss,,,5595
5596,Indo-Aryan,*ḍʰēŋka,weight on a lever,,5596
5596-2,Indo-Aryan,*ḍʰēkka,,,5596
5596-3,Indo-Aryan,*ḍʰiŋka,,,5596
5596-4,Indo-Aryan,*ḍʰikka,,,5596
5597,Indo-Aryan,*ḍʰēŋkuṇa,bug,,5597
5598,Indo-Aryan,*ḍʰēḍḍʰa,lump,,5598
5598-2,Indo-Aryan,*ḍʰēṇḍʰa,,,5598
5598-3,Indo-Aryan,*ḍʰiṇḍʰa,,,5598
5598-4,Indo-Aryan,*ḍʰiḍḍʰa,,,5598
5598-5,Indo-Aryan,*dʰiḍḍʰa,,,5598
5599,Indo-Aryan,*ḍʰēra,"lump, heap",,5599
5599-2,Indo-Aryan,*dʰēra,,,5599
560,Indo-Aryan,amā́,"at home, in the house",RV Early-Vedic,560
5602,Indo-Aryan,*ḍʰēsa,"lump, heap",,5602
5602-2,Indo-Aryan,*ḍʰēṁsa,,,5602
5603,Indo-Aryan,*ḍʰōkka,rock,,5603
5603-2,Indo-Aryan,*ḍʰōŋka,,,5603
5605,Indo-Aryan,*ḍʰōŋga,projecting part of body,,5605
5606,Indo-Aryan,*ḍʰōnga,hollow,,5606
5608,Indo-Aryan,ḍʰōla,large drum,m Rudray,5608
5608-2,Indo-Aryan,*ḍʰōlla,,,5608
5609,Indo-Aryan,*ḍʰauka,a present,,5609
5610,Indo-Aryan,ḍʰaukayati,brings near,Kathās Medieval,5610
5611,Indo-Aryan,*ḍʰaukyatē,is brought,,5611
5611-2,Indo-Aryan,*dʰaukyatē,,,5611
5612,Indo-Aryan,tá,,,5612
5616,Indo-Aryan,taká,this,RV Early-Vedic,5616
5617,Indo-Aryan,takrá,buttermilk with a third part of water; *bitter,n Mn Epic,5617
5618,Indo-Aryan,takṣa,cutting; carpenter,m VarBr̥S Classical,5618
5619,Indo-Aryan,takṣaṇa,"cutting, paring",n KātyŚr Early-Vedic,5619
5620,Indo-Aryan,tákṣati,"forms by cutting, chisels",RV MBh Early-Vedic Epic,5620
5621,Indo-Aryan,tákṣan,carpenter,RV Pāṇ Early-Vedic Epic,5621
5625,Indo-Aryan,*tagg,endure,,5625
5626,Indo-Aryan,*tagga,mud,,5626
5627,Indo-Aryan,*taŋga,"strong, well",,5627
5628,Indo-Aryan,*tañcati,contracts,,5628
5629,Indo-Aryan,taṭa,"slope, shore",m MBh Epic,5629
5632,Indo-Aryan,*taḍati,strikes,,5632
5633,Indo-Aryan,*taḍati,stretches,,5633
5633-2,Indo-Aryan,*taḍḍati,,,5633
5633-3,Indo-Aryan,tāḍayati,(math.) multiplies,Apte,5633
5634,Indo-Aryan,*taḍappʰaḍ,agitate,,5634
5635,Indo-Aryan,taḍāga,pool,n ŚāṅkhGr̥ Early-Vedic,5635
5635-2,Indo-Aryan,taḍaga,,,5635
5636,Indo-Aryan,*taḍikā,beating,,5636
5637,Indo-Aryan,taṇḍulá,"grain, esp. rice, after threshing and winnowing",m AV Early-Vedic,5637
5639,Indo-Aryan,tátas,"from there; there, then",RV ŚBr Early-Vedic,5639
5640,Indo-Aryan,tatkṣaṇa,the same moment,m lex,5640
5641,Indo-Aryan,*tattaka,so much,,5641
5641-2,Indo-Aryan,*tattika,,,5641
5643,Indo-Aryan,tátra,there,RV Early-Vedic,5643
5644,Indo-Aryan,tatrastʰa,situated there,MBh Epic,5644
5645,Indo-Aryan,tatstʰa,being in or beside that,Pāṇ Epic,5645
5646,Indo-Aryan,tátʰā,"so, in that way; so also",RV Mn Early-Vedic Epic,5646
5647,Indo-Aryan,tatʰāpi,"even so, nevertheless",R Epic,5647
5649,Indo-Aryan,tadā́,then,AV Early-Vedic,5649
565,Indo-Aryan,amāvāsyā̀,the night of the new moon,f AV Early-Vedic,565
565-2,Indo-Aryan,amā- vāsíyā,,,565
5650,Indo-Aryan,*taddivasam,on that day,,5650
5652,Indo-Aryan,tanikā,cord,f Śiś Classical,5652
5652-2,Indo-Aryan,*tanaka,,,5652
5654,Indo-Aryan,tanú,"thin, delicate",ŚBr Early-Vedic,5654
5655,Indo-Aryan,tanula,"spread, expanded",Uṇ,5655
5656,Indo-Aryan,tanū́,"body, person, self",f RV Early-Vedic,5656
5657,Indo-Aryan,tanūjá,born of the body; son,AV MBh Early-Vedic Epic,5657
5659,Indo-Aryan,tanṓti,stretches,RV Early-Vedic,5659
5659-2,Indo-Aryan,*tanvati,,,5659
566,Indo-Aryan,amítra,enemy,m RV Early-Vedic,566
5660,Indo-Aryan,tantí,"cord, string",f RV Early-Vedic,5660
5661,Indo-Aryan,tántu,"thread, warp",m RV Early-Vedic,5661
5663,Indo-Aryan,tántra,"web; loom; weaving, thread",n RV Pāṇ lex Early-Vedic Epic,5663
5664,Indo-Aryan,tantravāya,weaver; spider,m R lex Epic,5664
5666,Indo-Aryan,*tantrika,weaver,,5666
5668,Indo-Aryan,tandrá,"row, line",n VS Early-Vedic,5668
5669,Indo-Aryan,tanyatē,is extended,Bhaṭṭ Classical,5669
567,Indo-Aryan,ámiśra,unmixed,ŚBr Early-Vedic,567
5670,Indo-Aryan,*tapaka,frying pan,,5670
5670-2,Indo-Aryan,*tapuka,,,5670
5670-3,Indo-Aryan,*tapakall-,frying pan,ext:ll,5670-3
5671,Indo-Aryan,tápati,"is hot, heats",RV Early-Vedic,5671
5673,Indo-Aryan,*tapantikā,hot season,,5673
5674,Indo-Aryan,tápas,"heat, pain, religious austerity",n RV Early-Vedic,5674
5676,Indo-Aryan,tapasyā,austerity,f Hcar Classical,5676
5679,Indo-Aryan,taptá,"heated, hot",RV Early-Vedic,5679
5683,Indo-Aryan,tapti,heat,f,5683
5684,Indo-Aryan,tápyati,is hot,RV Early-Vedic,5684
5685,Indo-Aryan,tapyatí,heat,f TS Early-Vedic,5685
5686,Indo-Aryan,tapyatú,hot,RV Early-Vedic,5686
5687,Indo-Aryan,*tamana,dark,,5687
5689,Indo-Aryan,támas,darkness,n RV Early-Vedic,5689
569,Indo-Aryan,amukʰá,mouthless,,569
5690,Indo-Aryan,támāla,the tree Xanthochymus pictorius (with very dark bark and white flowers),MBh Epic,5690
5690-2,Indo-Aryan,*tamira,,,5690
5692,Indo-Aryan,támisrā,dark night,f RV Early-Vedic,5692
5693,Indo-Aryan,tamōvant,"gloomy, dark",R Epic,5693
5695,Indo-Aryan,tára,"crossing, passage; road",RV lex Early-Vedic,5695
5696,Indo-Aryan,tará,carrying across; raft,Pāṇ W Epic,5696
5696-2,Indo-Aryan,tari,,,5696
5697,Indo-Aryan,*tara,lowlying land,,5697
5698,Indo-Aryan,tarákṣu,hyena; tiger,m VS Śukas Early-Vedic Medieval,5698
5699,Indo-Aryan,taraŋga,wave,m R Epic,5699
57,Indo-Aryan,agnika,*fiery; the plant Semecarpus anacardium; a partic. scarlet insect,m lex,57
570,Indo-Aryan,amūlya,priceless,MW,570
570-2,Indo-Aryan,*amūliya,,,570
5700,Indo-Aryan,taraṇa,"crossing; raft, boat",n KātyŚr RV lex Early-Vedic,5700
5702,Indo-Aryan,tárati,"crosses (e.g. a river), escapes; floats, swims",RV VarBr̥S Early-Vedic Classical,5702
5703,Indo-Aryan,taralá,"trembling, moving to and fro",MBh Epic,5703
5706,Indo-Aryan,taravāri,one-edged sword,m Hcar Classical,5706
5708,Indo-Aryan,tarás,"quick, energetic",SV Early-Vedic,5708
571,Indo-Aryan,amŕ̩ta,immortal; nectar,n RV Early-Vedic,571
5710,Indo-Aryan,*tarī,floating layer,,5710
5710-2,Indo-Aryan,tarikā,skin on milk,f VS Early-Vedic,5710
5711,Indo-Aryan,tarú,tree,m MBh Epic,5711
5712,Indo-Aryan,táruṇa,"young, tender",f,5712
5714,Indo-Aryan,tarka,inquiry; conjecture,m KaṭhUp MBh Early-Vedic Epic,5714
5716,Indo-Aryan,tarkáyati,"guesses, thinks",MBh Epic,5716
5717,Indo-Aryan,tarkú,spindle,m PārGr̥ Early-Vedic,5717
5717-2,Indo-Aryan,*tarkuḍ-,spindle,ext:ḍ,5717-2
5717-3,Indo-Aryan,*tarkur-,spindle,ext:r,5717-3
5717-5,Indo-Aryan,*tarkull-,spindle,ext:ll,5717-5
5718,Indo-Aryan,*targa,"terrible, strong",,5718
572,Indo-Aryan,ámbati,goes,Dhātup Epic,572
5720,Indo-Aryan,tarjana,threatening,n R Epic,5720
5725,Indo-Aryan,*tarpa,"matting, sacking",,5725
5725-2,Indo-Aryan,*tarpaḍ-,"matting, sacking",ext:ḍ,5725-2
5725-3,Indo-Aryan,*tarpar-,"matting, sacking",ext:r,5725-3
5726,Indo-Aryan,*tarpa,raft,,5726
5727,Indo-Aryan,*tarpati,jumps,Dhātup Epic,5727
5728a,Indo-Aryan,tarbati,goes,Vop Medieval,5728a
5729,Indo-Aryan,tarṣa,"thirst, desire",m MBh Epic,5729
5730,Indo-Aryan,tárhi,then,AV Early-Vedic,5730
5731,Indo-Aryan,tala,"base, bottom; surface, flat roof; palm, sole",n Mn MBh Epic,5731
5731-2,Indo-Aryan,*talla,,,5731
5735,Indo-Aryan,talati,"fixes, accomplishes",,5735
5736,Indo-Aryan,*talati,fries,,5736
5736-2,Indo-Aryan,*tālayati,,,5736
5738,Indo-Aryan,*talapāda,lower foot,,5738
574,Indo-Aryan,ambā́,mother,f RV Early-Vedic,574
574-2,Indo-Aryan,*ambaḍa-,mother,ext:ḍa,574-2
5740,Indo-Aryan,*talima,lowest,,5740
5741a,Indo-Aryan,talpana,outer muscles on an elephant's back,n lex,5741a
5742,Indo-Aryan,talla,pond,,5742
5743,Indo-Aryan,taṣṭá,"fashioned, formed in mind; pared",RV lex Early-Vedic,5743
5744,Indo-Aryan,tásara,shuttle; cloth in loom,n RV TBr Early-Vedic,5744
5745,Indo-Aryan,tastʰivás,standing,perfect RV Early-Vedic,5745
5746,Indo-Aryan,tásmin kālḗ,at that time,,5746
5748,Indo-Aryan,tā́ḍa,blow,AV Early-Vedic,5748
5749,Indo-Aryan,tāḍa,latch,,5749
5750,Indo-Aryan,*tāḍa,fan-palm,,5750
5751,Indo-Aryan,tāḍana,beating,n Yājñ Classical,5751
5752,Indo-Aryan,tāḍáyati,"beats, strikes, punishes",Mn Epic,5752
5753,Indo-Aryan,tā́t,thus,RV Early-Vedic,5753
5754,Indo-Aryan,tātá,(in voc.) affectionate address to junior; id. to senior; father,m ŚBr MBh Early-Vedic Epic,5754
5760,Indo-Aryan,tādŕ̩śa,suchlike,ŚBr Early-Vedic,5760
5761,Indo-Aryan,tāna,tone; fibre,m MBh Suśr Epic Classical,5761
5762,Indo-Aryan,tānáyati,makes stretch,Dhātup Epic,5762
5766,Indo-Aryan,tā́nva,one's own (son),RV Early-Vedic,5766
5766-2,Indo-Aryan,*tānuva,,,5766
5767,Indo-Aryan,tāpá,"heat, glow; pain",m Mn MBh Epic,5767
5767-2,Indo-Aryan,*tāpaḍ-,"heat, glow; pain",ext:ḍ,5767-2
5768,Indo-Aryan,tāpaka,heating; cooking-stove,Sarvad Medieval,5768
5769,Indo-Aryan,*tāpakāra,making hot,,5769
5770,Indo-Aryan,tāpana,"burning; burning, torment",n MBh Epic,5770
5771,Indo-Aryan,tāpáyati,"burns, distresses",AV Early-Vedic,5771
5773,Indo-Aryan,tāpita,heated,VarBr̥S Classical,5773
5776,Indo-Aryan,tāmbūlá,"betel, betel leaf",n Suśr Classical,5776
5776-2,Indo-Aryan,*tāmbōla,,,5776
5777,Indo-Aryan,tāmbūlika,seller of betel,m R Epic,5777
5777-2,Indo-Aryan,*tāmbōlika,seller of betel,,5777
5778,Indo-Aryan,tā́myati,"gasps for breath, is exhausted",TBr Early-Vedic,5778
5779,Indo-Aryan,tāmrá,"dark red, copper-coloured; copper",VS Kauś Early-Vedic,5779
578,Indo-Aryan,*amma,"breast, teat",,578
579,Indo-Aryan,amlá,"sour, acid; acidity, vinegar, wood sorrel; sour curds",n Mn Suśr Epic Classical,579
579-2,Indo-Aryan,*amlasa-,"sour, acid; acidity, vinegar, wood sorrel; sour curds",ext:śa,579-2
5791,Indo-Aryan,tāmrākṣa,red-eyed,MBh Epic,5791
5792,Indo-Aryan,tāmrika,coppery,Mn Epic,5792
5793,Indo-Aryan,tārá,carrying across; descent to a river,VS AV Early-Vedic,5793
5796,Indo-Aryan,tāráyati,causes to arrive at; leads across; rescues,AV Kauś Mn Early-Vedic Epic,5796
5798,Indo-Aryan,tārā,fixed star,f Yājñ Classical,5798
5798-2,Indo-Aryan,tā́rakā,star,f AV Early-Vedic,5798
5798-3,Indo-Aryan,*tārikā,,,5798
5798-4,Indo-Aryan,tāraká,belonging to the stars,VS Early-Vedic,5798
5800,Indo-Aryan,*tārya,"stellar, collection of stars",,5800
5803,Indo-Aryan,tā́lu,palate,n VS Early-Vedic,5803
5803-2,Indo-Aryan,*tālukk-,palate,ext:kk,5803-2
5805,Indo-Aryan,tā́vatka,bought for so much,Pāṇ Epic,5805
5806,Indo-Aryan,tiktá,"pungent, bitter",MBh Epic,5806
5808,Indo-Aryan,tigmá,"sharp, pungent, hot; pungency",RV lex Early-Vedic,5808
5809,Indo-Aryan,tittirá,partridge,m MaitrS Early-Vedic,5809
5811,Indo-Aryan,*titʰivāra,a festival,,5811
5812,Indo-Aryan,*tinta,wet,,5812
5812-2,Indo-Aryan,*tinna,,,5812
5813,Indo-Aryan,tintiḍī,the tree Tamarindus indica,f,5813
5813-2,Indo-Aryan,tintilīkā,,f,5813
5813-3,Indo-Aryan,*tittilī,,,5813
5813-4,Indo-Aryan,tittirīkā,,f,5813
5813-5,Indo-Aryan,*tēntulī,,,5813
5813-6,Indo-Aryan,*tēntara,,,5813
5813-7,Indo-Aryan,*tintiṇī,,,5813
5814,Indo-Aryan,tinduka,the tree Diospyros embryopteris; its fruit (giving a resin used for calking),m n MBh Epic,5814
5814-2,Indo-Aryan,*tēnduka,the tree; its fruit,m n,5814
5817,Indo-Aryan,timirá,"dark, gloomy",MBh Epic,5817
5818,Indo-Aryan,timiśa,name of a tree,m R Epic,5818
5819,Indo-Aryan,*timbila,a partic. kind of tree,,5819
5819-2,Indo-Aryan,*triyambala,,,5819
5820,Indo-Aryan,tímyati,becomes wet,,5820
5821,Indo-Aryan,tirátē,"crosses over, sails across",RV Early-Vedic,5821
5822,Indo-Aryan,tiraścá,"*slanting, crosswise",AV Early-Vedic,5822
5823,Indo-Aryan,tirás,across,RV Early-Vedic,5823
5824,Indo-Aryan,*tirimiri,dazzle,,5824
5827,Indo-Aryan,tilá,Sesamum indicum; small particle,Gr AV MBh Early-Vedic Epic,5827
5827-2,Indo-Aryan,*tilaka-,,,5827
5827-3,Indo-Aryan,*tilla,,,5827
5828,Indo-Aryan,tila,mole on skin,Kālid Classical,5828
5828-2,Indo-Aryan,tílaka,sectarial mark on the forehead; freckle,Yājñ VarBr̥S Classical,5828
5828-3,Indo-Aryan,*tillaka,,,5828
5828-4,Indo-Aryan,*ṭillaka,,,5828
5834,Indo-Aryan,*tilikā,spleen,,5834
5834-2,Indo-Aryan,*tillikā,,,5834
5836,Indo-Aryan,tíllati,goes,Dhātup Epic,5836
5837,Indo-Aryan,tíṣṭʰati,stands,RV Early-Vedic,5837
5839,Indo-Aryan,tīkṣṇá,"sharp; hot, pungent",RV MBh Early-Vedic Epic,5839
5839-2,Indo-Aryan,*trīkṣṇa,sharp,,5839
5839-3,Indo-Aryan,*tīkṣṇaḍa-,"sharp; hot, pungent",ext:ḍa,5839-3
5840,Indo-Aryan,tīkṣṇadʰāra,sharp-edged; sword,m MBh Epic,5840
5841,Indo-Aryan,*tīkṣṇarūpa,having a sharp form,,5841
5841a,Indo-Aryan,tīmayati,wets,Divyāv Classical,5841a
5842,Indo-Aryan,tī́ra,"shore, bank",n AitBr Early-Vedic,5842
5844,Indo-Aryan,tīráyati,finishes,Dhātup Epic,5844
5845,Indo-Aryan,tīrṇa,"one who has crossed; fulfilled, completed",MBh R Epic,5845
5846,Indo-Aryan,tīrtʰá,"ford, steps to a river, place of pilgrimage",n RV Early-Vedic,5846
5848,Indo-Aryan,tīvrá,"strong, hot, pungent",RV Early-Vedic,5848
5849,Indo-Aryan,*tukṣā,strength,,5849
5850,Indo-Aryan,tuccʰyá,"empty, vain; emptiness",RV Early-Vedic,5850
5850-2,Indo-Aryan,*tuśya,,,5850
5853,Indo-Aryan,tuṇḍa,"beak, trunk, snout; contemptuous term for mouth",n TĀr Early-Vedic,5853
5855,Indo-Aryan,tuttʰá,,n,5855
5855-2,Indo-Aryan,*tʰōttʰa,,,5855
5855-3,Indo-Aryan,*tūtta,,,5855
5855-4,Indo-Aryan,*tōtta-,,,5855
5856,Indo-Aryan,tudáti,"strikes, pierces, hurts",RV Early-Vedic,5856
5858,Indo-Aryan,tundá,"belly, pot-belly",Pāṇ Epic,5858
5859,Indo-Aryan,*tunda-,"striking, sharp",,5859
5860,Indo-Aryan,tundi,"navel, esp. prominent or swollen navel",,5860
5863,Indo-Aryan,tunná,struck,RV Early-Vedic,5863
5867,Indo-Aryan,túmpati,hurts,,5867
5868,Indo-Aryan,tumba,the gourd Lagenaria vulgaris,,5868
587,Indo-Aryan,ayám,this,f nom,587
5872,Indo-Aryan,tumburu,"fruit of Diospyros embryopteris, coriander",n Pāṇ Epic,5872
5872-2,Indo-Aryan,*timbaru,,,5872
5872-3,Indo-Aryan,*ṭimbaru,,,5872
5872-4,Indo-Aryan,*ṭēmbaru,,,5872
5874,Indo-Aryan,turá,quick,RV Early-Vedic,5874
5876,Indo-Aryan,turá,ill or wounded (?),,5876
5877,Indo-Aryan,turaga,horse,m MBh Epic,5877
5878,Indo-Aryan,turáti,"hurries, presses forward",RV Early-Vedic,5878
5879,Indo-Aryan,turánt,hastening,AV Early-Vedic,5879
5880,Indo-Aryan,turī,weaver's brush,,5880
5881a,Indo-Aryan,*turīyavāsa,the fourth day,,5881a
5884,Indo-Aryan,tulayati,lifts; weighs,R MBh Epic,5884
5886,Indo-Aryan,tulā́,"balance, weight",f VS Early-Vedic,5886
5888,Indo-Aryan,túlya,"equal to, like",Mn Epic,5888
5889,Indo-Aryan,tuvám,,,5889
5890,Indo-Aryan,tuvara,astringent,,5890
5892,Indo-Aryan,túṣa,chaff of grain,m AV Early-Vedic,5892
5892-2,Indo-Aryan,*tʰuṣa,,,5892
5892-3,Indo-Aryan,*dʰuṣa,,,5892
5894,Indo-Aryan,túṣāra,"frost, snow, mist, dew, thin rain; cold",m MBh Kālid Epic Classical,5894
5895,Indo-Aryan,tuṣṭa,"satisfied, pleased",MBh Epic,5895
5897,Indo-Aryan,túṣyati,"becomes calm, is satisfied, is pleased",ŚāṅkhŚr Late-Vedic,5897
5898,Indo-Aryan,tūṇa,quiver,,5898
5899,Indo-Aryan,tū́ṇīra,quiver,m MBh Epic,5899
5901,Indo-Aryan,tūra,a musical instrument,m,5901
5901-2,Indo-Aryan,tūrya,,n,5901
5901-3,Indo-Aryan,*tūriya,,,5901
5903,Indo-Aryan,*tūrtʰa,"ford, crossing, landing place",,5903
5904,Indo-Aryan,tū́la,"tuft of grass or reeds, panicle of flower or plant; cotton; pencil; cotton",AV MBh Divyāv lex Early-Vedic Epic Classical,5904
5905,Indo-Aryan,tūlavatī,cotton cover,f Bhpr Medieval,5905
5906,Indo-Aryan,tŕ̩ṇa,"grass, blade of grass, straw (often as symbol of worthlessness)",n RV Early-Vedic,5906
5906-3,Indo-Aryan,*tr̩ṇakk-,"grass, blade of grass, straw (often as symbol of worthlessness)",ext:kk,5906-3
5906a,Indo-Aryan,tr̩ṇakūṭa,heap of grass,m VarBr̥S Classical,5906a
5908,Indo-Aryan,tr̩ṇṇa,"pierced, cracked",,5908
5911,Indo-Aryan,*tr̩ti,crossing,,5911
5912,Indo-Aryan,tr̩tī́ya,third,RV Early-Vedic,5912
5925,Indo-Aryan,*tr̩dati,"splits open, sets free",,5925
5926,Indo-Aryan,*tr̩di,"crack, fissure",,5926
5927,Indo-Aryan,*tr̩ndati,pierces,,5927
5928,Indo-Aryan,*tr̩ndana,boring,,5928
5929,Indo-Aryan,tr̩pála,ep. of Soma,RV Early-Vedic,5929
593-2,Indo-Aryan,*ayuktaḍa-,"not yoked; unfit, improper; silly",ext:ḍa,593-2
5930,Indo-Aryan,*tr̩pu,sour,,5930
5932,Indo-Aryan,tŕ̩pyati,"becomes satisfied, is pleased; enjoys",RV Mn Early-Vedic Epic,5932
5933,Indo-Aryan,tr̩prá,distress (associated with eating),ŚBr Early-Vedic,5933
5934,Indo-Aryan,tr̩prá,pungent (Geldner); salty,RV KātyŚr Early-Vedic,5934
5936,Indo-Aryan,tr̩ṣā,thirst,f Suśr Classical,5936
5938,Indo-Aryan,tr̩ṣṭá,"harsh, rough",,5938
5939,Indo-Aryan,*tr̩ṣṭi,strong feeling,,5939
594,Indo-Aryan,ará,spoke of a wheel,m RV Early-Vedic,594
594-2,Indo-Aryan,āra,,,594
5940,Indo-Aryan,tr̩ṣṇaka,*thirsty,lex,5940
5941,Indo-Aryan,tŕ̩ṣṇā,thirst; desire,f RV R Early-Vedic Epic,5941
5941a,Indo-Aryan,*tr̩ṣyaka,thirsty,,5941a
5942,Indo-Aryan,tŕ̩ṣyati,is thirsty,RV Early-Vedic,5942
5943,Indo-Aryan,*tr̩ṣyā,thirst,,5943
5944,Indo-Aryan,tr̩ṣyā́vant,thirsty,RV Early-Vedic,5944
5945,Indo-Aryan,tḗjatē,"is sharp, sharpens",RV Early-Vedic,5945
5946,Indo-Aryan,tḗjas,"sharp edge of a knife, glow; clearness of eyes; fiery energy",n RV VS AV Early-Vedic,5946
5949,Indo-Aryan,tēmana,"moisture, moistening, sauce",n lex,5949
5949-2,Indo-Aryan,*tīmana,,,5949
595,Indo-Aryan,áraṁkarōti,,,595
595-2,Indo-Aryan,áraṁkr̩ta,made ready,RV Early-Vedic,595
595-3,Indo-Aryan,álaṁkr̩ta,adorned,ŚBr Early-Vedic,595
5951,Indo-Aryan,*tēmayati,wets,,5951
5951-2,Indo-Aryan,*tēmita,,,5951
5953,Indo-Aryan,taittira,coming from a partridge; partridge; covey of partridges,n ĀśvGr̥ lex Early-Vedic,5953
5958,Indo-Aryan,tailá,"sesamum oil, oil",n AV Early-Vedic,5958
596,Indo-Aryan,aragʰaṭṭa,wheel for raising water,m Pañcat Classical,596
5964,Indo-Aryan,*tailiya,oily,,5964
5965,Indo-Aryan,*tōtta,stammering,,5965
5965-2,Indo-Aryan,*tʰōttʰa-,,,5965
5965-3,Indo-Aryan,*tʰōntʰa,,,5965
5969,Indo-Aryan,*tōdaka,striker,,5969
5971,Indo-Aryan,*tōpyatē,is obstructed,,5971
5972,Indo-Aryan,*tōba,bag,,5972
5972-2,Indo-Aryan,*tōbaḍ-,bag,ext:ḍ,5972-2
5977,Indo-Aryan,*tōrī,gourd,,5977
5978,Indo-Aryan,tōlaka,a weight of gold or silver,m Rājat Medieval,5978
5979,Indo-Aryan,tōláyati,"lifts, weights, considers",MBh Epic,5979
598,Indo-Aryan,áraṇa,"distant, foreign",RV Early-Vedic,598
598-2,Indo-Aryan,íriṇa,watercourse; hollow; desert,n RV AV Mn Early-Vedic Epic,598
5980,Indo-Aryan,tōlya,to be weighed,,5980
5982,Indo-Aryan,tōṣáyati,"satisfies, pleases",,5982
5983,Indo-Aryan,tmán,"vital breath, one's own person",m RV Early-Vedic,5983
5984,Indo-Aryan,tyájati,leaves; lets go,RV VarBr̥S Early-Vedic Classical,5984
5988,Indo-Aryan,traṭ,crackle,,5988
5989,Indo-Aryan,*traṭṭ,crackle,,5989
5990,Indo-Aryan,*traṭṭa,woven work,,5990
5990-2,Indo-Aryan,*traḍḍa,,,5990
5991,Indo-Aryan,trápatē,"is ashamed, is perplexed",Pāṇ Epic,5991
5992,Indo-Aryan,trápu,tin,n AV Early-Vedic,5992
5994,Indo-Aryan,tráyaḣ,three,nom RV Early-Vedic,5994
5994-2,Indo-Aryan,*trāyaḣ,,,5994
5994-3,Indo-Aryan,trī́ṇi,,nom,5994
5994-4,Indo-Aryan,trīṇā́m,,gen,5994
5995,Indo-Aryan,tráyaḣpañcāśat,fifty three,f ŚBr Early-Vedic,5995
5996,Indo-Aryan,trayaḣṣaṣṭi,sixty three,f Pāṇ Epic,5996
5997,Indo-Aryan,trayaḣsaptati,seventy three,f Pāṇ Epic,5997
6,Indo-Aryan,áṁsa,"shoulder, shoulder-blade",m RV Early-Vedic,6
6-2x,Indo-Aryan,*aṁsala-,"shoulder, shoulder-blade",ext:la,6-2x
6-3x,Indo-Aryan,*haṁsa,"shoulder, shoulder-blade",sound-variant,6
600,Indo-Aryan,áraṇya,"foreign land; desert, jungle",n RV AV Early-Vedic,600
600-2,Indo-Aryan,araṇyaka,*wild; forest,n Yājñ Classical,600
600-3,Indo-Aryan,iriṇyà,relating to desert,VS Early-Vedic,600
6000,Indo-Aryan,tráyastriṁśat,thirty three,f AV Early-Vedic,6000
6001,Indo-Aryan,tráyōdaśa,thirteen,,6001
6001-2,Indo-Aryan,*trayēdaśa,,,6001
6002,Indo-Aryan,trayōdaśá,thirteenth,AV Early-Vedic,6002
6002-2,Indo-Aryan,trayōdaśī,thirteenth day of lunar fortnight,Mn Epic,6002
6003,Indo-Aryan,trayōnavati,ninety three,f Pāṇ Epic,6003
6004,Indo-Aryan,tráyōviṁśati,twenty three,f VS Early-Vedic,6004
6005-3,Indo-Aryan,*trasaḍ-,*trembling,ext:ḍ,6005-3
6006,Indo-Aryan,trásati,"trembles, is afraid",RV Early-Vedic,6006
6006-2,Indo-Aryan,*tarasati,,,6006
6006-3,Indo-Aryan,trásyati,,Dhātup Epic,6006
6006-4,Indo-Aryan,*tarṣati,,,6006
6007,Indo-Aryan,trasana,alarm,n Apte,6007
6010,Indo-Aryan,*trāgga,thread,,6010
6011,Indo-Aryan,trāṇa,protection; armour,n ChUp MBh Early-Vedic Epic,6011
6012,Indo-Aryan,trāpáyati,perplexes,Śāntiś,6012
6013,Indo-Aryan,trāsa,fear,m MBh Epic,6013
6014,Indo-Aryan,trāsayati,"makes tremble, frightens",MBh Epic,6014
6015,Indo-Aryan,triṁśát,thirty,f RV Early-Vedic,6015
6018,Indo-Aryan,*triḣsara,triple,,6018
6018-2,Indo-Aryan,trisara,triple pearl-string,n Pañcad Medieval,6018
6019,Indo-Aryan,triká,triple,RV Early-Vedic,6019
6019-2,Indo-Aryan,*trikala-,triple,ext:la,6019-2
6019-3,Indo-Aryan,*trikaḍa-,triple,ext:ḍa,6019-3
602,Indo-Aryan,árati,"anxiety, distress",f MBh Epic,602
6020,Indo-Aryan,*trikuṭī,three lines formed in frowning?,,6020
6021,Indo-Aryan,trikṣura,Asteracantha longifolia,m lex,6021
6024,Indo-Aryan,*triḍḍa,"locust, grasshopper",,6024
6024-2,Indo-Aryan,*tiḍḍa,"locust, grasshopper",,6024
6025,Indo-Aryan,*tridivasavāsita,three days stale,,6025
6027,Indo-Aryan,*tridʰāra,"three-fold, triple",Hariv Classical,6027
6027-2,Indo-Aryan,*trē- dʰāra,"three-fold, triple",,6027
6028,Indo-Aryan,*trip,be wet,,6028
6029,Indo-Aryan,tripadikā,tripod stand,f Tantras Medieval,6029
603,Indo-Aryan,aratní,"elbow, corner, cubit",m RV Early-Vedic,603
6033,Indo-Aryan,tripādaka,three-footed,R Epic,6033
6037,Indo-Aryan,tribʰāga,a third part,m Hariv Classical,6037
6038,Indo-Aryan,*tribʰāgiya,a third portion,,6038
6038-2,Indo-Aryan,*tribʰāgya,,,6038
6039,Indo-Aryan,*trimyati,becomes wet,,6039
604,Indo-Aryan,áram,"fitly, readily",RV Early-Vedic,604
604-2,Indo-Aryan,álam,"enough, able",AV Early-Vedic,604
6040,Indo-Aryan,*tríyaŋgula,three-fingered,,6040
6047,Indo-Aryan,trivatsá,three years old,VS Early-Vedic,6047
6049,Indo-Aryan,trivarṣá,three years old,Mn Epic,6049
6051a,Indo-Aryan,trivāram,thrice,Śāktān Medieval,6051a
6059,Indo-Aryan,*trisūtrika,having three threads,,6059
606,Indo-Aryan,arasá,sapless; weak; unable to taste,Kauś RV ŚBr Early-Vedic,606
6061,Indo-Aryan,trihāyaṇa,three years old (of ox or cow),KātyŚr Early-Vedic,6061
6062,Indo-Aryan,*truŋga,piece of cloth,,6062
6063,Indo-Aryan,trúṭati,is broken,Pāṇ Epic,6063
6064,Indo-Aryan,truṭi,small space of time; breaking,MBh W Epic,6064
6065,Indo-Aryan,trúṭyati,"is broken, falls asunder",Pāṇ Epic,6065
6066,Indo-Aryan,*truṇṭati,breaks,,6066
6067,Indo-Aryan,*trupati,hurts,,6067
6068,Indo-Aryan,*trupyati,pierces,,6068
607,Indo-Aryan,arā́ḍa,having high horns,f,607
6070,Indo-Aryan,trúmpati,hurts,Dhātup Epic,6070
6071,Indo-Aryan,*trēḍḍa,"slanting, squinting",,6071
6071-2,Indo-Aryan,*trēḍḍʰa,,,6071
6072,Indo-Aryan,*trēmayati,makes wet,,6072
6073,Indo-Aryan,*trēmala,wet,,6073
6074,Indo-Aryan,*traikya,group of three,,6074
6077,Indo-Aryan,*trōṭa,"breaking, breakage",,6077
6079,Indo-Aryan,trōṭáyati,"breaks, tears",Pañcat Classical,6079
6080,Indo-Aryan,*trōṭikā,"a herb, mustard",,6080
6082,Indo-Aryan,*trōpa,"piercing, hole",,6082
6083,Indo-Aryan,trṓpati,hurts,Dhātup Epic,6083
6084,Indo-Aryan,*trōpyatē,is pierced,,6084
6085,Indo-Aryan,tryaŋgaṭa,three strings suspended from either end of a carrying pole,,6085
6086,Indo-Aryan,tryaśīti,83,f Pāṇ Epic,6086
6087,Indo-Aryan,tvác,"skin, hide; bark",f RV Kālid Early-Vedic Classical,6087
6089,Indo-Aryan,*tʰaṭṭʰa,framework,,6089
609,Indo-Aryan,áriṣṭa,"unhurt, safe; fatal, disastrous; crow",RV R lex Early-Vedic Epic,609
6090,Indo-Aryan,*tʰaṭṭʰa,"pomp, ceremony",,6090
6091,Indo-Aryan,*tʰapp,"slap, pat",,6091
6091-2,Indo-Aryan,*tʰabb,,,6091
6091-3,Indo-Aryan,*tʰipp,,,6091
6091-4,Indo-Aryan,*tʰappaḍ-,"slap, pat",ext:ḍ,6091-4
6092,Indo-Aryan,*tʰar,tremble,,6092
6093,Indo-Aryan,*tʰal,tremble,,6093
6093-2,Indo-Aryan,*tʰall,,,6093
6095,Indo-Aryan,*tʰānna,piece of cloth,,6095
6095-2,Indo-Aryan,*tʰāna,,,6095
6096,Indo-Aryan,*tʰigga,rag,,6096
6096-2,Indo-Aryan,*tʰēgga,,,6096
6096-3,Indo-Aryan,*tʰiŋga,,,6096
6097,Indo-Aryan,*tʰukk,spit,,6097
6098,Indo-Aryan,*tʰuḍa,"trunk, branch",,6098
6098-2,Indo-Aryan,*tʰuḍḍa,,,6098
6098-3,Indo-Aryan,*tʰōḍa-,,,6098
6099,Indo-Aryan,*tʰuḍḍ,kick against,,6099
6100,Indo-Aryan,*tʰubba,defective,,6100
6100-2,Indo-Aryan,*tʰōbba,,,6100
6101,Indo-Aryan,*tʰur,tremble,,6101
6102,Indo-Aryan,tʰūt,sound of spitting,,6102
6102-2,Indo-Aryan,*tʰūtaḍ-,sound of spitting,ext:ḍ,6102-2
6103,Indo-Aryan,tʰūtkāra,sound made in spitting,m Rājat Medieval,6103
6104,Indo-Aryan,tʰūtʰū,imitative sound of spitting,Sūktik,6104
6107,Indo-Aryan,*tʰēbba,flattened,,6107
6107-2,Indo-Aryan,*ṭʰibba,,,6107
6108,Indo-Aryan,*tʰōttʰa,"empty, blunt",,6108
6108-2,Indo-Aryan,*tʰōntʰa-,,,6108
6108-3,Indo-Aryan,*tʰantʰa,,,6108
6108-4,Indo-Aryan,*tʰōttʰara-,"empty, blunt",ext:ra,6108-4
6109,Indo-Aryan,*tʰōba,snout,,6109
6109-2,Indo-Aryan,*tʰōbba,,,6109
6110,Indo-Aryan,daṁśa,stinging insect,m ChUp Early-Vedic,6110
6111,Indo-Aryan,dáṁśati,bites,Cāṇ,6111
6112,Indo-Aryan,daṁśana,biting,n MBh Epic,6112
6116,Indo-Aryan,dákṣa,"able, clever; ability, skill (of hostile or injurious being)",m RV Early-Vedic,6116
6117,Indo-Aryan,dákṣatē,is able,RV Early-Vedic,6117
6117-2,Indo-Aryan,dákṣamāṇa,,pres,6117
6118,Indo-Aryan,*dakṣatvana,cleverness,,6118
6119,Indo-Aryan,dákṣiṇa,right (hand); southern,RV AV Early-Vedic,6119
612,Indo-Aryan,aru,sun,m lex,612
6121,Indo-Aryan,dagdʰá,burnt,AV Early-Vedic,6121
6123,Indo-Aryan,*dagdʰi,burning,,6123
6125,Indo-Aryan,dagʰnṓti,reaches to; strikes,,6125
6128,Indo-Aryan,daṇḍá,"stick, club; handle; control; punishment; stalk, stem",m RV AitBr Mn MBh Early-Vedic Epic,6128
613,Indo-Aryan,*arukta,disliked,,613
6132,Indo-Aryan,*daṇḍapāli,row like a stick,,6132
6136,Indo-Aryan,daṇḍáyati,"chastises, fines",Yājñ Classical,6136
6140,Indo-Aryan,dattá,given,RV Early-Vedic,6140
6140-2,Indo-Aryan,dāta,,,6140
6140-3,Indo-Aryan,*dita,,,6140
6140-4,Indo-Aryan,*ditta,,,6140
6140-5,Indo-Aryan,*dinna,,,6140
6141,Indo-Aryan,dádāti,gives,RV Early-Vedic,6141
6142,Indo-Aryan,dadrú,cutaneous eruption,Suśr Classical,6142
6143,Indo-Aryan,dadrula,suffering from ringworm,,6143
6145,Indo-Aryan,dádʰāti,"places, lays on, gives, seizes",RV Early-Vedic,6145
615,Indo-Aryan,aruja,"free from disease; gay, brisk",Suśr R Classical Epic,615
6151,Indo-Aryan,*dan,"flash, bang",,6151
6152,Indo-Aryan,dánta,tooth,m RV Early-Vedic,6152
6153,Indo-Aryan,dantaka,*having teeth; tooth; projection on a rock,TS lex Early-Vedic,6153
6153-2,Indo-Aryan,*dantakar-,*having teeth; tooth; projection on a rock,ext:r,6153-2
6158,Indo-Aryan,dantamāṁsa,the gums,n Suśr Classical,6158
616,Indo-Aryan,aruṇá,red; red colour; dawn,RV Mn Early-Vedic Epic,616
6160,Indo-Aryan,*dantāla,toothed,,6160
6161,Indo-Aryan,dantāli,row of teeth,f MW,6161
6162,Indo-Aryan,dantāvala,tusked,Kull Medieval,6162
6163,Indo-Aryan,dantín,tusked; elephant,MaitrS MBh Early-Vedic Epic,6163
6170,Indo-Aryan,*dab,a noise,,6170
6173,Indo-Aryan,*dabb,press,,6173
6173-2,Indo-Aryan,*ḍabb,,,6173
6173-3,Indo-Aryan,*dappʰ,,,6173
6177,Indo-Aryan,damana,taming; a tamer; act of taming,MBh BhP Epic Medieval,6177
6179,Indo-Aryan,damáyati,subdues,RV Early-Vedic,6179
6179-2,Indo-Aryan,damita,tamed,Pāṇ Epic,6179
6180,Indo-Aryan,dámūnas,"householder, master",m RV Early-Vedic,6180
6181,Indo-Aryan,dambʰá,deceit,m Mn Epic,6181
6182,Indo-Aryan,dambʰáyati,hurts,RV Early-Vedic,6182
6184,Indo-Aryan,damya,tameable; young bullock to be tamed,m Mn Epic,6184
6184-2,Indo-Aryan,*damyaḍa-,tameable; young bullock to be tamed,ext:ḍa,6184-2
6186,Indo-Aryan,dara,fear,MBh Epic,6186
6187,Indo-Aryan,dara,*piece,,6187
6188,Indo-Aryan,dará,"cleaving; hole in the ground, cave",RV R Early-Vedic Epic,6188
6188-2,Indo-Aryan,darī,,f,6188
6188-3,Indo-Aryan,*daraka-,"cleaving; hole in the ground, cave",ext:ka,6188-3
6190,Indo-Aryan,darati,is frightened,Dhātup Epic,6190
6190-2,Indo-Aryan,*darappati,is frightened,ext:pp,6190-2
6191,Indo-Aryan,darád,"bank, precipice, mountain",f lex,6191
6192-2,Indo-Aryan,*darayakkati,causes to split,ext:kk,6192-2
6192-3,Indo-Aryan,*darayā̆ḍati,causes to split,ext:ā̆ḍ,6192-3
6192-4,Indo-Aryan,*darayalati,causes to split,ext:al,6192-4
6193,Indo-Aryan,*darākāra,crack-formed,,6193
6194,Indo-Aryan,*darita,"split cane, mat",,6194
6195,Indo-Aryan,dáridra,roving; poor; beggar,TS VS Kathās Mn Early-Vedic Medieval Epic,6195
6195-2,Indo-Aryan,*daridr(i)ya,poverty,,6195
6195-3,Indo-Aryan,daridrita,poor,Siddh Medieval,6195
6196,Indo-Aryan,dardara,"split, broken",lex,6196
6197,Indo-Aryan,dárdarti,,,6197
6197-2,Indo-Aryan,*dardirati,,,6197
6197-3,Indo-Aryan,*dardarita,,,6197
6198,Indo-Aryan,dardurá,frog,Mn Epic,6198
6199,Indo-Aryan,dardru,a kind of bird,m Car Epic,6199
6200,Indo-Aryan,darpá,*any strong feeling; arrogance,m Mn Epic,6200
6201,Indo-Aryan,dárpaṇa,mirror,m Hariv Classical,6201
6202,Indo-Aryan,darpáyati,"makes arrogant; inflames, kindles",Kathās Dhātup Medieval Epic,6202
6202-2,Indo-Aryan,darpita,,MBh Epic,6202
6203,Indo-Aryan,darbʰá,tuft of grass (esp. Poa cynosuroides or kuśa grass),m RV Early-Vedic,6203
6206,Indo-Aryan,dárvi,ladle,f RV Early-Vedic,6206
6206-2,Indo-Aryan,darva,,m,6206
6206-3,Indo-Aryan,*darvill-,ladle,ext:ll,6206-3
6207,Indo-Aryan,darśá,"*sight, glimpse",TS AV MBh Early-Vedic Epic,6207
6208,Indo-Aryan,dárśana,seeing,n RV Early-Vedic,6208
6209,Indo-Aryan,darśanī́ya,"to be looked at, beautiful",TS Early-Vedic,6209
6210,Indo-Aryan,darśáyati,shows,AV Early-Vedic,6210
6211,Indo-Aryan,darśita,exposed to view,R Epic,6211
6212,Indo-Aryan,*dal,quiver,,6212
6213,Indo-Aryan,dala,"piece split off, fragment; a half",Suśr VarBr̥S Classical,6213
6214,Indo-Aryan,dala,"leaf, petal",MBh Epic,6214
6215,Indo-Aryan,dala,"party, band",,6215
6216,Indo-Aryan,dálati,"cracks, splits",intr Suśr Classical,6216
6218,Indo-Aryan,dalapati,,m,6218
622,Indo-Aryan,arōga,"healthy, well",Mn Epic,622
6221,Indo-Aryan,*dalī,"crack, cave",,6221
6222,Indo-Aryan,*dalyatē,is split,,6222
6223,Indo-Aryan,dava,burning; fire; forest on fire,m Car lex BhP Epic Medieval,6223
6223a,Indo-Aryan,dávati,goes,Dhātup Epic,6223a
6223a-2,Indo-Aryan,davayati,makes distant,Bhaṭṭ Classical,6223a
6225,Indo-Aryan,davara,string,m Kalpas,6225
6227,Indo-Aryan,dáśa,ten,RV Early-Vedic,6227
6230,Indo-Aryan,dáśati,bites,RV Early-Vedic,6230
6231,Indo-Aryan,daśana,tooth; a bite,m Mn Vātsyāy Epic Classical,6231
6232,Indo-Aryan,daśabandʰa,tenth part,m Mn Epic,6232
6236,Indo-Aryan,daśā,fringe of a garment; wick,f ŚBr Gobh Early-Vedic,6236
624,Indo-Aryan,arká,"flash, ray, sun",RV Early-Vedic,624
6242,Indo-Aryan,daśyatē,is bitten,MBh Epic,6242
6243,Indo-Aryan,daṣṭa,"bitten, stung; a bite",Mn Suśr Epic Classical,6243
6244,Indo-Aryan,*daha,burning,,6244
6245,Indo-Aryan,dáhati,"burns, roasts",RV Early-Vedic,6245
6246,Indo-Aryan,dahana,fire; burning by fire,m n Kauś Early-Vedic,6246
6248,Indo-Aryan,dahyátē,is burnt; is distressed,AV MBh Early-Vedic Epic,6248
6249,Indo-Aryan,dahrá,small,,6249
625,Indo-Aryan,arká,the plant Calotropis gigantea,ŚBr Early-Vedic,625
6250,Indo-Aryan,*dāṁṣṭra,"fang, tusk, beard",,6250
6251,Indo-Aryan,dākṣiṇa,*relating to the right; southern,W,6251
6253,Indo-Aryan,*dāgdʰya,the being burnt,,6253
6253b,Indo-Aryan,*dāgʰya,connected with cremation,,6253b
6254,Indo-Aryan,dāḍima,pomegranate tree; its fruit,m MBh Suśr Epic Classical,6254
6254-2,Indo-Aryan,dāḍimba,,m,6254
6254-3,Indo-Aryan,*dāṇḍu,,,6254
6256,Indo-Aryan,dāta,mowed,Pāṇ Epic,6256
6258,Indo-Aryan,dā́tu,share,n RV Early-Vedic,6258
6260,Indo-Aryan,dā́tra,"knife, sickle",RV Early-Vedic,6260
6260-2,Indo-Aryan,*dātrī,,,6260
6261,Indo-Aryan,*dādda,father or other elderly relative,,6261
6262,Indo-Aryan,*dāddatāta,father's brother,,6262
6265,Indo-Aryan,dā́na,"giving, gift",RV Early-Vedic,6265
6268,Indo-Aryan,dānavá,class of demons,m RV Early-Vedic,6268
6273,Indo-Aryan,dāntá,tamed; tamed ox,TBr Rājat Early-Vedic Medieval,6273
6276,Indo-Aryan,dāpáyati,causes to be given,AV Early-Vedic,6276
6279,Indo-Aryan,dāpya,caused to be given,Mn Epic,6279
628,Indo-Aryan,*arkavarta,a sort of ornament,,628
6281,Indo-Aryan,*dāmakara,string-maker,,6281
6283,Indo-Aryan,dā́man,rope,RV Early-Vedic,6283
6283-2,Indo-Aryan,*dāmana,,,6283
6283-3,Indo-Aryan,*dāmara,,,6283
6284,Indo-Aryan,*dāmayati,tames,,6284
6286,Indo-Aryan,*dāmiya,to be tamed,,6286
6287,Indo-Aryan,dā́myati,"is tamed, is tranquillized; tames",ŚBr MBh Early-Vedic Epic,6287
6289,Indo-Aryan,*dāyayati,causes to be tied,,6289
629,Indo-Aryan,*argaḍa,bolt,,629
6290,Indo-Aryan,dā́yādya,inheritance; near relationship,n Gr̥S MBh Early-Vedic Epic,6290
6291,Indo-Aryan,dāyin,giving,ChUp Early-Vedic,6291
6292,Indo-Aryan,dāra,"rent, hole, cleft",,6292
6293,Indo-Aryan,dārá,wife,Gr̥S Early-Vedic,6293
6293-2,Indo-Aryan,dārikā,girl; harlot,f Hariv lex Classical,6293
6294,Indo-Aryan,dāraka,"boy, son, child",m MBh Epic,6294
6295,Indo-Aryan,dārayati,"tears asunder, scatters",MBh Epic,6295
6296,Indo-Aryan,dā́rava,made of wood,Mn Epic,6296
6297,Indo-Aryan,dāridrya,poverty,n R Epic,6297
6297-2,Indo-Aryan,*dāridriya,,,6297
6297-3,Indo-Aryan,*dāridrika,,,6297
6298,Indo-Aryan,dā́ru,piece of wood,MBh Epic,6298
6298-2,Indo-Aryan,dāruka,,n,6298
6299,Indo-Aryan,dāruṇá,"hard, harsh",ŚBr Early-Vedic,6299
630,Indo-Aryan,argʰá,"respectful reception of guest; value, price",m ŚBr Mn Early-Vedic Epic,630
6302,Indo-Aryan,dā́rḍʰya,"hardness, firmness, strength",n Pāṇ Epic,6302
6302-2,Indo-Aryan,*dārdʰiya,,,6302
6308,Indo-Aryan,*dāla,"tearing, splitting",,6308
6309,Indo-Aryan,dāla,"kind of grain, split peas",Apte,6309
6310,Indo-Aryan,dālayati,causes to burst,Suśr Classical,6310
6310-2,Indo-Aryan,*dālita,split,,6310
6311,Indo-Aryan,dāvá,forest-fire; burning; forest (always associated with fire),m ŚBr lex MBh Early-Vedic Epic,6311
6313,Indo-Aryan,dāvayati,burns,,6313
6316,Indo-Aryan,dāsá,"a non-Aryan, slave",RV Early-Vedic,6316
6317,Indo-Aryan,dāsa,knowing man,lex,6317
6318,Indo-Aryan,*dāsaka,beam,,6318
6321,Indo-Aryan,dāha,burning; place of cremation; fever,m KātyŚr Vas Suśr Early-Vedic Classical,6321
6322,Indo-Aryan,dāhana,reducing to ashes,n MBh Epic,6322
6323,Indo-Aryan,*dāhapada,fireplace,,6323
6324,Indo-Aryan,dāhayati,causes to be burnt,Mn Epic,6324
6324-2,Indo-Aryan,dāhita,,,6324
6326,Indo-Aryan,*dikka,,,6326
6326-2,Indo-Aryan,*digga,,,6326
6327,Indo-Aryan,*diddā,elder sister,,6327
6328,Indo-Aryan,dina,day,n Mn Epic,6328
633,Indo-Aryan,argʰya,valuable; deserving respectful reception (as a guest); used at such reception; water offered at such reception,Kālid PārGr̥ Gobh ĀśvGr̥ Classical Early-Vedic,633
633-2,Indo-Aryan,*argʰiya,,,633
6330,Indo-Aryan,*diyáti,cuts,,6330
6331,Indo-Aryan,divá,sky; day,m MBh Epic,6331
6332,Indo-Aryan,divavēlā,daytime,,6332
6333,Indo-Aryan,divasá,heaven; day,m TBr MBh Early-Vedic Epic,6333
6334,Indo-Aryan,*divasakāla,daytime,,6334
6335,Indo-Aryan,divasavāra,day of the week,m,6335
6339,Indo-Aryan,díś,"direction, region",f RV Early-Vedic,6339
634,Indo-Aryan,arcita,honoured,Mn Epic,634
6340,Indo-Aryan,diśáti,points out,RV Early-Vedic,6340
6343,Indo-Aryan,diṣṭi,a measure of length,f Kauś Early-Vedic,6343
6346,Indo-Aryan,dī́dʰēti,perceives,RV Early-Vedic,6346
6347,Indo-Aryan,dīná,"scanty; depressed, sad",RV Mn Early-Vedic Epic,6347
6348,Indo-Aryan,dīpa,lamp,m ĀśvGr̥ Early-Vedic,6348
6348-2,Indo-Aryan,*dīpaḍa-,lamp,ext:ḍa,6348-2
6349,Indo-Aryan,*dīpakāṣṭʰikā,lampstand,,6349
635,Indo-Aryan,arcís,"ray, flame, lustre",n,635
6352,Indo-Aryan,dīpana,kindling,MBh Epic,6352
6354,Indo-Aryan,dīpavarti,lamp-wick,f Daś Classical,6354
6358,Indo-Aryan,dīpāvali,"row of lamps, festival on the new moon of Āśvina",f BhP Medieval,6358
6361,Indo-Aryan,dī́pti,"brightness, light; flash of an arrow",f ŚBr Mn Early-Vedic Epic,6361
6362,Indo-Aryan,dī́pyatē,blazes,AV Early-Vedic,6362
6363,Indo-Aryan,dīprá,bright; fire,Kathās lex Medieval,6363
6364,Indo-Aryan,dī́yati,flies,RV Early-Vedic,6364
6365,Indo-Aryan,dīyátē,,,6365
6366,Indo-Aryan,dīyatē,"decays, perishes",Dhātup Epic,6366
6368,Indo-Aryan,dīrgʰá,"long, tall, deep",RV Early-Vedic,6368
6373,Indo-Aryan,dīryátē,is split; is dispersed (of an army); is frightened,ŚBr MBh Dhātup Early-Vedic Epic,6373
6373-2,Indo-Aryan,dīrṇa,rent; frightened,ŚāṅkhŚr MBh Late-Vedic Epic,6373
6373a,Indo-Aryan,dīryátē,is split,ŚBr Early-Vedic,6373a
6373a-2,Indo-Aryan,dīrṇa,rent,,6373a
6375,Indo-Aryan,duḣkʰá,"difficulty, pain",n ŚBr Early-Vedic,6375
6376,Indo-Aryan,duḣkʰati,pains,,6376
6376a,Indo-Aryan,*duḣkʰabʰāva,state of misfortune,,6376a
6379,Indo-Aryan,duḣkʰāyátē,feels pain,Mālatīm Classical,6379
638,Indo-Aryan,ártʰa,"aim; cause; thing, wealth",m RV Mn ŚBr Early-Vedic Epic,638
6380,Indo-Aryan,duḣkʰitá,"pained, unhappy",Mn Epic,6380
6383,Indo-Aryan,*duḣśiṣṭi,malevolence,,6383
6391,Indo-Aryan,dugdʰá,milk,n AV Early-Vedic,6391
6398,Indo-Aryan,dugdʰikā,sort of Asclepias or Oxystelma esculentum,f lex,6398
6399,Indo-Aryan,dugdʰin,milky,W,6399
6400,Indo-Aryan,duḍi,small tortoise,,6400
6402,Indo-Aryan,*dutīya,second,,6402
6402-2,Indo-Aryan,*dutīyā,second day of lunar fortnight,f,6402
641,Indo-Aryan,árdati,dissolves,,641
6410,Indo-Aryan,dunṓti,distresses; is consumed with internal heat or sorrow,AV MBh Early-Vedic Epic,6410
6411,Indo-Aryan,dundʰubʰa,non-venomous water-snake,m AitBr Early-Vedic,6411
6411-2,Indo-Aryan,duṇḍubʰa,,m,6411
6411-3,Indo-Aryan,ḍuṇḍubʰa,,m,6411
6411-4,Indo-Aryan,ḍiṇḍibʰa,,m,6411
6411-5,Indo-Aryan,ḍuṇḍu,,f,6411
6411-6,Indo-Aryan,dʰōḍa,a sort of snake,m lex,6411
6416,Indo-Aryan,*dubʰārya,having two wives,,6416
6418,Indo-Aryan,dumbaka,the fat-tailed sheep,m Bhpr Medieval,6418
6419,Indo-Aryan,*dumbʰa,tail,,6419
6423,Indo-Aryan,dúr,door,,6423
6426,Indo-Aryan,*durargʰa,. 2. <b>*daurārghya-</b>,,6426
6429,Indo-Aryan,durgá,"impassable; difficult passage, danger",AV RV Early-Vedic,6429
643,Indo-Aryan,árdʰa,"part, place, country",AV Early-Vedic,643
6432a,Indo-Aryan,*durgrahiṇī,having spasms,,6432a
6433,Indo-Aryan,durgʰaṭa,hard to be accomplished,BhP Medieval,6433
6438,Indo-Aryan,durbala,"weak, impotent; slender; emaciated",Mn R KātyŚr Epic Early-Vedic,6438
644,Indo-Aryan,ardʰá,half; a half,m RV Early-Vedic,644
6440,Indo-Aryan,durbʰara,hard to bear,R Epic,6440
6441,Indo-Aryan,*durbʰāva,bad state,,6441
6442,Indo-Aryan,durbʰikṣa,famine,n TĀr Early-Vedic,6442
6443,Indo-Aryan,durmanas,bad disposition; sad,n R MBh Epic,6443
6446,Indo-Aryan,durlabʰa,"hard to obtain, scarce; eminent; beloved",Mn lex Epic,6446
6449,Indo-Aryan,durvárṇa,"of bad colour, inferior",TBr Early-Vedic,6449
6453,Indo-Aryan,*dulati,swings,,6453
6453-2,Indo-Aryan,*dulyati,,,6453
6455,Indo-Aryan,*duvaka,the number two,,6455
6455-2,Indo-Aryan,*duka,,,6455
6459,Indo-Aryan,*duvāra,door,,6459
6470,Indo-Aryan,duṣkāla,evil time,m R Epic,6470
6475,Indo-Aryan,dustara,difficult to overcome,MBh Epic,6475
6476,Indo-Aryan,*duhati,milks,RV Early-Vedic,6476
6479,Indo-Aryan,*duhitājana,daughter's people,,6479
6479a,Indo-Aryan,*duhitātarī,one like a daughter,,6479a
648,Indo-Aryan,*ardʰaguṇa,increased by a half,,648
6480,Indo-Aryan,*duhitāputraka,daughter's son,,6480
6480-2,Indo-Aryan,*duhitāputrikā,daughter's daughter,,6480
6481,Indo-Aryan,duhitŕ̩,daughter,f RV Early-Vedic,6481
6482,Indo-Aryan,*duhitr̩kuḍaka,daughter's child,m,6482
6489,Indo-Aryan,*dūta,pained,lex,6489
649,Indo-Aryan,ardʰacaturtʰa,three and a half,Suśr Classical,649
6490,Indo-Aryan,*dūtakāri,illness,,6490
6492,Indo-Aryan,*dūna,distant,,6492
6494,Indo-Aryan,dūyatē,"is burnt, is consumed with sorrow",MBh Epic,6494
6495,Indo-Aryan,dūrá,distant; distance,RV ŚBr Early-Vedic,6495
65,Indo-Aryan,agniṣṭʰá,fire-pan,m ĀpŚr Early-Vedic,65
6501,Indo-Aryan,dū́rvā,the grass Panicum dactylon,f RV Early-Vedic,6501
6501-2,Indo-Aryan,dʰū́rvā,,ŚBr Early-Vedic,6501
6502,Indo-Aryan,dūrśá,some kind of coarse cloth,n AV Early-Vedic,6502
6502-2,Indo-Aryan,*dʰūrśa,,,6502
6502-3,Indo-Aryan,*dʰōrśa,,,6502
6503,Indo-Aryan,dū́ṣaṇa,corrupting; fault,AV Mn Early-Vedic Epic,6503
6504,Indo-Aryan,dūṣáyati,corrupts; violates (a woman); blames,AV Mn MBh Early-Vedic Epic,6504
6506,Indo-Aryan,dūṣya,"corruptible, wicked",MBh Epic,6506
6506-2,Indo-Aryan,*dūṣiya,,,6506
6507,Indo-Aryan,*dr̩kṣati,,,6507
6507-2,Indo-Aryan,*dēkṣati,,,6507
6507-3,Indo-Aryan,*dr̩kṣayati,,caus,6507-3
6508,Indo-Aryan,dr̩ḍʰá,"firm, hard, strong",,6508
651,Indo-Aryan,ardʰatr̩tīya,two and a half,ĀśvŚr Early-Vedic,651
651-2,Indo-Aryan,*ardʰatr̩tya,,,651
6510,Indo-Aryan,*dr̩ta,cleft,,6510
6511,Indo-Aryan,dŕ̩ti,"skin of leather, leather bag, hide, bellows",m RV Early-Vedic,6511
6514,Indo-Aryan,dŕ̩śīka,splendid,RV Early-Vedic,6514
6516,Indo-Aryan,dr̩śyátē,"is seen, appears",RV Early-Vedic,6516
6518,Indo-Aryan,dr̩ṣṭá,seen,AV Early-Vedic,6518
6520,Indo-Aryan,dŕ̩ṣṭi,"seeing, sight",f ŚBr Early-Vedic,6520
6522,Indo-Aryan,dḗya,"to be given, fit for a gift; gift",AV MBh Early-Vedic Epic,6522
6523,Indo-Aryan,dēvá,heavenly; a god; devil,m RV AV Early-Vedic,6523
6524,Indo-Aryan,dēvakula,temple,n ŚāṅkhGr̥ Early-Vedic,6524
6528,Indo-Aryan,*dēvagʰara,temple,,6528
6529,Indo-Aryan,dēvaṭa,"artist, artisan",m lex,6529
6530,Indo-Aryan,dēvátā,"godhead, divinity",f RV Early-Vedic,6530
6532,Indo-Aryan,dēvaputra,son of a god,m Hariv Classical,6532
6532-2,Indo-Aryan,dēvaputrī,,f,6532
6534,Indo-Aryan,*dēvarajāni,husband's younger brother's wife,f,6534
654,Indo-Aryan,ardʰadivasa,noon,m R Epic,654
6542,Indo-Aryan,dēvālaya,temple,m Pañcat Classical,6542
6545,Indo-Aryan,dēvī́,goddess,f RV Early-Vedic,6545
6546,Indo-Aryan,dēvŕ̩,husband's younger brother,m RV Early-Vedic,6546
6546-2,Indo-Aryan,dēvará,,,6546
6546-3,Indo-Aryan,*dēvraka,,,6546
6547,Indo-Aryan,dēśá,"point, region, part; province, country",m VS R Early-Vedic Epic,6547
6552,Indo-Aryan,dēśāntarin,living in a foreign country,,6552
6553,Indo-Aryan,*dēśāpara,another country,,6553
6555,Indo-Aryan,dēśī́ya,peculiar to or inhabiting a country,ŚrS Early-Vedic,6555
6557,Indo-Aryan,dēha,body,m TĀr Early-Vedic,6557
6559,Indo-Aryan,dēhalī́,"raised terrace in front of threshold, threshold",f Gr̥S Early-Vedic,6559
6559-2,Indo-Aryan,*dēhalla,,,6559
6559-3,Indo-Aryan,*dēhila,,,6559
6559-4,Indo-Aryan,*dēhula,,,6559
6561,Indo-Aryan,dēhikā,a sort of ant which throws up earth,f,6561
6562,Indo-Aryan,dēhī́,"mound, bank, surrounding wall",f RV Early-Vedic,6562
6563,Indo-Aryan,*dēhīkaṇṭʰa,wall,,6563
6564,Indo-Aryan,*dēhīkāra,termite.,,6564
6565,Indo-Aryan,*dēhuḍī,"mound, threshold",,6565
6565-2,Indo-Aryan,dēhuḍḍ(h)ī,,,6565
6566,Indo-Aryan,daina,relating to a day,lex,6566
6567,Indo-Aryan,daipa,belonging to a lamp,Śiś Classical,6567
6568,Indo-Aryan,dairgʰá,length,,6568
6573,Indo-Aryan,daivasaka,happening in one day,MBh Epic,6573
6574,Indo-Aryan,daívya,divine; divine strength; fate,n RV lex Early-Vedic,6574
6574-2,Indo-Aryan,daíviya,,RV Early-Vedic,6574
6576,Indo-Aryan,dōgdʰŕ̩,milker,m AV Early-Vedic,6576
6576-2,Indo-Aryan,dōgdʰrī́,"giving milk (of cow, &amp;c.)",f VS Early-Vedic,6576
6580,Indo-Aryan,dṓdʰant,"fierce, violent",,6580
6582,Indo-Aryan,dōla,swinging,MBh Epic,6582
6583,Indo-Aryan,*dōla,bucket,,6583
6585,Indo-Aryan,dōlāyatē,moves to and fro,MBh Epic,6585
6585-2,Indo-Aryan,dōlayati,swings,tr Bhartr̥ Classical,6585
6585-3,Indo-Aryan,*dōlyatē,is made to swing,,6585
6586,Indo-Aryan,dṓṣ,forearm,RV Early-Vedic,6586
6586-2,Indo-Aryan,dōṣán,"forearm, lower part of animal's leg",AV Early-Vedic,6586
6586-3,Indo-Aryan,*dōṣala,,,6586
6587,Indo-Aryan,dōṣa,fault,m ChUp Early-Vedic,6587
6588,Indo-Aryan,dōṣakārin,pernicious,VarBr̥S Classical,6588
6589,Indo-Aryan,dōṣayati,spoils,Pāṇ Epic,6589
6590,Indo-Aryan,dōṣā́,"night, night personified",RV Early-Vedic,6590
6592,Indo-Aryan,*dōhati,milks,RV Early-Vedic,6592
6592-2,Indo-Aryan,dōháyati,causes to be milked or to give milk,ŚBr Early-Vedic,6592
6593,Indo-Aryan,dṓhana,milking; milkpail,RV MBh Early-Vedic Epic,6593
66,Indo-Aryan,*agnistʰāna,fireplace,n,66
6600,Indo-Aryan,daúrbʰāgya,unhappiness of a woman disliked by her husband; misfortune,n AV Yājñ Early-Vedic Classical,6600
6603,Indo-Aryan,daurhr̩da,wickedness,n MBh Epic,6603
6605,Indo-Aryan,daúhitra,daughter's son,m Mn Epic,6605
6605-2,Indo-Aryan,dauhitrī,daughter's daughter,f MBh Epic,6605
6605-3,Indo-Aryan,*dauhitarī,,,6605
6606,Indo-Aryan,dyuti,brightness,f Mn Epic,6606
6607,Indo-Aryan,dyuttá,*shining; injured,AV Early-Vedic,6607
6609,Indo-Aryan,dyūtakāra,gambler,m Pañcat Classical,6609
6609-2,Indo-Aryan,*dyūtakārin,,,6609
6612,Indo-Aryan,dyṓtatē,shines,AV Early-Vedic,6612
6613,Indo-Aryan,*drakk,drag,,6613
6616,Indo-Aryan,*draŋgʰa,long,,6616
6618,Indo-Aryan,*draṭ,press,,6618
6618-2,Indo-Aryan,*draṭṭ,,,6618
6618-3,Indo-Aryan,*draṇṭ,,,6618
6619,Indo-Aryan,*drapp,press,,6619
662,Indo-Aryan,*ardʰapuṭa,a half fold,,662
6620,Indo-Aryan,*dramaṇa,,,6620
6620-2,Indo-Aryan,*dramṇa,,,6620
6621,Indo-Aryan,drámati,runs,Naigh Early-Vedic,6621
6621-2,Indo-Aryan,*drāmayati,,,6621
6622,Indo-Aryan,dramma,a coin,Pañcat Classical,6622
6623,Indo-Aryan,dravá,"running; flowing; quick motion; fluidity, juice, stream",RV Kāṭh Hariv Kāv Early-Vedic Classical,6623
6624,Indo-Aryan,drávati,runs,RV Early-Vedic,6624
6624-2,Indo-Aryan,*dravaḍati,runs,ext:ḍ,6624-2
6624-3,Indo-Aryan,*dravakkati,runs,ext:kk,6624-3
6625,Indo-Aryan,dravya,substance; property; drug,n Up MBh Suśr Epic Classical,6625
6627,Indo-Aryan,draha,deep lake,m lex,6627
6627-2,Indo-Aryan,*dahara-,,,6627
6628,Indo-Aryan,drā́kṣā,,,6628
6628-2,Indo-Aryan,*drakṣā,,,6628
6629,Indo-Aryan,drāgʰmán,length,m MaitrS Early-Vedic,6629
6630,Indo-Aryan,drā́ti,runs,RV Early-Vedic,6630
6630-2,Indo-Aryan,*drāta,,,6630
6630-3,Indo-Aryan,*drātikk-,runs,ext:kk,6630-3
6633,Indo-Aryan,drāva,"speed, flight",m lex,6633
6634,Indo-Aryan,drāváyati,"causes to run, makes flow, melts; drives away",RV MBh Early-Vedic Epic,6634
6636,Indo-Aryan,druṇa,,,6636
6636-2,Indo-Aryan,*drōṇa-,,,6636
6636-3,Indo-Aryan,druṇā,bowstring,f lex,6636
6638,Indo-Aryan,*drumadaṇḍa,wooden pole,,6638
664,Indo-Aryan,*ardʰapūraka,half-full,,664
6640,Indo-Aryan,drṓgʰa,injurious,m RV Early-Vedic,6640
6641,Indo-Aryan,drṓṇa,wooden trough; a measure of capacity,RV Yājñ Early-Vedic Classical,6641
6641-2,Indo-Aryan,drṓṇya,*like a trough,RV Early-Vedic,6641
6642,Indo-Aryan,*drōṇadʰānuka,rainbow,,6642
6644,Indo-Aryan,drōṇī,valley,Mālatīm Classical,6644
6645,Indo-Aryan,drōhayati,causes harm to,Gr,6645
6648,Indo-Aryan,dva,two,,6648
6649,Indo-Aryan,dvaṁdvá,pair; quarrel,n TS MBh Early-Vedic Epic,6649
6649-2,Indo-Aryan,*duvaṁdva,,,6649
6650,Indo-Aryan,dvaṁdvín,forming a pair; quarrelsome,ŚBr Prab Early-Vedic Medieval,6650
6650-2,Indo-Aryan,*duvaṁdvin,,,6650
6651,Indo-Aryan,*dvara,door,,6651
6652,Indo-Aryan,*dvarānta,near the door,,6652
6653,Indo-Aryan,*dvala,burning,,6653
6654,Indo-Aryan,*dvalati,burns,intr,6654
6657,Indo-Aryan,dvā́triṁśat,thirty two,f TS Early-Vedic,6657
6658,Indo-Aryan,dvā́daśa,twelve,RV Early-Vedic,6658
6658-2,Indo-Aryan,duvā́daśa,,RV Early-Vedic,6658
6659,Indo-Aryan,dvādaśá,twelfth,VS Early-Vedic,6659
6659-2,Indo-Aryan,dvādaśī́,twelfth day of lunar fortnight,KātyŚr Early-Vedic,6659
6661,Indo-Aryan,dvāpañcāśat,fifty two,f Hariv Classical,6661
6661-2,Indo-Aryan,dvipañcāśat,,Pāṇ Epic,6661
6663,Indo-Aryan,dvā́ra,door,n ŚBr Early-Vedic,6663
6664,Indo-Aryan,dvārakōṣṭʰaka,"room over a gate, gate",m BHSk,6664
6664-2,Indo-Aryan,*duvārakōṣṭʰaka,,,6664
6666,Indo-Aryan,*dvārapr̩ṣṭʰa,lintel,,6666
6667,Indo-Aryan,dvāravartman,gateway,n MW,6667
6670,Indo-Aryan,*dvālana,kindling,,6670
6671,Indo-Aryan,*dvālayati,kindles,,6671
6672,Indo-Aryan,dvā́viṁśati,twenty two,f ŚBr Early-Vedic,6672
6673,Indo-Aryan,dvāṣaṣṭi,sixty two,f MBh Epic,6673
6673-2,Indo-Aryan,dviṣaṣṭi,,MBh Epic,6673
6674,Indo-Aryan,dvā́saptati,seventy two,f ŚBr Early-Vedic,6674
6674-2,Indo-Aryan,dvisaptati,,Mn Epic,6674
6676,Indo-Aryan,*dviḣsara,twofold,,6676
6677,Indo-Aryan,dviguṇá,double,ŚBr Early-Vedic,6677
6680,Indo-Aryan,dvitī́ya,"second; foe, friend",RV ŚBr Early-Vedic,6680
6680-2,Indo-Aryan,dvitīyā,second day of lunar fortnight,f KātyŚr Early-Vedic,6680
6683,Indo-Aryan,dvinavati,ninety two,f MBh Epic,6683
6685,Indo-Aryan,*dvivatsikā,two years old,,6685
6689,Indo-Aryan,dvihāyana,two years old,Mn Epic,6689
6690,Indo-Aryan,*dvihr̩da,pregnant,Suśr Classical,6690
6691,Indo-Aryan,dvīpá,"land, island",m RV Early-Vedic,6691
6694,Indo-Aryan,dvīpín,"tiger, panther, leopard",m AV Early-Vedic,6694
6695,Indo-Aryan,dvī́pya,*spotted,VS Early-Vedic,6695
6698,Indo-Aryan,dvyardʰa,one and a half,Sūryap,6698
6698-2,Indo-Aryan,*dviyardʰa,,,6698
6698-3,Indo-Aryan,*dvaiyardʰa,,,6698
6698-4,Indo-Aryan,*duvardʰa,,,6698
6698-5,Indo-Aryan,*dauvardʰa,,,6698
67,Indo-Aryan,agnyagārá,a house for keeping the sacred fire,m ŚBr Early-Vedic,67
6700,Indo-Aryan,dvyahá,"*lasting two days; period of two days, a two days",m,6700
6700-2,Indo-Aryan,*dviyaha,,,6700
6701,Indo-Aryan,*dʰakk,"push, strike",,6701
6702,Indo-Aryan,dʰákṣu,"flaming, burning",,6702
6703,Indo-Aryan,*dʰakṣati,burns,,6703
6704,Indo-Aryan,*dʰagg,"throb, glitter",,6704
6706,Indo-Aryan,dʰaṭa,"scale of a balance, a balance",Mit,6706
6706-2,Indo-Aryan,dʰaṭaka,a partic. weight = 42 raktikā,m,6706
6707,Indo-Aryan,*dʰaṭa,"old cloth, loincloth",,6707
6708,Indo-Aryan,*dʰaṭa,edge,,6708
671,Indo-Aryan,ardʰarātra,midnight,m Mn Epic,671
6711-2,Indo-Aryan,*dʰaḍakk-,"throb, beat",ext:kk,6711-2
6712,Indo-Aryan,*dʰaḍa,trunk of body,,6712
6714,Indo-Aryan,dʰattūra,the white thorn-apple Datura alba,m,6714
6714-2,Indo-Aryan,*dʰastūra,,,6714
6714-3,Indo-Aryan,dʰuttūraka,,m,6714
6714-4,Indo-Aryan,dʰustū́ra,,m,6714
6714-5,Indo-Aryan,*duddura,,,6714
6714-6,Indo-Aryan,dʰūrta,,,6714
6717,Indo-Aryan,dʰána,"contest, prize, booty, property",n RV Early-Vedic,6717
6719,Indo-Aryan,dʰanáyati,sets in motion,,6719
6721,Indo-Aryan,dʰanikā,"virtuous woman, wife",f lex,6721
6722,Indo-Aryan,dʰanín,rich; creditor,RV Mn Early-Vedic Epic,6722
6723,Indo-Aryan,dʰanīyā,covetousness,f lex,6723
6724,Indo-Aryan,dʰánu,dry land,AV Early-Vedic,6724
6726,Indo-Aryan,dʰánus,bow,n RV Early-Vedic,6726
6727,Indo-Aryan,dʰandʰa,awkwardness,,6727
6728,Indo-Aryan,dʰánvan,bow,RV Early-Vedic,6728
6729,Indo-Aryan,*dʰapp,"slap, drive",,6729
6730,Indo-Aryan,dʰamá,blowing,Pāṇ Epic,6730
6731,Indo-Aryan,dʰámati,blows,RV Early-Vedic,6731
6732,Indo-Aryan,dʰamana,blowing with bellows,n lex,6732
6733,Indo-Aryan,dʰamáni,"vein, nerve; throat, neck",f AV lex Early-Vedic,6733
6734,Indo-Aryan,dʰamanī,bellows; sort of perfume,f Bhpr Medieval,6734
6735,Indo-Aryan,*dʰamm,noise,,6735
6736,Indo-Aryan,*dʰammakka,threat,,6736
6737,Indo-Aryan,dʰamyátē,is blown on,RV Early-Vedic,6737
6738,Indo-Aryan,dʰáyati,sucks milk,RV Early-Vedic,6738
6740,Indo-Aryan,dʰara,"holding, supporting",,6740
6742,Indo-Aryan,dʰáraṇa,supporting; prop,VS Kāv Early-Vedic Classical,6742
6743,Indo-Aryan,dʰaraṇa,a partic. weight (= 10 palas),Mn Epic,6743
6744,Indo-Aryan,dʰaráṇī,ground,MBh Epic,6744
6746,Indo-Aryan,*dʰaraṇīcala,earth tremor,,6746
6747,Indo-Aryan,dʰárati,"holds, keeps",Dhātup Epic,6747
6748,Indo-Aryan,dʰarā,the earth,Mn Epic,6748
6749,Indo-Aryan,dʰarā,womb; vein or other tubular vessel,Bhpr lex Medieval,6749
6750,Indo-Aryan,dʰáritrī,female carrier; the earth,f VS BhP Early-Vedic Medieval,6750
6751,Indo-Aryan,*dʰarjayati,makes go,,6751
6753,Indo-Aryan,dʰárma,"what is established, law, duty, right",m AV Early-Vedic,6753
6757,Indo-Aryan,dʰárman,"support, prop, established order",RV Early-Vedic,6757
6762,Indo-Aryan,dʰarmin,"pious, just",Gaut Early-Vedic,6762
6764,Indo-Aryan,dʰavá,Grislea tomentosa or Anogeissus latifolia,m AV Early-Vedic,6764
6764-2,Indo-Aryan,dʰātakī,Grislea tomentosa,f Suśr Classical,6764
6764-3,Indo-Aryan,dʰavala,Anogeissus latifolia,lex,6764
6765,Indo-Aryan,*dʰava,white,,6765
6766,Indo-Aryan,dʰavatē,runs,RV Early-Vedic,6766
6767,Indo-Aryan,dʰavalá,dazzling white,Pañcat Classical,6767
6769,Indo-Aryan,*dʰākka,"pomp, boast",,6769
6770,Indo-Aryan,*dʰāgga,thread,,6770
6770-2,Indo-Aryan,*dʰarāgga,,,6770
6770-3,Indo-Aryan,*dʰāggal-,thread,ext:l,6770-3
6771,Indo-Aryan,*dʰāṭayati,drives out,,6771
6772,Indo-Aryan,dʰāṭī,assault,f lex,6772
6774,Indo-Aryan,dʰātrī,nurse,f MBh Epic,6774
6776,Indo-Aryan,dʰānaka,coriander,n Bhpr Medieval,6776
6776-2,Indo-Aryan,dʰānēya,,,6776
6776-3,Indo-Aryan,dʰanyāka,,,6776
6777,Indo-Aryan,dʰānā́,"corn, grain (esp. parched grain)",RV Early-Vedic,6777
6778,Indo-Aryan,dʰānyà,"pertaining to grain; grain, corn; rice",RV Suśr Early-Vedic Classical,6778
6784,Indo-Aryan,dʰāpáyatē,suckles,RV Early-Vedic,6784
6784-2,Indo-Aryan,*dʰāpita,,,6784
6784-3,Indo-Aryan,*dʰāpyatē,,,6784
6786,Indo-Aryan,dʰāyá,"layer, stratum",n Kauś Early-Vedic,6786
6787,Indo-Aryan,dʰāra,holding,,6787
6788,Indo-Aryan,dʰā́ra,stream,,6788
6788-2,Indo-Aryan,dʰā́rā,"stream, flood",RV Early-Vedic,6788
6789,Indo-Aryan,dʰā́raṇa,act of holding,n ŚBr Early-Vedic,6789
6791,Indo-Aryan,dʰāráyati,"holds, carries, keeps",RV Early-Vedic,6791
6793,Indo-Aryan,dʰā́rā,"sharp edge, rim, blade; edge of mountain",RV lex Early-Vedic,6793
6796,Indo-Aryan,dʰārmá,relating to dharma,ŚBr Early-Vedic,6796
6799,Indo-Aryan,dʰārṣṭya,"boldness, violence",n R Epic,6799
68,Indo-Aryan,ágra,"top, summit; front",n RV Mn Early-Vedic Epic,68
680,Indo-Aryan,*ardʰāpūrta,half-filled,,680
6800,Indo-Aryan,*dʰāva,act of running,,6800
6802,Indo-Aryan,dʰā́vati,"runs, flows",RV Early-Vedic,6802
6802-2,Indo-Aryan,dʰāváyati,"makes run, drives",ŚBr Early-Vedic,6802
6803,Indo-Aryan,dʰā́vati,"rinses, washes, polishes",RV Early-Vedic,6803
6803-2,Indo-Aryan,dʰāvayati,washes,Mn Epic,6803
6803-3,Indo-Aryan,dʰāvita,purified,MBh Epic,6803
6804,Indo-Aryan,dʰāvana,running; attack,Suśr Rājat Classical Medieval,6804
6806,Indo-Aryan,dʰāvayati,causes to be shaken,Vop Medieval,6806
6807,Indo-Aryan,dʰā́sas,mountain,m Ujjval,6807
6808,Indo-Aryan,dʰikkāra,reproach,m BhP Medieval,6808
6809,Indo-Aryan,dʰíkṣatē,kindles,Dhātup Epic,6809
6811,Indo-Aryan,*dʰipp,"flicker, shine",,6811
6814,Indo-Aryan,*dʰīmma,slow,,6814
6817,Indo-Aryan,dʰī́ra,"wise, clever; steady, resolute",RV R Early-Vedic Epic,6817
6818,Indo-Aryan,dʰīryà,intelligence,n RV Early-Vedic,6818
6818-2,Indo-Aryan,dʰīríya,,,6818
6819,Indo-Aryan,dʰīvará,a partic. mixed caste; fisherman,m Gaut MBh Early-Vedic Epic,6819
6819-2,Indo-Aryan,tīvará,caste of hunters (offspring of a Kṣatriya with a Rajput woman),m BrahmavP Medieval,6819
6821,Indo-Aryan,dʰúkṣatē,"kindles, is weary",Dhātup Epic,6821
6823,Indo-Aryan,dʰúni,"roaring, boisterous",RV Early-Vedic,6823
6824,Indo-Aryan,*dʰunman,noise,,6824
6825,Indo-Aryan,*dʰuppā,sunshine,,6825
6826,Indo-Aryan,dʰúr,yoke or yoke-pin,f RV Early-Vedic,6826
6831,Indo-Aryan,*dʰuriya,fit to be harnessed; foremost; beast of burden,,6831
6832,Indo-Aryan,dʰuváti,shakes,,6832
6833,Indo-Aryan,*dʰuvati,washes,,6833
6833-2,Indo-Aryan,dʰūtá,rinsed (of soma),RV Early-Vedic,6833
6835,Indo-Aryan,*dʰūḍi,"dust, powder",m,6835
6838,Indo-Aryan,dʰūṇa,gum or resin esp. of Shorea robusta,m,6838
6839,Indo-Aryan,*dʰūṇḍʰ,seek,,6839
6839-2,Indo-Aryan,*ḍʰūṇḍʰ,,lex,6839
684,Indo-Aryan,arpáyati,causes to move; puts in or on; delivers up,AV RV Yājñ Early-Vedic Classical,684
6846,Indo-Aryan,dʰūnṓti,shakes,RV Early-Vedic,6846
6846-2,Indo-Aryan,*dʰunvati,,,6846
6848,Indo-Aryan,dʰūpana,"incensing, fumigation; incense",n KātyŚr Mn Early-Vedic Epic,6848
6849,Indo-Aryan,dʰūmá,"smoke, vapour, mist",m RV Early-Vedic,6849
6849-2,Indo-Aryan,dʰūmikā,smoke; fog,f Kathās lex Medieval,6849
6852,Indo-Aryan,*dʰūmara,smoky,,6852
6853,Indo-Aryan,dʰūmarī,"fog, mist",f lex,6853
6854,Indo-Aryan,dʰūmala,"smoke-coloured, purple",lex,6854
6855,Indo-Aryan,*dʰūmaśa,smoky,,6855
6855-2,Indo-Aryan,*dʰūmāśa,,,6855
6858,Indo-Aryan,*dʰūmāndʰa,dim-sighted,,6858
6861,Indo-Aryan,dʰūmrá,"smoke-coloured, grey, purple",VS Early-Vedic,6861
6861a,Indo-Aryan,dʰūmrābʰa,"air, wind",m lex,6861a
6862,Indo-Aryan,*dʰūya,"to be shaken, to be swept up",,6862
6863,Indo-Aryan,dʰūyátē,is shaken,AV Early-Vedic,6863
6864,Indo-Aryan,*dʰūyatē,is washed,,6864
6865,Indo-Aryan,dʰū́rta,cunning; rogue,m Yājñ Classical,6865
6866,Indo-Aryan,*dʰūrtakāra,cheat,,6866
6867,Indo-Aryan,dʰūrtí,injury,f RV Early-Vedic,6867
6869,Indo-Aryan,*dʰūrśala,pole and pin,,6869
6870,Indo-Aryan,dʰūsara,"dusty, grey",Bhartr̥ Classical,6870
6872,Indo-Aryan,dʰr̩tá,"held, supported; worn; weighed",RV MBh Early-Vedic Epic,6872
6873a,Indo-Aryan,dʰr̩ti,satisfaction,Sāh Medieval,6873a
6873a-2,Indo-Aryan,*dʰr̩ta,satisfied,,6873a
6875,Indo-Aryan,dʰr̩ṣṭá,"bold, impudent",RV Early-Vedic,6875
6877,Indo-Aryan,dʰēnú,milch; milch-cow; milk drink,f pl RV Early-Vedic,6877
6879,Indo-Aryan,dʰaínava,produced from a cow,Pāṇ Epic,6879
6880,Indo-Aryan,*dʰōkka,"sacking, matting",,6880
6880-2,Indo-Aryan,*dʰōkʰa,,,6880
6880-3,Indo-Aryan,*dʰōŋga,,,6880
6880-4,Indo-Aryan,*ḍʰōkka,,,6880
6880-5,Indo-Aryan,*dʰōkkaḍ-,"sacking, matting",ext:ḍ,6880-5
6881,Indo-Aryan,*dʰōtta,cloth,,6881
6881-2,Indo-Aryan,dʰōtra,,lex,6881
6882,Indo-Aryan,*dʰōdda,"hollow, swollen",,6882
6882-2,Indo-Aryan,*dʰōnda,,,6882
6884,Indo-Aryan,dʰaurēyá,beast of burden,lex,6884
6885,Indo-Aryan,dʰaúrtaka,roguery,n Pāṇ Epic,6885
6886,Indo-Aryan,*dʰauvati,washes,,6886
6886-2,Indo-Aryan,dʰautá,washed,SV Early-Vedic,6886
6888,Indo-Aryan,*dʰmātra,fireplace,,6888
6890,Indo-Aryan,dʰrā́yati,is satisfied,Dhātup Epic,6890
6890-2,Indo-Aryan,*dʰrāta,,,6890
6892,Indo-Aryan,dʰruvá,fixed; steady (of a cow when milked); pole-star; refrain in a song,RV AV Gr̥S W Early-Vedic,6892
6894,Indo-Aryan,*dʰrōkṣa,deceit,,6894
6896,Indo-Aryan,dʰváṁsati,falls to pieces,MBh Epic,6896
6896-2,Indo-Aryan,dʰvasáti,*falls,RV Early-Vedic,6896
6896-3,Indo-Aryan,dʰvasyatē,is destroyed,Pāṇ Epic,6896
6896-4,Indo-Aryan,dʰvasta,"fallen, destroyed; scattered, covered",R MBh Epic,6896
6896-5,Indo-Aryan,dʰvaṁsayati,"scatters, destroys; violates (a woman)",TBr Kathās Early-Vedic Medieval,6896
6896-6,Indo-Aryan,*dʰvāsayati,,,6896
6896-7,Indo-Aryan,*dʰvāsa,,,6896
6896-8,Indo-Aryan,*dʰvāsana,,,6896
6898,Indo-Aryan,*dʰvajadaṇḍa,flagstaff,,6898
690,Indo-Aryan,árśas,piles,n VS Early-Vedic,690
6900,Indo-Aryan,dʰvánati,"sounds, roars",Kāv Classical,6900
6902,Indo-Aryan,*dʰvasa,fall,,6902
6903,Indo-Aryan,dʰvā́ŋkṣa,"crow, the white crane Ardea nivea",m lex,6903
6906,Indo-Aryan,ná,not,RV Early-Vedic,6906
6908,Indo-Aryan,nakulá,mongoose,m AV Early-Vedic,6908
6909,Indo-Aryan,*nakka,nose,,6909
6912,Indo-Aryan,nákṣati,"comes near, arrives at; attains",RV VS Early-Vedic,6912
6913,Indo-Aryan,nákṣatra,"star, the stars; asterism",n RV AV Early-Vedic,6913
6914,Indo-Aryan,nakʰá,"nail (of finger or toe), claw",m RV Early-Vedic,6914
6914-2,Indo-Aryan,*nakkʰa,,,6914
6919,Indo-Aryan,*nakʰadara,tearing with the claws,,6919
6920,Indo-Aryan,nakʰará,shaped like a claw; claw; nail-scratch,ŚBr Pañcat Cat Early-Vedic Classical,6920
6921,Indo-Aryan,*nakʰarin,having claws,,6921
6922,Indo-Aryan,na khalu,,,6922
6922-2,Indo-Aryan,na kʰalu,by no means,R Epic,6922
6924,Indo-Aryan,nagará,town,,6924
6926,Indo-Aryan,nagná,naked,RV Early-Vedic,6926
6927,Indo-Aryan,*nagnapadara,barefoot,,6927
6929,Indo-Aryan,*nagnāŋga,naked-bodied,,6929
6930,Indo-Aryan,naŋkṣyati,will perish,MBh Epic,6930
6931,Indo-Aryan,na jānant,not knowing,,6931
6934,Indo-Aryan,*naṭati,"trembles, totters",,6934
6934-2,Indo-Aryan,*nāṭayati,,,6934
6934-3,Indo-Aryan,*naṭyati,,,6934
6935,Indo-Aryan,*naṭṭa,defective,,6935
6935-2,Indo-Aryan,*naṭṭʰa,,,6935
6935-3,Indo-Aryan,*naḍḍʰa,,,6935
6935-4,Indo-Aryan,*naṇḍʰa,,,6935
6935-5,Indo-Aryan,*niḍḍʰa,,,6935
6936,Indo-Aryan,naḍá,,,6936
6936-2,Indo-Aryan,naḍaka,hollow of bone,n KātyŚr Early-Vedic,6936
693a,Indo-Aryan,alaṁdʰūma,thick smoke,m lex,693a
6942,Indo-Aryan,nadatʰu,noise,m ChUp Early-Vedic,6942
6943,Indo-Aryan,nadī́,river,f RV Early-Vedic,6943
6944,Indo-Aryan,naddʰá,"tied; band, fetter, trace",n AV Early-Vedic,6944
6949,Indo-Aryan,nánda,joy,m RV Early-Vedic,6949
6950,Indo-Aryan,nándati,rejoices,RV Early-Vedic,6950
6954,Indo-Aryan,nápāt,grandson,m RV Early-Vedic,6954
6955a,Indo-Aryan,naptī́,granddaughter,f RV Early-Vedic,6955a
6955b,Indo-Aryan,náptr̩,grandson,RV TS Early-Vedic,6955b
6955c,Indo-Aryan,*nabʰalikā,cloud,,6955c
6956,Indo-Aryan,námati,bends,tr,6956
6956-2,Indo-Aryan,namáyati,makes bend,RV Early-Vedic,6956
6957,Indo-Aryan,namana,bowing down,n MārkP Medieval,6957
6959,Indo-Aryan,namaskarōti,salutes,RV Siddh Early-Vedic Medieval,6959
6959-2,Indo-Aryan,námaskr̩ta,,MW,6959
6964,Indo-Aryan,namrá,"bent, submissive",RV Early-Vedic,6964
6966,Indo-Aryan,náyati,leads; carries off,RV AV Early-Vedic,6966
6967,Indo-Aryan,nayana,leading,Hariv Classical,6967
6968,Indo-Aryan,nayaná,eye,MBh Epic,6968
6969,Indo-Aryan,*nayaśālā,school,,6969
6969-2,Indo-Aryan,nayaśālin,schooled in political wisdom,Kathās Medieval,6969
6970,Indo-Aryan,nára,"man, male",m TS Early-Vedic,6970
6978,Indo-Aryan,nartana,dancing,n lex,6978
6979,Indo-Aryan,nartáyati,makes dance,RV Early-Vedic,6979
6982,Indo-Aryan,nárdati,"roars, bellows",RV Early-Vedic,6982
6983,Indo-Aryan,náva,"new, young",RV Early-Vedic,6983
6984,Indo-Aryan,náva,nine,RV Early-Vedic,6984
6994,Indo-Aryan,návatara,"younger, fresher",ŚBr Early-Vedic,6994
6995,Indo-Aryan,navatí,90,f RV Early-Vedic,6995
6997,Indo-Aryan,navatva,newness,n Rājat Medieval,6997
6997-2,Indo-Aryan,*navakatva,,,6997
6998,Indo-Aryan,návadaśa,19,VS Early-Vedic,6998
7,Indo-Aryan,áṁsiya,belonging to the shoulder; *made of or shaped like the shoulder-blade,RV Early-Vedic,7
7-2x,Indo-Aryan,áṁsya,belonging to the shoulder; *made of or shaped like the shoulder-blade,RV Early-Vedic,7
70,Indo-Aryan,*agragamaṇa,going in front,,70
700,Indo-Aryan,alagna,unconnected,MW,700
7001,Indo-Aryan,navanavati,99,f R Epic,7001
7002,Indo-Aryan,navanī,fresh butter,f BrahmavP Medieval,7002
7003,Indo-Aryan,návanīta,fresh butter,n ŚBr Early-Vedic,7003
7005,Indo-Aryan,*navapʰulla,having new flowers,,7005
7008,Indo-Aryan,*navamātr̩,step-mother (?),,7008
7010,Indo-Aryan,*navara,new,,7010
7012,Indo-Aryan,*navala,new,,7012
7012-2,Indo-Aryan,*navalla,,,7012
7013,Indo-Aryan,*navavaraka,newly wed,f,7013
7020,Indo-Aryan,navāśīti,89,f R Epic,7020
7025,Indo-Aryan,návya,new,RV Early-Vedic,7025
7025-2,Indo-Aryan,náviya,,,7025
7027,Indo-Aryan,náśyati,"is lost, perishes, runs away",RV Early-Vedic,7027
7027-2,Indo-Aryan,naṣṭá,,RV Early-Vedic,7027
7031,Indo-Aryan,nasta,nose,m lex,7031
7031-2,Indo-Aryan,nastaka,"septum of nose, hole bored through it in oxen",m MBh Epic,7031
7031-3,Indo-Aryan,*nastī,,,7031
7031-4,Indo-Aryan,*nastu,,,7031
7031-5,Indo-Aryan,nastā,hole bored in septum of nose,f lex,7031
7031-6,Indo-Aryan,*nastya,,,7031
7034,Indo-Aryan,nahati,"binds, ties",MBh Epic,7034
7035,Indo-Aryan,nahí,surely not,RV Early-Vedic,7035
7036,Indo-Aryan,nā́ka,"firmament, vault of heaven",m RV Early-Vedic,7036
7037,Indo-Aryan,*nākka,"like a nose, projecting",,7037
7038,Indo-Aryan,nā́kra,a kind of aquatic animal,m VS Early-Vedic,7038
7039,Indo-Aryan,nāgá,snake; elephant,ŚBr BhP Early-Vedic Medieval,7039
7040,Indo-Aryan,nāga,lead,Bhpr Medieval,7040
7043,Indo-Aryan,nāgara,relating to a town; citizen,m MBh Epic,7043
7043-2,Indo-Aryan,nāgarika,id.,m Kālid Classical,7043
7046,Indo-Aryan,nāṭya,"dancing, dramatic art",n Kāv Classical,7046
7047,Indo-Aryan,nāḍī́,"tubular stalk of any plant, tubular organ, tube",RV Early-Vedic,7047
7049,Indo-Aryan,nāḍī,rope,lex,7049
7050,Indo-Aryan,nāṇaka,"coin, anything stamped",n Yājñ Classical,7050
7051,Indo-Aryan,nātʰá,"refuge, help; protector, master",n AV MBh Early-Vedic Epic,7051
7059,Indo-Aryan,*nānna,term of respect for an older relative,,7059
706,Indo-Aryan,*alala,cheerful noise,,706
7062,Indo-Aryan,nā́bʰi,"navel, nave of wheel",f RV Early-Vedic,7062
7062-2,Indo-Aryan,nābʰa,,,7062
7067,Indo-Aryan,nā́man,name,n RV Early-Vedic,7067
7068,Indo-Aryan,nāmáyati,makes bend,R Epic,7068
707,Indo-Aryan,alavaṇa,not salty,Pāṇ Epic,707
707-2,Indo-Aryan,*alavaṇika,,,707
7073,Indo-Aryan,nāraŋgá,orange tree,m Suśr Classical,7073
7074,Indo-Aryan,nārācá,iron arrow,m MBh Epic,7074
7075,Indo-Aryan,nārikēla,coconut palm and fruit,m MBh Epic,7075
7077,Indo-Aryan,*nāriya,male,,7077
7078,Indo-Aryan,nā́rī,"woman, wife",f RV Early-Vedic,7078
7079,Indo-Aryan,nāvayati,removes,,7079
708,Indo-Aryan,alasá,inactive,ŚBr Early-Vedic,708
708-2,Indo-Aryan,ālasa,,lex,708
7080,Indo-Aryan,nāvayati,makes shout,Gr,7080
7081,Indo-Aryan,nāvā́,boat,f RV Early-Vedic,7081
7084,Indo-Aryan,nāśa,"destruction, ruin, death",m KātyŚr Early-Vedic,7084
7087,Indo-Aryan,nāśáyati,"destroys, drives away, removes",RV Early-Vedic,7087
7089,Indo-Aryan,nā́sā,nose,f Mn Epic,7089
7089-2,Indo-Aryan,nā́sikā,nostril,f RV Early-Vedic,7089
7089-3,Indo-Aryan,*nāsaka,,,7089
709,Indo-Aryan,*alasiṣṭʰa,most lazy,,709
7090,Indo-Aryan,nāsāpuṭa,nostril,m Suśr Classical,7090
7091,Indo-Aryan,nā́sti,is not,RV Early-Vedic,7091
7093,Indo-Aryan,nāsyá,errhine (?),n,7093
7093-2,Indo-Aryan,*nāsyā,,,7093
7094,Indo-Aryan,niḣkṣatra,*having no estate,BhP Medieval,7094
7095,Indo-Aryan,*niḣkṣarati,flows out,,7095
7096,Indo-Aryan,*niḣkṣalati,rinses out,,7096
7097,Indo-Aryan,*niḣkṣāra,flowing out,,7097
7098,Indo-Aryan,*niḣkṣārayati,causes to flow out,,7098
71,Indo-Aryan,agragāmin,guide,m Pāṇ Epic,71
710,Indo-Aryan,alāta,fire-brand,m MBh Epic,710
710-2,Indo-Aryan,*lāta,,,710
7100,Indo-Aryan,*niḣkṣālayati,rinses out,,7100
7102,Indo-Aryan,*niḣkṣurati,scrapes off,,7102
7106,Indo-Aryan,niḣśaŋka,fearless,R Epic,7106
711,Indo-Aryan,alā́bu,,,711
711-2,Indo-Aryan,lābu,gourd,f lex,711
711-3,Indo-Aryan,lambā,a bitter gourd,f Suśr Classical,711
711-4,Indo-Aryan,lābū,gourd,f lex,711
7111,Indo-Aryan,niḣśvāsa,sigh,Mn Epic,7111
7114,Indo-Aryan,*niḣṣkadati,jumps out,,7114
7114-2,Indo-Aryan,*niḣṣkatta,,,7114
7115,Indo-Aryan,*niḣṣkavati,pokes out,,7115
7117,Indo-Aryan,*niḣṣkāvayati,pokes out,,7117
7118,Indo-Aryan,*niḣṣṭʰīyatē,is finished,,7118
7119,Indo-Aryan,niḣsattva,"weak, miserable",MBh Epic,7119
712,Indo-Aryan,alikula,swarm of bees,n VarBr̥S Classical,712
7120,Indo-Aryan,*niḣsamaka,unequal,,7120
7121,Indo-Aryan,niḣsaraṇa,"going forth or out; egress, gate",n MBh lex Epic,7121
7122,Indo-Aryan,niḣsarati,goes or comes out,Mn Epic,7122
7123,Indo-Aryan,*niḣsarala,very straight,,7123
7126,Indo-Aryan,niḣsāra,coming out,MBh Epic,7126
7126-2,Indo-Aryan,*niḣṣāra,,,7126
7129,Indo-Aryan,*niḣsāhasa,without courage,,7129
713,Indo-Aryan,*alikʰant,not writing,,713
7136,Indo-Aryan,nikaṭam,near,,7136
7137,Indo-Aryan,nikara,heap,m MBh Epic,7137
7138,Indo-Aryan,*nikartati,cuts off,,7138
7140,Indo-Aryan,nikāyá,heap,m Mn Epic,7140
7141,Indo-Aryan,nikārá,"tossing up, piling up or winnowing of corn",m lex,7141
7143,Indo-Aryan,*nikirati,scatters,,7143
7146,Indo-Aryan,níkr̩ntati,cuts off,KātyŚr Early-Vedic,7146
715,Indo-Aryan,aliñjara,waterpot,m MBh Epic,715
715-2,Indo-Aryan,*alinda-,,,715
7150,Indo-Aryan,niktá,"washed, purified",RV Early-Vedic,7150
7154,Indo-Aryan,nikṣipta,"deposited, abandoned",Mn Epic,7154
7156,Indo-Aryan,*nikʰāda,pressing and cutting into,,7156
7156-2,Indo-Aryan,*nikʰādana,,,7156
7157,Indo-Aryan,nigaḍa,iron chain for legs,m Hariv Classical,7157
7157a,Indo-Aryan,*nigaḍa,throat,,7157a
716,Indo-Aryan,alin,black bee; scorpion,m BhP lex Medieval,716
716-2,Indo-Aryan,āli,bee; scorpion,lex VarBr̥S Classical,716
7160,Indo-Aryan,nigara,swallowing,m W,7160
7163,Indo-Aryan,nigalati,swallows,Bhartr̥ Classical,7163
7163-2,Indo-Aryan,*nigilati,,,7163
7165,Indo-Aryan,*nigāti,learns,,7165
7167,Indo-Aryan,*nigna,washed,,7167
7171,Indo-Aryan,*nigʰātana,striking on,,7171
7172,Indo-Aryan,nigʰāti,iron hammer,f lex,7172
718,Indo-Aryan,alīká,unpleasing; untrue; a little,AV MBh lex Early-Vedic Epic,718
7180,Indo-Aryan,*niccʰāya,shady,,7180
7181,Indo-Aryan,nijá,"constant; innate, of one's own country, one's own",AV Hit Early-Vedic Medieval,7181
7182,Indo-Aryan,*nijakāla,continual,,7182
7183,Indo-Aryan,*nijahāti,leaves,,7183
7186,Indo-Aryan,*niḍḍʰalati,falls down,,7186
7187,Indo-Aryan,niṇyá,"inner, hidden, secret",RV Early-Vedic,7187
7189,Indo-Aryan,nitarā́m,downwards; especially; completely,TBr R Early-Vedic Epic,7189
7191,Indo-Aryan,nídadʰāti,lays down,RV Early-Vedic,7191
7193,Indo-Aryan,nidāgʰá,"heat, hot season",m ŚBr Early-Vedic,7193
7195,Indo-Aryan,*nidāgʰya,heat,,7195
7196,Indo-Aryan,nidā́na,"band, halter, primary cause",RV Early-Vedic,7196
7199,Indo-Aryan,nidēśa,vicinity,m,7199
7200,Indo-Aryan,nidrā́,sleep,f RV Early-Vedic,7200
7201,Indo-Aryan,nídrāyati,"falls asleep, sleeps",ŚBr Early-Vedic,7201
7202,Indo-Aryan,nidrālú,sleepy,Yājñ Classical,7202
7209,Indo-Aryan,nidʰyāyati,"sees, observes",AitBr Early-Vedic,7209
7211,Indo-Aryan,níndati,"blames, ridicules",RV Early-Vedic,7211
7212,Indo-Aryan,nindā́,blame,f AV Early-Vedic,7212
7214,Indo-Aryan,nípatati,falls in ruin; settles down; falls at the feet of,AV MBh Kathās Early-Vedic Epic Medieval,7214
7214-2,Indo-Aryan,nípātayati,makes fall,RV Early-Vedic,7214
7215,Indo-Aryan,nípadyatē,"lies down, rests",RV Early-Vedic,7215
7217,Indo-Aryan,*nipārayati,rescues,,7217
7219,Indo-Aryan,nipīḍayati,presses close to,MBh Epic,7219
722,Indo-Aryan,álpa,small,AV Early-Vedic,722
7220,Indo-Aryan,*nipēśayati,writes,,7220
7224,Indo-Aryan,níbādʰatē,presses down,RV Early-Vedic,7224
7224-2,Indo-Aryan,*nibādʰyatē,,,7224
7227,Indo-Aryan,*nibʰarati,bears down,,7227
7227-2,Indo-Aryan,níbʰr̩ta,"decided (?); concealed, modest",RV MBh Early-Vedic Epic,7227
7228,Indo-Aryan,nibʰālayati,perceives,ChUp Early-Vedic,7228
7228-2,Indo-Aryan,*nibʰārayati,,,7228
7229,Indo-Aryan,*nibʰukta,bent,,7229
7230,Indo-Aryan,*nibʰugna,enjoyed,,7230
7231,Indo-Aryan,*nibʰuñjati,bends down,,7231
7231-2,Indo-Aryan,*nibʰujyatē,,,7231
7232,Indo-Aryan,nimajjati,"dives in, sinks in",AitBr Early-Vedic,7232
7236,Indo-Aryan,*nimala,with impurities sunk down,,7236
7237,Indo-Aryan,*nimāti,measure,,7237
724,Indo-Aryan,*allaḍa,childish,,724
7240,Indo-Aryan,*nimāpayati,measures,,7240
7247,Indo-Aryan,nimbū,the lime Citrus acida,,7247
7248,Indo-Aryan,níyañc,"bent down, downward",,7248
7250,Indo-Aryan,niyamá,restraint; fixed law,m Mn R Epic,7250
7251,Indo-Aryan,niyamayati,restrains,MBh Epic,7251
7259,Indo-Aryan,niyṓjana,that with which anything is tied,n AV Early-Vedic,7259
726,Indo-Aryan,áva,"away, down",RV Early-Vedic,726
7263,Indo-Aryan,nirati,"delighting in, attachment to",f VarBr̥S Classical,7263
7266,Indo-Aryan,niranna,starving,MBh Epic,7266
7266-2,Indo-Aryan,*niyanna,,,7266
7267,Indo-Aryan,nirartʰa,"useless, vain",,7267
726a,Indo-Aryan,*avakaḍḍʰati,pulls away,,726a
7270,Indo-Aryan,nírasyati,casts out,ŚBr Early-Vedic,7270
7270-2,Indo-Aryan,nirasyatē,,,7270
7273,Indo-Aryan,*nirānti,peace,,7273
7274,Indo-Aryan,nirāmiṣa,fleshless; free from sensual desires,MBh Mn Epic,7274
7277,Indo-Aryan,*nirālaya,without resting-place,,7277
727a,Indo-Aryan,*avakalati,descends,,727a
727b,Indo-Aryan,*avakasati,goes down,,727b
727c,Indo-Aryan,ávakā,"Blyxa octandra Rich., grassy plant in marshy land",f VS Early-Vedic,727c
7280,Indo-Aryan,nirīkṣatē,looks at,MBh Epic,7280
7280-2,Indo-Aryan,nirīkṣā,regarding,f R Epic,7280
7281,Indo-Aryan,nírukta,"spoken out, loud, distinct",ŚBr Early-Vedic,7281
7284,Indo-Aryan,nirudaka,without water,Pāṇ Epic,7284
7286,Indo-Aryan,*nirundʰati,,,7286
7286-2,Indo-Aryan,níruddʰa,,RV Early-Vedic,7286
7288,Indo-Aryan,nírēti,"goes out, departs",RV Early-Vedic,7288
7291,Indo-Aryan,nirōpayati,transplants,Rājat Medieval,7291
7291-2,Indo-Aryan,nirōpyatē,,,7291
7292,Indo-Aryan,*nirgaḍa,dripping,,7292
7293,Indo-Aryan,*nirgaḍati,drips out,,7293
7297,Indo-Aryan,*nirgara,dripping,,7297
7298,Indo-Aryan,*nirgarati,drips out,,7298
73,Indo-Aryan,agratás,in front,RV Early-Vedic,73
730,Indo-Aryan,*avakāśana,"shining, being visible",,730
7301,Indo-Aryan,*nirgalati,oozes out,,7301
7301-2,Indo-Aryan,*nirgilati,,,7301
7303,Indo-Aryan,*nirgāti,goes out,,7303
7303-2,Indo-Aryan,*nirgāta,,,7303
7304,Indo-Aryan,*nirgārayati,causes to drip,,7304
7310,Indo-Aryan,*nirguru,very heavy; not heavy,,7310
7311,Indo-Aryan,*nirguru,without a teacher,,7311
7316,Indo-Aryan,*nirgʰarati,flows out,,7316
7316-2,Indo-Aryan,*nirgʰalati,,,7316
7317,Indo-Aryan,*nirgʰāra,flowing out,,7317
7317-2,Indo-Aryan,*nirgʰāla,,,7317
7318,Indo-Aryan,*nirgʰārayati,makes flow out,,7318
7318-2,Indo-Aryan,*nirgʰālayati,,,7318
732,Indo-Aryan,avakirati,"scatters, pours out; spills semen; bestrews, fills",ĀśvGr̥ TĀr MBh Early-Vedic Epic,732
7324,Indo-Aryan,*nirjahāti,leaves,,7324
7325,Indo-Aryan,nirjīva,lifeless,MBh Epic,7325
7327,Indo-Aryan,nirjʰara,"waterfall, torrent",MBh Epic,7327
7329,Indo-Aryan,*nirjʰarati,flows out,,7329
7330,Indo-Aryan,*nirjʰūra,quite worn-out,,7330
7332,Indo-Aryan,nírṇayati,takes away,AV Early-Vedic,7332
7333,Indo-Aryan,*nirṇāmaka,nameless,,7333
7337,Indo-Aryan,nírdadʰāti,takes out,RV Early-Vedic,7337
734,Indo-Aryan,*avakṣala,washing,,734
7341,Indo-Aryan,*nirdalati,splits asunder,,7341
7343,Indo-Aryan,nírdahati,burns up,RV Early-Vedic,7343
735,Indo-Aryan,*avakṣāra,downward flow,,735
735-2,Indo-Aryan,*avakṣāla,,,735
7350,Indo-Aryan,*nirdvara,out of doors,,7350
7351,Indo-Aryan,nirdʰana,poor,MBh Epic,7351
7356,Indo-Aryan,nirbala,weak,Hit Medieval,7356
736,Indo-Aryan,avakṣārayati,causes to flow down upon,ĀśvGr̥ Early-Vedic,736
7360,Indo-Aryan,nirbʰara,"excessive, violent",Hit Medieval,7360
7362,Indo-Aryan,nirbʰāgya,unfortunate,lex,7362
7366,Indo-Aryan,nirmala,"spotless, clean",Up,7366
7369,Indo-Aryan,nirmāti,,Kāv Classical,7369
7369-2,Indo-Aryan,nírmita,formed,ŚBr Early-Vedic,7369
7369-3,Indo-Aryan,nirmāpayati,causes to be made,Rājat Medieval,7369
7371,Indo-Aryan,nirmāna,free from pride,MBh Epic,7371
7373,Indo-Aryan,nirmukta,"loosed, lost",MBh Epic,7373
7373-2,Indo-Aryan,*nirmukna,,,7373
7374,Indo-Aryan,*nirmukʰa,mouthless,,7374
7379,Indo-Aryan,*nirmōhyamāna,,,7379
738,Indo-Aryan,*avakṣōpa,scratching,,738
7382,Indo-Aryan,niryāti,goes out; dies,MBh Car Epic,7382
7383,Indo-Aryan,*niryuj,tying,,7383
7388,Indo-Aryan,*nirlāvaṇya,free from saltness,,7388
7389,Indo-Aryan,*nirlīyatē,comes out,,7389
7389-2,Indo-Aryan,*nirlīna,,,7389
7392,Indo-Aryan,*nirvarati,restrains,,7392
7392-2,Indo-Aryan,nirvr̩ta,"satisfied; at peace, extinguished, ceased",Mn MārkP Epic Medieval,7392
7393,Indo-Aryan,*nirvarayati,chooses,,7393
7393-2,Indo-Aryan,*nirvr̩ta-,,,7393
7393-3,Indo-Aryan,*nirvr̩ti,choice,,7393
7394,Indo-Aryan,*nirvartakara,accomplishing,,7394
7395,Indo-Aryan,nírvartatē,"comes forth, develops; is accomplished, is finished",ŚBr Mn Early-Vedic Epic,7395
7395-2,Indo-Aryan,nirvr̩tta,"accomplished, produced, ended",Mn Epic,7395
7395-3,Indo-Aryan,nírvartayati,"creates, finishes",RV Early-Vedic,7395
7397,Indo-Aryan,nírvahati,leads out of; accomplishes; succeeds,RV Suśr Hit Early-Vedic Classical Medieval,7397
7397-2,Indo-Aryan,nirvāhayati,performs; passes (time),Kathās Pañcat Medieval Classical,7397
7397-3,Indo-Aryan,nirvāha,"accomplishing, completing; livelihood",m Kāv Rājat Classical Medieval,7397
7399,Indo-Aryan,nírvāyati,is extinguished,TS Early-Vedic,7399
7399-2,Indo-Aryan,nírvāpayati,extinguishes,RV Early-Vedic,7399
7399-3,Indo-Aryan,*nirvāta,refreshed,,7399
74,Indo-Aryan,*agratōjāta,born earlier,,74
7402,Indo-Aryan,*nirvēdʰati,pierces,,7402
7408,Indo-Aryan,nílīyatē,"hides oneself, disappears",RV Early-Vedic,7408
7408-2,Indo-Aryan,nílīna,"clinging to, hidden in",AV Early-Vedic,7408
741,Indo-Aryan,*avagarati,pours out,,741
7411,Indo-Aryan,nívartatē,turns back,intr RV Early-Vedic,7411
7411-2,Indo-Aryan,nívartayati,turns back; accomplishes; destroys,tr AV R Mn Early-Vedic Epic,7411
7414,Indo-Aryan,nivastē,puts on over another garment,KātyŚr Early-Vedic,7414
7414-2,Indo-Aryan,*nivasta,,,7414
7414-3,Indo-Aryan,nivāsayati,,MBh Epic,7414
7415,Indo-Aryan,*nivācya,abuse,,7415
7416,Indo-Aryan,nivātá,"sheltered from wind; place so sheltered, absence of wind, a calm",MBh ŚBr Epic Early-Vedic,7416
7417,Indo-Aryan,nivāra,"keeping off, impediment",m,7417
7418,Indo-Aryan,nivāraṇa,"keeping back, preventing",n MBh Epic,7418
7419,Indo-Aryan,nivārayati,"wards off, restrains; removes",MBh Kathās Epic Medieval,7419
742,Indo-Aryan,avagalati,"falls down, slips down",Śiś Classical,742
742-2,Indo-Aryan,*avagālayati,,,742
7420,Indo-Aryan,*nivāla,hair,,7420
7423,Indo-Aryan,*nividʰati,strikes down,,7423
7428,Indo-Aryan,niśā,night,f Gr̥Śr Early-Vedic,7428
7431,Indo-Aryan,niśādāputra,pestle,m lex,7431
7436,Indo-Aryan,niśītʰá,"midnight, night",m MBh Epic,7436
7439,Indo-Aryan,niścaya,"enquiry, conviction",m Mn Epic,7439
744,Indo-Aryan,*avagāra,swallowing,,744
744-2,Indo-Aryan,*avagāla,,,744
7448,Indo-Aryan,*niścihnaka,without distinctive mark,,7448
7449,Indo-Aryan,*niścōṭayati,presses out,,7449
7450,Indo-Aryan,*niścyavayati,causes to fall out,,7450
7450-2,Indo-Aryan,*niścyāvayati,,,7450
7451,Indo-Aryan,*niścyōtayati,causes to trickle out,,7451
7452,Indo-Aryan,*niścʰala,free from deceit,,7452
7453,Indo-Aryan,*niścʰādana,without covering,,7453
7455,Indo-Aryan,*niścʰyati,cuts off,,7455
7456,Indo-Aryan,níśyati,sharpens,AitBr Early-Vedic,7456
7458,Indo-Aryan,niśrayaṇī́,"ladder, staircase",f ŚBr Early-Vedic,7458
746,Indo-Aryan,avagiratē,swallows,Pāṇ Epic,746
746-2,Indo-Aryan,*avagilati,,,746
7461,Indo-Aryan,niśvasiti,draws in breath,MBh Epic,7461
7462,Indo-Aryan,niśvāsa,breathing in or out,m R Epic,7462
7466,Indo-Aryan,níṣādayati,causes to sit down,RV Early-Vedic,7466
7467,Indo-Aryan,níṣīdati,sits down,RV Early-Vedic,7467
7468,Indo-Aryan,*niṣupta,asleep,,7468
7468-2,Indo-Aryan,*niṣupti,sleep,,7468
7471,Indo-Aryan,*niṣkaṇa,without grain,,7471
7474,Indo-Aryan,níṣkarōti,expels; breaks in pieces,RV Bhaṭṭ Early-Vedic Classical,7474
7475,Indo-Aryan,niṣkarman,inactive,Kull Medieval,7475
7476,Indo-Aryan,niṣkarṣa,"extracting, oppressing by taxes",m MBh Epic,7476
7478,Indo-Aryan,*niṣkalati,comes out,,7478
7479,Indo-Aryan,*niṣkasati,goes out,,7479
7480,Indo-Aryan,*niṣkasta,gone out,,7480
7484,Indo-Aryan,niṣkālayati,drives out,Kathās Medieval,7484
7485,Indo-Aryan,niṣkāsa,egress,m R Epic,7485
7486,Indo-Aryan,niṣkāsayati,drives out,Pañcat Classical,7486
7488,Indo-Aryan,niṣkr̩tá,"expiated; removed, expelled",RV BhP Early-Vedic Medieval,7488
7492,Indo-Aryan,níṣkramati,goes out,RV Early-Vedic,7492
7492-2,Indo-Aryan,niṣkrānta,,MBh Epic,7492
750,Indo-Aryan,*avagʰara,flowing down,,750
750-2,Indo-Aryan,*avagʰala,,,750
7502,Indo-Aryan,*niṣṭrāṇa,without protection or armour,,7502
7503,Indo-Aryan,niṣṭʰā,decision; firmness,f Gaut Mn Early-Vedic Epic,7503
7505,Indo-Aryan,niṣṭʰura,"hard, cruel",MBh Epic,7505
7507,Indo-Aryan,*niṣpaṭati,is torn or rooted out,,7507
7507-2,Indo-Aryan,*niṣpāṭayati,roots out,,7507
7507-3,Indo-Aryan,*niṣpāṭyatē,,,7507
751,Indo-Aryan,*avagʰarati,"flows down, drops",,751
751-2,Indo-Aryan,*avagʰalati,,,751
751-3,Indo-Aryan,*avagʰālayati,,,751
7511,Indo-Aryan,níṣpadyatē,"falls out; comes forth, becomes ripe",ŚBr Mn Early-Vedic Epic,7511
7511-2,Indo-Aryan,niṣpanna,,R Epic,7511
7511-3,Indo-Aryan,niṣpādayati,,MBh Epic,7511
7511-4,Indo-Aryan,*niṣpadyatēaya-,"falls out; comes forth, becomes ripe",caus,7511-4
7512,Indo-Aryan,níṣparati,comes out,TS Early-Vedic,7512
7512-2,Indo-Aryan,níṣpārayati,"takes out, rescues",RV Early-Vedic,7512
7516,Indo-Aryan,niṣpīḍayati,presses out or together or against,ĀśvGr̥ Early-Vedic,7516
7518,Indo-Aryan,*niṣpuṭati,unfolds,,7518
7521,Indo-Aryan,*niṣpraṣṭʰa,absolutely foremost,,7521
7523,Indo-Aryan,*niṣpʰāyatē,"swells, is complete, arrives",,7523
7525,Indo-Aryan,*niṣmārayati,reminds,,7525
7528,Indo-Aryan,nistarati,comes forth,MBh Epic,7528
7529,Indo-Aryan,*nistāna,not taut,,7529
753,Indo-Aryan,avagʰāta,"blow, threshing corn",m Jaim Early-Vedic,753
7533,Indo-Aryan,*nistr̩ta,brought out,,7533
7535a,Indo-Aryan,*nisravaṇa,flowing down or out,,7535a
7535a-2,Indo-Aryan,*niḣsravaṇa,flowing down or out,,7535a
7537,Indo-Aryan,nisvāna,sound,m MBh Epic,7537
7538,Indo-Aryan,níhanti,"strikes in, kills",RV Early-Vedic,7538
7539,Indo-Aryan,nihnavatē,"makes amends for; disowns, denies",Br Mn Early-Vedic Epic,7539
7540,Indo-Aryan,nīcá,low,Mn Epic,7540
7541,Indo-Aryan,nīḍá,"resting place, nest; seat of a carriage",,7541
7542,Indo-Aryan,*nīḍāti,"cuts down, weeds",,7542
7542-2,Indo-Aryan,*nirdāti,,,7542
7543,Indo-Aryan,*nīḍāna,weeding,,7543
7543-2,Indo-Aryan,*nirdāna,,,7543
7547,Indo-Aryan,*nītiśālā,school,,7547
7548,Indo-Aryan,nīpá,"situated low, deep",Kāṭh Early-Vedic,7548
755,Indo-Aryan,ávagʰātayati,causes to thresh,ŚBr Early-Vedic,755
7552,Indo-Aryan,nīrá,water,n MBh Epic,7552
7556,Indo-Aryan,nīrasa,"sapless, tasteless",Hariv Classical,7556
7557,Indo-Aryan,nīraja,free from dust,MBh Epic,7557
7559,Indo-Aryan,*nīrīyatē,"comes out, is separated",,7559
7559-2,Indo-Aryan,*nīrēpayati,,,7559
7560,Indo-Aryan,nīruja,"well, in health",MBh Epic,7560
7561,Indo-Aryan,nīrōga,in good health,Suśr Classical,7561
7563,Indo-Aryan,nī́la,"dark blue, dark green, black",RV Early-Vedic,7563
7571,Indo-Aryan,nīvā́ra,wild rice,m VS Early-Vedic,7571
7572,Indo-Aryan,nīví,piece of cloth wrapped round waist,f AV Early-Vedic,7572
7573,Indo-Aryan,nīvra,eaves of a roof,m lex,7573
7573a,Indo-Aryan,nīśāra,"warm cloth or outer garment; curtain, screen, outer tent",m lex,7573a
7574,Indo-Aryan,nīhārá,"fog, dew, hoarfrost",m RV Early-Vedic,7574
7576,Indo-Aryan,nūnám,now,RV Early-Vedic,7576
7577,Indo-Aryan,nūpura,ornament for ankles or toes,m MBh Epic,7577
7578,Indo-Aryan,*nūram,now,,7578
7580,Indo-Aryan,nr̩ttá,dancing,n AV Early-Vedic,7580
7582,Indo-Aryan,nr̩tya,dancing,n MBh Epic,7582
7583,Indo-Aryan,nŕ̩tyati,dances,RV Early-Vedic,7583
7584,Indo-Aryan,nr̩śáṁsa,malicious,KātyŚr Early-Vedic,7584
759,Indo-Aryan,avacūḍa,pendent crest of a standard,m Śiś Classical,759
7593,Indo-Aryan,*nēmiya,pertaining to the edge or felly,,7593
7593-2,Indo-Aryan,*nēmya,,,7593
7598,Indo-Aryan,naikaṭya,nearness,n Kathās Medieval,7598
760,Indo-Aryan,avaccʰada,covering,m R Epic,760
7601,Indo-Aryan,nairvāṇa,extinguished,BHSk,7601
7602,Indo-Aryan,*nailiya,blue colour,,7602
7603,Indo-Aryan,naiva,not indeed,,7603
7607,Indo-Aryan,nṓ,not,RV Early-Vedic,7607
7609,Indo-Aryan,nyakkāra,contempt,m BhP Medieval,7609
761,Indo-Aryan,*avaccʰadana,covering,,761
7611,Indo-Aryan,nyàrpayati,throws down,AV Early-Vedic,7611
7614,Indo-Aryan,nyāyá,"rule, manner, method",m TS Early-Vedic,7614
7614-2,Indo-Aryan,*niyāya,,,7614
7616,Indo-Aryan,nyū̀na,"shortened, wanting, defective",ŚBr Early-Vedic,7616
7616-2,Indo-Aryan,*nunna,,,7616
7617,Indo-Aryan,nyḕti,comes into,RV Early-Vedic,7617
7618,Indo-Aryan,*pakk,"move forward, reach",,7618
7619,Indo-Aryan,*pakkaḍ,seize,,7619
7619-2,Indo-Aryan,*paggaḍ,,,7619
762,Indo-Aryan,*avaccʰadman,covering,,762
7621,Indo-Aryan,pakvá,"cooked, ripe",RV Early-Vedic,7621
7621-2,Indo-Aryan,*pikva,,,7621
7626,Indo-Aryan,*pakviṣṭʰa,very well cooked,,7626
7627,Indo-Aryan,pakṣá,"wing, feather, fin, shoulder, side; side of a building; party, troop",m RV AV MBh Early-Vedic Epic,7627
763,Indo-Aryan,*avaccʰāda,cover,,763
7630,Indo-Aryan,*pakṣapaṭṭa,wing,,7630
7631,Indo-Aryan,*pakṣaparṇikā,side leaf,,7631
7632,Indo-Aryan,*pakṣapāṭaka,side-expanse,,7632
7633,Indo-Aryan,pakṣapuṭa,wing,m Hariv Classical,7633
7635,Indo-Aryan,*pakṣātōdya,side-drum,,7635
7636,Indo-Aryan,pakṣín,winged; bird,m RV Early-Vedic,7636
7637,Indo-Aryan,*pakṣirūpa,bird,,7637
7637-2,Indo-Aryan,*pakṣikarūpa,,,7637
7638,Indo-Aryan,pákṣman,"eyelashes; hair of a deer, filament of a flower; petal of a flower; a thin thread",n TS Śiś Kād lex Early-Vedic Classical Medieval,7638
7639,Indo-Aryan,*pakṣmapaṭṭa,eyelid,,7639
7640,Indo-Aryan,pakṣyà,"belonging to the wings, changing every fortnight",RV Early-Vedic,7640
7640-2,Indo-Aryan,pakṣíya,,,7640
7641,Indo-Aryan,*pakṣya,,,7641
7642,Indo-Aryan,*paggapaṭṭa,turban,,7642
7643,Indo-Aryan,*paggala,mad,,7643
7644,Indo-Aryan,*paggā,headdress,,7644
7644-2,Indo-Aryan,*paggaḍa-,headdress,ext:ḍa,7644-2
7645,Indo-Aryan,páŋka,"mud, mire",m Mn Epic,7645
7646,Indo-Aryan,paŋktí,"group of five; row, troop",f AV Mn Early-Vedic Epic,7646
7647,Indo-Aryan,paŋgú,"lame, crippled in legs",,7647
7647-2,Indo-Aryan,*pēŋga,,,7647
7647-3,Indo-Aryan,*pʰēŋgu,,,7647
7649,Indo-Aryan,paŋgula,lame; lameness,lex Suśr Classical,7649
7649-2,Indo-Aryan,*piŋgula,,,7649
7649-3,Indo-Aryan,*pēŋgula,,,7649
7649-4,Indo-Aryan,*pēŋgura,,,7649
765,Indo-Aryan,avaccʰādayati,covers,KātyŚr Early-Vedic,765
7650,Indo-Aryan,pácati,cooks; bakes (bricks),RV ŚBr Early-Vedic,7650
7652,Indo-Aryan,*paccʰi,basket,,7652
7654,Indo-Aryan,pacyátē,"is cooked, is digested",RV Early-Vedic,7654
7654-2,Indo-Aryan,*pacyatēaya-,"is cooked, is digested",caus,7654-2
7655,Indo-Aryan,páñca,five,,7655
7660,Indo-Aryan,páñcati,"spreads out, arranges",Dhātup Epic,7660
7662,Indo-Aryan,páñcadaśa,fifteen,RV Early-Vedic,7662
7663,Indo-Aryan,pañcadaśá,fifteenth,AV Early-Vedic,7663
7669,Indo-Aryan,pañcamá,fifth,AV Early-Vedic,7669
7669-2,Indo-Aryan,pañcamī,fifth day of lunar fortnight,f,7669
767,Indo-Aryan,*avaccʰr̩ndati,abandons,,767
7672,Indo-Aryan,páñcaviṁśati,twenty-five,f VS Early-Vedic,7672
768,Indo-Aryan,*avaccʰyati,cuts off,,768
768-2,Indo-Aryan,*avaccʰāyayati,,caus,768
7682,Indo-Aryan,pañcāśát,fifty,f AV Early-Vedic,7682
7685,Indo-Aryan,pañjara,"cage, dovecot, net; skeleton, ribs",n MBh Prab Epic Medieval,7685
7685-2,Indo-Aryan,piñjara,"cage, skeleton",lex,7685
7688,Indo-Aryan,pañji,ball of cotton from which thread is spun,,7688
769,Indo-Aryan,*avajjʰara,trickling,,769
7691,Indo-Aryan,paṭ,sudden noise,,7691
7695,Indo-Aryan,*paṭalāli,the line of a thatch,,7695
7696,Indo-Aryan,paṭaha,kettle-drum,m MBh Epic,7696
7699,Indo-Aryan,paṭṭa,"slab, tablet",MBh Epic,7699
770,Indo-Aryan,*avajjʰarati,"drips down, falls, throws down or away",,770
7700,Indo-Aryan,paṭṭa,"cloth, woven silk; bandage, fillet turban, diadem",Kāv MBh Classical Epic,7700
7701,Indo-Aryan,*paṭṭa,veil,,7701
7705,Indo-Aryan,paṭṭana,town,n Kauṭ Epic,7705
7705-2,Indo-Aryan,páttana,,n,7705
7711,Indo-Aryan,*paṭyati,splits,,7711
7712,Indo-Aryan,páṭʰati,repeats aloud; reads,TĀr Mn Early-Vedic Epic,7712
7713,Indo-Aryan,paṭʰana,reading,n Kāv Classical,7713
7714,Indo-Aryan,paṇa,"wager; stake, wages",Yājñ MBh Classical Epic,7714
7715,Indo-Aryan,paṇa,a coin (= 80 cowries),Mn Epic,7715
7717,Indo-Aryan,paṇḍá,"eunuch, weakling",m lex,7717
771a,Indo-Aryan,*avajjʰālayati,pours down,,771a
772,Indo-Aryan,*avaṭṭʰiŋga,prop,,772
7721,Indo-Aryan,pataŋgá,ep. of divine (flying) things; bird,RV lex Early-Vedic,7721
7721-2,Indo-Aryan,*pattaŋga,,,7721
7721-3,Indo-Aryan,*paṭaŋga,,,7721
7721-4,Indo-Aryan,*paṭṭiŋga,,,7721
7721-5,Indo-Aryan,*pʰattiŋga,,,7721
7721-6,Indo-Aryan,*pʰaṭiŋga,,,7721
7721-7,Indo-Aryan,*pʰaṭṭiŋga,,,7721
7722,Indo-Aryan,pátati,flies; falls,RV Mn Early-Vedic Epic,7722
7722-2,Indo-Aryan,patitá,,AV Early-Vedic,7722
7722-3,Indo-Aryan,*patta-,,,7722
7724,Indo-Aryan,pátana,act of flying or alighting,n RV Early-Vedic,7724
7726,Indo-Aryan,patākā,flag,f MBh Epic,7726
7726-2,Indo-Aryan,paṭākā,,f,7726
7726-3,Indo-Aryan,*pʰaṭākā,,,7726
7727,Indo-Aryan,páti,"master, husband",m RV Early-Vedic,7727
773,Indo-Aryan,*avaḍḍʰāla,falling down,,773
7732,Indo-Aryan,*patta,back,,7732
7732-2,Indo-Aryan,*pattama,,,7732
7732-3,Indo-Aryan,*pattama,,,7732
7733,Indo-Aryan,páttra,"wing-feather; wing; leaf, petal; leaf of book",n VS KātyŚr Kāv Early-Vedic Classical,7733
7734,Indo-Aryan,pattraka,leaf (esp. of Laurus cassia),n Bhpr Medieval,7734
7736,Indo-Aryan,pattralá,"leafy; *leaf-like, thin",lex,7736
774,Indo-Aryan,avatá,"well, cistern",m RV Early-Vedic,774
774-2,Indo-Aryan,avaṭá,hole in the ground,SV Early-Vedic,774
774-3,Indo-Aryan,*āvāṭa,,,774
7740,Indo-Aryan,pattrin,"winged, feathered; bird; *leaf-like, thin",MBh Hariv Epic Classical,7740
7743,Indo-Aryan,patʰá,path,m MBh Epic,7743
7744,Indo-Aryan,patʰí,path,RV Early-Vedic,7744
7745,Indo-Aryan,patʰika,traveller,m MBh Epic,7745
7746,Indo-Aryan,pátʰya,suitable; *traveller,Yājñ Classical,7746
7747,Indo-Aryan,padá,"footstep, track, place",RV Early-Vedic,7747
7748,Indo-Aryan,*pada,tendon,,7748
7751,Indo-Aryan,*padaŋga,foot,n,7751
7752,Indo-Aryan,*padaḍa,"footstep, foot",,7752
7753,Indo-Aryan,*padadaṇḍa,footpath,,7753
7754,Indo-Aryan,*padadʰi,footprint,,7754
7755,Indo-Aryan,*padapatʰa,footpath,,7755
7756,Indo-Aryan,*padara,foot,,7756
7757,Indo-Aryan,*padavītʰi,footpath,,7757
7758,Indo-Aryan,*padavraṇa,foot abscess,,7758
7760,Indo-Aryan,*padāṁcāra,stepping place for the feet,,7760
7761,Indo-Aryan,*padāṁśa,quarter part,,7761
7766,Indo-Aryan,padga,afoot; footsoldier,m lex,7766
7767,Indo-Aryan,*paddʰara,"straight, level",,7767
7768,Indo-Aryan,*paddʰārayati,steps,,7768
7769,Indo-Aryan,pádma,lotus,m MBh Epic,7769
777,Indo-Aryan,avatārá,"coming down, descent; landing-place",m MBh Śiś Epic Classical,777
7775,Indo-Aryan,padminī,the lotus,f MBh Epic,7775
7776,Indo-Aryan,pádya,relating to a foot,RV Early-Vedic,7776
7777,Indo-Aryan,pádyatē,"falls; goes to, resorts to",AV MBh Early-Vedic Epic,7777
7777-2,Indo-Aryan,panna,fallen,lex,7777
7778,Indo-Aryan,pádyā,"footsteps; path, road",f RV lex Early-Vedic,7778
7779,Indo-Aryan,*padyākāra,foot-shaped,,7779
778,Indo-Aryan,*avatudyatē,is pushed off,,778
7780,Indo-Aryan,padrá,"village, road in a village",m lex,7780
7781,Indo-Aryan,panasá,the breadfruit tree Artocarpus integrifolia; its fruit,m MBh Suśr Epic Classical,7781
7781-2,Indo-Aryan,*pʰanasa,,,7781
7785,Indo-Aryan,pántʰā,"path, road",m RV Early-Vedic,7785
779,Indo-Aryan,*avatrapatē,is ashamed,,779
7790,Indo-Aryan,páyas,any fluid (esp. milk),n RV Early-Vedic,7790
7793,Indo-Aryan,pára,"distant, further, other; enemy",m RV Early-Vedic,7793
7793-2,Indo-Aryan,*parailla-,"distant, further, other; enemy",ext:illa,7793-2
7796,Indo-Aryan,paragata,belonging or relating to another,MBh Epic,7796
7797,Indo-Aryan,*paragrāma,another village,,7797
7798,Indo-Aryan,paratara,further away,MW,7798
7799,Indo-Aryan,paratra,"elsewhere, hereafter",Mn Epic,7799
7799d,Indo-Aryan,paramá,"extreme, last",AV Early-Vedic,7799d
7799d-2,Indo-Aryan,*parima,,,7799d
7799g,Indo-Aryan,paralōka,the next world,m ŚBr Early-Vedic,7799g
7799h,Indo-Aryan,paraśu,axe,m RV Early-Vedic,7799h
7799h-2,Indo-Aryan,*pʰaraśu,,,7799h
7799j,Indo-Aryan,paraśvas,the day after tomorrow,adv MBh Epic,7799j
7799l,Indo-Aryan,*parahīyas,the day before yesterday,,7799l
7799l-2,Indo-Aryan,*parahyas,,,7799l
7799q,Indo-Aryan,párājayatē,is conquered; conquers,RV MBh Early-Vedic Epic,7799q
7799q-2,Indo-Aryan,párājita,,RV Early-Vedic,7799q
7799t,Indo-Aryan,parā́ri,in the year before last,Pāṇ Epic,7799t
77a,Indo-Aryan,*agramukʰa,facing forward,,77a
77a-2,Indo-Aryan,*agrāmukʰa,,,77a
78,Indo-Aryan,agrayā́van,going before,RV Early-Vedic,78
7801,Indo-Aryan,párikrāmati,walks round,,7801
7806,Indo-Aryan,parigʰá,iron bar for closing a gate; iron club,m ChUp MBh Early-Vedic Epic,7806
7806-2,Indo-Aryan,paligʰa,id.,m Pāṇ Epic,7806
7806-3,Indo-Aryan,parigʰāta,iron club,m lex,7806
781,Indo-Aryan,ávadadʰāti,puts down; places aside,RV ŚBr Early-Vedic,781
7816,Indo-Aryan,párijānāti,"notices, learns",RV Early-Vedic,7816
7817b,Indo-Aryan,*parijvālayati,causes to burn brightly,,7817b
7818,Indo-Aryan,pariṇaya,"leading bride round fire, wedding",m Gr̥Śr Early-Vedic,7818
782,Indo-Aryan,avadarati,splits open,aor,782
7821,Indo-Aryan,pariṇāpayati,causes a man to marry,Pañcad Medieval,7821
7825,Indo-Aryan,pariṇīta,married,MBh Epic,7825
7827,Indo-Aryan,pariṇētavya,to be given in marriage,Pañcad Medieval,7827
7828,Indo-Aryan,*pariṇētra,wedding,,7828
7832,Indo-Aryan,parityajati,abandons,Mn Epic,7832
7834,Indo-Aryan,paritrāsa,fright,m MBh Epic,7834
7834-2,Indo-Aryan,*paritrāsin,frightening,,7834
7835,Indo-Aryan,páridadʰāti,sets round; puts on (clothes),RV AV Early-Vedic,7835
7835-2,Indo-Aryan,páridʰāpayati,"causes to put on, clothes with",AV Early-Vedic,7835
7835-3,Indo-Aryan,párihita,,RV Early-Vedic,7835
7837,Indo-Aryan,paridēvati,wails,MBh Epic,7837
7838,Indo-Aryan,paridʰā́na,"garment, (esp. undergarment)",ŚBr AV Early-Vedic,7838
784,Indo-Aryan,avadārayati,"splits, rends",R Epic,784
7843,Indo-Aryan,paripavana,"cleaning, winnowing; winnowing basket",n Kull Nir Medieval Early-Vedic,7843
7845,Indo-Aryan,páripunāti,strains,RV Early-Vedic,7845
7845-2,Indo-Aryan,*paripavati,,RV Early-Vedic,7845
7845-3,Indo-Aryan,páripūta,"strained, winnowed",RV Early-Vedic,7845
7848,Indo-Aryan,*paribudʰyatē,understands,,7848
7848-2,Indo-Aryan,*paribuddʰa,,,7848
7848-3,Indo-Aryan,*paribūḍʰa,,,7848
7849,Indo-Aryan,paribōdʰa,reason,m,7849
785,Indo-Aryan,avadyá,"blameable; blame, sin",n RV Early-Vedic,785
7851,Indo-Aryan,páribʰinna,"broken, split",ŚBr Early-Vedic,7851
7855,Indo-Aryan,parimā́ṇa,measure,n RV Early-Vedic,7855
7859,Indo-Aryan,párimr̩śati,touches,RV Early-Vedic,7859
7859-2,Indo-Aryan,parimr̩śyatē,is touched,Suśr Classical,7859
7861,Indo-Aryan,*pariyuṣita,,,7861
7861-2,Indo-Aryan,*pariyuṣṭa,,,7861
7861-3,Indo-Aryan,*parivasya,to be kept overnight,,7861
7863,Indo-Aryan,*pariyēṣati,,,7863
7863-2,Indo-Aryan,*pariyēṣ- aṇā,,,7863
7864,Indo-Aryan,párirakṣati,guards well; keeps,RV Mn Early-Vedic Epic,7864
7865,Indo-Aryan,*parirāva,reverberation,,7865
7868,Indo-Aryan,*parivayaṇa,weaving round,n,7868
7869,Indo-Aryan,parivayati,interweaves,BhP Medieval,7869
7872,Indo-Aryan,párivartatē,"revolves, turns round; changes",RV MBh Early-Vedic Epic,7872
7872-2,Indo-Aryan,párivartayati,rolls near; exchanges; oversets,RV MBh R Early-Vedic Epic,7872
7873,Indo-Aryan,párivahati,carries round; flows round,RV TS Early-Vedic,7873
7874,Indo-Aryan,*parivāṭa,surrounding fence,,7874
7875,Indo-Aryan,parivādá,blame,m AV Early-Vedic,7875
7876,Indo-Aryan,parivāra,,,7876
7878,Indo-Aryan,parivāha,"overflow of a tank, channel to draw off excess water",,7878
788,Indo-Aryan,avanamati,bows,MBh Epic,788
788-2,Indo-Aryan,avanata,bowed down,MBh Epic,788
788-3,Indo-Aryan,avanāmayati,bends,MBh Epic,788
7882,Indo-Aryan,*parivēcana,sifting,,7882
7882-2,Indo-Aryan,*parivēcya,to be sifted,,7882
7884,Indo-Aryan,parivēśa,circle,MBh Epic,7884
7885,Indo-Aryan,parivēṣá,serving of food,AV Early-Vedic,7885
7888,Indo-Aryan,párivēṣati,"attends, serves food",AV Early-Vedic,7888
789,Indo-Aryan,*avanahati,,,789
7890a,Indo-Aryan,párivrajati,wanders about; do. as a mendicant,ŚBr Mn Early-Vedic Epic,7890a
7892,Indo-Aryan,pariśrama,"fatigue, pain",m MBh Epic,7892
7896,Indo-Aryan,parisīman,boundary,m W,7896
7896a,Indo-Aryan,*paristāra,covering,,7896a
7897,Indo-Aryan,parisrava,"flow, stream",m MBh Epic,7897
7899,Indo-Aryan,páriharati,leads round; puts aside; does not heed,TS ŚBr Early-Vedic,7899
7903,Indo-Aryan,parihīyatē,passes away,MBh Epic,7903
7903-2,Indo-Aryan,parihīṇa,,,7903
7904,Indo-Aryan,párīkṣatē,"observes, examines",ŚBr Early-Vedic,7904
7904-2,Indo-Aryan,parīkṣaṇa,testing,n Mn Epic,7904
7904-3,Indo-Aryan,parīkṣā,"inspection, test",f Mn Epic,7904
7904-4,Indo-Aryan,parīkṣin,,,7904
7907,Indo-Aryan,parút,last year,adv Pāṇ Epic,7907
7908,Indo-Aryan,paruttná,belonging to last year,Pāṇ Epic,7908
791,Indo-Aryan,*avanijyati,washes,,791
7911,Indo-Aryan,parūṣaka,Grewia asiatica; its fruit,m ŚāṅkhŚr Late-Vedic,7911
7913,Indo-Aryan,*parēccʰati,throws away,,7913
7914,Indo-Aryan,páraiti,"goes, goes away",RV Early-Vedic,7914
7916,Indo-Aryan,parōpaga,relating to something else,lex,7916
7918,Indo-Aryan,parṇá,"plumage, foliage (of tree); betel leaf; Butea frondosa",n RV lex Early-Vedic,7918
7918-2,Indo-Aryan,pārṇa,made of wood of Butea frondosa; made of leaves,lex,7918
793,Indo-Aryan,*avapuṣya,bud,,793
7931,Indo-Aryan,parda,fart,m,7931
7933,Indo-Aryan,párdatē,farts,,7933
7934,Indo-Aryan,párpaṭa,thin cake of rice or pease-meal,lex,7934
7934-2,Indo-Aryan,*pʰarpaṭa,,,7934
7936,Indo-Aryan,paryantá,circuit,m TBr Early-Vedic,7936
7936-2,Indo-Aryan,*pariyanta,,,7936
7937,Indo-Aryan,paryaya,"revolution, turn",m MBh Epic,7937
7937-2,Indo-Aryan,*palyaya,,,7937
7938,Indo-Aryan,paryasta,thrown about; overturned,MBh Bhartr̥ Epic Classical,7938
7938-2,Indo-Aryan,*pariyasta,,,7938
7942,Indo-Aryan,paryāpta,"finished, adequate",,7942
7942-2,Indo-Aryan,*pariyāpta,,,7942
7945,Indo-Aryan,párvata,"rock, mountain",RV Early-Vedic,7945
7945-2,Indo-Aryan,*parvatall-,"rock, mountain",ext:ll,7945-2
7947,Indo-Aryan,párvan,"knot, joint",n RV Early-Vedic,7947
7948,Indo-Aryan,párśu,rib,AV Early-Vedic,7948
7948-2,Indo-Aryan,pārśukā,,f,7948
7948-3,Indo-Aryan,*parsula-,rib,ext:la,7948-3
795,Indo-Aryan,avabandʰati,"ties on, fixes on",Kauś Early-Vedic,795
795-2,Indo-Aryan,avabaddʰa,,MBh Epic,795
7950,Indo-Aryan,*parśupāṭaka,expanse of the ribs,,7950
7952,Indo-Aryan,pala,a partic. weight; a fluid measure; a measure of time,Mn Nir Gaṇit Epic Early-Vedic,7952
7954,Indo-Aryan,palāṇḍú,onion,m Mn Epic,7954
7955,Indo-Aryan,pálāyatē,flees,TS Early-Vedic,7955
7955-2,Indo-Aryan,*palāpayati,,,7955
7956,Indo-Aryan,palāyana,flight,n MBh Epic,7956
7958,Indo-Aryan,pálāla,"stalk, straw; millet straw",n Mn Suśr Epic Classical,7958
796,Indo-Aryan,ávabādʰatē,keeps off; *presses down,RV Early-Vedic,796
7960,Indo-Aryan,palāśá,"leaf, foliage; Butea frondosa",n ŚBr Early-Vedic,7960
7962,Indo-Aryan,palitá,"grey, hoary, old; old age",RV AV Early-Vedic,7962
7963,Indo-Aryan,palya,sack for corn,n KātyŚr Early-Vedic,7963
7964,Indo-Aryan,palyaŋka,bed; sitting cross-legged,m Pāṇ lex Epic,7964
7964-2,Indo-Aryan,*paliyaŋka,,,7964
7965,Indo-Aryan,pályayatē,goes round,ŚBr Early-Vedic,7965
7966,Indo-Aryan,palyāṇa,saddle,n,7966
7966-2,Indo-Aryan,palyāṇayati,saddles,,7966
7967,Indo-Aryan,*palla,cloth,,7967
7968,Indo-Aryan,*pallaṭṭ,"turn, overturn",,7968
7969,Indo-Aryan,pallava,"sprout, twig, blossom",MBh Epic,7969
797,Indo-Aryan,ávabʰaratē,sinks into,,797
7970,Indo-Aryan,pallava,strip of cloth,Kād Medieval,7970
7971,Indo-Aryan,pallavayati,puts forth young shoots,Gīt Medieval,7971
7974,Indo-Aryan,*palva,grey,,7974
7976,Indo-Aryan,palvalá,"pool, pond",n MBh Epic,7976
7977,Indo-Aryan,pávana,"sieve, strainer",AV Early-Vedic,7977
7978,Indo-Aryan,pavana,wind,MBh Epic,7978
798,Indo-Aryan,avabʰāsa,lustre,m Suśr Classical,798
7982,Indo-Aryan,paví,fire,m lex,7982
7984,Indo-Aryan,paśú,domestic or sacrificial animal; goat,m,7984
7985,Indo-Aryan,paśutā,condition of being a sacrificial animal,f Mn Epic,7985
7987,Indo-Aryan,paśupāla,herdsman,m MBh Epic,7987
7988,Indo-Aryan,paśurūpá,anything representing a sacrificial animal,n ŚBr Early-Vedic,7988
7989,Indo-Aryan,*paśuvant,rich in cattle,,7989
7990,Indo-Aryan,*paśca,hinder part,,7990
7991,Indo-Aryan,*paścapaṭa,cloth worn behind,,7991
7994,Indo-Aryan,*paścapāṭa,hindquarter,,7994
7997,Indo-Aryan,*paścamūrdʰan,having the head to the back,,7997
7999,Indo-Aryan,paścā́t,"from behind, behind",RV Early-Vedic,7999
8000,Indo-Aryan,paścā́tāt,from behind,RV Early-Vedic,8000
8001,Indo-Aryan,paścāttara,"following after, later",,8001
8005,Indo-Aryan,*paścābʰukta,back portion,,8005
8006,Indo-Aryan,paścārdʰá,western side; hinder part,m ŚBr Early-Vedic,8006
8007,Indo-Aryan,paścimá,"later, hinder, western",Mn Epic,8007
8009,Indo-Aryan,paścimā,the west,f Mn Epic,8009
8010,Indo-Aryan,*paścōttāpa,repentance,,8010
8012,Indo-Aryan,páśyati,sees,RV Early-Vedic,8012
8015,Indo-Aryan,*paṣṭʰa,young animal,,8015
8015-2,Indo-Aryan,*pāṣṭʰa,,,8015
8015-3,Indo-Aryan,*paṣṭʰakk-,young animal,ext:kk,8015-3
8016,Indo-Aryan,*paṣṭʰarūpa,young animal,,8016
8017,Indo-Aryan,pastíya,dwelling,,8017
8018,Indo-Aryan,*pahuñca,"forearm, wrist",,8018
8019,Indo-Aryan,pāṁśu,"crumbling soil, dust, sand; dung, manure",MBh Epic,8019
8025,Indo-Aryan,pākṣa,,adj,8025
8028,Indo-Aryan,pācáyati,causes to be cooked,ŚBr Early-Vedic,8028
8029,Indo-Aryan,pā́ñcāla,of the Pañcālas,MBh Epic,8029
803,Indo-Aryan,avamukta,loosened,,803
803-2,Indo-Aryan,*avamukna,,,803
8030,Indo-Aryan,pāṭa,"breadth, expanse",m lex,8030
8032,Indo-Aryan,pāṭáyati,"splits; opens, plucks out, removes",MBh Yājñ Epic Classical,8032
8032-2,Indo-Aryan,pāṭyatē,,Suśr Classical,8032
8033,Indo-Aryan,pāṭala,"pale red, pink",Kauś Early-Vedic,8033
8034,Indo-Aryan,pāṭali,Bignonia or Stereospermum suaveolens,,8034
804,Indo-Aryan,avamūrdʰa,head-down,Pāṇ Epic,804
8041,Indo-Aryan,*pāḍi,"row, line, turn",,8041
8042,Indo-Aryan,*pāḍḍa,young of buffalo or goat,,8042
8042-2,Indo-Aryan,*pēḍḍa,,,8042
8045,Indo-Aryan,pāṇí,hand,m RV Early-Vedic,8045
8046,Indo-Aryan,*pāṇikā,spoon,,8046
8047,Indo-Aryan,pā́ṇḍara,"whitish-yellow, yellow, pale, white",ŚBr Early-Vedic,8047
8047-2,Indo-Aryan,pāṇḍurá,,R Epic,8047
805,Indo-Aryan,ávara,"lower, hinder, nearer",RV Early-Vedic,805
8051,Indo-Aryan,pāṇḍú,"white, yellowish, pale",ŚBr Early-Vedic,8051
8051-2,Indo-Aryan,*paṇḍra,,,8051
8051-3,Indo-Aryan,*paḍḍa,,,8051
8053,Indo-Aryan,pātáyati,"throws; pours out, destroys",AV MBh Early-Vedic Epic,8053
8055,Indo-Aryan,pā́tra,"drinking vessel, dish",n RV Early-Vedic,8055
8056,Indo-Aryan,pā́da,foot; foot or leg of inanimate object,m RV AV Early-Vedic,8056
8058,Indo-Aryan,*pādaḍa,footing (?),,8058
8060,Indo-Aryan,pādatrāṇa,shoe,n Suśr Classical,8060
8065,Indo-Aryan,pādáyati,causes to fall,AV Early-Vedic,8065
8066,Indo-Aryan,*pādala,appertaining to feet,,8066
8068,Indo-Aryan,*pādavartman,footpath,,8068
8069,Indo-Aryan,*pādastʰala,plain at foot of mountain,,8069
807,Indo-Aryan,avarati,ceasing,f,807
8071,Indo-Aryan,*pādākāra,having the shape of the foot,,8071
8072,Indo-Aryan,pādānta,extremity of the feet,m MW,8072
8073,Indo-Aryan,pādāntara,interval of one step,n,8073
8074,Indo-Aryan,pādiká,worth a quarter,Pāṇ Epic,8074
8075,Indo-Aryan,pādú,foot (?),m RV Early-Vedic,8075
8075-2,Indo-Aryan,*pāduḍ-,foot (?),ext:ḍ,8075-2
8076,Indo-Aryan,pā́dukā,"shoe, slipper",f MBh Epic,8076
808,Indo-Aryan,*avaratya,sleep,,808
8081,Indo-Aryan,pā́na,drinking; a drink,n RV ŚBr Early-Vedic,8081
8082,Indo-Aryan,pānī́ya,water,MBh Epic,8082
8095,Indo-Aryan,pāmán,"skin-disease, scab",m AV Early-Vedic,8095
8096,Indo-Aryan,pāmará,"affected with skin disease; wicked, base",lex Hit Medieval,8096
8100,Indo-Aryan,pārá,"bringing across; further bank, furthest end",RV Early-Vedic,8100
8102,Indo-Aryan,pārakya,"belonging to another, alien",Mn Epic,8102
8106,Indo-Aryan,pāyáyati,"brings over, rescues, brings to an end; is a match for; is capable of",RV Mn Kāv Early-Vedic Epic Classical,8106
8107,Indo-Aryan,pāráyati,fills,Dhātup Epic,8107
8109,Indo-Aryan,pā́rāvata,"turtle-dove, pigeon",m VS Early-Vedic,8109
811,Indo-Aryan,*avarampati,"cuts, scrapes off",,811
8113,Indo-Aryan,*pārima,belonging to the further bank,,8113
8116,Indo-Aryan,*pārīkṣya,examination,,8116
8118,Indo-Aryan,pārśvá,"region of the ribs, side; nearness",n RV MBh Early-Vedic Epic,8118
8118-2,Indo-Aryan,pārśvatás,sideways,ŚBr Early-Vedic,8118
812,Indo-Aryan,avarā,the near side,,812
8121,Indo-Aryan,pārśvalá,relating to the side,Pāṇ Epic,8121
8124,Indo-Aryan,pā́rṣṇi,heel,f RV Early-Vedic,8124
8125,Indo-Aryan,pālá,protector; herdsman,m R Mn Epic,8125
8126,Indo-Aryan,pālakyā,Beta bengalensis,f Car Epic,8126
8126-2,Indo-Aryan,pālaŋkī,,f,8126
8128,Indo-Aryan,pālana,"protecting, nourishing; milk of a recently calved cow",n Mn lex Epic,8128
8129,Indo-Aryan,pāláyati,"guards, protects",AV Early-Vedic,8129
813,Indo-Aryan,avarā,the afterbirth,PārGr̥ Early-Vedic,813
8130,Indo-Aryan,pā́lāśa,green,VarBr̥S Classical,8130
8131,Indo-Aryan,pāli,food prescribed for a student,lex,8131
8132,Indo-Aryan,pāśa,"die, dice",MBh Epic,8132
8133,Indo-Aryan,pā́śa,"noose, snare, cord, fetter",RV Early-Vedic,8133
8134,Indo-Aryan,*pāśayati,shows,,8134
8135,Indo-Aryan,pāśáyati,"fastens, binds",Dhātup Epic,8135
8135-2,Indo-Aryan,*pāśyatē,,,8135
8138,Indo-Aryan,pāṣāṇá,stone,ṢaḍvBr Early-Vedic,8138
8138-2,Indo-Aryan,pāṣāṇī,small stone used as a weight,f lex,8138
8139,Indo-Aryan,pāṣi,dry cowdung,BHSk,8139
8139-2,Indo-Aryan,*parṣi,,,8139
814,Indo-Aryan,*avarīyatē,flows down,,814
814-2,Indo-Aryan,*avarīṇa,,,814
814-3,Indo-Aryan,*avarē- payati,,,814
8140,Indo-Aryan,pāṣī́,"stone, rock",,8140
8141,Indo-Aryan,*pāhāḍa,"rock, hill",,8141
8142,Indo-Aryan,piṁṣáti,grinds,AV RV Early-Vedic,8142
8143,Indo-Aryan,*pikāla,day,,8143
8144,Indo-Aryan,*pikkā,saliva,,8144
8145,Indo-Aryan,*pikṣōṭayati,throws on,,8145
8146,Indo-Aryan,*pikṣōbʰayati,sets in motion,,8146
8151,Indo-Aryan,piccʰa,tail-feather,n MBh Epic,8151
8151-2,Indo-Aryan,*piñja-,,,8151
8152,Indo-Aryan,piccʰala,"slimy, slippery",MBh Epic,8152
8154,Indo-Aryan,piccʰā,scum of boiled rice; slimy saliva; gum of Bombax heptaphyllum,f Pāṇ Car lex Epic,8154
8155,Indo-Aryan,*piccʰākāra,tail-feather-shaped,,8155
8156,Indo-Aryan,piccʰilá,"slimy, slippery",Pāṇ Epic,8156
8156-2,Indo-Aryan,*piccʰilikā,name of a plant,lex,8156
8157,Indo-Aryan,*pijānāti,knows,,8157
8164,Indo-Aryan,piṭaka,"basket, box",Mn Epic,8164
8164-2,Indo-Aryan,pēṭa,"basket, bag",m,8164
8164-3,Indo-Aryan,*pēṭṭa,,,8164
8164-4,Indo-Aryan,*pēṭṭāra,,,8164
8164-5,Indo-Aryan,*pōtta,,,8164
8164-6,Indo-Aryan,*pōttʰa,,,8164
8165,Indo-Aryan,piṭṭayati,stamps into a solid mass,KātyŚr Early-Vedic,8165
8165-2,Indo-Aryan,piṭṭita,pressed flat,lex,8165
8165-3,Indo-Aryan,*piṭṭyatē,is struck,,8165
8165-4,Indo-Aryan,*piṭṭayayati,stamps into a solid mass,caus,8165-4
8167,Indo-Aryan,piḍaka,"small boil, pimple",m,8167
8168,Indo-Aryan,píṇḍa,"lump, clod, piece; mouthful, ball of rice &amp;c.; calf of leg",m RV Gr̥Śr Mālatīm Early-Vedic Classical,8168
8170,Indo-Aryan,piṇḍáyati,collects,,8170
8171,Indo-Aryan,*piṇḍara,round like a lump,,8171
8172,Indo-Aryan,piṇḍāra,"cowherd, buffalo-herd, beggar",m lex,8172
8173,Indo-Aryan,piṇḍālu,"a species of Cocculus, Dioscorea globosa",m lex,8173
8177,Indo-Aryan,pituḣṣvasr̩,father's sister,f Pāṇ Epic,8177
8179,Indo-Aryan,pitŕ̩,father,RV Early-Vedic,8179
818,Indo-Aryan,avarṇa,having no outward appearance; colourless,ŚvetUp MBh Epic,818
8181,Indo-Aryan,pittá,bile,n AV Early-Vedic,8181
8182,Indo-Aryan,*pittaka,relating to bile,,8182
8184,Indo-Aryan,pittala,brass,lex,8184
8185,Indo-Aryan,*pittalagandʰa,smell of brass,,8185
8187,Indo-Aryan,*pitrantara,another father,,8187
8188,Indo-Aryan,pítriya,paternal; eldest brother who takes place of father,lex,8188
8188-2,Indo-Aryan,pítrya,,RV Early-Vedic,8188
819,Indo-Aryan,*avala,contrary,,819
819-2,Indo-Aryan,*avalla,,,819
8194,Indo-Aryan,pidadʰāti,closes,Mn Epic,8194
8194-2,Indo-Aryan,pidʰāpayati,causes to shut,BhP Medieval,8194
8194-3,Indo-Aryan,pihita,"hidden, covered",MBh Epic,8194
8195,Indo-Aryan,*pidda,a small bird,,8195
8197,Indo-Aryan,pinaddʰa,dressed,MBh Epic,8197
8198,Indo-Aryan,*pinahati,ties on,abs,8198
8198-2,Indo-Aryan,*pināhayati,,,8198
8199,Indo-Aryan,pipāsā́,thirst,f ŚBr Early-Vedic,8199
82,Indo-Aryan,*agravāha,leading in front,,82
8200,Indo-Aryan,pipāsitá,thirsty,MBh Epic,8200
8200-2,Indo-Aryan,*pipāsaka,,,8200
8201,Indo-Aryan,pipīlá,ant,m RV Early-Vedic,8201
8201-2,Indo-Aryan,*pipʰīla,,,8201
8201-3,Indo-Aryan,*pippīla,,,8201
8201-4,Indo-Aryan,*pippʰīla,,,8201
8201-5,Indo-Aryan,*pippīḍa,,,8201
8201-6,Indo-Aryan,*pilīla,,,8201
8202,Indo-Aryan,*pippa,"pipe (for playing), mouthpiece",,8202
8205,Indo-Aryan,píppala,berry (esp. of Ficus religiosa); F. religiosa,n RV Yājñ Early-Vedic Classical,8205
8205-2,Indo-Aryan,pippalī́,"berry; peppercorn, Piper longum",AV R Early-Vedic Epic,8205
8206,Indo-Aryan,pippalaka,pin,m Car Epic,8206
8209,Indo-Aryan,píbati,drinks,RV Early-Vedic,8209
8210,Indo-Aryan,*pibandʰati,fastens on,,8210
8213,Indo-Aryan,pilippilá,slippery,VS Early-Vedic,8213
8214,Indo-Aryan,*pilla,"small, child, young of animal",,8214
8215,Indo-Aryan,*pivr̩ddʰa,grown,,8215
8216,Indo-Aryan,piśācá,demon,m,8216
8217,Indo-Aryan,piśitá,"made ready; prepared flesh, meat",n AV Early-Vedic,8217
8218,Indo-Aryan,piṣṭá,"crushed, ground; flour; cake",RV BhP lex Early-Vedic Medieval,8218
8221,Indo-Aryan,*piṣyatē,is ground,,8221
8222,Indo-Aryan,pīṭʰa,"stool, bench",n Gr̥S Early-Vedic,8222
8222-2,Indo-Aryan,*pēḍʰa-,,,8222
8222-3,Indo-Aryan,*pēḍḍʰa,,,8222
8226,Indo-Aryan,pīḍáyati,"presses, squeezes; hurts",AV Mn Early-Vedic Epic,8226
8226-2,Indo-Aryan,pīḍyatē,,MBh Epic,8226
8227,Indo-Aryan,pīḍā́,"pain, damage",f Mn Epic,8227
8228,Indo-Aryan,pīḍita,"pressed, squeezed; a method of coitus",Mn Ratir Epic,8228
8229,Indo-Aryan,pītá,drunk up,RV Early-Vedic,8229
823,Indo-Aryan,*avalagyati,"clings to, hangs from",,823
8230,Indo-Aryan,pīta,yellow,Gr̥S Early-Vedic,8230
8232,Indo-Aryan,*pītamr̩dikā,yellow earth,,8232
8233,Indo-Aryan,pītala,yellow,lex,8233
8233-2,Indo-Aryan,*pītʰala,,,8233
8233-3,Indo-Aryan,*pīvala,,,8233
8233-4,Indo-Aryan,*pīvaḍa,,,8233
8236,Indo-Aryan,*pītsa,pine,,8236
8237,Indo-Aryan,pīnasa,,,8237
8237-2,Indo-Aryan,*pināsa,,,8237
824,Indo-Aryan,*avalaŋgʰati,passed (of time),,824
8240,Indo-Aryan,pīlu,worm,lex,8240
8241,Indo-Aryan,pīyū́ṣa,"ep. of Soma; milk, soma juice; beestings",m n RV Kauś Early-Vedic,8241
8242,Indo-Aryan,pī́van,"well-nourished, abundant",RV Early-Vedic,8242
8242-2,Indo-Aryan,pīvara,"strong, stout",MBh Epic,8242
8242-3,Indo-Aryan,*pīvra,,,8242
8243,Indo-Aryan,pī́vas,"nourishment (milk, fodder, &amp;c.)",n RV Early-Vedic,8243
8246,Indo-Aryan,*pukkār,shout,,8246
8249,Indo-Aryan,púccʰa,"tail, hinder part",m AV Early-Vedic,8249
8249-2,Indo-Aryan,*puccʰaḍa-,"tail, hinder part",ext:ḍa,8249-2
825,Indo-Aryan,*avalaṇḍayati,crosses,,825
8250,Indo-Aryan,puccʰin,having a tail,lex,8250
8251,Indo-Aryan,puñja,"heap, quantity",m MBh Epic,8251
8251-2,Indo-Aryan,*pañja,,lex,8251
8253,Indo-Aryan,puṭa,"cavity, small receptacle, fold",m MBh Epic,8253
8254,Indo-Aryan,puṭakínī,lotus,f Vāsav,8254
8255,Indo-Aryan,puṭati,"enfolds, envelops",Bhpr Medieval,8255
8255-2,Indo-Aryan,puṭita,sewn,lex,8255
8256,Indo-Aryan,*puṭṭa,"small, dwarfish",,8256
8259,Indo-Aryan,puṇḍra,"*pale; (white) lotus flower, (red variety of) sugarcane",m lex,8259
8259-2,Indo-Aryan,pauṇḍra,straw-coloured sugarcane,m Suśr Classical,8259
8261,Indo-Aryan,púṇya,"pleasant, beneficial; beneficent act",RV ŚBr Early-Vedic,8261
8264,Indo-Aryan,*putta,insect,,8264
8264-2,Indo-Aryan,*puttala,,,8264
8265,Indo-Aryan,putrá,son,RV Early-Vedic,8265
8266,Indo-Aryan,putraká,little son,RV Early-Vedic,8266
8269,Indo-Aryan,*putrala,"puppet, pupil of eye",,8269
827,Indo-Aryan,avalambatē,hangs down,TUp Early-Vedic,827
827-2,Indo-Aryan,avalambita,,Kālid Classical,827
827-3,Indo-Aryan,avalambayati,,Pañcat Classical,827
8271,Indo-Aryan,putrī́,daughter,f MBh Epic,8271
8273,Indo-Aryan,púnar,"back, again, moreover, however",RV Early-Vedic,8273
8274,Indo-Aryan,punar api,even again,,8274
8277,Indo-Aryan,punā́ti,purifies,RV Early-Vedic,8277
8278,Indo-Aryan,púra,"fortress, town, gynaeceum; the city of Pāṭaliputra",n MBh lex Epic,8278
828,Indo-Aryan,*avalaya,refuge,,828
8280,Indo-Aryan,puraḣstʰa,"standing before the eyes, present",Mālatīm Classical,8280
8281,Indo-Aryan,purás,"in front, before",,8281
8282,Indo-Aryan,purástāt,in or from in front,RV Early-Vedic,8282
8283,Indo-Aryan,purāṇá,ancient,RV Early-Vedic,8283
8287,Indo-Aryan,púrīṣa,fullness (?); (rubble as a) filling; suppletion; ordure,n RV TS ŚāṅkhBr ŚBr Early-Vedic,8287
8288,Indo-Aryan,purú,"much, many",RV Early-Vedic,8288
8289,Indo-Aryan,púruṣa,"man, male",,8289
829,Indo-Aryan,*avalalati,descends,,829
829-2,Indo-Aryan,*avalālayati,,,829
829-3,Indo-Aryan,*avalāla,,,829
8294a,Indo-Aryan,pula,shoe,BHSk,8294a
8296,Indo-Aryan,púlina,"sand bank, islet",n MBh Epic,8296
8298,Indo-Aryan,*puśśī,cat,,8298
830,Indo-Aryan,*avalavati,cuts off,,830
8300,Indo-Aryan,puṣṭá,"nourished, big; growth, property",Mn RV Epic Early-Vedic,8300
8303,Indo-Aryan,púṣpa,flower,n AV Early-Vedic,8303
8303-2,Indo-Aryan,*puṣpya,,,8303
8306,Indo-Aryan,púṣya,vigour,RV Early-Vedic,8306
8307,Indo-Aryan,puṣyà,the 6th or 8th asterism; the month December-January,AV VP Early-Vedic Classical,8307
831,Indo-Aryan,*avalasati,slips down,,831
831-2,Indo-Aryan,*avalasita,,,831
8310,Indo-Aryan,*pusati,"leaves, is left",,8310
8310-2,Indo-Aryan,*pusta,,,8310
8312,Indo-Aryan,pū́ga,"assembly, mass",,8312
8314,Indo-Aryan,pūgapʰala,betel nut,,8314
8317,Indo-Aryan,pūjā́,"honour, worship",f ĀśvGr̥ Early-Vedic,8317
8321,Indo-Aryan,pūta,buttocks,lex,8321
8321-2,Indo-Aryan,*putta-,,,8321
8321-3,Indo-Aryan,*puṭṭa-,,,8321
8323,Indo-Aryan,pū́ti,putrid; pus; stench,AV MBh W Early-Vedic Epic,8323
8324,Indo-Aryan,pūtika,putrid,MBh Epic,8324
8325,Indo-Aryan,pūtī́ka,a plant used in place of soma,m ŚBr Early-Vedic,8325
8325-2,Indo-Aryan,*pūṭakī,,,8325
8326,Indo-Aryan,*pūna,"bundle, roll (esp. of cotton)",,8326
8326-2,Indo-Aryan,*pōna-,,,8326
8326-3,Indo-Aryan,*pivanī,,,8326
8326-4,Indo-Aryan,*pivarī,,,8326
8327,Indo-Aryan,*pūni,pus,,8327
8328,Indo-Aryan,pū́ya,pus,m ŚBr Early-Vedic,8328
833,Indo-Aryan,avalīyatē,stoops; hides oneself; sticks to,MBh R Suśr Epic Classical,833
833-2,Indo-Aryan,*ullīyatē,,Pāṇ Kāś Epic Classical,833
8330,Indo-Aryan,pūra,filling; flood,BhP Suśr Medieval Classical,8330
8335,Indo-Aryan,pūráyati,fills,ŚBr Early-Vedic,8335
8335-2,Indo-Aryan,*pūrayayati,fills,caus,8335-2
8336,Indo-Aryan,pūrita,filled,MBh Epic,8336
8336-2,Indo-Aryan,*pūritailla-,filled,ext:illa,8336-2
8339,Indo-Aryan,pūrṇá,"filled, full",RV Early-Vedic,8339
834,Indo-Aryan,*avaluṇḍati,spills,,834
8340,Indo-Aryan,pūrṇámās,"full-moon (day, &amp;c.)",m ŚBr Early-Vedic,8340
8340-2,Indo-Aryan,pūrṇámāsa,,TS Early-Vedic,8340
8340-3,Indo-Aryan,pūrṇimā,,f,8340
8342,Indo-Aryan,pūryátē,is filled,,8342
8343,Indo-Aryan,pū́rva,"fore, first, eastern, ancient",RV Early-Vedic,8343
8343-2,Indo-Aryan,*pūruva,,,8343
8346,Indo-Aryan,pūrvārdʰá,eastern side,m TS Early-Vedic,8346
8346-2,Indo-Aryan,*pūrvārdʰiya,,,8346
8349,Indo-Aryan,pūla,"bunch, bundle; straw",m ĀśvŚr Early-Vedic,8349
8350,Indo-Aryan,*pūliya,rotten,,8350
8351,Indo-Aryan,*pr̩kṣati,sprinkles,,8351
8352,Indo-Aryan,pr̩ccʰáti,asks,RV Early-Vedic,8352
8355,Indo-Aryan,*pr̩ta,filled,,8355
8357,Indo-Aryan,pr̩tʰivī́,the earth,,8357
8358,Indo-Aryan,pr̩tʰú,wide,,8358
8360,Indo-Aryan,pr̩tʰuka,"boy, young of any animal",Hariv Classical,8360
8361,Indo-Aryan,pr̩tʰulá,broad,MBh Epic,8361
8362,Indo-Aryan,pŕ̩dāku,snake,m RV Early-Vedic,8362
8364,Indo-Aryan,pr̩ṣatá,spotted; spotted deer,m VS Early-Vedic,8364
8364-2,Indo-Aryan,pr̩ṣita,*spotted,Gobh Early-Vedic,8364
8370,Indo-Aryan,pr̩ṣṭí,vertebrae; back,,8370
8371,Indo-Aryan,pr̩ṣṭʰá,"back, hinder part",n RV Early-Vedic,8371
8372,Indo-Aryan,*pr̩ṣṭʰadʰāra,plateau,,8372
8375,Indo-Aryan,pḗcaka,owl,m,8375
8376,Indo-Aryan,*pēṭṭa,belly,,8376
8376-2,Indo-Aryan,*pēḍḍuka,,,8376
8376-3,Indo-Aryan,*pōṭṭa,,,8376
8376-4,Indo-Aryan,*pōtta,,,8376
8377,Indo-Aryan,*pēḍa,lump,,8377
8377-2,Indo-Aryan,*pēḍʰa-,,,8377
8377-3,Indo-Aryan,*pēṇḍa,,,8377
8377-4,Indo-Aryan,*pēntʰa,,,8377
8377-5,Indo-Aryan,*pēnda,,,8377
8377-6,Indo-Aryan,*puḍa,,,8377
8377-7,Indo-Aryan,*puṇḍa,,,8377
8377-8,Indo-Aryan,*pōdda,,,8377
8378,Indo-Aryan,*pēṇāhi,pelican,,8378
8379,Indo-Aryan,*pēnda,bottom,,8379
8379-2,Indo-Aryan,*pōnda,,,8379
838,Indo-Aryan,*avalōḍayati,stirs up,,838
8380,Indo-Aryan,pēya,to be drunk; beverage; drink offering,n MBh ŚāṅkhŚr Epic Late-Vedic,8380
8381,Indo-Aryan,pēla,testicle,m Kāvyād Classical,8381
8383,Indo-Aryan,pēśalá,"adorned; lovely; soft, delicate",VS MBh Kālid Early-Vedic Epic Classical,8383
8385,Indo-Aryan,pēṣaṇa,crushing or grinding of grain; handmill,n KātyŚr lex Early-Vedic,8385
8386,Indo-Aryan,pēṣayati,grinds,Gr̥S Early-Vedic,8386
8386-2,Indo-Aryan,*pēṣita,,,8386
8387,Indo-Aryan,paitta,pertaining to bile,Suśr Classical,8387
8390,Indo-Aryan,paitrika,paternal,,8390
8390-2,Indo-Aryan,paitr̩ka,,Mn Epic,8390
8391,Indo-Aryan,*pōka,hollow,,8391
8391-2,Indo-Aryan,*pōkkala,,,8391
8391-3,Indo-Aryan,*pōkkʰara,,,8391
8391-4,Indo-Aryan,*pōggala,,,8391
8391-5,Indo-Aryan,*pōŋka-,,,8391
8391-6,Indo-Aryan,pōŋga-,,,8391
8391-7,Indo-Aryan,*pʰōkka,,,8391
8391-8,Indo-Aryan,*pʰōkkara,,,8391
8391-9,Indo-Aryan,*pʰōŋka,,,8391
8392,Indo-Aryan,*pōkka,"bundle, fold",,8392
8393,Indo-Aryan,*pōkka,"worm, grub",,8393
8394,Indo-Aryan,*pōŋga,young of animal or plant,,8394
8394-2,Indo-Aryan,*pōgga,,,8394
8394-3,Indo-Aryan,*pōŋka,,,8394
8395,Indo-Aryan,*pōcca,hollow,,8395
8396,Indo-Aryan,*pōṭṭa,bundle,,8396
8396-2,Indo-Aryan,pōṭṭala,,n,8396
8396-3,Indo-Aryan,*pēṇḍʰa,,,8396
8397,Indo-Aryan,*pōḍ,burn,,8397
8398,Indo-Aryan,*pōḍa,hollow,,8398
8398-2,Indo-Aryan,*pōra,,,8398
8398-3,Indo-Aryan,*pōla,,,8398
8398-4,Indo-Aryan,*pōlla,,,8398
8398-5,Indo-Aryan,*pʰōra,,,8398
8398-6,Indo-Aryan,*pʰōlla,,,8398
8399,Indo-Aryan,pṓta-,,,8399
8399-10,Indo-Aryan,*pʰōtta,,,8399
8399-2,Indo-Aryan,*pōtara,,,8399
8399-3,Indo-Aryan,*pōtala,,,8399
8399-4,Indo-Aryan,*pōtāla,,,8399
8399-5,Indo-Aryan,*pōtta,,,8399
8399-6,Indo-Aryan,*pōṭṭa,,,8399
8399-7,Indo-Aryan,*pōna,,,8399
8399-8,Indo-Aryan,*pōttʰa,,,8399
8399-9,Indo-Aryan,*pʰōta,,,8399
840,Indo-Aryan,*avavartayati,turns round,,840
840-2,Indo-Aryan,*avavartana,,n,840
840-3,Indo-Aryan,*avavṛttra,instrument for twirling,,840
8400,Indo-Aryan,pōta,cloth,,8400
8400-2,Indo-Aryan,*pōtta,,lex,8400
8400-3,Indo-Aryan,*pōttʰa,,,8400
8400-4,Indo-Aryan,pōntī,cloth,f Divyāv Classical,8400
8405,Indo-Aryan,*pōppa,hollow,,8405
8405-2,Indo-Aryan,*pʰōppʰa,,,8405
8405-3,Indo-Aryan,*pʰōmpʰa,,,8405
8406,Indo-Aryan,*pōra,joint,,8406
8407,Indo-Aryan,*pōśī,pine,,8407
8408,Indo-Aryan,pṓṣa,"growth, prosperity; upbringing, nourishment",m RV MārkP Early-Vedic Medieval,8408
841,Indo-Aryan,*avavahati,carries down,,841
8410,Indo-Aryan,pōṣáyati,"nourishes, rears",RV Early-Vedic,8410
8410-2,Indo-Aryan,pōṣyatē,,,8410
8412,Indo-Aryan,pṓṣya,thriving; to be maintained,RV MBh Early-Vedic Epic,8412
8412-2,Indo-Aryan,pṓṣiya,,,8412
8413,Indo-Aryan,*pōstaka,book,,8413
8415,Indo-Aryan,*pautya,stink,,8415
8416,Indo-Aryan,paútra,son's son,m AV Early-Vedic,8416
8417,Indo-Aryan,pautrī,son's daughter,f MBh Epic,8417
8421,Indo-Aryan,pauruṣá,manly; manly strength,ŚBr MBh Early-Vedic Epic,8421
8422,Indo-Aryan,paúruṣēya,human; work of a man,RV AV Early-Vedic,8422
8425,Indo-Aryan,pauṣkara,pertaining to the blue lotus,MBh Epic,8425
8426,Indo-Aryan,pauṣkariṇī,"lotus pool, pond",f lex,8426
8431,Indo-Aryan,prakara,scattered heap,m MBh Epic,8431
8433,Indo-Aryan,prákarōti,"effects, makes fit for, gains",RV Early-Vedic,8433
8433-2,Indo-Aryan,*praskarōti,,,8433
8435,Indo-Aryan,prakāra,"sort, manner",Kauś Early-Vedic,8435
8443,Indo-Aryan,prákirati,scatters,ŚBr Early-Vedic,8443
8448,Indo-Aryan,prakr̩ṣṭa,protracted; superior; strong,MBh Mn Ratnāv Epic Classical,8448
8451,Indo-Aryan,*prakvatʰati,boils,,8451
8451-2,Indo-Aryan,*prakvatʰita,,,8451
8452,Indo-Aryan,prakṣara,iron armour for horse or elephant,m lex,8452
8453,Indo-Aryan,*prakṣarita,flowed out,,8453
8454,Indo-Aryan,*prakṣārayati,makes flow,,8454
8455,Indo-Aryan,prakṣāla,flowing,,8455
8456,Indo-Aryan,prákṣālayati,washes away,ŚBr Early-Vedic,8456
846,Indo-Aryan,*avaśaŋkatē,hesitates,,846
846-2,Indo-Aryan,*avaśaŋkā,,f,846
8460,Indo-Aryan,*prakṣōṭayati,throws forth,,8460
8461,Indo-Aryan,*prakʰanī,ditch,,8461
8463,Indo-Aryan,prakʰyāna,"the being known; information, report",n Pāṇ R Epic,8463
8464,Indo-Aryan,*pragaḍḍa,ditch,,8464
8465,Indo-Aryan,*pragamati,goes forward,,8465
8468,Indo-Aryan,pragalati,drips,Kālid Classical,8468
8468-2,Indo-Aryan,*pragilati,,,8468
8468-3,Indo-Aryan,pragā- layati,causes to fall,Car Epic,8468
847,Indo-Aryan,*avaśapati,curses,,847
847-2,Indo-Aryan,*avaśapa,curses,m,847
8473,Indo-Aryan,praguṇa,"proper, suitable; straightforward",Car Mālatīm Epic Classical,8473
8474,Indo-Aryan,*pragupta,"guarded, hidden",,8474
8475,Indo-Aryan,*pragura,chewing,,8475
8475-2,Indo-Aryan,*pragula,,,8475
8478,Indo-Aryan,pragrahá,holding in front; bridle; thong; kindness,m MBh KaṭhUp Epic Early-Vedic,8478
8479,Indo-Aryan,pragrāhayati,receives,MBh Epic,8479
848,Indo-Aryan,*avaśara,"protection, shelter",,848
848-2,Indo-Aryan,*avaśāra,,,848
8481,Indo-Aryan,*pragʰara,flowing forth,,8481
8481-2,Indo-Aryan,*pragʰala,,,8481
8482,Indo-Aryan,pragʰarati,oozes out,Divyāv Classical,8482
8482-2,Indo-Aryan,*pragʰalati,,,8482
8484,Indo-Aryan,*pragʰāra,flowing forth,,8484
8484-2,Indo-Aryan,*pragʰāla,,,8484
8485,Indo-Aryan,*pragʰārayati,makes flow forth,,8485
8485-2,Indo-Aryan,*pragʰālayati,,,8485
8486,Indo-Aryan,*pragʰirati,flows forth,,8486
8486-2,Indo-Aryan,*pragʰilati,,,8486
8492,Indo-Aryan,*pracāh,look for,,8492
8492a,Indo-Aryan,*pracūrṇa,ground to dust,,8492a
8493,Indo-Aryan,*praccʰaṭ,"be knocked, fall",,8493
8493-2,Indo-Aryan,*praccʰāṭ,,,8493
8495,Indo-Aryan,*praccʰaṇṭ,strike,,8495
85,Indo-Aryan,agraśás,from the beginning,AV Early-Vedic,85
850,Indo-Aryan,avaśīyatē,,,850
8500,Indo-Aryan,praccʰāya,dense shade,n Hariv Classical,8500
8500-2,Indo-Aryan,*paccʰāyā,,,8500
8505,Indo-Aryan,praccʰyati,scarifies,Suśr Classical,8505
8506,Indo-Aryan,prajana,"begetting, bearing",m Mn Epic,8506
851,Indo-Aryan,*avaśīyatē,is cold,,851
851-2,Indo-Aryan,*avaśyāpayati,,caus,851
851-3,Indo-Aryan,*avaśyāpana,,,851
8514,Indo-Aryan,prajñapta,"ordered, arranged",,8514
8514-2,Indo-Aryan,prajñapti,teaching,f BhP Medieval,8514
8516,Indo-Aryan,prajñāyatē,is discovered,,8516
8516-2,Indo-Aryan,prájñāpayati,"shows, points out",ŚBr Early-Vedic,8516
8518,Indo-Aryan,prajvalati,"begins to burn, is kindled",TBr Early-Vedic,8518
8519,Indo-Aryan,prajvāra,heat of fever,m BhP Medieval,8519
852,Indo-Aryan,avaśīrṣaka,having the head turned down,Suśr Classical,852
8521,Indo-Aryan,prajvālayati,"sets on fire, inflames",Gr̥Śr Early-Vedic,8521
8525,Indo-Aryan,praṇaya,"guidance, affection",m MBh Epic,8525
852a,Indo-Aryan,*avaśuṣka,dried up,,852a
8533,Indo-Aryan,praṇītā,sacrificial vessel,f lex,8533
8535,Indo-Aryan,prátapati,kindles; warms; roasts,RV ŚBr R Early-Vedic Epic,8535
8536,Indo-Aryan,prátarati,succeeds; crosses,RV ŚBr Early-Vedic,8536
8539,Indo-Aryan,pratāpayati,makes warm,Gr̥Śr Early-Vedic,8539
854,Indo-Aryan,*avaścandati,jumps down,,854
8541,Indo-Aryan,*pratikakṣa,near the armpit,,8541
8545,Indo-Aryan,pratikū́la,"contrary, opposite",Mn Epic,8545
8549,Indo-Aryan,*pratikkʰara,harsh against,,8549
855,Indo-Aryan,avaśyā,"hoar-frost, dew",f lex,855
8557,Indo-Aryan,*praticcʰada,covering,,8557
855a,Indo-Aryan,avaśrayaṇa,taking (anything) off the fire,n Sāh Medieval,855a
856,Indo-Aryan,*avaśrayati,leans from,,856
8560,Indo-Aryan,praticcʰāyā,reflection,f Hariv Classical,8560
8560-2,Indo-Aryan,*paticcʰāyā,,,8560
8563,Indo-Aryan,pratijñā,promise,f MBh Epic,8563
8566,Indo-Aryan,prátidadʰāti,puts on or near,RV Early-Vedic,8566
8571,Indo-Aryan,prátipadyatē,"sets foot on, enters; meets with",VS ChUp Early-Vedic,8571
8571-2,Indo-Aryan,pratipanna,,Yājñ Classical,8571
8574,Indo-Aryan,*pratipūrta,filled,,8574
8576,Indo-Aryan,*pratipr̩ccʰā,question,,8576
858,Indo-Aryan,avasara,"occasion, favourable opportunity",m Pañcat Classical,858
8583,Indo-Aryan,*pratibʰāryā,rival wife,,8583
8588,Indo-Aryan,prátirati,"sets out; crosses, goes to sea",RV ŚBr Early-Vedic,8588
8590,Indo-Aryan,prátirūpa,like; likeness,RV MBh Early-Vedic Epic,8590
8592,Indo-Aryan,*pratilati,goes forward,,8592
8594,Indo-Aryan,*pratilla,opposite,,8594
8596,Indo-Aryan,*prativañcati,goes back to,,8596
8598,Indo-Aryan,prátivēśa,neighbouring; neighbour,m RV Early-Vedic,8598
8599,Indo-Aryan,prativēśya,neighbour,m MBh Epic,8599
8599-2,Indo-Aryan,*prativēśiya,,,8599
860,Indo-Aryan,avasā́na,stopping-place; end,n RV Mn Early-Vedic Epic,860
8600,Indo-Aryan,pratiśabda,echo,m MBh Epic,8600
8601,Indo-Aryan,*pratiśālā,outhouse,,8601
8607,Indo-Aryan,prátiṣṭʰati,stands up; advances towards; sets out,RV ŚBr ĀśvGr̥ Early-Vedic,8607
8607-2,Indo-Aryan,*prastʰāti,,,8607
8607-3,Indo-Aryan,prastʰāya,,,8607
8607-4,Indo-Aryan,prástʰāpayati,puts aside; sends,AV MBh Early-Vedic Epic,8607
8608,Indo-Aryan,pratiṣṭʰā́,"foundation, prop; homestead; performance of any ceremony",f RV AV Kathās Early-Vedic Medieval,8608
861,Indo-Aryan,*avasāra,moving aside,,861
8610,Indo-Aryan,pratiṣṭʰā́na,foundation; foundation of a city; name of a town,n PārGr̥ SkandaP MBh Early-Vedic Medieval Epic,8610
8614,Indo-Aryan,prátisarati,goes round from place to place; rushes upon; returns home,TS Hariv BhP Early-Vedic Classical Medieval,8614
8614-2,Indo-Aryan,pratisārayati,causes to go back,Car Epic,8614
8614-3,Indo-Aryan,*pratisāra,,,8614
8616,Indo-Aryan,*pratistāra,platform,,8616
8617,Indo-Aryan,*pratisrāvayati,makes flow back,,8617
8617-2,Indo-Aryan,*pratisrāvyatē,,,8617
8617-3,Indo-Aryan,*pratisrāva,,,8617
862,Indo-Aryan,avasārayati,moves aside,Kauś Early-Vedic,862
8620,Indo-Aryan,prátīkṣatē,"looks at, beholds; waits for",AV TS Early-Vedic,8620
8622,Indo-Aryan,*pratīkṣṇa,very sharp,,8622
8623,Indo-Aryan,prátīccʰati,strives after,RV Early-Vedic,8623
8623-2,Indo-Aryan,pratīccʰaka,one who receives,m Mn Epic,8623
8624,Indo-Aryan,prátīti,going toward; understanding; trust,f RV Kathās Daś Early-Vedic Medieval Classical,8624
8627,Indo-Aryan,pratudati,"cuts through, pierces",MBh Epic,8627
8628,Indo-Aryan,*praturati,succeeds; crosses,RV Early-Vedic,8628
8631,Indo-Aryan,pratōdayati,urges on,MBh Epic,8631
8633,Indo-Aryan,pratōlī,"gate of town or fort, main street",f MBh Epic,8633
8634,Indo-Aryan,*pratyaka,face,,8634
8637,Indo-Aryan,pratyabʰijānāti,recognizes,MBh Epic,8637
8640,Indo-Aryan,pratyaya,"belief, trust",m Mn Epic,8640
8640-2,Indo-Aryan,pratyāyayati,convinces,Pañcat Classical,8640
8641,Indo-Aryan,*pratyara,beside the spoke,,8641
8645,Indo-Aryan,pratyuttara,answer,n Pañcat Classical,8645
8645-2,Indo-Aryan,*pratiyuttara,,,8645
8648,Indo-Aryan,pratʰamá,first,RV Early-Vedic,8648
8650,Indo-Aryan,*pratʰaska,palm,,8650
8651-2,Indo-Aryan,*pratʰitalla-,spread out,ext:lla,8651-2
8652,Indo-Aryan,*pratʰila,first,,8652
8652-2,Indo-Aryan,*pratʰilla,,,8652
8654,Indo-Aryan,*pratʰilasūnā,bearing for first time,,8654
8655,Indo-Aryan,prádadāti,gives away,RV Early-Vedic,8655
8655-2,Indo-Aryan,*pradāti,,RV Early-Vedic,8655
8655-3,Indo-Aryan,prátta,,TS Early-Vedic,8655
8655-4,Indo-Aryan,pradatta,,R Epic,8655
8655-5,Indo-Aryan,*praditta,,,8655
8656,Indo-Aryan,pradadʰāti,places before,RV Early-Vedic,8656
8656-2,Indo-Aryan,prādʰāt,,,8656
8656-3,Indo-Aryan,pradʰīyatē,,,8656
8656-4,Indo-Aryan,prahita,,Kāv Classical,8656
8657,Indo-Aryan,pradará,cleft in earth; rout (of an army),m VS MBh Early-Vedic Epic,8657
866,Indo-Aryan,*avastarati,,,866
866-2,Indo-Aryan,avastaraṇa,strewing; bed-cover,n KātyŚr Early-Vedic,866
8664,Indo-Aryan,prádiṣṭa,ordained; assigned,RV Mn Early-Vedic Epic,8664
8664-2,Indo-Aryan,*pradiṣṭi,assigning,,8664
8666,Indo-Aryan,*pradura,doorway,,8666
8668,Indo-Aryan,pradēśa,"region, country",m MBh Epic,8668
8671,Indo-Aryan,pradʰānaka,the original germ out of which the universe is evolved,n Tattvas,8671
8672,Indo-Aryan,pradʰí,felly,m RV Early-Vedic,8672
8673,Indo-Aryan,pranāḍī,,,8673
8674,Indo-Aryan,prapacati,begins to cook; is accustomed to cook,Pāṇ R Epic,8674
8674-2,Indo-Aryan,*prapacyatē,,,8674
8675,Indo-Aryan,prápatati,"flies down, falls down",RV Early-Vedic,8675
8677,Indo-Aryan,prapatti,pious devotion,f,8677
8679,Indo-Aryan,prápatʰa,"way, journey",m RV Early-Vedic,8679
8679-2,Indo-Aryan,prapātʰa,road,m lex,8679
8681,Indo-Aryan,prapā́,roadside fountain or cistern,f AV Early-Vedic,8681
8683,Indo-Aryan,prápātayati,"makes fly away; chases, throws down",AV MBh Early-Vedic Epic,8683
8686,Indo-Aryan,prápīḍayati,"presses, squeezes",ŚBr Early-Vedic,8686
8690,Indo-Aryan,prápuṣyati,nourishes,RV Early-Vedic,8690
8690-2,Indo-Aryan,prapuṣṭa,,,8690
8692,Indo-Aryan,prapr̩ṣṭʰá,having prominent or protuberant back,Pāṇ Epic,8692
8693,Indo-Aryan,prapautra,great-grandson,m Kathās Medieval,8693
8694,Indo-Aryan,prapʰulla,"blooming, expanded",MBh Epic,8694
8698,Indo-Aryan,prábudʰyatē,"wakes up; expands, blossoms",RV MBh Early-Vedic Epic,8698
8700,Indo-Aryan,prabōdʰati,understands,MBh Epic,8700
8702,Indo-Aryan,*prabda,forepart of foot,,8702
8705,Indo-Aryan,prabʰā́,light,f Mn Epic,8705
8705-2,Indo-Aryan,*prabʰaḍa-,light,ext:ḍa,8705-2
8706,Indo-Aryan,prabʰākara,sun; light,m MBh lex Epic,8706
8707,Indo-Aryan,prabʰāta,shone forth; daybreak,MBh Gaut Epic Early-Vedic,8707
8707-2,Indo-Aryan,*prabʰātaḍa-,shone forth; daybreak,ext:ḍa,8707-2
8708,Indo-Aryan,prabʰātakāla,dawn,m Suśr Classical,8708
8709,Indo-Aryan,prábʰāti,"shines forth; appears, seems",RV MBh Early-Vedic Epic,8709
8710,Indo-Aryan,prabʰāna,light,n Pāṇ Epic,8710
8711,Indo-Aryan,*prabʰāla,light,,8711
8715,Indo-Aryan,prabʰú,"strong, capable; lord",RV MBh Early-Vedic Epic,8715
8716,Indo-Aryan,prábʰūta,"much, great",ŚBr Early-Vedic,8716
8723,Indo-Aryan,pramāṇa,"measure; standard, authority; proof",n KātyŚr Gr̥Śr Yājñ Early-Vedic Classical,8723
8727,Indo-Aryan,prámuñcati,"discharges, emits",AV Early-Vedic,8727
8727-2,Indo-Aryan,prámucyatē,is loosened; frees oneself,ŚBr MBh Early-Vedic Epic,8727
8727-3,Indo-Aryan,*pramukna,,,8727
8729,Indo-Aryan,prámr̩śati,"touches, handles",AV Early-Vedic,8729
8730,Indo-Aryan,*pramr̩ṣati,forgets,,8730
8730-2,Indo-Aryan,*pramr̩ṣyati,,,8730
8730-3,Indo-Aryan,*pramr̩ṣṭa,,,8730
8732,Indo-Aryan,prayā́ṇa,"setting out, journey; death",n RV ŚBr Early-Vedic,8732
8734,Indo-Aryan,prayukta,yoked,MBh Epic,8734
8736,Indo-Aryan,prarakṣati,guards,Pañcat Classical,8736
8737,Indo-Aryan,*prarajyatē,"is pleased, is excited",,8737
8737-2,Indo-Aryan,*prarakta,,,8737
8740,Indo-Aryan,prárīyatē,streams forth,RV Early-Vedic,8740
8740-2,Indo-Aryan,*prarīṇa,,,8740
8742,Indo-Aryan,*praruhati,shoots up,,8742
8743,Indo-Aryan,*prarēcyatē,is abandoned,,8743
8743a,Indo-Aryan,*prarōka,light,,8743a
8747,Indo-Aryan,prarōha,"sprout, excrescence; ray",m Suśr Classical,8747
875,Indo-Aryan,avastʰāpayati,sets out,ĀśvGr̥ Early-Vedic,875
875-2,Indo-Aryan,avastʰīyatē,is fixed,Kālid Classical,875
8751,Indo-Aryan,pralabʰatē,seizes,MBh Epic,8751
8753,Indo-Aryan,pralambatē,hangs down,Suśr Classical,8753
8759,Indo-Aryan,*pralālayatē,slobbers,,8759
876,Indo-Aryan,*avasnāyati,bathes,,876
876-2,Indo-Aryan,avasnāta,bathed in,MBh Epic,876
876-3,Indo-Aryan,*avasnāna,bathing,,876
8761,Indo-Aryan,prálīyatē,"is dissolved, disappears",ŚBr Early-Vedic,8761
8761-2,Indo-Aryan,pralīna,,MBh Epic,8761
8765,Indo-Aryan,pralēha,a kind of broth,m lex,8765
8766,Indo-Aryan,*pralōka,light,,8766
8767,Indo-Aryan,*pralōkayati,looks at,,8767
8768,Indo-Aryan,*pralōpayati,destroys,,8768
8770,Indo-Aryan,*pralōrtati,rolls over,,8770
8773,Indo-Aryan,pravacana,exposition,n ŚBr Early-Vedic,8773
8777,Indo-Aryan,*pravatsara,previous year,,8777
8778,Indo-Aryan,*pravadʰati,cuts up,,8778
8781,Indo-Aryan,*pravabʰati,"weaves on, strings",,8781
8783,Indo-Aryan,pravayaṇa,goad,Pāṇ Epic,8783
8785,Indo-Aryan,právayati,weaves on,RV Early-Vedic,8785
8788,Indo-Aryan,právartatē,happens; is set in motion,VS ChUp Early-Vedic,8788
8788-2,Indo-Aryan,právr̩tta,,VS Early-Vedic,8788
8788-3,Indo-Aryan,právartayati,sets in motion,RV Early-Vedic,8788
8789,Indo-Aryan,právardʰate,grows up,RV Early-Vedic,8789
8791,Indo-Aryan,pravalʰikā,riddle,f AitBr Early-Vedic,8791
8792,Indo-Aryan,právahati,carries forward,,8792
8793,Indo-Aryan,pravahana,ship; carriage (for women); a kind of litter,n Mr̥cch lex Classical,8793
8794,Indo-Aryan,pravāḍa,coral,m BHSk,8794
8795-2,Indo-Aryan,*pravādaḍa-,"speaking forth; talk, rumour",ext:ḍa,8795-2
88,Indo-Aryan,agrahāyaṇa,the month November-December (= <i>mārgaśīrṣa</i>-),m lex,88
8800,Indo-Aryan,pravāla,young shoot,MBh Epic,8800
8801,Indo-Aryan,*pravāśman,cawing,,8801
8803,Indo-Aryan,práviśati,enters,RV Early-Vedic,8803
8803-2,Indo-Aryan,práviṣṭa,entered; invested (of money),RV Yājñ Early-Vedic Classical,8803
8806,Indo-Aryan,pravr̩tti,"advance; use, conduct; continuance",f Gr̥Śr Mn R Early-Vedic Epic,8806
8807,Indo-Aryan,právr̩ddʰa,"grown up, great; strong, old",RV MBh Early-Vedic Epic,8807
8810,Indo-Aryan,právrajati,goes forth; leaves home to be an ascetic,ŚBr Mn Early-Vedic Epic,8810
8810-2,Indo-Aryan,pravrajita,,Mn Epic,8810
8811,Indo-Aryan,pravrajyā,going abroad; wandering about (of ascetics),f MBh Mn Epic,8811
8811-2,Indo-Aryan,*pravrajiyā,,,8811
8816,Indo-Aryan,*praścandati,"leaps forward, falls",,8816
8820,Indo-Aryan,praṣṭʰa,"leading, going first",Pāṇ Epic,8820
8822,Indo-Aryan,prasatti,favour,f Bālar Medieval,8822
8825,Indo-Aryan,prásarati,"advances, extends; breaks out (of disease)",intr RV MBh Early-Vedic Epic,8825
8826,Indo-Aryan,prásarpati,glides into; streams forth,RV MBh Early-Vedic Epic,8826
8828,Indo-Aryan,prasavati,"bears, begets",MBh Epic,8828
8828-2,Indo-Aryan,*prasavayati,causes to be born,,8828
8828-3,Indo-Aryan,*prasavyatē,,,8828
8833,Indo-Aryan,prasādayati,"makes clear, purifies; appeases",Kāvyād Mn Classical Epic,8833
8833-2,Indo-Aryan,prasādyatē,is gladdened,Mn Epic,8833
8835,Indo-Aryan,prasāra,extension; trader's shop,m Suśr Nalac Classical,8835
8838,Indo-Aryan,prásārayati,"stretches out, extends",VS Early-Vedic,8838
884,Indo-Aryan,avāpayati,,,884
884-2,Indo-Aryan,avāpta,one who has reached,KaṭhUp Early-Vedic,884
8843,Indo-Aryan,prasīdati,"settles down, becomes clear or calm; is pleased",MBh Mn Epic,8843
8843-2,Indo-Aryan,*prasīdyatē,,,8843
8854,Indo-Aryan,*praskara,scattering,,8854
8855,Indo-Aryan,*praskirati,scatters,,8855
8855-2,Indo-Aryan,*praskērayati,,,8855
8855-3,Indo-Aryan,*praskr̩ta,,,8855
8857,Indo-Aryan,prastará,"anything strewn, grass to sit on; flat surface; (v.l. <smallcaps>prastāra</smallcaps>-) plain; rock, stone",m RV Mn Hariv Hit Early-Vedic Epic Classical Medieval,8857
8859,Indo-Aryan,prastaraṇa,"couch, seat",m Hariv Classical,8859
8860,Indo-Aryan,*prastarati,spreads out,,8860
8864,Indo-Aryan,prastārá,"spreading out; bed of straw, (v.l. <smallcaps>prastara</smallcaps>-) plain; overgrown jungle",m MBh Hariv lex Epic Classical,8864
8867,Indo-Aryan,*prastr̩ta,spread out,,8867
8868,Indo-Aryan,prastʰa,flat land,MBh Epic,8868
887,Indo-Aryan,ávi,sheep,m RV Early-Vedic,887
8875,Indo-Aryan,prasnava,"flow (of milk, water, &amp;c.)",m MBh Epic,8875
8876,Indo-Aryan,*prasnavati,flows (of milk into breast),,8876
8876-2,Indo-Aryan,*prasnavant,,,8876
8876-3,Indo-Aryan,prasnuta,,MBh Epic,8876
8876-4,Indo-Aryan,*prasnāvayati,,,8876
8879,Indo-Aryan,*praspʰāyatē,swells,,8879
8880,Indo-Aryan,praspʰuṭati,is burst open,MBh Epic,8880
8880-2,Indo-Aryan,*praspʰuṭyati,,,8880
8880-3,Indo-Aryan,praspʰōṭayati,claps the hands,MBh Epic,8880
8883,Indo-Aryan,*praspʰōṭa,bursting forth,,8883
8885,Indo-Aryan,prasmarati,forgets,Bālar Medieval,8885
889,Indo-Aryan,avigʰna,uninterrupted,R Epic,889
8893,Indo-Aryan,prasvāpa,"soporific; sleep, dream",MBh BhP Epic Medieval,8893
8894,Indo-Aryan,*prasvitta,sweated,,8894
8895,Indo-Aryan,*prasvidana,sweating,,8895
8896,Indo-Aryan,*prasvidyati,sweats,,8896
8897,Indo-Aryan,prasvinna,sweated,R Epic,8897
8898,Indo-Aryan,prasvēda,great sweat,m MBh Epic,8898
89,Indo-Aryan,*agrānta,front or near end,,89
8900,Indo-Aryan,prahara,"a division of time = about 3 hours, a watch",m Kathās Medieval,8900
8901,Indo-Aryan,praháraṇa,"attack, weapon; striking",n MBh Pañcat Epic Classical,8901
8901-2,Indo-Aryan,praharaṇīya,a weapon,n MBh Epic,8901
8902,Indo-Aryan,práharati,"thrusts forward, offers; strikes; throws out",RV AV ŚāṅkhŚr Early-Vedic Late-Vedic,8902
8902-2,Indo-Aryan,práhr̩ta,thrown; struck,AV MBh Early-Vedic Epic,8902
8906,Indo-Aryan,prahāra,blow,m Mn Epic,8906
8908,Indo-Aryan,práhiṇōti,"despatches, sends",RV Early-Vedic,8908
8908-2,Indo-Aryan,práhita,sent; sent away,RV MBh Early-Vedic Epic,8908
8909,Indo-Aryan,prahīyatē,is abandoned,Mn Epic,8909
8909-2,Indo-Aryan,*prahita-,,,8909
8909-3,Indo-Aryan,prahāya,,,8909
891,Indo-Aryan,*avidʰavātva,the state of a woman whose husband is living,n,891
891-2,Indo-Aryan,*avidʰavātvana,,,891
8911,Indo-Aryan,prahēlikā,riddle,f Kāvyād Classical,8911
8912,Indo-Aryan,prahlādayati,makes glad,MBh Epic,8912
8913,Indo-Aryan,*prāṁsara,"erect, straight",,8913
8917,Indo-Aryan,*prāgrāha,the day in front,,8917
8918,Indo-Aryan,*prāŋkūra,sprout,,8918
8919,Indo-Aryan,prāŋgana,a kind of drum,n lex,8919
8922,Indo-Aryan,prācyà,"being before, eastern",,8922
8928,Indo-Aryan,prāṇá,breath of life; vigour,m RV MBh Early-Vedic Epic,8928
8929,Indo-Aryan,prāṇaka,"living being, animal, worm",m lex,8929
893,Indo-Aryan,avipālá,shepherd,m VS Early-Vedic,893
8930,Indo-Aryan,prāṇavant,living,KātyŚr Early-Vedic,8930
8933,Indo-Aryan,*prāṇīśa,lord of animals,,8933
8934,Indo-Aryan,prātipadá,forming the beginning,ŚāṅkhŚr Late-Vedic,8934
8936,Indo-Aryan,prātivēśya,neighbouring; neighbour,Yājñ Mn Classical Epic,8936
8936-2,Indo-Aryan,*prātivēśiya,,,8936
8938a,Indo-Aryan,prā́dāt,,aor,8938a
8940,Indo-Aryan,prānta,"tip, point; end, edge",n Kauś MBh Early-Vedic Epic,8940
8941,Indo-Aryan,prāntara,long desolate road; country between two villages,n MārkP lex Medieval,8941
8942,Indo-Aryan,prāpaṇa,attainment,n,8942
8942-2,Indo-Aryan,prāpaṇīya,to be obtained,MBh Epic,8942
8943,Indo-Aryan,prāpayati,causes to be obtained; obtains,TBr R Early-Vedic Epic,8943
8945,Indo-Aryan,prā́pta,one who has reached; obtained,AV Mn Early-Vedic Epic,8945
8946,Indo-Aryan,prā́pti,advent; acquisition,f AV Mn Early-Vedic Epic,8946
8948,Indo-Aryan,prābʰr̩ta,gift,n Kathās Medieval,8948
8951,Indo-Aryan,prāyas,for the most part,MBh Epic,8951
8951-2,Indo-Aryan,prāyēṇa,,Mn Epic,8951
8952,Indo-Aryan,prārabdʰi,*killing,f,8952
8955,Indo-Aryan,prārtʰayatē,wishes for; asks for,KaṭhUp MBh Early-Vedic Epic,8955
8956,Indo-Aryan,*prārtʰyaka,pertaining to hospitality,,8956
8958,Indo-Aryan,*prālasa,very lazy,,8958
8959,Indo-Aryan,prālēya,"produced by melting; hail, frost, snow, dew",Pāṇ Kālid Epic Classical,8959
8962,Indo-Aryan,*prāvurati,covers,,8962
8962-2,Indo-Aryan,prā́vr̩ta,,RV Early-Vedic,8962
8962-3,Indo-Aryan,prāváraṇa,cloak,n ŚBr Early-Vedic,8962
8964,Indo-Aryan,prāvŕ̩ṣ,the rainy season,f RV Early-Vedic,8964
8965,Indo-Aryan,*prāvr̩ṣakāla,the rainy season,,8965
8968,Indo-Aryan,prāśā,ardent desire,f,8968
8969,Indo-Aryan,prāsa,throwing; barbed missile,m Br MBh Early-Vedic Epic,8969
8973,Indo-Aryan,prāhuṇa,guest,,8973
8974,Indo-Aryan,priyá,beloved,RV Early-Vedic,8974
8975,Indo-Aryan,priyakāra,doing a kindness,MBh Epic,8975
8976,Indo-Aryan,priyáŋgu,Panicum italicum; Sinapis ramosa; long pepper,m VS MBh lex Early-Vedic Epic,8976
8978,Indo-Aryan,priyatva,the being dear,n Mn Epic,8978
898,Indo-Aryan,*avīdʰriya,cloudy sky,,898
8982,Indo-Aryan,prīti,pleasure; love,f Gr̥Śr MBh Early-Vedic Epic,8982
8989,Indo-Aryan,prúṣvā,"drop of water, rime, ice",,8989
8990,Indo-Aryan,*pruṣvākara,collection of hoarfrost,,8990
8994,Indo-Aryan,prḗkṣatē,looks at,TS Early-Vedic,8994
8996,Indo-Aryan,prēŋkʰá,swaying; swing,RV Br Early-Vedic,8996
8997,Indo-Aryan,prḗŋkʰayati,swings oneself,RV Early-Vedic,8997
8999,Indo-Aryan,prēmán,love,m TS Early-Vedic,8999
900,Indo-Aryan,avēlā,wrong time,f Lāṭy Early-Vedic,900
9001,Indo-Aryan,*prēratē,moves forward,,9001
9002,Indo-Aryan,prḗrayati,"sets in motion, pushes on",RV Early-Vedic,9002
9002-2,Indo-Aryan,*prēlayati,,,9002
9007,Indo-Aryan,prṓkṣati,sprinkles upon,RV Early-Vedic,9007
901,Indo-Aryan,*avōŋgʰati,sleeps,,901
901-2,Indo-Aryan,*avōŋgʰā,sleep,,901
9010,Indo-Aryan,*prōjjvālayati,causes to burn,,9010
9011,Indo-Aryan,prōñcʰati,wipes off,Mr̥cch Classical,9011
9012a,Indo-Aryan,*prōtkṣarita,flowing forth,,9012a
9012b,Indo-Aryan,prōtʰa,"nostrils of a horse, snout of a hog",m MBh Epic,9012b
9013,Indo-Aryan,prōdgata,projecting,Kathās Medieval,9013
9017,Indo-Aryan,prṓṣati,burns,Dhātup Epic,9017
9017-2,Indo-Aryan,plṓṣati,,,9017
902,Indo-Aryan,*avōtta,flowed down,,902
9021,Indo-Aryan,prauḍʰa,"full of; strong, full-grown, skilful",MBh Epic,9021
9021-2,Indo-Aryan,prōḍʰa,,Pāṇ Epic,9021
9021-3,Indo-Aryan,*pravuḍḍʰa,,,9021
9022,Indo-Aryan,plakṣá,"Ficus infectoria; F. religiosa, Thesperia populneoides",m AV lex Early-Vedic,9022
9022-2,Indo-Aryan,plā́kṣa,belonging to F. infectoria; its fruit,TS lex Early-Vedic,9022
9022-3,Indo-Aryan,parkaṭī,,f,9022
9022-4,Indo-Aryan,*parkuṭī,,,9022
9023,Indo-Aryan,plava,"flooding, flood",m MBh Epic,9023
9024,Indo-Aryan,plávatē,floats; vanishes by degrees,RV ŚBr Early-Vedic,9024
9027,Indo-Aryan,plāvayati,"causes to float, inundates",KātyŚr Early-Vedic,9027
9027-2,Indo-Aryan,*plavayati,,,9027
9027-3,Indo-Aryan,plāvita,flooded,MBh Epic,9027
9028,Indo-Aryan,plīhán,spleen,AV Early-Vedic,9028
9028-2,Indo-Aryan,*prīhan,,,9028
9028-3,Indo-Aryan,*prahaka,,,9028
9028-4,Indo-Aryan,*splīhan,,,9028
9029,Indo-Aryan,plúṣi,"a partic. noxious insect, (prob.) flea",m RV Early-Vedic,9029
9029-2,Indo-Aryan,*pruṣi,,,9029
9029-3,Indo-Aryan,*pruci,,,9029
9029-4,Indo-Aryan,*pricu,,,9029
9029-5,Indo-Aryan,*priṣu,,,9029
9029-6,Indo-Aryan,*praṣu,,RV Early-Vedic,9029
9030,Indo-Aryan,plúṣyatē,"is burnt, is scorched",Suśr Classical,9030
9030-2,Indo-Aryan,pluṣṭa,burnt,,9030
9034,Indo-Aryan,*pʰakk,toss food into the mouth,,9034
9035,Indo-Aryan,*pʰakk,deceive,,9035
9035-2,Indo-Aryan,pʰakkikā,"proposition; (in logic) statement to be refuted, sophism, fraud",f Naiṣ lex Medieval,9035
9036,Indo-Aryan,*pʰakk,open,,9036
9037,Indo-Aryan,pʰakka,cripple,m lex,9037
9037-2,Indo-Aryan,*pʰikka,defective,,9037
9038,Indo-Aryan,*pʰaṭ,sudden movement,,9038
9038-2,Indo-Aryan,*pʰaṭṭ-,,,9038
9039,Indo-Aryan,*pʰaṭ,cheat,,9039
9039-2,Indo-Aryan,*pʰaṭṭ-,,,9039
9040,Indo-Aryan,pʰaṭa,expanded hood of snake,n MBh Epic,9040
9040-2,Indo-Aryan,*pʰēṭṭa-,,,9040
9042,Indo-Aryan,pʰaṇa,expanded hood of snake (esp. of cobra),MBh Epic,9042
9042-2,Indo-Aryan,*pʰēṇa-,,,9042
9044,Indo-Aryan,pʰáṇati,*springs,Dhātup Epic,9044
9044-2,Indo-Aryan,pʰāṇayati,makes spring,RV Early-Vedic,9044
9045,Indo-Aryan,*pʰaṇati,"swells, rises, boils",,9045
9046,Indo-Aryan,pʰaṇin,"hooded (of snake, esp. cobra)",Kathās Medieval,9046
9047,Indo-Aryan,*pʰaṇṭa,barren,,9047
9048,Indo-Aryan,*pʰatta,defective,,9048
9048-2,Indo-Aryan,pʰadda,,,9048
9049,Indo-Aryan,*pʰappʰara,buckwheat,,9049
905,Indo-Aryan,aśakta,"unable, incompetent",Mn Epic,905
9050,Indo-Aryan,*pʰarati,"moves, turns",,9050
9051,Indo-Aryan,pʰála,fruit; *grain; seed of a fruit; spot on dice,RV MBh Early-Vedic Epic,9051
9052,Indo-Aryan,pʰala,point of arrow; blade of knife,Kauś MBh Early-Vedic Epic,9052
9052-2,Indo-Aryan,*pʰara-,,,9052
9053,Indo-Aryan,pʰala,gaming board,MBh Epic,9053
9053-2,Indo-Aryan,*pʰara-,,,9053
9054,Indo-Aryan,pʰalaka,shield,MBh Epic,9054
9054-2,Indo-Aryan,pʰara,,,9054
9057,Indo-Aryan,pʰálati,bears fruit,MBh Epic,9057
9058,Indo-Aryan,pʰálati,"splits, bursts",MBh Epic,9058
9058-2,Indo-Aryan,pʰālayati,,tr,9058
9058-3,Indo-Aryan,pʰālita,expanded,MBh Epic,9058
9060,Indo-Aryan,pʰalāhāra,living on fruit,m Suśr Classical,9060
9063,Indo-Aryan,pǹalgu,Ficus oppositifolia,lex,9063
9063-2,Indo-Aryan,*pʰālgu,,,9063
9064,Indo-Aryan,pʰalgú,"small, pithless",VS Early-Vedic,9064
9066,Indo-Aryan,pʰalpʰ,"grow, increase",KātyŚr Early-Vedic,9066
9067,Indo-Aryan,pʰalya,*collection of fruit,lex,9067
9068,Indo-Aryan,*pʰass,loose,,9068
9069,Indo-Aryan,*pʰāṭṭakka,"gate, door",,9069
9071,Indo-Aryan,*pʰāṇṭ,separate by beating or cutting,,9071
9073,Indo-Aryan,*pʰāla,piece split off,,9073
9078,Indo-Aryan,*pʰirati,"moves, wanders, turns",intr,9078
9078-2,Indo-Aryan,*pʰērayati,makes moves &amp;c.,,9078
9078-3,Indo-Aryan,*pʰēra,"turn, turning",,9078
9079,Indo-Aryan,*pʰis,burst,,9079
908,Indo-Aryan,*aśati,eats,,908
908-2,Indo-Aryan,ā́śa,,,908
9080,Indo-Aryan,*pʰiss,slip,,9080
9081,Indo-Aryan,*pʰissa,defective,,9081
9082,Indo-Aryan,*pʰukyatē,"is opened, untied",,9082
9082-2,Indo-Aryan,*pʰōkayati,unties,,9082
9083,Indo-Aryan,*pʰuŋga,mustache,,9083
9085,Indo-Aryan,*pʰutta,insignificant,,9085
9089,Indo-Aryan,*pʰuppʰu,father's sister,,9089
909,Indo-Aryan,áśana,"eating, food",n ŚBr Early-Vedic,909
9090,Indo-Aryan,pʰuppʰusa,lungs,m Suśr Classical,9090
9092,Indo-Aryan,pʰulla,"expanded, blown (of flowers); inflated (of cheeks); open; fullblown flower",R MBh Bālar KālP Epic Medieval,9092
9093,Indo-Aryan,pʰúllati,"expands, opens (as a flower)",MBh Epic,9093
9098,Indo-Aryan,*pʰuss,be loose,,9098
9099,Indo-Aryan,*pʰuss,"hissing, whispering",,9099
910,Indo-Aryan,aśáni,thunderbolt,f RV Early-Vedic,910
9100,Indo-Aryan,*pʰussa,defective,,9100
9101,Indo-Aryan,pʰūt,"blowing, puffing",,9101
9102,Indo-Aryan,*pʰūtka,blowing,,9102
9103,Indo-Aryan,pʰūtkarōti,blows,Pañcat Classical,9103
9104,Indo-Aryan,pʰūtkāra,blowing,,9104
9105-2,Indo-Aryan,*pʰūhaḍa-,wantonness,ext:ḍa,9105-2
9106,Indo-Aryan,*pʰēkk,throw,,9106
9106-2,Indo-Aryan,*pʰēŋk,,,9106
9106-3,Indo-Aryan,*pʰēŋg,,,9106
9107,Indo-Aryan,*pʰēṭṭa,strip of cloth,,9107
9107-2,Indo-Aryan,*pʰēṇṭa,,,9107
9108,Indo-Aryan,pʰḗna,"foam, froth",RV Early-Vedic,9108
9108-2,Indo-Aryan,*pʰēñja,,,9108
9108-3,Indo-Aryan,*pʰēṁsa,,,9108
9109,Indo-Aryan,pʰēnāyatē,"foams, froths",MBh Epic,9109
911,Indo-Aryan,aśītí,eighty,f,911
9112,Indo-Aryan,pʰēru,jackal,m BhP Medieval,9112
9112-2,Indo-Aryan,pʰēruṇḍa,,,9112
9112-3,Indo-Aryan,*pʰēu,,,9112
9113,Indo-Aryan,*pʰōttara,hollow,,9113
9114,Indo-Aryan,*pʰōssa,hollow,,9114
9115,Indo-Aryan,baka,the bird Ardea nivea,m Mn Epic,9115
9116,Indo-Aryan,bakula,the tree Mimusops elengi; its flower,m n MBh Epic,9116
9116-2,Indo-Aryan,vakula,,m,9116
9116-3,Indo-Aryan,makula,,,9116
912,Indo-Aryan,aśīrṣán,headless,RV Early-Vedic,912
9121,Indo-Aryan,baṭu,"boy (esp. a young Brahman), term applied contemptuously to an adult",m MBh Epic,9121
9123,Indo-Aryan,baḍiśa,"hook, fish-hook",m MBh Epic,9123
9124,Indo-Aryan,baṇḍá,"maimed (in hands, feet or tail); impotent",AV ŚrS Early-Vedic,9124
9124-2,Indo-Aryan,*baṇḍʰa,,,9124
9124-3,Indo-Aryan,*baḍu,,,9124
9124-4,Indo-Aryan,*baḍḍu,,,9124
9124-5,Indo-Aryan,*baḍḍʰu,,,9124
9124-6,Indo-Aryan,*bāḍa,,,9124
9124-7,Indo-Aryan,*bāṇṭa,,,9124
9125,Indo-Aryan,bádara,fruit of the jujube tree (Zizyphus jujuba); the tree,n VS lex Early-Vedic,9125
9126,Indo-Aryan,baddʰá,bound,RV Early-Vedic,9126
9129,Indo-Aryan,*baddʰrikā,belt,,9129
913,Indo-Aryan,aśubʰa,"inauspicious, bad",MBh Epic,913
9130,Indo-Aryan,badʰirá,deaf,RV Early-Vedic,9130
9133,Indo-Aryan,badʰnā́ti,binds; suppresses,RV Yājñ Early-Vedic Classical,9133
9134,Indo-Aryan,badʰyátē,is bound,RV Early-Vedic,9134
9135,Indo-Aryan,bandī,captive slave-girl,f Bhaṭṭ Classical,9135
9136,Indo-Aryan,bandʰá,"bond; damming; custody; deposit, pledge",m RV MārkP Mn Rājat Early-Vedic Medieval Epic,9136
9139,Indo-Aryan,bandʰati,binds,MBh Epic,9139
9140,Indo-Aryan,bándʰana,"tying; bond, tether; prison; embanking",RV ŚBr Mn MBh Early-Vedic Epic,9140
9141,Indo-Aryan,*bandʰāna,bond,,9141
9143,Indo-Aryan,*bandʰīya,to be bound,,9143
9143-2,Indo-Aryan,*bandʰēyya,,,9143
9144,Indo-Aryan,bándʰu,kinsman,RV Early-Vedic,9144
9145,Indo-Aryan,bandʰura,"bent, rounded, beautiful; deaf, injurious; vulva",m Kālid Classical,9145
9148,Indo-Aryan,babbūla,Acacia arabica,m,9148
9148-2,Indo-Aryan,*babbʰūla,,,9148
9148-3,Indo-Aryan,*barvula,,,9148
9150,Indo-Aryan,*bamba,"big, swollen",,9150
9151,Indo-Aryan,*baru,a kind of reed or grass,,9151
9153,Indo-Aryan,bárkara,"kid, lamb; goat",m ĀpŚr lex Early-Vedic,9153
9154,Indo-Aryan,*barkarapāla,goatherd,,9154
9157,Indo-Aryan,barbára-,stammering; non-Aryan; blockhead,,9157
9158,Indo-Aryan,barbara,curly (of hair),Kāṭh Early-Vedic,9158
9159,Indo-Aryan,barbā,a species of Ocimum,f lex,9159
9159-2,Indo-Aryan,barbarī,id.,f Bhpr Medieval,9159
9160,Indo-Aryan,bárhiṣṭʰa,highest,RV Early-Vedic,9160
9161,Indo-Aryan,bála,"power, strength; strong",n RV lex Early-Vedic,9161
9162,Indo-Aryan,balakara,strengthening,R Epic,9162
9163,Indo-Aryan,*balakāra,making strong,,9163
9164,Indo-Aryan,*balakk,"bubble, throb",,9164
9165,Indo-Aryan,*balatara,stronger,,9165
9166,Indo-Aryan,bálavant,strong,VS Early-Vedic,9166
9170,Indo-Aryan,balāyatē,puts forth strength,Nir Early-Vedic,9170
9171,Indo-Aryan,balí,"tribute, offering",m RV Early-Vedic,9171
9174,Indo-Aryan,balín,strong,RV Early-Vedic,9174
9175,Indo-Aryan,*balilla,ox,,9175
9176,Indo-Aryan,balivárda,"ox, bull",ŚBr TBr Early-Vedic,9176
9177,Indo-Aryan,balivardin,*oxherd,m Kāś Classical,9177
918,Indo-Aryan,áśri,"sharp side, corner, angle, edge",f ŚBr Early-Vedic,918
918-2,Indo-Aryan,aśra,,,918
9181,Indo-Aryan,baṣkáya,,,9181
9181-2,Indo-Aryan,baṣkayiṇī,,,9181
9181-3,Indo-Aryan,*baṣkayaḍ-,,ext:ḍ,9181-3
9182,Indo-Aryan,bahala,thick,Suśr Classical,9182
9183,Indo-Aryan,*bahira,external,,9183
9184,Indo-Aryan,*bahirānta,outside,,9184
9186,Indo-Aryan,bahís,"outside, except",ŚBr Early-Vedic,9186
9187,Indo-Aryan,bahú,"much, many, great",RV Early-Vedic,9187
9188,Indo-Aryan,bahukāra,effecting much,VS Early-Vedic,9188
9188a,Indo-Aryan,bahutara,"more, many",MBh Epic,9188a
9189,Indo-Aryan,bahutitʰá,"manifold, many, much",,9189
919,Indo-Aryan,áśru,tear; eye,n RV Early-Vedic,919
9190,Indo-Aryan,bahutva,abundance,n MBh Epic,9190
9191,Indo-Aryan,bahudʰā́,in many ways,RV Early-Vedic,9191
9193,Indo-Aryan,bahura,"much, thick",AitBr Early-Vedic,9193
9194,Indo-Aryan,bahulá,"large, thick",RV Early-Vedic,9194
9195,Indo-Aryan,bahulā,the Pleiades,f VarBr̥S Classical,9195
9197,Indo-Aryan,bahuvāra,the tree Cordia myxa,m Bhpr Medieval,9197
9198,Indo-Aryan,*bā,father,,9198
9198-2,Indo-Aryan,*bāī,mother,,9198
92,Indo-Aryan,agrimá,being in front,RV Early-Vedic,92
920,Indo-Aryan,áśva,horse,m,920
9200,Indo-Aryan,*bājja,defective,,9200
9201,Indo-Aryan,*bājjara,millet,,9201
9202,Indo-Aryan,bāḍʰá,"well, greatly",,9202
9203,Indo-Aryan,bāṇá,"reed-shaft, arrow",AV RV Early-Vedic,9203
9203-2,Indo-Aryan,vāṇá,"arrow, pipe",,9203
9204,Indo-Aryan,bā́dʰatē,"drives away, harasses; prevents",RV MBh Early-Vedic Epic,9204
9205,Indo-Aryan,bādʰitá,hard-pressed,RV Early-Vedic,9205
9206,Indo-Aryan,bādʰyatē,is pressed,Pañcat Classical,9206
9207,Indo-Aryan,*bāndʰa,slave,,9207
9208,Indo-Aryan,bāndʰavá,kinsman (esp. maternal),m Mn Epic,9208
9209,Indo-Aryan,*bāppa,father,,9209
9209-2,Indo-Aryan,*bābba,,,9209
9212,Indo-Aryan,*bābbūlaka,pertaining to Acacia arabica,,9212
9213,Indo-Aryan,*bāru,betel leaf,,9213
9216,Indo-Aryan,bālá,young; foolish; boy (under five years old),Gr̥S Mn Early-Vedic Epic,9216
9217,Indo-Aryan,*bālatara,rather young,,9217
9220,Indo-Aryan,bālaputra,having children,MBh Epic,9220
9223,Indo-Aryan,bāṣpá,"tear, tears; vapour",m MBh R Epic,9223
9223-2,Indo-Aryan,vāṣpá,,Uṇ,9223
9223-3,Indo-Aryan,*bʰāṣpa,,,9223
9223-4,Indo-Aryan,*bāṣma,,,9223
9224,Indo-Aryan,*bāṣpākāra,having the form of vapour,,9224
9225,Indo-Aryan,bāṣpāyatē,emits vapour,lex,9225
9226,Indo-Aryan,*bāhira,external,,9226
9227,Indo-Aryan,bāhirika,"external, (Apte) an alien",Kauṭ Epic,9227
9228,Indo-Aryan,*bāhirima,external,,9228
9229,Indo-Aryan,bāhú,arm,m RV Early-Vedic,9229
923,Indo-Aryan,aśvapāla,groom,m Ratnāv Classical,923
9230,Indo-Aryan,*bāhucūḍa,bracelet,,9230
9233,Indo-Aryan,bāhula,armour for the arms,n lex,9233
9235,Indo-Aryan,bā́hya,external,AV Early-Vedic,9235
9235-2,Indo-Aryan,*bāhiya,,,9235
9237,Indo-Aryan,bíḍāla,cat,m Mn Epic,9237
9237-2,Indo-Aryan,*billa,,,9237
9238,Indo-Aryan,*biḍḍa,defective,,9238
9238-2,Indo-Aryan,*bēṭṭa,,,9238
9238-3,Indo-Aryan,*bēḍa,,,9238
9238-4,Indo-Aryan,*bēḍḍa,,,9238
9238-5,Indo-Aryan,*bēṇḍa,,,9238
9240,Indo-Aryan,bindú,"drop, spot",m AV Early-Vedic,9240
9240-2,Indo-Aryan,*bundu,,,9240
9241,Indo-Aryan,bibʰḗti,fears,RV Early-Vedic,9241
9242,Indo-Aryan,bimba,"round form (of sun or moon); a form and its reflexion; image, reflexion",m MārkP R BhP Medieval Epic,9242
9245,Indo-Aryan,bíla,"cave, hole, pit, opening",RV Early-Vedic,9245
9245-2,Indo-Aryan,vila,,n,9245
9245-3,Indo-Aryan,*vira,,,9245
9246,Indo-Aryan,*bila,cover,,9246
9247,Indo-Aryan,*bilavapā,heap made from a hole,,9247
9248,Indo-Aryan,bilvà,the wood-apple tree Aegle marmelos,m AV Early-Vedic,9248
9249,Indo-Aryan,bísa,edible stalk of lotus,n AV Early-Vedic,9249
9249-2,Indo-Aryan,*bʰisa,,,9249
925,Indo-Aryan,aśvayuja,"the month Āśvina, i.e. September-October",m Kauś Early-Vedic,925
9250,Indo-Aryan,bī́ja,"seed, semen",n RV Early-Vedic,9250
9252,Indo-Aryan,*bījadʰāna,seed-corn,,9252
9254,Indo-Aryan,*bījadʰānya,seed-corn,,9254
9256,Indo-Aryan,*bījavāṭī,seed-plot,,9256
9258,Indo-Aryan,*bījākara,collection of seeds,,9258
9259,Indo-Aryan,*bījālaya,seed-bed,,9259
926,Indo-Aryan,aśvavāra,"horseman, groom",m Śiś Classical,926
9261,Indo-Aryan,bī́jya,produced from seed,Pāṇ Epic,9261
9262,Indo-Aryan,*bukka,handful,,9262
9263,Indo-Aryan,*bukka,defective,,9263
9263-2,Indo-Aryan,*buggʰara,,,9263
9263-3,Indo-Aryan,*buŋka,,,9263
9263-4,Indo-Aryan,*būkkʰara,,,9263
9263-5,Indo-Aryan,*bōkka-,,,9263
9263-6,Indo-Aryan,*bōkkʰa,,,9263
9263-7,Indo-Aryan,*bōggʰa,,,9263
9263-8,Indo-Aryan,*bōŋga,,,9263
9264,Indo-Aryan,*bukka,powder,,9264
9264-2,Indo-Aryan,*bʰukka,,,9264
9265,Indo-Aryan,búkkati,barks,Dhātup Epic,9265
9265-2,Indo-Aryan,*bʰukkati,,,9265
9266,Indo-Aryan,*bucca,defective,,9266
9266-2,Indo-Aryan,*būccara,,,9266
9266-3,Indo-Aryan,*bōcca,,,9266
9266-4,Indo-Aryan,*bōñca,,,9266
9267,Indo-Aryan,*bucca,plug,,9267
9267-2,Indo-Aryan,*buñca,,,9267
9267-3,Indo-Aryan,*bujja,,,9267
9268,Indo-Aryan,*buṭṭa,defective,,9268
9268-10,Indo-Aryan,*bōṇṭʰa,,,9268
9268-2,Indo-Aryan,*buṭṭʰa,,,9268
9268-3,Indo-Aryan,*buḍḍʰa-,,,9268
9268-4,Indo-Aryan,*buṇṭa,,,9268
9268-5,Indo-Aryan,*buṇṭʰa,,,9268
9268-6,Indo-Aryan,būṭa,,,9268
9268-7,Indo-Aryan,*bōṭṭa,,,9268
9268-8,Indo-Aryan,*bōḍa,,,9268
9268-9,Indo-Aryan,*bōḍḍa,,,9268
9269,Indo-Aryan,*buṭṭa,plug,,9269
927,Indo-Aryan,aśvaśālā,stable,f MBh Epic,927
9270,Indo-Aryan,*buṭṭāŋga,stump-bodied,,9270
9271,Indo-Aryan,*buḍḍʰa,,,9271
9272,Indo-Aryan,*buḍyati,sinks,,9272
9272-2,Indo-Aryan,*bōḍayati,,,9272
9273,Indo-Aryan,*butta,defective,,9273
9273-10,Indo-Aryan,*bōdda,,,9273
9273-11,Indo-Aryan,*bōddʰa,,,9273
9273-12,Indo-Aryan,*bōntʰa,,,9273
9273-13,Indo-Aryan,*bōnda,,,9273
9273-2,Indo-Aryan,*buttʰa,,,9273
9273-3,Indo-Aryan,*buddʰa-,,,9273
9273-4,Indo-Aryan,*buntala,,,9273
9273-5,Indo-Aryan,*bunda-,,,9273
9273-6,Indo-Aryan,*bundʰa,,,9273
9273-7,Indo-Aryan,*būdʰa,,,9273
9273-8,Indo-Aryan,*bōtta,,,9273
9273-9,Indo-Aryan,*bōttʰa,,,9273
9275,Indo-Aryan,*budda,vulva,,9275
9276,Indo-Aryan,buddʰa,"known, understood; awakened, conscious, wise",MBh Epic,9276
9276-2,Indo-Aryan,*bʰutta-,,,9276
9277,Indo-Aryan,buddʰi,"intelligence, discernment",f Mn Epic,9277
9277-2,Indo-Aryan,*būḍʰi,,,9277
9278,Indo-Aryan,budbudá,bubble,RV Early-Vedic,9278
9278-2,Indo-Aryan,*budbuḍa,,,9278
9278-3,Indo-Aryan,buḍabuḍa,bubblingly,,9278
9279,Indo-Aryan,búdʰyatē,"is awakened, observes, understands",Ep RV Epic Early-Vedic,9279
9279-2,Indo-Aryan,*budʰyatēaya-,"is awakened, observes, understands",caus,9279-2
928,Indo-Aryan,aśvastʰāna,horse-stable; born in a stable,n Yājñ Pāṇ Classical Epic,928
9280,Indo-Aryan,bundʰa,bottom,,9280
9280-2,Indo-Aryan,*bunda-,,,9280
9280-3,Indo-Aryan,*buṇḍa,,,9280
9281,Indo-Aryan,*bundʰati,heeds,,9281
9282,Indo-Aryan,*buba,father,,9282
9283,Indo-Aryan,*bubba,woman's breast,,9283
9284,Indo-Aryan,*bubʰukṣaka,hungry,,9284
9285,Indo-Aryan,bubʰukṣatē,"wishes to eat, is hungry",MBh Epic,9285
9286,Indo-Aryan,bubʰukṣā,"desire to eat, hunger",f MBh Epic,9286
9287,Indo-Aryan,bubʰukṣitá,hungry,Mn Epic,9287
9288,Indo-Aryan,bubʰukṣu,hungry,MārkP Medieval,9288
9289,Indo-Aryan,*bura,defective,,9289
9289-2,Indo-Aryan,*bōra-,,,9289
9291,Indo-Aryan,buli,"vulva, anus",f lex,9291
9292,Indo-Aryan,bulvá,defective,ŚBr Early-Vedic,9292
9292-2,Indo-Aryan,*būla,,,9292
9293,Indo-Aryan,busa,"chaff, any rubbish",n Kauś Early-Vedic,9293
9293-2,Indo-Aryan,*bʰusa,,,9293
9293-3,Indo-Aryan,*bʰussa-,,,9293
9293a,Indo-Aryan,busá,bad weather,RV Early-Vedic,9293a
9294,Indo-Aryan,*busakuṭikā,hut for chaff,,9294
9294-2,Indo-Aryan,*bʰusakuṭaka,,,9294
9296,Indo-Aryan,*bussa,defective,,9296
9296-2,Indo-Aryan,*būssara,,,9296
9297,Indo-Aryan,*būṭa,"bush, plant",,9297
9297-2,Indo-Aryan,*būṭṭa,,,9297
9297-3,Indo-Aryan,*bōṭṭa-,,,9297
9297-4,Indo-Aryan,*bʰūṭa,,,9297
9298,Indo-Aryan,*būra,powder,,9298
9298-2,Indo-Aryan,*bʰūra,,,9298
9298-3,Indo-Aryan,*būrakk-,powder,ext:kk,9298-3
9299,Indo-Aryan,*būsta,lip,,9299
9300,Indo-Aryan,bŕ̩ṁhati,"shouts, trumpets (of an elephant)",MBh Epic,9300
9301,Indo-Aryan,br̩sī́,"roll of twisted grass, cushion",f ŚrS Early-Vedic,9301
9302,Indo-Aryan,br̩hánt,"tall, high",RV Early-Vedic,9302
9303,Indo-Aryan,bŕ̩haspáti,name of a deity; the planet Jupiter,m RV R Early-Vedic Epic,9303
9304,Indo-Aryan,*br̩haspatidiva,Thursday,,9304
9305,Indo-Aryan,br̩haspativāra,Thursday,m MW,9305
9306,Indo-Aryan,*br̩hyatē,is increased,,9306
9307,Indo-Aryan,*bēŋga,defective,,9307
9308,Indo-Aryan,bēḍā,boat,f lex,9308
9308-2,Indo-Aryan,vēḍā,,,9308
9308-3,Indo-Aryan,bʰēḍa,,,9308
9310,Indo-Aryan,bailvá,pertaining to the tree Aegle marmelos; its fruit,ŚBr lex Early-Vedic,9310
9310-2,Indo-Aryan,*bailuva,,,9310
9311,Indo-Aryan,*bōkk,carry,,9311
9312,Indo-Aryan,*bōkka,he-goat,,9312
9313,Indo-Aryan,*bōkkasa,name of a people,,9313
9314,Indo-Aryan,bōdʰá,"waking, consciousness",m AV Early-Vedic,9314
9315,Indo-Aryan,bṓdʰati,perceives,Dhātup Epic,9315
9317,Indo-Aryan,bōdʰáyati,"wakes, admonishes; informs",RV MBh Early-Vedic Epic,9317
9319,Indo-Aryan,*bōbba,dumb,,9319
9320,Indo-Aryan,*bōra,"sacking, sack",,9320
9321,Indo-Aryan,*bōll,speak,,9321
9321-2,Indo-Aryan,*bōllaya-,speak,caus,9321-2
9322,Indo-Aryan,baudʰa,relating to the planet Mercury; Wednesday,Viṣṇ Classical,9322
9326,Indo-Aryan,*brākati,bleats,,9326
9326-2,Indo-Aryan,*blākkati,,,9326
9327,Indo-Aryan,brāhmaṇá,"one who has sacred knowledge, Brahman",m RV Early-Vedic,9327
9327-2,Indo-Aryan,brā́hmaṇī,,f,9327
9328,Indo-Aryan,brāhmī,the fish Macrognathus pancalus,f,9328
9330,Indo-Aryan,*bʰakkʰa,lump,,9330
9330-2,Indo-Aryan,*bʰikkʰa,,,9330
9331,Indo-Aryan,bʰaktá,"food? (Geldner: Speiseanteil); meal, food; boiled rice",n RV Mn Uttarar Early-Vedic Epic Classical,9331
9338,Indo-Aryan,bʰaktí,"possession; worship, devotion; attribute; decoration; arrangement; *form, manner",RV ŚvetUp Nir Hariv lex Early-Vedic Epic Classical,9338
9341,Indo-Aryan,bʰakṣakāra,*eating; cook,m lex,9341
9348,Indo-Aryan,bʰagín,"prosperous, happy",AV Early-Vedic,9348
9349,Indo-Aryan,bʰaginī,sister,f Mn Epic,9349
9352,Indo-Aryan,*bʰagnatōlī,where the wall is broken,,9352
9353,Indo-Aryan,bʰaŋgá,breaking; a break; piece,VS Mn Kālid Early-Vedic Epic Classical,9353
9354,Indo-Aryan,bʰaŋgá,hemp,AV Early-Vedic,9354
9358,Indo-Aryan,bʰaŋgurá,"crooked; bent, curled; bend in a river; fragile, breakable",RV Kathās lex Kāv Early-Vedic Medieval Classical,9358
9359,Indo-Aryan,bʰájati,"imparts; practises; reveres, loves",Mn MBh Epic,9359
9359-2,Indo-Aryan,*bʰajyati,,,9359
9359-3,Indo-Aryan,bʰājáyati,imparts; causes to enjoy; cooks (food),RV ŚBr Vop Early-Vedic Medieval,9359
9360,Indo-Aryan,bʰajati,distributes,Mn Epic,9360
9360-2,Indo-Aryan,*bʰajyati,,,9360
9360-3,Indo-Aryan,bʰājayati,distributes; divides,Gaut Early-Vedic,9360
9360a,Indo-Aryan,bʰajana,*cooking pot,n Prab com Medieval,9360a
9361,Indo-Aryan,bʰajyátē,is broken,AV Early-Vedic,9361
9361-2,Indo-Aryan,bʰagna,"broken, torn, defeated, lost; break of a bone",MBh Suśr Epic Classical,9361
9361-3,Indo-Aryan,*bʰājana,putting to flight,,9361
9361-5,Indo-Aryan,*bhanna,is broken,replaced,9361
9362,Indo-Aryan,*bʰañja,breaking,,9362
9363,Indo-Aryan,*bʰañjati,breaks,,9363
9365,Indo-Aryan,*bʰaṭ,sudden movement or noise,,9365
9365-2,Indo-Aryan,*bʰaṭṭ,,,9365
9365-3,Indo-Aryan,*bʰaṭakk-,sudden movement or noise,ext:kk,9365-3
9369,Indo-Aryan,bʰaṇṭākī,the egg-plant Solanum melongena,f lex,9369
9369-2,Indo-Aryan,bʰr̩ṇṭikā,a species of plant,f lex,9369
9369-3,Indo-Aryan,vr̩ntāka,egg-plant; its fruit,m n Bhpr Medieval,9369
9371,Indo-Aryan,bʰaṇḍa,"jester, mime",BhP Medieval,9371
9371-2,Indo-Aryan,bʰāṇḍa,mimicry,lex,9371
9372,Indo-Aryan,bʰáṇḍatē,"reproves, mocks, jests",Dhātup Epic,9372
9375,Indo-Aryan,bʰaṇḍila,Acacia or Mimosa sirissa,m lex,9375
9377,Indo-Aryan,bʰadrá,"fortunate, delightful",RV Early-Vedic,9377
9381,Indo-Aryan,bʰadrākaraṇa,shaving,n lex,9381
9382,Indo-Aryan,*bʰan,buzz,,9382
9382-2,Indo-Aryan,*bʰin,,,9382
9382-3,Indo-Aryan,*bʰun,,,9382
9382-4,Indo-Aryan,*bʰanakk-,buzz,ext:kk,9382-4
9383,Indo-Aryan,bʰánati,"calls aloud, speaks",RV Early-Vedic,9383
9385,Indo-Aryan,*bʰandati,orders,,9385
9387,Indo-Aryan,*bʰabbā,apple,,9387
9388-2,Indo-Aryan,*bʰabʰakk-,blaze,ext:kk,9388-2
9389,Indo-Aryan,bʰambʰa,fly,m,9389
939,Indo-Aryan,*aṣṭamāsya,of eight months,,939
939-2,Indo-Aryan,*aṣṭamāsiya,,,939
9390,Indo-Aryan,bʰayá,"fear, peril",n RV Early-Vedic,9390
9391,Indo-Aryan,bʰáyatē,fears,RV Early-Vedic,9391
9393,Indo-Aryan,bʰára,"carrying, carrying away, booty; weight, mass",m RV Kāv Early-Vedic Classical,9393
9397,Indo-Aryan,bʰárati,"bears, brings, keeps; fills",RV Pañcat Early-Vedic Classical,9397
9397-2,Indo-Aryan,*bʰarayati,"bears, brings, keeps; fills",caus,9397-2
9398,Indo-Aryan,*bʰaravaśya,dependence on support,,9398
94,Indo-Aryan,agrēgū́,going in front,VS Early-Vedic,94
940,Indo-Aryan,*aṣṭavāra,period of eight days,,940
9400,Indo-Aryan,bʰarjana,act of parching or roasting,n KātyŚr Early-Vedic,9400
9401,Indo-Aryan,bʰarjita,"fried, parched",Suśr Classical,9401
9402,Indo-Aryan,bʰártr̩,husband,acc,9402
9403,Indo-Aryan,bʰartsana,threatening,n Kathās Medieval,9403
9404,Indo-Aryan,bʰarbʰarā,,,9404
9404-2,Indo-Aryan,*bʰambʰala,,,9404
9405,Indo-Aryan,*bʰal,"bubble, swell",,9405
9405-2,Indo-Aryan,*bʰar,,,9405
9408,Indo-Aryan,bʰalla,auspicious,lex,9408
9409,Indo-Aryan,bʰalla,a kind of arrow,MBh Epic,9409
9409-2,Indo-Aryan,bʰallī,arrowhead of a partic. shape,MW,9409
941,Indo-Aryan,aṣṭā́,eight,,941
9412,Indo-Aryan,*bʰallatara,better,,9412
9414,Indo-Aryan,bʰallāta,the tree Semecarpus anacardium (cashew or marking nut); its fruit,m n ŚārṅgS Medieval,9414
9415,Indo-Aryan,bʰallū́ka,bear,MBh Epic,9415
9415-2,Indo-Aryan,*bʰallukka,,,9415
9415-3,Indo-Aryan,bʰalla-,,,9415
9416,Indo-Aryan,bʰávati,"becomes, is",RV Early-Vedic,9416
9417,Indo-Aryan,bʰavana,place of abode,n Mn Epic,9417
9419,Indo-Aryan,bʰavantī,*existence,f,9419
9420,Indo-Aryan,bʰavita,been,lex,9420
9421,Indo-Aryan,bʰaviṣyánt,future; future time,n AV Early-Vedic,9421
9423,Indo-Aryan,bʰáṣati,"barks, growls",MBh Epic,9423
9423-2,Indo-Aryan,*bʰaṣakkati,"barks, growls",ext:kk,9423-2
9423a,Indo-Aryan,*bʰaṣma,lung,,9423a
9423a-2,Indo-Aryan,*bʰāṣma,,,9423a
9424,Indo-Aryan,bʰástrā,leathern bag; bellows,f ŚBr Kāv Early-Vedic Classical,9424
9425,Indo-Aryan,bʰásman,ashes,n AV Early-Vedic,9425
9425-2,Indo-Aryan,*bʰāsma,,,9425
9430,Indo-Aryan,bʰāga,"portion, fraction",ŚvetUp Epic,9430
9430-2,Indo-Aryan,*bʰāgakk-,"portion, fraction",ext:kk,9430-2
9434,Indo-Aryan,bʰāgya,"fortune, lot",MBh Epic,9434
9435,Indo-Aryan,bʰāgya,divisible; entitled to a share; per cent.,Vop Pāṇ Medieval Epic,9435
9436,Indo-Aryan,bʰā́jana,"eating, enjoying; receptacle, pot, plate",ŚBr MBh Early-Vedic Epic,9436
9438,Indo-Aryan,bʰājya,to be divided,Siddhāntaś,9438
944,Indo-Aryan,aṣṭā́catvāriṁśat,forty-eight,ŚBr Early-Vedic,944
9440,Indo-Aryan,bʰāṇḍa,"pot, dish, vessel, ornament, wares; harness; treasure",Mn MBh lex Epic,9440
9441,Indo-Aryan,bʰāṇḍaśālā,storehouse,f Śatr Medieval,9441
9441-2,Indo-Aryan,*bʰāṇḍaśāla,having a store,,9441
9441-3,Indo-Aryan,*bʰāṇḍaśālin,,,9441
9442,Indo-Aryan,bʰāṇḍāgāra,treasury,n Yājñ Classical,9442
9445,Indo-Aryan,bʰā́ti,"shines; is splendid, appears",RV MBh Early-Vedic Epic,9445
9445-2,Indo-Aryan,bʰāpayatē,makes shine,Gr,9445
9445-3,Indo-Aryan,*bʰāpyatē,is made to appear,,9445
9447,Indo-Aryan,bʰādrapada,the 5th month August-September,m Suśr Classical,9447
945,Indo-Aryan,aṣṭātriṁśat,thirty-eight,f KātyŚr Early-Vedic,945
9451,Indo-Aryan,bʰāna,appearance,,9451
9452,Indo-Aryan,*bʰāna,speech,,9452
9453,Indo-Aryan,bʰānú,"brightness, light; sun",m RV MBh Early-Vedic Epic,9453
9454,Indo-Aryan,bʰā́ma,blaze (of anger),RV Early-Vedic,9454
9454-2,Indo-Aryan,*bʰama,,,9454
9457,Indo-Aryan,bʰāmitá,enraged,RV Early-Vedic,9457
9458,Indo-Aryan,bʰāyáyatē,frightens,Kālid Pāṇ Classical Epic,9458
9459,Indo-Aryan,bʰārá,"burden, weight",m RV Early-Vedic,9459
946,Indo-Aryan,aṣṭā́daśa,eighteen,ŚBr Early-Vedic,946
9460,Indo-Aryan,*bʰāraṇa,supporting,,9460
9461,Indo-Aryan,bʰāratara,heavy,Divyāv Classical,9461
9463,Indo-Aryan,bʰārayati,"causes to bear, engages for hire",MBh Epic,9463
9465,Indo-Aryan,bʰārika,"forming a load, heavy",Suśr Classical,9465
9467,Indo-Aryan,*bʰāriyāpa,husband,,9467
9468,Indo-Aryan,*bʰārta,pertaining to servants,,9468
9468-2,Indo-Aryan,*bʰārti,,,9468
9471,Indo-Aryan,bʰāryā̀,wife,f ŚBr Early-Vedic,9471
9471-2,Indo-Aryan,*bʰāriyā,,,9471
9472,Indo-Aryan,bʰāla,forehead,Kāv Classical,9472
9473,Indo-Aryan,*bʰāla,observation,,9473
9474,Indo-Aryan,bʰāláyatē,"describes, beholds",Dhātup Epic,9474
9475,Indo-Aryan,bʰāvá,"being, thing; state, disposition",m ŚvetUp Mn Epic,9475
9476,Indo-Aryan,bʰāvana,causing to be; imagination,n,9476
9477,Indo-Aryan,bʰāvayati,"causes to be; cherishes; considers, esteems, shows",AV AitBr MBh Early-Vedic Epic,9477
9477a,Indo-Aryan,bʰāvārtʰa,"meaning, idea",m W,9477a
9479,Indo-Aryan,bʰāṣā,speech,f Mn Epic,9479
9479a,Indo-Aryan,*bʰāṣārava,language,,9479a
9479a-2,Indo-Aryan,*bʰāṣārāva,language,,9479a
9479a-3,Indo-Aryan,*bʰāṣālāpa,language,,9479a
948,Indo-Aryan,aṣṭā́navati,ninety-eight,f ŚBr Early-Vedic,948
9480,Indo-Aryan,bʰāsá,light,m MBh Epic,9480
9480-2,Indo-Aryan,*bʰāsakk-,light,ext:kk,9480-2
9481,Indo-Aryan,bʰā́sati,"is bright; appears, becomes clear",RV Sāh Early-Vedic Medieval,9481
9481-2,Indo-Aryan,bʰāsyatē,,Cat,9481
9484,Indo-Aryan,bʰíkṣatē,desires; asks for (esp. alms),RV VS Early-Vedic,9484
9486,Indo-Aryan,bʰikṣācara,,m,9486
9486-2,Indo-Aryan,*bʰikṣā- carin,,,9486
9489,Indo-Aryan,*bʰicc,press,,9489
9489-2,Indo-Aryan,*bʰiccakk-,press,ext:kk,9489-2
949,Indo-Aryan,aṣṭā́pañcāśat,fifty-eight,f ŚBr Early-Vedic,949
9490,Indo-Aryan,*bʰiṭ,"meet, throng",,9490
9490-2,Indo-Aryan,*bʰīṭ,,,9490
9490-3,Indo-Aryan,*bʰēṭ,,,9490
9490-4,Indo-Aryan,*bʰēṭṭ,,,9490
9490-5,Indo-Aryan,*bʰēl,,,9490
9490-6,Indo-Aryan,*bʰēll,,,9490
9491,Indo-Aryan,*bʰiṭṭa,mound,,9491
9491-2,Indo-Aryan,*bʰīṭa,,,9491
9491-3,Indo-Aryan,*bʰiṇḍa,,,9491
9492,Indo-Aryan,bʰiṇḍā,the vegetable Abelmoschus esculentus,f Pañcat Classical,9492
9493,Indo-Aryan,bʰitta,*split timber; fragment; wall,n ŚāṅkhGr̥ Early-Vedic,9493
9494,Indo-Aryan,bʰittí,"mat of split reeds; panel, partition, wall",f ŚBr MaitrUp Early-Vedic,9494
9496,Indo-Aryan,bʰindati,splits,RV Dhātup Early-Vedic Epic,9496
9498,Indo-Aryan,bʰinná,split; opened; different,RV MBh Gr̥Śr Early-Vedic Epic,9498
9499,Indo-Aryan,*bʰipiṁṣati,grinds upon,,9499
950,Indo-Aryan,aṣṭā́viṁśati,twenty-eight,f VS Early-Vedic,950
9500,Indo-Aryan,*bʰiyagna,"smeared, wet",,9500
9500-2,Indo-Aryan,*bʰyagna,,,9500
9501,Indo-Aryan,*bʰiyaŋga,"smearing, wetting",,9501
9502,Indo-Aryan,*bʰiyajyatē,"is smeared, gets wet",,9502
9503,Indo-Aryan,*bʰiyañjati,"anoints, wets, is wetted",,9503
9504,Indo-Aryan,*bʰiyantara,inner,,9504
9508,Indo-Aryan,*bʰiyājayati,"smears, wets",,9508
9509,Indo-Aryan,bʰiyāná,fearing,RV Early-Vedic,9509
951,Indo-Aryan,aṣṭāśīti,eighty-eight,f BhP Medieval,951
9512,Indo-Aryan,bʰīti,fear,f Yājñ Classical,9512
9513,Indo-Aryan,bʰīmá,"terrible, fearful",RV Early-Vedic,9513
9515,Indo-Aryan,bʰīyatē,fears,Gr,9515
9516,Indo-Aryan,bʰīrú,timid,RV Early-Vedic,9516
9517,Indo-Aryan,*bʰīla,dreadful,,9517
9519,Indo-Aryan,*bʰukkʰara,defective,,9519
9519-2,Indo-Aryan,*bʰūkka,,,9519
9519-3,Indo-Aryan,*bʰōŋka,,,9519
9523,Indo-Aryan,*bʰugna,"enjoyed, eaten",,9523
9524,Indo-Aryan,*bʰucca,defective,,9524
9524-2,Indo-Aryan,*bʰuccara,,,9524
9524-3,Indo-Aryan,*bʰuccʰa,,,9524
9524-4,Indo-Aryan,*bʰujjara,,,9524
9524-5,Indo-Aryan,*bʰōcca,,,9524
9526,Indo-Aryan,bʰujaṁga,snake,m Suśr Classical,9526
9527a,Indo-Aryan,*bʰujārgalā,curved bolt (?),,9527a
9529,Indo-Aryan,bʰuñjatē,enjoys,Mn Epic,9529
9530,Indo-Aryan,*bʰuṭṭa,defective,,9530
9530-10,Indo-Aryan,*bʰōḍḍa,,,9530
9530-11,Indo-Aryan,*bʰōṇṭa,,,9530
9530-12,Indo-Aryan,*bʰōṇḍa,,,9530
9530-2,Indo-Aryan,*bʰuṭṭʰa,,,9530
9530-3,Indo-Aryan,*bʰuḍa,,,9530
9530-4,Indo-Aryan,*bʰuḍḍa,,,9530
9530-5,Indo-Aryan,*bʰuṇṭa,,,9530
9530-6,Indo-Aryan,*bʰuṇṭʰa,,,9530
9530-7,Indo-Aryan,*bʰuṇḍa,,,9530
9530-8,Indo-Aryan,*bʰōṭṭa,,,9530
9530-9,Indo-Aryan,*bʰōḍa,,,9530
9531,Indo-Aryan,*bʰuṇḍa,belly,,9531
9532,Indo-Aryan,*bʰutta,defective,,9532
9532-10,Indo-Aryan,*bʰōntʰara,,,9532
9532-11,Indo-Aryan,*bʰōnda,,,9532
9532-2,Indo-Aryan,*bʰuttara,,,9532
9532-3,Indo-Aryan,*bʰudda,,,9532
9532-4,Indo-Aryan,*bʰuntʰa,,,9532
9532-5,Indo-Aryan,*bʰunda,,,9532
9532-6,Indo-Aryan,*bʰōtta,,,9532
9532-7,Indo-Aryan,*bʰōttʰa,,,9532
9532-8,Indo-Aryan,*bʰōdda,,,9532
9532-9,Indo-Aryan,*bʰōntʰa,,,9532
9535,Indo-Aryan,bʰuráti,"moves rapidly, palpitates",RV Early-Vedic,9535
9536,Indo-Aryan,*bʰurvati,boils,,9536
9537,Indo-Aryan,*bʰul,bubbling,,9537
9538,Indo-Aryan,*bʰull,"err, forget",,9538
9538-2,Indo-Aryan,*bʰōl,lead astray,,9538
9539,Indo-Aryan,*bʰulla,defective,,9539
9539-2,Indo-Aryan,*bʰōla,,lex,9539
9539-3,Indo-Aryan,*bʰōlla,,,9539
954,Indo-Aryan,aṣṭā́saptati,seventy-eight,f ŚBr Early-Vedic,954
9541,Indo-Aryan,*bʰusagʰaraka,chaff-store,,9541
9542,Indo-Aryan,*bʰusamardaka,pounding straw and chaff,,9542
9545,Indo-Aryan,*bʰussa,defective,,9545
9545-2,Indo-Aryan,*bʰussara,,,9545
9545-3,Indo-Aryan,*bʰōssa,,,9545
9547,Indo-Aryan,bʰūkampa,earthquake,m Yājñ Classical,9547
9549,Indo-Aryan,*bʰūgʰara,chamber in the ground,n,9549
9550,Indo-Aryan,*bʰūcala,earth tremor,,9550
9551,Indo-Aryan,*bʰūṇḍa,pig,,9551
9551-2,Indo-Aryan,*bʰūḍḍa,,,9551
9551-3,Indo-Aryan,*bundi,,,9551
9552,Indo-Aryan,bʰūtá,"become, been, past; any being; spirit, demon",RV Gr̥S Early-Vedic,9552
9553,Indo-Aryan,bʰūtí,"wellbeing; earth, ground",AV RV AitBr Early-Vedic,9553
9555,Indo-Aryan,bʰūpāla,king,m Hit Medieval,9555
9556,Indo-Aryan,bʰū́man,"earth, world",n RV Early-Vedic,9556
9557,Indo-Aryan,bʰū́mi,"earth, ground; place",f RV ŚBr Early-Vedic,9557
9558,Indo-Aryan,bʰūmikampa,earthquake,m Gaut Early-Vedic,9558
9560,Indo-Aryan,bʰūmicala,earthquake,m Kauś Early-Vedic,9560
9562,Indo-Aryan,bʰūmiccʰattra,mushroom,n lex,9562
9564,Indo-Aryan,*bʰūmisēcana,"sprinkling earth, worm",,9564
9566,Indo-Aryan,bʰūmyá,terrestrial,RV Early-Vedic,9566
9566-2,Indo-Aryan,bʰūmiyá,,,9566
9567,Indo-Aryan,bʰū́yas,"exceedingly, still more; again",RV Mn Early-Vedic Epic,9567
9568,Indo-Aryan,bʰū́yiṣṭʰa,"most numerous, chief",RV Early-Vedic,9568
9570,Indo-Aryan,bʰūrja,the birch tree Betula bhojpattra,m Kāṭh Early-Vedic,9570
9570-2,Indo-Aryan,*bʰaurja,pertaining to the birch tree,,9570
9571,Indo-Aryan,*bʰūva,fine hair,,9571
9572,Indo-Aryan,bʰūṣaṇa,ornament,n MBh Epic,9572
9577,Indo-Aryan,*bʰr̩gṇa,"fried, roasted",,9577
958,Indo-Aryan,aṣṭʰi,*bone; kernel,f lex,958
9581,Indo-Aryan,bʰŕ̩ŋgā,large black bee,f AV Early-Vedic,9581
9581-2,Indo-Aryan,bʰr̩ŋgārī,,,9581
9581-3,Indo-Aryan,bʰr̩ŋgarōla,a kind of wasp,m,9581
9583,Indo-Aryan,bʰr̩jjáti,"fries, parches",RV Early-Vedic,9583
9583-2,Indo-Aryan,bʰarjayati,,Suśr Classical,9583
9584,Indo-Aryan,*bʰr̩jjita,"fried, parched",,9584
9586,Indo-Aryan,*bʰr̩ñjati,parches,,9586
9588,Indo-Aryan,bʰr̩ta,"carried, brought; hired, paid; hireling, mercenary",MBh Mn Yājñ Epic Classical,9588
959,Indo-Aryan,aṣṭʰīvát,knee,,959
9591,Indo-Aryan,bʰr̩tí,"support, food; wages, hire",ŚBr RV Mn Early-Vedic Epic,9591
9593,Indo-Aryan,bʰŕ̩śyati,falls down,Dhātup Epic,9593
9596,Indo-Aryan,bʰr̩ṣṭakāra,preparer of roasted meat,m R Epic,9596
9599,Indo-Aryan,bʰr̩ṣṭí,"spike, top, edge",RV Early-Vedic,9599
9600,Indo-Aryan,bʰḗka,frog,m MaitrUp,9600
9600-2,Indo-Aryan,*bʰēkka-,,,9600
9601,Indo-Aryan,*bʰēkka,defective,,9601
9601-2,Indo-Aryan,*bʰēŋka,,,9601
9601-3,Indo-Aryan,*bʰēŋga,,,9601
9602,Indo-Aryan,*bʰēkkʰa,lump,,9602
9602-2,Indo-Aryan,*bʰēgga,,,9602
9603,Indo-Aryan,*bʰējj,send,,9603
9604,Indo-Aryan,bʰēḍa,sheep,,9604
9605,Indo-Aryan,*bʰēḍa,defective,,9605
9606,Indo-Aryan,bʰēḍra,ram,,9606
9608,Indo-Aryan,*bʰēḍrapāla,shepherd,,9608
9608b,Indo-Aryan,*bʰēḍriya,sheep-killer,,9608b
9609,Indo-Aryan,bʰḗttum,to break,inf MBh Epic,9609
961,Indo-Aryan,*asagʰra,not strong,,961
9610,Indo-Aryan,bʰēdá,"cleft, fissure; division, separation, distinction",n RV ŚrS Early-Vedic,9610
9610-2,Indo-Aryan,*bʰēdakk-,"cleft, fissure; division, separation, distinction",ext:kk,9610-2
9613,Indo-Aryan,bʰēdya,to be split,MBh Epic,9613
9614,Indo-Aryan,*bʰēna,honey,,9614
9617,Indo-Aryan,bʰēla,foolish,lex,9617
9617-2,Indo-Aryan,*bʰēlla,defective,,9617
9618,Indo-Aryan,*bʰēlla,lump,,9618
9619,Indo-Aryan,*bʰēsa,defective,,9619
9619-2,Indo-Aryan,*bʰēsara,,,9619
962,Indo-Aryan,asatyá,"untrue, lying; lie",RV Mn Early-Vedic Epic,962
9624,Indo-Aryan,*bʰōkka,hollow,,9624
9624-2,Indo-Aryan,*bʰōŋka-,,,9624
9624-3,Indo-Aryan,*bʰōŋga,,,9624
9626,Indo-Aryan,bʰōgin,"wealthy; headman of a village, barber",MBh lex Epic,9626
9627,Indo-Aryan,bʰṓgya,"to be enjoyed, profitable; possession, grain",AV lex Early-Vedic,9627
9631,Indo-Aryan,bʰōjyà,"eatable; food, meal",MaitrUp MBh Epic,9631
9633,Indo-Aryan,*bʰōra,defective,,9633
9634,Indo-Aryan,*bʰōrā,daybreak,,9634
9635,Indo-Aryan,*bʰōsa,hollow,,9635
9636,Indo-Aryan,bʰauṭṭa,Tibetan,m Rājat Medieval,9636
9639,Indo-Aryan,bʰauma,the planet Mars; relating to Mars or its day (Tuesday),MBh Epic,9639
9641,Indo-Aryan,bʰaumavāra,Tuesday,m KātyŚr Early-Vedic,9641
9642,Indo-Aryan,bʰaumika,"being in the earth, collected on a partic. piece of ground",Mn Epic,9642
9645,Indo-Aryan,*bʰraṁśiṣṭʰa,very steep,,9645
9646,Indo-Aryan,bʰrama,giddiness; mistake,m Suśr Hariv Classical,9646
9648,Indo-Aryan,bʰrámati,"moves to and fro, reels; revolves, wanders; errs, doubts",ŚBr MBh Bhag Early-Vedic Epic,9648
9650,Indo-Aryan,bʰramara,"*moving unsteadily, revolving",lex,9650
9651,Indo-Aryan,bʰramará,large black bee,MBh Epic,9651
9653,Indo-Aryan,*bʰraśati,sinks,,9653
9654,Indo-Aryan,bʰráśyati,falls,RV Early-Vedic,9654
9655,Indo-Aryan,bʰraṣṭá,fallen; ruined,AV MBh Early-Vedic Epic,9655
9655-2,Indo-Aryan,*bʰraṣṭakk-,fallen; ruined,ext:kk,9655-2
9655-3,Indo-Aryan,*bhattha,fallen; ruined,replaced,9655
9656,Indo-Aryan,bʰráṣṭra,"frying pan, gridiron",n MaitrS Early-Vedic,9656
9660,Indo-Aryan,bʰrāturjāyā,brother's wife,f lex,9660
9661,Indo-Aryan,bʰrā́tr̩,brother,m RV Early-Vedic,9661
9664,Indo-Aryan,bʰrātr̩putra,brother's son,m lex,9664
9665,Indo-Aryan,bʰrātr̩bʰāṇḍa,twin-brother,m,9665
9668,Indo-Aryan,bʰrā́tr̩vya,"brother's son (?), rival",m AV Early-Vedic,9668
9669,Indo-Aryan,bʰrātr̩śvaśura,husband's eldest brother,m lex,9669
9672,Indo-Aryan,bʰrātrī́ya,brother's son,m Pāṇ Epic,9672
9677,Indo-Aryan,bʰrāmayati,causes to revolve; causes to wander,Up MBh Epic,9677
9677-2,Indo-Aryan,bʰrāmayant,,,9677
9678,Indo-Aryan,bʰrāmarī,giddiness,f lex,9678
9681,Indo-Aryan,*bʰrāśa,flame,,9681
9682,Indo-Aryan,bʰrāśayati,causes to fall,Gr,9682
9684,Indo-Aryan,bʰrāṣṭra,gridiron; cooked on a gridiron,m Nir Pāṇ Early-Vedic Epic,9684
9685,Indo-Aryan,*bʰrāṣṭraśālikā,furnace house,,9685
9687,Indo-Aryan,bʰrīṇā́ti,"injures, hurts",,9687
9687-2,Indo-Aryan,*bʰrīṇa,cut,,9687
9688,Indo-Aryan,bʰrū́,eyebrow,f RV Early-Vedic,9688
9688-2,Indo-Aryan,*bʰrumu,,,9688
969,Indo-Aryan,así,sword,m RV Early-Vedic,969
9690,Indo-Aryan,*bʰrūra,brown,,9690
9690-2,Indo-Aryan,*bʰrūraḍ-,brown,ext:ḍ,9690-2
9691,Indo-Aryan,ma,,,9691
9692,Indo-Aryan,mákara,crocodile,VS Early-Vedic,9692
9696,Indo-Aryan,mákṣā,fly,f,9696
9699,Indo-Aryan,*makṣātara,rather like a fly or bee,,9699
97,Indo-Aryan,agryá,"foremost, topmost",ŚBr Early-Vedic,97
97-2x,Indo-Aryan,agriyá,first-fruits,RV Early-Vedic,97
9700,Indo-Aryan,*makṣikākula,swarm of flies,,9700
9701,Indo-Aryan,*maggara,back of head or neck,,9701
9702,Indo-Aryan,maggūśa,mongoose,m,9702
9704,Indo-Aryan,máŋkatē,moves,Dhātup Epic,9704
9705,Indo-Aryan,maŋga,"head of a boat, mast or side of a ship",m lex,9705
9706,Indo-Aryan,maŋgalá,auspicious sign; anything auspicious; happiness; the planet Mars,n ŚBr Mn lex Early-Vedic Epic,9706
9709-2,Indo-Aryan,*maccakk-,sound of cracking or smacking,ext:kk,9709-2
971,Indo-Aryan,ásr̩j,blood,nom,971
9710,Indo-Aryan,*macyatē,"is produced, grows, is kindled, is rubbed",,9710
9710-2,Indo-Aryan,*macya,,,9710
9710-3,Indo-Aryan,*makta,,,9710
9711,Indo-Aryan,májjati,"sinks, perishes",RV Early-Vedic,9711
9712,Indo-Aryan,majján,,gen,9712
9712-2,Indo-Aryan,*majjʰra,,,9712
9715,Indo-Aryan,mañca,"stage, platform; bed",m MBh Divyāv Epic Classical,9715
9716,Indo-Aryan,mañjari,cluster of blossoms,,9716
9717,Indo-Aryan,mañjiṣṭʰa,bright red,MBh Epic,9717
972,Indo-Aryan,asáu,that,RV Early-Vedic,972
9721,Indo-Aryan,mañjūṣā,"box, chest",f MBh Epic,9721
9722,Indo-Aryan,*maṭ,"crackle, snap",,9722
9722-2,Indo-Aryan,*maṭṭ,,,9722
9722-3,Indo-Aryan,*maṭakk-,"crackle, snap",ext:kk,9722-3
9723,Indo-Aryan,*maṭṭa,defective,,9723
9723-10,Indo-Aryan,*maṇṭʰara,,,9723
9723-11,Indo-Aryan,*maṇḍa,,,9723
9723-12,Indo-Aryan,*māḍa-,,,9723
9723-13,Indo-Aryan,*māḍʰa,,,9723
9723-14,Indo-Aryan,*māṇa,,,9723
9723-15,Indo-Aryan,*māṇḍʰa,,,9723
9723-2,Indo-Aryan,*maṭṭara-,,,9723
9723-3,Indo-Aryan,*maṭṭʰa-,,,9723
9723-4,Indo-Aryan,*maṭṭʰara,,,9723
9723-5,Indo-Aryan,*maṭʰa,,lex Rājat Medieval,9723
9723-6,Indo-Aryan,*maḍa,,lex Gr̥S Early-Vedic,9723
9723-7,Indo-Aryan,*maḍḍa,,,9723
9723-8,Indo-Aryan,*maṇṭa,,,9723
9723-9,Indo-Aryan,*maṇṭʰa,,,9723
9724,Indo-Aryan,*maṭṭara,pea,,9724
9724-2,Indo-Aryan,*maṭṭʰa,,,9724
9725,Indo-Aryan,*maṭṭʰa,lump,,9725
9727,Indo-Aryan,maṭʰa,"hut, cottage, esp. cell of an ascetic",MBh Epic,9727
9728,Indo-Aryan,maḍaka,the small grain Eleusine corocana,m lex,9728
9729,Indo-Aryan,*maḍʰ,cover,,9729
9731,Indo-Aryan,maṇí,"jewel, ornament",RV Early-Vedic,9731
9731-2,Indo-Aryan,*maṇikk-,"jewel, ornament",ext:kk,9731-2
9732,Indo-Aryan,maṇi,"hump of camel; glans penis; clitoris; fleshy excrescence on a goat's neck; thyroid cartilege (= <i>kaṇṭhamaṇi</i>-), wrist",MBh Suśr lex VarBr̥S Epic Classical,9732
9734,Indo-Aryan,*maṇigrantʰi,wrist; bracelet,,9734
9735,Indo-Aryan,maṇḍá,scum of boiled rice; cream,Nir ŚvetUp Early-Vedic Epic,9735
974,Indo-Aryan,astamayá,setting of the sun,m ŚBr Early-Vedic,974
9740,Indo-Aryan,maṇḍapa,"open temporary shed, pavilion",m Hariv Classical,9740
9740-2,Indo-Aryan,maṇṭapa,,m,9740
9740-3,Indo-Aryan,*maṇḍʰaka,,,9740
9741,Indo-Aryan,maṇḍáyati,"adorns, decorates",Hariv Classical,9741
9742,Indo-Aryan,máṇḍala,"disc; ball for playing; circle, district; circular",n ŚBr MBh VarBr̥S Early-Vedic Epic Classical,9742
9742-2,Indo-Aryan,*mandala,,,9742
9742-3,Indo-Aryan,*maṇḍa,,BaudhŚr Early-Vedic,9742
9742-4,Indo-Aryan,*manda,,,9742
9744,Indo-Aryan,*maṇḍādaka,frog-eater,,9744
9746,Indo-Aryan,maṇḍū́ka,frog,m,9746
9746-2,Indo-Aryan,*maṇḍukka,,,9746
9746-3,Indo-Aryan,maṇḍūra,,m,9746
9746-4,Indo-Aryan,maṇḍa,,,9746
9746-5,Indo-Aryan,*maṇṭrakka,,,9746
9747,Indo-Aryan,matkuṇa,bed bug,Mn Epic,9747
9747-2,Indo-Aryan,*maŋkuṇa,,,9747
9749,Indo-Aryan,matkōṭaka,termite or white ant,m,9749
975,Indo-Aryan,astamáyana,setting (of sun),n ŚBr Early-Vedic,975
9750,Indo-Aryan,mattá,"delighted, intoxicated; ruttish, mad",AV MBh Early-Vedic Epic,9750
9751,Indo-Aryan,*mattapāla,drunkard,,9751
9752,Indo-Aryan,mattā,spirituous liquid,f lex,9752
9753,Indo-Aryan,*matti,intoxication,,9753
9754,Indo-Aryan,*mattʰara,defective,,9754
9754-2,Indo-Aryan,*madda,,,9754
9754-3,Indo-Aryan,*maddʰa,,,9754
9754-4,Indo-Aryan,mantʰara,"slow, lazy, dull, bent, hunchbacked",Pāṇ lex Epic,9754
9754-5,Indo-Aryan,manda,"dull-witted; slow, idle, weak; bad",KaṭhUp MBh MārkP Early-Vedic Epic Medieval,9754
9754-6,Indo-Aryan,mandara,"slow, tardy, large, thick",lex,9754
9755,Indo-Aryan,matyà,club with iron points; a kind of harrow,n AV TS Early-Vedic,9755
9755-2,Indo-Aryan,*matíya,,,9755
9755-3,Indo-Aryan,*madya-,,,9755
9757,Indo-Aryan,matsara,"mosquito, fly",lex,9757
9758,Indo-Aryan,mátsya,fish,m RV Early-Vedic,9758
9758-2,Indo-Aryan,*matsiya,,,9758
976,Indo-Aryan,ástam ēti,"goes home, sets (of sun)",RV Early-Vedic,976
9760,Indo-Aryan,matsyaraŋga,kingfisher,,9760
9761,Indo-Aryan,matsyahán,fisherman,m ŚBr Early-Vedic,9761
9762,Indo-Aryan,*matsyahāra,fisherman,,9762
9766,Indo-Aryan,matʰāyáti,produces fire by friction; shakes,RV AV Early-Vedic,9766
9767,Indo-Aryan,matʰitá,"stirred, churned; buttermilk churned without water",RV Kauś Early-Vedic,9767
977,Indo-Aryan,ásti,is,RV Early-Vedic,977
9771,Indo-Aryan,matʰnā́ti,whirls (stick for fire); churns,RV TS Early-Vedic,9771
9773,Indo-Aryan,máda,"intoxication, spirituous liquor; wantonness, pride, ichor from an elephant's temples",m RV MBh Early-Vedic Epic,9773
9778,Indo-Aryan,madana,beeswax,lex,9778
9779,Indo-Aryan,madín,exhilarating,RV Early-Vedic,9779
9780,Indo-Aryan,madirā,wine,f Mn Epic,9780
9782,Indo-Aryan,mádya,intoxicating; spirituous liquor,RV Mn Early-Vedic Epic,9782
9784,Indo-Aryan,mádʰu,"honey, mead",n RV Early-Vedic,9784
9793,Indo-Aryan,madʰurá,sweet,ĀśvGr̥ Early-Vedic,9793
980,Indo-Aryan,astʰāgʰa,very deep,lex,980
9800,Indo-Aryan,*madʰuṣya,sweet,,9800
9801,Indo-Aryan,madʰū́ka,the tree Bassia latifolia (from the blossoms of which arak is distilled),m ŚāṅkhGr̥ Early-Vedic,9801
9804,Indo-Aryan,mádʰya,middle; the middle; waist,n RV ŚBr Early-Vedic,9804
9804-2,Indo-Aryan,*madʰyall-,middle; the middle; waist,ext:ll,9804-2
9810,Indo-Aryan,madʰyamá,middlemost,RV Early-Vedic,9810
9817,Indo-Aryan,*madʰyāra,the middle,,9817
9817-2,Indo-Aryan,*madʰyāriya,being in the middle,,9817
982,Indo-Aryan,ástʰi,bone,n nom,982
9820,Indo-Aryan,*madʰyēsasya,intermediate crop,,9820
9822,Indo-Aryan,mánas,mind,n RV Early-Vedic,9822
9825,Indo-Aryan,mánu,man,,9825
9826,Indo-Aryan,manutḗ,thinks,RV Early-Vedic,9826
9826-2,Indo-Aryan,*manvati,,,9826
9827,Indo-Aryan,mánuṣa,man,m RV Early-Vedic,9827
9828,Indo-Aryan,manuṣyà,"human; human being, man",m RV Early-Vedic,9828
9830,Indo-Aryan,manuṣyamātra,*length of a man,MBh Epic,9830
9831,Indo-Aryan,*manuṣyarūpa,the form of a man,,9831
9834,Indo-Aryan,mántra,"thought, prayer, spell, counsel",m RV Early-Vedic,9834
9835,Indo-Aryan,mantrakāra,reciter of mantras,m,9835
9837,Indo-Aryan,mantráyatē,speaks; consults with; advises,RV ŚBr MBh Early-Vedic Epic,9837
9838,Indo-Aryan,mantrín,"wise, eloquent; counsellor; conjuror",VS Mn Bhartr̥ Early-Vedic Epic Classical,9838
9839,Indo-Aryan,mántʰati,"whirls, shakes, rubs, grinds; churns; uses friction on any part of body",RV TS Hariv Early-Vedic Classical,9839
9841,Indo-Aryan,mántʰā-,churning-stick,nom,9841
9844a,Indo-Aryan,mandatara,very slow,MBh Epic,9844a
9846,Indo-Aryan,*mandapāta,falling ill,,9846
9847,Indo-Aryan,mandākṣa,weak-eyed; bashfulness,R lex Epic,9847
9851,Indo-Aryan,mandimán,slowness,m,9851
9852,Indo-Aryan,mandirá,"any waiting place, dwelling, camp, town, temple",n MBh Epic,9852
9853,Indo-Aryan,mandurā́,stable,Kālid Classical,9853
9854,Indo-Aryan,mandurā,"mattress, bed",,9854
9855,Indo-Aryan,mandrá,"pleasant (esp. of sound); low, rumbling",RV AitBr Early-Vedic,9855
9856,Indo-Aryan,*mandʰyara,defective,,9856
9857,Indo-Aryan,mányatē,"thinks, honours; thinks fit, agrees",RV MBh Early-Vedic Epic,9857
9858,Indo-Aryan,mányā,nape of neck (i.e. the lines of muscle at the back of it),f AV Early-Vedic,9858
9859,Indo-Aryan,manyú,"spirit, passion, anger; distress",m RV MBh Early-Vedic Epic,9859
986,Indo-Aryan,asmad,,,986
9860,Indo-Aryan,*mamandati,is still,,9860
9861,Indo-Aryan,*mamma,nipple,,9861
9862,Indo-Aryan,*mamma,food,,9862
9863,Indo-Aryan,*mammaḍa,"crust, scab",,9863
9865,Indo-Aryan,mayū́ra,peacock,m VS Early-Vedic,9865
9865-2,Indo-Aryan,*mōra,,,9865
9865-3,Indo-Aryan,*majjūra,,,9865
9867,Indo-Aryan,mará,*death,m,9867
9869,Indo-Aryan,maraṇa,dying; cessation (e.g. of rain),n ŚrS AitBr Early-Vedic,9869
9870,Indo-Aryan,*marati,"crushes, rubs",,9870
9870-2,Indo-Aryan,*malati,,,9870
9870-3,Indo-Aryan,*mārayati,,,9870
9870-4,Indo-Aryan,*mālayati,,,9870
9871,Indo-Aryan,máratē,will die,RV Early-Vedic,9871
9873,Indo-Aryan,marāla,"soft, mild, tender",lex,9873
9874,Indo-Aryan,*mariyastʰāna,having the position of servant,,9874
9875,Indo-Aryan,marīca,peppercorn,n,9875
9875-2,Indo-Aryan,*maricca,,,9875
9875-3,Indo-Aryan,*marucca,,,9875
9879,Indo-Aryan,markaka,Ardea argala,m lex,9879
988,Indo-Aryan,asmā́ka,ours,RV Early-Vedic,988
9882,Indo-Aryan,markáṭa,monkey,VS Early-Vedic,9882
9883,Indo-Aryan,markaṭa,spider,,9883
9885,Indo-Aryan,*margā,wild goat,,9885
9885-2,Indo-Aryan,*marjikā,,,9885
9886,Indo-Aryan,*marja,meadow,,9886
9887,Indo-Aryan,márta,man,m RV Early-Vedic,9887
9888,Indo-Aryan,mártya,"a mortal, man",m RV Early-Vedic,9888
9890,Indo-Aryan,márdati,"pounds, crushes, treads on, squeezes, rubs",MBh Epic,9890
9890-2,Indo-Aryan,*mr̩ndati,,,9890
9892,Indo-Aryan,mardalá,a kind of drum,m MBh Epic,9892
9893,Indo-Aryan,márman,"vulnerable spot, vital organ; secret; limb, joint",n RV Nāgeś lex Early-Vedic,9893
9895,Indo-Aryan,maryā́dā,region; boundary; shore,f RV ŚBr lex Early-Vedic,9895
9895-2,Indo-Aryan,*mariyādā,,,9895
9896,Indo-Aryan,marśa,*rubbing,,9896
9898,Indo-Aryan,marṣáyati,causes to forget,MaitrS Early-Vedic,9898
9898-2,Indo-Aryan,*marṣyatē,is forgotten,,9898
9899,Indo-Aryan,mála,dirt; excretion,n AV Suśr Early-Vedic Classical,9899
990,Indo-Aryan,asvaka,having no property,Pāṇ Epic,990
990-2,Indo-Aryan,*asvāka,,,990
9900,Indo-Aryan,malana,"rubbing, grinding, crushing",n lex,9900
9903,Indo-Aryan,*malākta,smeared with dirt,,9903
9904,Indo-Aryan,*malin,dirty,,9904
9904-2,Indo-Aryan,*malinal-,dirty,ext:l,9904-2
9905,Indo-Aryan,maliná,dirty,Yājñ Classical,9905
9909,Indo-Aryan,malla,,,9909
9910,Indo-Aryan,mállatē,"holds, possesses",,9910
9914,Indo-Aryan,mallu,bear,m lex,9914
9916,Indo-Aryan,malʰá,dewlapped,f,9916
9917,Indo-Aryan,maśáka,mosquito,m AV Early-Vedic,9917
9918,Indo-Aryan,maśakaharī,bed curtain,,9918
9919,Indo-Aryan,maṣati,"*rubs, crushes",Dhātup Epic,9919
9919-2,Indo-Aryan,*maṣakkati,"*rubs, crushes",ext:kk,9919-2
9919-3,Indo-Aryan,*maṣarati,"*rubs, crushes",ext:r,9919-3
9919-4,Indo-Aryan,*maṣalati,"*rubs, crushes",ext:l,9919-4
9919-5,Indo-Aryan,*maṣallati,"*rubs, crushes",ext:ll,9919-5
9919-6,Indo-Aryan,*maṣaṭṭati,"*rubs, crushes",ext:ṭṭ,9919-6
992,Indo-Aryan,ahám,I,RV Early-Vedic,992
9920,Indo-Aryan,máṣi,"black powder, lampblack, ink",m,9920
9923,Indo-Aryan,masīnā,linseed (Linum usitatissimum),f lex,9923
9924,Indo-Aryan,masū́ra,lentil,m VS Early-Vedic,9924
9925,Indo-Aryan,masūraka,lentil-shaped,Kauṭ Epic,9925
9925-2,Indo-Aryan,masūrikā,"eruption of lentil-shaped pustules, smallpox",f Suśr Classical,9925
9926,Indo-Aryan,masta,head,m Dhūrtas,9926
9926-2,Indo-Aryan,*mastra,,,9926
9926-3,Indo-Aryan,mastuluŋga,brain,m Suśr Classical,9926
9926-4,Indo-Aryan,mastíṣka,cranium,RV Early-Vedic,9926
9927,Indo-Aryan,*mastatalaka,surface of head,,9927
993,Indo-Aryan,áhar,day,n nom,993
9932,Indo-Aryan,mahattara,"greater; chief, village eldest; courtier, royal servant",MBh R Epic,9932
9933,Indo-Aryan,mahattva,greatness,n MBh Epic,9933
9935,Indo-Aryan,mahallaka,"old, feeble",Lalit Epic,9935
994,Indo-Aryan,áhi,snake,m RV Early-Vedic,994
9941,Indo-Aryan,mahājana,great multitude,m MBh Epic,9941
9943,Indo-Aryan,mahānasá,a heavy waggon; kitchen; kitchen utensils,n ŚrS KātyŚr MBh Early-Vedic Epic,9943
9944,Indo-Aryan,*mahānasāgāra,kitchen-house,,9944
9946,Indo-Aryan,mahā́nt,great,RV Early-Vedic,9946
995,Indo-Aryan,*ahirūpa,snake,,995
9950,Indo-Aryan,mahāmātra,"chief, best; man of high rank, king's minister, elephant-driver",MBh Epic,9950
9951,Indo-Aryan,mahārājá,"great chieftain, king",m ŚBr Early-Vedic,9951
9952,Indo-Aryan,mahārāṣṭra,kingdom; name of a people,n MW MārkP Medieval,9952
9954,Indo-Aryan,mahārgʰa,high-priced,MBh Epic,9954
996,Indo-Aryan,ahō,exclamation of joy or painful surprise,R Epic,996
9962,Indo-Aryan,mahilā́,woman,f Hit Medieval,9962
9963,Indo-Aryan,*mahilārūpa,woman,,9963
9964,Indo-Aryan,mahiṣá,"great, powerful; buffalo",m,9964
9966,Indo-Aryan,mahiṣacara,riding on a buffalo,Caṇḍ,9966
997,Indo-Aryan,*āī,"mother, aunt",,997
9970,Indo-Aryan,*mahiṣarūpa,buffalo,,9970
9973,Indo-Aryan,mahiṣṭʰa,greatest,BhP Medieval,9973
998,Indo-Aryan,*ākaḍḍʰati,pulls,,998
9980,Indo-Aryan,*mahyā,buffalo,,9980
9980-2,Indo-Aryan,*mahiyā,,,9980
9981,Indo-Aryan,mā́,,,9981
9982,Indo-Aryan,māṁsá,flesh,n,9982
9984,Indo-Aryan,*māṁsapuṭaka,the gums,,9984
9988,Indo-Aryan,*mākṣakulika,bee,,9988
9989,Indo-Aryan,mākṣiká,pertaining to a bee; honey,MārkP Suśr Medieval Classical,9989
9989-2,Indo-Aryan,*mākṣa,,,9989
999,Indo-Aryan,*ākattʰa,talk,,999
9990,Indo-Aryan,*mākṣikakara,bee,,9990
9991,Indo-Aryan,*mākṣikamadʰu,honey,,9991
9992,Indo-Aryan,mā khalu,,,9992
9992-2,Indo-Aryan,mā kʰalu,not at all,,9992
9993,Indo-Aryan,māgʰá,the month January-February,m ŚBr Early-Vedic,9993
9993-2,Indo-Aryan,māgʰī,day of full moon in this month,f Gr̥Śr Early-Vedic,9993
9996,Indo-Aryan,*māḍa,upper storey of a house,,9996
9997,Indo-Aryan,mā́ṇikya,ruby,n Kathās Medieval,9997
9998,Indo-Aryan,*māṇiya,collection of jewels,,9998
9a,Indo-Aryan,akarmán,"not working, not performing good works",RV Early-Vedic,9a
d1850,PDr,*kut-V-,; club,,d1850
f_2h46v2qxjhcaq,Pers,darvāza,door,,f_2h46v2qxjhcaq
f_2ig5mcwn2zgm2,Indo-Aryan,*?,now,,f_2ig5mcwn2zgm2
f_2yutgx2iaqxje,Pers,bāriś,rain,,f_2yutgx2iaqxje
f_3smlfjflb2ukg,Pers,murɣ,chicken,,f_3smlfjflb2ukg
f_3ylfieggxzpqk,Indo-Aryan,*baggadara,mosquito,,f_3ylfieggxzpqk
f_4que63p5bmalq,Rj,ṭegḍo,dog,,f_4que63p5bmalq
f_4txbqir4uazlw,Ar,xarāb,"ruined, wrecked",,f_4txbqir4uazlw
f_54k6p5unwsyuu,Rj,seṭī,far,,f_54k6p5unwsyuu
f_5aweyr5bcibf2,Rj,nāmek,few,,f_5aweyr5bcibf2
f_5tbm3zy3mu4po,Port,batata,potato,,f_5tbm3zy3mu4po
f_6ygkx7x6pjw72,Pers,narm,soft,,f_6ygkx7x6pjw72
f_72vlix63f2nks,Indo-Aryan,*ṭaṭṭī,feces,,f_72vlix63f2nks
f_74vcu23lscgak,Pers,rāsta,path,,f_74vcu23lscgak
f_7a3ccguwm7lam,Pers,sāl,year,,f_7a3ccguwm7lam
f_a3qzgmx3y434i,Dm,pā̃cbiśi,hundred,num,f_a3qzgmx3y434i
f_afg6g4rgp52qw,Kalk,maṭē,to me,pron personal 1sg dat dialect:Kalk:HKAT-xka:Kalkot%20%28HKAT%29,f_afg6g4rgp52qw
f_awzexkx3bkegs,Indo-Aryan,*kakkara,'cloud',,f_awzexkx3bkegs
f_aza43spiycvpw,Indo-ir,,,,f_aza43spiycvpw
f_b2mg2ivqwhom6,Rj,vādī,fire,,f_b2mg2ivqwhom6
f_bhjjmcfmhwccw,Marw,ṭeṭkɔ,goat,,f_bhjjmcfmhwccw
f_d3jdlqohtby5k,Pers,hafta,week,,f_d3jdlqohtby5k
f_dcjngpsq6a35w,Indo-Aryan,*pā́la,protection,,f_dcjngpsq6a35w
f_dflfrauokwoti,Ar,jabal,mountain,,f_dflfrauokwoti
f_dh5aogxbrqssk,Ar,śakl,"form, shape",,f_dh5aogxbrqssk
f_dheltdemeb4mc,Indo-Aryan,*ḍʰāṁcā,skeleton,,f_dheltdemeb4mc
f_dlo7xztxl5kpi,Rj,vīnd,husband; bridegroom,,f_dlo7xztxl5kpi
f_dxexl5ub5kgl4,Indo-Aryan,*?,to write,,f_dxexl5ub5kgl4
f_edny5jsgvz5fk,Pers,carbī,fat,,f_edny5jsgvz5fk
f_eus77jo5mdyak,Indo-Aryan,*?,wolf,,f_eus77jo5mdyak
f_f5yhi6kl6jazu,Pers,cāqū,knife,,f_f5yhi6kl6jazu
f_fnwdoz5wjhgai,Pers,gōśt,meat,,f_fnwdoz5wjhgai
f_fofowqdh5shlk,Rj,māṭī,husband,,f_fofowqdh5shlk
f_foxxfsmtqikcu,Sh,birij,"be spilled, be spread out",intr dialect:Sh:gil:Gilgit,f_foxxfsmtqikcu
f_fqt722mnhxvpu,Pers,bēkār,"unemployed, jobless > useless, bad",,f_fqt722mnhxvpu
f_fxwwawo3wqdh4,Rj,ḍobū,buffalo,,f_fxwwawo3wqdh4
f_grji7azl5s42k,Indo-Aryan,*cʰallā,ring,,f_grji7azl5s42k
f_gzpge3m6iyzaw,Eng,tomato,tomato,,f_gzpge3m6iyzaw
f_honuos2suexey,Pers,ādamī,human being; man,,f_honuos2suexey
f_hpacpjumkehvi,Rj,bʰaḍe,near,,f_hpacpjumkehvi
f_iizwuh3wokzh6,Pers,meva,fruit,,f_iizwuh3wokzh6
f_iwnpamter6qbm,Indo-Aryan,śata-kka-ḍa,hundred,,f_iwnpamter6qbm
f_jg7fkl55nyhjm,Indo-Aryan,*dva-prahara,second watch; noon,,f_jg7fkl55nyhjm
f_jl7b6dgwhptmm,Pers,dil,heart,,f_jl7b6dgwhptmm
f_jv7onu26cqn3k,Sh,tʰij,"be done, be made",intr dialect:Sh:gil:Gilgit,f_jv7onu26cqn3k
f_k35qlaozaagpe,Indo-Aryan,*vāīṭa,bad,,f_k35qlaozaagpe
f_k66mptwk5okq6,Indo-Aryan,*lugāī,wife,,f_k66mptwk5okq6
f_khzburdg3bkvo,Pers,garm,hot,,f_khzburdg3bkvo
f_leyd2rq4h5wtc,Indo-Aryan,*ubbāsī,'yawn',,f_leyd2rq4h5wtc
f_llk42vcxrkcsu,Indo-ir,,,,f_llk42vcxrkcsu
f_lmwk7knn4svus,Pers,āsmān,sky,,f_lmwk7knn4svus
f_mppqstj7bvr4u,Pers,ṣūrat,face; < Arabic,,f_mppqstj7bvr4u
f_mszcztcnpsec6,Pers,bādām,almond,,f_mszcztcnpsec6
f_nek4kfwl2af7q,Sv,paśuvanu,show,verb caus dialect:Sv:HKAT-sdg:Sau,f_nek4kfwl2af7q
f_nnnwt6iejkhw2,Pers,daraxt,tree,,f_nnnwt6iejkhw2
f_odkzxsetllmtk,Pers,barābar,equal,,f_odkzxsetllmtk
f_oryxpmyvdlh4k,Indo-Aryan,*lijjʰa,,,f_oryxpmyvdlh4k
f_pa2wkl7fezmhg,Pers,lāl,red,,f_pa2wkl7fezmhg
f_phhnd6c5nukmk,Pers,nazdīk,near,,f_phhnd6c5nukmk
f_ppgmg52jy2qtw,Pers,pyāz,onion,,f_ppgmg52jy2qtw
f_prhj2ccra7c5a,Indo-Aryan,*?,question,,f_prhj2ccra7c5a
f_psv3jkhevxsdq,Eng,meat,meat,,f_psv3jkhevxsdq
f_qk223hiyvfc2a,Indo-Aryan,*lahaṁgā,kind of skirt,,f_qk223hiyvfc2a
f_rlqlstrekfzvc,Pers,havā,air,,f_rlqlstrekfzvc
f_rr7dv53h3a5pm,Indo-Aryan,*pēḍa,tree,,f_rr7dv53h3a5pm
f_ry2aoxqq26y5g,Indo-Aryan,*ṭūra,boy,,f_ry2aoxqq26y5g
f_shlotnnlf4ies,Indo-Aryan,*yātarikā,,,f_shlotnnlf4ies
f_sttfx62nfksli,Indo-Aryan,*ṭʰēhunā,knee; elbow,,f_sttfx62nfksli
f_t3aapvfebtdtg,Pers,namak,salt,,f_t3aapvfebtdtg
f_tfolnhjem4qz6,Pers,safēd,white,,f_tfolnhjem4qz6
f_tusbqtxogmrni,Pers,xūn,blood,,f_tusbqtxogmrni
f_uudgixazkeulq,Rj,pʰorɔ,light (in weight),,f_uudgixazkeulq
f_v5ns7ta7xalsw,Pers,pēśāb,urine,,f_v5ns7ta7xalsw
f_v5tjgsk5omfu6,Indo-Aryan,*gaṇḍaka,dog,,f_v5tjgsk5omfu6
f_vbtodh3gxxoq2,Pers,mahīnā,month,,f_vbtodh3gxxoq2
f_wb26lvatz7tcg,Indo-Aryan,*gāvā,cow,f,f_wb26lvatz7tcg
f_wh4yp4r7u2kt2,Indo-Aryan,*ṭālī,Dalbergia sissoo,,f_wh4yp4r7u2kt2
f_wlaujexvygbrw,Pers,ziyāda,more (from Arabic),,f_wlaujexvygbrw
f_xrwhducfi7pgc,Pers,nāxun,fingernail,,f_xrwhducfi7pgc
f_xugxf2rj2jgla,Indo-Aryan,*celʰi,'waist',,f_xugxf2rj2jgla
f_xwfhzb3xbkepa,Indo-Aryan,*nisīdati,,,f_xwfhzb3xbkepa
f_yzi3xefupuud2,Pers,cihra,face,,f_yzi3xefupuud2
f_zc77kpho4b3na,Pers,rāh,path,,f_zc77kpho4b3na
f_zhvml5h7ab53q,Pers,bacca,child,,f_zhvml5h7ab53q
f_zjau4nfvuqoli,Pers,ganda,"fetid, stenchy",,f_zjau4nfvuqoli
