chart,view,concept,unit,group,latitude,longitude,representative_language,categories,values,families
dardic-language-evidence,RAW,RAW,dame1241,dardic,35.3,71.68,Dm,"[""Dardic-associated family only"", ""Plains-associated family only"", ""Both focal families"", ""One focal + other families"", ""Other families only"", ""No resolved family""]","[1, 0.0, 0.0, 0.0, 0.0, 0.0]",1236
dardic-language-evidence,RAW,RAW,gawa1247,dardic,35.2,71.54,Gaw,"[""Dardic-associated family only"", ""Plains-associated family only"", ""Both focal families"", ""One focal + other families"", ""Other families only"", ""No resolved family""]","[0.0, 0.0, 0.0, 0.0, 1, 0.0]",8130
dardic-language-evidence,RAW,RAW,indu1241,dardic,35.34,73.02,Mai,"[""Dardic-associated family only"", ""Plains-associated family only"", ""Both focal families"", ""One focal + other families"", ""Other families only"", ""No resolved family""]","[0.0, 0.0, 0.0, 1, 0.0, 0.0]",1236;1533
dardic-language-evidence,RAW,RAW,kala1372,dardic,35.64,71.67,Kal,"[""Dardic-associated family only"", ""Plains-associated family only"", ""Both focal families"", ""One focal + other families"", ""Other families only"", ""No resolved family""]","[1, 0.0, 0.0, 0.0, 0.0, 0.0]",1236
dardic-language-evidence,RAW,RAW,kala1373,dardic,35.53,72.57,Bshk,"[""Dardic-associated family only"", ""Plains-associated family only"", ""Both focal families"", ""One focal + other families"", ""Other families only"", ""No resolved family""]","[1, 0.0, 0.0, 0.0, 0.0, 0.0]",1236
dardic-language-evidence,RAW,RAW,kash1277,dardic,34.17,74.33,K,"[""Dardic-associated family only"", ""Plains-associated family only"", ""Both focal families"", ""One focal + other families"", ""Other families only"", ""No resolved family""]","[0.0, 0.0, 1, 0.0, 0.0, 0.0]",1236;2613;9584
dardic-language-evidence,RAW,RAW,khow1242,dardic,36.0,72.0,Kho,"[""Dardic-associated family only"", ""Plains-associated family only"", ""Both focal families"", ""One focal + other families"", ""Other families only"", ""No resolved family""]","[1, 0.0, 0.0, 0.0, 0.0, 0.0]",1236
dardic-language-evidence,RAW,RAW,phal1254,dardic,35.51,71.84,Phal,"[""Dardic-associated family only"", ""Plains-associated family only"", ""Both focal families"", ""One focal + other families"", ""Other families only"", ""No resolved family""]","[1, 0.0, 0.0, 0.0, 0.0, 0.0]",1236
dardic-language-evidence,RAW,RAW,savi1242,dardic,35.3,71.56,Sv,"[""Dardic-associated family only"", ""Plains-associated family only"", ""Both focal families"", ""One focal + other families"", ""Other families only"", ""No resolved family""]","[0.0, 0.0, 0.0, 0.0, 1, 0.0]",8130
dardic-language-evidence,RAW,RAW,shin1264,dardic,34.65,75.29,Sh,"[""Dardic-associated family only"", ""Plains-associated family only"", ""Both focal families"", ""One focal + other families"", ""Other families only"", ""No resolved family""]","[1, 0.0, 0.0, 0.0, 0.0, 0.0]",1236
dardic-language-evidence,RAW,RAW,shum1235,dardic,34.48,70.57,Shum,"[""Dardic-associated family only"", ""Plains-associated family only"", ""Both focal families"", ""One focal + other families"", ""Other families only"", ""No resolved family""]","[1, 0.0, 0.0, 0.0, 0.0, 0.0]",1236
dardic-language-evidence,RAW,RAW,tira1253,dardic,34.18,69.59,Tir,"[""Dardic-associated family only"", ""Plains-associated family only"", ""Both focal families"", ""One focal + other families"", ""Other families only"", ""No resolved family""]","[1, 0.0, 0.0, 0.0, 0.0, 0.0]",1236
dardic-language-evidence,RAW,RAW,awad1243,plains,27.59,82.47,Aw,"[""Dardic-associated family only"", ""Plains-associated family only"", ""Both focal families"", ""One focal + other families"", ""Other families only"", ""No resolved family""]","[0.0, 1, 0.0, 0.0, 0.0, 0.0]",2613
dardic-language-evidence,RAW,RAW,beng1280,plains,23.471,88.5565,B,"[""Dardic-associated family only"", ""Plains-associated family only"", ""Both focal families"", ""One focal + other families"", ""Other families only"", ""No resolved family""]","[0.0, 0.0, 1, 0.0, 0.0, 0.0]",1236;2613
dardic-language-evidence,RAW,RAW,dhat1238,plains,26.42,70.78,thar,"[""Dardic-associated family only"", ""Plains-associated family only"", ""Both focal families"", ""One focal + other families"", ""Other families only"", ""No resolved family""]","[0.0, 1, 0.0, 0.0, 0.0, 0.0]",2613
dardic-language-evidence,RAW,RAW,guja1252,plains,22.69,71.1,G,"[""Dardic-associated family only"", ""Plains-associated family only"", ""Both focal families"", ""One focal + other families"", ""Other families only"", ""No resolved family""]","[0.0, 0.0, 1, 0.0, 0.0, 0.0]",1236;2613
dardic-language-evidence,RAW,RAW,hind1269,plains,28.7041,77.1025,H,"[""Dardic-associated family only"", ""Plains-associated family only"", ""Both focal families"", ""One focal + other families"", ""Other families only"", ""No resolved family""]","[0.0, 0.0, 0.0, 1, 0.0, 0.0]",10807;14114;2613
dardic-language-evidence,RAW,RAW,kach1277,plains,23.83,69.0,kcch,"[""Dardic-associated family only"", ""Plains-associated family only"", ""Both focal families"", ""One focal + other families"", ""Other families only"", ""No resolved family""]","[0.0, 1, 0.0, 0.0, 0.0, 0.0]",2613
dardic-language-evidence,RAW,RAW,mait1250,plains,26.38,86.22,Mth,"[""Dardic-associated family only"", ""Plains-associated family only"", ""Both focal families"", ""One focal + other families"", ""Other families only"", ""No resolved family""]","[0.0, 1, 0.0, 0.0, 0.0, 0.0]",2613
dardic-language-evidence,RAW,RAW,mara1378,plains,18.5204,73.8567,M,"[""Dardic-associated family only"", ""Plains-associated family only"", ""Both focal families"", ""One focal + other families"", ""Other families only"", ""No resolved family""]","[0.0, 0.0, 0.0, 1, 0.0, 0.0]",14114;2613;724
dardic-language-evidence,RAW,RAW,oriy1255,plains,21.0,85.0,Or,"[""Dardic-associated family only"", ""Plains-associated family only"", ""Both focal families"", ""One focal + other families"", ""Other families only"", ""No resolved family""]","[0.0, 1, 0.0, 0.0, 0.0, 0.0]",2613
dardic-language-evidence,RAW,RAW,panj1256,plains,30.04,75.67,P,"[""Dardic-associated family only"", ""Plains-associated family only"", ""Both focal families"", ""One focal + other families"", ""Other families only"", ""No resolved family""]","[0.0, 1, 0.0, 0.0, 0.0, 0.0]",2613
dardic-language-evidence,RAW,RAW,sind1272,plains,26.0,69.0,S,"[""Dardic-associated family only"", ""Plains-associated family only"", ""Both focal families"", ""One focal + other families"", ""Other families only"", ""No resolved family""]","[0.0, 1, 0.0, 0.0, 0.0, 0.0]",2613
dardic-language-evidence,RAW,RAW,vaag1238,plains,12.21,79.53,VB,"[""Dardic-associated family only"", ""Plains-associated family only"", ""Both focal families"", ""One focal + other families"", ""Other families only"", ""No resolved family""]","[0.0, 0.0, 0.0, 0.0, 0.0, 1]",
dardic-language-evidence,WOOL,WOOL,dame1241,dardic,35.3,71.68,Dm,"[""Dardic-associated family only"", ""Plains-associated family only"", ""Both focal families"", ""One focal + other families"", ""Other families only"", ""No resolved family""]","[0.0, 0.0, 0.0, 0.0, 1, 0.0]",11549
dardic-language-evidence,WOOL,WOOL,gowr1239,dardic,35.1243,73.1233,Gowro,"[""Dardic-associated family only"", ""Plains-associated family only"", ""Both focal families"", ""One focal + other families"", ""Other families only"", ""No resolved family""]","[0.0, 0.0, 0.0, 0.0, 0.0, 1]",
dardic-language-evidence,WOOL,WOOL,indu1241,dardic,35.34,73.02,Mai,"[""Dardic-associated family only"", ""Plains-associated family only"", ""Both focal families"", ""One focal + other families"", ""Other families only"", ""No resolved family""]","[0.0, 0.0, 0.0, 0.0, 1, 0.0]",5086
dardic-language-evidence,WOOL,WOOL,kala1372,dardic,35.64,71.67,Kal,"[""Dardic-associated family only"", ""Plains-associated family only"", ""Both focal families"", ""One focal + other families"", ""Other families only"", ""No resolved family""]","[0.0, 0.0, 0.0, 1, 0.0, 0.0]",11023;7638
dardic-language-evidence,WOOL,WOOL,kala1373,dardic,35.53,72.57,Bshk,"[""Dardic-associated family only"", ""Plains-associated family only"", ""Both focal families"", ""One focal + other families"", ""Other families only"", ""No resolved family""]","[1, 0.0, 0.0, 0.0, 0.0, 0.0]",7638
dardic-language-evidence,WOOL,WOOL,kash1277,dardic,34.17,74.33,K,"[""Dardic-associated family only"", ""Plains-associated family only"", ""Both focal families"", ""One focal + other families"", ""Other families only"", ""No resolved family""]","[0.0, 1, 0.0, 0.0, 0.0, 0.0]",2424
dardic-language-evidence,WOOL,WOOL,khow1242,dardic,36.0,72.0,Kho,"[""Dardic-associated family only"", ""Plains-associated family only"", ""Both focal families"", ""One focal + other families"", ""Other families only"", ""No resolved family""]","[1, 0.0, 0.0, 0.0, 0.0, 0.0]",7638
dardic-language-evidence,WOOL,WOOL,nort2666,dardic,34.66,70.43,Pas,"[""Dardic-associated family only"", ""Plains-associated family only"", ""Both focal families"", ""One focal + other families"", ""Other families only"", ""No resolved family""]","[0.0, 0.0, 0.0, 0.0, 1, 0.0]",11154;2438
dardic-language-evidence,WOOL,WOOL,phal1254,dardic,35.51,71.84,Phal,"[""Dardic-associated family only"", ""Plains-associated family only"", ""Both focal families"", ""One focal + other families"", ""Other families only"", ""No resolved family""]","[1, 0.0, 0.0, 0.0, 0.0, 0.0]",7638
dardic-language-evidence,WOOL,WOOL,shin1264,dardic,34.65,75.29,Sh,"[""Dardic-associated family only"", ""Plains-associated family only"", ""Both focal families"", ""One focal + other families"", ""Other families only"", ""No resolved family""]","[1, 0.0, 0.0, 0.0, 0.0, 0.0]",7638
dardic-language-evidence,WOOL,WOOL,torw1241,dardic,35.21,72.55,Tor,"[""Dardic-associated family only"", ""Plains-associated family only"", ""Both focal families"", ""One focal + other families"", ""Other families only"", ""No resolved family""]","[1, 0.0, 0.0, 0.0, 0.0, 0.0]",7638
dardic-language-evidence,WOOL,WOOL,usho1238,dardic,35.139395,72.67756,Ush,"[""Dardic-associated family only"", ""Plains-associated family only"", ""Both focal families"", ""One focal + other families"", ""Other families only"", ""No resolved family""]","[1, 0.0, 0.0, 0.0, 0.0, 0.0]",7638
dardic-language-evidence,WOOL,WOOL,beng1280,plains,23.471,88.5565,B,"[""Dardic-associated family only"", ""Plains-associated family only"", ""Both focal families"", ""One focal + other families"", ""Other families only"", ""No resolved family""]","[0.0, 1, 0.0, 0.0, 0.0, 0.0]",2424
dardic-language-evidence,WOOL,WOOL,dhat1238,plains,26.42,70.78,thar,"[""Dardic-associated family only"", ""Plains-associated family only"", ""Both focal families"", ""One focal + other families"", ""Other families only"", ""No resolved family""]","[0.0, 1, 0.0, 0.0, 0.0, 0.0]",2424
dardic-language-evidence,WOOL,WOOL,guja1252,plains,22.69,71.1,G,"[""Dardic-associated family only"", ""Plains-associated family only"", ""Both focal families"", ""One focal + other families"", ""Other families only"", ""No resolved family""]","[0.0, 0.0, 1, 0.0, 0.0, 0.0]",2424;3156;7638
dardic-language-evidence,WOOL,WOOL,hind1269,plains,28.7041,77.1025,H,"[""Dardic-associated family only"", ""Plains-associated family only"", ""Both focal families"", ""One focal + other families"", ""Other families only"", ""No resolved family""]","[0.0, 1, 0.0, 0.0, 0.0, 0.0]",2424
dardic-language-evidence,WOOL,WOOL,kach1277,plains,23.83,69.0,kcch,"[""Dardic-associated family only"", ""Plains-associated family only"", ""Both focal families"", ""One focal + other families"", ""Other families only"", ""No resolved family""]","[0.0, 1, 0.0, 0.0, 0.0, 0.0]",2424
dardic-language-evidence,WOOL,WOOL,khet1238,plains,30.48,70.28,khet,"[""Dardic-associated family only"", ""Plains-associated family only"", ""Both focal families"", ""One focal + other families"", ""Other families only"", ""No resolved family""]","[0.0, 1, 0.0, 0.0, 0.0, 0.0]",2424
dardic-language-evidence,WOOL,WOOL,mait1250,plains,26.38,86.22,Mth,"[""Dardic-associated family only"", ""Plains-associated family only"", ""Both focal families"", ""One focal + other families"", ""Other families only"", ""No resolved family""]","[0.0, 1, 0.0, 0.0, 0.0, 0.0]",2424
dardic-language-evidence,WOOL,WOOL,mara1378,plains,18.5204,73.8567,M,"[""Dardic-associated family only"", ""Plains-associated family only"", ""Both focal families"", ""One focal + other families"", ""Other families only"", ""No resolved family""]","[0.0, 0.0, 0.0, 0.0, 1, 0.0]",9301
dardic-language-evidence,WOOL,WOOL,oriy1255,plains,21.0,85.0,Or,"[""Dardic-associated family only"", ""Plains-associated family only"", ""Both focal families"", ""One focal + other families"", ""Other families only"", ""No resolved family""]","[0.0, 0.0, 0.0, 1, 0.0, 0.0]",10851;2424
dardic-language-evidence,WOOL,WOOL,panj1256,plains,30.04,75.67,P,"[""Dardic-associated family only"", ""Plains-associated family only"", ""Both focal families"", ""One focal + other families"", ""Other families only"", ""No resolved family""]","[0.0, 1, 0.0, 0.0, 0.0, 0.0]",2424
dardic-language-evidence,WOOL,WOOL,rajb1243,plains,26.4877,87.79265,MH,"[""Dardic-associated family only"", ""Plains-associated family only"", ""Both focal families"", ""One focal + other families"", ""Other families only"", ""No resolved family""]","[0.0, 1, 0.0, 0.0, 0.0, 0.0]",2424
dardic-language-evidence,WOOL,WOOL,rang1265,plains,26.280348,89.39468,BH,"[""Dardic-associated family only"", ""Plains-associated family only"", ""Both focal families"", ""One focal + other families"", ""Other families only"", ""No resolved family""]","[0.0, 1, 0.0, 0.0, 0.0, 0.0]",2424
dardic-language-evidence,WOOL,WOOL,sind1272,plains,26.0,69.0,S,"[""Dardic-associated family only"", ""Plains-associated family only"", ""Both focal families"", ""One focal + other families"", ""Other families only"", ""No resolved family""]","[0.0, 1, 0.0, 0.0, 0.0, 0.0]",2424
dardic-language-evidence,WOOL,WOOL,surj1235,plains,26.0982,87.945,KS,"[""Dardic-associated family only"", ""Plains-associated family only"", ""Both focal families"", ""One focal + other families"", ""Other families only"", ""No resolved family""]","[0.0, 1, 0.0, 0.0, 0.0, 0.0]",2424
dardic-language-evidence,WOOL,WOOL,west2386,plains,31.1704,72.7097,L,"[""Dardic-associated family only"", ""Plains-associated family only"", ""Both focal families"", ""One focal + other families"", ""Other families only"", ""No resolved family""]","[0.0, 1, 0.0, 0.0, 0.0, 0.0]",2424
dardic-language-evidence,MOUSTACHE,MOUSTACHE,bate1261,dardic,34.95,72.92,bhatr,"[""Dardic-associated family only"", ""Plains-associated family only"", ""Both focal families"", ""One focal + other families"", ""Other families only"", ""No resolved family""]","[1, 0.0, 0.0, 0.0, 0.0, 0.0]",9083
dardic-language-evidence,MOUSTACHE,MOUSTACHE,brok1247,dardic,34.53,76.6,bro,"[""Dardic-associated family only"", ""Plains-associated family only"", ""Both focal families"", ""One focal + other families"", ""Other families only"", ""No resolved family""]","[0.0, 0.0, 0.0, 0.0, 0.0, 1]",
dardic-language-evidence,MOUSTACHE,MOUSTACHE,dame1241,dardic,35.3,71.68,Dm,"[""Dardic-associated family only"", ""Plains-associated family only"", ""Both focal families"", ""One focal + other families"", ""Other families only"", ""No resolved family""]","[1, 0.0, 0.0, 0.0, 0.0, 0.0]",9083
dardic-language-evidence,MOUSTACHE,MOUSTACHE,gawa1247,dardic,35.2,71.54,Gaw,"[""Dardic-associated family only"", ""Plains-associated family only"", ""Both focal families"", ""One focal + other families"", ""Other families only"", ""No resolved family""]","[0.0, 0.0, 0.0, 0.0, 1, 0.0]",4269
dardic-language-evidence,MOUSTACHE,MOUSTACHE,gowr1239,dardic,35.1243,73.1233,Gowro,"[""Dardic-associated family only"", ""Plains-associated family only"", ""Both focal families"", ""One focal + other families"", ""Other families only"", ""No resolved family""]","[0.0, 0.0, 0.0, 0.0, 0.0, 1]",
dardic-language-evidence,MOUSTACHE,MOUSTACHE,gran1245,dardic,34.65,70.73,Gng,"[""Dardic-associated family only"", ""Plains-associated family only"", ""Both focal families"", ""One focal + other families"", ""Other families only"", ""No resolved family""]","[0.0, 0.0, 0.0, 0.0, 0.0, 1]",
dardic-language-evidence,MOUSTACHE,MOUSTACHE,kala1372,dardic,35.64,71.67,Kal,"[""Dardic-associated family only"", ""Plains-associated family only"", ""Both focal families"", ""One focal + other families"", ""Other families only"", ""No resolved family""]","[1, 0.0, 0.0, 0.0, 0.0, 0.0]",9083
dardic-language-evidence,MOUSTACHE,MOUSTACHE,kala1373,dardic,35.53,72.57,Bshk,"[""Dardic-associated family only"", ""Plains-associated family only"", ""Both focal families"", ""One focal + other families"", ""Other families only"", ""No resolved family""]","[1, 0.0, 0.0, 0.0, 0.0, 0.0]",9083
dardic-language-evidence,MOUSTACHE,MOUSTACHE,kash1277,dardic,34.17,74.33,K,"[""Dardic-associated family only"", ""Plains-associated family only"", ""Both focal families"", ""One focal + other families"", ""Other families only"", ""No resolved family""]","[0.0, 0.0, 0.0, 0.0, 1, 0.0]",4269
dardic-language-evidence,MOUSTACHE,MOUSTACHE,khow1242,dardic,36.0,72.0,Kho,"[""Dardic-associated family only"", ""Plains-associated family only"", ""Both focal families"", ""One focal + other families"", ""Other families only"", ""No resolved family""]","[0.0, 0.0, 0.0, 0.0, 0.0, 1]",
dardic-language-evidence,MOUSTACHE,MOUSTACHE,nort2666,dardic,34.66,70.43,Pas,"[""Dardic-associated family only"", ""Plains-associated family only"", ""Both focal families"", ""One focal + other families"", ""Other families only"", ""No resolved family""]","[0.0, 0.0, 0.0, 0.0, 0.0, 1]",
dardic-language-evidence,MOUSTACHE,MOUSTACHE,phal1254,dardic,35.51,71.84,Phal,"[""Dardic-associated family only"", ""Plains-associated family only"", ""Both focal families"", ""One focal + other families"", ""Other families only"", ""No resolved family""]","[1, 0.0, 0.0, 0.0, 0.0, 0.0]",9083
dardic-language-evidence,MOUSTACHE,MOUSTACHE,savi1242,dardic,35.3,71.56,Sv,"[""Dardic-associated family only"", ""Plains-associated family only"", ""Both focal families"", ""One focal + other families"", ""Other families only"", ""No resolved family""]","[0.0, 0.0, 0.0, 0.0, 1, 0.0]",4269
dardic-language-evidence,MOUSTACHE,MOUSTACHE,shin1264,dardic,34.65,75.29,Sh,"[""Dardic-associated family only"", ""Plains-associated family only"", ""Both focal families"", ""One focal + other families"", ""Other families only"", ""No resolved family""]","[1, 0.0, 0.0, 0.0, 0.0, 0.0]",9083
dardic-language-evidence,MOUSTACHE,MOUSTACHE,torw1241,dardic,35.21,72.55,Tor,"[""Dardic-associated family only"", ""Plains-associated family only"", ""Both focal families"", ""One focal + other families"", ""Other families only"", ""No resolved family""]","[1, 0.0, 0.0, 0.0, 0.0, 0.0]",9083
dardic-language-evidence,MOUSTACHE,MOUSTACHE,usho1238,dardic,35.139395,72.67756,Ush,"[""Dardic-associated family only"", ""Plains-associated family only"", ""Both focal families"", ""One focal + other families"", ""Other families only"", ""No resolved family""]","[1, 0.0, 0.0, 0.0, 0.0, 0.0]",9083
dardic-language-evidence,MOUSTACHE,MOUSTACHE,assa1263,plains,26.7509,94.2037,A,"[""Dardic-associated family only"", ""Plains-associated family only"", ""Both focal families"", ""One focal + other families"", ""Other families only"", ""No resolved family""]","[0.0, 0.0, 0.0, 0.0, 1, 0.0]",4203;6250
dardic-language-evidence,MOUSTACHE,MOUSTACHE,avan1234,plains,33.994201,72.483087,awan,"[""Dardic-associated family only"", ""Plains-associated family only"", ""Both focal families"", ""One focal + other families"", ""Other families only"", ""No resolved family""]","[0.0, 1, 0.0, 0.0, 0.0, 0.0]",10180
dardic-language-evidence,MOUSTACHE,MOUSTACHE,awad1243,plains,27.59,82.47,Aw,"[""Dardic-associated family only"", ""Plains-associated family only"", ""Both focal families"", ""One focal + other families"", ""Other families only"", ""No resolved family""]","[0.0, 1, 0.0, 0.0, 0.0, 0.0]",10180
dardic-language-evidence,MOUSTACHE,MOUSTACHE,beng1280,plains,23.471,88.5565,B,"[""Dardic-associated family only"", ""Plains-associated family only"", ""Both focal families"", ""One focal + other families"", ""Other families only"", ""No resolved family""]","[0.0, 0.0, 0.0, 0.0, 1, 0.0]",4203
dardic-language-evidence,MOUSTACHE,MOUSTACHE,guja1252,plains,22.69,71.1,G,"[""Dardic-associated family only"", ""Plains-associated family only"", ""Both focal families"", ""One focal + other families"", ""Other families only"", ""No resolved family""]","[0.0, 0.0, 0.0, 1, 0.0, 0.0]",10180;13725
dardic-language-evidence,MOUSTACHE,MOUSTACHE,hind1269,plains,28.7041,77.1025,H,"[""Dardic-associated family only"", ""Plains-associated family only"", ""Both focal families"", ""One focal + other families"", ""Other families only"", ""No resolved family""]","[0.0, 1, 0.0, 0.0, 0.0, 0.0]",10180
dardic-language-evidence,MOUSTACHE,MOUSTACHE,khet1238,plains,30.48,70.28,khet,"[""Dardic-associated family only"", ""Plains-associated family only"", ""Both focal families"", ""One focal + other families"", ""Other families only"", ""No resolved family""]","[0.0, 1, 0.0, 0.0, 0.0, 0.0]",10180
dardic-language-evidence,MOUSTACHE,MOUSTACHE,konk1267,plains,15.2993,74.124,Ko,"[""Dardic-associated family only"", ""Plains-associated family only"", ""Both focal families"", ""One focal + other families"", ""Other families only"", ""No resolved family""]","[0.0, 0.0, 0.0, 0.0, 1, 0.0]",12659
dardic-language-evidence,MOUSTACHE,MOUSTACHE,mara1378,plains,18.5204,73.8567,M,"[""Dardic-associated family only"", ""Plains-associated family only"", ""Both focal families"", ""One focal + other families"", ""Other families only"", ""No resolved family""]","[0.0, 0.0, 0.0, 0.0, 0.0, 1]",
dardic-language-evidence,MOUSTACHE,MOUSTACHE,oriy1255,plains,21.0,85.0,Or,"[""Dardic-associated family only"", ""Plains-associated family only"", ""Both focal families"", ""One focal + other families"", ""Other families only"", ""No resolved family""]","[0.0, 1, 0.0, 0.0, 0.0, 0.0]",10180
dardic-language-evidence,MOUSTACHE,MOUSTACHE,panj1256,plains,30.04,75.67,P,"[""Dardic-associated family only"", ""Plains-associated family only"", ""Both focal families"", ""One focal + other families"", ""Other families only"", ""No resolved family""]","[0.0, 1, 0.0, 0.0, 0.0, 0.0]",10180
dardic-language-evidence,MOUSTACHE,MOUSTACHE,rajb1243,plains,26.4877,87.79265,MH,"[""Dardic-associated family only"", ""Plains-associated family only"", ""Both focal families"", ""One focal + other families"", ""Other families only"", ""No resolved family""]","[0.0, 1, 0.0, 0.0, 0.0, 0.0]",10180
dardic-language-evidence,MOUSTACHE,MOUSTACHE,rang1265,plains,26.280348,89.39468,BH,"[""Dardic-associated family only"", ""Plains-associated family only"", ""Both focal families"", ""One focal + other families"", ""Other families only"", ""No resolved family""]","[0.0, 1, 0.0, 0.0, 0.0, 0.0]",10180
dardic-language-evidence,MOUSTACHE,MOUSTACHE,sind1272,plains,26.0,69.0,S,"[""Dardic-associated family only"", ""Plains-associated family only"", ""Both focal families"", ""One focal + other families"", ""Other families only"", ""No resolved family""]","[0.0, 1, 0.0, 0.0, 0.0, 0.0]",10180
dardic-language-evidence,MOUSTACHE,MOUSTACHE,surj1235,plains,26.0982,87.945,KS,"[""Dardic-associated family only"", ""Plains-associated family only"", ""Both focal families"", ""One focal + other families"", ""Other families only"", ""No resolved family""]","[0.0, 1, 0.0, 0.0, 0.0, 0.0]",10180
dardic-language-evidence,MOUSTACHE,MOUSTACHE,vaag1238,plains,12.21,79.53,VB,"[""Dardic-associated family only"", ""Plains-associated family only"", ""Both focal families"", ""One focal + other families"", ""Other families only"", ""No resolved family""]","[0.0, 0.0, 0.0, 0.0, 0.0, 1]",
dardic-language-evidence,MOUSTACHE,MOUSTACHE,wadi1248,plains,26.07,72.13,WK,"[""Dardic-associated family only"", ""Plains-associated family only"", ""Both focal families"", ""One focal + other families"", ""Other families only"", ""No resolved family""]","[0.0, 0.0, 0.0, 0.0, 0.0, 1]",
dardic-language-evidence,MOUSTACHE,MOUSTACHE,west2386,plains,31.1704,72.7097,L,"[""Dardic-associated family only"", ""Plains-associated family only"", ""Both focal families"", ""One focal + other families"", ""Other families only"", ""No resolved family""]","[0.0, 1, 0.0, 0.0, 0.0, 0.0]",10180
dardic-language-evidence,LONG,LONG,bate1261,dardic,34.95,72.92,bhatr,"[""Dardic-associated family only"", ""Plains-associated family only"", ""Both focal families"", ""One focal + other families"", ""Other families only"", ""No resolved family""]","[0.0, 0.0, 0.0, 0.0, 0.0, 1]",
dardic-language-evidence,LONG,LONG,brok1247,dardic,34.53,76.6,bro,"[""Dardic-associated family only"", ""Plains-associated family only"", ""Both focal families"", ""One focal + other families"", ""Other families only"", ""No resolved family""]","[1, 0.0, 0.0, 0.0, 0.0, 0.0]",6368
dardic-language-evidence,LONG,LONG,chil1275,dardic,35.25,73.33,Chil,"[""Dardic-associated family only"", ""Plains-associated family only"", ""Both focal families"", ""One focal + other families"", ""Other families only"", ""No resolved family""]","[1, 0.0, 0.0, 0.0, 0.0, 0.0]",6368
dardic-language-evidence,LONG,LONG,dame1241,dardic,35.3,71.68,Dm,"[""Dardic-associated family only"", ""Plains-associated family only"", ""Both focal families"", ""One focal + other families"", ""Other families only"", ""No resolved family""]","[1, 0.0, 0.0, 0.0, 0.0, 0.0]",6368
dardic-language-evidence,LONG,LONG,gawa1247,dardic,35.2,71.54,Gaw,"[""Dardic-associated family only"", ""Plains-associated family only"", ""Both focal families"", ""One focal + other families"", ""Other families only"", ""No resolved family""]","[1, 0.0, 0.0, 0.0, 0.0, 0.0]",6368
dardic-language-evidence,LONG,LONG,gowr1239,dardic,35.1243,73.1233,Gowro,"[""Dardic-associated family only"", ""Plains-associated family only"", ""Both focal families"", ""One focal + other families"", ""Other families only"", ""No resolved family""]","[0.0, 0.0, 0.0, 0.0, 0.0, 1]",
dardic-language-evidence,LONG,LONG,indu1241,dardic,35.34,73.02,Mai,"[""Dardic-associated family only"", ""Plains-associated family only"", ""Both focal families"", ""One focal + other families"", ""Other families only"", ""No resolved family""]","[1, 0.0, 0.0, 0.0, 0.0, 0.0]",6368
dardic-language-evidence,LONG,LONG,kala1372,dardic,35.64,71.67,Kal,"[""Dardic-associated family only"", ""Plains-associated family only"", ""Both focal families"", ""One focal + other families"", ""Other families only"", ""No resolved family""]","[1, 0.0, 0.0, 0.0, 0.0, 0.0]",6368
dardic-language-evidence,LONG,LONG,kala1373,dardic,35.53,72.57,Bshk,"[""Dardic-associated family only"", ""Plains-associated family only"", ""Both focal families"", ""One focal + other families"", ""Other families only"", ""No resolved family""]","[1, 0.0, 0.0, 0.0, 0.0, 0.0]",6368
dardic-language-evidence,LONG,LONG,kalk1245,dardic,35.41,72.17,Kalk,"[""Dardic-associated family only"", ""Plains-associated family only"", ""Both focal families"", ""One focal + other families"", ""Other families only"", ""No resolved family""]","[1, 0.0, 0.0, 0.0, 0.0, 0.0]",6368
dardic-language-evidence,LONG,LONG,kash1277,dardic,34.17,74.33,K,"[""Dardic-associated family only"", ""Plains-associated family only"", ""Both focal families"", ""One focal + other families"", ""Other families only"", ""No resolved family""]","[0.0, 1, 0.0, 0.0, 0.0, 0.0]",10951
dardic-language-evidence,LONG,LONG,khow1242,dardic,36.0,72.0,Kho,"[""Dardic-associated family only"", ""Plains-associated family only"", ""Both focal families"", ""One focal + other families"", ""Other families only"", ""No resolved family""]","[0.0, 0.0, 0.0, 0.0, 1, 0.0]",6616
dardic-language-evidence,LONG,LONG,kund1257,dardic,34.56,73.83,Kund,"[""Dardic-associated family only"", ""Plains-associated family only"", ""Both focal families"", ""One focal + other families"", ""Other families only"", ""No resolved family""]","[1, 0.0, 0.0, 0.0, 0.0, 0.0]",6368
dardic-language-evidence,LONG,LONG,nort2666,dardic,34.66,70.43,Pas,"[""Dardic-associated family only"", ""Plains-associated family only"", ""Both focal families"", ""One focal + other families"", ""Other families only"", ""No resolved family""]","[0.0, 0.0, 0.0, 1, 0.0, 0.0]",1627;6368
dardic-language-evidence,LONG,LONG,phal1254,dardic,35.51,71.84,Phal,"[""Dardic-associated family only"", ""Plains-associated family only"", ""Both focal families"", ""One focal + other families"", ""Other families only"", ""No resolved family""]","[1, 0.0, 0.0, 0.0, 0.0, 0.0]",6368
dardic-language-evidence,LONG,LONG,savi1242,dardic,35.3,71.56,Sv,"[""Dardic-associated family only"", ""Plains-associated family only"", ""Both focal families"", ""One focal + other families"", ""Other families only"", ""No resolved family""]","[1, 0.0, 0.0, 0.0, 0.0, 0.0]",6368
dardic-language-evidence,LONG,LONG,shin1264,dardic,34.65,75.29,Sh,"[""Dardic-associated family only"", ""Plains-associated family only"", ""Both focal families"", ""One focal + other families"", ""Other families only"", ""No resolved family""]","[1, 0.0, 0.0, 0.0, 0.0, 0.0]",6368
dardic-language-evidence,LONG,LONG,shum1235,dardic,34.48,70.57,Shum,"[""Dardic-associated family only"", ""Plains-associated family only"", ""Both focal families"", ""One focal + other families"", ""Other families only"", ""No resolved family""]","[1, 0.0, 0.0, 0.0, 0.0, 0.0]",6368
dardic-language-evidence,LONG,LONG,tira1253,dardic,34.18,69.59,Tir,"[""Dardic-associated family only"", ""Plains-associated family only"", ""Both focal families"", ""One focal + other families"", ""Other families only"", ""No resolved family""]","[1, 0.0, 0.0, 0.0, 0.0, 0.0]",6368
dardic-language-evidence,LONG,LONG,torw1241,dardic,35.21,72.55,Tor,"[""Dardic-associated family only"", ""Plains-associated family only"", ""Both focal families"", ""One focal + other families"", ""Other families only"", ""No resolved family""]","[1, 0.0, 0.0, 0.0, 0.0, 0.0]",6368
dardic-language-evidence,LONG,LONG,usho1238,dardic,35.139395,72.67756,Ush,"[""Dardic-associated family only"", ""Plains-associated family only"", ""Both focal families"", ""One focal + other families"", ""Other families only"", ""No resolved family""]","[1, 0.0, 0.0, 0.0, 0.0, 0.0]",6368
dardic-language-evidence,LONG,LONG,wota1240,dardic,34.7,70.86,Wot,"[""Dardic-associated family only"", ""Plains-associated family only"", ""Both focal families"", ""One focal + other families"", ""Other families only"", ""No resolved family""]","[1, 0.0, 0.0, 0.0, 0.0, 0.0]",6368
dardic-language-evidence,LONG,LONG,adiv1239,plains,18.3234,82.8806,AdivasiOriya,"[""Dardic-associated family only"", ""Plains-associated family only"", ""Both focal families"", ""One focal + other families"", ""Other families only"", ""No resolved family""]","[0.0, 0.0, 0.0, 0.0, 0.0, 1]",
dardic-language-evidence,LONG,LONG,assa1263,plains,26.7509,94.2037,A,"[""Dardic-associated family only"", ""Plains-associated family only"", ""Both focal families"", ""One focal + other families"", ""Other families only"", ""No resolved family""]","[0.0, 0.0, 1, 0.0, 0.0, 0.0]",10951;6368
dardic-language-evidence,LONG,LONG,avan1234,plains,33.994201,72.483087,awan,"[""Dardic-associated family only"", ""Plains-associated family only"", ""Both focal families"", ""One focal + other families"", ""Other families only"", ""No resolved family""]","[0.0, 0.0, 0.0, 0.0, 0.0, 1]",
dardic-language-evidence,LONG,LONG,bagh1251,plains,24.482879,81.356341,bagheli_lakshman,"[""Dardic-associated family only"", ""Plains-associated family only"", ""Both focal families"", ""One focal + other families"", ""Other families only"", ""No resolved family""]","[0.0, 1, 0.0, 0.0, 0.0, 0.0]",10951
dardic-language-evidence,LONG,LONG,bagr1243,plains,29.40465,74.40918,bagri_fatehabad,"[""Dardic-associated family only"", ""Plains-associated family only"", ""Both focal families"", ""One focal + other families"", ""Other families only"", ""No resolved family""]","[0.0, 1, 0.0, 0.0, 0.0, 0.0]",10951
dardic-language-evidence,LONG,LONG,beng1280,plains,23.471,88.5565,B,"[""Dardic-associated family only"", ""Plains-associated family only"", ""Both focal families"", ""One focal + other families"", ""Other families only"", ""No resolved family""]","[0.0, 0.0, 0.0, 0.0, 1, 0.0]",9158
dardic-language-evidence,LONG,LONG,bhat1265,plains,19.2778,82.1341,Bhatri,"[""Dardic-associated family only"", ""Plains-associated family only"", ""Both focal families"", ""One focal + other families"", ""Other families only"", ""No resolved family""]","[0.0, 0.0, 0.0, 0.0, 0.0, 1]",
dardic-language-evidence,LONG,LONG,bhil1251,plains,20.85,73.9592,Bhili,"[""Dardic-associated family only"", ""Plains-associated family only"", ""Both focal families"", ""One focal + other families"", ""Other families only"", ""No resolved family""]","[0.0, 0.0, 0.0, 0.0, 0.0, 1]",
dardic-language-evidence,LONG,LONG,bhil1253,plains,22.58346,74.59014,Bhilali,"[""Dardic-associated family only"", ""Plains-associated family only"", ""Both focal families"", ""One focal + other families"", ""Other families only"", ""No resolved family""]","[0.0, 0.0, 0.0, 0.0, 0.0, 1]",
dardic-language-evidence,LONG,LONG,bhoj1244,plains,26.46,84.82,Bhoj,"[""Dardic-associated family only"", ""Plains-associated family only"", ""Both focal families"", ""One focal + other families"", ""Other families only"", ""No resolved family""]","[0.0, 1, 0.0, 0.0, 0.0, 0.0]",10951
dardic-language-evidence,LONG,LONG,bish1244,plains,24.5,91.8,Bishnupriya,"[""Dardic-associated family only"", ""Plains-associated family only"", ""Both focal families"", ""One focal + other families"", ""Other families only"", ""No resolved family""]","[0.0, 0.0, 0.0, 0.0, 0.0, 1]",
dardic-language-evidence,LONG,LONG,braj1242,plains,26.48,78.08,Brj,"[""Dardic-associated family only"", ""Plains-associated family only"", ""Both focal families"", ""One focal + other families"", ""Other families only"", ""No resolved family""]","[0.0, 1, 0.0, 0.0, 0.0, 0.0]",10951
dardic-language-evidence,LONG,LONG,buks1238,plains,29.397962,79.126163,Buksa,"[""Dardic-associated family only"", ""Plains-associated family only"", ""Both focal families"", ""One focal + other families"", ""Other families only"", ""No resolved family""]","[0.0, 1, 0.0, 0.0, 0.0, 0.0]",10951
dardic-language-evidence,LONG,LONG,bund1253,plains,25.008376,79.564258,bundeli_atarra,"[""Dardic-associated family only"", ""Plains-associated family only"", ""Both focal families"", ""One focal + other families"", ""Other families only"", ""No resolved family""]","[0.0, 0.0, 0.0, 1, 0.0, 0.0]",10951;11225
dardic-language-evidence,LONG,LONG,chha1249,plains,21.225068,82.028298,NDu,"[""Dardic-associated family only"", ""Plains-associated family only"", ""Both focal families"", ""One focal + other families"", ""Other families only"", ""No resolved family""]","[0.0, 1, 0.0, 0.0, 0.0, 0.0]",10951
dardic-language-evidence,LONG,LONG,chit1274,plains,27.58,84.41,Chitwan,"[""Dardic-associated family only"", ""Plains-associated family only"", ""Both focal families"", ""One focal + other families"", ""Other families only"", ""No resolved family""]","[0.0, 1, 0.0, 0.0, 0.0, 0.0]",10951
dardic-language-evidence,LONG,LONG,dang1260,plains,27.88,81.78,Dang,"[""Dardic-associated family only"", ""Plains-associated family only"", ""Both focal families"", ""One focal + other families"", ""Other families only"", ""No resolved family""]","[0.0, 1, 0.0, 0.0, 0.0, 0.0]",10951
dardic-language-evidence,LONG,LONG,dhan1265,plains,27.36,85.41,DewasDoneDanuwar,"[""Dardic-associated family only"", ""Plains-associated family only"", ""Both focal families"", ""One focal + other families"", ""Other families only"", ""No resolved family""]","[0.0, 0.0, 0.0, 0.0, 0.0, 1]",
dardic-language-evidence,LONG,LONG,dhun1238,plains,26.696403,75.972699,dhundari_bamore,"[""Dardic-associated family only"", ""Plains-associated family only"", ""Both focal families"", ""One focal + other families"", ""Other families only"", ""No resolved family""]","[0.0, 1, 0.0, 0.0, 0.0, 0.0]",10951
dardic-language-evidence,LONG,LONG,dung1251,plains,,,,"[""Dardic-associated family only"", ""Plains-associated family only"", ""Both focal families"", ""One focal + other families"", ""Other families only"", ""No resolved family""]","[0.0, 0.0, 0.0, 0.0, 0.0, 1]",
dardic-language-evidence,LONG,LONG,east2316,plains,26.666667,87.5,Morang,"[""Dardic-associated family only"", ""Plains-associated family only"", ""Both focal families"", ""One focal + other families"", ""Other families only"", ""No resolved family""]","[0.0, 1, 0.0, 0.0, 0.0, 0.0]",10951
dardic-language-evidence,LONG,LONG,godw1241,plains,25.417504,73.107785,marwari_bagra,"[""Dardic-associated family only"", ""Plains-associated family only"", ""Both focal families"", ""One focal + other families"", ""Other families only"", ""No resolved family""]","[0.0, 1, 0.0, 0.0, 0.0, 0.0]",10951
dardic-language-evidence,LONG,LONG,guja1252,plains,22.69,71.1,G,"[""Dardic-associated family only"", ""Plains-associated family only"", ""Both focal families"", ""One focal + other families"", ""Other families only"", ""No resolved family""]","[0.0, 1, 0.0, 0.0, 0.0, 0.0]",10951
dardic-language-evidence,LONG,LONG,guja1253,plains,34.043002,73.225443,Goj,"[""Dardic-associated family only"", ""Plains-associated family only"", ""Both focal families"", ""One focal + other families"", ""Other families only"", ""No resolved family""]","[0.0, 0.0, 0.0, 0.0, 0.0, 1]",
dardic-language-evidence,LONG,LONG,hada1254,plains,25.138213,76.876916,hadothi_kelwada,"[""Dardic-associated family only"", ""Plains-associated family only"", ""Both focal families"", ""One focal + other families"", ""Other families only"", ""No resolved family""]","[0.0, 1, 0.0, 0.0, 0.0, 0.0]",10951
dardic-language-evidence,LONG,LONG,hado1235,plains,24.85,75.84,had,"[""Dardic-associated family only"", ""Plains-associated family only"", ""Both focal families"", ""One focal + other families"", ""Other families only"", ""No resolved family""]","[0.0, 0.0, 0.0, 1, 0.0, 0.0]",10951;11225
dardic-language-evidence,LONG,LONG,hajo1238,plains,25.5143,89.8594,Hajong,"[""Dardic-associated family only"", ""Plains-associated family only"", ""Both focal families"", ""One focal + other families"", ""Other families only"", ""No resolved family""]","[0.0, 0.0, 0.0, 0.0, 0.0, 1]",
dardic-language-evidence,LONG,LONG,halb1244,plains,20.31,81.37,hal,"[""Dardic-associated family only"", ""Plains-associated family only"", ""Both focal families"", ""One focal + other families"", ""Other families only"", ""No resolved family""]","[0.0, 0.0, 0.0, 0.0, 0.0, 1]",
dardic-language-evidence,LONG,LONG,hary1238,plains,28.91568,76.37168,kaithal,"[""Dardic-associated family only"", ""Plains-associated family only"", ""Both focal families"", ""One focal + other families"", ""Other families only"", ""No resolved family""]","[0.0, 0.0, 0.0, 0.0, 0.0, 1]",
dardic-language-evidence,LONG,LONG,hind1269,plains,28.7041,77.1025,H,"[""Dardic-associated family only"", ""Plains-associated family only"", ""Both focal families"", ""One focal + other families"", ""Other families only"", ""No resolved family""]","[0.0, 0.0, 1, 0.0, 0.0, 0.0]",10951;6368
dardic-language-evidence,LONG,LONG,jadg1238,plains,23.588,58.3829,Zadj,"[""Dardic-associated family only"", ""Plains-associated family only"", ""Both focal families"", ""One focal + other families"", ""Other families only"", ""No resolved family""]","[1, 0.0, 0.0, 0.0, 0.0, 0.0]",6368
dardic-language-evidence,LONG,LONG,kana1281,plains,27.0437956,79.8951742,Kannauji-Central,"[""Dardic-associated family only"", ""Plains-associated family only"", ""Both focal families"", ""One focal + other families"", ""Other families only"", ""No resolved family""]","[0.0, 1, 0.0, 0.0, 0.0, 0.0]",10951
dardic-language-evidence,LONG,LONG,kath1250,plains,28.53981,80.797511,Kathoriya,"[""Dardic-associated family only"", ""Plains-associated family only"", ""Both focal families"", ""One focal + other families"", ""Other families only"", ""No resolved family""]","[0.0, 0.0, 0.0, 0.0, 0.0, 1]",
dardic-language-evidence,LONG,LONG,khan1272,plains,21.3181,74.142,Khandesi,"[""Dardic-associated family only"", ""Plains-associated family only"", ""Both focal families"", ""One focal + other families"", ""Other families only"", ""No resolved family""]","[0.0, 0.0, 0.0, 0.0, 0.0, 1]",
dardic-language-evidence,LONG,LONG,khet1238,plains,30.48,70.28,khet,"[""Dardic-associated family only"", ""Plains-associated family only"", ""Both focal families"", ""One focal + other families"", ""Other families only"", ""No resolved family""]","[1, 0.0, 0.0, 0.0, 0.0, 0.0]",6368
dardic-language-evidence,LONG,LONG,khol1241,plains,27.12,54.3,Khol,"[""Dardic-associated family only"", ""Plains-associated family only"", ""Both focal families"", ""One focal + other families"", ""Other families only"", ""No resolved family""]","[1, 0.0, 0.0, 0.0, 0.0, 0.0]",6368
dardic-language-evidence,LONG,LONG,koch1247,plains,26.65,86.75,KochilaTharu,"[""Dardic-associated family only"", ""Plains-associated family only"", ""Both focal families"", ""One focal + other families"", ""Other families only"", ""No resolved family""]","[0.0, 0.0, 0.0, 0.0, 0.0, 1]",
dardic-language-evidence,LONG,LONG,koch1253,plains,27.12,85.63,KochariyaEastDanuwar,"[""Dardic-associated family only"", ""Plains-associated family only"", ""Both focal families"", ""One focal + other families"", ""Other families only"", ""No resolved family""]","[0.0, 0.0, 0.0, 0.0, 0.0, 1]",
dardic-language-evidence,LONG,LONG,luwa1238,plains,23.616667,58.566667,maimani,"[""Dardic-associated family only"", ""Plains-associated family only"", ""Both focal families"", ""One focal + other families"", ""Other families only"", ""No resolved family""]","[1, 0.0, 0.0, 0.0, 0.0, 0.0]",6368
dardic-language-evidence,LONG,LONG,maga1260,plains,25.0915,85.3335,MagahiNepal,"[""Dardic-associated family only"", ""Plains-associated family only"", ""Both focal families"", ""One focal + other families"", ""Other families only"", ""No resolved family""]","[0.0, 0.0, 0.0, 0.0, 0.0, 1]",
dardic-language-evidence,LONG,LONG,mait1250,plains,26.38,86.22,Mth,"[""Dardic-associated family only"", ""Plains-associated family only"", ""Both focal families"", ""One focal + other families"", ""Other families only"", ""No resolved family""]","[0.0, 1, 0.0, 0.0, 0.0, 0.0]",10951
dardic-language-evidence,LONG,LONG,majh1253,plains,27.35,86.0,Majhi,"[""Dardic-associated family only"", ""Plains-associated family only"", ""Both focal families"", ""One focal + other families"", ""Other families only"", ""No resolved family""]","[0.0, 0.0, 0.0, 0.0, 0.0, 1]",
dardic-language-evidence,LONG,LONG,malv1243,plains,24.243083,75.027707,mewari_basad,"[""Dardic-associated family only"", ""Plains-associated family only"", ""Both focal families"", ""One focal + other families"", ""Other families only"", ""No resolved family""]","[0.0, 1, 0.0, 0.0, 0.0, 0.0]",10951
dardic-language-evidence,LONG,LONG,mara1378,plains,18.5204,73.8567,M,"[""Dardic-associated family only"", ""Plains-associated family only"", ""Both focal families"", ""One focal + other families"", ""Other families only"", ""No resolved family""]","[0.0, 1, 0.0, 0.0, 0.0, 0.0]",10951
dardic-language-evidence,LONG,LONG,marw1260,plains,27.0,75.07,Marw,"[""Dardic-associated family only"", ""Plains-associated family only"", ""Both focal families"", ""One focal + other families"", ""Other families only"", ""No resolved family""]","[0.0, 0.0, 1, 0.0, 0.0, 0.0]",10951;6368
dardic-language-evidence,LONG,LONG,mewa1249,plains,25.084731,74.220835,mewari_dholpura,"[""Dardic-associated family only"", ""Plains-associated family only"", ""Both focal families"", ""One focal + other families"", ""Other families only"", ""No resolved family""]","[0.0, 0.0, 0.0, 1, 0.0, 0.0]",10187;10951;11225
dardic-language-evidence,LONG,LONG,mewa1250,plains,27.817648,77.035043,mewati_akera,"[""Dardic-associated family only"", ""Plains-associated family only"", ""Both focal families"", ""One focal + other families"", ""Other families only"", ""No resolved family""]","[0.0, 1, 0.0, 0.0, 0.0, 0.0]",10951
dardic-language-evidence,LONG,LONG,nima1243,plains,22.1263,76.1264,Nimadi,"[""Dardic-associated family only"", ""Plains-associated family only"", ""Both focal families"", ""One focal + other families"", ""Other families only"", ""No resolved family""]","[0.0, 0.0, 0.0, 0.0, 0.0, 1]",
dardic-language-evidence,LONG,LONG,noir1238,plains,,,,"[""Dardic-associated family only"", ""Plains-associated family only"", ""Both focal families"", ""One focal + other families"", ""Other families only"", ""No resolved family""]","[0.0, 0.0, 0.0, 0.0, 0.0, 1]",
dardic-language-evidence,LONG,LONG,oriy1255,plains,21.0,85.0,Or,"[""Dardic-associated family only"", ""Plains-associated family only"", ""Both focal families"", ""One focal + other families"", ""Other families only"", ""No resolved family""]","[0.0, 1, 0.0, 0.0, 0.0, 0.0]",10951
dardic-language-evidence,LONG,LONG,paha1251,plains,33.148,73.7537,poth,"[""Dardic-associated family only"", ""Plains-associated family only"", ""Both focal families"", ""One focal + other families"", ""Other families only"", ""No resolved family""]","[0.0, 0.0, 0.0, 0.0, 0.0, 1]",
dardic-language-evidence,LONG,LONG,paly1238,plains,21.937,75.233,PalyaBareli,"[""Dardic-associated family only"", ""Plains-associated family only"", ""Both focal families"", ""One focal + other families"", ""Other families only"", ""No resolved family""]","[0.0, 0.0, 0.0, 0.0, 0.0, 1]",
dardic-language-evidence,LONG,LONG,panj1256,plains,30.04,75.67,P,"[""Dardic-associated family only"", ""Plains-associated family only"", ""Both focal families"", ""One focal + other families"", ""Other families only"", ""No resolved family""]","[0.0, 0.0, 0.0, 1, 0.0, 0.0]",10951;9162;9165
dardic-language-evidence,LONG,LONG,paur1238,plains,21.228,74.337,PauriBareli,"[""Dardic-associated family only"", ""Plains-associated family only"", ""Both focal families"", ""One focal + other families"", ""Other families only"", ""No resolved family""]","[0.0, 0.0, 0.0, 0.0, 0.0, 1]",
dardic-language-evidence,LONG,LONG,raja1256,plains,26.47,76.2,Rj,"[""Dardic-associated family only"", ""Plains-associated family only"", ""Both focal families"", ""One focal + other families"", ""Other families only"", ""No resolved family""]","[0.0, 0.0, 0.0, 0.0, 1, 0.0]",10187
dardic-language-evidence,LONG,LONG,rajb1243,plains,26.4877,87.79265,MH,"[""Dardic-associated family only"", ""Plains-associated family only"", ""Both focal families"", ""One focal + other families"", ""Other families only"", ""No resolved family""]","[0.0, 1, 0.0, 0.0, 0.0, 0.0]",10951
dardic-language-evidence,LONG,LONG,rana1246,plains,28.65,80.44,Rana,"[""Dardic-associated family only"", ""Plains-associated family only"", ""Both focal families"", ""One focal + other families"", ""Other families only"", ""No resolved family""]","[0.0, 1, 0.0, 0.0, 0.0, 0.0]",10951
dardic-language-evidence,LONG,LONG,rang1265,plains,26.280348,89.39468,BH,"[""Dardic-associated family only"", ""Plains-associated family only"", ""Both focal families"", ""One focal + other families"", ""Other families only"", ""No resolved family""]","[0.0, 0.0, 0.0, 1, 0.0, 0.0]",10951;5524
dardic-language-evidence,LONG,LONG,rath1242,plains,21.4375,74.9958,RathwiBareli,"[""Dardic-associated family only"", ""Plains-associated family only"", ""Both focal families"", ""One focal + other families"", ""Other families only"", ""No resolved family""]","[0.0, 0.0, 0.0, 0.0, 0.0, 1]",
dardic-language-evidence,LONG,LONG,rath1243,plains,22.309,73.186,Rathawi,"[""Dardic-associated family only"", ""Plains-associated family only"", ""Both focal families"", ""One focal + other families"", ""Other families only"", ""No resolved family""]","[0.0, 0.0, 0.0, 0.0, 0.0, 1]",
dardic-language-evidence,LONG,LONG,sera1259,plains,29.55,71.91,srk,"[""Dardic-associated family only"", ""Plains-associated family only"", ""Both focal families"", ""One focal + other families"", ""Other families only"", ""No resolved family""]","[0.0, 0.0, 0.0, 0.0, 0.0, 1]",
dardic-language-evidence,LONG,LONG,shek1243,plains,27.978027,75.163279,dhundari_badagaon,"[""Dardic-associated family only"", ""Plains-associated family only"", ""Both focal families"", ""One focal + other families"", ""Other families only"", ""No resolved family""]","[0.0, 0.0, 0.0, 1, 0.0, 0.0]",10951;11225
dardic-language-evidence,LONG,LONG,sind1272,plains,26.0,69.0,S,"[""Dardic-associated family only"", ""Plains-associated family only"", ""Both focal families"", ""One focal + other families"", ""Other families only"", ""No resolved family""]","[1, 0.0, 0.0, 0.0, 0.0, 0.0]",6368
dardic-language-evidence,LONG,LONG,surg1246,plains,23.045719,83.189104,SSr,"[""Dardic-associated family only"", ""Plains-associated family only"", ""Both focal families"", ""One focal + other families"", ""Other families only"", ""No resolved family""]","[0.0, 1, 0.0, 0.0, 0.0, 0.0]",10951
dardic-language-evidence,LONG,LONG,surj1235,plains,26.0982,87.945,KS,"[""Dardic-associated family only"", ""Plains-associated family only"", ""Both focal families"", ""One focal + other families"", ""Other families only"", ""No resolved family""]","[0.0, 1, 0.0, 0.0, 0.0, 0.0]",10951
dardic-language-evidence,LONG,LONG,thar1284,plains,28.837028,80.320613,Sunha,"[""Dardic-associated family only"", ""Plains-associated family only"", ""Both focal families"", ""One focal + other families"", ""Other families only"", ""No resolved family""]","[0.0, 0.0, 0.0, 0.0, 0.0, 1]",
dardic-language-evidence,LONG,LONG,vaag1238,plains,12.21,79.53,VB,"[""Dardic-associated family only"", ""Plains-associated family only"", ""Both focal families"", ""One focal + other families"", ""Other families only"", ""No resolved family""]","[0.0, 0.0, 0.0, 0.0, 0.0, 1]",
dardic-language-evidence,LONG,LONG,vasa1239,plains,,,,"[""Dardic-associated family only"", ""Plains-associated family only"", ""Both focal families"", ""One focal + other families"", ""Other families only"", ""No resolved family""]","[0.0, 0.0, 0.0, 0.0, 0.0, 1]",
dardic-language-evidence,LONG,LONG,wadi1248,plains,26.07,72.13,WK,"[""Dardic-associated family only"", ""Plains-associated family only"", ""Both focal families"", ""One focal + other families"", ""Other families only"", ""No resolved family""]","[0.0, 0.0, 0.0, 0.0, 0.0, 1]",
dardic-language-evidence,LONG,LONG,wagd1238,plains,24.137701,74.047239,mewari_bannoda,"[""Dardic-associated family only"", ""Plains-associated family only"", ""Both focal families"", ""One focal + other families"", ""Other families only"", ""No resolved family""]","[0.0, 1, 0.0, 0.0, 0.0, 0.0]",10951
dardic-language-evidence,LONG,LONG,west2386,plains,31.1704,72.7097,L,"[""Dardic-associated family only"", ""Plains-associated family only"", ""Both focal families"", ""One focal + other families"", ""Other families only"", ""No resolved family""]","[0.0, 0.0, 1, 0.0, 0.0, 0.0]",10951;6368
dardic-language-evidence,WATER,WATER,bate1261,dardic,34.95,72.92,bhatr,"[""Dardic-associated family only"", ""Plains-associated family only"", ""Both focal families"", ""One focal + other families"", ""Other families only"", ""No resolved family""]","[0.0, 1, 0.0, 0.0, 0.0, 0.0]",8082
dardic-language-evidence,WATER,WATER,brok1247,dardic,34.53,76.6,bro,"[""Dardic-associated family only"", ""Plains-associated family only"", ""Both focal families"", ""One focal + other families"", ""Other families only"", ""No resolved family""]","[0.0, 0.0, 0.0, 0.0, 0.0, 1]",
dardic-language-evidence,WATER,WATER,chil1275,dardic,35.25,73.33,Chil,"[""Dardic-associated family only"", ""Plains-associated family only"", ""Both focal families"", ""One focal + other families"", ""Other families only"", ""No resolved family""]","[1, 0.0, 0.0, 0.0, 0.0, 0.0]",1921
dardic-language-evidence,WATER,WATER,dame1241,dardic,35.3,71.68,Dm,"[""Dardic-associated family only"", ""Plains-associated family only"", ""Both focal families"", ""One focal + other families"", ""Other families only"", ""No resolved family""]","[0.0, 0.0, 0.0, 0.0, 1, 0.0]",407
dardic-language-evidence,WATER,WATER,gawa1247,dardic,35.2,71.54,Gaw,"[""Dardic-associated family only"", ""Plains-associated family only"", ""Both focal families"", ""One focal + other families"", ""Other families only"", ""No resolved family""]","[0.0, 0.0, 0.0, 0.0, 1, 0.0]",407
dardic-language-evidence,WATER,WATER,gowr1239,dardic,35.1243,73.1233,Gowro,"[""Dardic-associated family only"", ""Plains-associated family only"", ""Both focal families"", ""One focal + other families"", ""Other families only"", ""No resolved family""]","[0.0, 0.0, 0.0, 1, 0.0, 0.0]",12485;1921
dardic-language-evidence,WATER,WATER,gran1245,dardic,34.65,70.73,Gng,"[""Dardic-associated family only"", ""Plains-associated family only"", ""Both focal families"", ""One focal + other families"", ""Other families only"", ""No resolved family""]","[0.0, 0.0, 0.0, 1, 0.0, 0.0]",1799;1921
dardic-language-evidence,WATER,WATER,indu1241,dardic,35.34,73.02,Mai,"[""Dardic-associated family only"", ""Plains-associated family only"", ""Both focal families"", ""One focal + other families"", ""Other families only"", ""No resolved family""]","[1, 0.0, 0.0, 0.0, 0.0, 0.0]",1921
dardic-language-evidence,WATER,WATER,kala1372,dardic,35.64,71.67,Kal,"[""Dardic-associated family only"", ""Plains-associated family only"", ""Both focal families"", ""One focal + other families"", ""Other families only"", ""No resolved family""]","[1, 0.0, 0.0, 0.0, 0.0, 0.0]",1921
dardic-language-evidence,WATER,WATER,kala1373,dardic,35.53,72.57,Bshk,"[""Dardic-associated family only"", ""Plains-associated family only"", ""Both focal families"", ""One focal + other families"", ""Other families only"", ""No resolved family""]","[1, 0.0, 0.0, 0.0, 0.0, 0.0]",1921
dardic-language-evidence,WATER,WATER,kalk1245,dardic,35.41,72.17,Kalk,"[""Dardic-associated family only"", ""Plains-associated family only"", ""Both focal families"", ""One focal + other families"", ""Other families only"", ""No resolved family""]","[1, 0.0, 0.0, 0.0, 0.0, 0.0]",1921
dardic-language-evidence,WATER,WATER,kash1277,dardic,33.13,75.57,dod,"[""Dardic-associated family only"", ""Plains-associated family only"", ""Both focal families"", ""One focal + other families"", ""Other families only"", ""No resolved family""]","[0.0, 0.0, 0.0, 1, 0.0, 0.0]",13266;8082
dardic-language-evidence,WATER,WATER,khow1242,dardic,36.0,72.0,Kho,"[""Dardic-associated family only"", ""Plains-associated family only"", ""Both focal families"", ""One focal + other families"", ""Other families only"", ""No resolved family""]","[1, 0.0, 0.0, 0.0, 0.0, 0.0]",1921
dardic-language-evidence,WATER,WATER,kund1257,dardic,34.56,73.83,Kund,"[""Dardic-associated family only"", ""Plains-associated family only"", ""Both focal families"", ""One focal + other families"", ""Other families only"", ""No resolved family""]","[0.0, 1, 0.0, 0.0, 0.0, 0.0]",8082
dardic-language-evidence,WATER,WATER,nort2666,dardic,34.66,70.43,Pas,"[""Dardic-associated family only"", ""Plains-associated family only"", ""Both focal families"", ""One focal + other families"", ""Other families only"", ""No resolved family""]","[0.0, 0.0, 0.0, 0.0, 1, 0.0]",11556
dardic-language-evidence,WATER,WATER,phal1254,dardic,35.51,71.84,Phal,"[""Dardic-associated family only"", ""Plains-associated family only"", ""Both focal families"", ""One focal + other families"", ""Other families only"", ""No resolved family""]","[1, 0.0, 0.0, 0.0, 0.0, 0.0]",1921
dardic-language-evidence,WATER,WATER,savi1242,dardic,35.3,71.56,Sv,"[""Dardic-associated family only"", ""Plains-associated family only"", ""Both focal families"", ""One focal + other families"", ""Other families only"", ""No resolved family""]","[1, 0.0, 0.0, 0.0, 0.0, 0.0]",1921
dardic-language-evidence,WATER,WATER,shin1264,dardic,34.65,75.29,Sh,"[""Dardic-associated family only"", ""Plains-associated family only"", ""Both focal families"", ""One focal + other families"", ""Other families only"", ""No resolved family""]","[1, 0.0, 0.0, 0.0, 0.0, 0.0]",1921
dardic-language-evidence,WATER,WATER,shum1235,dardic,34.48,70.57,Shum,"[""Dardic-associated family only"", ""Plains-associated family only"", ""Both focal families"", ""One focal + other families"", ""Other families only"", ""No resolved family""]","[1, 0.0, 0.0, 0.0, 0.0, 0.0]",1921
dardic-language-evidence,WATER,WATER,tira1253,dardic,34.18,69.59,Tir,"[""Dardic-associated family only"", ""Plains-associated family only"", ""Both focal families"", ""One focal + other families"", ""Other families only"", ""No resolved family""]","[1, 0.0, 0.0, 0.0, 0.0, 0.0]",1921
dardic-language-evidence,WATER,WATER,torw1241,dardic,35.21,72.55,Tor,"[""Dardic-associated family only"", ""Plains-associated family only"", ""Both focal families"", ""One focal + other families"", ""Other families only"", ""No resolved family""]","[1, 0.0, 0.0, 0.0, 0.0, 0.0]",1921
dardic-language-evidence,WATER,WATER,usho1238,dardic,35.139395,72.67756,Ush,"[""Dardic-associated family only"", ""Plains-associated family only"", ""Both focal families"", ""One focal + other families"", ""Other families only"", ""No resolved family""]","[1, 0.0, 0.0, 0.0, 0.0, 0.0]",1921
dardic-language-evidence,WATER,WATER,wota1240,dardic,34.7,70.86,Wot,"[""Dardic-associated family only"", ""Plains-associated family only"", ""Both focal families"", ""One focal + other families"", ""Other families only"", ""No resolved family""]","[0.0, 1, 0.0, 0.0, 0.0, 0.0]",8082
dardic-language-evidence,WATER,WATER,adiv1239,plains,18.3234,82.8806,AdivasiOriya,"[""Dardic-associated family only"", ""Plains-associated family only"", ""Both focal families"", ""One focal + other families"", ""Other families only"", ""No resolved family""]","[0.0, 0.0, 0.0, 0.0, 0.0, 1]",
dardic-language-evidence,WATER,WATER,assa1263,plains,26.7509,94.2037,A,"[""Dardic-associated family only"", ""Plains-associated family only"", ""Both focal families"", ""One focal + other families"", ""Other families only"", ""No resolved family""]","[0.0, 0.0, 0.0, 1, 0.0, 0.0]",5155;8082
dardic-language-evidence,WATER,WATER,avan1234,plains,33.994201,72.483087,awan,"[""Dardic-associated family only"", ""Plains-associated family only"", ""Both focal families"", ""One focal + other families"", ""Other families only"", ""No resolved family""]","[0.0, 0.0, 0.0, 0.0, 0.0, 1]",
dardic-language-evidence,WATER,WATER,awad1243,plains,27.59,82.47,Aw,"[""Dardic-associated family only"", ""Plains-associated family only"", ""Both focal families"", ""One focal + other families"", ""Other families only"", ""No resolved family""]","[0.0, 1, 0.0, 0.0, 0.0, 0.0]",8082
dardic-language-evidence,WATER,WATER,bagh1251,plains,24.482879,81.356341,bagheli_lakshman,"[""Dardic-associated family only"", ""Plains-associated family only"", ""Both focal families"", ""One focal + other families"", ""Other families only"", ""No resolved family""]","[0.0, 1, 0.0, 0.0, 0.0, 0.0]",8082
dardic-language-evidence,WATER,WATER,bagr1243,plains,29.40465,74.40918,bagri_fatehabad,"[""Dardic-associated family only"", ""Plains-associated family only"", ""Both focal families"", ""One focal + other families"", ""Other families only"", ""No resolved family""]","[0.0, 1, 0.0, 0.0, 0.0, 0.0]",8082
dardic-language-evidence,WATER,WATER,beng1280,plains,23.471,88.5565,B,"[""Dardic-associated family only"", ""Plains-associated family only"", ""Both focal families"", ""One focal + other families"", ""Other families only"", ""No resolved family""]","[0.0, 0.0, 0.0, 1, 0.0, 0.0]",5155;8082
dardic-language-evidence,WATER,WATER,bhat1265,plains,19.2778,82.1341,Bhatri,"[""Dardic-associated family only"", ""Plains-associated family only"", ""Both focal families"", ""One focal + other families"", ""Other families only"", ""No resolved family""]","[0.0, 0.0, 0.0, 0.0, 0.0, 1]",
dardic-language-evidence,WATER,WATER,bhil1251,plains,20.85,73.9592,Bhili,"[""Dardic-associated family only"", ""Plains-associated family only"", ""Both focal families"", ""One focal + other families"", ""Other families only"", ""No resolved family""]","[0.0, 0.0, 0.0, 0.0, 0.0, 1]",
dardic-language-evidence,WATER,WATER,bhil1253,plains,22.58346,74.59014,Bhilali,"[""Dardic-associated family only"", ""Plains-associated family only"", ""Both focal families"", ""One focal + other families"", ""Other families only"", ""No resolved family""]","[0.0, 0.0, 0.0, 0.0, 0.0, 1]",
dardic-language-evidence,WATER,WATER,bhoj1244,plains,26.46,84.82,Bhoj,"[""Dardic-associated family only"", ""Plains-associated family only"", ""Both focal families"", ""One focal + other families"", ""Other families only"", ""No resolved family""]","[0.0, 1, 0.0, 0.0, 0.0, 0.0]",8082
dardic-language-evidence,WATER,WATER,biha1245,plains,24.68,87.5,Bi,"[""Dardic-associated family only"", ""Plains-associated family only"", ""Both focal families"", ""One focal + other families"", ""Other families only"", ""No resolved family""]","[0.0, 0.0, 0.0, 0.0, 1, 0.0]",10085
dardic-language-evidence,WATER,WATER,bish1244,plains,24.5,91.8,Bishnupriya,"[""Dardic-associated family only"", ""Plains-associated family only"", ""Both focal families"", ""One focal + other families"", ""Other families only"", ""No resolved family""]","[0.0, 0.0, 0.0, 0.0, 0.0, 1]",
dardic-language-evidence,WATER,WATER,braj1242,plains,26.48,78.08,Brj,"[""Dardic-associated family only"", ""Plains-associated family only"", ""Both focal families"", ""One focal + other families"", ""Other families only"", ""No resolved family""]","[0.0, 0.0, 0.0, 1, 0.0, 0.0]",7552;8082
dardic-language-evidence,WATER,WATER,buks1238,plains,29.397962,79.126163,Buksa,"[""Dardic-associated family only"", ""Plains-associated family only"", ""Both focal families"", ""One focal + other families"", ""Other families only"", ""No resolved family""]","[0.0, 0.0, 0.0, 0.0, 0.0, 1]",
dardic-language-evidence,WATER,WATER,bund1253,plains,25.008376,79.564258,bundeli_atarra,"[""Dardic-associated family only"", ""Plains-associated family only"", ""Both focal families"", ""One focal + other families"", ""Other families only"", ""No resolved family""]","[0.0, 1, 0.0, 0.0, 0.0, 0.0]",8082
dardic-language-evidence,WATER,WATER,chha1249,plains,21.225068,82.028298,NDu,"[""Dardic-associated family only"", ""Plains-associated family only"", ""Both focal families"", ""One focal + other families"", ""Other families only"", ""No resolved family""]","[0.0, 1, 0.0, 0.0, 0.0, 0.0]",8082
dardic-language-evidence,WATER,WATER,chit1274,plains,27.58,84.41,Chitwan,"[""Dardic-associated family only"", ""Plains-associated family only"", ""Both focal families"", ""One focal + other families"", ""Other families only"", ""No resolved family""]","[0.0, 1, 0.0, 0.0, 0.0, 0.0]",8082
dardic-language-evidence,WATER,WATER,dang1260,plains,27.88,81.78,Dang,"[""Dardic-associated family only"", ""Plains-associated family only"", ""Both focal families"", ""One focal + other families"", ""Other families only"", ""No resolved family""]","[0.0, 1, 0.0, 0.0, 0.0, 0.0]",8082
dardic-language-evidence,WATER,WATER,dhan1265,plains,27.36,85.41,DewasDoneDanuwar,"[""Dardic-associated family only"", ""Plains-associated family only"", ""Both focal families"", ""One focal + other families"", ""Other families only"", ""No resolved family""]","[0.0, 0.0, 0.0, 0.0, 0.0, 1]",
dardic-language-evidence,WATER,WATER,dhun1238,plains,26.696403,75.972699,dhundari_bamore,"[""Dardic-associated family only"", ""Plains-associated family only"", ""Both focal families"", ""One focal + other families"", ""Other families only"", ""No resolved family""]","[0.0, 1, 0.0, 0.0, 0.0, 0.0]",8082
dardic-language-evidence,WATER,WATER,dung1251,plains,,,,"[""Dardic-associated family only"", ""Plains-associated family only"", ""Both focal families"", ""One focal + other families"", ""Other families only"", ""No resolved family""]","[0.0, 0.0, 0.0, 0.0, 0.0, 1]",
dardic-language-evidence,WATER,WATER,east2316,plains,26.666667,87.5,Morang,"[""Dardic-associated family only"", ""Plains-associated family only"", ""Both focal families"", ""One focal + other families"", ""Other families only"", ""No resolved family""]","[0.0, 1, 0.0, 0.0, 0.0, 0.0]",8082
dardic-language-evidence,WATER,WATER,godw1241,plains,25.417504,73.107785,marwari_bagra,"[""Dardic-associated family only"", ""Plains-associated family only"", ""Both focal families"", ""One focal + other families"", ""Other families only"", ""No resolved family""]","[0.0, 1, 0.0, 0.0, 0.0, 0.0]",8082
dardic-language-evidence,WATER,WATER,guja1252,plains,22.69,71.1,G,"[""Dardic-associated family only"", ""Plains-associated family only"", ""Both focal families"", ""One focal + other families"", ""Other families only"", ""No resolved family""]","[0.0, 0.0, 0.0, 1, 0.0, 0.0]",13388;5155;8082
dardic-language-evidence,WATER,WATER,guja1253,plains,34.043002,73.225443,Goj,"[""Dardic-associated family only"", ""Plains-associated family only"", ""Both focal families"", ""One focal + other families"", ""Other families only"", ""No resolved family""]","[0.0, 0.0, 0.0, 0.0, 0.0, 1]",
dardic-language-evidence,WATER,WATER,hada1254,plains,25.138213,76.876916,hadothi_kelwada,"[""Dardic-associated family only"", ""Plains-associated family only"", ""Both focal families"", ""One focal + other families"", ""Other families only"", ""No resolved family""]","[0.0, 1, 0.0, 0.0, 0.0, 0.0]",8082
dardic-language-evidence,WATER,WATER,hado1235,plains,24.85,75.84,had,"[""Dardic-associated family only"", ""Plains-associated family only"", ""Both focal families"", ""One focal + other families"", ""Other families only"", ""No resolved family""]","[0.0, 0.0, 0.0, 1, 0.0, 0.0]",5155;8082
dardic-language-evidence,WATER,WATER,hajo1238,plains,25.5143,89.8594,Hajong,"[""Dardic-associated family only"", ""Plains-associated family only"", ""Both focal families"", ""One focal + other families"", ""Other families only"", ""No resolved family""]","[0.0, 0.0, 0.0, 0.0, 0.0, 1]",
dardic-language-evidence,WATER,WATER,halb1244,plains,20.31,81.37,hal,"[""Dardic-associated family only"", ""Plains-associated family only"", ""Both focal families"", ""One focal + other families"", ""Other families only"", ""No resolved family""]","[0.0, 0.0, 0.0, 0.0, 0.0, 1]",
dardic-language-evidence,WATER,WATER,hary1238,plains,28.91568,76.37168,kaithal,"[""Dardic-associated family only"", ""Plains-associated family only"", ""Both focal families"", ""One focal + other families"", ""Other families only"", ""No resolved family""]","[0.0, 0.0, 0.0, 0.0, 0.0, 1]",
dardic-language-evidence,WATER,WATER,hind1269,plains,28.7041,77.1025,H,"[""Dardic-associated family only"", ""Plains-associated family only"", ""Both focal families"", ""One focal + other families"", ""Other families only"", ""No resolved family""]","[0.0, 0.0, 0.0, 1, 0.0, 0.0]",5155;7143;7552;8082
dardic-language-evidence,WATER,WATER,jadg1238,plains,23.588,58.3829,Zadj,"[""Dardic-associated family only"", ""Plains-associated family only"", ""Both focal families"", ""One focal + other families"", ""Other families only"", ""No resolved family""]","[0.0, 1, 0.0, 0.0, 0.0, 0.0]",8082
dardic-language-evidence,WATER,WATER,kach1277,plains,23.83,69.0,kcch,"[""Dardic-associated family only"", ""Plains-associated family only"", ""Both focal families"", ""One focal + other families"", ""Other families only"", ""No resolved family""]","[0.0, 0.0, 0.0, 0.0, 0.0, 1]",
dardic-language-evidence,WATER,WATER,kana1281,plains,27.0437956,79.8951742,Kannauji-Central,"[""Dardic-associated family only"", ""Plains-associated family only"", ""Both focal families"", ""One focal + other families"", ""Other families only"", ""No resolved family""]","[0.0, 1, 0.0, 0.0, 0.0, 0.0]",8082
dardic-language-evidence,WATER,WATER,kath1250,plains,28.53981,80.797511,Kathoriya,"[""Dardic-associated family only"", ""Plains-associated family only"", ""Both focal families"", ""One focal + other families"", ""Other families only"", ""No resolved family""]","[0.0, 0.0, 0.0, 0.0, 0.0, 1]",
dardic-language-evidence,WATER,WATER,khan1272,plains,21.3181,74.142,Khandesi,"[""Dardic-associated family only"", ""Plains-associated family only"", ""Both focal families"", ""One focal + other families"", ""Other families only"", ""No resolved family""]","[0.0, 0.0, 0.0, 0.0, 0.0, 1]",
dardic-language-evidence,WATER,WATER,khet1238,plains,30.48,70.28,khet,"[""Dardic-associated family only"", ""Plains-associated family only"", ""Both focal families"", ""One focal + other families"", ""Other families only"", ""No resolved family""]","[0.0, 1, 0.0, 0.0, 0.0, 0.0]",8082
dardic-language-evidence,WATER,WATER,khol1241,plains,27.12,54.3,Khol,"[""Dardic-associated family only"", ""Plains-associated family only"", ""Both focal families"", ""One focal + other families"", ""Other families only"", ""No resolved family""]","[0.0, 1, 0.0, 0.0, 0.0, 0.0]",8082
dardic-language-evidence,WATER,WATER,koch1247,plains,26.65,86.75,KochilaTharu,"[""Dardic-associated family only"", ""Plains-associated family only"", ""Both focal families"", ""One focal + other families"", ""Other families only"", ""No resolved family""]","[0.0, 0.0, 0.0, 0.0, 0.0, 1]",
dardic-language-evidence,WATER,WATER,koch1253,plains,27.12,85.63,KochariyaEastDanuwar,"[""Dardic-associated family only"", ""Plains-associated family only"", ""Both focal families"", ""One focal + other families"", ""Other families only"", ""No resolved family""]","[0.0, 0.0, 0.0, 0.0, 0.0, 1]",
dardic-language-evidence,WATER,WATER,konk1267,plains,15.2993,74.124,Ko,"[""Dardic-associated family only"", ""Plains-associated family only"", ""Both focal families"", ""One focal + other families"", ""Other families only"", ""No resolved family""]","[0.0, 1, 0.0, 0.0, 0.0, 0.0]",8082
dardic-language-evidence,WATER,WATER,luwa1238,plains,23.616667,58.566667,maimani,"[""Dardic-associated family only"", ""Plains-associated family only"", ""Both focal families"", ""One focal + other families"", ""Other families only"", ""No resolved family""]","[0.0, 1, 0.0, 0.0, 0.0, 0.0]",8082
dardic-language-evidence,WATER,WATER,maga1260,plains,25.0915,85.3335,MagahiNepal,"[""Dardic-associated family only"", ""Plains-associated family only"", ""Both focal families"", ""One focal + other families"", ""Other families only"", ""No resolved family""]","[0.0, 0.0, 0.0, 0.0, 0.0, 1]",
dardic-language-evidence,WATER,WATER,mait1250,plains,26.38,86.22,Mth,"[""Dardic-associated family only"", ""Plains-associated family only"", ""Both focal families"", ""One focal + other families"", ""Other families only"", ""No resolved family""]","[0.0, 1, 0.0, 0.0, 0.0, 0.0]",8082
dardic-language-evidence,WATER,WATER,majh1253,plains,27.35,86.0,Majhi,"[""Dardic-associated family only"", ""Plains-associated family only"", ""Both focal families"", ""One focal + other families"", ""Other families only"", ""No resolved family""]","[0.0, 0.0, 0.0, 0.0, 0.0, 1]",
dardic-language-evidence,WATER,WATER,malv1243,plains,24.243083,75.027707,mewari_basad,"[""Dardic-associated family only"", ""Plains-associated family only"", ""Both focal families"", ""One focal + other families"", ""Other families only"", ""No resolved family""]","[0.0, 1, 0.0, 0.0, 0.0, 0.0]",8082
dardic-language-evidence,WATER,WATER,mara1378,plains,18.5204,73.8567,M,"[""Dardic-associated family only"", ""Plains-associated family only"", ""Both focal families"", ""One focal + other families"", ""Other families only"", ""No resolved family""]","[0.0, 0.0, 0.0, 1, 0.0, 0.0]",4038;5155;8082
dardic-language-evidence,WATER,WATER,marw1260,plains,27.0,75.07,Marw,"[""Dardic-associated family only"", ""Plains-associated family only"", ""Both focal families"", ""One focal + other families"", ""Other families only"", ""No resolved family""]","[0.0, 1, 0.0, 0.0, 0.0, 0.0]",8082
dardic-language-evidence,WATER,WATER,mewa1249,plains,25.084731,74.220835,mewari_dholpura,"[""Dardic-associated family only"", ""Plains-associated family only"", ""Both focal families"", ""One focal + other families"", ""Other families only"", ""No resolved family""]","[0.0, 0.0, 0.0, 1, 0.0, 0.0]",5155;8082
dardic-language-evidence,WATER,WATER,mewa1250,plains,27.817648,77.035043,mewati_akera,"[""Dardic-associated family only"", ""Plains-associated family only"", ""Both focal families"", ""One focal + other families"", ""Other families only"", ""No resolved family""]","[0.0, 1, 0.0, 0.0, 0.0, 0.0]",8082
dardic-language-evidence,WATER,WATER,nima1243,plains,22.1263,76.1264,Nimadi,"[""Dardic-associated family only"", ""Plains-associated family only"", ""Both focal families"", ""One focal + other families"", ""Other families only"", ""No resolved family""]","[0.0, 0.0, 0.0, 0.0, 0.0, 1]",
dardic-language-evidence,WATER,WATER,noir1238,plains,,,,"[""Dardic-associated family only"", ""Plains-associated family only"", ""Both focal families"", ""One focal + other families"", ""Other families only"", ""No resolved family""]","[0.0, 0.0, 0.0, 0.0, 0.0, 1]",
dardic-language-evidence,WATER,WATER,oriy1255,plains,21.0,85.0,Or,"[""Dardic-associated family only"", ""Plains-associated family only"", ""Both focal families"", ""One focal + other families"", ""Other families only"", ""No resolved family""]","[0.0, 0.0, 0.0, 1, 0.0, 0.0]",5155;8082
dardic-language-evidence,WATER,WATER,paha1251,plains,33.148,73.7537,poth,"[""Dardic-associated family only"", ""Plains-associated family only"", ""Both focal families"", ""One focal + other families"", ""Other families only"", ""No resolved family""]","[0.0, 0.0, 0.0, 0.0, 0.0, 1]",
dardic-language-evidence,WATER,WATER,paly1238,plains,21.937,75.233,PalyaBareli,"[""Dardic-associated family only"", ""Plains-associated family only"", ""Both focal families"", ""One focal + other families"", ""Other families only"", ""No resolved family""]","[0.0, 0.0, 0.0, 0.0, 0.0, 1]",
dardic-language-evidence,WATER,WATER,panj1256,plains,30.04,75.67,P,"[""Dardic-associated family only"", ""Plains-associated family only"", ""Both focal families"", ""One focal + other families"", ""Other families only"", ""No resolved family""]","[0.0, 0.0, 0.0, 1, 0.0, 0.0]",6896;8082
dardic-language-evidence,WATER,WATER,paur1238,plains,21.228,74.337,PauriBareli,"[""Dardic-associated family only"", ""Plains-associated family only"", ""Both focal families"", ""One focal + other families"", ""Other families only"", ""No resolved family""]","[0.0, 0.0, 0.0, 0.0, 0.0, 1]",
dardic-language-evidence,WATER,WATER,raja1256,plains,26.47,76.2,Rj,"[""Dardic-associated family only"", ""Plains-associated family only"", ""Both focal families"", ""One focal + other families"", ""Other families only"", ""No resolved family""]","[0.0, 1, 0.0, 0.0, 0.0, 0.0]",8082
dardic-language-evidence,WATER,WATER,rajb1243,plains,26.4877,87.79265,MH,"[""Dardic-associated family only"", ""Plains-associated family only"", ""Both focal families"", ""One focal + other families"", ""Other families only"", ""No resolved family""]","[0.0, 1, 0.0, 0.0, 0.0, 0.0]",8082
dardic-language-evidence,WATER,WATER,rana1246,plains,28.65,80.44,Rana,"[""Dardic-associated family only"", ""Plains-associated family only"", ""Both focal families"", ""One focal + other families"", ""Other families only"", ""No resolved family""]","[0.0, 1, 0.0, 0.0, 0.0, 0.0]",8082
dardic-language-evidence,WATER,WATER,rang1265,plains,26.280348,89.39468,BH,"[""Dardic-associated family only"", ""Plains-associated family only"", ""Both focal families"", ""One focal + other families"", ""Other families only"", ""No resolved family""]","[0.0, 1, 0.0, 0.0, 0.0, 0.0]",8082
dardic-language-evidence,WATER,WATER,rath1242,plains,21.4375,74.9958,RathwiBareli,"[""Dardic-associated family only"", ""Plains-associated family only"", ""Both focal families"", ""One focal + other families"", ""Other families only"", ""No resolved family""]","[0.0, 0.0, 0.0, 0.0, 0.0, 1]",
dardic-language-evidence,WATER,WATER,rath1243,plains,22.309,73.186,Rathawi,"[""Dardic-associated family only"", ""Plains-associated family only"", ""Both focal families"", ""One focal + other families"", ""Other families only"", ""No resolved family""]","[0.0, 0.0, 0.0, 0.0, 0.0, 1]",
dardic-language-evidence,WATER,WATER,sera1259,plains,29.55,71.91,srk,"[""Dardic-associated family only"", ""Plains-associated family only"", ""Both focal families"", ""One focal + other families"", ""Other families only"", ""No resolved family""]","[0.0, 0.0, 0.0, 0.0, 0.0, 1]",
dardic-language-evidence,WATER,WATER,shek1243,plains,27.978027,75.163279,dhundari_badagaon,"[""Dardic-associated family only"", ""Plains-associated family only"", ""Both focal families"", ""One focal + other families"", ""Other families only"", ""No resolved family""]","[0.0, 1, 0.0, 0.0, 0.0, 0.0]",8082
dardic-language-evidence,WATER,WATER,sind1272,plains,26.0,69.0,S,"[""Dardic-associated family only"", ""Plains-associated family only"", ""Both focal families"", ""One focal + other families"", ""Other families only"", ""No resolved family""]","[0.0, 0.0, 0.0, 1, 0.0, 0.0]",5155;8082
dardic-language-evidence,WATER,WATER,surg1246,plains,23.045719,83.189104,SSr,"[""Dardic-associated family only"", ""Plains-associated family only"", ""Both focal families"", ""One focal + other families"", ""Other families only"", ""No resolved family""]","[0.0, 1, 0.0, 0.0, 0.0, 0.0]",8082
dardic-language-evidence,WATER,WATER,surj1235,plains,26.0982,87.945,KS,"[""Dardic-associated family only"", ""Plains-associated family only"", ""Both focal families"", ""One focal + other families"", ""Other families only"", ""No resolved family""]","[0.0, 1, 0.0, 0.0, 0.0, 0.0]",8082
dardic-language-evidence,WATER,WATER,thar1284,plains,28.837028,80.320613,Sunha,"[""Dardic-associated family only"", ""Plains-associated family only"", ""Both focal families"", ""One focal + other families"", ""Other families only"", ""No resolved family""]","[0.0, 0.0, 0.0, 0.0, 0.0, 1]",
dardic-language-evidence,WATER,WATER,vaag1238,plains,12.21,79.53,VB,"[""Dardic-associated family only"", ""Plains-associated family only"", ""Both focal families"", ""One focal + other families"", ""Other families only"", ""No resolved family""]","[0.0, 0.0, 0.0, 0.0, 0.0, 1]",
dardic-language-evidence,WATER,WATER,vasa1239,plains,,,,"[""Dardic-associated family only"", ""Plains-associated family only"", ""Both focal families"", ""One focal + other families"", ""Other families only"", ""No resolved family""]","[0.0, 0.0, 0.0, 0.0, 0.0, 1]",
dardic-language-evidence,WATER,WATER,wadi1248,plains,26.07,72.13,WK,"[""Dardic-associated family only"", ""Plains-associated family only"", ""Both focal families"", ""One focal + other families"", ""Other families only"", ""No resolved family""]","[0.0, 1, 0.0, 0.0, 0.0, 0.0]",8082
dardic-language-evidence,WATER,WATER,wagd1238,plains,24.137701,74.047239,mewari_bannoda,"[""Dardic-associated family only"", ""Plains-associated family only"", ""Both focal families"", ""One focal + other families"", ""Other families only"", ""No resolved family""]","[0.0, 1, 0.0, 0.0, 0.0, 0.0]",8082
dardic-language-evidence,WATER,WATER,west2386,plains,31.1704,72.7097,L,"[""Dardic-associated family only"", ""Plains-associated family only"", ""Both focal families"", ""One focal + other families"", ""Other families only"", ""No resolved family""]","[0.0, 0.0, 0.0, 1, 0.0, 0.0]",5155;7552;8082
dardic-language-evidence,IRON,IRON,bate1261,dardic,34.95,72.92,bhatr,"[""Dardic-associated family only"", ""Plains-associated family only"", ""Both focal families"", ""One focal + other families"", ""Other families only"", ""No resolved family""]","[0.0, 0.0, 0.0, 0.0, 0.0, 1]",
dardic-language-evidence,IRON,IRON,brok1247,dardic,34.53,76.6,bro,"[""Dardic-associated family only"", ""Plains-associated family only"", ""Both focal families"", ""One focal + other families"", ""Other families only"", ""No resolved family""]","[0.0, 0.0, 0.0, 0.0, 0.0, 1]",
dardic-language-evidence,IRON,IRON,dame1241,dardic,35.3,71.68,Dm,"[""Dardic-associated family only"", ""Plains-associated family only"", ""Both focal families"", ""One focal + other families"", ""Other families only"", ""No resolved family""]","[1, 0.0, 0.0, 0.0, 0.0, 0.0]",4842a
dardic-language-evidence,IRON,IRON,gawa1247,dardic,35.2,71.54,Gaw,"[""Dardic-associated family only"", ""Plains-associated family only"", ""Both focal families"", ""One focal + other families"", ""Other families only"", ""No resolved family""]","[1, 0.0, 0.0, 0.0, 0.0, 0.0]",4842a
dardic-language-evidence,IRON,IRON,indu1241,dardic,35.34,73.02,Mai,"[""Dardic-associated family only"", ""Plains-associated family only"", ""Both focal families"", ""One focal + other families"", ""Other families only"", ""No resolved family""]","[1, 0.0, 0.0, 0.0, 0.0, 0.0]",4842a
dardic-language-evidence,IRON,IRON,kala1372,dardic,35.64,71.67,Kal,"[""Dardic-associated family only"", ""Plains-associated family only"", ""Both focal families"", ""One focal + other families"", ""Other families only"", ""No resolved family""]","[1, 0.0, 0.0, 0.0, 0.0, 0.0]",4842a
dardic-language-evidence,IRON,IRON,kala1373,dardic,35.53,72.57,Bshk,"[""Dardic-associated family only"", ""Plains-associated family only"", ""Both focal families"", ""One focal + other families"", ""Other families only"", ""No resolved family""]","[1, 0.0, 0.0, 0.0, 0.0, 0.0]",4842a
dardic-language-evidence,IRON,IRON,kash1277,dardic,33.13,75.57,dod,"[""Dardic-associated family only"", ""Plains-associated family only"", ""Both focal families"", ""One focal + other families"", ""Other families only"", ""No resolved family""]","[0.0, 0.0, 0.0, 1, 0.0, 0.0]",12367;4842a
dardic-language-evidence,IRON,IRON,khow1242,dardic,36.0,72.0,Kho,"[""Dardic-associated family only"", ""Plains-associated family only"", ""Both focal families"", ""One focal + other families"", ""Other families only"", ""No resolved family""]","[1, 0.0, 0.0, 0.0, 0.0, 0.0]",4842a
dardic-language-evidence,IRON,IRON,nort2666,dardic,34.66,70.43,Pas,"[""Dardic-associated family only"", ""Plains-associated family only"", ""Both focal families"", ""One focal + other families"", ""Other families only"", ""No resolved family""]","[1, 0.0, 0.0, 0.0, 0.0, 0.0]",4842a
dardic-language-evidence,IRON,IRON,phal1254,dardic,35.51,71.84,Phal,"[""Dardic-associated family only"", ""Plains-associated family only"", ""Both focal families"", ""One focal + other families"", ""Other families only"", ""No resolved family""]","[1, 0.0, 0.0, 0.0, 0.0, 0.0]",4842a
dardic-language-evidence,IRON,IRON,shin1264,dardic,34.65,75.29,Sh,"[""Dardic-associated family only"", ""Plains-associated family only"", ""Both focal families"", ""One focal + other families"", ""Other families only"", ""No resolved family""]","[1, 0.0, 0.0, 0.0, 0.0, 0.0]",4842a
dardic-language-evidence,IRON,IRON,shum1235,dardic,34.48,70.57,Shum,"[""Dardic-associated family only"", ""Plains-associated family only"", ""Both focal families"", ""One focal + other families"", ""Other families only"", ""No resolved family""]","[1, 0.0, 0.0, 0.0, 0.0, 0.0]",4842a
dardic-language-evidence,IRON,IRON,torw1241,dardic,35.21,72.55,Tor,"[""Dardic-associated family only"", ""Plains-associated family only"", ""Both focal families"", ""One focal + other families"", ""Other families only"", ""No resolved family""]","[1, 0.0, 0.0, 0.0, 0.0, 0.0]",4842a
dardic-language-evidence,IRON,IRON,wota1240,dardic,34.7,70.86,Wot,"[""Dardic-associated family only"", ""Plains-associated family only"", ""Both focal families"", ""One focal + other families"", ""Other families only"", ""No resolved family""]","[1, 0.0, 0.0, 0.0, 0.0, 0.0]",4842a
dardic-language-evidence,IRON,IRON,assa1263,plains,26.7509,94.2037,A,"[""Dardic-associated family only"", ""Plains-associated family only"", ""Both focal families"", ""One focal + other families"", ""Other families only"", ""No resolved family""]","[0.0, 1, 0.0, 0.0, 0.0, 0.0]",11158
dardic-language-evidence,IRON,IRON,avan1234,plains,33.994201,72.483087,awan,"[""Dardic-associated family only"", ""Plains-associated family only"", ""Both focal families"", ""One focal + other families"", ""Other families only"", ""No resolved family""]","[0.0, 1, 0.0, 0.0, 0.0, 0.0]",11158
dardic-language-evidence,IRON,IRON,awad1243,plains,27.59,82.47,Aw,"[""Dardic-associated family only"", ""Plains-associated family only"", ""Both focal families"", ""One focal + other families"", ""Other families only"", ""No resolved family""]","[0.0, 1, 0.0, 0.0, 0.0, 0.0]",11158
dardic-language-evidence,IRON,IRON,bagh1251,plains,24.482879,81.356341,bagheli_lakshman,"[""Dardic-associated family only"", ""Plains-associated family only"", ""Both focal families"", ""One focal + other families"", ""Other families only"", ""No resolved family""]","[0.0, 0.0, 0.0, 0.0, 0.0, 1]",
dardic-language-evidence,IRON,IRON,beng1280,plains,23.471,88.5565,B,"[""Dardic-associated family only"", ""Plains-associated family only"", ""Both focal families"", ""One focal + other families"", ""Other families only"", ""No resolved family""]","[0.0, 1, 0.0, 0.0, 0.0, 0.0]",11158
dardic-language-evidence,IRON,IRON,bhoj1244,plains,26.46,84.82,Bhoj,"[""Dardic-associated family only"", ""Plains-associated family only"", ""Both focal families"", ""One focal + other families"", ""Other families only"", ""No resolved family""]","[0.0, 1, 0.0, 0.0, 0.0, 0.0]",11158
dardic-language-evidence,IRON,IRON,biha1245,plains,24.68,87.5,Bi,"[""Dardic-associated family only"", ""Plains-associated family only"", ""Both focal families"", ""One focal + other families"", ""Other families only"", ""No resolved family""]","[0.0, 0.0, 0.0, 0.0, 1, 0.0]",11170;3264
dardic-language-evidence,IRON,IRON,braj1242,plains,26.48,78.08,Brj,"[""Dardic-associated family only"", ""Plains-associated family only"", ""Both focal families"", ""One focal + other families"", ""Other families only"", ""No resolved family""]","[0.0, 0.0, 0.0, 0.0, 0.0, 1]",
dardic-language-evidence,IRON,IRON,bund1253,plains,25.008376,79.564258,bundeli_atarra,"[""Dardic-associated family only"", ""Plains-associated family only"", ""Both focal families"", ""One focal + other families"", ""Other families only"", ""No resolved family""]","[0.0, 0.0, 0.0, 0.0, 0.0, 1]",
dardic-language-evidence,IRON,IRON,chha1249,plains,21.225068,82.028298,NDu,"[""Dardic-associated family only"", ""Plains-associated family only"", ""Both focal families"", ""One focal + other families"", ""Other families only"", ""No resolved family""]","[0.0, 0.0, 0.0, 0.0, 0.0, 1]",
dardic-language-evidence,IRON,IRON,dhun1238,plains,26.696403,75.972699,dhundari_bamore,"[""Dardic-associated family only"", ""Plains-associated family only"", ""Both focal families"", ""One focal + other families"", ""Other families only"", ""No resolved family""]","[0.0, 0.0, 0.0, 0.0, 0.0, 1]",
dardic-language-evidence,IRON,IRON,guja1252,plains,22.69,71.1,G,"[""Dardic-associated family only"", ""Plains-associated family only"", ""Both focal families"", ""One focal + other families"", ""Other families only"", ""No resolved family""]","[0.0, 0.0, 0.0, 1, 0.0, 0.0]",11158;11171;11173;4866;6121
dardic-language-evidence,IRON,IRON,guja1253,plains,34.043002,73.225443,Goj,"[""Dardic-associated family only"", ""Plains-associated family only"", ""Both focal families"", ""One focal + other families"", ""Other families only"", ""No resolved family""]","[0.0, 0.0, 0.0, 0.0, 0.0, 1]",
dardic-language-evidence,IRON,IRON,halb1244,plains,20.31,81.37,hal,"[""Dardic-associated family only"", ""Plains-associated family only"", ""Both focal families"", ""One focal + other families"", ""Other families only"", ""No resolved family""]","[0.0, 0.0, 0.0, 0.0, 0.0, 1]",
dardic-language-evidence,IRON,IRON,hary1238,plains,28.91568,76.37168,kaithal,"[""Dardic-associated family only"", ""Plains-associated family only"", ""Both focal families"", ""One focal + other families"", ""Other families only"", ""No resolved family""]","[0.0, 0.0, 0.0, 0.0, 0.0, 1]",
dardic-language-evidence,IRON,IRON,hind1269,plains,28.7041,77.1025,H,"[""Dardic-associated family only"", ""Plains-associated family only"", ""Both focal families"", ""One focal + other families"", ""Other families only"", ""No resolved family""]","[0.0, 1, 0.0, 0.0, 0.0, 0.0]",11158
dardic-language-evidence,IRON,IRON,kach1277,plains,23.83,69.0,kcch,"[""Dardic-associated family only"", ""Plains-associated family only"", ""Both focal families"", ""One focal + other families"", ""Other families only"", ""No resolved family""]","[0.0, 0.0, 0.0, 0.0, 1, 0.0]",6121
dardic-language-evidence,IRON,IRON,kana1281,plains,27.0437956,79.8951742,Kannauji-Central,"[""Dardic-associated family only"", ""Plains-associated family only"", ""Both focal families"", ""One focal + other families"", ""Other families only"", ""No resolved family""]","[0.0, 0.0, 0.0, 0.0, 0.0, 1]",
dardic-language-evidence,IRON,IRON,khet1238,plains,30.48,70.28,khet,"[""Dardic-associated family only"", ""Plains-associated family only"", ""Both focal families"", ""One focal + other families"", ""Other families only"", ""No resolved family""]","[0.0, 0.0, 0.0, 0.0, 1, 0.0]",6121
dardic-language-evidence,IRON,IRON,konk1267,plains,15.2993,74.124,Ko,"[""Dardic-associated family only"", ""Plains-associated family only"", ""Both focal families"", ""One focal + other families"", ""Other families only"", ""No resolved family""]","[0.0, 0.0, 0.0, 0.0, 0.0, 1]",
dardic-language-evidence,IRON,IRON,mait1250,plains,26.38,86.22,Mth,"[""Dardic-associated family only"", ""Plains-associated family only"", ""Both focal families"", ""One focal + other families"", ""Other families only"", ""No resolved family""]","[0.0, 0.0, 0.0, 1, 0.0, 0.0]",11158;12349
dardic-language-evidence,IRON,IRON,malv1243,plains,24.243083,75.027707,mewari_basad,"[""Dardic-associated family only"", ""Plains-associated family only"", ""Both focal families"", ""One focal + other families"", ""Other families only"", ""No resolved family""]","[0.0, 0.0, 0.0, 0.0, 0.0, 1]",
dardic-language-evidence,IRON,IRON,mara1378,plains,18.5204,73.8567,M,"[""Dardic-associated family only"", ""Plains-associated family only"", ""Both focal families"", ""One focal + other families"", ""Other families only"", ""No resolved family""]","[0.0, 0.0, 0.0, 1, 0.0, 0.0]",11158;11171
dardic-language-evidence,IRON,IRON,marw1260,plains,27.0,75.07,Marw,"[""Dardic-associated family only"", ""Plains-associated family only"", ""Both focal families"", ""One focal + other families"", ""Other families only"", ""No resolved family""]","[0.0, 0.0, 0.0, 0.0, 0.0, 1]",
dardic-language-evidence,IRON,IRON,mewa1250,plains,27.817648,77.035043,mewati_akera,"[""Dardic-associated family only"", ""Plains-associated family only"", ""Both focal families"", ""One focal + other families"", ""Other families only"", ""No resolved family""]","[0.0, 0.0, 0.0, 0.0, 0.0, 1]",
dardic-language-evidence,IRON,IRON,oriy1255,plains,21.0,85.0,Or,"[""Dardic-associated family only"", ""Plains-associated family only"", ""Both focal families"", ""One focal + other families"", ""Other families only"", ""No resolved family""]","[0.0, 0.0, 0.0, 1, 0.0, 0.0]",104;10881;10884;11158
dardic-language-evidence,IRON,IRON,paha1251,plains,33.148,73.7537,poth,"[""Dardic-associated family only"", ""Plains-associated family only"", ""Both focal families"", ""One focal + other families"", ""Other families only"", ""No resolved family""]","[0.0, 0.0, 0.0, 0.0, 0.0, 1]",
dardic-language-evidence,IRON,IRON,panj1256,plains,30.04,75.67,P,"[""Dardic-associated family only"", ""Plains-associated family only"", ""Both focal families"", ""One focal + other families"", ""Other families only"", ""No resolved family""]","[0.0, 0.0, 0.0, 1, 0.0, 0.0]",11158;6121
dardic-language-evidence,IRON,IRON,rajb1243,plains,26.4877,87.79265,MH,"[""Dardic-associated family only"", ""Plains-associated family only"", ""Both focal families"", ""One focal + other families"", ""Other families only"", ""No resolved family""]","[0.0, 0.0, 0.0, 0.0, 0.0, 1]",
dardic-language-evidence,IRON,IRON,rang1265,plains,26.280348,89.39468,BH,"[""Dardic-associated family only"", ""Plains-associated family only"", ""Both focal families"", ""One focal + other families"", ""Other families only"", ""No resolved family""]","[0.0, 0.0, 0.0, 0.0, 0.0, 1]",
dardic-language-evidence,IRON,IRON,sera1259,plains,29.55,71.91,srk,"[""Dardic-associated family only"", ""Plains-associated family only"", ""Both focal families"", ""One focal + other families"", ""Other families only"", ""No resolved family""]","[0.0, 0.0, 0.0, 0.0, 0.0, 1]",
dardic-language-evidence,IRON,IRON,sind1272,plains,26.0,69.0,S,"[""Dardic-associated family only"", ""Plains-associated family only"", ""Both focal families"", ""One focal + other families"", ""Other families only"", ""No resolved family""]","[0.0, 0.0, 0.0, 1, 0.0, 0.0]",11158;6121
dardic-language-evidence,IRON,IRON,surj1235,plains,26.0982,87.945,KS,"[""Dardic-associated family only"", ""Plains-associated family only"", ""Both focal families"", ""One focal + other families"", ""Other families only"", ""No resolved family""]","[0.0, 0.0, 0.0, 0.0, 0.0, 1]",
dardic-language-evidence,IRON,IRON,vaag1238,plains,12.21,79.53,VB,"[""Dardic-associated family only"", ""Plains-associated family only"", ""Both focal families"", ""One focal + other families"", ""Other families only"", ""No resolved family""]","[0.0, 0.0, 0.0, 0.0, 0.0, 1]",
dardic-language-evidence,IRON,IRON,wadi1248,plains,26.07,72.13,WK,"[""Dardic-associated family only"", ""Plains-associated family only"", ""Both focal families"", ""One focal + other families"", ""Other families only"", ""No resolved family""]","[0.0, 0.0, 0.0, 0.0, 1, 0.0]",11173
dardic-language-evidence,IRON,IRON,west2386,plains,31.1704,72.7097,L,"[""Dardic-associated family only"", ""Plains-associated family only"", ""Both focal families"", ""One focal + other families"", ""Other families only"", ""No resolved family""]","[0.0, 1, 0.0, 0.0, 0.0, 0.0]",11158
dardic-language-evidence,RIVER,RIVER,bate1261,dardic,34.95,72.92,bhatr,"[""Dardic-associated family only"", ""Plains-associated family only"", ""Both focal families"", ""One focal + other families"", ""Other families only"", ""No resolved family""]","[0.0, 0.0, 0.0, 1, 0.0, 0.0]",13415;3860
dardic-language-evidence,RIVER,RIVER,brok1247,dardic,34.53,76.6,bro,"[""Dardic-associated family only"", ""Plains-associated family only"", ""Both focal families"", ""One focal + other families"", ""Other families only"", ""No resolved family""]","[0.0, 0.0, 0.0, 0.0, 0.0, 1]",
dardic-language-evidence,RIVER,RIVER,chil1275,dardic,35.25,73.33,Chil,"[""Dardic-associated family only"", ""Plains-associated family only"", ""Both focal families"", ""One focal + other families"", ""Other families only"", ""No resolved family""]","[0.0, 0.0, 0.0, 0.0, 0.0, 1]",
dardic-language-evidence,RIVER,RIVER,dame1241,dardic,35.3,71.68,Dm,"[""Dardic-associated family only"", ""Plains-associated family only"", ""Both focal families"", ""One focal + other families"", ""Other families only"", ""No resolved family""]","[0.0, 1, 0.0, 0.0, 0.0, 0.0]",6943
dardic-language-evidence,RIVER,RIVER,gawa1247,dardic,35.2,71.54,Gaw,"[""Dardic-associated family only"", ""Plains-associated family only"", ""Both focal families"", ""One focal + other families"", ""Other families only"", ""No resolved family""]","[0.0, 0.0, 0.0, 0.0, 0.0, 1]",
dardic-language-evidence,RIVER,RIVER,gowr1239,dardic,35.1243,73.1233,Gowro,"[""Dardic-associated family only"", ""Plains-associated family only"", ""Both focal families"", ""One focal + other families"", ""Other families only"", ""No resolved family""]","[1, 0.0, 0.0, 0.0, 0.0, 0.0]",13415
dardic-language-evidence,RIVER,RIVER,gran1245,dardic,34.65,70.73,Gng,"[""Dardic-associated family only"", ""Plains-associated family only"", ""Both focal families"", ""One focal + other families"", ""Other families only"", ""No resolved family""]","[0.0, 0.0, 0.0, 0.0, 0.0, 1]",
dardic-language-evidence,RIVER,RIVER,indu1241,dardic,35.34,73.02,Mai,"[""Dardic-associated family only"", ""Plains-associated family only"", ""Both focal families"", ""One focal + other families"", ""Other families only"", ""No resolved family""]","[1, 0.0, 0.0, 0.0, 0.0, 0.0]",13415
dardic-language-evidence,RIVER,RIVER,kala1372,dardic,35.64,71.67,Kal,"[""Dardic-associated family only"", ""Plains-associated family only"", ""Both focal families"", ""One focal + other families"", ""Other families only"", ""No resolved family""]","[0.0, 0.0, 0.0, 0.0, 1, 0.0]",9645
dardic-language-evidence,RIVER,RIVER,kala1373,dardic,35.53,72.57,Bshk,"[""Dardic-associated family only"", ""Plains-associated family only"", ""Both focal families"", ""One focal + other families"", ""Other families only"", ""No resolved family""]","[0.0, 1, 0.0, 0.0, 0.0, 0.0]",6943
dardic-language-evidence,RIVER,RIVER,kalk1245,dardic,35.41,72.17,Kalk,"[""Dardic-associated family only"", ""Plains-associated family only"", ""Both focal families"", ""One focal + other families"", ""Other families only"", ""No resolved family""]","[0.0, 0.0, 0.0, 0.0, 0.0, 1]",
dardic-language-evidence,RIVER,RIVER,kash1277,dardic,34.17,74.33,K,"[""Dardic-associated family only"", ""Plains-associated family only"", ""Both focal families"", ""One focal + other families"", ""Other families only"", ""No resolved family""]","[1, 0.0, 0.0, 0.0, 0.0, 0.0]",13415
dardic-language-evidence,RIVER,RIVER,khow1242,dardic,36.0,72.0,Kho,"[""Dardic-associated family only"", ""Plains-associated family only"", ""Both focal families"", ""One focal + other families"", ""Other families only"", ""No resolved family""]","[0.0, 0.0, 0.0, 1, 0.0, 0.0]",13415;4456
dardic-language-evidence,RIVER,RIVER,kund1257,dardic,34.56,73.83,Kund,"[""Dardic-associated family only"", ""Plains-associated family only"", ""Both focal families"", ""One focal + other families"", ""Other families only"", ""No resolved family""]","[0.0, 1, 0.0, 0.0, 0.0, 0.0]",6943
dardic-language-evidence,RIVER,RIVER,nort2666,dardic,34.66,70.43,Pas,"[""Dardic-associated family only"", ""Plains-associated family only"", ""Both focal families"", ""One focal + other families"", ""Other families only"", ""No resolved family""]","[0.0, 0.0, 0.0, 0.0, 1, 0.0]",4453
dardic-language-evidence,RIVER,RIVER,phal1254,dardic,35.51,71.84,Phal,"[""Dardic-associated family only"", ""Plains-associated family only"", ""Both focal families"", ""One focal + other families"", ""Other families only"", ""No resolved family""]","[0.0, 0.0, 0.0, 0.0, 1, 0.0]",13137
dardic-language-evidence,RIVER,RIVER,savi1242,dardic,35.3,71.56,Sv,"[""Dardic-associated family only"", ""Plains-associated family only"", ""Both focal families"", ""One focal + other families"", ""Other families only"", ""No resolved family""]","[0.0, 0.0, 0.0, 0.0, 0.0, 1]",
dardic-language-evidence,RIVER,RIVER,shin1264,dardic,34.65,75.29,Sh,"[""Dardic-associated family only"", ""Plains-associated family only"", ""Both focal families"", ""One focal + other families"", ""Other families only"", ""No resolved family""]","[1, 0.0, 0.0, 0.0, 0.0, 0.0]",13415
dardic-language-evidence,RIVER,RIVER,shum1235,dardic,34.48,70.57,Shum,"[""Dardic-associated family only"", ""Plains-associated family only"", ""Both focal families"", ""One focal + other families"", ""Other families only"", ""No resolved family""]","[0.0, 0.0, 0.0, 0.0, 0.0, 1]",
dardic-language-evidence,RIVER,RIVER,tira1253,dardic,34.18,69.59,Tir,"[""Dardic-associated family only"", ""Plains-associated family only"", ""Both focal families"", ""One focal + other families"", ""Other families only"", ""No resolved family""]","[1, 0.0, 0.0, 0.0, 0.0, 0.0]",13415
dardic-language-evidence,RIVER,RIVER,torw1241,dardic,35.21,72.55,Tor,"[""Dardic-associated family only"", ""Plains-associated family only"", ""Both focal families"", ""One focal + other families"", ""Other families only"", ""No resolved family""]","[0.0, 0.0, 0.0, 0.0, 0.0, 1]",
dardic-language-evidence,RIVER,RIVER,usho1238,dardic,35.139395,72.67756,Ush,"[""Dardic-associated family only"", ""Plains-associated family only"", ""Both focal families"", ""One focal + other families"", ""Other families only"", ""No resolved family""]","[0.0, 0.0, 0.0, 0.0, 0.0, 1]",
dardic-language-evidence,RIVER,RIVER,adiv1239,plains,18.3234,82.8806,AdivasiOriya,"[""Dardic-associated family only"", ""Plains-associated family only"", ""Both focal families"", ""One focal + other families"", ""Other families only"", ""No resolved family""]","[0.0, 0.0, 0.0, 0.0, 0.0, 1]",
dardic-language-evidence,RIVER,RIVER,assa1263,plains,26.7509,94.2037,A,"[""Dardic-associated family only"", ""Plains-associated family only"", ""Both focal families"", ""One focal + other families"", ""Other families only"", ""No resolved family""]","[0.0, 0.0, 0.0, 1, 0.0, 0.0]",3952;6943
dardic-language-evidence,RIVER,RIVER,avan1234,plains,33.994201,72.483087,awan,"[""Dardic-associated family only"", ""Plains-associated family only"", ""Both focal families"", ""One focal + other families"", ""Other families only"", ""No resolved family""]","[0.0, 0.0, 0.0, 0.0, 0.0, 1]",
dardic-language-evidence,RIVER,RIVER,bagh1251,plains,24.482879,81.356341,bagheli_lakshman,"[""Dardic-associated family only"", ""Plains-associated family only"", ""Both focal families"", ""One focal + other families"", ""Other families only"", ""No resolved family""]","[0.0, 1, 0.0, 0.0, 0.0, 0.0]",6943
dardic-language-evidence,RIVER,RIVER,bagr1243,plains,29.40465,74.40918,bagri_fatehabad,"[""Dardic-associated family only"", ""Plains-associated family only"", ""Both focal families"", ""One focal + other families"", ""Other families only"", ""No resolved family""]","[0.0, 1, 0.0, 0.0, 0.0, 0.0]",6943
dardic-language-evidence,RIVER,RIVER,beng1280,plains,23.471,88.5565,B,"[""Dardic-associated family only"", ""Plains-associated family only"", ""Both focal families"", ""One focal + other families"", ""Other families only"", ""No resolved family""]","[0.0, 0.0, 0.0, 1, 0.0, 0.0]",3952;6943
dardic-language-evidence,RIVER,RIVER,bhat1265,plains,19.2778,82.1341,Bhatri,"[""Dardic-associated family only"", ""Plains-associated family only"", ""Both focal families"", ""One focal + other families"", ""Other families only"", ""No resolved family""]","[0.0, 0.0, 0.0, 0.0, 0.0, 1]",
dardic-language-evidence,RIVER,RIVER,bhil1251,plains,20.85,73.9592,Bhili,"[""Dardic-associated family only"", ""Plains-associated family only"", ""Both focal families"", ""One focal + other families"", ""Other families only"", ""No resolved family""]","[0.0, 0.0, 0.0, 0.0, 0.0, 1]",
dardic-language-evidence,RIVER,RIVER,bhil1253,plains,22.58346,74.59014,Bhilali,"[""Dardic-associated family only"", ""Plains-associated family only"", ""Both focal families"", ""One focal + other families"", ""Other families only"", ""No resolved family""]","[0.0, 0.0, 0.0, 0.0, 0.0, 1]",
dardic-language-evidence,RIVER,RIVER,bish1244,plains,24.5,91.8,Bishnupriya,"[""Dardic-associated family only"", ""Plains-associated family only"", ""Both focal families"", ""One focal + other families"", ""Other families only"", ""No resolved family""]","[0.0, 0.0, 0.0, 0.0, 0.0, 1]",
dardic-language-evidence,RIVER,RIVER,braj1242,plains,26.48,78.08,Brj,"[""Dardic-associated family only"", ""Plains-associated family only"", ""Both focal families"", ""One focal + other families"", ""Other families only"", ""No resolved family""]","[0.0, 1, 0.0, 0.0, 0.0, 0.0]",6943
dardic-language-evidence,RIVER,RIVER,buks1238,plains,29.397962,79.126163,Buksa,"[""Dardic-associated family only"", ""Plains-associated family only"", ""Both focal families"", ""One focal + other families"", ""Other families only"", ""No resolved family""]","[0.0, 0.0, 0.0, 0.0, 0.0, 1]",
dardic-language-evidence,RIVER,RIVER,bund1253,plains,25.008376,79.564258,bundeli_atarra,"[""Dardic-associated family only"", ""Plains-associated family only"", ""Both focal families"", ""One focal + other families"", ""Other families only"", ""No resolved family""]","[0.0, 1, 0.0, 0.0, 0.0, 0.0]",6943
dardic-language-evidence,RIVER,RIVER,chha1249,plains,21.225068,82.028298,NDu,"[""Dardic-associated family only"", ""Plains-associated family only"", ""Both focal families"", ""One focal + other families"", ""Other families only"", ""No resolved family""]","[0.0, 0.0, 0.0, 1, 0.0, 0.0]",6943;7047
dardic-language-evidence,RIVER,RIVER,chit1274,plains,27.58,84.41,Chitwan,"[""Dardic-associated family only"", ""Plains-associated family only"", ""Both focal families"", ""One focal + other families"", ""Other families only"", ""No resolved family""]","[0.0, 1, 0.0, 0.0, 0.0, 0.0]",6943
dardic-language-evidence,RIVER,RIVER,dang1260,plains,27.88,81.78,Dang,"[""Dardic-associated family only"", ""Plains-associated family only"", ""Both focal families"", ""One focal + other families"", ""Other families only"", ""No resolved family""]","[0.0, 1, 0.0, 0.0, 0.0, 0.0]",6943
dardic-language-evidence,RIVER,RIVER,dhun1238,plains,26.696403,75.972699,dhundari_bamore,"[""Dardic-associated family only"", ""Plains-associated family only"", ""Both focal families"", ""One focal + other families"", ""Other families only"", ""No resolved family""]","[0.0, 1, 0.0, 0.0, 0.0, 0.0]",6943
dardic-language-evidence,RIVER,RIVER,dung1251,plains,,,,"[""Dardic-associated family only"", ""Plains-associated family only"", ""Both focal families"", ""One focal + other families"", ""Other families only"", ""No resolved family""]","[0.0, 0.0, 0.0, 0.0, 0.0, 1]",
dardic-language-evidence,RIVER,RIVER,east2316,plains,26.666667,87.5,Morang,"[""Dardic-associated family only"", ""Plains-associated family only"", ""Both focal families"", ""One focal + other families"", ""Other families only"", ""No resolved family""]","[0.0, 1, 0.0, 0.0, 0.0, 0.0]",6943
dardic-language-evidence,RIVER,RIVER,godw1241,plains,25.417504,73.107785,marwari_bagra,"[""Dardic-associated family only"", ""Plains-associated family only"", ""Both focal families"", ""One focal + other families"", ""Other families only"", ""No resolved family""]","[0.0, 1, 0.0, 0.0, 0.0, 0.0]",6943
dardic-language-evidence,RIVER,RIVER,guja1253,plains,34.043002,73.225443,Goj,"[""Dardic-associated family only"", ""Plains-associated family only"", ""Both focal families"", ""One focal + other families"", ""Other families only"", ""No resolved family""]","[0.0, 0.0, 0.0, 0.0, 0.0, 1]",
dardic-language-evidence,RIVER,RIVER,hada1254,plains,25.138213,76.876916,hadothi_kelwada,"[""Dardic-associated family only"", ""Plains-associated family only"", ""Both focal families"", ""One focal + other families"", ""Other families only"", ""No resolved family""]","[0.0, 1, 0.0, 0.0, 0.0, 0.0]",6943
dardic-language-evidence,RIVER,RIVER,hado1235,plains,24.85,75.84,had,"[""Dardic-associated family only"", ""Plains-associated family only"", ""Both focal families"", ""One focal + other families"", ""Other families only"", ""No resolved family""]","[0.0, 1, 0.0, 0.0, 0.0, 0.0]",6943
dardic-language-evidence,RIVER,RIVER,hajo1238,plains,25.5143,89.8594,Hajong,"[""Dardic-associated family only"", ""Plains-associated family only"", ""Both focal families"", ""One focal + other families"", ""Other families only"", ""No resolved family""]","[0.0, 0.0, 0.0, 0.0, 0.0, 1]",
dardic-language-evidence,RIVER,RIVER,halb1244,plains,20.31,81.37,hal,"[""Dardic-associated family only"", ""Plains-associated family only"", ""Both focal families"", ""One focal + other families"", ""Other families only"", ""No resolved family""]","[0.0, 0.0, 0.0, 0.0, 0.0, 1]",
dardic-language-evidence,RIVER,RIVER,hind1269,plains,28.7041,77.1025,H,"[""Dardic-associated family only"", ""Plains-associated family only"", ""Both focal families"", ""One focal + other families"", ""Other families only"", ""No resolved family""]","[0.0, 1, 0.0, 0.0, 0.0, 0.0]",6943
dardic-language-evidence,RIVER,RIVER,kach1277,plains,23.83,69.0,kcch,"[""Dardic-associated family only"", ""Plains-associated family only"", ""Both focal families"", ""One focal + other families"", ""Other families only"", ""No resolved family""]","[0.0, 1, 0.0, 0.0, 0.0, 0.0]",6943
dardic-language-evidence,RIVER,RIVER,kana1281,plains,27.0437956,79.8951742,Kannauji-Central,"[""Dardic-associated family only"", ""Plains-associated family only"", ""Both focal families"", ""One focal + other families"", ""Other families only"", ""No resolved family""]","[0.0, 1, 0.0, 0.0, 0.0, 0.0]",6943
dardic-language-evidence,RIVER,RIVER,kath1250,plains,28.53981,80.797511,Kathoriya,"[""Dardic-associated family only"", ""Plains-associated family only"", ""Both focal families"", ""One focal + other families"", ""Other families only"", ""No resolved family""]","[0.0, 0.0, 0.0, 0.0, 0.0, 1]",
dardic-language-evidence,RIVER,RIVER,khan1272,plains,21.3181,74.142,Khandesi,"[""Dardic-associated family only"", ""Plains-associated family only"", ""Both focal families"", ""One focal + other families"", ""Other families only"", ""No resolved family""]","[0.0, 0.0, 0.0, 0.0, 0.0, 1]",
dardic-language-evidence,RIVER,RIVER,konk1267,plains,15.2993,74.124,Ko,"[""Dardic-associated family only"", ""Plains-associated family only"", ""Both focal families"", ""One focal + other families"", ""Other families only"", ""No resolved family""]","[0.0, 0.0, 0.0, 0.0, 0.0, 1]",
dardic-language-evidence,RIVER,RIVER,maga1260,plains,25.0915,85.3335,MagahiNepal,"[""Dardic-associated family only"", ""Plains-associated family only"", ""Both focal families"", ""One focal + other families"", ""Other families only"", ""No resolved family""]","[0.0, 0.0, 0.0, 0.0, 0.0, 1]",
dardic-language-evidence,RIVER,RIVER,malv1243,plains,24.243083,75.027707,mewari_basad,"[""Dardic-associated family only"", ""Plains-associated family only"", ""Both focal families"", ""One focal + other families"", ""Other families only"", ""No resolved family""]","[0.0, 1, 0.0, 0.0, 0.0, 0.0]",6943
dardic-language-evidence,RIVER,RIVER,mara1378,plains,18.5204,73.8567,M,"[""Dardic-associated family only"", ""Plains-associated family only"", ""Both focal families"", ""One focal + other families"", ""Other families only"", ""No resolved family""]","[0.0, 1, 0.0, 0.0, 0.0, 0.0]",6943
dardic-language-evidence,RIVER,RIVER,marw1260,plains,27.0,75.07,Marw,"[""Dardic-associated family only"", ""Plains-associated family only"", ""Both focal families"", ""One focal + other families"", ""Other families only"", ""No resolved family""]","[0.0, 0.0, 0.0, 1, 0.0, 0.0]",6943;7047
dardic-language-evidence,RIVER,RIVER,mewa1249,plains,25.084731,74.220835,mewari_dholpura,"[""Dardic-associated family only"", ""Plains-associated family only"", ""Both focal families"", ""One focal + other families"", ""Other families only"", ""No resolved family""]","[0.0, 1, 0.0, 0.0, 0.0, 0.0]",6943
dardic-language-evidence,RIVER,RIVER,mewa1250,plains,27.817648,77.035043,mewati_akera,"[""Dardic-associated family only"", ""Plains-associated family only"", ""Both focal families"", ""One focal + other families"", ""Other families only"", ""No resolved family""]","[0.0, 0.0, 0.0, 1, 0.0, 0.0]",6943;7047
dardic-language-evidence,RIVER,RIVER,nima1243,plains,22.1263,76.1264,Nimadi,"[""Dardic-associated family only"", ""Plains-associated family only"", ""Both focal families"", ""One focal + other families"", ""Other families only"", ""No resolved family""]","[0.0, 0.0, 0.0, 0.0, 0.0, 1]",
dardic-language-evidence,RIVER,RIVER,noir1238,plains,,,,"[""Dardic-associated family only"", ""Plains-associated family only"", ""Both focal families"", ""One focal + other families"", ""Other families only"", ""No resolved family""]","[0.0, 0.0, 0.0, 0.0, 0.0, 1]",
dardic-language-evidence,RIVER,RIVER,oriy1255,plains,21.0,85.0,Or,"[""Dardic-associated family only"", ""Plains-associated family only"", ""Both focal families"", ""One focal + other families"", ""Other families only"", ""No resolved family""]","[0.0, 0.0, 0.0, 0.0, 1, 0.0]",5629
dardic-language-evidence,RIVER,RIVER,paha1251,plains,33.148,73.7537,poth,"[""Dardic-associated family only"", ""Plains-associated family only"", ""Both focal families"", ""One focal + other families"", ""Other families only"", ""No resolved family""]","[0.0, 0.0, 0.0, 0.0, 0.0, 1]",
dardic-language-evidence,RIVER,RIVER,paly1238,plains,21.937,75.233,PalyaBareli,"[""Dardic-associated family only"", ""Plains-associated family only"", ""Both focal families"", ""One focal + other families"", ""Other families only"", ""No resolved family""]","[0.0, 0.0, 0.0, 0.0, 0.0, 1]",
dardic-language-evidence,RIVER,RIVER,panj1256,plains,30.04,75.67,P,"[""Dardic-associated family only"", ""Plains-associated family only"", ""Both focal families"", ""One focal + other families"", ""Other families only"", ""No resolved family""]","[0.0, 1, 0.0, 0.0, 0.0, 0.0]",6943
dardic-language-evidence,RIVER,RIVER,paur1238,plains,21.228,74.337,PauriBareli,"[""Dardic-associated family only"", ""Plains-associated family only"", ""Both focal families"", ""One focal + other families"", ""Other families only"", ""No resolved family""]","[0.0, 0.0, 0.0, 0.0, 0.0, 1]",
dardic-language-evidence,RIVER,RIVER,raja1256,plains,26.47,76.2,Rj,"[""Dardic-associated family only"", ""Plains-associated family only"", ""Both focal families"", ""One focal + other families"", ""Other families only"", ""No resolved family""]","[0.0, 1, 0.0, 0.0, 0.0, 0.0]",6943
dardic-language-evidence,RIVER,RIVER,rajb1243,plains,26.4877,87.79265,MH,"[""Dardic-associated family only"", ""Plains-associated family only"", ""Both focal families"", ""One focal + other families"", ""Other families only"", ""No resolved family""]","[0.0, 0.0, 0.0, 0.0, 0.0, 1]",
dardic-language-evidence,RIVER,RIVER,rana1246,plains,28.65,80.44,Rana,"[""Dardic-associated family only"", ""Plains-associated family only"", ""Both focal families"", ""One focal + other families"", ""Other families only"", ""No resolved family""]","[0.0, 1, 0.0, 0.0, 0.0, 0.0]",6943
dardic-language-evidence,RIVER,RIVER,rang1265,plains,26.280348,89.39468,BH,"[""Dardic-associated family only"", ""Plains-associated family only"", ""Both focal families"", ""One focal + other families"", ""Other families only"", ""No resolved family""]","[0.0, 0.0, 0.0, 0.0, 0.0, 1]",
dardic-language-evidence,RIVER,RIVER,rath1242,plains,21.4375,74.9958,RathwiBareli,"[""Dardic-associated family only"", ""Plains-associated family only"", ""Both focal families"", ""One focal + other families"", ""Other families only"", ""No resolved family""]","[0.0, 0.0, 0.0, 0.0, 0.0, 1]",
dardic-language-evidence,RIVER,RIVER,rath1243,plains,22.309,73.186,Rathawi,"[""Dardic-associated family only"", ""Plains-associated family only"", ""Both focal families"", ""One focal + other families"", ""Other families only"", ""No resolved family""]","[0.0, 0.0, 0.0, 0.0, 0.0, 1]",
dardic-language-evidence,RIVER,RIVER,sera1259,plains,29.55,71.91,srk,"[""Dardic-associated family only"", ""Plains-associated family only"", ""Both focal families"", ""One focal + other families"", ""Other families only"", ""No resolved family""]","[0.0, 0.0, 0.0, 0.0, 1, 0.0]",13580
dardic-language-evidence,RIVER,RIVER,shek1243,plains,27.978027,75.163279,dhundari_badagaon,"[""Dardic-associated family only"", ""Plains-associated family only"", ""Both focal families"", ""One focal + other families"", ""Other families only"", ""No resolved family""]","[0.0, 1, 0.0, 0.0, 0.0, 0.0]",6943
dardic-language-evidence,RIVER,RIVER,sind1272,plains,26.0,69.0,S,"[""Dardic-associated family only"", ""Plains-associated family only"", ""Both focal families"", ""One focal + other families"", ""Other families only"", ""No resolved family""]","[0.0, 0.0, 0.0, 0.0, 1, 0.0]",13325
dardic-language-evidence,RIVER,RIVER,surg1246,plains,23.045719,83.189104,SSr,"[""Dardic-associated family only"", ""Plains-associated family only"", ""Both focal families"", ""One focal + other families"", ""Other families only"", ""No resolved family""]","[0.0, 0.0, 0.0, 1, 0.0, 0.0]",6943;7047
dardic-language-evidence,RIVER,RIVER,surj1235,plains,26.0982,87.945,KS,"[""Dardic-associated family only"", ""Plains-associated family only"", ""Both focal families"", ""One focal + other families"", ""Other families only"", ""No resolved family""]","[0.0, 0.0, 0.0, 0.0, 0.0, 1]",
dardic-language-evidence,RIVER,RIVER,thar1284,plains,28.837028,80.320613,Sunha,"[""Dardic-associated family only"", ""Plains-associated family only"", ""Both focal families"", ""One focal + other families"", ""Other families only"", ""No resolved family""]","[0.0, 0.0, 0.0, 0.0, 0.0, 1]",
dardic-language-evidence,RIVER,RIVER,vaag1238,plains,12.21,79.53,VB,"[""Dardic-associated family only"", ""Plains-associated family only"", ""Both focal families"", ""One focal + other families"", ""Other families only"", ""No resolved family""]","[0.0, 0.0, 0.0, 0.0, 0.0, 1]",
dardic-language-evidence,RIVER,RIVER,vasa1239,plains,,,,"[""Dardic-associated family only"", ""Plains-associated family only"", ""Both focal families"", ""One focal + other families"", ""Other families only"", ""No resolved family""]","[0.0, 0.0, 0.0, 0.0, 0.0, 1]",
dardic-language-evidence,RIVER,RIVER,wadi1248,plains,26.07,72.13,WK,"[""Dardic-associated family only"", ""Plains-associated family only"", ""Both focal families"", ""One focal + other families"", ""Other families only"", ""No resolved family""]","[0.0, 0.0, 0.0, 0.0, 0.0, 1]",
dardic-language-evidence,RIVER,RIVER,wagd1238,plains,24.137701,74.047239,mewari_bannoda,"[""Dardic-associated family only"", ""Plains-associated family only"", ""Both focal families"", ""One focal + other families"", ""Other families only"", ""No resolved family""]","[0.0, 1, 0.0, 0.0, 0.0, 0.0]",6943
dardic-language-evidence,UNRIPE,UNRIPE,dame1241,dardic,35.3,71.68,Dm,"[""Dardic-associated family only"", ""Plains-associated family only"", ""Both focal families"", ""One focal + other families"", ""Other families only"", ""No resolved family""]","[1, 0.0, 0.0, 0.0, 0.0, 0.0]",1236
dardic-language-evidence,UNRIPE,UNRIPE,gowr1239,dardic,35.1243,73.1233,Gowro,"[""Dardic-associated family only"", ""Plains-associated family only"", ""Both focal families"", ""One focal + other families"", ""Other families only"", ""No resolved family""]","[0.0, 0.0, 0.0, 0.0, 1, 0.0]",7563
dardic-language-evidence,UNRIPE,UNRIPE,indu1241,dardic,35.34,73.02,Mai,"[""Dardic-associated family only"", ""Plains-associated family only"", ""Both focal families"", ""One focal + other families"", ""Other families only"", ""No resolved family""]","[0.0, 0.0, 0.0, 1, 0.0, 0.0]",2613;7563
dardic-language-evidence,UNRIPE,UNRIPE,kala1372,dardic,35.64,71.67,Kal,"[""Dardic-associated family only"", ""Plains-associated family only"", ""Both focal families"", ""One focal + other families"", ""Other families only"", ""No resolved family""]","[1, 0.0, 0.0, 0.0, 0.0, 0.0]",1236
dardic-language-evidence,UNRIPE,UNRIPE,kala1373,dardic,35.53,72.57,Bshk,"[""Dardic-associated family only"", ""Plains-associated family only"", ""Both focal families"", ""One focal + other families"", ""Other families only"", ""No resolved family""]","[1, 0.0, 0.0, 0.0, 0.0, 0.0]",1236
dardic-language-evidence,UNRIPE,UNRIPE,kash1277,dardic,34.17,74.33,K,"[""Dardic-associated family only"", ""Plains-associated family only"", ""Both focal families"", ""One focal + other families"", ""Other families only"", ""No resolved family""]","[0.0, 0.0, 1, 0.0, 0.0, 0.0]",1236;2613
dardic-language-evidence,UNRIPE,UNRIPE,khow1242,dardic,36.0,72.0,Kho,"[""Dardic-associated family only"", ""Plains-associated family only"", ""Both focal families"", ""One focal + other families"", ""Other families only"", ""No resolved family""]","[1, 0.0, 0.0, 0.0, 0.0, 0.0]",1236
dardic-language-evidence,UNRIPE,UNRIPE,nort2666,dardic,34.66,70.43,Pas,"[""Dardic-associated family only"", ""Plains-associated family only"", ""Both focal families"", ""One focal + other families"", ""Other families only"", ""No resolved family""]","[0.0, 0.0, 0.0, 0.0, 0.0, 1]",
dardic-language-evidence,UNRIPE,UNRIPE,phal1254,dardic,35.51,71.84,Phal,"[""Dardic-associated family only"", ""Plains-associated family only"", ""Both focal families"", ""One focal + other families"", ""Other families only"", ""No resolved family""]","[1, 0.0, 0.0, 0.0, 0.0, 0.0]",1236
dardic-language-evidence,UNRIPE,UNRIPE,shin1264,dardic,34.65,75.29,Sh,"[""Dardic-associated family only"", ""Plains-associated family only"", ""Both focal families"", ""One focal + other families"", ""Other families only"", ""No resolved family""]","[1, 0.0, 0.0, 0.0, 0.0, 0.0]",1236
dardic-language-evidence,UNRIPE,UNRIPE,shum1235,dardic,34.48,70.57,Shum,"[""Dardic-associated family only"", ""Plains-associated family only"", ""Both focal families"", ""One focal + other families"", ""Other families only"", ""No resolved family""]","[1, 0.0, 0.0, 0.0, 0.0, 0.0]",1236
dardic-language-evidence,UNRIPE,UNRIPE,tira1253,dardic,34.18,69.59,Tir,"[""Dardic-associated family only"", ""Plains-associated family only"", ""Both focal families"", ""One focal + other families"", ""Other families only"", ""No resolved family""]","[1, 0.0, 0.0, 0.0, 0.0, 0.0]",1236
dardic-language-evidence,UNRIPE,UNRIPE,awad1243,plains,27.59,82.47,Aw,"[""Dardic-associated family only"", ""Plains-associated family only"", ""Both focal families"", ""One focal + other families"", ""Other families only"", ""No resolved family""]","[0.0, 1, 0.0, 0.0, 0.0, 0.0]",2613
dardic-language-evidence,UNRIPE,UNRIPE,beng1280,plains,23.471,88.5565,B,"[""Dardic-associated family only"", ""Plains-associated family only"", ""Both focal families"", ""One focal + other families"", ""Other families only"", ""No resolved family""]","[0.0, 0.0, 0.0, 1, 0.0, 0.0]",2613;6875
dardic-language-evidence,UNRIPE,UNRIPE,chit1274,plains,27.58,84.41,Chitwan,"[""Dardic-associated family only"", ""Plains-associated family only"", ""Both focal families"", ""One focal + other families"", ""Other families only"", ""No resolved family""]","[0.0, 1, 0.0, 0.0, 0.0, 0.0]",2613
dardic-language-evidence,UNRIPE,UNRIPE,dang1260,plains,27.88,81.78,Dang,"[""Dardic-associated family only"", ""Plains-associated family only"", ""Both focal families"", ""One focal + other families"", ""Other families only"", ""No resolved family""]","[0.0, 1, 0.0, 0.0, 0.0, 0.0]",2613
dardic-language-evidence,UNRIPE,UNRIPE,east2316,plains,26.666667,87.5,Morang,"[""Dardic-associated family only"", ""Plains-associated family only"", ""Both focal families"", ""One focal + other families"", ""Other families only"", ""No resolved family""]","[0.0, 1, 0.0, 0.0, 0.0, 0.0]",2613
dardic-language-evidence,UNRIPE,UNRIPE,guja1252,plains,22.69,71.1,G,"[""Dardic-associated family only"", ""Plains-associated family only"", ""Both focal families"", ""One focal + other families"", ""Other families only"", ""No resolved family""]","[0.0, 1, 0.0, 0.0, 0.0, 0.0]",2613
dardic-language-evidence,UNRIPE,UNRIPE,hind1269,plains,28.7041,77.1025,H,"[""Dardic-associated family only"", ""Plains-associated family only"", ""Both focal families"", ""One focal + other families"", ""Other families only"", ""No resolved family""]","[0.0, 0.0, 0.0, 1, 0.0, 0.0]",2613;4012
dardic-language-evidence,UNRIPE,UNRIPE,kach1277,plains,23.83,69.0,kcch,"[""Dardic-associated family only"", ""Plains-associated family only"", ""Both focal families"", ""One focal + other families"", ""Other families only"", ""No resolved family""]","[0.0, 1, 0.0, 0.0, 0.0, 0.0]",2613
dardic-language-evidence,UNRIPE,UNRIPE,mait1250,plains,26.38,86.22,Mth,"[""Dardic-associated family only"", ""Plains-associated family only"", ""Both focal families"", ""One focal + other families"", ""Other families only"", ""No resolved family""]","[0.0, 1, 0.0, 0.0, 0.0, 0.0]",2613
dardic-language-evidence,UNRIPE,UNRIPE,mara1378,plains,18.5204,73.8567,M,"[""Dardic-associated family only"", ""Plains-associated family only"", ""Both focal families"", ""One focal + other families"", ""Other families only"", ""No resolved family""]","[0.0, 0.0, 0.0, 1, 0.0, 0.0]",14114;2613
dardic-language-evidence,UNRIPE,UNRIPE,oriy1255,plains,21.0,85.0,Or,"[""Dardic-associated family only"", ""Plains-associated family only"", ""Both focal families"", ""One focal + other families"", ""Other families only"", ""No resolved family""]","[0.0, 1, 0.0, 0.0, 0.0, 0.0]",2613
dardic-language-evidence,UNRIPE,UNRIPE,panj1256,plains,30.04,75.67,P,"[""Dardic-associated family only"", ""Plains-associated family only"", ""Both focal families"", ""One focal + other families"", ""Other families only"", ""No resolved family""]","[0.0, 0.0, 0.0, 0.0, 1, 0.0]",1340
dardic-language-evidence,UNRIPE,UNRIPE,rana1246,plains,28.65,80.44,Rana,"[""Dardic-associated family only"", ""Plains-associated family only"", ""Both focal families"", ""One focal + other families"", ""Other families only"", ""No resolved family""]","[0.0, 1, 0.0, 0.0, 0.0, 0.0]",2613
dardic-language-evidence,UNRIPE,UNRIPE,sind1272,plains,26.0,69.0,S,"[""Dardic-associated family only"", ""Plains-associated family only"", ""Both focal families"", ""One focal + other families"", ""Other families only"", ""No resolved family""]","[0.0, 0.0, 0.0, 0.0, 1, 0.0]",413
dardic-language-evidence,UNRIPE,UNRIPE,wadi1248,plains,26.07,72.13,WK,"[""Dardic-associated family only"", ""Plains-associated family only"", ""Both focal families"", ""One focal + other families"", ""Other families only"", ""No resolved family""]","[0.0, 0.0, 0.0, 0.0, 0.0, 1]",
dardic-language-evidence,UNRIPE,UNRIPE,west2386,plains,31.1704,72.7097,L,"[""Dardic-associated family only"", ""Plains-associated family only"", ""Both focal families"", ""One focal + other families"", ""Other families only"", ""No resolved family""]","[0.0, 1, 0.0, 0.0, 0.0, 0.0]",2613
dardic-language-evidence,SOUR,SOUR,brok1247,dardic,34.53,76.6,bro,"[""Dardic-associated family only"", ""Plains-associated family only"", ""Both focal families"", ""One focal + other families"", ""Other families only"", ""No resolved family""]","[1, 0.0, 0.0, 0.0, 0.0, 0.0]",4850
dardic-language-evidence,SOUR,SOUR,dame1241,dardic,35.3,71.68,Dm,"[""Dardic-associated family only"", ""Plains-associated family only"", ""Both focal families"", ""One focal + other families"", ""Other families only"", ""No resolved family""]","[1, 0.0, 0.0, 0.0, 0.0, 0.0]",4850
dardic-language-evidence,SOUR,SOUR,gawa1247,dardic,35.2,71.54,Gaw,"[""Dardic-associated family only"", ""Plains-associated family only"", ""Both focal families"", ""One focal + other families"", ""Other families only"", ""No resolved family""]","[0.0, 0.0, 0.0, 0.0, 1, 0.0]",12504;8182
dardic-language-evidence,SOUR,SOUR,gowr1239,dardic,35.1243,73.1233,Gowro,"[""Dardic-associated family only"", ""Plains-associated family only"", ""Both focal families"", ""One focal + other families"", ""Other families only"", ""No resolved family""]","[1, 0.0, 0.0, 0.0, 0.0, 0.0]",4850
dardic-language-evidence,SOUR,SOUR,gran1245,dardic,34.65,70.73,Gng,"[""Dardic-associated family only"", ""Plains-associated family only"", ""Both focal families"", ""One focal + other families"", ""Other families only"", ""No resolved family""]","[0.0, 0.0, 0.0, 0.0, 0.0, 1]",
dardic-language-evidence,SOUR,SOUR,kala1372,dardic,35.64,71.67,Kal,"[""Dardic-associated family only"", ""Plains-associated family only"", ""Both focal families"", ""One focal + other families"", ""Other families only"", ""No resolved family""]","[1, 0.0, 0.0, 0.0, 0.0, 0.0]",4850
dardic-language-evidence,SOUR,SOUR,kala1373,dardic,35.53,72.57,Bshk,"[""Dardic-associated family only"", ""Plains-associated family only"", ""Both focal families"", ""One focal + other families"", ""Other families only"", ""No resolved family""]","[1, 0.0, 0.0, 0.0, 0.0, 0.0]",4850
dardic-language-evidence,SOUR,SOUR,kash1277,dardic,34.17,74.33,K,"[""Dardic-associated family only"", ""Plains-associated family only"", ""Both focal families"", ""One focal + other families"", ""Other families only"", ""No resolved family""]","[1, 0.0, 0.0, 0.0, 0.0, 0.0]",4850
dardic-language-evidence,SOUR,SOUR,khow1242,dardic,36.0,72.0,Kho,"[""Dardic-associated family only"", ""Plains-associated family only"", ""Both focal families"", ""One focal + other families"", ""Other families only"", ""No resolved family""]","[0.0, 0.0, 0.0, 0.0, 1, 0.0]",12504
dardic-language-evidence,SOUR,SOUR,nort2666,dardic,34.66,70.43,Pas,"[""Dardic-associated family only"", ""Plains-associated family only"", ""Both focal families"", ""One focal + other families"", ""Other families only"", ""No resolved family""]","[0.0, 0.0, 0.0, 1, 0.0, 0.0]",12504;4584;4850
dardic-language-evidence,SOUR,SOUR,phal1254,dardic,35.51,71.84,Phal,"[""Dardic-associated family only"", ""Plains-associated family only"", ""Both focal families"", ""One focal + other families"", ""Other families only"", ""No resolved family""]","[0.0, 0.0, 0.0, 1, 0.0, 0.0]",4850;5938
dardic-language-evidence,SOUR,SOUR,savi1242,dardic,35.3,71.56,Sv,"[""Dardic-associated family only"", ""Plains-associated family only"", ""Both focal families"", ""One focal + other families"", ""Other families only"", ""No resolved family""]","[0.0, 0.0, 0.0, 0.0, 1, 0.0]",12504
dardic-language-evidence,SOUR,SOUR,shin1264,dardic,34.65,75.29,Sh,"[""Dardic-associated family only"", ""Plains-associated family only"", ""Both focal families"", ""One focal + other families"", ""Other families only"", ""No resolved family""]","[1, 0.0, 0.0, 0.0, 0.0, 0.0]",4850
dardic-language-evidence,SOUR,SOUR,shum1235,dardic,34.48,70.57,Shum,"[""Dardic-associated family only"", ""Plains-associated family only"", ""Both focal families"", ""One focal + other families"", ""Other families only"", ""No resolved family""]","[1, 0.0, 0.0, 0.0, 0.0, 0.0]",4850
dardic-language-evidence,SOUR,SOUR,torw1241,dardic,35.21,72.55,Tor,"[""Dardic-associated family only"", ""Plains-associated family only"", ""Both focal families"", ""One focal + other families"", ""Other families only"", ""No resolved family""]","[1, 0.0, 0.0, 0.0, 0.0, 0.0]",4850
dardic-language-evidence,SOUR,SOUR,wota1240,dardic,34.7,70.86,Wot,"[""Dardic-associated family only"", ""Plains-associated family only"", ""Both focal families"", ""One focal + other families"", ""Other families only"", ""No resolved family""]","[0.0, 0.0, 0.0, 0.0, 1, 0.0]",8182
dardic-language-evidence,SOUR,SOUR,assa1263,plains,26.7509,94.2037,A,"[""Dardic-associated family only"", ""Plains-associated family only"", ""Both focal families"", ""One focal + other families"", ""Other families only"", ""No resolved family""]","[0.0, 0.0, 0.0, 0.0, 1, 0.0]",5808
dardic-language-evidence,SOUR,SOUR,beng1280,plains,23.471,88.5565,B,"[""Dardic-associated family only"", ""Plains-associated family only"", ""Both focal families"", ""One focal + other families"", ""Other families only"", ""No resolved family""]","[0.0, 0.0, 1, 0.0, 0.0, 0.0]",3777;4850;5617;579
dardic-language-evidence,SOUR,SOUR,bhoj1244,plains,26.46,84.82,Bhoj,"[""Dardic-associated family only"", ""Plains-associated family only"", ""Both focal families"", ""One focal + other families"", ""Other families only"", ""No resolved family""]","[0.0, 1, 0.0, 0.0, 0.0, 0.0]",3777
dardic-language-evidence,SOUR,SOUR,bish1244,plains,24.5,91.8,Bishnupriya,"[""Dardic-associated family only"", ""Plains-associated family only"", ""Both focal families"", ""One focal + other families"", ""Other families only"", ""No resolved family""]","[0.0, 0.0, 0.0, 0.0, 0.0, 1]",
dardic-language-evidence,SOUR,SOUR,chit1274,plains,27.58,84.41,Chitwan,"[""Dardic-associated family only"", ""Plains-associated family only"", ""Both focal families"", ""One focal + other families"", ""Other families only"", ""No resolved family""]","[0.0, 0.0, 0.0, 0.0, 1, 0.0]",579
dardic-language-evidence,SOUR,SOUR,dang1260,plains,27.88,81.78,Dang,"[""Dardic-associated family only"", ""Plains-associated family only"", ""Both focal families"", ""One focal + other families"", ""Other families only"", ""No resolved family""]","[0.0, 0.0, 0.0, 0.0, 1, 0.0]",579
dardic-language-evidence,SOUR,SOUR,dhat1238,plains,26.42,70.78,thar,"[""Dardic-associated family only"", ""Plains-associated family only"", ""Both focal families"", ""One focal + other families"", ""Other families only"", ""No resolved family""]","[0.0, 1, 0.0, 0.0, 0.0, 0.0]",3777
dardic-language-evidence,SOUR,SOUR,east2316,plains,26.666667,87.5,Morang,"[""Dardic-associated family only"", ""Plains-associated family only"", ""Both focal families"", ""One focal + other families"", ""Other families only"", ""No resolved family""]","[0.0, 1, 0.0, 0.0, 0.0, 0.0]",3777
dardic-language-evidence,SOUR,SOUR,guja1252,plains,22.69,71.1,G,"[""Dardic-associated family only"", ""Plains-associated family only"", ""Both focal families"", ""One focal + other families"", ""Other families only"", ""No resolved family""]","[0.0, 0.0, 0.0, 1, 0.0, 0.0]",3777;579
dardic-language-evidence,SOUR,SOUR,hajo1238,plains,25.5143,89.8594,Hajong,"[""Dardic-associated family only"", ""Plains-associated family only"", ""Both focal families"", ""One focal + other families"", ""Other families only"", ""No resolved family""]","[0.0, 0.0, 0.0, 0.0, 0.0, 1]",
dardic-language-evidence,SOUR,SOUR,halb1244,plains,20.31,81.37,hal,"[""Dardic-associated family only"", ""Plains-associated family only"", ""Both focal families"", ""One focal + other families"", ""Other families only"", ""No resolved family""]","[0.0, 0.0, 0.0, 0.0, 0.0, 1]",
dardic-language-evidence,SOUR,SOUR,hind1269,plains,28.7041,77.1025,H,"[""Dardic-associated family only"", ""Plains-associated family only"", ""Both focal families"", ""One focal + other families"", ""Other families only"", ""No resolved family""]","[0.0, 0.0, 0.0, 1, 0.0, 0.0]",4850;579
dardic-language-evidence,SOUR,SOUR,kach1277,plains,23.83,69.0,kcch,"[""Dardic-associated family only"", ""Plains-associated family only"", ""Both focal families"", ""One focal + other families"", ""Other families only"", ""No resolved family""]","[0.0, 1, 0.0, 0.0, 0.0, 0.0]",3777
dardic-language-evidence,SOUR,SOUR,konk1267,plains,15.2993,74.124,Ko,"[""Dardic-associated family only"", ""Plains-associated family only"", ""Both focal families"", ""One focal + other families"", ""Other families only"", ""No resolved family""]","[0.0, 0.0, 0.0, 0.0, 1, 0.0]",579;579-2
dardic-language-evidence,SOUR,SOUR,mait1250,plains,26.38,86.22,Mth,"[""Dardic-associated family only"", ""Plains-associated family only"", ""Both focal families"", ""One focal + other families"", ""Other families only"", ""No resolved family""]","[0.0, 0.0, 0.0, 0.0, 0.0, 1]",
dardic-language-evidence,SOUR,SOUR,mara1378,plains,18.5204,73.8567,M,"[""Dardic-associated family only"", ""Plains-associated family only"", ""Both focal families"", ""One focal + other families"", ""Other families only"", ""No resolved family""]","[0.0, 1, 0.0, 0.0, 0.0, 0.0]",3777
dardic-language-evidence,SOUR,SOUR,oriy1255,plains,21.0,85.0,Or,"[""Dardic-associated family only"", ""Plains-associated family only"", ""Both focal families"", ""One focal + other families"", ""Other families only"", ""No resolved family""]","[0.0, 0.0, 0.0, 0.0, 1, 0.0]",5617;579
dardic-language-evidence,SOUR,SOUR,panj1256,plains,30.04,75.67,P,"[""Dardic-associated family only"", ""Plains-associated family only"", ""Both focal families"", ""One focal + other families"", ""Other families only"", ""No resolved family""]","[0.0, 1, 0.0, 0.0, 0.0, 0.0]",3777
dardic-language-evidence,SOUR,SOUR,rajb1243,plains,26.4877,87.79265,MH,"[""Dardic-associated family only"", ""Plains-associated family only"", ""Both focal families"", ""One focal + other families"", ""Other families only"", ""No resolved family""]","[0.0, 1, 0.0, 0.0, 0.0, 0.0]",3777
dardic-language-evidence,SOUR,SOUR,rana1246,plains,28.65,80.44,Rana,"[""Dardic-associated family only"", ""Plains-associated family only"", ""Both focal families"", ""One focal + other families"", ""Other families only"", ""No resolved family""]","[0.0, 1, 0.0, 0.0, 0.0, 0.0]",3777
dardic-language-evidence,SOUR,SOUR,rang1265,plains,26.280348,89.39468,BH,"[""Dardic-associated family only"", ""Plains-associated family only"", ""Both focal families"", ""One focal + other families"", ""Other families only"", ""No resolved family""]","[0.0, 0.0, 0.0, 1, 0.0, 0.0]",3777;5808
dardic-language-evidence,SOUR,SOUR,sind1272,plains,26.0,69.0,S,"[""Dardic-associated family only"", ""Plains-associated family only"", ""Both focal families"", ""One focal + other families"", ""Other families only"", ""No resolved family""]","[0.0, 0.0, 0.0, 1, 0.0, 0.0]",3777;5617
dardic-language-evidence,SOUR,SOUR,surj1235,plains,26.0982,87.945,KS,"[""Dardic-associated family only"", ""Plains-associated family only"", ""Both focal families"", ""One focal + other families"", ""Other families only"", ""No resolved family""]","[0.0, 1, 0.0, 0.0, 0.0, 0.0]",3777
dardic-language-evidence,SOUR,SOUR,vaag1238,plains,12.21,79.53,VB,"[""Dardic-associated family only"", ""Plains-associated family only"", ""Both focal families"", ""One focal + other families"", ""Other families only"", ""No resolved family""]","[0.0, 0.0, 0.0, 0.0, 0.0, 1]",
dardic-language-evidence,SOUR,SOUR,wadi1248,plains,26.07,72.13,WK,"[""Dardic-associated family only"", ""Plains-associated family only"", ""Both focal families"", ""One focal + other families"", ""Other families only"", ""No resolved family""]","[0.0, 0.0, 0.0, 0.0, 1, 0.0]",2668
dardic-language-evidence,SOUR,SOUR,west2386,plains,31.1704,72.7097,L,"[""Dardic-associated family only"", ""Plains-associated family only"", ""Both focal families"", ""One focal + other families"", ""Other families only"", ""No resolved family""]","[0.0, 1, 0.0, 0.0, 0.0, 0.0]",3777
dardic-family-shares,RAW,RAW,dame1241,dardic,35.3,71.68,Dm,"[""āmá"", ""*kacca"", ""Other resolved families"", ""No included family""]","[1.0, 0.0, 0.0, 0.0]",1236
dardic-family-shares,RAW,RAW,gawa1247,dardic,35.2,71.54,Gaw,"[""āmá"", ""*kacca"", ""Other resolved families"", ""No included family""]","[0.0, 0.0, 1.0, 0.0]",8130
dardic-family-shares,RAW,RAW,indu1241,dardic,35.34,73.02,Mai,"[""āmá"", ""*kacca"", ""Other resolved families"", ""No included family""]","[0.5, 0.0, 0.5, 0.0]",1236;1533
dardic-family-shares,RAW,RAW,kala1372,dardic,35.64,71.67,Kal,"[""āmá"", ""*kacca"", ""Other resolved families"", ""No included family""]","[1.0, 0.0, 0.0, 0.0]",1236
dardic-family-shares,RAW,RAW,kala1373,dardic,35.53,72.57,Bshk,"[""āmá"", ""*kacca"", ""Other resolved families"", ""No included family""]","[1.0, 0.0, 0.0, 0.0]",1236
dardic-family-shares,RAW,RAW,kash1277,dardic,34.17,74.33,K,"[""āmá"", ""*kacca"", ""Other resolved families"", ""No included family""]","[0.3333333333333333, 0.3333333333333333, 0.3333333333333333, 0.0]",1236;2613;9584
dardic-family-shares,RAW,RAW,khow1242,dardic,36.0,72.0,Kho,"[""āmá"", ""*kacca"", ""Other resolved families"", ""No included family""]","[1.0, 0.0, 0.0, 0.0]",1236
dardic-family-shares,RAW,RAW,phal1254,dardic,35.51,71.84,Phal,"[""āmá"", ""*kacca"", ""Other resolved families"", ""No included family""]","[1.0, 0.0, 0.0, 0.0]",1236
dardic-family-shares,RAW,RAW,savi1242,dardic,35.3,71.56,Sv,"[""āmá"", ""*kacca"", ""Other resolved families"", ""No included family""]","[0.0, 0.0, 1.0, 0.0]",8130
dardic-family-shares,RAW,RAW,shin1264,dardic,34.65,75.29,Sh,"[""āmá"", ""*kacca"", ""Other resolved families"", ""No included family""]","[1.0, 0.0, 0.0, 0.0]",1236
dardic-family-shares,RAW,RAW,shum1235,dardic,34.48,70.57,Shum,"[""āmá"", ""*kacca"", ""Other resolved families"", ""No included family""]","[1.0, 0.0, 0.0, 0.0]",1236
dardic-family-shares,RAW,RAW,tira1253,dardic,34.18,69.59,Tir,"[""āmá"", ""*kacca"", ""Other resolved families"", ""No included family""]","[1.0, 0.0, 0.0, 0.0]",1236
dardic-family-shares,RAW,RAW,awad1243,plains,27.59,82.47,Aw,"[""āmá"", ""*kacca"", ""Other resolved families"", ""No included family""]","[0.0, 1.0, 0.0, 0.0]",2613
dardic-family-shares,RAW,RAW,beng1280,plains,23.471,88.5565,B,"[""āmá"", ""*kacca"", ""Other resolved families"", ""No included family""]","[0.5, 0.5, 0.0, 0.0]",1236;2613
dardic-family-shares,RAW,RAW,dhat1238,plains,26.42,70.78,thar,"[""āmá"", ""*kacca"", ""Other resolved families"", ""No included family""]","[0.0, 1.0, 0.0, 0.0]",2613
dardic-family-shares,RAW,RAW,guja1252,plains,22.69,71.1,G,"[""āmá"", ""*kacca"", ""Other resolved families"", ""No included family""]","[0.5, 0.5, 0.0, 0.0]",1236;2613
dardic-family-shares,RAW,RAW,hind1269,plains,28.7041,77.1025,H,"[""āmá"", ""*kacca"", ""Other resolved families"", ""No included family""]","[0.0, 0.3333333333333333, 0.6666666666666666, 0.0]",10807;14114;2613
dardic-family-shares,RAW,RAW,kach1277,plains,23.83,69.0,kcch,"[""āmá"", ""*kacca"", ""Other resolved families"", ""No included family""]","[0.0, 1.0, 0.0, 0.0]",2613
dardic-family-shares,RAW,RAW,mait1250,plains,26.38,86.22,Mth,"[""āmá"", ""*kacca"", ""Other resolved families"", ""No included family""]","[0.0, 1.0, 0.0, 0.0]",2613
dardic-family-shares,RAW,RAW,mara1378,plains,18.5204,73.8567,M,"[""āmá"", ""*kacca"", ""Other resolved families"", ""No included family""]","[0.0, 0.3333333333333333, 0.6666666666666666, 0.0]",14114;2613;724
dardic-family-shares,RAW,RAW,oriy1255,plains,21.0,85.0,Or,"[""āmá"", ""*kacca"", ""Other resolved families"", ""No included family""]","[0.0, 1.0, 0.0, 0.0]",2613
dardic-family-shares,RAW,RAW,panj1256,plains,30.04,75.67,P,"[""āmá"", ""*kacca"", ""Other resolved families"", ""No included family""]","[0.0, 1.0, 0.0, 0.0]",2613
dardic-family-shares,RAW,RAW,sind1272,plains,26.0,69.0,S,"[""āmá"", ""*kacca"", ""Other resolved families"", ""No included family""]","[0.0, 1.0, 0.0, 0.0]",2613
dardic-family-shares,RAW,RAW,vaag1238,plains,12.21,79.53,VB,"[""āmá"", ""*kacca"", ""Other resolved families"", ""No included family""]","[0.0, 0.0, 0.0, 1]",
dardic-family-shares,WOOL,WOOL,dame1241,dardic,35.3,71.68,Dm,"[""pákṣman"", ""ū́rṇā"", ""Other resolved families"", ""No included family""]","[0.0, 0.0, 1.0, 0.0]",11549
dardic-family-shares,WOOL,WOOL,gowr1239,dardic,35.1243,73.1233,Gowro,"[""pákṣman"", ""ū́rṇā"", ""Other resolved families"", ""No included family""]","[0.0, 0.0, 0.0, 1]",
dardic-family-shares,WOOL,WOOL,indu1241,dardic,35.34,73.02,Mai,"[""pákṣman"", ""ū́rṇā"", ""Other resolved families"", ""No included family""]","[0.0, 0.0, 1.0, 0.0]",5086
dardic-family-shares,WOOL,WOOL,kala1372,dardic,35.64,71.67,Kal,"[""pákṣman"", ""ū́rṇā"", ""Other resolved families"", ""No included family""]","[0.5, 0.0, 0.5, 0.0]",11023;7638
dardic-family-shares,WOOL,WOOL,kala1373,dardic,35.53,72.57,Bshk,"[""pákṣman"", ""ū́rṇā"", ""Other resolved families"", ""No included family""]","[1.0, 0.0, 0.0, 0.0]",7638
dardic-family-shares,WOOL,WOOL,kash1277,dardic,34.17,74.33,K,"[""pákṣman"", ""ū́rṇā"", ""Other resolved families"", ""No included family""]","[0.0, 1.0, 0.0, 0.0]",2424
dardic-family-shares,WOOL,WOOL,khow1242,dardic,36.0,72.0,Kho,"[""pákṣman"", ""ū́rṇā"", ""Other resolved families"", ""No included family""]","[1.0, 0.0, 0.0, 0.0]",7638
dardic-family-shares,WOOL,WOOL,nort2666,dardic,34.66,70.43,Pas,"[""pákṣman"", ""ū́rṇā"", ""Other resolved families"", ""No included family""]","[0.0, 0.0, 1.0, 0.0]",11154;2438
dardic-family-shares,WOOL,WOOL,phal1254,dardic,35.51,71.84,Phal,"[""pákṣman"", ""ū́rṇā"", ""Other resolved families"", ""No included family""]","[1.0, 0.0, 0.0, 0.0]",7638
dardic-family-shares,WOOL,WOOL,shin1264,dardic,34.65,75.29,Sh,"[""pákṣman"", ""ū́rṇā"", ""Other resolved families"", ""No included family""]","[1.0, 0.0, 0.0, 0.0]",7638
dardic-family-shares,WOOL,WOOL,torw1241,dardic,35.21,72.55,Tor,"[""pákṣman"", ""ū́rṇā"", ""Other resolved families"", ""No included family""]","[1.0, 0.0, 0.0, 0.0]",7638
dardic-family-shares,WOOL,WOOL,usho1238,dardic,35.139395,72.67756,Ush,"[""pákṣman"", ""ū́rṇā"", ""Other resolved families"", ""No included family""]","[1.0, 0.0, 0.0, 0.0]",7638
dardic-family-shares,WOOL,WOOL,beng1280,plains,23.471,88.5565,B,"[""pákṣman"", ""ū́rṇā"", ""Other resolved families"", ""No included family""]","[0.0, 1.0, 0.0, 0.0]",2424
dardic-family-shares,WOOL,WOOL,dhat1238,plains,26.42,70.78,thar,"[""pákṣman"", ""ū́rṇā"", ""Other resolved families"", ""No included family""]","[0.0, 1.0, 0.0, 0.0]",2424
dardic-family-shares,WOOL,WOOL,guja1252,plains,22.69,71.1,G,"[""pákṣman"", ""ū́rṇā"", ""Other resolved families"", ""No included family""]","[0.3333333333333333, 0.3333333333333333, 0.3333333333333333, 0.0]",2424;3156;7638
dardic-family-shares,WOOL,WOOL,hind1269,plains,28.7041,77.1025,H,"[""pákṣman"", ""ū́rṇā"", ""Other resolved families"", ""No included family""]","[0.0, 1.0, 0.0, 0.0]",2424
dardic-family-shares,WOOL,WOOL,kach1277,plains,23.83,69.0,kcch,"[""pákṣman"", ""ū́rṇā"", ""Other resolved families"", ""No included family""]","[0.0, 1.0, 0.0, 0.0]",2424
dardic-family-shares,WOOL,WOOL,khet1238,plains,30.48,70.28,khet,"[""pákṣman"", ""ū́rṇā"", ""Other resolved families"", ""No included family""]","[0.0, 1.0, 0.0, 0.0]",2424
dardic-family-shares,WOOL,WOOL,mait1250,plains,26.38,86.22,Mth,"[""pákṣman"", ""ū́rṇā"", ""Other resolved families"", ""No included family""]","[0.0, 1.0, 0.0, 0.0]",2424
dardic-family-shares,WOOL,WOOL,mara1378,plains,18.5204,73.8567,M,"[""pákṣman"", ""ū́rṇā"", ""Other resolved families"", ""No included family""]","[0.0, 0.0, 1.0, 0.0]",9301
dardic-family-shares,WOOL,WOOL,oriy1255,plains,21.0,85.0,Or,"[""pákṣman"", ""ū́rṇā"", ""Other resolved families"", ""No included family""]","[0.0, 0.5, 0.5, 0.0]",10851;2424
dardic-family-shares,WOOL,WOOL,panj1256,plains,30.04,75.67,P,"[""pákṣman"", ""ū́rṇā"", ""Other resolved families"", ""No included family""]","[0.0, 1.0, 0.0, 0.0]",2424
dardic-family-shares,WOOL,WOOL,rajb1243,plains,26.4877,87.79265,MH,"[""pákṣman"", ""ū́rṇā"", ""Other resolved families"", ""No included family""]","[0.0, 1.0, 0.0, 0.0]",2424
dardic-family-shares,WOOL,WOOL,rang1265,plains,26.280348,89.39468,BH,"[""pákṣman"", ""ū́rṇā"", ""Other resolved families"", ""No included family""]","[0.0, 1.0, 0.0, 0.0]",2424
dardic-family-shares,WOOL,WOOL,sind1272,plains,26.0,69.0,S,"[""pákṣman"", ""ū́rṇā"", ""Other resolved families"", ""No included family""]","[0.0, 1.0, 0.0, 0.0]",2424
dardic-family-shares,WOOL,WOOL,surj1235,plains,26.0982,87.945,KS,"[""pákṣman"", ""ū́rṇā"", ""Other resolved families"", ""No included family""]","[0.0, 1.0, 0.0, 0.0]",2424
dardic-family-shares,WOOL,WOOL,west2386,plains,31.1704,72.7097,L,"[""pákṣman"", ""ū́rṇā"", ""Other resolved families"", ""No included family""]","[0.0, 1.0, 0.0, 0.0]",2424
dardic-family-shares,MOUSTACHE,MOUSTACHE,bate1261,dardic,34.95,72.92,bhatr,"[""*pʰuŋga"", ""*muccʰā"", ""Other resolved families"", ""No included family""]","[1.0, 0.0, 0.0, 0.0]",9083
dardic-family-shares,MOUSTACHE,MOUSTACHE,brok1247,dardic,34.53,76.6,bro,"[""*pʰuŋga"", ""*muccʰā"", ""Other resolved families"", ""No included family""]","[0.0, 0.0, 0.0, 1]",
dardic-family-shares,MOUSTACHE,MOUSTACHE,dame1241,dardic,35.3,71.68,Dm,"[""*pʰuŋga"", ""*muccʰā"", ""Other resolved families"", ""No included family""]","[1.0, 0.0, 0.0, 0.0]",9083
dardic-family-shares,MOUSTACHE,MOUSTACHE,gawa1247,dardic,35.2,71.54,Gaw,"[""*pʰuŋga"", ""*muccʰā"", ""Other resolved families"", ""No included family""]","[0.0, 0.0, 1.0, 0.0]",4269
dardic-family-shares,MOUSTACHE,MOUSTACHE,gowr1239,dardic,35.1243,73.1233,Gowro,"[""*pʰuŋga"", ""*muccʰā"", ""Other resolved families"", ""No included family""]","[0.0, 0.0, 0.0, 1]",
dardic-family-shares,MOUSTACHE,MOUSTACHE,gran1245,dardic,34.65,70.73,Gng,"[""*pʰuŋga"", ""*muccʰā"", ""Other resolved families"", ""No included family""]","[0.0, 0.0, 0.0, 1]",
dardic-family-shares,MOUSTACHE,MOUSTACHE,kala1372,dardic,35.64,71.67,Kal,"[""*pʰuŋga"", ""*muccʰā"", ""Other resolved families"", ""No included family""]","[1.0, 0.0, 0.0, 0.0]",9083
dardic-family-shares,MOUSTACHE,MOUSTACHE,kala1373,dardic,35.53,72.57,Bshk,"[""*pʰuŋga"", ""*muccʰā"", ""Other resolved families"", ""No included family""]","[1.0, 0.0, 0.0, 0.0]",9083
dardic-family-shares,MOUSTACHE,MOUSTACHE,kash1277,dardic,34.17,74.33,K,"[""*pʰuŋga"", ""*muccʰā"", ""Other resolved families"", ""No included family""]","[0.0, 0.0, 1.0, 0.0]",4269
dardic-family-shares,MOUSTACHE,MOUSTACHE,khow1242,dardic,36.0,72.0,Kho,"[""*pʰuŋga"", ""*muccʰā"", ""Other resolved families"", ""No included family""]","[0.0, 0.0, 0.0, 1]",
dardic-family-shares,MOUSTACHE,MOUSTACHE,nort2666,dardic,34.66,70.43,Pas,"[""*pʰuŋga"", ""*muccʰā"", ""Other resolved families"", ""No included family""]","[0.0, 0.0, 0.0, 1]",
dardic-family-shares,MOUSTACHE,MOUSTACHE,phal1254,dardic,35.51,71.84,Phal,"[""*pʰuŋga"", ""*muccʰā"", ""Other resolved families"", ""No included family""]","[1.0, 0.0, 0.0, 0.0]",9083
dardic-family-shares,MOUSTACHE,MOUSTACHE,savi1242,dardic,35.3,71.56,Sv,"[""*pʰuŋga"", ""*muccʰā"", ""Other resolved families"", ""No included family""]","[0.0, 0.0, 1.0, 0.0]",4269
dardic-family-shares,MOUSTACHE,MOUSTACHE,shin1264,dardic,34.65,75.29,Sh,"[""*pʰuŋga"", ""*muccʰā"", ""Other resolved families"", ""No included family""]","[1.0, 0.0, 0.0, 0.0]",9083
dardic-family-shares,MOUSTACHE,MOUSTACHE,torw1241,dardic,35.21,72.55,Tor,"[""*pʰuŋga"", ""*muccʰā"", ""Other resolved families"", ""No included family""]","[1.0, 0.0, 0.0, 0.0]",9083
dardic-family-shares,MOUSTACHE,MOUSTACHE,usho1238,dardic,35.139395,72.67756,Ush,"[""*pʰuŋga"", ""*muccʰā"", ""Other resolved families"", ""No included family""]","[1.0, 0.0, 0.0, 0.0]",9083
dardic-family-shares,MOUSTACHE,MOUSTACHE,assa1263,plains,26.7509,94.2037,A,"[""*pʰuŋga"", ""*muccʰā"", ""Other resolved families"", ""No included family""]","[0.0, 0.0, 1.0, 0.0]",4203;6250
dardic-family-shares,MOUSTACHE,MOUSTACHE,avan1234,plains,33.994201,72.483087,awan,"[""*pʰuŋga"", ""*muccʰā"", ""Other resolved families"", ""No included family""]","[0.0, 1.0, 0.0, 0.0]",10180
dardic-family-shares,MOUSTACHE,MOUSTACHE,awad1243,plains,27.59,82.47,Aw,"[""*pʰuŋga"", ""*muccʰā"", ""Other resolved families"", ""No included family""]","[0.0, 1.0, 0.0, 0.0]",10180
dardic-family-shares,MOUSTACHE,MOUSTACHE,beng1280,plains,23.471,88.5565,B,"[""*pʰuŋga"", ""*muccʰā"", ""Other resolved families"", ""No included family""]","[0.0, 0.0, 1.0, 0.0]",4203
dardic-family-shares,MOUSTACHE,MOUSTACHE,guja1252,plains,22.69,71.1,G,"[""*pʰuŋga"", ""*muccʰā"", ""Other resolved families"", ""No included family""]","[0.0, 0.5, 0.5, 0.0]",10180;13725
dardic-family-shares,MOUSTACHE,MOUSTACHE,hind1269,plains,28.7041,77.1025,H,"[""*pʰuŋga"", ""*muccʰā"", ""Other resolved families"", ""No included family""]","[0.0, 1.0, 0.0, 0.0]",10180
dardic-family-shares,MOUSTACHE,MOUSTACHE,khet1238,plains,30.48,70.28,khet,"[""*pʰuŋga"", ""*muccʰā"", ""Other resolved families"", ""No included family""]","[0.0, 1.0, 0.0, 0.0]",10180
dardic-family-shares,MOUSTACHE,MOUSTACHE,konk1267,plains,15.2993,74.124,Ko,"[""*pʰuŋga"", ""*muccʰā"", ""Other resolved families"", ""No included family""]","[0.0, 0.0, 1.0, 0.0]",12659
dardic-family-shares,MOUSTACHE,MOUSTACHE,mara1378,plains,18.5204,73.8567,M,"[""*pʰuŋga"", ""*muccʰā"", ""Other resolved families"", ""No included family""]","[0.0, 0.0, 0.0, 1]",
dardic-family-shares,MOUSTACHE,MOUSTACHE,oriy1255,plains,21.0,85.0,Or,"[""*pʰuŋga"", ""*muccʰā"", ""Other resolved families"", ""No included family""]","[0.0, 1.0, 0.0, 0.0]",10180
dardic-family-shares,MOUSTACHE,MOUSTACHE,panj1256,plains,30.04,75.67,P,"[""*pʰuŋga"", ""*muccʰā"", ""Other resolved families"", ""No included family""]","[0.0, 1.0, 0.0, 0.0]",10180
dardic-family-shares,MOUSTACHE,MOUSTACHE,rajb1243,plains,26.4877,87.79265,MH,"[""*pʰuŋga"", ""*muccʰā"", ""Other resolved families"", ""No included family""]","[0.0, 1.0, 0.0, 0.0]",10180
dardic-family-shares,MOUSTACHE,MOUSTACHE,rang1265,plains,26.280348,89.39468,BH,"[""*pʰuŋga"", ""*muccʰā"", ""Other resolved families"", ""No included family""]","[0.0, 1.0, 0.0, 0.0]",10180
dardic-family-shares,MOUSTACHE,MOUSTACHE,sind1272,plains,26.0,69.0,S,"[""*pʰuŋga"", ""*muccʰā"", ""Other resolved families"", ""No included family""]","[0.0, 1.0, 0.0, 0.0]",10180
dardic-family-shares,MOUSTACHE,MOUSTACHE,surj1235,plains,26.0982,87.945,KS,"[""*pʰuŋga"", ""*muccʰā"", ""Other resolved families"", ""No included family""]","[0.0, 1.0, 0.0, 0.0]",10180
dardic-family-shares,MOUSTACHE,MOUSTACHE,vaag1238,plains,12.21,79.53,VB,"[""*pʰuŋga"", ""*muccʰā"", ""Other resolved families"", ""No included family""]","[0.0, 0.0, 0.0, 1]",
dardic-family-shares,MOUSTACHE,MOUSTACHE,wadi1248,plains,26.07,72.13,WK,"[""*pʰuŋga"", ""*muccʰā"", ""Other resolved families"", ""No included family""]","[0.0, 0.0, 0.0, 1]",
dardic-family-shares,MOUSTACHE,MOUSTACHE,west2386,plains,31.1704,72.7097,L,"[""*pʰuŋga"", ""*muccʰā"", ""Other resolved families"", ""No included family""]","[0.0, 1.0, 0.0, 0.0]",10180
dardic-family-shares,LONG,LONG,bate1261,dardic,34.95,72.92,bhatr,"[""dīrgʰá"", ""lamba"", ""Other resolved families"", ""No included family""]","[0.0, 0.0, 0.0, 1]",
dardic-family-shares,LONG,LONG,brok1247,dardic,34.53,76.6,bro,"[""dīrgʰá"", ""lamba"", ""Other resolved families"", ""No included family""]","[1.0, 0.0, 0.0, 0.0]",6368
dardic-family-shares,LONG,LONG,chil1275,dardic,35.25,73.33,Chil,"[""dīrgʰá"", ""lamba"", ""Other resolved families"", ""No included family""]","[1.0, 0.0, 0.0, 0.0]",6368
dardic-family-shares,LONG,LONG,dame1241,dardic,35.3,71.68,Dm,"[""dīrgʰá"", ""lamba"", ""Other resolved families"", ""No included family""]","[1.0, 0.0, 0.0, 0.0]",6368
dardic-family-shares,LONG,LONG,gawa1247,dardic,35.2,71.54,Gaw,"[""dīrgʰá"", ""lamba"", ""Other resolved families"", ""No included family""]","[1.0, 0.0, 0.0, 0.0]",6368
dardic-family-shares,LONG,LONG,gowr1239,dardic,35.1243,73.1233,Gowro,"[""dīrgʰá"", ""lamba"", ""Other resolved families"", ""No included family""]","[0.0, 0.0, 0.0, 1]",
dardic-family-shares,LONG,LONG,indu1241,dardic,35.34,73.02,Mai,"[""dīrgʰá"", ""lamba"", ""Other resolved families"", ""No included family""]","[1.0, 0.0, 0.0, 0.0]",6368
dardic-family-shares,LONG,LONG,kala1372,dardic,35.64,71.67,Kal,"[""dīrgʰá"", ""lamba"", ""Other resolved families"", ""No included family""]","[1.0, 0.0, 0.0, 0.0]",6368
dardic-family-shares,LONG,LONG,kala1373,dardic,35.53,72.57,Bshk,"[""dīrgʰá"", ""lamba"", ""Other resolved families"", ""No included family""]","[1.0, 0.0, 0.0, 0.0]",6368
dardic-family-shares,LONG,LONG,kalk1245,dardic,35.41,72.17,Kalk,"[""dīrgʰá"", ""lamba"", ""Other resolved families"", ""No included family""]","[1.0, 0.0, 0.0, 0.0]",6368
dardic-family-shares,LONG,LONG,kash1277,dardic,34.17,74.33,K,"[""dīrgʰá"", ""lamba"", ""Other resolved families"", ""No included family""]","[0.0, 1.0, 0.0, 0.0]",10951
dardic-family-shares,LONG,LONG,khow1242,dardic,36.0,72.0,Kho,"[""dīrgʰá"", ""lamba"", ""Other resolved families"", ""No included family""]","[0.0, 0.0, 1.0, 0.0]",6616
dardic-family-shares,LONG,LONG,kund1257,dardic,34.56,73.83,Kund,"[""dīrgʰá"", ""lamba"", ""Other resolved families"", ""No included family""]","[1.0, 0.0, 0.0, 0.0]",6368
dardic-family-shares,LONG,LONG,nort2666,dardic,34.66,70.43,Pas,"[""dīrgʰá"", ""lamba"", ""Other resolved families"", ""No included family""]","[0.5, 0.0, 0.5, 0.0]",1627;6368
dardic-family-shares,LONG,LONG,phal1254,dardic,35.51,71.84,Phal,"[""dīrgʰá"", ""lamba"", ""Other resolved families"", ""No included family""]","[1.0, 0.0, 0.0, 0.0]",6368
dardic-family-shares,LONG,LONG,savi1242,dardic,35.3,71.56,Sv,"[""dīrgʰá"", ""lamba"", ""Other resolved families"", ""No included family""]","[1.0, 0.0, 0.0, 0.0]",6368
dardic-family-shares,LONG,LONG,shin1264,dardic,34.65,75.29,Sh,"[""dīrgʰá"", ""lamba"", ""Other resolved families"", ""No included family""]","[1.0, 0.0, 0.0, 0.0]",6368
dardic-family-shares,LONG,LONG,shum1235,dardic,34.48,70.57,Shum,"[""dīrgʰá"", ""lamba"", ""Other resolved families"", ""No included family""]","[1.0, 0.0, 0.0, 0.0]",6368
dardic-family-shares,LONG,LONG,tira1253,dardic,34.18,69.59,Tir,"[""dīrgʰá"", ""lamba"", ""Other resolved families"", ""No included family""]","[1.0, 0.0, 0.0, 0.0]",6368
dardic-family-shares,LONG,LONG,torw1241,dardic,35.21,72.55,Tor,"[""dīrgʰá"", ""lamba"", ""Other resolved families"", ""No included family""]","[1.0, 0.0, 0.0, 0.0]",6368
dardic-family-shares,LONG,LONG,usho1238,dardic,35.139395,72.67756,Ush,"[""dīrgʰá"", ""lamba"", ""Other resolved families"", ""No included family""]","[1.0, 0.0, 0.0, 0.0]",6368
dardic-family-shares,LONG,LONG,wota1240,dardic,34.7,70.86,Wot,"[""dīrgʰá"", ""lamba"", ""Other resolved families"", ""No included family""]","[1.0, 0.0, 0.0, 0.0]",6368
dardic-family-shares,LONG,LONG,adiv1239,plains,18.3234,82.8806,AdivasiOriya,"[""dīrgʰá"", ""lamba"", ""Other resolved families"", ""No included family""]","[0.0, 0.0, 0.0, 1]",
dardic-family-shares,LONG,LONG,assa1263,plains,26.7509,94.2037,A,"[""dīrgʰá"", ""lamba"", ""Other resolved families"", ""No included family""]","[0.5, 0.5, 0.0, 0.0]",10951;6368
dardic-family-shares,LONG,LONG,avan1234,plains,33.994201,72.483087,awan,"[""dīrgʰá"", ""lamba"", ""Other resolved families"", ""No included family""]","[0.0, 0.0, 0.0, 1]",
dardic-family-shares,LONG,LONG,bagh1251,plains,24.482879,81.356341,bagheli_lakshman,"[""dīrgʰá"", ""lamba"", ""Other resolved families"", ""No included family""]","[0.0, 1.0, 0.0, 0.0]",10951
dardic-family-shares,LONG,LONG,bagr1243,plains,29.40465,74.40918,bagri_fatehabad,"[""dīrgʰá"", ""lamba"", ""Other resolved families"", ""No included family""]","[0.0, 1.0, 0.0, 0.0]",10951
dardic-family-shares,LONG,LONG,beng1280,plains,23.471,88.5565,B,"[""dīrgʰá"", ""lamba"", ""Other resolved families"", ""No included family""]","[0.0, 0.0, 1.0, 0.0]",9158
dardic-family-shares,LONG,LONG,bhat1265,plains,19.2778,82.1341,Bhatri,"[""dīrgʰá"", ""lamba"", ""Other resolved families"", ""No included family""]","[0.0, 0.0, 0.0, 1]",
dardic-family-shares,LONG,LONG,bhil1251,plains,20.85,73.9592,Bhili,"[""dīrgʰá"", ""lamba"", ""Other resolved families"", ""No included family""]","[0.0, 0.0, 0.0, 1]",
dardic-family-shares,LONG,LONG,bhil1253,plains,22.58346,74.59014,Bhilali,"[""dīrgʰá"", ""lamba"", ""Other resolved families"", ""No included family""]","[0.0, 0.0, 0.0, 1]",
dardic-family-shares,LONG,LONG,bhoj1244,plains,26.46,84.82,Bhoj,"[""dīrgʰá"", ""lamba"", ""Other resolved families"", ""No included family""]","[0.0, 1.0, 0.0, 0.0]",10951
dardic-family-shares,LONG,LONG,bish1244,plains,24.5,91.8,Bishnupriya,"[""dīrgʰá"", ""lamba"", ""Other resolved families"", ""No included family""]","[0.0, 0.0, 0.0, 1]",
dardic-family-shares,LONG,LONG,braj1242,plains,26.48,78.08,Brj,"[""dīrgʰá"", ""lamba"", ""Other resolved families"", ""No included family""]","[0.0, 1.0, 0.0, 0.0]",10951
dardic-family-shares,LONG,LONG,buks1238,plains,29.397962,79.126163,Buksa,"[""dīrgʰá"", ""lamba"", ""Other resolved families"", ""No included family""]","[0.0, 1.0, 0.0, 0.0]",10951
dardic-family-shares,LONG,LONG,bund1253,plains,25.008376,79.564258,bundeli_atarra,"[""dīrgʰá"", ""lamba"", ""Other resolved families"", ""No included family""]","[0.0, 0.5, 0.5, 0.0]",10951;11225
dardic-family-shares,LONG,LONG,chha1249,plains,21.225068,82.028298,NDu,"[""dīrgʰá"", ""lamba"", ""Other resolved families"", ""No included family""]","[0.0, 1.0, 0.0, 0.0]",10951
dardic-family-shares,LONG,LONG,chit1274,plains,27.58,84.41,Chitwan,"[""dīrgʰá"", ""lamba"", ""Other resolved families"", ""No included family""]","[0.0, 1.0, 0.0, 0.0]",10951
dardic-family-shares,LONG,LONG,dang1260,plains,27.88,81.78,Dang,"[""dīrgʰá"", ""lamba"", ""Other resolved families"", ""No included family""]","[0.0, 1.0, 0.0, 0.0]",10951
dardic-family-shares,LONG,LONG,dhan1265,plains,27.36,85.41,DewasDoneDanuwar,"[""dīrgʰá"", ""lamba"", ""Other resolved families"", ""No included family""]","[0.0, 0.0, 0.0, 1]",
dardic-family-shares,LONG,LONG,dhun1238,plains,26.696403,75.972699,dhundari_bamore,"[""dīrgʰá"", ""lamba"", ""Other resolved families"", ""No included family""]","[0.0, 1.0, 0.0, 0.0]",10951
dardic-family-shares,LONG,LONG,dung1251,plains,,,,"[""dīrgʰá"", ""lamba"", ""Other resolved families"", ""No included family""]","[0.0, 0.0, 0.0, 1]",
dardic-family-shares,LONG,LONG,east2316,plains,26.666667,87.5,Morang,"[""dīrgʰá"", ""lamba"", ""Other resolved families"", ""No included family""]","[0.0, 1.0, 0.0, 0.0]",10951
dardic-family-shares,LONG,LONG,godw1241,plains,25.417504,73.107785,marwari_bagra,"[""dīrgʰá"", ""lamba"", ""Other resolved families"", ""No included family""]","[0.0, 1.0, 0.0, 0.0]",10951
dardic-family-shares,LONG,LONG,guja1252,plains,22.69,71.1,G,"[""dīrgʰá"", ""lamba"", ""Other resolved families"", ""No included family""]","[0.0, 1.0, 0.0, 0.0]",10951
dardic-family-shares,LONG,LONG,guja1253,plains,34.043002,73.225443,Goj,"[""dīrgʰá"", ""lamba"", ""Other resolved families"", ""No included family""]","[0.0, 0.0, 0.0, 1]",
dardic-family-shares,LONG,LONG,hada1254,plains,25.138213,76.876916,hadothi_kelwada,"[""dīrgʰá"", ""lamba"", ""Other resolved families"", ""No included family""]","[0.0, 1.0, 0.0, 0.0]",10951
dardic-family-shares,LONG,LONG,hado1235,plains,24.85,75.84,had,"[""dīrgʰá"", ""lamba"", ""Other resolved families"", ""No included family""]","[0.0, 0.5, 0.5, 0.0]",10951;11225
dardic-family-shares,LONG,LONG,hajo1238,plains,25.5143,89.8594,Hajong,"[""dīrgʰá"", ""lamba"", ""Other resolved families"", ""No included family""]","[0.0, 0.0, 0.0, 1]",
dardic-family-shares,LONG,LONG,halb1244,plains,20.31,81.37,hal,"[""dīrgʰá"", ""lamba"", ""Other resolved families"", ""No included family""]","[0.0, 0.0, 0.0, 1]",
dardic-family-shares,LONG,LONG,hary1238,plains,28.91568,76.37168,kaithal,"[""dīrgʰá"", ""lamba"", ""Other resolved families"", ""No included family""]","[0.0, 0.0, 0.0, 1]",
dardic-family-shares,LONG,LONG,hind1269,plains,28.7041,77.1025,H,"[""dīrgʰá"", ""lamba"", ""Other resolved families"", ""No included family""]","[0.5, 0.5, 0.0, 0.0]",10951;6368
dardic-family-shares,LONG,LONG,jadg1238,plains,23.588,58.3829,Zadj,"[""dīrgʰá"", ""lamba"", ""Other resolved families"", ""No included family""]","[1.0, 0.0, 0.0, 0.0]",6368
dardic-family-shares,LONG,LONG,kana1281,plains,27.0437956,79.8951742,Kannauji-Central,"[""dīrgʰá"", ""lamba"", ""Other resolved families"", ""No included family""]","[0.0, 1.0, 0.0, 0.0]",10951
dardic-family-shares,LONG,LONG,kath1250,plains,28.53981,80.797511,Kathoriya,"[""dīrgʰá"", ""lamba"", ""Other resolved families"", ""No included family""]","[0.0, 0.0, 0.0, 1]",
dardic-family-shares,LONG,LONG,khan1272,plains,21.3181,74.142,Khandesi,"[""dīrgʰá"", ""lamba"", ""Other resolved families"", ""No included family""]","[0.0, 0.0, 0.0, 1]",
dardic-family-shares,LONG,LONG,khet1238,plains,30.48,70.28,khet,"[""dīrgʰá"", ""lamba"", ""Other resolved families"", ""No included family""]","[1.0, 0.0, 0.0, 0.0]",6368
dardic-family-shares,LONG,LONG,khol1241,plains,27.12,54.3,Khol,"[""dīrgʰá"", ""lamba"", ""Other resolved families"", ""No included family""]","[1.0, 0.0, 0.0, 0.0]",6368
dardic-family-shares,LONG,LONG,koch1247,plains,26.65,86.75,KochilaTharu,"[""dīrgʰá"", ""lamba"", ""Other resolved families"", ""No included family""]","[0.0, 0.0, 0.0, 1]",
dardic-family-shares,LONG,LONG,koch1253,plains,27.12,85.63,KochariyaEastDanuwar,"[""dīrgʰá"", ""lamba"", ""Other resolved families"", ""No included family""]","[0.0, 0.0, 0.0, 1]",
dardic-family-shares,LONG,LONG,luwa1238,plains,23.616667,58.566667,maimani,"[""dīrgʰá"", ""lamba"", ""Other resolved families"", ""No included family""]","[1.0, 0.0, 0.0, 0.0]",6368
dardic-family-shares,LONG,LONG,maga1260,plains,25.0915,85.3335,MagahiNepal,"[""dīrgʰá"", ""lamba"", ""Other resolved families"", ""No included family""]","[0.0, 0.0, 0.0, 1]",
dardic-family-shares,LONG,LONG,mait1250,plains,26.38,86.22,Mth,"[""dīrgʰá"", ""lamba"", ""Other resolved families"", ""No included family""]","[0.0, 1.0, 0.0, 0.0]",10951
dardic-family-shares,LONG,LONG,majh1253,plains,27.35,86.0,Majhi,"[""dīrgʰá"", ""lamba"", ""Other resolved families"", ""No included family""]","[0.0, 0.0, 0.0, 1]",
dardic-family-shares,LONG,LONG,malv1243,plains,24.243083,75.027707,mewari_basad,"[""dīrgʰá"", ""lamba"", ""Other resolved families"", ""No included family""]","[0.0, 1.0, 0.0, 0.0]",10951
dardic-family-shares,LONG,LONG,mara1378,plains,18.5204,73.8567,M,"[""dīrgʰá"", ""lamba"", ""Other resolved families"", ""No included family""]","[0.0, 1.0, 0.0, 0.0]",10951
dardic-family-shares,LONG,LONG,marw1260,plains,27.0,75.07,Marw,"[""dīrgʰá"", ""lamba"", ""Other resolved families"", ""No included family""]","[0.5, 0.5, 0.0, 0.0]",10951;6368
dardic-family-shares,LONG,LONG,mewa1249,plains,25.084731,74.220835,mewari_dholpura,"[""dīrgʰá"", ""lamba"", ""Other resolved families"", ""No included family""]","[0.0, 0.3333333333333333, 0.6666666666666666, 0.0]",10187;10951;11225
dardic-family-shares,LONG,LONG,mewa1250,plains,27.817648,77.035043,mewati_akera,"[""dīrgʰá"", ""lamba"", ""Other resolved families"", ""No included family""]","[0.0, 1.0, 0.0, 0.0]",10951
dardic-family-shares,LONG,LONG,nima1243,plains,22.1263,76.1264,Nimadi,"[""dīrgʰá"", ""lamba"", ""Other resolved families"", ""No included family""]","[0.0, 0.0, 0.0, 1]",
dardic-family-shares,LONG,LONG,noir1238,plains,,,,"[""dīrgʰá"", ""lamba"", ""Other resolved families"", ""No included family""]","[0.0, 0.0, 0.0, 1]",
dardic-family-shares,LONG,LONG,oriy1255,plains,21.0,85.0,Or,"[""dīrgʰá"", ""lamba"", ""Other resolved families"", ""No included family""]","[0.0, 1.0, 0.0, 0.0]",10951
dardic-family-shares,LONG,LONG,paha1251,plains,33.148,73.7537,poth,"[""dīrgʰá"", ""lamba"", ""Other resolved families"", ""No included family""]","[0.0, 0.0, 0.0, 1]",
dardic-family-shares,LONG,LONG,paly1238,plains,21.937,75.233,PalyaBareli,"[""dīrgʰá"", ""lamba"", ""Other resolved families"", ""No included family""]","[0.0, 0.0, 0.0, 1]",
dardic-family-shares,LONG,LONG,panj1256,plains,30.04,75.67,P,"[""dīrgʰá"", ""lamba"", ""Other resolved families"", ""No included family""]","[0.0, 0.3333333333333333, 0.6666666666666666, 0.0]",10951;9162;9165
dardic-family-shares,LONG,LONG,paur1238,plains,21.228,74.337,PauriBareli,"[""dīrgʰá"", ""lamba"", ""Other resolved families"", ""No included family""]","[0.0, 0.0, 0.0, 1]",
dardic-family-shares,LONG,LONG,raja1256,plains,26.47,76.2,Rj,"[""dīrgʰá"", ""lamba"", ""Other resolved families"", ""No included family""]","[0.0, 0.0, 1.0, 0.0]",10187
dardic-family-shares,LONG,LONG,rajb1243,plains,26.4877,87.79265,MH,"[""dīrgʰá"", ""lamba"", ""Other resolved families"", ""No included family""]","[0.0, 1.0, 0.0, 0.0]",10951
dardic-family-shares,LONG,LONG,rana1246,plains,28.65,80.44,Rana,"[""dīrgʰá"", ""lamba"", ""Other resolved families"", ""No included family""]","[0.0, 1.0, 0.0, 0.0]",10951
dardic-family-shares,LONG,LONG,rang1265,plains,26.280348,89.39468,BH,"[""dīrgʰá"", ""lamba"", ""Other resolved families"", ""No included family""]","[0.0, 0.5, 0.5, 0.0]",10951;5524
dardic-family-shares,LONG,LONG,rath1242,plains,21.4375,74.9958,RathwiBareli,"[""dīrgʰá"", ""lamba"", ""Other resolved families"", ""No included family""]","[0.0, 0.0, 0.0, 1]",
dardic-family-shares,LONG,LONG,rath1243,plains,22.309,73.186,Rathawi,"[""dīrgʰá"", ""lamba"", ""Other resolved families"", ""No included family""]","[0.0, 0.0, 0.0, 1]",
dardic-family-shares,LONG,LONG,sera1259,plains,29.55,71.91,srk,"[""dīrgʰá"", ""lamba"", ""Other resolved families"", ""No included family""]","[0.0, 0.0, 0.0, 1]",
dardic-family-shares,LONG,LONG,shek1243,plains,27.978027,75.163279,dhundari_badagaon,"[""dīrgʰá"", ""lamba"", ""Other resolved families"", ""No included family""]","[0.0, 0.5, 0.5, 0.0]",10951;11225
dardic-family-shares,LONG,LONG,sind1272,plains,26.0,69.0,S,"[""dīrgʰá"", ""lamba"", ""Other resolved families"", ""No included family""]","[1.0, 0.0, 0.0, 0.0]",6368
dardic-family-shares,LONG,LONG,surg1246,plains,23.045719,83.189104,SSr,"[""dīrgʰá"", ""lamba"", ""Other resolved families"", ""No included family""]","[0.0, 1.0, 0.0, 0.0]",10951
dardic-family-shares,LONG,LONG,surj1235,plains,26.0982,87.945,KS,"[""dīrgʰá"", ""lamba"", ""Other resolved families"", ""No included family""]","[0.0, 1.0, 0.0, 0.0]",10951
dardic-family-shares,LONG,LONG,thar1284,plains,28.837028,80.320613,Sunha,"[""dīrgʰá"", ""lamba"", ""Other resolved families"", ""No included family""]","[0.0, 0.0, 0.0, 1]",
dardic-family-shares,LONG,LONG,vaag1238,plains,12.21,79.53,VB,"[""dīrgʰá"", ""lamba"", ""Other resolved families"", ""No included family""]","[0.0, 0.0, 0.0, 1]",
dardic-family-shares,LONG,LONG,vasa1239,plains,,,,"[""dīrgʰá"", ""lamba"", ""Other resolved families"", ""No included family""]","[0.0, 0.0, 0.0, 1]",
dardic-family-shares,LONG,LONG,wadi1248,plains,26.07,72.13,WK,"[""dīrgʰá"", ""lamba"", ""Other resolved families"", ""No included family""]","[0.0, 0.0, 0.0, 1]",
dardic-family-shares,LONG,LONG,wagd1238,plains,24.137701,74.047239,mewari_bannoda,"[""dīrgʰá"", ""lamba"", ""Other resolved families"", ""No included family""]","[0.0, 1.0, 0.0, 0.0]",10951
dardic-family-shares,LONG,LONG,west2386,plains,31.1704,72.7097,L,"[""dīrgʰá"", ""lamba"", ""Other resolved families"", ""No included family""]","[0.5, 0.5, 0.0, 0.0]",10951;6368
dardic-family-shares,WATER,WATER,bate1261,dardic,34.95,72.92,bhatr,"[""udaká"", ""pānī́ya"", ""Other resolved families"", ""No included family""]","[0.0, 1.0, 0.0, 0.0]",8082
dardic-family-shares,WATER,WATER,brok1247,dardic,34.53,76.6,bro,"[""udaká"", ""pānī́ya"", ""Other resolved families"", ""No included family""]","[0.0, 0.0, 0.0, 1]",
dardic-family-shares,WATER,WATER,chil1275,dardic,35.25,73.33,Chil,"[""udaká"", ""pānī́ya"", ""Other resolved families"", ""No included family""]","[1.0, 0.0, 0.0, 0.0]",1921
dardic-family-shares,WATER,WATER,dame1241,dardic,35.3,71.68,Dm,"[""udaká"", ""pānī́ya"", ""Other resolved families"", ""No included family""]","[0.0, 0.0, 1.0, 0.0]",407
dardic-family-shares,WATER,WATER,gawa1247,dardic,35.2,71.54,Gaw,"[""udaká"", ""pānī́ya"", ""Other resolved families"", ""No included family""]","[0.0, 0.0, 1.0, 0.0]",407
dardic-family-shares,WATER,WATER,gowr1239,dardic,35.1243,73.1233,Gowro,"[""udaká"", ""pānī́ya"", ""Other resolved families"", ""No included family""]","[0.5, 0.0, 0.5, 0.0]",12485;1921
dardic-family-shares,WATER,WATER,gran1245,dardic,34.65,70.73,Gng,"[""udaká"", ""pānī́ya"", ""Other resolved families"", ""No included family""]","[0.5, 0.0, 0.5, 0.0]",1799;1921
dardic-family-shares,WATER,WATER,indu1241,dardic,35.34,73.02,Mai,"[""udaká"", ""pānī́ya"", ""Other resolved families"", ""No included family""]","[1.0, 0.0, 0.0, 0.0]",1921
dardic-family-shares,WATER,WATER,kala1372,dardic,35.64,71.67,Kal,"[""udaká"", ""pānī́ya"", ""Other resolved families"", ""No included family""]","[1.0, 0.0, 0.0, 0.0]",1921
dardic-family-shares,WATER,WATER,kala1373,dardic,35.53,72.57,Bshk,"[""udaká"", ""pānī́ya"", ""Other resolved families"", ""No included family""]","[1.0, 0.0, 0.0, 0.0]",1921
dardic-family-shares,WATER,WATER,kalk1245,dardic,35.41,72.17,Kalk,"[""udaká"", ""pānī́ya"", ""Other resolved families"", ""No included family""]","[1.0, 0.0, 0.0, 0.0]",1921
dardic-family-shares,WATER,WATER,kash1277,dardic,33.13,75.57,dod,"[""udaká"", ""pānī́ya"", ""Other resolved families"", ""No included family""]","[0.0, 0.5, 0.5, 0.0]",13266;8082
dardic-family-shares,WATER,WATER,khow1242,dardic,36.0,72.0,Kho,"[""udaká"", ""pānī́ya"", ""Other resolved families"", ""No included family""]","[1.0, 0.0, 0.0, 0.0]",1921
dardic-family-shares,WATER,WATER,kund1257,dardic,34.56,73.83,Kund,"[""udaká"", ""pānī́ya"", ""Other resolved families"", ""No included family""]","[0.0, 1.0, 0.0, 0.0]",8082
dardic-family-shares,WATER,WATER,nort2666,dardic,34.66,70.43,Pas,"[""udaká"", ""pānī́ya"", ""Other resolved families"", ""No included family""]","[0.0, 0.0, 1.0, 0.0]",11556
dardic-family-shares,WATER,WATER,phal1254,dardic,35.51,71.84,Phal,"[""udaká"", ""pānī́ya"", ""Other resolved families"", ""No included family""]","[1.0, 0.0, 0.0, 0.0]",1921
dardic-family-shares,WATER,WATER,savi1242,dardic,35.3,71.56,Sv,"[""udaká"", ""pānī́ya"", ""Other resolved families"", ""No included family""]","[1.0, 0.0, 0.0, 0.0]",1921
dardic-family-shares,WATER,WATER,shin1264,dardic,34.65,75.29,Sh,"[""udaká"", ""pānī́ya"", ""Other resolved families"", ""No included family""]","[1.0, 0.0, 0.0, 0.0]",1921
dardic-family-shares,WATER,WATER,shum1235,dardic,34.48,70.57,Shum,"[""udaká"", ""pānī́ya"", ""Other resolved families"", ""No included family""]","[1.0, 0.0, 0.0, 0.0]",1921
dardic-family-shares,WATER,WATER,tira1253,dardic,34.18,69.59,Tir,"[""udaká"", ""pānī́ya"", ""Other resolved families"", ""No included family""]","[1.0, 0.0, 0.0, 0.0]",1921
dardic-family-shares,WATER,WATER,torw1241,dardic,35.21,72.55,Tor,"[""udaká"", ""pānī́ya"", ""Other resolved families"", ""No included family""]","[1.0, 0.0, 0.0, 0.0]",1921
dardic-family-shares,WATER,WATER,usho1238,dardic,35.139395,72.67756,Ush,"[""udaká"", ""pānī́ya"", ""Other resolved families"", ""No included family""]","[1.0, 0.0, 0.0, 0.0]",1921
dardic-family-shares,WATER,WATER,wota1240,dardic,34.7,70.86,Wot,"[""udaká"", ""pānī́ya"", ""Other resolved families"", ""No included family""]","[0.0, 1.0, 0.0, 0.0]",8082
dardic-family-shares,WATER,WATER,adiv1239,plains,18.3234,82.8806,AdivasiOriya,"[""udaká"", ""pānī́ya"", ""Other resolved families"", ""No included family""]","[0.0, 0.0, 0.0, 1]",
dardic-family-shares,WATER,WATER,assa1263,plains,26.7509,94.2037,A,"[""udaká"", ""pānī́ya"", ""Other resolved families"", ""No included family""]","[0.0, 0.5, 0.5, 0.0]",5155;8082
dardic-family-shares,WATER,WATER,avan1234,plains,33.994201,72.483087,awan,"[""udaká"", ""pānī́ya"", ""Other resolved families"", ""No included family""]","[0.0, 0.0, 0.0, 1]",
dardic-family-shares,WATER,WATER,awad1243,plains,27.59,82.47,Aw,"[""udaká"", ""pānī́ya"", ""Other resolved families"", ""No included family""]","[0.0, 1.0, 0.0, 0.0]",8082
dardic-family-shares,WATER,WATER,bagh1251,plains,24.482879,81.356341,bagheli_lakshman,"[""udaká"", ""pānī́ya"", ""Other resolved families"", ""No included family""]","[0.0, 1.0, 0.0, 0.0]",8082
dardic-family-shares,WATER,WATER,bagr1243,plains,29.40465,74.40918,bagri_fatehabad,"[""udaká"", ""pānī́ya"", ""Other resolved families"", ""No included family""]","[0.0, 1.0, 0.0, 0.0]",8082
dardic-family-shares,WATER,WATER,beng1280,plains,23.471,88.5565,B,"[""udaká"", ""pānī́ya"", ""Other resolved families"", ""No included family""]","[0.0, 0.5, 0.5, 0.0]",5155;8082
dardic-family-shares,WATER,WATER,bhat1265,plains,19.2778,82.1341,Bhatri,"[""udaká"", ""pānī́ya"", ""Other resolved families"", ""No included family""]","[0.0, 0.0, 0.0, 1]",
dardic-family-shares,WATER,WATER,bhil1251,plains,20.85,73.9592,Bhili,"[""udaká"", ""pānī́ya"", ""Other resolved families"", ""No included family""]","[0.0, 0.0, 0.0, 1]",
dardic-family-shares,WATER,WATER,bhil1253,plains,22.58346,74.59014,Bhilali,"[""udaká"", ""pānī́ya"", ""Other resolved families"", ""No included family""]","[0.0, 0.0, 0.0, 1]",
dardic-family-shares,WATER,WATER,bhoj1244,plains,26.46,84.82,Bhoj,"[""udaká"", ""pānī́ya"", ""Other resolved families"", ""No included family""]","[0.0, 1.0, 0.0, 0.0]",8082
dardic-family-shares,WATER,WATER,biha1245,plains,24.68,87.5,Bi,"[""udaká"", ""pānī́ya"", ""Other resolved families"", ""No included family""]","[0.0, 0.0, 1.0, 0.0]",10085
dardic-family-shares,WATER,WATER,bish1244,plains,24.5,91.8,Bishnupriya,"[""udaká"", ""pānī́ya"", ""Other resolved families"", ""No included family""]","[0.0, 0.0, 0.0, 1]",
dardic-family-shares,WATER,WATER,braj1242,plains,26.48,78.08,Brj,"[""udaká"", ""pānī́ya"", ""Other resolved families"", ""No included family""]","[0.0, 0.5, 0.5, 0.0]",7552;8082
dardic-family-shares,WATER,WATER,buks1238,plains,29.397962,79.126163,Buksa,"[""udaká"", ""pānī́ya"", ""Other resolved families"", ""No included family""]","[0.0, 0.0, 0.0, 1]",
dardic-family-shares,WATER,WATER,bund1253,plains,25.008376,79.564258,bundeli_atarra,"[""udaká"", ""pānī́ya"", ""Other resolved families"", ""No included family""]","[0.0, 1.0, 0.0, 0.0]",8082
dardic-family-shares,WATER,WATER,chha1249,plains,21.225068,82.028298,NDu,"[""udaká"", ""pānī́ya"", ""Other resolved families"", ""No included family""]","[0.0, 1.0, 0.0, 0.0]",8082
dardic-family-shares,WATER,WATER,chit1274,plains,27.58,84.41,Chitwan,"[""udaká"", ""pānī́ya"", ""Other resolved families"", ""No included family""]","[0.0, 1.0, 0.0, 0.0]",8082
dardic-family-shares,WATER,WATER,dang1260,plains,27.88,81.78,Dang,"[""udaká"", ""pānī́ya"", ""Other resolved families"", ""No included family""]","[0.0, 1.0, 0.0, 0.0]",8082
dardic-family-shares,WATER,WATER,dhan1265,plains,27.36,85.41,DewasDoneDanuwar,"[""udaká"", ""pānī́ya"", ""Other resolved families"", ""No included family""]","[0.0, 0.0, 0.0, 1]",
dardic-family-shares,WATER,WATER,dhun1238,plains,26.696403,75.972699,dhundari_bamore,"[""udaká"", ""pānī́ya"", ""Other resolved families"", ""No included family""]","[0.0, 1.0, 0.0, 0.0]",8082
dardic-family-shares,WATER,WATER,dung1251,plains,,,,"[""udaká"", ""pānī́ya"", ""Other resolved families"", ""No included family""]","[0.0, 0.0, 0.0, 1]",
dardic-family-shares,WATER,WATER,east2316,plains,26.666667,87.5,Morang,"[""udaká"", ""pānī́ya"", ""Other resolved families"", ""No included family""]","[0.0, 1.0, 0.0, 0.0]",8082
dardic-family-shares,WATER,WATER,godw1241,plains,25.417504,73.107785,marwari_bagra,"[""udaká"", ""pānī́ya"", ""Other resolved families"", ""No included family""]","[0.0, 1.0, 0.0, 0.0]",8082
dardic-family-shares,WATER,WATER,guja1252,plains,22.69,71.1,G,"[""udaká"", ""pānī́ya"", ""Other resolved families"", ""No included family""]","[0.0, 0.3333333333333333, 0.6666666666666666, 0.0]",13388;5155;8082
dardic-family-shares,WATER,WATER,guja1253,plains,34.043002,73.225443,Goj,"[""udaká"", ""pānī́ya"", ""Other resolved families"", ""No included family""]","[0.0, 0.0, 0.0, 1]",
dardic-family-shares,WATER,WATER,hada1254,plains,25.138213,76.876916,hadothi_kelwada,"[""udaká"", ""pānī́ya"", ""Other resolved families"", ""No included family""]","[0.0, 1.0, 0.0, 0.0]",8082
dardic-family-shares,WATER,WATER,hado1235,plains,24.85,75.84,had,"[""udaká"", ""pānī́ya"", ""Other resolved families"", ""No included family""]","[0.0, 0.5, 0.5, 0.0]",5155;8082
dardic-family-shares,WATER,WATER,hajo1238,plains,25.5143,89.8594,Hajong,"[""udaká"", ""pānī́ya"", ""Other resolved families"", ""No included family""]","[0.0, 0.0, 0.0, 1]",
dardic-family-shares,WATER,WATER,halb1244,plains,20.31,81.37,hal,"[""udaká"", ""pānī́ya"", ""Other resolved families"", ""No included family""]","[0.0, 0.0, 0.0, 1]",
dardic-family-shares,WATER,WATER,hary1238,plains,28.91568,76.37168,kaithal,"[""udaká"", ""pānī́ya"", ""Other resolved families"", ""No included family""]","[0.0, 0.0, 0.0, 1]",
dardic-family-shares,WATER,WATER,hind1269,plains,28.7041,77.1025,H,"[""udaká"", ""pānī́ya"", ""Other resolved families"", ""No included family""]","[0.0, 0.25, 0.75, 0.0]",5155;7143;7552;8082
dardic-family-shares,WATER,WATER,jadg1238,plains,23.588,58.3829,Zadj,"[""udaká"", ""pānī́ya"", ""Other resolved families"", ""No included family""]","[0.0, 1.0, 0.0, 0.0]",8082
dardic-family-shares,WATER,WATER,kach1277,plains,23.83,69.0,kcch,"[""udaká"", ""pānī́ya"", ""Other resolved families"", ""No included family""]","[0.0, 0.0, 0.0, 1]",
dardic-family-shares,WATER,WATER,kana1281,plains,27.0437956,79.8951742,Kannauji-Central,"[""udaká"", ""pānī́ya"", ""Other resolved families"", ""No included family""]","[0.0, 1.0, 0.0, 0.0]",8082
dardic-family-shares,WATER,WATER,kath1250,plains,28.53981,80.797511,Kathoriya,"[""udaká"", ""pānī́ya"", ""Other resolved families"", ""No included family""]","[0.0, 0.0, 0.0, 1]",
dardic-family-shares,WATER,WATER,khan1272,plains,21.3181,74.142,Khandesi,"[""udaká"", ""pānī́ya"", ""Other resolved families"", ""No included family""]","[0.0, 0.0, 0.0, 1]",
dardic-family-shares,WATER,WATER,khet1238,plains,30.48,70.28,khet,"[""udaká"", ""pānī́ya"", ""Other resolved families"", ""No included family""]","[0.0, 1.0, 0.0, 0.0]",8082
dardic-family-shares,WATER,WATER,khol1241,plains,27.12,54.3,Khol,"[""udaká"", ""pānī́ya"", ""Other resolved families"", ""No included family""]","[0.0, 1.0, 0.0, 0.0]",8082
dardic-family-shares,WATER,WATER,koch1247,plains,26.65,86.75,KochilaTharu,"[""udaká"", ""pānī́ya"", ""Other resolved families"", ""No included family""]","[0.0, 0.0, 0.0, 1]",
dardic-family-shares,WATER,WATER,koch1253,plains,27.12,85.63,KochariyaEastDanuwar,"[""udaká"", ""pānī́ya"", ""Other resolved families"", ""No included family""]","[0.0, 0.0, 0.0, 1]",
dardic-family-shares,WATER,WATER,konk1267,plains,15.2993,74.124,Ko,"[""udaká"", ""pānī́ya"", ""Other resolved families"", ""No included family""]","[0.0, 1.0, 0.0, 0.0]",8082
dardic-family-shares,WATER,WATER,luwa1238,plains,23.616667,58.566667,maimani,"[""udaká"", ""pānī́ya"", ""Other resolved families"", ""No included family""]","[0.0, 1.0, 0.0, 0.0]",8082
dardic-family-shares,WATER,WATER,maga1260,plains,25.0915,85.3335,MagahiNepal,"[""udaká"", ""pānī́ya"", ""Other resolved families"", ""No included family""]","[0.0, 0.0, 0.0, 1]",
dardic-family-shares,WATER,WATER,mait1250,plains,26.38,86.22,Mth,"[""udaká"", ""pānī́ya"", ""Other resolved families"", ""No included family""]","[0.0, 1.0, 0.0, 0.0]",8082
dardic-family-shares,WATER,WATER,majh1253,plains,27.35,86.0,Majhi,"[""udaká"", ""pānī́ya"", ""Other resolved families"", ""No included family""]","[0.0, 0.0, 0.0, 1]",
dardic-family-shares,WATER,WATER,malv1243,plains,24.243083,75.027707,mewari_basad,"[""udaká"", ""pānī́ya"", ""Other resolved families"", ""No included family""]","[0.0, 1.0, 0.0, 0.0]",8082
dardic-family-shares,WATER,WATER,mara1378,plains,18.5204,73.8567,M,"[""udaká"", ""pānī́ya"", ""Other resolved families"", ""No included family""]","[0.0, 0.3333333333333333, 0.6666666666666666, 0.0]",4038;5155;8082
dardic-family-shares,WATER,WATER,marw1260,plains,27.0,75.07,Marw,"[""udaká"", ""pānī́ya"", ""Other resolved families"", ""No included family""]","[0.0, 1.0, 0.0, 0.0]",8082
dardic-family-shares,WATER,WATER,mewa1249,plains,25.084731,74.220835,mewari_dholpura,"[""udaká"", ""pānī́ya"", ""Other resolved families"", ""No included family""]","[0.0, 0.5, 0.5, 0.0]",5155;8082
dardic-family-shares,WATER,WATER,mewa1250,plains,27.817648,77.035043,mewati_akera,"[""udaká"", ""pānī́ya"", ""Other resolved families"", ""No included family""]","[0.0, 1.0, 0.0, 0.0]",8082
dardic-family-shares,WATER,WATER,nima1243,plains,22.1263,76.1264,Nimadi,"[""udaká"", ""pānī́ya"", ""Other resolved families"", ""No included family""]","[0.0, 0.0, 0.0, 1]",
dardic-family-shares,WATER,WATER,noir1238,plains,,,,"[""udaká"", ""pānī́ya"", ""Other resolved families"", ""No included family""]","[0.0, 0.0, 0.0, 1]",
dardic-family-shares,WATER,WATER,oriy1255,plains,21.0,85.0,Or,"[""udaká"", ""pānī́ya"", ""Other resolved families"", ""No included family""]","[0.0, 0.5, 0.5, 0.0]",5155;8082
dardic-family-shares,WATER,WATER,paha1251,plains,33.148,73.7537,poth,"[""udaká"", ""pānī́ya"", ""Other resolved families"", ""No included family""]","[0.0, 0.0, 0.0, 1]",
dardic-family-shares,WATER,WATER,paly1238,plains,21.937,75.233,PalyaBareli,"[""udaká"", ""pānī́ya"", ""Other resolved families"", ""No included family""]","[0.0, 0.0, 0.0, 1]",
dardic-family-shares,WATER,WATER,panj1256,plains,30.04,75.67,P,"[""udaká"", ""pānī́ya"", ""Other resolved families"", ""No included family""]","[0.0, 0.5, 0.5, 0.0]",6896;8082
dardic-family-shares,WATER,WATER,paur1238,plains,21.228,74.337,PauriBareli,"[""udaká"", ""pānī́ya"", ""Other resolved families"", ""No included family""]","[0.0, 0.0, 0.0, 1]",
dardic-family-shares,WATER,WATER,raja1256,plains,26.47,76.2,Rj,"[""udaká"", ""pānī́ya"", ""Other resolved families"", ""No included family""]","[0.0, 1.0, 0.0, 0.0]",8082
dardic-family-shares,WATER,WATER,rajb1243,plains,26.4877,87.79265,MH,"[""udaká"", ""pānī́ya"", ""Other resolved families"", ""No included family""]","[0.0, 1.0, 0.0, 0.0]",8082
dardic-family-shares,WATER,WATER,rana1246,plains,28.65,80.44,Rana,"[""udaká"", ""pānī́ya"", ""Other resolved families"", ""No included family""]","[0.0, 1.0, 0.0, 0.0]",8082
dardic-family-shares,WATER,WATER,rang1265,plains,26.280348,89.39468,BH,"[""udaká"", ""pānī́ya"", ""Other resolved families"", ""No included family""]","[0.0, 1.0, 0.0, 0.0]",8082
dardic-family-shares,WATER,WATER,rath1242,plains,21.4375,74.9958,RathwiBareli,"[""udaká"", ""pānī́ya"", ""Other resolved families"", ""No included family""]","[0.0, 0.0, 0.0, 1]",
dardic-family-shares,WATER,WATER,rath1243,plains,22.309,73.186,Rathawi,"[""udaká"", ""pānī́ya"", ""Other resolved families"", ""No included family""]","[0.0, 0.0, 0.0, 1]",
dardic-family-shares,WATER,WATER,sera1259,plains,29.55,71.91,srk,"[""udaká"", ""pānī́ya"", ""Other resolved families"", ""No included family""]","[0.0, 0.0, 0.0, 1]",
dardic-family-shares,WATER,WATER,shek1243,plains,27.978027,75.163279,dhundari_badagaon,"[""udaká"", ""pānī́ya"", ""Other resolved families"", ""No included family""]","[0.0, 1.0, 0.0, 0.0]",8082
dardic-family-shares,WATER,WATER,sind1272,plains,26.0,69.0,S,"[""udaká"", ""pānī́ya"", ""Other resolved families"", ""No included family""]","[0.0, 0.5, 0.5, 0.0]",5155;8082
dardic-family-shares,WATER,WATER,surg1246,plains,23.045719,83.189104,SSr,"[""udaká"", ""pānī́ya"", ""Other resolved families"", ""No included family""]","[0.0, 1.0, 0.0, 0.0]",8082
dardic-family-shares,WATER,WATER,surj1235,plains,26.0982,87.945,KS,"[""udaká"", ""pānī́ya"", ""Other resolved families"", ""No included family""]","[0.0, 1.0, 0.0, 0.0]",8082
dardic-family-shares,WATER,WATER,thar1284,plains,28.837028,80.320613,Sunha,"[""udaká"", ""pānī́ya"", ""Other resolved families"", ""No included family""]","[0.0, 0.0, 0.0, 1]",
dardic-family-shares,WATER,WATER,vaag1238,plains,12.21,79.53,VB,"[""udaká"", ""pānī́ya"", ""Other resolved families"", ""No included family""]","[0.0, 0.0, 0.0, 1]",
dardic-family-shares,WATER,WATER,vasa1239,plains,,,,"[""udaká"", ""pānī́ya"", ""Other resolved families"", ""No included family""]","[0.0, 0.0, 0.0, 1]",
dardic-family-shares,WATER,WATER,wadi1248,plains,26.07,72.13,WK,"[""udaká"", ""pānī́ya"", ""Other resolved families"", ""No included family""]","[0.0, 1.0, 0.0, 0.0]",8082
dardic-family-shares,WATER,WATER,wagd1238,plains,24.137701,74.047239,mewari_bannoda,"[""udaká"", ""pānī́ya"", ""Other resolved families"", ""No included family""]","[0.0, 1.0, 0.0, 0.0]",8082
dardic-family-shares,WATER,WATER,west2386,plains,31.1704,72.7097,L,"[""udaká"", ""pānī́ya"", ""Other resolved families"", ""No included family""]","[0.0, 0.3333333333333333, 0.6666666666666666, 0.0]",5155;7552;8082
dardic-family-shares,IRON,IRON,bate1261,dardic,34.95,72.92,bhatr,"[""cīmara"", ""lōhá"", ""Other resolved families"", ""No included family""]","[0.0, 0.0, 0.0, 1]",
dardic-family-shares,IRON,IRON,brok1247,dardic,34.53,76.6,bro,"[""cīmara"", ""lōhá"", ""Other resolved families"", ""No included family""]","[0.0, 0.0, 0.0, 1]",
dardic-family-shares,IRON,IRON,dame1241,dardic,35.3,71.68,Dm,"[""cīmara"", ""lōhá"", ""Other resolved families"", ""No included family""]","[1.0, 0.0, 0.0, 0.0]",4842a
dardic-family-shares,IRON,IRON,gawa1247,dardic,35.2,71.54,Gaw,"[""cīmara"", ""lōhá"", ""Other resolved families"", ""No included family""]","[1.0, 0.0, 0.0, 0.0]",4842a
dardic-family-shares,IRON,IRON,indu1241,dardic,35.34,73.02,Mai,"[""cīmara"", ""lōhá"", ""Other resolved families"", ""No included family""]","[1.0, 0.0, 0.0, 0.0]",4842a
dardic-family-shares,IRON,IRON,kala1372,dardic,35.64,71.67,Kal,"[""cīmara"", ""lōhá"", ""Other resolved families"", ""No included family""]","[1.0, 0.0, 0.0, 0.0]",4842a
dardic-family-shares,IRON,IRON,kala1373,dardic,35.53,72.57,Bshk,"[""cīmara"", ""lōhá"", ""Other resolved families"", ""No included family""]","[1.0, 0.0, 0.0, 0.0]",4842a
dardic-family-shares,IRON,IRON,kash1277,dardic,33.13,75.57,dod,"[""cīmara"", ""lōhá"", ""Other resolved families"", ""No included family""]","[0.5, 0.0, 0.5, 0.0]",12367;4842a
dardic-family-shares,IRON,IRON,khow1242,dardic,36.0,72.0,Kho,"[""cīmara"", ""lōhá"", ""Other resolved families"", ""No included family""]","[1.0, 0.0, 0.0, 0.0]",4842a
dardic-family-shares,IRON,IRON,nort2666,dardic,34.66,70.43,Pas,"[""cīmara"", ""lōhá"", ""Other resolved families"", ""No included family""]","[1.0, 0.0, 0.0, 0.0]",4842a
dardic-family-shares,IRON,IRON,phal1254,dardic,35.51,71.84,Phal,"[""cīmara"", ""lōhá"", ""Other resolved families"", ""No included family""]","[1.0, 0.0, 0.0, 0.0]",4842a
dardic-family-shares,IRON,IRON,shin1264,dardic,34.65,75.29,Sh,"[""cīmara"", ""lōhá"", ""Other resolved families"", ""No included family""]","[1.0, 0.0, 0.0, 0.0]",4842a
dardic-family-shares,IRON,IRON,shum1235,dardic,34.48,70.57,Shum,"[""cīmara"", ""lōhá"", ""Other resolved families"", ""No included family""]","[1.0, 0.0, 0.0, 0.0]",4842a
dardic-family-shares,IRON,IRON,torw1241,dardic,35.21,72.55,Tor,"[""cīmara"", ""lōhá"", ""Other resolved families"", ""No included family""]","[1.0, 0.0, 0.0, 0.0]",4842a
dardic-family-shares,IRON,IRON,wota1240,dardic,34.7,70.86,Wot,"[""cīmara"", ""lōhá"", ""Other resolved families"", ""No included family""]","[1.0, 0.0, 0.0, 0.0]",4842a
dardic-family-shares,IRON,IRON,assa1263,plains,26.7509,94.2037,A,"[""cīmara"", ""lōhá"", ""Other resolved families"", ""No included family""]","[0.0, 1.0, 0.0, 0.0]",11158
dardic-family-shares,IRON,IRON,avan1234,plains,33.994201,72.483087,awan,"[""cīmara"", ""lōhá"", ""Other resolved families"", ""No included family""]","[0.0, 1.0, 0.0, 0.0]",11158
dardic-family-shares,IRON,IRON,awad1243,plains,27.59,82.47,Aw,"[""cīmara"", ""lōhá"", ""Other resolved families"", ""No included family""]","[0.0, 1.0, 0.0, 0.0]",11158
dardic-family-shares,IRON,IRON,bagh1251,plains,24.482879,81.356341,bagheli_lakshman,"[""cīmara"", ""lōhá"", ""Other resolved families"", ""No included family""]","[0.0, 0.0, 0.0, 1]",
dardic-family-shares,IRON,IRON,beng1280,plains,23.471,88.5565,B,"[""cīmara"", ""lōhá"", ""Other resolved families"", ""No included family""]","[0.0, 1.0, 0.0, 0.0]",11158
dardic-family-shares,IRON,IRON,bhoj1244,plains,26.46,84.82,Bhoj,"[""cīmara"", ""lōhá"", ""Other resolved families"", ""No included family""]","[0.0, 1.0, 0.0, 0.0]",11158
dardic-family-shares,IRON,IRON,biha1245,plains,24.68,87.5,Bi,"[""cīmara"", ""lōhá"", ""Other resolved families"", ""No included family""]","[0.0, 0.0, 1.0, 0.0]",11170;3264
dardic-family-shares,IRON,IRON,braj1242,plains,26.48,78.08,Brj,"[""cīmara"", ""lōhá"", ""Other resolved families"", ""No included family""]","[0.0, 0.0, 0.0, 1]",
dardic-family-shares,IRON,IRON,bund1253,plains,25.008376,79.564258,bundeli_atarra,"[""cīmara"", ""lōhá"", ""Other resolved families"", ""No included family""]","[0.0, 0.0, 0.0, 1]",
dardic-family-shares,IRON,IRON,chha1249,plains,21.225068,82.028298,NDu,"[""cīmara"", ""lōhá"", ""Other resolved families"", ""No included family""]","[0.0, 0.0, 0.0, 1]",
dardic-family-shares,IRON,IRON,dhun1238,plains,26.696403,75.972699,dhundari_bamore,"[""cīmara"", ""lōhá"", ""Other resolved families"", ""No included family""]","[0.0, 0.0, 0.0, 1]",
dardic-family-shares,IRON,IRON,guja1252,plains,22.69,71.1,G,"[""cīmara"", ""lōhá"", ""Other resolved families"", ""No included family""]","[0.0, 0.2, 0.8, 0.0]",11158;11171;11173;4866;6121
dardic-family-shares,IRON,IRON,guja1253,plains,34.043002,73.225443,Goj,"[""cīmara"", ""lōhá"", ""Other resolved families"", ""No included family""]","[0.0, 0.0, 0.0, 1]",
dardic-family-shares,IRON,IRON,halb1244,plains,20.31,81.37,hal,"[""cīmara"", ""lōhá"", ""Other resolved families"", ""No included family""]","[0.0, 0.0, 0.0, 1]",
dardic-family-shares,IRON,IRON,hary1238,plains,28.91568,76.37168,kaithal,"[""cīmara"", ""lōhá"", ""Other resolved families"", ""No included family""]","[0.0, 0.0, 0.0, 1]",
dardic-family-shares,IRON,IRON,hind1269,plains,28.7041,77.1025,H,"[""cīmara"", ""lōhá"", ""Other resolved families"", ""No included family""]","[0.0, 1.0, 0.0, 0.0]",11158
dardic-family-shares,IRON,IRON,kach1277,plains,23.83,69.0,kcch,"[""cīmara"", ""lōhá"", ""Other resolved families"", ""No included family""]","[0.0, 0.0, 1.0, 0.0]",6121
dardic-family-shares,IRON,IRON,kana1281,plains,27.0437956,79.8951742,Kannauji-Central,"[""cīmara"", ""lōhá"", ""Other resolved families"", ""No included family""]","[0.0, 0.0, 0.0, 1]",
dardic-family-shares,IRON,IRON,khet1238,plains,30.48,70.28,khet,"[""cīmara"", ""lōhá"", ""Other resolved families"", ""No included family""]","[0.0, 0.0, 1.0, 0.0]",6121
dardic-family-shares,IRON,IRON,konk1267,plains,15.2993,74.124,Ko,"[""cīmara"", ""lōhá"", ""Other resolved families"", ""No included family""]","[0.0, 0.0, 0.0, 1]",
dardic-family-shares,IRON,IRON,mait1250,plains,26.38,86.22,Mth,"[""cīmara"", ""lōhá"", ""Other resolved families"", ""No included family""]","[0.0, 0.5, 0.5, 0.0]",11158;12349
dardic-family-shares,IRON,IRON,malv1243,plains,24.243083,75.027707,mewari_basad,"[""cīmara"", ""lōhá"", ""Other resolved families"", ""No included family""]","[0.0, 0.0, 0.0, 1]",
dardic-family-shares,IRON,IRON,mara1378,plains,18.5204,73.8567,M,"[""cīmara"", ""lōhá"", ""Other resolved families"", ""No included family""]","[0.0, 0.5, 0.5, 0.0]",11158;11171
dardic-family-shares,IRON,IRON,marw1260,plains,27.0,75.07,Marw,"[""cīmara"", ""lōhá"", ""Other resolved families"", ""No included family""]","[0.0, 0.0, 0.0, 1]",
dardic-family-shares,IRON,IRON,mewa1250,plains,27.817648,77.035043,mewati_akera,"[""cīmara"", ""lōhá"", ""Other resolved families"", ""No included family""]","[0.0, 0.0, 0.0, 1]",
dardic-family-shares,IRON,IRON,oriy1255,plains,21.0,85.0,Or,"[""cīmara"", ""lōhá"", ""Other resolved families"", ""No included family""]","[0.0, 0.25, 0.75, 0.0]",104;10881;10884;11158
dardic-family-shares,IRON,IRON,paha1251,plains,33.148,73.7537,poth,"[""cīmara"", ""lōhá"", ""Other resolved families"", ""No included family""]","[0.0, 0.0, 0.0, 1]",
dardic-family-shares,IRON,IRON,panj1256,plains,30.04,75.67,P,"[""cīmara"", ""lōhá"", ""Other resolved families"", ""No included family""]","[0.0, 0.5, 0.5, 0.0]",11158;6121
dardic-family-shares,IRON,IRON,rajb1243,plains,26.4877,87.79265,MH,"[""cīmara"", ""lōhá"", ""Other resolved families"", ""No included family""]","[0.0, 0.0, 0.0, 1]",
dardic-family-shares,IRON,IRON,rang1265,plains,26.280348,89.39468,BH,"[""cīmara"", ""lōhá"", ""Other resolved families"", ""No included family""]","[0.0, 0.0, 0.0, 1]",
dardic-family-shares,IRON,IRON,sera1259,plains,29.55,71.91,srk,"[""cīmara"", ""lōhá"", ""Other resolved families"", ""No included family""]","[0.0, 0.0, 0.0, 1]",
dardic-family-shares,IRON,IRON,sind1272,plains,26.0,69.0,S,"[""cīmara"", ""lōhá"", ""Other resolved families"", ""No included family""]","[0.0, 0.5, 0.5, 0.0]",11158;6121
dardic-family-shares,IRON,IRON,surj1235,plains,26.0982,87.945,KS,"[""cīmara"", ""lōhá"", ""Other resolved families"", ""No included family""]","[0.0, 0.0, 0.0, 1]",
dardic-family-shares,IRON,IRON,vaag1238,plains,12.21,79.53,VB,"[""cīmara"", ""lōhá"", ""Other resolved families"", ""No included family""]","[0.0, 0.0, 0.0, 1]",
dardic-family-shares,IRON,IRON,wadi1248,plains,26.07,72.13,WK,"[""cīmara"", ""lōhá"", ""Other resolved families"", ""No included family""]","[0.0, 0.0, 1.0, 0.0]",11173
dardic-family-shares,IRON,IRON,west2386,plains,31.1704,72.7097,L,"[""cīmara"", ""lōhá"", ""Other resolved families"", ""No included family""]","[0.0, 1.0, 0.0, 0.0]",11158
dardic-family-shares,RIVER,RIVER,bate1261,dardic,34.95,72.92,bhatr,"[""síndʰu"", ""nadī́"", ""Other resolved families"", ""No included family""]","[0.5, 0.0, 0.5, 0.0]",13415;3860
dardic-family-shares,RIVER,RIVER,brok1247,dardic,34.53,76.6,bro,"[""síndʰu"", ""nadī́"", ""Other resolved families"", ""No included family""]","[0.0, 0.0, 0.0, 1]",
dardic-family-shares,RIVER,RIVER,chil1275,dardic,35.25,73.33,Chil,"[""síndʰu"", ""nadī́"", ""Other resolved families"", ""No included family""]","[0.0, 0.0, 0.0, 1]",
dardic-family-shares,RIVER,RIVER,dame1241,dardic,35.3,71.68,Dm,"[""síndʰu"", ""nadī́"", ""Other resolved families"", ""No included family""]","[0.0, 1.0, 0.0, 0.0]",6943
dardic-family-shares,RIVER,RIVER,gawa1247,dardic,35.2,71.54,Gaw,"[""síndʰu"", ""nadī́"", ""Other resolved families"", ""No included family""]","[0.0, 0.0, 0.0, 1]",
dardic-family-shares,RIVER,RIVER,gowr1239,dardic,35.1243,73.1233,Gowro,"[""síndʰu"", ""nadī́"", ""Other resolved families"", ""No included family""]","[1.0, 0.0, 0.0, 0.0]",13415
dardic-family-shares,RIVER,RIVER,gran1245,dardic,34.65,70.73,Gng,"[""síndʰu"", ""nadī́"", ""Other resolved families"", ""No included family""]","[0.0, 0.0, 0.0, 1]",
dardic-family-shares,RIVER,RIVER,indu1241,dardic,35.34,73.02,Mai,"[""síndʰu"", ""nadī́"", ""Other resolved families"", ""No included family""]","[1.0, 0.0, 0.0, 0.0]",13415
dardic-family-shares,RIVER,RIVER,kala1372,dardic,35.64,71.67,Kal,"[""síndʰu"", ""nadī́"", ""Other resolved families"", ""No included family""]","[0.0, 0.0, 1.0, 0.0]",9645
dardic-family-shares,RIVER,RIVER,kala1373,dardic,35.53,72.57,Bshk,"[""síndʰu"", ""nadī́"", ""Other resolved families"", ""No included family""]","[0.0, 1.0, 0.0, 0.0]",6943
dardic-family-shares,RIVER,RIVER,kalk1245,dardic,35.41,72.17,Kalk,"[""síndʰu"", ""nadī́"", ""Other resolved families"", ""No included family""]","[0.0, 0.0, 0.0, 1]",
dardic-family-shares,RIVER,RIVER,kash1277,dardic,34.17,74.33,K,"[""síndʰu"", ""nadī́"", ""Other resolved families"", ""No included family""]","[1.0, 0.0, 0.0, 0.0]",13415
dardic-family-shares,RIVER,RIVER,khow1242,dardic,36.0,72.0,Kho,"[""síndʰu"", ""nadī́"", ""Other resolved families"", ""No included family""]","[0.5, 0.0, 0.5, 0.0]",13415;4456
dardic-family-shares,RIVER,RIVER,kund1257,dardic,34.56,73.83,Kund,"[""síndʰu"", ""nadī́"", ""Other resolved families"", ""No included family""]","[0.0, 1.0, 0.0, 0.0]",6943
dardic-family-shares,RIVER,RIVER,nort2666,dardic,34.66,70.43,Pas,"[""síndʰu"", ""nadī́"", ""Other resolved families"", ""No included family""]","[0.0, 0.0, 1.0, 0.0]",4453
dardic-family-shares,RIVER,RIVER,phal1254,dardic,35.51,71.84,Phal,"[""síndʰu"", ""nadī́"", ""Other resolved families"", ""No included family""]","[0.0, 0.0, 1.0, 0.0]",13137
dardic-family-shares,RIVER,RIVER,savi1242,dardic,35.3,71.56,Sv,"[""síndʰu"", ""nadī́"", ""Other resolved families"", ""No included family""]","[0.0, 0.0, 0.0, 1]",
dardic-family-shares,RIVER,RIVER,shin1264,dardic,34.65,75.29,Sh,"[""síndʰu"", ""nadī́"", ""Other resolved families"", ""No included family""]","[1.0, 0.0, 0.0, 0.0]",13415
dardic-family-shares,RIVER,RIVER,shum1235,dardic,34.48,70.57,Shum,"[""síndʰu"", ""nadī́"", ""Other resolved families"", ""No included family""]","[0.0, 0.0, 0.0, 1]",
dardic-family-shares,RIVER,RIVER,tira1253,dardic,34.18,69.59,Tir,"[""síndʰu"", ""nadī́"", ""Other resolved families"", ""No included family""]","[1.0, 0.0, 0.0, 0.0]",13415
dardic-family-shares,RIVER,RIVER,torw1241,dardic,35.21,72.55,Tor,"[""síndʰu"", ""nadī́"", ""Other resolved families"", ""No included family""]","[0.0, 0.0, 0.0, 1]",
dardic-family-shares,RIVER,RIVER,usho1238,dardic,35.139395,72.67756,Ush,"[""síndʰu"", ""nadī́"", ""Other resolved families"", ""No included family""]","[0.0, 0.0, 0.0, 1]",
dardic-family-shares,RIVER,RIVER,adiv1239,plains,18.3234,82.8806,AdivasiOriya,"[""síndʰu"", ""nadī́"", ""Other resolved families"", ""No included family""]","[0.0, 0.0, 0.0, 1]",
dardic-family-shares,RIVER,RIVER,assa1263,plains,26.7509,94.2037,A,"[""síndʰu"", ""nadī́"", ""Other resolved families"", ""No included family""]","[0.0, 0.5, 0.5, 0.0]",3952;6943
dardic-family-shares,RIVER,RIVER,avan1234,plains,33.994201,72.483087,awan,"[""síndʰu"", ""nadī́"", ""Other resolved families"", ""No included family""]","[0.0, 0.0, 0.0, 1]",
dardic-family-shares,RIVER,RIVER,bagh1251,plains,24.482879,81.356341,bagheli_lakshman,"[""síndʰu"", ""nadī́"", ""Other resolved families"", ""No included family""]","[0.0, 1.0, 0.0, 0.0]",6943
dardic-family-shares,RIVER,RIVER,bagr1243,plains,29.40465,74.40918,bagri_fatehabad,"[""síndʰu"", ""nadī́"", ""Other resolved families"", ""No included family""]","[0.0, 1.0, 0.0, 0.0]",6943
dardic-family-shares,RIVER,RIVER,beng1280,plains,23.471,88.5565,B,"[""síndʰu"", ""nadī́"", ""Other resolved families"", ""No included family""]","[0.0, 0.5, 0.5, 0.0]",3952;6943
dardic-family-shares,RIVER,RIVER,bhat1265,plains,19.2778,82.1341,Bhatri,"[""síndʰu"", ""nadī́"", ""Other resolved families"", ""No included family""]","[0.0, 0.0, 0.0, 1]",
dardic-family-shares,RIVER,RIVER,bhil1251,plains,20.85,73.9592,Bhili,"[""síndʰu"", ""nadī́"", ""Other resolved families"", ""No included family""]","[0.0, 0.0, 0.0, 1]",
dardic-family-shares,RIVER,RIVER,bhil1253,plains,22.58346,74.59014,Bhilali,"[""síndʰu"", ""nadī́"", ""Other resolved families"", ""No included family""]","[0.0, 0.0, 0.0, 1]",
dardic-family-shares,RIVER,RIVER,bish1244,plains,24.5,91.8,Bishnupriya,"[""síndʰu"", ""nadī́"", ""Other resolved families"", ""No included family""]","[0.0, 0.0, 0.0, 1]",
dardic-family-shares,RIVER,RIVER,braj1242,plains,26.48,78.08,Brj,"[""síndʰu"", ""nadī́"", ""Other resolved families"", ""No included family""]","[0.0, 1.0, 0.0, 0.0]",6943
dardic-family-shares,RIVER,RIVER,buks1238,plains,29.397962,79.126163,Buksa,"[""síndʰu"", ""nadī́"", ""Other resolved families"", ""No included family""]","[0.0, 0.0, 0.0, 1]",
dardic-family-shares,RIVER,RIVER,bund1253,plains,25.008376,79.564258,bundeli_atarra,"[""síndʰu"", ""nadī́"", ""Other resolved families"", ""No included family""]","[0.0, 1.0, 0.0, 0.0]",6943
dardic-family-shares,RIVER,RIVER,chha1249,plains,21.225068,82.028298,NDu,"[""síndʰu"", ""nadī́"", ""Other resolved families"", ""No included family""]","[0.0, 0.5, 0.5, 0.0]",6943;7047
dardic-family-shares,RIVER,RIVER,chit1274,plains,27.58,84.41,Chitwan,"[""síndʰu"", ""nadī́"", ""Other resolved families"", ""No included family""]","[0.0, 1.0, 0.0, 0.0]",6943
dardic-family-shares,RIVER,RIVER,dang1260,plains,27.88,81.78,Dang,"[""síndʰu"", ""nadī́"", ""Other resolved families"", ""No included family""]","[0.0, 1.0, 0.0, 0.0]",6943
dardic-family-shares,RIVER,RIVER,dhun1238,plains,26.696403,75.972699,dhundari_bamore,"[""síndʰu"", ""nadī́"", ""Other resolved families"", ""No included family""]","[0.0, 1.0, 0.0, 0.0]",6943
dardic-family-shares,RIVER,RIVER,dung1251,plains,,,,"[""síndʰu"", ""nadī́"", ""Other resolved families"", ""No included family""]","[0.0, 0.0, 0.0, 1]",
dardic-family-shares,RIVER,RIVER,east2316,plains,26.666667,87.5,Morang,"[""síndʰu"", ""nadī́"", ""Other resolved families"", ""No included family""]","[0.0, 1.0, 0.0, 0.0]",6943
dardic-family-shares,RIVER,RIVER,godw1241,plains,25.417504,73.107785,marwari_bagra,"[""síndʰu"", ""nadī́"", ""Other resolved families"", ""No included family""]","[0.0, 1.0, 0.0, 0.0]",6943
dardic-family-shares,RIVER,RIVER,guja1253,plains,34.043002,73.225443,Goj,"[""síndʰu"", ""nadī́"", ""Other resolved families"", ""No included family""]","[0.0, 0.0, 0.0, 1]",
dardic-family-shares,RIVER,RIVER,hada1254,plains,25.138213,76.876916,hadothi_kelwada,"[""síndʰu"", ""nadī́"", ""Other resolved families"", ""No included family""]","[0.0, 1.0, 0.0, 0.0]",6943
dardic-family-shares,RIVER,RIVER,hado1235,plains,24.85,75.84,had,"[""síndʰu"", ""nadī́"", ""Other resolved families"", ""No included family""]","[0.0, 1.0, 0.0, 0.0]",6943
dardic-family-shares,RIVER,RIVER,hajo1238,plains,25.5143,89.8594,Hajong,"[""síndʰu"", ""nadī́"", ""Other resolved families"", ""No included family""]","[0.0, 0.0, 0.0, 1]",
dardic-family-shares,RIVER,RIVER,halb1244,plains,20.31,81.37,hal,"[""síndʰu"", ""nadī́"", ""Other resolved families"", ""No included family""]","[0.0, 0.0, 0.0, 1]",
dardic-family-shares,RIVER,RIVER,hind1269,plains,28.7041,77.1025,H,"[""síndʰu"", ""nadī́"", ""Other resolved families"", ""No included family""]","[0.0, 1.0, 0.0, 0.0]",6943
dardic-family-shares,RIVER,RIVER,kach1277,plains,23.83,69.0,kcch,"[""síndʰu"", ""nadī́"", ""Other resolved families"", ""No included family""]","[0.0, 1.0, 0.0, 0.0]",6943
dardic-family-shares,RIVER,RIVER,kana1281,plains,27.0437956,79.8951742,Kannauji-Central,"[""síndʰu"", ""nadī́"", ""Other resolved families"", ""No included family""]","[0.0, 1.0, 0.0, 0.0]",6943
dardic-family-shares,RIVER,RIVER,kath1250,plains,28.53981,80.797511,Kathoriya,"[""síndʰu"", ""nadī́"", ""Other resolved families"", ""No included family""]","[0.0, 0.0, 0.0, 1]",
dardic-family-shares,RIVER,RIVER,khan1272,plains,21.3181,74.142,Khandesi,"[""síndʰu"", ""nadī́"", ""Other resolved families"", ""No included family""]","[0.0, 0.0, 0.0, 1]",
dardic-family-shares,RIVER,RIVER,konk1267,plains,15.2993,74.124,Ko,"[""síndʰu"", ""nadī́"", ""Other resolved families"", ""No included family""]","[0.0, 0.0, 0.0, 1]",
dardic-family-shares,RIVER,RIVER,maga1260,plains,25.0915,85.3335,MagahiNepal,"[""síndʰu"", ""nadī́"", ""Other resolved families"", ""No included family""]","[0.0, 0.0, 0.0, 1]",
dardic-family-shares,RIVER,RIVER,malv1243,plains,24.243083,75.027707,mewari_basad,"[""síndʰu"", ""nadī́"", ""Other resolved families"", ""No included family""]","[0.0, 1.0, 0.0, 0.0]",6943
dardic-family-shares,RIVER,RIVER,mara1378,plains,18.5204,73.8567,M,"[""síndʰu"", ""nadī́"", ""Other resolved families"", ""No included family""]","[0.0, 1.0, 0.0, 0.0]",6943
dardic-family-shares,RIVER,RIVER,marw1260,plains,27.0,75.07,Marw,"[""síndʰu"", ""nadī́"", ""Other resolved families"", ""No included family""]","[0.0, 0.5, 0.5, 0.0]",6943;7047
dardic-family-shares,RIVER,RIVER,mewa1249,plains,25.084731,74.220835,mewari_dholpura,"[""síndʰu"", ""nadī́"", ""Other resolved families"", ""No included family""]","[0.0, 1.0, 0.0, 0.0]",6943
dardic-family-shares,RIVER,RIVER,mewa1250,plains,27.817648,77.035043,mewati_akera,"[""síndʰu"", ""nadī́"", ""Other resolved families"", ""No included family""]","[0.0, 0.5, 0.5, 0.0]",6943;7047
dardic-family-shares,RIVER,RIVER,nima1243,plains,22.1263,76.1264,Nimadi,"[""síndʰu"", ""nadī́"", ""Other resolved families"", ""No included family""]","[0.0, 0.0, 0.0, 1]",
dardic-family-shares,RIVER,RIVER,noir1238,plains,,,,"[""síndʰu"", ""nadī́"", ""Other resolved families"", ""No included family""]","[0.0, 0.0, 0.0, 1]",
dardic-family-shares,RIVER,RIVER,oriy1255,plains,21.0,85.0,Or,"[""síndʰu"", ""nadī́"", ""Other resolved families"", ""No included family""]","[0.0, 0.0, 1.0, 0.0]",5629
dardic-family-shares,RIVER,RIVER,paha1251,plains,33.148,73.7537,poth,"[""síndʰu"", ""nadī́"", ""Other resolved families"", ""No included family""]","[0.0, 0.0, 0.0, 1]",
dardic-family-shares,RIVER,RIVER,paly1238,plains,21.937,75.233,PalyaBareli,"[""síndʰu"", ""nadī́"", ""Other resolved families"", ""No included family""]","[0.0, 0.0, 0.0, 1]",
dardic-family-shares,RIVER,RIVER,panj1256,plains,30.04,75.67,P,"[""síndʰu"", ""nadī́"", ""Other resolved families"", ""No included family""]","[0.0, 1.0, 0.0, 0.0]",6943
dardic-family-shares,RIVER,RIVER,paur1238,plains,21.228,74.337,PauriBareli,"[""síndʰu"", ""nadī́"", ""Other resolved families"", ""No included family""]","[0.0, 0.0, 0.0, 1]",
dardic-family-shares,RIVER,RIVER,raja1256,plains,26.47,76.2,Rj,"[""síndʰu"", ""nadī́"", ""Other resolved families"", ""No included family""]","[0.0, 1.0, 0.0, 0.0]",6943
dardic-family-shares,RIVER,RIVER,rajb1243,plains,26.4877,87.79265,MH,"[""síndʰu"", ""nadī́"", ""Other resolved families"", ""No included family""]","[0.0, 0.0, 0.0, 1]",
dardic-family-shares,RIVER,RIVER,rana1246,plains,28.65,80.44,Rana,"[""síndʰu"", ""nadī́"", ""Other resolved families"", ""No included family""]","[0.0, 1.0, 0.0, 0.0]",6943
dardic-family-shares,RIVER,RIVER,rang1265,plains,26.280348,89.39468,BH,"[""síndʰu"", ""nadī́"", ""Other resolved families"", ""No included family""]","[0.0, 0.0, 0.0, 1]",
dardic-family-shares,RIVER,RIVER,rath1242,plains,21.4375,74.9958,RathwiBareli,"[""síndʰu"", ""nadī́"", ""Other resolved families"", ""No included family""]","[0.0, 0.0, 0.0, 1]",
dardic-family-shares,RIVER,RIVER,rath1243,plains,22.309,73.186,Rathawi,"[""síndʰu"", ""nadī́"", ""Other resolved families"", ""No included family""]","[0.0, 0.0, 0.0, 1]",
dardic-family-shares,RIVER,RIVER,sera1259,plains,29.55,71.91,srk,"[""síndʰu"", ""nadī́"", ""Other resolved families"", ""No included family""]","[0.0, 0.0, 1.0, 0.0]",13580
dardic-family-shares,RIVER,RIVER,shek1243,plains,27.978027,75.163279,dhundari_badagaon,"[""síndʰu"", ""nadī́"", ""Other resolved families"", ""No included family""]","[0.0, 1.0, 0.0, 0.0]",6943
dardic-family-shares,RIVER,RIVER,sind1272,plains,26.0,69.0,S,"[""síndʰu"", ""nadī́"", ""Other resolved families"", ""No included family""]","[0.0, 0.0, 1.0, 0.0]",13325
dardic-family-shares,RIVER,RIVER,surg1246,plains,23.045719,83.189104,SSr,"[""síndʰu"", ""nadī́"", ""Other resolved families"", ""No included family""]","[0.0, 0.5, 0.5, 0.0]",6943;7047
dardic-family-shares,RIVER,RIVER,surj1235,plains,26.0982,87.945,KS,"[""síndʰu"", ""nadī́"", ""Other resolved families"", ""No included family""]","[0.0, 0.0, 0.0, 1]",
dardic-family-shares,RIVER,RIVER,thar1284,plains,28.837028,80.320613,Sunha,"[""síndʰu"", ""nadī́"", ""Other resolved families"", ""No included family""]","[0.0, 0.0, 0.0, 1]",
dardic-family-shares,RIVER,RIVER,vaag1238,plains,12.21,79.53,VB,"[""síndʰu"", ""nadī́"", ""Other resolved families"", ""No included family""]","[0.0, 0.0, 0.0, 1]",
dardic-family-shares,RIVER,RIVER,vasa1239,plains,,,,"[""síndʰu"", ""nadī́"", ""Other resolved families"", ""No included family""]","[0.0, 0.0, 0.0, 1]",
dardic-family-shares,RIVER,RIVER,wadi1248,plains,26.07,72.13,WK,"[""síndʰu"", ""nadī́"", ""Other resolved families"", ""No included family""]","[0.0, 0.0, 0.0, 1]",
dardic-family-shares,RIVER,RIVER,wagd1238,plains,24.137701,74.047239,mewari_bannoda,"[""síndʰu"", ""nadī́"", ""Other resolved families"", ""No included family""]","[0.0, 1.0, 0.0, 0.0]",6943
dardic-family-shares,UNRIPE,UNRIPE,dame1241,dardic,35.3,71.68,Dm,"[""āmá"", ""*kacca"", ""Other resolved families"", ""No included family""]","[1.0, 0.0, 0.0, 0.0]",1236
dardic-family-shares,UNRIPE,UNRIPE,gowr1239,dardic,35.1243,73.1233,Gowro,"[""āmá"", ""*kacca"", ""Other resolved families"", ""No included family""]","[0.0, 0.0, 1.0, 0.0]",7563
dardic-family-shares,UNRIPE,UNRIPE,indu1241,dardic,35.34,73.02,Mai,"[""āmá"", ""*kacca"", ""Other resolved families"", ""No included family""]","[0.0, 0.5, 0.5, 0.0]",2613;7563
dardic-family-shares,UNRIPE,UNRIPE,kala1372,dardic,35.64,71.67,Kal,"[""āmá"", ""*kacca"", ""Other resolved families"", ""No included family""]","[1.0, 0.0, 0.0, 0.0]",1236
dardic-family-shares,UNRIPE,UNRIPE,kala1373,dardic,35.53,72.57,Bshk,"[""āmá"", ""*kacca"", ""Other resolved families"", ""No included family""]","[1.0, 0.0, 0.0, 0.0]",1236
dardic-family-shares,UNRIPE,UNRIPE,kash1277,dardic,34.17,74.33,K,"[""āmá"", ""*kacca"", ""Other resolved families"", ""No included family""]","[0.5, 0.5, 0.0, 0.0]",1236;2613
dardic-family-shares,UNRIPE,UNRIPE,khow1242,dardic,36.0,72.0,Kho,"[""āmá"", ""*kacca"", ""Other resolved families"", ""No included family""]","[1.0, 0.0, 0.0, 0.0]",1236
dardic-family-shares,UNRIPE,UNRIPE,nort2666,dardic,34.66,70.43,Pas,"[""āmá"", ""*kacca"", ""Other resolved families"", ""No included family""]","[0.0, 0.0, 0.0, 1]",
dardic-family-shares,UNRIPE,UNRIPE,phal1254,dardic,35.51,71.84,Phal,"[""āmá"", ""*kacca"", ""Other resolved families"", ""No included family""]","[1.0, 0.0, 0.0, 0.0]",1236
dardic-family-shares,UNRIPE,UNRIPE,shin1264,dardic,34.65,75.29,Sh,"[""āmá"", ""*kacca"", ""Other resolved families"", ""No included family""]","[1.0, 0.0, 0.0, 0.0]",1236
dardic-family-shares,UNRIPE,UNRIPE,shum1235,dardic,34.48,70.57,Shum,"[""āmá"", ""*kacca"", ""Other resolved families"", ""No included family""]","[1.0, 0.0, 0.0, 0.0]",1236
dardic-family-shares,UNRIPE,UNRIPE,tira1253,dardic,34.18,69.59,Tir,"[""āmá"", ""*kacca"", ""Other resolved families"", ""No included family""]","[1.0, 0.0, 0.0, 0.0]",1236
dardic-family-shares,UNRIPE,UNRIPE,awad1243,plains,27.59,82.47,Aw,"[""āmá"", ""*kacca"", ""Other resolved families"", ""No included family""]","[0.0, 1.0, 0.0, 0.0]",2613
dardic-family-shares,UNRIPE,UNRIPE,beng1280,plains,23.471,88.5565,B,"[""āmá"", ""*kacca"", ""Other resolved families"", ""No included family""]","[0.0, 0.5, 0.5, 0.0]",2613;6875
dardic-family-shares,UNRIPE,UNRIPE,chit1274,plains,27.58,84.41,Chitwan,"[""āmá"", ""*kacca"", ""Other resolved families"", ""No included family""]","[0.0, 1.0, 0.0, 0.0]",2613
dardic-family-shares,UNRIPE,UNRIPE,dang1260,plains,27.88,81.78,Dang,"[""āmá"", ""*kacca"", ""Other resolved families"", ""No included family""]","[0.0, 1.0, 0.0, 0.0]",2613
dardic-family-shares,UNRIPE,UNRIPE,east2316,plains,26.666667,87.5,Morang,"[""āmá"", ""*kacca"", ""Other resolved families"", ""No included family""]","[0.0, 1.0, 0.0, 0.0]",2613
dardic-family-shares,UNRIPE,UNRIPE,guja1252,plains,22.69,71.1,G,"[""āmá"", ""*kacca"", ""Other resolved families"", ""No included family""]","[0.0, 1.0, 0.0, 0.0]",2613
dardic-family-shares,UNRIPE,UNRIPE,hind1269,plains,28.7041,77.1025,H,"[""āmá"", ""*kacca"", ""Other resolved families"", ""No included family""]","[0.0, 0.5, 0.5, 0.0]",2613;4012
dardic-family-shares,UNRIPE,UNRIPE,kach1277,plains,23.83,69.0,kcch,"[""āmá"", ""*kacca"", ""Other resolved families"", ""No included family""]","[0.0, 1.0, 0.0, 0.0]",2613
dardic-family-shares,UNRIPE,UNRIPE,mait1250,plains,26.38,86.22,Mth,"[""āmá"", ""*kacca"", ""Other resolved families"", ""No included family""]","[0.0, 1.0, 0.0, 0.0]",2613
dardic-family-shares,UNRIPE,UNRIPE,mara1378,plains,18.5204,73.8567,M,"[""āmá"", ""*kacca"", ""Other resolved families"", ""No included family""]","[0.0, 0.5, 0.5, 0.0]",14114;2613
dardic-family-shares,UNRIPE,UNRIPE,oriy1255,plains,21.0,85.0,Or,"[""āmá"", ""*kacca"", ""Other resolved families"", ""No included family""]","[0.0, 1.0, 0.0, 0.0]",2613
dardic-family-shares,UNRIPE,UNRIPE,panj1256,plains,30.04,75.67,P,"[""āmá"", ""*kacca"", ""Other resolved families"", ""No included family""]","[0.0, 0.0, 1.0, 0.0]",1340
dardic-family-shares,UNRIPE,UNRIPE,rana1246,plains,28.65,80.44,Rana,"[""āmá"", ""*kacca"", ""Other resolved families"", ""No included family""]","[0.0, 1.0, 0.0, 0.0]",2613
dardic-family-shares,UNRIPE,UNRIPE,sind1272,plains,26.0,69.0,S,"[""āmá"", ""*kacca"", ""Other resolved families"", ""No included family""]","[0.0, 0.0, 1.0, 0.0]",413
dardic-family-shares,UNRIPE,UNRIPE,wadi1248,plains,26.07,72.13,WK,"[""āmá"", ""*kacca"", ""Other resolved families"", ""No included family""]","[0.0, 0.0, 0.0, 1]",
dardic-family-shares,UNRIPE,UNRIPE,west2386,plains,31.1704,72.7097,L,"[""āmá"", ""*kacca"", ""Other resolved families"", ""No included family""]","[0.0, 1.0, 0.0, 0.0]",2613
dardic-family-shares,SOUR,SOUR,brok1247,dardic,34.53,76.6,bro,"[""cukrá"", ""kʰaṭṭa"", ""Other resolved families"", ""No included family""]","[1.0, 0.0, 0.0, 0.0]",4850
dardic-family-shares,SOUR,SOUR,dame1241,dardic,35.3,71.68,Dm,"[""cukrá"", ""kʰaṭṭa"", ""Other resolved families"", ""No included family""]","[1.0, 0.0, 0.0, 0.0]",4850
dardic-family-shares,SOUR,SOUR,gawa1247,dardic,35.2,71.54,Gaw,"[""cukrá"", ""kʰaṭṭa"", ""Other resolved families"", ""No included family""]","[0.0, 0.0, 1.0, 0.0]",12504;8182
dardic-family-shares,SOUR,SOUR,gowr1239,dardic,35.1243,73.1233,Gowro,"[""cukrá"", ""kʰaṭṭa"", ""Other resolved families"", ""No included family""]","[1.0, 0.0, 0.0, 0.0]",4850
dardic-family-shares,SOUR,SOUR,gran1245,dardic,34.65,70.73,Gng,"[""cukrá"", ""kʰaṭṭa"", ""Other resolved families"", ""No included family""]","[0.0, 0.0, 0.0, 1]",
dardic-family-shares,SOUR,SOUR,kala1372,dardic,35.64,71.67,Kal,"[""cukrá"", ""kʰaṭṭa"", ""Other resolved families"", ""No included family""]","[1.0, 0.0, 0.0, 0.0]",4850
dardic-family-shares,SOUR,SOUR,kala1373,dardic,35.53,72.57,Bshk,"[""cukrá"", ""kʰaṭṭa"", ""Other resolved families"", ""No included family""]","[1.0, 0.0, 0.0, 0.0]",4850
dardic-family-shares,SOUR,SOUR,kash1277,dardic,34.17,74.33,K,"[""cukrá"", ""kʰaṭṭa"", ""Other resolved families"", ""No included family""]","[1.0, 0.0, 0.0, 0.0]",4850
dardic-family-shares,SOUR,SOUR,khow1242,dardic,36.0,72.0,Kho,"[""cukrá"", ""kʰaṭṭa"", ""Other resolved families"", ""No included family""]","[0.0, 0.0, 1.0, 0.0]",12504
dardic-family-shares,SOUR,SOUR,nort2666,dardic,34.66,70.43,Pas,"[""cukrá"", ""kʰaṭṭa"", ""Other resolved families"", ""No included family""]","[0.3333333333333333, 0.0, 0.6666666666666666, 0.0]",12504;4584;4850
dardic-family-shares,SOUR,SOUR,phal1254,dardic,35.51,71.84,Phal,"[""cukrá"", ""kʰaṭṭa"", ""Other resolved families"", ""No included family""]","[0.5, 0.0, 0.5, 0.0]",4850;5938
dardic-family-shares,SOUR,SOUR,savi1242,dardic,35.3,71.56,Sv,"[""cukrá"", ""kʰaṭṭa"", ""Other resolved families"", ""No included family""]","[0.0, 0.0, 1.0, 0.0]",12504
dardic-family-shares,SOUR,SOUR,shin1264,dardic,34.65,75.29,Sh,"[""cukrá"", ""kʰaṭṭa"", ""Other resolved families"", ""No included family""]","[1.0, 0.0, 0.0, 0.0]",4850
dardic-family-shares,SOUR,SOUR,shum1235,dardic,34.48,70.57,Shum,"[""cukrá"", ""kʰaṭṭa"", ""Other resolved families"", ""No included family""]","[1.0, 0.0, 0.0, 0.0]",4850
dardic-family-shares,SOUR,SOUR,torw1241,dardic,35.21,72.55,Tor,"[""cukrá"", ""kʰaṭṭa"", ""Other resolved families"", ""No included family""]","[1.0, 0.0, 0.0, 0.0]",4850
dardic-family-shares,SOUR,SOUR,wota1240,dardic,34.7,70.86,Wot,"[""cukrá"", ""kʰaṭṭa"", ""Other resolved families"", ""No included family""]","[0.0, 0.0, 1.0, 0.0]",8182
dardic-family-shares,SOUR,SOUR,assa1263,plains,26.7509,94.2037,A,"[""cukrá"", ""kʰaṭṭa"", ""Other resolved families"", ""No included family""]","[0.0, 0.0, 1.0, 0.0]",5808
dardic-family-shares,SOUR,SOUR,beng1280,plains,23.471,88.5565,B,"[""cukrá"", ""kʰaṭṭa"", ""Other resolved families"", ""No included family""]","[0.25, 0.25, 0.5, 0.0]",3777;4850;5617;579
dardic-family-shares,SOUR,SOUR,bhoj1244,plains,26.46,84.82,Bhoj,"[""cukrá"", ""kʰaṭṭa"", ""Other resolved families"", ""No included family""]","[0.0, 1.0, 0.0, 0.0]",3777
dardic-family-shares,SOUR,SOUR,bish1244,plains,24.5,91.8,Bishnupriya,"[""cukrá"", ""kʰaṭṭa"", ""Other resolved families"", ""No included family""]","[0.0, 0.0, 0.0, 1]",
dardic-family-shares,SOUR,SOUR,chit1274,plains,27.58,84.41,Chitwan,"[""cukrá"", ""kʰaṭṭa"", ""Other resolved families"", ""No included family""]","[0.0, 0.0, 1.0, 0.0]",579
dardic-family-shares,SOUR,SOUR,dang1260,plains,27.88,81.78,Dang,"[""cukrá"", ""kʰaṭṭa"", ""Other resolved families"", ""No included family""]","[0.0, 0.0, 1.0, 0.0]",579
dardic-family-shares,SOUR,SOUR,dhat1238,plains,26.42,70.78,thar,"[""cukrá"", ""kʰaṭṭa"", ""Other resolved families"", ""No included family""]","[0.0, 1.0, 0.0, 0.0]",3777
dardic-family-shares,SOUR,SOUR,east2316,plains,26.666667,87.5,Morang,"[""cukrá"", ""kʰaṭṭa"", ""Other resolved families"", ""No included family""]","[0.0, 1.0, 0.0, 0.0]",3777
dardic-family-shares,SOUR,SOUR,guja1252,plains,22.69,71.1,G,"[""cukrá"", ""kʰaṭṭa"", ""Other resolved families"", ""No included family""]","[0.0, 0.5, 0.5, 0.0]",3777;579
dardic-family-shares,SOUR,SOUR,hajo1238,plains,25.5143,89.8594,Hajong,"[""cukrá"", ""kʰaṭṭa"", ""Other resolved families"", ""No included family""]","[0.0, 0.0, 0.0, 1]",
dardic-family-shares,SOUR,SOUR,halb1244,plains,20.31,81.37,hal,"[""cukrá"", ""kʰaṭṭa"", ""Other resolved families"", ""No included family""]","[0.0, 0.0, 0.0, 1]",
dardic-family-shares,SOUR,SOUR,hind1269,plains,28.7041,77.1025,H,"[""cukrá"", ""kʰaṭṭa"", ""Other resolved families"", ""No included family""]","[0.5, 0.0, 0.5, 0.0]",4850;579
dardic-family-shares,SOUR,SOUR,kach1277,plains,23.83,69.0,kcch,"[""cukrá"", ""kʰaṭṭa"", ""Other resolved families"", ""No included family""]","[0.0, 1.0, 0.0, 0.0]",3777
dardic-family-shares,SOUR,SOUR,konk1267,plains,15.2993,74.124,Ko,"[""cukrá"", ""kʰaṭṭa"", ""Other resolved families"", ""No included family""]","[0.0, 0.0, 1.0, 0.0]",579;579-2
dardic-family-shares,SOUR,SOUR,mait1250,plains,26.38,86.22,Mth,"[""cukrá"", ""kʰaṭṭa"", ""Other resolved families"", ""No included family""]","[0.0, 0.0, 0.0, 1]",
dardic-family-shares,SOUR,SOUR,mara1378,plains,18.5204,73.8567,M,"[""cukrá"", ""kʰaṭṭa"", ""Other resolved families"", ""No included family""]","[0.0, 1.0, 0.0, 0.0]",3777
dardic-family-shares,SOUR,SOUR,oriy1255,plains,21.0,85.0,Or,"[""cukrá"", ""kʰaṭṭa"", ""Other resolved families"", ""No included family""]","[0.0, 0.0, 1.0, 0.0]",5617;579
dardic-family-shares,SOUR,SOUR,panj1256,plains,30.04,75.67,P,"[""cukrá"", ""kʰaṭṭa"", ""Other resolved families"", ""No included family""]","[0.0, 1.0, 0.0, 0.0]",3777
dardic-family-shares,SOUR,SOUR,rajb1243,plains,26.4877,87.79265,MH,"[""cukrá"", ""kʰaṭṭa"", ""Other resolved families"", ""No included family""]","[0.0, 1.0, 0.0, 0.0]",3777
dardic-family-shares,SOUR,SOUR,rana1246,plains,28.65,80.44,Rana,"[""cukrá"", ""kʰaṭṭa"", ""Other resolved families"", ""No included family""]","[0.0, 1.0, 0.0, 0.0]",3777
dardic-family-shares,SOUR,SOUR,rang1265,plains,26.280348,89.39468,BH,"[""cukrá"", ""kʰaṭṭa"", ""Other resolved families"", ""No included family""]","[0.0, 0.5, 0.5, 0.0]",3777;5808
dardic-family-shares,SOUR,SOUR,sind1272,plains,26.0,69.0,S,"[""cukrá"", ""kʰaṭṭa"", ""Other resolved families"", ""No included family""]","[0.0, 0.5, 0.5, 0.0]",3777;5617
dardic-family-shares,SOUR,SOUR,surj1235,plains,26.0982,87.945,KS,"[""cukrá"", ""kʰaṭṭa"", ""Other resolved families"", ""No included family""]","[0.0, 1.0, 0.0, 0.0]",3777
dardic-family-shares,SOUR,SOUR,vaag1238,plains,12.21,79.53,VB,"[""cukrá"", ""kʰaṭṭa"", ""Other resolved families"", ""No included family""]","[0.0, 0.0, 0.0, 1]",
dardic-family-shares,SOUR,SOUR,wadi1248,plains,26.07,72.13,WK,"[""cukrá"", ""kʰaṭṭa"", ""Other resolved families"", ""No included family""]","[0.0, 0.0, 1.0, 0.0]",2668
dardic-family-shares,SOUR,SOUR,west2386,plains,31.1704,72.7097,L,"[""cukrá"", ""kʰaṭṭa"", ""Other resolved families"", ""No included family""]","[0.0, 1.0, 0.0, 0.0]",3777
dardic-coverage,RAW,RAW,dame1241,dardic,35.3,71.68,Dm,"[""At least one included family"", ""No included family""]","[1, 0.0]",1236
dardic-coverage,RAW,RAW,gawa1247,dardic,35.2,71.54,Gaw,"[""At least one included family"", ""No included family""]","[1, 0.0]",8130
dardic-coverage,RAW,RAW,indu1241,dardic,35.34,73.02,Mai,"[""At least one included family"", ""No included family""]","[1, 0.0]",1236;1533
dardic-coverage,RAW,RAW,kala1372,dardic,35.64,71.67,Kal,"[""At least one included family"", ""No included family""]","[1, 0.0]",1236
dardic-coverage,RAW,RAW,kala1373,dardic,35.53,72.57,Bshk,"[""At least one included family"", ""No included family""]","[1, 0.0]",1236
dardic-coverage,RAW,RAW,kash1277,dardic,34.17,74.33,K,"[""At least one included family"", ""No included family""]","[1, 0.0]",1236;2613;9584
dardic-coverage,RAW,RAW,khow1242,dardic,36.0,72.0,Kho,"[""At least one included family"", ""No included family""]","[1, 0.0]",1236
dardic-coverage,RAW,RAW,phal1254,dardic,35.51,71.84,Phal,"[""At least one included family"", ""No included family""]","[1, 0.0]",1236
dardic-coverage,RAW,RAW,savi1242,dardic,35.3,71.56,Sv,"[""At least one included family"", ""No included family""]","[1, 0.0]",8130
dardic-coverage,RAW,RAW,shin1264,dardic,34.65,75.29,Sh,"[""At least one included family"", ""No included family""]","[1, 0.0]",1236
dardic-coverage,RAW,RAW,shum1235,dardic,34.48,70.57,Shum,"[""At least one included family"", ""No included family""]","[1, 0.0]",1236
dardic-coverage,RAW,RAW,tira1253,dardic,34.18,69.59,Tir,"[""At least one included family"", ""No included family""]","[1, 0.0]",1236
dardic-coverage,RAW,RAW,awad1243,plains,27.59,82.47,Aw,"[""At least one included family"", ""No included family""]","[1, 0.0]",2613
dardic-coverage,RAW,RAW,beng1280,plains,23.471,88.5565,B,"[""At least one included family"", ""No included family""]","[1, 0.0]",1236;2613
dardic-coverage,RAW,RAW,dhat1238,plains,26.42,70.78,thar,"[""At least one included family"", ""No included family""]","[1, 0.0]",2613
dardic-coverage,RAW,RAW,guja1252,plains,22.69,71.1,G,"[""At least one included family"", ""No included family""]","[1, 0.0]",1236;2613
dardic-coverage,RAW,RAW,hind1269,plains,28.7041,77.1025,H,"[""At least one included family"", ""No included family""]","[1, 0.0]",10807;14114;2613
dardic-coverage,RAW,RAW,kach1277,plains,23.83,69.0,kcch,"[""At least one included family"", ""No included family""]","[1, 0.0]",2613
dardic-coverage,RAW,RAW,mait1250,plains,26.38,86.22,Mth,"[""At least one included family"", ""No included family""]","[1, 0.0]",2613
dardic-coverage,RAW,RAW,mara1378,plains,18.5204,73.8567,M,"[""At least one included family"", ""No included family""]","[1, 0.0]",14114;2613;724
dardic-coverage,RAW,RAW,oriy1255,plains,21.0,85.0,Or,"[""At least one included family"", ""No included family""]","[1, 0.0]",2613
dardic-coverage,RAW,RAW,panj1256,plains,30.04,75.67,P,"[""At least one included family"", ""No included family""]","[1, 0.0]",2613
dardic-coverage,RAW,RAW,sind1272,plains,26.0,69.0,S,"[""At least one included family"", ""No included family""]","[1, 0.0]",2613
dardic-coverage,RAW,RAW,vaag1238,plains,12.21,79.53,VB,"[""At least one included family"", ""No included family""]","[0.0, 1]",
dardic-coverage,WOOL,WOOL,dame1241,dardic,35.3,71.68,Dm,"[""At least one included family"", ""No included family""]","[1, 0.0]",11549
dardic-coverage,WOOL,WOOL,gowr1239,dardic,35.1243,73.1233,Gowro,"[""At least one included family"", ""No included family""]","[0.0, 1]",
dardic-coverage,WOOL,WOOL,indu1241,dardic,35.34,73.02,Mai,"[""At least one included family"", ""No included family""]","[1, 0.0]",5086
dardic-coverage,WOOL,WOOL,kala1372,dardic,35.64,71.67,Kal,"[""At least one included family"", ""No included family""]","[1, 0.0]",11023;7638
dardic-coverage,WOOL,WOOL,kala1373,dardic,35.53,72.57,Bshk,"[""At least one included family"", ""No included family""]","[1, 0.0]",7638
dardic-coverage,WOOL,WOOL,kash1277,dardic,34.17,74.33,K,"[""At least one included family"", ""No included family""]","[1, 0.0]",2424
dardic-coverage,WOOL,WOOL,khow1242,dardic,36.0,72.0,Kho,"[""At least one included family"", ""No included family""]","[1, 0.0]",7638
dardic-coverage,WOOL,WOOL,nort2666,dardic,34.66,70.43,Pas,"[""At least one included family"", ""No included family""]","[1, 0.0]",11154;2438
dardic-coverage,WOOL,WOOL,phal1254,dardic,35.51,71.84,Phal,"[""At least one included family"", ""No included family""]","[1, 0.0]",7638
dardic-coverage,WOOL,WOOL,shin1264,dardic,34.65,75.29,Sh,"[""At least one included family"", ""No included family""]","[1, 0.0]",7638
dardic-coverage,WOOL,WOOL,torw1241,dardic,35.21,72.55,Tor,"[""At least one included family"", ""No included family""]","[1, 0.0]",7638
dardic-coverage,WOOL,WOOL,usho1238,dardic,35.139395,72.67756,Ush,"[""At least one included family"", ""No included family""]","[1, 0.0]",7638
dardic-coverage,WOOL,WOOL,beng1280,plains,23.471,88.5565,B,"[""At least one included family"", ""No included family""]","[1, 0.0]",2424
dardic-coverage,WOOL,WOOL,dhat1238,plains,26.42,70.78,thar,"[""At least one included family"", ""No included family""]","[1, 0.0]",2424
dardic-coverage,WOOL,WOOL,guja1252,plains,22.69,71.1,G,"[""At least one included family"", ""No included family""]","[1, 0.0]",2424;3156;7638
dardic-coverage,WOOL,WOOL,hind1269,plains,28.7041,77.1025,H,"[""At least one included family"", ""No included family""]","[1, 0.0]",2424
dardic-coverage,WOOL,WOOL,kach1277,plains,23.83,69.0,kcch,"[""At least one included family"", ""No included family""]","[1, 0.0]",2424
dardic-coverage,WOOL,WOOL,khet1238,plains,30.48,70.28,khet,"[""At least one included family"", ""No included family""]","[1, 0.0]",2424
dardic-coverage,WOOL,WOOL,mait1250,plains,26.38,86.22,Mth,"[""At least one included family"", ""No included family""]","[1, 0.0]",2424
dardic-coverage,WOOL,WOOL,mara1378,plains,18.5204,73.8567,M,"[""At least one included family"", ""No included family""]","[1, 0.0]",9301
dardic-coverage,WOOL,WOOL,oriy1255,plains,21.0,85.0,Or,"[""At least one included family"", ""No included family""]","[1, 0.0]",10851;2424
dardic-coverage,WOOL,WOOL,panj1256,plains,30.04,75.67,P,"[""At least one included family"", ""No included family""]","[1, 0.0]",2424
dardic-coverage,WOOL,WOOL,rajb1243,plains,26.4877,87.79265,MH,"[""At least one included family"", ""No included family""]","[1, 0.0]",2424
dardic-coverage,WOOL,WOOL,rang1265,plains,26.280348,89.39468,BH,"[""At least one included family"", ""No included family""]","[1, 0.0]",2424
dardic-coverage,WOOL,WOOL,sind1272,plains,26.0,69.0,S,"[""At least one included family"", ""No included family""]","[1, 0.0]",2424
dardic-coverage,WOOL,WOOL,surj1235,plains,26.0982,87.945,KS,"[""At least one included family"", ""No included family""]","[1, 0.0]",2424
dardic-coverage,WOOL,WOOL,west2386,plains,31.1704,72.7097,L,"[""At least one included family"", ""No included family""]","[1, 0.0]",2424
dardic-coverage,MOUSTACHE,MOUSTACHE,bate1261,dardic,34.95,72.92,bhatr,"[""At least one included family"", ""No included family""]","[1, 0.0]",9083
dardic-coverage,MOUSTACHE,MOUSTACHE,brok1247,dardic,34.53,76.6,bro,"[""At least one included family"", ""No included family""]","[0.0, 1]",
dardic-coverage,MOUSTACHE,MOUSTACHE,dame1241,dardic,35.3,71.68,Dm,"[""At least one included family"", ""No included family""]","[1, 0.0]",9083
dardic-coverage,MOUSTACHE,MOUSTACHE,gawa1247,dardic,35.2,71.54,Gaw,"[""At least one included family"", ""No included family""]","[1, 0.0]",4269
dardic-coverage,MOUSTACHE,MOUSTACHE,gowr1239,dardic,35.1243,73.1233,Gowro,"[""At least one included family"", ""No included family""]","[0.0, 1]",
dardic-coverage,MOUSTACHE,MOUSTACHE,gran1245,dardic,34.65,70.73,Gng,"[""At least one included family"", ""No included family""]","[0.0, 1]",
dardic-coverage,MOUSTACHE,MOUSTACHE,kala1372,dardic,35.64,71.67,Kal,"[""At least one included family"", ""No included family""]","[1, 0.0]",9083
dardic-coverage,MOUSTACHE,MOUSTACHE,kala1373,dardic,35.53,72.57,Bshk,"[""At least one included family"", ""No included family""]","[1, 0.0]",9083
dardic-coverage,MOUSTACHE,MOUSTACHE,kash1277,dardic,34.17,74.33,K,"[""At least one included family"", ""No included family""]","[1, 0.0]",4269
dardic-coverage,MOUSTACHE,MOUSTACHE,khow1242,dardic,36.0,72.0,Kho,"[""At least one included family"", ""No included family""]","[0.0, 1]",
dardic-coverage,MOUSTACHE,MOUSTACHE,nort2666,dardic,34.66,70.43,Pas,"[""At least one included family"", ""No included family""]","[0.0, 1]",
dardic-coverage,MOUSTACHE,MOUSTACHE,phal1254,dardic,35.51,71.84,Phal,"[""At least one included family"", ""No included family""]","[1, 0.0]",9083
dardic-coverage,MOUSTACHE,MOUSTACHE,savi1242,dardic,35.3,71.56,Sv,"[""At least one included family"", ""No included family""]","[1, 0.0]",4269
dardic-coverage,MOUSTACHE,MOUSTACHE,shin1264,dardic,34.65,75.29,Sh,"[""At least one included family"", ""No included family""]","[1, 0.0]",9083
dardic-coverage,MOUSTACHE,MOUSTACHE,torw1241,dardic,35.21,72.55,Tor,"[""At least one included family"", ""No included family""]","[1, 0.0]",9083
dardic-coverage,MOUSTACHE,MOUSTACHE,usho1238,dardic,35.139395,72.67756,Ush,"[""At least one included family"", ""No included family""]","[1, 0.0]",9083
dardic-coverage,MOUSTACHE,MOUSTACHE,assa1263,plains,26.7509,94.2037,A,"[""At least one included family"", ""No included family""]","[1, 0.0]",4203;6250
dardic-coverage,MOUSTACHE,MOUSTACHE,avan1234,plains,33.994201,72.483087,awan,"[""At least one included family"", ""No included family""]","[1, 0.0]",10180
dardic-coverage,MOUSTACHE,MOUSTACHE,awad1243,plains,27.59,82.47,Aw,"[""At least one included family"", ""No included family""]","[1, 0.0]",10180
dardic-coverage,MOUSTACHE,MOUSTACHE,beng1280,plains,23.471,88.5565,B,"[""At least one included family"", ""No included family""]","[1, 0.0]",4203
dardic-coverage,MOUSTACHE,MOUSTACHE,guja1252,plains,22.69,71.1,G,"[""At least one included family"", ""No included family""]","[1, 0.0]",10180;13725
dardic-coverage,MOUSTACHE,MOUSTACHE,hind1269,plains,28.7041,77.1025,H,"[""At least one included family"", ""No included family""]","[1, 0.0]",10180
dardic-coverage,MOUSTACHE,MOUSTACHE,khet1238,plains,30.48,70.28,khet,"[""At least one included family"", ""No included family""]","[1, 0.0]",10180
dardic-coverage,MOUSTACHE,MOUSTACHE,konk1267,plains,15.2993,74.124,Ko,"[""At least one included family"", ""No included family""]","[1, 0.0]",12659
dardic-coverage,MOUSTACHE,MOUSTACHE,mara1378,plains,18.5204,73.8567,M,"[""At least one included family"", ""No included family""]","[0.0, 1]",
dardic-coverage,MOUSTACHE,MOUSTACHE,oriy1255,plains,21.0,85.0,Or,"[""At least one included family"", ""No included family""]","[1, 0.0]",10180
dardic-coverage,MOUSTACHE,MOUSTACHE,panj1256,plains,30.04,75.67,P,"[""At least one included family"", ""No included family""]","[1, 0.0]",10180
dardic-coverage,MOUSTACHE,MOUSTACHE,rajb1243,plains,26.4877,87.79265,MH,"[""At least one included family"", ""No included family""]","[1, 0.0]",10180
dardic-coverage,MOUSTACHE,MOUSTACHE,rang1265,plains,26.280348,89.39468,BH,"[""At least one included family"", ""No included family""]","[1, 0.0]",10180
dardic-coverage,MOUSTACHE,MOUSTACHE,sind1272,plains,26.0,69.0,S,"[""At least one included family"", ""No included family""]","[1, 0.0]",10180
dardic-coverage,MOUSTACHE,MOUSTACHE,surj1235,plains,26.0982,87.945,KS,"[""At least one included family"", ""No included family""]","[1, 0.0]",10180
dardic-coverage,MOUSTACHE,MOUSTACHE,vaag1238,plains,12.21,79.53,VB,"[""At least one included family"", ""No included family""]","[0.0, 1]",
dardic-coverage,MOUSTACHE,MOUSTACHE,wadi1248,plains,26.07,72.13,WK,"[""At least one included family"", ""No included family""]","[0.0, 1]",
dardic-coverage,MOUSTACHE,MOUSTACHE,west2386,plains,31.1704,72.7097,L,"[""At least one included family"", ""No included family""]","[1, 0.0]",10180
dardic-coverage,LONG,LONG,bate1261,dardic,34.95,72.92,bhatr,"[""At least one included family"", ""No included family""]","[0.0, 1]",
dardic-coverage,LONG,LONG,brok1247,dardic,34.53,76.6,bro,"[""At least one included family"", ""No included family""]","[1, 0.0]",6368
dardic-coverage,LONG,LONG,chil1275,dardic,35.25,73.33,Chil,"[""At least one included family"", ""No included family""]","[1, 0.0]",6368
dardic-coverage,LONG,LONG,dame1241,dardic,35.3,71.68,Dm,"[""At least one included family"", ""No included family""]","[1, 0.0]",6368
dardic-coverage,LONG,LONG,gawa1247,dardic,35.2,71.54,Gaw,"[""At least one included family"", ""No included family""]","[1, 0.0]",6368
dardic-coverage,LONG,LONG,gowr1239,dardic,35.1243,73.1233,Gowro,"[""At least one included family"", ""No included family""]","[0.0, 1]",
dardic-coverage,LONG,LONG,indu1241,dardic,35.34,73.02,Mai,"[""At least one included family"", ""No included family""]","[1, 0.0]",6368
dardic-coverage,LONG,LONG,kala1372,dardic,35.64,71.67,Kal,"[""At least one included family"", ""No included family""]","[1, 0.0]",6368
dardic-coverage,LONG,LONG,kala1373,dardic,35.53,72.57,Bshk,"[""At least one included family"", ""No included family""]","[1, 0.0]",6368
dardic-coverage,LONG,LONG,kalk1245,dardic,35.41,72.17,Kalk,"[""At least one included family"", ""No included family""]","[1, 0.0]",6368
dardic-coverage,LONG,LONG,kash1277,dardic,34.17,74.33,K,"[""At least one included family"", ""No included family""]","[1, 0.0]",10951
dardic-coverage,LONG,LONG,khow1242,dardic,36.0,72.0,Kho,"[""At least one included family"", ""No included family""]","[1, 0.0]",6616
dardic-coverage,LONG,LONG,kund1257,dardic,34.56,73.83,Kund,"[""At least one included family"", ""No included family""]","[1, 0.0]",6368
dardic-coverage,LONG,LONG,nort2666,dardic,34.66,70.43,Pas,"[""At least one included family"", ""No included family""]","[1, 0.0]",1627;6368
dardic-coverage,LONG,LONG,phal1254,dardic,35.51,71.84,Phal,"[""At least one included family"", ""No included family""]","[1, 0.0]",6368
dardic-coverage,LONG,LONG,savi1242,dardic,35.3,71.56,Sv,"[""At least one included family"", ""No included family""]","[1, 0.0]",6368
dardic-coverage,LONG,LONG,shin1264,dardic,34.65,75.29,Sh,"[""At least one included family"", ""No included family""]","[1, 0.0]",6368
dardic-coverage,LONG,LONG,shum1235,dardic,34.48,70.57,Shum,"[""At least one included family"", ""No included family""]","[1, 0.0]",6368
dardic-coverage,LONG,LONG,tira1253,dardic,34.18,69.59,Tir,"[""At least one included family"", ""No included family""]","[1, 0.0]",6368
dardic-coverage,LONG,LONG,torw1241,dardic,35.21,72.55,Tor,"[""At least one included family"", ""No included family""]","[1, 0.0]",6368
dardic-coverage,LONG,LONG,usho1238,dardic,35.139395,72.67756,Ush,"[""At least one included family"", ""No included family""]","[1, 0.0]",6368
dardic-coverage,LONG,LONG,wota1240,dardic,34.7,70.86,Wot,"[""At least one included family"", ""No included family""]","[1, 0.0]",6368
dardic-coverage,LONG,LONG,adiv1239,plains,18.3234,82.8806,AdivasiOriya,"[""At least one included family"", ""No included family""]","[0.0, 1]",
dardic-coverage,LONG,LONG,assa1263,plains,26.7509,94.2037,A,"[""At least one included family"", ""No included family""]","[1, 0.0]",10951;6368
dardic-coverage,LONG,LONG,avan1234,plains,33.994201,72.483087,awan,"[""At least one included family"", ""No included family""]","[0.0, 1]",
dardic-coverage,LONG,LONG,bagh1251,plains,24.482879,81.356341,bagheli_lakshman,"[""At least one included family"", ""No included family""]","[1, 0.0]",10951
dardic-coverage,LONG,LONG,bagr1243,plains,29.40465,74.40918,bagri_fatehabad,"[""At least one included family"", ""No included family""]","[1, 0.0]",10951
dardic-coverage,LONG,LONG,beng1280,plains,23.471,88.5565,B,"[""At least one included family"", ""No included family""]","[1, 0.0]",9158
dardic-coverage,LONG,LONG,bhat1265,plains,19.2778,82.1341,Bhatri,"[""At least one included family"", ""No included family""]","[0.0, 1]",
dardic-coverage,LONG,LONG,bhil1251,plains,20.85,73.9592,Bhili,"[""At least one included family"", ""No included family""]","[0.0, 1]",
dardic-coverage,LONG,LONG,bhil1253,plains,22.58346,74.59014,Bhilali,"[""At least one included family"", ""No included family""]","[0.0, 1]",
dardic-coverage,LONG,LONG,bhoj1244,plains,26.46,84.82,Bhoj,"[""At least one included family"", ""No included family""]","[1, 0.0]",10951
dardic-coverage,LONG,LONG,bish1244,plains,24.5,91.8,Bishnupriya,"[""At least one included family"", ""No included family""]","[0.0, 1]",
dardic-coverage,LONG,LONG,braj1242,plains,26.48,78.08,Brj,"[""At least one included family"", ""No included family""]","[1, 0.0]",10951
dardic-coverage,LONG,LONG,buks1238,plains,29.397962,79.126163,Buksa,"[""At least one included family"", ""No included family""]","[1, 0.0]",10951
dardic-coverage,LONG,LONG,bund1253,plains,25.008376,79.564258,bundeli_atarra,"[""At least one included family"", ""No included family""]","[1, 0.0]",10951;11225
dardic-coverage,LONG,LONG,chha1249,plains,21.225068,82.028298,NDu,"[""At least one included family"", ""No included family""]","[1, 0.0]",10951
dardic-coverage,LONG,LONG,chit1274,plains,27.58,84.41,Chitwan,"[""At least one included family"", ""No included family""]","[1, 0.0]",10951
dardic-coverage,LONG,LONG,dang1260,plains,27.88,81.78,Dang,"[""At least one included family"", ""No included family""]","[1, 0.0]",10951
dardic-coverage,LONG,LONG,dhan1265,plains,27.36,85.41,DewasDoneDanuwar,"[""At least one included family"", ""No included family""]","[0.0, 1]",
dardic-coverage,LONG,LONG,dhun1238,plains,26.696403,75.972699,dhundari_bamore,"[""At least one included family"", ""No included family""]","[1, 0.0]",10951
dardic-coverage,LONG,LONG,dung1251,plains,,,,"[""At least one included family"", ""No included family""]","[0.0, 1]",
dardic-coverage,LONG,LONG,east2316,plains,26.666667,87.5,Morang,"[""At least one included family"", ""No included family""]","[1, 0.0]",10951
dardic-coverage,LONG,LONG,godw1241,plains,25.417504,73.107785,marwari_bagra,"[""At least one included family"", ""No included family""]","[1, 0.0]",10951
dardic-coverage,LONG,LONG,guja1252,plains,22.69,71.1,G,"[""At least one included family"", ""No included family""]","[1, 0.0]",10951
dardic-coverage,LONG,LONG,guja1253,plains,34.043002,73.225443,Goj,"[""At least one included family"", ""No included family""]","[0.0, 1]",
dardic-coverage,LONG,LONG,hada1254,plains,25.138213,76.876916,hadothi_kelwada,"[""At least one included family"", ""No included family""]","[1, 0.0]",10951
dardic-coverage,LONG,LONG,hado1235,plains,24.85,75.84,had,"[""At least one included family"", ""No included family""]","[1, 0.0]",10951;11225
dardic-coverage,LONG,LONG,hajo1238,plains,25.5143,89.8594,Hajong,"[""At least one included family"", ""No included family""]","[0.0, 1]",
dardic-coverage,LONG,LONG,halb1244,plains,20.31,81.37,hal,"[""At least one included family"", ""No included family""]","[0.0, 1]",
dardic-coverage,LONG,LONG,hary1238,plains,28.91568,76.37168,kaithal,"[""At least one included family"", ""No included family""]","[0.0, 1]",
dardic-coverage,LONG,LONG,hind1269,plains,28.7041,77.1025,H,"[""At least one included family"", ""No included family""]","[1, 0.0]",10951;6368
dardic-coverage,LONG,LONG,jadg1238,plains,23.588,58.3829,Zadj,"[""At least one included family"", ""No included family""]","[1, 0.0]",6368
dardic-coverage,LONG,LONG,kana1281,plains,27.0437956,79.8951742,Kannauji-Central,"[""At least one included family"", ""No included family""]","[1, 0.0]",10951
dardic-coverage,LONG,LONG,kath1250,plains,28.53981,80.797511,Kathoriya,"[""At least one included family"", ""No included family""]","[0.0, 1]",
dardic-coverage,LONG,LONG,khan1272,plains,21.3181,74.142,Khandesi,"[""At least one included family"", ""No included family""]","[0.0, 1]",
dardic-coverage,LONG,LONG,khet1238,plains,30.48,70.28,khet,"[""At least one included family"", ""No included family""]","[1, 0.0]",6368
dardic-coverage,LONG,LONG,khol1241,plains,27.12,54.3,Khol,"[""At least one included family"", ""No included family""]","[1, 0.0]",6368
dardic-coverage,LONG,LONG,koch1247,plains,26.65,86.75,KochilaTharu,"[""At least one included family"", ""No included family""]","[0.0, 1]",
dardic-coverage,LONG,LONG,koch1253,plains,27.12,85.63,KochariyaEastDanuwar,"[""At least one included family"", ""No included family""]","[0.0, 1]",
dardic-coverage,LONG,LONG,luwa1238,plains,23.616667,58.566667,maimani,"[""At least one included family"", ""No included family""]","[1, 0.0]",6368
dardic-coverage,LONG,LONG,maga1260,plains,25.0915,85.3335,MagahiNepal,"[""At least one included family"", ""No included family""]","[0.0, 1]",
dardic-coverage,LONG,LONG,mait1250,plains,26.38,86.22,Mth,"[""At least one included family"", ""No included family""]","[1, 0.0]",10951
dardic-coverage,LONG,LONG,majh1253,plains,27.35,86.0,Majhi,"[""At least one included family"", ""No included family""]","[0.0, 1]",
dardic-coverage,LONG,LONG,malv1243,plains,24.243083,75.027707,mewari_basad,"[""At least one included family"", ""No included family""]","[1, 0.0]",10951
dardic-coverage,LONG,LONG,mara1378,plains,18.5204,73.8567,M,"[""At least one included family"", ""No included family""]","[1, 0.0]",10951
dardic-coverage,LONG,LONG,marw1260,plains,27.0,75.07,Marw,"[""At least one included family"", ""No included family""]","[1, 0.0]",10951;6368
dardic-coverage,LONG,LONG,mewa1249,plains,25.084731,74.220835,mewari_dholpura,"[""At least one included family"", ""No included family""]","[1, 0.0]",10187;10951;11225
dardic-coverage,LONG,LONG,mewa1250,plains,27.817648,77.035043,mewati_akera,"[""At least one included family"", ""No included family""]","[1, 0.0]",10951
dardic-coverage,LONG,LONG,nima1243,plains,22.1263,76.1264,Nimadi,"[""At least one included family"", ""No included family""]","[0.0, 1]",
dardic-coverage,LONG,LONG,noir1238,plains,,,,"[""At least one included family"", ""No included family""]","[0.0, 1]",
dardic-coverage,LONG,LONG,oriy1255,plains,21.0,85.0,Or,"[""At least one included family"", ""No included family""]","[1, 0.0]",10951
dardic-coverage,LONG,LONG,paha1251,plains,33.148,73.7537,poth,"[""At least one included family"", ""No included family""]","[0.0, 1]",
dardic-coverage,LONG,LONG,paly1238,plains,21.937,75.233,PalyaBareli,"[""At least one included family"", ""No included family""]","[0.0, 1]",
dardic-coverage,LONG,LONG,panj1256,plains,30.04,75.67,P,"[""At least one included family"", ""No included family""]","[1, 0.0]",10951;9162;9165
dardic-coverage,LONG,LONG,paur1238,plains,21.228,74.337,PauriBareli,"[""At least one included family"", ""No included family""]","[0.0, 1]",
dardic-coverage,LONG,LONG,raja1256,plains,26.47,76.2,Rj,"[""At least one included family"", ""No included family""]","[1, 0.0]",10187
dardic-coverage,LONG,LONG,rajb1243,plains,26.4877,87.79265,MH,"[""At least one included family"", ""No included family""]","[1, 0.0]",10951
dardic-coverage,LONG,LONG,rana1246,plains,28.65,80.44,Rana,"[""At least one included family"", ""No included family""]","[1, 0.0]",10951
dardic-coverage,LONG,LONG,rang1265,plains,26.280348,89.39468,BH,"[""At least one included family"", ""No included family""]","[1, 0.0]",10951;5524
dardic-coverage,LONG,LONG,rath1242,plains,21.4375,74.9958,RathwiBareli,"[""At least one included family"", ""No included family""]","[0.0, 1]",
dardic-coverage,LONG,LONG,rath1243,plains,22.309,73.186,Rathawi,"[""At least one included family"", ""No included family""]","[0.0, 1]",
dardic-coverage,LONG,LONG,sera1259,plains,29.55,71.91,srk,"[""At least one included family"", ""No included family""]","[0.0, 1]",
dardic-coverage,LONG,LONG,shek1243,plains,27.978027,75.163279,dhundari_badagaon,"[""At least one included family"", ""No included family""]","[1, 0.0]",10951;11225
dardic-coverage,LONG,LONG,sind1272,plains,26.0,69.0,S,"[""At least one included family"", ""No included family""]","[1, 0.0]",6368
dardic-coverage,LONG,LONG,surg1246,plains,23.045719,83.189104,SSr,"[""At least one included family"", ""No included family""]","[1, 0.0]",10951
dardic-coverage,LONG,LONG,surj1235,plains,26.0982,87.945,KS,"[""At least one included family"", ""No included family""]","[1, 0.0]",10951
dardic-coverage,LONG,LONG,thar1284,plains,28.837028,80.320613,Sunha,"[""At least one included family"", ""No included family""]","[0.0, 1]",
dardic-coverage,LONG,LONG,vaag1238,plains,12.21,79.53,VB,"[""At least one included family"", ""No included family""]","[0.0, 1]",
dardic-coverage,LONG,LONG,vasa1239,plains,,,,"[""At least one included family"", ""No included family""]","[0.0, 1]",
dardic-coverage,LONG,LONG,wadi1248,plains,26.07,72.13,WK,"[""At least one included family"", ""No included family""]","[0.0, 1]",
dardic-coverage,LONG,LONG,wagd1238,plains,24.137701,74.047239,mewari_bannoda,"[""At least one included family"", ""No included family""]","[1, 0.0]",10951
dardic-coverage,LONG,LONG,west2386,plains,31.1704,72.7097,L,"[""At least one included family"", ""No included family""]","[1, 0.0]",10951;6368
dardic-coverage,WATER,WATER,bate1261,dardic,34.95,72.92,bhatr,"[""At least one included family"", ""No included family""]","[1, 0.0]",8082
dardic-coverage,WATER,WATER,brok1247,dardic,34.53,76.6,bro,"[""At least one included family"", ""No included family""]","[0.0, 1]",
dardic-coverage,WATER,WATER,chil1275,dardic,35.25,73.33,Chil,"[""At least one included family"", ""No included family""]","[1, 0.0]",1921
dardic-coverage,WATER,WATER,dame1241,dardic,35.3,71.68,Dm,"[""At least one included family"", ""No included family""]","[1, 0.0]",407
dardic-coverage,WATER,WATER,gawa1247,dardic,35.2,71.54,Gaw,"[""At least one included family"", ""No included family""]","[1, 0.0]",407
dardic-coverage,WATER,WATER,gowr1239,dardic,35.1243,73.1233,Gowro,"[""At least one included family"", ""No included family""]","[1, 0.0]",12485;1921
dardic-coverage,WATER,WATER,gran1245,dardic,34.65,70.73,Gng,"[""At least one included family"", ""No included family""]","[1, 0.0]",1799;1921
dardic-coverage,WATER,WATER,indu1241,dardic,35.34,73.02,Mai,"[""At least one included family"", ""No included family""]","[1, 0.0]",1921
dardic-coverage,WATER,WATER,kala1372,dardic,35.64,71.67,Kal,"[""At least one included family"", ""No included family""]","[1, 0.0]",1921
dardic-coverage,WATER,WATER,kala1373,dardic,35.53,72.57,Bshk,"[""At least one included family"", ""No included family""]","[1, 0.0]",1921
dardic-coverage,WATER,WATER,kalk1245,dardic,35.41,72.17,Kalk,"[""At least one included family"", ""No included family""]","[1, 0.0]",1921
dardic-coverage,WATER,WATER,kash1277,dardic,33.13,75.57,dod,"[""At least one included family"", ""No included family""]","[1, 0.0]",13266;8082
dardic-coverage,WATER,WATER,khow1242,dardic,36.0,72.0,Kho,"[""At least one included family"", ""No included family""]","[1, 0.0]",1921
dardic-coverage,WATER,WATER,kund1257,dardic,34.56,73.83,Kund,"[""At least one included family"", ""No included family""]","[1, 0.0]",8082
dardic-coverage,WATER,WATER,nort2666,dardic,34.66,70.43,Pas,"[""At least one included family"", ""No included family""]","[1, 0.0]",11556
dardic-coverage,WATER,WATER,phal1254,dardic,35.51,71.84,Phal,"[""At least one included family"", ""No included family""]","[1, 0.0]",1921
dardic-coverage,WATER,WATER,savi1242,dardic,35.3,71.56,Sv,"[""At least one included family"", ""No included family""]","[1, 0.0]",1921
dardic-coverage,WATER,WATER,shin1264,dardic,34.65,75.29,Sh,"[""At least one included family"", ""No included family""]","[1, 0.0]",1921
dardic-coverage,WATER,WATER,shum1235,dardic,34.48,70.57,Shum,"[""At least one included family"", ""No included family""]","[1, 0.0]",1921
dardic-coverage,WATER,WATER,tira1253,dardic,34.18,69.59,Tir,"[""At least one included family"", ""No included family""]","[1, 0.0]",1921
dardic-coverage,WATER,WATER,torw1241,dardic,35.21,72.55,Tor,"[""At least one included family"", ""No included family""]","[1, 0.0]",1921
dardic-coverage,WATER,WATER,usho1238,dardic,35.139395,72.67756,Ush,"[""At least one included family"", ""No included family""]","[1, 0.0]",1921
dardic-coverage,WATER,WATER,wota1240,dardic,34.7,70.86,Wot,"[""At least one included family"", ""No included family""]","[1, 0.0]",8082
dardic-coverage,WATER,WATER,adiv1239,plains,18.3234,82.8806,AdivasiOriya,"[""At least one included family"", ""No included family""]","[0.0, 1]",
dardic-coverage,WATER,WATER,assa1263,plains,26.7509,94.2037,A,"[""At least one included family"", ""No included family""]","[1, 0.0]",5155;8082
dardic-coverage,WATER,WATER,avan1234,plains,33.994201,72.483087,awan,"[""At least one included family"", ""No included family""]","[0.0, 1]",
dardic-coverage,WATER,WATER,awad1243,plains,27.59,82.47,Aw,"[""At least one included family"", ""No included family""]","[1, 0.0]",8082
dardic-coverage,WATER,WATER,bagh1251,plains,24.482879,81.356341,bagheli_lakshman,"[""At least one included family"", ""No included family""]","[1, 0.0]",8082
dardic-coverage,WATER,WATER,bagr1243,plains,29.40465,74.40918,bagri_fatehabad,"[""At least one included family"", ""No included family""]","[1, 0.0]",8082
dardic-coverage,WATER,WATER,beng1280,plains,23.471,88.5565,B,"[""At least one included family"", ""No included family""]","[1, 0.0]",5155;8082
dardic-coverage,WATER,WATER,bhat1265,plains,19.2778,82.1341,Bhatri,"[""At least one included family"", ""No included family""]","[0.0, 1]",
dardic-coverage,WATER,WATER,bhil1251,plains,20.85,73.9592,Bhili,"[""At least one included family"", ""No included family""]","[0.0, 1]",
dardic-coverage,WATER,WATER,bhil1253,plains,22.58346,74.59014,Bhilali,"[""At least one included family"", ""No included family""]","[0.0, 1]",
dardic-coverage,WATER,WATER,bhoj1244,plains,26.46,84.82,Bhoj,"[""At least one included family"", ""No included family""]","[1, 0.0]",8082
dardic-coverage,WATER,WATER,biha1245,plains,24.68,87.5,Bi,"[""At least one included family"", ""No included family""]","[1, 0.0]",10085
dardic-coverage,WATER,WATER,bish1244,plains,24.5,91.8,Bishnupriya,"[""At least one included family"", ""No included family""]","[0.0, 1]",
dardic-coverage,WATER,WATER,braj1242,plains,26.48,78.08,Brj,"[""At least one included family"", ""No included family""]","[1, 0.0]",7552;8082
dardic-coverage,WATER,WATER,buks1238,plains,29.397962,79.126163,Buksa,"[""At least one included family"", ""No included family""]","[0.0, 1]",
dardic-coverage,WATER,WATER,bund1253,plains,25.008376,79.564258,bundeli_atarra,"[""At least one included family"", ""No included family""]","[1, 0.0]",8082
dardic-coverage,WATER,WATER,chha1249,plains,21.225068,82.028298,NDu,"[""At least one included family"", ""No included family""]","[1, 0.0]",8082
dardic-coverage,WATER,WATER,chit1274,plains,27.58,84.41,Chitwan,"[""At least one included family"", ""No included family""]","[1, 0.0]",8082
dardic-coverage,WATER,WATER,dang1260,plains,27.88,81.78,Dang,"[""At least one included family"", ""No included family""]","[1, 0.0]",8082
dardic-coverage,WATER,WATER,dhan1265,plains,27.36,85.41,DewasDoneDanuwar,"[""At least one included family"", ""No included family""]","[0.0, 1]",
dardic-coverage,WATER,WATER,dhun1238,plains,26.696403,75.972699,dhundari_bamore,"[""At least one included family"", ""No included family""]","[1, 0.0]",8082
dardic-coverage,WATER,WATER,dung1251,plains,,,,"[""At least one included family"", ""No included family""]","[0.0, 1]",
dardic-coverage,WATER,WATER,east2316,plains,26.666667,87.5,Morang,"[""At least one included family"", ""No included family""]","[1, 0.0]",8082
dardic-coverage,WATER,WATER,godw1241,plains,25.417504,73.107785,marwari_bagra,"[""At least one included family"", ""No included family""]","[1, 0.0]",8082
dardic-coverage,WATER,WATER,guja1252,plains,22.69,71.1,G,"[""At least one included family"", ""No included family""]","[1, 0.0]",13388;5155;8082
dardic-coverage,WATER,WATER,guja1253,plains,34.043002,73.225443,Goj,"[""At least one included family"", ""No included family""]","[0.0, 1]",
dardic-coverage,WATER,WATER,hada1254,plains,25.138213,76.876916,hadothi_kelwada,"[""At least one included family"", ""No included family""]","[1, 0.0]",8082
dardic-coverage,WATER,WATER,hado1235,plains,24.85,75.84,had,"[""At least one included family"", ""No included family""]","[1, 0.0]",5155;8082
dardic-coverage,WATER,WATER,hajo1238,plains,25.5143,89.8594,Hajong,"[""At least one included family"", ""No included family""]","[0.0, 1]",
dardic-coverage,WATER,WATER,halb1244,plains,20.31,81.37,hal,"[""At least one included family"", ""No included family""]","[0.0, 1]",
dardic-coverage,WATER,WATER,hary1238,plains,28.91568,76.37168,kaithal,"[""At least one included family"", ""No included family""]","[0.0, 1]",
dardic-coverage,WATER,WATER,hind1269,plains,28.7041,77.1025,H,"[""At least one included family"", ""No included family""]","[1, 0.0]",5155;7143;7552;8082
dardic-coverage,WATER,WATER,jadg1238,plains,23.588,58.3829,Zadj,"[""At least one included family"", ""No included family""]","[1, 0.0]",8082
dardic-coverage,WATER,WATER,kach1277,plains,23.83,69.0,kcch,"[""At least one included family"", ""No included family""]","[0.0, 1]",
dardic-coverage,WATER,WATER,kana1281,plains,27.0437956,79.8951742,Kannauji-Central,"[""At least one included family"", ""No included family""]","[1, 0.0]",8082
dardic-coverage,WATER,WATER,kath1250,plains,28.53981,80.797511,Kathoriya,"[""At least one included family"", ""No included family""]","[0.0, 1]",
dardic-coverage,WATER,WATER,khan1272,plains,21.3181,74.142,Khandesi,"[""At least one included family"", ""No included family""]","[0.0, 1]",
dardic-coverage,WATER,WATER,khet1238,plains,30.48,70.28,khet,"[""At least one included family"", ""No included family""]","[1, 0.0]",8082
dardic-coverage,WATER,WATER,khol1241,plains,27.12,54.3,Khol,"[""At least one included family"", ""No included family""]","[1, 0.0]",8082
dardic-coverage,WATER,WATER,koch1247,plains,26.65,86.75,KochilaTharu,"[""At least one included family"", ""No included family""]","[0.0, 1]",
dardic-coverage,WATER,WATER,koch1253,plains,27.12,85.63,KochariyaEastDanuwar,"[""At least one included family"", ""No included family""]","[0.0, 1]",
dardic-coverage,WATER,WATER,konk1267,plains,15.2993,74.124,Ko,"[""At least one included family"", ""No included family""]","[1, 0.0]",8082
dardic-coverage,WATER,WATER,luwa1238,plains,23.616667,58.566667,maimani,"[""At least one included family"", ""No included family""]","[1, 0.0]",8082
dardic-coverage,WATER,WATER,maga1260,plains,25.0915,85.3335,MagahiNepal,"[""At least one included family"", ""No included family""]","[0.0, 1]",
dardic-coverage,WATER,WATER,mait1250,plains,26.38,86.22,Mth,"[""At least one included family"", ""No included family""]","[1, 0.0]",8082
dardic-coverage,WATER,WATER,majh1253,plains,27.35,86.0,Majhi,"[""At least one included family"", ""No included family""]","[0.0, 1]",
dardic-coverage,WATER,WATER,malv1243,plains,24.243083,75.027707,mewari_basad,"[""At least one included family"", ""No included family""]","[1, 0.0]",8082
dardic-coverage,WATER,WATER,mara1378,plains,18.5204,73.8567,M,"[""At least one included family"", ""No included family""]","[1, 0.0]",4038;5155;8082
dardic-coverage,WATER,WATER,marw1260,plains,27.0,75.07,Marw,"[""At least one included family"", ""No included family""]","[1, 0.0]",8082
dardic-coverage,WATER,WATER,mewa1249,plains,25.084731,74.220835,mewari_dholpura,"[""At least one included family"", ""No included family""]","[1, 0.0]",5155;8082
dardic-coverage,WATER,WATER,mewa1250,plains,27.817648,77.035043,mewati_akera,"[""At least one included family"", ""No included family""]","[1, 0.0]",8082
dardic-coverage,WATER,WATER,nima1243,plains,22.1263,76.1264,Nimadi,"[""At least one included family"", ""No included family""]","[0.0, 1]",
dardic-coverage,WATER,WATER,noir1238,plains,,,,"[""At least one included family"", ""No included family""]","[0.0, 1]",
dardic-coverage,WATER,WATER,oriy1255,plains,21.0,85.0,Or,"[""At least one included family"", ""No included family""]","[1, 0.0]",5155;8082
dardic-coverage,WATER,WATER,paha1251,plains,33.148,73.7537,poth,"[""At least one included family"", ""No included family""]","[0.0, 1]",
dardic-coverage,WATER,WATER,paly1238,plains,21.937,75.233,PalyaBareli,"[""At least one included family"", ""No included family""]","[0.0, 1]",
dardic-coverage,WATER,WATER,panj1256,plains,30.04,75.67,P,"[""At least one included family"", ""No included family""]","[1, 0.0]",6896;8082
dardic-coverage,WATER,WATER,paur1238,plains,21.228,74.337,PauriBareli,"[""At least one included family"", ""No included family""]","[0.0, 1]",
dardic-coverage,WATER,WATER,raja1256,plains,26.47,76.2,Rj,"[""At least one included family"", ""No included family""]","[1, 0.0]",8082
dardic-coverage,WATER,WATER,rajb1243,plains,26.4877,87.79265,MH,"[""At least one included family"", ""No included family""]","[1, 0.0]",8082
dardic-coverage,WATER,WATER,rana1246,plains,28.65,80.44,Rana,"[""At least one included family"", ""No included family""]","[1, 0.0]",8082
dardic-coverage,WATER,WATER,rang1265,plains,26.280348,89.39468,BH,"[""At least one included family"", ""No included family""]","[1, 0.0]",8082
dardic-coverage,WATER,WATER,rath1242,plains,21.4375,74.9958,RathwiBareli,"[""At least one included family"", ""No included family""]","[0.0, 1]",
dardic-coverage,WATER,WATER,rath1243,plains,22.309,73.186,Rathawi,"[""At least one included family"", ""No included family""]","[0.0, 1]",
dardic-coverage,WATER,WATER,sera1259,plains,29.55,71.91,srk,"[""At least one included family"", ""No included family""]","[0.0, 1]",
dardic-coverage,WATER,WATER,shek1243,plains,27.978027,75.163279,dhundari_badagaon,"[""At least one included family"", ""No included family""]","[1, 0.0]",8082
dardic-coverage,WATER,WATER,sind1272,plains,26.0,69.0,S,"[""At least one included family"", ""No included family""]","[1, 0.0]",5155;8082
dardic-coverage,WATER,WATER,surg1246,plains,23.045719,83.189104,SSr,"[""At least one included family"", ""No included family""]","[1, 0.0]",8082
dardic-coverage,WATER,WATER,surj1235,plains,26.0982,87.945,KS,"[""At least one included family"", ""No included family""]","[1, 0.0]",8082
dardic-coverage,WATER,WATER,thar1284,plains,28.837028,80.320613,Sunha,"[""At least one included family"", ""No included family""]","[0.0, 1]",
dardic-coverage,WATER,WATER,vaag1238,plains,12.21,79.53,VB,"[""At least one included family"", ""No included family""]","[0.0, 1]",
dardic-coverage,WATER,WATER,vasa1239,plains,,,,"[""At least one included family"", ""No included family""]","[0.0, 1]",
dardic-coverage,WATER,WATER,wadi1248,plains,26.07,72.13,WK,"[""At least one included family"", ""No included family""]","[1, 0.0]",8082
dardic-coverage,WATER,WATER,wagd1238,plains,24.137701,74.047239,mewari_bannoda,"[""At least one included family"", ""No included family""]","[1, 0.0]",8082
dardic-coverage,WATER,WATER,west2386,plains,31.1704,72.7097,L,"[""At least one included family"", ""No included family""]","[1, 0.0]",5155;7552;8082
dardic-coverage,IRON,IRON,bate1261,dardic,34.95,72.92,bhatr,"[""At least one included family"", ""No included family""]","[0.0, 1]",
dardic-coverage,IRON,IRON,brok1247,dardic,34.53,76.6,bro,"[""At least one included family"", ""No included family""]","[0.0, 1]",
dardic-coverage,IRON,IRON,dame1241,dardic,35.3,71.68,Dm,"[""At least one included family"", ""No included family""]","[1, 0.0]",4842a
dardic-coverage,IRON,IRON,gawa1247,dardic,35.2,71.54,Gaw,"[""At least one included family"", ""No included family""]","[1, 0.0]",4842a
dardic-coverage,IRON,IRON,indu1241,dardic,35.34,73.02,Mai,"[""At least one included family"", ""No included family""]","[1, 0.0]",4842a
dardic-coverage,IRON,IRON,kala1372,dardic,35.64,71.67,Kal,"[""At least one included family"", ""No included family""]","[1, 0.0]",4842a
dardic-coverage,IRON,IRON,kala1373,dardic,35.53,72.57,Bshk,"[""At least one included family"", ""No included family""]","[1, 0.0]",4842a
dardic-coverage,IRON,IRON,kash1277,dardic,33.13,75.57,dod,"[""At least one included family"", ""No included family""]","[1, 0.0]",12367;4842a
dardic-coverage,IRON,IRON,khow1242,dardic,36.0,72.0,Kho,"[""At least one included family"", ""No included family""]","[1, 0.0]",4842a
dardic-coverage,IRON,IRON,nort2666,dardic,34.66,70.43,Pas,"[""At least one included family"", ""No included family""]","[1, 0.0]",4842a
dardic-coverage,IRON,IRON,phal1254,dardic,35.51,71.84,Phal,"[""At least one included family"", ""No included family""]","[1, 0.0]",4842a
dardic-coverage,IRON,IRON,shin1264,dardic,34.65,75.29,Sh,"[""At least one included family"", ""No included family""]","[1, 0.0]",4842a
dardic-coverage,IRON,IRON,shum1235,dardic,34.48,70.57,Shum,"[""At least one included family"", ""No included family""]","[1, 0.0]",4842a
dardic-coverage,IRON,IRON,torw1241,dardic,35.21,72.55,Tor,"[""At least one included family"", ""No included family""]","[1, 0.0]",4842a
dardic-coverage,IRON,IRON,wota1240,dardic,34.7,70.86,Wot,"[""At least one included family"", ""No included family""]","[1, 0.0]",4842a
dardic-coverage,IRON,IRON,assa1263,plains,26.7509,94.2037,A,"[""At least one included family"", ""No included family""]","[1, 0.0]",11158
dardic-coverage,IRON,IRON,avan1234,plains,33.994201,72.483087,awan,"[""At least one included family"", ""No included family""]","[1, 0.0]",11158
dardic-coverage,IRON,IRON,awad1243,plains,27.59,82.47,Aw,"[""At least one included family"", ""No included family""]","[1, 0.0]",11158
dardic-coverage,IRON,IRON,bagh1251,plains,24.482879,81.356341,bagheli_lakshman,"[""At least one included family"", ""No included family""]","[0.0, 1]",
dardic-coverage,IRON,IRON,beng1280,plains,23.471,88.5565,B,"[""At least one included family"", ""No included family""]","[1, 0.0]",11158
dardic-coverage,IRON,IRON,bhoj1244,plains,26.46,84.82,Bhoj,"[""At least one included family"", ""No included family""]","[1, 0.0]",11158
dardic-coverage,IRON,IRON,biha1245,plains,24.68,87.5,Bi,"[""At least one included family"", ""No included family""]","[1, 0.0]",11170;3264
dardic-coverage,IRON,IRON,braj1242,plains,26.48,78.08,Brj,"[""At least one included family"", ""No included family""]","[0.0, 1]",
dardic-coverage,IRON,IRON,bund1253,plains,25.008376,79.564258,bundeli_atarra,"[""At least one included family"", ""No included family""]","[0.0, 1]",
dardic-coverage,IRON,IRON,chha1249,plains,21.225068,82.028298,NDu,"[""At least one included family"", ""No included family""]","[0.0, 1]",
dardic-coverage,IRON,IRON,dhun1238,plains,26.696403,75.972699,dhundari_bamore,"[""At least one included family"", ""No included family""]","[0.0, 1]",
dardic-coverage,IRON,IRON,guja1252,plains,22.69,71.1,G,"[""At least one included family"", ""No included family""]","[1, 0.0]",11158;11171;11173;4866;6121
dardic-coverage,IRON,IRON,guja1253,plains,34.043002,73.225443,Goj,"[""At least one included family"", ""No included family""]","[0.0, 1]",
dardic-coverage,IRON,IRON,halb1244,plains,20.31,81.37,hal,"[""At least one included family"", ""No included family""]","[0.0, 1]",
dardic-coverage,IRON,IRON,hary1238,plains,28.91568,76.37168,kaithal,"[""At least one included family"", ""No included family""]","[0.0, 1]",
dardic-coverage,IRON,IRON,hind1269,plains,28.7041,77.1025,H,"[""At least one included family"", ""No included family""]","[1, 0.0]",11158
dardic-coverage,IRON,IRON,kach1277,plains,23.83,69.0,kcch,"[""At least one included family"", ""No included family""]","[1, 0.0]",6121
dardic-coverage,IRON,IRON,kana1281,plains,27.0437956,79.8951742,Kannauji-Central,"[""At least one included family"", ""No included family""]","[0.0, 1]",
dardic-coverage,IRON,IRON,khet1238,plains,30.48,70.28,khet,"[""At least one included family"", ""No included family""]","[1, 0.0]",6121
dardic-coverage,IRON,IRON,konk1267,plains,15.2993,74.124,Ko,"[""At least one included family"", ""No included family""]","[0.0, 1]",
dardic-coverage,IRON,IRON,mait1250,plains,26.38,86.22,Mth,"[""At least one included family"", ""No included family""]","[1, 0.0]",11158;12349
dardic-coverage,IRON,IRON,malv1243,plains,24.243083,75.027707,mewari_basad,"[""At least one included family"", ""No included family""]","[0.0, 1]",
dardic-coverage,IRON,IRON,mara1378,plains,18.5204,73.8567,M,"[""At least one included family"", ""No included family""]","[1, 0.0]",11158;11171
dardic-coverage,IRON,IRON,marw1260,plains,27.0,75.07,Marw,"[""At least one included family"", ""No included family""]","[0.0, 1]",
dardic-coverage,IRON,IRON,mewa1250,plains,27.817648,77.035043,mewati_akera,"[""At least one included family"", ""No included family""]","[0.0, 1]",
dardic-coverage,IRON,IRON,oriy1255,plains,21.0,85.0,Or,"[""At least one included family"", ""No included family""]","[1, 0.0]",104;10881;10884;11158
dardic-coverage,IRON,IRON,paha1251,plains,33.148,73.7537,poth,"[""At least one included family"", ""No included family""]","[0.0, 1]",
dardic-coverage,IRON,IRON,panj1256,plains,30.04,75.67,P,"[""At least one included family"", ""No included family""]","[1, 0.0]",11158;6121
dardic-coverage,IRON,IRON,rajb1243,plains,26.4877,87.79265,MH,"[""At least one included family"", ""No included family""]","[0.0, 1]",
dardic-coverage,IRON,IRON,rang1265,plains,26.280348,89.39468,BH,"[""At least one included family"", ""No included family""]","[0.0, 1]",
dardic-coverage,IRON,IRON,sera1259,plains,29.55,71.91,srk,"[""At least one included family"", ""No included family""]","[0.0, 1]",
dardic-coverage,IRON,IRON,sind1272,plains,26.0,69.0,S,"[""At least one included family"", ""No included family""]","[1, 0.0]",11158;6121
dardic-coverage,IRON,IRON,surj1235,plains,26.0982,87.945,KS,"[""At least one included family"", ""No included family""]","[0.0, 1]",
dardic-coverage,IRON,IRON,vaag1238,plains,12.21,79.53,VB,"[""At least one included family"", ""No included family""]","[0.0, 1]",
dardic-coverage,IRON,IRON,wadi1248,plains,26.07,72.13,WK,"[""At least one included family"", ""No included family""]","[1, 0.0]",11173
dardic-coverage,IRON,IRON,west2386,plains,31.1704,72.7097,L,"[""At least one included family"", ""No included family""]","[1, 0.0]",11158
dardic-coverage,RIVER,RIVER,bate1261,dardic,34.95,72.92,bhatr,"[""At least one included family"", ""No included family""]","[1, 0.0]",13415;3860
dardic-coverage,RIVER,RIVER,brok1247,dardic,34.53,76.6,bro,"[""At least one included family"", ""No included family""]","[0.0, 1]",
dardic-coverage,RIVER,RIVER,chil1275,dardic,35.25,73.33,Chil,"[""At least one included family"", ""No included family""]","[0.0, 1]",
dardic-coverage,RIVER,RIVER,dame1241,dardic,35.3,71.68,Dm,"[""At least one included family"", ""No included family""]","[1, 0.0]",6943
dardic-coverage,RIVER,RIVER,gawa1247,dardic,35.2,71.54,Gaw,"[""At least one included family"", ""No included family""]","[0.0, 1]",
dardic-coverage,RIVER,RIVER,gowr1239,dardic,35.1243,73.1233,Gowro,"[""At least one included family"", ""No included family""]","[1, 0.0]",13415
dardic-coverage,RIVER,RIVER,gran1245,dardic,34.65,70.73,Gng,"[""At least one included family"", ""No included family""]","[0.0, 1]",
dardic-coverage,RIVER,RIVER,indu1241,dardic,35.34,73.02,Mai,"[""At least one included family"", ""No included family""]","[1, 0.0]",13415
dardic-coverage,RIVER,RIVER,kala1372,dardic,35.64,71.67,Kal,"[""At least one included family"", ""No included family""]","[1, 0.0]",9645
dardic-coverage,RIVER,RIVER,kala1373,dardic,35.53,72.57,Bshk,"[""At least one included family"", ""No included family""]","[1, 0.0]",6943
dardic-coverage,RIVER,RIVER,kalk1245,dardic,35.41,72.17,Kalk,"[""At least one included family"", ""No included family""]","[0.0, 1]",
dardic-coverage,RIVER,RIVER,kash1277,dardic,34.17,74.33,K,"[""At least one included family"", ""No included family""]","[1, 0.0]",13415
dardic-coverage,RIVER,RIVER,khow1242,dardic,36.0,72.0,Kho,"[""At least one included family"", ""No included family""]","[1, 0.0]",13415;4456
dardic-coverage,RIVER,RIVER,kund1257,dardic,34.56,73.83,Kund,"[""At least one included family"", ""No included family""]","[1, 0.0]",6943
dardic-coverage,RIVER,RIVER,nort2666,dardic,34.66,70.43,Pas,"[""At least one included family"", ""No included family""]","[1, 0.0]",4453
dardic-coverage,RIVER,RIVER,phal1254,dardic,35.51,71.84,Phal,"[""At least one included family"", ""No included family""]","[1, 0.0]",13137
dardic-coverage,RIVER,RIVER,savi1242,dardic,35.3,71.56,Sv,"[""At least one included family"", ""No included family""]","[0.0, 1]",
dardic-coverage,RIVER,RIVER,shin1264,dardic,34.65,75.29,Sh,"[""At least one included family"", ""No included family""]","[1, 0.0]",13415
dardic-coverage,RIVER,RIVER,shum1235,dardic,34.48,70.57,Shum,"[""At least one included family"", ""No included family""]","[0.0, 1]",
dardic-coverage,RIVER,RIVER,tira1253,dardic,34.18,69.59,Tir,"[""At least one included family"", ""No included family""]","[1, 0.0]",13415
dardic-coverage,RIVER,RIVER,torw1241,dardic,35.21,72.55,Tor,"[""At least one included family"", ""No included family""]","[0.0, 1]",
dardic-coverage,RIVER,RIVER,usho1238,dardic,35.139395,72.67756,Ush,"[""At least one included family"", ""No included family""]","[0.0, 1]",
dardic-coverage,RIVER,RIVER,adiv1239,plains,18.3234,82.8806,AdivasiOriya,"[""At least one included family"", ""No included family""]","[0.0, 1]",
dardic-coverage,RIVER,RIVER,assa1263,plains,26.7509,94.2037,A,"[""At least one included family"", ""No included family""]","[1, 0.0]",3952;6943
dardic-coverage,RIVER,RIVER,avan1234,plains,33.994201,72.483087,awan,"[""At least one included family"", ""No included family""]","[0.0, 1]",
dardic-coverage,RIVER,RIVER,bagh1251,plains,24.482879,81.356341,bagheli_lakshman,"[""At least one included family"", ""No included family""]","[1, 0.0]",6943
dardic-coverage,RIVER,RIVER,bagr1243,plains,29.40465,74.40918,bagri_fatehabad,"[""At least one included family"", ""No included family""]","[1, 0.0]",6943
dardic-coverage,RIVER,RIVER,beng1280,plains,23.471,88.5565,B,"[""At least one included family"", ""No included family""]","[1, 0.0]",3952;6943
dardic-coverage,RIVER,RIVER,bhat1265,plains,19.2778,82.1341,Bhatri,"[""At least one included family"", ""No included family""]","[0.0, 1]",
dardic-coverage,RIVER,RIVER,bhil1251,plains,20.85,73.9592,Bhili,"[""At least one included family"", ""No included family""]","[0.0, 1]",
dardic-coverage,RIVER,RIVER,bhil1253,plains,22.58346,74.59014,Bhilali,"[""At least one included family"", ""No included family""]","[0.0, 1]",
dardic-coverage,RIVER,RIVER,bish1244,plains,24.5,91.8,Bishnupriya,"[""At least one included family"", ""No included family""]","[0.0, 1]",
dardic-coverage,RIVER,RIVER,braj1242,plains,26.48,78.08,Brj,"[""At least one included family"", ""No included family""]","[1, 0.0]",6943
dardic-coverage,RIVER,RIVER,buks1238,plains,29.397962,79.126163,Buksa,"[""At least one included family"", ""No included family""]","[0.0, 1]",
dardic-coverage,RIVER,RIVER,bund1253,plains,25.008376,79.564258,bundeli_atarra,"[""At least one included family"", ""No included family""]","[1, 0.0]",6943
dardic-coverage,RIVER,RIVER,chha1249,plains,21.225068,82.028298,NDu,"[""At least one included family"", ""No included family""]","[1, 0.0]",6943;7047
dardic-coverage,RIVER,RIVER,chit1274,plains,27.58,84.41,Chitwan,"[""At least one included family"", ""No included family""]","[1, 0.0]",6943
dardic-coverage,RIVER,RIVER,dang1260,plains,27.88,81.78,Dang,"[""At least one included family"", ""No included family""]","[1, 0.0]",6943
dardic-coverage,RIVER,RIVER,dhun1238,plains,26.696403,75.972699,dhundari_bamore,"[""At least one included family"", ""No included family""]","[1, 0.0]",6943
dardic-coverage,RIVER,RIVER,dung1251,plains,,,,"[""At least one included family"", ""No included family""]","[0.0, 1]",
dardic-coverage,RIVER,RIVER,east2316,plains,26.666667,87.5,Morang,"[""At least one included family"", ""No included family""]","[1, 0.0]",6943
dardic-coverage,RIVER,RIVER,godw1241,plains,25.417504,73.107785,marwari_bagra,"[""At least one included family"", ""No included family""]","[1, 0.0]",6943
dardic-coverage,RIVER,RIVER,guja1253,plains,34.043002,73.225443,Goj,"[""At least one included family"", ""No included family""]","[0.0, 1]",
dardic-coverage,RIVER,RIVER,hada1254,plains,25.138213,76.876916,hadothi_kelwada,"[""At least one included family"", ""No included family""]","[1, 0.0]",6943
dardic-coverage,RIVER,RIVER,hado1235,plains,24.85,75.84,had,"[""At least one included family"", ""No included family""]","[1, 0.0]",6943
dardic-coverage,RIVER,RIVER,hajo1238,plains,25.5143,89.8594,Hajong,"[""At least one included family"", ""No included family""]","[0.0, 1]",
dardic-coverage,RIVER,RIVER,halb1244,plains,20.31,81.37,hal,"[""At least one included family"", ""No included family""]","[0.0, 1]",
dardic-coverage,RIVER,RIVER,hind1269,plains,28.7041,77.1025,H,"[""At least one included family"", ""No included family""]","[1, 0.0]",6943
dardic-coverage,RIVER,RIVER,kach1277,plains,23.83,69.0,kcch,"[""At least one included family"", ""No included family""]","[1, 0.0]",6943
dardic-coverage,RIVER,RIVER,kana1281,plains,27.0437956,79.8951742,Kannauji-Central,"[""At least one included family"", ""No included family""]","[1, 0.0]",6943
dardic-coverage,RIVER,RIVER,kath1250,plains,28.53981,80.797511,Kathoriya,"[""At least one included family"", ""No included family""]","[0.0, 1]",
dardic-coverage,RIVER,RIVER,khan1272,plains,21.3181,74.142,Khandesi,"[""At least one included family"", ""No included family""]","[0.0, 1]",
dardic-coverage,RIVER,RIVER,konk1267,plains,15.2993,74.124,Ko,"[""At least one included family"", ""No included family""]","[0.0, 1]",
dardic-coverage,RIVER,RIVER,maga1260,plains,25.0915,85.3335,MagahiNepal,"[""At least one included family"", ""No included family""]","[0.0, 1]",
dardic-coverage,RIVER,RIVER,malv1243,plains,24.243083,75.027707,mewari_basad,"[""At least one included family"", ""No included family""]","[1, 0.0]",6943
dardic-coverage,RIVER,RIVER,mara1378,plains,18.5204,73.8567,M,"[""At least one included family"", ""No included family""]","[1, 0.0]",6943
dardic-coverage,RIVER,RIVER,marw1260,plains,27.0,75.07,Marw,"[""At least one included family"", ""No included family""]","[1, 0.0]",6943;7047
dardic-coverage,RIVER,RIVER,mewa1249,plains,25.084731,74.220835,mewari_dholpura,"[""At least one included family"", ""No included family""]","[1, 0.0]",6943
dardic-coverage,RIVER,RIVER,mewa1250,plains,27.817648,77.035043,mewati_akera,"[""At least one included family"", ""No included family""]","[1, 0.0]",6943;7047
dardic-coverage,RIVER,RIVER,nima1243,plains,22.1263,76.1264,Nimadi,"[""At least one included family"", ""No included family""]","[0.0, 1]",
dardic-coverage,RIVER,RIVER,noir1238,plains,,,,"[""At least one included family"", ""No included family""]","[0.0, 1]",
dardic-coverage,RIVER,RIVER,oriy1255,plains,21.0,85.0,Or,"[""At least one included family"", ""No included family""]","[1, 0.0]",5629
dardic-coverage,RIVER,RIVER,paha1251,plains,33.148,73.7537,poth,"[""At least one included family"", ""No included family""]","[0.0, 1]",
dardic-coverage,RIVER,RIVER,paly1238,plains,21.937,75.233,PalyaBareli,"[""At least one included family"", ""No included family""]","[0.0, 1]",
dardic-coverage,RIVER,RIVER,panj1256,plains,30.04,75.67,P,"[""At least one included family"", ""No included family""]","[1, 0.0]",6943
dardic-coverage,RIVER,RIVER,paur1238,plains,21.228,74.337,PauriBareli,"[""At least one included family"", ""No included family""]","[0.0, 1]",
dardic-coverage,RIVER,RIVER,raja1256,plains,26.47,76.2,Rj,"[""At least one included family"", ""No included family""]","[1, 0.0]",6943
dardic-coverage,RIVER,RIVER,rajb1243,plains,26.4877,87.79265,MH,"[""At least one included family"", ""No included family""]","[0.0, 1]",
dardic-coverage,RIVER,RIVER,rana1246,plains,28.65,80.44,Rana,"[""At least one included family"", ""No included family""]","[1, 0.0]",6943
dardic-coverage,RIVER,RIVER,rang1265,plains,26.280348,89.39468,BH,"[""At least one included family"", ""No included family""]","[0.0, 1]",
dardic-coverage,RIVER,RIVER,rath1242,plains,21.4375,74.9958,RathwiBareli,"[""At least one included family"", ""No included family""]","[0.0, 1]",
dardic-coverage,RIVER,RIVER,rath1243,plains,22.309,73.186,Rathawi,"[""At least one included family"", ""No included family""]","[0.0, 1]",
dardic-coverage,RIVER,RIVER,sera1259,plains,29.55,71.91,srk,"[""At least one included family"", ""No included family""]","[1, 0.0]",13580
dardic-coverage,RIVER,RIVER,shek1243,plains,27.978027,75.163279,dhundari_badagaon,"[""At least one included family"", ""No included family""]","[1, 0.0]",6943
dardic-coverage,RIVER,RIVER,sind1272,plains,26.0,69.0,S,"[""At least one included family"", ""No included family""]","[1, 0.0]",13325
dardic-coverage,RIVER,RIVER,surg1246,plains,23.045719,83.189104,SSr,"[""At least one included family"", ""No included family""]","[1, 0.0]",6943;7047
dardic-coverage,RIVER,RIVER,surj1235,plains,26.0982,87.945,KS,"[""At least one included family"", ""No included family""]","[0.0, 1]",
dardic-coverage,RIVER,RIVER,thar1284,plains,28.837028,80.320613,Sunha,"[""At least one included family"", ""No included family""]","[0.0, 1]",
dardic-coverage,RIVER,RIVER,vaag1238,plains,12.21,79.53,VB,"[""At least one included family"", ""No included family""]","[0.0, 1]",
dardic-coverage,RIVER,RIVER,vasa1239,plains,,,,"[""At least one included family"", ""No included family""]","[0.0, 1]",
dardic-coverage,RIVER,RIVER,wadi1248,plains,26.07,72.13,WK,"[""At least one included family"", ""No included family""]","[0.0, 1]",
dardic-coverage,RIVER,RIVER,wagd1238,plains,24.137701,74.047239,mewari_bannoda,"[""At least one included family"", ""No included family""]","[1, 0.0]",6943
dardic-coverage,UNRIPE,UNRIPE,dame1241,dardic,35.3,71.68,Dm,"[""At least one included family"", ""No included family""]","[1, 0.0]",1236
dardic-coverage,UNRIPE,UNRIPE,gowr1239,dardic,35.1243,73.1233,Gowro,"[""At least one included family"", ""No included family""]","[1, 0.0]",7563
dardic-coverage,UNRIPE,UNRIPE,indu1241,dardic,35.34,73.02,Mai,"[""At least one included family"", ""No included family""]","[1, 0.0]",2613;7563
dardic-coverage,UNRIPE,UNRIPE,kala1372,dardic,35.64,71.67,Kal,"[""At least one included family"", ""No included family""]","[1, 0.0]",1236
dardic-coverage,UNRIPE,UNRIPE,kala1373,dardic,35.53,72.57,Bshk,"[""At least one included family"", ""No included family""]","[1, 0.0]",1236
dardic-coverage,UNRIPE,UNRIPE,kash1277,dardic,34.17,74.33,K,"[""At least one included family"", ""No included family""]","[1, 0.0]",1236;2613
dardic-coverage,UNRIPE,UNRIPE,khow1242,dardic,36.0,72.0,Kho,"[""At least one included family"", ""No included family""]","[1, 0.0]",1236
dardic-coverage,UNRIPE,UNRIPE,nort2666,dardic,34.66,70.43,Pas,"[""At least one included family"", ""No included family""]","[0.0, 1]",
dardic-coverage,UNRIPE,UNRIPE,phal1254,dardic,35.51,71.84,Phal,"[""At least one included family"", ""No included family""]","[1, 0.0]",1236
dardic-coverage,UNRIPE,UNRIPE,shin1264,dardic,34.65,75.29,Sh,"[""At least one included family"", ""No included family""]","[1, 0.0]",1236
dardic-coverage,UNRIPE,UNRIPE,shum1235,dardic,34.48,70.57,Shum,"[""At least one included family"", ""No included family""]","[1, 0.0]",1236
dardic-coverage,UNRIPE,UNRIPE,tira1253,dardic,34.18,69.59,Tir,"[""At least one included family"", ""No included family""]","[1, 0.0]",1236
dardic-coverage,UNRIPE,UNRIPE,awad1243,plains,27.59,82.47,Aw,"[""At least one included family"", ""No included family""]","[1, 0.0]",2613
dardic-coverage,UNRIPE,UNRIPE,beng1280,plains,23.471,88.5565,B,"[""At least one included family"", ""No included family""]","[1, 0.0]",2613;6875
dardic-coverage,UNRIPE,UNRIPE,chit1274,plains,27.58,84.41,Chitwan,"[""At least one included family"", ""No included family""]","[1, 0.0]",2613
dardic-coverage,UNRIPE,UNRIPE,dang1260,plains,27.88,81.78,Dang,"[""At least one included family"", ""No included family""]","[1, 0.0]",2613
dardic-coverage,UNRIPE,UNRIPE,east2316,plains,26.666667,87.5,Morang,"[""At least one included family"", ""No included family""]","[1, 0.0]",2613
dardic-coverage,UNRIPE,UNRIPE,guja1252,plains,22.69,71.1,G,"[""At least one included family"", ""No included family""]","[1, 0.0]",2613
dardic-coverage,UNRIPE,UNRIPE,hind1269,plains,28.7041,77.1025,H,"[""At least one included family"", ""No included family""]","[1, 0.0]",2613;4012
dardic-coverage,UNRIPE,UNRIPE,kach1277,plains,23.83,69.0,kcch,"[""At least one included family"", ""No included family""]","[1, 0.0]",2613
dardic-coverage,UNRIPE,UNRIPE,mait1250,plains,26.38,86.22,Mth,"[""At least one included family"", ""No included family""]","[1, 0.0]",2613
dardic-coverage,UNRIPE,UNRIPE,mara1378,plains,18.5204,73.8567,M,"[""At least one included family"", ""No included family""]","[1, 0.0]",14114;2613
dardic-coverage,UNRIPE,UNRIPE,oriy1255,plains,21.0,85.0,Or,"[""At least one included family"", ""No included family""]","[1, 0.0]",2613
dardic-coverage,UNRIPE,UNRIPE,panj1256,plains,30.04,75.67,P,"[""At least one included family"", ""No included family""]","[1, 0.0]",1340
dardic-coverage,UNRIPE,UNRIPE,rana1246,plains,28.65,80.44,Rana,"[""At least one included family"", ""No included family""]","[1, 0.0]",2613
dardic-coverage,UNRIPE,UNRIPE,sind1272,plains,26.0,69.0,S,"[""At least one included family"", ""No included family""]","[1, 0.0]",413
dardic-coverage,UNRIPE,UNRIPE,wadi1248,plains,26.07,72.13,WK,"[""At least one included family"", ""No included family""]","[0.0, 1]",
dardic-coverage,UNRIPE,UNRIPE,west2386,plains,31.1704,72.7097,L,"[""At least one included family"", ""No included family""]","[1, 0.0]",2613
dardic-coverage,SOUR,SOUR,brok1247,dardic,34.53,76.6,bro,"[""At least one included family"", ""No included family""]","[1, 0.0]",4850
dardic-coverage,SOUR,SOUR,dame1241,dardic,35.3,71.68,Dm,"[""At least one included family"", ""No included family""]","[1, 0.0]",4850
dardic-coverage,SOUR,SOUR,gawa1247,dardic,35.2,71.54,Gaw,"[""At least one included family"", ""No included family""]","[1, 0.0]",12504;8182
dardic-coverage,SOUR,SOUR,gowr1239,dardic,35.1243,73.1233,Gowro,"[""At least one included family"", ""No included family""]","[1, 0.0]",4850
dardic-coverage,SOUR,SOUR,gran1245,dardic,34.65,70.73,Gng,"[""At least one included family"", ""No included family""]","[0.0, 1]",
dardic-coverage,SOUR,SOUR,kala1372,dardic,35.64,71.67,Kal,"[""At least one included family"", ""No included family""]","[1, 0.0]",4850
dardic-coverage,SOUR,SOUR,kala1373,dardic,35.53,72.57,Bshk,"[""At least one included family"", ""No included family""]","[1, 0.0]",4850
dardic-coverage,SOUR,SOUR,kash1277,dardic,34.17,74.33,K,"[""At least one included family"", ""No included family""]","[1, 0.0]",4850
dardic-coverage,SOUR,SOUR,khow1242,dardic,36.0,72.0,Kho,"[""At least one included family"", ""No included family""]","[1, 0.0]",12504
dardic-coverage,SOUR,SOUR,nort2666,dardic,34.66,70.43,Pas,"[""At least one included family"", ""No included family""]","[1, 0.0]",12504;4584;4850
dardic-coverage,SOUR,SOUR,phal1254,dardic,35.51,71.84,Phal,"[""At least one included family"", ""No included family""]","[1, 0.0]",4850;5938
dardic-coverage,SOUR,SOUR,savi1242,dardic,35.3,71.56,Sv,"[""At least one included family"", ""No included family""]","[1, 0.0]",12504
dardic-coverage,SOUR,SOUR,shin1264,dardic,34.65,75.29,Sh,"[""At least one included family"", ""No included family""]","[1, 0.0]",4850
dardic-coverage,SOUR,SOUR,shum1235,dardic,34.48,70.57,Shum,"[""At least one included family"", ""No included family""]","[1, 0.0]",4850
dardic-coverage,SOUR,SOUR,torw1241,dardic,35.21,72.55,Tor,"[""At least one included family"", ""No included family""]","[1, 0.0]",4850
dardic-coverage,SOUR,SOUR,wota1240,dardic,34.7,70.86,Wot,"[""At least one included family"", ""No included family""]","[1, 0.0]",8182
dardic-coverage,SOUR,SOUR,assa1263,plains,26.7509,94.2037,A,"[""At least one included family"", ""No included family""]","[1, 0.0]",5808
dardic-coverage,SOUR,SOUR,beng1280,plains,23.471,88.5565,B,"[""At least one included family"", ""No included family""]","[1, 0.0]",3777;4850;5617;579
dardic-coverage,SOUR,SOUR,bhoj1244,plains,26.46,84.82,Bhoj,"[""At least one included family"", ""No included family""]","[1, 0.0]",3777
dardic-coverage,SOUR,SOUR,bish1244,plains,24.5,91.8,Bishnupriya,"[""At least one included family"", ""No included family""]","[0.0, 1]",
dardic-coverage,SOUR,SOUR,chit1274,plains,27.58,84.41,Chitwan,"[""At least one included family"", ""No included family""]","[1, 0.0]",579
dardic-coverage,SOUR,SOUR,dang1260,plains,27.88,81.78,Dang,"[""At least one included family"", ""No included family""]","[1, 0.0]",579
dardic-coverage,SOUR,SOUR,dhat1238,plains,26.42,70.78,thar,"[""At least one included family"", ""No included family""]","[1, 0.0]",3777
dardic-coverage,SOUR,SOUR,east2316,plains,26.666667,87.5,Morang,"[""At least one included family"", ""No included family""]","[1, 0.0]",3777
dardic-coverage,SOUR,SOUR,guja1252,plains,22.69,71.1,G,"[""At least one included family"", ""No included family""]","[1, 0.0]",3777;579
dardic-coverage,SOUR,SOUR,hajo1238,plains,25.5143,89.8594,Hajong,"[""At least one included family"", ""No included family""]","[0.0, 1]",
dardic-coverage,SOUR,SOUR,halb1244,plains,20.31,81.37,hal,"[""At least one included family"", ""No included family""]","[0.0, 1]",
dardic-coverage,SOUR,SOUR,hind1269,plains,28.7041,77.1025,H,"[""At least one included family"", ""No included family""]","[1, 0.0]",4850;579
dardic-coverage,SOUR,SOUR,kach1277,plains,23.83,69.0,kcch,"[""At least one included family"", ""No included family""]","[1, 0.0]",3777
dardic-coverage,SOUR,SOUR,konk1267,plains,15.2993,74.124,Ko,"[""At least one included family"", ""No included family""]","[1, 0.0]",579;579-2
dardic-coverage,SOUR,SOUR,mait1250,plains,26.38,86.22,Mth,"[""At least one included family"", ""No included family""]","[0.0, 1]",
dardic-coverage,SOUR,SOUR,mara1378,plains,18.5204,73.8567,M,"[""At least one included family"", ""No included family""]","[1, 0.0]",3777
dardic-coverage,SOUR,SOUR,oriy1255,plains,21.0,85.0,Or,"[""At least one included family"", ""No included family""]","[1, 0.0]",5617;579
dardic-coverage,SOUR,SOUR,panj1256,plains,30.04,75.67,P,"[""At least one included family"", ""No included family""]","[1, 0.0]",3777
dardic-coverage,SOUR,SOUR,rajb1243,plains,26.4877,87.79265,MH,"[""At least one included family"", ""No included family""]","[1, 0.0]",3777
dardic-coverage,SOUR,SOUR,rana1246,plains,28.65,80.44,Rana,"[""At least one included family"", ""No included family""]","[1, 0.0]",3777
dardic-coverage,SOUR,SOUR,rang1265,plains,26.280348,89.39468,BH,"[""At least one included family"", ""No included family""]","[1, 0.0]",3777;5808
dardic-coverage,SOUR,SOUR,sind1272,plains,26.0,69.0,S,"[""At least one included family"", ""No included family""]","[1, 0.0]",3777;5617
dardic-coverage,SOUR,SOUR,surj1235,plains,26.0982,87.945,KS,"[""At least one included family"", ""No included family""]","[1, 0.0]",3777
dardic-coverage,SOUR,SOUR,vaag1238,plains,12.21,79.53,VB,"[""At least one included family"", ""No included family""]","[0.0, 1]",
dardic-coverage,SOUR,SOUR,wadi1248,plains,26.07,72.13,WK,"[""At least one included family"", ""No included family""]","[1, 0.0]",2668
dardic-coverage,SOUR,SOUR,west2386,plains,31.1704,72.7097,L,"[""At least one included family"", ""No included family""]","[1, 0.0]",3777
dardic-long-denominators,Linked languages only,LONG,bate1261,dardic,34.95,72.92,bhatr,"[""dīrgha family"", ""lamba family"", ""Other resolved families"", ""No included family""]","[0.0, 0.0, 0.0, 1]",
dardic-long-denominators,Linked languages only,LONG,brok1247,dardic,34.53,76.6,bro,"[""dīrgha family"", ""lamba family"", ""Other resolved families"", ""No included family""]","[1.0, 0.0, 0.0, 0.0]",6368
dardic-long-denominators,Linked languages only,LONG,chil1275,dardic,35.25,73.33,Chil,"[""dīrgha family"", ""lamba family"", ""Other resolved families"", ""No included family""]","[1.0, 0.0, 0.0, 0.0]",6368
dardic-long-denominators,Linked languages only,LONG,dame1241,dardic,35.3,71.68,Dm,"[""dīrgha family"", ""lamba family"", ""Other resolved families"", ""No included family""]","[1.0, 0.0, 0.0, 0.0]",6368
dardic-long-denominators,Linked languages only,LONG,gawa1247,dardic,35.2,71.54,Gaw,"[""dīrgha family"", ""lamba family"", ""Other resolved families"", ""No included family""]","[1.0, 0.0, 0.0, 0.0]",6368
dardic-long-denominators,Linked languages only,LONG,gowr1239,dardic,35.1243,73.1233,Gowro,"[""dīrgha family"", ""lamba family"", ""Other resolved families"", ""No included family""]","[0.0, 0.0, 0.0, 1]",
dardic-long-denominators,Linked languages only,LONG,indu1241,dardic,35.34,73.02,Mai,"[""dīrgha family"", ""lamba family"", ""Other resolved families"", ""No included family""]","[1.0, 0.0, 0.0, 0.0]",6368
dardic-long-denominators,Linked languages only,LONG,kala1372,dardic,35.64,71.67,Kal,"[""dīrgha family"", ""lamba family"", ""Other resolved families"", ""No included family""]","[1.0, 0.0, 0.0, 0.0]",6368
dardic-long-denominators,Linked languages only,LONG,kala1373,dardic,35.53,72.57,Bshk,"[""dīrgha family"", ""lamba family"", ""Other resolved families"", ""No included family""]","[1.0, 0.0, 0.0, 0.0]",6368
dardic-long-denominators,Linked languages only,LONG,kalk1245,dardic,35.41,72.17,Kalk,"[""dīrgha family"", ""lamba family"", ""Other resolved families"", ""No included family""]","[1.0, 0.0, 0.0, 0.0]",6368
dardic-long-denominators,Linked languages only,LONG,kash1277,dardic,34.17,74.33,K,"[""dīrgha family"", ""lamba family"", ""Other resolved families"", ""No included family""]","[0.0, 1.0, 0.0, 0.0]",10951
dardic-long-denominators,Linked languages only,LONG,khow1242,dardic,36.0,72.0,Kho,"[""dīrgha family"", ""lamba family"", ""Other resolved families"", ""No included family""]","[0.0, 0.0, 1.0, 0.0]",6616
dardic-long-denominators,Linked languages only,LONG,kund1257,dardic,34.56,73.83,Kund,"[""dīrgha family"", ""lamba family"", ""Other resolved families"", ""No included family""]","[1.0, 0.0, 0.0, 0.0]",6368
dardic-long-denominators,Linked languages only,LONG,nort2666,dardic,34.66,70.43,Pas,"[""dīrgha family"", ""lamba family"", ""Other resolved families"", ""No included family""]","[0.5, 0.0, 0.5, 0.0]",1627;6368
dardic-long-denominators,Linked languages only,LONG,phal1254,dardic,35.51,71.84,Phal,"[""dīrgha family"", ""lamba family"", ""Other resolved families"", ""No included family""]","[1.0, 0.0, 0.0, 0.0]",6368
dardic-long-denominators,Linked languages only,LONG,savi1242,dardic,35.3,71.56,Sv,"[""dīrgha family"", ""lamba family"", ""Other resolved families"", ""No included family""]","[1.0, 0.0, 0.0, 0.0]",6368
dardic-long-denominators,Linked languages only,LONG,shin1264,dardic,34.65,75.29,Sh,"[""dīrgha family"", ""lamba family"", ""Other resolved families"", ""No included family""]","[1.0, 0.0, 0.0, 0.0]",6368
dardic-long-denominators,Linked languages only,LONG,shum1235,dardic,34.48,70.57,Shum,"[""dīrgha family"", ""lamba family"", ""Other resolved families"", ""No included family""]","[1.0, 0.0, 0.0, 0.0]",6368
dardic-long-denominators,Linked languages only,LONG,tira1253,dardic,34.18,69.59,Tir,"[""dīrgha family"", ""lamba family"", ""Other resolved families"", ""No included family""]","[1.0, 0.0, 0.0, 0.0]",6368
dardic-long-denominators,Linked languages only,LONG,torw1241,dardic,35.21,72.55,Tor,"[""dīrgha family"", ""lamba family"", ""Other resolved families"", ""No included family""]","[1.0, 0.0, 0.0, 0.0]",6368
dardic-long-denominators,Linked languages only,LONG,usho1238,dardic,35.139395,72.67756,Ush,"[""dīrgha family"", ""lamba family"", ""Other resolved families"", ""No included family""]","[1.0, 0.0, 0.0, 0.0]",6368
dardic-long-denominators,Linked languages only,LONG,wota1240,dardic,34.7,70.86,Wot,"[""dīrgha family"", ""lamba family"", ""Other resolved families"", ""No included family""]","[1.0, 0.0, 0.0, 0.0]",6368
dardic-long-denominators,Linked languages only,LONG,adiv1239,plains,18.3234,82.8806,AdivasiOriya,"[""dīrgha family"", ""lamba family"", ""Other resolved families"", ""No included family""]","[0.0, 0.0, 0.0, 1]",
dardic-long-denominators,Linked languages only,LONG,assa1263,plains,26.7509,94.2037,A,"[""dīrgha family"", ""lamba family"", ""Other resolved families"", ""No included family""]","[0.5, 0.5, 0.0, 0.0]",10951;6368
dardic-long-denominators,Linked languages only,LONG,avan1234,plains,33.994201,72.483087,awan,"[""dīrgha family"", ""lamba family"", ""Other resolved families"", ""No included family""]","[0.0, 0.0, 0.0, 1]",
dardic-long-denominators,Linked languages only,LONG,bagh1251,plains,24.482879,81.356341,bagheli_lakshman,"[""dīrgha family"", ""lamba family"", ""Other resolved families"", ""No included family""]","[0.0, 1.0, 0.0, 0.0]",10951
dardic-long-denominators,Linked languages only,LONG,bagr1243,plains,29.40465,74.40918,bagri_fatehabad,"[""dīrgha family"", ""lamba family"", ""Other resolved families"", ""No included family""]","[0.0, 1.0, 0.0, 0.0]",10951
dardic-long-denominators,Linked languages only,LONG,beng1280,plains,23.471,88.5565,B,"[""dīrgha family"", ""lamba family"", ""Other resolved families"", ""No included family""]","[0.0, 0.0, 1.0, 0.0]",9158
dardic-long-denominators,Linked languages only,LONG,bhat1265,plains,19.2778,82.1341,Bhatri,"[""dīrgha family"", ""lamba family"", ""Other resolved families"", ""No included family""]","[0.0, 0.0, 0.0, 1]",
dardic-long-denominators,Linked languages only,LONG,bhil1251,plains,20.85,73.9592,Bhili,"[""dīrgha family"", ""lamba family"", ""Other resolved families"", ""No included family""]","[0.0, 0.0, 0.0, 1]",
dardic-long-denominators,Linked languages only,LONG,bhil1253,plains,22.58346,74.59014,Bhilali,"[""dīrgha family"", ""lamba family"", ""Other resolved families"", ""No included family""]","[0.0, 0.0, 0.0, 1]",
dardic-long-denominators,Linked languages only,LONG,bhoj1244,plains,26.46,84.82,Bhoj,"[""dīrgha family"", ""lamba family"", ""Other resolved families"", ""No included family""]","[0.0, 1.0, 0.0, 0.0]",10951
dardic-long-denominators,Linked languages only,LONG,bish1244,plains,24.5,91.8,Bishnupriya,"[""dīrgha family"", ""lamba family"", ""Other resolved families"", ""No included family""]","[0.0, 0.0, 0.0, 1]",
dardic-long-denominators,Linked languages only,LONG,braj1242,plains,26.48,78.08,Brj,"[""dīrgha family"", ""lamba family"", ""Other resolved families"", ""No included family""]","[0.0, 1.0, 0.0, 0.0]",10951
dardic-long-denominators,Linked languages only,LONG,buks1238,plains,29.397962,79.126163,Buksa,"[""dīrgha family"", ""lamba family"", ""Other resolved families"", ""No included family""]","[0.0, 1.0, 0.0, 0.0]",10951
dardic-long-denominators,Linked languages only,LONG,bund1253,plains,25.008376,79.564258,bundeli_atarra,"[""dīrgha family"", ""lamba family"", ""Other resolved families"", ""No included family""]","[0.0, 0.5, 0.5, 0.0]",10951;11225
dardic-long-denominators,Linked languages only,LONG,chha1249,plains,21.225068,82.028298,NDu,"[""dīrgha family"", ""lamba family"", ""Other resolved families"", ""No included family""]","[0.0, 1.0, 0.0, 0.0]",10951
dardic-long-denominators,Linked languages only,LONG,chit1274,plains,27.58,84.41,Chitwan,"[""dīrgha family"", ""lamba family"", ""Other resolved families"", ""No included family""]","[0.0, 1.0, 0.0, 0.0]",10951
dardic-long-denominators,Linked languages only,LONG,dang1260,plains,27.88,81.78,Dang,"[""dīrgha family"", ""lamba family"", ""Other resolved families"", ""No included family""]","[0.0, 1.0, 0.0, 0.0]",10951
dardic-long-denominators,Linked languages only,LONG,dhan1265,plains,27.36,85.41,DewasDoneDanuwar,"[""dīrgha family"", ""lamba family"", ""Other resolved families"", ""No included family""]","[0.0, 0.0, 0.0, 1]",
dardic-long-denominators,Linked languages only,LONG,dhun1238,plains,26.696403,75.972699,dhundari_bamore,"[""dīrgha family"", ""lamba family"", ""Other resolved families"", ""No included family""]","[0.0, 1.0, 0.0, 0.0]",10951
dardic-long-denominators,Linked languages only,LONG,dung1251,plains,,,,"[""dīrgha family"", ""lamba family"", ""Other resolved families"", ""No included family""]","[0.0, 0.0, 0.0, 1]",
dardic-long-denominators,Linked languages only,LONG,east2316,plains,26.666667,87.5,Morang,"[""dīrgha family"", ""lamba family"", ""Other resolved families"", ""No included family""]","[0.0, 1.0, 0.0, 0.0]",10951
dardic-long-denominators,Linked languages only,LONG,godw1241,plains,25.417504,73.107785,marwari_bagra,"[""dīrgha family"", ""lamba family"", ""Other resolved families"", ""No included family""]","[0.0, 1.0, 0.0, 0.0]",10951
dardic-long-denominators,Linked languages only,LONG,guja1252,plains,22.69,71.1,G,"[""dīrgha family"", ""lamba family"", ""Other resolved families"", ""No included family""]","[0.0, 1.0, 0.0, 0.0]",10951
dardic-long-denominators,Linked languages only,LONG,guja1253,plains,34.043002,73.225443,Goj,"[""dīrgha family"", ""lamba family"", ""Other resolved families"", ""No included family""]","[0.0, 0.0, 0.0, 1]",
dardic-long-denominators,Linked languages only,LONG,hada1254,plains,25.138213,76.876916,hadothi_kelwada,"[""dīrgha family"", ""lamba family"", ""Other resolved families"", ""No included family""]","[0.0, 1.0, 0.0, 0.0]",10951
dardic-long-denominators,Linked languages only,LONG,hado1235,plains,24.85,75.84,had,"[""dīrgha family"", ""lamba family"", ""Other resolved families"", ""No included family""]","[0.0, 0.5, 0.5, 0.0]",10951;11225
dardic-long-denominators,Linked languages only,LONG,hajo1238,plains,25.5143,89.8594,Hajong,"[""dīrgha family"", ""lamba family"", ""Other resolved families"", ""No included family""]","[0.0, 0.0, 0.0, 1]",
dardic-long-denominators,Linked languages only,LONG,halb1244,plains,20.31,81.37,hal,"[""dīrgha family"", ""lamba family"", ""Other resolved families"", ""No included family""]","[0.0, 0.0, 0.0, 1]",
dardic-long-denominators,Linked languages only,LONG,hary1238,plains,28.91568,76.37168,kaithal,"[""dīrgha family"", ""lamba family"", ""Other resolved families"", ""No included family""]","[0.0, 0.0, 0.0, 1]",
dardic-long-denominators,Linked languages only,LONG,hind1269,plains,28.7041,77.1025,H,"[""dīrgha family"", ""lamba family"", ""Other resolved families"", ""No included family""]","[0.5, 0.5, 0.0, 0.0]",10951;6368
dardic-long-denominators,Linked languages only,LONG,jadg1238,plains,23.588,58.3829,Zadj,"[""dīrgha family"", ""lamba family"", ""Other resolved families"", ""No included family""]","[1.0, 0.0, 0.0, 0.0]",6368
dardic-long-denominators,Linked languages only,LONG,kana1281,plains,27.0437956,79.8951742,Kannauji-Central,"[""dīrgha family"", ""lamba family"", ""Other resolved families"", ""No included family""]","[0.0, 1.0, 0.0, 0.0]",10951
dardic-long-denominators,Linked languages only,LONG,kath1250,plains,28.53981,80.797511,Kathoriya,"[""dīrgha family"", ""lamba family"", ""Other resolved families"", ""No included family""]","[0.0, 0.0, 0.0, 1]",
dardic-long-denominators,Linked languages only,LONG,khan1272,plains,21.3181,74.142,Khandesi,"[""dīrgha family"", ""lamba family"", ""Other resolved families"", ""No included family""]","[0.0, 0.0, 0.0, 1]",
dardic-long-denominators,Linked languages only,LONG,khet1238,plains,30.48,70.28,khet,"[""dīrgha family"", ""lamba family"", ""Other resolved families"", ""No included family""]","[1.0, 0.0, 0.0, 0.0]",6368
dardic-long-denominators,Linked languages only,LONG,khol1241,plains,27.12,54.3,Khol,"[""dīrgha family"", ""lamba family"", ""Other resolved families"", ""No included family""]","[1.0, 0.0, 0.0, 0.0]",6368
dardic-long-denominators,Linked languages only,LONG,koch1247,plains,26.65,86.75,KochilaTharu,"[""dīrgha family"", ""lamba family"", ""Other resolved families"", ""No included family""]","[0.0, 0.0, 0.0, 1]",
dardic-long-denominators,Linked languages only,LONG,koch1253,plains,27.12,85.63,KochariyaEastDanuwar,"[""dīrgha family"", ""lamba family"", ""Other resolved families"", ""No included family""]","[0.0, 0.0, 0.0, 1]",
dardic-long-denominators,Linked languages only,LONG,luwa1238,plains,23.616667,58.566667,maimani,"[""dīrgha family"", ""lamba family"", ""Other resolved families"", ""No included family""]","[1.0, 0.0, 0.0, 0.0]",6368
dardic-long-denominators,Linked languages only,LONG,maga1260,plains,25.0915,85.3335,MagahiNepal,"[""dīrgha family"", ""lamba family"", ""Other resolved families"", ""No included family""]","[0.0, 0.0, 0.0, 1]",
dardic-long-denominators,Linked languages only,LONG,mait1250,plains,26.38,86.22,Mth,"[""dīrgha family"", ""lamba family"", ""Other resolved families"", ""No included family""]","[0.0, 1.0, 0.0, 0.0]",10951
dardic-long-denominators,Linked languages only,LONG,majh1253,plains,27.35,86.0,Majhi,"[""dīrgha family"", ""lamba family"", ""Other resolved families"", ""No included family""]","[0.0, 0.0, 0.0, 1]",
dardic-long-denominators,Linked languages only,LONG,malv1243,plains,24.243083,75.027707,mewari_basad,"[""dīrgha family"", ""lamba family"", ""Other resolved families"", ""No included family""]","[0.0, 1.0, 0.0, 0.0]",10951
dardic-long-denominators,Linked languages only,LONG,mara1378,plains,18.5204,73.8567,M,"[""dīrgha family"", ""lamba family"", ""Other resolved families"", ""No included family""]","[0.0, 1.0, 0.0, 0.0]",10951
dardic-long-denominators,Linked languages only,LONG,marw1260,plains,27.0,75.07,Marw,"[""dīrgha family"", ""lamba family"", ""Other resolved families"", ""No included family""]","[0.5, 0.5, 0.0, 0.0]",10951;6368
dardic-long-denominators,Linked languages only,LONG,mewa1249,plains,25.084731,74.220835,mewari_dholpura,"[""dīrgha family"", ""lamba family"", ""Other resolved families"", ""No included family""]","[0.0, 0.3333333333333333, 0.6666666666666666, 0.0]",10187;10951;11225
dardic-long-denominators,Linked languages only,LONG,mewa1250,plains,27.817648,77.035043,mewati_akera,"[""dīrgha family"", ""lamba family"", ""Other resolved families"", ""No included family""]","[0.0, 1.0, 0.0, 0.0]",10951
dardic-long-denominators,Linked languages only,LONG,nima1243,plains,22.1263,76.1264,Nimadi,"[""dīrgha family"", ""lamba family"", ""Other resolved families"", ""No included family""]","[0.0, 0.0, 0.0, 1]",
dardic-long-denominators,Linked languages only,LONG,noir1238,plains,,,,"[""dīrgha family"", ""lamba family"", ""Other resolved families"", ""No included family""]","[0.0, 0.0, 0.0, 1]",
dardic-long-denominators,Linked languages only,LONG,oriy1255,plains,21.0,85.0,Or,"[""dīrgha family"", ""lamba family"", ""Other resolved families"", ""No included family""]","[0.0, 1.0, 0.0, 0.0]",10951
dardic-long-denominators,Linked languages only,LONG,paha1251,plains,33.148,73.7537,poth,"[""dīrgha family"", ""lamba family"", ""Other resolved families"", ""No included family""]","[0.0, 0.0, 0.0, 1]",
dardic-long-denominators,Linked languages only,LONG,paly1238,plains,21.937,75.233,PalyaBareli,"[""dīrgha family"", ""lamba family"", ""Other resolved families"", ""No included family""]","[0.0, 0.0, 0.0, 1]",
dardic-long-denominators,Linked languages only,LONG,panj1256,plains,30.04,75.67,P,"[""dīrgha family"", ""lamba family"", ""Other resolved families"", ""No included family""]","[0.0, 0.3333333333333333, 0.6666666666666666, 0.0]",10951;9162;9165
dardic-long-denominators,Linked languages only,LONG,paur1238,plains,21.228,74.337,PauriBareli,"[""dīrgha family"", ""lamba family"", ""Other resolved families"", ""No included family""]","[0.0, 0.0, 0.0, 1]",
dardic-long-denominators,Linked languages only,LONG,raja1256,plains,26.47,76.2,Rj,"[""dīrgha family"", ""lamba family"", ""Other resolved families"", ""No included family""]","[0.0, 0.0, 1.0, 0.0]",10187
dardic-long-denominators,Linked languages only,LONG,rajb1243,plains,26.4877,87.79265,MH,"[""dīrgha family"", ""lamba family"", ""Other resolved families"", ""No included family""]","[0.0, 1.0, 0.0, 0.0]",10951
dardic-long-denominators,Linked languages only,LONG,rana1246,plains,28.65,80.44,Rana,"[""dīrgha family"", ""lamba family"", ""Other resolved families"", ""No included family""]","[0.0, 1.0, 0.0, 0.0]",10951
dardic-long-denominators,Linked languages only,LONG,rang1265,plains,26.280348,89.39468,BH,"[""dīrgha family"", ""lamba family"", ""Other resolved families"", ""No included family""]","[0.0, 0.5, 0.5, 0.0]",10951;5524
dardic-long-denominators,Linked languages only,LONG,rath1242,plains,21.4375,74.9958,RathwiBareli,"[""dīrgha family"", ""lamba family"", ""Other resolved families"", ""No included family""]","[0.0, 0.0, 0.0, 1]",
dardic-long-denominators,Linked languages only,LONG,rath1243,plains,22.309,73.186,Rathawi,"[""dīrgha family"", ""lamba family"", ""Other resolved families"", ""No included family""]","[0.0, 0.0, 0.0, 1]",
dardic-long-denominators,Linked languages only,LONG,sera1259,plains,29.55,71.91,srk,"[""dīrgha family"", ""lamba family"", ""Other resolved families"", ""No included family""]","[0.0, 0.0, 0.0, 1]",
dardic-long-denominators,Linked languages only,LONG,shek1243,plains,27.978027,75.163279,dhundari_badagaon,"[""dīrgha family"", ""lamba family"", ""Other resolved families"", ""No included family""]","[0.0, 0.5, 0.5, 0.0]",10951;11225
dardic-long-denominators,Linked languages only,LONG,sind1272,plains,26.0,69.0,S,"[""dīrgha family"", ""lamba family"", ""Other resolved families"", ""No included family""]","[1.0, 0.0, 0.0, 0.0]",6368
dardic-long-denominators,Linked languages only,LONG,surg1246,plains,23.045719,83.189104,SSr,"[""dīrgha family"", ""lamba family"", ""Other resolved families"", ""No included family""]","[0.0, 1.0, 0.0, 0.0]",10951
dardic-long-denominators,Linked languages only,LONG,surj1235,plains,26.0982,87.945,KS,"[""dīrgha family"", ""lamba family"", ""Other resolved families"", ""No included family""]","[0.0, 1.0, 0.0, 0.0]",10951
dardic-long-denominators,Linked languages only,LONG,thar1284,plains,28.837028,80.320613,Sunha,"[""dīrgha family"", ""lamba family"", ""Other resolved families"", ""No included family""]","[0.0, 0.0, 0.0, 1]",
dardic-long-denominators,Linked languages only,LONG,vaag1238,plains,12.21,79.53,VB,"[""dīrgha family"", ""lamba family"", ""Other resolved families"", ""No included family""]","[0.0, 0.0, 0.0, 1]",
dardic-long-denominators,Linked languages only,LONG,vasa1239,plains,,,,"[""dīrgha family"", ""lamba family"", ""Other resolved families"", ""No included family""]","[0.0, 0.0, 0.0, 1]",
dardic-long-denominators,Linked languages only,LONG,wadi1248,plains,26.07,72.13,WK,"[""dīrgha family"", ""lamba family"", ""Other resolved families"", ""No included family""]","[0.0, 0.0, 0.0, 1]",
dardic-long-denominators,Linked languages only,LONG,wagd1238,plains,24.137701,74.047239,mewari_bannoda,"[""dīrgha family"", ""lamba family"", ""Other resolved families"", ""No included family""]","[0.0, 1.0, 0.0, 0.0]",10951
dardic-long-denominators,Linked languages only,LONG,west2386,plains,31.1704,72.7097,L,"[""dīrgha family"", ""lamba family"", ""Other resolved families"", ""No included family""]","[0.5, 0.5, 0.0, 0.0]",10951;6368
dardic-long-denominators,All attested languages,LONG,bate1261,dardic,34.95,72.92,bhatr,"[""dīrgha family"", ""lamba family"", ""Other resolved families"", ""No included family""]","[0.0, 0.0, 0.0, 1]",
dardic-long-denominators,All attested languages,LONG,brok1247,dardic,34.53,76.6,bro,"[""dīrgha family"", ""lamba family"", ""Other resolved families"", ""No included family""]","[1.0, 0.0, 0.0, 0.0]",6368
dardic-long-denominators,All attested languages,LONG,chil1275,dardic,35.25,73.33,Chil,"[""dīrgha family"", ""lamba family"", ""Other resolved families"", ""No included family""]","[1.0, 0.0, 0.0, 0.0]",6368
dardic-long-denominators,All attested languages,LONG,dame1241,dardic,35.3,71.68,Dm,"[""dīrgha family"", ""lamba family"", ""Other resolved families"", ""No included family""]","[1.0, 0.0, 0.0, 0.0]",6368
dardic-long-denominators,All attested languages,LONG,gawa1247,dardic,35.2,71.54,Gaw,"[""dīrgha family"", ""lamba family"", ""Other resolved families"", ""No included family""]","[1.0, 0.0, 0.0, 0.0]",6368
dardic-long-denominators,All attested languages,LONG,gowr1239,dardic,35.1243,73.1233,Gowro,"[""dīrgha family"", ""lamba family"", ""Other resolved families"", ""No included family""]","[0.0, 0.0, 0.0, 1]",
dardic-long-denominators,All attested languages,LONG,indu1241,dardic,35.34,73.02,Mai,"[""dīrgha family"", ""lamba family"", ""Other resolved families"", ""No included family""]","[1.0, 0.0, 0.0, 0.0]",6368
dardic-long-denominators,All attested languages,LONG,kala1372,dardic,35.64,71.67,Kal,"[""dīrgha family"", ""lamba family"", ""Other resolved families"", ""No included family""]","[1.0, 0.0, 0.0, 0.0]",6368
dardic-long-denominators,All attested languages,LONG,kala1373,dardic,35.53,72.57,Bshk,"[""dīrgha family"", ""lamba family"", ""Other resolved families"", ""No included family""]","[1.0, 0.0, 0.0, 0.0]",6368
dardic-long-denominators,All attested languages,LONG,kalk1245,dardic,35.41,72.17,Kalk,"[""dīrgha family"", ""lamba family"", ""Other resolved families"", ""No included family""]","[1.0, 0.0, 0.0, 0.0]",6368
dardic-long-denominators,All attested languages,LONG,kash1277,dardic,34.17,74.33,K,"[""dīrgha family"", ""lamba family"", ""Other resolved families"", ""No included family""]","[0.0, 1.0, 0.0, 0.0]",10951
dardic-long-denominators,All attested languages,LONG,khow1242,dardic,36.0,72.0,Kho,"[""dīrgha family"", ""lamba family"", ""Other resolved families"", ""No included family""]","[0.0, 0.0, 1.0, 0.0]",6616
dardic-long-denominators,All attested languages,LONG,kund1257,dardic,34.56,73.83,Kund,"[""dīrgha family"", ""lamba family"", ""Other resolved families"", ""No included family""]","[1.0, 0.0, 0.0, 0.0]",6368
dardic-long-denominators,All attested languages,LONG,nort2666,dardic,34.66,70.43,Pas,"[""dīrgha family"", ""lamba family"", ""Other resolved families"", ""No included family""]","[0.5, 0.0, 0.5, 0.0]",1627;6368
dardic-long-denominators,All attested languages,LONG,phal1254,dardic,35.51,71.84,Phal,"[""dīrgha family"", ""lamba family"", ""Other resolved families"", ""No included family""]","[1.0, 0.0, 0.0, 0.0]",6368
dardic-long-denominators,All attested languages,LONG,savi1242,dardic,35.3,71.56,Sv,"[""dīrgha family"", ""lamba family"", ""Other resolved families"", ""No included family""]","[1.0, 0.0, 0.0, 0.0]",6368
dardic-long-denominators,All attested languages,LONG,shin1264,dardic,34.65,75.29,Sh,"[""dīrgha family"", ""lamba family"", ""Other resolved families"", ""No included family""]","[1.0, 0.0, 0.0, 0.0]",6368
dardic-long-denominators,All attested languages,LONG,shum1235,dardic,34.48,70.57,Shum,"[""dīrgha family"", ""lamba family"", ""Other resolved families"", ""No included family""]","[1.0, 0.0, 0.0, 0.0]",6368
dardic-long-denominators,All attested languages,LONG,tira1253,dardic,34.18,69.59,Tir,"[""dīrgha family"", ""lamba family"", ""Other resolved families"", ""No included family""]","[1.0, 0.0, 0.0, 0.0]",6368
dardic-long-denominators,All attested languages,LONG,torw1241,dardic,35.21,72.55,Tor,"[""dīrgha family"", ""lamba family"", ""Other resolved families"", ""No included family""]","[1.0, 0.0, 0.0, 0.0]",6368
dardic-long-denominators,All attested languages,LONG,usho1238,dardic,35.139395,72.67756,Ush,"[""dīrgha family"", ""lamba family"", ""Other resolved families"", ""No included family""]","[1.0, 0.0, 0.0, 0.0]",6368
dardic-long-denominators,All attested languages,LONG,wota1240,dardic,34.7,70.86,Wot,"[""dīrgha family"", ""lamba family"", ""Other resolved families"", ""No included family""]","[1.0, 0.0, 0.0, 0.0]",6368
dardic-long-denominators,All attested languages,LONG,adiv1239,plains,18.3234,82.8806,AdivasiOriya,"[""dīrgha family"", ""lamba family"", ""Other resolved families"", ""No included family""]","[0.0, 0.0, 0.0, 1]",
dardic-long-denominators,All attested languages,LONG,assa1263,plains,26.7509,94.2037,A,"[""dīrgha family"", ""lamba family"", ""Other resolved families"", ""No included family""]","[0.5, 0.5, 0.0, 0.0]",10951;6368
dardic-long-denominators,All attested languages,LONG,avan1234,plains,33.994201,72.483087,awan,"[""dīrgha family"", ""lamba family"", ""Other resolved families"", ""No included family""]","[0.0, 0.0, 0.0, 1]",
dardic-long-denominators,All attested languages,LONG,bagh1251,plains,24.482879,81.356341,bagheli_lakshman,"[""dīrgha family"", ""lamba family"", ""Other resolved families"", ""No included family""]","[0.0, 1.0, 0.0, 0.0]",10951
dardic-long-denominators,All attested languages,LONG,bagr1243,plains,29.40465,74.40918,bagri_fatehabad,"[""dīrgha family"", ""lamba family"", ""Other resolved families"", ""No included family""]","[0.0, 1.0, 0.0, 0.0]",10951
dardic-long-denominators,All attested languages,LONG,beng1280,plains,23.471,88.5565,B,"[""dīrgha family"", ""lamba family"", ""Other resolved families"", ""No included family""]","[0.0, 0.0, 1.0, 0.0]",9158
dardic-long-denominators,All attested languages,LONG,bhat1265,plains,19.2778,82.1341,Bhatri,"[""dīrgha family"", ""lamba family"", ""Other resolved families"", ""No included family""]","[0.0, 0.0, 0.0, 1]",
dardic-long-denominators,All attested languages,LONG,bhil1251,plains,20.85,73.9592,Bhili,"[""dīrgha family"", ""lamba family"", ""Other resolved families"", ""No included family""]","[0.0, 0.0, 0.0, 1]",
dardic-long-denominators,All attested languages,LONG,bhil1253,plains,22.58346,74.59014,Bhilali,"[""dīrgha family"", ""lamba family"", ""Other resolved families"", ""No included family""]","[0.0, 0.0, 0.0, 1]",
dardic-long-denominators,All attested languages,LONG,bhoj1244,plains,26.46,84.82,Bhoj,"[""dīrgha family"", ""lamba family"", ""Other resolved families"", ""No included family""]","[0.0, 1.0, 0.0, 0.0]",10951
dardic-long-denominators,All attested languages,LONG,bish1244,plains,24.5,91.8,Bishnupriya,"[""dīrgha family"", ""lamba family"", ""Other resolved families"", ""No included family""]","[0.0, 0.0, 0.0, 1]",
dardic-long-denominators,All attested languages,LONG,braj1242,plains,26.48,78.08,Brj,"[""dīrgha family"", ""lamba family"", ""Other resolved families"", ""No included family""]","[0.0, 1.0, 0.0, 0.0]",10951
dardic-long-denominators,All attested languages,LONG,buks1238,plains,29.397962,79.126163,Buksa,"[""dīrgha family"", ""lamba family"", ""Other resolved families"", ""No included family""]","[0.0, 1.0, 0.0, 0.0]",10951
dardic-long-denominators,All attested languages,LONG,bund1253,plains,25.008376,79.564258,bundeli_atarra,"[""dīrgha family"", ""lamba family"", ""Other resolved families"", ""No included family""]","[0.0, 0.5, 0.5, 0.0]",10951;11225
dardic-long-denominators,All attested languages,LONG,chha1249,plains,21.225068,82.028298,NDu,"[""dīrgha family"", ""lamba family"", ""Other resolved families"", ""No included family""]","[0.0, 1.0, 0.0, 0.0]",10951
dardic-long-denominators,All attested languages,LONG,chit1274,plains,27.58,84.41,Chitwan,"[""dīrgha family"", ""lamba family"", ""Other resolved families"", ""No included family""]","[0.0, 1.0, 0.0, 0.0]",10951
dardic-long-denominators,All attested languages,LONG,dang1260,plains,27.88,81.78,Dang,"[""dīrgha family"", ""lamba family"", ""Other resolved families"", ""No included family""]","[0.0, 1.0, 0.0, 0.0]",10951
dardic-long-denominators,All attested languages,LONG,dhan1265,plains,27.36,85.41,DewasDoneDanuwar,"[""dīrgha family"", ""lamba family"", ""Other resolved families"", ""No included family""]","[0.0, 0.0, 0.0, 1]",
dardic-long-denominators,All attested languages,LONG,dhun1238,plains,26.696403,75.972699,dhundari_bamore,"[""dīrgha family"", ""lamba family"", ""Other resolved families"", ""No included family""]","[0.0, 1.0, 0.0, 0.0]",10951
dardic-long-denominators,All attested languages,LONG,dung1251,plains,,,,"[""dīrgha family"", ""lamba family"", ""Other resolved families"", ""No included family""]","[0.0, 0.0, 0.0, 1]",
dardic-long-denominators,All attested languages,LONG,east2316,plains,26.666667,87.5,Morang,"[""dīrgha family"", ""lamba family"", ""Other resolved families"", ""No included family""]","[0.0, 1.0, 0.0, 0.0]",10951
dardic-long-denominators,All attested languages,LONG,godw1241,plains,25.417504,73.107785,marwari_bagra,"[""dīrgha family"", ""lamba family"", ""Other resolved families"", ""No included family""]","[0.0, 1.0, 0.0, 0.0]",10951
dardic-long-denominators,All attested languages,LONG,guja1252,plains,22.69,71.1,G,"[""dīrgha family"", ""lamba family"", ""Other resolved families"", ""No included family""]","[0.0, 1.0, 0.0, 0.0]",10951
dardic-long-denominators,All attested languages,LONG,guja1253,plains,34.043002,73.225443,Goj,"[""dīrgha family"", ""lamba family"", ""Other resolved families"", ""No included family""]","[0.0, 0.0, 0.0, 1]",
dardic-long-denominators,All attested languages,LONG,hada1254,plains,25.138213,76.876916,hadothi_kelwada,"[""dīrgha family"", ""lamba family"", ""Other resolved families"", ""No included family""]","[0.0, 1.0, 0.0, 0.0]",10951
dardic-long-denominators,All attested languages,LONG,hado1235,plains,24.85,75.84,had,"[""dīrgha family"", ""lamba family"", ""Other resolved families"", ""No included family""]","[0.0, 0.5, 0.5, 0.0]",10951;11225
dardic-long-denominators,All attested languages,LONG,hajo1238,plains,25.5143,89.8594,Hajong,"[""dīrgha family"", ""lamba family"", ""Other resolved families"", ""No included family""]","[0.0, 0.0, 0.0, 1]",
dardic-long-denominators,All attested languages,LONG,halb1244,plains,20.31,81.37,hal,"[""dīrgha family"", ""lamba family"", ""Other resolved families"", ""No included family""]","[0.0, 0.0, 0.0, 1]",
dardic-long-denominators,All attested languages,LONG,hary1238,plains,28.91568,76.37168,kaithal,"[""dīrgha family"", ""lamba family"", ""Other resolved families"", ""No included family""]","[0.0, 0.0, 0.0, 1]",
dardic-long-denominators,All attested languages,LONG,hind1269,plains,28.7041,77.1025,H,"[""dīrgha family"", ""lamba family"", ""Other resolved families"", ""No included family""]","[0.5, 0.5, 0.0, 0.0]",10951;6368
dardic-long-denominators,All attested languages,LONG,jadg1238,plains,23.588,58.3829,Zadj,"[""dīrgha family"", ""lamba family"", ""Other resolved families"", ""No included family""]","[1.0, 0.0, 0.0, 0.0]",6368
dardic-long-denominators,All attested languages,LONG,kana1281,plains,27.0437956,79.8951742,Kannauji-Central,"[""dīrgha family"", ""lamba family"", ""Other resolved families"", ""No included family""]","[0.0, 1.0, 0.0, 0.0]",10951
dardic-long-denominators,All attested languages,LONG,kath1250,plains,28.53981,80.797511,Kathoriya,"[""dīrgha family"", ""lamba family"", ""Other resolved families"", ""No included family""]","[0.0, 0.0, 0.0, 1]",
dardic-long-denominators,All attested languages,LONG,khan1272,plains,21.3181,74.142,Khandesi,"[""dīrgha family"", ""lamba family"", ""Other resolved families"", ""No included family""]","[0.0, 0.0, 0.0, 1]",
dardic-long-denominators,All attested languages,LONG,khet1238,plains,30.48,70.28,khet,"[""dīrgha family"", ""lamba family"", ""Other resolved families"", ""No included family""]","[1.0, 0.0, 0.0, 0.0]",6368
dardic-long-denominators,All attested languages,LONG,khol1241,plains,27.12,54.3,Khol,"[""dīrgha family"", ""lamba family"", ""Other resolved families"", ""No included family""]","[1.0, 0.0, 0.0, 0.0]",6368
dardic-long-denominators,All attested languages,LONG,koch1247,plains,26.65,86.75,KochilaTharu,"[""dīrgha family"", ""lamba family"", ""Other resolved families"", ""No included family""]","[0.0, 0.0, 0.0, 1]",
dardic-long-denominators,All attested languages,LONG,koch1253,plains,27.12,85.63,KochariyaEastDanuwar,"[""dīrgha family"", ""lamba family"", ""Other resolved families"", ""No included family""]","[0.0, 0.0, 0.0, 1]",
dardic-long-denominators,All attested languages,LONG,luwa1238,plains,23.616667,58.566667,maimani,"[""dīrgha family"", ""lamba family"", ""Other resolved families"", ""No included family""]","[1.0, 0.0, 0.0, 0.0]",6368
dardic-long-denominators,All attested languages,LONG,maga1260,plains,25.0915,85.3335,MagahiNepal,"[""dīrgha family"", ""lamba family"", ""Other resolved families"", ""No included family""]","[0.0, 0.0, 0.0, 1]",
dardic-long-denominators,All attested languages,LONG,mait1250,plains,26.38,86.22,Mth,"[""dīrgha family"", ""lamba family"", ""Other resolved families"", ""No included family""]","[0.0, 1.0, 0.0, 0.0]",10951
dardic-long-denominators,All attested languages,LONG,majh1253,plains,27.35,86.0,Majhi,"[""dīrgha family"", ""lamba family"", ""Other resolved families"", ""No included family""]","[0.0, 0.0, 0.0, 1]",
dardic-long-denominators,All attested languages,LONG,malv1243,plains,24.243083,75.027707,mewari_basad,"[""dīrgha family"", ""lamba family"", ""Other resolved families"", ""No included family""]","[0.0, 1.0, 0.0, 0.0]",10951
dardic-long-denominators,All attested languages,LONG,mara1378,plains,18.5204,73.8567,M,"[""dīrgha family"", ""lamba family"", ""Other resolved families"", ""No included family""]","[0.0, 1.0, 0.0, 0.0]",10951
dardic-long-denominators,All attested languages,LONG,marw1260,plains,27.0,75.07,Marw,"[""dīrgha family"", ""lamba family"", ""Other resolved families"", ""No included family""]","[0.5, 0.5, 0.0, 0.0]",10951;6368
dardic-long-denominators,All attested languages,LONG,mewa1249,plains,25.084731,74.220835,mewari_dholpura,"[""dīrgha family"", ""lamba family"", ""Other resolved families"", ""No included family""]","[0.0, 0.3333333333333333, 0.6666666666666666, 0.0]",10187;10951;11225
dardic-long-denominators,All attested languages,LONG,mewa1250,plains,27.817648,77.035043,mewati_akera,"[""dīrgha family"", ""lamba family"", ""Other resolved families"", ""No included family""]","[0.0, 1.0, 0.0, 0.0]",10951
dardic-long-denominators,All attested languages,LONG,nima1243,plains,22.1263,76.1264,Nimadi,"[""dīrgha family"", ""lamba family"", ""Other resolved families"", ""No included family""]","[0.0, 0.0, 0.0, 1]",
dardic-long-denominators,All attested languages,LONG,noir1238,plains,,,,"[""dīrgha family"", ""lamba family"", ""Other resolved families"", ""No included family""]","[0.0, 0.0, 0.0, 1]",
dardic-long-denominators,All attested languages,LONG,oriy1255,plains,21.0,85.0,Or,"[""dīrgha family"", ""lamba family"", ""Other resolved families"", ""No included family""]","[0.0, 1.0, 0.0, 0.0]",10951
dardic-long-denominators,All attested languages,LONG,paha1251,plains,33.148,73.7537,poth,"[""dīrgha family"", ""lamba family"", ""Other resolved families"", ""No included family""]","[0.0, 0.0, 0.0, 1]",
dardic-long-denominators,All attested languages,LONG,paly1238,plains,21.937,75.233,PalyaBareli,"[""dīrgha family"", ""lamba family"", ""Other resolved families"", ""No included family""]","[0.0, 0.0, 0.0, 1]",
dardic-long-denominators,All attested languages,LONG,panj1256,plains,30.04,75.67,P,"[""dīrgha family"", ""lamba family"", ""Other resolved families"", ""No included family""]","[0.0, 0.3333333333333333, 0.6666666666666666, 0.0]",10951;9162;9165
dardic-long-denominators,All attested languages,LONG,paur1238,plains,21.228,74.337,PauriBareli,"[""dīrgha family"", ""lamba family"", ""Other resolved families"", ""No included family""]","[0.0, 0.0, 0.0, 1]",
dardic-long-denominators,All attested languages,LONG,raja1256,plains,26.47,76.2,Rj,"[""dīrgha family"", ""lamba family"", ""Other resolved families"", ""No included family""]","[0.0, 0.0, 1.0, 0.0]",10187
dardic-long-denominators,All attested languages,LONG,rajb1243,plains,26.4877,87.79265,MH,"[""dīrgha family"", ""lamba family"", ""Other resolved families"", ""No included family""]","[0.0, 1.0, 0.0, 0.0]",10951
dardic-long-denominators,All attested languages,LONG,rana1246,plains,28.65,80.44,Rana,"[""dīrgha family"", ""lamba family"", ""Other resolved families"", ""No included family""]","[0.0, 1.0, 0.0, 0.0]",10951
dardic-long-denominators,All attested languages,LONG,rang1265,plains,26.280348,89.39468,BH,"[""dīrgha family"", ""lamba family"", ""Other resolved families"", ""No included family""]","[0.0, 0.5, 0.5, 0.0]",10951;5524
dardic-long-denominators,All attested languages,LONG,rath1242,plains,21.4375,74.9958,RathwiBareli,"[""dīrgha family"", ""lamba family"", ""Other resolved families"", ""No included family""]","[0.0, 0.0, 0.0, 1]",
dardic-long-denominators,All attested languages,LONG,rath1243,plains,22.309,73.186,Rathawi,"[""dīrgha family"", ""lamba family"", ""Other resolved families"", ""No included family""]","[0.0, 0.0, 0.0, 1]",
dardic-long-denominators,All attested languages,LONG,sera1259,plains,29.55,71.91,srk,"[""dīrgha family"", ""lamba family"", ""Other resolved families"", ""No included family""]","[0.0, 0.0, 0.0, 1]",
dardic-long-denominators,All attested languages,LONG,shek1243,plains,27.978027,75.163279,dhundari_badagaon,"[""dīrgha family"", ""lamba family"", ""Other resolved families"", ""No included family""]","[0.0, 0.5, 0.5, 0.0]",10951;11225
dardic-long-denominators,All attested languages,LONG,sind1272,plains,26.0,69.0,S,"[""dīrgha family"", ""lamba family"", ""Other resolved families"", ""No included family""]","[1.0, 0.0, 0.0, 0.0]",6368
dardic-long-denominators,All attested languages,LONG,surg1246,plains,23.045719,83.189104,SSr,"[""dīrgha family"", ""lamba family"", ""Other resolved families"", ""No included family""]","[0.0, 1.0, 0.0, 0.0]",10951
dardic-long-denominators,All attested languages,LONG,surj1235,plains,26.0982,87.945,KS,"[""dīrgha family"", ""lamba family"", ""Other resolved families"", ""No included family""]","[0.0, 1.0, 0.0, 0.0]",10951
dardic-long-denominators,All attested languages,LONG,thar1284,plains,28.837028,80.320613,Sunha,"[""dīrgha family"", ""lamba family"", ""Other resolved families"", ""No included family""]","[0.0, 0.0, 0.0, 1]",
dardic-long-denominators,All attested languages,LONG,vaag1238,plains,12.21,79.53,VB,"[""dīrgha family"", ""lamba family"", ""Other resolved families"", ""No included family""]","[0.0, 0.0, 0.0, 1]",
dardic-long-denominators,All attested languages,LONG,vasa1239,plains,,,,"[""dīrgha family"", ""lamba family"", ""Other resolved families"", ""No included family""]","[0.0, 0.0, 0.0, 1]",
dardic-long-denominators,All attested languages,LONG,wadi1248,plains,26.07,72.13,WK,"[""dīrgha family"", ""lamba family"", ""Other resolved families"", ""No included family""]","[0.0, 0.0, 0.0, 1]",
dardic-long-denominators,All attested languages,LONG,wagd1238,plains,24.137701,74.047239,mewari_bannoda,"[""dīrgha family"", ""lamba family"", ""Other resolved families"", ""No included family""]","[0.0, 1.0, 0.0, 0.0]",10951
dardic-long-denominators,All attested languages,LONG,west2386,plains,31.1704,72.7097,L,"[""dīrgha family"", ""lamba family"", ""Other resolved families"", ""No included family""]","[0.5, 0.5, 0.0, 0.0]",10951;6368
dardic-river-sensitivity,Original concept mapping,RIVER,bate1261,dardic,34.95,72.92,bhatr,"[""sindhu family"", ""nadī family"", ""Other resolved families"", ""No included family""]","[0.5, 0.0, 0.5, 0.0]",13415;3860
dardic-river-sensitivity,Original concept mapping,RIVER,brok1247,dardic,34.53,76.6,bro,"[""sindhu family"", ""nadī family"", ""Other resolved families"", ""No included family""]","[0.0, 0.0, 0.0, 1]",
dardic-river-sensitivity,Original concept mapping,RIVER,chil1275,dardic,35.25,73.33,Chil,"[""sindhu family"", ""nadī family"", ""Other resolved families"", ""No included family""]","[0.0, 0.0, 0.0, 1]",
dardic-river-sensitivity,Original concept mapping,RIVER,dame1241,dardic,35.3,71.68,Dm,"[""sindhu family"", ""nadī family"", ""Other resolved families"", ""No included family""]","[0.0, 1.0, 0.0, 0.0]",6943
dardic-river-sensitivity,Original concept mapping,RIVER,gawa1247,dardic,35.2,71.54,Gaw,"[""sindhu family"", ""nadī family"", ""Other resolved families"", ""No included family""]","[0.0, 0.0, 0.0, 1]",
dardic-river-sensitivity,Original concept mapping,RIVER,gowr1239,dardic,35.1243,73.1233,Gowro,"[""sindhu family"", ""nadī family"", ""Other resolved families"", ""No included family""]","[1.0, 0.0, 0.0, 0.0]",13415
dardic-river-sensitivity,Original concept mapping,RIVER,gran1245,dardic,34.65,70.73,Gng,"[""sindhu family"", ""nadī family"", ""Other resolved families"", ""No included family""]","[0.0, 0.0, 0.0, 1]",
dardic-river-sensitivity,Original concept mapping,RIVER,indu1241,dardic,35.34,73.02,Mai,"[""sindhu family"", ""nadī family"", ""Other resolved families"", ""No included family""]","[1.0, 0.0, 0.0, 0.0]",13415
dardic-river-sensitivity,Original concept mapping,RIVER,kala1372,dardic,35.64,71.67,Kal,"[""sindhu family"", ""nadī family"", ""Other resolved families"", ""No included family""]","[0.0, 0.0, 1.0, 0.0]",9645
dardic-river-sensitivity,Original concept mapping,RIVER,kala1373,dardic,35.53,72.57,Bshk,"[""sindhu family"", ""nadī family"", ""Other resolved families"", ""No included family""]","[0.0, 1.0, 0.0, 0.0]",6943
dardic-river-sensitivity,Original concept mapping,RIVER,kalk1245,dardic,35.41,72.17,Kalk,"[""sindhu family"", ""nadī family"", ""Other resolved families"", ""No included family""]","[0.0, 0.0, 0.0, 1]",
dardic-river-sensitivity,Original concept mapping,RIVER,kash1277,dardic,34.17,74.33,K,"[""sindhu family"", ""nadī family"", ""Other resolved families"", ""No included family""]","[1.0, 0.0, 0.0, 0.0]",13415
dardic-river-sensitivity,Original concept mapping,RIVER,khow1242,dardic,36.0,72.0,Kho,"[""sindhu family"", ""nadī family"", ""Other resolved families"", ""No included family""]","[0.5, 0.0, 0.5, 0.0]",13415;4456
dardic-river-sensitivity,Original concept mapping,RIVER,kund1257,dardic,34.56,73.83,Kund,"[""sindhu family"", ""nadī family"", ""Other resolved families"", ""No included family""]","[0.0, 1.0, 0.0, 0.0]",6943
dardic-river-sensitivity,Original concept mapping,RIVER,nort2666,dardic,34.66,70.43,Pas,"[""sindhu family"", ""nadī family"", ""Other resolved families"", ""No included family""]","[0.0, 0.0, 1.0, 0.0]",4453
dardic-river-sensitivity,Original concept mapping,RIVER,phal1254,dardic,35.51,71.84,Phal,"[""sindhu family"", ""nadī family"", ""Other resolved families"", ""No included family""]","[0.0, 0.0, 1.0, 0.0]",13137
dardic-river-sensitivity,Original concept mapping,RIVER,savi1242,dardic,35.3,71.56,Sv,"[""sindhu family"", ""nadī family"", ""Other resolved families"", ""No included family""]","[0.0, 0.0, 0.0, 1]",
dardic-river-sensitivity,Original concept mapping,RIVER,shin1264,dardic,34.65,75.29,Sh,"[""sindhu family"", ""nadī family"", ""Other resolved families"", ""No included family""]","[1.0, 0.0, 0.0, 0.0]",13415
dardic-river-sensitivity,Original concept mapping,RIVER,shum1235,dardic,34.48,70.57,Shum,"[""sindhu family"", ""nadī family"", ""Other resolved families"", ""No included family""]","[0.0, 0.0, 0.0, 1]",
dardic-river-sensitivity,Original concept mapping,RIVER,tira1253,dardic,34.18,69.59,Tir,"[""sindhu family"", ""nadī family"", ""Other resolved families"", ""No included family""]","[1.0, 0.0, 0.0, 0.0]",13415
dardic-river-sensitivity,Original concept mapping,RIVER,torw1241,dardic,35.21,72.55,Tor,"[""sindhu family"", ""nadī family"", ""Other resolved families"", ""No included family""]","[0.0, 0.0, 0.0, 1]",
dardic-river-sensitivity,Original concept mapping,RIVER,usho1238,dardic,35.139395,72.67756,Ush,"[""sindhu family"", ""nadī family"", ""Other resolved families"", ""No included family""]","[0.0, 0.0, 0.0, 1]",
dardic-river-sensitivity,Original concept mapping,RIVER,adiv1239,plains,18.3234,82.8806,AdivasiOriya,"[""sindhu family"", ""nadī family"", ""Other resolved families"", ""No included family""]","[0.0, 0.0, 0.0, 1]",
dardic-river-sensitivity,Original concept mapping,RIVER,assa1263,plains,26.7509,94.2037,A,"[""sindhu family"", ""nadī family"", ""Other resolved families"", ""No included family""]","[0.0, 0.5, 0.5, 0.0]",3952;6943
dardic-river-sensitivity,Original concept mapping,RIVER,avan1234,plains,33.994201,72.483087,awan,"[""sindhu family"", ""nadī family"", ""Other resolved families"", ""No included family""]","[0.0, 0.0, 0.0, 1]",
dardic-river-sensitivity,Original concept mapping,RIVER,bagh1251,plains,24.482879,81.356341,bagheli_lakshman,"[""sindhu family"", ""nadī family"", ""Other resolved families"", ""No included family""]","[0.0, 1.0, 0.0, 0.0]",6943
dardic-river-sensitivity,Original concept mapping,RIVER,bagr1243,plains,29.40465,74.40918,bagri_fatehabad,"[""sindhu family"", ""nadī family"", ""Other resolved families"", ""No included family""]","[0.0, 1.0, 0.0, 0.0]",6943
dardic-river-sensitivity,Original concept mapping,RIVER,beng1280,plains,23.471,88.5565,B,"[""sindhu family"", ""nadī family"", ""Other resolved families"", ""No included family""]","[0.0, 0.5, 0.5, 0.0]",3952;6943
dardic-river-sensitivity,Original concept mapping,RIVER,bhat1265,plains,19.2778,82.1341,Bhatri,"[""sindhu family"", ""nadī family"", ""Other resolved families"", ""No included family""]","[0.0, 0.0, 0.0, 1]",
dardic-river-sensitivity,Original concept mapping,RIVER,bhil1251,plains,20.85,73.9592,Bhili,"[""sindhu family"", ""nadī family"", ""Other resolved families"", ""No included family""]","[0.0, 0.0, 0.0, 1]",
dardic-river-sensitivity,Original concept mapping,RIVER,bhil1253,plains,22.58346,74.59014,Bhilali,"[""sindhu family"", ""nadī family"", ""Other resolved families"", ""No included family""]","[0.0, 0.0, 0.0, 1]",
dardic-river-sensitivity,Original concept mapping,RIVER,bish1244,plains,24.5,91.8,Bishnupriya,"[""sindhu family"", ""nadī family"", ""Other resolved families"", ""No included family""]","[0.0, 0.0, 0.0, 1]",
dardic-river-sensitivity,Original concept mapping,RIVER,braj1242,plains,26.48,78.08,Brj,"[""sindhu family"", ""nadī family"", ""Other resolved families"", ""No included family""]","[0.0, 1.0, 0.0, 0.0]",6943
dardic-river-sensitivity,Original concept mapping,RIVER,buks1238,plains,29.397962,79.126163,Buksa,"[""sindhu family"", ""nadī family"", ""Other resolved families"", ""No included family""]","[0.0, 0.0, 0.0, 1]",
dardic-river-sensitivity,Original concept mapping,RIVER,bund1253,plains,25.008376,79.564258,bundeli_atarra,"[""sindhu family"", ""nadī family"", ""Other resolved families"", ""No included family""]","[0.0, 1.0, 0.0, 0.0]",6943
dardic-river-sensitivity,Original concept mapping,RIVER,chha1249,plains,21.225068,82.028298,NDu,"[""sindhu family"", ""nadī family"", ""Other resolved families"", ""No included family""]","[0.0, 0.5, 0.5, 0.0]",6943;7047
dardic-river-sensitivity,Original concept mapping,RIVER,chit1274,plains,27.58,84.41,Chitwan,"[""sindhu family"", ""nadī family"", ""Other resolved families"", ""No included family""]","[0.0, 1.0, 0.0, 0.0]",6943
dardic-river-sensitivity,Original concept mapping,RIVER,dang1260,plains,27.88,81.78,Dang,"[""sindhu family"", ""nadī family"", ""Other resolved families"", ""No included family""]","[0.0, 1.0, 0.0, 0.0]",6943
dardic-river-sensitivity,Original concept mapping,RIVER,dhun1238,plains,26.696403,75.972699,dhundari_bamore,"[""sindhu family"", ""nadī family"", ""Other resolved families"", ""No included family""]","[0.0, 1.0, 0.0, 0.0]",6943
dardic-river-sensitivity,Original concept mapping,RIVER,dung1251,plains,,,,"[""sindhu family"", ""nadī family"", ""Other resolved families"", ""No included family""]","[0.0, 0.0, 0.0, 1]",
dardic-river-sensitivity,Original concept mapping,RIVER,east2316,plains,26.666667,87.5,Morang,"[""sindhu family"", ""nadī family"", ""Other resolved families"", ""No included family""]","[0.0, 1.0, 0.0, 0.0]",6943
dardic-river-sensitivity,Original concept mapping,RIVER,godw1241,plains,25.417504,73.107785,marwari_bagra,"[""sindhu family"", ""nadī family"", ""Other resolved families"", ""No included family""]","[0.0, 1.0, 0.0, 0.0]",6943
dardic-river-sensitivity,Original concept mapping,RIVER,guja1253,plains,34.043002,73.225443,Goj,"[""sindhu family"", ""nadī family"", ""Other resolved families"", ""No included family""]","[0.0, 0.0, 0.0, 1]",
dardic-river-sensitivity,Original concept mapping,RIVER,hada1254,plains,25.138213,76.876916,hadothi_kelwada,"[""sindhu family"", ""nadī family"", ""Other resolved families"", ""No included family""]","[0.0, 1.0, 0.0, 0.0]",6943
dardic-river-sensitivity,Original concept mapping,RIVER,hado1235,plains,24.85,75.84,had,"[""sindhu family"", ""nadī family"", ""Other resolved families"", ""No included family""]","[0.0, 1.0, 0.0, 0.0]",6943
dardic-river-sensitivity,Original concept mapping,RIVER,hajo1238,plains,25.5143,89.8594,Hajong,"[""sindhu family"", ""nadī family"", ""Other resolved families"", ""No included family""]","[0.0, 0.0, 0.0, 1]",
dardic-river-sensitivity,Original concept mapping,RIVER,halb1244,plains,20.31,81.37,hal,"[""sindhu family"", ""nadī family"", ""Other resolved families"", ""No included family""]","[0.0, 0.0, 0.0, 1]",
dardic-river-sensitivity,Original concept mapping,RIVER,hind1269,plains,28.7041,77.1025,H,"[""sindhu family"", ""nadī family"", ""Other resolved families"", ""No included family""]","[0.0, 1.0, 0.0, 0.0]",6943
dardic-river-sensitivity,Original concept mapping,RIVER,kach1277,plains,23.83,69.0,kcch,"[""sindhu family"", ""nadī family"", ""Other resolved families"", ""No included family""]","[0.0, 1.0, 0.0, 0.0]",6943
dardic-river-sensitivity,Original concept mapping,RIVER,kana1281,plains,27.0437956,79.8951742,Kannauji-Central,"[""sindhu family"", ""nadī family"", ""Other resolved families"", ""No included family""]","[0.0, 1.0, 0.0, 0.0]",6943
dardic-river-sensitivity,Original concept mapping,RIVER,kath1250,plains,28.53981,80.797511,Kathoriya,"[""sindhu family"", ""nadī family"", ""Other resolved families"", ""No included family""]","[0.0, 0.0, 0.0, 1]",
dardic-river-sensitivity,Original concept mapping,RIVER,khan1272,plains,21.3181,74.142,Khandesi,"[""sindhu family"", ""nadī family"", ""Other resolved families"", ""No included family""]","[0.0, 0.0, 0.0, 1]",
dardic-river-sensitivity,Original concept mapping,RIVER,konk1267,plains,15.2993,74.124,Ko,"[""sindhu family"", ""nadī family"", ""Other resolved families"", ""No included family""]","[0.0, 0.0, 0.0, 1]",
dardic-river-sensitivity,Original concept mapping,RIVER,maga1260,plains,25.0915,85.3335,MagahiNepal,"[""sindhu family"", ""nadī family"", ""Other resolved families"", ""No included family""]","[0.0, 0.0, 0.0, 1]",
dardic-river-sensitivity,Original concept mapping,RIVER,malv1243,plains,24.243083,75.027707,mewari_basad,"[""sindhu family"", ""nadī family"", ""Other resolved families"", ""No included family""]","[0.0, 1.0, 0.0, 0.0]",6943
dardic-river-sensitivity,Original concept mapping,RIVER,mara1378,plains,18.5204,73.8567,M,"[""sindhu family"", ""nadī family"", ""Other resolved families"", ""No included family""]","[0.0, 1.0, 0.0, 0.0]",6943
dardic-river-sensitivity,Original concept mapping,RIVER,marw1260,plains,27.0,75.07,Marw,"[""sindhu family"", ""nadī family"", ""Other resolved families"", ""No included family""]","[0.0, 0.5, 0.5, 0.0]",6943;7047
dardic-river-sensitivity,Original concept mapping,RIVER,mewa1249,plains,25.084731,74.220835,mewari_dholpura,"[""sindhu family"", ""nadī family"", ""Other resolved families"", ""No included family""]","[0.0, 1.0, 0.0, 0.0]",6943
dardic-river-sensitivity,Original concept mapping,RIVER,mewa1250,plains,27.817648,77.035043,mewati_akera,"[""sindhu family"", ""nadī family"", ""Other resolved families"", ""No included family""]","[0.0, 0.5, 0.5, 0.0]",6943;7047
dardic-river-sensitivity,Original concept mapping,RIVER,nima1243,plains,22.1263,76.1264,Nimadi,"[""sindhu family"", ""nadī family"", ""Other resolved families"", ""No included family""]","[0.0, 0.0, 0.0, 1]",
dardic-river-sensitivity,Original concept mapping,RIVER,noir1238,plains,,,,"[""sindhu family"", ""nadī family"", ""Other resolved families"", ""No included family""]","[0.0, 0.0, 0.0, 1]",
dardic-river-sensitivity,Original concept mapping,RIVER,oriy1255,plains,21.0,85.0,Or,"[""sindhu family"", ""nadī family"", ""Other resolved families"", ""No included family""]","[0.0, 0.0, 1.0, 0.0]",5629
dardic-river-sensitivity,Original concept mapping,RIVER,paha1251,plains,33.148,73.7537,poth,"[""sindhu family"", ""nadī family"", ""Other resolved families"", ""No included family""]","[0.0, 0.0, 0.0, 1]",
dardic-river-sensitivity,Original concept mapping,RIVER,paly1238,plains,21.937,75.233,PalyaBareli,"[""sindhu family"", ""nadī family"", ""Other resolved families"", ""No included family""]","[0.0, 0.0, 0.0, 1]",
dardic-river-sensitivity,Original concept mapping,RIVER,panj1256,plains,30.04,75.67,P,"[""sindhu family"", ""nadī family"", ""Other resolved families"", ""No included family""]","[0.0, 1.0, 0.0, 0.0]",6943
dardic-river-sensitivity,Original concept mapping,RIVER,paur1238,plains,21.228,74.337,PauriBareli,"[""sindhu family"", ""nadī family"", ""Other resolved families"", ""No included family""]","[0.0, 0.0, 0.0, 1]",
dardic-river-sensitivity,Original concept mapping,RIVER,raja1256,plains,26.47,76.2,Rj,"[""sindhu family"", ""nadī family"", ""Other resolved families"", ""No included family""]","[0.0, 1.0, 0.0, 0.0]",6943
dardic-river-sensitivity,Original concept mapping,RIVER,rajb1243,plains,26.4877,87.79265,MH,"[""sindhu family"", ""nadī family"", ""Other resolved families"", ""No included family""]","[0.0, 0.0, 0.0, 1]",
dardic-river-sensitivity,Original concept mapping,RIVER,rana1246,plains,28.65,80.44,Rana,"[""sindhu family"", ""nadī family"", ""Other resolved families"", ""No included family""]","[0.0, 1.0, 0.0, 0.0]",6943
dardic-river-sensitivity,Original concept mapping,RIVER,rang1265,plains,26.280348,89.39468,BH,"[""sindhu family"", ""nadī family"", ""Other resolved families"", ""No included family""]","[0.0, 0.0, 0.0, 1]",
dardic-river-sensitivity,Original concept mapping,RIVER,rath1242,plains,21.4375,74.9958,RathwiBareli,"[""sindhu family"", ""nadī family"", ""Other resolved families"", ""No included family""]","[0.0, 0.0, 0.0, 1]",
dardic-river-sensitivity,Original concept mapping,RIVER,rath1243,plains,22.309,73.186,Rathawi,"[""sindhu family"", ""nadī family"", ""Other resolved families"", ""No included family""]","[0.0, 0.0, 0.0, 1]",
dardic-river-sensitivity,Original concept mapping,RIVER,sera1259,plains,29.55,71.91,srk,"[""sindhu family"", ""nadī family"", ""Other resolved families"", ""No included family""]","[0.0, 0.0, 1.0, 0.0]",13580
dardic-river-sensitivity,Original concept mapping,RIVER,shek1243,plains,27.978027,75.163279,dhundari_badagaon,"[""sindhu family"", ""nadī family"", ""Other resolved families"", ""No included family""]","[0.0, 1.0, 0.0, 0.0]",6943
dardic-river-sensitivity,Original concept mapping,RIVER,sind1272,plains,26.0,69.0,S,"[""sindhu family"", ""nadī family"", ""Other resolved families"", ""No included family""]","[0.0, 0.0, 1.0, 0.0]",13325
dardic-river-sensitivity,Original concept mapping,RIVER,surg1246,plains,23.045719,83.189104,SSr,"[""sindhu family"", ""nadī family"", ""Other resolved families"", ""No included family""]","[0.0, 0.5, 0.5, 0.0]",6943;7047
dardic-river-sensitivity,Original concept mapping,RIVER,surj1235,plains,26.0982,87.945,KS,"[""sindhu family"", ""nadī family"", ""Other resolved families"", ""No included family""]","[0.0, 0.0, 0.0, 1]",
dardic-river-sensitivity,Original concept mapping,RIVER,thar1284,plains,28.837028,80.320613,Sunha,"[""sindhu family"", ""nadī family"", ""Other resolved families"", ""No included family""]","[0.0, 0.0, 0.0, 1]",
dardic-river-sensitivity,Original concept mapping,RIVER,vaag1238,plains,12.21,79.53,VB,"[""sindhu family"", ""nadī family"", ""Other resolved families"", ""No included family""]","[0.0, 0.0, 0.0, 1]",
dardic-river-sensitivity,Original concept mapping,RIVER,vasa1239,plains,,,,"[""sindhu family"", ""nadī family"", ""Other resolved families"", ""No included family""]","[0.0, 0.0, 0.0, 1]",
dardic-river-sensitivity,Original concept mapping,RIVER,wadi1248,plains,26.07,72.13,WK,"[""sindhu family"", ""nadī family"", ""Other resolved families"", ""No included family""]","[0.0, 0.0, 0.0, 1]",
dardic-river-sensitivity,Original concept mapping,RIVER,wagd1238,plains,24.137701,74.047239,mewari_bannoda,"[""sindhu family"", ""nadī family"", ""Other resolved families"", ""No included family""]","[0.0, 1.0, 0.0, 0.0]",6943
dardic-river-sensitivity,Gloss begins with river / a river,RIVER,bate1261,dardic,34.95,72.92,bhatr,"[""sindhu family"", ""nadī family"", ""Other resolved families"", ""No included family""]","[1.0, 0.0, 0.0, 0.0]",13415
dardic-river-sensitivity,Gloss begins with river / a river,RIVER,brok1247,dardic,34.53,76.6,bro,"[""sindhu family"", ""nadī family"", ""Other resolved families"", ""No included family""]","[0.0, 0.0, 0.0, 1]",
dardic-river-sensitivity,Gloss begins with river / a river,RIVER,chil1275,dardic,35.25,73.33,Chil,"[""sindhu family"", ""nadī family"", ""Other resolved families"", ""No included family""]","[0.0, 0.0, 0.0, 1]",
dardic-river-sensitivity,Gloss begins with river / a river,RIVER,dame1241,dardic,35.3,71.68,Dm,"[""sindhu family"", ""nadī family"", ""Other resolved families"", ""No included family""]","[0.0, 1.0, 0.0, 0.0]",6943
dardic-river-sensitivity,Gloss begins with river / a river,RIVER,gawa1247,dardic,35.2,71.54,Gaw,"[""sindhu family"", ""nadī family"", ""Other resolved families"", ""No included family""]","[0.0, 0.0, 0.0, 1]",
dardic-river-sensitivity,Gloss begins with river / a river,RIVER,gowr1239,dardic,35.1243,73.1233,Gowro,"[""sindhu family"", ""nadī family"", ""Other resolved families"", ""No included family""]","[1.0, 0.0, 0.0, 0.0]",13415
dardic-river-sensitivity,Gloss begins with river / a river,RIVER,gran1245,dardic,34.65,70.73,Gng,"[""sindhu family"", ""nadī family"", ""Other resolved families"", ""No included family""]","[0.0, 0.0, 0.0, 1]",
dardic-river-sensitivity,Gloss begins with river / a river,RIVER,indu1241,dardic,35.34,73.02,Mai,"[""sindhu family"", ""nadī family"", ""Other resolved families"", ""No included family""]","[1.0, 0.0, 0.0, 0.0]",13415
dardic-river-sensitivity,Gloss begins with river / a river,RIVER,kala1372,dardic,35.64,71.67,Kal,"[""sindhu family"", ""nadī family"", ""Other resolved families"", ""No included family""]","[0.0, 0.0, 0.0, 1]",
dardic-river-sensitivity,Gloss begins with river / a river,RIVER,kala1373,dardic,35.53,72.57,Bshk,"[""sindhu family"", ""nadī family"", ""Other resolved families"", ""No included family""]","[0.0, 1.0, 0.0, 0.0]",6943
dardic-river-sensitivity,Gloss begins with river / a river,RIVER,kalk1245,dardic,35.41,72.17,Kalk,"[""sindhu family"", ""nadī family"", ""Other resolved families"", ""No included family""]","[0.0, 0.0, 0.0, 1]",
dardic-river-sensitivity,Gloss begins with river / a river,RIVER,kash1277,dardic,34.17,74.33,K,"[""sindhu family"", ""nadī family"", ""Other resolved families"", ""No included family""]","[1.0, 0.0, 0.0, 0.0]",13415
dardic-river-sensitivity,Gloss begins with river / a river,RIVER,khow1242,dardic,36.0,72.0,Kho,"[""sindhu family"", ""nadī family"", ""Other resolved families"", ""No included family""]","[0.5, 0.0, 0.5, 0.0]",13415;4456
dardic-river-sensitivity,Gloss begins with river / a river,RIVER,kund1257,dardic,34.56,73.83,Kund,"[""sindhu family"", ""nadī family"", ""Other resolved families"", ""No included family""]","[0.0, 1.0, 0.0, 0.0]",6943
dardic-river-sensitivity,Gloss begins with river / a river,RIVER,nort2666,dardic,34.66,70.43,Pas,"[""sindhu family"", ""nadī family"", ""Other resolved families"", ""No included family""]","[0.0, 0.0, 1.0, 0.0]",4453
dardic-river-sensitivity,Gloss begins with river / a river,RIVER,phal1254,dardic,35.51,71.84,Phal,"[""sindhu family"", ""nadī family"", ""Other resolved families"", ""No included family""]","[0.0, 0.0, 1.0, 0.0]",13137
dardic-river-sensitivity,Gloss begins with river / a river,RIVER,savi1242,dardic,35.3,71.56,Sv,"[""sindhu family"", ""nadī family"", ""Other resolved families"", ""No included family""]","[0.0, 0.0, 0.0, 1]",
dardic-river-sensitivity,Gloss begins with river / a river,RIVER,shin1264,dardic,34.65,75.29,Sh,"[""sindhu family"", ""nadī family"", ""Other resolved families"", ""No included family""]","[1.0, 0.0, 0.0, 0.0]",13415
dardic-river-sensitivity,Gloss begins with river / a river,RIVER,shum1235,dardic,34.48,70.57,Shum,"[""sindhu family"", ""nadī family"", ""Other resolved families"", ""No included family""]","[0.0, 0.0, 0.0, 1]",
dardic-river-sensitivity,Gloss begins with river / a river,RIVER,tira1253,dardic,34.18,69.59,Tir,"[""sindhu family"", ""nadī family"", ""Other resolved families"", ""No included family""]","[1.0, 0.0, 0.0, 0.0]",13415
dardic-river-sensitivity,Gloss begins with river / a river,RIVER,torw1241,dardic,35.21,72.55,Tor,"[""sindhu family"", ""nadī family"", ""Other resolved families"", ""No included family""]","[0.0, 0.0, 0.0, 1]",
dardic-river-sensitivity,Gloss begins with river / a river,RIVER,usho1238,dardic,35.139395,72.67756,Ush,"[""sindhu family"", ""nadī family"", ""Other resolved families"", ""No included family""]","[0.0, 0.0, 0.0, 1]",
dardic-river-sensitivity,Gloss begins with river / a river,RIVER,adiv1239,plains,18.3234,82.8806,AdivasiOriya,"[""sindhu family"", ""nadī family"", ""Other resolved families"", ""No included family""]","[0.0, 0.0, 0.0, 1]",
dardic-river-sensitivity,Gloss begins with river / a river,RIVER,assa1263,plains,26.7509,94.2037,A,"[""sindhu family"", ""nadī family"", ""Other resolved families"", ""No included family""]","[0.0, 0.5, 0.5, 0.0]",3952;6943
dardic-river-sensitivity,Gloss begins with river / a river,RIVER,avan1234,plains,33.994201,72.483087,awan,"[""sindhu family"", ""nadī family"", ""Other resolved families"", ""No included family""]","[0.0, 0.0, 0.0, 1]",
dardic-river-sensitivity,Gloss begins with river / a river,RIVER,bagh1251,plains,24.482879,81.356341,bagheli_lakshman,"[""sindhu family"", ""nadī family"", ""Other resolved families"", ""No included family""]","[0.0, 1.0, 0.0, 0.0]",6943
dardic-river-sensitivity,Gloss begins with river / a river,RIVER,bagr1243,plains,29.40465,74.40918,bagri_fatehabad,"[""sindhu family"", ""nadī family"", ""Other resolved families"", ""No included family""]","[0.0, 1.0, 0.0, 0.0]",6943
dardic-river-sensitivity,Gloss begins with river / a river,RIVER,beng1280,plains,23.471,88.5565,B,"[""sindhu family"", ""nadī family"", ""Other resolved families"", ""No included family""]","[0.0, 0.5, 0.5, 0.0]",3952;6943
dardic-river-sensitivity,Gloss begins with river / a river,RIVER,bhat1265,plains,19.2778,82.1341,Bhatri,"[""sindhu family"", ""nadī family"", ""Other resolved families"", ""No included family""]","[0.0, 0.0, 0.0, 1]",
dardic-river-sensitivity,Gloss begins with river / a river,RIVER,bhil1251,plains,20.85,73.9592,Bhili,"[""sindhu family"", ""nadī family"", ""Other resolved families"", ""No included family""]","[0.0, 0.0, 0.0, 1]",
dardic-river-sensitivity,Gloss begins with river / a river,RIVER,bhil1253,plains,22.58346,74.59014,Bhilali,"[""sindhu family"", ""nadī family"", ""Other resolved families"", ""No included family""]","[0.0, 0.0, 0.0, 1]",
dardic-river-sensitivity,Gloss begins with river / a river,RIVER,bish1244,plains,24.5,91.8,Bishnupriya,"[""sindhu family"", ""nadī family"", ""Other resolved families"", ""No included family""]","[0.0, 0.0, 0.0, 1]",
dardic-river-sensitivity,Gloss begins with river / a river,RIVER,braj1242,plains,26.48,78.08,Brj,"[""sindhu family"", ""nadī family"", ""Other resolved families"", ""No included family""]","[0.0, 1.0, 0.0, 0.0]",6943
dardic-river-sensitivity,Gloss begins with river / a river,RIVER,buks1238,plains,29.397962,79.126163,Buksa,"[""sindhu family"", ""nadī family"", ""Other resolved families"", ""No included family""]","[0.0, 0.0, 0.0, 1]",
dardic-river-sensitivity,Gloss begins with river / a river,RIVER,bund1253,plains,25.008376,79.564258,bundeli_atarra,"[""sindhu family"", ""nadī family"", ""Other resolved families"", ""No included family""]","[0.0, 1.0, 0.0, 0.0]",6943
dardic-river-sensitivity,Gloss begins with river / a river,RIVER,chha1249,plains,21.225068,82.028298,NDu,"[""sindhu family"", ""nadī family"", ""Other resolved families"", ""No included family""]","[0.0, 0.5, 0.5, 0.0]",6943;7047
dardic-river-sensitivity,Gloss begins with river / a river,RIVER,chit1274,plains,27.58,84.41,Chitwan,"[""sindhu family"", ""nadī family"", ""Other resolved families"", ""No included family""]","[0.0, 1.0, 0.0, 0.0]",6943
dardic-river-sensitivity,Gloss begins with river / a river,RIVER,dang1260,plains,27.88,81.78,Dang,"[""sindhu family"", ""nadī family"", ""Other resolved families"", ""No included family""]","[0.0, 1.0, 0.0, 0.0]",6943
dardic-river-sensitivity,Gloss begins with river / a river,RIVER,dhun1238,plains,26.696403,75.972699,dhundari_bamore,"[""sindhu family"", ""nadī family"", ""Other resolved families"", ""No included family""]","[0.0, 1.0, 0.0, 0.0]",6943
dardic-river-sensitivity,Gloss begins with river / a river,RIVER,dung1251,plains,,,,"[""sindhu family"", ""nadī family"", ""Other resolved families"", ""No included family""]","[0.0, 0.0, 0.0, 1]",
dardic-river-sensitivity,Gloss begins with river / a river,RIVER,east2316,plains,26.666667,87.5,Morang,"[""sindhu family"", ""nadī family"", ""Other resolved families"", ""No included family""]","[0.0, 1.0, 0.0, 0.0]",6943
dardic-river-sensitivity,Gloss begins with river / a river,RIVER,godw1241,plains,25.417504,73.107785,marwari_bagra,"[""sindhu family"", ""nadī family"", ""Other resolved families"", ""No included family""]","[0.0, 1.0, 0.0, 0.0]",6943
dardic-river-sensitivity,Gloss begins with river / a river,RIVER,guja1253,plains,34.043002,73.225443,Goj,"[""sindhu family"", ""nadī family"", ""Other resolved families"", ""No included family""]","[0.0, 0.0, 0.0, 1]",
dardic-river-sensitivity,Gloss begins with river / a river,RIVER,hada1254,plains,25.138213,76.876916,hadothi_kelwada,"[""sindhu family"", ""nadī family"", ""Other resolved families"", ""No included family""]","[0.0, 1.0, 0.0, 0.0]",6943
dardic-river-sensitivity,Gloss begins with river / a river,RIVER,hado1235,plains,24.85,75.84,had,"[""sindhu family"", ""nadī family"", ""Other resolved families"", ""No included family""]","[0.0, 1.0, 0.0, 0.0]",6943
dardic-river-sensitivity,Gloss begins with river / a river,RIVER,hajo1238,plains,25.5143,89.8594,Hajong,"[""sindhu family"", ""nadī family"", ""Other resolved families"", ""No included family""]","[0.0, 0.0, 0.0, 1]",
dardic-river-sensitivity,Gloss begins with river / a river,RIVER,halb1244,plains,20.31,81.37,hal,"[""sindhu family"", ""nadī family"", ""Other resolved families"", ""No included family""]","[0.0, 0.0, 0.0, 1]",
dardic-river-sensitivity,Gloss begins with river / a river,RIVER,hind1269,plains,28.7041,77.1025,H,"[""sindhu family"", ""nadī family"", ""Other resolved families"", ""No included family""]","[0.0, 1.0, 0.0, 0.0]",6943
dardic-river-sensitivity,Gloss begins with river / a river,RIVER,kach1277,plains,23.83,69.0,kcch,"[""sindhu family"", ""nadī family"", ""Other resolved families"", ""No included family""]","[0.0, 1.0, 0.0, 0.0]",6943
dardic-river-sensitivity,Gloss begins with river / a river,RIVER,kana1281,plains,27.0437956,79.8951742,Kannauji-Central,"[""sindhu family"", ""nadī family"", ""Other resolved families"", ""No included family""]","[0.0, 1.0, 0.0, 0.0]",6943
dardic-river-sensitivity,Gloss begins with river / a river,RIVER,kath1250,plains,28.53981,80.797511,Kathoriya,"[""sindhu family"", ""nadī family"", ""Other resolved families"", ""No included family""]","[0.0, 0.0, 0.0, 1]",
dardic-river-sensitivity,Gloss begins with river / a river,RIVER,khan1272,plains,21.3181,74.142,Khandesi,"[""sindhu family"", ""nadī family"", ""Other resolved families"", ""No included family""]","[0.0, 0.0, 0.0, 1]",
dardic-river-sensitivity,Gloss begins with river / a river,RIVER,konk1267,plains,15.2993,74.124,Ko,"[""sindhu family"", ""nadī family"", ""Other resolved families"", ""No included family""]","[0.0, 0.0, 0.0, 1]",
dardic-river-sensitivity,Gloss begins with river / a river,RIVER,maga1260,plains,25.0915,85.3335,MagahiNepal,"[""sindhu family"", ""nadī family"", ""Other resolved families"", ""No included family""]","[0.0, 0.0, 0.0, 1]",
dardic-river-sensitivity,Gloss begins with river / a river,RIVER,malv1243,plains,24.243083,75.027707,mewari_basad,"[""sindhu family"", ""nadī family"", ""Other resolved families"", ""No included family""]","[0.0, 1.0, 0.0, 0.0]",6943
dardic-river-sensitivity,Gloss begins with river / a river,RIVER,mara1378,plains,18.5204,73.8567,M,"[""sindhu family"", ""nadī family"", ""Other resolved families"", ""No included family""]","[0.0, 1.0, 0.0, 0.0]",6943
dardic-river-sensitivity,Gloss begins with river / a river,RIVER,marw1260,plains,27.0,75.07,Marw,"[""sindhu family"", ""nadī family"", ""Other resolved families"", ""No included family""]","[0.0, 0.5, 0.5, 0.0]",6943;7047
dardic-river-sensitivity,Gloss begins with river / a river,RIVER,mewa1249,plains,25.084731,74.220835,mewari_dholpura,"[""sindhu family"", ""nadī family"", ""Other resolved families"", ""No included family""]","[0.0, 1.0, 0.0, 0.0]",6943
dardic-river-sensitivity,Gloss begins with river / a river,RIVER,mewa1250,plains,27.817648,77.035043,mewati_akera,"[""sindhu family"", ""nadī family"", ""Other resolved families"", ""No included family""]","[0.0, 0.5, 0.5, 0.0]",6943;7047
dardic-river-sensitivity,Gloss begins with river / a river,RIVER,nima1243,plains,22.1263,76.1264,Nimadi,"[""sindhu family"", ""nadī family"", ""Other resolved families"", ""No included family""]","[0.0, 0.0, 0.0, 1]",
dardic-river-sensitivity,Gloss begins with river / a river,RIVER,noir1238,plains,,,,"[""sindhu family"", ""nadī family"", ""Other resolved families"", ""No included family""]","[0.0, 0.0, 0.0, 1]",
dardic-river-sensitivity,Gloss begins with river / a river,RIVER,oriy1255,plains,21.0,85.0,Or,"[""sindhu family"", ""nadī family"", ""Other resolved families"", ""No included family""]","[0.0, 0.0, 0.0, 1]",
dardic-river-sensitivity,Gloss begins with river / a river,RIVER,paha1251,plains,33.148,73.7537,poth,"[""sindhu family"", ""nadī family"", ""Other resolved families"", ""No included family""]","[0.0, 0.0, 0.0, 1]",
dardic-river-sensitivity,Gloss begins with river / a river,RIVER,paly1238,plains,21.937,75.233,PalyaBareli,"[""sindhu family"", ""nadī family"", ""Other resolved families"", ""No included family""]","[0.0, 0.0, 0.0, 1]",
dardic-river-sensitivity,Gloss begins with river / a river,RIVER,panj1256,plains,30.04,75.67,P,"[""sindhu family"", ""nadī family"", ""Other resolved families"", ""No included family""]","[0.0, 1.0, 0.0, 0.0]",6943
dardic-river-sensitivity,Gloss begins with river / a river,RIVER,paur1238,plains,21.228,74.337,PauriBareli,"[""sindhu family"", ""nadī family"", ""Other resolved families"", ""No included family""]","[0.0, 0.0, 0.0, 1]",
dardic-river-sensitivity,Gloss begins with river / a river,RIVER,raja1256,plains,26.47,76.2,Rj,"[""sindhu family"", ""nadī family"", ""Other resolved families"", ""No included family""]","[0.0, 1.0, 0.0, 0.0]",6943
dardic-river-sensitivity,Gloss begins with river / a river,RIVER,rajb1243,plains,26.4877,87.79265,MH,"[""sindhu family"", ""nadī family"", ""Other resolved families"", ""No included family""]","[0.0, 0.0, 0.0, 1]",
dardic-river-sensitivity,Gloss begins with river / a river,RIVER,rana1246,plains,28.65,80.44,Rana,"[""sindhu family"", ""nadī family"", ""Other resolved families"", ""No included family""]","[0.0, 1.0, 0.0, 0.0]",6943
dardic-river-sensitivity,Gloss begins with river / a river,RIVER,rang1265,plains,26.280348,89.39468,BH,"[""sindhu family"", ""nadī family"", ""Other resolved families"", ""No included family""]","[0.0, 0.0, 0.0, 1]",
dardic-river-sensitivity,Gloss begins with river / a river,RIVER,rath1242,plains,21.4375,74.9958,RathwiBareli,"[""sindhu family"", ""nadī family"", ""Other resolved families"", ""No included family""]","[0.0, 0.0, 0.0, 1]",
dardic-river-sensitivity,Gloss begins with river / a river,RIVER,rath1243,plains,22.309,73.186,Rathawi,"[""sindhu family"", ""nadī family"", ""Other resolved families"", ""No included family""]","[0.0, 0.0, 0.0, 1]",
dardic-river-sensitivity,Gloss begins with river / a river,RIVER,sera1259,plains,29.55,71.91,srk,"[""sindhu family"", ""nadī family"", ""Other resolved families"", ""No included family""]","[0.0, 0.0, 0.0, 1]",
dardic-river-sensitivity,Gloss begins with river / a river,RIVER,shek1243,plains,27.978027,75.163279,dhundari_badagaon,"[""sindhu family"", ""nadī family"", ""Other resolved families"", ""No included family""]","[0.0, 1.0, 0.0, 0.0]",6943
dardic-river-sensitivity,Gloss begins with river / a river,RIVER,surg1246,plains,23.045719,83.189104,SSr,"[""sindhu family"", ""nadī family"", ""Other resolved families"", ""No included family""]","[0.0, 0.5, 0.5, 0.0]",6943;7047
dardic-river-sensitivity,Gloss begins with river / a river,RIVER,surj1235,plains,26.0982,87.945,KS,"[""sindhu family"", ""nadī family"", ""Other resolved families"", ""No included family""]","[0.0, 0.0, 0.0, 1]",
dardic-river-sensitivity,Gloss begins with river / a river,RIVER,thar1284,plains,28.837028,80.320613,Sunha,"[""sindhu family"", ""nadī family"", ""Other resolved families"", ""No included family""]","[0.0, 0.0, 0.0, 1]",
dardic-river-sensitivity,Gloss begins with river / a river,RIVER,vaag1238,plains,12.21,79.53,VB,"[""sindhu family"", ""nadī family"", ""Other resolved families"", ""No included family""]","[0.0, 0.0, 0.0, 1]",
dardic-river-sensitivity,Gloss begins with river / a river,RIVER,vasa1239,plains,,,,"[""sindhu family"", ""nadī family"", ""Other resolved families"", ""No included family""]","[0.0, 0.0, 0.0, 1]",
dardic-river-sensitivity,Gloss begins with river / a river,RIVER,wadi1248,plains,26.07,72.13,WK,"[""sindhu family"", ""nadī family"", ""Other resolved families"", ""No included family""]","[0.0, 0.0, 0.0, 1]",
dardic-river-sensitivity,Gloss begins with river / a river,RIVER,wagd1238,plains,24.137701,74.047239,mewari_bannoda,"[""sindhu family"", ""nadī family"", ""Other resolved families"", ""No included family""]","[0.0, 1.0, 0.0, 0.0]",6943
