class_id	record_id	analysis_token_id	family_id	language	form	gloss
short-a-without-h	f_faznsewj7ozfc	f_faznsewj7ozfc	11392	Phal	báaṣ	rain
short-a-without-h	f_y5nhy3rinzx7u	f_y5nhy3rinzx7u	2892	Phal	kram	work; deed, behaviour
short-a-without-h	f_7zlrrmweiu3e2	f_7zlrrmweiu3e2	10442	Phal	yab	irrigation canal
short-a-without-h	f_4sq7n3gp7dnms	f_4sq7n3gp7dnms		Phal	ḍag	markhor (a species of wild goat)
short-a-without-h	f_hnlptlynhabde	f_hnlptlynhabde	13139	Phal	sat	seven
short-a-without-h	f_2q4h7ob4pjmbo	f_2q4h7ob4pjmbo	2462	Phal	a	one; one (person), someone
short-a-without-h	f_6rtlzdmwstkgq	f_6rtlzdmwstkgq	7907	Phal	par	last year
short-a-without-h	f_lbmo2ellmbrdi	f_lbmo2ellmbrdi	242	Phal	aǰ	today
short-a-without-h	f_w36mmh5td7wuu	f_w36mmh5td7wuu	13254	Phal	sar	lake, pond, puddle
short-a-without-h	f_a2qflwi6dbs3o	f_a2qflwi6dbs3o	941	Phal	aṣṭ	eight
short-a-without-h	f_ngygjwbkf7xwa	f_ngygjwbkf7xwa	10539	Phal	ráat	blood
short-a-without-h	f_pjztpmtrf77ds	f_pjztpmtrf77ds	13627	Phal	káan	shoulder
short-a-without-h	f_eriylidlq3u62	f_eriylidlq3u62	8711	Phal	práal	light
short-a-without-h	f_lke2sojllsqo6	f_lke2sojllsqo6	4762	Phal	čáar	fresh grass (esp. as fodder)
short-a-without-h	f_ngs5aomfmojuu	f_ngs5aomfmojuu		Phal	ḍáag	markhor (a species of wild goat)
short-a-without-h	f_lmnlacvhvk234	f_lmnlacvhvk234	10539	Phal	rat	blood
short-a-without-h	f_t5a7mftwa63jy	f_t5a7mftwa63jy	5303	Phal	ǰar	fever
short-a-without-h	f_xlnes4fwtrbqi	f_xlnes4fwtrbqi		Phal	ak	a, an; a certain
short-a-without-h	f_n3bocqps2kva2	f_n3bocqps2kva2		Phal	ḍáab	plateau, plain area on top of a hill
short-a-without-h	f_qoqc6cg66i3ji	f_qoqc6cg66i3ji		Phal	rang	colour; paint; complexion
short-a-without-h	f_2uvsw4rsxfv6k	f_2uvsw4rsxfv6k	6724	Phal	dand	hill side, peak, ridge
short-a-without-h	f_ehdsduazeeeua	f_ehdsduazeeeua	6651	Phal	dar	door
short-a-without-h	f_ndm7sgvqas5h2	f_ndm7sgvqas5h2	2462	Phal	áak	one; one (person), someone
short-a-without-h	f_rsldl4hnjzwoo	f_rsldl4hnjzwoo	941	Phal	áaṣṭ	eight
short-a-without-h	f_6aypqwxcxxodq	f_6aypqwxcxxodq	12326	Phal	šan	roof
short-a-without-h	f_nzfrt6zf2ixns	f_nzfrt6zf2ixns		Phal	ḍab	plateau, plain area on top of a hill
short-a-without-h	f_s2kssaz5iw5ge	f_s2kssaz5iw5ge	10412	Phal	yáandr	mill
short-a-without-h	f_e5ptsrrsr5ncy	f_e5ptsrrsr5ncy	2462	Phal	áa	one; one (person), someone
short-a-without-h	f_ma7oj2akp5mry	f_ma7oj2akp5mry	6651	Phal	dáar	door
short-a-without-h	f_ds75yrlrwc2pm	f_ds75yrlrwc2pm	6227	Phal	daš	ten
short-a-without-h	f_riwftdprddvuk	f_riwftdprddvuk	2830	Phal	káaṇ	ear
short-a-without-h	f_37y7iic4geeuy	f_37y7iic4geeuy	6724	Phal	dáand	hill side, peak, ridge
short-a-without-h	f_ujvlyk74hm24w	f_ujvlyk74hm24w	7031	Phal	náas	nose
short-a-without-h	f_a6lnhdjqs3q4k	f_a6lnhdjqs3q4k	7655	Phal	páanǰ	five
short-a-without-h	f_3cwqiqkayoa7s	f_3cwqiqkayoa7s	10412	Phal	yandr	mill
short-a-without-h	f_wn272w7tdocgm	f_wn272w7tdocgm	11348	Phal	baṭ	stone, rock
short-a-without-h	f_5rrns4glngxoq	f_5rrns4glngxoq	2462	Phal	ak	one; one (person), someone
short-a-without-h	f_stjehsosoczzo	f_stjehsosoczzo	13254	Phal	sáar	lake, pond, puddle
short-a-without-h	f_ol4gcmoqbmzts	f_ol4gcmoqbmzts		Phal	áak	a, an; a certain
short-a-without-h	f_zhr2kiplmdubm	f_zhr2kiplmdubm	12326	Phal	šáan	roof
short-a-without-h	f_y2n5hwwg4och4	f_y2n5hwwg4och4	7031	Phal	nas	nose
short-a-without-h	f_sd3by4vn576ps	f_sd3by4vn576ps	11392	Phal	baṣ	rain
short-a-without-h	f_llss66zccqc7a	f_llss66zccqc7a	242	Phal	aáǰ	today
short-a-without-h	f_bkvropwimluxu	f_bkvropwimluxu	13139	Phal	sáat	seven
short-a-without-h	f_7hyftv5pgyvaa	f_7hyftv5pgyvaa	2892	Phal	kráam	work; deed, behaviour
short-a-without-h	f_muzmibohogi2y	f_muzmibohogi2y	4762	Phal	čar	fresh grass (esp. as fodder)
short-a-without-h	f_43vsb4wscgn3s	f_43vsb4wscgn3s	5311	Phal	ǰáar	fever
short-a-without-h	f_ykrvpvohvxtgc	f_ykrvpvohvxtgc	10442	Phal	yáab	irrigation canal
short-a-without-h	f_pled5thcxg4se	f_pled5thcxg4se	7907	Phal	páar	last year
short-a-without-h	f_6z6jcpfcem3y2	f_6z6jcpfcem3y2	8711	Phal	pral	light
short-a-without-h	f_tvk2nswtqcdac	f_tvk2nswtqcdac	5311	Phal	ǰar	fever
short-a-without-h	f_jzo3xvxyczxoa	f_jzo3xvxyczxoa	2830	Phal	kaṇ	ear
short-a-without-h	f_zwahgkgiydy3e	f_zwahgkgiydy3e		Phal	ráang	colour; paint; complexion
short-a-without-h	f_vvaoocqomdriy	f_vvaoocqomdriy	11348	Phal	báaṭ	stone, rock
short-a-without-h	f_zbq6o45kmzoyk	f_zbq6o45kmzoyk	6227	Phal	dáaš	ten
short-a-without-h	f_3uoc2u2w2dxrm	f_3uoc2u2w2dxrm	13627	Phal	kan	shoulder
short-a-without-h	f_ac6wipepaczv2	f_ac6wipepaczv2	5303	Phal	ǰáar	fever
short-a-without-h	f_4ulipxwirqgb2	f_4ulipxwirqgb2	7655	Phal	panǰ	five
short-a-with-h	f_oevcjtgw3t5bo	f_oevcjtgw3t5bo	14024	Phal	haát	hand
short-a-with-h	f_lefvdsipu3sgu	f_lefvdsipu3sgu	3662	Phal	c̣har	waterfall
short-a-with-h	f_gylv2zfgesifi	f_gylv2zfgesifi	13952	Phal	haáḍ	bone
short-a-with-h	f_v72oq5oe2lou4	f_v72oq5oe2lou4	3662	Phal	c̣haár	waterfall
short-a-with-h	f_ma6j5px33fee6	f_ma6j5px33fee6	3792	Phal	kháaṇ	mountain; mountain pass; Lowari Pass
short-a-with-h	f_nh34cikdbtqdu	f_nh34cikdbtqdu	14000	Phal	haál	plough
short-a-with-h	f_lw6ysqpig3ng2	f_lw6ysqpig3ng2	3818	Phal	khar	donkey
short-a-with-h	f_pk7mdyfdru6se	f_pk7mdyfdru6se	3792	Phal	khaṇ	mountain; mountain pass; Lowari Pass
short-a-with-h	f_wvnncfjrwgy76	f_wvnncfjrwgy76	4362	Phal	ghrast	wolf (or predatory animal in general)
short-a-with-h	f_yzdlwulp7kem2	f_yzdlwulp7kem2	6628	Phal	dhráac̣	grape
short-a-with-h	f_5jv2k6r5iiuew	f_5jv2k6r5iiuew	5334	Phal	ǰhaṭ	goat's hair; fur
short-a-with-h	f_mgz7vtmsj5v2k	f_mgz7vtmsj5v2k	13627	Phal	kháaṇ	mountain; mountain pass; Lowari Pass
short-a-with-h	f_wtijmo6m4yece	f_wtijmo6m4yece	3818	Phal	khaár	donkey
short-a-with-h	f_a3qxhivbqwmwu	f_a3qxhivbqwmwu	14000	Phal	hal	plough
short-a-with-h	f_zhqwjvhzncmiy	f_zhqwjvhzncmiy	13952	Phal	haḍ	bone
short-a-with-h	f_2zh7okudbyv4i	f_2zh7okudbyv4i	4362	Phal	ghraást	wolf (or predatory animal in general)
short-a-with-h	f_gecdeusqdghyo	f_gecdeusqdghyo	13627	Phal	khaṇ	mountain; mountain pass; Lowari Pass
short-a-with-h	f_gwlbk3wvxksls	f_gwlbk3wvxksls	6628	Phal	dhrac̣	grape
short-a-with-h	f_7u5cqjsh3cqo2	f_7u5cqjsh3cqo2	14024	Phal	hat	hand
short-a-with-h	f_4is2ibguxjqkg	f_4is2ibguxjqkg	5334	Phal	ǰhaáṭ	goat's hair; fur
Gilgit-short-o-adjectives	f_azd3ekpr2htve	f_azd3ekpr2htve		Sh	atúulo	weak
Gilgit-short-o-adjectives	f_qrpgoksexpmpe	f_qrpgoksexpmpe		Sh	khiriíno	located below
Gilgit-short-o-adjectives	f_yi6ssx6g2r2dw	f_yi6ssx6g2r2dw		Sh	píito	narrow; tight
Gilgit-short-o-adjectives	f_njytmydn2hxgc	f_njytmydn2hxgc		Sh	abaáto	sluggish, lazy
Gilgit-short-o-adjectives	f_rbp53fukb3sya	f_rbp53fukb3sya	10514	Sh	ǰuwáno	lice-ridden
Gilgit-short-o-adjectives	f_icrp52ucre4go	f_icrp52ucre4go	13990	Sh	halíẓo	yellow
Gilgit-short-o-adjectives	f_rad6q24xpqvhy	f_rad6q24xpqvhy		Sh	čáa~ṭo	mute, weak; mute person; fool
Gilgit-short-o-adjectives	f_nab7j676cfyfo	f_nab7j676cfyfo		Sh	gúčo	free from; somehow, without reason, to no purpose
Gilgit-short-o-adjectives	f_xl3kmfsnqx522	f_xl3kmfsnqx522	6983	Sh	naáwo	new
Gilgit-short-o-adjectives	f_2alfis35dlgmm	f_2alfis35dlgmm	6368	Sh	ẓígo	long
Gilgit-short-o-adjectives	f_gyzeastg5fb3y	f_gyzeastg5fb3y		Sh	kóolo ka~óolo	dishonest; crooked person
Gilgit-short-o-adjectives	f_qvnyce5n3r6w2	f_qvnyce5n3r6w2		Sh	šatílo	mighty
Gilgit-short-o-adjectives	f_xvijxbaxtnvha	f_xvijxbaxtnvha		Sh	šiéelo	generous
Gilgit-short-o-adjectives	f_tfna7dxbzzxhu	f_tfna7dxbzzxhu		Sh	tatáro	old, worn out
Gilgit-short-o-adjectives	f_q67ynpv7gvpow	f_q67ynpv7gvpow	722	Sh	aápo	little, slight
Gilgit-short-o-adjectives	f_xbjqhfbvaxdds	f_xbjqhfbvaxdds	13519	Sh	soóno	golden
Gilgit-short-o-adjectives	f_6neyqix5cshlg	f_6neyqix5cshlg	13990	Sh	haliẓo	yellow
Gilgit-short-o-adjectives	f_rzpwf7cgep3k6	f_rzpwf7cgep3k6	11168	Sh	loólyo	red
Gilgit-short-o-adjectives	f_zzmlzkqi52edc	f_zzmlzkqi52edc	12774	Sh	šéeyo	white
Gilgit-short-o-adjectives	f_brhzdpsx6grlk	f_brhzdpsx6grlk	1962	Sh	hagúro	heavy
Gilgit-short-o-adjectives	f_yksbutvuxheg4	f_yksbutvuxheg4		Sh	básko	more, superabundant
Gilgit-short-o-adjectives	f_c6qkbbmjoebj4	f_c6qkbbmjoebj4		Sh	yupóošo	fitting, suitable
Gilgit-short-o-adjectives	f_o7mzywdyvmsli	f_o7mzywdyvmsli		Sh	go~yálo	from the cowshed, also as a personal name
Gilgit-short-o-adjectives	f_hh5x5cslm3ejw	f_hh5x5cslm3ejw	4850	Sh	čúrko	sour
Gilgit-short-o-adjectives	f_m22rxlfp2rxsu	f_m22rxlfp2rxsu		Sh	búṭo	whole, all
Gilgit-short-o-adjectives	f_r3u7jvmxk7o5o	f_r3u7jvmxk7o5o	11225	Sh	báṛo	big
Gilgit-short-o-adjectives	f_zvmu3eieotcls	f_zvmu3eieotcls	7638	Sh	paṣílo	woolen
Gilgit-short-o-adjectives	f_nq2snqzzpvp4u	f_nq2snqzzpvp4u		Sh	aǰóono	foreign, stranger
Gilgit-short-o-adjectives	f_zzfintjsdl77e	f_zzfintjsdl77e	12548	Sh	šúko	dry
Gilgit-short-o-adjectives	f_2oundzqezuhiq	f_2oundzqezuhiq		Sh	ṣa-máazo	six-month
Gilgit-short-o-adjectives	f_owbsqvlvxua2y	f_owbsqvlvxua2y		Sh	héṭo	free
Gilgit-short-o-adjectives	f_xevsmvbpuyey6	f_xevsmvbpuyey6		Sh	kusagáṭo	malicious
Gilgit-short-o-adjectives	f_bxbo6r4diopba	f_bxbo6r4diopba	10299	Sh	míṣṭo	good
Gilgit-short-o-adjectives	f_utshnozod57fw	f_utshnozod57fw	10278	Sh	múu~o	dead; dead person
Gilgit-short-o-adjectives	f_zbmx64np3na7w	f_zbmx64np3na7w	4889	Sh	čúno	small
Gilgit-short-o-adjectives	f_wonoxjz6fwlqe	f_wonoxjz6fwlqe		Sh	karóowo	crooked
Gilgit-short-o-adjectives	f_7xc5vdqk2ywvo	f_7xc5vdqk2ywvo	8283	Sh	puróono	old
Gilgit-short-o-adjectives	f_m56csu6guov3q	f_m56csu6guov3q		Sh	ukeéṣo	steep, sloping (of a mountain or path)
Gilgit-short-o-adjectives	f_esdb7wpul7uyw	f_esdb7wpul7uyw	3533	Sh	kóolo	crooked
Gilgit-short-o-adjectives	f_wnmnquvpmw44y	f_wnmnquvpmw44y	3941	Sh	khúro	lame
Gilgit-short-o-adjectives	f_os754xrsqryue	f_os754xrsqryue		Sh	čáa~lo	open (of the hand), wide, broad
Gilgit-short-o-adjectives	f_czm6kmw3mcpyu	f_czm6kmw3mcpyu	2613	Sh	khačeélo	stingy; miser
Gilgit-short-o-adjectives	f_75am3jmtjhvkm	f_75am3jmtjhvkm	905	Sh	ašaáto	weak
Gilgit-short-o-adjectives	f_zav4yn4r7ekh4	f_zav4yn4r7ekh4		Sh	ariíno	inner, own
Gilgit-short-o-adjectives	f_fihurqt7xqbya	f_fihurqt7xqbya		Sh	garúuwo	goitrous, person with a goiter
Gilgit-short-o-adjectives	f_23ecjlw2f54ng	f_23ecjlw2f54ng		Sh	ariíno	inside; inner
Gilgit-short-o-adjectives	f_szevgf5gonuwo	f_szevgf5gonuwo	11168	Sh	loólyo	red
Gilgit-short-o-adjectives	f_vqeendba23sye	f_vqeendba23sye		Sh	šaruúko	autumnal
Gilgit-short-o-adjectives	f_lb76pjzmnq2pm	f_lb76pjzmnq2pm	1929	Sh	uyáno	hungry
Gilgit-short-o-adjectives	f_7umqq3swigitu	f_7umqq3swigitu		Sh	paǰugalíto	salty, salt-
Gilgit-short-o-adjectives	f_w2ky7z26czu5o	f_w2ky7z26czu5o		Sh	phaṭóoro	strong, thick
Gilgit-short-o-adjectives	f_7xzrim4tncrds	f_7xzrim4tncrds	5244	Sh	ǰoóno	alive; living
Gilgit-short-o-adjectives	f_4uexzdsgnavzg	f_4uexzdsgnavzg	3832	Sh	khábo	left
Gilgit-short-o-adjectives	f_4ycjw6cdeb7d2	f_4ycjw6cdeb7d2	5983	Sh	toómo	own
Gilgit-short-o-adjectives	f_4hg43qu6wffve	f_4hg43qu6wffve	6368	Sh	ẓigo	long
Gilgit-short-o-adjectives	f_rohkcynhsbly6	f_rohkcynhsbly6	12487	Sh	šidálo	cold
Gilgit-short-o-adjectives	f_igbor7h7xjpr4	f_igbor7h7xjpr4		Sh	phatiíno	second, rear
Gilgit-short-o-adjectives	f_yvcqczxn47k64	f_yvcqczxn47k64	6651	Sh	dariino	located outside, foreign
Gilgit-short-o-adjectives	f_kzca6t4hrx53u	f_kzca6t4hrx53u		Sh	minaliílo	beautiful; pretty
Gilgit-short-o-adjectives	f_rk4klfqo2vrqu	f_rk4klfqo2vrqu		Sh	bubuúlo	lukewarm
Gilgit-short-o-adjectives	f_a5apbgwled6z2	f_a5apbgwled6z2	13355	Sh	sáa~ro	clever, strong; clever one
Gilgit-short-o-adjectives	f_3bmhotsfswjsm	f_3bmhotsfswjsm		Sh	niriṣkúno	healthy
Gilgit-short-o-adjectives	f_riom4zpctpxje	f_riom4zpctpxje	11056	Sh	líic̣o	wretched; poor
Gilgit-short-o-adjectives	f_cgia6xwrygi52	f_cgia6xwrygi52	3602	Sh	kúro	mighty; strong
Gilgit-short-o-adjectives	f_svloyl3ng4nsa	f_svloyl3ng4nsa	9568	Sh	búto	whole; all
Gilgit-short-o-adjectives	f_jganqvz5aon34	f_jganqvz5aon34		Sh	dawáno	crazy, mad
Gilgit-short-o-adjectives	f_ym6aganf23zvc	f_ym6aganf23zvc		Sh	ragóoṭo	sick, sick person
Gilgit-short-o-adjectives	f_ehvlrorhsnmo4	f_ehvlrorhsnmo4	3895	Sh	khúṭo	short
Gilgit-short-o-adjectives	f_hjbylbhyn2wj2	f_hjbylbhyn2wj2		Sh	c̣óko	weak, brittle
Gilgit-short-o-adjectives	f_6ijc7fkpggmqs	f_6ijc7fkpggmqs		Sh	šóno	barren
Gilgit-short-o-adjectives	f_5svsl2qm3nptg	f_5svsl2qm3nptg	7621	Sh	páko	ripe, perfect, strong; firm, hard
Gilgit-short-o-adjectives	f_rlu5uzlf3my2i	f_rlu5uzlf3my2i	5938	Sh	c̣íṭo	bitter
Gilgit-short-o-adjectives	f_5xcz75q64rnfk	f_5xcz75q64rnfk	13548	Sh	súu~c̣o	straight, right; truth
Gilgit-short-o-adjectives	f_ynifwldnvpkt4	f_ynifwldnvpkt4		Sh	lóogo	foreign
Gilgit-short-o-adjectives	f_vk4gbyyhcc6v4	f_vk4gbyyhcc6v4	10896	Sh	loóko	fast
Gilgit-short-o-adjectives	f_uiwpjb3aqkqru	f_uiwpjb3aqkqru		Sh	náro	difficult; hard
Gilgit-short-o-adjectives	f_riswpbts4ihiu	f_riswpbts4ihiu		Sh	ekaálo	only, sole
Gilgit-short-o-adjectives	f_zep57ed3ptpho	f_zep57ed3ptpho	7989	Sh	puyoóno	rich
Gilgit-short-o-adjectives	f_kk6nzod5mpbvo	f_kk6nzod5mpbvo	10151	Sh	múto	other
Gilgit-short-o-adjectives	f_vz7yfu2v3ziqq	f_vz7yfu2v3ziqq		Sh	ekčhíro	one-year-old (billy goat)
Gilgit-short-o-adjectives	f_k77jcznkbn4zu	f_k77jcznkbn4zu	12774	Sh	šéeo	white
Gilgit-short-o-adjectives	f_k6ji3yazriyco	f_k6ji3yazriyco		Sh	sác̣o	easy; not difficult
Gilgit-short-o-adjectives	f_3jbwbtlwhmfue	f_3jbwbtlwhmfue		Sh	phaṭáko	bald-headed (or scabby; of a disease causing hair loss and itching)
Gilgit-short-o-adjectives	f_ud7mj456uf466	f_ud7mj456uf466		Sh	tanúlo	thin
Gilgit-short-o-adjectives	f_xvyjzmztgbjb2	f_xvyjzmztgbjb2	12056	Sh	biiro	male
Gilgit-short-o-adjectives	f_fxyp5otnoczcg	f_fxyp5otnoczcg		Sh	čamraáto	flexible; elastic
Gilgit-short-o-adjectives	f_oppdc234uwqru	f_oppdc234uwqru	5244	Sh	ǰiino	alive; healthy
Gilgit-short-o-adjectives	f_6wl4kujjpngx2	f_6wl4kujjpngx2	5839	Sh	tíino	sharp, fast, active, clever
Gilgit-short-o-adjectives	f_g2q4wwqnhcwna	f_g2q4wwqnhcwna		Sh	barádo	(!) pregnant
Gilgit-short-o-adjectives	f_yheygsgjgamwu	f_yheygsgjgamwu		Sh	ajiíno	situated above
Gilgit-short-o-adjectives	f_nt7yvuegn4dzo	f_nt7yvuegn4dzo	2613	Sh	kháčo	bad
Gilgit-short-o-adjectives	f_vvrae4vr2soca	f_vvrae4vr2soca	11054	Sh	léṛo	bastard; born out of wedlock
Gilgit-short-o-adjectives	f_jik6ftmpvansy	f_jik6ftmpvansy	13924	Sh	ispáao	sweet; tasty
Gilgit-short-o-adjectives	f_ojvqhk5b6rhdo	f_ojvqhk5b6rhdo	47	Sh	ac̣héemo	evil, malicious
Gilgit-short-o-adjectives	f_p3m6qkli4ayhk	f_p3m6qkli4ayhk	5679	Sh	taáto	warm
Gilgit-short-o-adjectives	f_jyfklcrrp5xck	f_jyfklcrrp5xck		Sh	aǰiíno	located above; following (year, day)
Gilgit-short-o-adjectives	f_p4cwuhzhuvala	f_p4cwuhzhuvala		Sh	pišíko	farting
Gilgit-short-o-adjectives	f_2truhurbxrbxs	f_2truhurbxrbxs		Sh	ṣéewo	blind
Gilgit-short-o-adjectives	f_getxj7hzotwps	f_getxj7hzotwps		Sh	sác̣o	easy, simple
Gilgit-short-o-adjectives	f_urmvtwugtgr4o	f_urmvtwugtgr4o		Sh	rúulo	frail, weak
Gilgit-short-o-adjectives	f_kudamwuoo36sm	f_kudamwuoo36sm		Sh	bódo	much, many
Gilgit-short-o-adjectives	f_klhmiporttwf6	f_klhmiporttwf6	8330	Sh	púuro	whole, all; fulfilled
Gilgit-short-o-adjectives	f_srd7xbbp4h3qo	f_srd7xbbp4h3qo	8156	Sh	phičílo	beautiful, pretty
Gilgit-short-o-adjectives	f_ysfgf2sowocqi	f_ysfgf2sowocqi	7563	Sh	níilo	blue, green
Gilgit-short-o-adjectives	f_56lcmyw3gkudo	f_56lcmyw3gkudo	7266	Sh	niráno	hungry, hungry person
Gilgit-short-o-adjectives	f_ochwcqbyjmkq4	f_ochwcqbyjmkq4	3451	Sh	kino	black
Gilgit-short-o-adjectives	f_6pur72tqsh6ko	f_6pur72tqsh6ko		Sh	kúuṭo	deaf
Gilgit-short-o-adjectives	f_l34kzhx6brex6	f_l34kzhx6brex6	12196	Sh	báato	open
Gilgit-short-o-adjectives	f_zz3c6hhlkbqwa	f_zz3c6hhlkbqwa	6119	Sh	dac̣híno	right(-hand)
Gilgit-short-o-adjectives	f_cvpx43xzfyvpe	f_cvpx43xzfyvpe	6926	Sh	náno	naked
Gilgit-short-o-adjectives	f_icspxecheusga	f_icspxecheusga	13924	Sh	ispáawo	sweet; tasty
Gilgit-short-o-adjectives	f_f67vhqjdaemms	f_f67vhqjdaemms		Sh	guṭúmo	deep
Gilgit-short-o-adjectives	f_qvjwriuno2ijg	f_qvjwriuno2ijg	7563	Sh	niílo	blue
Gilgit-short-o-adjectives	f_pekcrj6kamvvk	f_pekcrj6kamvvk		Sh	siǰóono	known
Gilgit-short-o-adjectives	f_cwb47jtepvelo	f_cwb47jtepvelo		Sh	uthálo	high
Gilgit-short-o-adjectives	f_m2twc3dmadmxi	f_m2twc3dmadmxi	3451	Sh	kíno	black
Gilgit-short-o-adjectives	f_2ojcjarhnasuu	f_2ojcjarhnasuu		Sh	parúlo	equal, same
Gilgit-short-o-adjectives	f_4n3ojcdeoy5da	f_4n3ojcdeoy5da	5145	Sh	ǰáro	old
Gilgit-short-o-adjectives	f_gh3x3otn2xny2	f_gh3x3otn2xny2		Sh	čimaáro	iron, made of iron
Gilgit-short-o-adjectives	f_icr36tq2zotdg	f_icr36tq2zotdg		Sh	náro	difficult; hard
Gilgit-short-o-adjectives	f_glg7ya6bmyg3e	f_glg7ya6bmyg3e		Sh	phaṛáko	bald-headed (or scabby; of a disease causing hair loss and itching)
Gilgit-short-o-adjectives	f_wbmmfvxtmhuag	f_wbmmfvxtmhuag		Sh	nilaálo	worthless, tasteless, insipid
Gilgit-short-o-adjectives	f_eqvt7fvcyg7zc	f_eqvt7fvcyg7zc		Sh	galalíto	wounded
Palula-short-u-adjectives	f_vh44fout4fin6	f_vh44fout4fin6		Phal	eetheelúku	of that time
Palula-short-u-adjectives	f_luu5elo3b4yo4	f_luu5elo3b4yo4	4119	Phal	ghaḍeerú	older; older one; elder
Palula-short-u-adjectives	f_ff4rkot57t4uy	f_ff4rkot57t4uy	8283	Phal	puróoṇu	old
Palula-short-u-adjectives	f_723oa6bnsjj2a	f_723oa6bnsjj2a	11168	Phal	lhoílu	red; money (substantivized in plural; i.e. red like the 100 rupee note)
Palula-short-u-adjectives	f_e4yxmlio3soxg	f_e4yxmlio3soxg		Phal	kooṭáaṭu	hard
Palula-short-u-adjectives	f_t5orddkbgsdvw	f_t5orddkbgsdvw	3364	Phal	khúšu	left; left-handed
Palula-short-u-adjectives	f_psbipjecrgbfe	f_psbipjecrgbfe		Phal	lúungu	new; fresh; soft
Palula-short-u-adjectives	f_oalouf5f65klk	f_oalouf5f65klk	3451	Phal	kriṣíṇu	black
Palula-short-u-adjectives	f_r3tktzz6kipyk	f_r3tktzz6kipyk		Phal	milaáu	joined; met
Palula-short-u-adjectives	f_ingw6xl7i252y	f_ingw6xl7i252y	3941	Phal	khúṭu	lame (not able to walk normally)
Palula-short-u-adjectives	f_o374kg3sa2qxa	f_o374kg3sa2qxa	11168	Phal	lohílu	red; money (substantivized in plural; i.e. red like the 100 rupee note)
Palula-short-u-adjectives	f_qpquk4q7x3wow	f_qpquk4q7x3wow	2613	Phal	kháču	bad
Palula-short-u-adjectives	f_vtpgawfvin4jk	f_vtpgawfvin4jk		Phal	kirpuṭú	unfaithful
Palula-short-u-adjectives	f_ciq5nophmpy46	f_ciq5nophmpy46		Phal	ateeṇú	like that, just like that; such, so
Palula-short-u-adjectives	f_hf2c3szfsnhfs	f_hf2c3szfsnhfs		Phal	lhookeerú	younger; the younger one
Palula-short-u-adjectives	f_x44vqtch65enm	f_x44vqtch65enm		Phal	heeṇṣukóoku	this year's
Palula-short-u-adjectives	f_p5kfqitphd65a	f_p5kfqitphd65a	9793	Phal	mhoóru	sweet; tasty
Palula-short-u-adjectives	f_mrjb5iywyd3pq	f_mrjb5iywyd3pq		Phal	thiáaḍu	and a half
Palula-short-u-adjectives	f_yijq4jevqjtt6	f_yijq4jevqjtt6		Phal	kaalúku	of age, aged
Palula-short-u-adjectives	f_q5rdzvnehfcam	f_q5rdzvnehfcam		Phal	bhiooṛúuču	from Biori, of Biori; person from Biori
Palula-short-u-adjectives	f_tugwjsztopnme	f_tugwjsztopnme		Phal	pac̣hélu	rotten, spoiled
Palula-short-u-adjectives	f_kffd6gadmjs24	f_kffd6gadmjs24	7563	Phal	níilu	green, blue
Palula-short-u-adjectives	f_55ww7ppfj4keu	f_55ww7ppfj4keu	12487	Phal	šidáalu	cold
Palula-short-u-adjectives	f_kahzrlygezcq2	f_kahzrlygezcq2		Phal	piṇḍúuru	round
Palula-short-u-adjectives	f_jkmzjeewxde2m	f_jkmzjeewxde2m		Phal	sóoru	whole; good, healthy
Palula-short-u-adjectives	f_d3chen4jxfn4a	f_d3chen4jxfn4a		Phal	lhéṇḍu	bald; the bald one
Palula-short-u-adjectives	f_ryksi5mhaxg3w	f_ryksi5mhaxg3w		Phal	čeemáaru	of steel, iron
Palula-short-u-adjectives	f_2qalct2ama34g	f_2qalct2ama34g	8283	Phal	purúuṇu	old
Palula-short-u-adjectives	f_mnm3phpk6csga	f_mnm3phpk6csga	1236	Phal	úumu	unripe; raw
Palula-short-u-adjectives	f_uq3b5itdnhxrs	f_uq3b5itdnhxrs		Phal	kóṇḍu	widowed; hornless
Palula-short-u-adjectives	f_pcfgv3phwnl66	f_pcfgv3phwnl66		Phal	sáamu	like, equal to
Palula-short-u-adjectives	f_yr3bcs6m4torm	f_yr3bcs6m4torm	5839	Phal	tíiṇu	sharp
Palula-short-u-adjectives	f_amxvj4efbsqto	f_amxvj4efbsqto		Phal	dutagháanu	talkative
Palula-short-u-adjectives	f_efhxiql5vlq72	f_efhxiql5vlq72	13548	Phal	c̣húuṇc̣u	straight
Palula-short-u-adjectives	f_tql5kc4xttury	f_tql5kc4xttury	4850	Phal	čúkru	sour
Palula-short-u-adjectives	f_u4bsctvtcv3rg	f_u4bsctvtcv3rg		Phal	lhístu	with little hair or fur; barren
Palula-short-u-adjectives	f_mqnygkujf5e4w	f_mqnygkujf5e4w		Phal	kiṣṭúuču	Nuristani, from Nuristan; person from Nuristan
Palula-short-u-adjectives	f_kydp377akevme	f_kydp377akevme	4118	Phal	gáaḍu	big, large; grown, old; great; adult (man), elder
Palula-short-u-adjectives	f_4j2ms2wmgl2dc	f_4j2ms2wmgl2dc		Phal	khoṇḍáatu	talkative
Palula-short-u-adjectives	f_2w66wnoimvsli	f_2w66wnoimvsli	2540	Phal	úču	few; a little
Palula-short-u-adjectives	f_n53qiu223svli	f_n53qiu223svli		Phal	čúulu	wide, thick, big (about inanimates)
Palula-short-u-adjectives	f_6vhmdrctmbmqy	f_6vhmdrctmbmqy		Phal	parúku	last year's
Palula-short-u-adjectives	f_w4tup63su3j4q	f_w4tup63su3j4q		Phal	tipúku	present
Palula-short-u-adjectives	f_fiiy45egdcmn2	f_fiiy45egdcmn2		Phal	ǰáaru	old; hardened; not fresh
Palula-short-u-adjectives	f_te7erw54blipe	f_te7erw54blipe	6926	Phal	náanu	naked
Palula-short-u-adjectives	f_lc2nlvqh5ysjs	f_lc2nlvqh5ysjs	13363	Phal	sáatru	low (about building, etc.)
Palula-short-u-adjectives	f_3uyd6wv23msu4	f_3uyd6wv23msu4	9330	Phal	bhakúlu	fat, thick; strong
Palula-short-u-adjectives	f_vzzbfoon65zbu	f_vzzbfoon65zbu	4424	Phal	gháanu	large, big
Palula-short-u-adjectives	f_6ooztl6qyvw6q	f_6ooztl6qyvw6q		Phal	aaǰúku	today's
Palula-short-u-adjectives	f_gvckqnihomlgs	f_gvckqnihomlgs		Phal	baa~ílu	made of oak
Palula-short-u-adjectives	f_dpdhpb32rfazk	f_dpdhpb32rfazk	13693	Phal	síndu	wet
Palula-short-u-adjectives	f_mn6v5vwt45rdu	f_mn6v5vwt45rdu		Phal	tróku	thin, skinny; weak, worn
Palula-short-u-adjectives	f_3l6lzdn7huya4	f_3l6lzdn7huya4	2613	Phal	kháaču	bad
Palula-short-u-adjectives	f_nguvkfcw5lnf2	f_nguvkfcw5lnf2	5679	Phal	táatu	hot
Palula-short-u-adjectives	f_udxwwbx4zqrhi	f_udxwwbx4zqrhi		Phal	katíitu	that big; what a big [sth]; how big; of such size
Palula-short-u-adjectives	f_ubdaiww3bug5c	f_ubdaiww3bug5c		Phal	eeteeṇú	like that, just like that; such, so
Palula-short-u-adjectives	f_f2ix3lgckfyla	f_f2ix3lgckfyla	12642	Phal	šišáwu	beautiful
Palula-short-u-adjectives	f_q7sgl57kkttks	f_q7sgl57kkttks		Phal	kaantíiru	insane (person); crazy, mad
Palula-short-u-adjectives	f_3ascirwmhn6g4	f_3ascirwmhn6g4	1962	Phal	ungúru	heavy
Palula-short-u-adjectives	f_ex6dxbujvjsvq	f_ex6dxbujvjsvq	11751	Phal	bidráagu	ill, sick; the sick (person)
Palula-short-u-adjectives	f_vixvbszxadhfy	f_vixvbszxadhfy		Phal	meeṭíilu	of clay
Palula-short-u-adjectives	f_bj33vifiqb57i	f_bj33vifiqb57i		Phal	dhooṛúku	yesterday's; younger
Palula-short-u-adjectives	f_kdq7bq55yqhgu	f_kdq7bq55yqhgu		Phal	léku	small
Palula-short-u-adjectives	f_sxefl3rjy3num	f_sxefl3rjy3num	10496	Phal	yúuṛu	twin (person)
Palula-short-u-adjectives	f_5krpj4xdrbupk	f_5krpj4xdrbupk		Phal	c̣híiku	timid
Palula-short-u-adjectives	f_bofzrqsrbabiy	f_bofzrqsrbabiy	1236	Phal	óomu	unripe; raw
Palula-short-u-adjectives	f_dm4orq5vixtfi	f_dm4orq5vixtfi	8047	Phal	paṇáaru	white
Palula-short-u-adjectives	f_iufdvjszekuyi	f_iufdvjszekuyi		Phal	giḍúuču	from Damel, of Damel; person from Damel
Palula-short-u-adjectives	f_rxbwwjrwknd2c	f_rxbwwjrwknd2c	644	Phal	áaḍu	half; half of, some of; the one half; half of the people; some of them, etc.
Palula-short-u-adjectives	f_gyj7em6aqpm4e	f_gyj7em6aqpm4e	6983	Phal	náawu	new
Palula-short-u-adjectives	f_qeagm36teblt2	f_qeagm36teblt2		Phal	pičhílu	slippery
Palula-short-u-adjectives	f_xzus37vudq3ks	f_xzus37vudq3ks	13534	Phal	šišáwu	beautiful
Palula-short-u-adjectives	f_vul4mnjzxehag	f_vul4mnjzxehag		Phal	bhiaalúku	last night's
Palula-short-u-adjectives	f_2s3dbgr747fbq	f_2s3dbgr747fbq	4889	Phal	čúṇu	thin, small
Palula-short-u-adjectives	f_u5326otvtzozy	f_u5326otvtzozy	6368	Phal	dhrígu	long, tall
Palula-short-u-adjectives	f_qrlzfflxe3dee	f_qrlzfflxe3dee		Phal	atíitu	like that; that much
Palula-short-u-adjectives	f_qfcfmpspbh7km	f_qfcfmpspbh7km		Phal	tríimbu	thick (about plants, forest)
Palula-short-u-adjectives	f_rvrfovg54cto4	f_rvrfovg54cto4	9530	Phal	bhúuru	deaf
Palula-short-u-adjectives	f_js6xgmvlfyzza	f_js6xgmvlfyzza		Phal	muṣṭú	of the past; forward; before, first
Palula-short-u-adjectives	f_gugzwptdgrta2	f_gugzwptdgrta2	9271	Phal	búuḍu	old
Palula-short-u-adjectives	f_pa7dh2435bsry	f_pa7dh2435bsry	11929	Phal	bíiḍu	many; much; very; really
Palula-short-u-adjectives	f_cx3s74iwxjmeo	f_cx3s74iwxjmeo		Phal	kateeṇú	what kind of; such kind of
Palula-short-u-adjectives	f_kzp57hxyqrdyw	f_kzp57hxyqrdyw		Phal	muṣṭúku	of the past, olden
Palula-short-u-adjectives	f_6pxjcbhqnr7m4	f_6pxjcbhqnr7m4	9268	Phal	bhúuru	deaf
Palula-short-u-adjectives	f_ze3frt2tqujw2	f_ze3frt2tqujw2		Phal	wíilu	watery
Palula-short-u-adjectives	f_ej2tgspf33d4a	f_ej2tgspf33d4a	3364	Phal	khúšu	left; left-handed
Palula-short-u-adjectives	f_5pab4miqfzss2	f_5pab4miqfzss2		Phal	súuru	whole; good, healthy
Palula-short-u-adjectives	f_mai5vdmi34kxa	f_mai5vdmi34kxa		Phal	lúugu	strange (person); non-related
Palula-short-u-adjectives	f_2ptb4aviyy6gi	f_2ptb4aviyy6gi		Phal	amilóolu	unsalted
Palula-short-u-adjectives	f_zhge6pthpvojw	f_zhge6pthpvojw		Phal	ǰhaṭíilu	(made) of fur
Palula-short-u-adjectives	f_nxwwzu35he5kg	f_nxwwzu35he5kg	5938	Phal	tríṣṭu	sour, bitter
Palula-short-u-adjectives	f_utujdnpqw6vzi	f_utujdnpqw6vzi		Phal	buc̣hóolu	hungry
Palula-short-u-adjectives	f_2x5egyolhpa7k	f_2x5egyolhpa7k		Phal	lameeṭičhinilú	tail-less
Palula-short-u-adjectives	f_gd3uhtbi7kwqy	f_gd3uhtbi7kwqy		Phal	čóolu	wide, thick, big (about inanimates)
Palula-short-u-adjectives	f_bfujkgwk5yhhy	f_bfujkgwk5yhhy	10896	Phal	lhoóku	small; (small) child
Palula-short-u-adjectives	f_ajjtn2tbz5rp2	f_ajjtn2tbz5rp2	3523	Phal	koomáalu	soft
Palula-short-u-adjectives	f_xscsjsn3hqnwc	f_xscsjsn3hqnwc		Phal	atsharíitu	from Ashret, of Ashret; person from Ashret
Palula-short-u-adjectives	f_rd2tfutqfwfyi	f_rd2tfutqfwfyi		Phal	kúulu	bent; crooked; not straight
Palula-short-u-adjectives	f_gfwv3enm6jbls	f_gfwv3enm6jbls	6119	Phal	deec̣híṇu	right
Palula-short-u-adjectives	f_sszd7suoujs4q	f_sszd7suoujs4q	3153	Phal	kháču	bad
Palula-short-u-adjectives	f_llp4p5ogns3ci	f_llp4p5ogns3ci		Phal	kramačúuru	lazy
Palula-short-u-adjectives	f_jsqqumrn4b7ei	f_jsqqumrn4b7ei		Phal	šaakíilu	wooden
Palula-short-u-adjectives	f_efo43vlpmki4q	f_efo43vlpmki4q	11168	Phal	lhoyílu	red; money (substantivized in plural; i.e. red like the 100 rupee note)
Palula-short-u-adjectives	f_i35dx6ihc3ygm	f_i35dx6ihc3ygm		Phal	eetiitíitu	exactly such
Palula-short-u-adjectives	f_qi4wlcejlnqo2	f_qi4wlcejlnqo2	12009	Phal	bistíiṇu	wide, broad; loose
Palula-short-u-adjectives	f_3tct4vlrxvt6e	f_3tct4vlrxvt6e		Phal	guṭúmbu	deep
Palula-short-u-adjectives	f_vjapbnuo56evc	f_vjapbnuo56evc		Phal	triṣéelu	thirsty
Palula-short-u-adjectives	f_p5k2zpyzwlmzu	f_p5k2zpyzwlmzu		Phal	hateeṇú	like that, just like that; such, so
Palula-short-u-adjectives	f_xp4lzuq6ge24o	f_xp4lzuq6ge24o		Phal	muxaakúku	of the past, olden
Palula-short-u-adjectives	f_fgmogivdj72p4	f_fgmogivdj72p4		Phal	ac̣híiwu	sane
Palula-short-u-adjectives	f_tznb47hr7kv56	f_tznb47hr7kv56		Phal	búku	dull
Palula-short-u-adjectives	f_pcvr4zir2hoow	f_pcvr4zir2hoow		Phal	lhúuṇu	salty
Palula-short-u-adjectives	f_6jpkdn653gavo	f_6jpkdn653gavo	3153	Phal	kháaču	bad
Palula-short-u-adjectives	f_6ysclmsnw6n4s	f_6ysclmsnw6n4s		Phal	phalúuṛu	sole, only
Palula-short-u-adjectives	f_nw7reh3kwkfue	f_nw7reh3kwkfue	10191	Phal	móṇḍu	blunt, pointless
Palula-short-u-adjectives	f_abfkmdm2dtynu	f_abfkmdm2dtynu		Phal	khaṭáanu	short
Palula-short-u-adjectives	f_q2wn3qv65bwia	f_q2wn3qv65bwia		Phal	raatúku	of night (and day) periods
Palula-short-u-adjectives	f_iyzky4h62cfsa	f_iyzky4h62cfsa		Phal	guṭúmu	deep
Palula-short-u-adjectives	f_jvhv7yliln5sk	f_jvhv7yliln5sk		Phal	kaaláaṣu	Kalasha; of Kalasha origin (a neighbouring, non-Muslim, group); Kalasha person
Palula-short-u-adjectives	f_5tff23pqjlouq	f_5tff23pqjlouq	2046	Phal	úbu	light (of weight)
Palula-short-u-adjectives	f_sd7jhqskewqwm	f_sd7jhqskewqwm		Phal	paalúulu	Palulo (person)
Palula-short-u-adjectives	f_h4poxjgevd7km	f_h4poxjgevd7km	12717	Phal	ṣíiṛu	blind (person)
Palula-short-u-adjectives	f_pztwchelayioq	f_pztwchelayioq		Phal	čimaríilu	of steel, iron
Palula-short-u-adjectives	f_nuf2g2rnmtano	f_nuf2g2rnmtano		Phal	móḍu	dull
Palula-short-u-adjectives	f_ckakslbwtixv2	f_ckakslbwtixv2	1440	Phal	aawíiṛu	narrow ; tight
Palula-short-u-adjectives	f_vicer7wlo2rkc	f_vicer7wlo2rkc	1804	Phal	utháalu	high; tall (structure, etc.)
Palula-short-u-adjectives	f_deergxlqmiyvw	f_deergxlqmiyvw	11338	Phal	aaghaabáanu	sky-coloured
Palula-short-u-adjectives	f_igqacbiliw4rq	f_igqacbiliw4rq		Phal	ǰhaṭílu	hairy, fur-clad
Palula-short-u-adjectives	f_mmy6muqnv4olu	f_mmy6muqnv4olu		Phal	kooíilu	made from olive tree wood
Palula-short-u-adjectives	f_3pdwx5j3hoztm	f_3pdwx5j3hoztm		Phal	pamíilu	woolen
Palula-short-u-adjectives	f_7cgajcw3ofv62	f_7cgajcw3ofv62	5244	Phal	ǰáandu	alive; living (person)
Palula-aa-ee-i-nouns	f_cr6siw6xhsxug	f_cr6siw6xhsxug		Phal	baáɣ	garden
Palula-aa-ee-i-nouns	f_simwwkbsatsx4	f_simwwkbsatsx4		Phal	kalighaáṣ	big centipede
Palula-aa-ee-i-nouns	f_jevhihyuwbjuo	f_jevhihyuwbjuo		Phal	riwaáǰ	custom, tradition
Palula-aa-ee-i-nouns	f_mrh5mss5kvm6s	f_mrh5mss5kvm6s		Phal	ǰumaát	mosque
Palula-aa-ee-i-nouns	f_j7erdy53crjvo	f_j7erdy53crjvo		Phal	aawaáz	sound
Palula-aa-ee-i-nouns	f_haktt2flulack	f_haktt2flulack		Phal	daalaán	yard (outside house)
Palula-aa-ee-i-nouns	f_rkx37v4beqbq2	f_rkx37v4beqbq2		Phal	noqsaán	damage
Palula-aa-ee-i-nouns	f_wrbm4lkflf2p4	f_wrbm4lkflf2p4		Phal	rhoošnaám	morning
Palula-aa-ee-i-nouns	f_xx2z6xtslqags	f_xx2z6xtslqags		Phal	aayaát	verse (in the Qur'an)
Palula-aa-ee-i-nouns	f_7fvsosyu2vpuk	f_7fvsosyu2vpuk		Phal	šišawaár	beauty
Palula-aa-ee-i-nouns	f_2jz5daavhokn6	f_2jz5daavhokn6		Phal	taáǰ	crown
Palula-aa-ee-i-nouns	f_cj4cd5rxyzpb6	f_cj4cd5rxyzpb6		Phal	azaáb	punishment (especially divine)
Palula-aa-ee-i-nouns	f_wtrlz3erutpo6	f_wtrlz3erutpo6		Phal	čarbhaáng	dawn
Palula-aa-ee-i-nouns	f_prxoypkhk6au4	f_prxoypkhk6au4		Phal	mheerabaán	thank, thanks
Palula-aa-ee-i-nouns	f_3orleu26h5sj6	f_3orleu26h5sj6		Phal	roošnaám	morning
Palula-aa-ee-i-nouns	f_r42ycfa7hqthc	f_r42ycfa7hqthc		Phal	paakistaán	Pakistan
Palula-aa-ee-i-nouns	f_awz53ddkgnd7k	f_awz53ddkgnd7k		Phal	nuqsaán	damage
Palula-aa-ee-i-nouns	f_no75pl6faee22	f_no75pl6faee22		Phal	sahaát	time, a while
Palula-aa-ee-i-nouns	f_kbddrctgnldfe	f_kbddrctgnldfe		Phal	ǰamaát	class, grade
Palula-aa-ee-i-nouns	f_3npdubdbsskkc	f_3npdubdbsskkc		Phal	salaám	greeting
Palula-aa-ee-i-nouns	f_6bzbyubxz6s74	f_6bzbyubxz6s74		Phal	šaál	veil; sheet; shawl
Palula-aa-ee-i-nouns	f_zbdmmt6wyvn2q	f_zbdmmt6wyvn2q		Phal	insaáf	justice
Palula-aa-ee-i-nouns	f_a5s3m5ze2mbq6	f_a5s3m5ze2mbq6		Phal	ǰazbaát	emotion, feeling
Palula-aa-ee-i-nouns	f_ld4mfv3ncdgp6	f_ld4mfv3ncdgp6		Phal	islaám	Islam
Palula-aa-ee-i-nouns	f_trgo36y7pvdzc	f_trgo36y7pvdzc		Phal	xoraák	food; livelihood
Palula-aa-ee-i-nouns	f_peyh23hgbodl4	f_peyh23hgbodl4	8906	Phal	parhaár	wound
Palula-aa-ee-i-nouns	f_ben4njjx7vqda	f_ben4njjx7vqda		Phal	maalumaát	information
Palula-aa-ee-i-nouns	f_jvs5aaq4v2pca	f_jvs5aaq4v2pca		Phal	saamaán	things, stuff
Palula-aa-ee-i-nouns	f_6tgwnoodhrkjg	f_6tgwnoodhrkjg		Phal	hiimaál	glacier, packed snow; avalanche
Palula-aa-ee-i-nouns	f_e5bausjld6bts	f_e5bausjld6bts		Phal	bigaár	serfdom
Palula-aa-ee-i-nouns	f_5bm3wkpvr27dw	f_5bm3wkpvr27dw		Phal	intizaár	waiting
Palula-aa-ee-i-nouns	f_5iz34b66lch6i	f_5iz34b66lch6i	10702	Phal	raát	night (as a measure of time); 24-hour period
Palula-aa-ee-i-nouns	f_ptbsdpoffnm6o	f_ptbsdpoffnm6o		Phal	sitaár	sitar (musical instrument)
Palula-aa-ee-i-nouns	f_lezpxxbwq73r4	f_lezpxxbwq73r4		Phal	kitaáb	book
Palula-aa-ee-i-nouns	f_4tpbyttjwfcn2	f_4tpbyttjwfcn2		Phal	taár	wire
Palula-aa-ee-i-nouns	f_cqtygeiirggyy	f_cqtygeiirggyy		Phal	traambumaáṇ	wasp's nest
Palula-aa-ee-i-nouns	f_26cwzonouzuqg	f_26cwzonouzuqg		Phal	zabaán	language
Palula-aa-ee-i-nouns	f_rkjainn5k3nog	f_rkjainn5k3nog		Phal	oombaár	canal inlet
Palula-aa-ee-i-nouns	f_bftntasugazbc	f_bftntasugazbc		Phal	bardaáš	endurance; patience
Palula-aa-ee-i-nouns	f_t5g2wjz342ciu	f_t5g2wjz342ciu		Phal	čarbaáng	dawn
Palula-aa-ee-i-nouns	f_3ducnndirswaq	f_3ducnndirswaq		Phal	haawaáz	sound
Palula-aa-ee-i-nouns	f_k6jpyyb2jstte	f_k6jpyyb2jstte		Phal	šidalaár	coldness
Palula-aa-ee-i-nouns	f_oopmhew6iiosg	f_oopmhew6iiosg		Phal	imtihaán	examination, test
Palula-aa-ee-i-nouns	f_wjycsn4v4zsv2	f_wjycsn4v4zsv2		Phal	xeeraát	happiness; peace
Palula-aa-ee-i-nouns	f_nz5i6tqqmgokc	f_nz5i6tqqmgokc		Phal	arabistaán	Arabia
Palula-aa-ee-i-nouns	f_dfn7khd5ytara	f_dfn7khd5ytara		Phal	misaál	example
Palula-aa-ee-i-nouns	f_xvemz4z3alsdy	f_xvemz4z3alsdy		Phal	quraán	the Qur'an
Palula-aa-ee-i-nouns	f_6qfjwqm6ha6ku	f_6qfjwqm6ha6ku		Phal	ǰhaáz	aeroplane; vessel
Palula-aa-ee-i-nouns	f_o3be7ais4mwas	f_o3be7ais4mwas		Phal	musaál	example
Palula-aa-ee-i-nouns	f_g6nucgrncxiim	f_g6nucgrncxiim		Phal	pruugraám	programme
Palula-aa-ee-i-nouns	f_7qj52no7k4jg6	f_7qj52no7k4jg6		Phal	zubaán	language
Palula-aa-ee-i-nouns	f_4347nhvpndvda	f_4347nhvpndvda		Phal	dukaán	shop, store
Palula-aa-ee-i-nouns	f_47u3ly3ybbxl6	f_47u3ly3ybbxl6		Phal	ǰanǰaál	quarrel; war
Palula-aa-ee-i-nouns	f_sgvvv6rxcvvme	f_sgvvv6rxcvvme		Phal	xabaár	news, information
Palula-aa-ee-i-nouns	f_4ksth34gxekg4	f_4ksth34gxekg4		Phal	ilaán	announcement
Palula-aa-ee-i-nouns	f_w7mvth3bi2g4m	f_w7mvth3bi2g4m		Phal	mulaaqaát	meeting, encountering
Palula-aa-ee-i-nouns	f_j3ypcfayd3sri	f_j3ypcfayd3sri		Phal	haál	hall; condition
Palula-aa-ee-i-nouns	f_ibawg2cct3mpe	f_ibawg2cct3mpe		Phal	gilaás	glass (drinking vessel)
Palula-aa-ee-i-nouns	f_7zdpfqqkdtv2i	f_7zdpfqqkdtv2i		Phal	aaraám	rest; ease
Palula-aa-ee-i-nouns	f_xap43gnjpdgxs	f_xap43gnjpdgxs		Phal	dimaáɣ	brain; mind
Palula-aa-ee-i-nouns	f_yul4byzkag7im	f_yul4byzkag7im		Phal	ɣaár	(large) cave
Palula-aa-ee-i-nouns	f_f236htapldwci	f_f236htapldwci		Phal	bhakulaár	fatness
Palula-aa-ee-i-nouns	f_mw6pphenk7jtc	f_mw6pphenk7jtc		Phal	inaám	gift
Palula-aa-ee-i-nouns	f_o7ny5fqgyqd5q	f_o7ny5fqgyqd5q		Phal	kaṛaáw	effort; extra work, burden
Palula-aa-ee-i-nouns	f_ws3wlawve5lpi	f_ws3wlawve5lpi		Phal	laawaáṇ	broth; soup
Palula-aa-ee-i-nouns	f_cjxfs33pltp7s	f_cjxfs33pltp7s		Phal	yaadgaár	memory
Palula-aa-ee-i-nouns	f_ad7axyvp23fn6	f_ad7axyvp23fn6		Phal	šaáx	branch (genealogical)
Palula-aa-ee-i-nouns	f_7uajz5tyhjtfu	f_7uajz5tyhjtfu	9560	Phal	ghuumaál	earthquake
Palula-aa-ee-i-nouns	f_pke6tngkb2kbc	f_pke6tngkb2kbc		Phal	rikaáḍ	recording; record
Palula-aa-ee-i-nouns	f_mtvkqvmfjly4w	f_mtvkqvmfjly4w	11564	Phal	baát	word; talk; issue, matter; speech, language
Palula-aa-ee-i-nouns	f_y4k6pkpg463jm	f_y4k6pkpg463jm	1577	Phal	izraáṇ	rainbow
Palula-aa-ee-i-nouns	f_cxv6opo34xwla	f_cxv6opo34xwla		Phal	puurgaám	programme
Palula-aa-ee-i-nouns	f_zleetkj5xpykk	f_zleetkj5xpykk		Phal	palighaáṣ	four year old male goat
Palula-other-i-nouns	f_gzfywzymjsego	f_gzfywzymjsego	12622	Phal	baṭoošaáṇṭ	sling-shot
Palula-other-i-nouns	f_jlrtdh3hytmjq	f_jlrtdh3hytmjq		Phal	čaál	manner, way, plan; skill, trick
Palula-other-i-nouns	f_6j7bwjs46dzhc	f_6j7bwjs46dzhc		Phal	kundaák	rifle butt; part of plough
Palula-other-i-nouns	f_lefvdsipu3sgu	f_lefvdsipu3sgu	3662	Phal	c̣har	waterfall
Palula-other-i-nouns	f_w36mmh5td7wuu	f_w36mmh5td7wuu	13254	Phal	sar	lake, pond, puddle
Palula-other-i-nouns	f_65qtgf7zbnfua	f_65qtgf7zbnfua		Phal	qurbaán	sacrifice
Palula-other-i-nouns	f_5fsphphvp54li	f_5fsphphvp54li	6744	Phal	dharáṇ	ground; earth
Palula-other-i-nouns	f_yh3due6ygh6rc	f_yh3due6ygh6rc		Phal	xeerát	happiness; peace
Palula-other-i-nouns	f_v72oq5oe2lou4	f_v72oq5oe2lou4	3662	Phal	c̣haár	waterfall
Palula-other-i-nouns	f_xjiinmx2pfobe	f_xjiinmx2pfobe		Phal	maaxaám	evening (appr. 6 to 7 pm)
Palula-other-i-nouns	f_i2nvumifisr56	f_i2nvumifisr56	1474	Phal	aaṣaáṛ	apricot
Palula-other-i-nouns	f_5tw2co4dpblqu	f_5tw2co4dpblqu	5098	Phal	ǰaán	self
Palula-other-i-nouns	f_lke2sojllsqo6	f_lke2sojllsqo6	4762	Phal	čáar	fresh grass (esp. as fodder)
Palula-other-i-nouns	f_qvus2ivqgr7ks	f_qvus2ivqgr7ks		Phal	haalaát	condition; situation
Palula-other-i-nouns	f_4x43zgel26dd4	f_4x43zgel26dd4		Phal	čal	manner, way, plan; skill, trick
Palula-other-i-nouns	f_n3bocqps2kva2	f_n3bocqps2kva2		Phal	ḍáab	plateau, plain area on top of a hill
Palula-other-i-nouns	f_qoqc6cg66i3ji	f_qoqc6cg66i3ji		Phal	rang	colour; paint; complexion
Palula-other-i-nouns	f_6binis63qnpm4	f_6binis63qnpm4		Phal	toobaák	gun; rifle
Palula-other-i-nouns	f_nzfrt6zf2ixns	f_nzfrt6zf2ixns		Phal	ḍab	plateau, plain area on top of a hill
Palula-other-i-nouns	f_d6oho7dkvavmi	f_d6oho7dkvavmi	13878	Phal	šumaáṇ	trouser-cord
Palula-other-i-nouns	f_qrcbyjf3u4hkk	f_qrcbyjf3u4hkk	10394	Phal	ǰhangaár	liver
Palula-other-i-nouns	f_6andetkqqw5vw	f_6andetkqqw5vw		Phal	muṣkaáṛ	crack, mouse (or snake) hole
Palula-other-i-nouns	f_stjehsosoczzo	f_stjehsosoczzo	13254	Phal	sáar	lake, pond, puddle
Palula-other-i-nouns	f_ujvlyk74hm24w	f_ujvlyk74hm24w	7031	Phal	náas	nose
Palula-other-i-nouns	f_7jos67dwczwrs	f_7jos67dwczwrs		Phal	zhaáy	place; property
Palula-other-i-nouns	f_4jhbdvr5gy67e	f_4jhbdvr5gy67e	6744	Phal	dharaáṇ	ground; earth
Palula-other-i-nouns	f_p2wioa7mhm24c	f_p2wioa7mhm24c		Phal	sateemaáǰ	groin
Palula-other-i-nouns	f_64lnwoc34il3e	f_64lnwoc34il3e		Phal	haalát	condition; situation
Palula-other-i-nouns	f_s5x526o46hyeo	f_s5x526o46hyeo		Phal	kaaɣaáz	paper
Palula-other-i-nouns	f_y2n5hwwg4och4	f_y2n5hwwg4och4	7031	Phal	nas	nose
Palula-other-i-nouns	f_23sun5dwzxjiq	f_23sun5dwzxjiq		Phal	lhaáṣṭ	plain or flat area
Palula-other-i-nouns	f_ix3j27w2ljrcs	f_ix3j27w2ljrcs	13468	Phal	suthán	trousers
Palula-other-i-nouns	f_muzmibohogi2y	f_muzmibohogi2y	4762	Phal	čar	fresh grass (esp. as fodder)
Palula-other-i-nouns	f_ntfg7qzdxwroq	f_ntfg7qzdxwroq		Phal	čhaáṭ	shot, blow
Palula-other-i-nouns	f_riq6shcudjksk	f_riq6shcudjksk		Phal	durbaáṭ	pot
Palula-other-i-nouns	f_23ubcozln6vgm	f_23ubcozln6vgm	13468	Phal	suthaán	trousers
Palula-other-i-nouns	f_7ulaz7vf427fk	f_7ulaz7vf427fk		Phal	maaxám	evening (appr. 6 to 7 pm)
Palula-other-i-nouns	f_zwahgkgiydy3e	f_zwahgkgiydy3e		Phal	ráang	colour; paint; complexion
Palula-other-i-nouns	f_enduuhx4of64m	f_enduuhx4of64m		Phal	haár	defeat
Palula-other-i-nouns	f_iu66i4pnaulcm	f_iu66i4pnaulcm		Phal	náaṛ	stream
Palula-other-i-nouns	f_y72fzcb66idm2	f_y72fzcb66idm2	5098	Phal	zaán	self
Palula-other-i-nouns	f_l6qmicfapcklw	f_l6qmicfapcklw	9387	Phal	babaáy	apple
Palula-umlaut-u-adjectives	f_mnm3phpk6csga	f_mnm3phpk6csga	1236	Phal	úumu	unripe; raw
Palula-umlaut-u-adjectives	f_pcfgv3phwnl66	f_pcfgv3phwnl66		Phal	sáamu	like, equal to
Palula-umlaut-u-adjectives	f_sszd7suoujs4q	f_sszd7suoujs4q	3153	Phal	kháču	bad
Palula-umlaut-u-adjectives	f_bofzrqsrbabiy	f_bofzrqsrbabiy	1236	Phal	óomu	unripe; raw
Palula-umlaut-u-adjectives	f_dm4orq5vixtfi	f_dm4orq5vixtfi	8047	Phal	paṇáaru	white
Palula-umlaut-u-adjectives	f_ff4rkot57t4uy	f_ff4rkot57t4uy	8283	Phal	puróoṇu	old
Palula-umlaut-u-adjectives	f_ib7kb2mnuvoq2	f_ib7kb2mnuvoq2		Phal	áak thiáaḍu	one and a half
Palula-umlaut-u-adjectives	f_e4yxmlio3soxg	f_e4yxmlio3soxg		Phal	kooṭáaṭu	hard
Palula-umlaut-u-adjectives	f_rxbwwjrwknd2c	f_rxbwwjrwknd2c	644	Phal	áaḍu	half; half of, some of; the one half; half of the people; some of them, etc.
Palula-umlaut-u-adjectives	f_gyj7em6aqpm4e	f_gyj7em6aqpm4e	6983	Phal	náawu	new
Palula-umlaut-u-adjectives	f_amxvj4efbsqto	f_amxvj4efbsqto		Phal	dutagháanu	talkative
Palula-umlaut-u-adjectives	f_zbnwoqoaa45ji	f_zbnwoqoaa45ji		Phal	páaku	ripened, became cooked (masc sg); ripe, cooked (masc sg)
Palula-umlaut-u-adjectives	f_kydp377akevme	f_kydp377akevme	4118	Phal	gáaḍu	big, large; grown, old; great; adult (man), elder
Palula-umlaut-u-adjectives	f_4j2ms2wmgl2dc	f_4j2ms2wmgl2dc		Phal	khoṇḍáatu	talkative
Palula-umlaut-u-adjectives	f_n53qiu223svli	f_n53qiu223svli		Phal	čúulu	wide, thick, big (about inanimates)
Palula-umlaut-u-adjectives	f_fiiy45egdcmn2	f_fiiy45egdcmn2		Phal	ǰáaru	old; hardened; not fresh
Palula-umlaut-u-adjectives	f_qpquk4q7x3wow	f_qpquk4q7x3wow	2613	Phal	kháču	bad
Palula-umlaut-u-adjectives	f_te7erw54blipe	f_te7erw54blipe	6926	Phal	náanu	naked
Palula-umlaut-u-adjectives	f_6jpkdn653gavo	f_6jpkdn653gavo	3153	Phal	kháaču	bad
Palula-umlaut-u-adjectives	f_lc2nlvqh5ysjs	f_lc2nlvqh5ysjs	13363	Phal	sáatru	low (about building, etc.)
Palula-umlaut-u-adjectives	f_abfkmdm2dtynu	f_abfkmdm2dtynu		Phal	khaṭáanu	short
Palula-umlaut-u-adjectives	f_x44vqtch65enm	f_x44vqtch65enm		Phal	heeṇṣukóoku	this year's
Palula-umlaut-u-adjectives	f_vzzbfoon65zbu	f_vzzbfoon65zbu	4424	Phal	gháanu	large, big
Palula-umlaut-u-adjectives	f_mrjb5iywyd3pq	f_mrjb5iywyd3pq		Phal	thiáaḍu	and a half
Palula-umlaut-u-adjectives	f_3l6lzdn7huya4	f_3l6lzdn7huya4	2613	Phal	kháaču	bad
Palula-umlaut-u-adjectives	f_jvhv7yliln5sk	f_jvhv7yliln5sk		Phal	kaaláaṣu	Kalasha; of Kalasha origin (a neighbouring, non-Muslim, group); Kalasha person
Palula-umlaut-u-adjectives	f_5pab4miqfzss2	f_5pab4miqfzss2		Phal	súuru	whole; good, healthy
Palula-umlaut-u-adjectives	f_nguvkfcw5lnf2	f_nguvkfcw5lnf2	5679	Phal	táatu	hot
Palula-umlaut-u-adjectives	f_2ptb4aviyy6gi	f_2ptb4aviyy6gi		Phal	amilóolu	unsalted
Palula-umlaut-u-adjectives	f_2axkncx35e5aq	f_2axkncx35e5aq		Phal	wáandu	Participial marker
Palula-umlaut-u-adjectives	f_utujdnpqw6vzi	f_utujdnpqw6vzi		Phal	buc̣hóolu	hungry
Palula-umlaut-u-adjectives	f_55ww7ppfj4keu	f_55ww7ppfj4keu	12487	Phal	šidáalu	cold
Palula-umlaut-u-adjectives	f_jkmzjeewxde2m	f_jkmzjeewxde2m		Phal	sóoru	whole; good, healthy
Palula-umlaut-u-adjectives	f_gd3uhtbi7kwqy	f_gd3uhtbi7kwqy		Phal	čóolu	wide, thick, big (about inanimates)
Palula-umlaut-u-adjectives	f_vicer7wlo2rkc	f_vicer7wlo2rkc	1804	Phal	utháalu	high; tall (structure, etc.)
Palula-umlaut-u-adjectives	f_ryksi5mhaxg3w	f_ryksi5mhaxg3w		Phal	čeemáaru	of steel, iron
Palula-umlaut-u-adjectives	f_deergxlqmiyvw	f_deergxlqmiyvw	11338	Phal	aaghaabáanu	sky-coloured
Palula-umlaut-u-adjectives	f_ex6dxbujvjsvq	f_ex6dxbujvjsvq	11751	Phal	bidráagu	ill, sick; the sick (person)
Palula-umlaut-u-adjectives	f_ajjtn2tbz5rp2	f_ajjtn2tbz5rp2	3523	Phal	koomáalu	soft
Palula-umlaut-u-adjectives	f_2qalct2ama34g	f_2qalct2ama34g	8283	Phal	purúuṇu	old
Palula-umlaut-u-adjectives	f_7cgajcw3ofv62	f_7cgajcw3ofv62	5244	Phal	ǰáandu	alive; living (person)
Palula-grammatical-u-adjectives	f_vh44fout4fin6	f_vh44fout4fin6		Phal	eetheelúku	of that time
Palula-grammatical-u-adjectives	f_luu5elo3b4yo4	f_luu5elo3b4yo4	4119	Phal	ghaḍeerú	older; older one; elder
Palula-grammatical-u-adjectives	f_ff4rkot57t4uy	f_ff4rkot57t4uy	8283	Phal	puróoṇu	old
Palula-grammatical-u-adjectives	f_ib7kb2mnuvoq2	f_ib7kb2mnuvoq2		Phal	áak thiáaḍu	one and a half
Palula-grammatical-u-adjectives	f_723oa6bnsjj2a	f_723oa6bnsjj2a	11168	Phal	lhoílu	red; money (substantivized in plural; i.e. red like the 100 rupee note)
Palula-grammatical-u-adjectives	f_e4yxmlio3soxg	f_e4yxmlio3soxg		Phal	kooṭáaṭu	hard
Palula-grammatical-u-adjectives	f_t5orddkbgsdvw	f_t5orddkbgsdvw	3364	Phal	khúšu	left; left-handed
Palula-grammatical-u-adjectives	f_psbipjecrgbfe	f_psbipjecrgbfe		Phal	lúungu	new; fresh; soft
Palula-grammatical-u-adjectives	f_oalouf5f65klk	f_oalouf5f65klk	3451	Phal	kriṣíṇu	black
Palula-grammatical-u-adjectives	f_zbnwoqoaa45ji	f_zbnwoqoaa45ji		Phal	páaku	ripened, became cooked (masc sg); ripe, cooked (masc sg)
Palula-grammatical-u-adjectives	f_u24hs7hngc534	f_u24hs7hngc534#2	3451	Phal	kiṣíṇu	black
Palula-grammatical-u-adjectives	f_ingw6xl7i252y	f_ingw6xl7i252y	3941	Phal	khúṭu	lame (not able to walk normally)
Palula-grammatical-u-adjectives	f_tsqc2jixgygsy	f_tsqc2jixgygsy		Phal	khíndu	became tired (masc sg)
Palula-grammatical-u-adjectives	f_o374kg3sa2qxa	f_o374kg3sa2qxa	11168	Phal	lohílu	red; money (substantivized in plural; i.e. red like the 100 rupee note)
Palula-grammatical-u-adjectives	f_qpquk4q7x3wow	f_qpquk4q7x3wow	2613	Phal	kháču	bad
Palula-grammatical-u-adjectives	f_vtpgawfvin4jk	f_vtpgawfvin4jk		Phal	kirpuṭú	unfaithful
Palula-grammatical-u-adjectives	f_ciq5nophmpy46	f_ciq5nophmpy46		Phal	ateeṇú	like that, just like that; such, so
Palula-grammatical-u-adjectives	f_hf2c3szfsnhfs	f_hf2c3szfsnhfs		Phal	lhookeerú	younger; the younger one
Palula-grammatical-u-adjectives	f_x44vqtch65enm	f_x44vqtch65enm		Phal	heeṇṣukóoku	this year's
Palula-grammatical-u-adjectives	f_p5kfqitphd65a	f_p5kfqitphd65a	9793	Phal	mhoóru	sweet; tasty
Palula-grammatical-u-adjectives	f_mrjb5iywyd3pq	f_mrjb5iywyd3pq		Phal	thiáaḍu	and a half
Palula-grammatical-u-adjectives	f_yijq4jevqjtt6	f_yijq4jevqjtt6		Phal	kaalúku	of age, aged
Palula-grammatical-u-adjectives	f_2axkncx35e5aq	f_2axkncx35e5aq		Phal	wáandu	Participial marker
Palula-grammatical-u-adjectives	f_q5rdzvnehfcam	f_q5rdzvnehfcam		Phal	bhiooṛúuču	from Biori, of Biori; person from Biori
Palula-grammatical-u-adjectives	f_tugwjsztopnme	f_tugwjsztopnme		Phal	pac̣hélu	rotten, spoiled
Palula-grammatical-u-adjectives	f_kffd6gadmjs24	f_kffd6gadmjs24	7563	Phal	níilu	green, blue
Palula-grammatical-u-adjectives	f_55ww7ppfj4keu	f_55ww7ppfj4keu	12487	Phal	šidáalu	cold
Palula-grammatical-u-adjectives	f_kahzrlygezcq2	f_kahzrlygezcq2		Phal	piṇḍúuru	round
Palula-grammatical-u-adjectives	f_jkmzjeewxde2m	f_jkmzjeewxde2m		Phal	sóoru	whole; good, healthy
Palula-grammatical-u-adjectives	f_d3chen4jxfn4a	f_d3chen4jxfn4a		Phal	lhéṇḍu	bald; the bald one
Palula-grammatical-u-adjectives	f_ryksi5mhaxg3w	f_ryksi5mhaxg3w		Phal	čeemáaru	of steel, iron
Palula-grammatical-u-adjectives	f_2qalct2ama34g	f_2qalct2ama34g	8283	Phal	purúuṇu	old
Palula-grammatical-u-adjectives	f_mnm3phpk6csga	f_mnm3phpk6csga	1236	Phal	úumu	unripe; raw
Palula-grammatical-u-adjectives	f_pcfgv3phwnl66	f_pcfgv3phwnl66		Phal	sáamu	like, equal to
Palula-grammatical-u-adjectives	f_yr3bcs6m4torm	f_yr3bcs6m4torm	5839	Phal	tíiṇu	sharp
Palula-grammatical-u-adjectives	f_amxvj4efbsqto	f_amxvj4efbsqto		Phal	dutagháanu	talkative
Palula-grammatical-u-adjectives	f_efhxiql5vlq72	f_efhxiql5vlq72	13548	Phal	c̣húuṇc̣u	straight
Palula-grammatical-u-adjectives	f_tql5kc4xttury	f_tql5kc4xttury	4850	Phal	čúkru	sour
Palula-grammatical-u-adjectives	f_u4bsctvtcv3rg	f_u4bsctvtcv3rg		Phal	lhístu	with little hair or fur; barren
Palula-grammatical-u-adjectives	f_mqnygkujf5e4w	f_mqnygkujf5e4w		Phal	kiṣṭúuču	Nuristani, from Nuristan; person from Nuristan
Palula-grammatical-u-adjectives	f_kydp377akevme	f_kydp377akevme	4118	Phal	gáaḍu	big, large; grown, old; great; adult (man), elder
Palula-grammatical-u-adjectives	f_4j2ms2wmgl2dc	f_4j2ms2wmgl2dc		Phal	khoṇḍáatu	talkative
Palula-grammatical-u-adjectives	f_2w66wnoimvsli	f_2w66wnoimvsli	2540	Phal	úču	few; a little
Palula-grammatical-u-adjectives	f_n53qiu223svli	f_n53qiu223svli		Phal	čúulu	wide, thick, big (about inanimates)
Palula-grammatical-u-adjectives	f_6vhmdrctmbmqy	f_6vhmdrctmbmqy		Phal	parúku	last year's
Palula-grammatical-u-adjectives	f_w4tup63su3j4q	f_w4tup63su3j4q		Phal	tipúku	present
Palula-grammatical-u-adjectives	f_fiiy45egdcmn2	f_fiiy45egdcmn2		Phal	ǰáaru	old; hardened; not fresh
Palula-grammatical-u-adjectives	f_te7erw54blipe	f_te7erw54blipe	6926	Phal	náanu	naked
Palula-grammatical-u-adjectives	f_lc2nlvqh5ysjs	f_lc2nlvqh5ysjs	13363	Phal	sáatru	low (about building, etc.)
Palula-grammatical-u-adjectives	f_3uyd6wv23msu4	f_3uyd6wv23msu4	9330	Phal	bhakúlu	fat, thick; strong
Palula-grammatical-u-adjectives	f_vzzbfoon65zbu	f_vzzbfoon65zbu	4424	Phal	gháanu	large, big
Palula-grammatical-u-adjectives	f_6ooztl6qyvw6q	f_6ooztl6qyvw6q		Phal	aaǰúku	today's
Palula-grammatical-u-adjectives	f_gvckqnihomlgs	f_gvckqnihomlgs		Phal	baa~ílu	made of oak
Palula-grammatical-u-adjectives	f_u7q546idupxa6	f_u7q546idupxa6		Phal	čhúuṇu	put (down) (masc sg)
Palula-grammatical-u-adjectives	f_dpdhpb32rfazk	f_dpdhpb32rfazk	13693	Phal	síndu	wet
Palula-grammatical-u-adjectives	f_mn6v5vwt45rdu	f_mn6v5vwt45rdu		Phal	tróku	thin, skinny; weak, worn
Palula-grammatical-u-adjectives	f_3l6lzdn7huya4	f_3l6lzdn7huya4	2613	Phal	kháaču	bad
Palula-grammatical-u-adjectives	f_nguvkfcw5lnf2	f_nguvkfcw5lnf2	5679	Phal	táatu	hot
Palula-grammatical-u-adjectives	f_udxwwbx4zqrhi	f_udxwwbx4zqrhi		Phal	katíitu	that big; what a big [sth]; how big; of such size
Palula-grammatical-u-adjectives	f_ubdaiww3bug5c	f_ubdaiww3bug5c		Phal	eeteeṇú	like that, just like that; such, so
Palula-grammatical-u-adjectives	f_f2ix3lgckfyla	f_f2ix3lgckfyla	12642	Phal	šišáwu	beautiful
Palula-grammatical-u-adjectives	f_ivtfhgzb25zt2	f_ivtfhgzb25zt2		Phal	šúku	dried (out) (masc sg); dry
Palula-grammatical-u-adjectives	f_q7sgl57kkttks	f_q7sgl57kkttks		Phal	kaantíiru	insane (person); crazy, mad
Palula-grammatical-u-adjectives	f_3ascirwmhn6g4	f_3ascirwmhn6g4	1962	Phal	ungúru	heavy
Palula-grammatical-u-adjectives	f_ex6dxbujvjsvq	f_ex6dxbujvjsvq	11751	Phal	bidráagu	ill, sick; the sick (person)
Palula-grammatical-u-adjectives	f_vixvbszxadhfy	f_vixvbszxadhfy		Phal	meeṭíilu	of clay
Palula-grammatical-u-adjectives	f_bj33vifiqb57i	f_bj33vifiqb57i		Phal	dhooṛúku	yesterday's; younger
Palula-grammatical-u-adjectives	f_kdq7bq55yqhgu	f_kdq7bq55yqhgu		Phal	léku	small
Palula-grammatical-u-adjectives	f_sxefl3rjy3num	f_sxefl3rjy3num	10496	Phal	yúuṛu	twin (person)
Palula-grammatical-u-adjectives	f_5krpj4xdrbupk	f_5krpj4xdrbupk		Phal	c̣híiku	timid
Palula-grammatical-u-adjectives	f_bofzrqsrbabiy	f_bofzrqsrbabiy	1236	Phal	óomu	unripe; raw
Palula-grammatical-u-adjectives	f_dm4orq5vixtfi	f_dm4orq5vixtfi	8047	Phal	paṇáaru	white
Palula-grammatical-u-adjectives	f_iufdvjszekuyi	f_iufdvjszekuyi		Phal	giḍúuču	from Damel, of Damel; person from Damel
Palula-grammatical-u-adjectives	f_rxbwwjrwknd2c	f_rxbwwjrwknd2c	644	Phal	áaḍu	half; half of, some of; the one half; half of the people; some of them, etc.
Palula-grammatical-u-adjectives	f_gyj7em6aqpm4e	f_gyj7em6aqpm4e	6983	Phal	náawu	new
Palula-grammatical-u-adjectives	f_qeagm36teblt2	f_qeagm36teblt2		Phal	pičhílu	slippery
Palula-grammatical-u-adjectives	f_xzus37vudq3ks	f_xzus37vudq3ks	13534	Phal	šišáwu	beautiful
Palula-grammatical-u-adjectives	f_vul4mnjzxehag	f_vul4mnjzxehag		Phal	bhiaalúku	last night's
Palula-grammatical-u-adjectives	f_2s3dbgr747fbq	f_2s3dbgr747fbq	4889	Phal	čúṇu	thin, small
Palula-grammatical-u-adjectives	f_323hoiydob5bo	f_323hoiydob5bo		Phal	púuntu	filled up, were filled (masc sg); full, filled up
Palula-grammatical-u-adjectives	f_u5326otvtzozy	f_u5326otvtzozy	6368	Phal	dhrígu	long, tall
Palula-grammatical-u-adjectives	f_qrlzfflxe3dee	f_qrlzfflxe3dee		Phal	atíitu	like that; that much
Palula-grammatical-u-adjectives	f_qfcfmpspbh7km	f_qfcfmpspbh7km		Phal	tríimbu	thick (about plants, forest)
Palula-grammatical-u-adjectives	f_rvrfovg54cto4	f_rvrfovg54cto4	9530	Phal	bhúuru	deaf
Palula-grammatical-u-adjectives	f_gugzwptdgrta2	f_gugzwptdgrta2	9271	Phal	búuḍu	old
Palula-grammatical-u-adjectives	f_pa7dh2435bsry	f_pa7dh2435bsry	11929	Phal	bíiḍu	many; much; very; really
Palula-grammatical-u-adjectives	f_cx3s74iwxjmeo	f_cx3s74iwxjmeo		Phal	kateeṇú	what kind of; such kind of
Palula-grammatical-u-adjectives	f_kzp57hxyqrdyw	f_kzp57hxyqrdyw		Phal	muṣṭúku	of the past, olden
Palula-grammatical-u-adjectives	f_6pxjcbhqnr7m4	f_6pxjcbhqnr7m4	9268	Phal	bhúuru	deaf
Palula-grammatical-u-adjectives	f_ze3frt2tqujw2	f_ze3frt2tqujw2		Phal	wíilu	watery
Palula-grammatical-u-adjectives	f_ej2tgspf33d4a	f_ej2tgspf33d4a	3364	Phal	khúšu	left; left-handed
Palula-grammatical-u-adjectives	f_5pab4miqfzss2	f_5pab4miqfzss2		Phal	súuru	whole; good, healthy
Palula-grammatical-u-adjectives	f_mai5vdmi34kxa	f_mai5vdmi34kxa		Phal	lúugu	strange (person); non-related
Palula-grammatical-u-adjectives	f_2ptb4aviyy6gi	f_2ptb4aviyy6gi		Phal	amilóolu	unsalted
Palula-grammatical-u-adjectives	f_zhge6pthpvojw	f_zhge6pthpvojw		Phal	ǰhaṭíilu	(made) of fur
Palula-grammatical-u-adjectives	f_nxwwzu35he5kg	f_nxwwzu35he5kg	5938	Phal	tríṣṭu	sour, bitter
Palula-grammatical-u-adjectives	f_utujdnpqw6vzi	f_utujdnpqw6vzi		Phal	buc̣hóolu	hungry
Palula-grammatical-u-adjectives	f_2x5egyolhpa7k	f_2x5egyolhpa7k		Phal	lameeṭičhinilú	tail-less
Palula-grammatical-u-adjectives	f_gd3uhtbi7kwqy	f_gd3uhtbi7kwqy		Phal	čóolu	wide, thick, big (about inanimates)
Palula-grammatical-u-adjectives	f_bfujkgwk5yhhy	f_bfujkgwk5yhhy	10896	Phal	lhoóku	small; (small) child
Palula-grammatical-u-adjectives	f_ajjtn2tbz5rp2	f_ajjtn2tbz5rp2	3523	Phal	koomáalu	soft
Palula-grammatical-u-adjectives	f_xscsjsn3hqnwc	f_xscsjsn3hqnwc		Phal	atsharíitu	from Ashret, of Ashret; person from Ashret
Palula-grammatical-u-adjectives	f_rd2tfutqfwfyi	f_rd2tfutqfwfyi		Phal	kúulu	bent; crooked; not straight
Palula-grammatical-u-adjectives	f_gfwv3enm6jbls	f_gfwv3enm6jbls	6119	Phal	deec̣híṇu	right
Palula-grammatical-u-adjectives	f_sszd7suoujs4q	f_sszd7suoujs4q	3153	Phal	kháču	bad
Palula-grammatical-u-adjectives	f_llp4p5ogns3ci	f_llp4p5ogns3ci		Phal	kramačúuru	lazy
Palula-grammatical-u-adjectives	f_jsqqumrn4b7ei	f_jsqqumrn4b7ei		Phal	šaakíilu	wooden
Palula-grammatical-u-adjectives	f_efo43vlpmki4q	f_efo43vlpmki4q	11168	Phal	lhoyílu	red; money (substantivized in plural; i.e. red like the 100 rupee note)
Palula-grammatical-u-adjectives	f_i35dx6ihc3ygm	f_i35dx6ihc3ygm		Phal	eetiitíitu	exactly such
Palula-grammatical-u-adjectives	f_qi4wlcejlnqo2	f_qi4wlcejlnqo2	12009	Phal	bistíiṇu	wide, broad; loose
Palula-grammatical-u-adjectives	f_3tct4vlrxvt6e	f_3tct4vlrxvt6e		Phal	guṭúmbu	deep
Palula-grammatical-u-adjectives	f_vjapbnuo56evc	f_vjapbnuo56evc		Phal	triṣéelu	thirsty
Palula-grammatical-u-adjectives	f_p5k2zpyzwlmzu	f_p5k2zpyzwlmzu		Phal	hateeṇú	like that, just like that; such, so
Palula-grammatical-u-adjectives	f_xp4lzuq6ge24o	f_xp4lzuq6ge24o		Phal	muxaakúku	of the past, olden
Palula-grammatical-u-adjectives	f_tznb47hr7kv56	f_tznb47hr7kv56		Phal	búku	dull
Palula-grammatical-u-adjectives	f_pcvr4zir2hoow	f_pcvr4zir2hoow		Phal	lhúuṇu	salty
Palula-grammatical-u-adjectives	f_6jpkdn653gavo	f_6jpkdn653gavo	3153	Phal	kháaču	bad
Palula-grammatical-u-adjectives	f_6ysclmsnw6n4s	f_6ysclmsnw6n4s		Phal	phalúuṛu	sole, only
Palula-grammatical-u-adjectives	f_abfkmdm2dtynu	f_abfkmdm2dtynu		Phal	khaṭáanu	short
Palula-grammatical-u-adjectives	f_q2wn3qv65bwia	f_q2wn3qv65bwia		Phal	raatúku	of night (and day) periods
Palula-grammatical-u-adjectives	f_iyzky4h62cfsa	f_iyzky4h62cfsa		Phal	guṭúmu	deep
Palula-grammatical-u-adjectives	f_vlzdjil7g3rao	f_vlzdjil7g3rao#2	13776	Phal	thúlu	fat; fat (about animals)
Palula-grammatical-u-adjectives	f_jvhv7yliln5sk	f_jvhv7yliln5sk		Phal	kaaláaṣu	Kalasha; of Kalasha origin (a neighbouring, non-Muslim, group); Kalasha person
Palula-grammatical-u-adjectives	f_5tff23pqjlouq	f_5tff23pqjlouq	2046	Phal	úbu	light (of weight)
Palula-grammatical-u-adjectives	f_sd7jhqskewqwm	f_sd7jhqskewqwm		Phal	paalúulu	Palulo (person)
Palula-grammatical-u-adjectives	f_h4poxjgevd7km	f_h4poxjgevd7km	12717	Phal	ṣíiṛu	blind (person)
Palula-grammatical-u-adjectives	f_pztwchelayioq	f_pztwchelayioq		Phal	čimaríilu	of steel, iron
Palula-grammatical-u-adjectives	f_nuf2g2rnmtano	f_nuf2g2rnmtano		Phal	móḍu	dull
Palula-grammatical-u-adjectives	f_ckakslbwtixv2	f_ckakslbwtixv2	1440	Phal	aawíiṛu	narrow ; tight
Palula-grammatical-u-adjectives	f_vicer7wlo2rkc	f_vicer7wlo2rkc	1804	Phal	utháalu	high; tall (structure, etc.)
Palula-grammatical-u-adjectives	f_deergxlqmiyvw	f_deergxlqmiyvw	11338	Phal	aaghaabáanu	sky-coloured
Palula-grammatical-u-adjectives	f_igqacbiliw4rq	f_igqacbiliw4rq		Phal	ǰhaṭílu	hairy, fur-clad
Palula-grammatical-u-adjectives	f_mmy6muqnv4olu	f_mmy6muqnv4olu		Phal	kooíilu	made from olive tree wood
Palula-grammatical-u-adjectives	f_7cgajcw3ofv62	f_7cgajcw3ofv62	5244	Phal	ǰáandu	alive; living (person)
raising-Biori-early-a-long-final-closed	f_ry3n7zva57zx2	f_ry3n7zva57zx2	2485	Phal	akóoš	eleven
raising-Biori-early-a-long-final-closed	f_o6calhkmzwrkm	f_o6calhkmzwrkm	6429	Phal	dhráak	stream; streambed, gorge
raising-Biori-early-a-long-final-closed	f_iu5minc42dt7i	f_iu5minc42dt7i	6658	Phal	bóoš	twelve
raising-Biori-early-a-long-final-closed	f_u5kifbxvu27ek	f_u5kifbxvu27ek	773	Phal	ooḍhóol	flood
raising-Biori-early-a-long-final-closed	f_5ve2ppopg62pu	f_5ve2ppopg62pu	7838	Phal	peeráaṇ	shirt
raising-Biori-early-a-long-final-closed	f_wjyaott6eyliu	f_wjyaott6eyliu	8139	Phal	páaṣ	dung (from domestic animals)
raising-Biori-early-a-long-final-closed	f_erczhnnmreb6u	f_erczhnnmreb6u	125	Phal	angáar	fire
raising-Biori-early-a-long-final-closed	f_jxzfbrvavutio	f_jxzfbrvavutio	9072	Phal	phóol	ploughshare
raising-Biori-early-a-long-final-closed	f_4ztuj6gmg7reg	f_4ztuj6gmg7reg	12753	Phal	šáar	father-in-law; husband's or wife's father
raising-Biori-early-a-long-final-closed	f_djvox2bzxhwx2	f_djvox2bzxhwx2		Phal	baazáar	bazaar, market
raising-Biori-early-a-long-final-closed	f_czab5hbzlfn2y	f_czab5hbzlfn2y		Phal	čóoḍ	applause, clapping (of hands)
raising-Biori-early-a-long-final-closed	f_564q6wqzzap4c	f_564q6wqzzap4c	2485	Phal	akáaš	eleven
raising-Biori-early-a-long-final-closed	f_o6sre3bcleh5u	f_o6sre3bcleh5u	946	Phal	aṣṭáaš	eighteen
raising-Biori-early-a-long-final-closed	f_nyc3xud7fztig	f_nyc3xud7fztig	12753	Phal	šúur	father-in-law; husband's or wife's father
raising-Biori-early-a-long-final-closed	f_x4krbdidut72q	f_x4krbdidut72q		Phal	iṣkóor	hunting
raising-Biori-early-a-long-final-closed	f_wne7ps63yt7jq	f_wne7ps63yt7jq		Phal	niṣóon	sign, mark; mole
raising-Biori-early-a-long-final-closed	f_sapfnjfhlr6ou	f_sapfnjfhlr6ou	773	Phal	ooḍháal	flood
raising-Biori-early-a-long-final-closed	f_xfa26pc33u5hi	f_xfa26pc33u5hi	6914	Phal	náang	finger-nail
raising-Biori-early-a-long-final-closed	f_cc4kwqzog2vbs	f_cc4kwqzog2vbs	946	Phal	aṣṭóoš	eighteen
raising-Biori-early-a-long-final-closed	f_6mtdurggxxe6y	f_6mtdurggxxe6y	4655	Phal	čúur	four
raising-Biori-early-a-long-final-closed	f_56ce4vgqoqs4i	f_56ce4vgqoqs4i	7838	Phal	peeróoṇ	shirt
raising-Biori-early-a-long-final-closed	f_ii2cx25desta6	f_ii2cx25desta6	8139	Phal	póoṣ	dung (from domestic animals)
raising-Biori-early-a-long-final-closed	f_mrmjlibndsna2	f_mrmjlibndsna2	12260	Phal	šáang	branch (of tree)
raising-Biori-early-a-long-final-closed	f_gxslzxzth47ny	f_gxslzxzth47ny		Phal	dhrúu~ṣ	Drosh (bazaar town in southern Chitral); sub-district (tehsil) centre for the area where Palula is spoken
raising-Biori-early-a-long-final-closed	f_vbndlz7lvuupy	f_vbndlz7lvuupy	9072	Phal	pháal	ploughshare
raising-Biori-early-a-long-final-closed	f_t3rtsjdzmtrqw	f_t3rtsjdzmtrqw	6658	Phal	báaš	twelve
raising-Biori-early-a-long-final-closed	f_2zvz3oqjh6ipw	f_2zvz3oqjh6ipw		Phal	dhráa~ṣ	Drosh (bazaar town in southern Chitral); sub-district (tehsil) centre for the area where Palula is spoken
raising-Biori-early-a-long-final-closed	f_gjaj7m6wppk4u	f_gjaj7m6wppk4u		Phal	c̣hóoṇ	(silver) oak; common evergreen tree on the lower slopes in and around populated areas; its foliage is used for fodder and its wood for fuel
raising-Biori-early-a-long-final-closed	f_dycazcca4blsi	f_dycazcca4blsi		Phal	askóon	easy
raising-Biori-early-a-long-final-closed	f_htzi7vinyiaki	f_htzi7vinyiaki	5582	Phal	ḍáak	back
raising-Biori-early-a-long-final-closed	f_5t7zez6ciunua	f_5t7zez6ciunua	12748	Phal	šilúuk	story, tale
raising-Biori-early-a-long-final-closed	f_vqyhefphhardq	f_vqyhefphhardq	2993	Phal	kóok	crow
raising-Biori-early-a-long-final-closed	f_7umdlg25ohi2q	f_7umdlg25ohi2q	5582	Phal	ḍóok	back
raising-Biori-early-a-long-final-closed	f_oweqerifhv6r2	f_oweqerifhv6r2		Phal	haláal	lawful; lawfully slaughtered
raising-Biori-early-a-long-final-closed	f_f5ho3lzwidija	f_f5ho3lzwidija		Phal	c̣háaṇ	(silver) oak; common evergreen tree on the lower slopes in and around populated areas; its foliage is used for fodder and its wood for fuel
raising-Biori-early-a-long-final-closed	f_4utvuyzqnbaje	f_4utvuyzqnbaje		Phal	halóol	lawful; lawfully slaughtered
raising-Biori-early-a-long-final-closed	f_6k7ikxs2zpsma	f_6k7ikxs2zpsma		Phal	šáal	grass storage; sheaf
raising-Biori-early-a-long-final-closed	f_morzftp3dritw	f_morzftp3dritw		Phal	c̣hetráal	Chitral (the district or the adminitrative centre of the district)
raising-Biori-early-a-long-final-closed	f_menivji7rndby	f_menivji7rndby	13146	Phal	satóoš	seventeen
raising-Biori-early-a-long-final-closed	f_nggqmj4gkp5pw	f_nggqmj4gkp5pw		Phal	galaṭóok	Kalkatak (partly Palula-speaking village south of Drosh, situated in the main Chitral Valley)
raising-Biori-early-a-long-final-closed	f_syg34sksoefao	f_syg34sksoefao		Phal	čáaḍ	applause, clapping (of hands)
raising-Biori-early-a-long-final-closed	f_qsdzbdqqu63ck	f_qsdzbdqqu63ck		Phal	šóol	grass storage; sheaf
raising-Biori-early-a-long-final-closed	f_kbwratzfppgig	f_kbwratzfppgig		Phal	máaṛ	lap
raising-Biori-early-a-long-final-closed	f_y6qofegwfpvwc	f_y6qofegwfpvwc		Phal	phóom	care
raising-Biori-early-a-long-final-closed	f_t5btv6xk5bp3i	f_t5btv6xk5bp3i	4368	Phal	ghráam	village; permanent settlement (in contrast with sóon 'summer pasture'); Ashret proper, also atshareét xaás
raising-Biori-early-a-long-final-closed	f_lbo5y3fqj2la4	f_lbo5y3fqj2la4	4655	Phal	čáar	four
raising-Biori-early-a-long-final-closed	f_yc7zva2lxgyom	f_yc7zva2lxgyom		Phal	iṣkáar	hunting
raising-Biori-early-a-long-final-closed	f_xkfe3dwmge3j2	f_xkfe3dwmge3j2	7047	Phal	náaṛ	canal; inlet; flume
raising-Biori-early-a-long-final-closed	f_5sol77wmgoe32	f_5sol77wmgoe32		Phal	xaláas	free
raising-Biori-early-a-long-final-closed	f_ni6hi4kdybykk	f_ni6hi4kdybykk	13146	Phal	satáaš	seventeen
raising-Biori-early-a-long-final-closed	f_hfedfuwbpzf3c	f_hfedfuwbpzf3c		Phal	niṣáan	sign, mark; mole
raising-Biori-early-a-long-final-closed	f_ac2stikkcy2o4	f_ac2stikkcy2o4		Phal	pháam	care
raising-Biori-early-a-long-final-closed	f_o4wnam3uwwens	f_o4wnam3uwwens		Phal	sáan	summer (high) pasture
raising-Biori-early-a-long-final-closed	f_kr4yfnfmedqdq	f_kr4yfnfmedqdq		Phal	galaṭáak	Kalkatak (partly Palula-speaking village south of Drosh, situated in the main Chitral Valley)
raising-Biori-early-a-long-final-closed	f_k7mwkmwaaoyac	f_k7mwkmwaaoyac		Phal	múuṛ	lap
raising-Biori-early-a-long-final-closed	f_y62ttldukj3xs	f_y62ttldukj3xs		Phal	nimáas	prayer
raising-Biori-early-a-long-final-closed	f_kfcfwhixxlmjg	f_kfcfwhixxlmjg	7047	Phal	nóoṛ	canal; inlet; flume
raising-Biori-early-a-long-final-closed	f_zblfkizg5h24c	f_zblfkizg5h24c		Phal	xalóos	free
raising-Biori-early-a-long-final-closed	f_meems6e5ejkpm	f_meems6e5ejkpm	12260	Phal	šóong	branch (of tree)
raising-Biori-early-a-long-final-closed	f_ceqs73vbsapl4	f_ceqs73vbsapl4	4368	Phal	ghróom	village; permanent settlement (in contrast with sóon 'summer pasture'); Ashret proper, also atshareét xaás
raising-Biori-early-a-long-final-closed	f_fgved6gdr3irg	f_fgved6gdr3irg	125	Phal	angóor	fire
raising-Biori-early-a-long-final-closed	f_4wms6dstvwxwm	f_4wms6dstvwxwm		Phal	c̣hatróol	Chitral (the district or the adminitrative centre of the district)
raising-Biori-early-a-long-final-closed	f_qkuc5sn57e4ze	f_qkuc5sn57e4ze	6429	Phal	dhrúuk	stream; streambed, gorge
raising-Biori-early-a-long-final-closed	f_xigil7txv5xjq	f_xigil7txv5xjq		Phal	baazóor	bazaar, market
raising-Biori-early-a-long-final-closed	f_omztjlsgwlsqu	f_omztjlsgwlsqu		Phal	sóon	summer (high) pasture
raising-Biori-early-a-long-final-closed	f_d7jo25vaj6y4e	f_d7jo25vaj6y4e	6914	Phal	nóong	finger-nail
raising-Biori-early-a-long-final-closed	f_dgu4w4pyomgoc	f_dgu4w4pyomgoc		Phal	nimóos	prayer
raising-Biori-early-a-long-final-closed	f_e6d7bfzy6eqy6	f_e6d7bfzy6eqy6	12748	Phal	šiláak	story, tale
raising-Biori-early-a-long-final-closed	f_nhsfjxqgltvlo	f_nhsfjxqgltvlo		Phal	askáan	easy
raising-Biori-early-a-long-final-closed	f_cysfblokv5aly	f_cysfblokv5aly	2993	Phal	káak	crow
raising-Biori-early-e-long-final-closed	f_t6jlv7ls3576i	f_t6jlv7ls3576i	9467	Phal	bharíiw	husband
raising-Biori-early-e-long-final-closed	f_zkczgh3im7oro	f_zkczgh3im7oro	9467	Phal	bharéew	husband
raising-Biori-early-e-long-final-closed	f_bbmp5mitxaydq	f_bbmp5mitxaydq	12323	Phal	šíin	bed (charpoy, string bed)
raising-Biori-early-e-long-final-closed	f_gb7ebqif4o4vm	f_gb7ebqif4o4vm	6001	Phal	tréeš	thirteen
raising-Biori-early-e-long-final-closed	f_bxmzpz6hgrrdo	f_bxmzpz6hgrrdo	9828	Phal	méeš	man; person
raising-Biori-early-e-long-final-closed	f_h4gzgus5yqte2	f_h4gzgus5yqte2		Phal	réeẓ	goat track (in the mountains)
raising-Biori-early-e-long-final-closed	f_fd7tddjso7t6o	f_fd7tddjso7t6o	4605	Phal	čandíiš	fourteen
raising-Biori-early-e-long-final-closed	f_b5kjievwi6mm2	f_b5kjievwi6mm2	3735	Phal	c̣híitr	field; (tilled) land
raising-Biori-early-e-long-final-closed	f_2rmhvuusytymy	f_2rmhvuusytymy	9828	Phal	míiš	man; person
raising-Biori-early-e-long-final-closed	f_p3hg4ip75suxu	f_p3hg4ip75suxu	6547	Phal	díiš	(home) village
raising-Biori-early-e-long-final-closed	f_escgdhcybsaa6	f_escgdhcybsaa6		Phal	ríiẓ	goat track (in the mountains)
raising-Biori-early-e-long-final-closed	f_rksdx76oapj5c	f_rksdx76oapj5c	6547	Phal	déeš	(home) village
raising-Biori-early-e-long-final-closed	f_ewzpbbjprv3hu	f_ewzpbbjprv3hu	6001	Phal	tríiš	thirteen
raising-Biori-early-e-long-final-closed	f_xtgxvpjbrsvsq	f_xtgxvpjbrsvsq	3735	Phal	c̣héetr	field; (tilled) land
raising-Biori-early-e-long-final-closed	f_owegg2pm3xzgk	f_owegg2pm3xzgk	12323	Phal	šéen	bed (charpoy, string bed)
raising-Biori-early-e-long-final-closed	f_zy5mckwbbsc62	f_zy5mckwbbsc62	4605	Phal	čandéeš	fourteen
raising-Biori-early-e-long-final-closed	f_zw6hwi6npjnfw	f_zw6hwi6npjnfw	12812	Phal	ṣoṛíiš	sixteen
raising-Biori-early-e-long-final-closed	f_gdkyfh6amx5cq	f_gdkyfh6amx5cq	7662	Phal	panǰéeš	fifteen
raising-Biori-early-e-long-final-closed	f_mg5mx3zylkvrq	f_mg5mx3zylkvrq	6546	Phal	díir	brother-in-law; a woman's husband's brother
raising-Biori-early-e-long-final-closed	f_jyeonmmxspsiu	f_jyeonmmxspsiu	6546	Phal	déer	brother-in-law; a woman's husband's brother
raising-Biori-early-e-long-final-closed	f_eu5l67mnttz2i	f_eu5l67mnttz2i	12812	Phal	ṣoṛéeš	sixteen
raising-Biori-early-e-long-final-closed	f_irdjwtnn2inog	f_irdjwtnn2inog	7662	Phal	panǰíiš	fifteen
raising-Biori-late-a-long-final-closed	f_vce5ypig532yi	f_vce5ypig532yi		Phal	lanaám	them (dist acc)
raising-Biori-late-a-long-final-closed	f_sraw77ulsl4tc	f_sraw77ulsl4tc		Phal	tanaám	them (rem acc)
raising-Biori-late-a-long-final-closed	f_jkz75y65jupjg	f_jkz75y65jupjg		Phal	tenaám	them (rem acc)
raising-Biori-late-a-long-final-closed	f_ptboulpidn3gy	f_ptboulpidn3gy		Phal	lenaám	them (dist acc)
Kalkoti-comparison-Palula-E-without-short-final-vowel	f_5y7t246emhx2i	f_5y7t246emhx2i	9661	Kalk	dra	brother
Kalkoti-comparison-Palula-E-without-short-final-vowel	f_45cqtntl6b4ca	f_45cqtntl6b4ca	2462	Kalk	äk	one
Kalkoti-comparison-Palula-E-without-short-final-vowel	f_iu5minc42dt7i	f_iu5minc42dt7i	6658	Phal	bóoš	twelve
Kalkoti-comparison-Palula-E-without-short-final-vowel	f_nym735embdbbq	f_nym735embdbbq	6152	Kalk	daan	tooth
Kalkoti-comparison-Palula-E-without-short-final-vowel	f_sr7ofangymbyy	f_sr7ofangymbyy	7785	Phal	páand	path, road
Kalkoti-comparison-Palula-E-without-short-final-vowel	f_5byfzo77linx6	f_5byfzo77linx6	7785	Kalk	paan	path
Kalkoti-comparison-Palula-E-without-short-final-vowel	f_a6czihnjrvck4	f_a6czihnjrvck4	4655	Kalk	čoor	four
Kalkoti-comparison-Palula-E-without-short-final-vowel	f_nqgd33l5hhkfo	f_nqgd33l5hhkfo	6658	Kalk	baáš	twelve
Kalkoti-comparison-Palula-E-without-short-final-vowel	f_xdzllnipbgl4u	f_xdzllnipbgl4u	2830	Kalk	kaan	ear
Kalkoti-comparison-Palula-E-without-short-final-vowel	f_uxwou6xa2rn32	f_uxwou6xa2rn32	13139	Kalk	saat	seven
Kalkoti-comparison-Palula-E-without-short-final-vowel	f_7jxxuvd2ejex2	f_7jxxuvd2ejex2	6227	Kalk	diš	ten
Kalkoti-comparison-Palula-E-without-short-final-vowel	f_xcbz4fspwezdw	f_xcbz4fspwezdw	6227	Kalk	deeš	ten
Kalkoti-comparison-Palula-E-without-short-final-vowel	f_nyc3xud7fztig	f_nyc3xud7fztig	12753	Phal	šúur	father-in-law; husband's or wife's father
Kalkoti-comparison-Palula-E-without-short-final-vowel	f_ngygjwbkf7xwa	f_ngygjwbkf7xwa	10539	Phal	ráat	blood
Kalkoti-comparison-Palula-E-without-short-final-vowel	f_kg3kpvjbpbbwo	f_kg3kpvjbpbbwo	6001	Kalk	treéš	thirteen
Kalkoti-comparison-Palula-E-without-short-final-vowel	f_faxpiecbckpay	f_faxpiecbckpay	2462	Kalk	äk	one
Kalkoti-comparison-Palula-E-without-short-final-vowel	f_ma7uwt6urpje6	f_ma7uwt6urpje6	6152	Kalk	daan	tooth
Kalkoti-comparison-Palula-E-without-short-final-vowel	f_e6gpjsokdkldy	f_e6gpjsokdkldy	5994	Kalk	traa	three
Kalkoti-comparison-Palula-E-without-short-final-vowel	f_6mtdurggxxe6y	f_6mtdurggxxe6y	4655	Phal	čúur	four
Kalkoti-comparison-Palula-E-without-short-final-vowel	f_ky22likdlg36w	f_ky22likdlg36w	6648	Phal	dúu	two
Kalkoti-comparison-Palula-E-without-short-final-vowel	f_7fzbbwvnqq5lw	f_7fzbbwvnqq5lw	6152	Phal	dáand	tooth
Kalkoti-comparison-Palula-E-without-short-final-vowel	f_3hsviwixgk6ws	f_3hsviwixgk6ws	9828	Kalk	meeš	man
Kalkoti-comparison-Palula-E-without-short-final-vowel	f_dvap6kvq7atdu	f_dvap6kvq7atdu	6658	Kalk	baaš	twelve
Kalkoti-comparison-Palula-E-without-short-final-vowel	f_np4vsuapmqtaq	f_np4vsuapmqtaq	941	Kalk	iṣ	eight
Kalkoti-comparison-Palula-E-without-short-final-vowel	f_gikfn2biveqiy	f_gikfn2biveqiy	2462	Kalk	ä	one
Kalkoti-comparison-Palula-E-without-short-final-vowel	f_ese4x54zxby7u	f_ese4x54zxby7u	9828	Kalk	meéš	man
Kalkoti-comparison-Palula-E-without-short-final-vowel	f_h5qqxwv2sn6lm	f_h5qqxwv2sn6lm	12753	Kalk	šoor	father-in-law
Kalkoti-comparison-Palula-E-without-short-final-vowel	f_ulli7invxi5fm	f_ulli7invxi5fm	5994	Kalk	traa	three
Kalkoti-comparison-Palula-E-without-short-final-vowel	f_yfaslvwarfbvk	f_yfaslvwarfbvk	2462	Kalk	ä	one
Kalkoti-comparison-Palula-E-without-short-final-vowel	f_izuotzqoy7wuk	f_izuotzqoy7wuk	1921	Phal	wíi	water
Kalkoti-comparison-Palula-E-without-short-final-vowel	f_ndm7sgvqas5h2	f_ndm7sgvqas5h2	2462	Phal	áak	one; one (person), someone
Kalkoti-comparison-Palula-E-without-short-final-vowel	f_l5e4enw3ttgw2	f_l5e4enw3ttgw2	4655	Kalk	čoor	four
Kalkoti-comparison-Palula-E-without-short-final-vowel	f_rsldl4hnjzwoo	f_rsldl4hnjzwoo	941	Phal	áaṣṭ	eight
Kalkoti-comparison-Palula-E-without-short-final-vowel	f_xhzc5kdk5dq6a	f_xhzc5kdk5dq6a	9661	Kalk	dra	brother
Kalkoti-comparison-Palula-E-without-short-final-vowel	f_2rmhvuusytymy	f_2rmhvuusytymy	9828	Phal	míiš	man; person
Kalkoti-comparison-Palula-E-without-short-final-vowel	f_5r24fcdrxoxj2	f_5r24fcdrxoxj2	2892	Kalk	traam	work
Kalkoti-comparison-Palula-E-without-short-final-vowel	f_plslnaqnzues4	f_plslnaqnzues4	13254	Kalk	sär	lake
Kalkoti-comparison-Palula-E-without-short-final-vowel	f_zgqgxk3udasdy	f_zgqgxk3udasdy	10539	Kalk	raat	blood
Kalkoti-comparison-Palula-E-without-short-final-vowel	f_u7ls4eyuoroxs	f_u7ls4eyuoroxs	5994	Phal	tróo	three
Kalkoti-comparison-Palula-E-without-short-final-vowel	f_6spyts2bjwdrg	f_6spyts2bjwdrg	4368	Kalk	draám	village
Kalkoti-comparison-Palula-E-without-short-final-vowel	f_spledddx5bg5q	f_spledddx5bg5q	5994	Kalk	trä	three
Kalkoti-comparison-Palula-E-without-short-final-vowel	f_gtboqkvbsytrc	f_gtboqkvbsytrc	7785	Kalk	paan	path
Kalkoti-comparison-Palula-E-without-short-final-vowel	f_e5ptsrrsr5ncy	f_e5ptsrrsr5ncy	2462	Phal	áa	one; one (person), someone
Kalkoti-comparison-Palula-E-without-short-final-vowel	f_ma7oj2akp5mry	f_ma7oj2akp5mry	6651	Phal	dáar	door
Kalkoti-comparison-Palula-E-without-short-final-vowel	f_uqrovhffu5bbi	f_uqrovhffu5bbi	6651	Kalk	där	door
Kalkoti-comparison-Palula-E-without-short-final-vowel	f_tloradsf5i5ls	f_tloradsf5i5ls	941	Kalk	eeṣ	eight
Kalkoti-comparison-Palula-E-without-short-final-vowel	f_a6lnhdjqs3q4k	f_a6lnhdjqs3q4k	7655	Phal	páanǰ	five
Kalkoti-comparison-Palula-E-without-short-final-vowel	f_riwftdprddvuk	f_riwftdprddvuk	2830	Phal	káaṇ	ear
Kalkoti-comparison-Palula-E-without-short-final-vowel	f_stjehsosoczzo	f_stjehsosoczzo	13254	Phal	sáar	lake, pond, puddle
Kalkoti-comparison-Palula-E-without-short-final-vowel	f_2357lw35sowk2	f_2357lw35sowk2	9250	Phal	bíi	seed
Kalkoti-comparison-Palula-E-without-short-final-vowel	f_ewzpbbjprv3hu	f_ewzpbbjprv3hu	6001	Phal	tríiš	thirteen
Kalkoti-comparison-Palula-E-without-short-final-vowel	f_tbzszaqefnaca	f_tbzszaqefnaca	10539	Kalk	raat	blood
Kalkoti-comparison-Palula-E-without-short-final-vowel	f_2liyesszlpefm	f_2liyesszlpefm	7655	Kalk	paanǰ	five
Kalkoti-comparison-Palula-E-without-short-final-vowel	f_xwhsjzmk7plme	f_xwhsjzmk7plme	6984	Phal	núu	nine
Kalkoti-comparison-Palula-E-without-short-final-vowel	f_f7doxnrdxqyvm	f_f7doxnrdxqyvm	6984	Kalk	nam	nine
Kalkoti-comparison-Palula-E-without-short-final-vowel	f_odkqoytys2px6	f_odkqoytys2px6	6648	Kalk	du	two
Kalkoti-comparison-Palula-E-without-short-final-vowel	f_lvuecud33bp3m	f_lvuecud33bp3m	2892	Kalk	traam	work
Kalkoti-comparison-Palula-E-without-short-final-vowel	f_tsp7ffcuqkvmw	f_tsp7ffcuqkvmw	7655	Kalk	paanǰ	five
Kalkoti-comparison-Palula-E-without-short-final-vowel	f_4ju6v7tkpqq2m	f_4ju6v7tkpqq2m	9250	Kalk	bii	seed
Kalkoti-comparison-Palula-E-without-short-final-vowel	f_7g5vujphqzjmy	f_7g5vujphqzjmy	2462	Kalk	ä	a, one
Kalkoti-comparison-Palula-E-without-short-final-vowel	f_pnuyt3bkovr3k	f_pnuyt3bkovr3k	7785	Kalk	paand	path
Kalkoti-comparison-Palula-E-without-short-final-vowel	f_cbygp6jqtngzk	f_cbygp6jqtngzk	9661	Phal	bhróo	brother; cousin, member of one's own tribe
Kalkoti-comparison-Palula-E-without-short-final-vowel	f_bkvropwimluxu	f_bkvropwimluxu	13139	Phal	sáat	seven
Kalkoti-comparison-Palula-E-without-short-final-vowel	f_7hyftv5pgyvaa	f_7hyftv5pgyvaa	2892	Phal	kráam	work; deed, behaviour
Kalkoti-comparison-Palula-E-without-short-final-vowel	f_jl3dx6w7fhq4u	f_jl3dx6w7fhq4u	4368	Kalk	draam	village
Kalkoti-comparison-Palula-E-without-short-final-vowel	f_ceqs73vbsapl4	f_ceqs73vbsapl4	4368	Phal	ghróom	village; permanent settlement (in contrast with sóon 'summer pasture'); Ashret proper, also atshareét xaás
Kalkoti-comparison-Palula-E-without-short-final-vowel	f_6md7zxvzbyfsw	f_6md7zxvzbyfsw	7785	Kalk	paand	path
Kalkoti-comparison-Palula-E-without-short-final-vowel	f_7grzdersjvifq	f_7grzdersjvifq	6984	Kalk	num	nine
Kalkoti-comparison-Palula-E-without-short-final-vowel	f_ruqzrgiycpz4m	f_ruqzrgiycpz4m	6648	Kalk	duu	two
Kalkoti-comparison-Palula-E-without-short-final-vowel	f_bccgol32yggls	f_bccgol32yggls	5994	Kalk	troo	three
Kalkoti-comparison-Palula-E-without-short-final-vowel	f_kumba4tloakkq	f_kumba4tloakkq	6648	Kalk	duu	two
Kalkoti-comparison-Palula-E-without-short-final-vowel	f_ohl4jl46urjjw	f_ohl4jl46urjjw	6651	Kalk	där	door
Kalkoti-comparison-Palula-E-without-short-final-vowel	f_ufha55sjjd3n6	f_ufha55sjjd3n6	1921	Kalk	wää	water
Kalkoti-comparison-Palula-E-without-short-final-vowel	f_zbq6o45kmzoyk	f_zbq6o45kmzoyk	6227	Phal	dáaš	ten
Kalkoti-comparison-Palula-E-without-short-final-vowel	f_dlu53w6gbhvgk	f_dlu53w6gbhvgk	13139	Kalk	saat	seven
Kalkoti-comparison-Palula-L-without-short-final-vowel	f_zdv7rejopn4em	f_zdv7rejopn4em	10716	Kalk	róo	song, music
Kalkoti-comparison-Palula-L-without-short-final-vowel	f_gylv2zfgesifi	f_gylv2zfgesifi	13952	Phal	haáḍ	bone
Kalkoti-comparison-Palula-L-without-short-final-vowel	f_5jp2hjpo2nqwi	f_5jp2hjpo2nqwi	3696	Phal	c̣hiír	milk
Kalkoti-comparison-Palula-L-without-short-final-vowel	f_yutxopiz56ogm	f_yutxopiz56ogm	9349	Kalk	bään	sister
Kalkoti-comparison-Palula-L-without-short-final-vowel	f_mj3zepcgkambe	f_mj3zepcgkambe	5589	Kalk	ḍä̀är	belly
Kalkoti-comparison-Palula-L-without-short-final-vowel	f_crn5oeh5lsx2u	f_crn5oeh5lsx2u	11616	Kalk	biš	twenty
Kalkoti-comparison-Palula-L-without-short-final-vowel	f_vtca5gbhbbbmi	f_vtca5gbhbbbmi	12379	Phal	šaák	wood
Kalkoti-comparison-Palula-L-without-short-final-vowel	f_ucngi42xnlqxk	f_ucngi42xnlqxk	8399	Kalk	púu	boy
Kalkoti-comparison-Palula-L-without-short-final-vowel	f_hbsaja5etrfak	f_hbsaja5etrfak#1	5589	Phal	ḍheér	belly
Kalkoti-comparison-Palula-L-without-short-final-vowel	f_yvx2gkhczdjdu	f_yvx2gkhczdjdu#1	4287	Phal	ghoóm	wheat
Kalkoti-comparison-Palula-L-without-short-final-vowel	f_27r5oljrxsozy	f_27r5oljrxsozy	12379	Kalk	šaàk	wood
Kalkoti-comparison-Palula-L-without-short-final-vowel	f_6kjbevxh3cc5e	f_6kjbevxh3cc5e	3696	Kalk	c̣iir	milk
Kalkoti-comparison-Palula-L-without-short-final-vowel	f_xcz7dqtcqka66	f_xcz7dqtcqka66	12379	Kalk	šáak	wood
Kalkoti-comparison-Palula-L-without-short-final-vowel	f_rwvb6sbg7f4gs	f_rwvb6sbg7f4gs	4287	Kalk	ɡoom	wheat
Kalkoti-comparison-Palula-L-without-short-final-vowel	f_nlvpea42ce6sy	f_nlvpea42ce6sy	9982	Phal	mhaás	meat, piece of flesh
Kalkoti-comparison-Palula-L-without-short-final-vowel	f_rlpla7ri2qfxs	f_rlpla7ri2qfxs	13952	Kalk	aḍ	bone
Kalkoti-comparison-Palula-L-without-short-final-vowel	f_qxq45u7zcs7wo	f_qxq45u7zcs7wo	10978	Kalk	lùun	salt
Kalkoti-comparison-Palula-L-without-short-final-vowel	f_6goypw42a5tgu	f_6goypw42a5tgu#1	8399	Phal	phoó	boy; son; boy
Kalkoti-comparison-Palula-L-without-short-final-vowel	f_p6p3qwo4psfsw	f_p6p3qwo4psfsw	13952	Kalk	aṛ	bone
Kalkoti-comparison-Palula-L-without-short-final-vowel	f_u2weg4yclo2nw	f_u2weg4yclo2nw	5589	Kalk	ḍä̀är	belly
Kalkoti-comparison-Palula-L-without-short-final-vowel	f_dbbnoef5z7zno	f_dbbnoef5z7zno	8399	Kalk	puu	boy
Kalkoti-comparison-Palula-L-without-short-final-vowel	f_7jfvb5xq3n4mi	f_7jfvb5xq3n4mi	11616	Kalk	bíiš	twenty
Kalkoti-comparison-Palula-L-without-short-final-vowel	f_446d5oer3nram	f_446d5oer3nram	2574	Kalk	kii	who
Kalkoti-comparison-Palula-L-without-short-final-vowel	f_6pzjkzzpb25ng	f_6pzjkzzpb25ng#1	11616	Phal	bhiíš	twenty; the twenty sth or people; 20
Kalkoti-comparison-Palula-L-without-short-final-vowel	f_cvdcqs2s4pewm	f_cvdcqs2s4pewm	2574	Phal	koó	who, somebody, anybody (nom)
Kalkoti-comparison-Palula-L-without-short-final-vowel	f_3sbkaab5ucw2e	f_3sbkaab5ucw2e	10978	Phal	lhoóṇ	salt
Kalkoti-comparison-Palula-L-without-short-final-vowel	f_6wshauqvurlp2	f_6wshauqvurlp2	10716	Kalk	róo	song
Kalkoti-comparison-Palula-L-without-short-final-vowel	f_nofw24hqorr32	f_nofw24hqorr32	9982	Kalk	maas	meat
Kalkoti-comparison-Palula-L-without-short-final-vowel	f_i4epwziehkgiq	f_i4epwziehkgiq	10716	Phal	rhoó	song; music
Kalkoti-comparison-Palula-L-without-short-final-vowel	f_cin2ll6wvc2oq	f_cin2ll6wvc2oq	9349	Phal	bheéṇ	sister
Kalkoti-comparison-Palula-prefinal-accent-plus-short-final-vowel	f_hyb6gdz54j3wq	f_hyb6gdz54j3wq	4516	Phal	ghúuṛu	horse (generic), stallion
Kalkoti-comparison-Palula-prefinal-accent-plus-short-final-vowel	f_ute4p5wpcofeg	f_ute4p5wpcofeg	6261	Kalk	daad	father's father
Kalkoti-comparison-Palula-prefinal-accent-plus-short-final-vowel	f_a7lxchtr3gljq	f_a7lxchtr3gljq	9209	Phal	báabu	father
Kalkoti-comparison-Palula-prefinal-accent-plus-short-final-vowel	f_xqhdq27mxnk62	f_xqhdq27mxnk62	4424	Kalk	gän	big
Kalkoti-comparison-Palula-prefinal-accent-plus-short-final-vowel	f_ic3egyhplwkxe	f_ic3egyhplwkxe	2512	Kalk	eér	sheep
Kalkoti-comparison-Palula-prefinal-accent-plus-short-final-vowel	f_yr3bcs6m4torm	f_yr3bcs6m4torm	5839	Phal	tíiṇu	sharp
Kalkoti-comparison-Palula-prefinal-accent-plus-short-final-vowel	f_s6qaocpdipeio	f_s6qaocpdipeio	5798	Phal	tóoru	star
Kalkoti-comparison-Palula-prefinal-accent-plus-short-final-vowel	f_gyj7em6aqpm4e	f_gyj7em6aqpm4e	6983	Phal	náawu	new
Kalkoti-comparison-Palula-prefinal-accent-plus-short-final-vowel	f_fbcxgvjerlk6m	f_fbcxgvjerlk6m	2512	Phal	yíiṛi	sheep, ewe
Kalkoti-comparison-Palula-prefinal-accent-plus-short-final-vowel	f_3e7geqqm7h7yk	f_3e7geqqm7h7yk	3243	Kalk	kuṭ	knee
Kalkoti-comparison-Palula-prefinal-accent-plus-short-final-vowel	f_2ka27pwuix3ie	f_2ka27pwuix3ie	9089	Phal	phéepi	aunt; father's sister
Kalkoti-comparison-Palula-prefinal-accent-plus-short-final-vowel	f_jol5pkjs53ivu	f_jol5pkjs53ivu	5798	Kalk	taár	star
Kalkoti-comparison-Palula-prefinal-accent-plus-short-final-vowel	f_qwtpow6e7uzw6	f_qwtpow6e7uzw6	6261	Kalk	deed	father's mother
Kalkoti-comparison-Palula-prefinal-accent-plus-short-final-vowel	f_u5326otvtzozy	f_u5326otvtzozy	6368	Phal	dhrígu	long, tall
Kalkoti-comparison-Palula-prefinal-accent-plus-short-final-vowel	f_vukzhxvbeurqg	f_vukzhxvbeurqg	6835	Kalk	dur	dust
Kalkoti-comparison-Palula-prefinal-accent-plus-short-final-vowel	f_owrwjd54j7xxe	f_owrwjd54j7xxe	9089	Kalk	pheep	father's sister
Kalkoti-comparison-Palula-prefinal-accent-plus-short-final-vowel	f_owx7gir2gapgs	f_owx7gir2gapgs	6983	Kalk	num	new
Kalkoti-comparison-Palula-prefinal-accent-plus-short-final-vowel	f_vzzbfoon65zbu	f_vzzbfoon65zbu	4424	Phal	gháanu	large, big
Kalkoti-comparison-Palula-prefinal-accent-plus-short-final-vowel	f_zzkbmjbsrx2di	f_zzkbmjbsrx2di	8417	Phal	púutri	granddaughter; son's daughter
Kalkoti-comparison-Palula-prefinal-accent-plus-short-final-vowel	f_m6qfwausvk446	f_m6qfwausvk446	8417	Kalk	peetr	son's daughter
Kalkoti-comparison-Palula-prefinal-accent-plus-short-final-vowel	f_25mlscjuadlve	f_25mlscjuadlve	10001	Kalk	meeš	mother's sister
Kalkoti-comparison-Palula-prefinal-accent-plus-short-final-vowel	f_5pmpl6sosdozu	f_5pmpl6sosdozu	8416	Kalk	pootr	son's son
Kalkoti-comparison-Palula-prefinal-accent-plus-short-final-vowel	f_qbep75mbfny46	f_qbep75mbfny46	6835	Kalk	duṛ	dust
Kalkoti-comparison-Palula-prefinal-accent-plus-short-final-vowel	f_mdwgrqioxncrg	f_mdwgrqioxncrg	9209	Kalk	bab	father
Kalkoti-comparison-Palula-prefinal-accent-plus-short-final-vowel	f_6j4eipdomd5pk	f_6j4eipdomd5pk	6495	Kalk	dùúr	far away
Kalkoti-comparison-Palula-prefinal-accent-plus-short-final-vowel	f_2ybntmeeu7u6e	f_2ybntmeeu7u6e	6495	Kalk	duur	far away
Kalkoti-comparison-Palula-prefinal-accent-plus-short-final-vowel	f_i66sd2zsxesaq	f_i66sd2zsxesaq	3243	Phal	khúṭu	leg, knee
Kalkoti-comparison-Palula-prefinal-accent-plus-short-final-vowel	f_cn2h6vtf66maq	f_cn2h6vtf66maq	5798	Kalk	taár	star
Kalkoti-comparison-Palula-prefinal-accent-plus-short-final-vowel	f_xcffh3i7y4om4	f_xcffh3i7y4om4	13574	Kalk	siir	sun
Kalkoti-comparison-Palula-prefinal-accent-plus-short-final-vowel	f_6il4dlgc2i3gc	f_6il4dlgc2i3gc	10058	Phal	méemi	grandmother; mother's mother
Kalkoti-comparison-Palula-prefinal-accent-plus-short-final-vowel	f_exojng6zn4a36	f_exojng6zn4a36	8416	Phal	púutru	grandson; son's son
Kalkoti-comparison-Palula-prefinal-accent-plus-short-final-vowel	f_ulktu7jc5ckus	f_ulktu7jc5ckus	7200	Kalk	niin	sleep
Kalkoti-comparison-Palula-prefinal-accent-plus-short-final-vowel	f_2yh5nee557btm	f_2yh5nee557btm	6261	Kalk	deéd	father's mother
Kalkoti-comparison-Palula-prefinal-accent-plus-short-final-vowel	f_iownsiukc44uu	f_iownsiukc44uu	6368	Kalk	dríg	long
Kalkoti-comparison-Palula-prefinal-accent-plus-short-final-vowel	f_ljwjwikhzurw6	f_ljwjwikhzurw6	7200	Phal	níindra	sleep
Kalkoti-comparison-Palula-prefinal-accent-plus-short-final-vowel	f_t3jpshztsgh46	f_t3jpshztsgh46	13574	Kalk	siir	sun
Kalkoti-comparison-Palula-prefinal-accent-plus-short-final-vowel	f_y3vozhhno6ssw	f_y3vozhhno6ssw	6261	Phal	dóodu	grandfather; father's father; forefather
Kalkoti-comparison-Palula-prefinal-accent-plus-short-final-vowel	f_sazczz3jtup2g	f_sazczz3jtup2g	6495	Phal	dhúura	far away; away
Kalkoti-comparison-Palula-prefinal-accent-plus-short-final-vowel	f_llghac7dlaz46	f_llghac7dlaz46	4516	Kalk	ɡòór	horse
Kalkoti-comparison-Palula-prefinal-accent-plus-short-final-vowel	f_ttle26ebtsppi	f_ttle26ebtsppi#2	6835	Phal	dúṛi	dust
Kalkoti-comparison-Palula-prefinal-accent-plus-short-final-vowel	f_tiuw5ldstulbs	f_tiuw5ldstulbs	6368	Kalk	driɡ	long, tall
Kalkoti-comparison-Palula-prefinal-accent-plus-short-final-vowel	f_3iote6e7uhlqi	f_3iote6e7uhlqi	4516	Kalk	gòór	horse
Kalkoti-comparison-Palula-prefinal-accent-plus-short-final-vowel	f_el5jdpvzftaco	f_el5jdpvzftaco	7200	Kalk	niin	sleep
Kalkoti-comparison-Palula-prefinal-accent-plus-short-final-vowel	f_66ntoicqhnxrq	f_66ntoicqhnxrq	10001	Phal	méeši	aunt; mother's sister
Kalkoti-comparison-Palula-prefinal-accent-plus-short-final-vowel	f_f5ppuzenbgtk6	f_f5ppuzenbgtk6	13574	Phal	súuri	sun
Kalkoti-comparison-Palula-prefinal-accent-plus-short-final-vowel	f_qppwuknx5uo6u	f_qppwuknx5uo6u	6261	Phal	déedi	grandmother; father's mother
Kalkoti-comparison-Palula-prefinal-accent-plus-short-final-vowel	f_vn7zpcxcmb4uc	f_vn7zpcxcmb4uc	5839	Kalk	tiin	sharp
Kalkoti-comparison-Palula-prefinal-accent-plus-short-final-vowel	f_omn7go76zjuyq	f_omn7go76zjuyq	10058	Kalk	meem	mother's mother
Dras-plural--e	f_jzvv6odyl747y	f_jzvv6odyl747y		Sh	pí:ɳye	Calf of the leg.; Muscle
Dras-plural--e	f_uhwdrq56rfzo2	f_uhwdrq56rfzo2		Sh	ʤʌʈe	Fiber
Dras-plural--e	f_4qjqiloeuwc6q	f_4qjqiloeuwc6q		Sh	dáɳye	Music
Dras-plural--e	f_xk4jhmy36bhys	f_xk4jhmy36bhys	7948	Sh	prʌ́ʃe	Rib
Dras-plural--e	f_tuol7u2v5hluc	f_tuol7u2v5hluc		Sh	bo:ʃe	Rafter
Dras-plural--e	f_cebcuimrbgads	f_cebcuimrbgads		Sh	ʔózure	Protest
Dras-plural--e	f_twunzewjszo5y	f_twunzewjszo5y		Sh	bíʧuʐe	Lightening
Dras-plural--e	f_3wk6hbnlovwik	f_3wk6hbnlovwik	5798	Sh	táre	Satellite; Star
Dras-plural--e	f_p67c47ocrlk2a	f_p67c47ocrlk2a	4255	Sh	gáʋe	Cow
Dras-plural--e	f_rura556t6blgo	f_rura556t6blgo		Sh	yó:ŋe	Forehead
Dras-plural--e	f_onuqeu35mbxxi	f_onuqeu35mbxxi		Sh	gále	Ray
Dras-plural--e	f_r3ixsmxhzsp2o	f_r3ixsmxhzsp2o		Sh	ʂé:ʋe	Blind
Dras-plural--e	f_coaz5t6axpw66	f_coaz5t6axpw66	3607	Sh	kroe	Chest
Dras-plural--e	f_vj3nyaqm2f3ys	f_vj3nyaqm2f3ys		Sh	ʈʂó:ʐe	Loom
Dras-plural--e	f_xaixm4vvvofzm	f_xaixm4vvvofzm		Sh	khúkuɳé	pigeon pea
Dras-plural--e	f_7r7bnh6nsvtwu	f_7r7bnh6nsvtwu	7031	Sh	nóte	Nose
Dras-plural--e	f_ea3knwjq3cnqi	f_ea3knwjq3cnqi	5589	Sh	ɖé:re	Belly
Dras-plural--e	f_6xplh5xrq6r3e	f_6xplh5xrq6r3e		Sh	bó:de	Message
Dras-plural--e	f_vf3yxokaw3zju	f_vf3yxokaw3zju	12528	Sh	ʃúŋe	Dog
Dras-plural--e	f_gzbv5scdz5y2a	f_gzbv5scdz5y2a		Sh	khúre	Plinth
Dras-plural--e	f_gvucva2mxc6ui	f_gvucva2mxc6ui	8306	Sh	púʂe	Flower
Dras-plural--e	f_plnrieh5i64js	f_plnrieh5i64js		Sh	ʤu:ʐe	Letter
Dras-plural--e	f_v4pqpc2xzx32u	f_v4pqpc2xzx32u		Sh	ró:ʐe	Temper
Dras-plural--e	f_tz5bgfgi3hrks	f_tz5bgfgi3hrks		Sh	ʈíke	Tablet
Dras-plural--e	f_5tfgpyst54yme	f_5tfgpyst54yme	10258	Sh	mú:ʐe	Rat
Dras-plural--e	f_vso2wqu5wuou2	f_vso2wqu5wuou2		Sh	unó:e	Pillow
Dras-plural--e	f_b7kcucxrbdgeg	f_b7kcucxrbdgeg		Sh	nibé	Nib
Dras-plural--e	f_qprxswqpj7bk2	f_qprxswqpj7bk2	13551	Sh	sue	Needle
Dras-plural--e	f_7wifhggm3ggy4	f_7wifhggm3ggy4		Sh	ʃiŋkhʌné	Artisan
Dras-plural--e	f_kn7lkvufotsp4	f_kn7lkvufotsp4		Sh	khʌ́:ʈe	Lid
Dras-plural--e	f_rnzrq6o2dxnle	f_rnzrq6o2dxnle	4161	Sh	gí:re	Rock
Dras-plural--e	f_la54ovr4puw2y	f_la54ovr4puw2y		Sh	ʤó:le	Ring
Dras-plural--e	f_tlqm4g3iahd5m	f_tlqm4g3iahd5m		Sh	diʃe	Alter
Dras-plural--e	f_tjfmsoeboqdie	f_tjfmsoeboqdie		Sh	ʈhóke	Ball
Dras-plural--e	f_ki5krulsalkde	f_ki5krulsalkde	2349	Sh	oró:ɳe	Lamb
Dras-plural--e	f_373cdo5ejqomk	f_373cdo5ejqomk	549	Sh	áʐe	Cloud
Dras-plural--e	f_s2chcuf4ni2d6	f_s2chcuf4ni2d6		Sh	ka:lí:ne	Carpet
Dras-plural--e	f_uxumlw3fuxqsu	f_uxumlw3fuxqsu		Sh	khʌŋa:ré	Sword
Dras-plural--e	f_3fqv45ew732be	f_3fqv45ew732be		Sh	póre	Storey
Dras-plural--e	f_hu5afk3wec364	f_hu5afk3wec364		Sh	phyṍ:lye	Shovel
Dras-plural--e	f_gfzm5kjn6hueu	f_gfzm5kjn6hueu		Sh	phúruʦe	Dew
Dras-plural--e	f_gqgsb6ecreb2m	f_gqgsb6ecreb2m	3906	Sh	khó:re	Hoof
Dras-plural--e	f_jtmg5ab52v57u	f_jtmg5ab52v57u		Sh	kue	Statue
Dras-plural--e	f_gjb4tlk7j4yd6	f_gjb4tlk7j4yd6	3448	Sh	kiʂyé	Line
Dras-plural--e	f_k4j2fvlhhbqyk	f_k4j2fvlhhbqyk	2563	Sh	ó:ʈe	Lips
Dras-plural--e	f_iitragnlv4xrm	f_iitragnlv4xrm		Sh	ʈhuké	Hillock
Dras-plural--e	f_gkxwv6n3hz2pg	f_gkxwv6n3hz2pg	13073	Sh	ʃʌ́sne	Thigh
Dras-plural--e	f_2fpesg7axljfo	f_2fpesg7axljfo		Sh	ʧhí:me	Fish
Dras-plural--e	f_qrhb3o3dex4uc	f_qrhb3o3dex4uc		Sh	ʒʌró:e	Orphan
Dras-plural--e	f_couulmgmwq352	f_couulmgmwq352		Sh	bʌné	Boundary
Dras-plural--e	f_onwxas54bhlqm	f_onwxas54bhlqm		Sh	ʧhí:ʐe	Peak
Dras-plural--e	f_zqyigo3xmsxjs	f_zqyigo3xmsxjs	2025	Sh	udú:e	Dust
Dras-plural--e	f_klwkozc43j44c	f_klwkozc43j44c		Sh	nɛzʌ́me	Crab
Dras-plural--e	f_h6uh3awbcxadc	f_h6uh3awbcxadc		Sh	thoké	Hawk; Plant
Dras-plural--e	f_oippb7re36326	f_oippb7re36326	5075	Sh	ʒʌkúe	Hair
Dras-plural--e	f_ehvdafyachf4i	f_ehvdafyachf4i		Sh	ɖó:re	Lung
Dras-plural--e	f_au4f4ncglpxwq	f_au4f4ncglpxwq		Sh	ṍʐe	Intestine
Dras-plural--e	f_yro236uwdnbwk	f_yro236uwdnbwk		Sh	mʌ́:te	Anvil
Dras-plural--e	f_q4eafqhtk6d2i	f_q4eafqhtk6d2i		Sh	ʦuʦúe	Trunk
Dras-plural--e	f_stbyzrmxzvhqu	f_stbyzrmxzvhqu		Sh	nalé	Yoke
Dras-plural--e	f_fstlhusnui5ru	f_fstlhusnui5ru	12062	Sh	úrke	Wolf
Dras-plural--e	f_nq6p42kelcg7a	f_nq6p42kelcg7a	5717	Sh	ʈʂʌ́ke	Spindle
Dras-plural--e	f_faafle6drsa5y	f_faafle6drsa5y	9209	Sh	bábe	Father
Dras-plural--e	f_s6ywkq6xqp2nu	f_s6ywkq6xqp2nu	8298	Sh	píʃe	Cat
Dras-plural--e	f_7ijliohlmh3ui	f_7ijliohlmh3ui		Sh	ʦhákse	Strainer
Dras-plural--e	f_husvpfqugth7i	f_husvpfqugth7i		Sh	khʌɽʌké	Chappals (foot-wear)
Dras-plural--e	f_2facrw76vpaeo	f_2facrw76vpaeo	6628	Sh	dʌ́ʃe	Grape
Dras-plural--e	f_hvytwd5oxby46	f_hvytwd5oxby46		Sh	kʌ́kəʦe	Pheasant
Dras-plural--e	f_ja3rcpxpj7zeg	f_ja3rcpxpj7zeg	2589	Sh	kʌʂe	Grass
Dras-plural--e	f_xrr3uggjnjyly	f_xrr3uggjnjyly		Sh	kopúe	Water wheel
Dras-plural--e	f_eaxpkla3vefuk	f_eaxpkla3vefuk	2757	Sh	bʌkhúɳe	Elbow
Dras-plural--e	f_qnziq3ld4aq5w	f_qnziq3ld4aq5w		Sh	ró:ŋse	Deer
Dras-plural--e	f_zhaqjqpwrxqlu	f_zhaqjqpwrxqlu	4190	Sh	gú:ɳe	Thread
Dras-plural--e	f_oe3r7xe577tgq	f_oe3r7xe577tgq		Sh	ʌʈʂé:gále	Eye brow
Dras-plural--e	f_fivotdegzip3e	f_fivotdegzip3e	3942	Sh	khóe	Cap
Dras-plural--e	f_x5drlir7dvn2q	f_x5drlir7dvn2q		Sh	lʌ́ite	Building
Dras-plural--e	f_zxe3iynzagb7m	f_zxe3iynzagb7m		Sh	phʌ́lie	Shield
Dras-plural--e	f_z2mtqpgcbzzps	f_z2mtqpgcbzzps	4842a	Sh	ʧímere	Iron
Dras-plural--e	f_wukqmrv3vtab4	f_wukqmrv3vtab4		Sh	mózure	Dall (pigeon-pea)
Dras-plural--e	f_jazxc5bwlu7qq	f_jazxc5bwlu7qq		Sh	hi:ʐe	Sorrow
Dras-plural--e	f_nqn5ozyhgxrn6	f_nqn5ozyhgxrn6		Sh	ɖɪŋárye	Crutch
Dras-plural--e	f_xnfilqr25texs	f_xnfilqr25texs		Sh	ʈʂhí:le	Cloak
Dras-plural--e	f_rs5gjv3rx5aty	f_rs5gjv3rx5aty	13355	Sh	so:re	Ice
Dras-plural--e	f_a3mrm5dskijmw	f_a3mrm5dskijmw		Sh	kríve	Scream
Dras-plural--e	f_get3eutukl7ea	f_get3eutukl7ea		Sh	diʂʈe	Yard (measurement)
Dras-plural--e	f_hx4nmaxlpao56	f_hx4nmaxlpao56	100	Sh	ʔóŋe	Sickle
Dras-plural--e	f_y5to7jfbbh6vo	f_y5to7jfbbh6vo		Sh	mu:ze	Flood
Dras-plural--e	f_eufzr3asgvtsm	f_eufzr3asgvtsm		Sh	phʌ́ʃe	Bed bug
Dras-plural--e	f_us56hvhbkuvls	f_us56hvhbkuvls		Sh	ʃʌríʐe	Necklace
Dras-plural--e	f_gx6pukrvlmlii	f_gx6pukrvlmlii		Sh	oibʌ́roʐe	Stork; Swan
Dras-plural--e	f_766uzyhomkxfs	f_766uzyhomkxfs	4701	Sh	ʧóme	Skin
Dras-plural--e	f_bzfulyr6vwmeq	f_bzfulyr6vwmeq		Sh	pʌʂé	Turban
Dras-plural--e	f_mgo4cja3bf6yw	f_mgo4cja3bf6yw	9229	Sh	boe	Sleeve
Dras-plural--e	f_eespruaru3iqy	f_eespruaru3iqy	6694	Sh	dĩye	Leopard ]
Dras-plural--e	f_3sw4z5xlufzva	f_3sw4z5xlufzva	13415	Sh	sine	River
Dras-plural--e	f_vt3ygeuafsvze	f_vt3ygeuafsvze		Sh	ʂó:ʈe	Throat
Dras-plural--e	f_q5xhdycjd5tgy	f_q5xhdycjd5tgy		Sh	ela:ʧyé	Cardemom
Dras-plural--e	f_75hrkwjupiz64	f_75hrkwjupiz64	4889	Sh	ʧúɳe	Young one; Small
Dras-plural--e	f_vdpq76cks3qqe	f_vdpq76cks3qqe		Sh	məkʌ́ie	Maize
Dras-plural--e	f_nqlewkr3f3viq	f_nqlewkr3f3viq		Sh	díle	Bark (of tree)
Dras-plural--e	f_l3ah5bow3c3kc	f_l3ah5bow3c3kc		Sh	u:ʐe	Debt
Dras-plural--e	f_wzmhw5zfu25yc	f_wzmhw5zfu25yc		Sh	tóre	Isthmus
Dras-plural--e	f_gs7uywiw7rhge	f_gs7uywiw7rhge		Sh	ʤó:ʐe	Teak
Dras-plural--e	f_52qs2aitcepss	f_52qs2aitcepss		Sh	dʌvá:te	Ink pot
Dras-plural--e	f_gj4b62d62kwjw	f_gj4b62d62kwjw	11009	Sh	lʌmúʈe	Tail
Dras-plural--e	f_zp463g54kv2qu	f_zp463g54kv2qu		Sh	ʦʌ́:pye	Sandals
Dras-plural--e	f_pw3jtn2xowmns	f_pw3jtn2xowmns	10394	Sh	yú:ŋe	Liver
Dras-plural--e	f_dx6unaabtwwq6	f_dx6unaabtwwq6	12583	Sh	ʂíŋe	Horn
Dras-plural--e	f_5p77o4jrqwl3k	f_5p77o4jrqwl3k		Sh	ʦuké:e	Doll
Dras-plural--e	f_fw7qoj45ldwee	f_fw7qoj45ldwee		Sh	palyé	Touch stone
Dras-plural--e	f_lqg27mm2cihp4	f_lqg27mm2cihp4		Sh	bulóe	Goose
Dras-plural--e	f_mjd2nu2slxsek	f_mjd2nu2slxsek		Sh	móte	Limestone
Dras-plural--e	f_rubb3auhnspxc	f_rubb3auhnspxc		Sh	yu:e	Emerald
Dras-plural--e	f_a44c5lv53tgk2	f_a44c5lv53tgk2	7733	Sh	pə́:ʈe	Wing; Page
Dras-plural--e	f_4674l576w3lu2	f_4674l576w3lu2	7733	Sh	pʌ́:ʈe	Leaf
Dras-plural--e	f_l2bhtssbs2hd4	f_l2bhtssbs2hd4		Sh	kíle	Fortress
Dras-plural--e	f_6inmukcwpmo72	f_6inmukcwpmo72		Sh	bʌne	Dam
Dras-plural--e	f_55da22um645y4	f_55da22um645y4		Sh	bʌ́:ke	Branch (of tree); Twig
Dras-plural--e	f_ooniuosfmdnpu	f_ooniuosfmdnpu		Sh	ʤossále	Shed
Dras-plural--e	f_kltorbwjt26ec	f_kltorbwjt26ec		Sh	ɖóɾe	Hail
Dras-plural--e	f_skhi4vkaqlwjw	f_skhi4vkaqlwjw		Sh	ʃʌyé	Mountain
Dras-plural--e	f_t6muzwjvnwlqy	f_t6muzwjvnwlqy		Sh	bóyé	Cave
Dras-plural--e	f_qne6kumtcolse	f_qne6kumtcolse		Sh	kórkuʦe	Crow
Dras-plural--e	f_n4iuepllfmc7e	f_n4iuepllfmc7e		Sh	ʃóŋe	Tempo
Dras-plural--e	f_j4tmrtck6y2pc	f_j4tmrtck6y2pc	920	Sh	ã́ʃpe	Horse
Dras-plural--e	f_fj5ceb3doi2iy	f_fj5ceb3doi2iy		Sh	dʌlí:ʐe	Sieve
Dras-plural--e	f_bagygmxjeusro	f_bagygmxjeusro		Sh	puɳʌré	Jasmine
Dras-plural--e	f_3tgipfkebvjhu	f_3tgipfkebvjhu		Sh	ɖákye	Mast (of flag etc)
Dras-plural--e	f_3svjlv7bun6t2	f_3svjlv7bun6t2		Sh	ʈʂʌŋúle	Opium
Dras-plural--e	f_a4oswjamlhibg	f_a4oswjamlhibg		Sh	khʌɽʌ́ke	Moss
Dras-plural--e	f_rbwcmz5z7iffg	f_rbwcmz5z7iffg		Sh	míle	Ink
Dras-plural--e	f_63ktiwz2pk42e	f_63ktiwz2pk42e		Sh	ʧhʌké	Fodder
Dras-plural--e	f_u65kmsiubcno6	f_u65kmsiubcno6		Sh	ɦaló:le	Nest
Dras-plural--e	f_vt7kf2ylx7th2	f_vt7kf2ylx7th2	10582	Sh	ráʒe	Rope
Dras-plural--e	f_pyosnbwhbdaog	f_pyosnbwhbdaog		Sh	bí:romʌ́iʂe	Buffalo (he)
Dras-plural--e	f_xp42gtfhtdf5e	f_xp42gtfhtdf5e		Sh	ʌ́ʈʂepó:ʈʂe	Eye lid
Dras-plural--e	f_7zi63ntnxfj64	f_7zi63ntnxfj64		Sh	bíre	Lake
Dras-plural--e	f_s4fnv2fox34py	f_s4fnv2fox34py		Sh	ʧhúpe	Bank of the river
Dras-plural--e	f_3kvhyldyyslai	f_3kvhyldyyslai		Sh	pó:ɳe	Anus
Dras-plural--e	f_dp4ssrhvxtquq	f_dp4ssrhvxtquq	13544	Sh	sú:re	Boar
Dras-plural--e	f_hbhgsskkxl5du	f_hbhgsskkxl5du		Sh	ʈʂwe	Testicle
Dras-plural--e	f_zyaftnwg3ky22	f_zyaftnwg3ky22	9479	Sh	bá:ʃe	Language
Dras-plural--e	f_mvsfe6rgnscde	f_mvsfe6rgnscde		Sh	me:ze	Table
Dras-plural--e	f_p333bxyu5eeiq	f_p333bxyu5eeiq	3135	Sh	khú:zye	Cough
Dras-plural--e	f_diwbfsj6qg5o6	f_diwbfsj6qg5o6		Sh	brʌ́ke	Wrinkle
Dras-plural--e	f_qxi5vvixecsmk	f_qxi5vvixecsmk	13839	Sh	phíʤe	Shoulder
Dras-plural--e	f_rnp6mmnvwlbie	f_rnp6mmnvwlbie		Sh	ó:ʃe	Air
Dras-plural--e	f_62amuxe2zocyq	f_62amuxe2zocyq		Sh	ɦúe	Owl
Dras-plural--e	f_w4dwtmlxqe2vc	f_w4dwtmlxqe2vc	10910	Sh	lʌʒé	Shame
Dras-plural--e	f_jj3b2rtlw5bta	f_jj3b2rtlw5bta		Sh	vʌ́ʒe	Reason
Dras-plural--e	f_fhbo5wxdiwbua	f_fhbo5wxdiwbua		Sh	vʌzí:re	Minister
Dras-plural--e	f_tc55mtuopm7me	f_tc55mtuopm7me	12497	Sh	ʂíʐe	Head
Dras-plural--e	f_zyevwyumjs2no	f_zyevwyumjs2no		Sh	kíye	Leg e] pl.
Dras-plural--e	f_uvmx3zm3y3qd4	f_uvmx3zm3y3qd4		Sh	máme	Breast
Dras-plural--e	f_gb7m6nfe64ohg	f_gb7m6nfe64ohg	5717	Sh	ʈʂʌké	Spindle
Dras-plural--e	f_m6slbozdxsaba	f_m6slbozdxsaba		Sh	nó:re	Claw
Dras-plural--e	f_fcprpoub6logi	f_fcprpoub6logi		Sh	mú:le	Cucumber
Dras-plural--e	f_foycuwz7oefdq	f_foycuwz7oefdq		Sh	ʦʌlen(i)yé	Pyjama
Dras-plural--e	f_psc3h42sx2hwq	f_psc3h42sx2hwq		Sh	tʌrué	Flute
Dras-plural--e	f_b526qbkix5txc	f_b526qbkix5txc	2934	Sh	kálye	Nut
Dras-plural--e	f_ntcqlwz5mqnoa	f_ntcqlwz5mqnoa	2712	Sh	ké:le	Banana
Dras-plural--e	f_bnm7fo262lr4y	f_bnm7fo262lr4y		Sh	ʃeiryé	Wife’s brother
Dras-plural--e	f_faoymkjzoxjdy	f_faoymkjzoxjdy		Sh	no:ryé	Paw
Dras-plural--e	f_z2azbkdxhy2mg	f_z2azbkdxhy2mg		Sh	phaɽáre	Bald
Dras-plural--e	f_zueja7bqyxbkq	f_zueja7bqyxbkq	9746	Sh	mʌɳóke	Frog
Dras-plural--e	f_rbq72w4pjuxf6	f_rbq72w4pjuxf6	7785	Sh	pone	Road
Dras-plural--e	f_e5g44xfsyj2va	f_e5g44xfsyj2va		Sh	kʌ́ʒe	Marriage
Dras-plural--e	f_ls36bu7zy3kvc	f_ls36bu7zy3kvc	4460	Sh	gá:le	Wound
Dras-plural--e	f_ledjxerzktnfy	f_ledjxerzktnfy		Sh	gʌdéle	Mattress (cotton); Quilt
Dras-plural--e	f_bi4ihsd6x3ncc	f_bi4ihsd6x3ncc	4336	Sh	gó:ʐe	Attic
Dras-plural--e	f_ngqsysd6ix5vy	f_ngqsysd6ix5vy	12468	Sh	ʃɪɳʈi:lyé	Mushroom
Dras-plural--e	f_ouq5wx2e43e7k	f_ouq5wx2e43e7k	3257	Sh	kúɳe	Corpse
Dras-plural--e	f_bjjxwclsubijm	f_bjjxwclsubijm	3735	Sh	ʈʂhé:ʐe	Farm
Dras-plural--e	f_kaf3izzxtcvzy	f_kaf3izzxtcvzy		Sh	syaʧú:ze	Blotting paper
Dras-plural--e	f_xz7ap2v6xfgta	f_xz7ap2v6xfgta		Sh	kha:ye	Pebble
Dras-plural--e	f_pofdnervr5uxi	f_pofdnervr5uxi	10258	Sh	mṹʐe	Mouse
Dras-plural--eh/-eɦ	f_6db7u3d3k3czg	f_6db7u3d3k3czg		Sh	zʌŋgoʂéh	Mat (general)
Dras-plural--eh/-eɦ	f_4stfspoodjzsk	f_4stfspoodjzsk		Sh	nʌtiŋéh	Nose ring
Dras-plural--eh/-eɦ	f_iemobsxjdd7zy	f_iemobsxjdd7zy		Sh	khuruéh	Razor
Dras-plural--eh/-eɦ	f_rsyugp2zzpq7a	f_rsyugp2zzpq7a		Sh	ə̃ʃ pʌléh	Stable (horse-shed) ] pl.
Dras-plural--eh/-eɦ	f_dudleeknp4xx2	f_dudleeknp4xx2		Sh	ʂʌturéh	Pocket (men’s dress)
Dras-plural--eh/-eɦ	f_cdgjerzp5dg5i	f_cdgjerzp5dg5i		Sh	kurʧéh	Chair
Dras-plural--eh/-eɦ	f_vz3d2qi2jwqwe	f_vz3d2qi2jwqwe		Sh	ko:ʈéh	Coat
Dras-plural--eh/-eɦ	f_q6h5zxs5v4ysg	f_q6h5zxs5v4ysg		Sh	ʃʌmʌléh	Cream
Dras-plural--eh/-eɦ	f_ndcuutx2i4foy	f_ndcuutx2i4foy		Sh	ʈʂhʌparéh	Churning rod
Dras-plural--eh/-eɦ	f_bekmf4gzkvfts	f_bekmf4gzkvfts	14028	Sh	əʈhó:réh	Hammer
Dras-plural--eh/-eɦ	f_wkn5eslh4pdli	f_wkn5eslh4pdli		Sh	sʌlʌméh	Wrestling
Dras-plural--eh/-eɦ	f_bjqrrvdbg4lkc	f_bjqrrvdbg4lkc		Sh	sʌbʌkéh	Lesson
Dras-plural--eh/-eɦ	f_vkbejbn4friau	f_vkbejbn4friau	1600	Sh	diʂʈikéh	Brick
Dras-plural--eh/-eɦ	f_kk6d2gxzwekzw	f_kk6d2gxzwekzw		Sh	ʌyʌméh	Brew
Dras-plural--eh/-eɦ	f_b7puarwzybf3a	f_b7puarwzybf3a		Sh	bʌkéh	Garden
Dras-plural--eh/-eɦ	f_aof32rubbbmye	f_aof32rubbbmye		Sh	uʂya:réh	Debtor
Dras-plural--eh/-eɦ	f_gg2ffy5cjqo7a	f_gg2ffy5cjqo7a		Sh	ʧhiliʂéh	Herb
Dras-plural--eh/-eɦ	f_u6isuhqvgy7ny	f_u6isuhqvgy7ny		Sh	kʌmbʌléh	Blanket
Dras-plural--eh/-eɦ	f_5rpl6sb2pkv3a	f_5rpl6sb2pkv3a		Sh	dukʌ́ʈeh	Scissors
Dras-plural--eh/-eɦ	f_e4gcb5imtxh4u	f_e4gcb5imtxh4u		Sh	mɛlɛnéh	Tongs
Dras-plural--eh/-eɦ	f_es2pklhfvutve	f_es2pklhfvutve		Sh	ʧinʌséh	Green gram
Dras-plural--eh/-eɦ	f_shs2jqqn6wazy	f_shs2jqqn6wazy		Sh	lo:ʃyéh	Broom
Dras-plural--eh/-eɦ	f_qthr2jxsdmfpg	f_qthr2jxsdmfpg		Sh	bʌmʌléh	Beam (of light)
Dras-plural--eh/-eɦ	f_mecchxwbk4v6s	f_mecchxwbk4v6s	7047	Sh	na:lyéh	Tube
Dras-plural--eh/-eɦ	f_e2c5qpfa6hqqo	f_e2c5qpfa6hqqo		Sh	khrméh	Date palm
Dras-plural--eh/-eɦ	f_awqltptutjrri	f_awqltptutjrri		Sh	niliméh	Sapphire ] sg.
Dras-plural--eh/-eɦ	f_isd2sxobumyym	f_isd2sxobumyym		Sh	muɣuréh	Bowl
Dras-plural--eh/-eɦ	f_lqwnrkdjyk7wc	f_lqwnrkdjyk7wc		Sh	ʧhʌryéh	Mat (general)
Dras-plural--eh/-eɦ	f_fwoaz3vsjdvl6	f_fwoaz3vsjdvl6		Sh	ɖu:kuréh	Hut
Dras-plural--eh/-eɦ	f_a3os6ptruznxg	f_a3os6ptruznxg	2860	Sh	kʌɽa:réh	Knife
Dras-plural--eh/-eɦ	f_ubjtj2xxoj52q	f_ubjtj2xxoj52q		Sh	ʤʌbʌléh	Crow bar
Dras-plural--eh/-eɦ	f_iogpb7lhakcdq	f_iogpb7lhakcdq		Sh	nʌmbeléh	Marsh
Dras-plural--eh/-eɦ	f_22tosiwomum3g	f_22tosiwomum3g		Sh	ʤʌ́keɦ	People
Dras-plural--eh/-eɦ	f_k72kyjfdrm3li	f_k72kyjfdrm3li		Sh	motikéh	Pearl
Dras-plural--eh/-eɦ	f_hkhfsiica2smk	f_hkhfsiica2smk	13776	Sh	ʈhuléh	Egg
Dras-plural--eh/-eɦ	f_oauven4fzguem	f_oauven4fzguem		Sh	kurte:néh	Shirt
Dras-plural--eh/-eɦ	f_6yyktgwn5xkfi	f_6yyktgwn5xkfi	12326	Sh	ʃʌro:ɳéh	Roof
Dras-plural--eh/-eɦ	f_z4czswy6ubsse	f_z4czswy6ubsse		Sh	ʤu:léh	Swing
Dras-plural--eh/-eɦ	f_mcnpml5ugcd3c	f_mcnpml5ugcd3c		Sh	ʈekeréh	Jar (earthen pot)
Dras-plural--eh/-eɦ	f_3ezwp4t5kbb3w	f_3ezwp4t5kbb3w		Sh	ga:ʤʌréh	Carrot
Dras-plural--eh/-eɦ	f_4y7wtilqxyntg	f_4y7wtilqxyntg		Sh	gulbʌnéh	Scarf
Dras-plural--eh/-eɦ	f_ebk2ho565l3ba	f_ebk2ho565l3ba		Sh	ʤa:léh	Fence
Dras-plural--eh/-eɦ	f_sjwvxdkodgm4g	f_sjwvxdkodgm4g		Sh	ʧhʌylo:léh	Lock
Dras-plural--eh/-eɦ	f_e4wfxhxxlviiy	f_e4wfxhxxlviiy		Sh	sʌbonéh	Soap
Dras-plural--eh/-eɦ	f_xmdscpgkvyca2	f_xmdscpgkvyca2		Sh	hʌrutéh	Mattress (cotton)
Dras-plural--eh/-eɦ	f_amphdsqmmctc4	f_amphdsqmmctc4		Sh	ɖophoséh	Mace
Dras-plural--eh/-eɦ	f_2bwy7m7bjotym	f_2bwy7m7bjotym		Sh	dʌχonéh	Sari
Dras-plural--eh/-eɦ	f_7du73gc342cha	f_7du73gc342cha	5488	Sh	ʈhʌkuréh	Barber
Dras-plural--eh/-eɦ	f_ptj4nubgnxfa4	f_ptj4nubgnxfa4		Sh	ʌrʌkéh	Essence
Dras-plural--eh/-eɦ	f_hgz47tg3rmys6	f_hgz47tg3rmys6		Sh	ɖʌkéh	Stick
Dras-plural--eh/-eɦ	f_ikc3l7ndfsho4	f_ikc3l7ndfsho4		Sh	ʧhilíʂéh	Roof
Dras-plural--eh/-eɦ	f_uvkfzcna37yuw	f_uvkfzcna37yuw		Sh	kuʦuréh	Latch (lock-on)
Dras-plural--eh/-eɦ	f_sxo5efqa5o2g4	f_sxo5efqa5o2g4		Sh	boréh	Jute
Dras-plural--eh/-eɦ	f_tfqrpilbryl5s	f_tfqrpilbryl5s		Sh	ʧhʌʈuléh	Bud
Dras-plural--eh/-eɦ	f_ghowlfd4n23xu	f_ghowlfd4n23xu		Sh	ʌzuméh	Soup
Dras-plural--eh/-eɦ	f_eqecsfyzwv674	f_eqecsfyzwv674	3202	Sh	kí:lyéh	Nail
Dras-plural--eh/-eɦ	f_7ehrtqkzuj4hw	f_7ehrtqkzuj4hw		Sh	zʌminda:réh	Farmer
Dras-plural--eh/-eɦ	f_kqfvvgeujrsie	f_kqfvvgeujrsie		Sh	əmrutéh	Guava fruit
Dras-plural--eh/-eɦ	f_iqv7ddbejfccw	f_iqv7ddbejfccw	2860	Sh	kəɽá:reh	Knife
Dras-plural--eh/-eɦ	f_rrd3e6zd7adcc	f_rrd3e6zd7adcc		Sh	burúʃéh	Brush
Dras-plural--i	f_nhrnmq4upmgzq	f_nhrnmq4upmgzq		Sh	sṍʈʂiʃúŋi	Bitch
Dras-plural--i	f_n63ir53rpebp4	f_n63ir53rpebp4		Sh	sṍʈʂimʌ́iʐi	Buffalo (he)
Dras-plural--i	f_hygx4v3t2y46o	f_hygx4v3t2y46o		Sh	muʈʂínedóni	Canine tooth
Dras-plural--i	f_ihegj7pvhli32	f_ihegj7pvhli32	2417	Sh	ʔṍʐi	Guts
Dras-plural--i	f_ir4aabxpcnax2	f_ir4aabxpcnax2		Sh	dʌftʌri	Office
Dras-plural--i	f_6rgfqh2w7eylq	f_6rgfqh2w7eylq	11348	Sh	bʌʈi	Stone
Dras-plural--i	f_6l6ky7pku5u36	f_6l6ky7pku5u36		Sh	khriʦí	Joints
Dras-plural--i	f_523uknitwegxc	f_523uknitwegxc	3329	Sh	khukúri	Puppy
Dras-plural--i	f_knqbyc3m3hdny	f_knqbyc3m3hdny		Sh	ʧʌ́ɲʧuli	Snail
Dras-plural--i	f_h42e44xq4rpjw	f_h42e44xq4rpjw		Sh	əfsəri	Officer
Dras-plural--i	f_qwb3px62dq5bo	f_qwb3px62dq5bo	12064	Sh	ʐúki	Kidney
Dras-plural--i	f_aqbq6jifkyz6w	f_aqbq6jifkyz6w		Sh	khríʦi	Ankle
Dras-plural--i	f_gviv4asu5bc6u	f_gviv4asu5bc6u		Sh	kó:rkuʦi	Raven
Dras-plural--i	f_sx4euq4xe3awk	f_sx4euq4xe3awk		Sh	ʐʌkúɳi	Ass
Dras-plural--i	f_bqmdwwjgu3byy	f_bqmdwwjgu3byy	6152	Sh	dóni	Tooth
Dras-plural-other	f_wfrbrtbbb4oxi	f_wfrbrtbbb4oxi		Sh	khʌpẽ́ẽ	Spoon ] pl.
Dras-plural-other	f_bpatvztyzjpja	f_bpatvztyzjpja		Sh	ʈʂʌ̃ũẽ	Whip ẽ́] pl.
Dras-plural-other	f_rda63r7v3rdr4	f_rda63r7v3rdr4		Sh	ʧhʌstʌn zʌŋgóʂ	Mat (general)
Dras-plural-other	f_ojqiiq2odfrja	f_ojqiiq2odfrja		Sh	ga:ɽyé:	Conveyance
Dras-plural-other	f_a4eke4atbh2w2	f_a4eke4atbh2w2		Sh	ɖaŋé:	Bridge
Dras-plural-other	f_gc7dlhe4uzvoo	f_gc7dlhe4uzvoo	10512	Sh	ʤũẽ	Louse ] pl.
Dras-plural-other	f_xdpittxbbpdjo	f_xdpittxbbpdjo		Sh	ʌŋṹẽ	Finger ] sg.
Dras-plural-other	f_4pcjn67efb2dm	f_4pcjn67efb2dm		Sh	takʃé:	Cage
Dras-plural-other	f_uztoeqkgsdlfe	f_uztoeqkgsdlfe	3438	Sh	krĩ́yẽ	Worm ] pl.
Dras-plural-other	f_woonwlwrii4so	f_woonwlwrii4so	10395	Sh	yʌʈʂé:	Ghost; Giant
Dras-plural-other	f_ta26dfceqqad2	f_ta26dfceqqad2	43	Sh	ʌʈʂé:	Eye
Dras-plural-other	f_zjt2vzf5jcwgm	f_zjt2vzf5jcwgm		Sh	ʧilé:	Hermitage
Dras-plural-other	f_nmqxnryb4mfkk	f_nmqxnryb4mfkk		Sh	dópe:	Player
Dras-plural-other	f_4sylqr54vshls	f_4sylqr54vshls		Sh	gʌɽa:ré:	Pulley
Dras-plural-other	f_sqkpajumqn7v6	f_sqkpajumqn7v6		Sh	kʌryé:	Pot for plant
Dras-plural-other	f_4x6kh5u3vr2na	f_4x6kh5u3vr2na		Sh	yu:té:	Pasture
Dras-plural-other	f_xj7msdddoutdy	f_xj7msdddoutdy		Sh	mũẽ; mũẽ	Gnat ]; Mosquito ] pl.
Dras-plural-other	f_v4jakzxmxjxm6	f_v4jakzxmxjxm6		Sh	uné:h	Bolster (pillow)
Dras-plural-other	f_dtteq5ipkvclo	f_dtteq5ipkvclo		Sh	ʃoré:	Gun powder
Dras-plural-other	f_uu264cao7gztc	f_uu264cao7gztc		Sh	ɖʌbé:	Tin
Dras-plural-other	f_j5bl5v4prohrq	f_j5bl5v4prohrq		Sh	kʌbzé:	Hinge
Dras-plural-other	f_xpetrutjeg4qm	f_xpetrutjeg4qm		Sh	gokpé:	Garlic
Dras-plural-other	f_gjnpvmnupfzvw	f_gjnpvmnupfzvw		Sh	ʂé:	Blind
Dras-plural-other	f_v2wj6bjb7x45e	f_v2wj6bjb7x45e		Sh	ʧomé:	Nun
Dras-plural-other	f_2sp6bma47jd72	f_2sp6bma47jd72	48	Sh	ʌʈʂhé:	Walnut
Dras-plural-other	f_ja7y32mvviav6	f_ja7y32mvviav6		Sh	qaidyé:	Prisoner
Dras-plural-other	f_2xnnhclhx5yxw	f_2xnnhclhx5yxw		Sh	ʈʂʌʐé:	Mosquito net; Weaver
Dras-plural-other	f_buup53xna3cyk	f_buup53xna3cyk		Sh	ã́ʐlé:	Stomach :] pl.
Dras-plural-other	f_ydw4xjjmm4sn6	f_ydw4xjjmm4sn6		Sh	ʃʌdyé:	Monkey
Dras-plural-other	f_zbzmn2qhtfwk6	f_zbzmn2qhtfwk6	f_iizwuh3wokzh6	Sh	me:vé:	Fruit
Dras-plural-other	f_w6mkpkdgbmgjc	f_w6mkpkdgbmgjc		Sh	sa:tyé:	Friendship
Dras-plural-other	f_evfsepjdpphca	f_evfsepjdpphca		Sh	phʌpyé:	Maternal uncle’s wife
Dras-plural-other	f_e2bguirhh2ijy	f_e2bguirhh2ijy		Sh	gʌɳʈyé:	Bell
Dras-plural-other	f_yicoqisu3pqme	f_yicoqisu3pqme		Sh	ʧh	Earth worm
Dras-plural-other	f_meqhrljhbzn2c	f_meqhrljhbzn2c	2629	Sh	ká:	Bracelet
Dras-plural-other	f_dx27q74unfbwg	f_dx27q74unfbwg		Sh	giryé:	Wheel
short-root-cluster-a	f_w77vmlo52mkl2	f_w77vmlo52mkl2	919	Sh	aá~ṣo	tear
short-root-cluster-a	f_qndw37rkbceha	f_qndw37rkbceha	5355	Sh	jeél	forest
short-root-cluster-a	f_rjhzcn3hasv74	f_rjhzcn3hasv74	5355	Sh	jeél	forest
short-root-cluster-a	f_ujxr4na6zbmo4	f_ujxr4na6zbmo4	9859	Sh	moón	jealousy
short-root-cluster-a	f_sg27so2yl4hbs	f_sg27so2yl4hbs	5355	Sh	jeél	forest
short-root-cluster-a	f_7535oc6i6yep2	f_7535oc6i6yep2	5355	Sh	jeél	forest
short-root-cluster-a	f_6g6hldw2abq6e	f_6g6hldw2abq6e	9330	Sh	bhaák	bull
short-root-cluster-a	f_6ep3v3rsl3cmk	f_6ep3v3rsl3cmk	5679	Sh	taáto	hot
short-root-cluster-a	f_q67ynpv7gvpow	f_q67ynpv7gvpow	722	Sh	aápo	little, slight
short-root-cluster-a	f_fuolxg5ucz2ea	f_fuolxg5ucz2ea	5075	Sh	jaáko	hair
short-root-cluster-a	f_xbcifckxhghqs	f_xbcifckxhghqs	10995	Sh	laáṭhi	down(hill)
short-root-cluster-a	f_kgosywjuo6p3a	f_kgosywjuo6p3a	5075	Sh	jáako	hair
short-root-cluster-a	f_p3m6qkli4ayhk	f_p3m6qkli4ayhk	5679	Sh	taáto	warm
short-root-cluster-i	f_r3ja7qpgfk5uo	f_r3ja7qpgfk5uo	5589	Sh	deér	belly; stomach
short-root-cluster-i	f_jddqte4dt6lyk	f_jddqte4dt6lyk#2	5589	Sh	ḍeér	belly
short-root-cluster-i	f_xkma6t22ttm6s	f_xkma6t22ttm6s	5589	Sh	ḍeér	belly
short-root-cluster-i	f_ububx3oh5szw4	f_ububx3oh5szw4	5589	Sh	ḍeér	belly, stomach
short-root-cluster-i	f_riom4zpctpxje	f_riom4zpctpxje	11056	Sh	líic̣o	wretched; poor
short-root-cluster-i	f_v5kmbd3xppyym	f_v5kmbd3xppyym	5589	Sh	ḍeér	belly
short-root-cluster-i	f_ls3d3uvhxr7mg	f_ls3d3uvhxr7mg	5589	Sh	ḍeér	belly
short-root-cluster-i	f_ehshajzraiy76	f_ehshajzraiy76	5589	Sh	ḍeér	belly
short-root-cluster-r	f_nsy2cvlmseyse	f_nsy2cvlmseyse	12064	Sh	ẓuúk	kidney
short-root-cluster-r	f_auin7jr24c6ry	f_auin7jr24c6ry	12064	Sh	j̣úuk	kidney
short-root-cluster-u	f_atyvfibovvwak	f_atyvfibovvwak	2387	Sh	úu~ṭ	camel
short-root-cluster-u	f_sgslfl4ysnl6k	f_sgslfl4ysnl6k	8298	Sh	búuši	cat
short-root-cluster-u	f_b7p6idevk5vxm	f_b7p6idevk5vxm	2387	Sh	úu~ṭ	camel
short-root-cluster-u	f_msukojir3lkc2	f_msukojir3lkc2	2387	Sh	úu~ṭ	camel
short-root-cluster-u	f_tox5ejof3kuws	f_tox5ejof3kuws	9083	Sh	phúu~ṅɨ	moustache
short-root-cluster-u	f_76xqa7cucj7ps	f_76xqa7cucj7ps	2387	Sh	úu~ṭ	camel
retained-ending-core-properties	f_7ljjs6fstgnlo	f_7ljjs6fstgnlo	3895	Sh	ˈkʰuṭo̱	short
retained-ending-core-properties	f_itqdjgmv2x47a	f_itqdjgmv2x47a	3523	Phal	komʹâlu	soft
retained-ending-core-properties	f_icnio4j6p4qxy	f_icnio4j6p4qxy	4850	Phal	čʹukro	pungent; sour
retained-ending-core-properties	f_jtwarkbucbglo	f_jtwarkbucbglo	8283	Sh	ˈproṇo̱	old
retained-ending-core-properties	f_h4z2frtsvu5re	f_h4z2frtsvu5re	7563	Sh	níilo	green
retained-ending-core-properties	f_s3dnkgk4vjzyi	f_s3dnkgk4vjzyi	9568	Sh	búṭa	all (uncountable)
retained-ending-core-properties	f_bqhe6rjjaida2	f_bqhe6rjjaida2	3832	Sh	ˈxʌbo̱	left
retained-ending-core-properties	f_jau6dv7cfnr3i	f_jau6dv7cfnr3i	1962	Sh	hɑˈguro	heavy
retained-ending-core-properties	f_jcbadhdfwv2ec	f_jcbadhdfwv2ec	12717	Phal	ṣī́ṛu	blind
retained-ending-core-properties	f_loch3ttywkdrk	f_loch3ttywkdrk	6368	Sh	ˈẓ̌ʊgo̱	long
retained-ending-core-properties	f_svxa2rc757hk2	f_svxa2rc757hk2	10896	Sh	ˈlɛku̥	small
retained-ending-core-properties	f_yy6nd7pukpq52	f_yy6nd7pukpq52	1962	Sh	ɑˈguro	heavy
retained-ending-core-properties	f_gljj3p62fnv2y	f_gljj3p62fnv2y	12487	Sh	šiˈdʌlo	cold
retained-ending-core-properties	f_7ukfoeky272ys	f_7ukfoeky272ys	3895	Sh	kʰoˈṭo̱	short
retained-ending-core-properties	f_j3ko2qofnoqjc	f_j3ko2qofnoqjc	6368	Sh	ˈǰ̣ɪ̱go̱	long
retained-ending-core-properties	f_iwz6ceb2w473o	f_iwz6ceb2w473o	10299	Sh	ˈmɪṣ̌ṭo̱	good
retained-ending-core-properties	f_xmyn3vllq5h5m	f_xmyn3vllq5h5m	11225	Sh	ˈbʌṛo	big
retained-ending-core-properties	f_z4ns67b3m2lcs	f_z4ns67b3m2lcs	3451	Sh	kiṇŭ	black
retained-ending-core-properties	f_tjiuc3jjlt2fm	f_tjiuc3jjlt2fm	12548	Sh	ˈšuko	dry
retained-ending-core-properties	f_oqd2undznc6j6	f_oqd2undznc6j6	3895	Sh	ˈkʰuṭo	short
retained-ending-core-properties	f_6cr6qh56tc7wi	f_6cr6qh56tc7wi	6368	Sh	ˈẓ̌ɪgo̱	long
retained-ending-core-properties	f_lkgomvtms2oam	f_lkgomvtms2oam	5679	Sh	ˈtʌto̱	hot
retained-ending-core-properties	f_ti3vbct4jbjk2	f_ti3vbct4jbjk2	10896	Sh	lɑˈʰoku̥	light
retained-ending-core-properties	f_d322l5dqhafgw	f_d322l5dqhafgw	13924	Sh	ŭspáŭ	sweet
retained-ending-core-properties	f_224yayymvphb6	f_224yayymvphb6	3895	Ush	'khuʈo	short
retained-ending-core-properties	f_gjdithrqpzggu	f_gjdithrqpzggu	11168	Sh	ˈloólo̱	red
retained-ending-core-properties	f_ew3ozi4u5by4a	f_ew3ozi4u5by4a	5679	Sh	ˈtʌto	hot
retained-ending-core-properties	f_xbjqhfbvaxdds	f_xbjqhfbvaxdds	13519	Sh	soóno	golden
retained-ending-core-properties	f_x5zybdxuftluu	f_x5zybdxuftluu	2613	Sh	kačo	bad
retained-ending-core-properties	f_c52yiselok6ia	f_c52yiselok6ia	1962	Sh	hɑ̱ˈguro̱	heavy
retained-ending-core-properties	f_a2t44e45qzx2w	f_a2t44e45qzx2w	11168	Ush	le'olo	red
retained-ending-core-properties	f_evexugwaidwks	f_evexugwaidwks	12774	Sh	šeo	white
retained-ending-core-properties	f_mtqr3lnuziwqc	f_mtqr3lnuziwqc	3451	Phal	kiṣʹiṇo	black
retained-ending-core-properties	f_xbj3jorni3l6a	f_xbj3jorni3l6a	4889	Sh	ˈčuṇo	small
retained-ending-core-properties	f_3xvah6soa2vw6	f_3xvah6soa2vw6	9568	Sh	ˈbuṭɛ̱	all
retained-ending-core-properties	f_zwmguzj6wdqe2	f_zwmguzj6wdqe2	1962	Sh	ɑˈguro	heavy
retained-ending-core-properties	f_3zafytmvbvhca	f_3zafytmvbvhca	1962	Sh	hɑ̱ˈgu̱ro	heavy
retained-ending-core-properties	f_gkophntaz32em	f_gkophntaz32em	8283	Sh	pōṇṷ	old, ancient
retained-ending-core-properties	f_iqoz4oxzaedre	f_iqoz4oxzaedre	9568	Sh	ˈbu̱ṭe̱	all
retained-ending-core-properties	f_gmcdjnlxsb54m	f_gmcdjnlxsb54m	12548	Sh	ˈšuko	dry
retained-ending-core-properties	f_kffd6gadmjs24	f_kffd6gadmjs24	7563	Phal	níilu	green, blue
retained-ending-core-properties	f_55ww7ppfj4keu	f_55ww7ppfj4keu	12487	Phal	šidáalu	cold
retained-ending-core-properties	f_4ov62i4ezus5i	f_4ov62i4ezus5i	4850	Sh	čuko	sour, bitter
retained-ending-core-properties	f_jee2k6rzs7ewm	f_jee2k6rzs7ewm	8330	Sh	ˈpurɑ	whole
retained-ending-core-properties	f_meb65dk5x4bbq	f_meb65dk5x4bbq	5679	Sh	ˈtɑto	hot
retained-ending-core-properties	f_fqmm2k5ncluww	f_fqmm2k5ncluww	6119	Sh	dʌˈč̣ʰinu̱	right
retained-ending-core-properties	f_66vrk7iyoycjm	f_66vrk7iyoycjm	6368	Sh	ˈẓ̌igo̱	long
retained-ending-core-properties	f_r3u7jvmxk7o5o	f_r3u7jvmxk7o5o	11225	Sh	báṛo	big
retained-ending-core-properties	f_bpxlac3th646o	f_bpxlac3th646o	8283	Sh	prōṇṷ	old, ancient
retained-ending-core-properties	f_6soks7mux453s	f_6soks7mux453s	3451	Sh	ˈkino	black
retained-ending-core-properties	f_75tamhw4zjd24	f_75tamhw4zjd24	11168	Sh	ˈloólo̱	red
retained-ending-core-properties	f_i5d6vqulentbk	f_i5d6vqulentbk	9568	Sh	ˈbuṭɛ̱	all
retained-ending-core-properties	f_lwz4os265zpsq	f_lwz4os265zpsq	3153	Sh	kʰʌ̱ˈčɑ̱ṭo̱	bad
retained-ending-core-properties	f_gmvohaztnyz2g	f_gmvohaztnyz2g	3153	Sh	ˈkʌčo	bad
retained-ending-core-properties	f_o6oojxrsexfck	f_o6oojxrsexfck	10299	Sh	ˈmɪṣ̌ṭo	good
retained-ending-core-properties	f_3vjihccpe7siw	f_3vjihccpe7siw	5679	Sh	ˈtɑɑ́tu̱	hot
retained-ending-core-properties	f_77znhqqwmohdu	f_77znhqqwmohdu	1962	Sh	hɑˈguro	heavy
retained-ending-core-properties	f_rh4vlrudgnbdi	f_rh4vlrudgnbdi	11168	bro	'looðo	red
retained-ending-core-properties	f_zbmx64np3na7w	f_zbmx64np3na7w	4889	Sh	čúno	small
retained-ending-core-properties	f_r374rqdh6lymw	f_r374rqdh6lymw	5679	Sh	tăto	hot, burning
retained-ending-core-properties	f_f5iajtxcbomru	f_f5iajtxcbomru	10896	Sh	lɑˈhuko	light
retained-ending-core-properties	f_xd6puiadi2ohs	f_xd6puiadi2ohs	10896	Sv	laaw-u	little
retained-ending-core-properties	f_d3w2wi3vqe53y	f_d3w2wi3vqe53y	12548	Sh	ˈšuko̱	dry
retained-ending-core-properties	f_v33zd7ik6b2jc	f_v33zd7ik6b2jc	1962	Sh	ɑˈguro	heavy
retained-ending-core-properties	f_rvn66scriluyy	f_rvn66scriluyy	1962	Phal	úṅguro	heavy
retained-ending-core-properties	f_g3pusix3ap77u	f_g3pusix3ap77u	11168	Sh	lɪˈhilo	red
retained-ending-core-properties	f_i7zy5k4ks5h2c	f_i7zy5k4ks5h2c	3832	Sh	ˈkʰʌbo	left
retained-ending-core-properties	f_ximhj5sfhs5do	f_ximhj5sfhs5do	3895	Sh	ˈkʰuṭʰu̥	short
retained-ending-core-properties	f_vpyrg4hjwkg2e	f_vpyrg4hjwkg2e	4889	Sh	ˈčuno̱	small
retained-ending-core-properties	f_l4jtgxiczgd64	f_l4jtgxiczgd64	4850	Phal	čúkro	sour, bitter
retained-ending-core-properties	f_vz724uxzrjxdi	f_vz724uxzrjxdi	10896	Sh	lɑˈʰuko̥	light
retained-ending-core-properties	f_oq5uevkx35w5o	f_oq5uevkx35w5o	4424	Phal	ghēṇi	big
retained-ending-core-properties	f_tm5ty4ho5dykg	f_tm5ty4ho5dykg	722	Sh	ˈɑpo	few
retained-ending-core-properties	f_djrlqkjqmywgw	f_djrlqkjqmywgw	3451	Sh	ˈkɪṇo̱	black
retained-ending-core-properties	f_6rwa7cz4mg3tk	f_6rwa7cz4mg3tk	8330	Sh	ˈpuro	whole
retained-ending-core-properties	f_vzzbfoon65zbu	f_vzzbfoon65zbu	4424	Phal	gháanu	large, big
retained-ending-core-properties	f_d5ojmi6ok66hy	f_d5ojmi6ok66hy	4889	Sh	ˈčuno̱	small
retained-ending-core-properties	f_dzz5hl4mzwjze	f_dzz5hl4mzwjze	9568	Sh	ˈbuṭɛ̱	all
retained-ending-core-properties	f_aosnkn4x4ydds	f_aosnkn4x4ydds	3832	Sh	ˈkʰʌbo̱	left
retained-ending-core-properties	f_acfpqfguddyem	f_acfpqfguddyem	11225	Sh	báṛo	big
retained-ending-core-properties	f_och7jvpczyfq2	f_och7jvpczyfq2	6983	Sh	ˈnɑʷo	new
retained-ending-core-properties	f_qbtk46yr5xoa4	f_qbtk46yr5xoa4	3153	Ush	kʌcɑto	bad
retained-ending-core-properties	f_7ckewfgzlq63q	f_7ckewfgzlq63q	12487	Sh	ši̱ˈḍɑlo	cold
retained-ending-core-properties	f_z6o6mx5wvqkdw	f_z6o6mx5wvqkdw	9568	Sh	ˈbuṭe	all
retained-ending-core-properties	f_mzwjbir6a7s7s	f_mzwjbir6a7s7s	10896	Sh	lɑˈhuko̥	light
retained-ending-core-properties	f_vvqkz4a4sjtd2	f_vvqkz4a4sjtd2	6368	Sh	ˈẓ̌igo̱	long
retained-ending-core-properties	f_5bf2lddxx4u34	f_5bf2lddxx4u34	6119	Sh	dɑˈṣ̌ino	right
retained-ending-core-properties	f_g5frj2gbua6ey	f_g5frj2gbua6ey	5679	Sh	ˈtɑto	hot
retained-ending-core-properties	f_g3jiaa4fc6h6q	f_g3jiaa4fc6h6q	6368	Phal	dhrʹigo	long; tall
retained-ending-core-properties	f_xlctlq4vh4fde	f_xlctlq4vh4fde	8283	Sh	poṇo̱	old
retained-ending-core-properties	f_m24vsax5lr6by	f_m24vsax5lr6by	1962	Sh	hɑˈguro	heavy
retained-ending-core-properties	f_btehxvnyekjry	f_btehxvnyekjry	4889	Sh	ˈčuno	small
retained-ending-core-properties	f_7n6d5cjjxmlbq	f_7n6d5cjjxmlbq	4889	Sh	čüni	small
retained-ending-core-properties	f_6ouayqr4ziq3o	f_6ouayqr4ziq3o	6119	Sh	dac̣íṇu	right (direction)
retained-ending-core-properties	f_4hg43qu6wffve	f_4hg43qu6wffve	6368	Sh	ẓigo	long
retained-ending-core-properties	f_7uvwh3uojvozo	f_7uvwh3uojvozo	3451	Sh	ˈkiṇo	black
retained-ending-core-properties	f_kfqtlc6orsmnk	f_kfqtlc6orsmnk	10896	Sh	ˈloóko	light
retained-ending-core-properties	f_h4hp2sa55weka	f_h4hp2sa55weka	12487	Sh	šɪˈdʌlo̱	cold
retained-ending-core-properties	f_ubs6ncvk2zuba	f_ubs6ncvk2zuba	9568	Sh	ˈbuṭʰɛ	all
retained-ending-core-properties	f_5vr3cotazm5sm	f_5vr3cotazm5sm	8283	Sh	ˈpoṇo̱	old
retained-ending-core-properties	f_fufrwh7lp65tu	f_fufrwh7lp65tu	6119	Sh	dɑ̱ṣ̌ɪno̱	right
retained-ending-core-properties	f_bjvl6tohvevfo	f_bjvl6tohvevfo	722	Sh	ˈɑpo	few
retained-ending-core-properties	f_nrtkxsfgoqgoe	f_nrtkxsfgoqgoe	3153	Sh	ˈkʰʌ̱čo̱	bad
retained-ending-core-properties	f_ob65ztidjx5ow	f_ob65ztidjx5ow	5679	Sh	ˈtɑɑ́to	hot
retained-ending-core-properties	f_2dqv4u7zurt7y	f_2dqv4u7zurt7y	8283	Sh	ˈprono	old
retained-ending-core-properties	f_iyhpgqb2rpypa	f_iyhpgqb2rpypa	3153	Phal	khāču	bad
retained-ending-core-properties	f_6camss26if5b6	f_6camss26if5b6	722	Sh	ˈɑɸo	few
retained-ending-core-properties	f_za5bs3nhplwcq	f_za5bs3nhplwcq	6119	Sh	dăṣŭṇŭ	right
retained-ending-core-properties	f_bh7y5zq5b7ar6	f_bh7y5zq5b7ar6	10299	Sh	ˈmɪṣ̌ṭo̱	good
retained-ending-core-properties	f_6ni7aedjrcy24	f_6ni7aedjrcy24	6368	Sh	ˈẓ̌ɪ̱go	long
retained-ending-core-properties	f_2oyqgkielbvui	f_2oyqgkielbvui	7563	Sh	níilo	green
retained-ending-core-properties	f_7j75oow3offis	f_7j75oow3offis	3895	Sh	ˈkʰuṭo̱	short
retained-ending-core-properties	f_gpwaht54te6rg	f_gpwaht54te6rg	6119	Sh	dɑˈšino	right
retained-ending-core-properties	f_o65asuau2ande	f_o65asuau2ande	11168	Sh	ˈlolo	red
retained-ending-core-properties	f_tmnsdybewbxi6	f_tmnsdybewbxi6	6983	Sh	nɑõ	new
retained-ending-core-properties	f_56wmqnz2duqjc	f_56wmqnz2duqjc	12774	Sh	ˈšeo	white
retained-ending-core-properties	f_cgia6xwrygi52	f_cgia6xwrygi52	3602	Sh	kúro	mighty; strong
retained-ending-core-properties	f_342iq6vd45mfi	f_342iq6vd45mfi	11168	Sh	li̱ˈhɪlo̱	red
retained-ending-core-properties	f_eyhsk2abhzvps	f_eyhsk2abhzvps	5145	Sh	ǰărŭ	old
retained-ending-core-properties	f_5jfvingvc5uyy	f_5jfvingvc5uyy	4850	Sh	cúrko	sour
retained-ending-core-properties	f_c43xyfox6oqya	f_c43xyfox6oqya	6119	Sh	dăc̣hĭṇŭ	right
retained-ending-core-properties	f_4xfzjfcrm4mai	f_4xfzjfcrm4mai	5938	Phal	trīṣṭo	bitter
retained-ending-core-properties	f_r4m6xosszzes2	f_r4m6xosszzes2	12487	Sh	šiˈdʌlo	cold
retained-ending-core-properties	f_ehvlrorhsnmo4	f_ehvlrorhsnmo4	3895	Sh	khúṭo	short
retained-ending-core-properties	f_u5326otvtzozy	f_u5326otvtzozy	6368	Phal	dhrígu	long, tall
retained-ending-core-properties	f_7rml2xn2eblze	f_7rml2xn2eblze	11225	Sh	ˈbʌṛo̱	big
retained-ending-core-properties	f_2chlns25o42is	f_2chlns25o42is	4889	Sh	ˈčuṇo	small
retained-ending-core-properties	f_s7g373q3ssc3a	f_s7g373q3ssc3a	5679	Sh	ˈtʌto̱	hot
retained-ending-core-properties	f_3vnyflybkwc7a	f_3vnyflybkwc7a	10299	Sh	ˈmɪṣ̌ṭo	good
retained-ending-core-properties	f_vc4qsgd4dey4g	f_vc4qsgd4dey4g	12548	Phal	šúše	to dry (out)
retained-ending-core-properties	f_fi7apt3ma6oeq	f_fi7apt3ma6oeq	6119	Sh	dɑˈčʊno̱	right
retained-ending-core-properties	f_kexlnay7xrchm	f_kexlnay7xrchm	4889	Sh	ˈčuṇo	small
retained-ending-core-properties	f_4ashg7kh2k7yi	f_4ashg7kh2k7yi	3895	Sh	ˈkʰuṭo̱	short
retained-ending-core-properties	f_kthaoh5wg54xe	f_kthaoh5wg54xe	12487	Sh	šidắlŭ	cold
retained-ending-core-properties	f_l4dbo5av5ymmw	f_l4dbo5av5ymmw	1962	Sh	hɑˈguro	heavy
retained-ending-core-properties	f_a3srfv2q4q3fk	f_a3srfv2q4q3fk	3451	Sh	ˈkiṇo	black
retained-ending-core-properties	f_jmurzu4pvqqtw	f_jmurzu4pvqqtw	3451	Sh	ˈkiṇo	black
retained-ending-core-properties	f_eb6r4q6v6zfhi	f_eb6r4q6v6zfhi	6368	Sh	j̣ígo	long
retained-ending-core-properties	f_it2tdg5nvx6ei	f_it2tdg5nvx6ei	4889	Sh	ˈčuno	small
retained-ending-core-properties	f_nxwwzu35he5kg	f_nxwwzu35he5kg	5938	Phal	tríṣṭu	sour, bitter
retained-ending-core-properties	f_yaq3ykl6g4lvm	f_yaq3ykl6g4lvm	12487	Sh	šɪˈdʌlo	cold
retained-ending-core-properties	f_pqvsko4nkychs	f_pqvsko4nkychs	5679	Sh	tátu	hot
retained-ending-core-properties	f_wbxi5m7obrny6	f_wbxi5m7obrny6	11168	Sh	ˈloólʸo	red
retained-ending-core-properties	f_2amvbvxwdzlmk	f_2amvbvxwdzlmk	5679	Sh	ˈtɑɑ́to	hot
retained-ending-core-properties	f_cghcnd7babtju	f_cghcnd7babtju	6119	Phal	lec̣hīni	right (hand)
retained-ending-core-properties	f_44y464mreksrc	f_44y464mreksrc	6368	Sh	ˈẓ̌ɪgo	long
retained-ending-core-properties	f_a5om5td4fwuoo	f_a5om5td4fwuoo	6119	Sh	dɑˈṣ̌ino	right
retained-ending-core-properties	f_ysowtm5obkqc2	f_ysowtm5obkqc2	11168	Sh	lōlyŭ	red, bay (of horse or cow)
retained-ending-core-properties	f_k3ehxfqvtsuvg	f_k3ehxfqvtsuvg	9568	Sh	búṭɨ	all (uncountable)
retained-ending-core-properties	f_wtuzpj7c4pqbg	f_wtuzpj7c4pqbg	8283	Sh	ˈprooṇo̱	old
retained-ending-core-properties	f_ka3ljgbvrlhjs	f_ka3ljgbvrlhjs	12774	Sh	ˈšeo	white
retained-ending-core-properties	f_j3b66izh2khxg	f_j3b66izh2khxg	9568	Sh	ˈbuṭe̱	all
retained-ending-core-properties	f_t6el2lafzkzu4	f_t6el2lafzkzu4	5679	Sh	ˈtʌto	hot
retained-ending-core-properties	f_xysjvicaq4yw2	f_xysjvicaq4yw2	8283	Sh	ˈprono̱	old
retained-ending-core-properties	f_ddq5mvsdmn44o	f_ddq5mvsdmn44o	11225	Sh	ˈbʌṛo	big
retained-ending-core-properties	f_vwhm5xhpaomis	f_vwhm5xhpaomis	12548	Sh	ˈšu̱ku̥	dry
retained-ending-core-properties	f_7etaepywpupbc	f_7etaepywpupbc	11225	Sh	ˈbʌṛo	big
retained-ending-core-properties	f_nvqbzj7ihlqei	f_nvqbzj7ihlqei	6119	Phal	dec̣híṇi	right hand
retained-ending-core-properties	f_vmyr3mtkpzw32	f_vmyr3mtkpzw32	12774	Sh	še̱o	white
retained-ending-core-properties	f_qmguabt6asv5w	f_qmguabt6asv5w	10299	Sh	ˈmɪṣ̌ṭo̱	good
retained-ending-core-properties	f_ytukqntaiookm	f_ytukqntaiookm	3153	Sh	ˈkʰʌčo̱	bad
retained-ending-core-properties	f_nt7yvuegn4dzo	f_nt7yvuegn4dzo	2613	Sh	kháčo	bad
retained-ending-core-properties	f_zu2mncas6n33g	f_zu2mncas6n33g	3832	Sh	ˈkʰʌbo	left
retained-ending-core-properties	f_3gkkfywhigmhi	f_3gkkfywhigmhi	6926	Sh	nánŭ	naked
retained-ending-core-properties	f_2fuwleq6cgwsm	f_2fuwleq6cgwsm	6119	Sh	dɑˈṣ̌ini	right
retained-ending-core-properties	f_ohufza6fuxxto	f_ohufza6fuxxto	11168	Phal	lohʹoylo	red
retained-ending-core-properties	f_hwembekybub64	f_hwembekybub64	6119	Sh	dɑ̱ˈč̣ʰino̱	right
retained-ending-core-properties	f_qed5qivzi35rm	f_qed5qivzi35rm	5839	Sh	tīṇṷ	sharp, bright, clever
retained-ending-core-properties	f_ignx4virrit7u	f_ignx4virrit7u	1962	Sh	agúro	heavy
retained-ending-core-properties	f_wfyvjjv2wgp7e	f_wfyvjjv2wgp7e	3451	Sh	ˈkiṇo	black
retained-ending-core-properties	f_fod4ysg6jcxtw	f_fod4ysg6jcxtw	12487	Sh	šɪˈdʌlo	cold
retained-ending-core-properties	f_r3dw3hrw3s67g	f_r3dw3hrw3s67g	5679	Sh	ˈtɑɑto	hot
retained-ending-core-properties	f_susshhtpls6j2	f_susshhtpls6j2	3153	Phal	khā́čulo	dirty, bad
retained-ending-core-properties	f_hy3yp5dk6xbbm	f_hy3yp5dk6xbbm	5679	Phal	tāto	hot, burning
retained-ending-core-properties	f_bgkjxzroajm4q	f_bgkjxzroajm4q	1962	Sh	hɑˈguro	heavy
retained-ending-core-properties	f_bnkdtatu6eglk	f_bnkdtatu6eglk	8283	Sh	ˈprooṇo̱	old
retained-ending-core-properties	f_mdq62p5twqlj4	f_mdq62p5twqlj4	4889	Sh	ˈčuṇo	small
retained-ending-core-properties	f_h6havb6sduwd2	f_h6havb6sduwd2	12548	Sh	ˈšuku̱	dry
retained-ending-core-properties	f_azmtqlri5vdki	f_azmtqlri5vdki	1962	Sh	hɑˈguro̱	heavy
retained-ending-core-properties	f_ochwcqbyjmkq4	f_ochwcqbyjmkq4	3451	Sh	kino	black
retained-ending-core-properties	f_bq33i7ltba756	f_bq33i7ltba756	11225	Sh	báṛo	big
retained-ending-core-properties	f_korrev7fcbibq	f_korrev7fcbibq	12774	Sh	ˈšeo	white
retained-ending-core-properties	f_3ehzck6tak2sk	f_3ehzck6tak2sk	12774	Sh	ˈšio	white
retained-ending-core-properties	f_574fj454vecx4	f_574fj454vecx4	11168	Sh	ˈlɑⁱlu	red
retained-ending-core-properties	f_cdocgdie4sdw6	f_cdocgdie4sdw6	12548	Phal	šúša	to dry (out)
retained-ending-core-properties	f_wghmdf62uofgm	f_wghmdf62uofgm	6119	Sh	dɑˈṣ̌i̱ŋi	right
retained-ending-core-properties	f_ltlg2ximh7v6a	f_ltlg2ximh7v6a	10299	Sh	ˈmɪṣ̌ṭo	good
retained-ending-core-properties	f_2zhmqjeoxgqme	f_2zhmqjeoxgqme	6119	Sh	dɑˈṣ̌ino	right
retained-ending-core-properties	f_6gxyn7pxnrwni	f_6gxyn7pxnrwni	10896	Sh	ˈloóko	light
retained-ending-core-properties	f_xjteo55bupvh6	f_xjteo55bupvh6	12548	Sv	šukho	dry
retained-ending-core-properties	f_47wk3jgari6ny	f_47wk3jgari6ny	722	Sh	ˈɑpʰo	few
retained-ending-core-properties	f_hbp46cix7f3ts	f_hbp46cix7f3ts	3832	Sh	ˈkʰʌbo̱	left
retained-ending-core-properties	f_vsulwyyus5mp4	f_vsulwyyus5mp4	3832	Sh	ˈkʰʌbo	left
retained-ending-core-properties	f_pstav7phppaym	f_pstav7phppaym	8283	Sh	ˈpõṇo	old
retained-ending-core-properties	f_ftr3mhj4mmkxw	f_ftr3mhj4mmkxw	6983	Sh	nɑ̃ũ	new
retained-ending-core-properties	f_6ep3v3rsl3cmk	f_6ep3v3rsl3cmk	5679	Sh	taáto	hot
retained-ending-core-properties	f_bagieijs2dayk	f_bagieijs2dayk	3832	Sh	khábo	left (direction)
retained-ending-core-properties	f_mr2hkibegawgi	f_mr2hkibegawgi	3895	Sh	ˈkʰuṭo̱	short
retained-ending-core-properties	f_uzc6nml264yby	f_uzc6nml264yby	9568	Ush	'buʈo	all
retained-ending-core-properties	f_li7xb6nendxas	f_li7xb6nendxas	4889	Sh	ˈčuno	small
retained-ending-core-properties	f_bgu4kw45ujjpi	f_bgu4kw45ujjpi	10299	Sh	ˈmɪṣ̌o	good
retained-ending-core-properties	f_wugo4jit6byhc	f_wugo4jit6byhc	9568	Sh	ˈbuṭɛ̱	all
retained-ending-core-properties	f_ojftjxod54miq	f_ojftjxod54miq	2613	Sh	khačo	bad
retained-ending-core-properties	f_nruvxscbfuxsu	f_nruvxscbfuxsu	722	Sh	ˈɑpo	few
retained-ending-core-properties	f_xjmpohr6i5ur2	f_xjmpohr6i5ur2	3153	Sh	kʌčʌṭo̱	bad
retained-ending-core-properties	f_4n3ojcdeoy5da	f_4n3ojcdeoy5da	5145	Sh	ǰáro	old
retained-ending-core-properties	f_nbnxiyf6antys	f_nbnxiyf6antys	10896	Sh	ˈloóko̱	light
retained-ending-core-properties	f_tnj4m2hnkyfwq	f_tnj4m2hnkyfwq	12548	Sh	šŭkhŭ	dry
retained-ending-core-properties	f_cynyvim7lzyfw	f_cynyvim7lzyfw	8283	Sh	pró:no	Old
retained-ending-core-properties	f_wejcz7wlkcrde	f_wejcz7wlkcrde	11168	Sh	ˈlolo	red
retained-ending-core-properties	f_hbusqiybbjbkq	f_hbusqiybbjbkq	4889	Sh	ˈčuno	small
retained-ending-core-properties	f_grvjii26a2ykm	f_grvjii26a2ykm#1	11168	Sh	ˈloólo̱	red
retained-ending-core-properties	f_grvjii26a2ykm	f_grvjii26a2ykm#2	11168	Sh	loólo	red
retained-ending-core-properties	f_vgjnusseul3po	f_vgjnusseul3po	8283	Sh	ˈpoṇo̱	old
retained-ending-core-properties	f_ff4rkot57t4uy	f_ff4rkot57t4uy	8283	Phal	puróoṇu	old
retained-ending-core-properties	f_edpf323s6e72i	f_edpf323s6e72i	2613	Sv	khačo	dirty, bad
retained-ending-core-properties	f_3bla6axq52sjg	f_3bla6axq52sjg	4889	Sh	cúṇo	small
retained-ending-core-properties	f_zileosoqp3rfg	f_zileosoqp3rfg	8330	Sh	ˈpuuro̱	whole
retained-ending-core-properties	f_qp6ggferkqszu	f_qp6ggferkqszu	11168	Sh	ˈlolo	red
retained-ending-core-properties	f_erbqbjucen2v2	f_erbqbjucen2v2	6119	Sh	dɑˈṣ̌inɛ̱	right
retained-ending-core-properties	f_ybnkgtcdges3y	f_ybnkgtcdges3y	3153	Sh	ˈkʰʌčo̱	bad
retained-ending-core-properties	f_oalouf5f65klk	f_oalouf5f65klk	3451	Phal	kriṣíṇu	black
retained-ending-core-properties	f_uumdrc4eg25by	f_uumdrc4eg25by	6119	Sh	dɑˈč̣ʰino̱	right
retained-ending-core-properties	f_u24hs7hngc534	f_u24hs7hngc534#1	3451	Phal	kiṣíṇu	black
retained-ending-core-properties	f_u24hs7hngc534	f_u24hs7hngc534#2	3451	Phal	kiṣíṇu	black
retained-ending-core-properties	f_w2qmagn3wmvn4	f_w2qmagn3wmvn4	5679	Ush	'tɑto	hot
retained-ending-core-properties	f_s2cs7q7x26ytw	f_s2cs7q7x26ytw	6983	Phal	naːwu	new
retained-ending-core-properties	f_qpquk4q7x3wow	f_qpquk4q7x3wow	2613	Phal	kháču	bad
retained-ending-core-properties	f_7ywm7lv3avbda	f_7ywm7lv3avbda	3153	Sh	kʰʌˈčʌtu	bad
retained-ending-core-properties	f_yell5sbx7ovwy	f_yell5sbx7ovwy	8156	Sh	phĭčīlŭ	smooth
retained-ending-core-properties	f_nx45bsiqwgsh4	f_nx45bsiqwgsh4	3941	Sh	khūṛŭ	lame
retained-ending-core-properties	f_lhs3bkwspryii	f_lhs3bkwspryii	3895	Sh	ˈkʰuṭo	short
retained-ending-core-properties	f_a7lbfhrik7fhm	f_a7lbfhrik7fhm	5679	Sh	tātṷ	hot, burning
retained-ending-core-properties	f_7dtfabepaal6y	f_7dtfabepaal6y	722	Sh	ˈɑpo	few
retained-ending-core-properties	f_4aqu3ql5knh32	f_4aqu3ql5knh32	6119	Sh	dɑˈṣ̌ino̱	right
retained-ending-core-properties	f_5nhcrfthwwn2c	f_5nhcrfthwwn2c	3895	Sh	ˈkʰuṭo̱	short
retained-ending-core-properties	f_zqznhyenwlwfa	f_zqznhyenwlwfa	5839	Sh	tíiṇu	sharp
retained-ending-core-properties	f_eknypwkfgopuq	f_eknypwkfgopuq#1	7563	Phal	nī́lo	green, blue; green; blue
retained-ending-core-properties	f_eknypwkfgopuq	f_eknypwkfgopuq#2	7563	Phal	nʹîlo	green, blue; green; blue
retained-ending-core-properties	f_t6bltyz5ygaoo	f_t6bltyz5ygaoo	9268	Sv	buṛo	deaf
retained-ending-core-properties	f_r3nxykyvietn6	f_r3nxykyvietn6	8283	Sh	ˈpòoṇo	old
retained-ending-core-properties	f_zzmlzkqi52edc	f_zzmlzkqi52edc	12774	Sh	šéeyo	white
retained-ending-core-properties	f_frcmpb427yf5e	f_frcmpb427yf5e	4424	Phal	ghâʹnu	big
retained-ending-core-properties	f_dspwdarapo5cg	f_dspwdarapo5cg	10896	Sh	ˈloóko	light
retained-ending-core-properties	f_nqn4lhiwvy2jy	f_nqn4lhiwvy2jy	12196	Sh	bātṷ	open
retained-ending-core-properties	f_vz6wqmcnyvtzs	f_vz6wqmcnyvtzs	3153	Sh	ˈkʰʌčo̥	bad
retained-ending-core-properties	f_z45yi6qlqnbea	f_z45yi6qlqnbea	8283	Sh	ˈpòoṇo̱	old
retained-ending-core-properties	f_3djsqmonxpuhc	f_3djsqmonxpuhc	6983	Sh	nɑo	new
retained-ending-core-properties	f_funomn4huvbce	f_funomn4huvbce	8283	Sh	ˈpoṇo	old
retained-ending-core-properties	f_2gi524lubjpys	f_2gi524lubjpys	1962	Sh	hɑˈguro̱	heavy
retained-ending-core-properties	f_nzm27opgj44ng	f_nzm27opgj44ng	8330	Sh	ˈpʰuro	whole
retained-ending-core-properties	f_2lljm36nf6wow	f_2lljm36nf6wow	10299	Sh	ˈmɪṣ̌ṭo̱	good
retained-ending-core-properties	f_mht26owaqddoa	f_mht26owaqddoa	6368	Sh	ˈǰigo̱	long
retained-ending-core-properties	f_zvmu3eieotcls	f_zvmu3eieotcls	7638	Sh	paṣílo	woolen
retained-ending-core-properties	f_a4pvcvjdfcsm4	f_a4pvcvjdfcsm4	1962	Sh	hɑˈguro	heavy
retained-ending-core-properties	f_x5zsbvk7cxhlc	f_x5zsbvk7cxhlc	4424	Phal	ghāṇu	big
retained-ending-core-properties	f_zzfintjsdl77e	f_zzfintjsdl77e	12548	Sh	šúko	dry
retained-ending-core-properties	f_xanghtccbsalo	f_xanghtccbsalo	6368	Sh	ˈẓ̌igo̱	long
retained-ending-core-properties	f_cvraimqz2hfto	f_cvraimqz2hfto	3153	Sh	kʌˈčɑ̱ṭo̱	bad
retained-ending-core-properties	f_u6ypeiosva3o6	f_u6ypeiosva3o6	10896	Sh	ˈlooko	light
retained-ending-core-properties	f_mef6xo47i2wiy	f_mef6xo47i2wiy	3832	Sh	ˈkʰɑbo	left
retained-ending-core-properties	f_awdfqq7yoaip6	f_awdfqq7yoaip6	10299	Sh	míṣṭo	good
retained-ending-core-properties	f_7ouda2dedwlbo	f_7ouda2dedwlbo	3895	Sh	ˈkʰuṭo	short
retained-ending-core-properties	f_lcekumwhhblz2	f_lcekumwhhblz2	6983	Sh	nɑũ	new
retained-ending-core-properties	f_yia66pt5yx3gy	f_yia66pt5yx3gy	5938	Sh	c̣hiṭho	bitter
retained-ending-core-properties	f_7n5nwco2qap6c	f_7n5nwco2qap6c	6119	Sh	lɑˈč̣ino	right
retained-ending-core-properties	f_teeazoppi6ooc	f_teeazoppi6ooc	10896	Sh	ˈloóko	light
retained-ending-core-properties	f_s3gwddimfkygw	f_s3gwddimfkygw	12487	Sh	šɪˈdɑlo	cold
retained-ending-core-properties	f_zecjkk5ggptxq	f_zecjkk5ggptxq	9568	Sh	ˈbuṭɛ̱	all
retained-ending-core-properties	f_vbyombfzrkszq	f_vbyombfzrkszq	11225	Sh	ˈbʌṛo	big
retained-ending-core-properties	f_22gfd6jib427w	f_22gfd6jib427w	3451	Sh	ˈkiṇo	black
retained-ending-core-properties	f_3eq6oo5vyjytc	f_3eq6oo5vyjytc	12774	Sh	ˈšɪo	white
retained-ending-core-properties	f_tlsnooz5u3nnk	f_tlsnooz5u3nnk	12774	Sh	ˈšeo	white
retained-ending-core-properties	f_vje6wkqkg4wdk	f_vje6wkqkg4wdk	3451	Sh	ˈki̱ṇo̱	black
retained-ending-core-properties	f_lxx6qwtlbft7a	f_lxx6qwtlbft7a	11168	Sh	lɪ̱ˈhilo̱	red
retained-ending-core-properties	f_lsj6rsqzgvy24	f_lsj6rsqzgvy24	12548	Sh	ˈšuku̥	dry
retained-ending-core-properties	f_jtedownm533w4	f_jtedownm533w4	3153	Sh	kʰʌˈčɑṭo̱	bad
retained-ending-core-properties	f_esdb7wpul7uyw	f_esdb7wpul7uyw	3533	Sh	kóolo	crooked
retained-ending-core-properties	f_xbn7lwmhoooi6	f_xbn7lwmhoooi6	3895	Sh	ˈkʰuṭo	short
retained-ending-core-properties	f_wnmnquvpmw44y	f_wnmnquvpmw44y	3941	Sh	khúro	lame
retained-ending-core-properties	f_tmewxr2mxen6k	f_tmewxr2mxen6k	8330	Sh	ˈpùuro	whole
retained-ending-core-properties	f_jbktawca2zte6	f_jbktawca2zte6	11168	Sh	ˈlolo	red
retained-ending-core-properties	f_tltcbetidhw7q	f_tltcbetidhw7q	10299	Sh	míṣṭhu	good
retained-ending-core-properties	f_hbqblpaox2u7k	f_hbqblpaox2u7k	3451	Sh	kíṇo	black
retained-ending-core-properties	f_e3h73wizenzbk	f_e3h73wizenzbk	10896	Sh	ˈloóko̱	light
retained-ending-core-properties	f_x7vqltaahjqpg	f_x7vqltaahjqpg	2613	Phal	khāčulo	dirty, bad
retained-ending-core-properties	f_uuidrqd6qbtj2	f_uuidrqd6qbtj2	8283	Sh	ˈprono	old
retained-ending-core-properties	f_q7zn4otwdgmjo	f_q7zn4otwdgmjo	10896	Sh	lōkṷ	light, quick, active
retained-ending-core-properties	f_777xgr5sij4tq	f_777xgr5sij4tq	6119	Sh	dɑṣ̌ˈč̣ino	right
retained-ending-core-properties	f_6v2pv3by4kgwu	f_6v2pv3by4kgwu	722	Sh	ápo	few
retained-ending-core-properties	f_rgqxv5pqkmdso	f_rgqxv5pqkmdso	10299	Sh	mĭṣṭŭ	good, in good health
retained-ending-core-properties	f_3jpsht5sirqqg	f_3jpsht5sirqqg	11168	Sv	lohĩló	red
retained-ending-core-properties	f_fjojp5lsjpa5m	f_fjojp5lsjpa5m	11225	Sh	ˈbʌ̱ṛo̱	big
retained-ending-core-properties	f_ehbpylq4xlrvc	f_ehbpylq4xlrvc	8330	Sh	ˈpùuro	whole
retained-ending-core-properties	f_b5a3xq52w2oha	f_b5a3xq52w2oha	4889	Sh	ˈčuṇi	small
retained-ending-core-properties	f_f46crjtqjcid4	f_f46crjtqjcid4	3451	Sh	kíṇu	black
retained-ending-core-properties	f_y5tfhfmjocjak	f_y5tfhfmjocjak	10299	Sh	ˈmɪṣ̌ṭo	good
retained-ending-core-properties	f_zd6ipt3tfvbwy	f_zd6ipt3tfvbwy	1962	Sh	ɑˈguro̱	heavy
retained-ending-core-properties	f_nguvkfcw5lnf2	f_nguvkfcw5lnf2	5679	Phal	táatu	hot
retained-ending-core-properties	f_vsffr6hryyjkk	f_vsffr6hryyjkk	5679	Sh	ˈtɑɑto̱	hot
retained-ending-core-properties	f_tsyefhgd2yy72	f_tsyefhgd2yy72	12548	Sh	ˈšuko	dry
retained-ending-core-properties	f_svuztyaw47hj6	f_svuztyaw47hj6	3451	Sh	ˈki̱ṇo̱	black
retained-ending-core-properties	f_h2nf7yrsvji2u	f_h2nf7yrsvji2u	722	Sh	ˈɑpʰo	few
retained-ending-core-properties	f_uzpzgt7ub3lvs	f_uzpzgt7ub3lvs	3895	Sh	ˈkʰuṭo	short
retained-ending-core-properties	f_f232gy7colip4	f_f232gy7colip4	11225	Sh	ˈbʌṛo	big
retained-ending-core-properties	f_pughoivqsc3v6	f_pughoivqsc3v6	8156	Ush	pi'cɛlo	smooth
retained-ending-core-properties	f_oqi2ed7cb7y24	f_oqi2ed7cb7y24	722	Sh	ˈɑpo	few
retained-ending-core-properties	f_etmetauto5gqs	f_etmetauto5gqs	6368	Sh	ˈǰ̣ɪgo	long
retained-ending-core-properties	f_4kpjupvv76764	f_4kpjupvv76764	12774	Sh	šīu	white
retained-ending-core-properties	f_hntguhpj2xzqm	f_hntguhpj2xzqm	6368	Sh	ˈẓ̌i̱go	long
retained-ending-core-properties	f_nswzmqolptx64	f_nswzmqolptx64	3832	Sh	khái	left (direction)
retained-ending-core-properties	f_5erlmgkxx2mdg	f_5erlmgkxx2mdg	6119	Sh	dɑˈč̣ino̱	right
retained-ending-core-properties	f_bqwf3chqaaj7o	f_bqwf3chqaaj7o	7563	Sh	níilu	green
retained-ending-core-properties	f_d44u4miwtcfsi	f_d44u4miwtcfsi	6983	Sh	nɑ̃ũ	new
retained-ending-core-properties	f_7zbtxwcyxr2ve	f_7zbtxwcyxr2ve	3153	Sh	ˈkʰʌčo	bad
retained-ending-core-properties	f_7agzmb5kpwb6y	f_7agzmb5kpwb6y	6368	Sh	ˈǰ̣igo̱	long
retained-ending-core-properties	f_z3cfvcsoi2mqi	f_z3cfvcsoi2mqi	11168	Sh	ˈloⁱlu	red
retained-ending-core-properties	f_ifvugy4ct64mc	f_ifvugy4ct64mc	6368	Sh	ˈǰ̣ɪ̱go̱	long
retained-ending-core-properties	f_6gkeucermxwju	f_6gkeucermxwju	11168	Sh	ˈlolo	red
retained-ending-core-properties	f_dv2dh7napy36s	f_dv2dh7napy36s	10896	Sh	lɑˈhuko	light
retained-ending-core-properties	f_2qc6bywqjrf24	f_2qc6bywqjrf24	9568	Sh	ˈbuṭɛ̥	all
retained-ending-core-properties	f_3ascirwmhn6g4	f_3ascirwmhn6g4	1962	Phal	ungúru	heavy
retained-ending-core-properties	f_ae6jztz5uka3a	f_ae6jztz5uka3a	9568	Sh	ˈbuṭɛ̱	all
retained-ending-core-properties	f_ybyzivzne43xk	f_ybyzivzne43xk	11168	Sh	loólo	red
retained-ending-core-properties	f_5zrb3sxewwfqi	f_5zrb3sxewwfqi	11225	Sh	ˈbʌṛo̱	big
retained-ending-core-properties	f_7qenlea3bgpzy	f_7qenlea3bgpzy	5679	Sh	ˈtɑto	hot
retained-ending-core-properties	f_qg764plttrhiu	f_qg764plttrhiu	3832	Sh	kháau	left (direction)
retained-ending-core-properties	f_b3jppnizdlzxm	f_b3jppnizdlzxm	6368	Sh	ˈẓ̌i̱go̱	long
retained-ending-core-properties	f_pbhngeho5mh7q	f_pbhngeho5mh7q	12487	Sh	šiˈdʌlo	cold
retained-ending-core-properties	f_xrsypnkpq334u	f_xrsypnkpq334u	9568	Sh	bŭṭṷ	all, whole, entire
retained-ending-core-properties	f_l2mtdvkiqtons	f_l2mtdvkiqtons	12487	Ush	ʃi'dʌlo	cold
retained-ending-core-properties	f_75hrkwjupiz64	f_75hrkwjupiz64	4889	Sh	ʧúɳe	Young one; Small
retained-ending-core-properties	f_gyj7em6aqpm4e	f_gyj7em6aqpm4e	6983	Phal	náawu	new
retained-ending-core-properties	f_svloyl3ng4nsa	f_svloyl3ng4nsa	9568	Sh	búto	whole; all
retained-ending-core-properties	f_cbtn2eusblayq	f_cbtn2eusblayq	12548	Ush	ʃu'kɑlo	dry
retained-ending-core-properties	f_jvbxguvrurrmy	f_jvbxguvrurrmy	12487	Phal	šidʹâlu	cold
retained-ending-core-properties	f_gm5topu5tn2as	f_gm5topu5tn2as	12774	Sh	ˈšeo	white
retained-ending-core-properties	f_lsdzelrgczggu	f_lsdzelrgczggu	6368	Sh	ẓígo	long
retained-ending-core-properties	f_2s3dbgr747fbq	f_2s3dbgr747fbq	4889	Phal	čúṇu	thin, small
retained-ending-core-properties	f_n5s2qz3qaeazu	f_n5s2qz3qaeazu	3895	Sh	ˈkʰu̱ṭo̱	short
retained-ending-core-properties	f_nmrhybexwtklk	f_nmrhybexwtklk	10896	Sh	ˈloóko̱	light
retained-ending-core-properties	f_4vqmsolyx4726	f_4vqmsolyx4726	10896	Sh	ˈlɛko	small
retained-ending-core-properties	f_xwvhlglyenqo4	f_xwvhlglyenqo4	5679	Phal	tʹâtu	hot
retained-ending-core-properties	f_waakbcflt74ig	f_waakbcflt74ig	11225	Sh	báṛo	big
retained-ending-core-properties	f_exx6m4mpruoko	f_exx6m4mpruoko	3832	Sh	koˈbotʰu̱	left
retained-ending-core-properties	f_gunivni6ftxgc	f_gunivni6ftxgc	4889	Sh	ˈčuno	small
retained-ending-core-properties	f_nfmfelkbsxgls	f_nfmfelkbsxgls	10896	Sh	ˈloóko	light
retained-ending-core-properties	f_v4x4vpss3cmfi	f_v4x4vpss3cmfi	8330	Sh	puuro	whole
retained-ending-core-properties	f_biyrjrr5bugi2	f_biyrjrr5bugi2	6983	Sh	ˈnɑwo	new
retained-ending-core-properties	f_6pxjcbhqnr7m4	f_6pxjcbhqnr7m4	9268	Phal	bhúuru	deaf
retained-ending-core-properties	f_b4wsc7qyyhvmc	f_b4wsc7qyyhvmc	1962	Sh	hɑˈguro	heavy
retained-ending-core-properties	f_ylruh7oj7cz6q	f_ylruh7oj7cz6q	12548	Sh	šúku	dry
retained-ending-core-properties	f_sjuq5wrrek5oa	f_sjuq5wrrek5oa	4889	Sh	čŭṇŭ	small
retained-ending-core-properties	f_dxhzngttx7vr6	f_dxhzngttx7vr6	6368	Sh	ˈǰ̣igo	long
retained-ending-core-properties	f_cswvyiualpv56	f_cswvyiualpv56	3941	Sh	khŭṛŭ	lame
retained-ending-core-properties	f_k3cqz4c6ztifq	f_k3cqz4c6ztifq	12487	Sh	šidálo	cold
retained-ending-core-properties	f_7ozc2mh4u2tqs	f_7ozc2mh4u2tqs	12774	Sh	ˈšeo	white
retained-ending-core-properties	f_ci5xczzr5unlq	f_ci5xczzr5unlq	3451	Sh	ˈkino̱	black
retained-ending-core-properties	f_dku2bcimgeh7w	f_dku2bcimgeh7w	6368	bro	'ẓigo	long
retained-ending-core-properties	f_k77jcznkbn4zu	f_k77jcznkbn4zu	12774	Sh	šéeo	white
retained-ending-core-properties	f_fb7xuysilcgcy	f_fb7xuysilcgcy	10896	Phal	lohṓko	small, young
retained-ending-core-properties	f_jdb7wyxlc43lu	f_jdb7wyxlc43lu	9568	Sh	búṭa	all (uncountable)
retained-ending-core-properties	f_75xiaknsu6lu4	f_75xiaknsu6lu4	1962	Sh	ɑŋˈuro̱	heavy
retained-ending-core-properties	f_ohbsfiw7wp34m	f_ohbsfiw7wp34m	12548	Sh	ˈšuko	dry
retained-ending-core-properties	f_gf2hf6utqpba2	f_gf2hf6utqpba2	3895	Sh	ˈkʰu̱to̱	short
retained-ending-core-properties	f_jbc7q4suftyhc	f_jbc7q4suftyhc	8330	Sh	puuro	whole
retained-ending-core-properties	f_qipn5fyqstj7y	f_qipn5fyqstj7y	6119	Sh	dɑˈčɪ̱no̱	right
retained-ending-core-properties	f_qw4bntr3x6aq4	f_qw4bntr3x6aq4	12548	Sh	šūkṷ	dry
retained-ending-core-properties	f_nwhpij73g4bog	f_nwhpij73g4bog	7563	Sh	níilo	green
retained-ending-core-properties	f_umtjvxfelkcqu	f_umtjvxfelkcqu	9568	Phal	buṭhʹe	all
retained-ending-core-properties	f_ddffzpsfp7nby	f_ddffzpsfp7nby	6119	Sh	dɑˈṣ̌i̱no	right
retained-ending-core-properties	f_cagdbqwlybz76	f_cagdbqwlybz76	1962	Sh	ɑˈŋuro	heavy
retained-ending-core-properties	f_kck34neuovkiw	f_kck34neuovkiw	5679	Sh	ˈtɑ̀ɑto̱	hot
retained-ending-core-properties	f_2qbhiziuhn42e	f_2qbhiziuhn42e	10896	Sh	ˈloóko̱	light
retained-ending-core-properties	f_5pjhxxba4idkq	f_5pjhxxba4idkq	6983	Sh	nɑ̃ũ	new
retained-ending-core-properties	f_dsqyrarqhoogg	f_dsqyrarqhoogg	4889	Sh	ˈčuṇo	small
retained-ending-core-properties	f_gg3zaa5vsnlqw	f_gg3zaa5vsnlqw	6119	Sh	dɑṣ̌ˈtino	right
retained-ending-core-properties	f_tlepkk36t5bii	f_tlepkk36t5bii	12774	Sh	ˈšeo	white
retained-ending-core-properties	f_y6beff52vmtfq	f_y6beff52vmtfq	13990	Sh	hălĭ́ẓŭ	yellow
retained-ending-core-properties	f_64qlzh4rsrzwe	f_64qlzh4rsrzwe	10896	Sv	lawu	young, small
retained-ending-core-properties	f_7b52i4qckhlik	f_7b52i4qckhlik	6983	Sh	nɑ̃ũ	new
retained-ending-core-properties	f_ej254eqf66fqe	f_ej254eqf66fqe	8330	Sh	ˈpùuro	whole
retained-ending-core-properties	f_qyticzgmjcku4	f_qyticzgmjcku4	10299	Sh	ˈmɪṣ̌ṭo	good
retained-ending-core-properties	f_ln5xbxwho54kc	f_ln5xbxwho54kc	12548	Sh	ˈšuko	dry
retained-ending-core-properties	f_jrfcen3tuc3l4	f_jrfcen3tuc3l4	12548	Sh	ˈšuko̱	dry
retained-ending-core-properties	f_rzijo3ocodfba	f_rzijo3ocodfba	6368	Sh	ˈẓ̌igo	long
retained-ending-core-properties	f_gfwv3enm6jbls	f_gfwv3enm6jbls	6119	Phal	deec̣híṇu	right
retained-ending-core-properties	f_sszd7suoujs4q	f_sszd7suoujs4q	3153	Phal	kháču	bad
retained-ending-core-properties	f_ow6hlaxokchs6	f_ow6hlaxokchs6	3832	Sh	ˈkʰʌbo	left
retained-ending-core-properties	f_efo43vlpmki4q	f_efo43vlpmki4q	11168	Phal	lhoyílu	red; money (substantivized in plural; i.e. red like the 100 rupee note)
retained-ending-core-properties	f_emofzsscagoxe	f_emofzsscagoxe	5679	Sh	ˈtɑto	hot
retained-ending-core-properties	f_rau6ueeszhgyg	f_rau6ueeszhgyg	3533	Sh	kó:lo	Crooked
retained-ending-core-properties	f_q56rfonx2uigw	f_q56rfonx2uigw	4889	Sh	ˈčuno̱	small
retained-ending-core-properties	f_qflxga63wqfju	f_qflxga63wqfju	5679	Sh	ˈtɑɑ́to	hot
retained-ending-core-properties	f_s6xegdb3u2mns	f_s6xegdb3u2mns	11225	Sh	ˈboṛo	big
retained-ending-core-properties	f_klhmiporttwf6	f_klhmiporttwf6	8330	Sh	púuro	whole, all; fulfilled
retained-ending-core-properties	f_ojzzk4msyr32w	f_ojzzk4msyr32w	6368	Sh	ˈẓ̌ʊgo̱	long
retained-ending-core-properties	f_6amhjpcihj4b2	f_6amhjpcihj4b2	6119	Sh	dɑˈṣ̌ino̱	right
retained-ending-core-properties	f_ysfgf2sowocqi	f_ysfgf2sowocqi	7563	Sh	níilo	blue, green
retained-ending-core-properties	f_fytpy335ngnca	f_fytpy335ngnca	12717	Sv	séṛo	blind
retained-ending-core-properties	f_rmyh6shs6revg	f_rmyh6shs6revg	12548	Sh	ˈšuko	dry
retained-ending-core-properties	f_rdcoxavd7q67y	f_rdcoxavd7q67y	3941	Phal	khuṭu	lame
retained-ending-core-properties	f_exxvi63oea7qg	f_exxvi63oea7qg	12548	Sh	ˈšuko	dry
retained-ending-core-properties	f_7drmmob4pxne4	f_7drmmob4pxne4	4889	Sh	ˈču̱no̱	small
retained-ending-core-properties	f_usg5n3vpk7ycq	f_usg5n3vpk7ycq	3451	Sh	ˈkinu̱	black
retained-ending-core-properties	f_ekgofmglrr6iq	f_ekgofmglrr6iq	11225	Sh	ˈbʌṛo	big
retained-ending-core-properties	f_dbgdkjupizdy2	f_dbgdkjupizdy2	8283	Sh	ˈproṇo̱	old
retained-ending-core-properties	f_ihn2s4iqzmjre	f_ihn2s4iqzmjre	8330	Sh	ˈpuuro	whole
retained-ending-core-properties	f_bd5c7uravgmyu	f_bd5c7uravgmyu	12487	Sv	šalo	cold
retained-ending-core-properties	f_tj5khhoo7lcxu	f_tj5khhoo7lcxu	722	Sh	ˈɑpo	few
retained-ending-core-properties	f_lol34udlmqq5w	f_lol34udlmqq5w	11168	Sh	ˈlilo	red
retained-ending-core-properties	f_sgjs5tqqdlx5g	f_sgjs5tqqdlx5g	10896	Sh	ˈloóko̱	light
retained-ending-core-properties	f_64tgfb2beg5em	f_64tgfb2beg5em	11168	Sh	luˈhilo	red
retained-ending-core-properties	f_zz3c6hhlkbqwa	f_zz3c6hhlkbqwa	6119	Sh	dac̣híno	right(-hand)
retained-ending-core-properties	f_flfemsbwtxfxs	f_flfemsbwtxfxs	3451	Sh	ˈkɪṇo	black
retained-ending-core-properties	f_dj6z7ccs67em2	f_dj6z7ccs67em2	6368	Sh	ˈǰ̣igo̱	long
retained-ending-core-properties	f_vewus7yksj3eg	f_vewus7yksj3eg	3895	Sh	ˈkʰuṭo̱	short
retained-ending-core-properties	f_cvpx43xzfyvpe	f_cvpx43xzfyvpe	6926	Sh	náno	naked
retained-ending-core-properties	f_vssctzgzd3bw2	f_vssctzgzd3bw2	3895	Sh	ˈkʰʊṭo̥	short
retained-ending-core-properties	f_pjiafz3q5pbaa	f_pjiafz3q5pbaa	10896	Sh	lɑˈhoku̱	light
retained-ending-core-properties	f_qcdbzefma4qqi	f_qcdbzefma4qqi	12548	Sh	ˈšiku̥	dry
retained-ending-core-properties	f_p2i5yl3aq2v2s	f_p2i5yl3aq2v2s	10896	Sv	leew-i	little
retained-ending-core-properties	f_ac2qbldxcn67k	f_ac2qbldxcn67k	9568	Sh	ˈbuṭɛ	all
retained-ending-core-properties	f_vn3ww7stjbmrm	f_vn3ww7stjbmrm	6983	Sh	nɑu	new
retained-ending-core-properties	f_4rodbjipbybh2	f_4rodbjipbybh2	3832	Sh	ˈkʰɑbo	left
retained-ending-core-properties	f_m2twc3dmadmxi	f_m2twc3dmadmxi	3451	Sh	kíno	black
retained-ending-core-properties	f_if6mvir6yb7jg	f_if6mvir6yb7jg	12774	Sh	ˈšeu	white
retained-ending-core-properties	f_ungmca3te77se	f_ungmca3te77se	3832	Sh	ˈkʰʌbo̱	left
retained-ending-core-properties	f_oar4l3wnam43e	f_oar4l3wnam43e	3895	Sh	khŭṭo	short
retained-ending-core-properties	f_zqix4viujr24k	f_zqix4viujr24k	3153	Sh	ˈkʰʌčo̱	bad
retained-ending-core-properties	f_zol4acscae5xq	f_zol4acscae5xq	5839	Sh	tíiṇo	sharp
retained-ending-core-properties	f_7fwukf5qtvqic	f_7fwukf5qtvqic	3451	Sh	ˈkino	black
retained-ending-core-properties	f_todcxel63ch5s	f_todcxel63ch5s	12487	Sh	šɪˈdʌlo	cold
retained-ending-core-properties	f_ynktlk7i53e5a	f_ynktlk7i53e5a	3832	Sh	khábooto	left (direction)
retained-ending-core-properties	f_f3fjrlyk3kluk	f_f3fjrlyk3kluk	8283	Sh	ˈprono̱	old
retained-ending-core-properties	f_7jttvfvkzr7oy	f_7jttvfvkzr7oy	10299	Sh	ˈmɪṣ̌ṭo	good
retained-ending-core-properties	f_e2vh2nhtrroj2	f_e2vh2nhtrroj2	722	Sh	ˈɑpo	few
retained-ending-core-properties	f_arcyglm5ufa5y	f_arcyglm5ufa5y	1962	Sh	hɑˈguro	heavy
retained-ending-core-properties	f_oclukx5a4ofwg	f_oclukx5a4ofwg	12548	Sh	ˈšuko̱	dry
retained-ending-core-properties	f_cm2akoalp6npm	f_cm2akoalp6npm	6368	Sh	ˈǰ̣igo̱	long
retained-ending-core-properties	f_qpzn6x6oqzefw	f_qpzn6x6oqzefw	11225	Sh	ˈbʌṛo	big
retained-ending-core-properties	f_p4ncbizk2y4jw	f_p4ncbizk2y4jw	9568	Sh	ˈbuṭe̱	all
retained-ending-core-properties	f_7oso3verougm2	f_7oso3verougm2	9268	Phal	bhūru	deaf
retained-ending-core-properties	f_56ub56k474ay6	f_56ub56k474ay6	4850	Sh	čŭrkŭ	sour, bitter
retained-ending-core-properties	f_2ujbobjyoflvi	f_2ujbobjyoflvi	1962	Sh	hɑˈŋuro̱	heavy
retained-ending-core-properties	f_zlmuarh4lx6we	f_zlmuarh4lx6we	12548	Sh	ˈšuko̱	dry
retained-ending-core-properties	f_723oa6bnsjj2a	f_723oa6bnsjj2a	11168	Phal	lhoílu	red; money (substantivized in plural; i.e. red like the 100 rupee note)
retained-ending-core-properties	f_x7bvqr5kssile	f_x7bvqr5kssile	1962	Sh	hɑˈguro	heavy
retained-ending-core-properties	f_xyzlazwxfp2su	f_xyzlazwxfp2su	11225	Sh	báṛu	big
retained-ending-core-properties	f_nd4n5j3bo6uty	f_nd4n5j3bo6uty	5679	Phal	tāti	hot, burning
retained-ending-core-properties	f_gujwlzq42g4pa	f_gujwlzq42g4pa	3895	Sh	kʰʊˈṭuṭo	short
retained-ending-core-properties	f_yxy2337j4ezpa	f_yxy2337j4ezpa	3832	Sh	ˈkʰʌ̱bo̱	left
retained-ending-core-properties	f_warzwq45y2rny	f_warzwq45y2rny	3451	Sh	kíṇo	black
retained-ending-core-properties	f_v5ei5uksa7ydm	f_v5ei5uksa7ydm	7563	Sh	nīlṷ	green, blue
retained-ending-core-properties	f_2alfis35dlgmm	f_2alfis35dlgmm	6368	Sh	ẓígo	long
retained-ending-core-properties	f_rsyexamlddpd2	f_rsyexamlddpd2	3451	Sh	ˈkino̱	black
retained-ending-core-properties	f_agvkrukmzvvoc	f_agvkrukmzvvoc	3832	Sh	ˈkʰʌbu	left
retained-ending-core-properties	f_ssapsequ2tg6c	f_ssapsequ2tg6c	6983	Sh	nʌõ	new
retained-ending-core-properties	f_enfmdik2tzbfe	f_enfmdik2tzbfe	5839	bro	'ṭino	sharp
retained-ending-core-properties	f_qhug2bfbwjju2	f_qhug2bfbwjju2	10896	Sh	lɑˈhokʰu̱	light
retained-ending-core-properties	f_xy2ejg7ojjyek	f_xy2ejg7ojjyek	11225	Sh	ˈbʌṛo	big
retained-ending-core-properties	f_cywjpwbhha3ws	f_cywjpwbhha3ws	4850	bro	'cukro	sour
retained-ending-core-properties	f_vejqty4v7xihk	f_vejqty4v7xihk	6368	Sh	ˈǰ̣igo̱	long
retained-ending-core-properties	f_sztu7ytc45gwk	f_sztu7ytc45gwk	12774	Sh	še̱o	white
retained-ending-core-properties	f_kmg7oe6smtrzo	f_kmg7oe6smtrzo	4850	Sh	cúrko	sour
retained-ending-core-properties	f_hniewywe4tsoi	f_hniewywe4tsoi	12548	Sh	ˈšuko	dry
retained-ending-core-properties	f_q67ynpv7gvpow	f_q67ynpv7gvpow	722	Sh	aápo	little, slight
retained-ending-core-properties	f_ngikj5n73dfcw	f_ngikj5n73dfcw	6983	Sh	ˈnɑo	new
retained-ending-core-properties	f_q3eucig5fj4t2	f_q3eucig5fj4t2	6983	Sh	nʌõ	new
retained-ending-core-properties	f_s7r2hzcomblaw	f_s7r2hzcomblaw	4889	Sh	ˈčuṇo̱	small
retained-ending-core-properties	f_kepajpqcgyrhc	f_kepajpqcgyrhc	11168	Phal	lohílu	red
retained-ending-core-properties	f_6neyqix5cshlg	f_6neyqix5cshlg	13990	Sh	haliẓo	yellow
retained-ending-core-properties	f_ygbyaqybcxmu2	f_ygbyaqybcxmu2	3533	Phal	kūᵘlo	crooked
retained-ending-core-properties	f_izy2vaxjhqqo4	f_izy2vaxjhqqo4	11225	Sh	ˈbɑṛo	big
retained-ending-core-properties	f_vjrm4y7djqhxw	f_vjrm4y7djqhxw	7621	Sh	pakŭ	ripe, cooked
retained-ending-core-properties	f_amixxe42rbrwg	f_amixxe42rbrwg	11225	Sh	ˈbʌṛo	big
retained-ending-core-properties	f_sev5az32dca6o	f_sev5az32dca6o	6119	Sh	dʌˈṣ̌ino̱	right
retained-ending-core-properties	f_7wdapb6jkbsy4	f_7wdapb6jkbsy4	10299	Sh	ˈmɪč̣o	good
retained-ending-core-properties	f_v7fetw2xb5cc4	f_v7fetw2xb5cc4	6368	Sh	ˈẓ̌ʊgo̱	long
retained-ending-core-properties	f_tmsac7mtr72aw	f_tmsac7mtr72aw	8283	Sh	ˈpoṇo	old
retained-ending-core-properties	f_o6jqbf4awy2bk	f_o6jqbf4awy2bk	5938	Sh	c̣ĭṭŭ	bitter
retained-ending-core-properties	f_h4utgigsy4g4w	f_h4utgigsy4g4w	8330	Sh	ˈpuro	whole
retained-ending-core-properties	f_7rg3p64gvvowe	f_7rg3p64gvvowe	8283	Sh	ˈpròono̱	old
retained-ending-core-properties	f_3aftp4kerbzty	f_3aftp4kerbzty	3832	Sh	kɑˈbotʰu̥	left
retained-ending-core-properties	f_npkst53beheda	f_npkst53beheda	11168	Sh	ˈloólʸo̱	red
retained-ending-core-properties	f_5j76cxmaakloo	f_5j76cxmaakloo	2613	Phal	khāču	bad
retained-ending-core-properties	f_wh6e4wy5xljwq	f_wh6e4wy5xljwq	3895	Sh	ˈkʰuṭo	short
retained-ending-core-properties	f_5hvz3q6c5ishg	f_5hvz3q6c5ishg	4889	Sh	ˈču̱no̱	small
retained-ending-core-properties	f_ntggxooqrxha6	f_ntggxooqrxha6	12774	Sh	šeo	white
retained-ending-core-properties	f_dphomoav77q6a	f_dphomoav77q6a	10896	Sh	lɑˈhokʰu̱	light
retained-ending-core-properties	f_akqlnvqpqatwc	f_akqlnvqpqatwc	722	Sh	ˈɑpo	few
retained-ending-core-properties	f_wfqrcbbviczty	f_wfqrcbbviczty	6983	Sh	nɑ̃u	new
retained-ending-core-properties	f_d2anmkxleslo4	f_d2anmkxleslo4	12548	Sh	ˈšuko̱	dry
retained-ending-core-properties	f_dtfhj45wgvzvg	f_dtfhj45wgvzvg	3941	Phal	khʹuṭo	lame
retained-ending-core-properties	f_dlqoxpsjdjgy4	f_dlqoxpsjdjgy4	4889	Sh	ˈčuṇo	small
retained-ending-core-properties	f_e75li6m4c5y4a	f_e75li6m4c5y4a	10896	Sh	ˈloko	light
retained-ending-core-properties	f_ipc2ejzsi2wew	f_ipc2ejzsi2wew	12548	Sh	ˈšuko	dry
retained-ending-core-properties	f_4ky73jtyswqic	f_4ky73jtyswqic	5839	Ush	'tinu	sharp
retained-ending-core-properties	f_2zdsvvldpkh7k	f_2zdsvvldpkh7k	9568	Sh	ˈbuḍe	all
retained-ending-core-properties	f_nkncy3od6mghm	f_nkncy3od6mghm	10896	Phal	lhôʹko	small; young
retained-ending-core-properties	f_vf4bmgbcjbjym	f_vf4bmgbcjbjym	3832	Sh	khăbīnṷ	left-hand
retained-ending-core-properties	f_fq7lamsp4kib4	f_fq7lamsp4kib4	3832	Sh	kɑˈbʊto̱	left
retained-ending-core-properties	f_uurf7xjjcy7dq	f_uurf7xjjcy7dq	5679	Sh	ˈtɑɑto	hot
retained-ending-core-properties	f_jwobmcqnosdfw	f_jwobmcqnosdfw	8283	Sh	ˈpoṇo̱	old
retained-ending-core-properties	f_zuhc24c6jcmfu	f_zuhc24c6jcmfu	6119	Sh	dɑˈč̣ʰino̱	right
retained-ending-core-properties	f_zoqdvpfnwdbky	f_zoqdvpfnwdbky	3451	Sh	kíṇo	black
retained-ending-core-properties	f_v4dt6pxqg42kq	f_v4dt6pxqg42kq	6926	Phal	nʹânu	naked
retained-ending-core-properties	f_efhxiql5vlq72	f_efhxiql5vlq72	13548	Phal	c̣húuṇc̣u	straight
retained-ending-core-properties	f_tql5kc4xttury	f_tql5kc4xttury	4850	Phal	čúkru	sour
retained-ending-core-properties	f_u2ijhrf2nkclw	f_u2ijhrf2nkclw	6119	Sh	dɑˈč̣ino̱	right
retained-ending-core-properties	f_a3yjut4bpyzry	f_a3yjut4bpyzry	4424	Sv	gaːnu	big
retained-ending-core-properties	f_ks5utvv2wiovu	f_ks5utvv2wiovu	6368	Sh	ˈẓ̌iŋo	long
retained-ending-core-properties	f_te7erw54blipe	f_te7erw54blipe	6926	Phal	náanu	naked
retained-ending-core-properties	f_yptg2rfpgy474	f_yptg2rfpgy474	722	Sh	āpŭ	little, few
retained-ending-core-properties	f_oau5uipmj4wqe	f_oau5uipmj4wqe	3451	Sh	ˈkiṇo	black
retained-ending-core-properties	f_czbasjf46qdbc	f_czbasjf46qdbc	5679	Sh	ˈtɑɑto	hot
retained-ending-core-properties	f_i7s5zjm5zdesu	f_i7s5zjm5zdesu	3451	Sh	ˈkiṇo	black
retained-ending-core-properties	f_6gkqqdso5xodm	f_6gkqqdso5xodm	5839	Phal	tēṇu	sharp
retained-ending-core-properties	f_cd6mlvngji6tk	f_cd6mlvngji6tk	12548	Sh	ˈšuku̱	dry
retained-ending-core-properties	f_swaesgkzfxrao	f_swaesgkzfxrao	5839	Phal	tʹîṇo	sharp
retained-ending-core-properties	f_fl2dwm2jzaske	f_fl2dwm2jzaske	5839	Sh	tíiṇo	sharp
retained-ending-core-properties	f_ohlkmm3q7srlm	f_ohlkmm3q7srlm	6119	Sh	dʌˈč̣ʰino̱	right
retained-ending-core-properties	f_y6hjshdlmjjce	f_y6hjshdlmjjce	13548	Phal	c̣hūṇc̣o	straight
retained-ending-core-properties	f_dofipomnlp3l2	f_dofipomnlp3l2	3895	Sh	ˈkʰu̱ṭo̱	short
retained-ending-core-properties	f_nop4rgt4eg2iu	f_nop4rgt4eg2iu	11168	Sh	loólyo	red
retained-ending-core-properties	f_2ihhw4rwi6am4	f_2ihhw4rwi6am4	10896	Sh	ˈloóko̱	light
retained-ending-core-properties	f_3l6lzdn7huya4	f_3l6lzdn7huya4	2613	Phal	kháaču	bad
retained-ending-core-properties	f_qg2wssb7qkj3s	f_qg2wssb7qkj3s	11168	Sh	ˈlolo	red
retained-ending-core-properties	f_53qjasbfnc5rq	f_53qjasbfnc5rq	3153	Sh	ˈkʰʌčo̱	bad
retained-ending-core-properties	f_lrxwrx3l5egk2	f_lrxwrx3l5egk2	3832	Sh	ˈkʰʌ̱bo	left
retained-ending-core-properties	f_qkfuhivtvli4m	f_qkfuhivtvli4m	6368	Sh	ˈẓ̌igo	long
retained-ending-core-properties	f_hsgoczafkikws	f_hsgoczafkikws	5679	Sh	ˈtɑɑto	hot
retained-ending-core-properties	f_v7egpvhn5qx3a	f_v7egpvhn5qx3a	13519	Sh	sōno	golden
retained-ending-core-properties	f_y6sq4jiyjmdo6	f_y6sq4jiyjmdo6	8283	Sh	ˈprono̱	old
retained-ending-core-properties	f_5h3xdu7ypmobm	f_5h3xdu7ypmobm	13519	Sh	sōṇṷ	beautiful
retained-ending-core-properties	f_mm6p2lh7kc5sc	f_mm6p2lh7kc5sc	12774	Sh	šéeo	white
retained-ending-core-properties	f_iuuv4y2ybd5ys	f_iuuv4y2ybd5ys	3895	Sh	ˈkʰuṭo̱	short
retained-ending-core-properties	f_oie5yukcaqifm	f_oie5yukcaqifm	3895	Sh	ˈkʰʊṭo̱	short
retained-ending-core-properties	f_xanqqykwb7rpg	f_xanqqykwb7rpg	9568	Sh	ˈbuṭʌ̱	all
retained-ending-core-properties	f_7ehuydcdfsq4g	f_7ehuydcdfsq4g	8283	Sh	ˈpòoṇo	old
retained-ending-core-properties	f_z3dksxqzxfo5y	f_z3dksxqzxfo5y	4889	Sh	ˈčuno̱	small
retained-ending-core-properties	f_fyjprkqbxnkr2	f_fyjprkqbxnkr2	7563	Sh	níilu	green
retained-ending-core-properties	f_nspyajgynzhwm	f_nspyajgynzhwm	722	Sh	ápa	few
retained-ending-core-properties	f_7l7y6sptizesa	f_7l7y6sptizesa	9568	Sh	buṛo̱	all
retained-ending-core-properties	f_n3xs3uw7i3av4	f_n3xs3uw7i3av4	8283	Sh	ˈpròono	old
retained-ending-core-properties	f_tfpgmgzjr4n2y	f_tfpgmgzjr4n2y	6119	Phal	dêc̣hʹiṇi	right
retained-ending-core-properties	f_soaxhkgtkszmg	f_soaxhkgtkszmg	6119	Sh	dac̣híṇo	right (direction)
retained-ending-core-properties	f_ty4dxqbmdjvss	f_ty4dxqbmdjvss	6119	Sh	dʌˈšɪno̱	right
retained-ending-core-properties	f_vesdejh6gpemw	f_vesdejh6gpemw	3832	Sh	khăbŭ	left-hand
retained-ending-core-properties	f_h4na2j2hkq5ik	f_h4na2j2hkq5ik	6368	Sh	ˈẓ̌igo	long
retained-ending-core-properties	f_c6d4kf5fdf2vm	f_c6d4kf5fdf2vm	5839	Phal	tēṇi	sharp
retained-ending-core-properties	f_7pso2jqsqy7vm	f_7pso2jqsqy7vm	10299	Sh	míṣṭho	good
retained-ending-core-properties	f_i6tzbdt6wwkim	f_i6tzbdt6wwkim	3451	Sh	ˈkiṇo	black
retained-ending-core-properties	f_6fpy6fhcppmso	f_6fpy6fhcppmso	3451	Sh	ˈkɪno̱	black
retained-ending-core-properties	f_6665qhers3omq	f_6665qhers3omq	6368	Ush	'ʐugo	tall
retained-ending-core-properties	f_zl5unosahclwm	f_zl5unosahclwm	6368	Sh	ˈǰ̣igo̱	long
retained-ending-core-properties	f_ak7ct63sb7wae	f_ak7ct63sb7wae	6368	Sh	ˈẓ̌iŋo	long
retained-ending-core-properties	f_vl6ccwbdrlutk	f_vl6ccwbdrlutk	722	Sh	ˈɑpʰo	few
retained-ending-core-properties	f_fgxtn3srtvcje	f_fgxtn3srtvcje	4889	Sh	čuno	small
retained-ending-core-properties	f_mm7s6hfjp47yq	f_mm7s6hfjp47yq	8283	Phal	purṓṇo	old, ancient
retained-ending-core-properties	f_vzsgck6f3gpok	f_vzsgck6f3gpok	6119	Sh	daṣínu	right (direction)
retained-ending-core-properties	f_aez2544aozm6c	f_aez2544aozm6c	6368	Sh	ˈẓ̌ɪgo̱	long
retained-ending-core-properties	f_dornzfxmv3xne	f_dornzfxmv3xne	6983	Sh	nɑ̃ũ	new
retained-ending-core-properties	f_zdep2gqkhnw6a	f_zdep2gqkhnw6a	3451	bro	'kyono	black
retained-ending-core-properties	f_vbtbzpvfzj2ag	f_vbtbzpvfzj2ag	12487	Sh	šɪˈdʌlo	cold
retained-ending-core-properties	f_ahk267xernxyg	f_ahk267xernxyg	12548	Phal	šuko	dry
retained-ending-core-properties	f_q3sjvhv3x3src	f_q3sjvhv3x3src	6368	Sh	ˈẓ̌ɪgo̱	long
retained-ending-core-properties	f_qphomzrgd6rqu	f_qphomzrgd6rqu	1962	Sv	ugəró	heavy
retained-ending-core-properties	f_5gve5qndfm6v2	f_5gve5qndfm6v2	12487	Sh	šiˈdʌlo	cold
retained-ending-core-properties	f_sr376gcx5mxlm	f_sr376gcx5mxlm	6119	Sh	dɑˈč̣ʰino	right
retained-ending-core-properties	f_5svsl2qm3nptg	f_5svsl2qm3nptg	7621	Sh	páko	ripe, perfect, strong; firm, hard
retained-ending-core-properties	f_pfpowlukpzsdm	f_pfpowlukpzsdm	1962	Sh	ɑˈŋur̃o	heavy
retained-ending-core-properties	f_qq6pvq7soywz4	f_qq6pvq7soywz4	9568	Sh	ˈbuṭe	all
retained-ending-core-properties	f_ug7gfyn7p5i6m	f_ug7gfyn7p5i6m	10299	Sh	ˈmɪč̣o̱	good
retained-ending-core-properties	f_cjrnsbqnmfuuo	f_cjrnsbqnmfuuo	12548	Phal	šʹuko	dry
retained-ending-core-properties	f_v6qsh3wyukc7o	f_v6qsh3wyukc7o	3451	Sh	ˈkino̱	black
retained-ending-core-properties	f_wmajedauy5fdc	f_wmajedauy5fdc	11168	Sh	ˈlolo	red
retained-ending-core-properties	f_vk4gbyyhcc6v4	f_vk4gbyyhcc6v4	10896	Sh	loóko	fast
retained-ending-core-properties	f_zjl6e2uoi27om	f_zjl6e2uoi27om	3451	Sh	ˈkino	black
retained-ending-core-properties	f_k3oyvfwuekczm	f_k3oyvfwuekczm	3523	Sv	kọ̈̄mala	tender, soft
retained-ending-core-properties	f_cojxl2nodvpcc	f_cojxl2nodvpcc	6368	Sh	j̣ígu	long
retained-ending-core-properties	f_3v3ovvpaqyi72	f_3v3ovvpaqyi72	5145	Sh	žărŭ	old
retained-ending-core-properties	f_wpnhohgtgkxf2	f_wpnhohgtgkxf2	11225	Sh	ˈbʌ̱ṛo	big
retained-ending-core-properties	f_em7zfpdapgxie	f_em7zfpdapgxie	1962	Sh	hɑˈguro	heavy
retained-ending-core-properties	f_msdzrmc7aj3te	f_msdzrmc7aj3te	5679	Sh	táto	hot
retained-ending-core-properties	f_e7vww6ozmn5i2	f_e7vww6ozmn5i2	5679	Sh	tátto	hot
retained-ending-core-properties	f_34t6l7wz65vdo	f_34t6l7wz65vdo	6926	Sh	nonŭ	naked
retained-ending-core-properties	f_ucpktbgccghhe	f_ucpktbgccghhe	10896	Sh	ˈloóko̱	light
retained-ending-core-properties	f_mhvz4p6qp7ewq	f_mhvz4p6qp7ewq	12487	Sh	šɪˈdʌlo	cold
retained-ending-core-properties	f_xrhbhuaoqlbli	f_xrhbhuaoqlbli	5679	Sh	tʌ́to	Hot
retained-ending-core-properties	f_qmmvkwssndrqu	f_qmmvkwssndrqu	5145	Sh	ǰĕ́ri	old
retained-ending-core-properties	f_tze3ha7yllml4	f_tze3ha7yllml4	11225	Sh	ˈbʌṛo	big
retained-ending-core-properties	f_hnk7uwit4272c	f_hnk7uwit4272c	12548	Sh	ˈšu̱ko̱	dry
retained-ending-core-properties	f_vexnxobizrjgw	f_vexnxobizrjgw	722	Ush	'ɑːpo	few
retained-ending-core-properties	f_2sd7tstubmfoc	f_2sd7tstubmfoc	9568	Sh	ˈbuṭɛ	all
retained-ending-core-properties	f_eymppwgi6cuco	f_eymppwgi6cuco	10896	Sh	loóko	light
retained-ending-core-properties	f_2kzeyj4avbvak	f_2kzeyj4avbvak	11225	Sh	bŏ́ṛŭ	big
retained-ending-core-properties	f_vdppsixnimo62	f_vdppsixnimo62	4424	Sv	ganu	old, big, tall
retained-ending-core-properties	f_2nbaoxngmtrik	f_2nbaoxngmtrik#1	722	bro	'apo	few
retained-ending-core-properties	f_2nbaoxngmtrik	f_2nbaoxngmtrik#2		bro	kʲii	few
retained-ending-core-properties	f_mzqbnizfliexo	f_mzqbnizfliexo	13548	Sh	sū̃c̣ṷ	straight, direct, real, true
retained-ending-core-properties	f_ajjtn2tbz5rp2	f_ajjtn2tbz5rp2	3523	Phal	koomáalu	soft
retained-ending-core-properties	f_6wl4kujjpngx2	f_6wl4kujjpngx2	5839	Sh	tíino	sharp, fast, active, clever
retained-ending-core-properties	f_haxc2toeybfrq	f_haxc2toeybfrq	12774	Sh	ˈšio	white
retained-ending-core-properties	f_te3sh5pjj4fbq	f_te3sh5pjj4fbq	3602	Sh	kūro	hard, severe (of things and people), strong, firm
retained-ending-core-properties	f_pxsdyyckdqwg2	f_pxsdyyckdqwg2	10299	Sh	ˈmɪč̣o̱	good
retained-ending-core-properties	f_j5ewj2ylywo74	f_j5ewj2ylywo74	722	Sh	ˈɑfo̱	few
retained-ending-core-properties	f_uj4mpppgmokv2	f_uj4mpppgmokv2	12487	Sh	šiˈdɑlo	cold
retained-ending-core-properties	f_4kosggpl74o2o	f_4kosggpl74o2o	3153	Sh	ˈkʰʌčo	bad
retained-ending-core-properties	f_p3m6qkli4ayhk	f_p3m6qkli4ayhk	5679	Sh	taáto	warm
retained-ending-core-properties	f_skmappppipiro	f_skmappppipiro	9568	Sh	ˈbuṭe̱	all
retained-ending-core-properties	f_gn5ti6z2va4ce	f_gn5ti6z2va4ce	6368	Sh	ˈẓ̌ɪgo	long
retained-ending-core-properties	f_lxrrvuvvd7224	f_lxrrvuvvd7224	6983	Sh	naːwo	new
retained-ending-core-properties	f_fk67egop4lhsw	f_fk67egop4lhsw	6983	Sh	nʌõ	new
retained-ending-core-properties	f_p2gb7j32hijvs	f_p2gb7j32hijvs	4889	Sh	cúno	small
retained-ending-core-properties	f_i4qslec4kelnc	f_i4qslec4kelnc	8283	Sh	pŭrōnṷ	old, ancient
retained-ending-core-properties	f_uszqyqfs34ai6	f_uszqyqfs34ai6	10896	Sh	lɑˈoko	light
retained-ending-core-properties	f_waubnynyz276a	f_waubnynyz276a	11168	Sh	luˈhilo	red
retained-ending-core-properties	f_julntmlin43dy	f_julntmlin43dy	12548	Sh	šúku	dry
retained-ending-core-properties	f_mpajiuecfyyis	f_mpajiuecfyyis	6119	Sh	dɑˈč̣ino̱	right
retained-ending-core-properties	f_qen5u5uhq5teu	f_qen5u5uhq5teu	5679	Sh	ˈtʌto̱	hot
retained-ending-core-properties	f_duskvoome5c6k	f_duskvoome5c6k	3832	Sh	ˈkʰʌbo̱	left
retained-ending-core-properties	f_srd7xbbp4h3qo	f_srd7xbbp4h3qo	8156	Sh	phičílo	beautiful, pretty
retained-ending-core-properties	f_kg4oj2wg7p6da	f_kg4oj2wg7p6da	2613	Phal	khʹâču	bad
retained-ending-core-properties	f_4stobeuvtq4em	f_4stobeuvtq4em	8047	Sv	paṛaṇ-o	white
retained-ending-core-properties	f_6otzjjabv64xq	f_6otzjjabv64xq	3832	Sh	ˈkʰʌbo	left
retained-ending-core-properties	f_6jpkdn653gavo	f_6jpkdn653gavo	3153	Phal	kháaču	bad
retained-ending-core-properties	f_wnrcol4q5utdg	f_wnrcol4q5utdg	12487	Phal	šidā́lo	cold
retained-ending-core-properties	f_pifcsfybfopps	f_pifcsfybfopps	6119	Sh	dɑṣ̌ˈṭino	right
retained-ending-core-properties	f_k7njk3rn73lha	f_k7njk3rn73lha	10896	Sh	lɑˈoko	light
retained-ending-core-properties	f_i52nm3ntd7pni	f_i52nm3ntd7pni	12548	Sh	šuku	dry
retained-ending-core-properties	f_5meopvkafgfec	f_5meopvkafgfec	10896	Sh	lóko	Light
retained-ending-core-properties	f_i5ow5cb3br65w	f_i5ow5cb3br65w	9568	Sh	buḍe	all
retained-ending-core-properties	f_l34kzhx6brex6	f_l34kzhx6brex6	12196	Sh	báato	open
retained-ending-core-properties	f_lfh7nphimm4wu	f_lfh7nphimm4wu	6983	Sh	nɑˈu	new
retained-ending-core-properties	f_hgrzutflcehy4	f_hgrzutflcehy4	8283	Sh	ˈpoṇo̱	old
retained-ending-core-properties	f_7yci64cpuy4kw	f_7yci64cpuy4kw	11168	Sh	luˈelo	red
retained-ending-core-properties	f_2zwlsmwzvnf6u	f_2zwlsmwzvnf6u	12487	Sh	šɪˈdɑlo	cold
retained-ending-core-properties	f_yvs5wwuqqd4ls	f_yvs5wwuqqd4ls	8330	Sh	ˈpuuro̱	whole
retained-ending-core-properties	f_ziboncqg7jiie	f_ziboncqg7jiie	722	Sh	ˈɑpo	few
retained-ending-core-properties	f_45jq2ub6rxlvm	f_45jq2ub6rxlvm	1962	Sh	hɑˈguro	heavy
retained-ending-core-properties	f_oq3hmgbhwjih2	f_oq3hmgbhwjih2	6119	Sh	dɑ̱ˈč̣ɪno̱	right
retained-ending-core-properties	f_icspxecheusga	f_icspxecheusga	13924	Sh	ispáawo	sweet; tasty
retained-ending-core-properties	f_6hnhp77cype5i	f_6hnhp77cype5i	3153	Sh	kʰʌčo̱	bad
retained-ending-core-properties	f_k7hotu5jg3vng	f_k7hotu5jg3vng	10896	Sh	ˈloóko̱	light
retained-ending-core-properties	f_qvjwriuno2ijg	f_qvjwriuno2ijg	7563	Sh	niílo	blue
retained-ending-core-properties	f_qn3ltqdbfl4va	f_qn3ltqdbfl4va	722	Sh	ˈʌpo	few
retained-ending-core-properties	f_ywryunyo3efre	f_ywryunyo3efre	8047	Sv	parãṛó	white
retained-ending-core-properties	f_e2mvye2pan55c	f_e2mvye2pan55c	3832	Sh	ˈkʰʌbo	left
retained-ending-core-properties	f_ufzyvuxmylmbm	f_ufzyvuxmylmbm	6983	Sh	nɑ̃ũ	new
retained-ending-core-properties	f_q3vxjacvagvlu	f_q3vxjacvagvlu	11225	Sh	ˈbʌṛo	big
retained-ending-core-properties	f_p5q4ljcv3ub3u	f_p5q4ljcv3ub3u	3832	Sh	kʰʌˈbʊto	left
retained-ending-core-properties	f_4fzr4jaqpd3uu	f_4fzr4jaqpd3uu	5679	Sh	ˈtɑto	hot
retained-ending-core-properties	f_fnv2yifdhmq2c	f_fnv2yifdhmq2c	3533	Sh	kōlṷ	curved, crooked
retained-ending-core-properties	f_wd3hu7mwgnge6	f_wd3hu7mwgnge6	722	Sh	ˈɑpʰo	few
retained-ending-core-properties	f_7ygsmaw3ie7pa	f_7ygsmaw3ie7pa	10896	Sh	lɑˈhʊko	light
retained-ending-core-properties	f_qzxzqt7iy6qpo	f_qzxzqt7iy6qpo	6368	Sh	ˈẓ̌ɪgo̱	long
retained-ending-core-properties	f_hmkgrboqhmz3y	f_hmkgrboqhmz3y	1962	Sh	hɑˈguro	heavy
retained-ending-core-properties	f_7qkqfzy5qir7c	f_7qkqfzy5qir7c	3451	Sv	kašaṇ-i	black
retained-ending-core-properties	f_rdiyo3xlkjovc	f_rdiyo3xlkjovc	10299	Sh	ˈmɪč̣o̱	good
retained-ending-core-properties	f_hpy72ly7jv75q	f_hpy72ly7jv75q	9568	Sh	ˈbuṭe	all
retained-ending-core-properties	f_2q4hgvxlprota	f_2q4hgvxlprota	11225	Sh	ˈbʌṛo	big
retained-ending-core-properties	f_h5hlqrksckf6i	f_h5hlqrksckf6i	11168	Phal	lᵊhōilo	red
retained-ending-core-properties	f_q26pyx2tp54wm	f_q26pyx2tp54wm	12774	Sh	šɪo	white
retained-ending-core-properties	f_7q756wstfnvrq	f_7q756wstfnvrq	11168	Sh	li̱ˈhilu	red
retained-ending-core-properties	f_qcdjjfqfxk244	f_qcdjjfqfxk244	12774	Sh	ˈšeo	white
retained-ending-core-properties	f_tvrowfavlu23i	f_tvrowfavlu23i	4889	Sh	ˈčuno̱	small
retained-ending-core-properties	f_icrp52ucre4go	f_icrp52ucre4go	13990	Sh	halíẓo	yellow
retained-ending-core-properties	f_nhatgttcqudke	f_nhatgttcqudke	5679	bro	'taato	hot
retained-ending-core-properties	f_qoecdmgrd7wxc	f_qoecdmgrd7wxc	3533	Sh	ka~óolo	crooked
retained-ending-core-properties	f_drd7lehnmwqpm	f_drd7lehnmwqpm	12717	Phal	ṣʹîṛo	blind
retained-ending-core-properties	f_ingw6xl7i252y	f_ingw6xl7i252y	3941	Phal	khúṭu	lame (not able to walk normally)
retained-ending-core-properties	f_xl3kmfsnqx522	f_xl3kmfsnqx522	6983	Sh	naáwo	new
retained-ending-core-properties	f_rpkqzd6hldjmk	f_rpkqzd6hldjmk	12774	Sh	ˈšeo	white
retained-ending-core-properties	f_o374kg3sa2qxa	f_o374kg3sa2qxa	11168	Phal	lohílu	red; money (substantivized in plural; i.e. red like the 100 rupee note)
retained-ending-core-properties	f_7rr3r76pvkecs	f_7rr3r76pvkecs	12548	Sh	ˈšuko̱	dry
retained-ending-core-properties	f_73elocfobnlva	f_73elocfobnlva	3451	Sh	ˈki̱ṇo̱	black
retained-ending-core-properties	f_dnqesvt2aubj2	f_dnqesvt2aubj2	3451	Sh	ˈkiṇo	black
retained-ending-core-properties	f_t2eyo22s3yb6o	f_t2eyo22s3yb6o	12548	Sh	ˈšuko̱	dry
retained-ending-core-properties	f_iwd6z57pb7kha	f_iwd6z57pb7kha	9568	Sh	ˈbuṭe	all
retained-ending-core-properties	f_hcz5pqpgxr4a4	f_hcz5pqpgxr4a4	7563	bro	'niilo	green
retained-ending-core-properties	f_ny3qsmmjmj2qo	f_ny3qsmmjmj2qo	6926	Phal	nāano	naked
retained-ending-core-properties	f_mrkapuisclysk	f_mrkapuisclysk	6983	Sh	nɑ̃u	new
retained-ending-core-properties	f_qz47gtzgbfp7q	f_qz47gtzgbfp7q	8283	Sh	ˈprono̱	old
retained-ending-core-properties	f_s75ykhicnqnio	f_s75ykhicnqnio	12487	Sh	šɪˈdʌlo	cold
retained-ending-core-properties	f_6licm5otnjcoc	f_6licm5otnjcoc	3832	Sh	ˈkʰɑbi	left
retained-ending-core-properties	f_a42dwv45i4dec	f_a42dwv45i4dec	4889	Sh	ˈčuṇo	small
retained-ending-core-properties	f_lsf3fqofdu4n4	f_lsf3fqofdu4n4	3153	Sh	ˈkʰʌčo̥	bad
retained-ending-core-properties	f_qz6nedsrmssuu	f_qz6nedsrmssuu	722	Sh	ˈɑɸo	few
retained-ending-core-properties	f_6sajoid2w5s2w	f_6sajoid2w5s2w	3451	Sh	kiṇo	black
retained-ending-core-properties	f_giofracoe237w	f_giofracoe237w	4889	Sh	ˈčuno	small
retained-ending-core-properties	f_4kowtgq7yqrnw	f_4kowtgq7yqrnw	12548	Sh	ˈšuko̱	dry
retained-ending-core-properties	f_rzpwf7cgep3k6	f_rzpwf7cgep3k6	11168	Sh	loólyo	red
retained-ending-core-properties	f_brhzdpsx6grlk	f_brhzdpsx6grlk	1962	Sh	hagúro	heavy
retained-ending-core-properties	f_jn6hud2zdnbn6	f_jn6hud2zdnbn6	11225	Sh	báṛo	big
retained-ending-core-properties	f_qawsglph5c25c	f_qawsglph5c25c	9568	Sh	ˈbuṭo̱	all
retained-ending-core-properties	f_hh5x5cslm3ejw	f_hh5x5cslm3ejw	4850	Sh	čúrko	sour
retained-ending-core-properties	f_rqjygrorhwl72	f_rqjygrorhwl72	3832	Sh	ˈkʰʌbo	left
retained-ending-core-properties	f_tyj3aem3vmrfu	f_tyj3aem3vmrfu	8283	Sh	ˈpoṇo̱	old
retained-ending-core-properties	f_bidfsf4j7dutw	f_bidfsf4j7dutw	722	Sh	ápo	few
retained-ending-core-properties	f_dg3cwyk7fol46	f_dg3cwyk7fol46	12548	Sh	ˈšuko̱	dry
retained-ending-core-properties	f_u6sj6bfu4sr4s	f_u6sj6bfu4sr4s	3451	Sh	ˈkiṇo	black
retained-ending-core-properties	f_36l2iwwjuvjsa	f_36l2iwwjuvjsa	4889	Sh	ˈčuno	small
retained-ending-core-properties	f_w32qwt4hejbho	f_w32qwt4hejbho	3533	Phal	kʹûlo	crooked
retained-ending-core-properties	f_klsec7tvfrt2o	f_klsec7tvfrt2o	6368	Sh	ẓĭgŭ	long, tall
retained-ending-core-properties	f_cvdovfo2chhfw	f_cvdovfo2chhfw	3941	Ush	'khuʈo	lame, dwarf
retained-ending-core-properties	f_3le4z2i63455c	f_3le4z2i63455c	6983	Phal	nā́wu	new
retained-ending-core-properties	f_h7wkim2nmpuka	f_h7wkim2nmpuka	9568	Sh	buˈṭe	all
retained-ending-core-properties	f_52pcfirp5tnc2	f_52pcfirp5tnc2	5679	Sh	tátto	hot
retained-ending-core-properties	f_3zsb35pzom5kw	f_3zsb35pzom5kw	11168	Sh	ˈlilo	red
retained-ending-core-properties	f_nbzaqxs7jnawi	f_nbzaqxs7jnawi	3895	Sh	ˈkʰuṭo	short
retained-ending-core-properties	f_fkcw72iqvfo6g	f_fkcw72iqvfo6g	4889	Phal	čuṇṇo	small (?)
retained-ending-core-properties	f_bxbo6r4diopba	f_bxbo6r4diopba	10299	Sh	míṣṭo	good
retained-ending-core-properties	f_24gzn522ytkii	f_24gzn522ytkii	11168	Sh	lou	red
retained-ending-core-properties	f_gpq6t3pjkuv26	f_gpq6t3pjkuv26	3895	Sh	kʰu̱ˈṭo	short
retained-ending-core-properties	f_2qalct2ama34g	f_2qalct2ama34g	8283	Phal	purúuṇu	old
retained-ending-core-properties	f_f5jcuqv5izxco	f_f5jcuqv5izxco	11168	Sh	loⁱlo	red, bay (of horse or cow)
retained-ending-core-properties	f_fdmsw22gxyadu	f_fdmsw22gxyadu	8283	Sh	ˈpoṇo̱	old
retained-ending-core-properties	f_vbmctfam2h37e	f_vbmctfam2h37e	10896	Sh	ˈlɛku̥	small
retained-ending-core-properties	f_6otwf3agzm32s	f_6otwf3agzm32s	6119	Sh	dac̣híno	right (direction)
retained-ending-core-properties	f_qpwvt2uljcy7y	f_qpwvt2uljcy7y	3153	Sh	ˈkʰʌču	bad
retained-ending-core-properties	f_bahplzq4e6b2u	f_bahplzq4e6b2u	3895	Sh	ˈkʰuṭo̱	short
retained-ending-core-properties	f_pvkwbvdaie4om	f_pvkwbvdaie4om	11225	Sh	ˈbʌṛo	big
retained-ending-core-properties	f_qi6wctkzoj7is	f_qi6wctkzoj7is	6983	Sh	naáwo	new
retained-ending-core-properties	f_ysm7fehww2ef4	f_ysm7fehww2ef4	10299	Sh	ˈmɪṣ̌to	good
retained-ending-core-properties	f_yr3bcs6m4torm	f_yr3bcs6m4torm	5839	Phal	tíiṇu	sharp
retained-ending-core-properties	f_7xc5vdqk2ywvo	f_7xc5vdqk2ywvo	8283	Sh	puróono	old
retained-ending-core-properties	f_3kezpw5evmblg	f_3kezpw5evmblg	12774	Sh	šeo	white
retained-ending-core-properties	f_6aixg5kbn3biw	f_6aixg5kbn3biw	1962	Phal	úguro	heavy
retained-ending-core-properties	f_lt4rgjrvitzto	f_lt4rgjrvitzto	722	Sh	ˈɑfo	few
retained-ending-core-properties	f_bmyjzqye4t5hs	f_bmyjzqye4t5hs	3895	Sh	ˈkʰuṭo̱	short
retained-ending-core-properties	f_hskkfozlaji6g	f_hskkfozlaji6g	8283	Sh	ˈpròoṇo̱	old
retained-ending-core-properties	f_t6bkzrlwz5nsw	f_t6bkzrlwz5nsw	11168	Sh	luˈhilo	red
retained-ending-core-properties	f_7ab4bjy3img36	f_7ab4bjy3img36	3153	Sh	ˈkʰʌčo̱	bad
retained-ending-core-properties	f_at2vjmgvusb4c	f_at2vjmgvusb4c	10299	Sh	ˈmiṣ̌ṭo	good
retained-ending-core-properties	f_yghr5tmv7fsqc	f_yghr5tmv7fsqc	8283	Sh	ˈpòoṇo̱	old
retained-ending-core-properties	f_gpapd6uk557oo	f_gpapd6uk557oo	8283	Ush	pu'roːno	old
retained-ending-core-properties	f_gjmfpkku253nq	f_gjmfpkku253nq	5679	Sh	ˈtɑɑ́to	hot
retained-ending-core-properties	f_p3kqm5ymj6yae	f_p3kqm5ymj6yae	10299	Sh	ˈmɪṣ̌ṭo̱	good
retained-ending-core-properties	f_x2opecsslktme	f_x2opecsslktme	11168	Sh	ˈliilo	red
retained-ending-core-properties	f_2mgorwpnr6b2m	f_2mgorwpnr6b2m	11225	Sh	ˈbʌṛo	big
retained-ending-core-properties	f_vchjfmjkw7e3g	f_vchjfmjkw7e3g	3451	Sh	ˈkino	black
retained-ending-core-properties	f_szevgf5gonuwo	f_szevgf5gonuwo	11168	Sh	loólyo	red
retained-ending-core-properties	f_e2mfdj2xrjeq2	f_e2mfdj2xrjeq2	10299	Sh	ˈmɪṣ̌ṭo̱	good
retained-ending-core-properties	f_32lmnjzx5qr4m	f_32lmnjzx5qr4m	722	Sh	ˈɑpo	few
retained-ending-core-properties	f_7anzsehaa2p7e	f_7anzsehaa2p7e	6983	Sh	nāvṷ	new
retained-ending-core-properties	f_vkswzslqg7jxa	f_vkswzslqg7jxa	4424	Sv	gaan-o	big
retained-ending-core-properties	f_47s4y36dfu6pe	f_47s4y36dfu6pe	1962	Sh	ɑˈguro	heavy
retained-ending-core-properties	f_p56sve5obkdvc	f_p56sve5obkdvc	3832	Sh	ˈkʰɑbo̱	left
retained-ending-core-properties	f_xn4sq2fmgjhz4	f_xn4sq2fmgjhz4	3832	Sh	ˈkʰʌbo	left
retained-ending-core-properties	f_yyi7uppsylsoi	f_yyi7uppsylsoi	4889	Sh	čini	small
retained-ending-core-properties	f_fdvyz3x44zxvs	f_fdvyz3x44zxvs	5679	Sh	ˈtɑ̀ɑto	hot
retained-ending-core-properties	f_savebk4ao6xkg	f_savebk4ao6xkg	11168	Sh	ˈlowo	red
retained-ending-core-properties	f_gurgz4sml7hha	f_gurgz4sml7hha	3832	Sh	kʰɑ̱ˈbo̱	left
retained-ending-core-properties	f_pzn5jbey7b3sc	f_pzn5jbey7b3sc	5839	Sh	tíino	sharp
retained-ending-core-properties	f_mbbipmlmg4lta	f_mbbipmlmg4lta	6119	Sh	dʌˈṣ̌iṇo	right
retained-ending-core-properties	f_4zw2mp4t6ra2m	f_4zw2mp4t6ra2m	6983	Sh	ˈnɑwo̱	new
retained-ending-core-properties	f_2iicxz7glpzw2	f_2iicxz7glpzw2	12774	Sh	šeo	white
retained-ending-core-properties	f_ky3p3g6t7zmja	f_ky3p3g6t7zmja	11168	Sh	lī́lo	red
retained-ending-core-properties	f_azjcvcbtepgd6	f_azjcvcbtepgd6	8330	Sh	ˈpùuro̱	whole
retained-ending-core-properties	f_ji2msb5yopdwm	f_ji2msb5yopdwm	3153	Sh	ˈkʰʌčo	bad
retained-ending-core-properties	f_4uexzdsgnavzg	f_4uexzdsgnavzg	3832	Sh	khábo	left
retained-ending-core-properties	f_5efvtero45q3e	f_5efvtero45q3e	3153	Sh	kʌˈč̣ɑṭo	bad
retained-ending-core-properties	f_haoiftjqccmbi	f_haoiftjqccmbi	6368	Ush	'ʐugo	long
retained-ending-core-properties	f_2vta5ys37t5vy	f_2vta5ys37t5vy	10896	Sh	ˈloóko̱	light
retained-ending-core-properties	f_jgt7r7i2xhw6q	f_jgt7r7i2xhw6q	8330	Sh	ˈpuuro	whole
retained-ending-core-properties	f_rohkcynhsbly6	f_rohkcynhsbly6	12487	Sh	šidálo	cold
retained-ending-core-properties	f_pohldak4p2b2g	f_pohldak4p2b2g	8283	Sh	ˈproṇo	old
retained-ending-core-properties	f_m2m2z4qeu56b4	f_m2m2z4qeu56b4	10896	Sv	laːvu	child, small
retained-ending-core-properties	f_eap7lzvzi66ru	f_eap7lzvzi66ru	12487	Sh	šiˈdʌlo	cold
retained-ending-core-properties	f_bnipvery72umm	f_bnipvery72umm	8047	Phal	paṇʹâru	white
retained-ending-core-properties	f_jlkdeiob34iwu	f_jlkdeiob34iwu	11168	Sh	ˈlolo	red
retained-ending-core-properties	f_pdqsdrjptvbu2	f_pdqsdrjptvbu2	3451	Ush	'kinono	black
retained-ending-core-properties	f_b2sa7jcdkkg6w	f_b2sa7jcdkkg6w	3451	Sh	ˈkiṇo	black
retained-ending-core-properties	f_gew2lmawjwmty	f_gew2lmawjwmty	12548	bro	'šuko	dry
retained-ending-core-properties	f_dm4orq5vixtfi	f_dm4orq5vixtfi	8047	Phal	paṇáaru	white
retained-ending-core-properties	f_4uv7zgbgc3ybw	f_4uv7zgbgc3ybw	11225	Sh	ˈbʌṛo	big
retained-ending-core-properties	f_el4s5gnw3rcsk	f_el4s5gnw3rcsk	3153	Sh	ˈkʰʌčo	bad
retained-ending-core-properties	f_k2h2srpxm6rl2	f_k2h2srpxm6rl2	12548	Sh	súkho	dry
retained-ending-core-properties	f_wseamorhwrxky	f_wseamorhwrxky	11168	Sh	lhiílo	red
retained-ending-core-properties	f_7ak44podjyhbw	f_7ak44podjyhbw	11225	Ush	'bʌɽo	big
retained-ending-core-properties	f_pzlk3rew2rc5s	f_pzlk3rew2rc5s	3451	Sh	ˈkiṇo	black
retained-ending-core-properties	f_hqi66jgkauhpi	f_hqi66jgkauhpi	9568	Sh	búṭo	all (countable)
retained-ending-core-properties	f_eirbqvi3mi324	f_eirbqvi3mi324	11225	Sh	ˈbʌṛo	big
retained-ending-core-properties	f_54qlrilqohzvs	f_54qlrilqohzvs	3832	Sh	kɑˈbʌtʰo̱	left
retained-ending-core-properties	f_a2s6zzh37zgdg	f_a2s6zzh37zgdg	10896	Sh	ˈlɛku̥	small
retained-ending-core-properties	f_ika2gq3gc5ijk	f_ika2gq3gc5ijk	3153	Sh	kʰʌˈčʌṭʰu	bad
retained-ending-core-properties	f_37ifonrknaurc	f_37ifonrknaurc	3832	Sh	ˈkʰʌbo̱	left
retained-ending-core-properties	f_6ur4rcszya7cs	f_6ur4rcszya7cs	4889	Kund	cunu	small
retained-ending-core-properties	f_rlu5uzlf3my2i	f_rlu5uzlf3my2i	5938	Sh	c̣íṭo	bitter
retained-ending-core-properties	f_mnm72gbxpwfti	f_mnm72gbxpwfti	5679	Sh	ˈtʌto	hot
retained-ending-core-properties	f_rgnkldxc4hd3g	f_rgnkldxc4hd3g	5679	Sh	ˈtʌto̱	hot
retained-ending-core-properties	f_k5xrjgsi4vzxw	f_k5xrjgsi4vzxw	7563	Sh	ní:lo	Blue
retained-ending-core-properties	f_nop5pygwirvmy	f_nop5pygwirvmy	10896	Sv	lau	small
retained-ending-core-properties	f_2p6ltlnzmvbs2	f_2p6ltlnzmvbs2	8283	Sh	ˈpoṇo̱	old
retained-ending-core-properties	f_75dt3yta4engu	f_75dt3yta4engu	11168	Sh	ˈlolo	red
retained-ending-core-properties	f_rgms673g6f5ai	f_rgms673g6f5ai	6119	Sh	dɑ̱ˈč̣i̱no̱	right
retained-ending-core-properties	f_mlnjoctqaletc	f_mlnjoctqaletc	5679	Sh	ˈtʌto̱	hot
retained-ending-core-properties	f_5xcz75q64rnfk	f_5xcz75q64rnfk	13548	Sh	súu~c̣o	straight, right; truth
retained-ending-core-properties	f_gfwy5jexw4lgk	f_gfwy5jexw4lgk	5938	Phal	trʹisṭo	bitter
retained-ending-core-properties	f_ifzymuygwb6ma	f_ifzymuygwb6ma	6983	Sh	nʌo	new
retained-ending-core-properties	f_jev2wgbifwssk	f_jev2wgbifwssk	6368	Sh	ˈẓ̌ɪŋo	long
retained-ending-core-properties	f_udvf74hd3gnwq	f_udvf74hd3gnwq	10299	Sh	mɪṣ̌ṭo	good
retained-ending-core-properties	f_uyy5midjuqqbq	f_uyy5midjuqqbq	10299	Sh	ˈmɪṣ̌ṭo̱	good
retained-ending-core-properties	f_2oxpquinwkisc	f_2oxpquinwkisc	6368	Sh	ˈẓ̌igo̱	long
retained-ending-core-properties	f_ukqwvh5p5pqau	f_ukqwvh5p5pqau	8330	Sh	ˈpuuṇo	whole
retained-ending-core-properties	f_3qst5462vb2s2	f_3qst5462vb2s2	12548	Sh	šúkho	dry
retained-ending-core-properties	f_h6en5on5mohme	f_h6en5on5mohme	6983	Sh	nɑõ	new
retained-ending-core-properties	f_6ntg6gjg7653i	f_6ntg6gjg7653i	3832	Sh	ˈkʰʌbo	left
retained-ending-core-properties	f_7bfnxq3g72tzs	f_7bfnxq3g72tzs	4889	Sh	cúṇu	child; small
retained-ending-core-properties	f_bfujkgwk5yhhy	f_bfujkgwk5yhhy	10896	Phal	lhoóku	small; (small) child
retained-ending-core-properties	f_m6ypq6kjr4seg	f_m6ypq6kjr4seg	7563	Sv	nil-i	green
retained-ending-core-properties	f_lyptgqadsulya	f_lyptgqadsulya	11168	Sh	luˈʷo̱	red
retained-ending-core-properties	f_vgzkj5mpiogfy	f_vgzkj5mpiogfy	11225	Sh	ˈbʌṛo	big
retained-ending-core-properties	f_jgiq7zvmgd5ki	f_jgiq7zvmgd5ki	1962	Sh	ɑŋˈuro̱	heavy
retained-ending-core-properties	f_e3y3qn6b7rxs6	f_e3y3qn6b7rxs6	10896	Sh	lɑˈhoku̱	light
retained-ending-core-properties	f_623zkuuw7qli4	f_623zkuuw7qli4	6368	Sh	ˈẓ̌igo	long
retained-ending-core-properties	f_q5ig42mnv72fg	f_q5ig42mnv72fg	10299	Sh	ˈmɪṣ̌ṭu̱	good
retained-ending-core-properties	f_34wxhklqisyt6	f_34wxhklqisyt6	6119	Sh	dʌṣ̌ˈtino	right
retained-ending-core-properties	f_6b4ocutbbn2ak	f_6b4ocutbbn2ak	11225	Sh	ˈbʌṛo	big
retained-ending-core-properties	f_3wkdz6uyoedlw	f_3wkdz6uyoedlw	1962	Sh	hɑˈguro	heavy
retained-ending-core-properties	f_jik6ftmpvansy	f_jik6ftmpvansy	13924	Sh	ispáao	sweet; tasty
retained-ending-core-properties	f_g3q3t67xx2znu	f_g3q3t67xx2znu	6119	Sh	dɑˈṣ̌ino̱	right
retained-ending-core-properties	f_v6mlo6fwbrppa	f_v6mlo6fwbrppa	3832	Sh	ˈkʰʌbo̱	left
retained-ending-core-properties	f_g5u6ywerqsy6s	f_g5u6ywerqsy6s	4850	Phal	čukuro	sour, bitter
retained-ending-core-properties	f_auyr3gdbpnc2a	f_auyr3gdbpnc2a	8283	Sh	ˈprono̱	old
retained-ending-core-properties	f_g6kw7aks4voum	f_g6kw7aks4voum	9568	Sh	ˈbuṭɛ	all
retained-ending-core-properties	f_h3k6nqseiftda	f_h3k6nqseiftda	3153	Sv	khaco	dirty, bad
retained-ending-core-properties	f_6oxnwwt7pfefu	f_6oxnwwt7pfefu	11168	Sh	ˈlolʸo	red
retained-ending-core-properties	f_krhvyy6fi6hnc	f_krhvyy6fi6hnc	12548	Sh	ˈšuko	dry
retained-ending-core-properties	f_u32xqnoxlc42c	f_u32xqnoxlc42c	3153	Sh	ˈkʰʌčo	bad
retained-ending-core-properties	f_4jhmpozviush2	f_4jhmpozviush2	8330	Sh	ˈpuuro	whole
retained-ending-core-properties	f_qdze4dr2mdwl6	f_qdze4dr2mdwl6	6983	Phal	nā̃o	new
retained-ending-core-properties	f_x3jkyev5iflsy	f_x3jkyev5iflsy	3153	Sh	ˈkʰʌčo̱	bad
retained-ending-core-properties	f_d3pjqkcrt62b6	f_d3pjqkcrt62b6	10896	Ush	lɑ'oko	light
retained-ending-core-properties	f_tulxygxauwi72	f_tulxygxauwi72	6368	Phal	drigo	long, tall
retained-ending-core-properties	f_ssm35u2vyavl4	f_ssm35u2vyavl4	11225	Sh	ˈbʌṛo	big
retained-ending-core-properties	f_26zilgid7miqu	f_26zilgid7miqu	9568	Sh	buṭɛ	all
retained-ending-core-properties	f_wozdlkou3rovi	f_wozdlkou3rovi	12548	Sh	ˈšuko	dry
retained-ending-core-properties	f_tdw2nezzo5jpg	f_tdw2nezzo5jpg	722	Sh	ˈɑpo	few
retained-ending-core-properties	f_u6plfay3pwatk	f_u6plfay3pwatk	8047	Phal	paṇā́ru	white
retained-ending-core-properties	f_prkarrerorq7q	f_prkarrerorq7q	3523	Phal	kōmā́lu	tender, soft
retained-ending-core-properties	f_arxdudk7g3hhk	f_arxdudk7g3hhk	1962	Sh	ɑˈŋur̃o	heavy
retained-ending-core-properties	f_vzw227d3qhmde	f_vzw227d3qhmde	6368	Sh	ˈǰ̣ɪ̱gu̱	long
retained-ending-core-properties	f_3ivlg66xwaf74	f_3ivlg66xwaf74	5679	Sh	tāttŭ	hot, burning
retained-ending-core-properties	f_tbd3fz73ywnos	f_tbd3fz73ywnos	11225	Sh	ˈbʌṛo	big
retained-ending-core-properties	f_chpae3wz6lyee	f_chpae3wz6lyee	12548	Sh	ˈšuko	dry
retained-ending-core-properties	f_ynv3utrnq6nyi	f_ynv3utrnq6nyi	13990	bro	hal'dẓuro	yellow
retained-ending-core-properties	f_wehxeo52qgqe6	f_wehxeo52qgqe6	3451	Sh	kíṇo	black
retained-ending-core-properties	f_of3cy4ny6awm6	f_of3cy4ny6awm6	11168	Sh	loólu	red
retained-ending-core-properties	f_zryjr3d63wzc2	f_zryjr3d63wzc2	8330	Sh	pūrṷ	complete, correct, all
retained-ending-core-properties	f_hzhabpjorhivk	f_hzhabpjorhivk	11225	Sh	ˈbʌṛo	big
retained-ending-core-properties	f_b2ekxsi5tno36	f_b2ekxsi5tno36	1962	Ush	u'goro	heavy
retained-ending-core-properties	f_srgeoxq7y3r2c	f_srgeoxq7y3r2c	12487	Sh	šɪˈdʌlo	cold
retained-ending-core-properties	f_h4poxjgevd7km	f_h4poxjgevd7km	12717	Phal	ṣíiṛu	blind (person)
retained-ending-core-properties	f_jsim35aisnktm	f_jsim35aisnktm	5679	Sh	ˈtɑto	hot
retained-ending-core-properties	f_mj6dtdvzg2334	f_mj6dtdvzg2334	8047	Phal	paṇḗri	white
retained-ending-core-properties	f_vetvb4ezzadla	f_vetvb4ezzadla	3895	Sh	ˈkʰuṭo	short
retained-ending-core-properties	f_iavcqxnb2c2hs	f_iavcqxnb2c2hs	3523	Ush	kʌ'mʌlo	soft
retained-ending-core-properties	f_4bvgozwy6ueaw	f_4bvgozwy6ueaw	13924	Sh	ĭspāvŭ	sweet
retained-ending-core-properties	f_lgs5ws4mhbphy	f_lgs5ws4mhbphy	6983	Ush	noː / nou	new
retained-ending-core-properties	f_nnbpqxf6cmdeu	f_nnbpqxf6cmdeu	11225	Sh	băṛŭ	big
retained-ending-core-properties	f_woof3hq7igbsq	f_woof3hq7igbsq	3451	Phal	kiṣíṇi	black
retained-ending-core-properties	f_fl4fh54gnhft4	f_fl4fh54gnhft4	9568	Sh	ˈbuṛe	all
retained-ending-core-properties	f_rxsdiuozi7dec	f_rxsdiuozi7dec	10896	Sh	ˈloóko̱	light
retained-ending-core-properties	f_7glt3xqvgcmdc	f_7glt3xqvgcmdc	5145	bro	'jaaro	old (person)
retained-ending-core-properties	f_lnfhcokunhwoy	f_lnfhcokunhwoy	10299	Sh	míṣṭhu	good
retained-ending-core-properties	f_wbxdeuxvomu3m	f_wbxdeuxvomu3m	5679	Sh	ˈtɑto	hot
ten-compounds	f_dopcvu4ypvsju	f_dopcvu4ypvsju	2485	Sh	ʌˈkɑi	eleven
ten-compounds	f_2nkd4ohekvwvi	f_2nkd4ohekvwvi		Sh	ãʂʈaːj	18
ten-compounds	f_4drc4amoivhyk	f_4drc4amoivhyk	12812	Sh	ṣōĩ	sixteen
ten-compounds	f_iu5minc42dt7i	f_iu5minc42dt7i	6658	Phal	bóoš	twelve
ten-compounds	f_wia2t3pd4igc4	f_wia2t3pd4igc4	12812	bro	'ṣobeš	sixteen
ten-compounds	f_rxlntzehh2t2g	f_rxlntzehh2t2g	2485	Phal	akʹôš	11
ten-compounds	f_ekiwplwmrq4lg	f_ekiwplwmrq4lg		Sh	panzuliː	15
ten-compounds	f_zkupzibto5dwc	f_zkupzibto5dwc		Sh	c̣óoi	thirteen
ten-compounds	f_iqyaf7cxza7ho	f_iqyaf7cxza7ho	7662	Sh	panzuleĩ	fifteen
ten-compounds	f_vlsmqbtsicn4s	f_vlsmqbtsicn4s		Phal	tɕandiːɕ	14
ten-compounds	f_ztlzm3sejl76m	f_ztlzm3sejl76m		Phal	akoːɕ	11
ten-compounds	f_kg3kpvjbpbbwo	f_kg3kpvjbpbbwo	6001	Kalk	treéš	thirteen
ten-compounds	f_qgiwq6p53ye42	f_qgiwq6p53ye42		Kalk	aka̰ːɕ	11
ten-compounds	f_u3hfcyi7gdguo	f_u3hfcyi7gdguo	2485	Sh	ɛˈkɑi	eleven
ten-compounds	f_rlz2dvf3ntcfg	f_rlz2dvf3ntcfg	6658	Sh	báai	twelve
ten-compounds	f_xnsj2hnhtmxae	f_xnsj2hnhtmxae	946	Sh	ẵṣṭáẽ	eighteen
ten-compounds	f_6trtlkup45sae	f_6trtlkup45sae		Sh	ãʂʈaːẽ	18
ten-compounds	f_hvhi5p3wygl2i	f_hvhi5p3wygl2i	2485	Sh	ʌˈkɑⁱ	eleven
ten-compounds	f_kqe64pbj6hoz6	f_kqe64pbj6hoz6	946	Phal	asṭʹôš	18
ten-compounds	f_hotmvsaeozkaa	f_hotmvsaeozkaa		Sh	baːj	12
ten-compounds	f_sghcf5cj33ezs	f_sghcf5cj33ezs		Sh	c̣ói~	thirteen
ten-compounds	f_tbi7jq6dmvetc	f_tbi7jq6dmvetc		Sh	sattáa~i~	seventeen
ten-compounds	f_b4sz6bmoc7cd4	f_b4sz6bmoc7cd4		Phal	ɑkɑɕ	eleven
ten-compounds	f_56kzkgw2kyfek	f_56kzkgw2kyfek	4605	Ush	'cɑdʌʃ	fourteen
ten-compounds	f_3kwkkbqr2sy5g	f_3kwkkbqr2sy5g	6658	Sv	baaš	twelve
ten-compounds	f_mnycz7zzoxyfm	f_mnycz7zzoxyfm		Sh	ʂõːj	16
ten-compounds	f_7u4jusmqlc2ew	f_7u4jusmqlc2ew		Ush	pĩːɕ	15
ten-compounds	f_l77z3rzpr3t2m	f_l77z3rzpr3t2m	4605	Sv	čadī́š	fourteen
ten-compounds	f_dbrcf46qyyi36	f_dbrcf46qyyi36		Sv	aɕtijɑːɕ	18
ten-compounds	f_zwapa36frc6he	f_zwapa36frc6he	2485	Sh	akáai	eleven
ten-compounds	f_vlse7y6qbcb52	f_vlse7y6qbcb52	12812	Phal	ṣʷọṛḗš	sixteen
ten-compounds	f_6mcwf6mch42jm	f_6mcwf6mch42jm		Sh	aṣṭáa~y	eighteen
ten-compounds	f_y3yh5wwtwkfaa	f_y3yh5wwtwkfaa	6001	bro	trobeš	thirteen
ten-compounds	f_7ucixmjfskyis	f_7ucixmjfskyis	6658	Phal	bʹôš	12
ten-compounds	f_vncx7gol6yw5y	f_vncx7gol6yw5y	6658	Sh	báay	twelve
ten-compounds	f_cn3wcwfjszlce	f_cn3wcwfjszlce	2485	Sh	ʌˈkɑⁱ	eleven
ten-compounds	f_h5maxckyzbnqk	f_h5maxckyzbnqk	6658	Sh	bɑi	twelve
ten-compounds	f_6dixlhbxce3rm	f_6dixlhbxce3rm		Sh	pa~zulé~i~	fifteen
ten-compounds	f_husjgykwpgod4	f_husjgykwpgod4		Phal	pandʑiːɕ	15
ten-compounds	f_kcaz4pw3wjdls	f_kcaz4pw3wjdls		Sh	pazilí~	fifteen
ten-compounds	f_jatccynyb72cm	f_jatccynyb72cm		Sh	coóde~i~	fourteen
ten-compounds	f_ag2kobxvv4am2	f_ag2kobxvv4am2	2485	Sh	ʌˈkɑⁱ	eleven
ten-compounds	f_cdbxvuuwij57u	f_cdbxvuuwij57u	6658	Sh	bɑⁱ	twelve
ten-compounds	f_irdjwtnn2inog	f_irdjwtnn2inog	7662	Phal	panǰíiš	fifteen
ten-compounds	f_gnmurufhwwe5u	f_gnmurufhwwe5u	6001	Sh	ṭṛōī	thirteen
ten-compounds	f_eqodmd74kle4y	f_eqodmd74kle4y	6001	Phal	trʹîš	13
ten-compounds	f_fiemns5wdy55m	f_fiemns5wdy55m	13146	Sv	satāš	17
ten-compounds	f_ry3n7zva57zx2	f_ry3n7zva57zx2	2485	Phal	akóoš	eleven
ten-compounds	f_y2h4zuhtjiyma	f_y2h4zuhtjiyma	7662	Phal	panǰīš	fifteen
ten-compounds	f_l7n2psgu4unoy	f_l7n2psgu4unoy	2485	Sh	akáai	eleven
ten-compounds	f_mqdbeqm2iv7eq	f_mqdbeqm2iv7eq	6658	Sh	bāĭ	twelve
ten-compounds	f_3vili47nncy5g	f_3vili47nncy5g	6658	Phal	bāš	twelve
ten-compounds	f_qhozdurektcka	f_qhozdurektcka		Sh	baːe	12
ten-compounds	f_6isf2gf3uodge	f_6isf2gf3uodge		Sh	tɕahundeː	14
ten-compounds	f_zow4i3iwrtj2w	f_zow4i3iwrtj2w	2485	Sh	ʌˈkɑi	eleven
ten-compounds	f_tovy6amcooz6o	f_tovy6amcooz6o	7662	Kalk	pänǰeéš	fifteen
ten-compounds	f_k5f44lzrrqfha	f_k5f44lzrrqfha		Sh	sattáa~i~	seventeen
ten-compounds	f_adrmhvapqw7j4	f_adrmhvapqw7j4		Sv	satijaːɕ	17
ten-compounds	f_kwsgnkknxt2eu	f_kwsgnkknxt2eu		Phal	boɕ	twelve
ten-compounds	f_yhkgs2ftnl5sm	f_yhkgs2ftnl5sm	2485	Sh	akáai	eleven
ten-compounds	f_z5tuh2qvibcei	f_z5tuh2qvibcei	6658	Sh	bɑi	twelve
ten-compounds	f_56klgwxb5oy6g	f_56klgwxb5oy6g		Kund	jagaːi	11
ten-compounds	f_ufxavxkum5lts	f_ufxavxkum5lts	4605	Sv	čadiš	fourteen
ten-compounds	f_n2aeriawhbvwi	f_n2aeriawhbvwi	2485	Sh	ɪˈkɑi	eleven
ten-compounds	f_p27bx6o5hszky	f_p27bx6o5hszky	6658	Sh	bɑi	twelve
ten-compounds	f_k2ehzywnprkji	f_k2ehzywnprkji		Ush	ʂiːɕ	16
ten-compounds	f_5xxm5ts7ts62y	f_5xxm5ts7ts62y		Sv	jakɑːɕ	11
ten-compounds	f_jpctovgcmtf6u	f_jpctovgcmtf6u	2485	Sh	ʌkɑⁱ	eleven
ten-compounds	f_guq2pgbb5rpmm	f_guq2pgbb5rpmm	2485	Sh	ăkāĭ	eleven
ten-compounds	f_i3peqm743rylm	f_i3peqm743rylm	6658	Sh	bʷɔi	twelve
ten-compounds	f_dvap6kvq7atdu	f_dvap6kvq7atdu	6658	Kalk	baaš	twelve
ten-compounds	f_kp6dsnfwppkhw	f_kp6dsnfwppkhw		Ush	tɕadeɕ	14
ten-compounds	f_t3rtsjdzmtrqw	f_t3rtsjdzmtrqw	6658	Phal	báaš	twelve
ten-compounds	f_tdxibcp4n5elu	f_tdxibcp4n5elu		bro	tɕydeɕ	14
ten-compounds	f_bmyxtbbprjmgq	f_bmyxtbbprjmgq	13146	Phal	sattṓš	17
ten-compounds	f_jly4ng3yz4ley	f_jly4ng3yz4ley	2485	Sv	yekaaš	eleven
ten-compounds	f_z5su4ywx2bkvy	f_z5su4ywx2bkvy	6658	Sh	báai	twelve
ten-compounds	f_d7c22clye3h3m	f_d7c22clye3h3m	6658	Sh	ˈbɑi	twelve
ten-compounds	f_pul2hcmo5t2sq	f_pul2hcmo5t2sq	7662	Sh	pʌziläī	fifteen
ten-compounds	f_zczy3tykx7jkm	f_zczy3tykx7jkm		Phal	ɑkoɕ	eleven
ten-compounds	f_7rrvdcrm43uhk	f_7rrvdcrm43uhk		Kund	ɕeːɽiɕ	16
ten-compounds	f_jh2ltlt3eytz4	f_jh2ltlt3eytz4		Phal	aʂʈoːɕ	18
ten-compounds	f_6ludrmtexi4c4	f_6ludrmtexi4c4	6658	Sh	bɑi	twelve
ten-compounds	f_nigegzolzdnrg	f_nigegzolzdnrg	6001	Ush	't͡ɕeiʃ	thirteen
ten-compounds	f_muvl2s6j5brps	f_muvl2s6j5brps	7662	Sh	panzileĩ	fifteen
ten-compounds	f_cz2g5xewlbpwk	f_cz2g5xewlbpwk		Kund	pandrẽj	15
ten-compounds	f_m4q7ief472a3q	f_m4q7ief472a3q	6001	Sv	troyiš	thirteen
ten-compounds	f_flg7rpcgrj3ge	f_flg7rpcgrj3ge		Sh	c̣ói	thirteen
ten-compounds	f_2gcyyvu25ykxy	f_2gcyyvu25ykxy		Sh	panzəleː	15
ten-compounds	f_kal25xer4f6qc	f_kal25xer4f6qc	2485	Sh	ɑˈkɑi	eleven
ten-compounds	f_hypanhgngjtta	f_hypanhgngjtta	2485	Kalk	äkaáš	eleven
ten-compounds	f_hpscku7ha3w4o	f_hpscku7ha3w4o	6658	Sh	bɑi	twelve
ten-compounds	f_mlcwsy47tsctq	f_mlcwsy47tsctq	6658	Sh	bɑi	twelve
ten-compounds	f_brd4x6rf6eavw	f_brd4x6rf6eavw	6658	Sh	ˈbɑi	twelve
ten-compounds	f_vbt2suntplrbw	f_vbt2suntplrbw	7662	Sh	pʌnzəlaī́	fifteen
ten-compounds	f_7mh4b75d2a544	f_7mh4b75d2a544		Phal	ɑkoɕ	eleven
ten-compounds	f_tszbdjcx7mer4	f_tszbdjcx7mer4		Sv	boɕ	twelve
ten-compounds	f_zmgvdhc4ukali	f_zmgvdhc4ukali	2485	Sh	ɑˈkɑⁱ	eleven
ten-compounds	f_ni6hi4kdybykk	f_ni6hi4kdybykk	13146	Phal	satáaš	seventeen
ten-compounds	f_kxrkul2csq5ve	f_kxrkul2csq5ve	6658	Sh	ˈbɑi	twelve
ten-compounds	f_ezegmgzw26r2c	f_ezegmgzw26r2c	12812	Sh	ṣuɔ̄̃i	sixteen
ten-compounds	f_s4sdnaucglv2i	f_s4sdnaucglv2i		Phal	triːɕ	13
ten-compounds	f_ibkp6aiez2sdi	f_ibkp6aiez2sdi		Sh	ʈʂojĩː	13
ten-compounds	f_5yne3aady6qkw	f_5yne3aady6qkw		Sh	panzej	15
ten-compounds	f_4eyjbtqoy7aba	f_4eyjbtqoy7aba		Kalk	bɑʃ	twelve
ten-compounds	f_syrj3kvxyb3ro	f_syrj3kvxyb3ro		Sh	ʂõːj	16
ten-compounds	f_zw6hwi6npjnfw	f_zw6hwi6npjnfw	12812	Phal	ṣoṛíiš	sixteen
ten-compounds	f_kq3ziihdsok54	f_kq3ziihdsok54	7662	Sv	panǰiš	fifteen
ten-compounds	f_anftn5aoqgq3a	f_anftn5aoqgq3a		Sh	a~ṣṭáai	eighteen
ten-compounds	f_rktmj2nsjrel4	f_rktmj2nsjrel4		Sh	sataːj	17
ten-compounds	f_nk2i5othr3hga	f_nk2i5othr3hga		Sh	aṣṭáa~i	eighteen
ten-compounds	f_cvgcfx6agdcqk	f_cvgcfx6agdcqk	4605	Phal	čandḗš	fourteen
ten-compounds	f_k2c6lonlpqule	f_k2c6lonlpqule	2485	Phal	akā́š	eleven
ten-compounds	f_rnqzyx4iyndy6	f_rnqzyx4iyndy6	6658	Sh	bɑi	twelve
ten-compounds	f_ygfjvrkbjmtqm	f_ygfjvrkbjmtqm	2485	Sh	ɪˈkɑi	eleven
ten-compounds	f_gfixnm3476qg6	f_gfixnm3476qg6	2485	Sh	ʌˈkɑⁱ	eleven
ten-compounds	f_4pkfqmryhv6gs	f_4pkfqmryhv6gs	2485	Sh	akáai	eleven
ten-compounds	f_mi56cdd3ijux4	f_mi56cdd3ijux4	6001	Sh	c̣ṷäi	thirteen
ten-compounds	f_otysbgaut5ubk	f_otysbgaut5ubk	6658	Sh	bɑⁱ	twelve
ten-compounds	f_epfemd4gdavkq	f_epfemd4gdavkq		Sh	coóndei	fourteen
ten-compounds	f_fcqoeja7fveyg	f_fcqoeja7fveyg		Sh	ʈʂoĩ	13
ten-compounds	f_7n3r4ezbl4k2m	f_7n3r4ezbl4k2m	6658	Sh	bɑi	twelve
ten-compounds	f_5yjwaibopsdc4	f_5yjwaibopsdc4	2485	Sh	ʌˈkɑⁱ	eleven
ten-compounds	f_szq2oekrtdpmu	f_szq2oekrtdpmu		Sh	ekaːj	11
ten-compounds	f_4scg7pupf2iws	f_4scg7pupf2iws	13146	Sh	sattā̃i	17
ten-compounds	f_hhthldf4yx3lw	f_hhthldf4yx3lw	2485	Sh	ɛˈkɑi	eleven
ten-compounds	f_7yqkcmek7c7ai	f_7yqkcmek7c7ai	2485	Sh	ʌˈkɑi	eleven
ten-compounds	f_vz4egst2zbnzc	f_vz4egst2zbnzc		Kalk	trḛːɕ	13
ten-compounds	f_rzh5x643h6ob4	f_rzh5x643h6ob4		Phal	satoːɕ	17
ten-compounds	f_wuogrho7xi4tq	f_wuogrho7xi4tq	7662	Phal	panǰēš	fifteen
ten-compounds	f_a5bzli2yc64xg	f_a5bzli2yc64xg		Sh	c̣óoi	thirteen
ten-compounds	f_fdpk4iynw334i	f_fdpk4iynw334i		Sh	aṣṭáa~i	eighteen
ten-compounds	f_qytlgujhuyfns	f_qytlgujhuyfns	4605	Sh	čahúndēī	fourteen
ten-compounds	f_qwowrs3pwlzx6	f_qwowrs3pwlzx6	12812	Sv	ṣuṛā́s	sixteen
ten-compounds	f_kaa27lhxdl4g4	f_kaa27lhxdl4g4		Kalk	pandʑḛːɕ	15
ten-compounds	f_ailz7qnesfdgy	f_ailz7qnesfdgy		Kund	baːi	12
ten-compounds	f_nqgd33l5hhkfo	f_nqgd33l5hhkfo	6658	Kalk	baáš	twelve
ten-compounds	f_htuo6mafmlgww	f_htuo6mafmlgww	2485	Sh	i̱ˈkɑi	eleven
ten-compounds	f_qqvlxbav7zfio	f_qqvlxbav7zfio		Sv	yʌkoɕ	eleven
ten-compounds	f_mgtccrdt7i724	f_mgtccrdt7i724		bro	budeɕ	12
ten-compounds	f_to76mhop6h5ny	f_to76mhop6h5ny	946	Phal	aṣṭṓš	eighteen
ten-compounds	f_4lmx6jg3bhbw6	f_4lmx6jg3bhbw6	946	Sh	aṣṭā́i	eighteen
ten-compounds	f_564q6wqzzap4c	f_564q6wqzzap4c	2485	Phal	akáaš	eleven
ten-compounds	f_zahwkylghpnns	f_zahwkylghpnns	6658	Sh	bɑi	twelve
ten-compounds	f_5rcfw3o2fnjyc	f_5rcfw3o2fnjyc	2485	Sh	ʌˈkɑi	eleven
ten-compounds	f_3zlpxvxdpqxb4	f_3zlpxvxdpqxb4	2485	Sh	ʌˈkɑⁱ	eleven
ten-compounds	f_isrksvjpzmlw2	f_isrksvjpzmlw2		Sh	tɕondej	14
ten-compounds	f_iguojyyhxhcdi	f_iguojyyhxhcdi	6658	Sv	baš	twelve
ten-compounds	f_vllxcglp6ecfs	f_vllxcglp6ecfs	4605	Kalk	čändeéš	fourteen
ten-compounds	f_qrgepqhhfzrry	f_qrgepqhhfzrry	6001	Sh	c̣õi	thirteen
ten-compounds	f_4mqlyxf37rdiu	f_4mqlyxf37rdiu		Sh	baːj	12
ten-compounds	f_gqw6e2gxuczd2	f_gqw6e2gxuczd2	2485	Sh	ʌˈkɑi	eleven
ten-compounds	f_nqoksmk4pf2ju	f_nqoksmk4pf2ju	12812	Sh	ṣō̃ī̃	sixteen
ten-compounds	f_zxkxvh24c2uws	f_zxkxvh24c2uws		bro	trøbeɕ	13
ten-compounds	f_uw6vowscaz4dw	f_uw6vowscaz4dw		Sh	ʂõːi	16
ten-compounds	f_c62l2yuah4uka	f_c62l2yuah4uka	2485	Sh	ɛˈkɑi	eleven
ten-compounds	f_tghdmzuevmock	f_tghdmzuevmock	7662	Sh	pãzīu	fifteen
ten-compounds	f_hzgvmmlmsjdp4	f_hzgvmmlmsjdp4	2485	Sh	ʌˈkɑi	eleven
ten-compounds	f_35tillzmpji5i	f_35tillzmpji5i		Sh	codé~i~	fourteen
ten-compounds	f_qngdqbsw22vho	f_qngdqbsw22vho		Phal	boɕ	twelve
ten-compounds	f_trnjteh7xc6q2	f_trnjteh7xc6q2	13146	Ush	sʌ'tɑʃ	seventeen
ten-compounds	f_zirq6sk5zu434	f_zirq6sk5zu434	2485	Sh	ʌˈkɑi	eleven
ten-compounds	f_ozzxihq4uq5pu	f_ozzxihq4uq5pu		Sh	paziléi	fifteen
ten-compounds	f_tnbrqel54k672	f_tnbrqel54k672	2485	Sh	ʌˈkɑi	eleven
ten-compounds	f_pdt44yp6cutyo	f_pdt44yp6cutyo	946	Phal	ā́š	eighteen
ten-compounds	f_ghfwhqjfscrgs	f_ghfwhqjfscrgs		Sh	akaːj	11
ten-compounds	f_d2cz6s2vyhziu	f_d2cz6s2vyhziu	13146	Phal	satʹôš	17
ten-compounds	f_x3cuqzb6ekpak	f_x3cuqzb6ekpak		Sh	sattáa~i~	seventeen
ten-compounds	f_livj7ckxplybk	f_livj7ckxplybk	6658	Kund	bay	twelve
ten-compounds	f_h3zdleoj74vxy	f_h3zdleoj74vxy	7662	bro	'pããdeš	fifteen
ten-compounds	f_h7ggsqdpczx74	f_h7ggsqdpczx74		bro	aʂtũɕ	18
ten-compounds	f_r2c3aqtelxloq	f_r2c3aqtelxloq		Sh	ʌkái	Eleven
ten-compounds	f_de2ibfivnau7m	f_de2ibfivnau7m	6658	Sh	bʷɑⁱ	twelve
ten-compounds	f_i5zhetbcu6sua	f_i5zhetbcu6sua		Sh	ṣóo~y	sixteen
ten-compounds	f_y26d6kb4zryqo	f_y26d6kb4zryqo		Sh	ʈʂõ	Thirteen
ten-compounds	f_2uesxfap4fd5c	f_2uesxfap4fd5c		bro	satũɕ	17
ten-compounds	f_b5bpqz4m6kens	f_b5bpqz4m6kens		Kund	ãɕtaːi	18
ten-compounds	f_xctenf62pylhq	f_xctenf62pylhq	2485	Sh	ʌˈkɑi	eleven
ten-compounds	f_bjumlu2vis2ww	f_bjumlu2vis2ww	6658	Sh	bɑⁱ	twelve
ten-compounds	f_fcqt44lyihinq	f_fcqt44lyihinq	13146	Sh	sʌtä́i	17
ten-compounds	f_2d4vbqsg4wdye	f_2d4vbqsg4wdye		Kalk	sata̰ːɕ	17
ten-compounds	f_x43giesjsocck	f_x43giesjsocck	6658	Sh	bʷɑⁱ	twelve
ten-compounds	f_yoimgkyr6vb4e	f_yoimgkyr6vb4e	12812	Sh	ṣō̃ṛī	sixteen
ten-compounds	f_uzet5ue7hzczy	f_uzet5ue7hzczy		bro	ʂøbeɕ	16
ten-compounds	f_lqabbzpwxyayg	f_lqabbzpwxyayg		Sh	bwai	Twelve
ten-compounds	f_iayvqtrsukhgg	f_iayvqtrsukhgg	7662	Phal	panǰʹîš	15
ten-compounds	f_aq5cvqeonl3eg	f_aq5cvqeonl3eg	6658	Sh	ˈbɑi	twelve
ten-compounds	f_rcyuglr446rdo	f_rcyuglr446rdo		Sh	ʈʂoːi	13
ten-compounds	f_7veojsbhsoyho	f_7veojsbhsoyho		Phal	ʂoɽiːɕ	16
ten-compounds	f_l634pg6tlbdlm	f_l634pg6tlbdlm	2485	Sh	ʌˈkɑi	eleven
ten-compounds	f_kuex3f67nbysq	f_kuex3f67nbysq	6658	Sv	bāš	twelve
ten-compounds	f_e4zyqik3ynpxg	f_e4zyqik3ynpxg	6658	Sh	bɑi	twelve
ten-compounds	f_35yw672qmeyby	f_35yw672qmeyby		Sh	c̣óoi	thirteen
ten-compounds	f_2o3vbs43ya4wa	f_2o3vbs43ya4wa		Sh	tɕoːdiː	14
ten-compounds	f_pu6felkgxu74k	f_pu6felkgxu74k		Sh	sʌttá:i	Seventeen
ten-compounds	f_4psqzpsivafmy	f_4psqzpsivafmy		Sv	pandʑiɕ	15
ten-compounds	f_gdkyfh6amx5cq	f_gdkyfh6amx5cq	7662	Phal	panǰéeš	fifteen
ten-compounds	f_qvkqpi6ocobek	f_qvkqpi6ocobek	2485	Sv	yakā́š	eleven
ten-compounds	f_g7bs43m6cb7io	f_g7bs43m6cb7io		Ush	doaːɕ	12
ten-compounds	f_qidzx2mndncci	f_qidzx2mndncci	12812	Sh	ṣūṛ	sixteen
ten-compounds	f_vn7xqoplzraq2	f_vn7xqoplzraq2		Sh	ṣóo~i	sixteen
ten-compounds	f_a25osgfse6o3i	f_a25osgfse6o3i		bro	qudeɕ	11
ten-compounds	f_75f2cymzwbdow	f_75f2cymzwbdow		Sh	cahú~dee	fourteen
ten-compounds	f_egqiopq2ouov4	f_egqiopq2ouov4		Sh	ṣóoi	sixteen
ten-compounds	f_7vbz7lgym2xeo	f_7vbz7lgym2xeo	946	Sv	aštiyaš	eighteen
ten-compounds	f_xbs3ooub6faaw	f_xbs3ooub6faaw	6658	Phal	bōš	twelve
ten-compounds	f_ppckq73f4r6tw	f_ppckq73f4r6tw	2485	Phal	°ōš	eleven
ten-compounds	f_wtktlestiz6cu	f_wtktlestiz6cu	6658	Sh	bʷoi	twelve
ten-compounds	f_eu5l67mnttz2i	f_eu5l67mnttz2i	12812	Phal	ṣoṛéeš	sixteen
ten-compounds	f_4d3hf332smzn2	f_4d3hf332smzn2	946	bro	aṣ'ṭõš	eighteen
ten-compounds	f_b73kzlel4wgsc	f_b73kzlel4wgsc		Sv	trojĩɕ	13
ten-compounds	f_fgwatyg6iswp4	f_fgwatyg6iswp4		Kalk	ɑ'kɑʃ	eleven
ten-compounds	f_k3hxir2o6cec2	f_k3hxir2o6cec2	2485	Ush	ʌ'gɑʃ	eleven
ten-compounds	f_otfqgjoq3mroy	f_otfqgjoq3mroy	4605	bro	'cuudeš	fourteen
ten-compounds	f_ladnbxe6hvb5w	f_ladnbxe6hvb5w	6658	Ush	dwɑʃ	twelve
ten-compounds	f_u5vvthkwl7rtk	f_u5vvthkwl7rtk	13146	Sh	satā́i	17
ten-compounds	f_nftu2pigwc4j2	f_nftu2pigwc4j2		Kalk	ʂurḛːɕ	16
ten-compounds	f_yaoplhp3ckngk	f_yaoplhp3ckngk	7662	Sh	pʌnzei	fifteen
ten-compounds	f_w3ypkox5loyp4	f_w3ypkox5loyp4	12812	Phal	ṣoṛēš	sixteen
ten-compounds	f_gpk2s36hfetr2	f_gpk2s36hfetr2		Phal	boːɕ	12
ten-compounds	f_4kqsqlvzrpaii	f_4kqsqlvzrpaii		Sh	bwaai	twelve
ten-compounds	f_sq2uky3xw3oia	f_sq2uky3xw3oia		Ush	aʈʰaːɕ	18
ten-compounds	f_gxzyvkuh4lsgk	f_gxzyvkuh4lsgk		Sh	ṣói~	sixteen
ten-compounds	f_dyuqcckeae5x4	f_dyuqcckeae5x4	13146	Sv	satiyaš	seventeen
ten-compounds	f_tkpwhpfdb2k4s	f_tkpwhpfdb2k4s	12812	Sh	ṣō̃ṛäɪ	sixteen
ten-compounds	f_dpdx4bbocy7uw	f_dpdx4bbocy7uw	2485	Sv	jakɑːʃ	11
ten-compounds	f_tmikey6kqcssg	f_tmikey6kqcssg		Sh	sattáa~y	seventeen
ten-compounds	f_ay3zeeyers4r6	f_ay3zeeyers4r6	7662	Sv	penǰī́š	fifteen
ten-compounds	f_o6sre3bcleh5u	f_o6sre3bcleh5u	946	Phal	aṣṭáaš	eighteen
ten-compounds	f_qvnesy54ikexm	f_qvnesy54ikexm		Sh	panzílee	fifteen
ten-compounds	f_kkzp6doosauu6	f_kkzp6doosauu6		Sh	sattáai	seventeen
ten-compounds	f_ib7efzcxmfig4	f_ib7efzcxmfig4	6658	Sh	bɑⁱ	twelve
ten-compounds	f_odbcyw4mn2xxk	f_odbcyw4mn2xxk		Kund	troi	13
ten-compounds	f_boszklsgqs7hy	f_boszklsgqs7hy		Sv	ʂuɽaɕ	16
ten-compounds	f_mqg76svb5wrwi	f_mqg76svb5wrwi		Ush	sataːɕ	17
ten-compounds	f_sdpzgkglyiadi	f_sdpzgkglyiadi		Sv	tɕadiɕ	14
ten-compounds	f_cc4kwqzog2vbs	f_cc4kwqzog2vbs	946	Phal	aṣṭóoš	eighteen
ten-compounds	f_xyjet7r7uetqu	f_xyjet7r7uetqu	6658	Sh	ˈbɑi	twelve
ten-compounds	f_lr4ciqwqv3xrs	f_lr4ciqwqv3xrs	13146	Sh	sătáĩ	17
ten-compounds	f_dhxpv7ykinnds	f_dhxpv7ykinnds		Sv	bɑːɕ	12
ten-compounds	f_h2ykftlhwjckc	f_h2ykftlhwjckc	6658	Sh	báai	twelve
ten-compounds	f_726stptjmbgke	f_726stptjmbgke	12812	Sv	ṣuṛaš	sixteen
ten-compounds	f_fp4jsojju5zvs	f_fp4jsojju5zvs		Sh	aṣṭáa~i	eighteen
ten-compounds	f_nrj7dhvvg4ebk	f_nrj7dhvvg4ebk		Sh	ṣóo~i	sixteen
ten-compounds	f_gb7ebqif4o4vm	f_gb7ebqif4o4vm	6001	Phal	tréeš	thirteen
ten-compounds	f_7aykxn2yr32uo	f_7aykxn2yr32uo	12812	Ush	ʂeʂ	sixteen
ten-compounds	f_ohpdmm4t5pzlc	f_ohpdmm4t5pzlc		Kund	tɕodẽj	14
ten-compounds	f_n72p5dylcvtdy	f_n72p5dylcvtdy		Sh	akáay	eleven
ten-compounds	f_kgnvu7lfdgdjg	f_kgnvu7lfdgdjg	2485	Sh	ʌˈkɑⁱ	eleven
ten-compounds	f_ulgekdwb5jzje	f_ulgekdwb5jzje	4605	Sh	čondai	fourteen
ten-compounds	f_e6uwbgs3dswjm	f_e6uwbgs3dswjm		Kund	sataːi	17
ten-compounds	f_jg5yhhllfeofs	f_jg5yhhllfeofs		Sh	asʈaːj	18
ten-compounds	f_oabba3p3pwnwk	f_oabba3p3pwnwk	2485	Kalk	akaaš	eleven
ten-compounds	f_fd7tddjso7t6o	f_fd7tddjso7t6o	4605	Phal	čandíiš	fourteen
ten-compounds	f_go63fuqzkkus6	f_go63fuqzkkus6	7662	Sh	panzéy	fifteen
ten-compounds	f_azd5bolwk6hag	f_azd5bolwk6hag		Phal	bɑɕ	twelve
ten-compounds	f_gyrpjsne6abrw	f_gyrpjsne6abrw	13146	Phal	satā́š	17
ten-compounds	f_ovqcpwvumrcuu	f_ovqcpwvumrcuu	6658	Sh	bɑi	twelve
ten-compounds	f_aw4wtpi7jwa4c	f_aw4wtpi7jwa4c	7662	Sh	pănzăi	fifteen
ten-compounds	f_6v7ebn7wpwan4	f_6v7ebn7wpwan4	12812	Sh	ṣō̃ĕi	sixteen
ten-compounds	f_menivji7rndby	f_menivji7rndby	13146	Phal	satóoš	seventeen
ten-compounds	f_ntim4c565raqq	f_ntim4c565raqq		Sh	sataːẽ	17
ten-compounds	f_cee4lbslegoko	f_cee4lbslegoko	6658	Sh	bʷɑⁱ	twelve
ten-compounds	f_sjjh7pmgeqz5e	f_sjjh7pmgeqz5e		Kalk	tɕandḛːɕ	14
ten-compounds	f_5yuzbvi2pmtl6	f_5yuzbvi2pmtl6		Sh	sətãːj	17
ten-compounds	f_gfxdrwyjapl2a	f_gfxdrwyjapl2a		Kalk	eʂʈa̰ːɕ	18
ten-compounds	f_kirt2t5pxgqes	f_kirt2t5pxgqes	6658	Sh	bɑi	twelve
ten-compounds	f_gqn7xp5v6xvvi	f_gqn7xp5v6xvvi	12812	Phal	ṣoṛʹîš	16
ten-compounds	f_ewzpbbjprv3hu	f_ewzpbbjprv3hu	6001	Phal	tríiš	thirteen
ten-compounds	f_pt7wpp5kjkcyw	f_pt7wpp5kjkcyw		Sh	codé~i~	fourteen
ten-compounds	f_ypf52iwreyive	f_ypf52iwreyive	2485	Sh	ɪˈkɑi	eleven
ten-compounds	f_w43kdz3rjsvlg	f_w43kdz3rjsvlg		Sh	c̣óo~y	thirteen
ten-compounds	f_mr5eldshior4k	f_mr5eldshior4k	6658	Sh	báai	twelve
ten-compounds	f_64d6fgzq7ve4o	f_64d6fgzq7ve4o		Ush	ʈʂiːɕ	13
ten-compounds	f_g5e3c6qc4yuxk	f_g5e3c6qc4yuxk		Ush	agaːɕ	11
ten-compounds	f_5k7wd6eaolepg	f_5k7wd6eaolepg	2485	Kund	yagáy	eleven
ten-compounds	f_vxf6owtctrkca	f_vxf6owtctrkca	13146	Kalk	sätaáš	seventeen
ten-compounds	f_zy5mckwbbsc62	f_zy5mckwbbsc62	4605	Phal	čandéeš	fourteen
ten-compounds	f_7kjofwxg72h72	f_7kjofwxg72h72	6658	Sh	bʷoi	twelve
ten-compounds	f_o26kpl7qg2356	f_o26kpl7qg2356		Kalk	ba̰ːɕ	12
ten-compounds	f_atl6hyfrf52qo	f_atl6hyfrf52qo	12812	Kalk	ṣureéš	sixteen
ten-compounds	f_nprgfhsthboo4	f_nprgfhsthboo4	6658	Sh	bɑⁱ	twelve
ten-compounds	f_xjkeja3kufcr6	f_xjkeja3kufcr6		bro	pændeɕ	15
ten-compounds	f_rz6hq4zwdd3eo	f_rz6hq4zwdd3eo	946	Sv	aštā́š	18
ten-compounds	f_sam4arspzrtlc	f_sam4arspzrtlc	2485	bro	'qudeš	eleven
ten-compounds	f_aqe767qisp3vm	f_aqe767qisp3vm		Sh	akaːe	11
ten-compounds	f_fsgzoplf5pj6s	f_fsgzoplf5pj6s	13146	bro	sat'tõõš	seventeen
ten-compounds	f_lfwqpy7l2tgf4	f_lfwqpy7l2tgf4	946	Kalk	iṣṭaáš	eighteen
ten-compounds	f_7uqzgkl2nisto	f_7uqzgkl2nisto	6658	bro	'budeš	twelve
nineteen-twenty-comparison	f_qmgruyqclfhtg	f_qmgruyqclfhtg	11616	Sh	bìí	twenty
nineteen-twenty-comparison	f_l2rousw7av2fo	f_l2rousw7av2fo	2411	Ush	ʌn'biʃ	nineteen
nineteen-twenty-comparison	f_3yl4v7gwle5u2	f_3yl4v7gwle5u2	2499	Sh	kŭnīh	19
nineteen-twenty-comparison	f_mmn4wbv6d7o3w	f_mmn4wbv6d7o3w		Sv	biɕ	20
nineteen-twenty-comparison	f_iha4ci2ld6poi	f_iha4ci2ld6poi	11616	Sh	bìí	twenty
nineteen-twenty-comparison	f_3l2vnfbvp5bbe	f_3l2vnfbvp5bbe	11616	Sh	bií	twenty
nineteen-twenty-comparison	f_crn5oeh5lsx2u	f_crn5oeh5lsx2u	11616	Kalk	biš	twenty
nineteen-twenty-comparison	f_pj55bqvfjaya6	f_pj55bqvfjaya6	11616	Sh	bìí	twenty
nineteen-twenty-comparison	f_65rmzwpxphwua	f_65rmzwpxphwua	2411	Phal	aṇabhîʹš	19
nineteen-twenty-comparison	f_uhhefo723ybry	f_uhhefo723ybry	2411	Sv	ũṛī́š	19
nineteen-twenty-comparison	f_ymffe2jtvqb6w	f_ymffe2jtvqb6w	11616	Sh	bìí	twenty
nineteen-twenty-comparison	f_6vopbqon6l7zm	f_6vopbqon6l7zm		Ush	biː	20
nineteen-twenty-comparison	f_icuigdn2kzjig	f_icuigdn2kzjig	11616	Sh	bī	Twenty
nineteen-twenty-comparison	f_gnvqtvmbcq45y	f_gnvqtvmbcq45y	11616	Sh	bií	twenty
nineteen-twenty-comparison	f_dqohjtdh5quiy	f_dqohjtdh5quiy	11616	Sh	bī	20
nineteen-twenty-comparison	f_gwrmgkgctqst6	f_gwrmgkgctqst6		Sv	biɕ pɑ̃j	twenty
nineteen-twenty-comparison	f_7jfvb5xq3n4mi	f_7jfvb5xq3n4mi	11616	Kalk	bíiš	twenty
nineteen-twenty-comparison	f_6pzjkzzpb25ng	f_6pzjkzzpb25ng#1	11616	Phal	bhiíš	twenty; the twenty sth or people; 20
nineteen-twenty-comparison	f_6pzjkzzpb25ng	f_6pzjkzzpb25ng#2	11616	Phal	bhîʹš	twenty; the twenty sth or people; 20
nineteen-twenty-comparison	f_6wfettwt7turq	f_6wfettwt7turq	11616	Sh	bií	twenty
nineteen-twenty-comparison	f_725uhlgludsui	f_725uhlgludsui		Sh	kuniíh	nineteen
nineteen-twenty-comparison	f_ekn4xn723vequ	f_ekn4xn723vequ	11616	Sh	bìí	twenty
nineteen-twenty-comparison	f_vynj6pukbingm	f_vynj6pukbingm	11616	Sh	bìí	twenty
nineteen-twenty-comparison	f_qyifh32ejhros	f_qyifh32ejhros	11616	Ush	bi	twenty
nineteen-twenty-comparison	f_ztu6nf4z2bqg6	f_ztu6nf4z2bqg6		Sh	ukaníi~	nineteen
nineteen-twenty-comparison	f_wdb2bg62mjeua	f_wdb2bg62mjeua		Phal	aɳabʰiːɕ	19
nineteen-twenty-comparison	f_d4nztwrntw2pm	f_d4nztwrntw2pm	11616	Sh	bií	twenty
nineteen-twenty-comparison	f_vopvwczyznuoq	f_vopvwczyznuoq#1	11616	Sh	bìí	twenty
nineteen-twenty-comparison	f_vopvwczyznuoq	f_vopvwczyznuoq#2	11616	Sh	bií	twenty
nineteen-twenty-comparison	f_4qpwwlwoztg2c	f_4qpwwlwoztg2c	11616	Sh	bií	twenty
nineteen-twenty-comparison	f_okk4ttppzczse	f_okk4ttppzczse	2411	Sv	uṛiš	nineteen
nineteen-twenty-comparison	f_uacb7kwapilpa	f_uacb7kwapilpa	11616	Sh	bīh	20
nineteen-twenty-comparison	f_b7gsfisabof5s	f_b7gsfisabof5s	11616	Phal	bhiš	20
nineteen-twenty-comparison	f_lvsvnwbncjm4g	f_lvsvnwbncjm4g	11616	Sh	bií	twenty
nineteen-twenty-comparison	f_i3pay6wq2wl3w	f_i3pay6wq2wl3w	11616	Sh	bií	twenty
nineteen-twenty-comparison	f_core23i2dpg3c	f_core23i2dpg3c		Kund	biː	20
nineteen-twenty-comparison	f_6kydu4svvuxje	f_6kydu4svvuxje	11616	Sh	bìí	twenty
nineteen-twenty-comparison	f_lf3qegvdgha4m	f_lf3qegvdgha4m		Ush	ẽɳbiː	19
nineteen-twenty-comparison	f_6dzh6pum5q6fq	f_6dzh6pum5q6fq	11616	Sh	bìí	twenty
nineteen-twenty-comparison	f_wx5ri6w3f7wqw	f_wx5ri6w3f7wqw	11616	Sh	bì	20
nineteen-twenty-comparison	f_hxloxnwqwrf3y	f_hxloxnwqwrf3y		bro	kundʑæ	19
nineteen-twenty-comparison	f_w3sqcvb4la2sc	f_w3sqcvb4la2sc		Sh	kuniː	19
nineteen-twenty-comparison	f_vhwopfyhgego6	f_vhwopfyhgego6	11616	Sh	biː	20
nineteen-twenty-comparison	f_fgc25vkm3sfau	f_fgc25vkm3sfau	11616	Sh	biː	20
nineteen-twenty-comparison	f_3i2qfwnwxwl3q	f_3i2qfwnwxwl3q		Sh	bēh	Twenty
nineteen-twenty-comparison	f_vj7ui5d2d2jde	f_vj7ui5d2d2jde	11616	bro	bi'žaa	twenty
nineteen-twenty-comparison	f_dqzycx6aw4dik	f_dqzycx6aw4dik		bro	biʑæ	20
nineteen-twenty-comparison	f_xwwfrn3embiua	f_xwwfrn3embiua	11616	Sh	bī	Twenty
nineteen-twenty-comparison	f_6prw2owpbrmcs	f_6prw2owpbrmcs	11616	Sh	bii	twenty
nineteen-twenty-comparison	f_4asj2yal5zuoi	f_4asj2yal5zuoi	11616	Sh	bií	twenty
nineteen-twenty-comparison	f_cvbfeaq63l6pa	f_cvbfeaq63l6pa		Sh	kunií	nineteen
nineteen-twenty-comparison	f_ohc3cndnfcjtk	f_ohc3cndnfcjtk	11616	Sh	bii	twenty
nineteen-twenty-comparison	f_2pcztdctmbh56	f_2pcztdctmbh56	11616	Sh	bií	twenty
nineteen-twenty-comparison	f_emlk2cbeh33ei	f_emlk2cbeh33ei		Phal	bhiɕ	twenty
nineteen-twenty-comparison	f_aois6qaqfqcue	f_aois6qaqfqcue	11616	Sh	bìí	twenty
nineteen-twenty-comparison	f_txqrpvtrwfnwk	f_txqrpvtrwfnwk	11616	Sh	bìí	twenty
nineteen-twenty-comparison	f_562ykmpnojsxq	f_562ykmpnojsxq	2411	Kalk	änbíiš	nineteen
nineteen-twenty-comparison	f_xmycxzccfnqnk	f_xmycxzccfnqnk	11616	Sh	bìí	twenty
nineteen-twenty-comparison	f_hykqkpm5jidb6	f_hykqkpm5jidb6		Kalk	biʃ pɑnj	twenty
nineteen-twenty-comparison	f_fs5txhddav7pc	f_fs5txhddav7pc		Sh	ukniː	19
nineteen-twenty-comparison	f_ysvps2n5jw7ws	f_ysvps2n5jw7ws		Sv	uːɽĩɕ	19
nineteen-twenty-comparison	f_aab5w2ilfpfpq	f_aab5w2ilfpfpq	11616	Sh	bii	twenty
nineteen-twenty-comparison	f_74z77gmjxxkls	f_74z77gmjxxkls	11616	Sh	bii	twenty
nineteen-twenty-comparison	f_vtno25p4vggtw	f_vtno25p4vggtw	11616	Sv	biš	twenty
nineteen-twenty-comparison	f_7l4hpd3coh5li	f_7l4hpd3coh5li		Kalk	biːɕ	20
nineteen-twenty-comparison	f_r5ggj3krhouum	f_r5ggj3krhouum	11616	Sv	biš	20
nineteen-twenty-comparison	f_p2gkmrwjaco7i	f_p2gkmrwjaco7i	11616	Phal	bhīš	20
nineteen-twenty-comparison	f_6eowhhn2kqhui	f_6eowhhn2kqhui	2411	Phal	aṇabhī́š	19
nineteen-twenty-comparison	f_oalry5tyk5k6m	f_oalry5tyk5k6m	11616	bro	bižā	Twenty
nineteen-twenty-comparison	f_3arpiv5uj7m7a	f_3arpiv5uj7m7a	2499	bro	'kunjaa	nineteen
nineteen-twenty-comparison	f_3kouy7yprles6	f_3kouy7yprles6	11616	Sh	bìí	twenty
nineteen-twenty-comparison	f_2r3un3urlefvg	f_2r3un3urlefvg		Sh	kuniíh	nineteen
nineteen-twenty-comparison	f_vo3ks26itzbjm	f_vo3ks26itzbjm	11616	Sh	bìí	twenty
nineteen-twenty-comparison	f_6rh3d4k2zm444	f_6rh3d4k2zm444	11616	Sv	biʃ	twenty
nineteen-twenty-comparison	f_lhlstu5zpbzsy	f_lhlstu5zpbzsy	11616	Sh	biː	20
nineteen-twenty-comparison	f_gwuei7yns6wcy	f_gwuei7yns6wcy		Sh	kuniː	19
nineteen-twenty-comparison	f_qc3ogs4ioqw7s	f_qc3ogs4ioqw7s		Phal	bʰiːɕ	20
nineteen-twenty-comparison	f_dt3dqqjciq5tq	f_dt3dqqjciq5tq	11616	Sh	bìí	twenty
nineteen-twenty-comparison	f_d5rsj7ssrbllq	f_d5rsj7ssrbllq		Phal	bhiɕ	twenty
nineteen-twenty-comparison	f_ekwo32ykccjzi	f_ekwo32ykccjzi	11616	Sh	bìí	twenty
nineteen-twenty-comparison	f_ybnatubhwhndg	f_ybnatubhwhndg	11616	Sh	bìí	twenty
nineteen-twenty-comparison	f_bhfcv7ahrjvnm	f_bhfcv7ahrjvnm	11616	Kund	bī̌	twenty
nineteen-twenty-comparison	f_7vygvuojkdyw4	f_7vygvuojkdyw4	11616	Sh	bi:	Twenty
nineteen-twenty-comparison	f_rqem2gh2fnhv4	f_rqem2gh2fnhv4	11616	Sh	bìí	twenty
nineteen-twenty-comparison	f_6hn5pi7vdxrdu	f_6hn5pi7vdxrdu		Sh	kunií	nineteen
nineteen-twenty-comparison	f_gmef7jdijkejs	f_gmef7jdijkejs		Sh	kũnní:	Nineteen
nineteen-twenty-comparison	f_mmmzjiph66e6w	f_mmmzjiph66e6w		Kalk	ɑnbiːɕ	19
nineteen-twenty-comparison	f_kfk44a4qrcpjg	f_kfk44a4qrcpjg	2499	Sh	ukənīh	19
nineteen-twenty-comparison	f_qwvzqgd45dswu	f_qwvzqgd45dswu		Kund	jakoĩ	19
nineteen-twenty-comparison	f_g3otitvt6nhqg	f_g3otitvt6nhqg	2411	Phal	aṇabhiíš	nineteen
nineteen-twenty-comparison	f_4mbudocyldfui	f_4mbudocyldfui	11616	Sh	bií	twenty
nineteen-twenty-comparison	f_drkj6nbilwpc2	f_drkj6nbilwpc2		Phal	bhiɕ	twenty
old-long-barytone-nominals	f_q7l2ycosjbw32	f_q7l2ycosjbw32	4368	Sh	gām	village
old-long-barytone-nominals	f_qujayby4ff6hy	f_qujayby4ff6hy	10104	Sh	moot͡s	month
old-long-barytone-nominals	f_2qy7uilxhrloc	f_2qy7uilxhrloc	10104	Sh	mɑt͡s	month
old-long-barytone-nominals	f_xwcnlmc2nz7ay	f_xwcnlmc2nz7ay	10104	Sh	mos	month
old-long-barytone-nominals	f_sf2wpze3i3fji	f_sf2wpze3i3fji	11572	Sh	bālo	hair
old-long-barytone-nominals	f_pzewrzwcr6v4c	f_pzewrzwcr6v4c	10234	Sv	mutre	urine
old-long-barytone-nominals	f_nbw4d5kmy3kmg	f_nbw4d5kmy3kmg	11572	Phal	būla	hair
old-long-barytone-nominals	f_jxzfbrvavutio	f_jxzfbrvavutio	9072	Phal	phóol	ploughshare
old-long-barytone-nominals	f_gqt75q63oyl3g	f_gqt75q63oyl3g	4368	Sh	grom	village
old-long-barytone-nominals	f_glvlyoljqftm4	f_glvlyoljqftm4	9108	Sh	phīṇ	
old-long-barytone-nominals	f_gldzrokjrvos4	f_gldzrokjrvos4	10104	Sh	mos	month
old-long-barytone-nominals	f_roau3mcgbyabg	f_roau3mcgbyabg	10234	Kund	mutrā̂̃	urine
old-long-barytone-nominals	f_5eqiwnybnecac	f_5eqiwnybnecac	2563	bro	'yṭi	lip
old-long-barytone-nominals	f_6qhirvnxy3zya	f_6qhirvnxy3zya	4368	Sh	giróom	village
old-long-barytone-nominals	f_wdksaif2mg3xy	f_wdksaif2mg3xy	9108	Phal	phīn	
old-long-barytone-nominals	f_jvozp6f6lua5q	f_jvozp6f6lua5q	10104	Sh	moos	month
old-long-barytone-nominals	f_2ggpmg3rvq4lk	f_2ggpmg3rvq4lk	10104	Sh	mòos	month
old-long-barytone-nominals	f_glgl7tpcb6bdo	f_glgl7tpcb6bdo	2993	Sh	kā̃	
old-long-barytone-nominals	f_vbndlz7lvuupy	f_vbndlz7lvuupy	9072	Phal	pháal	ploughshare
old-long-barytone-nominals	f_f2vsbanfghc4q	f_f2vsbanfghc4q	12619	Sh	ˈšɪu	ash
old-long-barytone-nominals	f_aw7gf2g4hap3y	f_aw7gf2g4hap3y	12619	Sh	šoo	ash
old-long-barytone-nominals	f_rtgavqfyd2nbm	f_rtgavqfyd2nbm	3023	Phal	kōṇ	arrow
old-long-barytone-nominals	f_cvjzeguvdgzwo	f_cvjzeguvdgzwo	3735	Sh	c̣héec̣	field
old-long-barytone-nominals	f_marye4vaqkph2	f_marye4vaqkph2	11572	Phal	bóolu	(straw of) hair
old-long-barytone-nominals	f_kyeu4qmwytu74	f_kyeu4qmwytu74	10104	Sh	moos	month
old-long-barytone-nominals	f_obt625mkx2gxw	f_obt625mkx2gxw	10104	Sh	mɑɑt͡s	month
old-long-barytone-nominals	f_g7siwg5ba254y	f_g7siwg5ba254y	2993	Phal	kōk	
old-long-barytone-nominals	f_q3i3kqj6fqzxg	f_q3i3kqj6fqzxg	11572	Phal	būlu	hair
old-long-barytone-nominals	f_fyjdsmxp5fbl4	f_fyjdsmxp5fbl4	2563	Sh	óo~ṭo	lip
old-long-barytone-nominals	f_575j2ujuuzqsy	f_575j2ujuuzqsy	10104	Sh	mãzi̯	month
old-long-barytone-nominals	f_xvm6kaof3fvtu	f_xvm6kaof3fvtu	11572	Phal	bōla	hair
old-long-barytone-nominals	f_fo6xgrhy4hgiw	f_fo6xgrhy4hgiw	2563	Sh	óo~ṭi	(lower) lip
old-long-barytone-nominals	f_mdhrzistm7gsy	f_mdhrzistm7gsy	3023	Phal	šará	arrow
old-long-barytone-nominals	f_hlk7cax76miy4	f_hlk7cax76miy4	9108	Sh	fīṇĕ	
old-long-barytone-nominals	f_cjqg5zbovcy5m	f_cjqg5zbovcy5m	9250	Sh	bīh	seed
old-long-barytone-nominals	f_7ukg2vgsq7zj6	f_7ukg2vgsq7zj6	11572	Phal	búulu	(straw of) hair
old-long-barytone-nominals	f_5267qydivy3ve	f_5267qydivy3ve	12619	Sh	ˈšᶦo	ash
old-long-barytone-nominals	f_ggbroj77lspkg	f_ggbroj77lspkg	11572	Sh	bālŭ	hair
old-long-barytone-nominals	f_phvhgiu4mhkrc	f_phvhgiu4mhkrc	13561	Phal	sʹûtr	thread
old-long-barytone-nominals	f_cffcjntzcmsty	f_cffcjntzcmsty	3023	Sh	kōṇ	arrow
old-long-barytone-nominals	f_hhwardfgcelzw	f_hhwardfgcelzw	10104	Sh	mõõs	month
old-long-barytone-nominals	f_32dcztwz53gw4	f_32dcztwz53gw4	9250	Sh	bíi	seed
old-long-barytone-nominals	f_clircfswadtuq	f_clircfswadtuq	4368	Kund	grā̃	village
old-long-barytone-nominals	f_dyvyalc56zqw6	f_dyvyalc56zqw6	3735	Sh	c̣héec̣	field
old-long-barytone-nominals	f_niv3aowsktqg6	f_niv3aowsktqg6	10042	Phal	móoṇ	nest
old-long-barytone-nominals	f_zay27otl6wdam	f_zay27otl6wdam	11572	Kalk	baál	hair
old-long-barytone-nominals	f_ceqs73vbsapl4	f_ceqs73vbsapl4	4368	Phal	ghróom	village; permanent settlement (in contrast with sóon 'summer pasture'); Ashret proper, also atshareét xaás
old-long-barytone-nominals	f_3bet4msgmqah4	f_3bet4msgmqah4	10104	Sh	mɑɑz	month
old-long-barytone-nominals	f_4t3ooro757y3o	f_4t3ooro757y3o	2563	Sh	óo~ṭi	lip
old-long-barytone-nominals	f_k4j2fvlhhbqyk	f_k4j2fvlhhbqyk	2563	Sh	ó:ʈe	Lips
old-long-barytone-nominals	f_42aup4ezy5kb4	f_42aup4ezy5kb4	12619	Sh	šo	ash
old-long-barytone-nominals	f_2qw7bsf3atsca	f_2qw7bsf3atsca	9250	Sh	bíi	seed
old-long-barytone-nominals	f_duaxdn62xz4fq	f_duaxdn62xz4fq	9072	Sh	pháal	plough iron (iron part of the plough), ploughshare
old-long-barytone-nominals	f_7indwgqabf7be	f_7indwgqabf7be	3023	Phal	kóoṇ	arrow
old-long-barytone-nominals	f_jatykhnwwbtji	f_jatykhnwwbtji	10234	Phal	mutr	urine
old-long-barytone-nominals	f_7nyw3s5xngiuk	f_7nyw3s5xngiuk	2993	Sh	káa	crow
old-long-barytone-nominals	f_rtu374k623yfq	f_rtu374k623yfq	4368	Sh	gɪˈrom	village
old-long-barytone-nominals	f_vigy5kxraqnma	f_vigy5kxraqnma	9250	bro	bii	seed
old-long-barytone-nominals	f_ay5v7vqi3cw5c	f_ay5v7vqi3cw5c	3023	Sh	kóoṇ	arrow
old-long-barytone-nominals	f_jfwv322xoy42a	f_jfwv322xoy42a	9108	Phal	phin	
old-long-barytone-nominals	f_7o4ueiq2bbc5q	f_7o4ueiq2bbc5q	3023	Sh	kóoṇ	arrow
old-long-barytone-nominals	f_bwelwqykjcubo	f_bwelwqykjcubo	10104	Sh	moos	month
old-long-barytone-nominals	f_pqdqfic2zz6nw	f_pqdqfic2zz6nw	4368	Phal	ghrʹôm	community; village; town
old-long-barytone-nominals	f_feicyj3ooxgpm	f_feicyj3ooxgpm	3735	Sh	c̣héec̣	field
old-long-barytone-nominals	f_fzembord6wbkc	f_fzembord6wbkc	3735	Sh	c̣héec̣	field
old-long-barytone-nominals	f_d4z3foabv4hki	f_d4z3foabv4hki	3023	Sh	kóoṇ	arrow
old-long-barytone-nominals	f_tzmpi5zmpgsf4	f_tzmpi5zmpgsf4	10104	Sh	moos	month
old-long-barytone-nominals	f_vqyhefphhardq	f_vqyhefphhardq	2993	Phal	kóok	crow
old-long-barytone-nominals	f_zhlfmhgc2cfey	f_zhlfmhgc2cfey	13561	Phal	sutr	thread
old-long-barytone-nominals	f_ipezoen26nadm	f_ipezoen26nadm	3735	Phal	c̣hʹîtr	field (cultivated)
old-long-barytone-nominals	f_uko4a53dnzuvy	f_uko4a53dnzuvy	3023	Phal	kóoṇṭ	arrow
old-long-barytone-nominals	f_6spyts2bjwdrg	f_6spyts2bjwdrg	4368	Kalk	draám	village
old-long-barytone-nominals	f_ohn4zkrcayj5o	f_ohn4zkrcayj5o	11572	Sh	bɑl	hair
old-long-barytone-nominals	f_pqbdtdjuaixoq	f_pqbdtdjuaixoq	10104	Sh	moos	month
old-long-barytone-nominals	f_kkq2ofh7rpwba	f_kkq2ofh7rpwba	12619	Sh	šoo	ash
old-long-barytone-nominals	f_negjp6nmcp6cs	f_negjp6nmcp6cs	12575	Sh	šūl	labour pains
old-long-barytone-nominals	f_xtgxvpjbrsvsq	f_xtgxvpjbrsvsq	3735	Phal	c̣héetr	field; (tilled) land
old-long-barytone-nominals	f_p4dd3eyndxs7s	f_p4dd3eyndxs7s	10104	Sh	mãs	month
old-long-barytone-nominals	f_elkoz6nco5ruu	f_elkoz6nco5ruu	10104	Ush	moːz	month
old-long-barytone-nominals	f_fzl3velfikflq	f_fzl3velfikflq	9072	Sv	phal	ploughshare
old-long-barytone-nominals	f_b7vkne5m66cog	f_b7vkne5m66cog	2563	Sh	óo~ṭo	lip
old-long-barytone-nominals	f_7u4bvfjtpspm6	f_7u4bvfjtpspm6	10234	Phal	mutr	urine
old-long-barytone-nominals	f_j6ywyolu2ict4	f_j6ywyolu2ict4	10104	Sh	mooz	month
old-long-barytone-nominals	f_hegjycpzro7ik	f_hegjycpzro7ik	10104	Sh	mɑɑz	month
old-long-barytone-nominals	f_4ju6v7tkpqq2m	f_4ju6v7tkpqq2m	9250	Kalk	bii	seed
old-long-barytone-nominals	f_v63l4gic5nnns	f_v63l4gic5nnns	10104	Sh	mō̃s	month
old-long-barytone-nominals	f_ufychssuyprfo	f_ufychssuyprfo	12619	Sh	šóo	ashes
old-long-barytone-nominals	f_upquhal4xwl26	f_upquhal4xwl26	10104	Sh	mɑz	month
old-long-barytone-nominals	f_iskljf4s7lfcs	f_iskljf4s7lfcs	3023	Sh	kōn	arrow
old-long-barytone-nominals	f_zyypddul4af5a	f_zyypddul4af5a	10104	Sh	mos	month
old-long-barytone-nominals	f_66ppytj455xbm	f_66ppytj455xbm	10042	Phal	mōṇ	spider's web
old-long-barytone-nominals	f_nxhhuzxindc4k	f_nxhhuzxindc4k	4368	Sh	grom	village
old-long-barytone-nominals	f_djag2ifinjnyy	f_djag2ifinjnyy	4368	Sv	grom	village
old-long-barytone-nominals	f_m2c7bflyegpig	f_m2c7bflyegpig	4368	Phal	grōm	village
old-long-barytone-nominals	f_j5dktmnkjgpq6	f_j5dktmnkjgpq6	4368	Sh	gɑm	village
old-long-barytone-nominals	f_fys7gmyjvg4fe	f_fys7gmyjvg4fe	10104	Sh	mɑɑz	month
old-long-barytone-nominals	f_h3efrctczo6zk	f_h3efrctczo6zk	10104	Sh	móos	month
old-long-barytone-nominals	f_tcapaeximesny	f_tcapaeximesny	9108	Phal	phʹîṇ	foam
old-long-barytone-nominals	f_hbeyo35wzrza6	f_hbeyo35wzrza6	2563	Sh	óo~ṭ	lip
old-long-barytone-nominals	f_z62zgt5x2uabw	f_z62zgt5x2uabw	10104	Sh	mɑɑs	month
old-long-barytone-nominals	f_ia4vyvtcs2rng	f_ia4vyvtcs2rng	11572	Sh	báali	rope
old-long-barytone-nominals	f_pusqihz3xwk4w	f_pusqihz3xwk4w	11572	Sh	báali	rope
old-long-barytone-nominals	f_epf3qcz66udsy	f_epf3qcz66udsy	2993	Sh	kāh	crow
old-long-barytone-nominals	f_4kps6qut7k52c	f_4kps6qut7k52c	3023	Sv	kā̃ṛa	arrow
old-long-barytone-nominals	f_llv7icnuuu3qm	f_llv7icnuuu3qm	3735	Sh	c̣héec̣	field
old-long-barytone-nominals	f_c63tb6ti2ir3a	f_c63tb6ti2ir3a	9108	Phal	phiíṇ	steam; vapour
old-long-barytone-nominals	f_j7og73sref2ty	f_j7og73sref2ty	4368	Sh	gro	village
old-long-barytone-nominals	f_nmo6brkd4ongs	f_nmo6brkd4ongs	9250	Sh	bii	seed
old-long-barytone-nominals	f_n5gtxj6ragswk	f_n5gtxj6ragswk	9072	Phal	phōl	ploughshare
old-long-barytone-nominals	f_vzikttufqas76	f_vzikttufqas76	4368	Sv	grome	village
old-long-barytone-nominals	f_xpjonuu7kzaxy	f_xpjonuu7kzaxy	3735	Sh	c̣ec̣	field
old-long-barytone-nominals	f_jt2vmptbw36cu	f_jt2vmptbw36cu	3023	Sh	kóoṇ	arrow
old-long-barytone-nominals	f_yvqkukrnenzqk	f_yvqkukrnenzqk	3023	Sh	kóoṇ	arrow
old-long-barytone-nominals	f_rkdxvubaqnzwg	f_rkdxvubaqnzwg	3735	Sh	c̣heéc	field
old-long-barytone-nominals	f_ghtohn2mvtbq4	f_ghtohn2mvtbq4	4368	Sh	gɑm	village
old-long-barytone-nominals	f_shgmszmpejubq	f_shgmszmpejubq	9250	Sh	bíi	seed
old-long-barytone-nominals	f_myhticprjdgsu	f_myhticprjdgsu	10104	Sh	mos	month
old-long-barytone-nominals	f_iwqvns2us2q4k	f_iwqvns2us2q4k	12575	Sh	šūlə	labour pains
old-long-barytone-nominals	f_znw7k3dpdfuls	f_znw7k3dpdfuls	3023	Phal	kʹôṇ	arrow
old-long-barytone-nominals	f_bw56aqzkn5gvs	f_bw56aqzkn5gvs	9250	Sh	bíi	seed
old-long-barytone-nominals	f_b5kjievwi6mm2	f_b5kjievwi6mm2	3735	Phal	c̣híitr	field; (tilled) land
old-long-barytone-nominals	f_whntg24qvuin6	f_whntg24qvuin6	4368	Sh	gāõ	village
old-long-barytone-nominals	f_4evkbdmwabof4	f_4evkbdmwabof4	11572	Kund	báal	hair
old-long-barytone-nominals	f_g5ax33e3vubyo	f_g5ax33e3vubyo	12575	Sh	šúul	birth pain, labor pains
old-long-barytone-nominals	f_7il3c4mflzfsy	f_7il3c4mflzfsy	3735	Phal	c̣hītru	field
old-long-barytone-nominals	f_vqe3sbdv6oxbs	f_vqe3sbdv6oxbs	12619	Sh	šoo	ash
old-long-barytone-nominals	f_z2qoohv3ctr3k	f_z2qoohv3ctr3k	3023	Sh	kóon	arrow
old-long-barytone-nominals	f_r6zcwdizjg3ty	f_r6zcwdizjg3ty	2563	Sh	ó:ʈo	Lips
old-long-barytone-nominals	f_slkwflntr5ft4	f_slkwflntr5ft4	9250	Sh	bi	seed
old-long-barytone-nominals	f_jrs5fomtfevms	f_jrs5fomtfevms	10104	Sh	mɑɑt͡s	month
old-long-barytone-nominals	f_jlchfbo2kcepk	f_jlchfbo2kcepk	10104	Sh	moos	month
old-long-barytone-nominals	f_a2a6tq4233jao	f_a2a6tq4233jao	4368	Sh	girōm	cowpen
old-long-barytone-nominals	f_4t3hu73yyyxcu	f_4t3hu73yyyxcu	12619	Sh	šoo	ash
old-long-barytone-nominals	f_sx4uj7h6zntkc	f_sx4uj7h6zntkc	10104	Sh	mos	month
old-long-barytone-nominals	f_2nkrt4ov277x6	f_2nkrt4ov277x6	13561	Phal	sūtr	thread
old-long-barytone-nominals	f_tm2idyzsv2puo	f_tm2idyzsv2puo	11572	Sh	bāle̯	hair
old-long-barytone-nominals	f_youvzb2x2sjei	f_youvzb2x2sjei	12619	Sh	šuu	ash
old-long-barytone-nominals	f_phhjzq5cm745w	f_phhjzq5cm745w	11572	Sh	bālo	Hair
old-long-barytone-nominals	f_mh6ir7xmf2gzs	f_mh6ir7xmf2gzs	3735	Sh	ʈʂhé:ʂ	Farm
old-long-barytone-nominals	f_tqz637x5hxuwa	f_tqz637x5hxuwa	10104	Sh	máaz	month
old-long-barytone-nominals	f_psw4mnojew47o	f_psw4mnojew47o	4368	Sv	grom-e	village
old-long-barytone-nominals	f_ghz5thwfzxuve	f_ghz5thwfzxuve	12619	Sh	šo	ash
old-long-barytone-nominals	f_bzcixgwu3nkyg	f_bzcixgwu3nkyg	10104	Sh	mɑɑz	month
old-long-barytone-nominals	f_ilek2mal24coi	f_ilek2mal24coi	10104	Sh	mō̃zi	month
old-long-barytone-nominals	f_k46y2fgv7h2v4	f_k46y2fgv7h2v4	4368	Sh	gɪˈroom	village
old-long-barytone-nominals	f_fuhbv5bn4dwqy	f_fuhbv5bn4dwqy	4368	Sh	gáam	village
old-long-barytone-nominals	f_bainktihrwv6u	f_bainktihrwv6u	4368	Sh	gom	village
old-long-barytone-nominals	f_nq3zvcnapnz7s	f_nq3zvcnapnz7s	10104	Sh	moz	month
old-long-barytone-nominals	f_ulagx4hb4mvjc	f_ulagx4hb4mvjc	11572	Sh	ˈbɑlo	hair
old-long-barytone-nominals	f_iefmlz6ivh7nq	f_iefmlz6ivh7nq	11572	Sh	báal	hair
old-long-barytone-nominals	f_4kshbly2ndudo	f_4kshbly2ndudo	2993	Sh	káa~	crow
old-long-barytone-nominals	f_vq5rmrfm6p2tw	f_vq5rmrfm6p2tw	4368	Sh	gá:m	Village
old-long-barytone-nominals	f_2hjurtronsgao	f_2hjurtronsgao	2993	bro	qoo	crow
old-long-barytone-nominals	f_hbbagjphsnp5c	f_hbbagjphsnp5c	12619	Sh	šɔ	ashes
old-long-barytone-nominals	f_riw3exz7z7uou	f_riw3exz7z7uou	2993	Sh	káa~	crow
old-long-barytone-nominals	f_y6deg75mwx3ku	f_y6deg75mwx3ku	4368	Sh	lōm	village
old-long-barytone-nominals	f_u5fs4nwrvr4km	f_u5fs4nwrvr4km	10234	Phal	mutr	urine
old-long-barytone-nominals	f_ieww6thdg7cq6	f_ieww6thdg7cq6	4368	Sv	grām	village
old-long-barytone-nominals	f_t3mgqwtuv4jhk	f_t3mgqwtuv4jhk	10234	Phal	mʹûtr	urine
old-long-barytone-nominals	f_iodeojyd75ddq	f_iodeojyd75ddq	11572	Sh	bāl	hair
old-long-barytone-nominals	f_rbecfzw44sp4y	f_rbecfzw44sp4y	11572	Ush	'bɑːle	hair
old-long-barytone-nominals	f_3uvmrn5s2vvnq	f_3uvmrn5s2vvnq	12619	Sh	šᶦo	ash
old-long-barytone-nominals	f_l6mhxmzawozyw	f_l6mhxmzawozyw	10104	Sh	moos	month
old-long-barytone-nominals	f_nzb6jsirkxzou	f_nzb6jsirkxzou	13561	Phal	súutr	thread
old-long-barytone-nominals	f_423nhd2v2gbb6	f_423nhd2v2gbb6	10104	Sh	móos	month
old-long-barytone-nominals	f_wt4xhiqbn5ds4	f_wt4xhiqbn5ds4	12619	Sh	ˈšɪu	ash
old-long-barytone-nominals	f_7orm2txhqaaki	f_7orm2txhqaaki	10104	Sh	moos	month
old-long-barytone-nominals	f_nhlnp26jmfpfa	f_nhlnp26jmfpfa	11572	Sh	bɑl	hair
old-long-barytone-nominals	f_lyj6x6qyfnuoe	f_lyj6x6qyfnuoe	4368	Sv	grom-a	village
old-long-barytone-nominals	f_lbfd44wga5rkw	f_lbfd44wga5rkw	10234	Phal	múutr	urine
old-long-barytone-nominals	f_d2drnn4wyjtim	f_d2drnn4wyjtim	9072	Sh	phāl	ploughshare
old-long-barytone-nominals	f_bxsjripzswj4c	f_bxsjripzswj4c	10104	Sh	mɑɑt͡s	month
old-long-barytone-nominals	f_hahhmaug7pgrk	f_hahhmaug7pgrk	10104	Sh	moos	month
old-long-barytone-nominals	f_viqgmkttr6g6g	f_viqgmkttr6g6g	10104	Sh	máaz	month
old-long-barytone-nominals	f_t5btv6xk5bp3i	f_t5btv6xk5bp3i	4368	Phal	ghráam	village; permanent settlement (in contrast with sóon 'summer pasture'); Ashret proper, also atshareét xaás
old-long-barytone-nominals	f_2357lw35sowk2	f_2357lw35sowk2	9250	Phal	bíi	seed
old-long-barytone-nominals	f_kgokk2wpjqif2	f_kgokk2wpjqif2	4368	Sv	grɑːm	village
old-long-barytone-nominals	f_6sptmz2oj4qpc	f_6sptmz2oj4qpc	9072	Phal	phʹôl	plow point
old-long-barytone-nominals	f_k4szkj3wqmy66	f_k4szkj3wqmy66	9250	Phal	bʹî	seed
old-long-barytone-nominals	f_b25ckzie4yfpc	f_b25ckzie4yfpc	10104	Sh	moos	month
old-long-barytone-nominals	f_pc3xjbh7ynsl2	f_pc3xjbh7ynsl2	11572	Sh	báal	hair
old-long-barytone-nominals	f_pn24j6mkise7s	f_pn24j6mkise7s	12575	Sh	šūlo	labour pains
old-long-barytone-nominals	f_weqdq5ysqqumy	f_weqdq5ysqqumy	11572	Sh	bɑl	hair
old-long-barytone-nominals	f_wmhdb44x7f2ja	f_wmhdb44x7f2ja	9250	Sh	bíi	seed
old-long-barytone-nominals	f_65iqb47jfeld2	f_65iqb47jfeld2	11572	Sh	báalo	hair
old-long-barytone-nominals	f_rgo7imqnetcfe	f_rgo7imqnetcfe	2993	Phal	kʹôk	crow
old-long-barytone-nominals	f_rqmmoeqkl5fly	f_rqmmoeqkl5fly	10104	Sh	mɑɑt͡s	month
old-long-barytone-nominals	f_6cs7wdq3z7szy	f_6cs7wdq3z7szy	4368	Sh	gɑm	village
old-long-barytone-nominals	f_zilbklktpc65y	f_zilbklktpc65y	11572	Sh	ˈbɑɑlo	hair
old-long-barytone-nominals	f_vvwpw3i43egyy	f_vvwpw3i43egyy	10104	Sh	móos	month
old-long-barytone-nominals	f_dpk7fcxat3qmg	f_dpk7fcxat3qmg	13561	Phal	sutr	thread
old-long-barytone-nominals	f_xo5dbiusztcgy	f_xo5dbiusztcgy	2993	Sh	káa	crow
old-long-barytone-nominals	f_jl3dx6w7fhq4u	f_jl3dx6w7fhq4u	4368	Kalk	draam	village
old-long-barytone-nominals	f_jqh5cds5yjc2o	f_jqh5cds5yjc2o	2563	Sh	ō̃ṭṷ	upper lip
old-long-barytone-nominals	f_2c7l6lxnv5qk4	f_2c7l6lxnv5qk4	11572	Sh	bālṷ	hair
old-long-barytone-nominals	f_qy5icpf4oqbio	f_qy5icpf4oqbio	2563	Sh	ō̃ṭi̯	lower lip
old-long-barytone-nominals	f_bjjxwclsubijm	f_bjjxwclsubijm	3735	Sh	ʈʂhé:ʐe	Farm
old-long-barytone-nominals	f_v2vu6rm5slxbk	f_v2vu6rm5slxbk	10234	Phal	mūtr	urine
old-long-barytone-nominals	f_ow4swb2aq63ny	f_ow4swb2aq63ny	13561	Phal	sutr	thread
old-long-barytone-nominals	f_xd62cqbhkb4a4	f_xd62cqbhkb4a4	4368	Sh	gɑm	village
old-long-barytone-nominals	f_5cqwlr5q5ldhi	f_5cqwlr5q5ldhi	10104	Sh	moos	month
old-long-barytone-nominals	f_cysfblokv5aly	f_cysfblokv5aly	2993	Phal	káak	crow
old-long-oxytone-nominals	f_fahmvo6lf5pf4	f_fahmvo6lf5pf4	6849	Sh	d'ūm	smoke
old-long-oxytone-nominals	f_vkfdkzecwrqbk	f_vkfdkzecwrqbk	6849	Sh	dùúm	smoke
old-long-oxytone-nominals	f_pqdhzeun44v4k	f_pqdhzeun44v4k	9982	Sh	moóz	meat
old-long-oxytone-nominals	f_xedmjtya72mzo	f_xedmjtya72mzo	9982	Sh	mot͡s	meat
old-long-oxytone-nominals	f_zp3fk2bl7n3ja	f_zp3fk2bl7n3ja	5958	Sh	tɛɛl	oil
old-long-oxytone-nominals	f_d74q7nmtt7myq	f_d74q7nmtt7myq	6849	Sh	duum	smoke
old-long-oxytone-nominals	f_57h2zl2awneas	f_57h2zl2awneas	4336	Sh	gooṣ̌	house
old-long-oxytone-nominals	f_5t6qovdmgw2qg	f_5t6qovdmgw2qg	5206	Sh	yār	paramour
old-long-oxytone-nominals	f_yyt3dcsldeqt6	f_yyt3dcsldeqt6	4336	Sh	goóṭ	house
old-long-oxytone-nominals	f_3g5s3glbqwtrg	f_3g5s3glbqwtrg	12497	Sh	ṣīṣo	fir-cone, ear of wheat
old-long-oxytone-nominals	f_s2xt4to42rxlw	f_s2xt4to42rxlw	5958	Sh	tɛl	oil
old-long-oxytone-nominals	f_pnv5udaiiuilm	f_pnv5udaiiuilm	3084	Sh	kaál	year
old-long-oxytone-nominals	f_5crtobmchtrdw	f_5crtobmchtrdw	9216	Sh	bɑɑ́l	boy
old-long-oxytone-nominals	f_k4ew6gsz5ixh4	f_k4ew6gsz5ixh4	9216	Sh	bāl	Child
old-long-oxytone-nominals	f_xzlsikwmwufxy	f_xzlsikwmwufxy	5958	Sh	tel	oil
old-long-oxytone-nominals	f_lj4mn26e3hbx2	f_lj4mn26e3hbx2	6849	Sh	duum	smoke
old-long-oxytone-nominals	f_pn2a7ebb57hre	f_pn2a7ebb57hre	4336	Sh	goṭ	house
old-long-oxytone-nominals	f_gjf3afjmsfkxi	f_gjf3afjmsfkxi	6849	Sh	dum	smoke
old-long-oxytone-nominals	f_ywxf5rsgmdivw	f_ywxf5rsgmdivw	4336	Sh	gooṣ̌	house
old-long-oxytone-nominals	f_ubjob4dinzxes	f_ubjob4dinzxes	3084	Sh	kɑl	year
old-long-oxytone-nominals	f_f4hkn3in7w72u	f_f4hkn3in7w72u	12497	Sh	ṣ̌ɪṣ̌	head
old-long-oxytone-nominals	f_xfazqsendyumy	f_xfazqsendyumy	9216	Sh	bɑɑ́l	boy
old-long-oxytone-nominals	f_n5ftatrrml33k	f_n5ftatrrml33k	4336	Sv	goːš	house
old-long-oxytone-nominals	f_sunupmcuzs2ny	f_sunupmcuzs2ny	12497	Sh	ṣ̌ɪṣ̌	head
old-long-oxytone-nominals	f_e6stvrqkpuxim	f_e6stvrqkpuxim	5958	Sh	tɛl	oil
old-long-oxytone-nominals	f_bpn2tg3ngzfgw	f_bpn2tg3ngzfgw	9982	Sh	mòót͡s	meat
old-long-oxytone-nominals	f_lbibqvvbeoscu	f_lbibqvvbeoscu	4336	Sv	s̊ṭh	
old-long-oxytone-nominals	f_6tkuhtvmi2x52	f_6tkuhtvmi2x52	9982	Sh	moos	meat
old-long-oxytone-nominals	f_lpit3tl5o6vn4	f_lpit3tl5o6vn4	9216	Sh	čuno bɑɑ́l	child
old-long-oxytone-nominals	f_druni4sshicl2	f_druni4sshicl2	5958	Sh	teél	oil
old-long-oxytone-nominals	f_u7qgvyfmf6zv4	f_u7qgvyfmf6zv4	5206	Sh	yāre̯	paramour
old-long-oxytone-nominals	f_ypit2jqw3ddlu	f_ypit2jqw3ddlu#1	9982	Sh	moós	meat; flesh
old-long-oxytone-nominals	f_ypit2jqw3ddlu	f_ypit2jqw3ddlu#2	9982	Sh	moós	meat; flesh
old-long-oxytone-nominals	f_zcuynw65xlttu	f_zcuynw65xlttu	5958	Sh	tɛl	oil
old-long-oxytone-nominals	f_a5omrjoipynq4	f_a5omrjoipynq4	9216	Sh	čuno bɑɑ́l	child
old-long-oxytone-nominals	f_4wsrrfwzvmlma	f_4wsrrfwzvmlma	3084	Sh	sɑl	year
old-long-oxytone-nominals	f_shnaard65ryto	f_shnaard65ryto	4336	Sv	gōš	house
old-long-oxytone-nominals	f_tjgeomu5dimcu	f_tjgeomu5dimcu	4336	Sh	gó:ʂ	Attic
old-long-oxytone-nominals	f_5nk3uxrtp7kuk	f_5nk3uxrtp7kuk	5958	Sh	tɛl	oil
old-long-oxytone-nominals	f_2ybotfsiabiwo	f_2ybotfsiabiwo	5958	Sh	tel	oil
old-long-oxytone-nominals	f_x2vjv2vb4wmqc	f_x2vjv2vb4wmqc	4531	Phal	grhōṇ	stinking
old-long-oxytone-nominals	f_shoidkb5rh4zk	f_shoidkb5rh4zk	12497	Sh	ṣ̌ɪṣ̌	head
old-long-oxytone-nominals	f_pr4adalrd5kia	f_pr4adalrd5kia	12497	Sh	ṣīṣ	head
old-long-oxytone-nominals	f_ipyhlr4lgfbk2	f_ipyhlr4lgfbk2	12497	Sh	ṣiṣ	head
old-long-oxytone-nominals	f_u6qcnf7rb2c6i	f_u6qcnf7rb2c6i	5958	Sh	tel	oil
old-long-oxytone-nominals	f_jcpdvhkl6x56w	f_jcpdvhkl6x56w	6849	Sh	duúm	smoke
old-long-oxytone-nominals	f_yyoy73rdr2a3k	f_yyoy73rdr2a3k	9982	Sh	moós	meat
old-long-oxytone-nominals	f_hsuy6tnrdgpxo	f_hsuy6tnrdgpxo	9982	Sh	moós	meat
old-long-oxytone-nominals	f_67xvxhyq7pxk2	f_67xvxhyq7pxk2	4336	Sh	goṣ̌	house
old-long-oxytone-nominals	f_urlxejo35q3kk	f_urlxejo35q3kk	9216	Sh	baál	child
old-long-oxytone-nominals	f_mun4wuaoduwg6	f_mun4wuaoduwg6	12497	Sh	ṣ̌ɪṣ̌	head
old-long-oxytone-nominals	f_qvoqbk3mfsjjq	f_qvoqbk3mfsjjq	6849	Phal	dhumi	smoke
old-long-oxytone-nominals	f_iaxcgmubyx7tu	f_iaxcgmubyx7tu	4336	Sv	gooš-a	house
old-long-oxytone-nominals	f_xkrtfvp6jilmu	f_xkrtfvp6jilmu	5206	Sh	ǰār	
old-long-oxytone-nominals	f_mbamtr7djxwhg	f_mbamtr7djxwhg	12497	Kalk	ṣiṣ	head
old-long-oxytone-nominals	f_jovlkbj7w3yeu	f_jovlkbj7w3yeu	4336	Sv	gooš-ee	room
old-long-oxytone-nominals	f_fdva5amid3hum	f_fdva5amid3hum	12497	Sh	ṣ̌iṣ̌	Head
old-long-oxytone-nominals	f_zheevtnj5ahfm	f_zheevtnj5ahfm	3084	Sh	ˈkɑ̀ɑlo	year
old-long-oxytone-nominals	f_p6vcjzalap2zq	f_p6vcjzalap2zq	4336	Sv	gooš	house
old-long-oxytone-nominals	f_jns3pwsreoxmw	f_jns3pwsreoxmw	5958	Sh	tɛɛ́l	oil
old-long-oxytone-nominals	f_ezpvgda4fqany	f_ezpvgda4fqany	9216	Sh	bɑɑ́l	child; boy
old-long-oxytone-nominals	f_ylzunctledekg	f_ylzunctledekg	4336	Sh	gòóṭ	house
old-long-oxytone-nominals	f_wbq5hakuxulj2	f_wbq5hakuxulj2	9216	Sh	bɑɑ́l	child; boy
old-long-oxytone-nominals	f_v2bkhng33tgfi	f_v2bkhng33tgfi	9216	Sh	bɑl	boy
old-long-oxytone-nominals	f_hfilp3tyzlgy2	f_hfilp3tyzlgy2	6849	Sh	duúm	smoke
old-long-oxytone-nominals	f_los4giue65mcm	f_los4giue65mcm	4336	Sh	gooṣ̌	house
old-long-oxytone-nominals	f_xfe6sp7f5okkg	f_xfe6sp7f5okkg	9982	Sh	moós	flesh
old-long-oxytone-nominals	f_wh2e7fwfzlt5m	f_wh2e7fwfzlt5m	5958	Sh	tɛl	oil
old-long-oxytone-nominals	f_xptekfyqjlqmq	f_xptekfyqjlqmq#1	4931	Phal	čoór	thief
old-long-oxytone-nominals	f_xptekfyqjlqmq	f_xptekfyqjlqmq#2	4931	Phal	čôʹr	thief
old-long-oxytone-nominals	f_r3zetglmwhhsc	f_r3zetglmwhhsc	12497	Sh	ṣ̌ɪṣ̌	head
old-long-oxytone-nominals	f_bipusn3bkmmb6	f_bipusn3bkmmb6	9216	Sh	bɑɑ́l	child; boy
old-long-oxytone-nominals	f_3xbv4zvz63e3c	f_3xbv4zvz63e3c	4336	Sv	guš	
old-long-oxytone-nominals	f_dg2f46czdw6b4	f_dg2f46czdw6b4	4336	Sh	gòóṭ	house
old-long-oxytone-nominals	f_khbnih6ewzklq	f_khbnih6ewzklq	12497	Sh	ṣ̌ɪ̱ṣ̌	head
old-long-oxytone-nominals	f_g7eltlgusufdq	f_g7eltlgusufdq	9982	Sh	moós	meat
old-long-oxytone-nominals	f_yzass3dlizxya	f_yzass3dlizxya	5958	Sh	tɛɛ́l	oil
old-long-oxytone-nominals	f_yodejj3gm4tyo	f_yodejj3gm4tyo	5958	Ush	tɛl	oil
old-long-oxytone-nominals	f_lc3cfv73iy5fg	f_lc3cfv73iy5fg	3084	Phal	kâʹl	year
old-long-oxytone-nominals	f_yrdvpgxjqvbdq	f_yrdvpgxjqvbdq	4531	Phal	ghróoṇ	foul smell
old-long-oxytone-nominals	f_x5mpiyag6f37w	f_x5mpiyag6f37w	4336	Sh	gòóṭ	house
old-long-oxytone-nominals	f_wnpvd2nljzuuk	f_wnpvd2nljzuuk	4336	Phal	ghoóṣṭ	house, home
old-long-oxytone-nominals	f_lybl5xubglnam	f_lybl5xubglnam	9459	Phal	bháaru	load; burden
old-long-oxytone-nominals	f_yy2cb45ufcen4	f_yy2cb45ufcen4	4336	Sv	goš-a	house
old-long-oxytone-nominals	f_yys3ketyldphg	f_yys3ketyldphg	4931	Sh	čōr	thief
old-long-oxytone-nominals	f_t5xhh2e6s26mm	f_t5xhh2e6s26mm	9982	Sh	moós	meat
old-long-oxytone-nominals	f_lvknb5muluzhi	f_lvknb5muluzhi	3084	Sh	kɑl	year
old-long-oxytone-nominals	f_e5utk26ihx7gy	f_e5utk26ihx7gy	4336	Sh	gōṭ	House
old-long-oxytone-nominals	f_y5627ehayz45i	f_y5627ehayz45i	9982	Sh	mòót͡s	meat
old-long-oxytone-nominals	f_fgp4jfk4mscvm	f_fgp4jfk4mscvm	3084	Sh	kɑɑ́l	year
old-long-oxytone-nominals	f_kfb4jqlyfwbk2	f_kfb4jqlyfwbk2	9982	Sh	moós	meat
old-long-oxytone-nominals	f_lacm343nlu4oq	f_lacm343nlu4oq	5958	Sh	teél	oil
old-long-oxytone-nominals	f_otmjgvu5sgw7o	f_otmjgvu5sgw7o	3084	Sh	kɑl	year
old-long-oxytone-nominals	f_wmc3skxnnmffi	f_wmc3skxnnmffi	5958	Sh	tɛɛl	oil
old-long-oxytone-nominals	f_kxhhuj5dxzkug	f_kxhhuj5dxzkug	9459	Phal	bhā́ru	burden
old-long-oxytone-nominals	f_r7su2w7wnk5ho	f_r7su2w7wnk5ho	12497	Sh	ṣ̌ɪṣ̌	head
old-long-oxytone-nominals	f_fxxbjqiza6dbq	f_fxxbjqiza6dbq	12497	Sh	ṣ̌ɪṣ̌	head
old-long-oxytone-nominals	f_kqfo7gxevd55w	f_kqfo7gxevd55w	11591	Sh	baás	night's lodging, residence
old-long-oxytone-nominals	f_tijj3vcxjqti2	f_tijj3vcxjqti2	3084	Sh	kɑɑ́l	year
old-long-oxytone-nominals	f_3id3txquvzghu	f_3id3txquvzghu	12497	Sh	ṣ̌ɪṣ̌	head
old-long-oxytone-nominals	f_uzxsz4ydyttp4	f_uzxsz4ydyttp4	9982	Sh	mos	flesh
old-long-oxytone-nominals	f_u62raqpcuuzhu	f_u62raqpcuuzhu	9982	Sh	mòós	meat
old-long-oxytone-nominals	f_2csvpriexemym	f_2csvpriexemym	4336	Sv	guš	house
old-long-oxytone-nominals	f_67u42hbmmswki	f_67u42hbmmswki	4336	Sh	goṣ	house
old-long-oxytone-nominals	f_g3ysjms5bdt6c	f_g3ysjms5bdt6c	6849	Sh	duúm	smoke
old-long-oxytone-nominals	f_mvnc6uxqowi6i	f_mvnc6uxqowi6i	3084	Sh	kɑɑ́l	year
old-long-oxytone-nominals	f_phd452nxzuffk	f_phd452nxzuffk	6849	Sh	duúm	smoke
old-long-oxytone-nominals	f_mzvg6b6sjnvug	f_mzvg6b6sjnvug	4931	Phal	čuōr	thief
old-long-oxytone-nominals	f_26bmbgecw66p2	f_26bmbgecw66p2	9216	Sh	bɑɑ́l	boy
old-long-oxytone-nominals	f_qnebcqwp3ung2	f_qnebcqwp3ung2	11591	Sh	bas	halt, stage
old-long-oxytone-nominals	f_drjfkfkvh7igc	f_drjfkfkvh7igc	6849	Sh	dùúm	smoke
old-long-oxytone-nominals	f_irwmw6sv74fge	f_irwmw6sv74fge	3084	Sh	kɑl	year
old-long-oxytone-nominals	f_m55keh7lflzl4	f_m55keh7lflzl4	9216	Sh	bɑɑ́l	boy
old-long-oxytone-nominals	f_pqouuc3uijzzg	f_pqouuc3uijzzg	3696	Sv	c̣hir	milk
old-long-oxytone-nominals	f_4yes6yexcz3oy	f_4yes6yexcz3oy	5958	Sh	tɛɛ́l	oil
old-long-oxytone-nominals	f_ehydxxshk3brc	f_ehydxxshk3brc	5958	Sh	tɛl	oil
old-long-oxytone-nominals	f_mvdk2gjxblv66	f_mvdk2gjxblv66	5206	Sh	y	
old-long-oxytone-nominals	f_i7pra2wshxrhc	f_i7pra2wshxrhc	3084	Sh	sɑl	year
old-long-oxytone-nominals	f_qvvwsa3zdocae	f_qvvwsa3zdocae	12497	Sh	ṣ̌iṣ̌	head
old-long-oxytone-nominals	f_p3hg4ip75suxu	f_p3hg4ip75suxu	6547	Phal	díiš	(home) village
old-long-oxytone-nominals	f_sihtpeiilhguy	f_sihtpeiilhguy	4336	Ush	goːʈ	house
old-long-oxytone-nominals	f_xt7nsdzvcvvqo	f_xt7nsdzvcvvqo	4336	Sh	gòóṭ	house
old-long-oxytone-nominals	f_v2qzwvyivrvjs	f_v2qzwvyivrvjs	3696	Sv	ʈ͡ʂir	milk
old-long-oxytone-nominals	f_rle5vb42emb2s	f_rle5vb42emb2s	9982	Sh	moos	meat
old-long-oxytone-nominals	f_fjrui7o3rxamm	f_fjrui7o3rxamm	6547	Phal	dīš	village
old-long-oxytone-nominals	f_lx7hnzkdz2q7m	f_lx7hnzkdz2q7m	6849	Sh	duúm	smoke
old-long-oxytone-nominals	f_dk5u725b3htho	f_dk5u725b3htho	3084	Sh	sáal	year
old-long-oxytone-nominals	f_47cen4kdeherq	f_47cen4kdeherq	5958	Sh	tɛ̀ɛ́l	oil
old-long-oxytone-nominals	f_xhk4dh75ekxx6	f_xhk4dh75ekxx6	9982	Sh	moos	meat
old-long-oxytone-nominals	f_bdllatxx66xqu	f_bdllatxx66xqu	3084	Sh	sɑl	year
old-long-oxytone-nominals	f_2topkurfyhpeq	f_2topkurfyhpeq	12497	Sh	ṣiíṣ	head
old-long-oxytone-nominals	f_owoldfadcrz5k	f_owoldfadcrz5k	4336	Sh	gòóṭ	house
old-long-oxytone-nominals	f_7ayov3etextcm	f_7ayov3etextcm	12497	Sh	ṣ̌ɪṣ̌	head
old-long-oxytone-nominals	f_6zsessj4feb2m	f_6zsessj4feb2m	9216	Sh	bɑɑ́l	boy
old-long-oxytone-nominals	f_kqmzowjmjchvs	f_kqmzowjmjchvs	9216	Sh	bɑɑ́l	boy
old-long-oxytone-nominals	f_xzcq7k5govmb6	f_xzcq7k5govmb6	3084	Ush	kɑːl	year
old-long-oxytone-nominals	f_5no6lcpvkcr56	f_5no6lcpvkcr56	4336	Sh	gooṣ̌	house
old-long-oxytone-nominals	f_i7l4ggxaoli6w	f_i7l4ggxaoli6w	9982	Sh	moós	meat
old-long-oxytone-nominals	f_7yjd5js7en2nm	f_7yjd5js7en2nm	9982	Sh	moos	meat
old-long-oxytone-nominals	f_pnkhdqbqhy3sg	f_pnkhdqbqhy3sg	4336	Sh	gooṣ̌	house
old-long-oxytone-nominals	f_nlvpea42ce6sy	f_nlvpea42ce6sy	9982	Phal	mhaás	meat, piece of flesh
old-long-oxytone-nominals	f_zhwwdbbb54ogo	f_zhwwdbbb54ogo	5958	Sh	téel	oil
old-long-oxytone-nominals	f_mrtgp7uwj6nh6	f_mrtgp7uwj6nh6	6849	Sh	duúm	smoke
old-long-oxytone-nominals	f_thzky3u745hvg	f_thzky3u745hvg	6849	Phal	dhumʹî	smoke
old-long-oxytone-nominals	f_u7qeehbwcqxv2	f_u7qeehbwcqxv2	12497	Sh	ṣ̌ɪ̱ṣ̌	head
old-long-oxytone-nominals	f_wdastokbnpymi	f_wdastokbnpymi	6849	Sh	duúm	smoke
old-long-oxytone-nominals	f_mztkbyx652pvm	f_mztkbyx652pvm	6849	Phal	dhumi	smoke
old-long-oxytone-nominals	f_xycoy7j5c5soc	f_xycoy7j5c5soc	9459	Sh	bar	load, bundle of wood
old-long-oxytone-nominals	f_nvnd7at4kayeo	f_nvnd7at4kayeo	4336	Sh	góoṣ	house
old-long-oxytone-nominals	f_mmzcstawuctao	f_mmzcstawuctao	9459	Sh	bār	load, bundle of wood
old-long-oxytone-nominals	f_5hpxcoc4oeq66	f_5hpxcoc4oeq66	9982	Sh	mozăi	flesh
old-long-oxytone-nominals	f_fx43q36xz6kku	f_fx43q36xz6kku	9982	Sh	moót͡s	meat
old-long-oxytone-nominals	f_bivfnxfgr7sse	f_bivfnxfgr7sse	4336	Sh	gòóṭ	house
old-long-oxytone-nominals	f_4lsnot23t35po	f_4lsnot23t35po	12497	Sh	ṣ̌iṣ̌	head
old-long-oxytone-nominals	f_mkcvc3cq34qs4	f_mkcvc3cq34qs4	3084	Sh	kɑl	year
old-long-oxytone-nominals	f_5ugo4lmitkoae	f_5ugo4lmitkoae	6849	Phal	dhuumíi	smoke, fume
old-long-oxytone-nominals	f_ioc3sf7akjsd4	f_ioc3sf7akjsd4	6849	Kund	dùmā̂	smoke
old-long-oxytone-nominals	f_nwqvm3qvy3yra	f_nwqvm3qvy3yra	4336	Phal	ghōṣṭ	house
old-long-oxytone-nominals	f_x2e3ig3mlrm7k	f_x2e3ig3mlrm7k	4336	Sh	góoṣ	house
old-long-oxytone-nominals	f_sqtoenpb5nhzk	f_sqtoenpb5nhzk	6849	Sh	duum	smoke
old-long-oxytone-nominals	f_plmp6564cfb2m	f_plmp6564cfb2m	3084	Sh	kɑl	year
old-long-oxytone-nominals	f_edvioyflqspyg	f_edvioyflqspyg	12497	Sh	ṣ̌ɪṣ̌	head
old-long-oxytone-nominals	f_mwuen3hkr4ass	f_mwuen3hkr4ass	3084	Sh	kɑl	year
old-long-oxytone-nominals	f_eu5yhgapyatny	f_eu5yhgapyatny	4336	Sh	gòóṭ	house
old-long-oxytone-nominals	f_ka3nrmjzpihhs	f_ka3nrmjzpihhs	3084	Sh	kāl	year
old-long-oxytone-nominals	f_vime6nsxmbxk4	f_vime6nsxmbxk4	9216	Sh	čuno bɑɑl	child
old-long-oxytone-nominals	f_2jrc73knkanzm	f_2jrc73knkanzm	6849	Sh	duúm	smoke
old-long-oxytone-nominals	f_anjg6rh7i7vl6	f_anjg6rh7i7vl6	9216	Sh	bɑɑl čɑl	child
old-long-oxytone-nominals	f_vwkpjs4qmdgzk	f_vwkpjs4qmdgzk	3084	Sh	kaál	year
old-long-oxytone-nominals	f_koeii6z7bmrj2	f_koeii6z7bmrj2	5958	Sh	tɛl	oil
old-long-oxytone-nominals	f_wxm7bqavkhmz4	f_wxm7bqavkhmz4	12497	Sv	ṣiṣ	head
old-long-oxytone-nominals	f_tcjhiicikigka	f_tcjhiicikigka	4931	Sh	čurúṭo	thief
old-long-oxytone-nominals	f_6dmsu3kxry4my	f_6dmsu3kxry4my	9982	Sh	moós	meat
old-long-oxytone-nominals	f_4jfmsvvbhqoic	f_4jfmsvvbhqoic	6547	Phal	dēš	village
old-long-oxytone-nominals	f_ftcqdozrmlsec	f_ftcqdozrmlsec	9982	Sh	moós	meat
old-long-oxytone-nominals	f_qi6kejdeowqma	f_qi6kejdeowqma	3084	Sh	kɑɑl	year
old-long-oxytone-nominals	f_m7w5hb4ywzg5y	f_m7w5hb4ywzg5y	5206	Sh	yāri̯	paramour
old-long-oxytone-nominals	f_qo6cxv2grocsu	f_qo6cxv2grocsu	9216	Sh	bɑɑl	child; boy
old-long-oxytone-nominals	f_b75g2hnyjpfdw	f_b75g2hnyjpfdw	12497	Phal	ṣīṣa	ear of corn
old-long-oxytone-nominals	f_5jp2hjpo2nqwi	f_5jp2hjpo2nqwi	3696	Phal	c̣hiír	milk
old-long-oxytone-nominals	f_2f52yo3lm6c3m	f_2f52yo3lm6c3m	6849	Sh	dūm	smoke
old-long-oxytone-nominals	f_vrwi2ivu6ywic	f_vrwi2ivu6ywic	3084	Sh	sáal	year
old-long-oxytone-nominals	f_kckdfrxhuvhre	f_kckdfrxhuvhre	5958	Sh	tɛl	oil
old-long-oxytone-nominals	f_xvlg2lmrivqas	f_xvlg2lmrivqas	6849	Sh	dùúm	smoke
old-long-oxytone-nominals	f_a2c5ttf5kdmhw	f_a2c5ttf5kdmhw	9216	Sh	bɑ̀ɑ́l	boy
old-long-oxytone-nominals	f_wgusflvkol26s	f_wgusflvkol26s	12497	Sh	ṣ̌ɪṣ̌	head
old-long-oxytone-nominals	f_iflh3cgm42ueq	f_iflh3cgm42ueq	6849	bro	duu	smoke
old-long-oxytone-nominals	f_gvgeozgrhtvj4	f_gvgeozgrhtvj4	3084	Phal	kaál	year
old-long-oxytone-nominals	f_3dmhempvuti5w	f_3dmhempvuti5w	6849	Sh	dùúm	smoke
old-long-oxytone-nominals	f_zpl2pjdfeqpfs	f_zpl2pjdfeqpfs	9982	Sh	moót͡s	meat
old-long-oxytone-nominals	f_iapu26s6mf3p6	f_iapu26s6mf3p6	9216	Sh	bɑɑ́l	boy
old-long-oxytone-nominals	f_s3k4hsrndnaqs	f_s3k4hsrndnaqs	12497	Sh	ṣ̌ɪṣ̌	head
old-long-oxytone-nominals	f_lpwauqq2a2ago	f_lpwauqq2a2ago	12497	Sh	ṣiíṣ	head
old-long-oxytone-nominals	f_kmos2thbcspec	f_kmos2thbcspec	9216	Sh	bɑɑ́l	child; boy
old-long-oxytone-nominals	f_ggdnnloqlsmak	f_ggdnnloqlsmak	12497	Sh	ṣ̌ɪṣ̌	head
old-long-oxytone-nominals	f_ejdcfz6qgu4wq	f_ejdcfz6qgu4wq	12497	Sh	ṣ̌ɪ̱ṣ̌	head
old-long-oxytone-nominals	f_sjvfexlaaiy6i	f_sjvfexlaaiy6i	9216	Sh	bɑɑ́l	child
old-long-oxytone-nominals	f_5nmlwuqs4zs2w	f_5nmlwuqs4zs2w	6849	Sh	duúm	smoke
old-long-oxytone-nominals	f_7c42kghpdey62	f_7c42kghpdey62	11591	Sh	bazí	halt, stage
old-long-oxytone-nominals	f_ts44ynlysavtm	f_ts44ynlysavtm	6849	Sh	dum	smoke
old-long-oxytone-nominals	f_w3x3eqs6pza62	f_w3x3eqs6pza62	6849	Sh	duúm	smoke
old-long-oxytone-nominals	f_n5ywkp3n2nao4	f_n5ywkp3n2nao4	4336	Sh	gōṭ	House
old-long-oxytone-nominals	f_v24l4taiwrg4y	f_v24l4taiwrg4y	4336	Sh	gòóṭ	house
old-long-oxytone-nominals	f_2a7um2f2nylq6	f_2a7um2f2nylq6	9982	Sh	moós	meat
old-long-oxytone-nominals	f_swxtiyldyxsqm	f_swxtiyldyxsqm	6849	Sh	duúm	smoke
old-long-oxytone-nominals	f_e2fhgnllr5zjw	f_e2fhgnllr5zjw	6849	Sh	d(h)ūm	smoke
old-long-oxytone-nominals	f_grdpgo4mhgoli	f_grdpgo4mhgoli	9216	Sh	bɑɑ́l	boy
old-long-oxytone-nominals	f_lqynhpdw4t4ca	f_lqynhpdw4t4ca	12497	Sh	šɪš	head
old-long-oxytone-nominals	f_oetdadrtngayc	f_oetdadrtngayc	4336	Sh	goóṭ	house
old-long-oxytone-nominals	f_3isauwz5cjdiy	f_3isauwz5cjdiy	3084	Phal	kāl	year
old-long-oxytone-nominals	f_qe3slybhqxr26	f_qe3slybhqxr26	4336	bro	gooṭ	house
old-long-oxytone-nominals	f_2w7x3u4ehk4gw	f_2w7x3u4ehk4gw	9459	Sh	baár	load, burden
old-long-oxytone-nominals	f_ndbnqg72rcnj4	f_ndbnqg72rcnj4	6849	Sh	dùum	smoke
old-long-oxytone-nominals	f_twhc6uj7pk6ig	f_twhc6uj7pk6ig	9216	Sh	bɑɑ́l	child; boy
old-long-oxytone-nominals	f_yks2rf6lppbmc	f_yks2rf6lppbmc	6849	Sh	dùúm	smoke
old-long-oxytone-nominals	f_4e2y7jcu2bf2c	f_4e2y7jcu2bf2c	4336	Sh	goṣ̌	house
old-long-oxytone-nominals	f_vyqdngxvmeeos	f_vyqdngxvmeeos	3084	Sh	kɑɑ́l	year
old-long-oxytone-nominals	f_k7nipsnsgmnqe	f_k7nipsnsgmnqe	9982	Ush	mɔːs	meat
old-long-oxytone-nominals	f_mfnf2ljvsz6ik	f_mfnf2ljvsz6ik	9982	Sh	moós	meat
old-long-oxytone-nominals	f_eoqkwzlan3a3y	f_eoqkwzlan3a3y	3084	Sh	sɑl	year
old-long-oxytone-nominals	f_kwl3qozc74jpe	f_kwl3qozc74jpe	12497	Sh	ṣ̌ɪṣ̌	head
old-long-oxytone-nominals	f_qdfjltvwklvko	f_qdfjltvwklvko	6849	Sh	duúm	Smoke
old-long-oxytone-nominals	f_wdty6gphsqyga	f_wdty6gphsqyga	3084	Sh	sɑl	year
old-long-oxytone-nominals	f_6kjbevxh3cc5e	f_6kjbevxh3cc5e	3696	Kalk	c̣iir	milk
old-long-oxytone-nominals	f_laoh3l5263pqq	f_laoh3l5263pqq	5958	Sh	tɛl	oil
old-long-oxytone-nominals	f_ysyi4vcfjdxsq	f_ysyi4vcfjdxsq	9216	Sh	bɑɑ́l	child; boy
old-long-oxytone-nominals	f_255jbhu5mddng	f_255jbhu5mddng	4336	Sh	góoṭ	house
old-long-oxytone-nominals	f_iphaqez2popas	f_iphaqez2popas	4336	Sv	š	
old-long-oxytone-nominals	f_ivrf7lkakgfyc	f_ivrf7lkakgfyc	4336	Sh	goṣ̌	house
old-long-oxytone-nominals	f_2j7x4pue7hacs	f_2j7x4pue7hacs	9982	Sh	moós	meat
old-long-oxytone-nominals	f_wqjh7arxvjyky	f_wqjh7arxvjyky	6849	Sh	duúm	smoke
old-long-oxytone-nominals	f_st6he4xx4rvkq	f_st6he4xx4rvkq	5206	Sh	ǰār	paramour
old-long-oxytone-nominals	f_dw64b6qaisljc	f_dw64b6qaisljc	4336	Sh	gòóṭ	house
old-long-oxytone-nominals	f_777uab3vva3o2	f_777uab3vva3o2	4336	Sv	goš-ee	house
old-long-oxytone-nominals	f_qggj4h2lwnm2a	f_qggj4h2lwnm2a	12497	Sh	ṣ̌ɪṣ̌	head
old-long-oxytone-nominals	f_3plqoupo5mzhm	f_3plqoupo5mzhm	6849	Sh	duum	smoke
old-long-oxytone-nominals	f_jds2am3qbzxoq	f_jds2am3qbzxoq	4336	Phal	ghôʹsṭ	house
old-long-oxytone-nominals	f_njsph22tt7onw	f_njsph22tt7onw	4336	Sh	gòóṭ	house
old-long-oxytone-nominals	f_sglugmm36zlcq	f_sglugmm36zlcq	9216	Sh	bɑɑl	child
old-long-oxytone-nominals	f_tb7wroweiokp2	f_tb7wroweiokp2	9216	Sh	čɑl bɑɑl	child
old-long-oxytone-nominals	f_tc55mtuopm7me	f_tc55mtuopm7me	12497	Sh	ʂíʐe	Head
old-long-oxytone-nominals	f_s2vsbu25rxbug	f_s2vsbu25rxbug	4931	Sh	čoór	thief
old-long-oxytone-nominals	f_776g4mtvzw4x6	f_776g4mtvzw4x6	9216	Sh	bɑɑl	boy
old-long-oxytone-nominals	f_woojv4d7pg4mm	f_woojv4d7pg4mm	4336	Sh	goṣ̌	house
old-long-oxytone-nominals	f_lfb3qt6lbktxq	f_lfb3qt6lbktxq	4931	Sh	čoríṭŭ	thief
old-long-oxytone-nominals	f_mjyi4gwpmqab2	f_mjyi4gwpmqab2	12497	Sh	ṣ̌ɪṣ̌	head
old-long-oxytone-nominals	f_pnknnnkt6z6ri	f_pnknnnkt6z6ri	4931	Ush	t͡ɕoɽ	thief
old-long-oxytone-nominals	f_sk2qznbqi7ofu	f_sk2qznbqi7ofu	5958	Sh	tɛl	oil
old-long-oxytone-nominals	f_zk5fdqcyfz6zg	f_zk5fdqcyfz6zg	12497	Ush	ʂuʂ	head
old-long-oxytone-nominals	f_rwtbx4auysulg	f_rwtbx4auysulg	12497	Phal	ṣʹiṣ	head
old-long-oxytone-nominals	f_i7vtj5ti7cjjm	f_i7vtj5ti7cjjm#1	6849	Sh	duúm	smoke
old-long-oxytone-nominals	f_i7vtj5ti7cjjm	f_i7vtj5ti7cjjm#2	6849	Sh	duúm	smoke
old-long-oxytone-nominals	f_bi4ihsd6x3ncc	f_bi4ihsd6x3ncc	4336	Sh	gó:ʐe	Attic
old-long-oxytone-nominals	f_nofw24hqorr32	f_nofw24hqorr32	9982	Kalk	maas	meat
old-long-oxytone-nominals	f_kfhoan2btwshe	f_kfhoan2btwshe	9216	Sh	bɑl	boy
old-long-oxytone-nominals	f_x6mctmla37ks6	f_x6mctmla37ks6	12497	Sh	ṣ̌ɪṣ̌	head
old-long-oxytone-nominals	f_w2yugqs47she2	f_w2yugqs47she2	6849	Sh	dùúm	smoke
old-long-oxytone-nominals	f_k4hhbo6tmni6k	f_k4hhbo6tmni6k	9982	Sh	mó:s	Flesh
old-long-oxytone-nominals	f_vm2a3jh4a7m66	f_vm2a3jh4a7m66	6849	Sh	duúm	smoke
old-long-oxytone-nominals	f_yiytl7c5fckbu	f_yiytl7c5fckbu	9982	Sh	moós	meat
old-long-oxytone-nominals	f_7xxgnf3tnwvbm	f_7xxgnf3tnwvbm	5958	Kund	tɛ̄l	oil
old-long-oxytone-nominals	f_5ih2vsqkk3czs	f_5ih2vsqkk3czs	3084	Sh	kɑl	year
old-long-oxytone-nominals	f_tesimm527xe7i	f_tesimm527xe7i	4336	Sh	gòóṭ	house
old-long-oxytone-nominals	f_c6ei6ca26zsdc	f_c6ei6ca26zsdc	9982	Sh	moós	flesh
old-long-oxytone-nominals	f_gizidefpekmbm	f_gizidefpekmbm	9982	bro	moos	flesh
old-long-oxytone-nominals	f_rksdx76oapj5c	f_rksdx76oapj5c	6547	Phal	déeš	(home) village
old-long-oxytone-nominals	f_f6lgqots3dfc2	f_f6lgqots3dfc2	3084	Sh	kɑ̀ɑlo̱	year
old-long-oxytone-nominals	f_aiyp4ku6k7axo	f_aiyp4ku6k7axo	4336	Sh	gooṣ̌	house
old-long-oxytone-nominals	f_i5tpl7g7ffyks	f_i5tpl7g7ffyks	9982	Sh	mōs	flesh
old-long-oxytone-nominals	f_jiyuh3uohnp4o	f_jiyuh3uohnp4o	9982	Sh	moos	meat
old-long-oxytone-nominals	f_zafmkwbbvoa4k	f_zafmkwbbvoa4k	5958	Sh	tɛl	oil
old-long-oxytone-nominals	f_vvse3tbqtez5w	f_vvse3tbqtez5w	4931	Phal	čōr	thief
old-long-oxytone-nominals	f_maqkoshtooveg	f_maqkoshtooveg	9982	Phal	mhâʹ˜s	meat; flesh
old-long-oxytone-nominals	f_3rcazl2hwlfmg	f_3rcazl2hwlfmg	9982	Sh	mō̃s	flesh
old-long-oxytone-nominals	f_khnwvqiadybno	f_khnwvqiadybno	3084	Sh	sɑl	year
old-long-oxytone-nominals	f_air2zmxwqjiko	f_air2zmxwqjiko	9982	Sh	moós	meat
old-long-oxytone-nominals	f_vq4dg6s2ftf7u	f_vq4dg6s2ftf7u	12497	Sh	ṣ̌ɪṣ̌	head
old-long-oxytone-nominals	f_ummicuxv66hmw	f_ummicuxv66hmw	12497	Sh	ṣiṣ	head
old-long-oxytone-nominals	f_7bxee65p26ju4	f_7bxee65p26ju4	9982	Phal	mᵃhās	flesh
old-long-oxytone-nominals	f_kn2qcxbbzf6pm	f_kn2qcxbbzf6pm	4531	Phal	grhōṇu	rotten
old-long-oxytone-nominals	f_tac5rgcuruule	f_tac5rgcuruule	9982	Sh	moós	meat
old-long-oxytone-nominals	f_smat4bint5lze	f_smat4bint5lze	3696	Phal	c̣hīr	milk
old-long-oxytone-nominals	f_cidfqnn4ai3a4	f_cidfqnn4ai3a4	5958	Sh	tɛl	oil
old-long-oxytone-nominals	f_iwco3hm3obb4k	f_iwco3hm3obb4k	12497	Phal	ṣiṣ	head; head; hair
old-long-oxytone-nominals	f_s3ulbd3hyg4ci	f_s3ulbd3hyg4ci	9982	Sh	moós	meat
old-long-oxytone-nominals	f_i33dgkvdbb6iy	f_i33dgkvdbb6iy	6849	Sh	duúm	smoke
old-long-oxytone-nominals	f_r5cehwoym2zj6	f_r5cehwoym2zj6	9216	Sh	bɑɑ́l	boy
old-long-oxytone-nominals	f_7u647y76ultrc	f_7u647y76ultrc	5958	Sh	tɛl	oil
old-long-oxytone-nominals	f_23svgfvh74tuu	f_23svgfvh74tuu	12497	Sh	ʂíʂ	Head
old-long-oxytone-nominals	f_go3dktplkugbm	f_go3dktplkugbm	9216	Sh	baál	child
old-long-oxytone-nominals	f_q6rrbuwfxpmfq	f_q6rrbuwfxpmfq	5206	Sh	ǰaár	friend; lover
old-long-oxytone-nominals	f_mqg6itzc7km6m	f_mqg6itzc7km6m	3084	Sh	kɑ̀ɑl	year
old-long-oxytone-nominals	f_jpbl5j5obqeoo	f_jpbl5j5obqeoo	6849	Phal	dhumi	smoke
old-long-oxytone-nominals	f_k37awydaowfoy	f_k37awydaowfoy	6849	Sh	duúm	smoke
old-long-oxytone-nominals	f_4cjihf7fy32oq	f_4cjihf7fy32oq	5958	Sh	tɛl	oil
old-long-oxytone-nominals	f_z3mz5rh33yuhu	f_z3mz5rh33yuhu	6849	Sh	dùúm	smoke
old-long-oxytone-nominals	f_wby5bcnkpiwac	f_wby5bcnkpiwac#1	9216	Sh	bɑɑ́l	child; boy; child
old-long-oxytone-nominals	f_wby5bcnkpiwac	f_wby5bcnkpiwac#2	9216	Sh	baál	child; boy; child
old-long-oxytone-nominals	f_v2jo3tpkcjjfs	f_v2jo3tpkcjjfs	9216	Sh	bɑɑ́l	boy
old-long-oxytone-nominals	f_6ohynwziypomc	f_6ohynwziypomc	3084	Sh	kaál	year
old-long-oxytone-nominals	f_ecpktj3mx3h5y	f_ecpktj3mx3h5y	6849	Sh	duúm	smoke
old-long-oxytone-nominals	f_424shcbvqfm32	f_424shcbvqfm32	6849	Sh	duum	smoke
old-long-oxytone-nominals	f_dcln42fy37miq	f_dcln42fy37miq	9982	Sh	mós	Meat
old-long-oxytone-nominals	f_ix7oylng45dgw	f_ix7oylng45dgw	6849	Ush	d(h )um	smoke
old-long-oxytone-nominals	f_gdq2oqkjglv7w	f_gdq2oqkjglv7w	9216	Sh	bɑɑ́l	child
old-long-oxytone-nominals	f_xqink2l2ysfxw	f_xqink2l2ysfxw	12497	Kalk	ṣiṣ	head
old-long-oxytone-nominals	f_nyro73pdk25ri	f_nyro73pdk25ri	5958	Sh	tɛɛl	oil
old-long-oxytone-nominals	f_zz3fzjnzs5kos	f_zz3fzjnzs5kos	5958	Sh	tɛl	oil
old-long-oxytone-nominals	f_nbf5n4xh3lis6	f_nbf5n4xh3lis6	9982	Sh	moos	meat
old-long-oxytone-nominals	f_vom6hf2nwkuai	f_vom6hf2nwkuai	4336	Sh	goóṣ	house
old-long-oxytone-nominals	f_x2moir4rz3fdo	f_x2moir4rz3fdo	4531	Phal	ghrʹôṇ	stench
old-long-oxytone-nominals	f_fckikyqkpmuye	f_fckikyqkpmuye	9216	Sh	baál	child, boy
old-long-oxytone-nominals	f_5iygnsnw4rmri	f_5iygnsnw4rmri	4336	Sh	gooṣ̌	house
old-long-oxytone-nominals	f_sr4yveeliglwk	f_sr4yveeliglwk	4336	Sh	goṣ̌	house
old-long-oxytone-nominals	f_ftmjcx3jvp4z6	f_ftmjcx3jvp4z6	4336	Sh	goṣ̌	house
old-long-oxytone-nominals	f_zrser6h4kulza	f_zrser6h4kulza	4336	Sh	gooṣ̌	house
old-long-oxytone-nominals	f_xrlum6qu7q5zk	f_xrlum6qu7q5zk	12497	Sv	šeš	head
old-long-oxytone-nominals	f_jki46dou6fhoe	f_jki46dou6fhoe	4336	Sh	goṣ̌	house
old-long-oxytone-nominals	f_u6toseeaa3xzo	f_u6toseeaa3xzo	5958	Sh	tɛl	oil
old-long-oxytone-nominals	f_rrffh37jvd5ii	f_rrffh37jvd5ii	3084	Sh	kɑl	year
old-long-oxytone-nominals	f_gofkp5j2sqtei	f_gofkp5j2sqtei	12497	Sh	ṣĭ̃ṣu	fir-cone, ear of wheat
old-long-oxytone-nominals	f_hfw5fepuirsiq	f_hfw5fepuirsiq	12497	Sh	ṣ̌ɪṣ̌	head
old-long-oxytone-nominals	f_ixvivcvolbfem	f_ixvivcvolbfem	4336	Sh	goóṭ	house
old-long-oxytone-nominals	f_yhh4kycn25hqe	f_yhh4kycn25hqe	5958	Sh	tel	oil
old-long-oxytone-nominals	f_o4rqwpa6rkw2s	f_o4rqwpa6rkw2s	12497	Sh	ṣ̌ɪṣ̌	head
old-long-oxytone-nominals	f_iztcdcqde66u2	f_iztcdcqde66u2	9216	Sh	čuno bɑɑ́l	child
old-long-oxytone-nominals	f_j7tloqmk7idt6	f_j7tloqmk7idt6	3084	Sh	kɑl	year
old-long-oxytone-nominals	f_uaibqnqczsexw	f_uaibqnqczsexw	5206	Sh	j	
old-long-oxytone-nominals	f_bptz4zt3uauja	f_bptz4zt3uauja	12497	bro	ṣiṣ	head
old-long-oxytone-nominals	f_4z4oezpucqaty	f_4z4oezpucqaty	3084	Phal	saál	year
old-long-oxytone-nominals	f_e6oalovigjza4	f_e6oalovigjza4	9216	Sh	bɑ̀ɑ́l	boy
old-long-oxytone-nominals	f_izquqc5fnnlxu	f_izquqc5fnnlxu	12497	Sh	ṣiṣ	head
old-long-oxytone-nominals	f_oacduhvj5qp36	f_oacduhvj5qp36	3084	Sh	sɑl	year
old-long-oxytone-nominals	f_7ukv2mqysr26q	f_7ukv2mqysr26q	9216	Sh	bāl	
old-long-oxytone-nominals	f_fwrw66vnknddi	f_fwrw66vnknddi	3084	Sh	kɑɑl	year
old-long-oxytone-nominals	f_d3ohnccl2qwjc	f_d3ohnccl2qwjc	6849	Sh	duúm	smoke
old-long-oxytone-nominals	f_otoolkwq7a2us	f_otoolkwq7a2us	4336	Sh	gooṣ̌	house
old-long-oxytone-nominals	f_y6q3wojpwpnji	f_y6q3wojpwpnji	9982	Sh	mòóz	meat
old-long-oxytone-nominals	f_cq3roehq4esz6	f_cq3roehq4esz6	4336	Sh	goṭ	house
old-long-oxytone-nominals	f_tvlukxeskvu5a	f_tvlukxeskvu5a	9982	Sh	moós	flesh
old-long-oxytone-nominals	f_ct5gq4sp7hcou	f_ct5gq4sp7hcou	9216	Sh	čɑl bɑɑl	child
old-long-oxytone-nominals	f_i6stxaset6t32	f_i6stxaset6t32	9216	Sh	bɑɑl	child
old-long-oxytone-nominals	f_d7eem4aib3ht6	f_d7eem4aib3ht6	9216	Sh	bɑɑ́l	boy
old-long-oxytone-nominals	f_2ynq575rr7oga	f_2ynq575rr7oga	9216	Sh	bɑɑl	child
old-long-oxytone-nominals	f_mqklatzzxvsea	f_mqklatzzxvsea	3696	Phal	c̣hîʹr	milk
old-long-oxytone-nominals	f_gzeyulghm7fu6	f_gzeyulghm7fu6#1	12497	Sh	ṣĭṣ	head
old-long-oxytone-nominals	f_gzeyulghm7fu6	f_gzeyulghm7fu6#2	12497	Sh	ṣiṣ	head
old-long-oxytone-nominals	f_7ofk4wijguhba	f_7ofk4wijguhba	9982	Sv	mās	flesh
old-long-oxytone-nominals	f_3vffr3pfh7kwg	f_3vffr3pfh7kwg	12497	Sh	ṣ̌ɪṣ̌	head
