numeral	formation_class	language	analysis_token_id	record_id	form	gloss	family_id	source	dialect	outcome	exclusion	reading_issues	analysis
18	ten-compound-series	Phal	f_to76mhop6h5ny	f_to76mhop6h5ny	aṣṭṓš	eighteen	946	CDIAL		syllable-marked@-1			Palula aṣṭóoš/aṣṭáaš E corresponds to Kalkoti iṣṭaáš H2. Brokskat aṣṭõš also has final stress. The independent ten-compound series includes both mono- and polysyllabic modern words; its common Kalkoti H2 cannot be reduced to current syllable count.
18	ten-compound-series	Phal	f_pdt44yp6cutyo	f_pdt44yp6cutyo	ā́š	eighteen	946	CDIAL		syllable-marked@-1			Palula aṣṭóoš/aṣṭáaš E corresponds to Kalkoti iṣṭaáš H2. Brokskat aṣṭõš also has final stress. The independent ten-compound series includes both mono- and polysyllabic modern words; its common Kalkoti H2 cannot be reduced to current syllable count.
18	ten-compound-series	Sh	f_xnsj2hnhtmxae	f_xnsj2hnhtmxae	ẵṣṭáẽ	eighteen	946	CDIAL	dialect:Sh:gil:Gilgit	syllable-marked@position-unresolved		unequal-vowel-sequence	Palula aṣṭóoš/aṣṭáaš E corresponds to Kalkoti iṣṭaáš H2. Brokskat aṣṭõš also has final stress. The independent ten-compound series includes both mono- and polysyllabic modern words; its common Kalkoti H2 cannot be reduced to current syllable count.
18	ten-compound-series	Sh	f_4lmx6jg3bhbw6	f_4lmx6jg3bhbw6	aṣṭā́i	eighteen	946	CDIAL	dialect:Sh:koh:Kohistani	syllable-marked@position-unresolved		unequal-vowel-sequence	Palula aṣṭóoš/aṣṭáaš E corresponds to Kalkoti iṣṭaáš H2. Brokskat aṣṭõš also has final stress. The independent ten-compound series includes both mono- and polysyllabic modern words; its common Kalkoti H2 cannot be reduced to current syllable count.
18	ten-compound-series	Phal	f_cc4kwqzog2vbs	f_cc4kwqzog2vbs	aṣṭóoš	eighteen	946	liljegren		E@-1			Palula aṣṭóoš/aṣṭáaš E corresponds to Kalkoti iṣṭaáš H2. Brokskat aṣṭõš also has final stress. The independent ten-compound series includes both mono- and polysyllabic modern words; its common Kalkoti H2 cannot be reduced to current syllable count.
18	ten-compound-series	Phal	f_o6sre3bcleh5u	f_o6sre3bcleh5u	aṣṭáaš	eighteen	946	liljegren	dialect:Phal:biori:Biori	E@-1			Palula aṣṭóoš/aṣṭáaš E corresponds to Kalkoti iṣṭaáš H2. Brokskat aṣṭõš also has final stress. The independent ten-compound series includes both mono- and polysyllabic modern words; its common Kalkoti H2 cannot be reduced to current syllable count.
18	ten-compound-series	Phal	f_kqe64pbj6hoz6	f_kqe64pbj6hoz6	asṭʹôš	18	946	strand	dialect:Palula	E@-1			Palula aṣṭóoš/aṣṭáaš E corresponds to Kalkoti iṣṭaáš H2. Brokskat aṣṭõš also has final stress. The independent ten-compound series includes both mono- and polysyllabic modern words; its common Kalkoti H2 cannot be reduced to current syllable count.
19	nineteen-comparison	Sv	f_uhhefo723ybry	f_uhhefo723ybry	ũṛī́š	19	2411	CDIAL		syllable-marked@-1			Palula aṇabhiíš L and Kalkoti änbíiš H1 contain the twenty element, unlike 11–18 ten compounds. Their correspondence matches Palula bhiíš L/Kalkoti bíiš H1 twenty. Shina kuniih and Brokskat kunjaa have different one-less formations, so no identical whole-compound accent history is assumed.
19	nineteen-comparison	Phal	f_6eowhhn2kqhui	f_6eowhhn2kqhui	aṇabhī́š	19	2411	CDIAL		syllable-marked@-1			Palula aṇabhiíš L and Kalkoti änbíiš H1 contain the twenty element, unlike 11–18 ten compounds. Their correspondence matches Palula bhiíš L/Kalkoti bíiš H1 twenty. Shina kuniih and Brokskat kunjaa have different one-less formations, so no identical whole-compound accent history is assumed.
19	nineteen-comparison	Phal	f_g3otitvt6nhqg	f_g3otitvt6nhqg	aṇabhiíš	nineteen	2411	liljegren		L@-1			Palula aṇabhiíš L and Kalkoti änbíiš H1 contain the twenty element, unlike 11–18 ten compounds. Their correspondence matches Palula bhiíš L/Kalkoti bíiš H1 twenty. Shina kuniih and Brokskat kunjaa have different one-less formations, so no identical whole-compound accent history is assumed.
19	nineteen-comparison	Phal	f_65rmzwpxphwua	f_65rmzwpxphwua	aṇabhîʹš	19	2411	strand	dialect:Palula	L@-1			Palula aṇabhiíš L and Kalkoti änbíiš H1 contain the twenty element, unlike 11–18 ten compounds. Their correspondence matches Palula bhiíš L/Kalkoti bíiš H1 twenty. Shina kuniih and Brokskat kunjaa have different one-less formations, so no identical whole-compound accent history is assumed.
11	ten-compound-series	Sv	f_qvkqpi6ocobek	f_qvkqpi6ocobek	yakā́š	eleven	2485	CDIAL		syllable-marked@-1			Palula akóoš/akáaš has E in the final syllable; Kalkoti äkaáš has H2. Brokskat qudeš has initial stress and a distinct compound shape; Kundal yagáy marks final prominence without a recoverable mora contrast.
11	ten-compound-series	Phal	f_k2c6lonlpqule	f_k2c6lonlpqule	akā́š	eleven	2485	CDIAL		syllable-marked@-1			Palula akóoš/akáaš has E in the final syllable; Kalkoti äkaáš has H2. Brokskat qudeš has initial stress and a distinct compound shape; Kundal yagáy marks final prominence without a recoverable mora contrast.
11	ten-compound-series	Phal	f_ppckq73f4r6tw	f_ppckq73f4r6tw	°ōš	eleven	2485	CDIAL		unmarked			Palula akóoš/akáaš has E in the final syllable; Kalkoti äkaáš has H2. Brokskat qudeš has initial stress and a distinct compound shape; Kundal yagáy marks final prominence without a recoverable mora contrast.
11	ten-compound-series	Sh	f_guq2pgbb5rpmm	f_guq2pgbb5rpmm	ăkāĭ	eleven	2485	CDIAL		unmarked		unequal-vowel-sequence	Palula akóoš/akáaš has E in the final syllable; Kalkoti äkaáš has H2. Brokskat qudeš has initial stress and a distinct compound shape; Kundal yagáy marks final prominence without a recoverable mora contrast.
11	ten-compound-series	Kalk	f_oabba3p3pwnwk	f_oabba3p3pwnwk	akaaš	eleven	2485	kalkoti	dialect:Kalk:HKAT-xka:Kalkot%20%28HKAT%29	unmarked			Palula akóoš/akáaš has E in the final syllable; Kalkoti äkaáš has H2. Brokskat qudeš has initial stress and a distinct compound shape; Kundal yagáy marks final prominence without a recoverable mora contrast.
11	ten-compound-series	Kund	f_5k7wd6eaolepg	f_5k7wd6eaolepg	yagáy	eleven	2485	kund		H-marked			Palula akóoš/akáaš has E in the final syllable; Kalkoti äkaáš has H2. Brokskat qudeš has initial stress and a distinct compound shape; Kundal yagáy marks final prominence without a recoverable mora contrast.
11	ten-compound-series	Phal	f_ry3n7zva57zx2	f_ry3n7zva57zx2	akóoš	eleven	2485	liljegren		E@-1			Palula akóoš/akáaš has E in the final syllable; Kalkoti äkaáš has H2. Brokskat qudeš has initial stress and a distinct compound shape; Kundal yagáy marks final prominence without a recoverable mora contrast.
11	ten-compound-series	Phal	f_564q6wqzzap4c	f_564q6wqzzap4c	akáaš	eleven	2485	liljegren	dialect:Phal:biori:Biori	E@-1			Palula akóoš/akáaš has E in the final syllable; Kalkoti äkaáš has H2. Brokskat qudeš has initial stress and a distinct compound shape; Kundal yagáy marks final prominence without a recoverable mora contrast.
11	ten-compound-series	Phal	f_rxlntzehh2t2g	f_rxlntzehh2t2g	akʹôš	11	2485	strand	dialect:Palula	E@-1			Palula akóoš/akáaš has E in the final syllable; Kalkoti äkaáš has H2. Brokskat qudeš has initial stress and a distinct compound shape; Kundal yagáy marks final prominence without a recoverable mora contrast.
11	ten-compound-series	Sh	f_dopcvu4ypvsju	f_dopcvu4ypvsju	ʌˈkɑi	eleven	2485	backstrom1992	dialect:Sh:Gupis:Gupis	stress-marked@position-unresolved		unequal-vowel-sequence	Palula akóoš/akáaš has E in the final syllable; Kalkoti äkaáš has H2. Brokskat qudeš has initial stress and a distinct compound shape; Kundal yagáy marks final prominence without a recoverable mora contrast.
11	ten-compound-series	Sh	f_u3hfcyi7gdguo	f_u3hfcyi7gdguo	ɛˈkɑi	eleven	2485	backstrom1992	dialect:Sh:punl:Puniali	stress-marked@position-unresolved		unequal-vowel-sequence	Palula akóoš/akáaš has E in the final syllable; Kalkoti äkaáš has H2. Brokskat qudeš has initial stress and a distinct compound shape; Kundal yagáy marks final prominence without a recoverable mora contrast.
11	ten-compound-series	Sh	f_n2aeriawhbvwi	f_n2aeriawhbvwi	ɪˈkɑi	eleven	2485	backstrom1992	dialect:Sh:HunzaNasirabad:Hunza	stress-marked@position-unresolved		unequal-vowel-sequence	Palula akóoš/akáaš has E in the final syllable; Kalkoti äkaáš has H2. Brokskat qudeš has initial stress and a distinct compound shape; Kundal yagáy marks final prominence without a recoverable mora contrast.
11	ten-compound-series	Sh	f_ypf52iwreyive	f_ypf52iwreyive	ɪˈkɑi	eleven	2485	backstrom1992	dialect:Sh:NagarThol:Nagar%20%28Thol%29	stress-marked@position-unresolved		unequal-vowel-sequence	Palula akóoš/akáaš has E in the final syllable; Kalkoti äkaáš has H2. Brokskat qudeš has initial stress and a distinct compound shape; Kundal yagáy marks final prominence without a recoverable mora contrast.
11	ten-compound-series	Sh	f_gqw6e2gxuczd2	f_gqw6e2gxuczd2	ʌˈkɑi	eleven	2485	backstrom1992	dialect:Sh:NagarChalt:Nagar%20%28Chalt%29	stress-marked@position-unresolved		unequal-vowel-sequence	Palula akóoš/akáaš has E in the final syllable; Kalkoti äkaáš has H2. Brokskat qudeš has initial stress and a distinct compound shape; Kundal yagáy marks final prominence without a recoverable mora contrast.
11	ten-compound-series	Sh	f_hzgvmmlmsjdp4	f_hzgvmmlmsjdp4	ʌˈkɑi	eleven	2485	backstrom1992	dialect:Sh:gil:Gilgit	stress-marked@position-unresolved		unequal-vowel-sequence	Palula akóoš/akáaš has E in the final syllable; Kalkoti äkaáš has H2. Brokskat qudeš has initial stress and a distinct compound shape; Kundal yagáy marks final prominence without a recoverable mora contrast.
11	ten-compound-series	Sh	f_hhthldf4yx3lw	f_hhthldf4yx3lw	ɛˈkɑi	eleven	2485	backstrom1992	dialect:Sh:Haramosh:Haramosh	stress-marked@position-unresolved		unequal-vowel-sequence	Palula akóoš/akáaš has E in the final syllable; Kalkoti äkaáš has H2. Brokskat qudeš has initial stress and a distinct compound shape; Kundal yagáy marks final prominence without a recoverable mora contrast.
11	ten-compound-series	Sh	f_c62l2yuah4uka	f_c62l2yuah4uka	ɛˈkɑi	eleven	2485	backstrom1992	dialect:Sh:Bagrot:Bagrot	stress-marked@position-unresolved		unequal-vowel-sequence	Palula akóoš/akáaš has E in the final syllable; Kalkoti äkaáš has H2. Brokskat qudeš has initial stress and a distinct compound shape; Kundal yagáy marks final prominence without a recoverable mora contrast.
11	ten-compound-series	Sh	f_htuo6mafmlgww	f_htuo6mafmlgww	i̱ˈkɑi	eleven	2485	backstrom1992	dialect:Sh:Bunji:Bunji	stress-marked@position-unresolved		unequal-vowel-sequence	Palula akóoš/akáaš has E in the final syllable; Kalkoti äkaáš has H2. Brokskat qudeš has initial stress and a distinct compound shape; Kundal yagáy marks final prominence without a recoverable mora contrast.
11	ten-compound-series	Sh	f_ygfjvrkbjmtqm	f_ygfjvrkbjmtqm	ɪˈkɑi	eleven	2485	backstrom1992	dialect:Sh:Rondu:Rondu	stress-marked@position-unresolved		unequal-vowel-sequence	Palula akóoš/akáaš has E in the final syllable; Kalkoti äkaáš has H2. Brokskat qudeš has initial stress and a distinct compound shape; Kundal yagáy marks final prominence without a recoverable mora contrast.
11	ten-compound-series	Sh	f_jpctovgcmtf6u	f_jpctovgcmtf6u	ʌkɑⁱ	eleven	2485	backstrom1992	dialect:Sh:Gahorabad:Chilas%20%28Gahorabad%29	unmarked			Palula akóoš/akáaš has E in the final syllable; Kalkoti äkaáš has H2. Brokskat qudeš has initial stress and a distinct compound shape; Kundal yagáy marks final prominence without a recoverable mora contrast.
11	ten-compound-series	Sh	f_zow4i3iwrtj2w	f_zow4i3iwrtj2w	ʌˈkɑi	eleven	2485	backstrom1992	dialect:Sh:DashkinAstor:Astor%20%28Dashkin%29	stress-marked@position-unresolved		unequal-vowel-sequence	Palula akóoš/akáaš has E in the final syllable; Kalkoti äkaáš has H2. Brokskat qudeš has initial stress and a distinct compound shape; Kundal yagáy marks final prominence without a recoverable mora contrast.
11	ten-compound-series	Sh	f_l634pg6tlbdlm	f_l634pg6tlbdlm	ʌˈkɑi	eleven	2485	backstrom1992	dialect:Sh:Astor:Astor	stress-marked@position-unresolved		unequal-vowel-sequence	Palula akóoš/akáaš has E in the final syllable; Kalkoti äkaáš has H2. Brokskat qudeš has initial stress and a distinct compound shape; Kundal yagáy marks final prominence without a recoverable mora contrast.
11	ten-compound-series	Sh	f_5yjwaibopsdc4	f_5yjwaibopsdc4	ʌˈkɑⁱ	eleven	2485	backstrom1992	dialect:Sh:KachuraJel:Kachura	stress-marked@-1			Palula akóoš/akáaš has E in the final syllable; Kalkoti äkaáš has H2. Brokskat qudeš has initial stress and a distinct compound shape; Kundal yagáy marks final prominence without a recoverable mora contrast.
11	ten-compound-series	Sh	f_ag2kobxvv4am2	f_ag2kobxvv4am2	ʌˈkɑⁱ	eleven	2485	backstrom1992	dialect:Sh:Satpara:Satpara	stress-marked@-1			Palula akóoš/akáaš has E in the final syllable; Kalkoti äkaáš has H2. Brokskat qudeš has initial stress and a distinct compound shape; Kundal yagáy marks final prominence without a recoverable mora contrast.
11	ten-compound-series	Sh	f_5rcfw3o2fnjyc	f_5rcfw3o2fnjyc	ʌˈkɑi	eleven	2485	backstrom1992	dialect:Sh:Gultari:Gultari	stress-marked@position-unresolved		unequal-vowel-sequence	Palula akóoš/akáaš has E in the final syllable; Kalkoti äkaáš has H2. Brokskat qudeš has initial stress and a distinct compound shape; Kundal yagáy marks final prominence without a recoverable mora contrast.
11	ten-compound-series	Sh	f_tnbrqel54k672	f_tnbrqel54k672	ʌˈkɑi	eleven	2485	backstrom1992	dialect:Sh:Kharmang:Kharmang	stress-marked@position-unresolved		unequal-vowel-sequence	Palula akóoš/akáaš has E in the final syllable; Kalkoti äkaáš has H2. Brokskat qudeš has initial stress and a distinct compound shape; Kundal yagáy marks final prominence without a recoverable mora contrast.
11	ten-compound-series	Sh	f_7yqkcmek7c7ai	f_7yqkcmek7c7ai	ʌˈkɑi	eleven	2485	backstrom1992	dialect:Sh:dr:Dras	stress-marked@position-unresolved		unequal-vowel-sequence	Palula akóoš/akáaš has E in the final syllable; Kalkoti äkaáš has H2. Brokskat qudeš has initial stress and a distinct compound shape; Kundal yagáy marks final prominence without a recoverable mora contrast.
11	ten-compound-series	Sh	f_kgnvu7lfdgdjg	f_kgnvu7lfdgdjg	ʌˈkɑⁱ	eleven	2485	backstrom1992	dialect:Sh:ChilasKhinar:Chilas%20%28Khinar%29	stress-marked@-1			Palula akóoš/akáaš has E in the final syllable; Kalkoti äkaáš has H2. Brokskat qudeš has initial stress and a distinct compound shape; Kundal yagáy marks final prominence without a recoverable mora contrast.
11	ten-compound-series	Sh	f_hvhi5p3wygl2i	f_hvhi5p3wygl2i	ʌˈkɑⁱ	eleven	2485	backstrom1992	dialect:Sh:ChilasJelil:Chilas%20%28Jelil%29	stress-marked@-1			Palula akóoš/akáaš has E in the final syllable; Kalkoti äkaáš has H2. Brokskat qudeš has initial stress and a distinct compound shape; Kundal yagáy marks final prominence without a recoverable mora contrast.
11	ten-compound-series	Sh	f_zirq6sk5zu434	f_zirq6sk5zu434	ʌˈkɑi	eleven	2485	backstrom1992	dialect:Sh:Darel:Darel	stress-marked@position-unresolved		unequal-vowel-sequence	Palula akóoš/akáaš has E in the final syllable; Kalkoti äkaáš has H2. Brokskat qudeš has initial stress and a distinct compound shape; Kundal yagáy marks final prominence without a recoverable mora contrast.
11	ten-compound-series	Sh	f_gfixnm3476qg6	f_gfixnm3476qg6	ʌˈkɑⁱ	eleven	2485	backstrom1992	dialect:Sh:Tangir:Tangir	stress-marked@-1			Palula akóoš/akáaš has E in the final syllable; Kalkoti äkaáš has H2. Brokskat qudeš has initial stress and a distinct compound shape; Kundal yagáy marks final prominence without a recoverable mora contrast.
11	ten-compound-series	Sh	f_cn3wcwfjszlce	f_cn3wcwfjszlce	ʌˈkɑⁱ	eleven	2485	backstrom1992	dialect:Sh:Sazin:Sazin	stress-marked@-1			Palula akóoš/akáaš has E in the final syllable; Kalkoti äkaáš has H2. Brokskat qudeš has initial stress and a distinct compound shape; Kundal yagáy marks final prominence without a recoverable mora contrast.
11	ten-compound-series	Sh	f_3zlpxvxdpqxb4	f_3zlpxvxdpqxb4	ʌˈkɑⁱ	eleven	2485	backstrom1992	dialect:Sh:Harban:Harban	stress-marked@-1			Palula akóoš/akáaš has E in the final syllable; Kalkoti äkaáš has H2. Brokskat qudeš has initial stress and a distinct compound shape; Kundal yagáy marks final prominence without a recoverable mora contrast.
11	ten-compound-series	Sh	f_xctenf62pylhq	f_xctenf62pylhq	ʌˈkɑi	eleven	2485	backstrom1992	dialect:Sh:Jalkot:Jalkot	stress-marked@position-unresolved		unequal-vowel-sequence	Palula akóoš/akáaš has E in the final syllable; Kalkoti äkaáš has H2. Brokskat qudeš has initial stress and a distinct compound shape; Kundal yagáy marks final prominence without a recoverable mora contrast.
11	ten-compound-series	Sh	f_zmgvdhc4ukali	f_zmgvdhc4ukali	ɑˈkɑⁱ	eleven	2485	backstrom1992	dialect:Sh:pales:Palesi	stress-marked@-1			Palula akóoš/akáaš has E in the final syllable; Kalkoti äkaáš has H2. Brokskat qudeš has initial stress and a distinct compound shape; Kundal yagáy marks final prominence without a recoverable mora contrast.
11	ten-compound-series	Sh	f_kal25xer4f6qc	f_kal25xer4f6qc	ɑˈkɑi	eleven	2485	backstrom1992	dialect:Sh:Kolai:Kolai	stress-marked@position-unresolved		unequal-vowel-sequence	Palula akóoš/akáaš has E in the final syllable; Kalkoti äkaáš has H2. Brokskat qudeš has initial stress and a distinct compound shape; Kundal yagáy marks final prominence without a recoverable mora contrast.
11	ten-compound-series	Sh	f_4pkfqmryhv6gs	f_4pkfqmryhv6gs	akáai	eleven	2485	schmidt	dialect:Sh:koh:Kohistani	vowel-sequence-marked@position-unresolved		unequal-vowel-sequence	Palula akóoš/akáaš has E in the final syllable; Kalkoti äkaáš has H2. Brokskat qudeš has initial stress and a distinct compound shape; Kundal yagáy marks final prominence without a recoverable mora contrast.
11	ten-compound-series	Sh	f_zwapa36frc6he	f_zwapa36frc6he	akáai	eleven	2485	schmidt	dialect:Sh:gur:Guresi	vowel-sequence-marked@position-unresolved		unequal-vowel-sequence	Palula akóoš/akáaš has E in the final syllable; Kalkoti äkaáš has H2. Brokskat qudeš has initial stress and a distinct compound shape; Kundal yagáy marks final prominence without a recoverable mora contrast.
11	ten-compound-series	Sh	f_l7n2psgu4unoy	f_l7n2psgu4unoy	akáai	eleven	2485	schmidt	dialect:Sh:Astor:Astor	vowel-sequence-marked@position-unresolved		unequal-vowel-sequence	Palula akóoš/akáaš has E in the final syllable; Kalkoti äkaáš has H2. Brokskat qudeš has initial stress and a distinct compound shape; Kundal yagáy marks final prominence without a recoverable mora contrast.
19	nineteen-comparison	Sh	f_3yl4v7gwle5u2	f_3yl4v7gwle5u2	kŭnīh	19	2499	CDIAL	dialect:Sh:gil:Gilgit	unmarked			Palula aṇabhiíš L and Kalkoti änbíiš H1 contain the twenty element, unlike 11–18 ten compounds. Their correspondence matches Palula bhiíš L/Kalkoti bíiš H1 twenty. Shina kuniih and Brokskat kunjaa have different one-less formations, so no identical whole-compound accent history is assumed.
19	nineteen-comparison	Sh	f_kfk44a4qrcpjg	f_kfk44a4qrcpjg	ukənīh	19	2499	CDIAL	dialect:Sh:pales:Palesi	unmarked			Palula aṇabhiíš L and Kalkoti änbíiš H1 contain the twenty element, unlike 11–18 ten compounds. Their correspondence matches Palula bhiíš L/Kalkoti bíiš H1 twenty. Shina kuniih and Brokskat kunjaa have different one-less formations, so no identical whole-compound accent history is assumed.
14	ten-compound-series	Sv	f_l77z3rzpr3t2m	f_l77z3rzpr3t2m	čadī́š	fourteen	4605	CDIAL		syllable-marked@-1			Palula čandíiš/čandéeš E corresponds to Kalkoti čändeéš H2. Shina includes initial-long, medial-short and final-short marked variants, with different syllable reductions. Brokskat cuudeš and Ushojo cadʌš have initial stress; the western High pattern is not universal Shinaic final stress.
14	ten-compound-series	Phal	f_cvgcfx6agdcqk	f_cvgcfx6agdcqk	čandḗš	fourteen	4605	CDIAL		syllable-marked@-1			Palula čandíiš/čandéeš E corresponds to Kalkoti čändeéš H2. Shina includes initial-long, medial-short and final-short marked variants, with different syllable reductions. Brokskat cuudeš and Ushojo cadʌš have initial stress; the western High pattern is not universal Shinaic final stress.
14	ten-compound-series	Sh	f_ulgekdwb5jzje	f_ulgekdwb5jzje	čondai	fourteen	4605	CDIAL		unmarked		unequal-vowel-sequence	Palula čandíiš/čandéeš E corresponds to Kalkoti čändeéš H2. Shina includes initial-long, medial-short and final-short marked variants, with different syllable reductions. Brokskat cuudeš and Ushojo cadʌš have initial stress; the western High pattern is not universal Shinaic final stress.
14	ten-compound-series	Sh	f_qytlgujhuyfns	f_qytlgujhuyfns	čahúndēī	fourteen	4605	CDIAL	dialect:Sh:pales:Palesi	syllable-marked@position-unresolved		unequal-vowel-sequence	Palula čandíiš/čandéeš E corresponds to Kalkoti čändeéš H2. Shina includes initial-long, medial-short and final-short marked variants, with different syllable reductions. Brokskat cuudeš and Ushojo cadʌš have initial stress; the western High pattern is not universal Shinaic final stress.
14	ten-compound-series	Phal	f_fd7tddjso7t6o	f_fd7tddjso7t6o	čandíiš	fourteen	4605	liljegren		E@-1			Palula čandíiš/čandéeš E corresponds to Kalkoti čändeéš H2. Shina includes initial-long, medial-short and final-short marked variants, with different syllable reductions. Brokskat cuudeš and Ushojo cadʌš have initial stress; the western High pattern is not universal Shinaic final stress.
14	ten-compound-series	Phal	f_zy5mckwbbsc62	f_zy5mckwbbsc62	čandéeš	fourteen	4605	liljegren	dialect:Phal:biori:Biori	E@-1			Palula čandíiš/čandéeš E corresponds to Kalkoti čändeéš H2. Shina includes initial-long, medial-short and final-short marked variants, with different syllable reductions. Brokskat cuudeš and Ushojo cadʌš have initial stress; the western High pattern is not universal Shinaic final stress.
13	ten-compound-series	Sh	f_qrgepqhhfzrry	f_qrgepqhhfzrry	c̣õi	thirteen	6001	CDIAL	dialect:Sh:gil:Gilgit	unmarked		unequal-vowel-sequence	Palula tríiš/tréeš E versus Kalkoti treéš H2 belongs to the same ten-compound pattern as twelve. Brokskat trobeš is unmarked in print, not assigned initial stress by analogy. Shina often contracts to a vowel sequence or monosyllable.
13	ten-compound-series	Sh	f_gnmurufhwwe5u	f_gnmurufhwwe5u	ṭṛōī	thirteen	6001	CDIAL	dialect:Sh:pales:Palesi	unmarked		unequal-vowel-sequence	Palula tríiš/tréeš E versus Kalkoti treéš H2 belongs to the same ten-compound pattern as twelve. Brokskat trobeš is unmarked in print, not assigned initial stress by analogy. Shina often contracts to a vowel sequence or monosyllable.
13	ten-compound-series	Sh	f_mi56cdd3ijux4	f_mi56cdd3ijux4	c̣ṷäi	thirteen	6001	CDIAL	dialect:Sh:jij:Jijelut	unmarked		unequal-vowel-sequence	Palula tríiš/tréeš E versus Kalkoti treéš H2 belongs to the same ten-compound pattern as twelve. Brokskat trobeš is unmarked in print, not assigned initial stress by analogy. Shina often contracts to a vowel sequence or monosyllable.
13	ten-compound-series	Phal	f_ewzpbbjprv3hu	f_ewzpbbjprv3hu	tríiš	thirteen	6001	liljegren		E@-1			Palula tríiš/tréeš E versus Kalkoti treéš H2 belongs to the same ten-compound pattern as twelve. Brokskat trobeš is unmarked in print, not assigned initial stress by analogy. Shina often contracts to a vowel sequence or monosyllable.
13	ten-compound-series	Phal	f_gb7ebqif4o4vm	f_gb7ebqif4o4vm	tréeš	thirteen	6001	liljegren	dialect:Phal:biori:Biori	E@-1			Palula tríiš/tréeš E versus Kalkoti treéš H2 belongs to the same ten-compound pattern as twelve. Brokskat trobeš is unmarked in print, not assigned initial stress by analogy. Shina often contracts to a vowel sequence or monosyllable.
13	ten-compound-series	Phal	f_eqodmd74kle4y	f_eqodmd74kle4y	trʹîš	13	6001	strand	dialect:Palula	E@-1			Palula tríiš/tréeš E versus Kalkoti treéš H2 belongs to the same ten-compound pattern as twelve. Brokskat trobeš is unmarked in print, not assigned initial stress by analogy. Shina often contracts to a vowel sequence or monosyllable.
12	ten-compound-series	Sv	f_iguojyyhxhcdi	f_iguojyyhxhcdi	baš	twelve	6658	CDIAL		unmarked			Palula bóoš/báaš E versus Kalkoti baáš H2 is a real exception to the simple monosyllabic E→zero mapping, but it agrees with the independent ten-compound series. Shina baai vowel sequences require source-specific interpretation; Brokskat budeš has initial stress.
12	ten-compound-series	Sv	f_kuex3f67nbysq	f_kuex3f67nbysq	bāš	twelve	6658	CDIAL		unmarked			Palula bóoš/báaš E versus Kalkoti baáš H2 is a real exception to the simple monosyllabic E→zero mapping, but it agrees with the independent ten-compound series. Shina baai vowel sequences require source-specific interpretation; Brokskat budeš has initial stress.
12	ten-compound-series	Phal	f_3vili47nncy5g	f_3vili47nncy5g	bāš	twelve	6658	CDIAL		unmarked			Palula bóoš/báaš E versus Kalkoti baáš H2 is a real exception to the simple monosyllabic E→zero mapping, but it agrees with the independent ten-compound series. Shina baai vowel sequences require source-specific interpretation; Brokskat budeš has initial stress.
12	ten-compound-series	Phal	f_xbs3ooub6faaw	f_xbs3ooub6faaw	bōš	twelve	6658	CDIAL		unmarked			Palula bóoš/báaš E versus Kalkoti baáš H2 is a real exception to the simple monosyllabic E→zero mapping, but it agrees with the independent ten-compound series. Shina baai vowel sequences require source-specific interpretation; Brokskat budeš has initial stress.
12	ten-compound-series	Sh	f_mqdbeqm2iv7eq	f_mqdbeqm2iv7eq	bāĭ	twelve	6658	CDIAL		unmarked		unequal-vowel-sequence	Palula bóoš/báaš E versus Kalkoti baáš H2 is a real exception to the simple monosyllabic E→zero mapping, but it agrees with the independent ten-compound series. Shina baai vowel sequences require source-specific interpretation; Brokskat budeš has initial stress.
12	ten-compound-series	Kalk	f_dvap6kvq7atdu	f_dvap6kvq7atdu	baaš	twelve	6658	kalkoti	dialect:Kalk:HKAT-xka:Kalkot%20%28HKAT%29	unmarked			Palula bóoš/báaš E versus Kalkoti baáš H2 is a real exception to the simple monosyllabic E→zero mapping, but it agrees with the independent ten-compound series. Shina baai vowel sequences require source-specific interpretation; Brokskat budeš has initial stress.
12	ten-compound-series	Kund	f_livj7ckxplybk	f_livj7ckxplybk	bay	twelve	6658	kund		unmarked			Palula bóoš/báaš E versus Kalkoti baáš H2 is a real exception to the simple monosyllabic E→zero mapping, but it agrees with the independent ten-compound series. Shina baai vowel sequences require source-specific interpretation; Brokskat budeš has initial stress.
12	ten-compound-series	Phal	f_iu5minc42dt7i	f_iu5minc42dt7i	bóoš	twelve	6658	liljegren		E@-1			Palula bóoš/báaš E versus Kalkoti baáš H2 is a real exception to the simple monosyllabic E→zero mapping, but it agrees with the independent ten-compound series. Shina baai vowel sequences require source-specific interpretation; Brokskat budeš has initial stress.
12	ten-compound-series	Phal	f_t3rtsjdzmtrqw	f_t3rtsjdzmtrqw	báaš	twelve	6658	liljegren	dialect:Phal:biori:Biori	E@-1			Palula bóoš/báaš E versus Kalkoti baáš H2 is a real exception to the simple monosyllabic E→zero mapping, but it agrees with the independent ten-compound series. Shina baai vowel sequences require source-specific interpretation; Brokskat budeš has initial stress.
12	ten-compound-series	Phal	f_7ucixmjfskyis	f_7ucixmjfskyis	bʹôš	12	6658	strand	dialect:Palula	E@-1			Palula bóoš/báaš E versus Kalkoti baáš H2 is a real exception to the simple monosyllabic E→zero mapping, but it agrees with the independent ten-compound series. Shina baai vowel sequences require source-specific interpretation; Brokskat budeš has initial stress.
12	ten-compound-series	Sh	f_hpscku7ha3w4o	f_hpscku7ha3w4o	bɑi	twelve	6658	backstrom1992	dialect:Sh:Gupis:Gupis	unmarked		unequal-vowel-sequence	Palula bóoš/báaš E versus Kalkoti baáš H2 is a real exception to the simple monosyllabic E→zero mapping, but it agrees with the independent ten-compound series. Shina baai vowel sequences require source-specific interpretation; Brokskat budeš has initial stress.
12	ten-compound-series	Sh	f_z5tuh2qvibcei	f_z5tuh2qvibcei	bɑi	twelve	6658	backstrom1992	dialect:Sh:punl:Puniali	unmarked		unequal-vowel-sequence	Palula bóoš/báaš E versus Kalkoti baáš H2 is a real exception to the simple monosyllabic E→zero mapping, but it agrees with the independent ten-compound series. Shina baai vowel sequences require source-specific interpretation; Brokskat budeš has initial stress.
12	ten-compound-series	Sh	f_zahwkylghpnns	f_zahwkylghpnns	bɑi	twelve	6658	backstrom1992	dialect:Sh:HunzaNasirabad:Hunza	unmarked		unequal-vowel-sequence	Palula bóoš/báaš E versus Kalkoti baáš H2 is a real exception to the simple monosyllabic E→zero mapping, but it agrees with the independent ten-compound series. Shina baai vowel sequences require source-specific interpretation; Brokskat budeš has initial stress.
12	ten-compound-series	Sh	f_xyjet7r7uetqu	f_xyjet7r7uetqu	ˈbɑi	twelve	6658	backstrom1992	dialect:Sh:NagarThol:Nagar%20%28Thol%29	stress-marked@position-unresolved		unequal-vowel-sequence	Palula bóoš/báaš E versus Kalkoti baáš H2 is a real exception to the simple monosyllabic E→zero mapping, but it agrees with the independent ten-compound series. Shina baai vowel sequences require source-specific interpretation; Brokskat budeš has initial stress.
12	ten-compound-series	Sh	f_7n3r4ezbl4k2m	f_7n3r4ezbl4k2m	bɑi	twelve	6658	backstrom1992	dialect:Sh:NagarChalt:Nagar%20%28Chalt%29	unmarked		unequal-vowel-sequence	Palula bóoš/báaš E versus Kalkoti baáš H2 is a real exception to the simple monosyllabic E→zero mapping, but it agrees with the independent ten-compound series. Shina baai vowel sequences require source-specific interpretation; Brokskat budeš has initial stress.
12	ten-compound-series	Sh	f_aq5cvqeonl3eg	f_aq5cvqeonl3eg	ˈbɑi	twelve	6658	backstrom1992	dialect:Sh:gil:Gilgit	stress-marked@position-unresolved		unequal-vowel-sequence	Palula bóoš/báaš E versus Kalkoti baáš H2 is a real exception to the simple monosyllabic E→zero mapping, but it agrees with the independent ten-compound series. Shina baai vowel sequences require source-specific interpretation; Brokskat budeš has initial stress.
12	ten-compound-series	Sh	f_ovqcpwvumrcuu	f_ovqcpwvumrcuu	bɑi	twelve	6658	backstrom1992	dialect:Sh:Haramosh:Haramosh	unmarked		unequal-vowel-sequence	Palula bóoš/báaš E versus Kalkoti baáš H2 is a real exception to the simple monosyllabic E→zero mapping, but it agrees with the independent ten-compound series. Shina baai vowel sequences require source-specific interpretation; Brokskat budeš has initial stress.
12	ten-compound-series	Sh	f_brd4x6rf6eavw	f_brd4x6rf6eavw	ˈbɑi	twelve	6658	backstrom1992	dialect:Sh:Bagrot:Bagrot	stress-marked@position-unresolved		unequal-vowel-sequence	Palula bóoš/báaš E versus Kalkoti baáš H2 is a real exception to the simple monosyllabic E→zero mapping, but it agrees with the independent ten-compound series. Shina baai vowel sequences require source-specific interpretation; Brokskat budeš has initial stress.
12	ten-compound-series	Sh	f_kirt2t5pxgqes	f_kirt2t5pxgqes	bɑi	twelve	6658	backstrom1992	dialect:Sh:Bunji:Bunji	unmarked		unequal-vowel-sequence	Palula bóoš/báaš E versus Kalkoti baáš H2 is a real exception to the simple monosyllabic E→zero mapping, but it agrees with the independent ten-compound series. Shina baai vowel sequences require source-specific interpretation; Brokskat budeš has initial stress.
12	ten-compound-series	Sh	f_p27bx6o5hszky	f_p27bx6o5hszky	bɑi	twelve	6658	backstrom1992	dialect:Sh:Rondu:Rondu	unmarked		unequal-vowel-sequence	Palula bóoš/báaš E versus Kalkoti baáš H2 is a real exception to the simple monosyllabic E→zero mapping, but it agrees with the independent ten-compound series. Shina baai vowel sequences require source-specific interpretation; Brokskat budeš has initial stress.
12	ten-compound-series	Sh	f_ib7efzcxmfig4	f_ib7efzcxmfig4	bɑⁱ	twelve	6658	backstrom1992	dialect:Sh:Gahorabad:Chilas%20%28Gahorabad%29	unmarked			Palula bóoš/báaš E versus Kalkoti baáš H2 is a real exception to the simple monosyllabic E→zero mapping, but it agrees with the independent ten-compound series. Shina baai vowel sequences require source-specific interpretation; Brokskat budeš has initial stress.
12	ten-compound-series	Sh	f_d7c22clye3h3m	f_d7c22clye3h3m	ˈbɑi	twelve	6658	backstrom1992	dialect:Sh:DashkinAstor:Astor%20%28Dashkin%29	stress-marked@position-unresolved		unequal-vowel-sequence	Palula bóoš/báaš E versus Kalkoti baáš H2 is a real exception to the simple monosyllabic E→zero mapping, but it agrees with the independent ten-compound series. Shina baai vowel sequences require source-specific interpretation; Brokskat budeš has initial stress.
12	ten-compound-series	Sh	f_kxrkul2csq5ve	f_kxrkul2csq5ve	ˈbɑi	twelve	6658	backstrom1992	dialect:Sh:Astor:Astor	stress-marked@position-unresolved		unequal-vowel-sequence	Palula bóoš/báaš E versus Kalkoti baáš H2 is a real exception to the simple monosyllabic E→zero mapping, but it agrees with the independent ten-compound series. Shina baai vowel sequences require source-specific interpretation; Brokskat budeš has initial stress.
12	ten-compound-series	Sh	f_x43giesjsocck	f_x43giesjsocck	bʷɑⁱ	twelve	6658	backstrom1992	dialect:Sh:KachuraJel:Kachura	unmarked			Palula bóoš/báaš E versus Kalkoti baáš H2 is a real exception to the simple monosyllabic E→zero mapping, but it agrees with the independent ten-compound series. Shina baai vowel sequences require source-specific interpretation; Brokskat budeš has initial stress.
12	ten-compound-series	Sh	f_de2ibfivnau7m	f_de2ibfivnau7m	bʷɑⁱ	twelve	6658	backstrom1992	dialect:Sh:Satpara:Satpara	unmarked			Palula bóoš/báaš E versus Kalkoti baáš H2 is a real exception to the simple monosyllabic E→zero mapping, but it agrees with the independent ten-compound series. Shina baai vowel sequences require source-specific interpretation; Brokskat budeš has initial stress.
12	ten-compound-series	Sh	f_cee4lbslegoko	f_cee4lbslegoko	bʷɑⁱ	twelve	6658	backstrom1992	dialect:Sh:Gultari:Gultari	unmarked			Palula bóoš/báaš E versus Kalkoti baáš H2 is a real exception to the simple monosyllabic E→zero mapping, but it agrees with the independent ten-compound series. Shina baai vowel sequences require source-specific interpretation; Brokskat budeš has initial stress.
12	ten-compound-series	Sh	f_7kjofwxg72h72	f_7kjofwxg72h72	bʷoi	twelve	6658	backstrom1992	dialect:Sh:Gultari:Gultari	unmarked		unequal-vowel-sequence	Palula bóoš/báaš E versus Kalkoti baáš H2 is a real exception to the simple monosyllabic E→zero mapping, but it agrees with the independent ten-compound series. Shina baai vowel sequences require source-specific interpretation; Brokskat budeš has initial stress.
12	ten-compound-series	Sh	f_wtktlestiz6cu	f_wtktlestiz6cu	bʷoi	twelve	6658	backstrom1992	dialect:Sh:Kharmang:Kharmang	unmarked		unequal-vowel-sequence	Palula bóoš/báaš E versus Kalkoti baáš H2 is a real exception to the simple monosyllabic E→zero mapping, but it agrees with the independent ten-compound series. Shina baai vowel sequences require source-specific interpretation; Brokskat budeš has initial stress.
12	ten-compound-series	Sh	f_i3peqm743rylm	f_i3peqm743rylm	bʷɔi	twelve	6658	backstrom1992	dialect:Sh:dr:Dras	unmarked		unequal-vowel-sequence	Palula bóoš/báaš E versus Kalkoti baáš H2 is a real exception to the simple monosyllabic E→zero mapping, but it agrees with the independent ten-compound series. Shina baai vowel sequences require source-specific interpretation; Brokskat budeš has initial stress.
12	ten-compound-series	Sh	f_cdbxvuuwij57u	f_cdbxvuuwij57u	bɑⁱ	twelve	6658	backstrom1992	dialect:Sh:ChilasKhinar:Chilas%20%28Khinar%29	unmarked			Palula bóoš/báaš E versus Kalkoti baáš H2 is a real exception to the simple monosyllabic E→zero mapping, but it agrees with the independent ten-compound series. Shina baai vowel sequences require source-specific interpretation; Brokskat budeš has initial stress.
12	ten-compound-series	Sh	f_bjumlu2vis2ww	f_bjumlu2vis2ww	bɑⁱ	twelve	6658	backstrom1992	dialect:Sh:ChilasJelil:Chilas%20%28Jelil%29	unmarked			Palula bóoš/báaš E versus Kalkoti baáš H2 is a real exception to the simple monosyllabic E→zero mapping, but it agrees with the independent ten-compound series. Shina baai vowel sequences require source-specific interpretation; Brokskat budeš has initial stress.
12	ten-compound-series	Sh	f_mlcwsy47tsctq	f_mlcwsy47tsctq	bɑi	twelve	6658	backstrom1992	dialect:Sh:Darel:Darel	unmarked		unequal-vowel-sequence	Palula bóoš/báaš E versus Kalkoti baáš H2 is a real exception to the simple monosyllabic E→zero mapping, but it agrees with the independent ten-compound series. Shina baai vowel sequences require source-specific interpretation; Brokskat budeš has initial stress.
12	ten-compound-series	Sh	f_nprgfhsthboo4	f_nprgfhsthboo4	bɑⁱ	twelve	6658	backstrom1992	dialect:Sh:Tangir:Tangir	unmarked			Palula bóoš/báaš E versus Kalkoti baáš H2 is a real exception to the simple monosyllabic E→zero mapping, but it agrees with the independent ten-compound series. Shina baai vowel sequences require source-specific interpretation; Brokskat budeš has initial stress.
12	ten-compound-series	Sh	f_e4zyqik3ynpxg	f_e4zyqik3ynpxg	bɑi	twelve	6658	backstrom1992	dialect:Sh:Sazin:Sazin	unmarked		unequal-vowel-sequence	Palula bóoš/báaš E versus Kalkoti baáš H2 is a real exception to the simple monosyllabic E→zero mapping, but it agrees with the independent ten-compound series. Shina baai vowel sequences require source-specific interpretation; Brokskat budeš has initial stress.
12	ten-compound-series	Sh	f_otysbgaut5ubk	f_otysbgaut5ubk	bɑⁱ	twelve	6658	backstrom1992	dialect:Sh:Harban:Harban	unmarked			Palula bóoš/báaš E versus Kalkoti baáš H2 is a real exception to the simple monosyllabic E→zero mapping, but it agrees with the independent ten-compound series. Shina baai vowel sequences require source-specific interpretation; Brokskat budeš has initial stress.
12	ten-compound-series	Sh	f_6ludrmtexi4c4	f_6ludrmtexi4c4	bɑi	twelve	6658	backstrom1992	dialect:Sh:Jalkot:Jalkot	unmarked		unequal-vowel-sequence	Palula bóoš/báaš E versus Kalkoti baáš H2 is a real exception to the simple monosyllabic E→zero mapping, but it agrees with the independent ten-compound series. Shina baai vowel sequences require source-specific interpretation; Brokskat budeš has initial stress.
12	ten-compound-series	Sh	f_h5maxckyzbnqk	f_h5maxckyzbnqk	bɑi	twelve	6658	backstrom1992	dialect:Sh:pales:Palesi	unmarked		unequal-vowel-sequence	Palula bóoš/báaš E versus Kalkoti baáš H2 is a real exception to the simple monosyllabic E→zero mapping, but it agrees with the independent ten-compound series. Shina baai vowel sequences require source-specific interpretation; Brokskat budeš has initial stress.
12	ten-compound-series	Sh	f_rnqzyx4iyndy6	f_rnqzyx4iyndy6	bɑi	twelve	6658	backstrom1992	dialect:Sh:Kolai:Kolai	unmarked		unequal-vowel-sequence	Palula bóoš/báaš E versus Kalkoti baáš H2 is a real exception to the simple monosyllabic E→zero mapping, but it agrees with the independent ten-compound series. Shina baai vowel sequences require source-specific interpretation; Brokskat budeš has initial stress.
12	ten-compound-series	Sh	f_vncx7gol6yw5y	f_vncx7gol6yw5y	báay	twelve	6658	schmidt	dialect:Sh:gil:Gilgit	E@-1			Palula bóoš/báaš E versus Kalkoti baáš H2 is a real exception to the simple monosyllabic E→zero mapping, but it agrees with the independent ten-compound series. Shina baai vowel sequences require source-specific interpretation; Brokskat budeš has initial stress.
12	ten-compound-series	Sh	f_rlz2dvf3ntcfg	f_rlz2dvf3ntcfg	báai	twelve	6658	schmidt	dialect:Sh:koh:Kohistani	vowel-sequence-marked@position-unresolved		unequal-vowel-sequence	Palula bóoš/báaš E versus Kalkoti baáš H2 is a real exception to the simple monosyllabic E→zero mapping, but it agrees with the independent ten-compound series. Shina baai vowel sequences require source-specific interpretation; Brokskat budeš has initial stress.
12	ten-compound-series	Sh	f_h2ykftlhwjckc	f_h2ykftlhwjckc	báai	twelve	6658	schmidt	dialect:Sh:gur:Guresi	vowel-sequence-marked@position-unresolved		unequal-vowel-sequence	Palula bóoš/báaš E versus Kalkoti baáš H2 is a real exception to the simple monosyllabic E→zero mapping, but it agrees with the independent ten-compound series. Shina baai vowel sequences require source-specific interpretation; Brokskat budeš has initial stress.
12	ten-compound-series	Sh	f_mr5eldshior4k	f_mr5eldshior4k	báai	twelve	6658	schmidt	dialect:Sh:Astor:Astor	vowel-sequence-marked@position-unresolved		unequal-vowel-sequence	Palula bóoš/báaš E versus Kalkoti baáš H2 is a real exception to the simple monosyllabic E→zero mapping, but it agrees with the independent ten-compound series. Shina baai vowel sequences require source-specific interpretation; Brokskat budeš has initial stress.
12	ten-compound-series	Sh	f_z5su4ywx2bkvy	f_z5su4ywx2bkvy	báai	twelve	6658	degener-shina2008	dialect:Sh:gil:Gilgit	vowel-sequence-marked@position-unresolved		unequal-vowel-sequence	Palula bóoš/báaš E versus Kalkoti baáš H2 is a real exception to the simple monosyllabic E→zero mapping, but it agrees with the independent ten-compound series. Shina baai vowel sequences require source-specific interpretation; Brokskat budeš has initial stress.
15	ten-compound-series	Sh	f_tghdmzuevmock	f_tghdmzuevmock	pãzīu	fifteen	7662	CDIAL	dialect:Sh:chil:Chilas	unmarked		unequal-vowel-sequence	Palula panǰíiš/panǰéeš E corresponds to Kalkoti pänǰeéš H2. Shina preserves several differently expanded formations with final prominence; Brokskat pããdeš has initial stress. Unmarked Sauji variants do not establish an E/L value.
15	ten-compound-series	Sv	f_ay3zeeyers4r6	f_ay3zeeyers4r6	penǰī́š	fifteen	7662	CDIAL		syllable-marked@-1			Palula panǰíiš/panǰéeš E corresponds to Kalkoti pänǰeéš H2. Shina preserves several differently expanded formations with final prominence; Brokskat pããdeš has initial stress. Unmarked Sauji variants do not establish an E/L value.
15	ten-compound-series	Phal	f_wuogrho7xi4tq	f_wuogrho7xi4tq	panǰēš	fifteen	7662	CDIAL		unmarked			Palula panǰíiš/panǰéeš E corresponds to Kalkoti pänǰeéš H2. Shina preserves several differently expanded formations with final prominence; Brokskat pããdeš has initial stress. Unmarked Sauji variants do not establish an E/L value.
15	ten-compound-series	Phal	f_y2h4zuhtjiyma	f_y2h4zuhtjiyma	panǰīš	fifteen	7662	CDIAL		unmarked			Palula panǰíiš/panǰéeš E corresponds to Kalkoti pänǰeéš H2. Shina preserves several differently expanded formations with final prominence; Brokskat pããdeš has initial stress. Unmarked Sauji variants do not establish an E/L value.
15	ten-compound-series	Sh	f_aw4wtpi7jwa4c	f_aw4wtpi7jwa4c	pănzăi	fifteen	7662	CDIAL;Lor	dialect:Sh:gil:Gilgit	unmarked		unequal-vowel-sequence	Palula panǰíiš/panǰéeš E corresponds to Kalkoti pänǰeéš H2. Shina preserves several differently expanded formations with final prominence; Brokskat pããdeš has initial stress. Unmarked Sauji variants do not establish an E/L value.
15	ten-compound-series	Sh	f_yaoplhp3ckngk	f_yaoplhp3ckngk	pʌnzei	fifteen	7662	CDIAL	dialect:Sh:gil:Gilgit	unmarked		unequal-vowel-sequence	Palula panǰíiš/panǰéeš E corresponds to Kalkoti pänǰeéš H2. Shina preserves several differently expanded formations with final prominence; Brokskat pããdeš has initial stress. Unmarked Sauji variants do not establish an E/L value.
15	ten-compound-series	Sh	f_iqyaf7cxza7ho	f_iqyaf7cxza7ho	panzuleĩ	fifteen	7662	CDIAL	dialect:Sh:gur:Guresi	unmarked		unequal-vowel-sequence	Palula panǰíiš/panǰéeš E corresponds to Kalkoti pänǰeéš H2. Shina preserves several differently expanded formations with final prominence; Brokskat pããdeš has initial stress. Unmarked Sauji variants do not establish an E/L value.
15	ten-compound-series	Sh	f_muvl2s6j5brps	f_muvl2s6j5brps	panzileĩ	fifteen	7662	CDIAL	dialect:Sh:koh:Kohistani	unmarked		unequal-vowel-sequence	Palula panǰíiš/panǰéeš E corresponds to Kalkoti pänǰeéš H2. Shina preserves several differently expanded formations with final prominence; Brokskat pããdeš has initial stress. Unmarked Sauji variants do not establish an E/L value.
15	ten-compound-series	Sh	f_pul2hcmo5t2sq	f_pul2hcmo5t2sq	pʌziläī	fifteen	7662	CDIAL	dialect:Sh:jij:Jijelut	unmarked		unequal-vowel-sequence	Palula panǰíiš/panǰéeš E corresponds to Kalkoti pänǰeéš H2. Shina preserves several differently expanded formations with final prominence; Brokskat pããdeš has initial stress. Unmarked Sauji variants do not establish an E/L value.
15	ten-compound-series	Sh	f_vbt2suntplrbw	f_vbt2suntplrbw	pʌnzəlaī́	fifteen	7662	CDIAL	dialect:Sh:pales:Palesi	syllable-marked@position-unresolved		unequal-vowel-sequence	Palula panǰíiš/panǰéeš E corresponds to Kalkoti pänǰeéš H2. Shina preserves several differently expanded formations with final prominence; Brokskat pããdeš has initial stress. Unmarked Sauji variants do not establish an E/L value.
15	ten-compound-series	Phal	f_irdjwtnn2inog	f_irdjwtnn2inog	panǰíiš	fifteen	7662	liljegren		E@-1			Palula panǰíiš/panǰéeš E corresponds to Kalkoti pänǰeéš H2. Shina preserves several differently expanded formations with final prominence; Brokskat pããdeš has initial stress. Unmarked Sauji variants do not establish an E/L value.
15	ten-compound-series	Phal	f_gdkyfh6amx5cq	f_gdkyfh6amx5cq	panǰéeš	fifteen	7662	liljegren	dialect:Phal:biori:Biori	E@-1			Palula panǰíiš/panǰéeš E corresponds to Kalkoti pänǰeéš H2. Shina preserves several differently expanded formations with final prominence; Brokskat pããdeš has initial stress. Unmarked Sauji variants do not establish an E/L value.
15	ten-compound-series	Phal	f_iayvqtrsukhgg	f_iayvqtrsukhgg	panǰʹîš	15	7662	strand	dialect:Palula	E@-1			Palula panǰíiš/panǰéeš E corresponds to Kalkoti pänǰeéš H2. Shina preserves several differently expanded formations with final prominence; Brokskat pããdeš has initial stress. Unmarked Sauji variants do not establish an E/L value.
15	ten-compound-series	Sh	f_go63fuqzkkus6	f_go63fuqzkkus6	panzéy	fifteen	7662	schmidt	dialect:Sh:gil:Gilgit	S@-1			Palula panǰíiš/panǰéeš E corresponds to Kalkoti pänǰeéš H2. Shina preserves several differently expanded formations with final prominence; Brokskat pããdeš has initial stress. Unmarked Sauji variants do not establish an E/L value.
20	twenty-control	Sv	f_r5ggj3krhouum	f_r5ggj3krhouum	biš	20	11616	CDIAL		unmarked			Palula bhiíš L corresponds to Kalkoti bíiš H1; Shina commonly has bií L, Kundal bī̌ rising, and Brokskat bižaa final syllable stress. Survey biš panj under twenty contains five as well and is not a clean twenty citation; preserve it with an explicit exclusion.
20	twenty-control	Phal	f_b7gsfisabof5s	f_b7gsfisabof5s	bhiš	20	11616	CDIAL		unmarked			Palula bhiíš L corresponds to Kalkoti bíiš H1; Shina commonly has bií L, Kundal bī̌ rising, and Brokskat bižaa final syllable stress. Survey biš panj under twenty contains five as well and is not a clean twenty citation; preserve it with an explicit exclusion.
20	twenty-control	Phal	f_p2gkmrwjaco7i	f_p2gkmrwjaco7i	bhīš	20	11616	CDIAL		unmarked			Palula bhiíš L corresponds to Kalkoti bíiš H1; Shina commonly has bií L, Kundal bī̌ rising, and Brokskat bižaa final syllable stress. Survey biš panj under twenty contains five as well and is not a clean twenty citation; preserve it with an explicit exclusion.
20	twenty-control	Sh	f_wx5ri6w3f7wqw	f_wx5ri6w3f7wqw	bì	20	11616	CDIAL	dialect:Sh:gil:Gilgit	unmarked			Palula bhiíš L corresponds to Kalkoti bíiš H1; Shina commonly has bií L, Kundal bī̌ rising, and Brokskat bižaa final syllable stress. Survey biš panj under twenty contains five as well and is not a clean twenty citation; preserve it with an explicit exclusion.
20	twenty-control	Sh	f_uacb7kwapilpa	f_uacb7kwapilpa	bīh	20	11616	CDIAL	dialect:Sh:pales:Palesi	unmarked			Palula bhiíš L corresponds to Kalkoti bíiš H1; Shina commonly has bií L, Kundal bī̌ rising, and Brokskat bižaa final syllable stress. Survey biš panj under twenty contains five as well and is not a clean twenty citation; preserve it with an explicit exclusion.
20	twenty-control	Sh	f_dqohjtdh5quiy	f_dqohjtdh5quiy	bī	20	11616	CDIAL	dialect:Sh:kol:Kola	unmarked			Palula bhiíš L corresponds to Kalkoti bíiš H1; Shina commonly has bií L, Kundal bī̌ rising, and Brokskat bižaa final syllable stress. Survey biš panj under twenty contains five as well and is not a clean twenty citation; preserve it with an explicit exclusion.
20	twenty-control	Kalk	f_crn5oeh5lsx2u	f_crn5oeh5lsx2u	biš	twenty	11616	kalkoti	dialect:Kalk:HKAT-xka:Kalkot%20%28HKAT%29	unmarked			Palula bhiíš L corresponds to Kalkoti bíiš H1; Shina commonly has bií L, Kundal bī̌ rising, and Brokskat bižaa final syllable stress. Survey biš panj under twenty contains five as well and is not a clean twenty citation; preserve it with an explicit exclusion.
20	twenty-control	Kund	f_bhfcv7ahrjvnm	f_bhfcv7ahrjvnm	bī̌	twenty	11616	kund		R@-1			Palula bhiíš L corresponds to Kalkoti bíiš H1; Shina commonly has bií L, Kundal bī̌ rising, and Brokskat bižaa final syllable stress. Survey biš panj under twenty contains five as well and is not a clean twenty citation; preserve it with an explicit exclusion.
20	twenty-control	Phal	f_6pzjkzzpb25ng#1	f_6pzjkzzpb25ng	bhiíš	twenty; the twenty sth or people; 20	11616	liljegren		L@-1			Palula bhiíš L corresponds to Kalkoti bíiš H1; Shina commonly has bií L, Kundal bī̌ rising, and Brokskat bižaa final syllable stress. Survey biš panj under twenty contains five as well and is not a clean twenty citation; preserve it with an explicit exclusion.
20	twenty-control	Phal	f_6pzjkzzpb25ng#2	f_6pzjkzzpb25ng	bhîʹš	twenty; the twenty sth or people; 20	11616	strand		L@-1			Palula bhiíš L corresponds to Kalkoti bíiš H1; Shina commonly has bií L, Kundal bī̌ rising, and Brokskat bižaa final syllable stress. Survey biš panj under twenty contains five as well and is not a clean twenty citation; preserve it with an explicit exclusion.
20	twenty-control	Sh	f_6kydu4svvuxje	f_6kydu4svvuxje	bìí	twenty	11616	backstrom1992	dialect:Sh:Gupis:Gupis	LR@-1			Palula bhiíš L corresponds to Kalkoti bíiš H1; Shina commonly has bií L, Kundal bī̌ rising, and Brokskat bižaa final syllable stress. Survey biš panj under twenty contains five as well and is not a clean twenty citation; preserve it with an explicit exclusion.
20	twenty-control	Sh	f_dt3dqqjciq5tq	f_dt3dqqjciq5tq	bìí	twenty	11616	backstrom1992	dialect:Sh:punl:Puniali	LR@-1			Palula bhiíš L corresponds to Kalkoti bíiš H1; Shina commonly has bií L, Kundal bī̌ rising, and Brokskat bižaa final syllable stress. Survey biš panj under twenty contains five as well and is not a clean twenty citation; preserve it with an explicit exclusion.
20	twenty-control	Sh	f_xmycxzccfnqnk	f_xmycxzccfnqnk	bìí	twenty	11616	backstrom1992	dialect:Sh:HunzaNasirabad:Hunza	LR@-1			Palula bhiíš L corresponds to Kalkoti bíiš H1; Shina commonly has bií L, Kundal bī̌ rising, and Brokskat bižaa final syllable stress. Survey biš panj under twenty contains five as well and is not a clean twenty citation; preserve it with an explicit exclusion.
20	twenty-control	Sh	f_ymffe2jtvqb6w	f_ymffe2jtvqb6w	bìí	twenty	11616	backstrom1992	dialect:Sh:NagarThol:Nagar%20%28Thol%29	LR@-1			Palula bhiíš L corresponds to Kalkoti bíiš H1; Shina commonly has bií L, Kundal bī̌ rising, and Brokskat bižaa final syllable stress. Survey biš panj under twenty contains five as well and is not a clean twenty citation; preserve it with an explicit exclusion.
20	twenty-control	Sh	f_6dzh6pum5q6fq	f_6dzh6pum5q6fq	bìí	twenty	11616	backstrom1992	dialect:Sh:NagarChalt:Nagar%20%28Chalt%29	LR@-1			Palula bhiíš L corresponds to Kalkoti bíiš H1; Shina commonly has bií L, Kundal bī̌ rising, and Brokskat bižaa final syllable stress. Survey biš panj under twenty contains five as well and is not a clean twenty citation; preserve it with an explicit exclusion.
20	twenty-control	Sh	f_ybnatubhwhndg	f_ybnatubhwhndg	bìí	twenty	11616	backstrom1992	dialect:Sh:gil:Gilgit	LR@-1			Palula bhiíš L corresponds to Kalkoti bíiš H1; Shina commonly has bií L, Kundal bī̌ rising, and Brokskat bižaa final syllable stress. Survey biš panj under twenty contains five as well and is not a clean twenty citation; preserve it with an explicit exclusion.
20	twenty-control	Sh	f_txqrpvtrwfnwk	f_txqrpvtrwfnwk	bìí	twenty	11616	backstrom1992	dialect:Sh:Haramosh:Haramosh	LR@-1			Palula bhiíš L corresponds to Kalkoti bíiš H1; Shina commonly has bií L, Kundal bī̌ rising, and Brokskat bižaa final syllable stress. Survey biš panj under twenty contains five as well and is not a clean twenty citation; preserve it with an explicit exclusion.
20	twenty-control	Sh	f_qmgruyqclfhtg	f_qmgruyqclfhtg	bìí	twenty	11616	backstrom1992	dialect:Sh:Bagrot:Bagrot	LR@-1			Palula bhiíš L corresponds to Kalkoti bíiš H1; Shina commonly has bií L, Kundal bī̌ rising, and Brokskat bižaa final syllable stress. Survey biš panj under twenty contains five as well and is not a clean twenty citation; preserve it with an explicit exclusion.
20	twenty-control	Sh	f_aois6qaqfqcue	f_aois6qaqfqcue	bìí	twenty	11616	backstrom1992	dialect:Sh:Bunji:Bunji	LR@-1			Palula bhiíš L corresponds to Kalkoti bíiš H1; Shina commonly has bií L, Kundal bī̌ rising, and Brokskat bižaa final syllable stress. Survey biš panj under twenty contains five as well and is not a clean twenty citation; preserve it with an explicit exclusion.
20	twenty-control	Sh	f_ohc3cndnfcjtk	f_ohc3cndnfcjtk	bii	twenty	11616	backstrom1992	dialect:Sh:Rondu:Rondu	unmarked			Palula bhiíš L corresponds to Kalkoti bíiš H1; Shina commonly has bií L, Kundal bī̌ rising, and Brokskat bižaa final syllable stress. Survey biš panj under twenty contains five as well and is not a clean twenty citation; preserve it with an explicit exclusion.
20	twenty-control	Sh	f_ekn4xn723vequ	f_ekn4xn723vequ	bìí	twenty	11616	backstrom1992	dialect:Sh:Gahorabad:Chilas%20%28Gahorabad%29	LR@-1			Palula bhiíš L corresponds to Kalkoti bíiš H1; Shina commonly has bií L, Kundal bī̌ rising, and Brokskat bižaa final syllable stress. Survey biš panj under twenty contains five as well and is not a clean twenty citation; preserve it with an explicit exclusion.
20	twenty-control	Sh	f_vo3ks26itzbjm	f_vo3ks26itzbjm	bìí	twenty	11616	backstrom1992	dialect:Sh:DashkinAstor:Astor%20%28Dashkin%29	LR@-1			Palula bhiíš L corresponds to Kalkoti bíiš H1; Shina commonly has bií L, Kundal bī̌ rising, and Brokskat bižaa final syllable stress. Survey biš panj under twenty contains five as well and is not a clean twenty citation; preserve it with an explicit exclusion.
20	twenty-control	Sh	f_vopvwczyznuoq#1	f_vopvwczyznuoq	bìí	twenty	11616	backstrom1992	dialect:Sh:Astor:Astor	LR@-1			Palula bhiíš L corresponds to Kalkoti bíiš H1; Shina commonly has bií L, Kundal bī̌ rising, and Brokskat bižaa final syllable stress. Survey biš panj under twenty contains five as well and is not a clean twenty citation; preserve it with an explicit exclusion.
20	twenty-control	Sh	f_vopvwczyznuoq#2	f_vopvwczyznuoq	bií	twenty	11616	schmidt	dialect:Sh:Astor:Astor	L@-1			Palula bhiíš L corresponds to Kalkoti bíiš H1; Shina commonly has bií L, Kundal bī̌ rising, and Brokskat bižaa final syllable stress. Survey biš panj under twenty contains five as well and is not a clean twenty citation; preserve it with an explicit exclusion.
20	twenty-control	Sh	f_3kouy7yprles6	f_3kouy7yprles6	bìí	twenty	11616	backstrom1992	dialect:Sh:KachuraJel:Kachura	LR@-1			Palula bhiíš L corresponds to Kalkoti bíiš H1; Shina commonly has bií L, Kundal bī̌ rising, and Brokskat bižaa final syllable stress. Survey biš panj under twenty contains five as well and is not a clean twenty citation; preserve it with an explicit exclusion.
20	twenty-control	Sh	f_iha4ci2ld6poi	f_iha4ci2ld6poi	bìí	twenty	11616	backstrom1992	dialect:Sh:Satpara:Satpara	LR@-1			Palula bhiíš L corresponds to Kalkoti bíiš H1; Shina commonly has bií L, Kundal bī̌ rising, and Brokskat bižaa final syllable stress. Survey biš panj under twenty contains five as well and is not a clean twenty citation; preserve it with an explicit exclusion.
20	twenty-control	Sh	f_pj55bqvfjaya6	f_pj55bqvfjaya6	bìí	twenty	11616	backstrom1992	dialect:Sh:Gultari:Gultari	LR@-1			Palula bhiíš L corresponds to Kalkoti bíiš H1; Shina commonly has bií L, Kundal bī̌ rising, and Brokskat bižaa final syllable stress. Survey biš panj under twenty contains five as well and is not a clean twenty citation; preserve it with an explicit exclusion.
20	twenty-control	Sh	f_2pcztdctmbh56	f_2pcztdctmbh56	bií	twenty	11616	backstrom1992	dialect:Sh:Kharmang:Kharmang	R@-1			Palula bhiíš L corresponds to Kalkoti bíiš H1; Shina commonly has bií L, Kundal bī̌ rising, and Brokskat bižaa final syllable stress. Survey biš panj under twenty contains five as well and is not a clean twenty citation; preserve it with an explicit exclusion.
20	twenty-control	Sh	f_74z77gmjxxkls	f_74z77gmjxxkls	bii	twenty	11616	backstrom1992	dialect:Sh:dr:Dras	unmarked			Palula bhiíš L corresponds to Kalkoti bíiš H1; Shina commonly has bií L, Kundal bī̌ rising, and Brokskat bižaa final syllable stress. Survey biš panj under twenty contains five as well and is not a clean twenty citation; preserve it with an explicit exclusion.
20	twenty-control	Sh	f_4asj2yal5zuoi	f_4asj2yal5zuoi	bií	twenty	11616	backstrom1992	dialect:Sh:ChilasKhinar:Chilas%20%28Khinar%29	R@-1			Palula bhiíš L corresponds to Kalkoti bíiš H1; Shina commonly has bií L, Kundal bī̌ rising, and Brokskat bižaa final syllable stress. Survey biš panj under twenty contains five as well and is not a clean twenty citation; preserve it with an explicit exclusion.
20	twenty-control	Sh	f_lvsvnwbncjm4g	f_lvsvnwbncjm4g	bií	twenty	11616	backstrom1992	dialect:Sh:ChilasJelil:Chilas%20%28Jelil%29	R@-1			Palula bhiíš L corresponds to Kalkoti bíiš H1; Shina commonly has bií L, Kundal bī̌ rising, and Brokskat bižaa final syllable stress. Survey biš panj under twenty contains five as well and is not a clean twenty citation; preserve it with an explicit exclusion.
20	twenty-control	Sh	f_6wfettwt7turq	f_6wfettwt7turq	bií	twenty	11616	backstrom1992	dialect:Sh:Darel:Darel	R@-1			Palula bhiíš L corresponds to Kalkoti bíiš H1; Shina commonly has bií L, Kundal bī̌ rising, and Brokskat bižaa final syllable stress. Survey biš panj under twenty contains five as well and is not a clean twenty citation; preserve it with an explicit exclusion.
20	twenty-control	Sh	f_d4nztwrntw2pm	f_d4nztwrntw2pm	bií	twenty	11616	backstrom1992	dialect:Sh:Tangir:Tangir	R@-1			Palula bhiíš L corresponds to Kalkoti bíiš H1; Shina commonly has bií L, Kundal bī̌ rising, and Brokskat bižaa final syllable stress. Survey biš panj under twenty contains five as well and is not a clean twenty citation; preserve it with an explicit exclusion.
20	twenty-control	Sh	f_vynj6pukbingm	f_vynj6pukbingm	bìí	twenty	11616	backstrom1992	dialect:Sh:Sazin:Sazin	LR@-1			Palula bhiíš L corresponds to Kalkoti bíiš H1; Shina commonly has bií L, Kundal bī̌ rising, and Brokskat bižaa final syllable stress. Survey biš panj under twenty contains five as well and is not a clean twenty citation; preserve it with an explicit exclusion.
20	twenty-control	Sh	f_6prw2owpbrmcs	f_6prw2owpbrmcs	bii	twenty	11616	backstrom1992	dialect:Sh:Harban:Harban	unmarked			Palula bhiíš L corresponds to Kalkoti bíiš H1; Shina commonly has bií L, Kundal bī̌ rising, and Brokskat bižaa final syllable stress. Survey biš panj under twenty contains five as well and is not a clean twenty citation; preserve it with an explicit exclusion.
20	twenty-control	Sh	f_ekwo32ykccjzi	f_ekwo32ykccjzi	bìí	twenty	11616	backstrom1992	dialect:Sh:Jalkot:Jalkot	LR@-1			Palula bhiíš L corresponds to Kalkoti bíiš H1; Shina commonly has bií L, Kundal bī̌ rising, and Brokskat bižaa final syllable stress. Survey biš panj under twenty contains five as well and is not a clean twenty citation; preserve it with an explicit exclusion.
20	twenty-control	Sh	f_rqem2gh2fnhv4	f_rqem2gh2fnhv4	bìí	twenty	11616	backstrom1992	dialect:Sh:pales:Palesi	LR@-1			Palula bhiíš L corresponds to Kalkoti bíiš H1; Shina commonly has bií L, Kundal bī̌ rising, and Brokskat bižaa final syllable stress. Survey biš panj under twenty contains five as well and is not a clean twenty citation; preserve it with an explicit exclusion.
20	twenty-control	Sh	f_aab5w2ilfpfpq	f_aab5w2ilfpfpq	bii	twenty	11616	backstrom1992	dialect:Sh:Kolai:Kolai	unmarked			Palula bhiíš L corresponds to Kalkoti bíiš H1; Shina commonly has bií L, Kundal bī̌ rising, and Brokskat bižaa final syllable stress. Survey biš panj under twenty contains five as well and is not a clean twenty citation; preserve it with an explicit exclusion.
20	twenty-control	Sh	f_gnvqtvmbcq45y	f_gnvqtvmbcq45y	bií	twenty	11616	schmidt	dialect:Sh:gil:Gilgit	L@-1			Palula bhiíš L corresponds to Kalkoti bíiš H1; Shina commonly has bií L, Kundal bī̌ rising, and Brokskat bižaa final syllable stress. Survey biš panj under twenty contains five as well and is not a clean twenty citation; preserve it with an explicit exclusion.
20	twenty-control	Sh	f_4mbudocyldfui	f_4mbudocyldfui	bií	twenty	11616	schmidt	dialect:Sh:koh:Kohistani	L@-1			Palula bhiíš L corresponds to Kalkoti bíiš H1; Shina commonly has bií L, Kundal bī̌ rising, and Brokskat bižaa final syllable stress. Survey biš panj under twenty contains five as well and is not a clean twenty citation; preserve it with an explicit exclusion.
20	twenty-control	Sh	f_i3pay6wq2wl3w	f_i3pay6wq2wl3w	bií	twenty	11616	schmidt	dialect:Sh:gur:Guresi	L@-1			Palula bhiíš L corresponds to Kalkoti bíiš H1; Shina commonly has bií L, Kundal bī̌ rising, and Brokskat bižaa final syllable stress. Survey biš panj under twenty contains five as well and is not a clean twenty citation; preserve it with an explicit exclusion.
20	twenty-control	Sh	f_3l2vnfbvp5bbe	f_3l2vnfbvp5bbe	bií	twenty	11616	buddruss-shina1996	dialect:Sh:gil:Gilgit	L@-1			Palula bhiíš L corresponds to Kalkoti bíiš H1; Shina commonly has bií L, Kundal bī̌ rising, and Brokskat bižaa final syllable stress. Survey biš panj under twenty contains five as well and is not a clean twenty citation; preserve it with an explicit exclusion.
16	ten-compound-series	Sh	f_qidzx2mndncci	f_qidzx2mndncci	ṣūṛ	sixteen	12812	CDIAL	dialect:Sh:chil:Chilas	unmarked			Palula ṣoṛíiš/ṣoṛéeš E corresponds to Kalkoti ṣureéš H2. Shina contracted ṣoo(y/i) variants and Brokskat ṣobeš are different surface formations; Brokskat has initial stress. A different stem spelling does not erase the independent ten-compound membership.
16	ten-compound-series	Sv	f_qwowrs3pwlzx6	f_qwowrs3pwlzx6	ṣuṛā́s	sixteen	12812	CDIAL		syllable-marked@-1			Palula ṣoṛíiš/ṣoṛéeš E corresponds to Kalkoti ṣureéš H2. Shina contracted ṣoo(y/i) variants and Brokskat ṣobeš are different surface formations; Brokskat has initial stress. A different stem spelling does not erase the independent ten-compound membership.
16	ten-compound-series	Phal	f_vlse7y6qbcb52	f_vlse7y6qbcb52	ṣʷọṛḗš	sixteen	12812	CDIAL		syllable-marked@-1			Palula ṣoṛíiš/ṣoṛéeš E corresponds to Kalkoti ṣureéš H2. Shina contracted ṣoo(y/i) variants and Brokskat ṣobeš are different surface formations; Brokskat has initial stress. A different stem spelling does not erase the independent ten-compound membership.
16	ten-compound-series	Phal	f_w3ypkox5loyp4	f_w3ypkox5loyp4	ṣoṛēš	sixteen	12812	CDIAL		unmarked			Palula ṣoṛíiš/ṣoṛéeš E corresponds to Kalkoti ṣureéš H2. Shina contracted ṣoo(y/i) variants and Brokskat ṣobeš are different surface formations; Brokskat has initial stress. A different stem spelling does not erase the independent ten-compound membership.
16	ten-compound-series	Sh	f_4drc4amoivhyk	f_4drc4amoivhyk	ṣōĩ	sixteen	12812	CDIAL	dialect:Sh:gil:Gilgit	unmarked		unequal-vowel-sequence	Palula ṣoṛíiš/ṣoṛéeš E corresponds to Kalkoti ṣureéš H2. Shina contracted ṣoo(y/i) variants and Brokskat ṣobeš are different surface formations; Brokskat has initial stress. A different stem spelling does not erase the independent ten-compound membership.
16	ten-compound-series	Sh	f_nqoksmk4pf2ju	f_nqoksmk4pf2ju	ṣō̃ī̃	sixteen	12812	CDIAL	dialect:Sh:gur:Guresi	unmarked		unequal-vowel-sequence	Palula ṣoṛíiš/ṣoṛéeš E corresponds to Kalkoti ṣureéš H2. Shina contracted ṣoo(y/i) variants and Brokskat ṣobeš are different surface formations; Brokskat has initial stress. A different stem spelling does not erase the independent ten-compound membership.
16	ten-compound-series	Sh	f_6v7ebn7wpwan4	f_6v7ebn7wpwan4	ṣō̃ĕi	sixteen	12812	CDIAL	dialect:Sh:koh:Kohistani	unmarked		unequal-vowel-sequence	Palula ṣoṛíiš/ṣoṛéeš E corresponds to Kalkoti ṣureéš H2. Shina contracted ṣoo(y/i) variants and Brokskat ṣobeš are different surface formations; Brokskat has initial stress. A different stem spelling does not erase the independent ten-compound membership.
16	ten-compound-series	Sh	f_ezegmgzw26r2c	f_ezegmgzw26r2c	ṣuɔ̄̃i	sixteen	12812	CDIAL	dialect:Sh:kol:Kola	unmarked		unequal-vowel-sequence	Palula ṣoṛíiš/ṣoṛéeš E corresponds to Kalkoti ṣureéš H2. Shina contracted ṣoo(y/i) variants and Brokskat ṣobeš are different surface formations; Brokskat has initial stress. A different stem spelling does not erase the independent ten-compound membership.
16	ten-compound-series	Sh	f_tkpwhpfdb2k4s	f_tkpwhpfdb2k4s	ṣō̃ṛäɪ	sixteen	12812	CDIAL	dialect:Sh:jij:Jijelut	unmarked		unequal-vowel-sequence	Palula ṣoṛíiš/ṣoṛéeš E corresponds to Kalkoti ṣureéš H2. Shina contracted ṣoo(y/i) variants and Brokskat ṣobeš are different surface formations; Brokskat has initial stress. A different stem spelling does not erase the independent ten-compound membership.
16	ten-compound-series	Sh	f_yoimgkyr6vb4e	f_yoimgkyr6vb4e	ṣō̃ṛī	sixteen	12812	CDIAL	dialect:Sh:pales:Palesi	unmarked			Palula ṣoṛíiš/ṣoṛéeš E corresponds to Kalkoti ṣureéš H2. Shina contracted ṣoo(y/i) variants and Brokskat ṣobeš are different surface formations; Brokskat has initial stress. A different stem spelling does not erase the independent ten-compound membership.
16	ten-compound-series	Phal	f_zw6hwi6npjnfw	f_zw6hwi6npjnfw	ṣoṛíiš	sixteen	12812	liljegren		E@-1			Palula ṣoṛíiš/ṣoṛéeš E corresponds to Kalkoti ṣureéš H2. Shina contracted ṣoo(y/i) variants and Brokskat ṣobeš are different surface formations; Brokskat has initial stress. A different stem spelling does not erase the independent ten-compound membership.
16	ten-compound-series	Phal	f_eu5l67mnttz2i	f_eu5l67mnttz2i	ṣoṛéeš	sixteen	12812	liljegren	dialect:Phal:biori:Biori	E@-1			Palula ṣoṛíiš/ṣoṛéeš E corresponds to Kalkoti ṣureéš H2. Shina contracted ṣoo(y/i) variants and Brokskat ṣobeš are different surface formations; Brokskat has initial stress. A different stem spelling does not erase the independent ten-compound membership.
16	ten-compound-series	Phal	f_gqn7xp5v6xvvi	f_gqn7xp5v6xvvi	ṣoṛʹîš	16	12812	strand	dialect:Palula	E@-1			Palula ṣoṛíiš/ṣoṛéeš E corresponds to Kalkoti ṣureéš H2. Shina contracted ṣoo(y/i) variants and Brokskat ṣobeš are different surface formations; Brokskat has initial stress. A different stem spelling does not erase the independent ten-compound membership.
17	ten-compound-series	Sv	f_fiemns5wdy55m	f_fiemns5wdy55m	satāš	17	13146	CDIAL		unmarked			Palula satóoš/satáaš E corresponds to Kalkoti sätaáš H2. Unlike the earlier Brokskat teens, sattõõš has final stress. Shina final accented aa precedes y/i material whose syllabicity varies by source.
17	ten-compound-series	Phal	f_bmyxtbbprjmgq	f_bmyxtbbprjmgq	sattṓš	17	13146	CDIAL		syllable-marked@-1			Palula satóoš/satáaš E corresponds to Kalkoti sätaáš H2. Unlike the earlier Brokskat teens, sattõõš has final stress. Shina final accented aa precedes y/i material whose syllabicity varies by source.
17	ten-compound-series	Phal	f_gyrpjsne6abrw	f_gyrpjsne6abrw	satā́š	17	13146	CDIAL		syllable-marked@-1			Palula satóoš/satáaš E corresponds to Kalkoti sätaáš H2. Unlike the earlier Brokskat teens, sattõõš has final stress. Shina final accented aa precedes y/i material whose syllabicity varies by source.
17	ten-compound-series	Sh	f_lr4ciqwqv3xrs	f_lr4ciqwqv3xrs	sătáĩ	17	13146	CDIAL	dialect:Sh:gil:Gilgit	syllable-marked@position-unresolved		unequal-vowel-sequence	Palula satóoš/satáaš E corresponds to Kalkoti sätaáš H2. Unlike the earlier Brokskat teens, sattõõš has final stress. Shina final accented aa precedes y/i material whose syllabicity varies by source.
17	ten-compound-series	Sh	f_4scg7pupf2iws	f_4scg7pupf2iws	sattā̃i	17	13146	CDIAL	dialect:Sh:pales:Palesi	unmarked		unequal-vowel-sequence	Palula satóoš/satáaš E corresponds to Kalkoti sätaáš H2. Unlike the earlier Brokskat teens, sattõõš has final stress. Shina final accented aa precedes y/i material whose syllabicity varies by source.
17	ten-compound-series	Sh	f_u5vvthkwl7rtk	f_u5vvthkwl7rtk	satā́i	17	13146	CDIAL	dialect:Sh:pales:Palesi	syllable-marked@position-unresolved		unequal-vowel-sequence	Palula satóoš/satáaš E corresponds to Kalkoti sätaáš H2. Unlike the earlier Brokskat teens, sattõõš has final stress. Shina final accented aa precedes y/i material whose syllabicity varies by source.
17	ten-compound-series	Sh	f_fcqt44lyihinq	f_fcqt44lyihinq	sʌtä́i	17	13146	CDIAL	dialect:Sh:jij:Jijelut	syllable-marked@position-unresolved		unequal-vowel-sequence	Palula satóoš/satáaš E corresponds to Kalkoti sätaáš H2. Unlike the earlier Brokskat teens, sattõõš has final stress. Shina final accented aa precedes y/i material whose syllabicity varies by source.
17	ten-compound-series	Phal	f_menivji7rndby	f_menivji7rndby	satóoš	seventeen	13146	liljegren		E@-1			Palula satóoš/satáaš E corresponds to Kalkoti sätaáš H2. Unlike the earlier Brokskat teens, sattõõš has final stress. Shina final accented aa precedes y/i material whose syllabicity varies by source.
17	ten-compound-series	Phal	f_ni6hi4kdybykk	f_ni6hi4kdybykk	satáaš	seventeen	13146	liljegren	dialect:Phal:biori:Biori	E@-1			Palula satóoš/satáaš E corresponds to Kalkoti sätaáš H2. Unlike the earlier Brokskat teens, sattõõš has final stress. Shina final accented aa precedes y/i material whose syllabicity varies by source.
17	ten-compound-series	Phal	f_d2cz6s2vyhziu	f_d2cz6s2vyhziu	satʹôš	17	13146	strand	dialect:Palula	E@-1			Palula satóoš/satáaš E corresponds to Kalkoti sätaáš H2. Unlike the earlier Brokskat teens, sattõõš has final stress. Shina final accented aa precedes y/i material whose syllabicity varies by source.
18	ten-compound-series	Sv	f_rz6hq4zwdd3eo	f_rz6hq4zwdd3eo	aštā́š	18	946	CDIAL;Buddruss		syllable-marked@-1			Palula aṣṭóoš/aṣṭáaš E corresponds to Kalkoti iṣṭaáš H2. Brokskat aṣṭõš also has final stress. The independent ten-compound series includes both mono- and polysyllabic modern words; its common Kalkoti H2 cannot be reduced to current syllable count.
18	ten-compound-series	Sh	f_6mcwf6mch42jm	f_6mcwf6mch42jm	aṣṭáa~y	eighteen		schmidt	dialect:Sh:gil:Gilgit	E@-1			Palula aṣṭóoš/aṣṭáaš E corresponds to Kalkoti iṣṭaáš H2. Brokskat aṣṭõš also has final stress. The independent ten-compound series includes both mono- and polysyllabic modern words; its common Kalkoti H2 cannot be reduced to current syllable count.
18	ten-compound-series	Sh	f_nk2i5othr3hga	f_nk2i5othr3hga	aṣṭáa~i	eighteen		schmidt	dialect:Sh:koh:Kohistani	E@-2			Palula aṣṭóoš/aṣṭáaš E corresponds to Kalkoti iṣṭaáš H2. Brokskat aṣṭõš also has final stress. The independent ten-compound series includes both mono- and polysyllabic modern words; its common Kalkoti H2 cannot be reduced to current syllable count.
18	ten-compound-series	Sh	f_anftn5aoqgq3a	f_anftn5aoqgq3a	a~ṣṭáai	eighteen		schmidt	dialect:Sh:gur:Guresi	vowel-sequence-marked@position-unresolved		unequal-vowel-sequence	Palula aṣṭóoš/aṣṭáaš E corresponds to Kalkoti iṣṭaáš H2. Brokskat aṣṭõš also has final stress. The independent ten-compound series includes both mono- and polysyllabic modern words; its common Kalkoti H2 cannot be reduced to current syllable count.
18	ten-compound-series	Sh	f_fp4jsojju5zvs	f_fp4jsojju5zvs	aṣṭáa~i	eighteen		schmidt	dialect:Sh:Astor:Astor	E@-2			Palula aṣṭóoš/aṣṭáaš E corresponds to Kalkoti iṣṭaáš H2. Brokskat aṣṭõš also has final stress. The independent ten-compound series includes both mono- and polysyllabic modern words; its common Kalkoti H2 cannot be reduced to current syllable count.
11	ten-compound-series	Sh	f_n72p5dylcvtdy	f_n72p5dylcvtdy	akáay	eleven		schmidt	dialect:Sh:gil:Gilgit	E@-1			Palula akóoš/akáaš has E in the final syllable; Kalkoti äkaáš has H2. Brokskat qudeš has initial stress and a distinct compound shape; Kundal yagáy marks final prominence without a recoverable mora contrast.
15	ten-compound-series	Sh	f_qvnesy54ikexm	f_qvnesy54ikexm	panzílee	fifteen		schmidt	dialect:Sh:koh:Kohistani	S@-2			Palula panǰíiš/panǰéeš E corresponds to Kalkoti pänǰeéš H2. Shina preserves several differently expanded formations with final prominence; Brokskat pããdeš has initial stress. Unmarked Sauji variants do not establish an E/L value.
15	ten-compound-series	Sh	f_6dixlhbxce3rm	f_6dixlhbxce3rm	pa~zulé~i~	fifteen		schmidt	dialect:Sh:gur:Guresi	S@-2			Palula panǰíiš/panǰéeš E corresponds to Kalkoti pänǰeéš H2. Shina preserves several differently expanded formations with final prominence; Brokskat pããdeš has initial stress. Unmarked Sauji variants do not establish an E/L value.
15	ten-compound-series	Sh	f_kcaz4pw3wjdls	f_kcaz4pw3wjdls	pazilí~	fifteen		schmidt	dialect:Sh:Astor:Astor	S@-1			Palula panǰíiš/panǰéeš E corresponds to Kalkoti pänǰeéš H2. Shina preserves several differently expanded formations with final prominence; Brokskat pããdeš has initial stress. Unmarked Sauji variants do not establish an E/L value.
14	ten-compound-series	Sh	f_epfemd4gdavkq	f_epfemd4gdavkq	coóndei	fourteen		schmidt	dialect:Sh:gil:Gilgit	vowel-sequence-marked@position-unresolved		unequal-vowel-sequence	Palula čandíiš/čandéeš E corresponds to Kalkoti čändeéš H2. Shina includes initial-long, medial-short and final-short marked variants, with different syllable reductions. Brokskat cuudeš and Ushojo cadʌš have initial stress; the western High pattern is not universal Shinaic final stress.
14	ten-compound-series	Sh	f_75f2cymzwbdow	f_75f2cymzwbdow	cahú~dee	fourteen		schmidt	dialect:Sh:koh:Kohistani	S@-2			Palula čandíiš/čandéeš E corresponds to Kalkoti čändeéš H2. Shina includes initial-long, medial-short and final-short marked variants, with different syllable reductions. Brokskat cuudeš and Ushojo cadʌš have initial stress; the western High pattern is not universal Shinaic final stress.
14	ten-compound-series	Sh	f_35tillzmpji5i	f_35tillzmpji5i	codé~i~	fourteen		schmidt	dialect:Sh:gur:Guresi	S@-2			Palula čandíiš/čandéeš E corresponds to Kalkoti čändeéš H2. Shina includes initial-long, medial-short and final-short marked variants, with different syllable reductions. Brokskat cuudeš and Ushojo cadʌš have initial stress; the western High pattern is not universal Shinaic final stress.
14	ten-compound-series	Sh	f_jatccynyb72cm	f_jatccynyb72cm	coóde~i~	fourteen		schmidt	dialect:Sh:Astor:Astor	L@-3			Palula čandíiš/čandéeš E corresponds to Kalkoti čändeéš H2. Shina includes initial-long, medial-short and final-short marked variants, with different syllable reductions. Brokskat cuudeš and Ushojo cadʌš have initial stress; the western High pattern is not universal Shinaic final stress.
19	nineteen-comparison	Sh	f_6hn5pi7vdxrdu	f_6hn5pi7vdxrdu	kunií	nineteen		schmidt	dialect:Sh:gil:Gilgit	L@-1			Palula aṇabhiíš L and Kalkoti änbíiš H1 contain the twenty element, unlike 11–18 ten compounds. Their correspondence matches Palula bhiíš L/Kalkoti bíiš H1 twenty. Shina kuniih and Brokskat kunjaa have different one-less formations, so no identical whole-compound accent history is assumed.
19	nineteen-comparison	Sh	f_ztu6nf4z2bqg6	f_ztu6nf4z2bqg6	ukaníi~	nineteen		schmidt	dialect:Sh:koh:Kohistani	E@-1			Palula aṇabhiíš L and Kalkoti änbíiš H1 contain the twenty element, unlike 11–18 ten compounds. Their correspondence matches Palula bhiíš L/Kalkoti bíiš H1 twenty. Shina kuniih and Brokskat kunjaa have different one-less formations, so no identical whole-compound accent history is assumed.
19	nineteen-comparison	Sh	f_cvbfeaq63l6pa	f_cvbfeaq63l6pa	kunií	nineteen		schmidt	dialect:Sh:gur:Guresi	L@-1			Palula aṇabhiíš L and Kalkoti änbíiš H1 contain the twenty element, unlike 11–18 ten compounds. Their correspondence matches Palula bhiíš L/Kalkoti bíiš H1 twenty. Shina kuniih and Brokskat kunjaa have different one-less formations, so no identical whole-compound accent history is assumed.
19	nineteen-comparison	Sh	f_725uhlgludsui	f_725uhlgludsui	kuniíh	nineteen		schmidt	dialect:Sh:Astor:Astor	L@-1			Palula aṇabhiíš L and Kalkoti änbíiš H1 contain the twenty element, unlike 11–18 ten compounds. Their correspondence matches Palula bhiíš L/Kalkoti bíiš H1 twenty. Shina kuniih and Brokskat kunjaa have different one-less formations, so no identical whole-compound accent history is assumed.
17	ten-compound-series	Sh	f_tmikey6kqcssg	f_tmikey6kqcssg	sattáa~y	seventeen		schmidt	dialect:Sh:gil:Gilgit	E@-1			Palula satóoš/satáaš E corresponds to Kalkoti sätaáš H2. Unlike the earlier Brokskat teens, sattõõš has final stress. Shina final accented aa precedes y/i material whose syllabicity varies by source.
17	ten-compound-series	Sh	f_k5f44lzrrqfha	f_k5f44lzrrqfha	sattáa~i~	seventeen		schmidt	dialect:Sh:koh:Kohistani	E@-2			Palula satóoš/satáaš E corresponds to Kalkoti sätaáš H2. Unlike the earlier Brokskat teens, sattõõš has final stress. Shina final accented aa precedes y/i material whose syllabicity varies by source.
17	ten-compound-series	Sh	f_kkzp6doosauu6	f_kkzp6doosauu6	sattáai	seventeen		schmidt	dialect:Sh:gur:Guresi	vowel-sequence-marked@position-unresolved		unequal-vowel-sequence	Palula satóoš/satáaš E corresponds to Kalkoti sätaáš H2. Unlike the earlier Brokskat teens, sattõõš has final stress. Shina final accented aa precedes y/i material whose syllabicity varies by source.
17	ten-compound-series	Sh	f_x3cuqzb6ekpak	f_x3cuqzb6ekpak	sattáa~i~	seventeen		schmidt	dialect:Sh:Astor:Astor	E@-2			Palula satóoš/satáaš E corresponds to Kalkoti sätaáš H2. Unlike the earlier Brokskat teens, sattõõš has final stress. Shina final accented aa precedes y/i material whose syllabicity varies by source.
16	ten-compound-series	Sh	f_i5zhetbcu6sua	f_i5zhetbcu6sua	ṣóo~y	sixteen		schmidt	dialect:Sh:gil:Gilgit	E@-1			Palula ṣoṛíiš/ṣoṛéeš E corresponds to Kalkoti ṣureéš H2. Shina contracted ṣoo(y/i) variants and Brokskat ṣobeš are different surface formations; Brokskat has initial stress. A different stem spelling does not erase the independent ten-compound membership.
16	ten-compound-series	Sh	f_vn7xqoplzraq2	f_vn7xqoplzraq2	ṣóo~i	sixteen		schmidt	dialect:Sh:koh:Kohistani	E@-2			Palula ṣoṛíiš/ṣoṛéeš E corresponds to Kalkoti ṣureéš H2. Shina contracted ṣoo(y/i) variants and Brokskat ṣobeš are different surface formations; Brokskat has initial stress. A different stem spelling does not erase the independent ten-compound membership.
16	ten-compound-series	Sh	f_nrj7dhvvg4ebk	f_nrj7dhvvg4ebk	ṣóo~i	sixteen		schmidt	dialect:Sh:gur:Guresi	E@-2			Palula ṣoṛíiš/ṣoṛéeš E corresponds to Kalkoti ṣureéš H2. Shina contracted ṣoo(y/i) variants and Brokskat ṣobeš are different surface formations; Brokskat has initial stress. A different stem spelling does not erase the independent ten-compound membership.
16	ten-compound-series	Sh	f_gxzyvkuh4lsgk	f_gxzyvkuh4lsgk	ṣói~	sixteen		schmidt	dialect:Sh:Astor:Astor	vowel-sequence-marked@position-unresolved		unequal-vowel-sequence	Palula ṣoṛíiš/ṣoṛéeš E corresponds to Kalkoti ṣureéš H2. Shina contracted ṣoo(y/i) variants and Brokskat ṣobeš are different surface formations; Brokskat has initial stress. A different stem spelling does not erase the independent ten-compound membership.
13	ten-compound-series	Sh	f_w43kdz3rjsvlg	f_w43kdz3rjsvlg	c̣óo~y	thirteen		schmidt	dialect:Sh:gil:Gilgit	E@-1			Palula tríiš/tréeš E versus Kalkoti treéš H2 belongs to the same ten-compound pattern as twelve. Brokskat trobeš is unmarked in print, not assigned initial stress by analogy. Shina often contracts to a vowel sequence or monosyllable.
13	ten-compound-series	Sh	f_a5bzli2yc64xg	f_a5bzli2yc64xg	c̣óoi	thirteen		schmidt	dialect:Sh:koh:Kohistani	vowel-sequence-marked@position-unresolved		unequal-vowel-sequence	Palula tríiš/tréeš E versus Kalkoti treéš H2 belongs to the same ten-compound pattern as twelve. Brokskat trobeš is unmarked in print, not assigned initial stress by analogy. Shina often contracts to a vowel sequence or monosyllable.
13	ten-compound-series	Sh	f_flg7rpcgrj3ge	f_flg7rpcgrj3ge	c̣ói	thirteen		schmidt	dialect:Sh:gur:Guresi	vowel-sequence-marked@position-unresolved		unequal-vowel-sequence	Palula tríiš/tréeš E versus Kalkoti treéš H2 belongs to the same ten-compound pattern as twelve. Brokskat trobeš is unmarked in print, not assigned initial stress by analogy. Shina often contracts to a vowel sequence or monosyllable.
13	ten-compound-series	Sh	f_zkupzibto5dwc	f_zkupzibto5dwc	c̣óoi	thirteen		schmidt	dialect:Sh:gur:Guresi	vowel-sequence-marked@position-unresolved		unequal-vowel-sequence	Palula tríiš/tréeš E versus Kalkoti treéš H2 belongs to the same ten-compound pattern as twelve. Brokskat trobeš is unmarked in print, not assigned initial stress by analogy. Shina often contracts to a vowel sequence or monosyllable.
13	ten-compound-series	Sh	f_sghcf5cj33ezs	f_sghcf5cj33ezs	c̣ói~	thirteen		schmidt	dialect:Sh:Astor:Astor	vowel-sequence-marked@position-unresolved		unequal-vowel-sequence	Palula tríiš/tréeš E versus Kalkoti treéš H2 belongs to the same ten-compound pattern as twelve. Brokskat trobeš is unmarked in print, not assigned initial stress by analogy. Shina often contracts to a vowel sequence or monosyllable.
18	ten-compound-series	Sh	f_fdpk4iynw334i	f_fdpk4iynw334i	aṣṭáa~i	eighteen		schmidt	dialect:Sh:dr:Dras	E@-2			Palula aṣṭóoš/aṣṭáaš E corresponds to Kalkoti iṣṭaáš H2. Brokskat aṣṭõš also has final stress. The independent ten-compound series includes both mono- and polysyllabic modern words; its common Kalkoti H2 cannot be reduced to current syllable count.
18	ten-compound-series	bro	f_4d3hf332smzn2	f_4d3hf332smzn2	aṣ'ṭõš	eighteen	946	schmidt		stress-marked@-1			Palula aṣṭóoš/aṣṭáaš E corresponds to Kalkoti iṣṭaáš H2. Brokskat aṣṭõš also has final stress. The independent ten-compound series includes both mono- and polysyllabic modern words; its common Kalkoti H2 cannot be reduced to current syllable count.
11	ten-compound-series	Sh	f_yhkgs2ftnl5sm	f_yhkgs2ftnl5sm	akáai	eleven	2485	schmidt	dialect:Sh:dr:Dras	vowel-sequence-marked@position-unresolved		unequal-vowel-sequence	Palula akóoš/akáaš has E in the final syllable; Kalkoti äkaáš has H2. Brokskat qudeš has initial stress and a distinct compound shape; Kundal yagáy marks final prominence without a recoverable mora contrast.
11	ten-compound-series	bro	f_sam4arspzrtlc	f_sam4arspzrtlc	'qudeš	eleven	2485	schmidt		stress-marked@-2			Palula akóoš/akáaš has E in the final syllable; Kalkoti äkaáš has H2. Brokskat qudeš has initial stress and a distinct compound shape; Kundal yagáy marks final prominence without a recoverable mora contrast.
15	ten-compound-series	Sh	f_ozzxihq4uq5pu	f_ozzxihq4uq5pu	paziléi	fifteen		schmidt	dialect:Sh:dr:Dras	vowel-sequence-marked@position-unresolved		unequal-vowel-sequence	Palula panǰíiš/panǰéeš E corresponds to Kalkoti pänǰeéš H2. Shina preserves several differently expanded formations with final prominence; Brokskat pããdeš has initial stress. Unmarked Sauji variants do not establish an E/L value.
15	ten-compound-series	bro	f_h3zdleoj74vxy	f_h3zdleoj74vxy	'pããdeš	fifteen	7662	schmidt		stress-marked@-2			Palula panǰíiš/panǰéeš E corresponds to Kalkoti pänǰeéš H2. Shina preserves several differently expanded formations with final prominence; Brokskat pããdeš has initial stress. Unmarked Sauji variants do not establish an E/L value.
14	ten-compound-series	Sh	f_pt7wpp5kjkcyw	f_pt7wpp5kjkcyw	codé~i~	fourteen		schmidt	dialect:Sh:dr:Dras	S@-2			Palula čandíiš/čandéeš E corresponds to Kalkoti čändeéš H2. Shina includes initial-long, medial-short and final-short marked variants, with different syllable reductions. Brokskat cuudeš and Ushojo cadʌš have initial stress; the western High pattern is not universal Shinaic final stress.
14	ten-compound-series	bro	f_otfqgjoq3mroy	f_otfqgjoq3mroy	'cuudeš	fourteen	4605	schmidt		stress-marked@-2			Palula čandíiš/čandéeš E corresponds to Kalkoti čändeéš H2. Shina includes initial-long, medial-short and final-short marked variants, with different syllable reductions. Brokskat cuudeš and Ushojo cadʌš have initial stress; the western High pattern is not universal Shinaic final stress.
19	nineteen-comparison	Sh	f_2r3un3urlefvg	f_2r3un3urlefvg	kuniíh	nineteen		schmidt	dialect:Sh:dr:Dras	L@-1			Palula aṇabhiíš L and Kalkoti änbíiš H1 contain the twenty element, unlike 11–18 ten compounds. Their correspondence matches Palula bhiíš L/Kalkoti bíiš H1 twenty. Shina kuniih and Brokskat kunjaa have different one-less formations, so no identical whole-compound accent history is assumed.
19	nineteen-comparison	bro	f_3arpiv5uj7m7a	f_3arpiv5uj7m7a	'kunjaa	nineteen	2499	schmidt		stress-marked@-2			Palula aṇabhiíš L and Kalkoti änbíiš H1 contain the twenty element, unlike 11–18 ten compounds. Their correspondence matches Palula bhiíš L/Kalkoti bíiš H1 twenty. Shina kuniih and Brokskat kunjaa have different one-less formations, so no identical whole-compound accent history is assumed.
17	ten-compound-series	Sh	f_tbi7jq6dmvetc	f_tbi7jq6dmvetc	sattáa~i~	seventeen		schmidt	dialect:Sh:dr:Dras	E@-2			Palula satóoš/satáaš E corresponds to Kalkoti sätaáš H2. Unlike the earlier Brokskat teens, sattõõš has final stress. Shina final accented aa precedes y/i material whose syllabicity varies by source.
17	ten-compound-series	bro	f_fsgzoplf5pj6s	f_fsgzoplf5pj6s	sat'tõõš	seventeen	13146	schmidt		stress-marked@-1			Palula satóoš/satáaš E corresponds to Kalkoti sätaáš H2. Unlike the earlier Brokskat teens, sattõõš has final stress. Shina final accented aa precedes y/i material whose syllabicity varies by source.
16	ten-compound-series	Sh	f_egqiopq2ouov4	f_egqiopq2ouov4	ṣóoi	sixteen		schmidt	dialect:Sh:dr:Dras	vowel-sequence-marked@position-unresolved		unequal-vowel-sequence	Palula ṣoṛíiš/ṣoṛéeš E corresponds to Kalkoti ṣureéš H2. Shina contracted ṣoo(y/i) variants and Brokskat ṣobeš are different surface formations; Brokskat has initial stress. A different stem spelling does not erase the independent ten-compound membership.
16	ten-compound-series	bro	f_wia2t3pd4igc4	f_wia2t3pd4igc4	'ṣobeš	sixteen	12812	schmidt		stress-marked@-2			Palula ṣoṛíiš/ṣoṛéeš E corresponds to Kalkoti ṣureéš H2. Shina contracted ṣoo(y/i) variants and Brokskat ṣobeš are different surface formations; Brokskat has initial stress. A different stem spelling does not erase the independent ten-compound membership.
13	ten-compound-series	Sh	f_35yw672qmeyby	f_35yw672qmeyby	c̣óoi	thirteen		schmidt	dialect:Sh:dr:Dras	vowel-sequence-marked@position-unresolved		unequal-vowel-sequence	Palula tríiš/tréeš E versus Kalkoti treéš H2 belongs to the same ten-compound pattern as twelve. Brokskat trobeš is unmarked in print, not assigned initial stress by analogy. Shina often contracts to a vowel sequence or monosyllable.
13	ten-compound-series	bro	f_y3yh5wwtwkfaa	f_y3yh5wwtwkfaa	trobeš	thirteen	6001	schmidt		unmarked			Palula tríiš/tréeš E versus Kalkoti treéš H2 belongs to the same ten-compound pattern as twelve. Brokskat trobeš is unmarked in print, not assigned initial stress by analogy. Shina often contracts to a vowel sequence or monosyllable.
12	ten-compound-series	Sh	f_4kqsqlvzrpaii	f_4kqsqlvzrpaii	bwaai	twelve		schmidt	dialect:Sh:dr:Dras	unmarked		unequal-vowel-sequence	Palula bóoš/báaš E versus Kalkoti baáš H2 is a real exception to the simple monosyllabic E→zero mapping, but it agrees with the independent ten-compound series. Shina baai vowel sequences require source-specific interpretation; Brokskat budeš has initial stress.
12	ten-compound-series	bro	f_7uqzgkl2nisto	f_7uqzgkl2nisto	'budeš	twelve	6658	schmidt		stress-marked@-2			Palula bóoš/báaš E versus Kalkoti baáš H2 is a real exception to the simple monosyllabic E→zero mapping, but it agrees with the independent ten-compound series. Shina baai vowel sequences require source-specific interpretation; Brokskat budeš has initial stress.
20	twenty-control	Sh	f_4qpwwlwoztg2c	f_4qpwwlwoztg2c	bií	twenty	11616	schmidt	dialect:Sh:dr:Dras	L@-1			Palula bhiíš L corresponds to Kalkoti bíiš H1; Shina commonly has bií L, Kundal bī̌ rising, and Brokskat bižaa final syllable stress. Survey biš panj under twenty contains five as well and is not a clean twenty citation; preserve it with an explicit exclusion.
20	twenty-control	bro	f_vj7ui5d2d2jde	f_vj7ui5d2d2jde	bi'žaa	twenty	11616	schmidt		stress-marked@-1			Palula bhiíš L corresponds to Kalkoti bíiš H1; Shina commonly has bií L, Kundal bī̌ rising, and Brokskat bižaa final syllable stress. Survey biš panj under twenty contains five as well and is not a clean twenty citation; preserve it with an explicit exclusion.
11	ten-compound-series	Sh	f_r2c3aqtelxloq	f_r2c3aqtelxloq	ʌkái	Eleven		rajapurohit2012	dialect:Sh:dr:Dras	stress-in-vowel-sequence@position-unresolved		unequal-vowel-sequence	Palula akóoš/akáaš has E in the final syllable; Kalkoti äkaáš has H2. Brokskat qudeš has initial stress and a distinct compound shape; Kundal yagáy marks final prominence without a recoverable mora contrast.
12	ten-compound-series	Sh	f_lqabbzpwxyayg	f_lqabbzpwxyayg	bwai	Twelve		rajapurohit2012	dialect:Sh:dr:Dras	unmarked		unequal-vowel-sequence	Palula bóoš/báaš E versus Kalkoti baáš H2 is a real exception to the simple monosyllabic E→zero mapping, but it agrees with the independent ten-compound series. Shina baai vowel sequences require source-specific interpretation; Brokskat budeš has initial stress.
13	ten-compound-series	Sh	f_y26d6kb4zryqo	f_y26d6kb4zryqo	ʈʂõ	Thirteen		rajapurohit2012	dialect:Sh:dr:Dras	unmarked			Palula tríiš/tréeš E versus Kalkoti treéš H2 belongs to the same ten-compound pattern as twelve. Brokskat trobeš is unmarked in print, not assigned initial stress by analogy. Shina often contracts to a vowel sequence or monosyllable.
17	ten-compound-series	Sh	f_pu6felkgxu74k	f_pu6felkgxu74k	sʌttá:i	Seventeen		rajapurohit2012	dialect:Sh:dr:Dras	stress-marked@-2			Palula satóoš/satáaš E corresponds to Kalkoti sätaáš H2. Unlike the earlier Brokskat teens, sattõõš has final stress. Shina final accented aa precedes y/i material whose syllabicity varies by source.
19	nineteen-comparison	Sh	f_gmef7jdijkejs	f_gmef7jdijkejs	kũnní:	Nineteen		rajapurohit2012	dialect:Sh:dr:Dras	stress-marked@-1			Palula aṇabhiíš L and Kalkoti änbíiš H1 contain the twenty element, unlike 11–18 ten compounds. Their correspondence matches Palula bhiíš L/Kalkoti bíiš H1 twenty. Shina kuniih and Brokskat kunjaa have different one-less formations, so no identical whole-compound accent history is assumed.
20	twenty-control	Sh	f_7vygvuojkdyw4	f_7vygvuojkdyw4	bi:	Twenty	11616	rajapurohit2012	dialect:Sh:dr:Dras	unmarked			Palula bhiíš L corresponds to Kalkoti bíiš H1; Shina commonly has bií L, Kundal bī̌ rising, and Brokskat bižaa final syllable stress. Survey biš panj under twenty contains five as well and is not a clean twenty citation; preserve it with an explicit exclusion.
11	ten-compound-series	Phal	f_zczy3tykx7jkm	f_zczy3tykx7jkm	ɑkoɕ	eleven		decker1992	dialect:Phal:SSNP-chitral-ASP:Ashret	unmarked			Palula akóoš/akáaš has E in the final syllable; Kalkoti äkaáš has H2. Brokskat qudeš has initial stress and a distinct compound shape; Kundal yagáy marks final prominence without a recoverable mora contrast.
12	ten-compound-series	Phal	f_qngdqbsw22vho	f_qngdqbsw22vho	boɕ	twelve		decker1992	dialect:Phal:SSNP-chitral-ASP:Ashret	unmarked			Palula bóoš/báaš E versus Kalkoti baáš H2 is a real exception to the simple monosyllabic E→zero mapping, but it agrees with the independent ten-compound series. Shina baai vowel sequences require source-specific interpretation; Brokskat budeš has initial stress.
11	ten-compound-series	Phal	f_b4sz6bmoc7cd4	f_b4sz6bmoc7cd4	ɑkɑɕ	eleven		decker1992	dialect:Phal:SSNP-chitral-BIP:Biori	unmarked			Palula akóoš/akáaš has E in the final syllable; Kalkoti äkaáš has H2. Brokskat qudeš has initial stress and a distinct compound shape; Kundal yagáy marks final prominence without a recoverable mora contrast.
12	ten-compound-series	Phal	f_azd5bolwk6hag	f_azd5bolwk6hag	bɑɕ	twelve		decker1992	dialect:Phal:SSNP-chitral-BIP:Biori	unmarked			Palula bóoš/báaš E versus Kalkoti baáš H2 is a real exception to the simple monosyllabic E→zero mapping, but it agrees with the independent ten-compound series. Shina baai vowel sequences require source-specific interpretation; Brokskat budeš has initial stress.
11	ten-compound-series	Phal	f_7mh4b75d2a544	f_7mh4b75d2a544	ɑkoɕ	eleven		decker1992	dialect:Phal:SSNP-chitral-PUP:Purigal	unmarked			Palula akóoš/akáaš has E in the final syllable; Kalkoti äkaáš has H2. Brokskat qudeš has initial stress and a distinct compound shape; Kundal yagáy marks final prominence without a recoverable mora contrast.
12	ten-compound-series	Phal	f_kwsgnkknxt2eu	f_kwsgnkknxt2eu	boɕ	twelve		decker1992	dialect:Phal:SSNP-chitral-PUP:Purigal	unmarked			Palula bóoš/báaš E versus Kalkoti baáš H2 is a real exception to the simple monosyllabic E→zero mapping, but it agrees with the independent ten-compound series. Shina baai vowel sequences require source-specific interpretation; Brokskat budeš has initial stress.
11	ten-compound-series	Sv	f_qqvlxbav7zfio	f_qqvlxbav7zfio	yʌkoɕ	eleven		decker1992	dialect:Sv:SSNP-chitral-SSS:Sau	unmarked			Palula akóoš/akáaš has E in the final syllable; Kalkoti äkaáš has H2. Brokskat qudeš has initial stress and a distinct compound shape; Kundal yagáy marks final prominence without a recoverable mora contrast.
12	ten-compound-series	Sv	f_tszbdjcx7mer4	f_tszbdjcx7mer4	boɕ	twelve		decker1992	dialect:Sv:SSNP-chitral-SSS:Sau	unmarked			Palula bóoš/báaš E versus Kalkoti baáš H2 is a real exception to the simple monosyllabic E→zero mapping, but it agrees with the independent ten-compound series. Shina baai vowel sequences require source-specific interpretation; Brokskat budeš has initial stress.
20	twenty-control	Phal	f_drkj6nbilwpc2	f_drkj6nbilwpc2	bhiɕ	twenty		decker1992	dialect:Phal:SSNP-chitral-ASP:Ashret	unmarked			Palula bhiíš L corresponds to Kalkoti bíiš H1; Shina commonly has bií L, Kundal bī̌ rising, and Brokskat bižaa final syllable stress. Survey biš panj under twenty contains five as well and is not a clean twenty citation; preserve it with an explicit exclusion.
20	twenty-control	Phal	f_d5rsj7ssrbllq	f_d5rsj7ssrbllq	bhiɕ	twenty		decker1992	dialect:Phal:SSNP-chitral-BIP:Biori	unmarked			Palula bhiíš L corresponds to Kalkoti bíiš H1; Shina commonly has bií L, Kundal bī̌ rising, and Brokskat bižaa final syllable stress. Survey biš panj under twenty contains five as well and is not a clean twenty citation; preserve it with an explicit exclusion.
20	twenty-control	Phal	f_emlk2cbeh33ei	f_emlk2cbeh33ei	bhiɕ	twenty		decker1992	dialect:Phal:SSNP-chitral-PUP:Purigal	unmarked			Palula bhiíš L corresponds to Kalkoti bíiš H1; Shina commonly has bií L, Kundal bī̌ rising, and Brokskat bižaa final syllable stress. Survey biš panj under twenty contains five as well and is not a clean twenty citation; preserve it with an explicit exclusion.
20	twenty-control	Sv	f_gwrmgkgctqst6	f_gwrmgkgctqst6	biɕ pɑ̃j	twenty		decker1992	dialect:Sv:SSNP-chitral-SSS:Sau	unmarked	twenty-plus-five-expression-misglossed	multiword-or-alternatives	Palula bhiíš L corresponds to Kalkoti bíiš H1; Shina commonly has bií L, Kundal bī̌ rising, and Brokskat bižaa final syllable stress. Survey biš panj under twenty contains five as well and is not a clean twenty citation; preserve it with an explicit exclusion.
11	ten-compound-series	Kalk	f_fgwatyg6iswp4	f_fgwatyg6iswp4	ɑ'kɑʃ	eleven		rensch-decker-hallberg1992	dialect:Kalk:SSNP-kohistani-KLK:Kalkot	stress-marked@-1			Palula akóoš/akáaš has E in the final syllable; Kalkoti äkaáš has H2. Brokskat qudeš has initial stress and a distinct compound shape; Kundal yagáy marks final prominence without a recoverable mora contrast.
12	ten-compound-series	Kalk	f_4eyjbtqoy7aba	f_4eyjbtqoy7aba	bɑʃ	twelve		rensch-decker-hallberg1992	dialect:Kalk:SSNP-kohistani-KLK:Kalkot	unmarked			Palula bóoš/báaš E versus Kalkoti baáš H2 is a real exception to the simple monosyllabic E→zero mapping, but it agrees with the independent ten-compound series. Shina baai vowel sequences require source-specific interpretation; Brokskat budeš has initial stress.
20	twenty-control	Kalk	f_hykqkpm5jidb6	f_hykqkpm5jidb6	biʃ pɑnj	twenty		rensch-decker-hallberg1992	dialect:Kalk:SSNP-kohistani-KLK:Kalkot	unmarked	twenty-plus-five-expression-misglossed	multiword-or-alternatives	Palula bhiíš L corresponds to Kalkoti bíiš H1; Shina commonly has bií L, Kundal bī̌ rising, and Brokskat bižaa final syllable stress. Survey biš panj under twenty contains five as well and is not a clean twenty citation; preserve it with an explicit exclusion.
11	ten-compound-series	Ush	f_k3hxir2o6cec2	f_k3hxir2o6cec2	ʌ'gɑʃ	eleven	2485	rensch-decker-hallberg1992	dialect:Ush:SSNP-ushojo-USH:Bishigram	stress-marked@-1			Palula akóoš/akáaš has E in the final syllable; Kalkoti äkaáš has H2. Brokskat qudeš has initial stress and a distinct compound shape; Kundal yagáy marks final prominence without a recoverable mora contrast.
12	ten-compound-series	Ush	f_ladnbxe6hvb5w	f_ladnbxe6hvb5w	dwɑʃ	twelve	6658	rensch-decker-hallberg1992	dialect:Ush:SSNP-ushojo-USH:Bishigram	unmarked			Palula bóoš/báaš E versus Kalkoti baáš H2 is a real exception to the simple monosyllabic E→zero mapping, but it agrees with the independent ten-compound series. Shina baai vowel sequences require source-specific interpretation; Brokskat budeš has initial stress.
20	twenty-control	Ush	f_qyifh32ejhros	f_qyifh32ejhros	bi	twenty	11616	rensch-decker-hallberg1992	dialect:Ush:SSNP-ushojo-USH:Bishigram	unmarked			Palula bhiíš L corresponds to Kalkoti bíiš H1; Shina commonly has bií L, Kundal bī̌ rising, and Brokskat bižaa final syllable stress. Survey biš panj under twenty contains five as well and is not a clean twenty citation; preserve it with an explicit exclusion.
14	ten-compound-series	Ush	f_56kzkgw2kyfek	f_56kzkgw2kyfek	'cɑdʌʃ	fourteen	4605	rensch-decker-hallberg1992	dialect:Ush:SSNP-ushojo-USH:Bishigram	stress-marked@-2			Palula čandíiš/čandéeš E corresponds to Kalkoti čändeéš H2. Shina includes initial-long, medial-short and final-short marked variants, with different syllable reductions. Brokskat cuudeš and Ushojo cadʌš have initial stress; the western High pattern is not universal Shinaic final stress.
19	nineteen-comparison	Ush	f_l2rousw7av2fo	f_l2rousw7av2fo	ʌn'biʃ	nineteen	2411	rensch-decker-hallberg1992	dialect:Ush:SSNP-ushojo-USH:Bishigram	stress-marked@-1			Palula aṇabhiíš L and Kalkoti änbíiš H1 contain the twenty element, unlike 11–18 ten compounds. Their correspondence matches Palula bhiíš L/Kalkoti bíiš H1 twenty. Shina kuniih and Brokskat kunjaa have different one-less formations, so no identical whole-compound accent history is assumed.
17	ten-compound-series	Ush	f_trnjteh7xc6q2	f_trnjteh7xc6q2	sʌ'tɑʃ	seventeen	13146	rensch-decker-hallberg1992	dialect:Ush:SSNP-ushojo-USH:Bishigram	stress-marked@-1			Palula satóoš/satáaš E corresponds to Kalkoti sätaáš H2. Unlike the earlier Brokskat teens, sattõõš has final stress. Shina final accented aa precedes y/i material whose syllabicity varies by source.
16	ten-compound-series	Ush	f_7aykxn2yr32uo	f_7aykxn2yr32uo	ʂeʂ	sixteen	12812	rensch-decker-hallberg1992	dialect:Ush:SSNP-ushojo-USH:Bishigram	unmarked			Palula ṣoṛíiš/ṣoṛéeš E corresponds to Kalkoti ṣureéš H2. Shina contracted ṣoo(y/i) variants and Brokskat ṣobeš are different surface formations; Brokskat has initial stress. A different stem spelling does not erase the independent ten-compound membership.
13	ten-compound-series	Ush	f_nigegzolzdnrg	f_nigegzolzdnrg	't͡ɕeiʃ	thirteen	6001	rensch-decker-hallberg1992	dialect:Ush:SSNP-ushojo-USH:Bishigram	stress-marked@position-unresolved		unequal-vowel-sequence	Palula tríiš/tréeš E versus Kalkoti treéš H2 belongs to the same ten-compound pattern as twelve. Brokskat trobeš is unmarked in print, not assigned initial stress by analogy. Shina often contracts to a vowel sequence or monosyllable.
11	ten-compound-series	bro	f_a25osgfse6o3i	f_a25osgfse6o3i	qudeɕ	11		liljegren-hindukush	dialect:bro:HKAT-bkk:Batalik	unmarked			Palula akóoš/akáaš has E in the final syllable; Kalkoti äkaáš has H2. Brokskat qudeš has initial stress and a distinct compound shape; Kundal yagáy marks final prominence without a recoverable mora contrast.
12	ten-compound-series	bro	f_mgtccrdt7i724	f_mgtccrdt7i724	budeɕ	12		liljegren-hindukush	dialect:bro:HKAT-bkk:Batalik	unmarked			Palula bóoš/báaš E versus Kalkoti baáš H2 is a real exception to the simple monosyllabic E→zero mapping, but it agrees with the independent ten-compound series. Shina baai vowel sequences require source-specific interpretation; Brokskat budeš has initial stress.
13	ten-compound-series	bro	f_zxkxvh24c2uws	f_zxkxvh24c2uws	trøbeɕ	13		liljegren-hindukush	dialect:bro:HKAT-bkk:Batalik	unmarked			Palula tríiš/tréeš E versus Kalkoti treéš H2 belongs to the same ten-compound pattern as twelve. Brokskat trobeš is unmarked in print, not assigned initial stress by analogy. Shina often contracts to a vowel sequence or monosyllable.
14	ten-compound-series	bro	f_tdxibcp4n5elu	f_tdxibcp4n5elu	tɕydeɕ	14		liljegren-hindukush	dialect:bro:HKAT-bkk:Batalik	unmarked			Palula čandíiš/čandéeš E corresponds to Kalkoti čändeéš H2. Shina includes initial-long, medial-short and final-short marked variants, with different syllable reductions. Brokskat cuudeš and Ushojo cadʌš have initial stress; the western High pattern is not universal Shinaic final stress.
15	ten-compound-series	bro	f_xjkeja3kufcr6	f_xjkeja3kufcr6	pændeɕ	15		liljegren-hindukush	dialect:bro:HKAT-bkk:Batalik	unmarked			Palula panǰíiš/panǰéeš E corresponds to Kalkoti pänǰeéš H2. Shina preserves several differently expanded formations with final prominence; Brokskat pããdeš has initial stress. Unmarked Sauji variants do not establish an E/L value.
16	ten-compound-series	bro	f_uzet5ue7hzczy	f_uzet5ue7hzczy	ʂøbeɕ	16		liljegren-hindukush	dialect:bro:HKAT-bkk:Batalik	unmarked			Palula ṣoṛíiš/ṣoṛéeš E corresponds to Kalkoti ṣureéš H2. Shina contracted ṣoo(y/i) variants and Brokskat ṣobeš are different surface formations; Brokskat has initial stress. A different stem spelling does not erase the independent ten-compound membership.
17	ten-compound-series	bro	f_2uesxfap4fd5c	f_2uesxfap4fd5c	satũɕ	17		liljegren-hindukush	dialect:bro:HKAT-bkk:Batalik	unmarked			Palula satóoš/satáaš E corresponds to Kalkoti sätaáš H2. Unlike the earlier Brokskat teens, sattõõš has final stress. Shina final accented aa precedes y/i material whose syllabicity varies by source.
18	ten-compound-series	bro	f_h7ggsqdpczx74	f_h7ggsqdpczx74	aʂtũɕ	18		liljegren-hindukush	dialect:bro:HKAT-bkk:Batalik	unmarked			Palula aṣṭóoš/aṣṭáaš E corresponds to Kalkoti iṣṭaáš H2. Brokskat aṣṭõš also has final stress. The independent ten-compound series includes both mono- and polysyllabic modern words; its common Kalkoti H2 cannot be reduced to current syllable count.
19	nineteen-comparison	bro	f_hxloxnwqwrf3y	f_hxloxnwqwrf3y	kundʑæ	19		liljegren-hindukush	dialect:bro:HKAT-bkk:Batalik	unmarked			Palula aṇabhiíš L and Kalkoti änbíiš H1 contain the twenty element, unlike 11–18 ten compounds. Their correspondence matches Palula bhiíš L/Kalkoti bíiš H1 twenty. Shina kuniih and Brokskat kunjaa have different one-less formations, so no identical whole-compound accent history is assumed.
20	twenty-control	bro	f_dqzycx6aw4dik	f_dqzycx6aw4dik	biʑæ	20		liljegren-hindukush	dialect:bro:HKAT-bkk:Batalik	unmarked			Palula bhiíš L corresponds to Kalkoti bíiš H1; Shina commonly has bií L, Kundal bī̌ rising, and Brokskat bižaa final syllable stress. Survey biš panj under twenty contains five as well and is not a clean twenty citation; preserve it with an explicit exclusion.
11	ten-compound-series	Kalk	f_qgiwq6p53ye42	f_qgiwq6p53ye42	aka̰ːɕ	11		liljegren-hindukush	dialect:Kalk:HKAT-xka:Kalkot%20%28HKAT%29	unmarked			Palula akóoš/akáaš has E in the final syllable; Kalkoti äkaáš has H2. Brokskat qudeš has initial stress and a distinct compound shape; Kundal yagáy marks final prominence without a recoverable mora contrast.
12	ten-compound-series	Kalk	f_o26kpl7qg2356	f_o26kpl7qg2356	ba̰ːɕ	12		liljegren-hindukush	dialect:Kalk:HKAT-xka:Kalkot%20%28HKAT%29	unmarked			Palula bóoš/báaš E versus Kalkoti baáš H2 is a real exception to the simple monosyllabic E→zero mapping, but it agrees with the independent ten-compound series. Shina baai vowel sequences require source-specific interpretation; Brokskat budeš has initial stress.
13	ten-compound-series	Kalk	f_vz4egst2zbnzc	f_vz4egst2zbnzc	trḛːɕ	13		liljegren-hindukush	dialect:Kalk:HKAT-xka:Kalkot%20%28HKAT%29	unmarked			Palula tríiš/tréeš E versus Kalkoti treéš H2 belongs to the same ten-compound pattern as twelve. Brokskat trobeš is unmarked in print, not assigned initial stress by analogy. Shina often contracts to a vowel sequence or monosyllable.
14	ten-compound-series	Kalk	f_sjjh7pmgeqz5e	f_sjjh7pmgeqz5e	tɕandḛːɕ	14		liljegren-hindukush	dialect:Kalk:HKAT-xka:Kalkot%20%28HKAT%29	unmarked			Palula čandíiš/čandéeš E corresponds to Kalkoti čändeéš H2. Shina includes initial-long, medial-short and final-short marked variants, with different syllable reductions. Brokskat cuudeš and Ushojo cadʌš have initial stress; the western High pattern is not universal Shinaic final stress.
15	ten-compound-series	Kalk	f_kaa27lhxdl4g4	f_kaa27lhxdl4g4	pandʑḛːɕ	15		liljegren-hindukush	dialect:Kalk:HKAT-xka:Kalkot%20%28HKAT%29	unmarked			Palula panǰíiš/panǰéeš E corresponds to Kalkoti pänǰeéš H2. Shina preserves several differently expanded formations with final prominence; Brokskat pããdeš has initial stress. Unmarked Sauji variants do not establish an E/L value.
16	ten-compound-series	Kalk	f_nftu2pigwc4j2	f_nftu2pigwc4j2	ʂurḛːɕ	16		liljegren-hindukush	dialect:Kalk:HKAT-xka:Kalkot%20%28HKAT%29	unmarked			Palula ṣoṛíiš/ṣoṛéeš E corresponds to Kalkoti ṣureéš H2. Shina contracted ṣoo(y/i) variants and Brokskat ṣobeš are different surface formations; Brokskat has initial stress. A different stem spelling does not erase the independent ten-compound membership.
17	ten-compound-series	Kalk	f_2d4vbqsg4wdye	f_2d4vbqsg4wdye	sata̰ːɕ	17		liljegren-hindukush	dialect:Kalk:HKAT-xka:Kalkot%20%28HKAT%29	unmarked			Palula satóoš/satáaš E corresponds to Kalkoti sätaáš H2. Unlike the earlier Brokskat teens, sattõõš has final stress. Shina final accented aa precedes y/i material whose syllabicity varies by source.
18	ten-compound-series	Kalk	f_gfxdrwyjapl2a	f_gfxdrwyjapl2a	eʂʈa̰ːɕ	18		liljegren-hindukush	dialect:Kalk:HKAT-xka:Kalkot%20%28HKAT%29	unmarked			Palula aṣṭóoš/aṣṭáaš E corresponds to Kalkoti iṣṭaáš H2. Brokskat aṣṭõš also has final stress. The independent ten-compound series includes both mono- and polysyllabic modern words; its common Kalkoti H2 cannot be reduced to current syllable count.
19	nineteen-comparison	Kalk	f_mmmzjiph66e6w	f_mmmzjiph66e6w	ɑnbiːɕ	19		liljegren-hindukush	dialect:Kalk:HKAT-xka:Kalkot%20%28HKAT%29	unmarked			Palula aṇabhiíš L and Kalkoti änbíiš H1 contain the twenty element, unlike 11–18 ten compounds. Their correspondence matches Palula bhiíš L/Kalkoti bíiš H1 twenty. Shina kuniih and Brokskat kunjaa have different one-less formations, so no identical whole-compound accent history is assumed.
20	twenty-control	Kalk	f_7l4hpd3coh5li	f_7l4hpd3coh5li	biːɕ	20		liljegren-hindukush	dialect:Kalk:HKAT-xka:Kalkot%20%28HKAT%29	unmarked			Palula bhiíš L corresponds to Kalkoti bíiš H1; Shina commonly has bií L, Kundal bī̌ rising, and Brokskat bižaa final syllable stress. Survey biš panj under twenty contains five as well and is not a clean twenty citation; preserve it with an explicit exclusion.
11	ten-compound-series	Sh	f_aqe767qisp3vm	f_aqe767qisp3vm	akaːe	11		liljegren-hindukush	dialect:Sh:HKAT-plk:Palas%20%28Kohistani%29	unmarked			Palula akóoš/akáaš has E in the final syllable; Kalkoti äkaáš has H2. Brokskat qudeš has initial stress and a distinct compound shape; Kundal yagáy marks final prominence without a recoverable mora contrast.
12	ten-compound-series	Sh	f_qhozdurektcka	f_qhozdurektcka	baːe	12		liljegren-hindukush	dialect:Sh:HKAT-plk:Palas%20%28Kohistani%29	unmarked			Palula bóoš/báaš E versus Kalkoti baáš H2 is a real exception to the simple monosyllabic E→zero mapping, but it agrees with the independent ten-compound series. Shina baai vowel sequences require source-specific interpretation; Brokskat budeš has initial stress.
13	ten-compound-series	Sh	f_rcyuglr446rdo	f_rcyuglr446rdo	ʈʂoːi	13		liljegren-hindukush	dialect:Sh:HKAT-plk:Palas%20%28Kohistani%29	unmarked			Palula tríiš/tréeš E versus Kalkoti treéš H2 belongs to the same ten-compound pattern as twelve. Brokskat trobeš is unmarked in print, not assigned initial stress by analogy. Shina often contracts to a vowel sequence or monosyllable.
14	ten-compound-series	Sh	f_6isf2gf3uodge	f_6isf2gf3uodge	tɕahundeː	14		liljegren-hindukush	dialect:Sh:HKAT-plk:Palas%20%28Kohistani%29	unmarked			Palula čandíiš/čandéeš E corresponds to Kalkoti čändeéš H2. Shina includes initial-long, medial-short and final-short marked variants, with different syllable reductions. Brokskat cuudeš and Ushojo cadʌš have initial stress; the western High pattern is not universal Shinaic final stress.
15	ten-compound-series	Sh	f_2gcyyvu25ykxy	f_2gcyyvu25ykxy	panzəleː	15		liljegren-hindukush	dialect:Sh:HKAT-plk:Palas%20%28Kohistani%29	unmarked			Palula panǰíiš/panǰéeš E corresponds to Kalkoti pänǰeéš H2. Shina preserves several differently expanded formations with final prominence; Brokskat pããdeš has initial stress. Unmarked Sauji variants do not establish an E/L value.
16	ten-compound-series	Sh	f_uw6vowscaz4dw	f_uw6vowscaz4dw	ʂõːi	16		liljegren-hindukush	dialect:Sh:HKAT-plk:Palas%20%28Kohistani%29	unmarked			Palula ṣoṛíiš/ṣoṛéeš E corresponds to Kalkoti ṣureéš H2. Shina contracted ṣoo(y/i) variants and Brokskat ṣobeš are different surface formations; Brokskat has initial stress. A different stem spelling does not erase the independent ten-compound membership.
17	ten-compound-series	Sh	f_ntim4c565raqq	f_ntim4c565raqq	sataːẽ	17		liljegren-hindukush	dialect:Sh:HKAT-plk:Palas%20%28Kohistani%29	unmarked			Palula satóoš/satáaš E corresponds to Kalkoti sätaáš H2. Unlike the earlier Brokskat teens, sattõõš has final stress. Shina final accented aa precedes y/i material whose syllabicity varies by source.
18	ten-compound-series	Sh	f_6trtlkup45sae	f_6trtlkup45sae	ãʂʈaːẽ	18		liljegren-hindukush	dialect:Sh:HKAT-plk:Palas%20%28Kohistani%29	unmarked			Palula aṣṭóoš/aṣṭáaš E corresponds to Kalkoti iṣṭaáš H2. Brokskat aṣṭõš also has final stress. The independent ten-compound series includes both mono- and polysyllabic modern words; its common Kalkoti H2 cannot be reduced to current syllable count.
19	nineteen-comparison	Sh	f_fs5txhddav7pc	f_fs5txhddav7pc	ukniː	19		liljegren-hindukush	dialect:Sh:HKAT-plk:Palas%20%28Kohistani%29	unmarked			Palula aṇabhiíš L and Kalkoti änbíiš H1 contain the twenty element, unlike 11–18 ten compounds. Their correspondence matches Palula bhiíš L/Kalkoti bíiš H1 twenty. Shina kuniih and Brokskat kunjaa have different one-less formations, so no identical whole-compound accent history is assumed.
20	twenty-control	Sh	f_vhwopfyhgego6	f_vhwopfyhgego6	biː	20	11616	liljegren-hindukush	dialect:Sh:HKAT-plk:Palas%20%28Kohistani%29	unmarked			Palula bhiíš L corresponds to Kalkoti bíiš H1; Shina commonly has bií L, Kundal bī̌ rising, and Brokskat bižaa final syllable stress. Survey biš panj under twenty contains five as well and is not a clean twenty citation; preserve it with an explicit exclusion.
11	ten-compound-series	Kund	f_56klgwxb5oy6g	f_56klgwxb5oy6g	jagaːi	11		liljegren-hindukush	dialect:Kund:HKAT-shd:Athmuqam	unmarked			Palula akóoš/akáaš has E in the final syllable; Kalkoti äkaáš has H2. Brokskat qudeš has initial stress and a distinct compound shape; Kundal yagáy marks final prominence without a recoverable mora contrast.
12	ten-compound-series	Kund	f_ailz7qnesfdgy	f_ailz7qnesfdgy	baːi	12		liljegren-hindukush	dialect:Kund:HKAT-shd:Athmuqam	unmarked			Palula bóoš/báaš E versus Kalkoti baáš H2 is a real exception to the simple monosyllabic E→zero mapping, but it agrees with the independent ten-compound series. Shina baai vowel sequences require source-specific interpretation; Brokskat budeš has initial stress.
13	ten-compound-series	Kund	f_odbcyw4mn2xxk	f_odbcyw4mn2xxk	troi	13		liljegren-hindukush	dialect:Kund:HKAT-shd:Athmuqam	unmarked		unequal-vowel-sequence	Palula tríiš/tréeš E versus Kalkoti treéš H2 belongs to the same ten-compound pattern as twelve. Brokskat trobeš is unmarked in print, not assigned initial stress by analogy. Shina often contracts to a vowel sequence or monosyllable.
14	ten-compound-series	Kund	f_ohpdmm4t5pzlc	f_ohpdmm4t5pzlc	tɕodẽj	14		liljegren-hindukush	dialect:Kund:HKAT-shd:Athmuqam	unmarked			Palula čandíiš/čandéeš E corresponds to Kalkoti čändeéš H2. Shina includes initial-long, medial-short and final-short marked variants, with different syllable reductions. Brokskat cuudeš and Ushojo cadʌš have initial stress; the western High pattern is not universal Shinaic final stress.
15	ten-compound-series	Kund	f_cz2g5xewlbpwk	f_cz2g5xewlbpwk	pandrẽj	15		liljegren-hindukush	dialect:Kund:HKAT-shd:Athmuqam	unmarked			Palula panǰíiš/panǰéeš E corresponds to Kalkoti pänǰeéš H2. Shina preserves several differently expanded formations with final prominence; Brokskat pããdeš has initial stress. Unmarked Sauji variants do not establish an E/L value.
16	ten-compound-series	Kund	f_7rrvdcrm43uhk	f_7rrvdcrm43uhk	ɕeːɽiɕ	16		liljegren-hindukush	dialect:Kund:HKAT-shd:Athmuqam	unmarked			Palula ṣoṛíiš/ṣoṛéeš E corresponds to Kalkoti ṣureéš H2. Shina contracted ṣoo(y/i) variants and Brokskat ṣobeš are different surface formations; Brokskat has initial stress. A different stem spelling does not erase the independent ten-compound membership.
17	ten-compound-series	Kund	f_e6uwbgs3dswjm	f_e6uwbgs3dswjm	sataːi	17		liljegren-hindukush	dialect:Kund:HKAT-shd:Athmuqam	unmarked			Palula satóoš/satáaš E corresponds to Kalkoti sätaáš H2. Unlike the earlier Brokskat teens, sattõõš has final stress. Shina final accented aa precedes y/i material whose syllabicity varies by source.
18	ten-compound-series	Kund	f_b5bpqz4m6kens	f_b5bpqz4m6kens	ãɕtaːi	18		liljegren-hindukush	dialect:Kund:HKAT-shd:Athmuqam	unmarked			Palula aṣṭóoš/aṣṭáaš E corresponds to Kalkoti iṣṭaáš H2. Brokskat aṣṭõš also has final stress. The independent ten-compound series includes both mono- and polysyllabic modern words; its common Kalkoti H2 cannot be reduced to current syllable count.
19	nineteen-comparison	Kund	f_qwvzqgd45dswu	f_qwvzqgd45dswu	jakoĩ	19		liljegren-hindukush	dialect:Kund:HKAT-shd:Athmuqam	unmarked		unequal-vowel-sequence	Palula aṇabhiíš L and Kalkoti änbíiš H1 contain the twenty element, unlike 11–18 ten compounds. Their correspondence matches Palula bhiíš L/Kalkoti bíiš H1 twenty. Shina kuniih and Brokskat kunjaa have different one-less formations, so no identical whole-compound accent history is assumed.
20	twenty-control	Kund	f_core23i2dpg3c	f_core23i2dpg3c	biː	20		liljegren-hindukush	dialect:Kund:HKAT-shd:Athmuqam	unmarked			Palula bhiíš L corresponds to Kalkoti bíiš H1; Shina commonly has bií L, Kundal bī̌ rising, and Brokskat bižaa final syllable stress. Survey biš panj under twenty contains five as well and is not a clean twenty citation; preserve it with an explicit exclusion.
11	ten-compound-series	Phal	f_ztlzm3sejl76m	f_ztlzm3sejl76m	akoːɕ	11		liljegren-hindukush	dialect:Phal:HKAT-phl:Ashret%20%28HKAT%29	unmarked			Palula akóoš/akáaš has E in the final syllable; Kalkoti äkaáš has H2. Brokskat qudeš has initial stress and a distinct compound shape; Kundal yagáy marks final prominence without a recoverable mora contrast.
12	ten-compound-series	Phal	f_gpk2s36hfetr2	f_gpk2s36hfetr2	boːɕ	12		liljegren-hindukush	dialect:Phal:HKAT-phl:Ashret%20%28HKAT%29	unmarked			Palula bóoš/báaš E versus Kalkoti baáš H2 is a real exception to the simple monosyllabic E→zero mapping, but it agrees with the independent ten-compound series. Shina baai vowel sequences require source-specific interpretation; Brokskat budeš has initial stress.
13	ten-compound-series	Phal	f_s4sdnaucglv2i	f_s4sdnaucglv2i	triːɕ	13		liljegren-hindukush	dialect:Phal:HKAT-phl:Ashret%20%28HKAT%29	unmarked			Palula tríiš/tréeš E versus Kalkoti treéš H2 belongs to the same ten-compound pattern as twelve. Brokskat trobeš is unmarked in print, not assigned initial stress by analogy. Shina often contracts to a vowel sequence or monosyllable.
14	ten-compound-series	Phal	f_vlsmqbtsicn4s	f_vlsmqbtsicn4s	tɕandiːɕ	14		liljegren-hindukush	dialect:Phal:HKAT-phl:Ashret%20%28HKAT%29	unmarked			Palula čandíiš/čandéeš E corresponds to Kalkoti čändeéš H2. Shina includes initial-long, medial-short and final-short marked variants, with different syllable reductions. Brokskat cuudeš and Ushojo cadʌš have initial stress; the western High pattern is not universal Shinaic final stress.
15	ten-compound-series	Phal	f_husjgykwpgod4	f_husjgykwpgod4	pandʑiːɕ	15		liljegren-hindukush	dialect:Phal:HKAT-phl:Ashret%20%28HKAT%29	unmarked			Palula panǰíiš/panǰéeš E corresponds to Kalkoti pänǰeéš H2. Shina preserves several differently expanded formations with final prominence; Brokskat pããdeš has initial stress. Unmarked Sauji variants do not establish an E/L value.
16	ten-compound-series	Phal	f_7veojsbhsoyho	f_7veojsbhsoyho	ʂoɽiːɕ	16		liljegren-hindukush	dialect:Phal:HKAT-phl:Ashret%20%28HKAT%29	unmarked			Palula ṣoṛíiš/ṣoṛéeš E corresponds to Kalkoti ṣureéš H2. Shina contracted ṣoo(y/i) variants and Brokskat ṣobeš are different surface formations; Brokskat has initial stress. A different stem spelling does not erase the independent ten-compound membership.
17	ten-compound-series	Phal	f_rzh5x643h6ob4	f_rzh5x643h6ob4	satoːɕ	17		liljegren-hindukush	dialect:Phal:HKAT-phl:Ashret%20%28HKAT%29	unmarked			Palula satóoš/satáaš E corresponds to Kalkoti sätaáš H2. Unlike the earlier Brokskat teens, sattõõš has final stress. Shina final accented aa precedes y/i material whose syllabicity varies by source.
18	ten-compound-series	Phal	f_jh2ltlt3eytz4	f_jh2ltlt3eytz4	aʂʈoːɕ	18		liljegren-hindukush	dialect:Phal:HKAT-phl:Ashret%20%28HKAT%29	unmarked			Palula aṣṭóoš/aṣṭáaš E corresponds to Kalkoti iṣṭaáš H2. Brokskat aṣṭõš also has final stress. The independent ten-compound series includes both mono- and polysyllabic modern words; its common Kalkoti H2 cannot be reduced to current syllable count.
19	nineteen-comparison	Phal	f_wdb2bg62mjeua	f_wdb2bg62mjeua	aɳabʰiːɕ	19		liljegren-hindukush	dialect:Phal:HKAT-phl:Ashret%20%28HKAT%29	unmarked			Palula aṇabhiíš L and Kalkoti änbíiš H1 contain the twenty element, unlike 11–18 ten compounds. Their correspondence matches Palula bhiíš L/Kalkoti bíiš H1 twenty. Shina kuniih and Brokskat kunjaa have different one-less formations, so no identical whole-compound accent history is assumed.
20	twenty-control	Phal	f_qc3ogs4ioqw7s	f_qc3ogs4ioqw7s	bʰiːɕ	20		liljegren-hindukush	dialect:Phal:HKAT-phl:Ashret%20%28HKAT%29	unmarked			Palula bhiíš L corresponds to Kalkoti bíiš H1; Shina commonly has bií L, Kundal bī̌ rising, and Brokskat bižaa final syllable stress. Survey biš panj under twenty contains five as well and is not a clean twenty citation; preserve it with an explicit exclusion.
11	ten-compound-series	Sv	f_5xxm5ts7ts62y	f_5xxm5ts7ts62y	jakɑːɕ	11		liljegren-hindukush	dialect:Sv:HKAT-sdg:Sau	unmarked			Palula akóoš/akáaš has E in the final syllable; Kalkoti äkaáš has H2. Brokskat qudeš has initial stress and a distinct compound shape; Kundal yagáy marks final prominence without a recoverable mora contrast.
12	ten-compound-series	Sv	f_dhxpv7ykinnds	f_dhxpv7ykinnds	bɑːɕ	12		liljegren-hindukush	dialect:Sv:HKAT-sdg:Sau	unmarked			Palula bóoš/báaš E versus Kalkoti baáš H2 is a real exception to the simple monosyllabic E→zero mapping, but it agrees with the independent ten-compound series. Shina baai vowel sequences require source-specific interpretation; Brokskat budeš has initial stress.
13	ten-compound-series	Sv	f_b73kzlel4wgsc	f_b73kzlel4wgsc	trojĩɕ	13		liljegren-hindukush	dialect:Sv:HKAT-sdg:Sau	unmarked			Palula tríiš/tréeš E versus Kalkoti treéš H2 belongs to the same ten-compound pattern as twelve. Brokskat trobeš is unmarked in print, not assigned initial stress by analogy. Shina often contracts to a vowel sequence or monosyllable.
14	ten-compound-series	Sv	f_sdpzgkglyiadi	f_sdpzgkglyiadi	tɕadiɕ	14		liljegren-hindukush	dialect:Sv:HKAT-sdg:Sau	unmarked			Palula čandíiš/čandéeš E corresponds to Kalkoti čändeéš H2. Shina includes initial-long, medial-short and final-short marked variants, with different syllable reductions. Brokskat cuudeš and Ushojo cadʌš have initial stress; the western High pattern is not universal Shinaic final stress.
15	ten-compound-series	Sv	f_4psqzpsivafmy	f_4psqzpsivafmy	pandʑiɕ	15		liljegren-hindukush	dialect:Sv:HKAT-sdg:Sau	unmarked			Palula panǰíiš/panǰéeš E corresponds to Kalkoti pänǰeéš H2. Shina preserves several differently expanded formations with final prominence; Brokskat pããdeš has initial stress. Unmarked Sauji variants do not establish an E/L value.
16	ten-compound-series	Sv	f_boszklsgqs7hy	f_boszklsgqs7hy	ʂuɽaɕ	16		liljegren-hindukush	dialect:Sv:HKAT-sdg:Sau	unmarked			Palula ṣoṛíiš/ṣoṛéeš E corresponds to Kalkoti ṣureéš H2. Shina contracted ṣoo(y/i) variants and Brokskat ṣobeš are different surface formations; Brokskat has initial stress. A different stem spelling does not erase the independent ten-compound membership.
17	ten-compound-series	Sv	f_adrmhvapqw7j4	f_adrmhvapqw7j4	satijaːɕ	17		liljegren-hindukush	dialect:Sv:HKAT-sdg:Sau	unmarked			Palula satóoš/satáaš E corresponds to Kalkoti sätaáš H2. Unlike the earlier Brokskat teens, sattõõš has final stress. Shina final accented aa precedes y/i material whose syllabicity varies by source.
18	ten-compound-series	Sv	f_dbrcf46qyyi36	f_dbrcf46qyyi36	aɕtijɑːɕ	18		liljegren-hindukush	dialect:Sv:HKAT-sdg:Sau	unmarked			Palula aṣṭóoš/aṣṭáaš E corresponds to Kalkoti iṣṭaáš H2. Brokskat aṣṭõš also has final stress. The independent ten-compound series includes both mono- and polysyllabic modern words; its common Kalkoti H2 cannot be reduced to current syllable count.
19	nineteen-comparison	Sv	f_ysvps2n5jw7ws	f_ysvps2n5jw7ws	uːɽĩɕ	19		liljegren-hindukush	dialect:Sv:HKAT-sdg:Sau	unmarked			Palula aṇabhiíš L and Kalkoti änbíiš H1 contain the twenty element, unlike 11–18 ten compounds. Their correspondence matches Palula bhiíš L/Kalkoti bíiš H1 twenty. Shina kuniih and Brokskat kunjaa have different one-less formations, so no identical whole-compound accent history is assumed.
20	twenty-control	Sv	f_mmn4wbv6d7o3w	f_mmn4wbv6d7o3w	biɕ	20		liljegren-hindukush	dialect:Sv:HKAT-sdg:Sau	unmarked			Palula bhiíš L corresponds to Kalkoti bíiš H1; Shina commonly has bií L, Kundal bī̌ rising, and Brokskat bižaa final syllable stress. Survey biš panj under twenty contains five as well and is not a clean twenty citation; preserve it with an explicit exclusion.
11	ten-compound-series	Sh	f_szq2oekrtdpmu	f_szq2oekrtdpmu	ekaːj	11		liljegren-hindukush	dialect:Sh:HKAT-scl_p:Gilgit%20%28HKAT%29	unmarked			Palula akóoš/akáaš has E in the final syllable; Kalkoti äkaáš has H2. Brokskat qudeš has initial stress and a distinct compound shape; Kundal yagáy marks final prominence without a recoverable mora contrast.
12	ten-compound-series	Sh	f_4mqlyxf37rdiu	f_4mqlyxf37rdiu	baːj	12		liljegren-hindukush	dialect:Sh:HKAT-scl_p:Gilgit%20%28HKAT%29	unmarked			Palula bóoš/báaš E versus Kalkoti baáš H2 is a real exception to the simple monosyllabic E→zero mapping, but it agrees with the independent ten-compound series. Shina baai vowel sequences require source-specific interpretation; Brokskat budeš has initial stress.
13	ten-compound-series	Sh	f_fcqoeja7fveyg	f_fcqoeja7fveyg	ʈʂoĩ	13		liljegren-hindukush	dialect:Sh:HKAT-scl_p:Gilgit%20%28HKAT%29	unmarked		unequal-vowel-sequence	Palula tríiš/tréeš E versus Kalkoti treéš H2 belongs to the same ten-compound pattern as twelve. Brokskat trobeš is unmarked in print, not assigned initial stress by analogy. Shina often contracts to a vowel sequence or monosyllable.
14	ten-compound-series	Sh	f_isrksvjpzmlw2	f_isrksvjpzmlw2	tɕondej	14		liljegren-hindukush	dialect:Sh:HKAT-scl_p:Gilgit%20%28HKAT%29	unmarked			Palula čandíiš/čandéeš E corresponds to Kalkoti čändeéš H2. Shina includes initial-long, medial-short and final-short marked variants, with different syllable reductions. Brokskat cuudeš and Ushojo cadʌš have initial stress; the western High pattern is not universal Shinaic final stress.
15	ten-compound-series	Sh	f_5yne3aady6qkw	f_5yne3aady6qkw	panzej	15		liljegren-hindukush	dialect:Sh:HKAT-scl_p:Gilgit%20%28HKAT%29	unmarked			Palula panǰíiš/panǰéeš E corresponds to Kalkoti pänǰeéš H2. Shina preserves several differently expanded formations with final prominence; Brokskat pããdeš has initial stress. Unmarked Sauji variants do not establish an E/L value.
16	ten-compound-series	Sh	f_mnycz7zzoxyfm	f_mnycz7zzoxyfm	ʂõːj	16		liljegren-hindukush	dialect:Sh:HKAT-scl_p:Gilgit%20%28HKAT%29	unmarked			Palula ṣoṛíiš/ṣoṛéeš E corresponds to Kalkoti ṣureéš H2. Shina contracted ṣoo(y/i) variants and Brokskat ṣobeš are different surface formations; Brokskat has initial stress. A different stem spelling does not erase the independent ten-compound membership.
17	ten-compound-series	Sh	f_5yuzbvi2pmtl6	f_5yuzbvi2pmtl6	sətãːj	17		liljegren-hindukush	dialect:Sh:HKAT-scl_p:Gilgit%20%28HKAT%29	unmarked			Palula satóoš/satáaš E corresponds to Kalkoti sätaáš H2. Unlike the earlier Brokskat teens, sattõõš has final stress. Shina final accented aa precedes y/i material whose syllabicity varies by source.
18	ten-compound-series	Sh	f_2nkd4ohekvwvi	f_2nkd4ohekvwvi	ãʂʈaːj	18		liljegren-hindukush	dialect:Sh:HKAT-scl_p:Gilgit%20%28HKAT%29	unmarked			Palula aṣṭóoš/aṣṭáaš E corresponds to Kalkoti iṣṭaáš H2. Brokskat aṣṭõš also has final stress. The independent ten-compound series includes both mono- and polysyllabic modern words; its common Kalkoti H2 cannot be reduced to current syllable count.
19	nineteen-comparison	Sh	f_gwuei7yns6wcy	f_gwuei7yns6wcy	kuniː	19		liljegren-hindukush	dialect:Sh:HKAT-scl_p:Gilgit%20%28HKAT%29	unmarked			Palula aṇabhiíš L and Kalkoti änbíiš H1 contain the twenty element, unlike 11–18 ten compounds. Their correspondence matches Palula bhiíš L/Kalkoti bíiš H1 twenty. Shina kuniih and Brokskat kunjaa have different one-less formations, so no identical whole-compound accent history is assumed.
20	twenty-control	Sh	f_lhlstu5zpbzsy	f_lhlstu5zpbzsy	biː	20	11616	liljegren-hindukush	dialect:Sh:HKAT-scl_p:Gilgit%20%28HKAT%29	unmarked			Palula bhiíš L corresponds to Kalkoti bíiš H1; Shina commonly has bií L, Kundal bī̌ rising, and Brokskat bižaa final syllable stress. Survey biš panj under twenty contains five as well and is not a clean twenty citation; preserve it with an explicit exclusion.
11	ten-compound-series	Sh	f_ghfwhqjfscrgs	f_ghfwhqjfscrgs	akaːj	11		liljegren-hindukush	dialect:Sh:HKAT-scl_i:Gurez%20%28HKAT%29	unmarked			Palula akóoš/akáaš has E in the final syllable; Kalkoti äkaáš has H2. Brokskat qudeš has initial stress and a distinct compound shape; Kundal yagáy marks final prominence without a recoverable mora contrast.
12	ten-compound-series	Sh	f_hotmvsaeozkaa	f_hotmvsaeozkaa	baːj	12		liljegren-hindukush	dialect:Sh:HKAT-scl_i:Gurez%20%28HKAT%29	unmarked			Palula bóoš/báaš E versus Kalkoti baáš H2 is a real exception to the simple monosyllabic E→zero mapping, but it agrees with the independent ten-compound series. Shina baai vowel sequences require source-specific interpretation; Brokskat budeš has initial stress.
13	ten-compound-series	Sh	f_ibkp6aiez2sdi	f_ibkp6aiez2sdi	ʈʂojĩː	13		liljegren-hindukush	dialect:Sh:HKAT-scl_i:Gurez%20%28HKAT%29	unmarked			Palula tríiš/tréeš E versus Kalkoti treéš H2 belongs to the same ten-compound pattern as twelve. Brokskat trobeš is unmarked in print, not assigned initial stress by analogy. Shina often contracts to a vowel sequence or monosyllable.
14	ten-compound-series	Sh	f_2o3vbs43ya4wa	f_2o3vbs43ya4wa	tɕoːdiː	14		liljegren-hindukush	dialect:Sh:HKAT-scl_i:Gurez%20%28HKAT%29	unmarked			Palula čandíiš/čandéeš E corresponds to Kalkoti čändeéš H2. Shina includes initial-long, medial-short and final-short marked variants, with different syllable reductions. Brokskat cuudeš and Ushojo cadʌš have initial stress; the western High pattern is not universal Shinaic final stress.
15	ten-compound-series	Sh	f_ekiwplwmrq4lg	f_ekiwplwmrq4lg	panzuliː	15		liljegren-hindukush	dialect:Sh:HKAT-scl_i:Gurez%20%28HKAT%29	unmarked			Palula panǰíiš/panǰéeš E corresponds to Kalkoti pänǰeéš H2. Shina preserves several differently expanded formations with final prominence; Brokskat pããdeš has initial stress. Unmarked Sauji variants do not establish an E/L value.
16	ten-compound-series	Sh	f_syrj3kvxyb3ro	f_syrj3kvxyb3ro	ʂõːj	16		liljegren-hindukush	dialect:Sh:HKAT-scl_i:Gurez%20%28HKAT%29	unmarked			Palula ṣoṛíiš/ṣoṛéeš E corresponds to Kalkoti ṣureéš H2. Shina contracted ṣoo(y/i) variants and Brokskat ṣobeš are different surface formations; Brokskat has initial stress. A different stem spelling does not erase the independent ten-compound membership.
17	ten-compound-series	Sh	f_rktmj2nsjrel4	f_rktmj2nsjrel4	sataːj	17		liljegren-hindukush	dialect:Sh:HKAT-scl_i:Gurez%20%28HKAT%29	unmarked			Palula satóoš/satáaš E corresponds to Kalkoti sätaáš H2. Unlike the earlier Brokskat teens, sattõõš has final stress. Shina final accented aa precedes y/i material whose syllabicity varies by source.
18	ten-compound-series	Sh	f_jg5yhhllfeofs	f_jg5yhhllfeofs	asʈaːj	18		liljegren-hindukush	dialect:Sh:HKAT-scl_i:Gurez%20%28HKAT%29	unmarked			Palula aṣṭóoš/aṣṭáaš E corresponds to Kalkoti iṣṭaáš H2. Brokskat aṣṭõš also has final stress. The independent ten-compound series includes both mono- and polysyllabic modern words; its common Kalkoti H2 cannot be reduced to current syllable count.
19	nineteen-comparison	Sh	f_w3sqcvb4la2sc	f_w3sqcvb4la2sc	kuniː	19		liljegren-hindukush	dialect:Sh:HKAT-scl_i:Gurez%20%28HKAT%29	unmarked			Palula aṇabhiíš L and Kalkoti änbíiš H1 contain the twenty element, unlike 11–18 ten compounds. Their correspondence matches Palula bhiíš L/Kalkoti bíiš H1 twenty. Shina kuniih and Brokskat kunjaa have different one-less formations, so no identical whole-compound accent history is assumed.
20	twenty-control	Sh	f_fgc25vkm3sfau	f_fgc25vkm3sfau	biː	20	11616	liljegren-hindukush	dialect:Sh:HKAT-scl_i:Gurez%20%28HKAT%29	unmarked			Palula bhiíš L corresponds to Kalkoti bíiš H1; Shina commonly has bií L, Kundal bī̌ rising, and Brokskat bižaa final syllable stress. Survey biš panj under twenty contains five as well and is not a clean twenty citation; preserve it with an explicit exclusion.
11	ten-compound-series	Ush	f_g5e3c6qc4yuxk	f_g5e3c6qc4yuxk	agaːɕ	11		liljegren-hindukush	dialect:Ush:HKAT-ush:Chail%20%28HKAT%29	unmarked			Palula akóoš/akáaš has E in the final syllable; Kalkoti äkaáš has H2. Brokskat qudeš has initial stress and a distinct compound shape; Kundal yagáy marks final prominence without a recoverable mora contrast.
12	ten-compound-series	Ush	f_g7bs43m6cb7io	f_g7bs43m6cb7io	doaːɕ	12		liljegren-hindukush	dialect:Ush:HKAT-ush:Chail%20%28HKAT%29	unmarked		unequal-vowel-sequence	Palula bóoš/báaš E versus Kalkoti baáš H2 is a real exception to the simple monosyllabic E→zero mapping, but it agrees with the independent ten-compound series. Shina baai vowel sequences require source-specific interpretation; Brokskat budeš has initial stress.
13	ten-compound-series	Ush	f_64d6fgzq7ve4o	f_64d6fgzq7ve4o	ʈʂiːɕ	13		liljegren-hindukush	dialect:Ush:HKAT-ush:Chail%20%28HKAT%29	unmarked			Palula tríiš/tréeš E versus Kalkoti treéš H2 belongs to the same ten-compound pattern as twelve. Brokskat trobeš is unmarked in print, not assigned initial stress by analogy. Shina often contracts to a vowel sequence or monosyllable.
14	ten-compound-series	Ush	f_kp6dsnfwppkhw	f_kp6dsnfwppkhw	tɕadeɕ	14		liljegren-hindukush	dialect:Ush:HKAT-ush:Chail%20%28HKAT%29	unmarked			Palula čandíiš/čandéeš E corresponds to Kalkoti čändeéš H2. Shina includes initial-long, medial-short and final-short marked variants, with different syllable reductions. Brokskat cuudeš and Ushojo cadʌš have initial stress; the western High pattern is not universal Shinaic final stress.
15	ten-compound-series	Ush	f_7u4jusmqlc2ew	f_7u4jusmqlc2ew	pĩːɕ	15		liljegren-hindukush	dialect:Ush:HKAT-ush:Chail%20%28HKAT%29	unmarked			Palula panǰíiš/panǰéeš E corresponds to Kalkoti pänǰeéš H2. Shina preserves several differently expanded formations with final prominence; Brokskat pããdeš has initial stress. Unmarked Sauji variants do not establish an E/L value.
16	ten-compound-series	Ush	f_k2ehzywnprkji	f_k2ehzywnprkji	ʂiːɕ	16		liljegren-hindukush	dialect:Ush:HKAT-ush:Chail%20%28HKAT%29	unmarked			Palula ṣoṛíiš/ṣoṛéeš E corresponds to Kalkoti ṣureéš H2. Shina contracted ṣoo(y/i) variants and Brokskat ṣobeš are different surface formations; Brokskat has initial stress. A different stem spelling does not erase the independent ten-compound membership.
17	ten-compound-series	Ush	f_mqg76svb5wrwi	f_mqg76svb5wrwi	sataːɕ	17		liljegren-hindukush	dialect:Ush:HKAT-ush:Chail%20%28HKAT%29	unmarked			Palula satóoš/satáaš E corresponds to Kalkoti sätaáš H2. Unlike the earlier Brokskat teens, sattõõš has final stress. Shina final accented aa precedes y/i material whose syllabicity varies by source.
18	ten-compound-series	Ush	f_sq2uky3xw3oia	f_sq2uky3xw3oia	aʈʰaːɕ	18		liljegren-hindukush	dialect:Ush:HKAT-ush:Chail%20%28HKAT%29	unmarked			Palula aṣṭóoš/aṣṭáaš E corresponds to Kalkoti iṣṭaáš H2. Brokskat aṣṭõš also has final stress. The independent ten-compound series includes both mono- and polysyllabic modern words; its common Kalkoti H2 cannot be reduced to current syllable count.
19	nineteen-comparison	Ush	f_lf3qegvdgha4m	f_lf3qegvdgha4m	ẽɳbiː	19		liljegren-hindukush	dialect:Ush:HKAT-ush:Chail%20%28HKAT%29	unmarked			Palula aṇabhiíš L and Kalkoti änbíiš H1 contain the twenty element, unlike 11–18 ten compounds. Their correspondence matches Palula bhiíš L/Kalkoti bíiš H1 twenty. Shina kuniih and Brokskat kunjaa have different one-less formations, so no identical whole-compound accent history is assumed.
20	twenty-control	Ush	f_6vopbqon6l7zm	f_6vopbqon6l7zm	biː	20		liljegren-hindukush	dialect:Ush:HKAT-ush:Chail%20%28HKAT%29	unmarked			Palula bhiíš L corresponds to Kalkoti bíiš H1; Shina commonly has bií L, Kundal bī̌ rising, and Brokskat bižaa final syllable stress. Survey biš panj under twenty contains five as well and is not a clean twenty citation; preserve it with an explicit exclusion.
20	twenty-control	Sh	f_icuigdn2kzjig	f_icuigdn2kzjig	bī	Twenty	11616	grierson-lsi1928	dialect:Sh:LSI-SHINAGILGITI:S%CC%8Cin%CC%A3a%CC%84%2C%20Gilgiti%CC%84%20%28LSI%201928%29	unmarked			Palula bhiíš L corresponds to Kalkoti bíiš H1; Shina commonly has bií L, Kundal bī̌ rising, and Brokskat bižaa final syllable stress. Survey biš panj under twenty contains five as well and is not a clean twenty citation; preserve it with an explicit exclusion.
20	twenty-control	Sh	f_3i2qfwnwxwl3q	f_3i2qfwnwxwl3q	bēh	Twenty		grierson-lsi1928	dialect:Sh:LSI-CHILASI:Chila%CC%84si%20%28LSI%201928%29	unmarked			Palula bhiíš L corresponds to Kalkoti bíiš H1; Shina commonly has bií L, Kundal bī̌ rising, and Brokskat bižaa final syllable stress. Survey biš panj under twenty contains five as well and is not a clean twenty citation; preserve it with an explicit exclusion.
20	twenty-control	Sh	f_xwwfrn3embiua	f_xwwfrn3embiua	bī	Twenty	11616	grierson-lsi1928	dialect:Sh:LSI-CHILASIOFDRAS:Dras%20of%20Dra%CC%84s%20%28LSI%201928%29	unmarked			Palula bhiíš L corresponds to Kalkoti bíiš H1; Shina commonly has bií L, Kundal bī̌ rising, and Brokskat bižaa final syllable stress. Survey biš panj under twenty contains five as well and is not a clean twenty citation; preserve it with an explicit exclusion.
20	twenty-control	bro	f_oalry5tyk5k6m	f_oalry5tyk5k6m	bižā	Twenty	11616	grierson-lsi1928	dialect:bro:LSI-CHILASIOFDAHHANU:Brokskat%20of%20D%CC%A3a%CC%84h-Hanu%CC%84%20%28LSI%201928%29	unmarked			Palula bhiíš L corresponds to Kalkoti bíiš H1; Shina commonly has bií L, Kundal bī̌ rising, and Brokskat bižaa final syllable stress. Survey biš panj under twenty contains five as well and is not a clean twenty citation; preserve it with an explicit exclusion.
11	ten-compound-series	Kalk	f_hypanhgngjtta	f_hypanhgngjtta	äkaáš	eleven	2485	hultman2023kalkoti	dialect:Kalk:HKAT-xka:Kalkot%20%28HKAT%29	H2@-1			Palula akóoš/akáaš has E in the final syllable; Kalkoti äkaáš has H2. Brokskat qudeš has initial stress and a distinct compound shape; Kundal yagáy marks final prominence without a recoverable mora contrast.
12	ten-compound-series	Kalk	f_nqgd33l5hhkfo	f_nqgd33l5hhkfo	baáš	twelve	6658	hultman2023kalkoti	dialect:Kalk:HKAT-xka:Kalkot%20%28HKAT%29	H2@-1			Palula bóoš/báaš E versus Kalkoti baáš H2 is a real exception to the simple monosyllabic E→zero mapping, but it agrees with the independent ten-compound series. Shina baai vowel sequences require source-specific interpretation; Brokskat budeš has initial stress.
13	ten-compound-series	Kalk	f_kg3kpvjbpbbwo	f_kg3kpvjbpbbwo	treéš	thirteen	6001	hultman2023kalkoti	dialect:Kalk:HKAT-xka:Kalkot%20%28HKAT%29	H2@-1			Palula tríiš/tréeš E versus Kalkoti treéš H2 belongs to the same ten-compound pattern as twelve. Brokskat trobeš is unmarked in print, not assigned initial stress by analogy. Shina often contracts to a vowel sequence or monosyllable.
14	ten-compound-series	Kalk	f_vllxcglp6ecfs	f_vllxcglp6ecfs	čändeéš	fourteen	4605	hultman2023kalkoti	dialect:Kalk:HKAT-xka:Kalkot%20%28HKAT%29	H2@-1			Palula čandíiš/čandéeš E corresponds to Kalkoti čändeéš H2. Shina includes initial-long, medial-short and final-short marked variants, with different syllable reductions. Brokskat cuudeš and Ushojo cadʌš have initial stress; the western High pattern is not universal Shinaic final stress.
15	ten-compound-series	Kalk	f_tovy6amcooz6o	f_tovy6amcooz6o	pänǰeéš	fifteen	7662	hultman2023kalkoti	dialect:Kalk:HKAT-xka:Kalkot%20%28HKAT%29	H2@-1			Palula panǰíiš/panǰéeš E corresponds to Kalkoti pänǰeéš H2. Shina preserves several differently expanded formations with final prominence; Brokskat pããdeš has initial stress. Unmarked Sauji variants do not establish an E/L value.
16	ten-compound-series	Kalk	f_atl6hyfrf52qo	f_atl6hyfrf52qo	ṣureéš	sixteen	12812	hultman2023kalkoti	dialect:Kalk:HKAT-xka:Kalkot%20%28HKAT%29	H2@-1			Palula ṣoṛíiš/ṣoṛéeš E corresponds to Kalkoti ṣureéš H2. Shina contracted ṣoo(y/i) variants and Brokskat ṣobeš are different surface formations; Brokskat has initial stress. A different stem spelling does not erase the independent ten-compound membership.
17	ten-compound-series	Kalk	f_vxf6owtctrkca	f_vxf6owtctrkca	sätaáš	seventeen	13146	hultman2023kalkoti	dialect:Kalk:HKAT-xka:Kalkot%20%28HKAT%29	H2@-1			Palula satóoš/satáaš E corresponds to Kalkoti sätaáš H2. Unlike the earlier Brokskat teens, sattõõš has final stress. Shina final accented aa precedes y/i material whose syllabicity varies by source.
18	ten-compound-series	Kalk	f_lfwqpy7l2tgf4	f_lfwqpy7l2tgf4	iṣṭaáš	eighteen	946	hultman2023kalkoti	dialect:Kalk:HKAT-xka:Kalkot%20%28HKAT%29	H2@-1			Palula aṣṭóoš/aṣṭáaš E corresponds to Kalkoti iṣṭaáš H2. Brokskat aṣṭõš also has final stress. The independent ten-compound series includes both mono- and polysyllabic modern words; its common Kalkoti H2 cannot be reduced to current syllable count.
19	nineteen-comparison	Kalk	f_562ykmpnojsxq	f_562ykmpnojsxq	änbíiš	nineteen	2411	hultman2023kalkoti	dialect:Kalk:HKAT-xka:Kalkot%20%28HKAT%29	H1@-1			Palula aṇabhiíš L and Kalkoti änbíiš H1 contain the twenty element, unlike 11–18 ten compounds. Their correspondence matches Palula bhiíš L/Kalkoti bíiš H1 twenty. Shina kuniih and Brokskat kunjaa have different one-less formations, so no identical whole-compound accent history is assumed.
20	twenty-control	Kalk	f_7jfvb5xq3n4mi	f_7jfvb5xq3n4mi	bíiš	twenty	11616	hultman2023kalkoti	dialect:Kalk:HKAT-xka:Kalkot%20%28HKAT%29	H1@-1			Palula bhiíš L corresponds to Kalkoti bíiš H1; Shina commonly has bií L, Kundal bī̌ rising, and Brokskat bižaa final syllable stress. Survey biš panj under twenty contains five as well and is not a clean twenty citation; preserve it with an explicit exclusion.
11	ten-compound-series	Sv	f_dpdx4bbocy7uw	f_dpdx4bbocy7uw	jakɑːʃ	11	2485	knobloch2020sauji	dialect:Sv:HKAT-sdg:Sau	unmarked			Palula akóoš/akáaš has E in the final syllable; Kalkoti äkaáš has H2. Brokskat qudeš has initial stress and a distinct compound shape; Kundal yagáy marks final prominence without a recoverable mora contrast.
20	twenty-control	Sv	f_6rh3d4k2zm444	f_6rh3d4k2zm444	biʃ	twenty	11616	knobloch2020sauji	dialect:Sv:HKAT-sdg:Sau	unmarked			Palula bhiíš L corresponds to Kalkoti bíiš H1; Shina commonly has bií L, Kundal bī̌ rising, and Brokskat bižaa final syllable stress. Survey biš panj under twenty contains five as well and is not a clean twenty citation; preserve it with an explicit exclusion.
11	ten-compound-series	Sv	f_jly4ng3yz4ley	f_jly4ng3yz4ley	yekaaš	eleven	2485	knobloch2020sauji	dialect:Sv:HKAT-sdg:Sau	unmarked			Palula akóoš/akáaš has E in the final syllable; Kalkoti äkaáš has H2. Brokskat qudeš has initial stress and a distinct compound shape; Kundal yagáy marks final prominence without a recoverable mora contrast.
12	ten-compound-series	Sv	f_3kwkkbqr2sy5g	f_3kwkkbqr2sy5g	baaš	twelve	6658	knobloch2020sauji	dialect:Sv:HKAT-sdg:Sau	unmarked			Palula bóoš/báaš E versus Kalkoti baáš H2 is a real exception to the simple monosyllabic E→zero mapping, but it agrees with the independent ten-compound series. Shina baai vowel sequences require source-specific interpretation; Brokskat budeš has initial stress.
13	ten-compound-series	Sv	f_m4q7ief472a3q	f_m4q7ief472a3q	troyiš	thirteen	6001	knobloch2020sauji	dialect:Sv:HKAT-sdg:Sau	unmarked			Palula tríiš/tréeš E versus Kalkoti treéš H2 belongs to the same ten-compound pattern as twelve. Brokskat trobeš is unmarked in print, not assigned initial stress by analogy. Shina often contracts to a vowel sequence or monosyllable.
14	ten-compound-series	Sv	f_ufxavxkum5lts	f_ufxavxkum5lts	čadiš	fourteen	4605	knobloch2020sauji	dialect:Sv:HKAT-sdg:Sau	unmarked			Palula čandíiš/čandéeš E corresponds to Kalkoti čändeéš H2. Shina includes initial-long, medial-short and final-short marked variants, with different syllable reductions. Brokskat cuudeš and Ushojo cadʌš have initial stress; the western High pattern is not universal Shinaic final stress.
15	ten-compound-series	Sv	f_kq3ziihdsok54	f_kq3ziihdsok54	panǰiš	fifteen	7662	knobloch2020sauji	dialect:Sv:HKAT-sdg:Sau	unmarked			Palula panǰíiš/panǰéeš E corresponds to Kalkoti pänǰeéš H2. Shina preserves several differently expanded formations with final prominence; Brokskat pããdeš has initial stress. Unmarked Sauji variants do not establish an E/L value.
16	ten-compound-series	Sv	f_726stptjmbgke	f_726stptjmbgke	ṣuṛaš	sixteen	12812	knobloch2020sauji	dialect:Sv:HKAT-sdg:Sau	unmarked			Palula ṣoṛíiš/ṣoṛéeš E corresponds to Kalkoti ṣureéš H2. Shina contracted ṣoo(y/i) variants and Brokskat ṣobeš are different surface formations; Brokskat has initial stress. A different stem spelling does not erase the independent ten-compound membership.
17	ten-compound-series	Sv	f_dyuqcckeae5x4	f_dyuqcckeae5x4	satiyaš	seventeen	13146	knobloch2020sauji	dialect:Sv:HKAT-sdg:Sau	unmarked			Palula satóoš/satáaš E corresponds to Kalkoti sätaáš H2. Unlike the earlier Brokskat teens, sattõõš has final stress. Shina final accented aa precedes y/i material whose syllabicity varies by source.
18	ten-compound-series	Sv	f_7vbz7lgym2xeo	f_7vbz7lgym2xeo	aštiyaš	eighteen	946	knobloch2020sauji	dialect:Sv:HKAT-sdg:Sau	unmarked			Palula aṣṭóoš/aṣṭáaš E corresponds to Kalkoti iṣṭaáš H2. Brokskat aṣṭõš also has final stress. The independent ten-compound series includes both mono- and polysyllabic modern words; its common Kalkoti H2 cannot be reduced to current syllable count.
19	nineteen-comparison	Sv	f_okk4ttppzczse	f_okk4ttppzczse	uṛiš	nineteen	2411	knobloch2020sauji	dialect:Sv:HKAT-sdg:Sau	unmarked			Palula aṇabhiíš L and Kalkoti änbíiš H1 contain the twenty element, unlike 11–18 ten compounds. Their correspondence matches Palula bhiíš L/Kalkoti bíiš H1 twenty. Shina kuniih and Brokskat kunjaa have different one-less formations, so no identical whole-compound accent history is assumed.
20	twenty-control	Sv	f_vtno25p4vggtw	f_vtno25p4vggtw	biš	twenty	11616	knobloch2020sauji	dialect:Sv:HKAT-sdg:Sau	unmarked			Palula bhiíš L corresponds to Kalkoti bíiš H1; Shina commonly has bií L, Kundal bī̌ rising, and Brokskat bižaa final syllable stress. Survey biš panj under twenty contains five as well and is not a clean twenty citation; preserve it with an explicit exclusion.
