family_id	input_family	language	dialect	source	form	gloss	notation	position_from_right	outcome	status	exclusion	record_id	analysis
722	álpa	Sh	Sh	CDIAL	āpŭ	little, few	historical-dictionary		unmarked	unscorable	no-single-location-mark	f_yptg2rfpgy474	Kohistani ápa and Guresi/Astori ápo keep root prominence after lp reduction, whereas Degener's Gilgit aápo has late long aa. This is a further test of dialect-specific compensation: an originally short root vowel before a cluster can become late long in Gilgit while remaining short elsewhere. It enlarges the comparison beyond the familiar ‘hot’ example.
722	álpa	Sh	Gupis	backstrom1992	ˈɑpo	few	survey-phonetic	2	stress-marked@-2	penultimate		f_bjvl6tohvevfo	Kohistani ápa and Guresi/Astori ápo keep root prominence after lp reduction, whereas Degener's Gilgit aápo has late long aa. This is a further test of dialect-specific compensation: an originally short root vowel before a cluster can become late long in Gilgit while remaining short elsewhere. It enlarges the comparison beyond the familiar ‘hot’ example.
722	álpa	Sh	punl	backstrom1992	ˈɑpo	few	survey-phonetic	2	stress-marked@-2	penultimate		f_akqlnvqpqatwc	Kohistani ápa and Guresi/Astori ápo keep root prominence after lp reduction, whereas Degener's Gilgit aápo has late long aa. This is a further test of dialect-specific compensation: an originally short root vowel before a cluster can become late long in Gilgit while remaining short elsewhere. It enlarges the comparison beyond the familiar ‘hot’ example.
722	álpa	Sh	gil	backstrom1992	ˈɑpo	few	survey-phonetic	2	stress-marked@-2	penultimate		f_oqi2ed7cb7y24	Kohistani ápa and Guresi/Astori ápo keep root prominence after lp reduction, whereas Degener's Gilgit aápo has late long aa. This is a further test of dialect-specific compensation: an originally short root vowel before a cluster can become late long in Gilgit while remaining short elsewhere. It enlarges the comparison beyond the familiar ‘hot’ example.
722	álpa	Sh	Haramosh	backstrom1992	ˈɑpo	few	survey-phonetic	2	stress-marked@-2	penultimate		f_ziboncqg7jiie	Kohistani ápa and Guresi/Astori ápo keep root prominence after lp reduction, whereas Degener's Gilgit aápo has late long aa. This is a further test of dialect-specific compensation: an originally short root vowel before a cluster can become late long in Gilgit while remaining short elsewhere. It enlarges the comparison beyond the familiar ‘hot’ example.
722	álpa	Sh	Bagrot	backstrom1992	ˈɑpo	few	survey-phonetic	2	stress-marked@-2	penultimate		f_tj5khhoo7lcxu	Kohistani ápa and Guresi/Astori ápo keep root prominence after lp reduction, whereas Degener's Gilgit aápo has late long aa. This is a further test of dialect-specific compensation: an originally short root vowel before a cluster can become late long in Gilgit while remaining short elsewhere. It enlarges the comparison beyond the familiar ‘hot’ example.
722	álpa	Sh	Bunji	backstrom1992	ˈʌpo	few	survey-phonetic	2	stress-marked@-2	penultimate		f_qn3ltqdbfl4va	Kohistani ápa and Guresi/Astori ápo keep root prominence after lp reduction, whereas Degener's Gilgit aápo has late long aa. This is a further test of dialect-specific compensation: an originally short root vowel before a cluster can become late long in Gilgit while remaining short elsewhere. It enlarges the comparison beyond the familiar ‘hot’ example.
722	álpa	Sh	Rondu	backstrom1992	ˈɑpo	few	survey-phonetic	2	stress-marked@-2	penultimate		f_e2vh2nhtrroj2	Kohistani ápa and Guresi/Astori ápo keep root prominence after lp reduction, whereas Degener's Gilgit aápo has late long aa. This is a further test of dialect-specific compensation: an originally short root vowel before a cluster can become late long in Gilgit while remaining short elsewhere. It enlarges the comparison beyond the familiar ‘hot’ example.
722	álpa	Sh	DashkinAstor	backstrom1992	ˈɑpo	few	survey-phonetic	2	stress-marked@-2	penultimate		f_nruvxscbfuxsu	Kohistani ápa and Guresi/Astori ápo keep root prominence after lp reduction, whereas Degener's Gilgit aápo has late long aa. This is a further test of dialect-specific compensation: an originally short root vowel before a cluster can become late long in Gilgit while remaining short elsewhere. It enlarges the comparison beyond the familiar ‘hot’ example.
722	álpa	Sh	Astor	backstrom1992	ˈɑpo	few	survey-phonetic	2	stress-marked@-2	penultimate		f_tm5ty4ho5dykg	Kohistani ápa and Guresi/Astori ápo keep root prominence after lp reduction, whereas Degener's Gilgit aápo has late long aa. This is a further test of dialect-specific compensation: an originally short root vowel before a cluster can become late long in Gilgit while remaining short elsewhere. It enlarges the comparison beyond the familiar ‘hot’ example.
722	álpa	Sh	KachuraJel	backstrom1992	ˈɑpo	few	survey-phonetic	2	stress-marked@-2	penultimate		f_32lmnjzx5qr4m	Kohistani ápa and Guresi/Astori ápo keep root prominence after lp reduction, whereas Degener's Gilgit aápo has late long aa. This is a further test of dialect-specific compensation: an originally short root vowel before a cluster can become late long in Gilgit while remaining short elsewhere. It enlarges the comparison beyond the familiar ‘hot’ example.
722	álpa	Sh	Satpara	backstrom1992	ˈɑpʰo	few	survey-phonetic	2	stress-marked@-2	penultimate		f_47wk3jgari6ny	Kohistani ápa and Guresi/Astori ápo keep root prominence after lp reduction, whereas Degener's Gilgit aápo has late long aa. This is a further test of dialect-specific compensation: an originally short root vowel before a cluster can become late long in Gilgit while remaining short elsewhere. It enlarges the comparison beyond the familiar ‘hot’ example.
722	álpa	Sh	ChilasKhinar	backstrom1992	ˈɑɸo	few	survey-phonetic	2	stress-marked@-2	penultimate		f_6camss26if5b6	Kohistani ápa and Guresi/Astori ápo keep root prominence after lp reduction, whereas Degener's Gilgit aápo has late long aa. This is a further test of dialect-specific compensation: an originally short root vowel before a cluster can become late long in Gilgit while remaining short elsewhere. It enlarges the comparison beyond the familiar ‘hot’ example.
722	álpa	Sh	ChilasJelil	backstrom1992	ˈɑɸo	few	survey-phonetic	2	stress-marked@-2	penultimate		f_qz6nedsrmssuu	Kohistani ápa and Guresi/Astori ápo keep root prominence after lp reduction, whereas Degener's Gilgit aápo has late long aa. This is a further test of dialect-specific compensation: an originally short root vowel before a cluster can become late long in Gilgit while remaining short elsewhere. It enlarges the comparison beyond the familiar ‘hot’ example.
722	álpa	Sh	Darel	backstrom1992	ˈɑpʰo	few	survey-phonetic	2	stress-marked@-2	penultimate		f_h2nf7yrsvji2u	Kohistani ápa and Guresi/Astori ápo keep root prominence after lp reduction, whereas Degener's Gilgit aápo has late long aa. This is a further test of dialect-specific compensation: an originally short root vowel before a cluster can become late long in Gilgit while remaining short elsewhere. It enlarges the comparison beyond the familiar ‘hot’ example.
722	álpa	Sh	Tangir	backstrom1992	ˈɑpʰo	few	survey-phonetic	2	stress-marked@-2	penultimate		f_vl6ccwbdrlutk	Kohistani ápa and Guresi/Astori ápo keep root prominence after lp reduction, whereas Degener's Gilgit aápo has late long aa. This is a further test of dialect-specific compensation: an originally short root vowel before a cluster can become late long in Gilgit while remaining short elsewhere. It enlarges the comparison beyond the familiar ‘hot’ example.
722	álpa	Sh	Sazin	backstrom1992	ˈɑpo	few	survey-phonetic	2	stress-marked@-2	penultimate		f_tdw2nezzo5jpg	Kohistani ápa and Guresi/Astori ápo keep root prominence after lp reduction, whereas Degener's Gilgit aápo has late long aa. This is a further test of dialect-specific compensation: an originally short root vowel before a cluster can become late long in Gilgit while remaining short elsewhere. It enlarges the comparison beyond the familiar ‘hot’ example.
722	álpa	Sh	Harban	backstrom1992	ˈɑpo	few	survey-phonetic	2	stress-marked@-2	penultimate		f_7dtfabepaal6y	Kohistani ápa and Guresi/Astori ápo keep root prominence after lp reduction, whereas Degener's Gilgit aápo has late long aa. This is a further test of dialect-specific compensation: an originally short root vowel before a cluster can become late long in Gilgit while remaining short elsewhere. It enlarges the comparison beyond the familiar ‘hot’ example.
722	álpa	Sh	Jalkot	backstrom1992	ˈɑfo̱	few	survey-phonetic	2	stress-marked@-2	penultimate		f_j5ewj2ylywo74	Kohistani ápa and Guresi/Astori ápo keep root prominence after lp reduction, whereas Degener's Gilgit aápo has late long aa. This is a further test of dialect-specific compensation: an originally short root vowel before a cluster can become late long in Gilgit while remaining short elsewhere. It enlarges the comparison beyond the familiar ‘hot’ example.
722	álpa	Sh	pales	backstrom1992	ˈɑfo	few	survey-phonetic	2	stress-marked@-2	penultimate		f_lt4rgjrvitzto	Kohistani ápa and Guresi/Astori ápo keep root prominence after lp reduction, whereas Degener's Gilgit aápo has late long aa. This is a further test of dialect-specific compensation: an originally short root vowel before a cluster can become late long in Gilgit while remaining short elsewhere. It enlarges the comparison beyond the familiar ‘hot’ example.
722	álpa	Sh	Kolai	backstrom1992	ˈɑpʰo	few	survey-phonetic	2	stress-marked@-2	penultimate		f_wd3hu7mwgnge6	Kohistani ápa and Guresi/Astori ápo keep root prominence after lp reduction, whereas Degener's Gilgit aápo has late long aa. This is a further test of dialect-specific compensation: an originally short root vowel before a cluster can become late long in Gilgit while remaining short elsewhere. It enlarges the comparison beyond the familiar ‘hot’ example.
722	álpa	Sh	koh	schmidt	ápa	few	shina-mora	2	S@-2	penultimate		f_nspyajgynzhwm	Kohistani ápa and Guresi/Astori ápo keep root prominence after lp reduction, whereas Degener's Gilgit aápo has late long aa. This is a further test of dialect-specific compensation: an originally short root vowel before a cluster can become late long in Gilgit while remaining short elsewhere. It enlarges the comparison beyond the familiar ‘hot’ example.
722	álpa	Sh	gur	schmidt	ápo	few	shina-mora	2	S@-2	penultimate		f_6v2pv3by4kgwu	Kohistani ápa and Guresi/Astori ápo keep root prominence after lp reduction, whereas Degener's Gilgit aápo has late long aa. This is a further test of dialect-specific compensation: an originally short root vowel before a cluster can become late long in Gilgit while remaining short elsewhere. It enlarges the comparison beyond the familiar ‘hot’ example.
722	álpa	Sh	Astor	schmidt	ápo	few	shina-mora	2	S@-2	penultimate		f_bidfsf4j7dutw	Kohistani ápa and Guresi/Astori ápo keep root prominence after lp reduction, whereas Degener's Gilgit aápo has late long aa. This is a further test of dialect-specific compensation: an originally short root vowel before a cluster can become late long in Gilgit while remaining short elsewhere. It enlarges the comparison beyond the familiar ‘hot’ example.
722	álpa	Sh	gil	degener-shina2008	aápo	little, slight	gilgit-mora	2	L@-2	penultimate		f_q67ynpv7gvpow	Kohistani ápa and Guresi/Astori ápo keep root prominence after lp reduction, whereas Degener's Gilgit aápo has late long aa. This is a further test of dialect-specific compensation: an originally short root vowel before a cluster can become late long in Gilgit while remaining short elsewhere. It enlarges the comparison beyond the familiar ‘hot’ example.
1962	*udguru	Sv	Sv	CDIAL	ugəró	heavy	historical-dictionary	1	syllable-marked@-1	other-position		f_qphomzrgd6rqu	Modern Palula ungúru and Gilgit hagúro/agúro accent the final root syllable before a gender ending, while older Palula úguro/úṅguro is initially accented. This is a real source or historical formation discrepancy within a well-defined adjective class. Sauji ugəró has a finally accented vowel and must be checked for its exact inflection; Kalkoti ugur/uɣur has lost the ending.
1962	*udguru	Phal	Phal	CDIAL	úguro	heavy	historical-dictionary	3	syllable-marked@-3	other-position		f_6aixg5kbn3biw	Modern Palula ungúru and Gilgit hagúro/agúro accent the final root syllable before a gender ending, while older Palula úguro/úṅguro is initially accented. This is a real source or historical formation discrepancy within a well-defined adjective class. Sauji ugəró has a finally accented vowel and must be checked for its exact inflection; Kalkoti ugur/uɣur has lost the ending.
1962	*udguru	Phal	Phal	CDIAL	úṅguro	heavy	historical-dictionary	3	syllable-marked@-3	other-position		f_rvn66scriluyy	Modern Palula ungúru and Gilgit hagúro/agúro accent the final root syllable before a gender ending, while older Palula úguro/úṅguro is initially accented. This is a real source or historical formation discrepancy within a well-defined adjective class. Sauji ugəró has a finally accented vowel and must be checked for its exact inflection; Kalkoti ugur/uɣur has lost the ending.
1962	*udguru	Phal	Phal	liljegren	ungúru	heavy	palula-mora	2	S@-2	penultimate		f_3ascirwmhn6g4	Modern Palula ungúru and Gilgit hagúro/agúro accent the final root syllable before a gender ending, while older Palula úguro/úṅguro is initially accented. This is a real source or historical formation discrepancy within a well-defined adjective class. Sauji ugəró has a finally accented vowel and must be checked for its exact inflection; Kalkoti ugur/uɣur has lost the ending.
1962	*udguru	Sh	Gupis	backstrom1992	hɑˈguro	heavy	survey-phonetic	2	stress-marked@-2	penultimate		f_m24vsax5lr6by	Modern Palula ungúru and Gilgit hagúro/agúro accent the final root syllable before a gender ending, while older Palula úguro/úṅguro is initially accented. This is a real source or historical formation discrepancy within a well-defined adjective class. Sauji ugəró has a finally accented vowel and must be checked for its exact inflection; Kalkoti ugur/uɣur has lost the ending.
1962	*udguru	Sh	punl	backstrom1992	hɑˈguro	heavy	survey-phonetic	2	stress-marked@-2	penultimate		f_77znhqqwmohdu	Modern Palula ungúru and Gilgit hagúro/agúro accent the final root syllable before a gender ending, while older Palula úguro/úṅguro is initially accented. This is a real source or historical formation discrepancy within a well-defined adjective class. Sauji ugəró has a finally accented vowel and must be checked for its exact inflection; Kalkoti ugur/uɣur has lost the ending.
1962	*udguru	Sh	HunzaNasirabad	backstrom1992	ɑˈguro	heavy	survey-phonetic	2	stress-marked@-2	penultimate		f_zwmguzj6wdqe2	Modern Palula ungúru and Gilgit hagúro/agúro accent the final root syllable before a gender ending, while older Palula úguro/úṅguro is initially accented. This is a real source or historical formation discrepancy within a well-defined adjective class. Sauji ugəró has a finally accented vowel and must be checked for its exact inflection; Kalkoti ugur/uɣur has lost the ending.
1962	*udguru	Sh	NagarThol	backstrom1992	ɑˈguro	heavy	survey-phonetic	2	stress-marked@-2	penultimate		f_v33zd7ik6b2jc	Modern Palula ungúru and Gilgit hagúro/agúro accent the final root syllable before a gender ending, while older Palula úguro/úṅguro is initially accented. This is a real source or historical formation discrepancy within a well-defined adjective class. Sauji ugəró has a finally accented vowel and must be checked for its exact inflection; Kalkoti ugur/uɣur has lost the ending.
1962	*udguru	Sh	NagarChalt	backstrom1992	hɑ̱ˈgu̱ro	heavy	survey-phonetic	2	stress-marked@-2	penultimate		f_3zafytmvbvhca	Modern Palula ungúru and Gilgit hagúro/agúro accent the final root syllable before a gender ending, while older Palula úguro/úṅguro is initially accented. This is a real source or historical formation discrepancy within a well-defined adjective class. Sauji ugəró has a finally accented vowel and must be checked for its exact inflection; Kalkoti ugur/uɣur has lost the ending.
1962	*udguru	Sh	gil	backstrom1992	hɑˈguro	heavy	survey-phonetic	2	stress-marked@-2	penultimate		f_em7zfpdapgxie	Modern Palula ungúru and Gilgit hagúro/agúro accent the final root syllable before a gender ending, while older Palula úguro/úṅguro is initially accented. This is a real source or historical formation discrepancy within a well-defined adjective class. Sauji ugəró has a finally accented vowel and must be checked for its exact inflection; Kalkoti ugur/uɣur has lost the ending.
1962	*udguru	Sh	gil	backstrom1992	ɑˈguro	heavy	survey-phonetic	2	stress-marked@-2	penultimate		f_yy6nd7pukpq52	Modern Palula ungúru and Gilgit hagúro/agúro accent the final root syllable before a gender ending, while older Palula úguro/úṅguro is initially accented. This is a real source or historical formation discrepancy within a well-defined adjective class. Sauji ugəró has a finally accented vowel and must be checked for its exact inflection; Kalkoti ugur/uɣur has lost the ending.
1962	*udguru	Sh	Haramosh	backstrom1992	ɑˈguro̱	heavy	survey-phonetic	2	stress-marked@-2	penultimate		f_zd6ipt3tfvbwy	Modern Palula ungúru and Gilgit hagúro/agúro accent the final root syllable before a gender ending, while older Palula úguro/úṅguro is initially accented. This is a real source or historical formation discrepancy within a well-defined adjective class. Sauji ugəró has a finally accented vowel and must be checked for its exact inflection; Kalkoti ugur/uɣur has lost the ending.
1962	*udguru	Sh	Bagrot	backstrom1992	ɑˈguro	heavy	survey-phonetic	2	stress-marked@-2	penultimate		f_47s4y36dfu6pe	Modern Palula ungúru and Gilgit hagúro/agúro accent the final root syllable before a gender ending, while older Palula úguro/úṅguro is initially accented. This is a real source or historical formation discrepancy within a well-defined adjective class. Sauji ugəró has a finally accented vowel and must be checked for its exact inflection; Kalkoti ugur/uɣur has lost the ending.
1962	*udguru	Sh	Bunji	backstrom1992	hɑ̱ˈguro̱	heavy	survey-phonetic	2	stress-marked@-2	penultimate		f_c52yiselok6ia	Modern Palula ungúru and Gilgit hagúro/agúro accent the final root syllable before a gender ending, while older Palula úguro/úṅguro is initially accented. This is a real source or historical formation discrepancy within a well-defined adjective class. Sauji ugəró has a finally accented vowel and must be checked for its exact inflection; Kalkoti ugur/uɣur has lost the ending.
1962	*udguru	Sh	Rondu	backstrom1992	hɑˈguro	heavy	survey-phonetic	2	stress-marked@-2	penultimate		f_bgkjxzroajm4q	Modern Palula ungúru and Gilgit hagúro/agúro accent the final root syllable before a gender ending, while older Palula úguro/úṅguro is initially accented. This is a real source or historical formation discrepancy within a well-defined adjective class. Sauji ugəró has a finally accented vowel and must be checked for its exact inflection; Kalkoti ugur/uɣur has lost the ending.
1962	*udguru	Sh	Gahorabad	backstrom1992	hɑˈguro	heavy	survey-phonetic	2	stress-marked@-2	penultimate		f_hmkgrboqhmz3y	Modern Palula ungúru and Gilgit hagúro/agúro accent the final root syllable before a gender ending, while older Palula úguro/úṅguro is initially accented. This is a real source or historical formation discrepancy within a well-defined adjective class. Sauji ugəró has a finally accented vowel and must be checked for its exact inflection; Kalkoti ugur/uɣur has lost the ending.
1962	*udguru	Sh	DashkinAstor	backstrom1992	hɑˈguro̱	heavy	survey-phonetic	2	stress-marked@-2	penultimate		f_azmtqlri5vdki	Modern Palula ungúru and Gilgit hagúro/agúro accent the final root syllable before a gender ending, while older Palula úguro/úṅguro is initially accented. This is a real source or historical formation discrepancy within a well-defined adjective class. Sauji ugəró has a finally accented vowel and must be checked for its exact inflection; Kalkoti ugur/uɣur has lost the ending.
1962	*udguru	Sh	Astor	backstrom1992	hɑˈŋuro̱	heavy	survey-phonetic	2	stress-marked@-2	penultimate		f_2ujbobjyoflvi	Modern Palula ungúru and Gilgit hagúro/agúro accent the final root syllable before a gender ending, while older Palula úguro/úṅguro is initially accented. This is a real source or historical formation discrepancy within a well-defined adjective class. Sauji ugəró has a finally accented vowel and must be checked for its exact inflection; Kalkoti ugur/uɣur has lost the ending.
1962	*udguru	Sh	Astor	backstrom1992	ɑŋˈuro̱	heavy	survey-phonetic	2	stress-marked@-2	penultimate		f_75xiaknsu6lu4	Modern Palula ungúru and Gilgit hagúro/agúro accent the final root syllable before a gender ending, while older Palula úguro/úṅguro is initially accented. This is a real source or historical formation discrepancy within a well-defined adjective class. Sauji ugəró has a finally accented vowel and must be checked for its exact inflection; Kalkoti ugur/uɣur has lost the ending.
1962	*udguru	Sh	KachuraJel	backstrom1992	ɑˈŋur̃o	heavy	survey-phonetic	2	stress-marked@-2	penultimate		f_pfpowlukpzsdm	Modern Palula ungúru and Gilgit hagúro/agúro accent the final root syllable before a gender ending, while older Palula úguro/úṅguro is initially accented. This is a real source or historical formation discrepancy within a well-defined adjective class. Sauji ugəró has a finally accented vowel and must be checked for its exact inflection; Kalkoti ugur/uɣur has lost the ending.
1962	*udguru	Sh	Satpara	backstrom1992	ɑˈŋur̃o	heavy	survey-phonetic	2	stress-marked@-2	penultimate		f_arxdudk7g3hhk	Modern Palula ungúru and Gilgit hagúro/agúro accent the final root syllable before a gender ending, while older Palula úguro/úṅguro is initially accented. This is a real source or historical formation discrepancy within a well-defined adjective class. Sauji ugəró has a finally accented vowel and must be checked for its exact inflection; Kalkoti ugur/uɣur has lost the ending.
1962	*udguru	Sh	Gultari	backstrom1992	ɑŋˈuro̱	heavy	survey-phonetic	2	stress-marked@-2	penultimate		f_jgiq7zvmgd5ki	Modern Palula ungúru and Gilgit hagúro/agúro accent the final root syllable before a gender ending, while older Palula úguro/úṅguro is initially accented. This is a real source or historical formation discrepancy within a well-defined adjective class. Sauji ugəró has a finally accented vowel and must be checked for its exact inflection; Kalkoti ugur/uɣur has lost the ending.
1962	*udguru	Sh	Kharmang	backstrom1992	ɑˈŋuro	heavy	survey-phonetic	2	stress-marked@-2	penultimate		f_cagdbqwlybz76	Modern Palula ungúru and Gilgit hagúro/agúro accent the final root syllable before a gender ending, while older Palula úguro/úṅguro is initially accented. This is a real source or historical formation discrepancy within a well-defined adjective class. Sauji ugəró has a finally accented vowel and must be checked for its exact inflection; Kalkoti ugur/uɣur has lost the ending.
1962	*udguru	Sh	ChilasKhinar	backstrom1992	hɑˈguro	heavy	survey-phonetic	2	stress-marked@-2	penultimate		f_jau6dv7cfnr3i	Modern Palula ungúru and Gilgit hagúro/agúro accent the final root syllable before a gender ending, while older Palula úguro/úṅguro is initially accented. This is a real source or historical formation discrepancy within a well-defined adjective class. Sauji ugəró has a finally accented vowel and must be checked for its exact inflection; Kalkoti ugur/uɣur has lost the ending.
1962	*udguru	Sh	ChilasJelil	backstrom1992	hɑˈguro	heavy	survey-phonetic	2	stress-marked@-2	penultimate		f_arcyglm5ufa5y	Modern Palula ungúru and Gilgit hagúro/agúro accent the final root syllable before a gender ending, while older Palula úguro/úṅguro is initially accented. This is a real source or historical formation discrepancy within a well-defined adjective class. Sauji ugəró has a finally accented vowel and must be checked for its exact inflection; Kalkoti ugur/uɣur has lost the ending.
1962	*udguru	Sh	Darel	backstrom1992	hɑˈguro	heavy	survey-phonetic	2	stress-marked@-2	penultimate		f_l4dbo5av5ymmw	Modern Palula ungúru and Gilgit hagúro/agúro accent the final root syllable before a gender ending, while older Palula úguro/úṅguro is initially accented. This is a real source or historical formation discrepancy within a well-defined adjective class. Sauji ugəró has a finally accented vowel and must be checked for its exact inflection; Kalkoti ugur/uɣur has lost the ending.
1962	*udguru	Sh	Tangir	backstrom1992	hɑˈguro	heavy	survey-phonetic	2	stress-marked@-2	penultimate		f_a4pvcvjdfcsm4	Modern Palula ungúru and Gilgit hagúro/agúro accent the final root syllable before a gender ending, while older Palula úguro/úṅguro is initially accented. This is a real source or historical formation discrepancy within a well-defined adjective class. Sauji ugəró has a finally accented vowel and must be checked for its exact inflection; Kalkoti ugur/uɣur has lost the ending.
1962	*udguru	Sh	Sazin	backstrom1992	hɑˈguro	heavy	survey-phonetic	2	stress-marked@-2	penultimate		f_b4wsc7qyyhvmc	Modern Palula ungúru and Gilgit hagúro/agúro accent the final root syllable before a gender ending, while older Palula úguro/úṅguro is initially accented. This is a real source or historical formation discrepancy within a well-defined adjective class. Sauji ugəró has a finally accented vowel and must be checked for its exact inflection; Kalkoti ugur/uɣur has lost the ending.
1962	*udguru	Sh	Harban	backstrom1992	hɑˈguro	heavy	survey-phonetic	2	stress-marked@-2	penultimate		f_45jq2ub6rxlvm	Modern Palula ungúru and Gilgit hagúro/agúro accent the final root syllable before a gender ending, while older Palula úguro/úṅguro is initially accented. This is a real source or historical formation discrepancy within a well-defined adjective class. Sauji ugəró has a finally accented vowel and must be checked for its exact inflection; Kalkoti ugur/uɣur has lost the ending.
1962	*udguru	Sh	Jalkot	backstrom1992	hɑˈguro	heavy	survey-phonetic	2	stress-marked@-2	penultimate		f_3wkdz6uyoedlw	Modern Palula ungúru and Gilgit hagúro/agúro accent the final root syllable before a gender ending, while older Palula úguro/úṅguro is initially accented. This is a real source or historical formation discrepancy within a well-defined adjective class. Sauji ugəró has a finally accented vowel and must be checked for its exact inflection; Kalkoti ugur/uɣur has lost the ending.
1962	*udguru	Sh	pales	backstrom1992	hɑˈguro̱	heavy	survey-phonetic	2	stress-marked@-2	penultimate		f_2gi524lubjpys	Modern Palula ungúru and Gilgit hagúro/agúro accent the final root syllable before a gender ending, while older Palula úguro/úṅguro is initially accented. This is a real source or historical formation discrepancy within a well-defined adjective class. Sauji ugəró has a finally accented vowel and must be checked for its exact inflection; Kalkoti ugur/uɣur has lost the ending.
1962	*udguru	Sh	Kolai	backstrom1992	hɑˈguro	heavy	survey-phonetic	2	stress-marked@-2	penultimate		f_x7bvqr5kssile	Modern Palula ungúru and Gilgit hagúro/agúro accent the final root syllable before a gender ending, while older Palula úguro/úṅguro is initially accented. This is a real source or historical formation discrepancy within a well-defined adjective class. Sauji ugəró has a finally accented vowel and must be checked for its exact inflection; Kalkoti ugur/uɣur has lost the ending.
1962	*udguru	Sh	gil	degener-shina2008	hagúro	heavy	gilgit-mora	2	S@-2	penultimate		f_brhzdpsx6grlk	Modern Palula ungúru and Gilgit hagúro/agúro accent the final root syllable before a gender ending, while older Palula úguro/úṅguro is initially accented. This is a real source or historical formation discrepancy within a well-defined adjective class. Sauji ugəró has a finally accented vowel and must be checked for its exact inflection; Kalkoti ugur/uɣur has lost the ending.
2613	*kacca	Sh	Sh	CDIAL	kačo	bad	historical-dictionary		unmarked	unscorable	no-single-location-mark	f_x5zybdxuftluu	Palula kháaču/Biori kháču and Gilgit kháčo have root prominence before a gender ending, with western quantity variation. Strand khâčʹaṛo ‘ugly’ and Gilgit khačeélo ‘stingy’ add independently visible derivational material carrying later accent. The bad lexeme is also linked to the dirty/mud family, so the two etymologies must not inflate the lexical sample.
2613	*kacca	Sh	Sh	CDIAL	khačo	bad	historical-dictionary		unmarked	unscorable	no-single-location-mark	f_ojftjxod54miq	Palula kháaču/Biori kháču and Gilgit kháčo have root prominence before a gender ending, with western quantity variation. Strand khâčʹaṛo ‘ugly’ and Gilgit khačeélo ‘stingy’ add independently visible derivational material carrying later accent. The bad lexeme is also linked to the dirty/mud family, so the two etymologies must not inflate the lexical sample.
2613	*kacca	Phal	Phal	strand	khʹâču	bad	strand-phonatory-accent	2	E@-2	penultimate		f_kg4oj2wg7p6da	Palula kháaču/Biori kháču and Gilgit kháčo have root prominence before a gender ending, with western quantity variation. Strand khâčʹaṛo ‘ugly’ and Gilgit khačeélo ‘stingy’ add independently visible derivational material carrying later accent. The bad lexeme is also linked to the dirty/mud family, so the two etymologies must not inflate the lexical sample.
3153	*kicca	Sv	Sv	CDIAL	khaco	dirty, bad	historical-dictionary		unmarked	unscorable	no-single-location-mark	f_h3k6nqseiftda	Palula číčal ‘mud’ has initial short prominence and extra l-bearing formation, whereas kháaču ‘bad’ belongs to an adjective class and is duplicated under *kacca ‘raw’. Kundal cical is a useful cognate without marked accent; Sauji khaco concerns the adjective. The distinct lexical formations and competing etymologies must be retained separately.
3153	*kicca	Phal	Phal	CDIAL	khāču	bad	historical-dictionary		unmarked	unscorable	no-single-location-mark	f_iyhpgqb2rpypa	Palula číčal ‘mud’ has initial short prominence and extra l-bearing formation, whereas kháaču ‘bad’ belongs to an adjective class and is duplicated under *kacca ‘raw’. Kundal cical is a useful cognate without marked accent; Sauji khaco concerns the adjective. The distinct lexical formations and competing etymologies must be retained separately.
3153	*kicca	Phal	Phal	CDIAL	khā́čulo	dirty, bad	historical-dictionary	3	syllable-marked@-3	other-position		f_susshhtpls6j2	Palula číčal ‘mud’ has initial short prominence and extra l-bearing formation, whereas kháaču ‘bad’ belongs to an adjective class and is duplicated under *kacca ‘raw’. Kundal cical is a useful cognate without marked accent; Sauji khaco concerns the adjective. The distinct lexical formations and competing etymologies must be retained separately.
3153	*kicca	Phal	Phal	liljegren	kháaču	bad	palula-mora	2	E@-2	penultimate		f_6jpkdn653gavo	Palula číčal ‘mud’ has initial short prominence and extra l-bearing formation, whereas kháaču ‘bad’ belongs to an adjective class and is duplicated under *kacca ‘raw’. Kundal cical is a useful cognate without marked accent; Sauji khaco concerns the adjective. The distinct lexical formations and competing etymologies must be retained separately.
3153	*kicca	Phal	biori	liljegren	kháču	bad	palula-mora	2	S@-2	penultimate		f_sszd7suoujs4q	Palula číčal ‘mud’ has initial short prominence and extra l-bearing formation, whereas kháaču ‘bad’ belongs to an adjective class and is duplicated under *kacca ‘raw’. Kundal cical is a useful cognate without marked accent; Sauji khaco concerns the adjective. The distinct lexical formations and competing etymologies must be retained separately.
3153	*kicca	Sh	Gupis	backstrom1992	ˈkʰʌčo̱	bad	survey-phonetic	2	stress-marked@-2	penultimate		f_x3jkyev5iflsy	Palula číčal ‘mud’ has initial short prominence and extra l-bearing formation, whereas kháaču ‘bad’ belongs to an adjective class and is duplicated under *kacca ‘raw’. Kundal cical is a useful cognate without marked accent; Sauji khaco concerns the adjective. The distinct lexical formations and competing etymologies must be retained separately.
3153	*kicca	Sh	punl	backstrom1992	ˈkʰʌčo̱	bad	survey-phonetic	2	stress-marked@-2	penultimate		f_zqix4viujr24k	Palula číčal ‘mud’ has initial short prominence and extra l-bearing formation, whereas kháaču ‘bad’ belongs to an adjective class and is duplicated under *kacca ‘raw’. Kundal cical is a useful cognate without marked accent; Sauji khaco concerns the adjective. The distinct lexical formations and competing etymologies must be retained separately.
3153	*kicca	Sh	HunzaNasirabad	backstrom1992	kʰʌ̱ˈčɑ̱ṭo̱	bad	survey-phonetic	2	stress-marked@-2	penultimate		f_lwz4os265zpsq	Palula číčal ‘mud’ has initial short prominence and extra l-bearing formation, whereas kháaču ‘bad’ belongs to an adjective class and is duplicated under *kacca ‘raw’. Kundal cical is a useful cognate without marked accent; Sauji khaco concerns the adjective. The distinct lexical formations and competing etymologies must be retained separately.
3153	*kicca	Sh	NagarThol	backstrom1992	ˈkʰʌču	bad	survey-phonetic	2	stress-marked@-2	penultimate		f_qpwvt2uljcy7y	Palula číčal ‘mud’ has initial short prominence and extra l-bearing formation, whereas kháaču ‘bad’ belongs to an adjective class and is duplicated under *kacca ‘raw’. Kundal cical is a useful cognate without marked accent; Sauji khaco concerns the adjective. The distinct lexical formations and competing etymologies must be retained separately.
3153	*kicca	Sh	NagarThol	backstrom1992	kʰʌˈčʌṭʰu	bad	survey-phonetic	2	stress-marked@-2	penultimate		f_ika2gq3gc5ijk	Palula číčal ‘mud’ has initial short prominence and extra l-bearing formation, whereas kháaču ‘bad’ belongs to an adjective class and is duplicated under *kacca ‘raw’. Kundal cical is a useful cognate without marked accent; Sauji khaco concerns the adjective. The distinct lexical formations and competing etymologies must be retained separately.
3153	*kicca	Sh	NagarChalt	backstrom1992	ˈkʰʌčo	bad	survey-phonetic	2	stress-marked@-2	penultimate		f_7zbtxwcyxr2ve	Palula číčal ‘mud’ has initial short prominence and extra l-bearing formation, whereas kháaču ‘bad’ belongs to an adjective class and is duplicated under *kacca ‘raw’. Kundal cical is a useful cognate without marked accent; Sauji khaco concerns the adjective. The distinct lexical formations and competing etymologies must be retained separately.
3153	*kicca	Sh	NagarChalt	backstrom1992	kʰʌˈčʌtu	bad	survey-phonetic	2	stress-marked@-2	penultimate		f_7ywm7lv3avbda	Palula číčal ‘mud’ has initial short prominence and extra l-bearing formation, whereas kháaču ‘bad’ belongs to an adjective class and is duplicated under *kacca ‘raw’. Kundal cical is a useful cognate without marked accent; Sauji khaco concerns the adjective. The distinct lexical formations and competing etymologies must be retained separately.
3153	*kicca	Sh	gil	backstrom1992	ˈkʰʌčo̱	bad	survey-phonetic	2	stress-marked@-2	penultimate		f_ybnkgtcdges3y	Palula číčal ‘mud’ has initial short prominence and extra l-bearing formation, whereas kháaču ‘bad’ belongs to an adjective class and is duplicated under *kacca ‘raw’. Kundal cical is a useful cognate without marked accent; Sauji khaco concerns the adjective. The distinct lexical formations and competing etymologies must be retained separately.
3153	*kicca	Sh	Haramosh	backstrom1992	ˈkʰʌčo̱	bad	survey-phonetic	2	stress-marked@-2	penultimate		f_53qjasbfnc5rq	Palula číčal ‘mud’ has initial short prominence and extra l-bearing formation, whereas kháaču ‘bad’ belongs to an adjective class and is duplicated under *kacca ‘raw’. Kundal cical is a useful cognate without marked accent; Sauji khaco concerns the adjective. The distinct lexical formations and competing etymologies must be retained separately.
3153	*kicca	Sh	Bagrot	backstrom1992	ˈkʰʌčo̱	bad	survey-phonetic	2	stress-marked@-2	penultimate		f_7ab4bjy3img36	Palula číčal ‘mud’ has initial short prominence and extra l-bearing formation, whereas kháaču ‘bad’ belongs to an adjective class and is duplicated under *kacca ‘raw’. Kundal cical is a useful cognate without marked accent; Sauji khaco concerns the adjective. The distinct lexical formations and competing etymologies must be retained separately.
3153	*kicca	Sh	Bunji	backstrom1992	ˈkʰʌ̱čo̱	bad	survey-phonetic	2	stress-marked@-2	penultimate		f_nrtkxsfgoqgoe	Palula číčal ‘mud’ has initial short prominence and extra l-bearing formation, whereas kháaču ‘bad’ belongs to an adjective class and is duplicated under *kacca ‘raw’. Kundal cical is a useful cognate without marked accent; Sauji khaco concerns the adjective. The distinct lexical formations and competing etymologies must be retained separately.
3153	*kicca	Sh	Rondu	backstrom1992	ˈkʰʌčo	bad	survey-phonetic	2	stress-marked@-2	penultimate		f_4kosggpl74o2o	Palula číčal ‘mud’ has initial short prominence and extra l-bearing formation, whereas kháaču ‘bad’ belongs to an adjective class and is duplicated under *kacca ‘raw’. Kundal cical is a useful cognate without marked accent; Sauji khaco concerns the adjective. The distinct lexical formations and competing etymologies must be retained separately.
3153	*kicca	Sh	Gahorabad	backstrom1992	ˈkʌčo	bad	survey-phonetic	2	stress-marked@-2	penultimate		f_gmvohaztnyz2g	Palula číčal ‘mud’ has initial short prominence and extra l-bearing formation, whereas kháaču ‘bad’ belongs to an adjective class and is duplicated under *kacca ‘raw’. Kundal cical is a useful cognate without marked accent; Sauji khaco concerns the adjective. The distinct lexical formations and competing etymologies must be retained separately.
3153	*kicca	Sh	DashkinAstor	backstrom1992	ˈkʰʌčo̱	bad	survey-phonetic	2	stress-marked@-2	penultimate		f_ytukqntaiookm	Palula číčal ‘mud’ has initial short prominence and extra l-bearing formation, whereas kháaču ‘bad’ belongs to an adjective class and is duplicated under *kacca ‘raw’. Kundal cical is a useful cognate without marked accent; Sauji khaco concerns the adjective. The distinct lexical formations and competing etymologies must be retained separately.
3153	*kicca	Sh	Astor	backstrom1992	kʰʌčo̱	bad	survey-phonetic		unmarked	unscorable	no-single-location-mark	f_6hnhp77cype5i	Palula číčal ‘mud’ has initial short prominence and extra l-bearing formation, whereas kháaču ‘bad’ belongs to an adjective class and is duplicated under *kacca ‘raw’. Kundal cical is a useful cognate without marked accent; Sauji khaco concerns the adjective. The distinct lexical formations and competing etymologies must be retained separately.
3153	*kicca	Sh	Astor	backstrom1992	kʰʌˈčɑṭo̱	bad	survey-phonetic	2	stress-marked@-2	penultimate		f_jtedownm533w4	Palula číčal ‘mud’ has initial short prominence and extra l-bearing formation, whereas kháaču ‘bad’ belongs to an adjective class and is duplicated under *kacca ‘raw’. Kundal cical is a useful cognate without marked accent; Sauji khaco concerns the adjective. The distinct lexical formations and competing etymologies must be retained separately.
3153	*kicca	Sh	KachuraJel	backstrom1992	ˈkʰʌčo	bad	survey-phonetic	2	stress-marked@-2	penultimate		f_u32xqnoxlc42c	Palula číčal ‘mud’ has initial short prominence and extra l-bearing formation, whereas kháaču ‘bad’ belongs to an adjective class and is duplicated under *kacca ‘raw’. Kundal cical is a useful cognate without marked accent; Sauji khaco concerns the adjective. The distinct lexical formations and competing etymologies must be retained separately.
3153	*kicca	Sh	Satpara	backstrom1992	ˈkʰʌčo	bad	survey-phonetic	2	stress-marked@-2	penultimate		f_el4s5gnw3rcsk	Palula číčal ‘mud’ has initial short prominence and extra l-bearing formation, whereas kháaču ‘bad’ belongs to an adjective class and is duplicated under *kacca ‘raw’. Kundal cical is a useful cognate without marked accent; Sauji khaco concerns the adjective. The distinct lexical formations and competing etymologies must be retained separately.
3153	*kicca	Sh	ChilasKhinar	backstrom1992	ˈkʰʌčo̥	bad	survey-phonetic	2	stress-marked@-2	penultimate		f_vz6wqmcnyvtzs	Palula číčal ‘mud’ has initial short prominence and extra l-bearing formation, whereas kháaču ‘bad’ belongs to an adjective class and is duplicated under *kacca ‘raw’. Kundal cical is a useful cognate without marked accent; Sauji khaco concerns the adjective. The distinct lexical formations and competing etymologies must be retained separately.
3153	*kicca	Sh	ChilasJelil	backstrom1992	ˈkʰʌčo̥	bad	survey-phonetic	2	stress-marked@-2	penultimate		f_lsf3fqofdu4n4	Palula číčal ‘mud’ has initial short prominence and extra l-bearing formation, whereas kháaču ‘bad’ belongs to an adjective class and is duplicated under *kacca ‘raw’. Kundal cical is a useful cognate without marked accent; Sauji khaco concerns the adjective. The distinct lexical formations and competing etymologies must be retained separately.
3153	*kicca	Sh	Darel	backstrom1992	ˈkʰʌčo	bad	survey-phonetic	2	stress-marked@-2	penultimate		f_ji2msb5yopdwm	Palula číčal ‘mud’ has initial short prominence and extra l-bearing formation, whereas kháaču ‘bad’ belongs to an adjective class and is duplicated under *kacca ‘raw’. Kundal cical is a useful cognate without marked accent; Sauji khaco concerns the adjective. The distinct lexical formations and competing etymologies must be retained separately.
3153	*kicca	Sh	Jalkot	backstrom1992	kʌˈč̣ɑṭo	bad	survey-phonetic	2	stress-marked@-2	penultimate		f_5efvtero45q3e	Palula číčal ‘mud’ has initial short prominence and extra l-bearing formation, whereas kháaču ‘bad’ belongs to an adjective class and is duplicated under *kacca ‘raw’. Kundal cical is a useful cognate without marked accent; Sauji khaco concerns the adjective. The distinct lexical formations and competing etymologies must be retained separately.
3153	*kicca	Sh	pales	backstrom1992	kʌˈčɑ̱ṭo̱	bad	survey-phonetic	2	stress-marked@-2	penultimate		f_cvraimqz2hfto	Palula číčal ‘mud’ has initial short prominence and extra l-bearing formation, whereas kháaču ‘bad’ belongs to an adjective class and is duplicated under *kacca ‘raw’. Kundal cical is a useful cognate without marked accent; Sauji khaco concerns the adjective. The distinct lexical formations and competing etymologies must be retained separately.
3153	*kicca	Sh	Kolai	backstrom1992	kʌčʌṭo̱	bad	survey-phonetic		unmarked	unscorable	no-single-location-mark	f_xjmpohr6i5ur2	Palula číčal ‘mud’ has initial short prominence and extra l-bearing formation, whereas kháaču ‘bad’ belongs to an adjective class and is duplicated under *kacca ‘raw’. Kundal cical is a useful cognate without marked accent; Sauji khaco concerns the adjective. The distinct lexical formations and competing etymologies must be retained separately.
3451	kr̥ṣṇá	Phal	Phal	CDIAL	kiṣíṇu	black	historical-dictionary	2	syllable-marked@-2	penultimate		f_u24hs7hngc534	Palula kriṣíṇu/kiṣíṇu has accent on the final root syllable before u, while Shina kíṇo/kíṇu has only one root syllable after greater cluster reduction. Thus the modern first-versus-second syllable difference is predicted by root shape plus the same extension rule; it is not divergent inherited accent. The independently attested old extended adjective strengthens the morphological analysis.
3451	kr̥ṣṇá	Phal	Phal	liljegren	kiṣíṇu	black	palula-mora	2	S@-2	penultimate		f_u24hs7hngc534	Palula kriṣíṇu/kiṣíṇu has accent on the final root syllable before u, while Shina kíṇo/kíṇu has only one root syllable after greater cluster reduction. Thus the modern first-versus-second syllable difference is predicted by root shape plus the same extension rule; it is not divergent inherited accent. The independently attested old extended adjective strengthens the morphological analysis.
3451	kr̥ṣṇá	Phal	Phal	CDIAL	kiṣíṇi	black	historical-dictionary	2	syllable-marked@-2	penultimate		f_woof3hq7igbsq	Palula kriṣíṇu/kiṣíṇu has accent on the final root syllable before u, while Shina kíṇo/kíṇu has only one root syllable after greater cluster reduction. Thus the modern first-versus-second syllable difference is predicted by root shape plus the same extension rule; it is not divergent inherited accent. The independently attested old extended adjective strengthens the morphological analysis.
3451	kr̥ṣṇá	Sh	koh	CDIAL	kiṇŭ	black	historical-dictionary		unmarked	unscorable	no-single-location-mark	f_z4ns67b3m2lcs	Palula kriṣíṇu/kiṣíṇu has accent on the final root syllable before u, while Shina kíṇo/kíṇu has only one root syllable after greater cluster reduction. Thus the modern first-versus-second syllable difference is predicted by root shape plus the same extension rule; it is not divergent inherited accent. The independently attested old extended adjective strengthens the morphological analysis.
3451	kr̥ṣṇá	Phal	Phal	liljegren	kriṣíṇu	black	palula-mora	2	S@-2	penultimate		f_oalouf5f65klk	Palula kriṣíṇu/kiṣíṇu has accent on the final root syllable before u, while Shina kíṇo/kíṇu has only one root syllable after greater cluster reduction. Thus the modern first-versus-second syllable difference is predicted by root shape plus the same extension rule; it is not divergent inherited accent. The independently attested old extended adjective strengthens the morphological analysis.
3451	kr̥ṣṇá	Phal	Phal	strand	kiṣʹiṇo	black	strand-phonatory-accent	2	S@-2	penultimate		f_mtqr3lnuziwqc	Palula kriṣíṇu/kiṣíṇu has accent on the final root syllable before u, while Shina kíṇo/kíṇu has only one root syllable after greater cluster reduction. Thus the modern first-versus-second syllable difference is predicted by root shape plus the same extension rule; it is not divergent inherited accent. The independently attested old extended adjective strengthens the morphological analysis.
3451	kr̥ṣṇá	Sh	Gupis	backstrom1992	ˈkino	black	survey-phonetic	2	stress-marked@-2	penultimate		f_vchjfmjkw7e3g	Palula kriṣíṇu/kiṣíṇu has accent on the final root syllable before u, while Shina kíṇo/kíṇu has only one root syllable after greater cluster reduction. Thus the modern first-versus-second syllable difference is predicted by root shape plus the same extension rule; it is not divergent inherited accent. The independently attested old extended adjective strengthens the morphological analysis.
3451	kr̥ṣṇá	Sh	punl	backstrom1992	ˈkino	black	survey-phonetic	2	stress-marked@-2	penultimate		f_6soks7mux453s	Palula kriṣíṇu/kiṣíṇu has accent on the final root syllable before u, while Shina kíṇo/kíṇu has only one root syllable after greater cluster reduction. Thus the modern first-versus-second syllable difference is predicted by root shape plus the same extension rule; it is not divergent inherited accent. The independently attested old extended adjective strengthens the morphological analysis.
3451	kr̥ṣṇá	Sh	HunzaNasirabad	backstrom1992	ˈkino	black	survey-phonetic	2	stress-marked@-2	penultimate		f_zjl6e2uoi27om	Palula kriṣíṇu/kiṣíṇu has accent on the final root syllable before u, while Shina kíṇo/kíṇu has only one root syllable after greater cluster reduction. Thus the modern first-versus-second syllable difference is predicted by root shape plus the same extension rule; it is not divergent inherited accent. The independently attested old extended adjective strengthens the morphological analysis.
3451	kr̥ṣṇá	Sh	NagarThol	backstrom1992	ˈkinu̱	black	survey-phonetic	2	stress-marked@-2	penultimate		f_usg5n3vpk7ycq	Palula kriṣíṇu/kiṣíṇu has accent on the final root syllable before u, while Shina kíṇo/kíṇu has only one root syllable after greater cluster reduction. Thus the modern first-versus-second syllable difference is predicted by root shape plus the same extension rule; it is not divergent inherited accent. The independently attested old extended adjective strengthens the morphological analysis.
3451	kr̥ṣṇá	Sh	NagarChalt	backstrom1992	ˈkɪno̱	black	survey-phonetic	2	stress-marked@-2	penultimate		f_6fpy6fhcppmso	Palula kriṣíṇu/kiṣíṇu has accent on the final root syllable before u, while Shina kíṇo/kíṇu has only one root syllable after greater cluster reduction. Thus the modern first-versus-second syllable difference is predicted by root shape plus the same extension rule; it is not divergent inherited accent. The independently attested old extended adjective strengthens the morphological analysis.
3451	kr̥ṣṇá	Sh	gil	backstrom1992	ˈkino̱	black	survey-phonetic	2	stress-marked@-2	penultimate		f_rsyexamlddpd2	Palula kriṣíṇu/kiṣíṇu has accent on the final root syllable before u, while Shina kíṇo/kíṇu has only one root syllable after greater cluster reduction. Thus the modern first-versus-second syllable difference is predicted by root shape plus the same extension rule; it is not divergent inherited accent. The independently attested old extended adjective strengthens the morphological analysis.
3451	kr̥ṣṇá	Sh	Haramosh	backstrom1992	ˈkino̱	black	survey-phonetic	2	stress-marked@-2	penultimate		f_ci5xczzr5unlq	Palula kriṣíṇu/kiṣíṇu has accent on the final root syllable before u, while Shina kíṇo/kíṇu has only one root syllable after greater cluster reduction. Thus the modern first-versus-second syllable difference is predicted by root shape plus the same extension rule; it is not divergent inherited accent. The independently attested old extended adjective strengthens the morphological analysis.
3451	kr̥ṣṇá	Sh	Bagrot	backstrom1992	ˈkino̱	black	survey-phonetic	2	stress-marked@-2	penultimate		f_v6qsh3wyukc7o	Palula kriṣíṇu/kiṣíṇu has accent on the final root syllable before u, while Shina kíṇo/kíṇu has only one root syllable after greater cluster reduction. Thus the modern first-versus-second syllable difference is predicted by root shape plus the same extension rule; it is not divergent inherited accent. The independently attested old extended adjective strengthens the morphological analysis.
3451	kr̥ṣṇá	Sh	Bunji	backstrom1992	ˈkɪṇo̱	black	survey-phonetic	2	stress-marked@-2	penultimate		f_djrlqkjqmywgw	Palula kriṣíṇu/kiṣíṇu has accent on the final root syllable before u, while Shina kíṇo/kíṇu has only one root syllable after greater cluster reduction. Thus the modern first-versus-second syllable difference is predicted by root shape plus the same extension rule; it is not divergent inherited accent. The independently attested old extended adjective strengthens the morphological analysis.
3451	kr̥ṣṇá	Sh	Rondu	backstrom1992	ˈkiṇo	black	survey-phonetic	2	stress-marked@-2	penultimate		f_a3srfv2q4q3fk	Palula kriṣíṇu/kiṣíṇu has accent on the final root syllable before u, while Shina kíṇo/kíṇu has only one root syllable after greater cluster reduction. Thus the modern first-versus-second syllable difference is predicted by root shape plus the same extension rule; it is not divergent inherited accent. The independently attested old extended adjective strengthens the morphological analysis.
3451	kr̥ṣṇá	Sh	Gahorabad	backstrom1992	kiṇo	black	survey-phonetic		unmarked	unscorable	no-single-location-mark	f_6sajoid2w5s2w	Palula kriṣíṇu/kiṣíṇu has accent on the final root syllable before u, while Shina kíṇo/kíṇu has only one root syllable after greater cluster reduction. Thus the modern first-versus-second syllable difference is predicted by root shape plus the same extension rule; it is not divergent inherited accent. The independently attested old extended adjective strengthens the morphological analysis.
3451	kr̥ṣṇá	Sh	DashkinAstor	backstrom1992	ˈkiṇo	black	survey-phonetic	2	stress-marked@-2	penultimate		f_oau5uipmj4wqe	Palula kriṣíṇu/kiṣíṇu has accent on the final root syllable before u, while Shina kíṇo/kíṇu has only one root syllable after greater cluster reduction. Thus the modern first-versus-second syllable difference is predicted by root shape plus the same extension rule; it is not divergent inherited accent. The independently attested old extended adjective strengthens the morphological analysis.
3451	kr̥ṣṇá	Sh	Astor	backstrom1992	ˈkiṇo	black	survey-phonetic	2	stress-marked@-2	penultimate		f_7uvwh3uojvozo	Palula kriṣíṇu/kiṣíṇu has accent on the final root syllable before u, while Shina kíṇo/kíṇu has only one root syllable after greater cluster reduction. Thus the modern first-versus-second syllable difference is predicted by root shape plus the same extension rule; it is not divergent inherited accent. The independently attested old extended adjective strengthens the morphological analysis.
3451	kr̥ṣṇá	Sh	KachuraJel	backstrom1992	ˈkino	black	survey-phonetic	2	stress-marked@-2	penultimate		f_7fwukf5qtvqic	Palula kriṣíṇu/kiṣíṇu has accent on the final root syllable before u, while Shina kíṇo/kíṇu has only one root syllable after greater cluster reduction. Thus the modern first-versus-second syllable difference is predicted by root shape plus the same extension rule; it is not divergent inherited accent. The independently attested old extended adjective strengthens the morphological analysis.
3451	kr̥ṣṇá	Sh	Satpara	backstrom1992	ˈkiṇo	black	survey-phonetic	2	stress-marked@-2	penultimate		f_u6sj6bfu4sr4s	Palula kriṣíṇu/kiṣíṇu has accent on the final root syllable before u, while Shina kíṇo/kíṇu has only one root syllable after greater cluster reduction. Thus the modern first-versus-second syllable difference is predicted by root shape plus the same extension rule; it is not divergent inherited accent. The independently attested old extended adjective strengthens the morphological analysis.
3451	kr̥ṣṇá	Sh	Gultari	backstrom1992	ˈkiṇo	black	survey-phonetic	2	stress-marked@-2	penultimate		f_wfyvjjv2wgp7e	Palula kriṣíṇu/kiṣíṇu has accent on the final root syllable before u, while Shina kíṇo/kíṇu has only one root syllable after greater cluster reduction. Thus the modern first-versus-second syllable difference is predicted by root shape plus the same extension rule; it is not divergent inherited accent. The independently attested old extended adjective strengthens the morphological analysis.
3451	kr̥ṣṇá	Sh	Kharmang	backstrom1992	ˈkiṇo	black	survey-phonetic	2	stress-marked@-2	penultimate		f_i6tzbdt6wwkim	Palula kriṣíṇu/kiṣíṇu has accent on the final root syllable before u, while Shina kíṇo/kíṇu has only one root syllable after greater cluster reduction. Thus the modern first-versus-second syllable difference is predicted by root shape plus the same extension rule; it is not divergent inherited accent. The independently attested old extended adjective strengthens the morphological analysis.
3451	kr̥ṣṇá	Sh	dr	backstrom1992	ˈkiṇo	black	survey-phonetic	2	stress-marked@-2	penultimate		f_pzlk3rew2rc5s	Palula kriṣíṇu/kiṣíṇu has accent on the final root syllable before u, while Shina kíṇo/kíṇu has only one root syllable after greater cluster reduction. Thus the modern first-versus-second syllable difference is predicted by root shape plus the same extension rule; it is not divergent inherited accent. The independently attested old extended adjective strengthens the morphological analysis.
3451	kr̥ṣṇá	Sh	ChilasKhinar	backstrom1992	ˈkiṇo	black	survey-phonetic	2	stress-marked@-2	penultimate		f_dnqesvt2aubj2	Palula kriṣíṇu/kiṣíṇu has accent on the final root syllable before u, while Shina kíṇo/kíṇu has only one root syllable after greater cluster reduction. Thus the modern first-versus-second syllable difference is predicted by root shape plus the same extension rule; it is not divergent inherited accent. The independently attested old extended adjective strengthens the morphological analysis.
3451	kr̥ṣṇá	Sh	ChilasJelil	backstrom1992	ˈkiṇo	black	survey-phonetic	2	stress-marked@-2	penultimate		f_i7s5zjm5zdesu	Palula kriṣíṇu/kiṣíṇu has accent on the final root syllable before u, while Shina kíṇo/kíṇu has only one root syllable after greater cluster reduction. Thus the modern first-versus-second syllable difference is predicted by root shape plus the same extension rule; it is not divergent inherited accent. The independently attested old extended adjective strengthens the morphological analysis.
3451	kr̥ṣṇá	Sh	Darel	backstrom1992	ˈkɪṇo	black	survey-phonetic	2	stress-marked@-2	penultimate		f_flfemsbwtxfxs	Palula kriṣíṇu/kiṣíṇu has accent on the final root syllable before u, while Shina kíṇo/kíṇu has only one root syllable after greater cluster reduction. Thus the modern first-versus-second syllable difference is predicted by root shape plus the same extension rule; it is not divergent inherited accent. The independently attested old extended adjective strengthens the morphological analysis.
3451	kr̥ṣṇá	Sh	Tangir	backstrom1992	ˈkiṇo	black	survey-phonetic	2	stress-marked@-2	penultimate		f_b2sa7jcdkkg6w	Palula kriṣíṇu/kiṣíṇu has accent on the final root syllable before u, while Shina kíṇo/kíṇu has only one root syllable after greater cluster reduction. Thus the modern first-versus-second syllable difference is predicted by root shape plus the same extension rule; it is not divergent inherited accent. The independently attested old extended adjective strengthens the morphological analysis.
3451	kr̥ṣṇá	Sh	Sazin	backstrom1992	ˈkiṇo	black	survey-phonetic	2	stress-marked@-2	penultimate		f_22gfd6jib427w	Palula kriṣíṇu/kiṣíṇu has accent on the final root syllable before u, while Shina kíṇo/kíṇu has only one root syllable after greater cluster reduction. Thus the modern first-versus-second syllable difference is predicted by root shape plus the same extension rule; it is not divergent inherited accent. The independently attested old extended adjective strengthens the morphological analysis.
3451	kr̥ṣṇá	Sh	Harban	backstrom1992	ˈkiṇo	black	survey-phonetic	2	stress-marked@-2	penultimate		f_jmurzu4pvqqtw	Palula kriṣíṇu/kiṣíṇu has accent on the final root syllable before u, while Shina kíṇo/kíṇu has only one root syllable after greater cluster reduction. Thus the modern first-versus-second syllable difference is predicted by root shape plus the same extension rule; it is not divergent inherited accent. The independently attested old extended adjective strengthens the morphological analysis.
3451	kr̥ṣṇá	Sh	Jalkot	backstrom1992	ˈki̱ṇo̱	black	survey-phonetic	2	stress-marked@-2	penultimate		f_svuztyaw47hj6	Palula kriṣíṇu/kiṣíṇu has accent on the final root syllable before u, while Shina kíṇo/kíṇu has only one root syllable after greater cluster reduction. Thus the modern first-versus-second syllable difference is predicted by root shape plus the same extension rule; it is not divergent inherited accent. The independently attested old extended adjective strengthens the morphological analysis.
3451	kr̥ṣṇá	Sh	pales	backstrom1992	ˈki̱ṇo̱	black	survey-phonetic	2	stress-marked@-2	penultimate		f_73elocfobnlva	Palula kriṣíṇu/kiṣíṇu has accent on the final root syllable before u, while Shina kíṇo/kíṇu has only one root syllable after greater cluster reduction. Thus the modern first-versus-second syllable difference is predicted by root shape plus the same extension rule; it is not divergent inherited accent. The independently attested old extended adjective strengthens the morphological analysis.
3451	kr̥ṣṇá	Sh	Kolai	backstrom1992	ˈki̱ṇo̱	black	survey-phonetic	2	stress-marked@-2	penultimate		f_vje6wkqkg4wdk	Palula kriṣíṇu/kiṣíṇu has accent on the final root syllable before u, while Shina kíṇo/kíṇu has only one root syllable after greater cluster reduction. Thus the modern first-versus-second syllable difference is predicted by root shape plus the same extension rule; it is not divergent inherited accent. The independently attested old extended adjective strengthens the morphological analysis.
3451	kr̥ṣṇá	Sh	gil	schmidt	kíṇo	black	shina-mora	2	S@-2	penultimate		f_wehxeo52qgqe6	Palula kriṣíṇu/kiṣíṇu has accent on the final root syllable before u, while Shina kíṇo/kíṇu has only one root syllable after greater cluster reduction. Thus the modern first-versus-second syllable difference is predicted by root shape plus the same extension rule; it is not divergent inherited accent. The independently attested old extended adjective strengthens the morphological analysis.
3451	kr̥ṣṇá	Sh	koh	schmidt	kíṇo	black	shina-mora	2	S@-2	penultimate		f_warzwq45y2rny	Palula kriṣíṇu/kiṣíṇu has accent on the final root syllable before u, while Shina kíṇo/kíṇu has only one root syllable after greater cluster reduction. Thus the modern first-versus-second syllable difference is predicted by root shape plus the same extension rule; it is not divergent inherited accent. The independently attested old extended adjective strengthens the morphological analysis.
3451	kr̥ṣṇá	Sh	gur	schmidt	kíṇu	black	shina-mora	2	S@-2	penultimate		f_f46crjtqjcid4	Palula kriṣíṇu/kiṣíṇu has accent on the final root syllable before u, while Shina kíṇo/kíṇu has only one root syllable after greater cluster reduction. Thus the modern first-versus-second syllable difference is predicted by root shape plus the same extension rule; it is not divergent inherited accent. The independently attested old extended adjective strengthens the morphological analysis.
3451	kr̥ṣṇá	Sh	Astor	schmidt	kíṇo	black	shina-mora	2	S@-2	penultimate		f_zoqdvpfnwdbky	Palula kriṣíṇu/kiṣíṇu has accent on the final root syllable before u, while Shina kíṇo/kíṇu has only one root syllable after greater cluster reduction. Thus the modern first-versus-second syllable difference is predicted by root shape plus the same extension rule; it is not divergent inherited accent. The independently attested old extended adjective strengthens the morphological analysis.
3451	kr̥ṣṇá	Sh	gil	degener-shina2008	kino	black	gilgit-mora		unmarked	unscorable	no-single-location-mark	f_ochwcqbyjmkq4	Palula kriṣíṇu/kiṣíṇu has accent on the final root syllable before u, while Shina kíṇo/kíṇu has only one root syllable after greater cluster reduction. Thus the modern first-versus-second syllable difference is predicted by root shape plus the same extension rule; it is not divergent inherited accent. The independently attested old extended adjective strengthens the morphological analysis.
3451	kr̥ṣṇá	Sh	gil	buddruss-shina1996	kíno	black	gilgit-mora	2	S@-2	penultimate		f_m2twc3dmadmxi	Palula kriṣíṇu/kiṣíṇu has accent on the final root syllable before u, while Shina kíṇo/kíṇu has only one root syllable after greater cluster reduction. Thus the modern first-versus-second syllable difference is predicted by root shape plus the same extension rule; it is not divergent inherited accent. The independently attested old extended adjective strengthens the morphological analysis.
3523	kōmalá	Sv	Sv	CDIAL	kọ̈̄mala	tender, soft	historical-dictionary		unmarked	unscorable	no-single-location-mark	f_k3oyvfwuekczm	Palula koomáalu and Strand komʹâlu accent the final root syllable and leave the older initial long o unaccented. This supports root-final accent assignment in an extended adjective; it is not quantity attraction to the first long vowel. The aa in the accented open root syllable can be secondary lengthening of old short a.
3523	kōmalá	Phal	Phal	CDIAL	kōmā́lu	tender, soft	historical-dictionary	2	syllable-marked@-2	penultimate		f_prkarrerorq7q	Palula koomáalu and Strand komʹâlu accent the final root syllable and leave the older initial long o unaccented. This supports root-final accent assignment in an extended adjective; it is not quantity attraction to the first long vowel. The aa in the accented open root syllable can be secondary lengthening of old short a.
3523	kōmalá	Phal	Phal	liljegren	koomáalu	soft	palula-mora	2	E@-2	penultimate		f_ajjtn2tbz5rp2	Palula koomáalu and Strand komʹâlu accent the final root syllable and leave the older initial long o unaccented. This supports root-final accent assignment in an extended adjective; it is not quantity attraction to the first long vowel. The aa in the accented open root syllable can be secondary lengthening of old short a.
3523	kōmalá	Phal	Phal	strand	komʹâlu	soft	strand-phonatory-accent	2	E@-2	penultimate		f_itqdjgmv2x47a	Palula koomáalu and Strand komʹâlu accent the final root syllable and leave the older initial long o unaccented. This supports root-final accent assignment in an extended adjective; it is not quantity attraction to the first long vowel. The aa in the accented open root syllable can be secondary lengthening of old short a.
3533	*kōla	Phal	Phal	CDIAL	kūᵘlo	crooked	historical-dictionary		unmarked	unscorable	no-single-location-mark	f_ygbyaqybcxmu2	Palula kʹûlo and Gilgit kóolo preserve early long-root prominence before an unaccented ending; Gilgit ka~óolo adds or retains further initial material. The reconstructed input is unaccented and has possible older diphthong variants, but the modern adjective-class behavior is consistent across the two languages.
3533	*kōla	Sh	Sh	CDIAL	kōlṷ	curved, crooked	historical-dictionary		unmarked	unscorable	no-single-location-mark	f_fnv2yifdhmq2c	Palula kʹûlo and Gilgit kóolo preserve early long-root prominence before an unaccented ending; Gilgit ka~óolo adds or retains further initial material. The reconstructed input is unaccented and has possible older diphthong variants, but the modern adjective-class behavior is consistent across the two languages.
3533	*kōla	Phal	Phal	strand	kʹûlo	crooked	strand-phonatory-accent	2	E@-2	penultimate		f_w32qwt4hejbho	Palula kʹûlo and Gilgit kóolo preserve early long-root prominence before an unaccented ending; Gilgit ka~óolo adds or retains further initial material. The reconstructed input is unaccented and has possible older diphthong variants, but the modern adjective-class behavior is consistent across the two languages.
3533	*kōla	Sh	gil	degener-shina2008	kóolo	crooked	gilgit-mora	2	E@-2	penultimate		f_esdb7wpul7uyw	Palula kʹûlo and Gilgit kóolo preserve early long-root prominence before an unaccented ending; Gilgit ka~óolo adds or retains further initial material. The reconstructed input is unaccented and has possible older diphthong variants, but the modern adjective-class behavior is consistent across the two languages.
3602	krūrá	Sh	Sh	CDIAL	kūro	hard, severe (of things and people), strong, firm	historical-dictionary		unmarked	unscorable	no-single-location-mark	f_te3sh5pjj4fbq	Gilgit kúro has root short accent before masculine o, against the old final-accented long-root adjective. Root-final accent assignment after extension explains the locus, but shortening of old ū and r-cluster reduction must also be accounted for. Older kūro disagrees in quantity without supplying a comparable mora notation.
3602	krūrá	Sh	gil	degener-shina2008	kúro	mighty; strong	gilgit-mora	2	S@-2	penultimate		f_cgia6xwrygi52	Gilgit kúro has root short accent before masculine o, against the old final-accented long-root adjective. Root-final accent assignment after extension explains the locus, but shortening of old ū and r-cluster reduction must also be accounted for. Older kūro disagrees in quantity without supplying a comparable mora notation.
3832	kharvá	Sh	gil	CDIAL	khăbŭ	left-hand	historical-dictionary		unmarked	unscorable	no-single-location-mark	f_vesdejh6gpemw	Gilgit khábo, Kohistani khábooto, Guresi khái and Astori kháau share root prominence with different treatment of v and the final formation. The old extended khárvaka is explicitly barytone and therefore independently predicts a root-accented adjective without inventing an ad hoc retraction. Kalkoti khoor and Kundal kʰabɔṇ have distinct extra segmental histories and unmarked accent.
3832	kharvá	Sh	koh	CDIAL	khăbīnṷ	left-hand	historical-dictionary		unmarked	unscorable	no-single-location-mark	f_vf4bmgbcjbjym	Gilgit khábo, Kohistani khábooto, Guresi khái and Astori kháau share root prominence with different treatment of v and the final formation. The old extended khárvaka is explicitly barytone and therefore independently predicts a root-accented adjective without inventing an ad hoc retraction. Kalkoti khoor and Kundal kʰabɔṇ have distinct extra segmental histories and unmarked accent.
3832	kharvá	Sh	Gupis	backstrom1992	ˈkʰʌbo̱	left	survey-phonetic	2	stress-marked@-2	penultimate		f_duskvoome5c6k	Gilgit khábo, Kohistani khábooto, Guresi khái and Astori kháau share root prominence with different treatment of v and the final formation. The old extended khárvaka is explicitly barytone and therefore independently predicts a root-accented adjective without inventing an ad hoc retraction. Kalkoti khoor and Kundal kʰabɔṇ have distinct extra segmental histories and unmarked accent.
3832	kharvá	Sh	punl	backstrom1992	ˈkʰʌbo̱	left	survey-phonetic	2	stress-marked@-2	penultimate		f_hbp46cix7f3ts	Gilgit khábo, Kohistani khábooto, Guresi khái and Astori kháau share root prominence with different treatment of v and the final formation. The old extended khárvaka is explicitly barytone and therefore independently predicts a root-accented adjective without inventing an ad hoc retraction. Kalkoti khoor and Kundal kʰabɔṇ have distinct extra segmental histories and unmarked accent.
3832	kharvá	Sh	HunzaNasirabad	backstrom1992	ˈkʰʌbo	left	survey-phonetic	2	stress-marked@-2	penultimate		f_rqjygrorhwl72	Gilgit khábo, Kohistani khábooto, Guresi khái and Astori kháau share root prominence with different treatment of v and the final formation. The old extended khárvaka is explicitly barytone and therefore independently predicts a root-accented adjective without inventing an ad hoc retraction. Kalkoti khoor and Kundal kʰabɔṇ have distinct extra segmental histories and unmarked accent.
3832	kharvá	Sh	NagarThol	backstrom1992	ˈkʰʌbo	left	survey-phonetic	2	stress-marked@-2	penultimate		f_6ntg6gjg7653i	Gilgit khábo, Kohistani khábooto, Guresi khái and Astori kháau share root prominence with different treatment of v and the final formation. The old extended khárvaka is explicitly barytone and therefore independently predicts a root-accented adjective without inventing an ad hoc retraction. Kalkoti khoor and Kundal kʰabɔṇ have distinct extra segmental histories and unmarked accent.
3832	kharvá	Sh	NagarChalt	backstrom1992	ˈkʰʌ̱bo	left	survey-phonetic	2	stress-marked@-2	penultimate		f_lrxwrx3l5egk2	Gilgit khábo, Kohistani khábooto, Guresi khái and Astori kháau share root prominence with different treatment of v and the final formation. The old extended khárvaka is explicitly barytone and therefore independently predicts a root-accented adjective without inventing an ad hoc retraction. Kalkoti khoor and Kundal kʰabɔṇ have distinct extra segmental histories and unmarked accent.
3832	kharvá	Sh	gil	backstrom1992	ˈkʰʌbu	left	survey-phonetic	2	stress-marked@-2	penultimate		f_agvkrukmzvvoc	Gilgit khábo, Kohistani khábooto, Guresi khái and Astori kháau share root prominence with different treatment of v and the final formation. The old extended khárvaka is explicitly barytone and therefore independently predicts a root-accented adjective without inventing an ad hoc retraction. Kalkoti khoor and Kundal kʰabɔṇ have distinct extra segmental histories and unmarked accent.
3832	kharvá	Sh	Haramosh	backstrom1992	ˈkʰʌ̱bo̱	left	survey-phonetic	2	stress-marked@-2	penultimate		f_yxy2337j4ezpa	Gilgit khábo, Kohistani khábooto, Guresi khái and Astori kháau share root prominence with different treatment of v and the final formation. The old extended khárvaka is explicitly barytone and therefore independently predicts a root-accented adjective without inventing an ad hoc retraction. Kalkoti khoor and Kundal kʰabɔṇ have distinct extra segmental histories and unmarked accent.
3832	kharvá	Sh	Bagrot	backstrom1992	kʰɑ̱ˈbo̱	left	survey-phonetic	1	stress-marked@-1	other-position		f_gurgz4sml7hha	Gilgit khábo, Kohistani khábooto, Guresi khái and Astori kháau share root prominence with different treatment of v and the final formation. The old extended khárvaka is explicitly barytone and therefore independently predicts a root-accented adjective without inventing an ad hoc retraction. Kalkoti khoor and Kundal kʰabɔṇ have distinct extra segmental histories and unmarked accent.
3832	kharvá	Sh	Bunji	backstrom1992	ˈkʰʌbo̱	left	survey-phonetic	2	stress-marked@-2	penultimate		f_ungmca3te77se	Gilgit khábo, Kohistani khábooto, Guresi khái and Astori kháau share root prominence with different treatment of v and the final formation. The old extended khárvaka is explicitly barytone and therefore independently predicts a root-accented adjective without inventing an ad hoc retraction. Kalkoti khoor and Kundal kʰabɔṇ have distinct extra segmental histories and unmarked accent.
3832	kharvá	Sh	Bunji	backstrom1992	ˈxʌbo̱	left	survey-phonetic	2	stress-marked@-2	penultimate		f_bqhe6rjjaida2	Gilgit khábo, Kohistani khábooto, Guresi khái and Astori kháau share root prominence with different treatment of v and the final formation. The old extended khárvaka is explicitly barytone and therefore independently predicts a root-accented adjective without inventing an ad hoc retraction. Kalkoti khoor and Kundal kʰabɔṇ have distinct extra segmental histories and unmarked accent.
3832	kharvá	Sh	Rondu	backstrom1992	ˈkʰʌbo	left	survey-phonetic	2	stress-marked@-2	penultimate		f_e2mvye2pan55c	Gilgit khábo, Kohistani khábooto, Guresi khái and Astori kháau share root prominence with different treatment of v and the final formation. The old extended khárvaka is explicitly barytone and therefore independently predicts a root-accented adjective without inventing an ad hoc retraction. Kalkoti khoor and Kundal kʰabɔṇ have distinct extra segmental histories and unmarked accent.
3832	kharvá	Sh	Gahorabad	backstrom1992	ˈkʰɑbo	left	survey-phonetic	2	stress-marked@-2	penultimate		f_4rodbjipbybh2	Gilgit khábo, Kohistani khábooto, Guresi khái and Astori kháau share root prominence with different treatment of v and the final formation. The old extended khárvaka is explicitly barytone and therefore independently predicts a root-accented adjective without inventing an ad hoc retraction. Kalkoti khoor and Kundal kʰabɔṇ have distinct extra segmental histories and unmarked accent.
3832	kharvá	Sh	DashkinAstor	backstrom1992	ˈkʰʌbo̱	left	survey-phonetic	2	stress-marked@-2	penultimate		f_v6mlo6fwbrppa	Gilgit khábo, Kohistani khábooto, Guresi khái and Astori kháau share root prominence with different treatment of v and the final formation. The old extended khárvaka is explicitly barytone and therefore independently predicts a root-accented adjective without inventing an ad hoc retraction. Kalkoti khoor and Kundal kʰabɔṇ have distinct extra segmental histories and unmarked accent.
3832	kharvá	Sh	Astor	backstrom1992	ˈkʰʌbo̱	left	survey-phonetic	2	stress-marked@-2	penultimate		f_aosnkn4x4ydds	Gilgit khábo, Kohistani khábooto, Guresi khái and Astori kháau share root prominence with different treatment of v and the final formation. The old extended khárvaka is explicitly barytone and therefore independently predicts a root-accented adjective without inventing an ad hoc retraction. Kalkoti khoor and Kundal kʰabɔṇ have distinct extra segmental histories and unmarked accent.
3832	kharvá	Sh	KachuraJel	backstrom1992	ˈkʰʌbo	left	survey-phonetic	2	stress-marked@-2	penultimate		f_xn4sq2fmgjhz4	Gilgit khábo, Kohistani khábooto, Guresi khái and Astori kháau share root prominence with different treatment of v and the final formation. The old extended khárvaka is explicitly barytone and therefore independently predicts a root-accented adjective without inventing an ad hoc retraction. Kalkoti khoor and Kundal kʰabɔṇ have distinct extra segmental histories and unmarked accent.
3832	kharvá	Sh	Satpara	backstrom1992	ˈkʰʌbo	left	survey-phonetic	2	stress-marked@-2	penultimate		f_6otzjjabv64xq	Gilgit khábo, Kohistani khábooto, Guresi khái and Astori kháau share root prominence with different treatment of v and the final formation. The old extended khárvaka is explicitly barytone and therefore independently predicts a root-accented adjective without inventing an ad hoc retraction. Kalkoti khoor and Kundal kʰabɔṇ have distinct extra segmental histories and unmarked accent.
3832	kharvá	Sh	Gultari	backstrom1992	ˈkʰʌbo̱	left	survey-phonetic	2	stress-marked@-2	penultimate		f_37ifonrknaurc	Gilgit khábo, Kohistani khábooto, Guresi khái and Astori kháau share root prominence with different treatment of v and the final formation. The old extended khárvaka is explicitly barytone and therefore independently predicts a root-accented adjective without inventing an ad hoc retraction. Kalkoti khoor and Kundal kʰabɔṇ have distinct extra segmental histories and unmarked accent.
3832	kharvá	Sh	Kharmang	backstrom1992	ˈkʰʌbo	left	survey-phonetic	2	stress-marked@-2	penultimate		f_ow6hlaxokchs6	Gilgit khábo, Kohistani khábooto, Guresi khái and Astori kháau share root prominence with different treatment of v and the final formation. The old extended khárvaka is explicitly barytone and therefore independently predicts a root-accented adjective without inventing an ad hoc retraction. Kalkoti khoor and Kundal kʰabɔṇ have distinct extra segmental histories and unmarked accent.
3832	kharvá	Sh	ChilasKhinar	backstrom1992	ˈkʰɑbo	left	survey-phonetic	2	stress-marked@-2	penultimate		f_mef6xo47i2wiy	Gilgit khábo, Kohistani khábooto, Guresi khái and Astori kháau share root prominence with different treatment of v and the final formation. The old extended khárvaka is explicitly barytone and therefore independently predicts a root-accented adjective without inventing an ad hoc retraction. Kalkoti khoor and Kundal kʰabɔṇ have distinct extra segmental histories and unmarked accent.
3832	kharvá	Sh	ChilasJelil	backstrom1992	ˈkʰɑbo̱	left	survey-phonetic	2	stress-marked@-2	penultimate		f_p56sve5obkdvc	Gilgit khábo, Kohistani khábooto, Guresi khái and Astori kháau share root prominence with different treatment of v and the final formation. The old extended khárvaka is explicitly barytone and therefore independently predicts a root-accented adjective without inventing an ad hoc retraction. Kalkoti khoor and Kundal kʰabɔṇ have distinct extra segmental histories and unmarked accent.
3832	kharvá	Sh	Darel	backstrom1992	ˈkʰɑbi	left	survey-phonetic	2	stress-marked@-2	penultimate		f_6licm5otnjcoc	Gilgit khábo, Kohistani khábooto, Guresi khái and Astori kháau share root prominence with different treatment of v and the final formation. The old extended khárvaka is explicitly barytone and therefore independently predicts a root-accented adjective without inventing an ad hoc retraction. Kalkoti khoor and Kundal kʰabɔṇ have distinct extra segmental histories and unmarked accent.
3832	kharvá	Sh	Tangir	backstrom1992	ˈkʰʌbo	left	survey-phonetic	2	stress-marked@-2	penultimate		f_zu2mncas6n33g	Gilgit khábo, Kohistani khábooto, Guresi khái and Astori kháau share root prominence with different treatment of v and the final formation. The old extended khárvaka is explicitly barytone and therefore independently predicts a root-accented adjective without inventing an ad hoc retraction. Kalkoti khoor and Kundal kʰabɔṇ have distinct extra segmental histories and unmarked accent.
3832	kharvá	Sh	Sazin	backstrom1992	ˈkʰʌbo	left	survey-phonetic	2	stress-marked@-2	penultimate		f_vsulwyyus5mp4	Gilgit khábo, Kohistani khábooto, Guresi khái and Astori kháau share root prominence with different treatment of v and the final formation. The old extended khárvaka is explicitly barytone and therefore independently predicts a root-accented adjective without inventing an ad hoc retraction. Kalkoti khoor and Kundal kʰabɔṇ have distinct extra segmental histories and unmarked accent.
3832	kharvá	Sh	Sazin	backstrom1992	kʰʌˈbʊto	left	survey-phonetic	2	stress-marked@-2	penultimate		f_p5q4ljcv3ub3u	Gilgit khábo, Kohistani khábooto, Guresi khái and Astori kháau share root prominence with different treatment of v and the final formation. The old extended khárvaka is explicitly barytone and therefore independently predicts a root-accented adjective without inventing an ad hoc retraction. Kalkoti khoor and Kundal kʰabɔṇ have distinct extra segmental histories and unmarked accent.
3832	kharvá	Sh	Harban	backstrom1992	ˈkʰʌbo	left	survey-phonetic	2	stress-marked@-2	penultimate		f_i7zy5k4ks5h2c	Gilgit khábo, Kohistani khábooto, Guresi khái and Astori kháau share root prominence with different treatment of v and the final formation. The old extended khárvaka is explicitly barytone and therefore independently predicts a root-accented adjective without inventing an ad hoc retraction. Kalkoti khoor and Kundal kʰabɔṇ have distinct extra segmental histories and unmarked accent.
3832	kharvá	Sh	Jalkot	backstrom1992	koˈbotʰu̱	left	survey-phonetic	2	stress-marked@-2	penultimate		f_exx6m4mpruoko	Gilgit khábo, Kohistani khábooto, Guresi khái and Astori kháau share root prominence with different treatment of v and the final formation. The old extended khárvaka is explicitly barytone and therefore independently predicts a root-accented adjective without inventing an ad hoc retraction. Kalkoti khoor and Kundal kʰabɔṇ have distinct extra segmental histories and unmarked accent.
3832	kharvá	Sh	pales	backstrom1992	kɑˈbotʰu̥	left	survey-phonetic	2	stress-marked@-2	penultimate		f_3aftp4kerbzty	Gilgit khábo, Kohistani khábooto, Guresi khái and Astori kháau share root prominence with different treatment of v and the final formation. The old extended khárvaka is explicitly barytone and therefore independently predicts a root-accented adjective without inventing an ad hoc retraction. Kalkoti khoor and Kundal kʰabɔṇ have distinct extra segmental histories and unmarked accent.
3832	kharvá	Sh	pales	backstrom1992	kɑˈbʌtʰo̱	left	survey-phonetic	2	stress-marked@-2	penultimate		f_54qlrilqohzvs	Gilgit khábo, Kohistani khábooto, Guresi khái and Astori kháau share root prominence with different treatment of v and the final formation. The old extended khárvaka is explicitly barytone and therefore independently predicts a root-accented adjective without inventing an ad hoc retraction. Kalkoti khoor and Kundal kʰabɔṇ have distinct extra segmental histories and unmarked accent.
3832	kharvá	Sh	Kolai	backstrom1992	kɑˈbʊto̱	left	survey-phonetic	2	stress-marked@-2	penultimate		f_fq7lamsp4kib4	Gilgit khábo, Kohistani khábooto, Guresi khái and Astori kháau share root prominence with different treatment of v and the final formation. The old extended khárvaka is explicitly barytone and therefore independently predicts a root-accented adjective without inventing an ad hoc retraction. Kalkoti khoor and Kundal kʰabɔṇ have distinct extra segmental histories and unmarked accent.
3832	kharvá	Sh	gil	schmidt	khábo	left (direction)	shina-mora	2	S@-2	penultimate		f_bagieijs2dayk	Gilgit khábo, Kohistani khábooto, Guresi khái and Astori kháau share root prominence with different treatment of v and the final formation. The old extended khárvaka is explicitly barytone and therefore independently predicts a root-accented adjective without inventing an ad hoc retraction. Kalkoti khoor and Kundal kʰabɔṇ have distinct extra segmental histories and unmarked accent.
3832	kharvá	Sh	koh	schmidt	khábooto	left (direction)	shina-mora	3	S@-3	other-position		f_ynktlk7i53e5a	Gilgit khábo, Kohistani khábooto, Guresi khái and Astori kháau share root prominence with different treatment of v and the final formation. The old extended khárvaka is explicitly barytone and therefore independently predicts a root-accented adjective without inventing an ad hoc retraction. Kalkoti khoor and Kundal kʰabɔṇ have distinct extra segmental histories and unmarked accent.
3832	kharvá	Sh	gur	schmidt	khái	left (direction)	shina-mora	2	vowel-sequence-marked@position-unresolved	unscorable	vowel-sequence-unresolved	f_nswzmqolptx64	Gilgit khábo, Kohistani khábooto, Guresi khái and Astori kháau share root prominence with different treatment of v and the final formation. The old extended khárvaka is explicitly barytone and therefore independently predicts a root-accented adjective without inventing an ad hoc retraction. Kalkoti khoor and Kundal kʰabɔṇ have distinct extra segmental histories and unmarked accent.
3832	kharvá	Sh	Astor	schmidt	kháau	left (direction)	shina-mora	2	vowel-sequence-marked@position-unresolved	unscorable	vowel-sequence-unresolved	f_qg764plttrhiu	Gilgit khábo, Kohistani khábooto, Guresi khái and Astori kháau share root prominence with different treatment of v and the final formation. The old extended khárvaka is explicitly barytone and therefore independently predicts a root-accented adjective without inventing an ad hoc retraction. Kalkoti khoor and Kundal kʰabɔṇ have distinct extra segmental histories and unmarked accent.
3832	kharvá	Sh	gil	degener-shina2008	khábo	left	gilgit-mora	2	S@-2	penultimate		f_4uexzdsgnavzg	Gilgit khábo, Kohistani khábooto, Guresi khái and Astori kháau share root prominence with different treatment of v and the final formation. The old extended khárvaka is explicitly barytone and therefore independently predicts a root-accented adjective without inventing an ad hoc retraction. Kalkoti khoor and Kundal kʰabɔṇ have distinct extra segmental histories and unmarked accent.
3895	*khuṭṭa	Sh	Sh	CDIAL	khŭṭo	short	historical-dictionary		unmarked	unscorable	no-single-location-mark	f_oar4l3wnam43e	Gilgit khúṭo has short root prominence before a gender ending; Kundal xaṭūṭ has additional repeated/extended material and different quantity. The old defective family is reconstructed and unaccented. Modern shortness semantics supports a relation, but Kundal's form requires a specific expressive or derivational analysis.
3895	*khuṭṭa	Sh	Gupis	backstrom1992	ˈkʰu̱ṭo̱	short	survey-phonetic	2	stress-marked@-2	penultimate		f_dofipomnlp3l2	Gilgit khúṭo has short root prominence before a gender ending; Kundal xaṭūṭ has additional repeated/extended material and different quantity. The old defective family is reconstructed and unaccented. Modern shortness semantics supports a relation, but Kundal's form requires a specific expressive or derivational analysis.
3895	*khuṭṭa	Sh	punl	backstrom1992	ˈkʰu̱ṭo̱	short	survey-phonetic	2	stress-marked@-2	penultimate		f_n5s2qz3qaeazu	Gilgit khúṭo has short root prominence before a gender ending; Kundal xaṭūṭ has additional repeated/extended material and different quantity. The old defective family is reconstructed and unaccented. Modern shortness semantics supports a relation, but Kundal's form requires a specific expressive or derivational analysis.
3895	*khuṭṭa	Sh	HunzaNasirabad	backstrom1992	kʰu̱ˈṭo	short	survey-phonetic	1	stress-marked@-1	other-position		f_gpq6t3pjkuv26	Gilgit khúṭo has short root prominence before a gender ending; Kundal xaṭūṭ has additional repeated/extended material and different quantity. The old defective family is reconstructed and unaccented. Modern shortness semantics supports a relation, but Kundal's form requires a specific expressive or derivational analysis.
3895	*khuṭṭa	Sh	NagarThol	backstrom1992	kʰoˈṭo̱	short	survey-phonetic	1	stress-marked@-1	other-position		f_7ukfoeky272ys	Gilgit khúṭo has short root prominence before a gender ending; Kundal xaṭūṭ has additional repeated/extended material and different quantity. The old defective family is reconstructed and unaccented. Modern shortness semantics supports a relation, but Kundal's form requires a specific expressive or derivational analysis.
3895	*khuṭṭa	Sh	NagarChalt	backstrom1992	ˈkʰu̱to̱	short	survey-phonetic	2	stress-marked@-2	penultimate		f_gf2hf6utqpba2	Gilgit khúṭo has short root prominence before a gender ending; Kundal xaṭūṭ has additional repeated/extended material and different quantity. The old defective family is reconstructed and unaccented. Modern shortness semantics supports a relation, but Kundal's form requires a specific expressive or derivational analysis.
3895	*khuṭṭa	Sh	gil	backstrom1992	ˈkʰuṭo̱	short	survey-phonetic	2	stress-marked@-2	penultimate		f_7j75oow3offis	Gilgit khúṭo has short root prominence before a gender ending; Kundal xaṭūṭ has additional repeated/extended material and different quantity. The old defective family is reconstructed and unaccented. Modern shortness semantics supports a relation, but Kundal's form requires a specific expressive or derivational analysis.
3895	*khuṭṭa	Sh	Haramosh	backstrom1992	ˈkʰuṭo̱	short	survey-phonetic	2	stress-marked@-2	penultimate		f_vewus7yksj3eg	Gilgit khúṭo has short root prominence before a gender ending; Kundal xaṭūṭ has additional repeated/extended material and different quantity. The old defective family is reconstructed and unaccented. Modern shortness semantics supports a relation, but Kundal's form requires a specific expressive or derivational analysis.
3895	*khuṭṭa	Sh	Bagrot	backstrom1992	ˈkʰuṭo	short	survey-phonetic	2	stress-marked@-2	penultimate		f_xbn7lwmhoooi6	Gilgit khúṭo has short root prominence before a gender ending; Kundal xaṭūṭ has additional repeated/extended material and different quantity. The old defective family is reconstructed and unaccented. Modern shortness semantics supports a relation, but Kundal's form requires a specific expressive or derivational analysis.
3895	*khuṭṭa	Sh	Bunji	backstrom1992	ˈkʰʊṭo̱	short	survey-phonetic	2	stress-marked@-2	penultimate		f_oie5yukcaqifm	Gilgit khúṭo has short root prominence before a gender ending; Kundal xaṭūṭ has additional repeated/extended material and different quantity. The old defective family is reconstructed and unaccented. Modern shortness semantics supports a relation, but Kundal's form requires a specific expressive or derivational analysis.
3895	*khuṭṭa	Sh	Rondu	backstrom1992	ˈkʰuṭo	short	survey-phonetic	2	stress-marked@-2	penultimate		f_lhs3bkwspryii	Gilgit khúṭo has short root prominence before a gender ending; Kundal xaṭūṭ has additional repeated/extended material and different quantity. The old defective family is reconstructed and unaccented. Modern shortness semantics supports a relation, but Kundal's form requires a specific expressive or derivational analysis.
3895	*khuṭṭa	Sh	Gahorabad	backstrom1992	ˈkʰuṭo	short	survey-phonetic	2	stress-marked@-2	penultimate		f_wh6e4wy5xljwq	Gilgit khúṭo has short root prominence before a gender ending; Kundal xaṭūṭ has additional repeated/extended material and different quantity. The old defective family is reconstructed and unaccented. Modern shortness semantics supports a relation, but Kundal's form requires a specific expressive or derivational analysis.
3895	*khuṭṭa	Sh	DashkinAstor	backstrom1992	ˈkʰuṭo̱	short	survey-phonetic	2	stress-marked@-2	penultimate		f_bmyjzqye4t5hs	Gilgit khúṭo has short root prominence before a gender ending; Kundal xaṭūṭ has additional repeated/extended material and different quantity. The old defective family is reconstructed and unaccented. Modern shortness semantics supports a relation, but Kundal's form requires a specific expressive or derivational analysis.
3895	*khuṭṭa	Sh	Astor	backstrom1992	ˈkʰuṭo̱	short	survey-phonetic	2	stress-marked@-2	penultimate		f_7ljjs6fstgnlo	Gilgit khúṭo has short root prominence before a gender ending; Kundal xaṭūṭ has additional repeated/extended material and different quantity. The old defective family is reconstructed and unaccented. Modern shortness semantics supports a relation, but Kundal's form requires a specific expressive or derivational analysis.
3895	*khuṭṭa	Sh	KachuraJel	backstrom1992	ˈkʰuṭo	short	survey-phonetic	2	stress-marked@-2	penultimate		f_nbzaqxs7jnawi	Gilgit khúṭo has short root prominence before a gender ending; Kundal xaṭūṭ has additional repeated/extended material and different quantity. The old defective family is reconstructed and unaccented. Modern shortness semantics supports a relation, but Kundal's form requires a specific expressive or derivational analysis.
3895	*khuṭṭa	Sh	Satpara	backstrom1992	ˈkʰuṭo	short	survey-phonetic	2	stress-marked@-2	penultimate		f_oqd2undznc6j6	Gilgit khúṭo has short root prominence before a gender ending; Kundal xaṭūṭ has additional repeated/extended material and different quantity. The old defective family is reconstructed and unaccented. Modern shortness semantics supports a relation, but Kundal's form requires a specific expressive or derivational analysis.
3895	*khuṭṭa	Sh	Gultari	backstrom1992	ˈkʰuṭo̱	short	survey-phonetic	2	stress-marked@-2	penultimate		f_4ashg7kh2k7yi	Gilgit khúṭo has short root prominence before a gender ending; Kundal xaṭūṭ has additional repeated/extended material and different quantity. The old defective family is reconstructed and unaccented. Modern shortness semantics supports a relation, but Kundal's form requires a specific expressive or derivational analysis.
3895	*khuṭṭa	Sh	Kharmang	backstrom1992	kʰʊˈṭuṭo	short	survey-phonetic	2	stress-marked@-2	penultimate		f_gujwlzq42g4pa	Gilgit khúṭo has short root prominence before a gender ending; Kundal xaṭūṭ has additional repeated/extended material and different quantity. The old defective family is reconstructed and unaccented. Modern shortness semantics supports a relation, but Kundal's form requires a specific expressive or derivational analysis.
3895	*khuṭṭa	Sh	ChilasKhinar	backstrom1992	ˈkʰuṭo̱	short	survey-phonetic	2	stress-marked@-2	penultimate		f_5nhcrfthwwn2c	Gilgit khúṭo has short root prominence before a gender ending; Kundal xaṭūṭ has additional repeated/extended material and different quantity. The old defective family is reconstructed and unaccented. Modern shortness semantics supports a relation, but Kundal's form requires a specific expressive or derivational analysis.
3895	*khuṭṭa	Sh	ChilasJelil	backstrom1992	ˈkʰuṭo̱	short	survey-phonetic	2	stress-marked@-2	penultimate		f_bahplzq4e6b2u	Gilgit khúṭo has short root prominence before a gender ending; Kundal xaṭūṭ has additional repeated/extended material and different quantity. The old defective family is reconstructed and unaccented. Modern shortness semantics supports a relation, but Kundal's form requires a specific expressive or derivational analysis.
3895	*khuṭṭa	Sh	Darel	backstrom1992	ˈkʰuṭo	short	survey-phonetic	2	stress-marked@-2	penultimate		f_vetvb4ezzadla	Gilgit khúṭo has short root prominence before a gender ending; Kundal xaṭūṭ has additional repeated/extended material and different quantity. The old defective family is reconstructed and unaccented. Modern shortness semantics supports a relation, but Kundal's form requires a specific expressive or derivational analysis.
3895	*khuṭṭa	Sh	Tangir	backstrom1992	ˈkʰuṭo̱	short	survey-phonetic	2	stress-marked@-2	penultimate		f_iuuv4y2ybd5ys	Gilgit khúṭo has short root prominence before a gender ending; Kundal xaṭūṭ has additional repeated/extended material and different quantity. The old defective family is reconstructed and unaccented. Modern shortness semantics supports a relation, but Kundal's form requires a specific expressive or derivational analysis.
3895	*khuṭṭa	Sh	Sazin	backstrom1992	ˈkʰuṭo	short	survey-phonetic	2	stress-marked@-2	penultimate		f_7ouda2dedwlbo	Gilgit khúṭo has short root prominence before a gender ending; Kundal xaṭūṭ has additional repeated/extended material and different quantity. The old defective family is reconstructed and unaccented. Modern shortness semantics supports a relation, but Kundal's form requires a specific expressive or derivational analysis.
3895	*khuṭṭa	Sh	Harban	backstrom1992	ˈkʰuṭo	short	survey-phonetic	2	stress-marked@-2	penultimate		f_uzpzgt7ub3lvs	Gilgit khúṭo has short root prominence before a gender ending; Kundal xaṭūṭ has additional repeated/extended material and different quantity. The old defective family is reconstructed and unaccented. Modern shortness semantics supports a relation, but Kundal's form requires a specific expressive or derivational analysis.
3895	*khuṭṭa	Sh	Jalkot	backstrom1992	ˈkʰuṭo̱	short	survey-phonetic	2	stress-marked@-2	penultimate		f_mr2hkibegawgi	Gilgit khúṭo has short root prominence before a gender ending; Kundal xaṭūṭ has additional repeated/extended material and different quantity. The old defective family is reconstructed and unaccented. Modern shortness semantics supports a relation, but Kundal's form requires a specific expressive or derivational analysis.
3895	*khuṭṭa	Sh	pales	backstrom1992	ˈkʰuṭʰu̥	short	survey-phonetic	2	stress-marked@-2	penultimate		f_ximhj5sfhs5do	Gilgit khúṭo has short root prominence before a gender ending; Kundal xaṭūṭ has additional repeated/extended material and different quantity. The old defective family is reconstructed and unaccented. Modern shortness semantics supports a relation, but Kundal's form requires a specific expressive or derivational analysis.
3895	*khuṭṭa	Sh	Kolai	backstrom1992	ˈkʰʊṭo̥	short	survey-phonetic	2	stress-marked@-2	penultimate		f_vssctzgzd3bw2	Gilgit khúṭo has short root prominence before a gender ending; Kundal xaṭūṭ has additional repeated/extended material and different quantity. The old defective family is reconstructed and unaccented. Modern shortness semantics supports a relation, but Kundal's form requires a specific expressive or derivational analysis.
3895	*khuṭṭa	Sh	gil	degener-shina2008	khúṭo	short	gilgit-mora	2	S@-2	penultimate		f_ehvlrorhsnmo4	Gilgit khúṭo has short root prominence before a gender ending; Kundal xaṭūṭ has additional repeated/extended material and different quantity. The old defective family is reconstructed and unaccented. Modern shortness semantics supports a relation, but Kundal's form requires a specific expressive or derivational analysis.
3941	khōra	Sh	gur	CDIAL	khŭṛŭ	lame	historical-dictionary		unmarked	unscorable	no-single-location-mark	f_cswvyiualpv56	Palula khúṭu and Gilgit khúro both accent a short root before a gender ending, but their consonants select different independently recorded variants of the defective/lame family. The old short/long variants are unaccented, so the consistent modern adjective pattern is stronger evidence than a unique historical accent input.
3941	khōra	Sh	koh	CDIAL	khūṛŭ	lame	historical-dictionary		unmarked	unscorable	no-single-location-mark	f_nx45bsiqwgsh4	Palula khúṭu and Gilgit khúro both accent a short root before a gender ending, but their consonants select different independently recorded variants of the defective/lame family. The old short/long variants are unaccented, so the consistent modern adjective pattern is stronger evidence than a unique historical accent input.
3941	khōra	Phal	Phal	CDIAL	khuṭu	lame	historical-dictionary		unmarked	unscorable	no-single-location-mark	f_rdcoxavd7q67y	Palula khúṭu and Gilgit khúro both accent a short root before a gender ending, but their consonants select different independently recorded variants of the defective/lame family. The old short/long variants are unaccented, so the consistent modern adjective pattern is stronger evidence than a unique historical accent input.
3941	khōra	Phal	Phal	liljegren	khúṭu	lame (not able to walk normally)	palula-mora	2	S@-2	penultimate		f_ingw6xl7i252y	Palula khúṭu and Gilgit khúro both accent a short root before a gender ending, but their consonants select different independently recorded variants of the defective/lame family. The old short/long variants are unaccented, so the consistent modern adjective pattern is stronger evidence than a unique historical accent input.
3941	khōra	Phal	Phal	strand	khʹuṭo	lame	strand-phonatory-accent	2	S@-2	penultimate		f_dtfhj45wgvzvg	Palula khúṭu and Gilgit khúro both accent a short root before a gender ending, but their consonants select different independently recorded variants of the defective/lame family. The old short/long variants are unaccented, so the consistent modern adjective pattern is stronger evidence than a unique historical accent input.
3941	khōra	Sh	gil	degener-shina2008	khúro	lame	gilgit-mora	2	S@-2	penultimate		f_wnmnquvpmw44y	Palula khúṭu and Gilgit khúro both accent a short root before a gender ending, but their consonants select different independently recorded variants of the defective/lame family. The old short/long variants are unaccented, so the consistent modern adjective pattern is stronger evidence than a unique historical accent input.
4424	ghaná	Phal	Phal	CDIAL	ghāṇu	big	historical-dictionary		unmarked	unscorable	no-single-location-mark	f_x5zsbvk7cxhlc	Liljegren gháanu is early root-accented in the extended big adjective, compatible with open-syllable short-a lengthening. Strand ghâʹnu is late in the same apparent formation. The modern u/ee feminine alternation supports an inflectional formation, but does not remove the source disagreement. Sauji ghaṇyeṛo has extra derivation and cannot be counted as the same stem.
4424	ghaná	Phal	Phal	CDIAL	ghēṇi	big	historical-dictionary		unmarked	unscorable	no-single-location-mark	f_oq5uevkx35w5o	Liljegren gháanu is early root-accented in the extended big adjective, compatible with open-syllable short-a lengthening. Strand ghâʹnu is late in the same apparent formation. The modern u/ee feminine alternation supports an inflectional formation, but does not remove the source disagreement. Sauji ghaṇyeṛo has extra derivation and cannot be counted as the same stem.
4424	ghaná	Phal	Phal	liljegren	gháanu	large, big	palula-mora	2	E@-2	penultimate		f_vzzbfoon65zbu	Liljegren gháanu is early root-accented in the extended big adjective, compatible with open-syllable short-a lengthening. Strand ghâʹnu is late in the same apparent formation. The modern u/ee feminine alternation supports an inflectional formation, but does not remove the source disagreement. Sauji ghaṇyeṛo has extra derivation and cannot be counted as the same stem.
4424	ghaná	Phal	Phal	strand	ghâʹnu	big	strand-phonatory-accent	2	L@-2	penultimate		f_frcmpb427yf5e	Liljegren gháanu is early root-accented in the extended big adjective, compatible with open-syllable short-a lengthening. Strand ghâʹnu is late in the same apparent formation. The modern u/ee feminine alternation supports an inflectional formation, but does not remove the source disagreement. Sauji ghaṇyeṛo has extra derivation and cannot be counted as the same stem.
4850	cukrá	Phal	Phal	CDIAL	čúkro	sour, bitter	historical-dictionary	2	syllable-marked@-2	penultimate		f_l4jtgxiczgd64	Palula čúkru and Gilgit čúrko share root prominence before the gender vowel, against final-accented cukrá. Their kr/rk difference is metathesis within the root; it does not itself shift accent. The attested old extensions support morphological reaccentuation. The plant names with final ī are different derivatives and must not enter the adjective's outcome cell.
4850	cukrá	Phal	Phal	CDIAL	čukuro	sour, bitter	historical-dictionary		unmarked	unscorable	no-single-location-mark	f_g5u6ywerqsy6s	Palula čúkru and Gilgit čúrko share root prominence before the gender vowel, against final-accented cukrá. Their kr/rk difference is metathesis within the root; it does not itself shift accent. The attested old extensions support morphological reaccentuation. The plant names with final ī are different derivatives and must not enter the adjective's outcome cell.
4850	cukrá	Sh	Sh	CDIAL	čŭrkŭ	sour, bitter	historical-dictionary		unmarked	unscorable	no-single-location-mark	f_56ub56k474ay6	Palula čúkru and Gilgit čúrko share root prominence before the gender vowel, against final-accented cukrá. Their kr/rk difference is metathesis within the root; it does not itself shift accent. The attested old extensions support morphological reaccentuation. The plant names with final ī are different derivatives and must not enter the adjective's outcome cell.
4850	cukrá	Sh	pales	CDIAL	čuko	sour, bitter	historical-dictionary		unmarked	unscorable	no-single-location-mark	f_4ov62i4ezus5i	Palula čúkru and Gilgit čúrko share root prominence before the gender vowel, against final-accented cukrá. Their kr/rk difference is metathesis within the root; it does not itself shift accent. The attested old extensions support morphological reaccentuation. The plant names with final ī are different derivatives and must not enter the adjective's outcome cell.
4850	cukrá	Phal	Phal	liljegren	čúkru	sour	palula-mora	2	S@-2	penultimate		f_tql5kc4xttury	Palula čúkru and Gilgit čúrko share root prominence before the gender vowel, against final-accented cukrá. Their kr/rk difference is metathesis within the root; it does not itself shift accent. The attested old extensions support morphological reaccentuation. The plant names with final ī are different derivatives and must not enter the adjective's outcome cell.
4850	cukrá	Phal	Phal	strand	čʹukro	pungent; sour	strand-phonatory-accent	2	S@-2	penultimate		f_icnio4j6p4qxy	Palula čúkru and Gilgit čúrko share root prominence before the gender vowel, against final-accented cukrá. Their kr/rk difference is metathesis within the root; it does not itself shift accent. The attested old extensions support morphological reaccentuation. The plant names with final ī are different derivatives and must not enter the adjective's outcome cell.
4850	cukrá	Sh	gil	degener-shina2008	čúrko	sour	gilgit-mora	2	S@-2	penultimate		f_hh5x5cslm3ejw	Palula čúkru and Gilgit čúrko share root prominence before the gender vowel, against final-accented cukrá. Their kr/rk difference is metathesis within the root; it does not itself shift accent. The attested old extensions support morphological reaccentuation. The plant names with final ī are different derivatives and must not enter the adjective's outcome cell.
4889	cūrṇa	Phal	Phal	CDIAL	čuṇṇo	small (?)	historical-dictionary		unmarked	unscorable	no-single-location-mark	f_fkcw72iqvfo6g	Palula and Shina čúṇu/čúno share short root prominence before an unaccented ending despite old long ū. The minute/pulverized-to-small meaning is independently supplied, and the adjective-class accent is consistent. Root shortening is a separate historical problem; the unaccented old input cannot resolve it or prove a particular reaccentuation.
4889	cūrṇa	Sh	Sh	CDIAL	čŭṇŭ	small	historical-dictionary		unmarked	unscorable	no-single-location-mark	f_sjuq5wrrek5oa	Palula and Shina čúṇu/čúno share short root prominence before an unaccented ending despite old long ū. The minute/pulverized-to-small meaning is independently supplied, and the adjective-class accent is consistent. Root shortening is a separate historical problem; the unaccented old input cannot resolve it or prove a particular reaccentuation.
4889	cūrṇa	Sh	Sh	CDIAL	čüni	small	historical-dictionary		unmarked	unscorable	no-single-location-mark	f_7n6d5cjjxmlbq	Palula and Shina čúṇu/čúno share short root prominence before an unaccented ending despite old long ū. The minute/pulverized-to-small meaning is independently supplied, and the adjective-class accent is consistent. Root shortening is a separate historical problem; the unaccented old input cannot resolve it or prove a particular reaccentuation.
4889	cūrṇa	Sh	Sh	CDIAL	čini	small	historical-dictionary		unmarked	unscorable	no-single-location-mark	f_yyi7uppsylsoi	Palula and Shina čúṇu/čúno share short root prominence before an unaccented ending despite old long ū. The minute/pulverized-to-small meaning is independently supplied, and the adjective-class accent is consistent. Root shortening is a separate historical problem; the unaccented old input cannot resolve it or prove a particular reaccentuation.
4889	cūrṇa	Kund	Kund	kund	cunu	small	kundal-mixed-legacy		unmarked	unscorable	no-single-location-mark	f_6ur4rcszya7cs	Palula and Shina čúṇu/čúno share short root prominence before an unaccented ending despite old long ū. The minute/pulverized-to-small meaning is independently supplied, and the adjective-class accent is consistent. Root shortening is a separate historical problem; the unaccented old input cannot resolve it or prove a particular reaccentuation.
4889	cūrṇa	Phal	Phal	liljegren	čúṇu	thin, small	palula-mora	2	S@-2	penultimate		f_2s3dbgr747fbq	Palula and Shina čúṇu/čúno share short root prominence before an unaccented ending despite old long ū. The minute/pulverized-to-small meaning is independently supplied, and the adjective-class accent is consistent. Root shortening is a separate historical problem; the unaccented old input cannot resolve it or prove a particular reaccentuation.
4889	cūrṇa	Sh	Gupis	backstrom1992	ˈčuno̱	small	survey-phonetic	2	stress-marked@-2	penultimate		f_z3dksxqzxfo5y	Palula and Shina čúṇu/čúno share short root prominence before an unaccented ending despite old long ū. The minute/pulverized-to-small meaning is independently supplied, and the adjective-class accent is consistent. Root shortening is a separate historical problem; the unaccented old input cannot resolve it or prove a particular reaccentuation.
4889	cūrṇa	Sh	punl	backstrom1992	ˈču̱no̱	small	survey-phonetic	2	stress-marked@-2	penultimate		f_7drmmob4pxne4	Palula and Shina čúṇu/čúno share short root prominence before an unaccented ending despite old long ū. The minute/pulverized-to-small meaning is independently supplied, and the adjective-class accent is consistent. Root shortening is a separate historical problem; the unaccented old input cannot resolve it or prove a particular reaccentuation.
4889	cūrṇa	Sh	HunzaNasirabad	backstrom1992	ˈču̱no̱	small	survey-phonetic	2	stress-marked@-2	penultimate		f_5hvz3q6c5ishg	Palula and Shina čúṇu/čúno share short root prominence before an unaccented ending despite old long ū. The minute/pulverized-to-small meaning is independently supplied, and the adjective-class accent is consistent. Root shortening is a separate historical problem; the unaccented old input cannot resolve it or prove a particular reaccentuation.
4889	cūrṇa	Sh	NagarThol	backstrom1992	ˈčuno	small	survey-phonetic	2	stress-marked@-2	penultimate		f_gunivni6ftxgc	Palula and Shina čúṇu/čúno share short root prominence before an unaccented ending despite old long ū. The minute/pulverized-to-small meaning is independently supplied, and the adjective-class accent is consistent. Root shortening is a separate historical problem; the unaccented old input cannot resolve it or prove a particular reaccentuation.
4889	cūrṇa	Sh	NagarChalt	backstrom1992	ˈčuno	small	survey-phonetic	2	stress-marked@-2	penultimate		f_hbusqiybbjbkq	Palula and Shina čúṇu/čúno share short root prominence before an unaccented ending despite old long ū. The minute/pulverized-to-small meaning is independently supplied, and the adjective-class accent is consistent. Root shortening is a separate historical problem; the unaccented old input cannot resolve it or prove a particular reaccentuation.
4889	cūrṇa	Sh	gil	backstrom1992	ˈčuno̱	small	survey-phonetic	2	stress-marked@-2	penultimate		f_d5ojmi6ok66hy	Palula and Shina čúṇu/čúno share short root prominence before an unaccented ending despite old long ū. The minute/pulverized-to-small meaning is independently supplied, and the adjective-class accent is consistent. Root shortening is a separate historical problem; the unaccented old input cannot resolve it or prove a particular reaccentuation.
4889	cūrṇa	Sh	Haramosh	backstrom1992	ˈčuno̱	small	survey-phonetic	2	stress-marked@-2	penultimate		f_vpyrg4hjwkg2e	Palula and Shina čúṇu/čúno share short root prominence before an unaccented ending despite old long ū. The minute/pulverized-to-small meaning is independently supplied, and the adjective-class accent is consistent. Root shortening is a separate historical problem; the unaccented old input cannot resolve it or prove a particular reaccentuation.
4889	cūrṇa	Sh	Bagrot	backstrom1992	ˈčuno	small	survey-phonetic	2	stress-marked@-2	penultimate		f_btehxvnyekjry	Palula and Shina čúṇu/čúno share short root prominence before an unaccented ending despite old long ū. The minute/pulverized-to-small meaning is independently supplied, and the adjective-class accent is consistent. Root shortening is a separate historical problem; the unaccented old input cannot resolve it or prove a particular reaccentuation.
4889	cūrṇa	Sh	Bunji	backstrom1992	ˈčuṇo	small	survey-phonetic	2	stress-marked@-2	penultimate		f_dlqoxpsjdjgy4	Palula and Shina čúṇu/čúno share short root prominence before an unaccented ending despite old long ū. The minute/pulverized-to-small meaning is independently supplied, and the adjective-class accent is consistent. Root shortening is a separate historical problem; the unaccented old input cannot resolve it or prove a particular reaccentuation.
4889	cūrṇa	Sh	Rondu	backstrom1992	ˈčuṇo	small	survey-phonetic	2	stress-marked@-2	penultimate		f_2chlns25o42is	Palula and Shina čúṇu/čúno share short root prominence before an unaccented ending despite old long ū. The minute/pulverized-to-small meaning is independently supplied, and the adjective-class accent is consistent. Root shortening is a separate historical problem; the unaccented old input cannot resolve it or prove a particular reaccentuation.
4889	cūrṇa	Sh	Gahorabad	backstrom1992	čuno	small	survey-phonetic		unmarked	unscorable	no-single-location-mark	f_fgxtn3srtvcje	Palula and Shina čúṇu/čúno share short root prominence before an unaccented ending despite old long ū. The minute/pulverized-to-small meaning is independently supplied, and the adjective-class accent is consistent. Root shortening is a separate historical problem; the unaccented old input cannot resolve it or prove a particular reaccentuation.
4889	cūrṇa	Sh	DashkinAstor	backstrom1992	ˈčuṇo̱	small	survey-phonetic	2	stress-marked@-2	penultimate		f_s7r2hzcomblaw	Palula and Shina čúṇu/čúno share short root prominence before an unaccented ending despite old long ū. The minute/pulverized-to-small meaning is independently supplied, and the adjective-class accent is consistent. Root shortening is a separate historical problem; the unaccented old input cannot resolve it or prove a particular reaccentuation.
4889	cūrṇa	Sh	Astor	backstrom1992	ˈčuno̱	small	survey-phonetic	2	stress-marked@-2	penultimate		f_tvrowfavlu23i	Palula and Shina čúṇu/čúno share short root prominence before an unaccented ending despite old long ū. The minute/pulverized-to-small meaning is independently supplied, and the adjective-class accent is consistent. Root shortening is a separate historical problem; the unaccented old input cannot resolve it or prove a particular reaccentuation.
4889	cūrṇa	Sh	KachuraJel	backstrom1992	ˈčuṇo	small	survey-phonetic	2	stress-marked@-2	penultimate		f_xbj3jorni3l6a	Palula and Shina čúṇu/čúno share short root prominence before an unaccented ending despite old long ū. The minute/pulverized-to-small meaning is independently supplied, and the adjective-class accent is consistent. Root shortening is a separate historical problem; the unaccented old input cannot resolve it or prove a particular reaccentuation.
4889	cūrṇa	Sh	Satpara	backstrom1992	ˈčuṇo	small	survey-phonetic	2	stress-marked@-2	penultimate		f_kexlnay7xrchm	Palula and Shina čúṇu/čúno share short root prominence before an unaccented ending despite old long ū. The minute/pulverized-to-small meaning is independently supplied, and the adjective-class accent is consistent. Root shortening is a separate historical problem; the unaccented old input cannot resolve it or prove a particular reaccentuation.
4889	cūrṇa	Sh	Gultari	backstrom1992	ˈčuno̱	small	survey-phonetic	2	stress-marked@-2	penultimate		f_q56rfonx2uigw	Palula and Shina čúṇu/čúno share short root prominence before an unaccented ending despite old long ū. The minute/pulverized-to-small meaning is independently supplied, and the adjective-class accent is consistent. Root shortening is a separate historical problem; the unaccented old input cannot resolve it or prove a particular reaccentuation.
4889	cūrṇa	Sh	Kharmang	backstrom1992	ˈčuno	small	survey-phonetic	2	stress-marked@-2	penultimate		f_36l2iwwjuvjsa	Palula and Shina čúṇu/čúno share short root prominence before an unaccented ending despite old long ū. The minute/pulverized-to-small meaning is independently supplied, and the adjective-class accent is consistent. Root shortening is a separate historical problem; the unaccented old input cannot resolve it or prove a particular reaccentuation.
4889	cūrṇa	Sh	dr	backstrom1992	ˈčuṇi	small	survey-phonetic	2	stress-marked@-2	penultimate		f_b5a3xq52w2oha	Palula and Shina čúṇu/čúno share short root prominence before an unaccented ending despite old long ū. The minute/pulverized-to-small meaning is independently supplied, and the adjective-class accent is consistent. Root shortening is a separate historical problem; the unaccented old input cannot resolve it or prove a particular reaccentuation.
4889	cūrṇa	Sh	ChilasKhinar	backstrom1992	ˈčuṇo	small	survey-phonetic	2	stress-marked@-2	penultimate		f_mdq62p5twqlj4	Palula and Shina čúṇu/čúno share short root prominence before an unaccented ending despite old long ū. The minute/pulverized-to-small meaning is independently supplied, and the adjective-class accent is consistent. Root shortening is a separate historical problem; the unaccented old input cannot resolve it or prove a particular reaccentuation.
4889	cūrṇa	Sh	ChilasJelil	backstrom1992	ˈčuṇo	small	survey-phonetic	2	stress-marked@-2	penultimate		f_dsqyrarqhoogg	Palula and Shina čúṇu/čúno share short root prominence before an unaccented ending despite old long ū. The minute/pulverized-to-small meaning is independently supplied, and the adjective-class accent is consistent. Root shortening is a separate historical problem; the unaccented old input cannot resolve it or prove a particular reaccentuation.
4889	cūrṇa	Sh	Darel	backstrom1992	ˈčuṇo	small	survey-phonetic	2	stress-marked@-2	penultimate		f_a42dwv45i4dec	Palula and Shina čúṇu/čúno share short root prominence before an unaccented ending despite old long ū. The minute/pulverized-to-small meaning is independently supplied, and the adjective-class accent is consistent. Root shortening is a separate historical problem; the unaccented old input cannot resolve it or prove a particular reaccentuation.
4889	cūrṇa	Sh	Tangir	backstrom1992	ˈčuno	small	survey-phonetic	2	stress-marked@-2	penultimate		f_it2tdg5nvx6ei	Palula and Shina čúṇu/čúno share short root prominence before an unaccented ending despite old long ū. The minute/pulverized-to-small meaning is independently supplied, and the adjective-class accent is consistent. Root shortening is a separate historical problem; the unaccented old input cannot resolve it or prove a particular reaccentuation.
4889	cūrṇa	Sh	Sazin	backstrom1992	ˈčuno	small	survey-phonetic	2	stress-marked@-2	penultimate		f_giofracoe237w	Palula and Shina čúṇu/čúno share short root prominence before an unaccented ending despite old long ū. The minute/pulverized-to-small meaning is independently supplied, and the adjective-class accent is consistent. Root shortening is a separate historical problem; the unaccented old input cannot resolve it or prove a particular reaccentuation.
4889	cūrṇa	Sh	Harban	backstrom1992	ˈčuno	small	survey-phonetic	2	stress-marked@-2	penultimate		f_li7xb6nendxas	Palula and Shina čúṇu/čúno share short root prominence before an unaccented ending despite old long ū. The minute/pulverized-to-small meaning is independently supplied, and the adjective-class accent is consistent. Root shortening is a separate historical problem; the unaccented old input cannot resolve it or prove a particular reaccentuation.
4889	cūrṇa	Sh	gur	schmidt	cúṇu	child; small	shina-mora	2	S@-2	penultimate		f_7bfnxq3g72tzs	Palula and Shina čúṇu/čúno share short root prominence before an unaccented ending despite old long ū. The minute/pulverized-to-small meaning is independently supplied, and the adjective-class accent is consistent. Root shortening is a separate historical problem; the unaccented old input cannot resolve it or prove a particular reaccentuation.
4889	cūrṇa	Sh	gil	schmidt	cúno	small	shina-mora	2	S@-2	penultimate		f_p2gb7j32hijvs	Palula and Shina čúṇu/čúno share short root prominence before an unaccented ending despite old long ū. The minute/pulverized-to-small meaning is independently supplied, and the adjective-class accent is consistent. Root shortening is a separate historical problem; the unaccented old input cannot resolve it or prove a particular reaccentuation.
4889	cūrṇa	Sh	koh	schmidt	cúṇo	small	shina-mora	2	S@-2	penultimate		f_3bla6axq52sjg	Palula and Shina čúṇu/čúno share short root prominence before an unaccented ending despite old long ū. The minute/pulverized-to-small meaning is independently supplied, and the adjective-class accent is consistent. Root shortening is a separate historical problem; the unaccented old input cannot resolve it or prove a particular reaccentuation.
4889	cūrṇa	Sh	gil	degener-shina2008	čúno	small	gilgit-mora	2	S@-2	penultimate		f_zbmx64np3na7w	Palula and Shina čúṇu/čúno share short root prominence before an unaccented ending despite old long ū. The minute/pulverized-to-small meaning is independently supplied, and the adjective-class accent is consistent. Root shortening is a separate historical problem; the unaccented old input cannot resolve it or prove a particular reaccentuation.
5145	jára	Sh	koh	CDIAL	ǰărŭ	old	historical-dictionary		unmarked	unscorable	no-single-location-mark	f_eyhsk2abhzvps	Gilgit ǰáro keeps root prominence before the gender vowel, compatible both with old jára and the extended-adjective rule. The old headword's ‘old’ sense is reconstructed from related forms rather than directly identical to the noun ‘wearing out’, so this is not an entirely transparent simple-word retention case.
5145	jára	Sh	koh	CDIAL	ǰĕ́ri	old	historical-dictionary	2	syllable-marked@-2	penultimate		f_qmmvkwssndrqu	Gilgit ǰáro keeps root prominence before the gender vowel, compatible both with old jára and the extended-adjective rule. The old headword's ‘old’ sense is reconstructed from related forms rather than directly identical to the noun ‘wearing out’, so this is not an entirely transparent simple-word retention case.
5145	jára	Sh	gur	CDIAL	žărŭ	old	historical-dictionary		unmarked	unscorable	no-single-location-mark	f_3v3ovvpaqyi72	Gilgit ǰáro keeps root prominence before the gender vowel, compatible both with old jára and the extended-adjective rule. The old headword's ‘old’ sense is reconstructed from related forms rather than directly identical to the noun ‘wearing out’, so this is not an entirely transparent simple-word retention case.
5145	jára	Sh	gil	degener-shina2008	ǰáro	old	gilgit-mora	2	S@-2	penultimate		f_4n3ojcdeoy5da	Gilgit ǰáro keeps root prominence before the gender vowel, compatible both with old jára and the extended-adjective rule. The old headword's ‘old’ sense is reconstructed from related forms rather than directly identical to the noun ‘wearing out’, so this is not an entirely transparent simple-word retention case.
5679	taptá	Phal	Phal	CDIAL	tāto	hot, burning	historical-dictionary		unmarked	unscorable	no-single-location-mark	f_hy3yp5dk6xbbm	Astori tátto preserves a geminate stage that links old pt reduction to the other dialects. Kohistani táto/Guresi tátu are short, Gilgit taáto is late long, and Palula táatu is early long. A common root-accented extended adjective followed by dialect-specific geminate treatment explains both shared locus and divergent mora alignment: preservation, simplification without lengthening, compensatory late lengthening, or a later Palula open-syllable lengthening layer.
5679	taptá	Phal	Phal	CDIAL	tāti	hot, burning	historical-dictionary		unmarked	unscorable	no-single-location-mark	f_nd4n5j3bo6uty	Astori tátto preserves a geminate stage that links old pt reduction to the other dialects. Kohistani táto/Guresi tátu are short, Gilgit taáto is late long, and Palula táatu is early long. A common root-accented extended adjective followed by dialect-specific geminate treatment explains both shared locus and divergent mora alignment: preservation, simplification without lengthening, compensatory late lengthening, or a later Palula open-syllable lengthening layer.
5679	taptá	Sh	gil	CDIAL	tātṷ	hot, burning	historical-dictionary		unmarked	unscorable	no-single-location-mark	f_a7lbfhrik7fhm	Astori tátto preserves a geminate stage that links old pt reduction to the other dialects. Kohistani táto/Guresi tátu are short, Gilgit taáto is late long, and Palula táatu is early long. A common root-accented extended adjective followed by dialect-specific geminate treatment explains both shared locus and divergent mora alignment: preservation, simplification without lengthening, compensatory late lengthening, or a later Palula open-syllable lengthening layer.
5679	taptá	Sh	koh	CDIAL	tăto	hot, burning	historical-dictionary		unmarked	unscorable	no-single-location-mark	f_r374rqdh6lymw	Astori tátto preserves a geminate stage that links old pt reduction to the other dialects. Kohistani táto/Guresi tátu are short, Gilgit taáto is late long, and Palula táatu is early long. A common root-accented extended adjective followed by dialect-specific geminate treatment explains both shared locus and divergent mora alignment: preservation, simplification without lengthening, compensatory late lengthening, or a later Palula open-syllable lengthening layer.
5679	taptá	Sh	gur	CDIAL	tāttŭ	hot, burning	historical-dictionary		unmarked	unscorable	no-single-location-mark	f_3ivlg66xwaf74	Astori tátto preserves a geminate stage that links old pt reduction to the other dialects. Kohistani táto/Guresi tátu are short, Gilgit taáto is late long, and Palula táatu is early long. A common root-accented extended adjective followed by dialect-specific geminate treatment explains both shared locus and divergent mora alignment: preservation, simplification without lengthening, compensatory late lengthening, or a later Palula open-syllable lengthening layer.
5679	taptá	Phal	Phal	liljegren	táatu	hot	palula-mora	2	E@-2	penultimate		f_nguvkfcw5lnf2	Astori tátto preserves a geminate stage that links old pt reduction to the other dialects. Kohistani táto/Guresi tátu are short, Gilgit taáto is late long, and Palula táatu is early long. A common root-accented extended adjective followed by dialect-specific geminate treatment explains both shared locus and divergent mora alignment: preservation, simplification without lengthening, compensatory late lengthening, or a later Palula open-syllable lengthening layer.
5679	taptá	Phal	Phal	strand	tʹâtu	hot	strand-phonatory-accent	2	E@-2	penultimate		f_xwvhlglyenqo4	Astori tátto preserves a geminate stage that links old pt reduction to the other dialects. Kohistani táto/Guresi tátu are short, Gilgit taáto is late long, and Palula táatu is early long. A common root-accented extended adjective followed by dialect-specific geminate treatment explains both shared locus and divergent mora alignment: preservation, simplification without lengthening, compensatory late lengthening, or a later Palula open-syllable lengthening layer.
5679	taptá	Sh	Gupis	backstrom1992	ˈtɑto	hot	survey-phonetic	2	stress-marked@-2	penultimate		f_7qenlea3bgpzy	Astori tátto preserves a geminate stage that links old pt reduction to the other dialects. Kohistani táto/Guresi tátu are short, Gilgit taáto is late long, and Palula táatu is early long. A common root-accented extended adjective followed by dialect-specific geminate treatment explains both shared locus and divergent mora alignment: preservation, simplification without lengthening, compensatory late lengthening, or a later Palula open-syllable lengthening layer.
5679	taptá	Sh	punl	backstrom1992	ˈtɑɑto̱	hot	survey-phonetic	2	stress-marked@-2	penultimate		f_vsffr6hryyjkk	Astori tátto preserves a geminate stage that links old pt reduction to the other dialects. Kohistani táto/Guresi tátu are short, Gilgit taáto is late long, and Palula táatu is early long. A common root-accented extended adjective followed by dialect-specific geminate treatment explains both shared locus and divergent mora alignment: preservation, simplification without lengthening, compensatory late lengthening, or a later Palula open-syllable lengthening layer.
5679	taptá	Sh	HunzaNasirabad	backstrom1992	ˈtɑɑ́to	hot	survey-phonetic	2	R@-2	penultimate		f_ob65ztidjx5ow	Astori tátto preserves a geminate stage that links old pt reduction to the other dialects. Kohistani táto/Guresi tátu are short, Gilgit taáto is late long, and Palula táatu is early long. A common root-accented extended adjective followed by dialect-specific geminate treatment explains both shared locus and divergent mora alignment: preservation, simplification without lengthening, compensatory late lengthening, or a later Palula open-syllable lengthening layer.
5679	taptá	Sh	NagarThol	backstrom1992	ˈtɑɑ́to	hot	survey-phonetic	2	R@-2	penultimate		f_2amvbvxwdzlmk	Astori tátto preserves a geminate stage that links old pt reduction to the other dialects. Kohistani táto/Guresi tátu are short, Gilgit taáto is late long, and Palula táatu is early long. A common root-accented extended adjective followed by dialect-specific geminate treatment explains both shared locus and divergent mora alignment: preservation, simplification without lengthening, compensatory late lengthening, or a later Palula open-syllable lengthening layer.
5679	taptá	Sh	NagarChalt	backstrom1992	ˈtɑɑ́tu̱	hot	survey-phonetic	2	R@-2	penultimate		f_3vjihccpe7siw	Astori tátto preserves a geminate stage that links old pt reduction to the other dialects. Kohistani táto/Guresi tátu are short, Gilgit taáto is late long, and Palula táatu is early long. A common root-accented extended adjective followed by dialect-specific geminate treatment explains both shared locus and divergent mora alignment: preservation, simplification without lengthening, compensatory late lengthening, or a later Palula open-syllable lengthening layer.
5679	taptá	Sh	gil	backstrom1992	ˈtɑɑ́to	hot	survey-phonetic	2	R@-2	penultimate		f_gjmfpkku253nq	Astori tátto preserves a geminate stage that links old pt reduction to the other dialects. Kohistani táto/Guresi tátu are short, Gilgit taáto is late long, and Palula táatu is early long. A common root-accented extended adjective followed by dialect-specific geminate treatment explains both shared locus and divergent mora alignment: preservation, simplification without lengthening, compensatory late lengthening, or a later Palula open-syllable lengthening layer.
5679	taptá	Sh	Haramosh	backstrom1992	ˈtɑ̀ɑto̱	hot	survey-phonetic	2	F@-2	penultimate		f_kck34neuovkiw	Astori tátto preserves a geminate stage that links old pt reduction to the other dialects. Kohistani táto/Guresi tátu are short, Gilgit taáto is late long, and Palula táatu is early long. A common root-accented extended adjective followed by dialect-specific geminate treatment explains both shared locus and divergent mora alignment: preservation, simplification without lengthening, compensatory late lengthening, or a later Palula open-syllable lengthening layer.
5679	taptá	Sh	Bagrot	backstrom1992	ˈtɑ̀ɑto	hot	survey-phonetic	2	F@-2	penultimate		f_fdvyz3x44zxvs	Astori tátto preserves a geminate stage that links old pt reduction to the other dialects. Kohistani táto/Guresi tátu are short, Gilgit taáto is late long, and Palula táatu is early long. A common root-accented extended adjective followed by dialect-specific geminate treatment explains both shared locus and divergent mora alignment: preservation, simplification without lengthening, compensatory late lengthening, or a later Palula open-syllable lengthening layer.
5679	taptá	Sh	Bunji	backstrom1992	ˈtɑɑ́to	hot	survey-phonetic	2	R@-2	penultimate		f_qflxga63wqfju	Astori tátto preserves a geminate stage that links old pt reduction to the other dialects. Kohistani táto/Guresi tátu are short, Gilgit taáto is late long, and Palula táatu is early long. A common root-accented extended adjective followed by dialect-specific geminate treatment explains both shared locus and divergent mora alignment: preservation, simplification without lengthening, compensatory late lengthening, or a later Palula open-syllable lengthening layer.
5679	taptá	Sh	Rondu	backstrom1992	ˈtɑɑto	hot	survey-phonetic	2	stress-marked@-2	penultimate		f_r3dw3hrw3s67g	Astori tátto preserves a geminate stage that links old pt reduction to the other dialects. Kohistani táto/Guresi tátu are short, Gilgit taáto is late long, and Palula táatu is early long. A common root-accented extended adjective followed by dialect-specific geminate treatment explains both shared locus and divergent mora alignment: preservation, simplification without lengthening, compensatory late lengthening, or a later Palula open-syllable lengthening layer.
5679	taptá	Sh	Gahorabad	backstrom1992	ˈtɑɑto	hot	survey-phonetic	2	stress-marked@-2	penultimate		f_hsgoczafkikws	Astori tátto preserves a geminate stage that links old pt reduction to the other dialects. Kohistani táto/Guresi tátu are short, Gilgit taáto is late long, and Palula táatu is early long. A common root-accented extended adjective followed by dialect-specific geminate treatment explains both shared locus and divergent mora alignment: preservation, simplification without lengthening, compensatory late lengthening, or a later Palula open-syllable lengthening layer.
5679	taptá	Sh	DashkinAstor	backstrom1992	ˈtɑto	hot	survey-phonetic	2	stress-marked@-2	penultimate		f_wbxdeuxvomu3m	Astori tátto preserves a geminate stage that links old pt reduction to the other dialects. Kohistani táto/Guresi tátu are short, Gilgit taáto is late long, and Palula táatu is early long. A common root-accented extended adjective followed by dialect-specific geminate treatment explains both shared locus and divergent mora alignment: preservation, simplification without lengthening, compensatory late lengthening, or a later Palula open-syllable lengthening layer.
5679	taptá	Sh	Astor	backstrom1992	ˈtɑto	hot	survey-phonetic	2	stress-marked@-2	penultimate		f_meb65dk5x4bbq	Astori tátto preserves a geminate stage that links old pt reduction to the other dialects. Kohistani táto/Guresi tátu are short, Gilgit taáto is late long, and Palula táatu is early long. A common root-accented extended adjective followed by dialect-specific geminate treatment explains both shared locus and divergent mora alignment: preservation, simplification without lengthening, compensatory late lengthening, or a later Palula open-syllable lengthening layer.
5679	taptá	Sh	KachuraJel	backstrom1992	ˈtɑɑto	hot	survey-phonetic	2	stress-marked@-2	penultimate		f_czbasjf46qdbc	Astori tátto preserves a geminate stage that links old pt reduction to the other dialects. Kohistani táto/Guresi tátu are short, Gilgit taáto is late long, and Palula táatu is early long. A common root-accented extended adjective followed by dialect-specific geminate treatment explains both shared locus and divergent mora alignment: preservation, simplification without lengthening, compensatory late lengthening, or a later Palula open-syllable lengthening layer.
5679	taptá	Sh	Satpara	backstrom1992	ˈtɑto	hot	survey-phonetic	2	stress-marked@-2	penultimate		f_4fzr4jaqpd3uu	Astori tátto preserves a geminate stage that links old pt reduction to the other dialects. Kohistani táto/Guresi tátu are short, Gilgit taáto is late long, and Palula táatu is early long. A common root-accented extended adjective followed by dialect-specific geminate treatment explains both shared locus and divergent mora alignment: preservation, simplification without lengthening, compensatory late lengthening, or a later Palula open-syllable lengthening layer.
5679	taptá	Sh	Gultari	backstrom1992	ˈtɑto	hot	survey-phonetic	2	stress-marked@-2	penultimate		f_g5frj2gbua6ey	Astori tátto preserves a geminate stage that links old pt reduction to the other dialects. Kohistani táto/Guresi tátu are short, Gilgit taáto is late long, and Palula táatu is early long. A common root-accented extended adjective followed by dialect-specific geminate treatment explains both shared locus and divergent mora alignment: preservation, simplification without lengthening, compensatory late lengthening, or a later Palula open-syllable lengthening layer.
5679	taptá	Sh	Kharmang	backstrom1992	ˈtɑto	hot	survey-phonetic	2	stress-marked@-2	penultimate		f_jsim35aisnktm	Astori tátto preserves a geminate stage that links old pt reduction to the other dialects. Kohistani táto/Guresi tátu are short, Gilgit taáto is late long, and Palula táatu is early long. A common root-accented extended adjective followed by dialect-specific geminate treatment explains both shared locus and divergent mora alignment: preservation, simplification without lengthening, compensatory late lengthening, or a later Palula open-syllable lengthening layer.
5679	taptá	Sh	dr	backstrom1992	ˈtɑto	hot	survey-phonetic	2	stress-marked@-2	penultimate		f_emofzsscagoxe	Astori tátto preserves a geminate stage that links old pt reduction to the other dialects. Kohistani táto/Guresi tátu are short, Gilgit taáto is late long, and Palula táatu is early long. A common root-accented extended adjective followed by dialect-specific geminate treatment explains both shared locus and divergent mora alignment: preservation, simplification without lengthening, compensatory late lengthening, or a later Palula open-syllable lengthening layer.
5679	taptá	Sh	ChilasKhinar	backstrom1992	ˈtʌto̱	hot	survey-phonetic	2	stress-marked@-2	penultimate		f_lkgomvtms2oam	Astori tátto preserves a geminate stage that links old pt reduction to the other dialects. Kohistani táto/Guresi tátu are short, Gilgit taáto is late long, and Palula táatu is early long. A common root-accented extended adjective followed by dialect-specific geminate treatment explains both shared locus and divergent mora alignment: preservation, simplification without lengthening, compensatory late lengthening, or a later Palula open-syllable lengthening layer.
5679	taptá	Sh	ChilasJelil	backstrom1992	ˈtʌto̱	hot	survey-phonetic	2	stress-marked@-2	penultimate		f_rgnkldxc4hd3g	Astori tátto preserves a geminate stage that links old pt reduction to the other dialects. Kohistani táto/Guresi tátu are short, Gilgit taáto is late long, and Palula táatu is early long. A common root-accented extended adjective followed by dialect-specific geminate treatment explains both shared locus and divergent mora alignment: preservation, simplification without lengthening, compensatory late lengthening, or a later Palula open-syllable lengthening layer.
5679	taptá	Sh	Darel	backstrom1992	ˈtɑɑto	hot	survey-phonetic	2	stress-marked@-2	penultimate		f_uurf7xjjcy7dq	Astori tátto preserves a geminate stage that links old pt reduction to the other dialects. Kohistani táto/Guresi tátu are short, Gilgit taáto is late long, and Palula táatu is early long. A common root-accented extended adjective followed by dialect-specific geminate treatment explains both shared locus and divergent mora alignment: preservation, simplification without lengthening, compensatory late lengthening, or a later Palula open-syllable lengthening layer.
5679	taptá	Sh	Tangir	backstrom1992	ˈtʌto̱	hot	survey-phonetic	2	stress-marked@-2	penultimate		f_qen5u5uhq5teu	Astori tátto preserves a geminate stage that links old pt reduction to the other dialects. Kohistani táto/Guresi tátu are short, Gilgit taáto is late long, and Palula táatu is early long. A common root-accented extended adjective followed by dialect-specific geminate treatment explains both shared locus and divergent mora alignment: preservation, simplification without lengthening, compensatory late lengthening, or a later Palula open-syllable lengthening layer.
5679	taptá	Sh	Sazin	backstrom1992	ˈtʌto	hot	survey-phonetic	2	stress-marked@-2	penultimate		f_ew3ozi4u5by4a	Astori tátto preserves a geminate stage that links old pt reduction to the other dialects. Kohistani táto/Guresi tátu are short, Gilgit taáto is late long, and Palula táatu is early long. A common root-accented extended adjective followed by dialect-specific geminate treatment explains both shared locus and divergent mora alignment: preservation, simplification without lengthening, compensatory late lengthening, or a later Palula open-syllable lengthening layer.
5679	taptá	Sh	Harban	backstrom1992	ˈtʌto	hot	survey-phonetic	2	stress-marked@-2	penultimate		f_mnm72gbxpwfti	Astori tátto preserves a geminate stage that links old pt reduction to the other dialects. Kohistani táto/Guresi tátu are short, Gilgit taáto is late long, and Palula táatu is early long. A common root-accented extended adjective followed by dialect-specific geminate treatment explains both shared locus and divergent mora alignment: preservation, simplification without lengthening, compensatory late lengthening, or a later Palula open-syllable lengthening layer.
5679	taptá	Sh	Jalkot	backstrom1992	ˈtʌto̱	hot	survey-phonetic	2	stress-marked@-2	penultimate		f_mlnjoctqaletc	Astori tátto preserves a geminate stage that links old pt reduction to the other dialects. Kohistani táto/Guresi tátu are short, Gilgit taáto is late long, and Palula táatu is early long. A common root-accented extended adjective followed by dialect-specific geminate treatment explains both shared locus and divergent mora alignment: preservation, simplification without lengthening, compensatory late lengthening, or a later Palula open-syllable lengthening layer.
5679	taptá	Sh	pales	backstrom1992	ˈtʌto	hot	survey-phonetic	2	stress-marked@-2	penultimate		f_t6el2lafzkzu4	Astori tátto preserves a geminate stage that links old pt reduction to the other dialects. Kohistani táto/Guresi tátu are short, Gilgit taáto is late long, and Palula táatu is early long. A common root-accented extended adjective followed by dialect-specific geminate treatment explains both shared locus and divergent mora alignment: preservation, simplification without lengthening, compensatory late lengthening, or a later Palula open-syllable lengthening layer.
5679	taptá	Sh	Kolai	backstrom1992	ˈtʌto̱	hot	survey-phonetic	2	stress-marked@-2	penultimate		f_s7g373q3ssc3a	Astori tátto preserves a geminate stage that links old pt reduction to the other dialects. Kohistani táto/Guresi tátu are short, Gilgit taáto is late long, and Palula táatu is early long. A common root-accented extended adjective followed by dialect-specific geminate treatment explains both shared locus and divergent mora alignment: preservation, simplification without lengthening, compensatory late lengthening, or a later Palula open-syllable lengthening layer.
5679	taptá	Sh	gil	schmidt	taáto	hot	shina-mora	2	L@-2	penultimate		f_6ep3v3rsl3cmk	Astori tátto preserves a geminate stage that links old pt reduction to the other dialects. Kohistani táto/Guresi tátu are short, Gilgit taáto is late long, and Palula táatu is early long. A common root-accented extended adjective followed by dialect-specific geminate treatment explains both shared locus and divergent mora alignment: preservation, simplification without lengthening, compensatory late lengthening, or a later Palula open-syllable lengthening layer.
5679	taptá	Sh	koh	schmidt	táto	hot	shina-mora	2	S@-2	penultimate		f_msdzrmc7aj3te	Astori tátto preserves a geminate stage that links old pt reduction to the other dialects. Kohistani táto/Guresi tátu are short, Gilgit taáto is late long, and Palula táatu is early long. A common root-accented extended adjective followed by dialect-specific geminate treatment explains both shared locus and divergent mora alignment: preservation, simplification without lengthening, compensatory late lengthening, or a later Palula open-syllable lengthening layer.
5679	taptá	Sh	gur	schmidt	tátu	hot	shina-mora	2	S@-2	penultimate		f_pqvsko4nkychs	Astori tátto preserves a geminate stage that links old pt reduction to the other dialects. Kohistani táto/Guresi tátu are short, Gilgit taáto is late long, and Palula táatu is early long. A common root-accented extended adjective followed by dialect-specific geminate treatment explains both shared locus and divergent mora alignment: preservation, simplification without lengthening, compensatory late lengthening, or a later Palula open-syllable lengthening layer.
5679	taptá	Sh	Astor	schmidt	tátto	hot	shina-mora	2	S@-2	penultimate		f_e7vww6ozmn5i2	Astori tátto preserves a geminate stage that links old pt reduction to the other dialects. Kohistani táto/Guresi tátu are short, Gilgit taáto is late long, and Palula táatu is early long. A common root-accented extended adjective followed by dialect-specific geminate treatment explains both shared locus and divergent mora alignment: preservation, simplification without lengthening, compensatory late lengthening, or a later Palula open-syllable lengthening layer.
5679	taptá	Sh	gil	degener-shina2008	taáto	warm	gilgit-mora	2	L@-2	penultimate		f_p3m6qkli4ayhk	Astori tátto preserves a geminate stage that links old pt reduction to the other dialects. Kohistani táto/Guresi tátu are short, Gilgit taáto is late long, and Palula táatu is early long. A common root-accented extended adjective followed by dialect-specific geminate treatment explains both shared locus and divergent mora alignment: preservation, simplification without lengthening, compensatory late lengthening, or a later Palula open-syllable lengthening layer.
5839	tīkṣṇá	Phal	Phal	CDIAL	tēṇu	sharp	historical-dictionary		unmarked	unscorable	no-single-location-mark	f_6gkqqdso5xodm	Palula tíiṇu and the four Shina tíiṇo/tíiṇu forms have early long root accent before their gender ending, against old final accent. Retention of old long ī while kṣṇ simplifies makes this a strong extension example with little vowel-alignment ambiguity. Kalkoti tiin adds segmental coverage but no reliable tone in the older unmarked source.
5839	tīkṣṇá	Phal	Phal	CDIAL	tēṇi	sharp	historical-dictionary		unmarked	unscorable	no-single-location-mark	f_c6d4kf5fdf2vm	Palula tíiṇu and the four Shina tíiṇo/tíiṇu forms have early long root accent before their gender ending, against old final accent. Retention of old long ī while kṣṇ simplifies makes this a strong extension example with little vowel-alignment ambiguity. Kalkoti tiin adds segmental coverage but no reliable tone in the older unmarked source.
5839	tīkṣṇá	Sh	Sh	CDIAL	tīṇṷ	sharp, bright, clever	historical-dictionary		unmarked	unscorable	no-single-location-mark	f_qed5qivzi35rm	Palula tíiṇu and the four Shina tíiṇo/tíiṇu forms have early long root accent before their gender ending, against old final accent. Retention of old long ī while kṣṇ simplifies makes this a strong extension example with little vowel-alignment ambiguity. Kalkoti tiin adds segmental coverage but no reliable tone in the older unmarked source.
5839	tīkṣṇá	Phal	Phal	liljegren	tíiṇu	sharp	palula-mora	2	E@-2	penultimate		f_yr3bcs6m4torm	Palula tíiṇu and the four Shina tíiṇo/tíiṇu forms have early long root accent before their gender ending, against old final accent. Retention of old long ī while kṣṇ simplifies makes this a strong extension example with little vowel-alignment ambiguity. Kalkoti tiin adds segmental coverage but no reliable tone in the older unmarked source.
5839	tīkṣṇá	Phal	Phal	strand	tʹîṇo	sharp	strand-phonatory-accent	2	E@-2	penultimate		f_swaesgkzfxrao	Palula tíiṇu and the four Shina tíiṇo/tíiṇu forms have early long root accent before their gender ending, against old final accent. Retention of old long ī while kṣṇ simplifies makes this a strong extension example with little vowel-alignment ambiguity. Kalkoti tiin adds segmental coverage but no reliable tone in the older unmarked source.
5839	tīkṣṇá	Sh	gil	schmidt	tíino	sharp	shina-mora	2	E@-2	penultimate		f_pzn5jbey7b3sc	Palula tíiṇu and the four Shina tíiṇo/tíiṇu forms have early long root accent before their gender ending, against old final accent. Retention of old long ī while kṣṇ simplifies makes this a strong extension example with little vowel-alignment ambiguity. Kalkoti tiin adds segmental coverage but no reliable tone in the older unmarked source.
5839	tīkṣṇá	Sh	koh	schmidt	tíiṇo	sharp	shina-mora	2	E@-2	penultimate		f_zol4acscae5xq	Palula tíiṇu and the four Shina tíiṇo/tíiṇu forms have early long root accent before their gender ending, against old final accent. Retention of old long ī while kṣṇ simplifies makes this a strong extension example with little vowel-alignment ambiguity. Kalkoti tiin adds segmental coverage but no reliable tone in the older unmarked source.
5839	tīkṣṇá	Sh	gur	schmidt	tíiṇu	sharp	shina-mora	2	E@-2	penultimate		f_zqznhyenwlwfa	Palula tíiṇu and the four Shina tíiṇo/tíiṇu forms have early long root accent before their gender ending, against old final accent. Retention of old long ī while kṣṇ simplifies makes this a strong extension example with little vowel-alignment ambiguity. Kalkoti tiin adds segmental coverage but no reliable tone in the older unmarked source.
5839	tīkṣṇá	Sh	Astor	schmidt	tíiṇo	sharp	shina-mora	2	E@-2	penultimate		f_fl2dwm2jzaske	Palula tíiṇu and the four Shina tíiṇo/tíiṇu forms have early long root accent before their gender ending, against old final accent. Retention of old long ī while kṣṇ simplifies makes this a strong extension example with little vowel-alignment ambiguity. Kalkoti tiin adds segmental coverage but no reliable tone in the older unmarked source.
5839	tīkṣṇá	Sh	gil	degener-shina2008	tíino	sharp, fast, active, clever	gilgit-mora	2	E@-2	penultimate		f_6wl4kujjpngx2	Palula tíiṇu and the four Shina tíiṇo/tíiṇu forms have early long root accent before their gender ending, against old final accent. Retention of old long ī while kṣṇ simplifies makes this a strong extension example with little vowel-alignment ambiguity. Kalkoti tiin adds segmental coverage but no reliable tone in the older unmarked source.
5938	tr̥ṣṭá	Phal	Phal	CDIAL	trīṣṭo	bitter	historical-dictionary		unmarked	unscorable	no-single-location-mark	f_4xfzjfcrm4mai	Palula tríṣṭu and Strand trʹisṭo preserve the root cluster and have root accent before o/u; Gilgit c̣íṭo has stronger cluster reduction. The extended-adjective rule predicts the locus in both. Some modern Gilgit forms are also linked to tiktá, so the old consonant history must decide between them; accent alone cannot.
5938	tr̥ṣṭá	Sh	gil	CDIAL	c̣ĭṭŭ	bitter	historical-dictionary		unmarked	unscorable	no-single-location-mark	f_o6jqbf4awy2bk	Palula tríṣṭu and Strand trʹisṭo preserve the root cluster and have root accent before o/u; Gilgit c̣íṭo has stronger cluster reduction. The extended-adjective rule predicts the locus in both. Some modern Gilgit forms are also linked to tiktá, so the old consonant history must decide between them; accent alone cannot.
5938	tr̥ṣṭá	Sh	pales	CDIAL	c̣hiṭho	bitter	historical-dictionary		unmarked	unscorable	no-single-location-mark	f_yia66pt5yx3gy	Palula tríṣṭu and Strand trʹisṭo preserve the root cluster and have root accent before o/u; Gilgit c̣íṭo has stronger cluster reduction. The extended-adjective rule predicts the locus in both. Some modern Gilgit forms are also linked to tiktá, so the old consonant history must decide between them; accent alone cannot.
5938	tr̥ṣṭá	Phal	Phal	liljegren	tríṣṭu	sour, bitter	palula-mora	2	S@-2	penultimate		f_nxwwzu35he5kg	Palula tríṣṭu and Strand trʹisṭo preserve the root cluster and have root accent before o/u; Gilgit c̣íṭo has stronger cluster reduction. The extended-adjective rule predicts the locus in both. Some modern Gilgit forms are also linked to tiktá, so the old consonant history must decide between them; accent alone cannot.
5938	tr̥ṣṭá	Phal	Phal	strand	trʹisṭo	bitter	strand-phonatory-accent	2	S@-2	penultimate		f_gfwy5jexw4lgk	Palula tríṣṭu and Strand trʹisṭo preserve the root cluster and have root accent before o/u; Gilgit c̣íṭo has stronger cluster reduction. The extended-adjective rule predicts the locus in both. Some modern Gilgit forms are also linked to tiktá, so the old consonant history must decide between them; accent alone cannot.
5938	tr̥ṣṭá	Sh	gil	degener-shina2008	c̣íṭo	bitter	gilgit-mora	2	S@-2	penultimate		f_rlu5uzlf3my2i	Palula tríṣṭu and Strand trʹisṭo preserve the root cluster and have root accent before o/u; Gilgit c̣íṭo has stronger cluster reduction. The extended-adjective rule predicts the locus in both. Some modern Gilgit forms are also linked to tiktá, so the old consonant history must decide between them; accent alone cannot.
6119	dákṣiṇa	Phal	Phal	CDIAL	dec̣híṇi	right hand	historical-dictionary	2	syllable-marked@-2	penultimate		f_nvqbzj7ihlqei	Palula deec̣híṇu and Shina dac̣híno/daṣínu all accent the final root syllable before the gender ending, although the old adjective is initially accented. The agreement survives different initial-vowel qualities and affricate histories. Because the old later vowel was short, this cannot be explained by attraction to a pre-existing long vowel; it is a diagnostic extended-stem accent case.
6119	dákṣiṇa	Sh	gil	CDIAL	dăc̣hĭṇŭ	right	historical-dictionary		unmarked	unscorable	no-single-location-mark	f_c43xyfox6oqya	Palula deec̣híṇu and Shina dac̣híno/daṣínu all accent the final root syllable before the gender ending, although the old adjective is initially accented. The agreement survives different initial-vowel qualities and affricate histories. Because the old later vowel was short, this cannot be explained by attraction to a pre-existing long vowel; it is a diagnostic extended-stem accent case.
6119	dákṣiṇa	Sh	koh	CDIAL	dăṣŭṇŭ	right	historical-dictionary		unmarked	unscorable	no-single-location-mark	f_za5bs3nhplwcq	Palula deec̣híṇu and Shina dac̣híno/daṣínu all accent the final root syllable before the gender ending, although the old adjective is initially accented. The agreement survives different initial-vowel qualities and affricate histories. Because the old later vowel was short, this cannot be explained by attraction to a pre-existing long vowel; it is a diagnostic extended-stem accent case.
6119	dákṣiṇa	Phal	Phal	CDIAL	lec̣hīni	right (hand)	historical-dictionary		unmarked	unscorable	no-single-location-mark	f_cghcnd7babtju	Palula deec̣híṇu and Shina dac̣híno/daṣínu all accent the final root syllable before the gender ending, although the old adjective is initially accented. The agreement survives different initial-vowel qualities and affricate histories. Because the old later vowel was short, this cannot be explained by attraction to a pre-existing long vowel; it is a diagnostic extended-stem accent case.
6119	dákṣiṇa	Phal	Phal	liljegren	deec̣híṇu	right	palula-mora	2	S@-2	penultimate		f_gfwv3enm6jbls	Palula deec̣híṇu and Shina dac̣híno/daṣínu all accent the final root syllable before the gender ending, although the old adjective is initially accented. The agreement survives different initial-vowel qualities and affricate histories. Because the old later vowel was short, this cannot be explained by attraction to a pre-existing long vowel; it is a diagnostic extended-stem accent case.
6119	dákṣiṇa	Phal	Phal	strand	dêc̣hʹiṇi	right	strand-phonatory-accent	2	S@-2	penultimate		f_tfpgmgzjr4n2y	Palula deec̣híṇu and Shina dac̣híno/daṣínu all accent the final root syllable before the gender ending, although the old adjective is initially accented. The agreement survives different initial-vowel qualities and affricate histories. Because the old later vowel was short, this cannot be explained by attraction to a pre-existing long vowel; it is a diagnostic extended-stem accent case.
6119	dákṣiṇa	Sh	Gupis	backstrom1992	dɑˈč̣ʰino̱	right	survey-phonetic	2	stress-marked@-2	penultimate		f_uumdrc4eg25by	Palula deec̣híṇu and Shina dac̣híno/daṣínu all accent the final root syllable before the gender ending, although the old adjective is initially accented. The agreement survives different initial-vowel qualities and affricate histories. Because the old later vowel was short, this cannot be explained by attraction to a pre-existing long vowel; it is a diagnostic extended-stem accent case.
6119	dákṣiṇa	Sh	Gupis	backstrom1992	dɑˈṣ̌ino̱	right	survey-phonetic	2	stress-marked@-2	penultimate		f_g3q3t67xx2znu	Palula deec̣híṇu and Shina dac̣híno/daṣínu all accent the final root syllable before the gender ending, although the old adjective is initially accented. The agreement survives different initial-vowel qualities and affricate histories. Because the old later vowel was short, this cannot be explained by attraction to a pre-existing long vowel; it is a diagnostic extended-stem accent case.
6119	dákṣiṇa	Sh	punl	backstrom1992	dɑ̱ˈč̣ʰino̱	right	survey-phonetic	2	stress-marked@-2	penultimate		f_hwembekybub64	Palula deec̣híṇu and Shina dac̣híno/daṣínu all accent the final root syllable before the gender ending, although the old adjective is initially accented. The agreement survives different initial-vowel qualities and affricate histories. Because the old later vowel was short, this cannot be explained by attraction to a pre-existing long vowel; it is a diagnostic extended-stem accent case.
6119	dákṣiṇa	Sh	HunzaNasirabad	backstrom1992	dɑ̱ˈč̣i̱no̱	right	survey-phonetic	2	stress-marked@-2	penultimate		f_rgms673g6f5ai	Palula deec̣híṇu and Shina dac̣híno/daṣínu all accent the final root syllable before the gender ending, although the old adjective is initially accented. The agreement survives different initial-vowel qualities and affricate histories. Because the old later vowel was short, this cannot be explained by attraction to a pre-existing long vowel; it is a diagnostic extended-stem accent case.
6119	dákṣiṇa	Sh	NagarThol	backstrom1992	dʌˈč̣ʰinu̱	right	survey-phonetic	2	stress-marked@-2	penultimate		f_fqmm2k5ncluww	Palula deec̣híṇu and Shina dac̣híno/daṣínu all accent the final root syllable before the gender ending, although the old adjective is initially accented. The agreement survives different initial-vowel qualities and affricate histories. Because the old later vowel was short, this cannot be explained by attraction to a pre-existing long vowel; it is a diagnostic extended-stem accent case.
6119	dákṣiṇa	Sh	NagarChalt	backstrom1992	dɑˈč̣ʰino̱	right	survey-phonetic	2	stress-marked@-2	penultimate		f_zuhc24c6jcmfu	Palula deec̣híṇu and Shina dac̣híno/daṣínu all accent the final root syllable before the gender ending, although the old adjective is initially accented. The agreement survives different initial-vowel qualities and affricate histories. Because the old later vowel was short, this cannot be explained by attraction to a pre-existing long vowel; it is a diagnostic extended-stem accent case.
6119	dákṣiṇa	Sh	gil	backstrom1992	dʌˈṣ̌ino̱	right	survey-phonetic	2	stress-marked@-2	penultimate		f_sev5az32dca6o	Palula deec̣híṇu and Shina dac̣híno/daṣínu all accent the final root syllable before the gender ending, although the old adjective is initially accented. The agreement survives different initial-vowel qualities and affricate histories. Because the old later vowel was short, this cannot be explained by attraction to a pre-existing long vowel; it is a diagnostic extended-stem accent case.
6119	dákṣiṇa	Sh	gil	backstrom1992	dʌˈč̣ʰino̱	right	survey-phonetic	2	stress-marked@-2	penultimate		f_ohlkmm3q7srlm	Palula deec̣híṇu and Shina dac̣híno/daṣínu all accent the final root syllable before the gender ending, although the old adjective is initially accented. The agreement survives different initial-vowel qualities and affricate histories. Because the old later vowel was short, this cannot be explained by attraction to a pre-existing long vowel; it is a diagnostic extended-stem accent case.
6119	dákṣiṇa	Sh	Haramosh	backstrom1992	dɑ̱ˈč̣ɪno̱	right	survey-phonetic	2	stress-marked@-2	penultimate		f_oq3hmgbhwjih2	Palula deec̣híṇu and Shina dac̣híno/daṣínu all accent the final root syllable before the gender ending, although the old adjective is initially accented. The agreement survives different initial-vowel qualities and affricate histories. Because the old later vowel was short, this cannot be explained by attraction to a pre-existing long vowel; it is a diagnostic extended-stem accent case.
6119	dákṣiṇa	Sh	Haramosh	backstrom1992	dɑ̱ṣ̌ɪno̱	right	survey-phonetic		unmarked	unscorable	no-single-location-mark	f_fufrwh7lp65tu	Palula deec̣híṇu and Shina dac̣híno/daṣínu all accent the final root syllable before the gender ending, although the old adjective is initially accented. The agreement survives different initial-vowel qualities and affricate histories. Because the old later vowel was short, this cannot be explained by attraction to a pre-existing long vowel; it is a diagnostic extended-stem accent case.
6119	dákṣiṇa	Sh	Bagrot	backstrom1992	dɑˈṣ̌i̱no	right	survey-phonetic	2	stress-marked@-2	penultimate		f_ddffzpsfp7nby	Palula deec̣híṇu and Shina dac̣híno/daṣínu all accent the final root syllable before the gender ending, although the old adjective is initially accented. The agreement survives different initial-vowel qualities and affricate histories. Because the old later vowel was short, this cannot be explained by attraction to a pre-existing long vowel; it is a diagnostic extended-stem accent case.
6119	dákṣiṇa	Sh	Bunji	backstrom1992	dʌˈṣ̌iṇo	right	survey-phonetic	2	stress-marked@-2	penultimate		f_mbbipmlmg4lta	Palula deec̣híṇu and Shina dac̣híno/daṣínu all accent the final root syllable before the gender ending, although the old adjective is initially accented. The agreement survives different initial-vowel qualities and affricate histories. Because the old later vowel was short, this cannot be explained by attraction to a pre-existing long vowel; it is a diagnostic extended-stem accent case.
6119	dákṣiṇa	Sh	Rondu	backstrom1992	dɑˈṣ̌ini	right	survey-phonetic	2	stress-marked@-2	penultimate		f_2fuwleq6cgwsm	Palula deec̣híṇu and Shina dac̣híno/daṣínu all accent the final root syllable before the gender ending, although the old adjective is initially accented. The agreement survives different initial-vowel qualities and affricate histories. Because the old later vowel was short, this cannot be explained by attraction to a pre-existing long vowel; it is a diagnostic extended-stem accent case.
6119	dákṣiṇa	Sh	Gahorabad	backstrom1992	dɑˈšino	right	survey-phonetic	2	stress-marked@-2	penultimate		f_gpwaht54te6rg	Palula deec̣híṇu and Shina dac̣híno/daṣínu all accent the final root syllable before the gender ending, although the old adjective is initially accented. The agreement survives different initial-vowel qualities and affricate histories. Because the old later vowel was short, this cannot be explained by attraction to a pre-existing long vowel; it is a diagnostic extended-stem accent case.
6119	dákṣiṇa	Sh	DashkinAstor	backstrom1992	dɑˈč̣ino̱	right	survey-phonetic	2	stress-marked@-2	penultimate		f_u2ijhrf2nkclw	Palula deec̣híṇu and Shina dac̣híno/daṣínu all accent the final root syllable before the gender ending, although the old adjective is initially accented. The agreement survives different initial-vowel qualities and affricate histories. Because the old later vowel was short, this cannot be explained by attraction to a pre-existing long vowel; it is a diagnostic extended-stem accent case.
6119	dákṣiṇa	Sh	DashkinAstor	backstrom1992	dɑˈṣ̌ino̱	right	survey-phonetic	2	stress-marked@-2	penultimate		f_4aqu3ql5knh32	Palula deec̣híṇu and Shina dac̣híno/daṣínu all accent the final root syllable before the gender ending, although the old adjective is initially accented. The agreement survives different initial-vowel qualities and affricate histories. Because the old later vowel was short, this cannot be explained by attraction to a pre-existing long vowel; it is a diagnostic extended-stem accent case.
6119	dákṣiṇa	Sh	Astor	backstrom1992	dɑˈč̣ino̱	right	survey-phonetic	2	stress-marked@-2	penultimate		f_5erlmgkxx2mdg	Palula deec̣híṇu and Shina dac̣híno/daṣínu all accent the final root syllable before the gender ending, although the old adjective is initially accented. The agreement survives different initial-vowel qualities and affricate histories. Because the old later vowel was short, this cannot be explained by attraction to a pre-existing long vowel; it is a diagnostic extended-stem accent case.
6119	dákṣiṇa	Sh	KachuraJel	backstrom1992	dʌˈšɪno̱	right	survey-phonetic	2	stress-marked@-2	penultimate		f_ty4dxqbmdjvss	Palula deec̣híṇu and Shina dac̣híno/daṣínu all accent the final root syllable before the gender ending, although the old adjective is initially accented. The agreement survives different initial-vowel qualities and affricate histories. Because the old later vowel was short, this cannot be explained by attraction to a pre-existing long vowel; it is a diagnostic extended-stem accent case.
6119	dákṣiṇa	Sh	Satpara	backstrom1992	dɑṣ̌ˈṭino	right	survey-phonetic	2	stress-marked@-2	penultimate		f_pifcsfybfopps	Palula deec̣híṇu and Shina dac̣híno/daṣínu all accent the final root syllable before the gender ending, although the old adjective is initially accented. The agreement survives different initial-vowel qualities and affricate histories. Because the old later vowel was short, this cannot be explained by attraction to a pre-existing long vowel; it is a diagnostic extended-stem accent case.
6119	dákṣiṇa	Sh	Gultari	backstrom1992	dɑṣ̌ˈtino	right	survey-phonetic	2	stress-marked@-2	penultimate		f_gg3zaa5vsnlqw	Palula deec̣híṇu and Shina dac̣híno/daṣínu all accent the final root syllable before the gender ending, although the old adjective is initially accented. The agreement survives different initial-vowel qualities and affricate histories. Because the old later vowel was short, this cannot be explained by attraction to a pre-existing long vowel; it is a diagnostic extended-stem accent case.
6119	dákṣiṇa	Sh	Kharmang	backstrom1992	dɑṣ̌ˈč̣ino	right	survey-phonetic	2	stress-marked@-2	penultimate		f_777xgr5sij4tq	Palula deec̣híṇu and Shina dac̣híno/daṣínu all accent the final root syllable before the gender ending, although the old adjective is initially accented. The agreement survives different initial-vowel qualities and affricate histories. Because the old later vowel was short, this cannot be explained by attraction to a pre-existing long vowel; it is a diagnostic extended-stem accent case.
6119	dákṣiṇa	Sh	dr	backstrom1992	dʌṣ̌ˈtino	right	survey-phonetic	2	stress-marked@-2	penultimate		f_34wxhklqisyt6	Palula deec̣híṇu and Shina dac̣híno/daṣínu all accent the final root syllable before the gender ending, although the old adjective is initially accented. The agreement survives different initial-vowel qualities and affricate histories. Because the old later vowel was short, this cannot be explained by attraction to a pre-existing long vowel; it is a diagnostic extended-stem accent case.
6119	dákṣiṇa	Sh	ChilasKhinar	backstrom1992	dɑˈṣ̌ino	right	survey-phonetic	2	stress-marked@-2	penultimate		f_5bf2lddxx4u34	Palula deec̣híṇu and Shina dac̣híno/daṣínu all accent the final root syllable before the gender ending, although the old adjective is initially accented. The agreement survives different initial-vowel qualities and affricate histories. Because the old later vowel was short, this cannot be explained by attraction to a pre-existing long vowel; it is a diagnostic extended-stem accent case.
6119	dákṣiṇa	Sh	ChilasJelil	backstrom1992	dɑˈṣ̌ino	right	survey-phonetic	2	stress-marked@-2	penultimate		f_a5om5td4fwuoo	Palula deec̣híṇu and Shina dac̣híno/daṣínu all accent the final root syllable before the gender ending, although the old adjective is initially accented. The agreement survives different initial-vowel qualities and affricate histories. Because the old later vowel was short, this cannot be explained by attraction to a pre-existing long vowel; it is a diagnostic extended-stem accent case.
6119	dákṣiṇa	Sh	Darel	backstrom1992	dɑˈṣ̌i̱ŋi	right	survey-phonetic	2	stress-marked@-2	penultimate		f_wghmdf62uofgm	Palula deec̣híṇu and Shina dac̣híno/daṣínu all accent the final root syllable before the gender ending, although the old adjective is initially accented. The agreement survives different initial-vowel qualities and affricate histories. Because the old later vowel was short, this cannot be explained by attraction to a pre-existing long vowel; it is a diagnostic extended-stem accent case.
6119	dákṣiṇa	Sh	Tangir	backstrom1992	lɑˈč̣ino	right	survey-phonetic	2	stress-marked@-2	penultimate		f_7n5nwco2qap6c	Palula deec̣híṇu and Shina dac̣híno/daṣínu all accent the final root syllable before the gender ending, although the old adjective is initially accented. The agreement survives different initial-vowel qualities and affricate histories. Because the old later vowel was short, this cannot be explained by attraction to a pre-existing long vowel; it is a diagnostic extended-stem accent case.
6119	dákṣiṇa	Sh	Sazin	backstrom1992	dɑˈč̣ʰino	right	survey-phonetic	2	stress-marked@-2	penultimate		f_sr376gcx5mxlm	Palula deec̣híṇu and Shina dac̣híno/daṣínu all accent the final root syllable before the gender ending, although the old adjective is initially accented. The agreement survives different initial-vowel qualities and affricate histories. Because the old later vowel was short, this cannot be explained by attraction to a pre-existing long vowel; it is a diagnostic extended-stem accent case.
6119	dákṣiṇa	Sh	Harban	backstrom1992	dɑˈṣ̌ino	right	survey-phonetic	2	stress-marked@-2	penultimate		f_2zhmqjeoxgqme	Palula deec̣híṇu and Shina dac̣híno/daṣínu all accent the final root syllable before the gender ending, although the old adjective is initially accented. The agreement survives different initial-vowel qualities and affricate histories. Because the old later vowel was short, this cannot be explained by attraction to a pre-existing long vowel; it is a diagnostic extended-stem accent case.
6119	dákṣiṇa	Sh	Jalkot	backstrom1992	dɑˈč̣ino̱	right	survey-phonetic	2	stress-marked@-2	penultimate		f_mpajiuecfyyis	Palula deec̣híṇu and Shina dac̣híno/daṣínu all accent the final root syllable before the gender ending, although the old adjective is initially accented. The agreement survives different initial-vowel qualities and affricate histories. Because the old later vowel was short, this cannot be explained by attraction to a pre-existing long vowel; it is a diagnostic extended-stem accent case.
6119	dákṣiṇa	Sh	Jalkot	backstrom1992	dɑˈṣ̌ino̱	right	survey-phonetic	2	stress-marked@-2	penultimate		f_6amhjpcihj4b2	Palula deec̣híṇu and Shina dac̣híno/daṣínu all accent the final root syllable before the gender ending, although the old adjective is initially accented. The agreement survives different initial-vowel qualities and affricate histories. Because the old later vowel was short, this cannot be explained by attraction to a pre-existing long vowel; it is a diagnostic extended-stem accent case.
6119	dákṣiṇa	Sh	pales	backstrom1992	dɑˈčɪ̱no̱	right	survey-phonetic	2	stress-marked@-2	penultimate		f_qipn5fyqstj7y	Palula deec̣híṇu and Shina dac̣híno/daṣínu all accent the final root syllable before the gender ending, although the old adjective is initially accented. The agreement survives different initial-vowel qualities and affricate histories. Because the old later vowel was short, this cannot be explained by attraction to a pre-existing long vowel; it is a diagnostic extended-stem accent case.
6119	dákṣiṇa	Sh	pales	backstrom1992	dɑˈčʊno̱	right	survey-phonetic	2	stress-marked@-2	penultimate		f_fi7apt3ma6oeq	Palula deec̣híṇu and Shina dac̣híno/daṣínu all accent the final root syllable before the gender ending, although the old adjective is initially accented. The agreement survives different initial-vowel qualities and affricate histories. Because the old later vowel was short, this cannot be explained by attraction to a pre-existing long vowel; it is a diagnostic extended-stem accent case.
6119	dákṣiṇa	Sh	Kolai	backstrom1992	dɑˈṣ̌inɛ̱	right	survey-phonetic	2	stress-marked@-2	penultimate		f_erbqbjucen2v2	Palula deec̣híṇu and Shina dac̣híno/daṣínu all accent the final root syllable before the gender ending, although the old adjective is initially accented. The agreement survives different initial-vowel qualities and affricate histories. Because the old later vowel was short, this cannot be explained by attraction to a pre-existing long vowel; it is a diagnostic extended-stem accent case.
6119	dákṣiṇa	Sh	gil	schmidt	dac̣híno	right (direction)	shina-mora	2	S@-2	penultimate		f_6otwf3agzm32s	Palula deec̣híṇu and Shina dac̣híno/daṣínu all accent the final root syllable before the gender ending, although the old adjective is initially accented. The agreement survives different initial-vowel qualities and affricate histories. Because the old later vowel was short, this cannot be explained by attraction to a pre-existing long vowel; it is a diagnostic extended-stem accent case.
6119	dákṣiṇa	Sh	koh	schmidt	dac̣híṇo	right (direction)	shina-mora	2	S@-2	penultimate		f_soaxhkgtkszmg	Palula deec̣híṇu and Shina dac̣híno/daṣínu all accent the final root syllable before the gender ending, although the old adjective is initially accented. The agreement survives different initial-vowel qualities and affricate histories. Because the old later vowel was short, this cannot be explained by attraction to a pre-existing long vowel; it is a diagnostic extended-stem accent case.
6119	dákṣiṇa	Sh	gur	schmidt	dac̣íṇu	right (direction)	shina-mora	2	S@-2	penultimate		f_6ouayqr4ziq3o	Palula deec̣híṇu and Shina dac̣híno/daṣínu all accent the final root syllable before the gender ending, although the old adjective is initially accented. The agreement survives different initial-vowel qualities and affricate histories. Because the old later vowel was short, this cannot be explained by attraction to a pre-existing long vowel; it is a diagnostic extended-stem accent case.
6119	dákṣiṇa	Sh	Astor	schmidt	daṣínu	right (direction)	shina-mora	2	S@-2	penultimate		f_vzsgck6f3gpok	Palula deec̣híṇu and Shina dac̣híno/daṣínu all accent the final root syllable before the gender ending, although the old adjective is initially accented. The agreement survives different initial-vowel qualities and affricate histories. Because the old later vowel was short, this cannot be explained by attraction to a pre-existing long vowel; it is a diagnostic extended-stem accent case.
6119	dákṣiṇa	Sh	gil	degener-shina2008	dac̣híno	right(-hand)	gilgit-mora	2	S@-2	penultimate		f_zz3c6hhlkbqwa	Palula deec̣híṇu and Shina dac̣híno/daṣínu all accent the final root syllable before the gender ending, although the old adjective is initially accented. The agreement survives different initial-vowel qualities and affricate histories. Because the old later vowel was short, this cannot be explained by attraction to a pre-existing long vowel; it is a diagnostic extended-stem accent case.
6368	dīrghá	Phal	Phal	CDIAL	drigo	long, tall	historical-dictionary		unmarked	unscorable	no-single-location-mark	f_tulxygxauwi72	Palula dhrígu and Shina ẓígo/j̣ígu have short root accent before the gender vowel, against the old final-accented adjective. Root-final accent assignment explains locus, while old ī shortening before the rg(h) history is independently required. Newer Kalkoti dríg has H associated with final-vowel loss, whereas the older unmarked drig is not itself evidence of no H. Kundal drī̌g is another distinct quantity outcome.
6368	dīrghá	Sh	gil	CDIAL	ẓĭgŭ	long, tall	historical-dictionary		unmarked	unscorable	no-single-location-mark	f_klsec7tvfrt2o	Palula dhrígu and Shina ẓígo/j̣ígu have short root accent before the gender vowel, against the old final-accented adjective. Root-final accent assignment explains locus, while old ī shortening before the rg(h) history is independently required. Newer Kalkoti dríg has H associated with final-vowel loss, whereas the older unmarked drig is not itself evidence of no H. Kundal drī̌g is another distinct quantity outcome.
6368	dīrghá	Phal	Phal	liljegren	dhrígu	long, tall	palula-mora	2	S@-2	penultimate		f_u5326otvtzozy	Palula dhrígu and Shina ẓígo/j̣ígu have short root accent before the gender vowel, against the old final-accented adjective. Root-final accent assignment explains locus, while old ī shortening before the rg(h) history is independently required. Newer Kalkoti dríg has H associated with final-vowel loss, whereas the older unmarked drig is not itself evidence of no H. Kundal drī̌g is another distinct quantity outcome.
6368	dīrghá	Phal	Phal	strand	dhrʹigo	long; tall	strand-phonatory-accent	2	S@-2	penultimate		f_g3jiaa4fc6h6q	Palula dhrígu and Shina ẓígo/j̣ígu have short root accent before the gender vowel, against the old final-accented adjective. Root-final accent assignment explains locus, while old ī shortening before the rg(h) history is independently required. Newer Kalkoti dríg has H associated with final-vowel loss, whereas the older unmarked drig is not itself evidence of no H. Kundal drī̌g is another distinct quantity outcome.
6368	dīrghá	Sh	Gupis	backstrom1992	ˈẓ̌ɪgo̱	long	survey-phonetic	2	stress-marked@-2	penultimate		f_qzxzqt7iy6qpo	Palula dhrígu and Shina ẓígo/j̣ígu have short root accent before the gender vowel, against the old final-accented adjective. Root-final accent assignment explains locus, while old ī shortening before the rg(h) history is independently required. Newer Kalkoti dríg has H associated with final-vowel loss, whereas the older unmarked drig is not itself evidence of no H. Kundal drī̌g is another distinct quantity outcome.
6368	dīrghá	Sh	punl	backstrom1992	ˈǰ̣ɪ̱go̱	long	survey-phonetic	2	stress-marked@-2	penultimate		f_ifvugy4ct64mc	Palula dhrígu and Shina ẓígo/j̣ígu have short root accent before the gender vowel, against the old final-accented adjective. Root-final accent assignment explains locus, while old ī shortening before the rg(h) history is independently required. Newer Kalkoti dríg has H associated with final-vowel loss, whereas the older unmarked drig is not itself evidence of no H. Kundal drī̌g is another distinct quantity outcome.
6368	dīrghá	Sh	punl	backstrom1992	ˈẓ̌ɪgo̱	long	survey-phonetic	2	stress-marked@-2	penultimate		f_q3sjvhv3x3src	Palula dhrígu and Shina ẓígo/j̣ígu have short root accent before the gender vowel, against the old final-accented adjective. Root-final accent assignment explains locus, while old ī shortening before the rg(h) history is independently required. Newer Kalkoti dríg has H associated with final-vowel loss, whereas the older unmarked drig is not itself evidence of no H. Kundal drī̌g is another distinct quantity outcome.
6368	dīrghá	Sh	HunzaNasirabad	backstrom1992	ˈẓ̌igo̱	long	survey-phonetic	2	stress-marked@-2	penultimate		f_66vrk7iyoycjm	Palula dhrígu and Shina ẓígo/j̣ígu have short root accent before the gender vowel, against the old final-accented adjective. Root-final accent assignment explains locus, while old ī shortening before the rg(h) history is independently required. Newer Kalkoti dríg has H associated with final-vowel loss, whereas the older unmarked drig is not itself evidence of no H. Kundal drī̌g is another distinct quantity outcome.
6368	dīrghá	Sh	NagarThol	backstrom1992	ˈǰ̣ɪ̱gu̱	long	survey-phonetic	2	stress-marked@-2	penultimate		f_vzw227d3qhmde	Palula dhrígu and Shina ẓígo/j̣ígu have short root accent before the gender vowel, against the old final-accented adjective. Root-final accent assignment explains locus, while old ī shortening before the rg(h) history is independently required. Newer Kalkoti dríg has H associated with final-vowel loss, whereas the older unmarked drig is not itself evidence of no H. Kundal drī̌g is another distinct quantity outcome.
6368	dīrghá	Sh	NagarChalt	backstrom1992	ˈǰ̣ɪ̱go̱	long	survey-phonetic	2	stress-marked@-2	penultimate		f_j3ko2qofnoqjc	Palula dhrígu and Shina ẓígo/j̣ígu have short root accent before the gender vowel, against the old final-accented adjective. Root-final accent assignment explains locus, while old ī shortening before the rg(h) history is independently required. Newer Kalkoti dríg has H associated with final-vowel loss, whereas the older unmarked drig is not itself evidence of no H. Kundal drī̌g is another distinct quantity outcome.
6368	dīrghá	Sh	NagarChalt	backstrom1992	ˈẓ̌i̱go	long	survey-phonetic	2	stress-marked@-2	penultimate		f_hntguhpj2xzqm	Palula dhrígu and Shina ẓígo/j̣ígu have short root accent before the gender vowel, against the old final-accented adjective. Root-final accent assignment explains locus, while old ī shortening before the rg(h) history is independently required. Newer Kalkoti dríg has H associated with final-vowel loss, whereas the older unmarked drig is not itself evidence of no H. Kundal drī̌g is another distinct quantity outcome.
6368	dīrghá	Sh	gil	backstrom1992	ˈǰ̣igo̱	long	survey-phonetic	2	stress-marked@-2	penultimate		f_7agzmb5kpwb6y	Palula dhrígu and Shina ẓígo/j̣ígu have short root accent before the gender vowel, against the old final-accented adjective. Root-final accent assignment explains locus, while old ī shortening before the rg(h) history is independently required. Newer Kalkoti dríg has H associated with final-vowel loss, whereas the older unmarked drig is not itself evidence of no H. Kundal drī̌g is another distinct quantity outcome.
6368	dīrghá	Sh	Haramosh	backstrom1992	ˈǰigo̱	long	survey-phonetic	2	stress-marked@-2	penultimate		f_mht26owaqddoa	Palula dhrígu and Shina ẓígo/j̣ígu have short root accent before the gender vowel, against the old final-accented adjective. Root-final accent assignment explains locus, while old ī shortening before the rg(h) history is independently required. Newer Kalkoti dríg has H associated with final-vowel loss, whereas the older unmarked drig is not itself evidence of no H. Kundal drī̌g is another distinct quantity outcome.
6368	dīrghá	Sh	Bagrot	backstrom1992	ˈẓ̌igo	long	survey-phonetic	2	stress-marked@-2	penultimate		f_rzijo3ocodfba	Palula dhrígu and Shina ẓígo/j̣ígu have short root accent before the gender vowel, against the old final-accented adjective. Root-final accent assignment explains locus, while old ī shortening before the rg(h) history is independently required. Newer Kalkoti dríg has H associated with final-vowel loss, whereas the older unmarked drig is not itself evidence of no H. Kundal drī̌g is another distinct quantity outcome.
6368	dīrghá	Sh	Bunji	backstrom1992	ˈẓ̌igo̱	long	survey-phonetic	2	stress-marked@-2	penultimate		f_2oxpquinwkisc	Palula dhrígu and Shina ẓígo/j̣ígu have short root accent before the gender vowel, against the old final-accented adjective. Root-final accent assignment explains locus, while old ī shortening before the rg(h) history is independently required. Newer Kalkoti dríg has H associated with final-vowel loss, whereas the older unmarked drig is not itself evidence of no H. Kundal drī̌g is another distinct quantity outcome.
6368	dīrghá	Sh	Bunji	backstrom1992	ˈǰ̣igo	long	survey-phonetic	2	stress-marked@-2	penultimate		f_dxhzngttx7vr6	Palula dhrígu and Shina ẓígo/j̣ígu have short root accent before the gender vowel, against the old final-accented adjective. Root-final accent assignment explains locus, while old ī shortening before the rg(h) history is independently required. Newer Kalkoti dríg has H associated with final-vowel loss, whereas the older unmarked drig is not itself evidence of no H. Kundal drī̌g is another distinct quantity outcome.
6368	dīrghá	Sh	Rondu	backstrom1992	ˈǰ̣ɪgo	long	survey-phonetic	2	stress-marked@-2	penultimate		f_etmetauto5gqs	Palula dhrígu and Shina ẓígo/j̣ígu have short root accent before the gender vowel, against the old final-accented adjective. Root-final accent assignment explains locus, while old ī shortening before the rg(h) history is independently required. Newer Kalkoti dríg has H associated with final-vowel loss, whereas the older unmarked drig is not itself evidence of no H. Kundal drī̌g is another distinct quantity outcome.
6368	dīrghá	Sh	Gahorabad	backstrom1992	ˈẓ̌igo	long	survey-phonetic	2	stress-marked@-2	penultimate		f_623zkuuw7qli4	Palula dhrígu and Shina ẓígo/j̣ígu have short root accent before the gender vowel, against the old final-accented adjective. Root-final accent assignment explains locus, while old ī shortening before the rg(h) history is independently required. Newer Kalkoti dríg has H associated with final-vowel loss, whereas the older unmarked drig is not itself evidence of no H. Kundal drī̌g is another distinct quantity outcome.
6368	dīrghá	Sh	DashkinAstor	backstrom1992	ˈǰ̣igo̱	long	survey-phonetic	2	stress-marked@-2	penultimate		f_zl5unosahclwm	Palula dhrígu and Shina ẓígo/j̣ígu have short root accent before the gender vowel, against the old final-accented adjective. Root-final accent assignment explains locus, while old ī shortening before the rg(h) history is independently required. Newer Kalkoti dríg has H associated with final-vowel loss, whereas the older unmarked drig is not itself evidence of no H. Kundal drī̌g is another distinct quantity outcome.
6368	dīrghá	Sh	Astor	backstrom1992	ˈǰ̣igo̱	long	survey-phonetic	2	stress-marked@-2	penultimate		f_cm2akoalp6npm	Palula dhrígu and Shina ẓígo/j̣ígu have short root accent before the gender vowel, against the old final-accented adjective. Root-final accent assignment explains locus, while old ī shortening before the rg(h) history is independently required. Newer Kalkoti dríg has H associated with final-vowel loss, whereas the older unmarked drig is not itself evidence of no H. Kundal drī̌g is another distinct quantity outcome.
6368	dīrghá	Sh	KachuraJel	backstrom1992	ˈẓ̌ɪgo	long	survey-phonetic	2	stress-marked@-2	penultimate		f_gn5ti6z2va4ce	Palula dhrígu and Shina ẓígo/j̣ígu have short root accent before the gender vowel, against the old final-accented adjective. Root-final accent assignment explains locus, while old ī shortening before the rg(h) history is independently required. Newer Kalkoti dríg has H associated with final-vowel loss, whereas the older unmarked drig is not itself evidence of no H. Kundal drī̌g is another distinct quantity outcome.
6368	dīrghá	Sh	Satpara	backstrom1992	ˈẓ̌ɪŋo	long	survey-phonetic	2	stress-marked@-2	penultimate		f_jev2wgbifwssk	Palula dhrígu and Shina ẓígo/j̣ígu have short root accent before the gender vowel, against the old final-accented adjective. Root-final accent assignment explains locus, while old ī shortening before the rg(h) history is independently required. Newer Kalkoti dríg has H associated with final-vowel loss, whereas the older unmarked drig is not itself evidence of no H. Kundal drī̌g is another distinct quantity outcome.
6368	dīrghá	Sh	Gultari	backstrom1992	ˈǰ̣igo̱	long	survey-phonetic	2	stress-marked@-2	penultimate		f_dj6z7ccs67em2	Palula dhrígu and Shina ẓígo/j̣ígu have short root accent before the gender vowel, against the old final-accented adjective. Root-final accent assignment explains locus, while old ī shortening before the rg(h) history is independently required. Newer Kalkoti dríg has H associated with final-vowel loss, whereas the older unmarked drig is not itself evidence of no H. Kundal drī̌g is another distinct quantity outcome.
6368	dīrghá	Sh	Kharmang	backstrom1992	ˈẓ̌iŋo	long	survey-phonetic	2	stress-marked@-2	penultimate		f_ks5utvv2wiovu	Palula dhrígu and Shina ẓígo/j̣ígu have short root accent before the gender vowel, against the old final-accented adjective. Root-final accent assignment explains locus, while old ī shortening before the rg(h) history is independently required. Newer Kalkoti dríg has H associated with final-vowel loss, whereas the older unmarked drig is not itself evidence of no H. Kundal drī̌g is another distinct quantity outcome.
6368	dīrghá	Sh	dr	backstrom1992	ˈẓ̌iŋo	long	survey-phonetic	2	stress-marked@-2	penultimate		f_ak7ct63sb7wae	Palula dhrígu and Shina ẓígo/j̣ígu have short root accent before the gender vowel, against the old final-accented adjective. Root-final accent assignment explains locus, while old ī shortening before the rg(h) history is independently required. Newer Kalkoti dríg has H associated with final-vowel loss, whereas the older unmarked drig is not itself evidence of no H. Kundal drī̌g is another distinct quantity outcome.
6368	dīrghá	Sh	ChilasKhinar	backstrom1992	ˈǰ̣igo̱	long	survey-phonetic	2	stress-marked@-2	penultimate		f_vejqty4v7xihk	Palula dhrígu and Shina ẓígo/j̣ígu have short root accent before the gender vowel, against the old final-accented adjective. Root-final accent assignment explains locus, while old ī shortening before the rg(h) history is independently required. Newer Kalkoti dríg has H associated with final-vowel loss, whereas the older unmarked drig is not itself evidence of no H. Kundal drī̌g is another distinct quantity outcome.
6368	dīrghá	Sh	ChilasKhinar	backstrom1992	ˈẓ̌igo̱	long	survey-phonetic	2	stress-marked@-2	penultimate		f_xanghtccbsalo	Palula dhrígu and Shina ẓígo/j̣ígu have short root accent before the gender vowel, against the old final-accented adjective. Root-final accent assignment explains locus, while old ī shortening before the rg(h) history is independently required. Newer Kalkoti dríg has H associated with final-vowel loss, whereas the older unmarked drig is not itself evidence of no H. Kundal drī̌g is another distinct quantity outcome.
6368	dīrghá	Sh	ChilasJelil	backstrom1992	ˈẓ̌igo̱	long	survey-phonetic	2	stress-marked@-2	penultimate		f_vvqkz4a4sjtd2	Palula dhrígu and Shina ẓígo/j̣ígu have short root accent before the gender vowel, against the old final-accented adjective. Root-final accent assignment explains locus, while old ī shortening before the rg(h) history is independently required. Newer Kalkoti dríg has H associated with final-vowel loss, whereas the older unmarked drig is not itself evidence of no H. Kundal drī̌g is another distinct quantity outcome.
6368	dīrghá	Sh	Darel	backstrom1992	ˈẓ̌ɪ̱go	long	survey-phonetic	2	stress-marked@-2	penultimate		f_6ni7aedjrcy24	Palula dhrígu and Shina ẓígo/j̣ígu have short root accent before the gender vowel, against the old final-accented adjective. Root-final accent assignment explains locus, while old ī shortening before the rg(h) history is independently required. Newer Kalkoti dríg has H associated with final-vowel loss, whereas the older unmarked drig is not itself evidence of no H. Kundal drī̌g is another distinct quantity outcome.
6368	dīrghá	Sh	Tangir	backstrom1992	ˈẓ̌ɪgo	long	survey-phonetic	2	stress-marked@-2	penultimate		f_44y464mreksrc	Palula dhrígu and Shina ẓígo/j̣ígu have short root accent before the gender vowel, against the old final-accented adjective. Root-final accent assignment explains locus, while old ī shortening before the rg(h) history is independently required. Newer Kalkoti dríg has H associated with final-vowel loss, whereas the older unmarked drig is not itself evidence of no H. Kundal drī̌g is another distinct quantity outcome.
6368	dīrghá	Sh	Sazin	backstrom1992	ˈẓ̌igo	long	survey-phonetic	2	stress-marked@-2	penultimate		f_qkfuhivtvli4m	Palula dhrígu and Shina ẓígo/j̣ígu have short root accent before the gender vowel, against the old final-accented adjective. Root-final accent assignment explains locus, while old ī shortening before the rg(h) history is independently required. Newer Kalkoti dríg has H associated with final-vowel loss, whereas the older unmarked drig is not itself evidence of no H. Kundal drī̌g is another distinct quantity outcome.
6368	dīrghá	Sh	Harban	backstrom1992	ˈẓ̌igo	long	survey-phonetic	2	stress-marked@-2	penultimate		f_h4na2j2hkq5ik	Palula dhrígu and Shina ẓígo/j̣ígu have short root accent before the gender vowel, against the old final-accented adjective. Root-final accent assignment explains locus, while old ī shortening before the rg(h) history is independently required. Newer Kalkoti dríg has H associated with final-vowel loss, whereas the older unmarked drig is not itself evidence of no H. Kundal drī̌g is another distinct quantity outcome.
6368	dīrghá	Sh	Jalkot	backstrom1992	ˈẓ̌i̱go̱	long	survey-phonetic	2	stress-marked@-2	penultimate		f_b3jppnizdlzxm	Palula dhrígu and Shina ẓígo/j̣ígu have short root accent before the gender vowel, against the old final-accented adjective. Root-final accent assignment explains locus, while old ī shortening before the rg(h) history is independently required. Newer Kalkoti dríg has H associated with final-vowel loss, whereas the older unmarked drig is not itself evidence of no H. Kundal drī̌g is another distinct quantity outcome.
6368	dīrghá	Sh	Jalkot	backstrom1992	ˈẓ̌ʊgo̱	long	survey-phonetic	2	stress-marked@-2	penultimate		f_v7fetw2xb5cc4	Palula dhrígu and Shina ẓígo/j̣ígu have short root accent before the gender vowel, against the old final-accented adjective. Root-final accent assignment explains locus, while old ī shortening before the rg(h) history is independently required. Newer Kalkoti dríg has H associated with final-vowel loss, whereas the older unmarked drig is not itself evidence of no H. Kundal drī̌g is another distinct quantity outcome.
6368	dīrghá	Sh	pales	backstrom1992	ˈẓ̌ɪgo̱	long	survey-phonetic	2	stress-marked@-2	penultimate		f_6cr6qh56tc7wi	Palula dhrígu and Shina ẓígo/j̣ígu have short root accent before the gender vowel, against the old final-accented adjective. Root-final accent assignment explains locus, while old ī shortening before the rg(h) history is independently required. Newer Kalkoti dríg has H associated with final-vowel loss, whereas the older unmarked drig is not itself evidence of no H. Kundal drī̌g is another distinct quantity outcome.
6368	dīrghá	Sh	pales	backstrom1992	ˈẓ̌ʊgo̱	long	survey-phonetic	2	stress-marked@-2	penultimate		f_ojzzk4msyr32w	Palula dhrígu and Shina ẓígo/j̣ígu have short root accent before the gender vowel, against the old final-accented adjective. Root-final accent assignment explains locus, while old ī shortening before the rg(h) history is independently required. Newer Kalkoti dríg has H associated with final-vowel loss, whereas the older unmarked drig is not itself evidence of no H. Kundal drī̌g is another distinct quantity outcome.
6368	dīrghá	Sh	Kolai	backstrom1992	ˈẓ̌ɪgo̱	long	survey-phonetic	2	stress-marked@-2	penultimate		f_aez2544aozm6c	Palula dhrígu and Shina ẓígo/j̣ígu have short root accent before the gender vowel, against the old final-accented adjective. Root-final accent assignment explains locus, while old ī shortening before the rg(h) history is independently required. Newer Kalkoti dríg has H associated with final-vowel loss, whereas the older unmarked drig is not itself evidence of no H. Kundal drī̌g is another distinct quantity outcome.
6368	dīrghá	Sh	Kolai	backstrom1992	ˈẓ̌ʊgo̱	long	survey-phonetic	2	stress-marked@-2	penultimate		f_loch3ttywkdrk	Palula dhrígu and Shina ẓígo/j̣ígu have short root accent before the gender vowel, against the old final-accented adjective. Root-final accent assignment explains locus, while old ī shortening before the rg(h) history is independently required. Newer Kalkoti dríg has H associated with final-vowel loss, whereas the older unmarked drig is not itself evidence of no H. Kundal drī̌g is another distinct quantity outcome.
6368	dīrghá	Sh	gil	schmidt	j̣ígo	long	shina-mora	2	S@-2	penultimate		f_eb6r4q6v6zfhi	Palula dhrígu and Shina ẓígo/j̣ígu have short root accent before the gender vowel, against the old final-accented adjective. Root-final accent assignment explains locus, while old ī shortening before the rg(h) history is independently required. Newer Kalkoti dríg has H associated with final-vowel loss, whereas the older unmarked drig is not itself evidence of no H. Kundal drī̌g is another distinct quantity outcome.
6368	dīrghá	Sh	koh	schmidt	ẓígo	long	shina-mora	2	S@-2	penultimate		f_lsdzelrgczggu	Palula dhrígu and Shina ẓígo/j̣ígu have short root accent before the gender vowel, against the old final-accented adjective. Root-final accent assignment explains locus, while old ī shortening before the rg(h) history is independently required. Newer Kalkoti dríg has H associated with final-vowel loss, whereas the older unmarked drig is not itself evidence of no H. Kundal drī̌g is another distinct quantity outcome.
6368	dīrghá	Sh	gur	schmidt	j̣ígu	long	shina-mora	2	S@-2	penultimate		f_cojxl2nodvpcc	Palula dhrígu and Shina ẓígo/j̣ígu have short root accent before the gender vowel, against the old final-accented adjective. Root-final accent assignment explains locus, while old ī shortening before the rg(h) history is independently required. Newer Kalkoti dríg has H associated with final-vowel loss, whereas the older unmarked drig is not itself evidence of no H. Kundal drī̌g is another distinct quantity outcome.
6368	dīrghá	Sh	gil	degener-shina2008	ẓígo	long	gilgit-mora	2	S@-2	penultimate		f_2alfis35dlgmm	Palula dhrígu and Shina ẓígo/j̣ígu have short root accent before the gender vowel, against the old final-accented adjective. Root-final accent assignment explains locus, while old ī shortening before the rg(h) history is independently required. Newer Kalkoti dríg has H associated with final-vowel loss, whereas the older unmarked drig is not itself evidence of no H. Kundal drī̌g is another distinct quantity outcome.
6368	dīrghá	Sh	gil	buddruss-shina1996	ẓigo	long	gilgit-mora		unmarked	unscorable	no-single-location-mark	f_4hg43qu6wffve	Palula dhrígu and Shina ẓígo/j̣ígu have short root accent before the gender vowel, against the old final-accented adjective. Root-final accent assignment explains locus, while old ī shortening before the rg(h) history is independently required. Newer Kalkoti dríg has H associated with final-vowel loss, whereas the older unmarked drig is not itself evidence of no H. Kundal drī̌g is another distinct quantity outcome.
6926	nagná	Phal	Phal	CDIAL	nāano	naked	historical-dictionary		unmarked	unscorable	no-single-location-mark	f_ny3qsmmjmj2qo	Palula náanu and Gilgit náno are root-accented before their gender vowel, agreeing with independently attested barytone nágnaka rather than the simple final-accented adjective. Palula long aa versus Gilgit short a then reflects different quantity history after gn simplification. Sauji niċaṅ requires separate suffix/consonant analysis and is unmarked.
6926	nagná	Sh	gil	CDIAL	nánŭ	naked	historical-dictionary	2	syllable-marked@-2	penultimate		f_3gkkfywhigmhi	Palula náanu and Gilgit náno are root-accented before their gender vowel, agreeing with independently attested barytone nágnaka rather than the simple final-accented adjective. Palula long aa versus Gilgit short a then reflects different quantity history after gn simplification. Sauji niċaṅ requires separate suffix/consonant analysis and is unmarked.
6926	nagná	Sh	gur	CDIAL	nonŭ	naked	historical-dictionary		unmarked	unscorable	no-single-location-mark	f_34t6l7wz65vdo	Palula náanu and Gilgit náno are root-accented before their gender vowel, agreeing with independently attested barytone nágnaka rather than the simple final-accented adjective. Palula long aa versus Gilgit short a then reflects different quantity history after gn simplification. Sauji niċaṅ requires separate suffix/consonant analysis and is unmarked.
6926	nagná	Phal	Phal	liljegren	náanu	naked	palula-mora	2	E@-2	penultimate		f_te7erw54blipe	Palula náanu and Gilgit náno are root-accented before their gender vowel, agreeing with independently attested barytone nágnaka rather than the simple final-accented adjective. Palula long aa versus Gilgit short a then reflects different quantity history after gn simplification. Sauji niċaṅ requires separate suffix/consonant analysis and is unmarked.
6926	nagná	Phal	Phal	strand	nʹânu	naked	strand-phonatory-accent	2	E@-2	penultimate		f_v4dt6pxqg42kq	Palula náanu and Gilgit náno are root-accented before their gender vowel, agreeing with independently attested barytone nágnaka rather than the simple final-accented adjective. Palula long aa versus Gilgit short a then reflects different quantity history after gn simplification. Sauji niċaṅ requires separate suffix/consonant analysis and is unmarked.
6926	nagná	Sh	gil	degener-shina2008	náno	naked	gilgit-mora	2	S@-2	penultimate		f_cvpx43xzfyvpe	Palula náanu and Gilgit náno are root-accented before their gender vowel, agreeing with independently attested barytone nágnaka rather than the simple final-accented adjective. Palula long aa versus Gilgit short a then reflects different quantity history after gn simplification. Sauji niċaṅ requires separate suffix/consonant analysis and is unmarked.
6983	náva	Phal	Phal	CDIAL	nā́wu	new	historical-dictionary	2	syllable-marked@-2	penultimate		f_3le4z2i63455c	Palula náawu is early while Gilgit naáwo is late on a long vowel before a preserved w and gender ending. Kohistani nóo~, Guresi náa~ and Astori náu~ have early root prominence with different contraction. Gilgit's late aa therefore cannot be attributed to loss of the visible w alone; a historical extended-stem or geminate/glide stage is needed. This is a stringent residual for a cluster-only account of new late vowels.
6983	náva	Phal	Phal	CDIAL	nā̃o	new	historical-dictionary		unmarked	unscorable	vowel-sequence-unresolved;no-single-location-mark	f_qdze4dr2mdwl6	Palula náawu is early while Gilgit naáwo is late on a long vowel before a preserved w and gender ending. Kohistani nóo~, Guresi náa~ and Astori náu~ have early root prominence with different contraction. Gilgit's late aa therefore cannot be attributed to loss of the visible w alone; a historical extended-stem or geminate/glide stage is needed. This is a stringent residual for a cluster-only account of new late vowels.
6983	náva	Sh	gil	CDIAL;Lor	nāvṷ	new	historical-dictionary		unmarked	unscorable	no-single-location-mark	f_7anzsehaa2p7e	Palula náawu is early while Gilgit naáwo is late on a long vowel before a preserved w and gender ending. Kohistani nóo~, Guresi náa~ and Astori náu~ have early root prominence with different contraction. Gilgit's late aa therefore cannot be attributed to loss of the visible w alone; a historical extended-stem or geminate/glide stage is needed. This is a stringent residual for a cluster-only account of new late vowels.
6983	náva	Phal	Phal	liljegren	náawu	new	palula-mora	2	E@-2	penultimate		f_gyj7em6aqpm4e	Palula náawu is early while Gilgit naáwo is late on a long vowel before a preserved w and gender ending. Kohistani nóo~, Guresi náa~ and Astori náu~ have early root prominence with different contraction. Gilgit's late aa therefore cannot be attributed to loss of the visible w alone; a historical extended-stem or geminate/glide stage is needed. This is a stringent residual for a cluster-only account of new late vowels.
6983	náva	Sh	Gupis	backstrom1992	ˈnɑwo	new	survey-phonetic	2	stress-marked@-2	penultimate		f_biyrjrr5bugi2	Palula náawu is early while Gilgit naáwo is late on a long vowel before a preserved w and gender ending. Kohistani nóo~, Guresi náa~ and Astori náu~ have early root prominence with different contraction. Gilgit's late aa therefore cannot be attributed to loss of the visible w alone; a historical extended-stem or geminate/glide stage is needed. This is a stringent residual for a cluster-only account of new late vowels.
6983	náva	Sh	Gupis	backstrom1992	nɑo	new	survey-phonetic		unmarked	unscorable	vowel-sequence-unresolved;no-single-location-mark	f_3djsqmonxpuhc	Palula náawu is early while Gilgit naáwo is late on a long vowel before a preserved w and gender ending. Kohistani nóo~, Guresi náa~ and Astori náu~ have early root prominence with different contraction. Gilgit's late aa therefore cannot be attributed to loss of the visible w alone; a historical extended-stem or geminate/glide stage is needed. This is a stringent residual for a cluster-only account of new late vowels.
6983	náva	Sh	punl	backstrom1992	nɑ̃u	new	survey-phonetic		unmarked	unscorable	vowel-sequence-unresolved;no-single-location-mark	f_wfqrcbbviczty	Palula náawu is early while Gilgit naáwo is late on a long vowel before a preserved w and gender ending. Kohistani nóo~, Guresi náa~ and Astori náu~ have early root prominence with different contraction. Gilgit's late aa therefore cannot be attributed to loss of the visible w alone; a historical extended-stem or geminate/glide stage is needed. This is a stringent residual for a cluster-only account of new late vowels.
6983	náva	Sh	HunzaNasirabad	backstrom1992	ˈnɑwo̱	new	survey-phonetic	2	stress-marked@-2	penultimate		f_4zw2mp4t6ra2m	Palula náawu is early while Gilgit naáwo is late on a long vowel before a preserved w and gender ending. Kohistani nóo~, Guresi náa~ and Astori náu~ have early root prominence with different contraction. Gilgit's late aa therefore cannot be attributed to loss of the visible w alone; a historical extended-stem or geminate/glide stage is needed. This is a stringent residual for a cluster-only account of new late vowels.
6983	náva	Sh	NagarThol	backstrom1992	nɑˈu	new	survey-phonetic	1	stress-marked@position-unresolved	unscorable	vowel-sequence-unresolved	f_lfh7nphimm4wu	Palula náawu is early while Gilgit naáwo is late on a long vowel before a preserved w and gender ending. Kohistani nóo~, Guresi náa~ and Astori náu~ have early root prominence with different contraction. Gilgit's late aa therefore cannot be attributed to loss of the visible w alone; a historical extended-stem or geminate/glide stage is needed. This is a stringent residual for a cluster-only account of new late vowels.
6983	náva	Sh	NagarChalt	backstrom1992	nɑ̃ũ	new	survey-phonetic		unmarked	unscorable	vowel-sequence-unresolved;no-single-location-mark	f_7b52i4qckhlik	Palula náawu is early while Gilgit naáwo is late on a long vowel before a preserved w and gender ending. Kohistani nóo~, Guresi náa~ and Astori náu~ have early root prominence with different contraction. Gilgit's late aa therefore cannot be attributed to loss of the visible w alone; a historical extended-stem or geminate/glide stage is needed. This is a stringent residual for a cluster-only account of new late vowels.
6983	náva	Sh	gil	backstrom1992	nɑ̃u	new	survey-phonetic		unmarked	unscorable	vowel-sequence-unresolved;no-single-location-mark	f_mrkapuisclysk	Palula náawu is early while Gilgit naáwo is late on a long vowel before a preserved w and gender ending. Kohistani nóo~, Guresi náa~ and Astori náu~ have early root prominence with different contraction. Gilgit's late aa therefore cannot be attributed to loss of the visible w alone; a historical extended-stem or geminate/glide stage is needed. This is a stringent residual for a cluster-only account of new late vowels.
6983	náva	Sh	Haramosh	backstrom1992	nɑ̃ũ	new	survey-phonetic		unmarked	unscorable	vowel-sequence-unresolved;no-single-location-mark	f_ufzyvuxmylmbm	Palula náawu is early while Gilgit naáwo is late on a long vowel before a preserved w and gender ending. Kohistani nóo~, Guresi náa~ and Astori náu~ have early root prominence with different contraction. Gilgit's late aa therefore cannot be attributed to loss of the visible w alone; a historical extended-stem or geminate/glide stage is needed. This is a stringent residual for a cluster-only account of new late vowels.
6983	náva	Sh	Bagrot	backstrom1992	nɑ̃ũ	new	survey-phonetic		unmarked	unscorable	vowel-sequence-unresolved;no-single-location-mark	f_d44u4miwtcfsi	Palula náawu is early while Gilgit naáwo is late on a long vowel before a preserved w and gender ending. Kohistani nóo~, Guresi náa~ and Astori náu~ have early root prominence with different contraction. Gilgit's late aa therefore cannot be attributed to loss of the visible w alone; a historical extended-stem or geminate/glide stage is needed. This is a stringent residual for a cluster-only account of new late vowels.
6983	náva	Sh	Bunji	backstrom1992	nɑu	new	survey-phonetic		unmarked	unscorable	vowel-sequence-unresolved;no-single-location-mark	f_vn3ww7stjbmrm	Palula náawu is early while Gilgit naáwo is late on a long vowel before a preserved w and gender ending. Kohistani nóo~, Guresi náa~ and Astori náu~ have early root prominence with different contraction. Gilgit's late aa therefore cannot be attributed to loss of the visible w alone; a historical extended-stem or geminate/glide stage is needed. This is a stringent residual for a cluster-only account of new late vowels.
6983	náva	Sh	Rondu	backstrom1992	nɑ̃ũ	new	survey-phonetic		unmarked	unscorable	vowel-sequence-unresolved;no-single-location-mark	f_ftr3mhj4mmkxw	Palula náawu is early while Gilgit naáwo is late on a long vowel before a preserved w and gender ending. Kohistani nóo~, Guresi náa~ and Astori náu~ have early root prominence with different contraction. Gilgit's late aa therefore cannot be attributed to loss of the visible w alone; a historical extended-stem or geminate/glide stage is needed. This is a stringent residual for a cluster-only account of new late vowels.
6983	náva	Sh	Gahorabad	backstrom1992	nʌõ	new	survey-phonetic		unmarked	unscorable	vowel-sequence-unresolved;no-single-location-mark	f_ssapsequ2tg6c	Palula náawu is early while Gilgit naáwo is late on a long vowel before a preserved w and gender ending. Kohistani nóo~, Guresi náa~ and Astori náu~ have early root prominence with different contraction. Gilgit's late aa therefore cannot be attributed to loss of the visible w alone; a historical extended-stem or geminate/glide stage is needed. This is a stringent residual for a cluster-only account of new late vowels.
6983	náva	Sh	DashkinAstor	backstrom1992	nɑũ	new	survey-phonetic		unmarked	unscorable	vowel-sequence-unresolved;no-single-location-mark	f_lcekumwhhblz2	Palula náawu is early while Gilgit naáwo is late on a long vowel before a preserved w and gender ending. Kohistani nóo~, Guresi náa~ and Astori náu~ have early root prominence with different contraction. Gilgit's late aa therefore cannot be attributed to loss of the visible w alone; a historical extended-stem or geminate/glide stage is needed. This is a stringent residual for a cluster-only account of new late vowels.
6983	náva	Sh	KachuraJel	backstrom1992	nɑ̃ũ	new	survey-phonetic		unmarked	unscorable	vowel-sequence-unresolved;no-single-location-mark	f_dornzfxmv3xne	Palula náawu is early while Gilgit naáwo is late on a long vowel before a preserved w and gender ending. Kohistani nóo~, Guresi náa~ and Astori náu~ have early root prominence with different contraction. Gilgit's late aa therefore cannot be attributed to loss of the visible w alone; a historical extended-stem or geminate/glide stage is needed. This is a stringent residual for a cluster-only account of new late vowels.
6983	náva	Sh	Satpara	backstrom1992	nɑ̃ũ	new	survey-phonetic		unmarked	unscorable	vowel-sequence-unresolved;no-single-location-mark	f_5pjhxxba4idkq	Palula náawu is early while Gilgit naáwo is late on a long vowel before a preserved w and gender ending. Kohistani nóo~, Guresi náa~ and Astori náu~ have early root prominence with different contraction. Gilgit's late aa therefore cannot be attributed to loss of the visible w alone; a historical extended-stem or geminate/glide stage is needed. This is a stringent residual for a cluster-only account of new late vowels.
6983	náva	Sh	Gultari	backstrom1992	ˈnɑʷo	new	survey-phonetic	2	stress-marked@-2	penultimate		f_och7jvpczyfq2	Palula náawu is early while Gilgit naáwo is late on a long vowel before a preserved w and gender ending. Kohistani nóo~, Guresi náa~ and Astori náu~ have early root prominence with different contraction. Gilgit's late aa therefore cannot be attributed to loss of the visible w alone; a historical extended-stem or geminate/glide stage is needed. This is a stringent residual for a cluster-only account of new late vowels.
6983	náva	Sh	Kharmang	backstrom1992	ˈnɑo	new	survey-phonetic	2	stress-marked@position-unresolved	unscorable	vowel-sequence-unresolved	f_ngikj5n73dfcw	Palula náawu is early while Gilgit naáwo is late on a long vowel before a preserved w and gender ending. Kohistani nóo~, Guresi náa~ and Astori náu~ have early root prominence with different contraction. Gilgit's late aa therefore cannot be attributed to loss of the visible w alone; a historical extended-stem or geminate/glide stage is needed. This is a stringent residual for a cluster-only account of new late vowels.
6983	náva	Sh	ChilasKhinar	backstrom1992	nʌõ	new	survey-phonetic		unmarked	unscorable	vowel-sequence-unresolved;no-single-location-mark	f_q3eucig5fj4t2	Palula náawu is early while Gilgit naáwo is late on a long vowel before a preserved w and gender ending. Kohistani nóo~, Guresi náa~ and Astori náu~ have early root prominence with different contraction. Gilgit's late aa therefore cannot be attributed to loss of the visible w alone; a historical extended-stem or geminate/glide stage is needed. This is a stringent residual for a cluster-only account of new late vowels.
6983	náva	Sh	ChilasJelil	backstrom1992	nʌõ	new	survey-phonetic		unmarked	unscorable	vowel-sequence-unresolved;no-single-location-mark	f_fk67egop4lhsw	Palula náawu is early while Gilgit naáwo is late on a long vowel before a preserved w and gender ending. Kohistani nóo~, Guresi náa~ and Astori náu~ have early root prominence with different contraction. Gilgit's late aa therefore cannot be attributed to loss of the visible w alone; a historical extended-stem or geminate/glide stage is needed. This is a stringent residual for a cluster-only account of new late vowels.
6983	náva	Sh	Darel	backstrom1992	nɑõ	new	survey-phonetic		unmarked	unscorable	vowel-sequence-unresolved;no-single-location-mark	f_tmnsdybewbxi6	Palula náawu is early while Gilgit naáwo is late on a long vowel before a preserved w and gender ending. Kohistani nóo~, Guresi náa~ and Astori náu~ have early root prominence with different contraction. Gilgit's late aa therefore cannot be attributed to loss of the visible w alone; a historical extended-stem or geminate/glide stage is needed. This is a stringent residual for a cluster-only account of new late vowels.
6983	náva	Sh	Tangir	backstrom1992	nɑõ	new	survey-phonetic		unmarked	unscorable	vowel-sequence-unresolved;no-single-location-mark	f_h6en5on5mohme	Palula náawu is early while Gilgit naáwo is late on a long vowel before a preserved w and gender ending. Kohistani nóo~, Guresi náa~ and Astori náu~ have early root prominence with different contraction. Gilgit's late aa therefore cannot be attributed to loss of the visible w alone; a historical extended-stem or geminate/glide stage is needed. This is a stringent residual for a cluster-only account of new late vowels.
6983	náva	Sh	Sazin	backstrom1992	nʌo	new	survey-phonetic		unmarked	unscorable	vowel-sequence-unresolved;no-single-location-mark	f_ifzymuygwb6ma	Palula náawu is early while Gilgit naáwo is late on a long vowel before a preserved w and gender ending. Kohistani nóo~, Guresi náa~ and Astori náu~ have early root prominence with different contraction. Gilgit's late aa therefore cannot be attributed to loss of the visible w alone; a historical extended-stem or geminate/glide stage is needed. This is a stringent residual for a cluster-only account of new late vowels.
6983	náva	Sh	gil	schmidt	naáwo	new	shina-mora	2	L@-2	penultimate		f_qi6wctkzoj7is	Palula náawu is early while Gilgit naáwo is late on a long vowel before a preserved w and gender ending. Kohistani nóo~, Guresi náa~ and Astori náu~ have early root prominence with different contraction. Gilgit's late aa therefore cannot be attributed to loss of the visible w alone; a historical extended-stem or geminate/glide stage is needed. This is a stringent residual for a cluster-only account of new late vowels.
6983	náva	Sh	gil	degener-shina2008	naáwo	new	gilgit-mora	2	L@-2	penultimate		f_xl3kmfsnqx522	Palula náawu is early while Gilgit naáwo is late on a long vowel before a preserved w and gender ending. Kohistani nóo~, Guresi náa~ and Astori náu~ have early root prominence with different contraction. Gilgit's late aa therefore cannot be attributed to loss of the visible w alone; a historical extended-stem or geminate/glide stage is needed. This is a stringent residual for a cluster-only account of new late vowels.
7563	nī́la	Phal	Phal	CDIAL	nī́lo	green, blue; green; blue	historical-dictionary	2	syllable-marked@-2	penultimate		f_eknypwkfgopuq	Palula níilu and Schmidt/Degener Shina níilo/níilu preserve early root accent on old long ī. Buddruss niílo ‘blue’ is late in an otherwise comparable Gilgit adjective. Since the root was already long, this cannot be explained as the new short-vowel cluster compensation seen in ‘hot’. It is a direct source/lexical variation test for the early-long baseline.
7563	nī́la	Phal	Phal	strand	nʹîlo	green, blue; green; blue	strand-phonatory-accent	2	E@-2	penultimate		f_eknypwkfgopuq	Palula níilu and Schmidt/Degener Shina níilo/níilu preserve early root accent on old long ī. Buddruss niílo ‘blue’ is late in an otherwise comparable Gilgit adjective. Since the root was already long, this cannot be explained as the new short-vowel cluster compensation seen in ‘hot’. It is a direct source/lexical variation test for the early-long baseline.
7563	nī́la	Sh	Sh	CDIAL	nīlṷ	green, blue	historical-dictionary		unmarked	unscorable	no-single-location-mark	f_v5ei5uksa7ydm	Palula níilu and Schmidt/Degener Shina níilo/níilu preserve early root accent on old long ī. Buddruss niílo ‘blue’ is late in an otherwise comparable Gilgit adjective. Since the root was already long, this cannot be explained as the new short-vowel cluster compensation seen in ‘hot’. It is a direct source/lexical variation test for the early-long baseline.
7563	nī́la	Phal	Phal	liljegren	níilu	green, blue	palula-mora	2	E@-2	penultimate		f_kffd6gadmjs24	Palula níilu and Schmidt/Degener Shina níilo/níilu preserve early root accent on old long ī. Buddruss niílo ‘blue’ is late in an otherwise comparable Gilgit adjective. Since the root was already long, this cannot be explained as the new short-vowel cluster compensation seen in ‘hot’. It is a direct source/lexical variation test for the early-long baseline.
7563	nī́la	Sh	gil	schmidt	níilo	green	shina-mora	2	E@-2	penultimate		f_h4z2frtsvu5re	Palula níilu and Schmidt/Degener Shina níilo/níilu preserve early root accent on old long ī. Buddruss niílo ‘blue’ is late in an otherwise comparable Gilgit adjective. Since the root was already long, this cannot be explained as the new short-vowel cluster compensation seen in ‘hot’. It is a direct source/lexical variation test for the early-long baseline.
7563	nī́la	Sh	koh	schmidt	níilo	green	shina-mora	2	E@-2	penultimate		f_2oyqgkielbvui	Palula níilu and Schmidt/Degener Shina níilo/níilu preserve early root accent on old long ī. Buddruss niílo ‘blue’ is late in an otherwise comparable Gilgit adjective. Since the root was already long, this cannot be explained as the new short-vowel cluster compensation seen in ‘hot’. It is a direct source/lexical variation test for the early-long baseline.
7563	nī́la	Sh	gur	schmidt	níilu	green	shina-mora	2	E@-2	penultimate		f_bqwf3chqaaj7o	Palula níilu and Schmidt/Degener Shina níilo/níilu preserve early root accent on old long ī. Buddruss niílo ‘blue’ is late in an otherwise comparable Gilgit adjective. Since the root was already long, this cannot be explained as the new short-vowel cluster compensation seen in ‘hot’. It is a direct source/lexical variation test for the early-long baseline.
7563	nī́la	Sh	Astor	schmidt	níilu	green	shina-mora	2	E@-2	penultimate		f_fyjprkqbxnkr2	Palula níilu and Schmidt/Degener Shina níilo/níilu preserve early root accent on old long ī. Buddruss niílo ‘blue’ is late in an otherwise comparable Gilgit adjective. Since the root was already long, this cannot be explained as the new short-vowel cluster compensation seen in ‘hot’. It is a direct source/lexical variation test for the early-long baseline.
7563	nī́la	Sh	gil	degener-shina2008	níilo	blue, green	gilgit-mora	2	E@-2	penultimate		f_ysfgf2sowocqi	Palula níilu and Schmidt/Degener Shina níilo/níilu preserve early root accent on old long ī. Buddruss niílo ‘blue’ is late in an otherwise comparable Gilgit adjective. Since the root was already long, this cannot be explained as the new short-vowel cluster compensation seen in ‘hot’. It is a direct source/lexical variation test for the early-long baseline.
7563	nī́la	Sh	gil	buddruss-shina1996	niílo	blue	gilgit-mora	2	L@-2	penultimate		f_qvjwriuno2ijg	Palula níilu and Schmidt/Degener Shina níilo/níilu preserve early root accent on old long ī. Buddruss niílo ‘blue’ is late in an otherwise comparable Gilgit adjective. Since the root was already long, this cannot be explained as the new short-vowel cluster compensation seen in ‘hot’. It is a direct source/lexical variation test for the early-long baseline.
7621	pakvá	Sh	Sh	CDIAL	pakŭ	ripe, cooked	historical-dictionary		unmarked	unscorable	no-single-location-mark	f_vjrm4y7djqhxw	Gilgit páko is a short root-accented adjective before o, fitting the extended-stem pattern after kv reduction. Palula páača ‘ripen/be cooked’ is a verb citation rather than the corresponding adjective and belongs in a separate cell. The contrast with long Gilgit taáto shows that not all old two-consonant clusters yield compensatory late length.
7621	pakvá	Sh	gil	degener-shina2008	páko	ripe, perfect, strong; firm, hard	gilgit-mora	2	S@-2	penultimate		f_5svsl2qm3nptg	Gilgit páko is a short root-accented adjective before o, fitting the extended-stem pattern after kv reduction. Palula páača ‘ripen/be cooked’ is a verb citation rather than the corresponding adjective and belongs in a separate cell. The contrast with long Gilgit taáto shows that not all old two-consonant clusters yield compensatory late length.
7638	pákṣman	Sh	gil	degener-shina2008	paṣílo	woolen	gilgit-mora	2	S@-2	penultimate		f_zvmu3eieotcls	Palula páam is early long after reduction of kṣm and retention of root prominence. Old short a means that its length is secondary, plausibly associated with cluster simplification or later Palula lengthening. Gilgit paṣílo is an adjective meaning woolen, whose -ilo formation has its own accent and cannot be scored against the noun's root accent.
8047	pā́ṇḍara	Sv	Sv	CDIAL	parãṛó	white	historical-dictionary	1	syllable-marked@-1	other-position		f_ywryunyo3efre	Palula paṇáaru has early accent on the final root syllable before u, while the old principal adjective is initially accented. Old later a was short, so extension-driven root-final accent plus open-syllable lengthening predicts the modern locus and new aa; old first ā has shortened. Kalkoti pänär and Sauji parãṛó represent additional vowel and ending histories. The old alternate pāṇḍurá must remain visible.
8047	pā́ṇḍara	Phal	Phal	CDIAL	paṇā́ru	white	historical-dictionary	2	syllable-marked@-2	penultimate		f_u6plfay3pwatk	Palula paṇáaru has early accent on the final root syllable before u, while the old principal adjective is initially accented. Old later a was short, so extension-driven root-final accent plus open-syllable lengthening predicts the modern locus and new aa; old first ā has shortened. Kalkoti pänär and Sauji parãṛó represent additional vowel and ending histories. The old alternate pāṇḍurá must remain visible.
8047	pā́ṇḍara	Phal	Phal	CDIAL	paṇḗri	white	historical-dictionary	2	syllable-marked@-2	penultimate		f_mj6dtdvzg2334	Palula paṇáaru has early accent on the final root syllable before u, while the old principal adjective is initially accented. Old later a was short, so extension-driven root-final accent plus open-syllable lengthening predicts the modern locus and new aa; old first ā has shortened. Kalkoti pänär and Sauji parãṛó represent additional vowel and ending histories. The old alternate pāṇḍurá must remain visible.
8047	pā́ṇḍara	Phal	Phal	liljegren	paṇáaru	white	palula-mora	2	E@-2	penultimate		f_dm4orq5vixtfi	Palula paṇáaru has early accent on the final root syllable before u, while the old principal adjective is initially accented. Old later a was short, so extension-driven root-final accent plus open-syllable lengthening predicts the modern locus and new aa; old first ā has shortened. Kalkoti pänär and Sauji parãṛó represent additional vowel and ending histories. The old alternate pāṇḍurá must remain visible.
8047	pā́ṇḍara	Phal	Phal	strand	paṇʹâru	white	strand-phonatory-accent	2	E@-2	penultimate		f_bnipvery72umm	Palula paṇáaru has early accent on the final root syllable before u, while the old principal adjective is initially accented. Old later a was short, so extension-driven root-final accent plus open-syllable lengthening predicts the modern locus and new aa; old first ā has shortened. Kalkoti pänär and Sauji parãṛó represent additional vowel and ending histories. The old alternate pāṇḍurá must remain visible.
8156	picchilá	Sh	Sh	CDIAL	phĭčīlŭ	smooth	historical-dictionary		unmarked	unscorable	no-single-location-mark	f_yell5sbx7ovwy	Gilgit phičílo has short accent on the final root syllable before o, matching the extended-adjective locus pattern. Slippery/smooth to pretty is a plausible semantic development. The older phičīlu differs in quantity, so a long-root inference needs source checking; the modern short accent itself is clear.
8156	picchilá	Sh	gil	degener-shina2008	phičílo	beautiful, pretty	gilgit-mora	2	S@-2	penultimate		f_srd7xbbp4h3qo	Gilgit phičílo has short accent on the final root syllable before o, matching the extended-adjective locus pattern. Slippery/smooth to pretty is a plausible semantic development. The older phičīlu differs in quantity, so a long-root inference needs source checking; the modern short accent itself is clear.
8283	purāṇá	Phal	Phal	CDIAL	purṓṇo	old, ancient	historical-dictionary	2	syllable-marked@-2	penultimate		f_mm7s6hfjp47yq	Palula puróoṇu/Biori purúuṇu and Gilgit puróono have early accent on the final root syllable before the gender ending, against old final accent. The old long ā and its raised/rounded reflexes independently support a root-accented stage before the vowel changes. This is a clear multisyllabic extended-adjective comparison, unlike ordinary long-root apocope.
8283	purāṇá	Sh	gil	CDIAL	pŭrōnṷ	old, ancient	historical-dictionary		unmarked	unscorable	no-single-location-mark	f_i4qslec4kelnc	Palula puróoṇu/Biori purúuṇu and Gilgit puróono have early accent on the final root syllable before the gender ending, against old final accent. The old long ā and its raised/rounded reflexes independently support a root-accented stage before the vowel changes. This is a clear multisyllabic extended-adjective comparison, unlike ordinary long-root apocope.
8283	purāṇá	Sh	gur	CDIAL	prōṇṷ	old, ancient	historical-dictionary		unmarked	unscorable	no-single-location-mark	f_bpxlac3th646o	Palula puróoṇu/Biori purúuṇu and Gilgit puróono have early accent on the final root syllable before the gender ending, against old final accent. The old long ā and its raised/rounded reflexes independently support a root-accented stage before the vowel changes. This is a clear multisyllabic extended-adjective comparison, unlike ordinary long-root apocope.
8283	purāṇá	Sh	koh	CDIAL	pōṇṷ	old, ancient	historical-dictionary		unmarked	unscorable	no-single-location-mark	f_gkophntaz32em	Palula puróoṇu/Biori purúuṇu and Gilgit puróono have early accent on the final root syllable before the gender ending, against old final accent. The old long ā and its raised/rounded reflexes independently support a root-accented stage before the vowel changes. This is a clear multisyllabic extended-adjective comparison, unlike ordinary long-root apocope.
8283	purāṇá	Phal	Phal	liljegren	puróoṇu	old	palula-mora	2	E@-2	penultimate		f_ff4rkot57t4uy	Palula puróoṇu/Biori purúuṇu and Gilgit puróono have early accent on the final root syllable before the gender ending, against old final accent. The old long ā and its raised/rounded reflexes independently support a root-accented stage before the vowel changes. This is a clear multisyllabic extended-adjective comparison, unlike ordinary long-root apocope.
8283	purāṇá	Phal	biori	liljegren	purúuṇu	old	palula-mora	2	E@-2	penultimate		f_2qalct2ama34g	Palula puróoṇu/Biori purúuṇu and Gilgit puróono have early accent on the final root syllable before the gender ending, against old final accent. The old long ā and its raised/rounded reflexes independently support a root-accented stage before the vowel changes. This is a clear multisyllabic extended-adjective comparison, unlike ordinary long-root apocope.
8283	purāṇá	Sh	Gupis	backstrom1992	ˈpòoṇo	old	survey-phonetic	2	F@-2	penultimate		f_r3nxykyvietn6	Palula puróoṇu/Biori purúuṇu and Gilgit puróono have early accent on the final root syllable before the gender ending, against old final accent. The old long ā and its raised/rounded reflexes independently support a root-accented stage before the vowel changes. This is a clear multisyllabic extended-adjective comparison, unlike ordinary long-root apocope.
8283	purāṇá	Sh	punl	backstrom1992	ˈpòoṇo	old	survey-phonetic	2	F@-2	penultimate		f_7ehuydcdfsq4g	Palula puróoṇu/Biori purúuṇu and Gilgit puróono have early accent on the final root syllable before the gender ending, against old final accent. The old long ā and its raised/rounded reflexes independently support a root-accented stage before the vowel changes. This is a clear multisyllabic extended-adjective comparison, unlike ordinary long-root apocope.
8283	purāṇá	Sh	HunzaNasirabad	backstrom1992	ˈprono̱	old	survey-phonetic	2	stress-marked@-2	penultimate		f_auyr3gdbpnc2a	Palula puróoṇu/Biori purúuṇu and Gilgit puróono have early accent on the final root syllable before the gender ending, against old final accent. The old long ā and its raised/rounded reflexes independently support a root-accented stage before the vowel changes. This is a clear multisyllabic extended-adjective comparison, unlike ordinary long-root apocope.
8283	purāṇá	Sh	NagarThol	backstrom1992	ˈpròono	old	survey-phonetic	2	F@-2	penultimate		f_n3xs3uw7i3av4	Palula puróoṇu/Biori purúuṇu and Gilgit puróono have early accent on the final root syllable before the gender ending, against old final accent. The old long ā and its raised/rounded reflexes independently support a root-accented stage before the vowel changes. This is a clear multisyllabic extended-adjective comparison, unlike ordinary long-root apocope.
8283	purāṇá	Sh	NagarChalt	backstrom1992	ˈprono̱	old	survey-phonetic	2	stress-marked@-2	penultimate		f_f3fjrlyk3kluk	Palula puróoṇu/Biori purúuṇu and Gilgit puróono have early accent on the final root syllable before the gender ending, against old final accent. The old long ā and its raised/rounded reflexes independently support a root-accented stage before the vowel changes. This is a clear multisyllabic extended-adjective comparison, unlike ordinary long-root apocope.
8283	purāṇá	Sh	gil	backstrom1992	ˈpròono̱	old	survey-phonetic	2	F@-2	penultimate		f_7rg3p64gvvowe	Palula puróoṇu/Biori purúuṇu and Gilgit puróono have early accent on the final root syllable before the gender ending, against old final accent. The old long ā and its raised/rounded reflexes independently support a root-accented stage before the vowel changes. This is a clear multisyllabic extended-adjective comparison, unlike ordinary long-root apocope.
8283	purāṇá	Sh	Haramosh	backstrom1992	ˈprono̱	old	survey-phonetic	2	stress-marked@-2	penultimate		f_xysjvicaq4yw2	Palula puróoṇu/Biori purúuṇu and Gilgit puróono have early accent on the final root syllable before the gender ending, against old final accent. The old long ā and its raised/rounded reflexes independently support a root-accented stage before the vowel changes. This is a clear multisyllabic extended-adjective comparison, unlike ordinary long-root apocope.
8283	purāṇá	Sh	Bagrot	backstrom1992	ˈprono̱	old	survey-phonetic	2	stress-marked@-2	penultimate		f_qz47gtzgbfp7q	Palula puróoṇu/Biori purúuṇu and Gilgit puróono have early accent on the final root syllable before the gender ending, against old final accent. The old long ā and its raised/rounded reflexes independently support a root-accented stage before the vowel changes. This is a clear multisyllabic extended-adjective comparison, unlike ordinary long-root apocope.
8283	purāṇá	Sh	Bunji	backstrom1992	ˈpoṇo	old	survey-phonetic	2	stress-marked@-2	penultimate		f_tmsac7mtr72aw	Palula puróoṇu/Biori purúuṇu and Gilgit puróono have early accent on the final root syllable before the gender ending, against old final accent. The old long ā and its raised/rounded reflexes independently support a root-accented stage before the vowel changes. This is a clear multisyllabic extended-adjective comparison, unlike ordinary long-root apocope.
8283	purāṇá	Sh	Rondu	backstrom1992	ˈprooṇo̱	old	survey-phonetic	2	stress-marked@-2	penultimate		f_bnkdtatu6eglk	Palula puróoṇu/Biori purúuṇu and Gilgit puróono have early accent on the final root syllable before the gender ending, against old final accent. The old long ā and its raised/rounded reflexes independently support a root-accented stage before the vowel changes. This is a clear multisyllabic extended-adjective comparison, unlike ordinary long-root apocope.
8283	purāṇá	Sh	Gahorabad	backstrom1992	ˈproṇo̱	old	survey-phonetic	2	stress-marked@-2	penultimate		f_jtwarkbucbglo	Palula puróoṇu/Biori purúuṇu and Gilgit puróono have early accent on the final root syllable before the gender ending, against old final accent. The old long ā and its raised/rounded reflexes independently support a root-accented stage before the vowel changes. This is a clear multisyllabic extended-adjective comparison, unlike ordinary long-root apocope.
8283	purāṇá	Sh	Gahorabad	backstrom1992	poṇo̱	old	survey-phonetic		unmarked	unscorable	no-single-location-mark	f_xlctlq4vh4fde	Palula puróoṇu/Biori purúuṇu and Gilgit puróono have early accent on the final root syllable before the gender ending, against old final accent. The old long ā and its raised/rounded reflexes independently support a root-accented stage before the vowel changes. This is a clear multisyllabic extended-adjective comparison, unlike ordinary long-root apocope.
8283	purāṇá	Sh	DashkinAstor	backstrom1992	ˈprono̱	old	survey-phonetic	2	stress-marked@-2	penultimate		f_y6sq4jiyjmdo6	Palula puróoṇu/Biori purúuṇu and Gilgit puróono have early accent on the final root syllable before the gender ending, against old final accent. The old long ā and its raised/rounded reflexes independently support a root-accented stage before the vowel changes. This is a clear multisyllabic extended-adjective comparison, unlike ordinary long-root apocope.
8283	purāṇá	Sh	Astor	backstrom1992	ˈprono	old	survey-phonetic	2	stress-marked@-2	penultimate		f_2dqv4u7zurt7y	Palula puróoṇu/Biori purúuṇu and Gilgit puróono have early accent on the final root syllable before the gender ending, against old final accent. The old long ā and its raised/rounded reflexes independently support a root-accented stage before the vowel changes. This is a clear multisyllabic extended-adjective comparison, unlike ordinary long-root apocope.
8283	purāṇá	Sh	KachuraJel	backstrom1992	ˈprooṇo̱	old	survey-phonetic	2	stress-marked@-2	penultimate		f_wtuzpj7c4pqbg	Palula puróoṇu/Biori purúuṇu and Gilgit puróono have early accent on the final root syllable before the gender ending, against old final accent. The old long ā and its raised/rounded reflexes independently support a root-accented stage before the vowel changes. This is a clear multisyllabic extended-adjective comparison, unlike ordinary long-root apocope.
8283	purāṇá	Sh	Satpara	backstrom1992	ˈpròoṇo̱	old	survey-phonetic	2	F@-2	penultimate		f_hskkfozlaji6g	Palula puróoṇu/Biori purúuṇu and Gilgit puróono have early accent on the final root syllable before the gender ending, against old final accent. The old long ā and its raised/rounded reflexes independently support a root-accented stage before the vowel changes. This is a clear multisyllabic extended-adjective comparison, unlike ordinary long-root apocope.
8283	purāṇá	Sh	Gultari	backstrom1992	ˈproṇo	old	survey-phonetic	2	stress-marked@-2	penultimate		f_pohldak4p2b2g	Palula puróoṇu/Biori purúuṇu and Gilgit puróono have early accent on the final root syllable before the gender ending, against old final accent. The old long ā and its raised/rounded reflexes independently support a root-accented stage before the vowel changes. This is a clear multisyllabic extended-adjective comparison, unlike ordinary long-root apocope.
8283	purāṇá	Sh	Kharmang	backstrom1992	ˈprono	old	survey-phonetic	2	stress-marked@-2	penultimate		f_uuidrqd6qbtj2	Palula puróoṇu/Biori purúuṇu and Gilgit puróono have early accent on the final root syllable before the gender ending, against old final accent. The old long ā and its raised/rounded reflexes independently support a root-accented stage before the vowel changes. This is a clear multisyllabic extended-adjective comparison, unlike ordinary long-root apocope.
8283	purāṇá	Sh	ChilasKhinar	backstrom1992	ˈproṇo̱	old	survey-phonetic	2	stress-marked@-2	penultimate		f_dbgdkjupizdy2	Palula puróoṇu/Biori purúuṇu and Gilgit puróono have early accent on the final root syllable before the gender ending, against old final accent. The old long ā and its raised/rounded reflexes independently support a root-accented stage before the vowel changes. This is a clear multisyllabic extended-adjective comparison, unlike ordinary long-root apocope.
8283	purāṇá	Sh	ChilasKhinar	backstrom1992	ˈpoṇo̱	old	survey-phonetic	2	stress-marked@-2	penultimate		f_tyj3aem3vmrfu	Palula puróoṇu/Biori purúuṇu and Gilgit puróono have early accent on the final root syllable before the gender ending, against old final accent. The old long ā and its raised/rounded reflexes independently support a root-accented stage before the vowel changes. This is a clear multisyllabic extended-adjective comparison, unlike ordinary long-root apocope.
8283	purāṇá	Sh	ChilasJelil	backstrom1992	ˈpoṇo̱	old	survey-phonetic	2	stress-marked@-2	penultimate		f_jwobmcqnosdfw	Palula puróoṇu/Biori purúuṇu and Gilgit puróono have early accent on the final root syllable before the gender ending, against old final accent. The old long ā and its raised/rounded reflexes independently support a root-accented stage before the vowel changes. This is a clear multisyllabic extended-adjective comparison, unlike ordinary long-root apocope.
8283	purāṇá	Sh	Darel	backstrom1992	ˈpõṇo	old	survey-phonetic	2	stress-marked@-2	penultimate		f_pstav7phppaym	Palula puróoṇu/Biori purúuṇu and Gilgit puróono have early accent on the final root syllable before the gender ending, against old final accent. The old long ā and its raised/rounded reflexes independently support a root-accented stage before the vowel changes. This is a clear multisyllabic extended-adjective comparison, unlike ordinary long-root apocope.
8283	purāṇá	Sh	Tangir	backstrom1992	ˈpoṇo̱	old	survey-phonetic	2	stress-marked@-2	penultimate		f_2p6ltlnzmvbs2	Palula puróoṇu/Biori purúuṇu and Gilgit puróono have early accent on the final root syllable before the gender ending, against old final accent. The old long ā and its raised/rounded reflexes independently support a root-accented stage before the vowel changes. This is a clear multisyllabic extended-adjective comparison, unlike ordinary long-root apocope.
8283	purāṇá	Sh	Sazin	backstrom1992	ˈpoṇo	old	survey-phonetic	2	stress-marked@-2	penultimate		f_funomn4huvbce	Palula puróoṇu/Biori purúuṇu and Gilgit puróono have early accent on the final root syllable before the gender ending, against old final accent. The old long ā and its raised/rounded reflexes independently support a root-accented stage before the vowel changes. This is a clear multisyllabic extended-adjective comparison, unlike ordinary long-root apocope.
8283	purāṇá	Sh	Harban	backstrom1992	ˈpoṇo̱	old	survey-phonetic	2	stress-marked@-2	penultimate		f_5vr3cotazm5sm	Palula puróoṇu/Biori purúuṇu and Gilgit puróono have early accent on the final root syllable before the gender ending, against old final accent. The old long ā and its raised/rounded reflexes independently support a root-accented stage before the vowel changes. This is a clear multisyllabic extended-adjective comparison, unlike ordinary long-root apocope.
8283	purāṇá	Sh	Jalkot	backstrom1992	ˈpoṇo̱	old	survey-phonetic	2	stress-marked@-2	penultimate		f_hgrzutflcehy4	Palula puróoṇu/Biori purúuṇu and Gilgit puróono have early accent on the final root syllable before the gender ending, against old final accent. The old long ā and its raised/rounded reflexes independently support a root-accented stage before the vowel changes. This is a clear multisyllabic extended-adjective comparison, unlike ordinary long-root apocope.
8283	purāṇá	Sh	Jalkot	backstrom1992	ˈpòoṇo̱	old	survey-phonetic	2	F@-2	penultimate		f_yghr5tmv7fsqc	Palula puróoṇu/Biori purúuṇu and Gilgit puróono have early accent on the final root syllable before the gender ending, against old final accent. The old long ā and its raised/rounded reflexes independently support a root-accented stage before the vowel changes. This is a clear multisyllabic extended-adjective comparison, unlike ordinary long-root apocope.
8283	purāṇá	Sh	pales	backstrom1992	ˈpoṇo̱	old	survey-phonetic	2	stress-marked@-2	penultimate		f_fdmsw22gxyadu	Palula puróoṇu/Biori purúuṇu and Gilgit puróono have early accent on the final root syllable before the gender ending, against old final accent. The old long ā and its raised/rounded reflexes independently support a root-accented stage before the vowel changes. This is a clear multisyllabic extended-adjective comparison, unlike ordinary long-root apocope.
8283	purāṇá	Sh	Kolai	backstrom1992	ˈpoṇo̱	old	survey-phonetic	2	stress-marked@-2	penultimate		f_vgjnusseul3po	Palula puróoṇu/Biori purúuṇu and Gilgit puróono have early accent on the final root syllable before the gender ending, against old final accent. The old long ā and its raised/rounded reflexes independently support a root-accented stage before the vowel changes. This is a clear multisyllabic extended-adjective comparison, unlike ordinary long-root apocope.
8283	purāṇá	Sh	Kolai	backstrom1992	ˈpòoṇo̱	old	survey-phonetic	2	F@-2	penultimate		f_z45yi6qlqnbea	Palula puróoṇu/Biori purúuṇu and Gilgit puróono have early accent on the final root syllable before the gender ending, against old final accent. The old long ā and its raised/rounded reflexes independently support a root-accented stage before the vowel changes. This is a clear multisyllabic extended-adjective comparison, unlike ordinary long-root apocope.
8283	purāṇá	Sh	gil	degener-shina2008	puróono	old	gilgit-mora	2	E@-2	penultimate		f_7xc5vdqk2ywvo	Palula puróoṇu/Biori purúuṇu and Gilgit puróono have early accent on the final root syllable before the gender ending, against old final accent. The old long ā and its raised/rounded reflexes independently support a root-accented stage before the vowel changes. This is a clear multisyllabic extended-adjective comparison, unlike ordinary long-root apocope.
8330	pūra	Sh	Sh	CDIAL	pūrṷ	complete, correct, all	historical-dictionary		unmarked	unscorable	no-single-location-mark	f_zryjr3d63wzc2	Gilgit púuro ‘whole’ has early long root prominence before o. The old filling/flood noun and its ka derivative offer a morphological route to the adjective, distinct from automatically identifying the word with pūrṇa. Since the input citation lacks accent, this supports the extended adjective outcome but not a claim about inherited barytonesis.
8330	pūra	Sh	Gupis	backstrom1992	ˈpurɑ	whole	survey-phonetic	2	stress-marked@-2	penultimate		f_jee2k6rzs7ewm	Gilgit púuro ‘whole’ has early long root prominence before o. The old filling/flood noun and its ka derivative offer a morphological route to the adjective, distinct from automatically identifying the word with pūrṇa. Since the input citation lacks accent, this supports the extended adjective outcome but not a claim about inherited barytonesis.
8330	pūra	Sh	punl	backstrom1992	ˈpùuro	whole	survey-phonetic	2	F@-2	penultimate		f_ehbpylq4xlrvc	Gilgit púuro ‘whole’ has early long root prominence before o. The old filling/flood noun and its ka derivative offer a morphological route to the adjective, distinct from automatically identifying the word with pūrṇa. Since the input citation lacks accent, this supports the extended adjective outcome but not a claim about inherited barytonesis.
8330	pūra	Sh	NagarThol	backstrom1992	ˈpùuro	whole	survey-phonetic	2	F@-2	penultimate		f_ej254eqf66fqe	Gilgit púuro ‘whole’ has early long root prominence before o. The old filling/flood noun and its ka derivative offer a morphological route to the adjective, distinct from automatically identifying the word with pūrṇa. Since the input citation lacks accent, this supports the extended adjective outcome but not a claim about inherited barytonesis.
8330	pūra	Sh	gil	backstrom1992	ˈpuro	whole	survey-phonetic	2	stress-marked@-2	penultimate		f_6rwa7cz4mg3tk	Gilgit púuro ‘whole’ has early long root prominence before o. The old filling/flood noun and its ka derivative offer a morphological route to the adjective, distinct from automatically identifying the word with pūrṇa. Since the input citation lacks accent, this supports the extended adjective outcome but not a claim about inherited barytonesis.
8330	pūra	Sh	Haramosh	backstrom1992	ˈpuuro	whole	survey-phonetic	2	stress-marked@-2	penultimate		f_4jhmpozviush2	Gilgit púuro ‘whole’ has early long root prominence before o. The old filling/flood noun and its ka derivative offer a morphological route to the adjective, distinct from automatically identifying the word with pūrṇa. Since the input citation lacks accent, this supports the extended adjective outcome but not a claim about inherited barytonesis.
8330	pūra	Sh	Bunji	backstrom1992	ˈpùuro	whole	survey-phonetic	2	F@-2	penultimate		f_tmewxr2mxen6k	Gilgit púuro ‘whole’ has early long root prominence before o. The old filling/flood noun and its ka derivative offer a morphological route to the adjective, distinct from automatically identifying the word with pūrṇa. Since the input citation lacks accent, this supports the extended adjective outcome but not a claim about inherited barytonesis.
8330	pūra	Sh	Rondu	backstrom1992	ˈpuro	whole	survey-phonetic	2	stress-marked@-2	penultimate		f_h4utgigsy4g4w	Gilgit púuro ‘whole’ has early long root prominence before o. The old filling/flood noun and its ka derivative offer a morphological route to the adjective, distinct from automatically identifying the word with pūrṇa. Since the input citation lacks accent, this supports the extended adjective outcome but not a claim about inherited barytonesis.
8330	pūra	Sh	Gahorabad	backstrom1992	puuro	whole	survey-phonetic		unmarked	unscorable	no-single-location-mark	f_jbc7q4suftyhc	Gilgit púuro ‘whole’ has early long root prominence before o. The old filling/flood noun and its ka derivative offer a morphological route to the adjective, distinct from automatically identifying the word with pūrṇa. Since the input citation lacks accent, this supports the extended adjective outcome but not a claim about inherited barytonesis.
8330	pūra	Sh	DashkinAstor	backstrom1992	ˈpuuro̱	whole	survey-phonetic	2	stress-marked@-2	penultimate		f_zileosoqp3rfg	Gilgit púuro ‘whole’ has early long root prominence before o. The old filling/flood noun and its ka derivative offer a morphological route to the adjective, distinct from automatically identifying the word with pūrṇa. Since the input citation lacks accent, this supports the extended adjective outcome but not a claim about inherited barytonesis.
8330	pūra	Sh	Astor	backstrom1992	ˈpuuro̱	whole	survey-phonetic	2	stress-marked@-2	penultimate		f_yvs5wwuqqd4ls	Gilgit púuro ‘whole’ has early long root prominence before o. The old filling/flood noun and its ka derivative offer a morphological route to the adjective, distinct from automatically identifying the word with pūrṇa. Since the input citation lacks accent, this supports the extended adjective outcome but not a claim about inherited barytonesis.
8330	pūra	Sh	KachuraJel	backstrom1992	ˈpùuro̱	whole	survey-phonetic	2	F@-2	penultimate		f_azjcvcbtepgd6	Gilgit púuro ‘whole’ has early long root prominence before o. The old filling/flood noun and its ka derivative offer a morphological route to the adjective, distinct from automatically identifying the word with pūrṇa. Since the input citation lacks accent, this supports the extended adjective outcome but not a claim about inherited barytonesis.
8330	pūra	Sh	Gultari	backstrom1992	ˈpuuṇo	whole	survey-phonetic	2	stress-marked@-2	penultimate		f_ukqwvh5p5pqau	Gilgit púuro ‘whole’ has early long root prominence before o. The old filling/flood noun and its ka derivative offer a morphological route to the adjective, distinct from automatically identifying the word with pūrṇa. Since the input citation lacks accent, this supports the extended adjective outcome but not a claim about inherited barytonesis.
8330	pūra	Sh	ChilasKhinar	backstrom1992	ˈpuuro	whole	survey-phonetic	2	stress-marked@-2	penultimate		f_jgt7r7i2xhw6q	Gilgit púuro ‘whole’ has early long root prominence before o. The old filling/flood noun and its ka derivative offer a morphological route to the adjective, distinct from automatically identifying the word with pūrṇa. Since the input citation lacks accent, this supports the extended adjective outcome but not a claim about inherited barytonesis.
8330	pūra	Sh	ChilasJelil	backstrom1992	ˈpuuro	whole	survey-phonetic	2	stress-marked@-2	penultimate		f_ihn2s4iqzmjre	Gilgit púuro ‘whole’ has early long root prominence before o. The old filling/flood noun and its ka derivative offer a morphological route to the adjective, distinct from automatically identifying the word with pūrṇa. Since the input citation lacks accent, this supports the extended adjective outcome but not a claim about inherited barytonesis.
8330	pūra	Sh	Darel	backstrom1992	ˈpʰuro	whole	survey-phonetic	2	stress-marked@-2	penultimate		f_nzm27opgj44ng	Gilgit púuro ‘whole’ has early long root prominence before o. The old filling/flood noun and its ka derivative offer a morphological route to the adjective, distinct from automatically identifying the word with pūrṇa. Since the input citation lacks accent, this supports the extended adjective outcome but not a claim about inherited barytonesis.
8330	pūra	Sh	Kolai	backstrom1992	puuro	whole	survey-phonetic		unmarked	unscorable	no-single-location-mark	f_v4x4vpss3cmfi	Gilgit púuro ‘whole’ has early long root prominence before o. The old filling/flood noun and its ka derivative offer a morphological route to the adjective, distinct from automatically identifying the word with pūrṇa. Since the input citation lacks accent, this supports the extended adjective outcome but not a claim about inherited barytonesis.
8330	pūra	Sh	gil	degener-shina2008	púuro	whole, all; fulfilled	gilgit-mora	2	E@-2	penultimate		f_klhmiporttwf6	Gilgit púuro ‘whole’ has early long root prominence before o. The old filling/flood noun and its ka derivative offer a morphological route to the adjective, distinct from automatically identifying the word with pūrṇa. Since the input citation lacks accent, this supports the extended adjective outcome but not a claim about inherited barytonesis.
9268	*buṭṭa	Sv	Sv	CDIAL	buṛo	deaf	historical-dictionary		unmarked	unscorable	no-single-location-mark	f_t6bltyz5ygaoo	Palula bhúuru ‘deaf’ has early long root prominence before u, but buuḍóolu ‘spider’ accents a later extended root syllable; Gilgit taṛabúulo has still more material. These are distinct formations within a loose expressive family. The deaf lexeme is also linked under 9530 and 9633 and must not count three times.
9268	*buṭṭa	Phal	Phal	CDIAL	bhūru	deaf	historical-dictionary		unmarked	unscorable	no-single-location-mark	f_7oso3verougm2	Palula bhúuru ‘deaf’ has early long root prominence before u, but buuḍóolu ‘spider’ accents a later extended root syllable; Gilgit taṛabúulo has still more material. These are distinct formations within a loose expressive family. The deaf lexeme is also linked under 9530 and 9633 and must not count three times.
9268	*buṭṭa	Phal	Phal	liljegren	bhúuru	deaf	palula-mora	2	E@-2	penultimate		f_6pxjcbhqnr7m4	Palula bhúuru ‘deaf’ has early long root prominence before u, but buuḍóolu ‘spider’ accents a later extended root syllable; Gilgit taṛabúulo has still more material. These are distinct formations within a loose expressive family. The deaf lexeme is also linked under 9530 and 9633 and must not count three times.
9568	bhū́yiṣṭha	Sh	gil	CDIAL	bŭṭṷ	all, whole, entire	historical-dictionary		unmarked	unscorable	no-single-location-mark	f_xrsypnkpq334u	Gilgit/Kohistani/Guresi búṭo/búṭa/búṭɨ have a short initially accented root after contraction and shortening. Strand buṭhʹe ‘all’ instead marks the final vowel; it may represent a different quantifier or inflectional cell. The old first-syllable prominence is compatible with Shina, but the major syllable loss and lexicalization prevent a simple long-vowel correspondence claim.
9568	bhū́yiṣṭha	Phal	Phal	strand	buṭhʹe	all	strand-phonatory-accent	1	S@-1	other-position		f_umtjvxfelkcqu	Gilgit/Kohistani/Guresi búṭo/búṭa/búṭɨ have a short initially accented root after contraction and shortening. Strand buṭhʹe ‘all’ instead marks the final vowel; it may represent a different quantifier or inflectional cell. The old first-syllable prominence is compatible with Shina, but the major syllable loss and lexicalization prevent a simple long-vowel correspondence claim.
9568	bhū́yiṣṭha	Sh	Gupis	backstrom1992	ˈbuṭɛ̱	all	survey-phonetic	2	stress-marked@-2	penultimate		f_ae6jztz5uka3a	Gilgit/Kohistani/Guresi búṭo/búṭa/búṭɨ have a short initially accented root after contraction and shortening. Strand buṭhʹe ‘all’ instead marks the final vowel; it may represent a different quantifier or inflectional cell. The old first-syllable prominence is compatible with Shina, but the major syllable loss and lexicalization prevent a simple long-vowel correspondence claim.
9568	bhū́yiṣṭha	Sh	punl	backstrom1992	ˈbuṭɛ̱	all	survey-phonetic	2	stress-marked@-2	penultimate		f_zecjkk5ggptxq	Gilgit/Kohistani/Guresi búṭo/búṭa/búṭɨ have a short initially accented root after contraction and shortening. Strand buṭhʹe ‘all’ instead marks the final vowel; it may represent a different quantifier or inflectional cell. The old first-syllable prominence is compatible with Shina, but the major syllable loss and lexicalization prevent a simple long-vowel correspondence claim.
9568	bhū́yiṣṭha	Sh	HunzaNasirabad	backstrom1992	ˈbuṭe̱	all	survey-phonetic	2	stress-marked@-2	penultimate		f_skmappppipiro	Gilgit/Kohistani/Guresi búṭo/búṭa/búṭɨ have a short initially accented root after contraction and shortening. Strand buṭhʹe ‘all’ instead marks the final vowel; it may represent a different quantifier or inflectional cell. The old first-syllable prominence is compatible with Shina, but the major syllable loss and lexicalization prevent a simple long-vowel correspondence claim.
9568	bhū́yiṣṭha	Sh	NagarChalt	backstrom1992	ˈbuṭɛ̱	all	survey-phonetic	2	stress-marked@-2	penultimate		f_wugo4jit6byhc	Gilgit/Kohistani/Guresi búṭo/búṭa/búṭɨ have a short initially accented root after contraction and shortening. Strand buṭhʹe ‘all’ instead marks the final vowel; it may represent a different quantifier or inflectional cell. The old first-syllable prominence is compatible with Shina, but the major syllable loss and lexicalization prevent a simple long-vowel correspondence claim.
9568	bhū́yiṣṭha	Sh	gil	backstrom1992	ˈbuṭe̱	all	survey-phonetic	2	stress-marked@-2	penultimate		f_j3b66izh2khxg	Gilgit/Kohistani/Guresi búṭo/búṭa/búṭɨ have a short initially accented root after contraction and shortening. Strand buṭhʹe ‘all’ instead marks the final vowel; it may represent a different quantifier or inflectional cell. The old first-syllable prominence is compatible with Shina, but the major syllable loss and lexicalization prevent a simple long-vowel correspondence claim.
9568	bhū́yiṣṭha	Sh	Haramosh	backstrom1992	buˈṭe	all	survey-phonetic	1	stress-marked@-1	other-position		f_h7wkim2nmpuka	Gilgit/Kohistani/Guresi búṭo/búṭa/búṭɨ have a short initially accented root after contraction and shortening. Strand buṭhʹe ‘all’ instead marks the final vowel; it may represent a different quantifier or inflectional cell. The old first-syllable prominence is compatible with Shina, but the major syllable loss and lexicalization prevent a simple long-vowel correspondence claim.
9568	bhū́yiṣṭha	Sh	Bagrot	backstrom1992	ˈbuṭe̱	all	survey-phonetic	2	stress-marked@-2	penultimate		f_p4ncbizk2y4jw	Gilgit/Kohistani/Guresi búṭo/búṭa/búṭɨ have a short initially accented root after contraction and shortening. Strand buṭhʹe ‘all’ instead marks the final vowel; it may represent a different quantifier or inflectional cell. The old first-syllable prominence is compatible with Shina, but the major syllable loss and lexicalization prevent a simple long-vowel correspondence claim.
9568	bhū́yiṣṭha	Sh	Bunji	backstrom1992	ˈbu̱ṭe̱	all	survey-phonetic	2	stress-marked@-2	penultimate		f_iqoz4oxzaedre	Gilgit/Kohistani/Guresi búṭo/búṭa/búṭɨ have a short initially accented root after contraction and shortening. Strand buṭhʹe ‘all’ instead marks the final vowel; it may represent a different quantifier or inflectional cell. The old first-syllable prominence is compatible with Shina, but the major syllable loss and lexicalization prevent a simple long-vowel correspondence claim.
9568	bhū́yiṣṭha	Sh	Rondu	backstrom1992	ˈbuṭe	all	survey-phonetic	2	stress-marked@-2	penultimate		f_z6o6mx5wvqkdw	Gilgit/Kohistani/Guresi búṭo/búṭa/búṭɨ have a short initially accented root after contraction and shortening. Strand buṭhʹe ‘all’ instead marks the final vowel; it may represent a different quantifier or inflectional cell. The old first-syllable prominence is compatible with Shina, but the major syllable loss and lexicalization prevent a simple long-vowel correspondence claim.
9568	bhū́yiṣṭha	Sh	Gahorabad	backstrom1992	buṭɛ	all	survey-phonetic		unmarked	unscorable	no-single-location-mark	f_26zilgid7miqu	Gilgit/Kohistani/Guresi búṭo/búṭa/búṭɨ have a short initially accented root after contraction and shortening. Strand buṭhʹe ‘all’ instead marks the final vowel; it may represent a different quantifier or inflectional cell. The old first-syllable prominence is compatible with Shina, but the major syllable loss and lexicalization prevent a simple long-vowel correspondence claim.
9568	bhū́yiṣṭha	Sh	DashkinAstor	backstrom1992	ˈbuṭɛ̱	all	survey-phonetic	2	stress-marked@-2	penultimate		f_dzz5hl4mzwjze	Gilgit/Kohistani/Guresi búṭo/búṭa/búṭɨ have a short initially accented root after contraction and shortening. Strand buṭhʹe ‘all’ instead marks the final vowel; it may represent a different quantifier or inflectional cell. The old first-syllable prominence is compatible with Shina, but the major syllable loss and lexicalization prevent a simple long-vowel correspondence claim.
9568	bhū́yiṣṭha	Sh	Astor	backstrom1992	ˈbuṭɛ̱	all	survey-phonetic	2	stress-marked@-2	penultimate		f_3xvah6soa2vw6	Gilgit/Kohistani/Guresi búṭo/búṭa/búṭɨ have a short initially accented root after contraction and shortening. Strand buṭhʹe ‘all’ instead marks the final vowel; it may represent a different quantifier or inflectional cell. The old first-syllable prominence is compatible with Shina, but the major syllable loss and lexicalization prevent a simple long-vowel correspondence claim.
9568	bhū́yiṣṭha	Sh	KachuraJel	backstrom1992	ˈbuṭɛ	all	survey-phonetic	2	stress-marked@-2	penultimate		f_g6kw7aks4voum	Gilgit/Kohistani/Guresi búṭo/búṭa/búṭɨ have a short initially accented root after contraction and shortening. Strand buṭhʹe ‘all’ instead marks the final vowel; it may represent a different quantifier or inflectional cell. The old first-syllable prominence is compatible with Shina, but the major syllable loss and lexicalization prevent a simple long-vowel correspondence claim.
9568	bhū́yiṣṭha	Sh	Satpara	backstrom1992	buṛo̱	all	survey-phonetic		unmarked	unscorable	no-single-location-mark	f_7l7y6sptizesa	Gilgit/Kohistani/Guresi búṭo/búṭa/búṭɨ have a short initially accented root after contraction and shortening. Strand buṭhʹe ‘all’ instead marks the final vowel; it may represent a different quantifier or inflectional cell. The old first-syllable prominence is compatible with Shina, but the major syllable loss and lexicalization prevent a simple long-vowel correspondence claim.
9568	bhū́yiṣṭha	Sh	Gultari	backstrom1992	ˈbuḍe	all	survey-phonetic	2	stress-marked@-2	penultimate		f_2zdsvvldpkh7k	Gilgit/Kohistani/Guresi búṭo/búṭa/búṭɨ have a short initially accented root after contraction and shortening. Strand buṭhʹe ‘all’ instead marks the final vowel; it may represent a different quantifier or inflectional cell. The old first-syllable prominence is compatible with Shina, but the major syllable loss and lexicalization prevent a simple long-vowel correspondence claim.
9568	bhū́yiṣṭha	Sh	Kharmang	backstrom1992	ˈbuṛe	all	survey-phonetic	2	stress-marked@-2	penultimate		f_fl4fh54gnhft4	Gilgit/Kohistani/Guresi búṭo/búṭa/búṭɨ have a short initially accented root after contraction and shortening. Strand buṭhʹe ‘all’ instead marks the final vowel; it may represent a different quantifier or inflectional cell. The old first-syllable prominence is compatible with Shina, but the major syllable loss and lexicalization prevent a simple long-vowel correspondence claim.
9568	bhū́yiṣṭha	Sh	dr	backstrom1992	buḍe	all	survey-phonetic		unmarked	unscorable	no-single-location-mark	f_i5ow5cb3br65w	Gilgit/Kohistani/Guresi búṭo/búṭa/búṭɨ have a short initially accented root after contraction and shortening. Strand buṭhʹe ‘all’ instead marks the final vowel; it may represent a different quantifier or inflectional cell. The old first-syllable prominence is compatible with Shina, but the major syllable loss and lexicalization prevent a simple long-vowel correspondence claim.
9568	bhū́yiṣṭha	Sh	ChilasKhinar	backstrom1992	ˈbuṭo̱	all	survey-phonetic	2	stress-marked@-2	penultimate		f_qawsglph5c25c	Gilgit/Kohistani/Guresi búṭo/búṭa/búṭɨ have a short initially accented root after contraction and shortening. Strand buṭhʹe ‘all’ instead marks the final vowel; it may represent a different quantifier or inflectional cell. The old first-syllable prominence is compatible with Shina, but the major syllable loss and lexicalization prevent a simple long-vowel correspondence claim.
9568	bhū́yiṣṭha	Sh	ChilasJelil	backstrom1992	ˈbuṭɛ	all	survey-phonetic	2	stress-marked@-2	penultimate		f_ac2qbldxcn67k	Gilgit/Kohistani/Guresi búṭo/búṭa/búṭɨ have a short initially accented root after contraction and shortening. Strand buṭhʹe ‘all’ instead marks the final vowel; it may represent a different quantifier or inflectional cell. The old first-syllable prominence is compatible with Shina, but the major syllable loss and lexicalization prevent a simple long-vowel correspondence claim.
9568	bhū́yiṣṭha	Sh	Darel	backstrom1992	ˈbuṭe	all	survey-phonetic	2	stress-marked@-2	penultimate		f_hpy72ly7jv75q	Gilgit/Kohistani/Guresi búṭo/búṭa/búṭɨ have a short initially accented root after contraction and shortening. Strand buṭhʹe ‘all’ instead marks the final vowel; it may represent a different quantifier or inflectional cell. The old first-syllable prominence is compatible with Shina, but the major syllable loss and lexicalization prevent a simple long-vowel correspondence claim.
9568	bhū́yiṣṭha	Sh	Tangir	backstrom1992	ˈbuṭe	all	survey-phonetic	2	stress-marked@-2	penultimate		f_qq6pvq7soywz4	Gilgit/Kohistani/Guresi búṭo/búṭa/búṭɨ have a short initially accented root after contraction and shortening. Strand buṭhʹe ‘all’ instead marks the final vowel; it may represent a different quantifier or inflectional cell. The old first-syllable prominence is compatible with Shina, but the major syllable loss and lexicalization prevent a simple long-vowel correspondence claim.
9568	bhū́yiṣṭha	Sh	Sazin	backstrom1992	ˈbuṭe	all	survey-phonetic	2	stress-marked@-2	penultimate		f_iwd6z57pb7kha	Gilgit/Kohistani/Guresi búṭo/búṭa/búṭɨ have a short initially accented root after contraction and shortening. Strand buṭhʹe ‘all’ instead marks the final vowel; it may represent a different quantifier or inflectional cell. The old first-syllable prominence is compatible with Shina, but the major syllable loss and lexicalization prevent a simple long-vowel correspondence claim.
9568	bhū́yiṣṭha	Sh	Harban	backstrom1992	ˈbuṭɛ	all	survey-phonetic	2	stress-marked@-2	penultimate		f_2sd7tstubmfoc	Gilgit/Kohistani/Guresi búṭo/búṭa/búṭɨ have a short initially accented root after contraction and shortening. Strand buṭhʹe ‘all’ instead marks the final vowel; it may represent a different quantifier or inflectional cell. The old first-syllable prominence is compatible with Shina, but the major syllable loss and lexicalization prevent a simple long-vowel correspondence claim.
9568	bhū́yiṣṭha	Sh	Jalkot	backstrom1992	ˈbuṭɛ̱	all	survey-phonetic	2	stress-marked@-2	penultimate		f_i5d6vqulentbk	Gilgit/Kohistani/Guresi búṭo/búṭa/búṭɨ have a short initially accented root after contraction and shortening. Strand buṭhʹe ‘all’ instead marks the final vowel; it may represent a different quantifier or inflectional cell. The old first-syllable prominence is compatible with Shina, but the major syllable loss and lexicalization prevent a simple long-vowel correspondence claim.
9568	bhū́yiṣṭha	Sh	Jalkot	backstrom1992	ˈbuṭʌ̱	all	survey-phonetic	2	stress-marked@-2	penultimate		f_xanqqykwb7rpg	Gilgit/Kohistani/Guresi búṭo/búṭa/búṭɨ have a short initially accented root after contraction and shortening. Strand buṭhʹe ‘all’ instead marks the final vowel; it may represent a different quantifier or inflectional cell. The old first-syllable prominence is compatible with Shina, but the major syllable loss and lexicalization prevent a simple long-vowel correspondence claim.
9568	bhū́yiṣṭha	Sh	pales	backstrom1992	ˈbuṭʰɛ	all	survey-phonetic	2	stress-marked@-2	penultimate		f_ubs6ncvk2zuba	Gilgit/Kohistani/Guresi búṭo/búṭa/búṭɨ have a short initially accented root after contraction and shortening. Strand buṭhʹe ‘all’ instead marks the final vowel; it may represent a different quantifier or inflectional cell. The old first-syllable prominence is compatible with Shina, but the major syllable loss and lexicalization prevent a simple long-vowel correspondence claim.
9568	bhū́yiṣṭha	Sh	Kolai	backstrom1992	ˈbuṭɛ̥	all	survey-phonetic	2	stress-marked@-2	penultimate		f_2qc6bywqjrf24	Gilgit/Kohistani/Guresi búṭo/búṭa/búṭɨ have a short initially accented root after contraction and shortening. Strand buṭhʹe ‘all’ instead marks the final vowel; it may represent a different quantifier or inflectional cell. The old first-syllable prominence is compatible with Shina, but the major syllable loss and lexicalization prevent a simple long-vowel correspondence claim.
9568	bhū́yiṣṭha	Sh	gil	schmidt	búṭo	all (countable)	shina-mora	2	S@-2	penultimate		f_hqi66jgkauhpi	Gilgit/Kohistani/Guresi búṭo/búṭa/búṭɨ have a short initially accented root after contraction and shortening. Strand buṭhʹe ‘all’ instead marks the final vowel; it may represent a different quantifier or inflectional cell. The old first-syllable prominence is compatible with Shina, but the major syllable loss and lexicalization prevent a simple long-vowel correspondence claim.
9568	bhū́yiṣṭha	Sh	gil	schmidt	búṭa	all (uncountable)	shina-mora	2	S@-2	penultimate		f_jdb7wyxlc43lu	Gilgit/Kohistani/Guresi búṭo/búṭa/búṭɨ have a short initially accented root after contraction and shortening. Strand buṭhʹe ‘all’ instead marks the final vowel; it may represent a different quantifier or inflectional cell. The old first-syllable prominence is compatible with Shina, but the major syllable loss and lexicalization prevent a simple long-vowel correspondence claim.
9568	bhū́yiṣṭha	Sh	koh	schmidt	búṭa	all (uncountable)	shina-mora	2	S@-2	penultimate		f_s3dnkgk4vjzyi	Gilgit/Kohistani/Guresi búṭo/búṭa/búṭɨ have a short initially accented root after contraction and shortening. Strand buṭhʹe ‘all’ instead marks the final vowel; it may represent a different quantifier or inflectional cell. The old first-syllable prominence is compatible with Shina, but the major syllable loss and lexicalization prevent a simple long-vowel correspondence claim.
9568	bhū́yiṣṭha	Sh	gur	schmidt	búṭɨ	all (uncountable)	shina-mora	2	S@-2	penultimate		f_k3ehxfqvtsuvg	Gilgit/Kohistani/Guresi búṭo/búṭa/búṭɨ have a short initially accented root after contraction and shortening. Strand buṭhʹe ‘all’ instead marks the final vowel; it may represent a different quantifier or inflectional cell. The old first-syllable prominence is compatible with Shina, but the major syllable loss and lexicalization prevent a simple long-vowel correspondence claim.
9568	bhū́yiṣṭha	Sh	gil	buddruss-shina1996	búto	whole; all	gilgit-mora	2	S@-2	penultimate		f_svloyl3ng4nsa	Gilgit/Kohistani/Guresi búṭo/búṭa/búṭɨ have a short initially accented root after contraction and shortening. Strand buṭhʹe ‘all’ instead marks the final vowel; it may represent a different quantifier or inflectional cell. The old first-syllable prominence is compatible with Shina, but the major syllable loss and lexicalization prevent a simple long-vowel correspondence claim.
10299	mr̥ṣṭá	Sh	Sh	CDIAL	mĭṣṭŭ	good, in good health	historical-dictionary		unmarked	unscorable	no-single-location-mark	f_rgqxv5pqkmdso	All four Schmidt Shina dialects míṣṭo/míṣṭho/míṣṭhu accent the short final root syllable before an unaccented gender vowel. The outcome accords with the extended adjective class despite old final-a accent. Kundal miṣṭ has lost the ending and lacks a comparable long-vowel contour. Sauji mušṓ ‘sweet’ is finally accented and differently reduced, so its exact formation cannot be assumed identical to Shina ‘good’.
10299	mr̥ṣṭá	Sh	Gupis	backstrom1992	ˈmɪṣ̌ṭo̱	good	survey-phonetic	2	stress-marked@-2	penultimate		f_bh7y5zq5b7ar6	All four Schmidt Shina dialects míṣṭo/míṣṭho/míṣṭhu accent the short final root syllable before an unaccented gender vowel. The outcome accords with the extended adjective class despite old final-a accent. Kundal miṣṭ has lost the ending and lacks a comparable long-vowel contour. Sauji mušṓ ‘sweet’ is finally accented and differently reduced, so its exact formation cannot be assumed identical to Shina ‘good’.
10299	mr̥ṣṭá	Sh	punl	backstrom1992	ˈmɪṣ̌ṭo̱	good	survey-phonetic	2	stress-marked@-2	penultimate		f_2lljm36nf6wow	All four Schmidt Shina dialects míṣṭo/míṣṭho/míṣṭhu accent the short final root syllable before an unaccented gender vowel. The outcome accords with the extended adjective class despite old final-a accent. Kundal miṣṭ has lost the ending and lacks a comparable long-vowel contour. Sauji mušṓ ‘sweet’ is finally accented and differently reduced, so its exact formation cannot be assumed identical to Shina ‘good’.
10299	mr̥ṣṭá	Sh	HunzaNasirabad	backstrom1992	ˈmɪč̣o̱	good	survey-phonetic	2	stress-marked@-2	penultimate		f_ug7gfyn7p5i6m	All four Schmidt Shina dialects míṣṭo/míṣṭho/míṣṭhu accent the short final root syllable before an unaccented gender vowel. The outcome accords with the extended adjective class despite old final-a accent. Kundal miṣṭ has lost the ending and lacks a comparable long-vowel contour. Sauji mušṓ ‘sweet’ is finally accented and differently reduced, so its exact formation cannot be assumed identical to Shina ‘good’.
10299	mr̥ṣṭá	Sh	NagarThol	backstrom1992	ˈmɪṣ̌ṭu̱	good	survey-phonetic	2	stress-marked@-2	penultimate		f_q5ig42mnv72fg	All four Schmidt Shina dialects míṣṭo/míṣṭho/míṣṭhu accent the short final root syllable before an unaccented gender vowel. The outcome accords with the extended adjective class despite old final-a accent. Kundal miṣṭ has lost the ending and lacks a comparable long-vowel contour. Sauji mušṓ ‘sweet’ is finally accented and differently reduced, so its exact formation cannot be assumed identical to Shina ‘good’.
10299	mr̥ṣṭá	Sh	NagarChalt	backstrom1992	ˈmiṣ̌ṭo	good	survey-phonetic	2	stress-marked@-2	penultimate		f_at2vjmgvusb4c	All four Schmidt Shina dialects míṣṭo/míṣṭho/míṣṭhu accent the short final root syllable before an unaccented gender vowel. The outcome accords with the extended adjective class despite old final-a accent. Kundal miṣṭ has lost the ending and lacks a comparable long-vowel contour. Sauji mušṓ ‘sweet’ is finally accented and differently reduced, so its exact formation cannot be assumed identical to Shina ‘good’.
10299	mr̥ṣṭá	Sh	gil	backstrom1992	ˈmɪṣ̌ṭo̱	good	survey-phonetic	2	stress-marked@-2	penultimate		f_iwz6ceb2w473o	All four Schmidt Shina dialects míṣṭo/míṣṭho/míṣṭhu accent the short final root syllable before an unaccented gender vowel. The outcome accords with the extended adjective class despite old final-a accent. Kundal miṣṭ has lost the ending and lacks a comparable long-vowel contour. Sauji mušṓ ‘sweet’ is finally accented and differently reduced, so its exact formation cannot be assumed identical to Shina ‘good’.
10299	mr̥ṣṭá	Sh	Haramosh	backstrom1992	ˈmɪč̣o̱	good	survey-phonetic	2	stress-marked@-2	penultimate		f_rdiyo3xlkjovc	All four Schmidt Shina dialects míṣṭo/míṣṭho/míṣṭhu accent the short final root syllable before an unaccented gender vowel. The outcome accords with the extended adjective class despite old final-a accent. Kundal miṣṭ has lost the ending and lacks a comparable long-vowel contour. Sauji mušṓ ‘sweet’ is finally accented and differently reduced, so its exact formation cannot be assumed identical to Shina ‘good’.
10299	mr̥ṣṭá	Sh	Haramosh	backstrom1992	ˈmɪṣ̌ṭo̱	good	survey-phonetic	2	stress-marked@-2	penultimate		f_e2mfdj2xrjeq2	All four Schmidt Shina dialects míṣṭo/míṣṭho/míṣṭhu accent the short final root syllable before an unaccented gender vowel. The outcome accords with the extended adjective class despite old final-a accent. Kundal miṣṭ has lost the ending and lacks a comparable long-vowel contour. Sauji mušṓ ‘sweet’ is finally accented and differently reduced, so its exact formation cannot be assumed identical to Shina ‘good’.
10299	mr̥ṣṭá	Sh	Bagrot	backstrom1992	ˈmɪč̣o̱	good	survey-phonetic	2	stress-marked@-2	penultimate		f_pxsdyyckdqwg2	All four Schmidt Shina dialects míṣṭo/míṣṭho/míṣṭhu accent the short final root syllable before an unaccented gender vowel. The outcome accords with the extended adjective class despite old final-a accent. Kundal miṣṭ has lost the ending and lacks a comparable long-vowel contour. Sauji mušṓ ‘sweet’ is finally accented and differently reduced, so its exact formation cannot be assumed identical to Shina ‘good’.
10299	mr̥ṣṭá	Sh	Bunji	backstrom1992	ˈmɪṣ̌o	good	survey-phonetic	2	stress-marked@-2	penultimate		f_bgu4kw45ujjpi	All four Schmidt Shina dialects míṣṭo/míṣṭho/míṣṭhu accent the short final root syllable before an unaccented gender vowel. The outcome accords with the extended adjective class despite old final-a accent. Kundal miṣṭ has lost the ending and lacks a comparable long-vowel contour. Sauji mušṓ ‘sweet’ is finally accented and differently reduced, so its exact formation cannot be assumed identical to Shina ‘good’.
10299	mr̥ṣṭá	Sh	Rondu	backstrom1992	ˈmɪč̣o	good	survey-phonetic	2	stress-marked@-2	penultimate		f_7wdapb6jkbsy4	All four Schmidt Shina dialects míṣṭo/míṣṭho/míṣṭhu accent the short final root syllable before an unaccented gender vowel. The outcome accords with the extended adjective class despite old final-a accent. Kundal miṣṭ has lost the ending and lacks a comparable long-vowel contour. Sauji mušṓ ‘sweet’ is finally accented and differently reduced, so its exact formation cannot be assumed identical to Shina ‘good’.
10299	mr̥ṣṭá	Sh	Gahorabad	backstrom1992	mɪṣ̌ṭo	good	survey-phonetic		unmarked	unscorable	no-single-location-mark	f_udvf74hd3gnwq	All four Schmidt Shina dialects míṣṭo/míṣṭho/míṣṭhu accent the short final root syllable before an unaccented gender vowel. The outcome accords with the extended adjective class despite old final-a accent. Kundal miṣṭ has lost the ending and lacks a comparable long-vowel contour. Sauji mušṓ ‘sweet’ is finally accented and differently reduced, so its exact formation cannot be assumed identical to Shina ‘good’.
10299	mr̥ṣṭá	Sh	DashkinAstor	backstrom1992	ˈmɪṣ̌ṭo̱	good	survey-phonetic	2	stress-marked@-2	penultimate		f_p3kqm5ymj6yae	All four Schmidt Shina dialects míṣṭo/míṣṭho/míṣṭhu accent the short final root syllable before an unaccented gender vowel. The outcome accords with the extended adjective class despite old final-a accent. Kundal miṣṭ has lost the ending and lacks a comparable long-vowel contour. Sauji mušṓ ‘sweet’ is finally accented and differently reduced, so its exact formation cannot be assumed identical to Shina ‘good’.
10299	mr̥ṣṭá	Sh	Astor	backstrom1992	ˈmɪṣ̌ṭo̱	good	survey-phonetic	2	stress-marked@-2	penultimate		f_uyy5midjuqqbq	All four Schmidt Shina dialects míṣṭo/míṣṭho/míṣṭhu accent the short final root syllable before an unaccented gender vowel. The outcome accords with the extended adjective class despite old final-a accent. Kundal miṣṭ has lost the ending and lacks a comparable long-vowel contour. Sauji mušṓ ‘sweet’ is finally accented and differently reduced, so its exact formation cannot be assumed identical to Shina ‘good’.
10299	mr̥ṣṭá	Sh	KachuraJel	backstrom1992	ˈmɪṣ̌ṭo	good	survey-phonetic	2	stress-marked@-2	penultimate		f_ltlg2ximh7v6a	All four Schmidt Shina dialects míṣṭo/míṣṭho/míṣṭhu accent the short final root syllable before an unaccented gender vowel. The outcome accords with the extended adjective class despite old final-a accent. Kundal miṣṭ has lost the ending and lacks a comparable long-vowel contour. Sauji mušṓ ‘sweet’ is finally accented and differently reduced, so its exact formation cannot be assumed identical to Shina ‘good’.
10299	mr̥ṣṭá	Sh	Satpara	backstrom1992	ˈmɪṣ̌ṭo	good	survey-phonetic	2	stress-marked@-2	penultimate		f_qyticzgmjcku4	All four Schmidt Shina dialects míṣṭo/míṣṭho/míṣṭhu accent the short final root syllable before an unaccented gender vowel. The outcome accords with the extended adjective class despite old final-a accent. Kundal miṣṭ has lost the ending and lacks a comparable long-vowel contour. Sauji mušṓ ‘sweet’ is finally accented and differently reduced, so its exact formation cannot be assumed identical to Shina ‘good’.
10299	mr̥ṣṭá	Sh	Gultari	backstrom1992	ˈmɪṣ̌ṭo̱	good	survey-phonetic	2	stress-marked@-2	penultimate		f_qmguabt6asv5w	All four Schmidt Shina dialects míṣṭo/míṣṭho/míṣṭhu accent the short final root syllable before an unaccented gender vowel. The outcome accords with the extended adjective class despite old final-a accent. Kundal miṣṭ has lost the ending and lacks a comparable long-vowel contour. Sauji mušṓ ‘sweet’ is finally accented and differently reduced, so its exact formation cannot be assumed identical to Shina ‘good’.
10299	mr̥ṣṭá	Sh	dr	backstrom1992	ˈmɪṣ̌to	good	survey-phonetic	2	stress-marked@-2	penultimate		f_ysm7fehww2ef4	All four Schmidt Shina dialects míṣṭo/míṣṭho/míṣṭhu accent the short final root syllable before an unaccented gender vowel. The outcome accords with the extended adjective class despite old final-a accent. Kundal miṣṭ has lost the ending and lacks a comparable long-vowel contour. Sauji mušṓ ‘sweet’ is finally accented and differently reduced, so its exact formation cannot be assumed identical to Shina ‘good’.
10299	mr̥ṣṭá	Sh	ChilasKhinar	backstrom1992	ˈmɪṣ̌ṭo	good	survey-phonetic	2	stress-marked@-2	penultimate		f_7jttvfvkzr7oy	All four Schmidt Shina dialects míṣṭo/míṣṭho/míṣṭhu accent the short final root syllable before an unaccented gender vowel. The outcome accords with the extended adjective class despite old final-a accent. Kundal miṣṭ has lost the ending and lacks a comparable long-vowel contour. Sauji mušṓ ‘sweet’ is finally accented and differently reduced, so its exact formation cannot be assumed identical to Shina ‘good’.
10299	mr̥ṣṭá	Sh	ChilasJelil	backstrom1992	ˈmɪṣ̌ṭo	good	survey-phonetic	2	stress-marked@-2	penultimate		f_3vnyflybkwc7a	All four Schmidt Shina dialects míṣṭo/míṣṭho/míṣṭhu accent the short final root syllable before an unaccented gender vowel. The outcome accords with the extended adjective class despite old final-a accent. Kundal miṣṭ has lost the ending and lacks a comparable long-vowel contour. Sauji mušṓ ‘sweet’ is finally accented and differently reduced, so its exact formation cannot be assumed identical to Shina ‘good’.
10299	mr̥ṣṭá	Sh	Darel	backstrom1992	ˈmɪṣ̌ṭo	good	survey-phonetic	2	stress-marked@-2	penultimate		f_o6oojxrsexfck	All four Schmidt Shina dialects míṣṭo/míṣṭho/míṣṭhu accent the short final root syllable before an unaccented gender vowel. The outcome accords with the extended adjective class despite old final-a accent. Kundal miṣṭ has lost the ending and lacks a comparable long-vowel contour. Sauji mušṓ ‘sweet’ is finally accented and differently reduced, so its exact formation cannot be assumed identical to Shina ‘good’.
10299	mr̥ṣṭá	Sh	Tangir	backstrom1992	ˈmɪṣ̌ṭo	good	survey-phonetic	2	stress-marked@-2	penultimate		f_y5tfhfmjocjak	All four Schmidt Shina dialects míṣṭo/míṣṭho/míṣṭhu accent the short final root syllable before an unaccented gender vowel. The outcome accords with the extended adjective class despite old final-a accent. Kundal miṣṭ has lost the ending and lacks a comparable long-vowel contour. Sauji mušṓ ‘sweet’ is finally accented and differently reduced, so its exact formation cannot be assumed identical to Shina ‘good’.
10299	mr̥ṣṭá	Sh	gil	schmidt	míṣṭo	good	shina-mora	2	S@-2	penultimate		f_awdfqq7yoaip6	All four Schmidt Shina dialects míṣṭo/míṣṭho/míṣṭhu accent the short final root syllable before an unaccented gender vowel. The outcome accords with the extended adjective class despite old final-a accent. Kundal miṣṭ has lost the ending and lacks a comparable long-vowel contour. Sauji mušṓ ‘sweet’ is finally accented and differently reduced, so its exact formation cannot be assumed identical to Shina ‘good’.
10299	mr̥ṣṭá	Sh	koh	schmidt	míṣṭho	good	shina-mora	2	S@-2	penultimate		f_7pso2jqsqy7vm	All four Schmidt Shina dialects míṣṭo/míṣṭho/míṣṭhu accent the short final root syllable before an unaccented gender vowel. The outcome accords with the extended adjective class despite old final-a accent. Kundal miṣṭ has lost the ending and lacks a comparable long-vowel contour. Sauji mušṓ ‘sweet’ is finally accented and differently reduced, so its exact formation cannot be assumed identical to Shina ‘good’.
10299	mr̥ṣṭá	Sh	gur	schmidt	míṣṭhu	good	shina-mora	2	S@-2	penultimate		f_lnfhcokunhwoy	All four Schmidt Shina dialects míṣṭo/míṣṭho/míṣṭhu accent the short final root syllable before an unaccented gender vowel. The outcome accords with the extended adjective class despite old final-a accent. Kundal miṣṭ has lost the ending and lacks a comparable long-vowel contour. Sauji mušṓ ‘sweet’ is finally accented and differently reduced, so its exact formation cannot be assumed identical to Shina ‘good’.
10299	mr̥ṣṭá	Sh	Astor	schmidt	míṣṭhu	good	shina-mora	2	S@-2	penultimate		f_tltcbetidhw7q	All four Schmidt Shina dialects míṣṭo/míṣṭho/míṣṭhu accent the short final root syllable before an unaccented gender vowel. The outcome accords with the extended adjective class despite old final-a accent. Kundal miṣṭ has lost the ending and lacks a comparable long-vowel contour. Sauji mušṓ ‘sweet’ is finally accented and differently reduced, so its exact formation cannot be assumed identical to Shina ‘good’.
10299	mr̥ṣṭá	Sh	gil	degener-shina2008	míṣṭo	good	gilgit-mora	2	S@-2	penultimate		f_bxbo6r4diopba	All four Schmidt Shina dialects míṣṭo/míṣṭho/míṣṭhu accent the short final root syllable before an unaccented gender vowel. The outcome accords with the extended adjective class despite old final-a accent. Kundal miṣṭ has lost the ending and lacks a comparable long-vowel contour. Sauji mušṓ ‘sweet’ is finally accented and differently reduced, so its exact formation cannot be assumed identical to Shina ‘good’.
10896	laghú	Sv	Sv	CDIAL	lau	small	historical-dictionary		unmarked	unscorable	vowel-sequence-unresolved;no-single-location-mark	f_nop5pygwirvmy	Palula lhoóku and Gilgit loóko have late long-root accent before an unaccented gender vowel, while older lohóko preserves a less contracted stage. This parallels madhurá > mhoóru: root-final accent is compatible with the adjective class, but mora alignment differs from early tíiṇu. Loss/reorganization of medial aspiration and contraction provide independently visible conditions for a late subclass.
10896	laghú	Phal	Phal	CDIAL	lohṓko	small, young	historical-dictionary	2	syllable-marked@-2	penultimate		f_fb7xuysilcgcy	Palula lhoóku and Gilgit loóko have late long-root accent before an unaccented gender vowel, while older lohóko preserves a less contracted stage. This parallels madhurá > mhoóru: root-final accent is compatible with the adjective class, but mora alignment differs from early tíiṇu. Loss/reorganization of medial aspiration and contraction provide independently visible conditions for a late subclass.
10896	laghú	Sh	Sh	CDIAL	lōkṷ	light, quick, active	historical-dictionary		unmarked	unscorable	no-single-location-mark	f_q7zn4otwdgmjo	Palula lhoóku and Gilgit loóko have late long-root accent before an unaccented gender vowel, while older lohóko preserves a less contracted stage. This parallels madhurá > mhoóru: root-final accent is compatible with the adjective class, but mora alignment differs from early tíiṇu. Loss/reorganization of medial aspiration and contraction provide independently visible conditions for a late subclass.
10896	laghú	Phal	Phal	liljegren	lhoóku	small; (small) child	palula-mora	2	L@-2	penultimate		f_bfujkgwk5yhhy	Palula lhoóku and Gilgit loóko have late long-root accent before an unaccented gender vowel, while older lohóko preserves a less contracted stage. This parallels madhurá > mhoóru: root-final accent is compatible with the adjective class, but mora alignment differs from early tíiṇu. Loss/reorganization of medial aspiration and contraction provide independently visible conditions for a late subclass.
10896	laghú	Phal	Phal	strand	lhôʹko	small; young	strand-phonatory-accent	2	L@-2	penultimate		f_nkncy3od6mghm	Palula lhoóku and Gilgit loóko have late long-root accent before an unaccented gender vowel, while older lohóko preserves a less contracted stage. This parallels madhurá > mhoóru: root-final accent is compatible with the adjective class, but mora alignment differs from early tíiṇu. Loss/reorganization of medial aspiration and contraction provide independently visible conditions for a late subclass.
10896	laghú	Sh	Harban	backstrom1992	ˈlɛko	small	survey-phonetic	2	stress-marked@-2	penultimate		f_4vqmsolyx4726	Palula lhoóku and Gilgit loóko have late long-root accent before an unaccented gender vowel, while older lohóko preserves a less contracted stage. This parallels madhurá > mhoóru: root-final accent is compatible with the adjective class, but mora alignment differs from early tíiṇu. Loss/reorganization of medial aspiration and contraction provide independently visible conditions for a late subclass.
10896	laghú	Sh	Jalkot	backstrom1992	ˈlɛku̥	small	survey-phonetic	2	stress-marked@-2	penultimate		f_a2s6zzh37zgdg	Palula lhoóku and Gilgit loóko have late long-root accent before an unaccented gender vowel, while older lohóko preserves a less contracted stage. This parallels madhurá > mhoóru: root-final accent is compatible with the adjective class, but mora alignment differs from early tíiṇu. Loss/reorganization of medial aspiration and contraction provide independently visible conditions for a late subclass.
10896	laghú	Sh	pales	backstrom1992	ˈlɛku̥	small	survey-phonetic	2	stress-marked@-2	penultimate		f_vbmctfam2h37e	Palula lhoóku and Gilgit loóko have late long-root accent before an unaccented gender vowel, while older lohóko preserves a less contracted stage. This parallels madhurá > mhoóru: root-final accent is compatible with the adjective class, but mora alignment differs from early tíiṇu. Loss/reorganization of medial aspiration and contraction provide independently visible conditions for a late subclass.
10896	laghú	Sh	Kolai	backstrom1992	ˈlɛku̥	small	survey-phonetic	2	stress-marked@-2	penultimate		f_svxa2rc757hk2	Palula lhoóku and Gilgit loóko have late long-root accent before an unaccented gender vowel, while older lohóko preserves a less contracted stage. This parallels madhurá > mhoóru: root-final accent is compatible with the adjective class, but mora alignment differs from early tíiṇu. Loss/reorganization of medial aspiration and contraction provide independently visible conditions for a late subclass.
10896	laghú	Sh	Gupis	backstrom1992	lɑˈhʊko	light	survey-phonetic	2	stress-marked@-2	penultimate		f_7ygsmaw3ie7pa	Palula lhoóku and Gilgit loóko have late long-root accent before an unaccented gender vowel, while older lohóko preserves a less contracted stage. This parallels madhurá > mhoóru: root-final accent is compatible with the adjective class, but mora alignment differs from early tíiṇu. Loss/reorganization of medial aspiration and contraction provide independently visible conditions for a late subclass.
10896	laghú	Sh	punl	backstrom1992	ˈloóko̱	light	survey-phonetic	2	R@-2	penultimate		f_sgjs5tqqdlx5g	Palula lhoóku and Gilgit loóko have late long-root accent before an unaccented gender vowel, while older lohóko preserves a less contracted stage. This parallels madhurá > mhoóru: root-final accent is compatible with the adjective class, but mora alignment differs from early tíiṇu. Loss/reorganization of medial aspiration and contraction provide independently visible conditions for a late subclass.
10896	laghú	Sh	HunzaNasirabad	backstrom1992	ˈloóko̱	light	survey-phonetic	2	R@-2	penultimate		f_rxsdiuozi7dec	Palula lhoóku and Gilgit loóko have late long-root accent before an unaccented gender vowel, while older lohóko preserves a less contracted stage. This parallels madhurá > mhoóru: root-final accent is compatible with the adjective class, but mora alignment differs from early tíiṇu. Loss/reorganization of medial aspiration and contraction provide independently visible conditions for a late subclass.
10896	laghú	Sh	NagarThol	backstrom1992	ˈloóko	light	survey-phonetic	2	R@-2	penultimate		f_dspwdarapo5cg	Palula lhoóku and Gilgit loóko have late long-root accent before an unaccented gender vowel, while older lohóko preserves a less contracted stage. This parallels madhurá > mhoóru: root-final accent is compatible with the adjective class, but mora alignment differs from early tíiṇu. Loss/reorganization of medial aspiration and contraction provide independently visible conditions for a late subclass.
10896	laghú	Sh	NagarChalt	backstrom1992	ˈloóko̱	light	survey-phonetic	2	R@-2	penultimate		f_ucpktbgccghhe	Palula lhoóku and Gilgit loóko have late long-root accent before an unaccented gender vowel, while older lohóko preserves a less contracted stage. This parallels madhurá > mhoóru: root-final accent is compatible with the adjective class, but mora alignment differs from early tíiṇu. Loss/reorganization of medial aspiration and contraction provide independently visible conditions for a late subclass.
10896	laghú	Sh	gil	backstrom1992	ˈloóko	light	survey-phonetic	2	R@-2	penultimate		f_kfqtlc6orsmnk	Palula lhoóku and Gilgit loóko have late long-root accent before an unaccented gender vowel, while older lohóko preserves a less contracted stage. This parallels madhurá > mhoóru: root-final accent is compatible with the adjective class, but mora alignment differs from early tíiṇu. Loss/reorganization of medial aspiration and contraction provide independently visible conditions for a late subclass.
10896	laghú	Sh	Haramosh	backstrom1992	ˈloóko̱	light	survey-phonetic	2	R@-2	penultimate		f_2qbhiziuhn42e	Palula lhoóku and Gilgit loóko have late long-root accent before an unaccented gender vowel, while older lohóko preserves a less contracted stage. This parallels madhurá > mhoóru: root-final accent is compatible with the adjective class, but mora alignment differs from early tíiṇu. Loss/reorganization of medial aspiration and contraction provide independently visible conditions for a late subclass.
10896	laghú	Sh	Bagrot	backstrom1992	ˈloóko	light	survey-phonetic	2	R@-2	penultimate		f_nfmfelkbsxgls	Palula lhoóku and Gilgit loóko have late long-root accent before an unaccented gender vowel, while older lohóko preserves a less contracted stage. This parallels madhurá > mhoóru: root-final accent is compatible with the adjective class, but mora alignment differs from early tíiṇu. Loss/reorganization of medial aspiration and contraction provide independently visible conditions for a late subclass.
10896	laghú	Sh	Bunji	backstrom1992	ˈloóko	light	survey-phonetic	2	R@-2	penultimate		f_6gxyn7pxnrwni	Palula lhoóku and Gilgit loóko have late long-root accent before an unaccented gender vowel, while older lohóko preserves a less contracted stage. This parallels madhurá > mhoóru: root-final accent is compatible with the adjective class, but mora alignment differs from early tíiṇu. Loss/reorganization of medial aspiration and contraction provide independently visible conditions for a late subclass.
10896	laghú	Sh	Rondu	backstrom1992	ˈloóko̱	light	survey-phonetic	2	R@-2	penultimate		f_nbnxiyf6antys	Palula lhoóku and Gilgit loóko have late long-root accent before an unaccented gender vowel, while older lohóko preserves a less contracted stage. This parallels madhurá > mhoóru: root-final accent is compatible with the adjective class, but mora alignment differs from early tíiṇu. Loss/reorganization of medial aspiration and contraction provide independently visible conditions for a late subclass.
10896	laghú	Sh	Gahorabad	backstrom1992	ˈloóko	light	survey-phonetic	2	R@-2	penultimate		f_teeazoppi6ooc	Palula lhoóku and Gilgit loóko have late long-root accent before an unaccented gender vowel, while older lohóko preserves a less contracted stage. This parallels madhurá > mhoóru: root-final accent is compatible with the adjective class, but mora alignment differs from early tíiṇu. Loss/reorganization of medial aspiration and contraction provide independently visible conditions for a late subclass.
10896	laghú	Sh	DashkinAstor	backstrom1992	ˈloóko̱	light	survey-phonetic	2	R@-2	penultimate		f_2ihhw4rwi6am4	Palula lhoóku and Gilgit loóko have late long-root accent before an unaccented gender vowel, while older lohóko preserves a less contracted stage. This parallels madhurá > mhoóru: root-final accent is compatible with the adjective class, but mora alignment differs from early tíiṇu. Loss/reorganization of medial aspiration and contraction provide independently visible conditions for a late subclass.
10896	laghú	Sh	Astor	backstrom1992	ˈloóko̱	light	survey-phonetic	2	R@-2	penultimate		f_2vta5ys37t5vy	Palula lhoóku and Gilgit loóko have late long-root accent before an unaccented gender vowel, while older lohóko preserves a less contracted stage. This parallels madhurá > mhoóru: root-final accent is compatible with the adjective class, but mora alignment differs from early tíiṇu. Loss/reorganization of medial aspiration and contraction provide independently visible conditions for a late subclass.
10896	laghú	Sh	KachuraJel	backstrom1992	ˈloóko̱	light	survey-phonetic	2	R@-2	penultimate		f_e3h73wizenzbk	Palula lhoóku and Gilgit loóko have late long-root accent before an unaccented gender vowel, while older lohóko preserves a less contracted stage. This parallels madhurá > mhoóru: root-final accent is compatible with the adjective class, but mora alignment differs from early tíiṇu. Loss/reorganization of medial aspiration and contraction provide independently visible conditions for a late subclass.
10896	laghú	Sh	Satpara	backstrom1992	ˈloóko̱	light	survey-phonetic	2	R@-2	penultimate		f_k7hotu5jg3vng	Palula lhoóku and Gilgit loóko have late long-root accent before an unaccented gender vowel, while older lohóko preserves a less contracted stage. This parallels madhurá > mhoóru: root-final accent is compatible with the adjective class, but mora alignment differs from early tíiṇu. Loss/reorganization of medial aspiration and contraction provide independently visible conditions for a late subclass.
10896	laghú	Sh	Gultari	backstrom1992	ˈloóko̱	light	survey-phonetic	2	R@-2	penultimate		f_nmrhybexwtklk	Palula lhoóku and Gilgit loóko have late long-root accent before an unaccented gender vowel, while older lohóko preserves a less contracted stage. This parallels madhurá > mhoóru: root-final accent is compatible with the adjective class, but mora alignment differs from early tíiṇu. Loss/reorganization of medial aspiration and contraction provide independently visible conditions for a late subclass.
10896	laghú	Sh	Kharmang	backstrom1992	ˈlooko	light	survey-phonetic	2	stress-marked@-2	penultimate		f_u6ypeiosva3o6	Palula lhoóku and Gilgit loóko have late long-root accent before an unaccented gender vowel, while older lohóko preserves a less contracted stage. This parallels madhurá > mhoóru: root-final accent is compatible with the adjective class, but mora alignment differs from early tíiṇu. Loss/reorganization of medial aspiration and contraction provide independently visible conditions for a late subclass.
10896	laghú	Sh	dr	backstrom1992	ˈloko	light	survey-phonetic	2	stress-marked@-2	penultimate		f_e75li6m4c5y4a	Palula lhoóku and Gilgit loóko have late long-root accent before an unaccented gender vowel, while older lohóko preserves a less contracted stage. This parallels madhurá > mhoóru: root-final accent is compatible with the adjective class, but mora alignment differs from early tíiṇu. Loss/reorganization of medial aspiration and contraction provide independently visible conditions for a late subclass.
10896	laghú	Sh	ChilasKhinar	backstrom1992	lɑˈhokʰu̱	light	survey-phonetic	2	stress-marked@-2	penultimate		f_dphomoav77q6a	Palula lhoóku and Gilgit loóko have late long-root accent before an unaccented gender vowel, while older lohóko preserves a less contracted stage. This parallels madhurá > mhoóru: root-final accent is compatible with the adjective class, but mora alignment differs from early tíiṇu. Loss/reorganization of medial aspiration and contraction provide independently visible conditions for a late subclass.
10896	laghú	Sh	ChilasJelil	backstrom1992	lɑˈhokʰu̱	light	survey-phonetic	2	stress-marked@-2	penultimate		f_qhug2bfbwjju2	Palula lhoóku and Gilgit loóko have late long-root accent before an unaccented gender vowel, while older lohóko preserves a less contracted stage. This parallels madhurá > mhoóru: root-final accent is compatible with the adjective class, but mora alignment differs from early tíiṇu. Loss/reorganization of medial aspiration and contraction provide independently visible conditions for a late subclass.
10896	laghú	Sh	ChilasJelil	backstrom1992	loóko	light	survey-phonetic		R@-2	unscorable	no-single-location-mark	f_eymppwgi6cuco	Palula lhoóku and Gilgit loóko have late long-root accent before an unaccented gender vowel, while older lohóko preserves a less contracted stage. This parallels madhurá > mhoóru: root-final accent is compatible with the adjective class, but mora alignment differs from early tíiṇu. Loss/reorganization of medial aspiration and contraction provide independently visible conditions for a late subclass.
10896	laghú	Sh	Darel	backstrom1992	lɑˈoko	light	survey-phonetic	2	stress-marked@position-unresolved	unscorable	vowel-sequence-unresolved	f_k7njk3rn73lha	Palula lhoóku and Gilgit loóko have late long-root accent before an unaccented gender vowel, while older lohóko preserves a less contracted stage. This parallels madhurá > mhoóru: root-final accent is compatible with the adjective class, but mora alignment differs from early tíiṇu. Loss/reorganization of medial aspiration and contraction provide independently visible conditions for a late subclass.
10896	laghú	Sh	Tangir	backstrom1992	lɑˈhuko	light	survey-phonetic	2	stress-marked@-2	penultimate		f_dv2dh7napy36s	Palula lhoóku and Gilgit loóko have late long-root accent before an unaccented gender vowel, while older lohóko preserves a less contracted stage. This parallels madhurá > mhoóru: root-final accent is compatible with the adjective class, but mora alignment differs from early tíiṇu. Loss/reorganization of medial aspiration and contraction provide independently visible conditions for a late subclass.
10896	laghú	Sh	Sazin	backstrom1992	lɑˈhuko	light	survey-phonetic	2	stress-marked@-2	penultimate		f_f5iajtxcbomru	Palula lhoóku and Gilgit loóko have late long-root accent before an unaccented gender vowel, while older lohóko preserves a less contracted stage. This parallels madhurá > mhoóru: root-final accent is compatible with the adjective class, but mora alignment differs from early tíiṇu. Loss/reorganization of medial aspiration and contraction provide independently visible conditions for a late subclass.
10896	laghú	Sh	Harban	backstrom1992	lɑˈoko	light	survey-phonetic	2	stress-marked@position-unresolved	unscorable	vowel-sequence-unresolved	f_uszqyqfs34ai6	Palula lhoóku and Gilgit loóko have late long-root accent before an unaccented gender vowel, while older lohóko preserves a less contracted stage. This parallels madhurá > mhoóru: root-final accent is compatible with the adjective class, but mora alignment differs from early tíiṇu. Loss/reorganization of medial aspiration and contraction provide independently visible conditions for a late subclass.
10896	laghú	Sh	Jalkot	backstrom1992	lɑˈhoku̱	light	survey-phonetic	2	stress-marked@-2	penultimate		f_e3y3qn6b7rxs6	Palula lhoóku and Gilgit loóko have late long-root accent before an unaccented gender vowel, while older lohóko preserves a less contracted stage. This parallels madhurá > mhoóru: root-final accent is compatible with the adjective class, but mora alignment differs from early tíiṇu. Loss/reorganization of medial aspiration and contraction provide independently visible conditions for a late subclass.
10896	laghú	Sh	Jalkot	backstrom1992	lɑˈʰoku̥	light	survey-phonetic	2	stress-marked@-2	penultimate		f_ti3vbct4jbjk2	Palula lhoóku and Gilgit loóko have late long-root accent before an unaccented gender vowel, while older lohóko preserves a less contracted stage. This parallels madhurá > mhoóru: root-final accent is compatible with the adjective class, but mora alignment differs from early tíiṇu. Loss/reorganization of medial aspiration and contraction provide independently visible conditions for a late subclass.
10896	laghú	Sh	pales	backstrom1992	lɑˈhoku̱	light	survey-phonetic	2	stress-marked@-2	penultimate		f_pjiafz3q5pbaa	Palula lhoóku and Gilgit loóko have late long-root accent before an unaccented gender vowel, while older lohóko preserves a less contracted stage. This parallels madhurá > mhoóru: root-final accent is compatible with the adjective class, but mora alignment differs from early tíiṇu. Loss/reorganization of medial aspiration and contraction provide independently visible conditions for a late subclass.
10896	laghú	Sh	Kolai	backstrom1992	lɑˈhuko̥	light	survey-phonetic	2	stress-marked@-2	penultimate		f_mzwjbir6a7s7s	Palula lhoóku and Gilgit loóko have late long-root accent before an unaccented gender vowel, while older lohóko preserves a less contracted stage. This parallels madhurá > mhoóru: root-final accent is compatible with the adjective class, but mora alignment differs from early tíiṇu. Loss/reorganization of medial aspiration and contraction provide independently visible conditions for a late subclass.
10896	laghú	Sh	Kolai	backstrom1992	lɑˈʰuko̥	light	survey-phonetic	2	stress-marked@-2	penultimate		f_vz724uxzrjxdi	Palula lhoóku and Gilgit loóko have late long-root accent before an unaccented gender vowel, while older lohóko preserves a less contracted stage. This parallels madhurá > mhoóru: root-final accent is compatible with the adjective class, but mora alignment differs from early tíiṇu. Loss/reorganization of medial aspiration and contraction provide independently visible conditions for a late subclass.
10896	laghú	Sh	gil	degener-shina2008	loóko	fast	gilgit-mora	2	L@-2	penultimate		f_vk4gbyyhcc6v4	Palula lhoóku and Gilgit loóko have late long-root accent before an unaccented gender vowel, while older lohóko preserves a less contracted stage. This parallels madhurá > mhoóru: root-final accent is compatible with the adjective class, but mora alignment differs from early tíiṇu. Loss/reorganization of medial aspiration and contraction provide independently visible conditions for a late subclass.
11168	*lōhila	Sv	Sv	CDIAL	lohĩló	red	historical-dictionary	1	syllable-marked@-1	other-position		f_3jpsht5sirqqg	Palula lhoílu/lohílu/lhoyílu accents the final root syllable before u; Shina loólyo/loólu and Kohistani lhiílo have late long roots after h-related contraction. Blood léel has early long ee and a different substantivized formation. The source's money use is explicitly a modern plural metaphor based on red banknotes, not a historical etymological clue.
11168	*lōhila	Phal	Phal	CDIAL	lohílu	red	historical-dictionary	2	syllable-marked@-2	penultimate		f_kepajpqcgyrhc	Palula lhoílu/lohílu/lhoyílu accents the final root syllable before u; Shina loólyo/loólu and Kohistani lhiílo have late long roots after h-related contraction. Blood léel has early long ee and a different substantivized formation. The source's money use is explicitly a modern plural metaphor based on red banknotes, not a historical etymological clue.
11168	*lōhila	Phal	Phal	CDIAL	lᵊhōilo	red	historical-dictionary		unmarked	unscorable	vowel-sequence-unresolved;no-single-location-mark	f_h5hlqrksckf6i	Palula lhoílu/lohílu/lhoyílu accents the final root syllable before u; Shina loólyo/loólu and Kohistani lhiílo have late long roots after h-related contraction. Blood léel has early long ee and a different substantivized formation. The source's money use is explicitly a modern plural metaphor based on red banknotes, not a historical etymological clue.
11168	*lōhila	Sh	gil	CDIAL;Lor	lōlyŭ	red, bay (of horse or cow)	historical-dictionary		unmarked	unscorable	no-single-location-mark	f_ysowtm5obkqc2	Palula lhoílu/lohílu/lhoyílu accents the final root syllable before u; Shina loólyo/loólu and Kohistani lhiílo have late long roots after h-related contraction. Blood léel has early long ee and a different substantivized formation. The source's money use is explicitly a modern plural metaphor based on red banknotes, not a historical etymological clue.
11168	*lōhila	Sh	gil	CDIAL	loⁱlo	red, bay (of horse or cow)	historical-dictionary		unmarked	unscorable	no-single-location-mark	f_f5jcuqv5izxco	Palula lhoílu/lohílu/lhoyílu accents the final root syllable before u; Shina loólyo/loólu and Kohistani lhiílo have late long roots after h-related contraction. Blood léel has early long ee and a different substantivized formation. The source's money use is explicitly a modern plural metaphor based on red banknotes, not a historical etymological clue.
11168	*lōhila	Sh	pales	CDIAL	lī́lo	red	historical-dictionary	2	syllable-marked@-2	penultimate		f_ky3p3g6t7zmja	Palula lhoílu/lohílu/lhoyílu accents the final root syllable before u; Shina loólyo/loólu and Kohistani lhiílo have late long roots after h-related contraction. Blood léel has early long ee and a different substantivized formation. The source's money use is explicitly a modern plural metaphor based on red banknotes, not a historical etymological clue.
11168	*lōhila	Phal	Phal	liljegren	lhoílu	red; money (substantivized in plural; i.e. red like the 100 rupee note)	palula-mora	2	vowel-sequence-marked@position-unresolved	unscorable	vowel-sequence-unresolved	f_723oa6bnsjj2a	Palula lhoílu/lohílu/lhoyílu accents the final root syllable before u; Shina loólyo/loólu and Kohistani lhiílo have late long roots after h-related contraction. Blood léel has early long ee and a different substantivized formation. The source's money use is explicitly a modern plural metaphor based on red banknotes, not a historical etymological clue.
11168	*lōhila	Phal	biori	liljegren	lohílu	red; money (substantivized in plural; i.e. red like the 100 rupee note)	palula-mora	2	S@-2	penultimate		f_o374kg3sa2qxa	Palula lhoílu/lohílu/lhoyílu accents the final root syllable before u; Shina loólyo/loólu and Kohistani lhiílo have late long roots after h-related contraction. Blood léel has early long ee and a different substantivized formation. The source's money use is explicitly a modern plural metaphor based on red banknotes, not a historical etymological clue.
11168	*lōhila	Phal	biori	liljegren	lhoyílu	red; money (substantivized in plural; i.e. red like the 100 rupee note)	palula-mora	2	S@-2	penultimate		f_efo43vlpmki4q	Palula lhoílu/lohílu/lhoyílu accents the final root syllable before u; Shina loólyo/loólu and Kohistani lhiílo have late long roots after h-related contraction. Blood léel has early long ee and a different substantivized formation. The source's money use is explicitly a modern plural metaphor based on red banknotes, not a historical etymological clue.
11168	*lōhila	Phal	Phal	strand	lohʹoylo	red	strand-phonatory-accent	2	S@-2	penultimate		f_ohufza6fuxxto	Palula lhoílu/lohílu/lhoyílu accents the final root syllable before u; Shina loólyo/loólu and Kohistani lhiílo have late long roots after h-related contraction. Blood léel has early long ee and a different substantivized formation. The source's money use is explicitly a modern plural metaphor based on red banknotes, not a historical etymological clue.
11168	*lōhila	Sh	Gupis	backstrom1992	luˈhilo	red	survey-phonetic	2	stress-marked@-2	penultimate		f_t6bkzrlwz5nsw	Palula lhoílu/lohílu/lhoyílu accents the final root syllable before u; Shina loólyo/loólu and Kohistani lhiílo have late long roots after h-related contraction. Blood léel has early long ee and a different substantivized formation. The source's money use is explicitly a modern plural metaphor based on red banknotes, not a historical etymological clue.
11168	*lōhila	Sh	punl	backstrom1992	ˈloólʸo̱	red	survey-phonetic	2	R@-2	penultimate		f_npkst53beheda	Palula lhoílu/lohílu/lhoyílu accents the final root syllable before u; Shina loólyo/loólu and Kohistani lhiílo have late long roots after h-related contraction. Blood léel has early long ee and a different substantivized formation. The source's money use is explicitly a modern plural metaphor based on red banknotes, not a historical etymological clue.
11168	*lōhila	Sh	HunzaNasirabad	backstrom1992	luˈʷo̱	red	survey-phonetic	1	stress-marked@-1	other-position		f_lyptgqadsulya	Palula lhoílu/lohílu/lhoyílu accents the final root syllable before u; Shina loólyo/loólu and Kohistani lhiílo have late long roots after h-related contraction. Blood léel has early long ee and a different substantivized formation. The source's money use is explicitly a modern plural metaphor based on red banknotes, not a historical etymological clue.
11168	*lōhila	Sh	NagarThol	backstrom1992	ˈloⁱlu	red	survey-phonetic	2	stress-marked@-2	penultimate		f_z3cfvcsoi2mqi	Palula lhoílu/lohílu/lhoyílu accents the final root syllable before u; Shina loólyo/loólu and Kohistani lhiílo have late long roots after h-related contraction. Blood léel has early long ee and a different substantivized formation. The source's money use is explicitly a modern plural metaphor based on red banknotes, not a historical etymological clue.
11168	*lōhila	Sh	NagarThol	backstrom1992	ˈlɑⁱlu	red	survey-phonetic	2	stress-marked@-2	penultimate		f_574fj454vecx4	Palula lhoílu/lohílu/lhoyílu accents the final root syllable before u; Shina loólyo/loólu and Kohistani lhiílo have late long roots after h-related contraction. Blood léel has early long ee and a different substantivized formation. The source's money use is explicitly a modern plural metaphor based on red banknotes, not a historical etymological clue.
11168	*lōhila	Sh	NagarChalt	backstrom1992	lou	red	survey-phonetic		unmarked	unscorable	vowel-sequence-unresolved;no-single-location-mark	f_24gzn522ytkii	Palula lhoílu/lohílu/lhoyílu accents the final root syllable before u; Shina loólyo/loólu and Kohistani lhiílo have late long roots after h-related contraction. Blood léel has early long ee and a different substantivized formation. The source's money use is explicitly a modern plural metaphor based on red banknotes, not a historical etymological clue.
11168	*lōhila	Sh	gil	backstrom1992	ˈloólʸo	red	survey-phonetic	2	R@-2	penultimate		f_wbxi5m7obrny6	Palula lhoílu/lohílu/lhoyílu accents the final root syllable before u; Shina loólyo/loólu and Kohistani lhiílo have late long roots after h-related contraction. Blood léel has early long ee and a different substantivized formation. The source's money use is explicitly a modern plural metaphor based on red banknotes, not a historical etymological clue.
11168	*lōhila	Sh	Haramosh	backstrom1992	ˈlolo	red	survey-phonetic	2	stress-marked@-2	penultimate		f_qp6ggferkqszu	Palula lhoílu/lohílu/lhoyílu accents the final root syllable before u; Shina loólyo/loólu and Kohistani lhiílo have late long roots after h-related contraction. Blood léel has early long ee and a different substantivized formation. The source's money use is explicitly a modern plural metaphor based on red banknotes, not a historical etymological clue.
11168	*lōhila	Sh	Haramosh	backstrom1992	ˈlowo	red	survey-phonetic	2	stress-marked@-2	penultimate		f_savebk4ao6xkg	Palula lhoílu/lohílu/lhoyílu accents the final root syllable before u; Shina loólyo/loólu and Kohistani lhiílo have late long roots after h-related contraction. Blood léel has early long ee and a different substantivized formation. The source's money use is explicitly a modern plural metaphor based on red banknotes, not a historical etymological clue.
11168	*lōhila	Sh	Gahorabad	backstrom1992	ˈlolo	red	survey-phonetic	2	stress-marked@-2	penultimate		f_jbktawca2zte6	Palula lhoílu/lohílu/lhoyílu accents the final root syllable before u; Shina loólyo/loólu and Kohistani lhiílo have late long roots after h-related contraction. Blood léel has early long ee and a different substantivized formation. The source's money use is explicitly a modern plural metaphor based on red banknotes, not a historical etymological clue.
11168	*lōhila	Sh	DashkinAstor	backstrom1992	ˈloólo̱	red	survey-phonetic	2	R@-2	penultimate		f_75tamhw4zjd24	Palula lhoílu/lohílu/lhoyílu accents the final root syllable before u; Shina loólyo/loólu and Kohistani lhiílo have late long roots after h-related contraction. Blood léel has early long ee and a different substantivized formation. The source's money use is explicitly a modern plural metaphor based on red banknotes, not a historical etymological clue.
11168	*lōhila	Sh	Astor	backstrom1992	ˈloólo̱	red	survey-phonetic	2	R@-2	penultimate		f_grvjii26a2ykm	Palula lhoílu/lohílu/lhoyílu accents the final root syllable before u; Shina loólyo/loólu and Kohistani lhiílo have late long roots after h-related contraction. Blood léel has early long ee and a different substantivized formation. The source's money use is explicitly a modern plural metaphor based on red banknotes, not a historical etymological clue.
11168	*lōhila	Sh	Astor	schmidt	loólo	red	shina-mora	2	L@-2	penultimate		f_grvjii26a2ykm	Palula lhoílu/lohílu/lhoyílu accents the final root syllable before u; Shina loólyo/loólu and Kohistani lhiílo have late long roots after h-related contraction. Blood léel has early long ee and a different substantivized formation. The source's money use is explicitly a modern plural metaphor based on red banknotes, not a historical etymological clue.
11168	*lōhila	Sh	KachuraJel	backstrom1992	ˈlolo	red	survey-phonetic	2	stress-marked@-2	penultimate		f_jlkdeiob34iwu	Palula lhoílu/lohílu/lhoyílu accents the final root syllable before u; Shina loólyo/loólu and Kohistani lhiílo have late long roots after h-related contraction. Blood léel has early long ee and a different substantivized formation. The source's money use is explicitly a modern plural metaphor based on red banknotes, not a historical etymological clue.
11168	*lōhila	Sh	KachuraJel	backstrom1992	ˈlolʸo	red	survey-phonetic	2	stress-marked@-2	penultimate		f_6oxnwwt7pfefu	Palula lhoílu/lohílu/lhoyílu accents the final root syllable before u; Shina loólyo/loólu and Kohistani lhiílo have late long roots after h-related contraction. Blood léel has early long ee and a different substantivized formation. The source's money use is explicitly a modern plural metaphor based on red banknotes, not a historical etymological clue.
11168	*lōhila	Sh	Satpara	backstrom1992	ˈlolo	red	survey-phonetic	2	stress-marked@-2	penultimate		f_wmajedauy5fdc	Palula lhoílu/lohílu/lhoyílu accents the final root syllable before u; Shina loólyo/loólu and Kohistani lhiílo have late long roots after h-related contraction. Blood léel has early long ee and a different substantivized formation. The source's money use is explicitly a modern plural metaphor based on red banknotes, not a historical etymological clue.
11168	*lōhila	Sh	Gultari	backstrom1992	ˈloólo̱	red	survey-phonetic	2	R@-2	penultimate		f_gjdithrqpzggu	Palula lhoílu/lohílu/lhoyílu accents the final root syllable before u; Shina loólyo/loólu and Kohistani lhiílo have late long roots after h-related contraction. Blood léel has early long ee and a different substantivized formation. The source's money use is explicitly a modern plural metaphor based on red banknotes, not a historical etymological clue.
11168	*lōhila	Sh	Kharmang	backstrom1992	ˈlolo	red	survey-phonetic	2	stress-marked@-2	penultimate		f_qg2wssb7qkj3s	Palula lhoílu/lohílu/lhoyílu accents the final root syllable before u; Shina loólyo/loólu and Kohistani lhiílo have late long roots after h-related contraction. Blood léel has early long ee and a different substantivized formation. The source's money use is explicitly a modern plural metaphor based on red banknotes, not a historical etymological clue.
11168	*lōhila	Sh	dr	backstrom1992	ˈlolo	red	survey-phonetic	2	stress-marked@-2	penultimate		f_o65asuau2ande	Palula lhoílu/lohílu/lhoyílu accents the final root syllable before u; Shina loólyo/loólu and Kohistani lhiílo have late long roots after h-related contraction. Blood léel has early long ee and a different substantivized formation. The source's money use is explicitly a modern plural metaphor based on red banknotes, not a historical etymological clue.
11168	*lōhila	Sh	ChilasKhinar	backstrom1992	ˈlilo	red	survey-phonetic	2	stress-marked@-2	penultimate		f_3zsb35pzom5kw	Palula lhoílu/lohílu/lhoyílu accents the final root syllable before u; Shina loólyo/loólu and Kohistani lhiílo have late long roots after h-related contraction. Blood léel has early long ee and a different substantivized formation. The source's money use is explicitly a modern plural metaphor based on red banknotes, not a historical etymological clue.
11168	*lōhila	Sh	ChilasKhinar	backstrom1992	ˈlolo	red	survey-phonetic	2	stress-marked@-2	penultimate		f_6gkeucermxwju	Palula lhoílu/lohílu/lhoyílu accents the final root syllable before u; Shina loólyo/loólu and Kohistani lhiílo have late long roots after h-related contraction. Blood léel has early long ee and a different substantivized formation. The source's money use is explicitly a modern plural metaphor based on red banknotes, not a historical etymological clue.
11168	*lōhila	Sh	ChilasJelil	backstrom1992	ˈlilo	red	survey-phonetic	2	stress-marked@-2	penultimate		f_lol34udlmqq5w	Palula lhoílu/lohílu/lhoyílu accents the final root syllable before u; Shina loólyo/loólu and Kohistani lhiílo have late long roots after h-related contraction. Blood léel has early long ee and a different substantivized formation. The source's money use is explicitly a modern plural metaphor based on red banknotes, not a historical etymological clue.
11168	*lōhila	Sh	ChilasJelil	backstrom1992	ˈlolo	red	survey-phonetic	2	stress-marked@-2	penultimate		f_wejcz7wlkcrde	Palula lhoílu/lohílu/lhoyílu accents the final root syllable before u; Shina loólyo/loólu and Kohistani lhiílo have late long roots after h-related contraction. Blood léel has early long ee and a different substantivized formation. The source's money use is explicitly a modern plural metaphor based on red banknotes, not a historical etymological clue.
11168	*lōhila	Sh	ChilasJelil	backstrom1992	lɪˈhilo	red	survey-phonetic	2	stress-marked@-2	penultimate		f_g3pusix3ap77u	Palula lhoílu/lohílu/lhoyílu accents the final root syllable before u; Shina loólyo/loólu and Kohistani lhiílo have late long roots after h-related contraction. Blood léel has early long ee and a different substantivized formation. The source's money use is explicitly a modern plural metaphor based on red banknotes, not a historical etymological clue.
11168	*lōhila	Sh	Darel	backstrom1992	ˈliilo	red	survey-phonetic	2	stress-marked@-2	penultimate		f_x2opecsslktme	Palula lhoílu/lohílu/lhoyílu accents the final root syllable before u; Shina loólyo/loólu and Kohistani lhiílo have late long roots after h-related contraction. Blood léel has early long ee and a different substantivized formation. The source's money use is explicitly a modern plural metaphor based on red banknotes, not a historical etymological clue.
11168	*lōhila	Sh	Tangir	backstrom1992	luˈhilo	red	survey-phonetic	2	stress-marked@-2	penultimate		f_64tgfb2beg5em	Palula lhoílu/lohílu/lhoyílu accents the final root syllable before u; Shina loólyo/loólu and Kohistani lhiílo have late long roots after h-related contraction. Blood léel has early long ee and a different substantivized formation. The source's money use is explicitly a modern plural metaphor based on red banknotes, not a historical etymological clue.
11168	*lōhila	Sh	Sazin	backstrom1992	luˈhilo	red	survey-phonetic	2	stress-marked@-2	penultimate		f_waubnynyz276a	Palula lhoílu/lohílu/lhoyílu accents the final root syllable before u; Shina loólyo/loólu and Kohistani lhiílo have late long roots after h-related contraction. Blood léel has early long ee and a different substantivized formation. The source's money use is explicitly a modern plural metaphor based on red banknotes, not a historical etymological clue.
11168	*lōhila	Sh	Harban	backstrom1992	luˈelo	red	survey-phonetic	2	stress-marked@position-unresolved	unscorable	vowel-sequence-unresolved	f_7yci64cpuy4kw	Palula lhoílu/lohílu/lhoyílu accents the final root syllable before u; Shina loólyo/loólu and Kohistani lhiílo have late long roots after h-related contraction. Blood léel has early long ee and a different substantivized formation. The source's money use is explicitly a modern plural metaphor based on red banknotes, not a historical etymological clue.
11168	*lōhila	Sh	Harban	backstrom1992	ˈlolo	red	survey-phonetic	2	stress-marked@-2	penultimate		f_75dt3yta4engu	Palula lhoílu/lohílu/lhoyílu accents the final root syllable before u; Shina loólyo/loólu and Kohistani lhiílo have late long roots after h-related contraction. Blood léel has early long ee and a different substantivized formation. The source's money use is explicitly a modern plural metaphor based on red banknotes, not a historical etymological clue.
11168	*lōhila	Sh	Jalkot	backstrom1992	lɪ̱ˈhilo̱	red	survey-phonetic	2	stress-marked@-2	penultimate		f_lxx6qwtlbft7a	Palula lhoílu/lohílu/lhoyílu accents the final root syllable before u; Shina loólyo/loólu and Kohistani lhiílo have late long roots after h-related contraction. Blood léel has early long ee and a different substantivized formation. The source's money use is explicitly a modern plural metaphor based on red banknotes, not a historical etymological clue.
11168	*lōhila	Sh	pales	backstrom1992	li̱ˈhilu	red	survey-phonetic	2	stress-marked@-2	penultimate		f_7q756wstfnvrq	Palula lhoílu/lohílu/lhoyílu accents the final root syllable before u; Shina loólyo/loólu and Kohistani lhiílo have late long roots after h-related contraction. Blood léel has early long ee and a different substantivized formation. The source's money use is explicitly a modern plural metaphor based on red banknotes, not a historical etymological clue.
11168	*lōhila	Sh	Kolai	backstrom1992	li̱ˈhɪlo̱	red	survey-phonetic	2	stress-marked@-2	penultimate		f_342iq6vd45mfi	Palula lhoílu/lohílu/lhoyílu accents the final root syllable before u; Shina loólyo/loólu and Kohistani lhiílo have late long roots after h-related contraction. Blood léel has early long ee and a different substantivized formation. The source's money use is explicitly a modern plural metaphor based on red banknotes, not a historical etymological clue.
11168	*lōhila	Sh	gil	schmidt	loólyo	red	shina-mora	2	L@-2	penultimate		f_nop4rgt4eg2iu	Palula lhoílu/lohílu/lhoyílu accents the final root syllable before u; Shina loólyo/loólu and Kohistani lhiílo have late long roots after h-related contraction. Blood léel has early long ee and a different substantivized formation. The source's money use is explicitly a modern plural metaphor based on red banknotes, not a historical etymological clue.
11168	*lōhila	Sh	koh	schmidt	lhiílo	red	shina-mora	2	L@-2	penultimate		f_wseamorhwrxky	Palula lhoílu/lohílu/lhoyílu accents the final root syllable before u; Shina loólyo/loólu and Kohistani lhiílo have late long roots after h-related contraction. Blood léel has early long ee and a different substantivized formation. The source's money use is explicitly a modern plural metaphor based on red banknotes, not a historical etymological clue.
11168	*lōhila	Sh	gur	schmidt	loólu	red	shina-mora	2	L@-2	penultimate		f_of3cy4ny6awm6	Palula lhoílu/lohílu/lhoyílu accents the final root syllable before u; Shina loólyo/loólu and Kohistani lhiílo have late long roots after h-related contraction. Blood léel has early long ee and a different substantivized formation. The source's money use is explicitly a modern plural metaphor based on red banknotes, not a historical etymological clue.
11225	vaḍra	Sh	gil	CDIAL	bŏ́ṛŭ	big	historical-dictionary	2	syllable-marked@-2	penultimate		f_2kzeyj4avbvak	Gilgit, Kohistani and Astori báṛo and Guresi báṛu have short-root prominence before gender endings. Turner explicitly doubts direct derivation from vr̥ddhá, so that accented participle cannot be imported to manufacture a historical accent exception. The immediate vaḍra input is unaccented; the extended adjective outcome is nevertheless consistent across dialects.
11225	vaḍra	Sh	gur	CDIAL	băṛŭ	big	historical-dictionary		unmarked	unscorable	no-single-location-mark	f_nnbpqxf6cmdeu	Gilgit, Kohistani and Astori báṛo and Guresi báṛu have short-root prominence before gender endings. Turner explicitly doubts direct derivation from vr̥ddhá, so that accented participle cannot be imported to manufacture a historical accent exception. The immediate vaḍra input is unaccented; the extended adjective outcome is nevertheless consistent across dialects.
11225	vaḍra	Sh	Gupis	backstrom1992	ˈbʌṛo	big	survey-phonetic	2	stress-marked@-2	penultimate		f_amixxe42rbrwg	Gilgit, Kohistani and Astori báṛo and Guresi báṛu have short-root prominence before gender endings. Turner explicitly doubts direct derivation from vr̥ddhá, so that accented participle cannot be imported to manufacture a historical accent exception. The immediate vaḍra input is unaccented; the extended adjective outcome is nevertheless consistent across dialects.
11225	vaḍra	Sh	punl	backstrom1992	ˈbʌ̱ṛo̱	big	survey-phonetic	2	stress-marked@-2	penultimate		f_fjojp5lsjpa5m	Gilgit, Kohistani and Astori báṛo and Guresi báṛu have short-root prominence before gender endings. Turner explicitly doubts direct derivation from vr̥ddhá, so that accented participle cannot be imported to manufacture a historical accent exception. The immediate vaḍra input is unaccented; the extended adjective outcome is nevertheless consistent across dialects.
11225	vaḍra	Sh	HunzaNasirabad	backstrom1992	ˈbʌ̱ṛo	big	survey-phonetic	2	stress-marked@-2	penultimate		f_wpnhohgtgkxf2	Gilgit, Kohistani and Astori báṛo and Guresi báṛu have short-root prominence before gender endings. Turner explicitly doubts direct derivation from vr̥ddhá, so that accented participle cannot be imported to manufacture a historical accent exception. The immediate vaḍra input is unaccented; the extended adjective outcome is nevertheless consistent across dialects.
11225	vaḍra	Sh	NagarThol	backstrom1992	ˈbʌṛo	big	survey-phonetic	2	stress-marked@-2	penultimate		f_hzhabpjorhivk	Gilgit, Kohistani and Astori báṛo and Guresi báṛu have short-root prominence before gender endings. Turner explicitly doubts direct derivation from vr̥ddhá, so that accented participle cannot be imported to manufacture a historical accent exception. The immediate vaḍra input is unaccented; the extended adjective outcome is nevertheless consistent across dialects.
11225	vaḍra	Sh	NagarChalt	backstrom1992	ˈbʌṛo	big	survey-phonetic	2	stress-marked@-2	penultimate		f_7etaepywpupbc	Gilgit, Kohistani and Astori báṛo and Guresi báṛu have short-root prominence before gender endings. Turner explicitly doubts direct derivation from vr̥ddhá, so that accented participle cannot be imported to manufacture a historical accent exception. The immediate vaḍra input is unaccented; the extended adjective outcome is nevertheless consistent across dialects.
11225	vaḍra	Sh	gil	backstrom1992	ˈbʌṛo	big	survey-phonetic	2	stress-marked@-2	penultimate		f_vgzkj5mpiogfy	Gilgit, Kohistani and Astori báṛo and Guresi báṛu have short-root prominence before gender endings. Turner explicitly doubts direct derivation from vr̥ddhá, so that accented participle cannot be imported to manufacture a historical accent exception. The immediate vaḍra input is unaccented; the extended adjective outcome is nevertheless consistent across dialects.
11225	vaḍra	Sh	Haramosh	backstrom1992	ˈbʌṛo̱	big	survey-phonetic	2	stress-marked@-2	penultimate		f_5zrb3sxewwfqi	Gilgit, Kohistani and Astori báṛo and Guresi báṛu have short-root prominence before gender endings. Turner explicitly doubts direct derivation from vr̥ddhá, so that accented participle cannot be imported to manufacture a historical accent exception. The immediate vaḍra input is unaccented; the extended adjective outcome is nevertheless consistent across dialects.
11225	vaḍra	Sh	Bagrot	backstrom1992	ˈbʌṛo	big	survey-phonetic	2	stress-marked@-2	penultimate		f_pvkwbvdaie4om	Gilgit, Kohistani and Astori báṛo and Guresi báṛu have short-root prominence before gender endings. Turner explicitly doubts direct derivation from vr̥ddhá, so that accented participle cannot be imported to manufacture a historical accent exception. The immediate vaḍra input is unaccented; the extended adjective outcome is nevertheless consistent across dialects.
11225	vaḍra	Sh	Bunji	backstrom1992	ˈbʌṛo	big	survey-phonetic	2	stress-marked@-2	penultimate		f_ddq5mvsdmn44o	Gilgit, Kohistani and Astori báṛo and Guresi báṛu have short-root prominence before gender endings. Turner explicitly doubts direct derivation from vr̥ddhá, so that accented participle cannot be imported to manufacture a historical accent exception. The immediate vaḍra input is unaccented; the extended adjective outcome is nevertheless consistent across dialects.
11225	vaḍra	Sh	Rondu	backstrom1992	ˈbʌṛo	big	survey-phonetic	2	stress-marked@-2	penultimate		f_eirbqvi3mi324	Gilgit, Kohistani and Astori báṛo and Guresi báṛu have short-root prominence before gender endings. Turner explicitly doubts direct derivation from vr̥ddhá, so that accented participle cannot be imported to manufacture a historical accent exception. The immediate vaḍra input is unaccented; the extended adjective outcome is nevertheless consistent across dialects.
11225	vaḍra	Sh	Gahorabad	backstrom1992	ˈbʌṛo	big	survey-phonetic	2	stress-marked@-2	penultimate		f_f232gy7colip4	Gilgit, Kohistani and Astori báṛo and Guresi báṛu have short-root prominence before gender endings. Turner explicitly doubts direct derivation from vr̥ddhá, so that accented participle cannot be imported to manufacture a historical accent exception. The immediate vaḍra input is unaccented; the extended adjective outcome is nevertheless consistent across dialects.
11225	vaḍra	Sh	DashkinAstor	backstrom1992	ˈbʌṛo	big	survey-phonetic	2	stress-marked@-2	penultimate		f_ekgofmglrr6iq	Gilgit, Kohistani and Astori báṛo and Guresi báṛu have short-root prominence before gender endings. Turner explicitly doubts direct derivation from vr̥ddhá, so that accented participle cannot be imported to manufacture a historical accent exception. The immediate vaḍra input is unaccented; the extended adjective outcome is nevertheless consistent across dialects.
11225	vaḍra	Sh	Astor	backstrom1992	ˈbʌṛo	big	survey-phonetic	2	stress-marked@-2	penultimate		f_xmyn3vllq5h5m	Gilgit, Kohistani and Astori báṛo and Guresi báṛu have short-root prominence before gender endings. Turner explicitly doubts direct derivation from vr̥ddhá, so that accented participle cannot be imported to manufacture a historical accent exception. The immediate vaḍra input is unaccented; the extended adjective outcome is nevertheless consistent across dialects.
11225	vaḍra	Sh	KachuraJel	backstrom1992	ˈbʌṛo	big	survey-phonetic	2	stress-marked@-2	penultimate		f_4uv7zgbgc3ybw	Gilgit, Kohistani and Astori báṛo and Guresi báṛu have short-root prominence before gender endings. Turner explicitly doubts direct derivation from vr̥ddhá, so that accented participle cannot be imported to manufacture a historical accent exception. The immediate vaḍra input is unaccented; the extended adjective outcome is nevertheless consistent across dialects.
11225	vaḍra	Sh	Satpara	backstrom1992	ˈbʌṛo	big	survey-phonetic	2	stress-marked@-2	penultimate		f_2mgorwpnr6b2m	Gilgit, Kohistani and Astori báṛo and Guresi báṛu have short-root prominence before gender endings. Turner explicitly doubts direct derivation from vr̥ddhá, so that accented participle cannot be imported to manufacture a historical accent exception. The immediate vaḍra input is unaccented; the extended adjective outcome is nevertheless consistent across dialects.
11225	vaḍra	Sh	Gultari	backstrom1992	ˈbʌṛo	big	survey-phonetic	2	stress-marked@-2	penultimate		f_2q4hgvxlprota	Gilgit, Kohistani and Astori báṛo and Guresi báṛu have short-root prominence before gender endings. Turner explicitly doubts direct derivation from vr̥ddhá, so that accented participle cannot be imported to manufacture a historical accent exception. The immediate vaḍra input is unaccented; the extended adjective outcome is nevertheless consistent across dialects.
11225	vaḍra	Sh	Kharmang	backstrom1992	ˈboṛo	big	survey-phonetic	2	stress-marked@-2	penultimate		f_s6xegdb3u2mns	Gilgit, Kohistani and Astori báṛo and Guresi báṛu have short-root prominence before gender endings. Turner explicitly doubts direct derivation from vr̥ddhá, so that accented participle cannot be imported to manufacture a historical accent exception. The immediate vaḍra input is unaccented; the extended adjective outcome is nevertheless consistent across dialects.
11225	vaḍra	Sh	dr	backstrom1992	ˈbɑṛo	big	survey-phonetic	2	stress-marked@-2	penultimate		f_izy2vaxjhqqo4	Gilgit, Kohistani and Astori báṛo and Guresi báṛu have short-root prominence before gender endings. Turner explicitly doubts direct derivation from vr̥ddhá, so that accented participle cannot be imported to manufacture a historical accent exception. The immediate vaḍra input is unaccented; the extended adjective outcome is nevertheless consistent across dialects.
11225	vaḍra	Sh	ChilasKhinar	backstrom1992	ˈbʌṛo	big	survey-phonetic	2	stress-marked@-2	penultimate		f_6b4ocutbbn2ak	Gilgit, Kohistani and Astori báṛo and Guresi báṛu have short-root prominence before gender endings. Turner explicitly doubts direct derivation from vr̥ddhá, so that accented participle cannot be imported to manufacture a historical accent exception. The immediate vaḍra input is unaccented; the extended adjective outcome is nevertheless consistent across dialects.
11225	vaḍra	Sh	ChilasJelil	backstrom1992	ˈbʌṛo	big	survey-phonetic	2	stress-marked@-2	penultimate		f_tze3ha7yllml4	Gilgit, Kohistani and Astori báṛo and Guresi báṛu have short-root prominence before gender endings. Turner explicitly doubts direct derivation from vr̥ddhá, so that accented participle cannot be imported to manufacture a historical accent exception. The immediate vaḍra input is unaccented; the extended adjective outcome is nevertheless consistent across dialects.
11225	vaḍra	Sh	Darel	backstrom1992	ˈbʌṛo	big	survey-phonetic	2	stress-marked@-2	penultimate		f_ssm35u2vyavl4	Gilgit, Kohistani and Astori báṛo and Guresi báṛu have short-root prominence before gender endings. Turner explicitly doubts direct derivation from vr̥ddhá, so that accented participle cannot be imported to manufacture a historical accent exception. The immediate vaḍra input is unaccented; the extended adjective outcome is nevertheless consistent across dialects.
11225	vaḍra	Sh	Tangir	backstrom1992	ˈbʌṛo	big	survey-phonetic	2	stress-marked@-2	penultimate		f_qpzn6x6oqzefw	Gilgit, Kohistani and Astori báṛo and Guresi báṛu have short-root prominence before gender endings. Turner explicitly doubts direct derivation from vr̥ddhá, so that accented participle cannot be imported to manufacture a historical accent exception. The immediate vaḍra input is unaccented; the extended adjective outcome is nevertheless consistent across dialects.
11225	vaḍra	Sh	Sazin	backstrom1992	ˈbʌṛo	big	survey-phonetic	2	stress-marked@-2	penultimate		f_xy2ejg7ojjyek	Gilgit, Kohistani and Astori báṛo and Guresi báṛu have short-root prominence before gender endings. Turner explicitly doubts direct derivation from vr̥ddhá, so that accented participle cannot be imported to manufacture a historical accent exception. The immediate vaḍra input is unaccented; the extended adjective outcome is nevertheless consistent across dialects.
11225	vaḍra	Sh	Harban	backstrom1992	ˈbʌṛo	big	survey-phonetic	2	stress-marked@-2	penultimate		f_tbd3fz73ywnos	Gilgit, Kohistani and Astori báṛo and Guresi báṛu have short-root prominence before gender endings. Turner explicitly doubts direct derivation from vr̥ddhá, so that accented participle cannot be imported to manufacture a historical accent exception. The immediate vaḍra input is unaccented; the extended adjective outcome is nevertheless consistent across dialects.
11225	vaḍra	Sh	Jalkot	backstrom1992	ˈbʌṛo̱	big	survey-phonetic	2	stress-marked@-2	penultimate		f_7rml2xn2eblze	Gilgit, Kohistani and Astori báṛo and Guresi báṛu have short-root prominence before gender endings. Turner explicitly doubts direct derivation from vr̥ddhá, so that accented participle cannot be imported to manufacture a historical accent exception. The immediate vaḍra input is unaccented; the extended adjective outcome is nevertheless consistent across dialects.
11225	vaḍra	Sh	pales	backstrom1992	ˈbʌṛo	big	survey-phonetic	2	stress-marked@-2	penultimate		f_q3vxjacvagvlu	Gilgit, Kohistani and Astori báṛo and Guresi báṛu have short-root prominence before gender endings. Turner explicitly doubts direct derivation from vr̥ddhá, so that accented participle cannot be imported to manufacture a historical accent exception. The immediate vaḍra input is unaccented; the extended adjective outcome is nevertheless consistent across dialects.
11225	vaḍra	Sh	Kolai	backstrom1992	ˈbʌṛo	big	survey-phonetic	2	stress-marked@-2	penultimate		f_vbyombfzrkszq	Gilgit, Kohistani and Astori báṛo and Guresi báṛu have short-root prominence before gender endings. Turner explicitly doubts direct derivation from vr̥ddhá, so that accented participle cannot be imported to manufacture a historical accent exception. The immediate vaḍra input is unaccented; the extended adjective outcome is nevertheless consistent across dialects.
11225	vaḍra	Sh	gil	schmidt	báṛo	big	shina-mora	2	S@-2	penultimate		f_jn6hud2zdnbn6	Gilgit, Kohistani and Astori báṛo and Guresi báṛu have short-root prominence before gender endings. Turner explicitly doubts direct derivation from vr̥ddhá, so that accented participle cannot be imported to manufacture a historical accent exception. The immediate vaḍra input is unaccented; the extended adjective outcome is nevertheless consistent across dialects.
11225	vaḍra	Sh	koh	schmidt	báṛo	big	shina-mora	2	S@-2	penultimate		f_bq33i7ltba756	Gilgit, Kohistani and Astori báṛo and Guresi báṛu have short-root prominence before gender endings. Turner explicitly doubts direct derivation from vr̥ddhá, so that accented participle cannot be imported to manufacture a historical accent exception. The immediate vaḍra input is unaccented; the extended adjective outcome is nevertheless consistent across dialects.
11225	vaḍra	Sh	gur	schmidt	báṛu	big	shina-mora	2	S@-2	penultimate		f_xyzlazwxfp2su	Gilgit, Kohistani and Astori báṛo and Guresi báṛu have short-root prominence before gender endings. Turner explicitly doubts direct derivation from vr̥ddhá, so that accented participle cannot be imported to manufacture a historical accent exception. The immediate vaḍra input is unaccented; the extended adjective outcome is nevertheless consistent across dialects.
11225	vaḍra	Sh	Astor	schmidt	báṛo	big	shina-mora	2	S@-2	penultimate		f_acfpqfguddyem	Gilgit, Kohistani and Astori báṛo and Guresi báṛu have short-root prominence before gender endings. Turner explicitly doubts direct derivation from vr̥ddhá, so that accented participle cannot be imported to manufacture a historical accent exception. The immediate vaḍra input is unaccented; the extended adjective outcome is nevertheless consistent across dialects.
11225	vaḍra	Sh	gil	degener-shina2008	báṛo	big	gilgit-mora	2	S@-2	penultimate		f_r3u7jvmxk7o5o	Gilgit, Kohistani and Astori báṛo and Guresi báṛu have short-root prominence before gender endings. Turner explicitly doubts direct derivation from vr̥ddhá, so that accented participle cannot be imported to manufacture a historical accent exception. The immediate vaḍra input is unaccented; the extended adjective outcome is nevertheless consistent across dialects.
12196	vyā́tta	Sh	Sh	CDIAL	bātṷ	open	historical-dictionary		unmarked	unscorable	no-single-location-mark	f_nqn4lhiwvy2jy	Gilgit báato ‘open’ retains early accent on inherited long ā before an unaccented adjective ending. Both inherited barytonesis and the root-final extended adjective pattern predict the same result because the modern root has one syllable. This is an agreeing control, but it does not discriminate those explanations as strongly as multisyllabic dákṣiṇa or mánuṣa does.
12196	vyā́tta	Sh	gil	buddruss-shina1996	báato	open	gilgit-mora	2	E@-2	penultimate		f_l34kzhx6brex6	Gilgit báato ‘open’ retains early accent on inherited long ā before an unaccented adjective ending. Both inherited barytonesis and the root-final extended adjective pattern predict the same result because the modern root has one syllable. This is an agreeing control, but it does not discriminate those explanations as strongly as multisyllabic dákṣiṇa or mánuṣa does.
12487	śītalá	Sv	Sv	CDIAL	šalo	cold	historical-dictionary		unmarked	unscorable	no-single-location-mark	f_bd5c7uravgmyu	Palula šidáalu and Gilgit šidálo accent the final root syllable before an unaccented gender vowel, with western long versus Gilgit short a. Gilgit/Kohistani šaál ‘fever’ instead has a contracted late-long monosyllabic form and a different grammatical category. Both the retained adjective ending and the noun's contraction are independent conditioning features; the pair must not be collapsed into an irregular single outcome.
12487	śītalá	Phal	Phal	CDIAL	šidā́lo	cold	historical-dictionary	2	syllable-marked@-2	penultimate		f_wnrcol4q5utdg	Palula šidáalu and Gilgit šidálo accent the final root syllable before an unaccented gender vowel, with western long versus Gilgit short a. Gilgit/Kohistani šaál ‘fever’ instead has a contracted late-long monosyllabic form and a different grammatical category. Both the retained adjective ending and the noun's contraction are independent conditioning features; the pair must not be collapsed into an irregular single outcome.
12487	śītalá	Sh	Sh	CDIAL	šidắlŭ	cold	historical-dictionary	2	syllable-marked@-2	penultimate		f_kthaoh5wg54xe	Palula šidáalu and Gilgit šidálo accent the final root syllable before an unaccented gender vowel, with western long versus Gilgit short a. Gilgit/Kohistani šaál ‘fever’ instead has a contracted late-long monosyllabic form and a different grammatical category. Both the retained adjective ending and the noun's contraction are independent conditioning features; the pair must not be collapsed into an irregular single outcome.
12487	śītalá	Phal	Phal	liljegren	šidáalu	cold	palula-mora	2	E@-2	penultimate		f_55ww7ppfj4keu	Palula šidáalu and Gilgit šidálo accent the final root syllable before an unaccented gender vowel, with western long versus Gilgit short a. Gilgit/Kohistani šaál ‘fever’ instead has a contracted late-long monosyllabic form and a different grammatical category. Both the retained adjective ending and the noun's contraction are independent conditioning features; the pair must not be collapsed into an irregular single outcome.
12487	śītalá	Phal	Phal	strand	šidʹâlu	cold	strand-phonatory-accent	2	E@-2	penultimate		f_jvbxguvrurrmy	Palula šidáalu and Gilgit šidálo accent the final root syllable before an unaccented gender vowel, with western long versus Gilgit short a. Gilgit/Kohistani šaál ‘fever’ instead has a contracted late-long monosyllabic form and a different grammatical category. Both the retained adjective ending and the noun's contraction are independent conditioning features; the pair must not be collapsed into an irregular single outcome.
12487	śītalá	Sh	Gupis	backstrom1992	šɪˈdʌlo	cold	survey-phonetic	2	stress-marked@-2	penultimate		f_vbtbzpvfzj2ag	Palula šidáalu and Gilgit šidálo accent the final root syllable before an unaccented gender vowel, with western long versus Gilgit short a. Gilgit/Kohistani šaál ‘fever’ instead has a contracted late-long monosyllabic form and a different grammatical category. Both the retained adjective ending and the noun's contraction are independent conditioning features; the pair must not be collapsed into an irregular single outcome.
12487	śītalá	Sh	punl	backstrom1992	šɪˈdʌlo	cold	survey-phonetic	2	stress-marked@-2	penultimate		f_yaq3ykl6g4lvm	Palula šidáalu and Gilgit šidálo accent the final root syllable before an unaccented gender vowel, with western long versus Gilgit short a. Gilgit/Kohistani šaál ‘fever’ instead has a contracted late-long monosyllabic form and a different grammatical category. Both the retained adjective ending and the noun's contraction are independent conditioning features; the pair must not be collapsed into an irregular single outcome.
12487	śītalá	Sh	NagarThol	backstrom1992	šɪˈdɑlo	cold	survey-phonetic	2	stress-marked@-2	penultimate		f_s3gwddimfkygw	Palula šidáalu and Gilgit šidálo accent the final root syllable before an unaccented gender vowel, with western long versus Gilgit short a. Gilgit/Kohistani šaál ‘fever’ instead has a contracted late-long monosyllabic form and a different grammatical category. Both the retained adjective ending and the noun's contraction are independent conditioning features; the pair must not be collapsed into an irregular single outcome.
12487	śītalá	Sh	NagarChalt	backstrom1992	šɪˈdʌlo	cold	survey-phonetic	2	stress-marked@-2	penultimate		f_mhvz4p6qp7ewq	Palula šidáalu and Gilgit šidálo accent the final root syllable before an unaccented gender vowel, with western long versus Gilgit short a. Gilgit/Kohistani šaál ‘fever’ instead has a contracted late-long monosyllabic form and a different grammatical category. Both the retained adjective ending and the noun's contraction are independent conditioning features; the pair must not be collapsed into an irregular single outcome.
12487	śītalá	Sh	gil	backstrom1992	šiˈdɑlo	cold	survey-phonetic	2	stress-marked@-2	penultimate		f_uj4mpppgmokv2	Palula šidáalu and Gilgit šidálo accent the final root syllable before an unaccented gender vowel, with western long versus Gilgit short a. Gilgit/Kohistani šaál ‘fever’ instead has a contracted late-long monosyllabic form and a different grammatical category. Both the retained adjective ending and the noun's contraction are independent conditioning features; the pair must not be collapsed into an irregular single outcome.
12487	śītalá	Sh	Haramosh	backstrom1992	šɪˈdʌlo̱	cold	survey-phonetic	2	stress-marked@-2	penultimate		f_h4hp2sa55weka	Palula šidáalu and Gilgit šidálo accent the final root syllable before an unaccented gender vowel, with western long versus Gilgit short a. Gilgit/Kohistani šaál ‘fever’ instead has a contracted late-long monosyllabic form and a different grammatical category. Both the retained adjective ending and the noun's contraction are independent conditioning features; the pair must not be collapsed into an irregular single outcome.
12487	śītalá	Sh	Bagrot	backstrom1992	šiˈdʌlo	cold	survey-phonetic	2	stress-marked@-2	penultimate		f_eap7lzvzi66ru	Palula šidáalu and Gilgit šidálo accent the final root syllable before an unaccented gender vowel, with western long versus Gilgit short a. Gilgit/Kohistani šaál ‘fever’ instead has a contracted late-long monosyllabic form and a different grammatical category. Both the retained adjective ending and the noun's contraction are independent conditioning features; the pair must not be collapsed into an irregular single outcome.
12487	śītalá	Sh	Bunji	backstrom1992	šɪˈdɑlo	cold	survey-phonetic	2	stress-marked@-2	penultimate		f_2zwlsmwzvnf6u	Palula šidáalu and Gilgit šidálo accent the final root syllable before an unaccented gender vowel, with western long versus Gilgit short a. Gilgit/Kohistani šaál ‘fever’ instead has a contracted late-long monosyllabic form and a different grammatical category. Both the retained adjective ending and the noun's contraction are independent conditioning features; the pair must not be collapsed into an irregular single outcome.
12487	śītalá	Sh	Rondu	backstrom1992	šɪˈdʌlo	cold	survey-phonetic	2	stress-marked@-2	penultimate		f_srgeoxq7y3r2c	Palula šidáalu and Gilgit šidálo accent the final root syllable before an unaccented gender vowel, with western long versus Gilgit short a. Gilgit/Kohistani šaál ‘fever’ instead has a contracted late-long monosyllabic form and a different grammatical category. Both the retained adjective ending and the noun's contraction are independent conditioning features; the pair must not be collapsed into an irregular single outcome.
12487	śītalá	Sh	Gahorabad	backstrom1992	šiˈdʌlo	cold	survey-phonetic	2	stress-marked@-2	penultimate		f_r4m6xosszzes2	Palula šidáalu and Gilgit šidálo accent the final root syllable before an unaccented gender vowel, with western long versus Gilgit short a. Gilgit/Kohistani šaál ‘fever’ instead has a contracted late-long monosyllabic form and a different grammatical category. Both the retained adjective ending and the noun's contraction are independent conditioning features; the pair must not be collapsed into an irregular single outcome.
12487	śītalá	Sh	DashkinAstor	backstrom1992	šɪˈdʌlo	cold	survey-phonetic	2	stress-marked@-2	penultimate		f_fod4ysg6jcxtw	Palula šidáalu and Gilgit šidálo accent the final root syllable before an unaccented gender vowel, with western long versus Gilgit short a. Gilgit/Kohistani šaál ‘fever’ instead has a contracted late-long monosyllabic form and a different grammatical category. Both the retained adjective ending and the noun's contraction are independent conditioning features; the pair must not be collapsed into an irregular single outcome.
12487	śītalá	Sh	KachuraJel	backstrom1992	šɪˈdʌlo	cold	survey-phonetic	2	stress-marked@-2	penultimate		f_todcxel63ch5s	Palula šidáalu and Gilgit šidálo accent the final root syllable before an unaccented gender vowel, with western long versus Gilgit short a. Gilgit/Kohistani šaál ‘fever’ instead has a contracted late-long monosyllabic form and a different grammatical category. Both the retained adjective ending and the noun's contraction are independent conditioning features; the pair must not be collapsed into an irregular single outcome.
12487	śītalá	Sh	ChilasKhinar	backstrom1992	šiˈdʌlo	cold	survey-phonetic	2	stress-marked@-2	penultimate		f_5gve5qndfm6v2	Palula šidáalu and Gilgit šidálo accent the final root syllable before an unaccented gender vowel, with western long versus Gilgit short a. Gilgit/Kohistani šaál ‘fever’ instead has a contracted late-long monosyllabic form and a different grammatical category. Both the retained adjective ending and the noun's contraction are independent conditioning features; the pair must not be collapsed into an irregular single outcome.
12487	śītalá	Sh	ChilasJelil	backstrom1992	šiˈdʌlo	cold	survey-phonetic	2	stress-marked@-2	penultimate		f_pbhngeho5mh7q	Palula šidáalu and Gilgit šidálo accent the final root syllable before an unaccented gender vowel, with western long versus Gilgit short a. Gilgit/Kohistani šaál ‘fever’ instead has a contracted late-long monosyllabic form and a different grammatical category. Both the retained adjective ending and the noun's contraction are independent conditioning features; the pair must not be collapsed into an irregular single outcome.
12487	śītalá	Sh	Darel	backstrom1992	ši̱ˈḍɑlo	cold	survey-phonetic	2	stress-marked@-2	penultimate		f_7ckewfgzlq63q	Palula šidáalu and Gilgit šidálo accent the final root syllable before an unaccented gender vowel, with western long versus Gilgit short a. Gilgit/Kohistani šaál ‘fever’ instead has a contracted late-long monosyllabic form and a different grammatical category. Both the retained adjective ending and the noun's contraction are independent conditioning features; the pair must not be collapsed into an irregular single outcome.
12487	śītalá	Sh	Tangir	backstrom1992	šiˈdʌlo	cold	survey-phonetic	2	stress-marked@-2	penultimate		f_gljj3p62fnv2y	Palula šidáalu and Gilgit šidálo accent the final root syllable before an unaccented gender vowel, with western long versus Gilgit short a. Gilgit/Kohistani šaál ‘fever’ instead has a contracted late-long monosyllabic form and a different grammatical category. Both the retained adjective ending and the noun's contraction are independent conditioning features; the pair must not be collapsed into an irregular single outcome.
12487	śītalá	Sh	Sazin	backstrom1992	šɪˈdʌlo	cold	survey-phonetic	2	stress-marked@-2	penultimate		f_s75ykhicnqnio	Palula šidáalu and Gilgit šidálo accent the final root syllable before an unaccented gender vowel, with western long versus Gilgit short a. Gilgit/Kohistani šaál ‘fever’ instead has a contracted late-long monosyllabic form and a different grammatical category. Both the retained adjective ending and the noun's contraction are independent conditioning features; the pair must not be collapsed into an irregular single outcome.
12487	śītalá	Sh	gil	schmidt	šidálo	cold	shina-mora	2	S@-2	penultimate		f_k3cqz4c6ztifq	Palula šidáalu and Gilgit šidálo accent the final root syllable before an unaccented gender vowel, with western long versus Gilgit short a. Gilgit/Kohistani šaál ‘fever’ instead has a contracted late-long monosyllabic form and a different grammatical category. Both the retained adjective ending and the noun's contraction are independent conditioning features; the pair must not be collapsed into an irregular single outcome.
12487	śītalá	Sh	gil	degener-shina2008	šidálo	cold	gilgit-mora	2	S@-2	penultimate		f_rohkcynhsbly6	Palula šidáalu and Gilgit šidálo accent the final root syllable before an unaccented gender vowel, with western long versus Gilgit short a. Gilgit/Kohistani šaál ‘fever’ instead has a contracted late-long monosyllabic form and a different grammatical category. Both the retained adjective ending and the noun's contraction are independent conditioning features; the pair must not be collapsed into an irregular single outcome.
12548	śúṣka	Sv	Sv	CDIAL	šukho	dry	historical-dictionary		unmarked	unscorable	no-single-location-mark	f_xjteo55bupvh6	Shina súkho/šúkho/šúku and Strand šʹuko have initial short-root prominence before an unaccented adjective ending, compatible with old barytonesis and the extended adjective pattern. Liljegren šúša ‘dry out’ is a verb with a different consonant and citation ending, linked through the lexical family rather than an identical sound-reflex formation. Kundal short śok/śuk lacks the adjective's ending.
12548	śúṣka	Phal	Phal	CDIAL	šuko	dry	historical-dictionary		unmarked	unscorable	no-single-location-mark	f_ahk267xernxyg	Shina súkho/šúkho/šúku and Strand šʹuko have initial short-root prominence before an unaccented adjective ending, compatible with old barytonesis and the extended adjective pattern. Liljegren šúša ‘dry out’ is a verb with a different consonant and citation ending, linked through the lexical family rather than an identical sound-reflex formation. Kundal short śok/śuk lacks the adjective's ending.
12548	śúṣka	Sh	gil	CDIAL	šūkṷ	dry	historical-dictionary		unmarked	unscorable	no-single-location-mark	f_qw4bntr3x6aq4	Shina súkho/šúkho/šúku and Strand šʹuko have initial short-root prominence before an unaccented adjective ending, compatible with old barytonesis and the extended adjective pattern. Liljegren šúša ‘dry out’ is a verb with a different consonant and citation ending, linked through the lexical family rather than an identical sound-reflex formation. Kundal short śok/śuk lacks the adjective's ending.
12548	śúṣka	Sh	koh	CDIAL	šŭkhŭ	dry	historical-dictionary		unmarked	unscorable	no-single-location-mark	f_tnj4m2hnkyfwq	Shina súkho/šúkho/šúku and Strand šʹuko have initial short-root prominence before an unaccented adjective ending, compatible with old barytonesis and the extended adjective pattern. Liljegren šúša ‘dry out’ is a verb with a different consonant and citation ending, linked through the lexical family rather than an identical sound-reflex formation. Kundal short śok/śuk lacks the adjective's ending.
12548	śúṣka	Sh	jij	CDIAL	šuku	dry	historical-dictionary		unmarked	unscorable	no-single-location-mark	f_i52nm3ntd7pni	Shina súkho/šúkho/šúku and Strand šʹuko have initial short-root prominence before an unaccented adjective ending, compatible with old barytonesis and the extended adjective pattern. Liljegren šúša ‘dry out’ is a verb with a different consonant and citation ending, linked through the lexical family rather than an identical sound-reflex formation. Kundal short śok/śuk lacks the adjective's ending.
12548	śúṣka	Phal	Phal	liljegren	šúša	to dry (out)	palula-mora	2	S@-2	penultimate		f_cdocgdie4sdw6	Shina súkho/šúkho/šúku and Strand šʹuko have initial short-root prominence before an unaccented adjective ending, compatible with old barytonesis and the extended adjective pattern. Liljegren šúša ‘dry out’ is a verb with a different consonant and citation ending, linked through the lexical family rather than an identical sound-reflex formation. Kundal short śok/śuk lacks the adjective's ending.
12548	śúṣka	Phal	biori	liljegren	šúše	to dry (out)	palula-mora	2	S@-2	penultimate		f_vc4qsgd4dey4g	Shina súkho/šúkho/šúku and Strand šʹuko have initial short-root prominence before an unaccented adjective ending, compatible with old barytonesis and the extended adjective pattern. Liljegren šúša ‘dry out’ is a verb with a different consonant and citation ending, linked through the lexical family rather than an identical sound-reflex formation. Kundal short śok/śuk lacks the adjective's ending.
12548	śúṣka	Phal	Phal	strand	šʹuko	dry	strand-phonatory-accent	2	S@-2	penultimate		f_cjrnsbqnmfuuo	Shina súkho/šúkho/šúku and Strand šʹuko have initial short-root prominence before an unaccented adjective ending, compatible with old barytonesis and the extended adjective pattern. Liljegren šúša ‘dry out’ is a verb with a different consonant and citation ending, linked through the lexical family rather than an identical sound-reflex formation. Kundal short śok/śuk lacks the adjective's ending.
12548	śúṣka	Sh	Gupis	backstrom1992	ˈšuko	dry	survey-phonetic	2	stress-marked@-2	penultimate		f_ohbsfiw7wp34m	Shina súkho/šúkho/šúku and Strand šʹuko have initial short-root prominence before an unaccented adjective ending, compatible with old barytonesis and the extended adjective pattern. Liljegren šúša ‘dry out’ is a verb with a different consonant and citation ending, linked through the lexical family rather than an identical sound-reflex formation. Kundal short śok/śuk lacks the adjective's ending.
12548	śúṣka	Sh	punl	backstrom1992	ˈšuko	dry	survey-phonetic	2	stress-marked@-2	penultimate		f_gmcdjnlxsb54m	Shina súkho/šúkho/šúku and Strand šʹuko have initial short-root prominence before an unaccented adjective ending, compatible with old barytonesis and the extended adjective pattern. Liljegren šúša ‘dry out’ is a verb with a different consonant and citation ending, linked through the lexical family rather than an identical sound-reflex formation. Kundal short śok/śuk lacks the adjective's ending.
12548	śúṣka	Sh	HunzaNasirabad	backstrom1992	ˈšuko̱	dry	survey-phonetic	2	stress-marked@-2	penultimate		f_d2anmkxleslo4	Shina súkho/šúkho/šúku and Strand šʹuko have initial short-root prominence before an unaccented adjective ending, compatible with old barytonesis and the extended adjective pattern. Liljegren šúša ‘dry out’ is a verb with a different consonant and citation ending, linked through the lexical family rather than an identical sound-reflex formation. Kundal short śok/śuk lacks the adjective's ending.
12548	śúṣka	Sh	NagarThol	backstrom1992	ˈšuku̱	dry	survey-phonetic	2	stress-marked@-2	penultimate		f_h6havb6sduwd2	Shina súkho/šúkho/šúku and Strand šʹuko have initial short-root prominence before an unaccented adjective ending, compatible with old barytonesis and the extended adjective pattern. Liljegren šúša ‘dry out’ is a verb with a different consonant and citation ending, linked through the lexical family rather than an identical sound-reflex formation. Kundal short śok/śuk lacks the adjective's ending.
12548	śúṣka	Sh	NagarChalt	backstrom1992	ˈšuku̱	dry	survey-phonetic	2	stress-marked@-2	penultimate		f_cd6mlvngji6tk	Shina súkho/šúkho/šúku and Strand šʹuko have initial short-root prominence before an unaccented adjective ending, compatible with old barytonesis and the extended adjective pattern. Liljegren šúša ‘dry out’ is a verb with a different consonant and citation ending, linked through the lexical family rather than an identical sound-reflex formation. Kundal short śok/śuk lacks the adjective's ending.
12548	śúṣka	Sh	gil	backstrom1992	ˈšuko̱	dry	survey-phonetic	2	stress-marked@-2	penultimate		f_d3w2wi3vqe53y	Shina súkho/šúkho/šúku and Strand šʹuko have initial short-root prominence before an unaccented adjective ending, compatible with old barytonesis and the extended adjective pattern. Liljegren šúša ‘dry out’ is a verb with a different consonant and citation ending, linked through the lexical family rather than an identical sound-reflex formation. Kundal short śok/śuk lacks the adjective's ending.
12548	śúṣka	Sh	Haramosh	backstrom1992	ˈšu̱ko̱	dry	survey-phonetic	2	stress-marked@-2	penultimate		f_hnk7uwit4272c	Shina súkho/šúkho/šúku and Strand šʹuko have initial short-root prominence before an unaccented adjective ending, compatible with old barytonesis and the extended adjective pattern. Liljegren šúša ‘dry out’ is a verb with a different consonant and citation ending, linked through the lexical family rather than an identical sound-reflex formation. Kundal short śok/śuk lacks the adjective's ending.
12548	śúṣka	Sh	Bagrot	backstrom1992	ˈšuko̱	dry	survey-phonetic	2	stress-marked@-2	penultimate		f_jrfcen3tuc3l4	Shina súkho/šúkho/šúku and Strand šʹuko have initial short-root prominence before an unaccented adjective ending, compatible with old barytonesis and the extended adjective pattern. Liljegren šúša ‘dry out’ is a verb with a different consonant and citation ending, linked through the lexical family rather than an identical sound-reflex formation. Kundal short śok/śuk lacks the adjective's ending.
12548	śúṣka	Sh	Bunji	backstrom1992	ˈšuko̱	dry	survey-phonetic	2	stress-marked@-2	penultimate		f_4kowtgq7yqrnw	Shina súkho/šúkho/šúku and Strand šʹuko have initial short-root prominence before an unaccented adjective ending, compatible with old barytonesis and the extended adjective pattern. Liljegren šúša ‘dry out’ is a verb with a different consonant and citation ending, linked through the lexical family rather than an identical sound-reflex formation. Kundal short śok/śuk lacks the adjective's ending.
12548	śúṣka	Sh	Rondu	backstrom1992	ˈšuko	dry	survey-phonetic	2	stress-marked@-2	penultimate		f_chpae3wz6lyee	Shina súkho/šúkho/šúku and Strand šʹuko have initial short-root prominence before an unaccented adjective ending, compatible with old barytonesis and the extended adjective pattern. Liljegren šúša ‘dry out’ is a verb with a different consonant and citation ending, linked through the lexical family rather than an identical sound-reflex formation. Kundal short śok/śuk lacks the adjective's ending.
12548	śúṣka	Sh	Gahorabad	backstrom1992	ˈšuko	dry	survey-phonetic	2	stress-marked@-2	penultimate		f_wozdlkou3rovi	Shina súkho/šúkho/šúku and Strand šʹuko have initial short-root prominence before an unaccented adjective ending, compatible with old barytonesis and the extended adjective pattern. Liljegren šúša ‘dry out’ is a verb with a different consonant and citation ending, linked through the lexical family rather than an identical sound-reflex formation. Kundal short śok/śuk lacks the adjective's ending.
12548	śúṣka	Sh	DashkinAstor	backstrom1992	ˈšuko̱	dry	survey-phonetic	2	stress-marked@-2	penultimate		f_t2eyo22s3yb6o	Shina súkho/šúkho/šúku and Strand šʹuko have initial short-root prominence before an unaccented adjective ending, compatible with old barytonesis and the extended adjective pattern. Liljegren šúša ‘dry out’ is a verb with a different consonant and citation ending, linked through the lexical family rather than an identical sound-reflex formation. Kundal short śok/śuk lacks the adjective's ending.
12548	śúṣka	Sh	Astor	backstrom1992	ˈšuko̱	dry	survey-phonetic	2	stress-marked@-2	penultimate		f_zlmuarh4lx6we	Shina súkho/šúkho/šúku and Strand šʹuko have initial short-root prominence before an unaccented adjective ending, compatible with old barytonesis and the extended adjective pattern. Liljegren šúša ‘dry out’ is a verb with a different consonant and citation ending, linked through the lexical family rather than an identical sound-reflex formation. Kundal short śok/śuk lacks the adjective's ending.
12548	śúṣka	Sh	KachuraJel	backstrom1992	ˈšuko	dry	survey-phonetic	2	stress-marked@-2	penultimate		f_exxvi63oea7qg	Shina súkho/šúkho/šúku and Strand šʹuko have initial short-root prominence before an unaccented adjective ending, compatible with old barytonesis and the extended adjective pattern. Liljegren šúša ‘dry out’ is a verb with a different consonant and citation ending, linked through the lexical family rather than an identical sound-reflex formation. Kundal short śok/śuk lacks the adjective's ending.
12548	śúṣka	Sh	Satpara	backstrom1992	ˈšuko	dry	survey-phonetic	2	stress-marked@-2	penultimate		f_krhvyy6fi6hnc	Shina súkho/šúkho/šúku and Strand šʹuko have initial short-root prominence before an unaccented adjective ending, compatible with old barytonesis and the extended adjective pattern. Liljegren šúša ‘dry out’ is a verb with a different consonant and citation ending, linked through the lexical family rather than an identical sound-reflex formation. Kundal short śok/śuk lacks the adjective's ending.
12548	śúṣka	Sh	Gultari	backstrom1992	ˈšuko̱	dry	survey-phonetic	2	stress-marked@-2	penultimate		f_dg3cwyk7fol46	Shina súkho/šúkho/šúku and Strand šʹuko have initial short-root prominence before an unaccented adjective ending, compatible with old barytonesis and the extended adjective pattern. Liljegren šúša ‘dry out’ is a verb with a different consonant and citation ending, linked through the lexical family rather than an identical sound-reflex formation. Kundal short śok/śuk lacks the adjective's ending.
12548	śúṣka	Sh	Kharmang	backstrom1992	ˈšuko	dry	survey-phonetic	2	stress-marked@-2	penultimate		f_ln5xbxwho54kc	Shina súkho/šúkho/šúku and Strand šʹuko have initial short-root prominence before an unaccented adjective ending, compatible with old barytonesis and the extended adjective pattern. Liljegren šúša ‘dry out’ is a verb with a different consonant and citation ending, linked through the lexical family rather than an identical sound-reflex formation. Kundal short śok/śuk lacks the adjective's ending.
12548	śúṣka	Sh	dr	backstrom1992	ˈšuko	dry	survey-phonetic	2	stress-marked@-2	penultimate		f_hniewywe4tsoi	Shina súkho/šúkho/šúku and Strand šʹuko have initial short-root prominence before an unaccented adjective ending, compatible with old barytonesis and the extended adjective pattern. Liljegren šúša ‘dry out’ is a verb with a different consonant and citation ending, linked through the lexical family rather than an identical sound-reflex formation. Kundal short śok/śuk lacks the adjective's ending.
12548	śúṣka	Sh	ChilasKhinar	backstrom1992	ˈšuko̱	dry	survey-phonetic	2	stress-marked@-2	penultimate		f_7rr3r76pvkecs	Shina súkho/šúkho/šúku and Strand šʹuko have initial short-root prominence before an unaccented adjective ending, compatible with old barytonesis and the extended adjective pattern. Liljegren šúša ‘dry out’ is a verb with a different consonant and citation ending, linked through the lexical family rather than an identical sound-reflex formation. Kundal short śok/śuk lacks the adjective's ending.
12548	śúṣka	Sh	ChilasJelil	backstrom1992	ˈšuko̱	dry	survey-phonetic	2	stress-marked@-2	penultimate		f_oclukx5a4ofwg	Shina súkho/šúkho/šúku and Strand šʹuko have initial short-root prominence before an unaccented adjective ending, compatible with old barytonesis and the extended adjective pattern. Liljegren šúša ‘dry out’ is a verb with a different consonant and citation ending, linked through the lexical family rather than an identical sound-reflex formation. Kundal short śok/śuk lacks the adjective's ending.
12548	śúṣka	Sh	Darel	backstrom1992	ˈšuko	dry	survey-phonetic	2	stress-marked@-2	penultimate		f_tjiuc3jjlt2fm	Shina súkho/šúkho/šúku and Strand šʹuko have initial short-root prominence before an unaccented adjective ending, compatible with old barytonesis and the extended adjective pattern. Liljegren šúša ‘dry out’ is a verb with a different consonant and citation ending, linked through the lexical family rather than an identical sound-reflex formation. Kundal short śok/śuk lacks the adjective's ending.
12548	śúṣka	Sh	Tangir	backstrom1992	ˈšuko	dry	survey-phonetic	2	stress-marked@-2	penultimate		f_ipc2ejzsi2wew	Shina súkho/šúkho/šúku and Strand šʹuko have initial short-root prominence before an unaccented adjective ending, compatible with old barytonesis and the extended adjective pattern. Liljegren šúša ‘dry out’ is a verb with a different consonant and citation ending, linked through the lexical family rather than an identical sound-reflex formation. Kundal short śok/śuk lacks the adjective's ending.
12548	śúṣka	Sh	Sazin	backstrom1992	ˈšuko	dry	survey-phonetic	2	stress-marked@-2	penultimate		f_rmyh6shs6revg	Shina súkho/šúkho/šúku and Strand šʹuko have initial short-root prominence before an unaccented adjective ending, compatible with old barytonesis and the extended adjective pattern. Liljegren šúša ‘dry out’ is a verb with a different consonant and citation ending, linked through the lexical family rather than an identical sound-reflex formation. Kundal short śok/śuk lacks the adjective's ending.
12548	śúṣka	Sh	Harban	backstrom1992	ˈšuko	dry	survey-phonetic	2	stress-marked@-2	penultimate		f_tsyefhgd2yy72	Shina súkho/šúkho/šúku and Strand šʹuko have initial short-root prominence before an unaccented adjective ending, compatible with old barytonesis and the extended adjective pattern. Liljegren šúša ‘dry out’ is a verb with a different consonant and citation ending, linked through the lexical family rather than an identical sound-reflex formation. Kundal short śok/śuk lacks the adjective's ending.
12548	śúṣka	Sh	Jalkot	backstrom1992	ˈšiku̥	dry	survey-phonetic	2	stress-marked@-2	penultimate		f_qcdbzefma4qqi	Shina súkho/šúkho/šúku and Strand šʹuko have initial short-root prominence before an unaccented adjective ending, compatible with old barytonesis and the extended adjective pattern. Liljegren šúša ‘dry out’ is a verb with a different consonant and citation ending, linked through the lexical family rather than an identical sound-reflex formation. Kundal short śok/śuk lacks the adjective's ending.
12548	śúṣka	Sh	pales	backstrom1992	ˈšu̱ku̥	dry	survey-phonetic	2	stress-marked@-2	penultimate		f_vwhm5xhpaomis	Shina súkho/šúkho/šúku and Strand šʹuko have initial short-root prominence before an unaccented adjective ending, compatible with old barytonesis and the extended adjective pattern. Liljegren šúša ‘dry out’ is a verb with a different consonant and citation ending, linked through the lexical family rather than an identical sound-reflex formation. Kundal short śok/śuk lacks the adjective's ending.
12548	śúṣka	Sh	Kolai	backstrom1992	ˈšuku̥	dry	survey-phonetic	2	stress-marked@-2	penultimate		f_lsj6rsqzgvy24	Shina súkho/šúkho/šúku and Strand šʹuko have initial short-root prominence before an unaccented adjective ending, compatible with old barytonesis and the extended adjective pattern. Liljegren šúša ‘dry out’ is a verb with a different consonant and citation ending, linked through the lexical family rather than an identical sound-reflex formation. Kundal short śok/śuk lacks the adjective's ending.
12548	śúṣka	Sh	gil	schmidt	súkho	dry	shina-mora	2	S@-2	penultimate		f_k2h2srpxm6rl2	Shina súkho/šúkho/šúku and Strand šʹuko have initial short-root prominence before an unaccented adjective ending, compatible with old barytonesis and the extended adjective pattern. Liljegren šúša ‘dry out’ is a verb with a different consonant and citation ending, linked through the lexical family rather than an identical sound-reflex formation. Kundal short śok/śuk lacks the adjective's ending.
12548	śúṣka	Sh	koh	schmidt	šúkho	dry	shina-mora	2	S@-2	penultimate		f_3qst5462vb2s2	Shina súkho/šúkho/šúku and Strand šʹuko have initial short-root prominence before an unaccented adjective ending, compatible with old barytonesis and the extended adjective pattern. Liljegren šúša ‘dry out’ is a verb with a different consonant and citation ending, linked through the lexical family rather than an identical sound-reflex formation. Kundal short śok/śuk lacks the adjective's ending.
12548	śúṣka	Sh	gur	schmidt	šúku	dry	shina-mora	2	S@-2	penultimate		f_julntmlin43dy	Shina súkho/šúkho/šúku and Strand šʹuko have initial short-root prominence before an unaccented adjective ending, compatible with old barytonesis and the extended adjective pattern. Liljegren šúša ‘dry out’ is a verb with a different consonant and citation ending, linked through the lexical family rather than an identical sound-reflex formation. Kundal short śok/śuk lacks the adjective's ending.
12548	śúṣka	Sh	Astor	schmidt	šúku	dry	shina-mora	2	S@-2	penultimate		f_ylruh7oj7cz6q	Shina súkho/šúkho/šúku and Strand šʹuko have initial short-root prominence before an unaccented adjective ending, compatible with old barytonesis and the extended adjective pattern. Liljegren šúša ‘dry out’ is a verb with a different consonant and citation ending, linked through the lexical family rather than an identical sound-reflex formation. Kundal short śok/śuk lacks the adjective's ending.
12548	śúṣka	Sh	gil	degener-shina2008	šúko	dry	gilgit-mora	2	S@-2	penultimate		f_zzfintjsdl77e	Shina súkho/šúkho/šúku and Strand šʹuko have initial short-root prominence before an unaccented adjective ending, compatible with old barytonesis and the extended adjective pattern. Liljegren šúša ‘dry out’ is a verb with a different consonant and citation ending, linked through the lexical family rather than an identical sound-reflex formation. Kundal short śok/śuk lacks the adjective's ending.
12717	*śrēḍa	Sv	Sv	CDIAL	séṛo	blind	historical-dictionary	2	syllable-marked@-2	penultimate		f_fytpy335ngnca	Palula ṣíiṛu/Strand ṣʹîṛo has early long root prominence before u/o, whereas Sawi séṛo has short initial prominence. The old source entertains several competing defective or broken-root analyses, including contamination. Modern agreement in root placement supports a morphological class but cannot choose the proto-root or its accent.
12717	*śrēḍa	Phal	Phal	CDIAL	ṣī́ṛu	blind	historical-dictionary	2	syllable-marked@-2	penultimate		f_jcbadhdfwv2ec	Palula ṣíiṛu/Strand ṣʹîṛo has early long root prominence before u/o, whereas Sawi séṛo has short initial prominence. The old source entertains several competing defective or broken-root analyses, including contamination. Modern agreement in root placement supports a morphological class but cannot choose the proto-root or its accent.
12717	*śrēḍa	Phal	Phal	liljegren	ṣíiṛu	blind (person)	palula-mora	2	E@-2	penultimate		f_h4poxjgevd7km	Palula ṣíiṛu/Strand ṣʹîṛo has early long root prominence before u/o, whereas Sawi séṛo has short initial prominence. The old source entertains several competing defective or broken-root analyses, including contamination. Modern agreement in root placement supports a morphological class but cannot choose the proto-root or its accent.
12717	*śrēḍa	Phal	Phal	strand	ṣʹîṛo	blind	strand-phonatory-accent	2	E@-2	penultimate		f_drd7lehnmwqpm	Palula ṣíiṛu/Strand ṣʹîṛo has early long root prominence before u/o, whereas Sawi séṛo has short initial prominence. The old source entertains several competing defective or broken-root analyses, including contamination. Modern agreement in root placement supports a morphological class but cannot choose the proto-root or its accent.
12774	śvētá	Sh	gil	CDIAL	šeo	white	historical-dictionary		unmarked	unscorable	vowel-sequence-unresolved;no-single-location-mark	f_evexugwaidwks	Gilgit šéeyo/Astori šéeo have early long-root prominence before an unaccented ending; Kohistani/Guresi šóo contracts the fuller sequence. The outcome fits root-final adjective reaccentuation from old final a, followed by dialectal contraction. Because the old root is monosyllabic, the class's locus prediction is clear but its historical -aka versus analogical extension requires independent morphology.
12774	śvētá	Sh	pales	CDIAL	šīu	white	historical-dictionary		unmarked	unscorable	vowel-sequence-unresolved;no-single-location-mark	f_4kpjupvv76764	Gilgit šéeyo/Astori šéeo have early long-root prominence before an unaccented ending; Kohistani/Guresi šóo contracts the fuller sequence. The outcome fits root-final adjective reaccentuation from old final a, followed by dialectal contraction. Because the old root is monosyllabic, the class's locus prediction is clear but its historical -aka versus analogical extension requires independent morphology.
12774	śvētá	Sh	Gupis	backstrom1992	ˈšeo	white	survey-phonetic	2	stress-marked@position-unresolved	unscorable	vowel-sequence-unresolved	f_7ozc2mh4u2tqs	Gilgit šéeyo/Astori šéeo have early long-root prominence before an unaccented ending; Kohistani/Guresi šóo contracts the fuller sequence. The outcome fits root-final adjective reaccentuation from old final a, followed by dialectal contraction. Because the old root is monosyllabic, the class's locus prediction is clear but its historical -aka versus analogical extension requires independent morphology.
12774	śvētá	Sh	punl	backstrom1992	ˈšeo	white	survey-phonetic	2	stress-marked@position-unresolved	unscorable	vowel-sequence-unresolved	f_tlepkk36t5bii	Gilgit šéeyo/Astori šéeo have early long-root prominence before an unaccented ending; Kohistani/Guresi šóo contracts the fuller sequence. The outcome fits root-final adjective reaccentuation from old final a, followed by dialectal contraction. Because the old root is monosyllabic, the class's locus prediction is clear but its historical -aka versus analogical extension requires independent morphology.
12774	śvētá	Sh	HunzaNasirabad	backstrom1992	ˈšeo	white	survey-phonetic	2	stress-marked@position-unresolved	unscorable	vowel-sequence-unresolved	f_56wmqnz2duqjc	Gilgit šéeyo/Astori šéeo have early long-root prominence before an unaccented ending; Kohistani/Guresi šóo contracts the fuller sequence. The outcome fits root-final adjective reaccentuation from old final a, followed by dialectal contraction. Because the old root is monosyllabic, the class's locus prediction is clear but its historical -aka versus analogical extension requires independent morphology.
12774	śvētá	Sh	NagarThol	backstrom1992	ˈšeu	white	survey-phonetic	2	stress-marked@position-unresolved	unscorable	vowel-sequence-unresolved	f_if6mvir6yb7jg	Gilgit šéeyo/Astori šéeo have early long-root prominence before an unaccented ending; Kohistani/Guresi šóo contracts the fuller sequence. The outcome fits root-final adjective reaccentuation from old final a, followed by dialectal contraction. Because the old root is monosyllabic, the class's locus prediction is clear but its historical -aka versus analogical extension requires independent morphology.
12774	śvētá	Sh	NagarChalt	backstrom1992	ˈšeo	white	survey-phonetic	2	stress-marked@position-unresolved	unscorable	vowel-sequence-unresolved	f_ka3ljgbvrlhjs	Gilgit šéeyo/Astori šéeo have early long-root prominence before an unaccented ending; Kohistani/Guresi šóo contracts the fuller sequence. The outcome fits root-final adjective reaccentuation from old final a, followed by dialectal contraction. Because the old root is monosyllabic, the class's locus prediction is clear but its historical -aka versus analogical extension requires independent morphology.
12774	śvētá	Sh	gil	backstrom1992	ˈšeo	white	survey-phonetic	2	stress-marked@position-unresolved	unscorable	vowel-sequence-unresolved	f_korrev7fcbibq	Gilgit šéeyo/Astori šéeo have early long-root prominence before an unaccented ending; Kohistani/Guresi šóo contracts the fuller sequence. The outcome fits root-final adjective reaccentuation from old final a, followed by dialectal contraction. Because the old root is monosyllabic, the class's locus prediction is clear but its historical -aka versus analogical extension requires independent morphology.
12774	śvētá	Sh	Haramosh	backstrom1992	ˈšeo	white	survey-phonetic	2	stress-marked@position-unresolved	unscorable	vowel-sequence-unresolved	f_qcdjjfqfxk244	Gilgit šéeyo/Astori šéeo have early long-root prominence before an unaccented ending; Kohistani/Guresi šóo contracts the fuller sequence. The outcome fits root-final adjective reaccentuation from old final a, followed by dialectal contraction. Because the old root is monosyllabic, the class's locus prediction is clear but its historical -aka versus analogical extension requires independent morphology.
12774	śvētá	Sh	Bagrot	backstrom1992	ˈšeo	white	survey-phonetic	2	stress-marked@position-unresolved	unscorable	vowel-sequence-unresolved	f_tlsnooz5u3nnk	Gilgit šéeyo/Astori šéeo have early long-root prominence before an unaccented ending; Kohistani/Guresi šóo contracts the fuller sequence. The outcome fits root-final adjective reaccentuation from old final a, followed by dialectal contraction. Because the old root is monosyllabic, the class's locus prediction is clear but its historical -aka versus analogical extension requires independent morphology.
12774	śvētá	Sh	Rondu	backstrom1992	ˈšeo	white	survey-phonetic	2	stress-marked@position-unresolved	unscorable	vowel-sequence-unresolved	f_gm5topu5tn2as	Gilgit šéeyo/Astori šéeo have early long-root prominence before an unaccented ending; Kohistani/Guresi šóo contracts the fuller sequence. The outcome fits root-final adjective reaccentuation from old final a, followed by dialectal contraction. Because the old root is monosyllabic, the class's locus prediction is clear but its historical -aka versus analogical extension requires independent morphology.
12774	śvētá	Sh	DashkinAstor	backstrom1992	še̱o	white	survey-phonetic		unmarked	unscorable	vowel-sequence-unresolved;no-single-location-mark	f_sztu7ytc45gwk	Gilgit šéeyo/Astori šéeo have early long-root prominence before an unaccented ending; Kohistani/Guresi šóo contracts the fuller sequence. The outcome fits root-final adjective reaccentuation from old final a, followed by dialectal contraction. Because the old root is monosyllabic, the class's locus prediction is clear but its historical -aka versus analogical extension requires independent morphology.
12774	śvētá	Sh	Astor	backstrom1992	še̱o	white	survey-phonetic		unmarked	unscorable	vowel-sequence-unresolved;no-single-location-mark	f_vmyr3mtkpzw32	Gilgit šéeyo/Astori šéeo have early long-root prominence before an unaccented ending; Kohistani/Guresi šóo contracts the fuller sequence. The outcome fits root-final adjective reaccentuation from old final a, followed by dialectal contraction. Because the old root is monosyllabic, the class's locus prediction is clear but its historical -aka versus analogical extension requires independent morphology.
12774	śvētá	Sh	Gultari	backstrom1992	šɪo	white	survey-phonetic		unmarked	unscorable	vowel-sequence-unresolved;no-single-location-mark	f_q26pyx2tp54wm	Gilgit šéeyo/Astori šéeo have early long-root prominence before an unaccented ending; Kohistani/Guresi šóo contracts the fuller sequence. The outcome fits root-final adjective reaccentuation from old final a, followed by dialectal contraction. Because the old root is monosyllabic, the class's locus prediction is clear but its historical -aka versus analogical extension requires independent morphology.
12774	śvētá	Sh	Darel	backstrom1992	šeo	white	survey-phonetic		unmarked	unscorable	vowel-sequence-unresolved;no-single-location-mark	f_2iicxz7glpzw2	Gilgit šéeyo/Astori šéeo have early long-root prominence before an unaccented ending; Kohistani/Guresi šóo contracts the fuller sequence. The outcome fits root-final adjective reaccentuation from old final a, followed by dialectal contraction. Because the old root is monosyllabic, the class's locus prediction is clear but its historical -aka versus analogical extension requires independent morphology.
12774	śvētá	Sh	Tangir	backstrom1992	ˈšɪo	white	survey-phonetic	2	stress-marked@position-unresolved	unscorable	vowel-sequence-unresolved	f_3eq6oo5vyjytc	Gilgit šéeyo/Astori šéeo have early long-root prominence before an unaccented ending; Kohistani/Guresi šóo contracts the fuller sequence. The outcome fits root-final adjective reaccentuation from old final a, followed by dialectal contraction. Because the old root is monosyllabic, the class's locus prediction is clear but its historical -aka versus analogical extension requires independent morphology.
12774	śvētá	Sh	Sazin	backstrom1992	ˈšio	white	survey-phonetic	2	stress-marked@position-unresolved	unscorable	vowel-sequence-unresolved	f_3ehzck6tak2sk	Gilgit šéeyo/Astori šéeo have early long-root prominence before an unaccented ending; Kohistani/Guresi šóo contracts the fuller sequence. The outcome fits root-final adjective reaccentuation from old final a, followed by dialectal contraction. Because the old root is monosyllabic, the class's locus prediction is clear but its historical -aka versus analogical extension requires independent morphology.
12774	śvētá	Sh	Harban	backstrom1992	ˈšio	white	survey-phonetic	2	stress-marked@position-unresolved	unscorable	vowel-sequence-unresolved	f_haxc2toeybfrq	Gilgit šéeyo/Astori šéeo have early long-root prominence before an unaccented ending; Kohistani/Guresi šóo contracts the fuller sequence. The outcome fits root-final adjective reaccentuation from old final a, followed by dialectal contraction. Because the old root is monosyllabic, the class's locus prediction is clear but its historical -aka versus analogical extension requires independent morphology.
12774	śvētá	Sh	Jalkot	backstrom1992	šeo	white	survey-phonetic		unmarked	unscorable	vowel-sequence-unresolved;no-single-location-mark	f_3kezpw5evmblg	Gilgit šéeyo/Astori šéeo have early long-root prominence before an unaccented ending; Kohistani/Guresi šóo contracts the fuller sequence. The outcome fits root-final adjective reaccentuation from old final a, followed by dialectal contraction. Because the old root is monosyllabic, the class's locus prediction is clear but its historical -aka versus analogical extension requires independent morphology.
12774	śvētá	Sh	pales	backstrom1992	ˈšeo	white	survey-phonetic	2	stress-marked@position-unresolved	unscorable	vowel-sequence-unresolved	f_rpkqzd6hldjmk	Gilgit šéeyo/Astori šéeo have early long-root prominence before an unaccented ending; Kohistani/Guresi šóo contracts the fuller sequence. The outcome fits root-final adjective reaccentuation from old final a, followed by dialectal contraction. Because the old root is monosyllabic, the class's locus prediction is clear but its historical -aka versus analogical extension requires independent morphology.
12774	śvētá	Sh	Kolai	backstrom1992	šeo	white	survey-phonetic		unmarked	unscorable	vowel-sequence-unresolved;no-single-location-mark	f_ntggxooqrxha6	Gilgit šéeyo/Astori šéeo have early long-root prominence before an unaccented ending; Kohistani/Guresi šóo contracts the fuller sequence. The outcome fits root-final adjective reaccentuation from old final a, followed by dialectal contraction. Because the old root is monosyllabic, the class's locus prediction is clear but its historical -aka versus analogical extension requires independent morphology.
12774	śvētá	Sh	Astor	schmidt	šéeo	white	shina-mora	2	vowel-sequence-marked@position-unresolved	unscorable	vowel-sequence-unresolved	f_mm6p2lh7kc5sc	Gilgit šéeyo/Astori šéeo have early long-root prominence before an unaccented ending; Kohistani/Guresi šóo contracts the fuller sequence. The outcome fits root-final adjective reaccentuation from old final a, followed by dialectal contraction. Because the old root is monosyllabic, the class's locus prediction is clear but its historical -aka versus analogical extension requires independent morphology.
12774	śvētá	Sh	gil	degener-shina2008	šéeo	white	gilgit-mora	2	vowel-sequence-marked@position-unresolved	unscorable	vowel-sequence-unresolved	f_k77jcznkbn4zu	Gilgit šéeyo/Astori šéeo have early long-root prominence before an unaccented ending; Kohistani/Guresi šóo contracts the fuller sequence. The outcome fits root-final adjective reaccentuation from old final a, followed by dialectal contraction. Because the old root is monosyllabic, the class's locus prediction is clear but its historical -aka versus analogical extension requires independent morphology.
12774	śvētá	Sh	gil	buddruss-shina1996	šéeyo	white	gilgit-mora	2	E@-2	penultimate		f_zzmlzkqi52edc	Gilgit šéeyo/Astori šéeo have early long-root prominence before an unaccented ending; Kohistani/Guresi šóo contracts the fuller sequence. The outcome fits root-final adjective reaccentuation from old final a, followed by dialectal contraction. Because the old root is monosyllabic, the class's locus prediction is clear but its historical -aka versus analogical extension requires independent morphology.
13519	suvárṇa	Sh	gil	CDIAL	sōno	golden	historical-dictionary		unmarked	unscorable	no-single-location-mark	f_v7egpvhn5qx3a	Kohistani/Guresi soóṇ and Strand swâʹṇ are late-long, Gilgit son is short, Astori soná retains an accented ending, and Gilgit soóno/soóni are golden/queen derivatives. Turner explicitly states that many reflexes cannot be assigned uniquely between suvárṇa and saúvarṇa. Those inputs differ in accent and quantity, so a single family-level old-accent label would be misleading even before the modern derivational differences are considered.
13519	suvárṇa	Sh	gur	CDIAL	sōṇṷ	beautiful	historical-dictionary		unmarked	unscorable	no-single-location-mark	f_5h3xdu7ypmobm	Kohistani/Guresi soóṇ and Strand swâʹṇ are late-long, Gilgit son is short, Astori soná retains an accented ending, and Gilgit soóno/soóni are golden/queen derivatives. Turner explicitly states that many reflexes cannot be assigned uniquely between suvárṇa and saúvarṇa. Those inputs differ in accent and quantity, so a single family-level old-accent label would be misleading even before the modern derivational differences are considered.
13519	suvárṇa	Sh	gil	degener-shina2008	soóno	golden	gilgit-mora	2	L@-2	penultimate		f_xbjqhfbvaxdds	Kohistani/Guresi soóṇ and Strand swâʹṇ are late-long, Gilgit son is short, Astori soná retains an accented ending, and Gilgit soóno/soóni are golden/queen derivatives. Turner explicitly states that many reflexes cannot be assigned uniquely between suvárṇa and saúvarṇa. Those inputs differ in accent and quantity, so a single family-level old-accent label would be misleading even before the modern derivational differences are considered.
13548	*sūṅkṣa	Phal	Phal	CDIAL	c̣hūṇc̣o	straight	historical-dictionary		unmarked	unscorable	no-single-location-mark	f_y6hjshdlmjjce	Palula c̣húuṇc̣u and Gilgit súu~c̣o have early long root prominence before gender endings; Strand's c̣hu~c̣- is a derived straighten stem. Turner explicitly proposes a connection with sū́kṣma, making old barytonesis a conditional, independently stated hypothesis rather than a certainty. The unusual initial affricate and nasal-cluster development remain crucial.
13548	*sūṅkṣa	Sh	Sh	CDIAL	sū̃c̣ṷ	straight, direct, real, true	historical-dictionary		unmarked	unscorable	no-single-location-mark	f_mzqbnizfliexo	Palula c̣húuṇc̣u and Gilgit súu~c̣o have early long root prominence before gender endings; Strand's c̣hu~c̣- is a derived straighten stem. Turner explicitly proposes a connection with sū́kṣma, making old barytonesis a conditional, independently stated hypothesis rather than a certainty. The unusual initial affricate and nasal-cluster development remain crucial.
13548	*sūṅkṣa	Phal	Phal	liljegren	c̣húuṇc̣u	straight	palula-mora	2	E@-2	penultimate		f_efhxiql5vlq72	Palula c̣húuṇc̣u and Gilgit súu~c̣o have early long root prominence before gender endings; Strand's c̣hu~c̣- is a derived straighten stem. Turner explicitly proposes a connection with sū́kṣma, making old barytonesis a conditional, independently stated hypothesis rather than a certainty. The unusual initial affricate and nasal-cluster development remain crucial.
13548	*sūṅkṣa	Sh	gil	degener-shina2008	súu~c̣o	straight, right; truth	gilgit-mora	2	E@-2	penultimate		f_5xcz75q64rnfk	Palula c̣húuṇc̣u and Gilgit súu~c̣o have early long root prominence before gender endings; Strand's c̣hu~c̣- is a derived straighten stem. Turner explicitly proposes a connection with sū́kṣma, making old barytonesis a conditional, independently stated hypothesis rather than a certainty. The unusual initial affricate and nasal-cluster development remain crucial.
13924	svādú	Sh	gil	CDIAL	ĭspāvŭ	sweet	historical-dictionary		unmarked	unscorable	no-single-location-mark	f_4bvgozwy6ueaw	Gilgit ispáawo/ispáao has early root ā after a prothetic i and before an unaccented ending. Its modern second-syllable position corresponds to the old root, not a phonetic shift caused by counting the prothetic vowel as inherited. Early root prominence rather than old final-u accent fits the adjective-class analysis, while sv-to-sp and d weakening provide independent segmental conditions.
13924	svādú	Sh	gil	CDIAL	ŭspáŭ	sweet	historical-dictionary	2	syllable-marked@position-unresolved	unscorable	vowel-sequence-unresolved	f_d322l5dqhafgw	Gilgit ispáawo/ispáao has early root ā after a prothetic i and before an unaccented ending. Its modern second-syllable position corresponds to the old root, not a phonetic shift caused by counting the prothetic vowel as inherited. Early root prominence rather than old final-u accent fits the adjective-class analysis, while sv-to-sp and d weakening provide independent segmental conditions.
13924	svādú	Sh	gil	degener-shina2008	ispáao	sweet; tasty	gilgit-mora	2	vowel-sequence-marked@position-unresolved	unscorable	vowel-sequence-unresolved	f_jik6ftmpvansy	Gilgit ispáawo/ispáao has early root ā after a prothetic i and before an unaccented ending. Its modern second-syllable position corresponds to the old root, not a phonetic shift caused by counting the prothetic vowel as inherited. Early root prominence rather than old final-u accent fits the adjective-class analysis, while sv-to-sp and d weakening provide independent segmental conditions.
13924	svādú	Sh	gil	buddruss-shina1996	ispáawo	sweet; tasty	gilgit-mora	2	E@-2	penultimate		f_icspxecheusga	Gilgit ispáawo/ispáao has early root ā after a prothetic i and before an unaccented ending. Its modern second-syllable position corresponds to the old root, not a phonetic shift caused by counting the prothetic vowel as inherited. Early root prominence rather than old final-u accent fits the adjective-class analysis, while sv-to-sp and d weakening provide independent segmental conditions.
13990	haridra	Sh	gil	CDIAL	hălĭ́ẓŭ	yellow	historical-dictionary	2	syllable-marked@-2	penultimate		f_y6beff52vmtfq	Gilgit halíẓo has short prominence in the final root syllable before o, while Jijel's brass use is a material-color semantic extension. The old yellow/green adjective and dr cluster independently motivate the formation. Parent hári is accented but does not determine the whole haridra derivative.
13990	haridra	Sh	gil	degener-shina2008	halíẓo	yellow	gilgit-mora	2	S@-2	penultimate		f_icrp52ucre4go	Gilgit halíẓo has short prominence in the final root syllable before o, while Jijel's brass use is a material-color semantic extension. The old yellow/green adjective and dr cluster independently motivate the formation. Parent hári is accented but does not determine the whole haridra derivative.
13990	haridra	Sh	gil	buddruss-shina1996	haliẓo	yellow	gilgit-mora		unmarked	unscorable	no-single-location-mark	f_6neyqix5cshlg	Gilgit halíẓo has short prominence in the final root syllable before o, while Jijel's brass use is a material-color semantic extension. The old yellow/green adjective and dr cluster independently motivate the formation. Parent hári is accented but does not determine the whole haridra derivative.
2613	*kacca	Sv	Sv	CDIAL	khačo	dirty, bad	historical-dictionary		unmarked	unscorable	no-single-location-mark	f_edpf323s6e72i	Palula kháaču/Biori kháču and Gilgit kháčo have root prominence before a gender ending, with western quantity variation. Strand khâčʹaṛo ‘ugly’ and Gilgit khačeélo ‘stingy’ add independently visible derivational material carrying later accent. The bad lexeme is also linked to the dirty/mud family, so the two etymologies must not inflate the lexical sample.
2613	*kacca	Phal	Phal	CDIAL	khāču	bad	historical-dictionary		unmarked	unscorable	no-single-location-mark	f_5j76cxmaakloo	Palula kháaču/Biori kháču and Gilgit kháčo have root prominence before a gender ending, with western quantity variation. Strand khâčʹaṛo ‘ugly’ and Gilgit khačeélo ‘stingy’ add independently visible derivational material carrying later accent. The bad lexeme is also linked to the dirty/mud family, so the two etymologies must not inflate the lexical sample.
2613	*kacca	Phal	Phal	CDIAL	khāčulo	dirty, bad	historical-dictionary		unmarked	unscorable	no-single-location-mark	f_x7vqltaahjqpg	Palula kháaču/Biori kháču and Gilgit kháčo have root prominence before a gender ending, with western quantity variation. Strand khâčʹaṛo ‘ugly’ and Gilgit khačeélo ‘stingy’ add independently visible derivational material carrying later accent. The bad lexeme is also linked to the dirty/mud family, so the two etymologies must not inflate the lexical sample.
2613	*kacca	Phal	Phal	liljegren	kháaču	bad	palula-mora	2	E@-2	penultimate		f_3l6lzdn7huya4	Palula kháaču/Biori kháču and Gilgit kháčo have root prominence before a gender ending, with western quantity variation. Strand khâčʹaṛo ‘ugly’ and Gilgit khačeélo ‘stingy’ add independently visible derivational material carrying later accent. The bad lexeme is also linked to the dirty/mud family, so the two etymologies must not inflate the lexical sample.
2613	*kacca	Phal	biori	liljegren	kháču	bad	palula-mora	2	S@-2	penultimate		f_qpquk4q7x3wow	Palula kháaču/Biori kháču and Gilgit kháčo have root prominence before a gender ending, with western quantity variation. Strand khâčʹaṛo ‘ugly’ and Gilgit khačeélo ‘stingy’ add independently visible derivational material carrying later accent. The bad lexeme is also linked to the dirty/mud family, so the two etymologies must not inflate the lexical sample.
2613	*kacca	Sh	gil	degener-shina2008	kháčo	bad	gilgit-mora	2	S@-2	penultimate		f_nt7yvuegn4dzo	Palula kháaču/Biori kháču and Gilgit kháčo have root prominence before a gender ending, with western quantity variation. Strand khâčʹaṛo ‘ugly’ and Gilgit khačeélo ‘stingy’ add independently visible derivational material carrying later accent. The bad lexeme is also linked to the dirty/mud family, so the two etymologies must not inflate the lexical sample.
4850	cukrá	Sh	gil	schmidt	cúrko	sour	shina-mora	2	S@-2	penultimate		f_kmg7oe6smtrzo	Palula čúkru and Gilgit čúrko share root prominence before the gender vowel, against final-accented cukrá. Their kr/rk difference is metathesis within the root; it does not itself shift accent. The attested old extensions support morphological reaccentuation. The plant names with final ī are different derivatives and must not enter the adjective's outcome cell.
4850	cukrá	Sh	Astor	schmidt	cúrko	sour	shina-mora	2	S@-2	penultimate		f_5jfvingvc5uyy	Palula čúkru and Gilgit čúrko share root prominence before the gender vowel, against final-accented cukrá. Their kr/rk difference is metathesis within the root; it does not itself shift accent. The attested old extensions support morphological reaccentuation. The plant names with final ī are different derivatives and must not enter the adjective's outcome cell.
11225	vaḍra	Sh	dr	schmidt	báṛo	big	shina-mora	2	S@-2	penultimate		f_waakbcflt74ig	Gilgit, Kohistani and Astori báṛo and Guresi báṛu have short-root prominence before gender endings. Turner explicitly doubts direct derivation from vr̥ddhá, so that accented participle cannot be imported to manufacture a historical accent exception. The immediate vaḍra input is unaccented; the extended adjective outcome is nevertheless consistent across dialects.
3451	kr̥ṣṇá	Sh	dr	schmidt	kíṇo	black	shina-mora	2	S@-2	penultimate		f_hbqblpaox2u7k	Palula kriṣíṇu/kiṣíṇu has accent on the final root syllable before u, while Shina kíṇo/kíṇu has only one root syllable after greater cluster reduction. Thus the modern first-versus-second syllable difference is predicted by root shape plus the same extension rule; it is not divergent inherited accent. The independently attested old extended adjective strengthens the morphological analysis.
3451	kr̥ṣṇá	bro	bro	schmidt	'kyono	black	brokskat-stress	3	stress-marked@position-unresolved	unscorable	vowel-sequence-unresolved	f_zdep2gqkhnw6a	Palula kriṣíṇu/kiṣíṇu has accent on the final root syllable before u, while Shina kíṇo/kíṇu has only one root syllable after greater cluster reduction. Thus the modern first-versus-second syllable difference is predicted by root shape plus the same extension rule; it is not divergent inherited accent. The independently attested old extended adjective strengthens the morphological analysis.
12548	śúṣka	bro	bro	schmidt	'šuko	dry	brokskat-stress	2	stress-marked@-2	penultimate		f_gew2lmawjwmty	Shina súkho/šúkho/šúku and Strand šʹuko have initial short-root prominence before an unaccented adjective ending, compatible with old barytonesis and the extended adjective pattern. Liljegren šúša ‘dry out’ is a verb with a different consonant and citation ending, linked through the lexical family rather than an identical sound-reflex formation. Kundal short śok/śuk lacks the adjective's ending.
722	álpa	bro	bro	schmidt	'apo	few	brokskat-stress	2	stress-marked@-2	penultimate		f_2nbaoxngmtrik	Kohistani ápa and Guresi/Astori ápo keep root prominence after lp reduction, whereas Degener's Gilgit aápo has late long aa. This is a further test of dialect-specific compensation: an originally short root vowel before a cluster can become late long in Gilgit while remaining short elsewhere. It enlarges the comparison beyond the familiar ‘hot’ example.
7563	nī́la	Sh	dr	schmidt	níilo	green	shina-mora	2	E@-2	penultimate		f_nwhpij73g4bog	Palula níilu and Schmidt/Degener Shina níilo/níilu preserve early root accent on old long ī. Buddruss niílo ‘blue’ is late in an otherwise comparable Gilgit adjective. Since the root was already long, this cannot be explained as the new short-vowel cluster compensation seen in ‘hot’. It is a direct source/lexical variation test for the early-long baseline.
7563	nī́la	bro	bro	schmidt	'niilo	green	brokskat-stress	2	stress-marked@-2	penultimate		f_hcz5pqpgxr4a4	Palula níilu and Schmidt/Degener Shina níilo/níilu preserve early root accent on old long ī. Buddruss niílo ‘blue’ is late in an otherwise comparable Gilgit adjective. Since the root was already long, this cannot be explained as the new short-vowel cluster compensation seen in ‘hot’. It is a direct source/lexical variation test for the early-long baseline.
5679	taptá	Sh	dr	schmidt	tátto	hot	shina-mora	2	S@-2	penultimate		f_52pcfirp5tnc2	Astori tátto preserves a geminate stage that links old pt reduction to the other dialects. Kohistani táto/Guresi tátu are short, Gilgit taáto is late long, and Palula táatu is early long. A common root-accented extended adjective followed by dialect-specific geminate treatment explains both shared locus and divergent mora alignment: preservation, simplification without lengthening, compensatory late lengthening, or a later Palula open-syllable lengthening layer.
5679	taptá	bro	bro	schmidt	'taato	hot	brokskat-stress	2	stress-marked@-2	penultimate		f_nhatgttcqudke	Astori tátto preserves a geminate stage that links old pt reduction to the other dialects. Kohistani táto/Guresi tátu are short, Gilgit taáto is late long, and Palula táatu is early long. A common root-accented extended adjective followed by dialect-specific geminate treatment explains both shared locus and divergent mora alignment: preservation, simplification without lengthening, compensatory late lengthening, or a later Palula open-syllable lengthening layer.
6368	dīrghá	bro	bro	schmidt	'ẓigo	long	brokskat-stress	2	stress-marked@-2	penultimate		f_dku2bcimgeh7w	Palula dhrígu and Shina ẓígo/j̣ígu have short root accent before the gender vowel, against the old final-accented adjective. Root-final accent assignment explains locus, while old ī shortening before the rg(h) history is independently required. Newer Kalkoti dríg has H associated with final-vowel loss, whereas the older unmarked drig is not itself evidence of no H. Kundal drī̌g is another distinct quantity outcome.
5145	jára	bro	bro	schmidt	'jaaro	old (person)	brokskat-stress	2	stress-marked@-2	penultimate		f_7glt3xqvgcmdc	Gilgit ǰáro keeps root prominence before the gender vowel, compatible both with old jára and the extended-adjective rule. The old headword's ‘old’ sense is reconstructed from related forms rather than directly identical to the noun ‘wearing out’, so this is not an entirely transparent simple-word retention case.
11168	*lōhila	Sh	dr	schmidt	loólo	red	shina-mora	2	L@-2	penultimate		f_ybyzivzne43xk	Palula lhoílu/lohílu/lhoyílu accents the final root syllable before u; Shina loólyo/loólu and Kohistani lhiílo have late long roots after h-related contraction. Blood léel has early long ee and a different substantivized formation. The source's money use is explicitly a modern plural metaphor based on red banknotes, not a historical etymological clue.
11168	*lōhila	bro	bro	schmidt	'looðo	red	brokskat-stress	2	stress-marked@-2	penultimate		f_rh4vlrudgnbdi	Palula lhoílu/lohílu/lhoyílu accents the final root syllable before u; Shina loólyo/loólu and Kohistani lhiílo have late long roots after h-related contraction. Blood léel has early long ee and a different substantivized formation. The source's money use is explicitly a modern plural metaphor based on red banknotes, not a historical etymological clue.
5839	tīkṣṇá	bro	bro	schmidt	'ṭino	sharp	brokskat-stress	2	stress-marked@-2	penultimate		f_enfmdik2tzbfe	Palula tíiṇu and the four Shina tíiṇo/tíiṇu forms have early long root accent before their gender ending, against old final accent. Retention of old long ī while kṣṇ simplifies makes this a strong extension example with little vowel-alignment ambiguity. Kalkoti tiin adds segmental coverage but no reliable tone in the older unmarked source.
4850	cukrá	bro	bro	schmidt	'cukro	sour	brokskat-stress	2	stress-marked@-2	penultimate		f_cywjpwbhha3ws	Palula čúkru and Gilgit čúrko share root prominence before the gender vowel, against final-accented cukrá. Their kr/rk difference is metathesis within the root; it does not itself shift accent. The attested old extensions support morphological reaccentuation. The plant names with final ī are different derivatives and must not enter the adjective's outcome cell.
13990	haridra	bro	bro	schmidt	hal'dẓuro	yellow	brokskat-stress	2	stress-marked@-2	penultimate		f_ynv3utrnq6nyi	Gilgit halíẓo has short prominence in the final root syllable before o, while Jijel's brass use is a material-color semantic extension. The old yellow/green adjective and dr cluster independently motivate the formation. Parent hári is accented but does not determine the whole haridra derivative.
4889	cūrṇa	Sh	dr	rajapurohit2012	ʧúɳe	Young one; Small	dras-stress-vowel-sequence	2	stress-marked@-2	penultimate		f_75hrkwjupiz64	Palula and Shina čúṇu/čúno share short root prominence before an unaccented ending despite old long ū. The minute/pulverized-to-small meaning is independently supplied, and the adjective-class accent is consistent. Root shortening is a separate historical problem; the unaccented old input cannot resolve it or prove a particular reaccentuation.
3533	*kōla	Sh	dr	rajapurohit2012	kó:lo	Crooked	dras-stress-vowel-sequence	2	stress-marked@-2	penultimate		f_rau6ueeszhgyg	Palula kʹûlo and Gilgit kóolo preserve early long-root prominence before an unaccented ending; Gilgit ka~óolo adds or retains further initial material. The reconstructed input is unaccented and has possible older diphthong variants, but the modern adjective-class behavior is consistent across the two languages.
5679	taptá	Sh	dr	rajapurohit2012	tʌ́to	Hot	dras-stress-vowel-sequence	2	stress-marked@-2	penultimate		f_xrhbhuaoqlbli	Astori tátto preserves a geminate stage that links old pt reduction to the other dialects. Kohistani táto/Guresi tátu are short, Gilgit taáto is late long, and Palula táatu is early long. A common root-accented extended adjective followed by dialect-specific geminate treatment explains both shared locus and divergent mora alignment: preservation, simplification without lengthening, compensatory late lengthening, or a later Palula open-syllable lengthening layer.
8283	purāṇá	Sh	dr	rajapurohit2012	pró:no	Old	dras-stress-vowel-sequence	2	stress-marked@-2	penultimate		f_cynyvim7lzyfw	Palula puróoṇu/Biori purúuṇu and Gilgit puróono have early accent on the final root syllable before the gender ending, against old final accent. The old long ā and its raised/rounded reflexes independently support a root-accented stage before the vowel changes. This is a clear multisyllabic extended-adjective comparison, unlike ordinary long-root apocope.
7563	nī́la	Sh	dr	rajapurohit2012	ní:lo	Blue	dras-stress-vowel-sequence	2	stress-marked@-2	penultimate		f_k5xrjgsi4vzxw	Palula níilu and Schmidt/Degener Shina níilo/níilu preserve early root accent on old long ī. Buddruss niílo ‘blue’ is late in an otherwise comparable Gilgit adjective. Since the root was already long, this cannot be explained as the new short-vowel cluster compensation seen in ‘hot’. It is a direct source/lexical variation test for the early-long baseline.
10896	laghú	Sh	dr	rajapurohit2012	lóko	Light	dras-stress-vowel-sequence	2	stress-marked@-2	penultimate		f_5meopvkafgfec	Palula lhoóku and Gilgit loóko have late long-root accent before an unaccented gender vowel, while older lohóko preserves a less contracted stage. This parallels madhurá > mhoóru: root-final accent is compatible with the adjective class, but mora alignment differs from early tíiṇu. Loss/reorganization of medial aspiration and contraction provide independently visible conditions for a late subclass.
8283	purāṇá	Ush	SSNP-ushojo-USH	rensch-decker-hallberg1992	pu'roːno	old	survey-phonetic	2	stress-marked@-2	penultimate		f_gpapd6uk557oo	Palula puróoṇu/Biori purúuṇu and Gilgit puróono have early accent on the final root syllable before the gender ending, against old final accent. The old long ā and its raised/rounded reflexes independently support a root-accented stage before the vowel changes. This is a clear multisyllabic extended-adjective comparison, unlike ordinary long-root apocope.
6983	náva	Ush	SSNP-ushojo-USH	rensch-decker-hallberg1992	noː / nou	new	survey-phonetic		unmarked	unscorable	multiple-words-or-alternatives;vowel-sequence-unresolved;no-single-location-mark	f_lgs5ws4mhbphy	Palula náawu is early while Gilgit naáwo is late on a long vowel before a preserved w and gender ending. Kohistani nóo~, Guresi náa~ and Astori náu~ have early root prominence with different contraction. Gilgit's late aa therefore cannot be attributed to loss of the visible w alone; a historical extended-stem or geminate/glide stage is needed. This is a stringent residual for a cluster-only account of new late vowels.
3153	*kicca	Ush	SSNP-ushojo-USH	rensch-decker-hallberg1992	kʌcɑto	bad	survey-phonetic		unmarked	unscorable	no-single-location-mark	f_qbtk46yr5xoa4	Palula číčal ‘mud’ has initial short prominence and extra l-bearing formation, whereas kháaču ‘bad’ belongs to an adjective class and is duplicated under *kacca ‘raw’. Kundal cical is a useful cognate without marked accent; Sauji khaco concerns the adjective. The distinct lexical formations and competing etymologies must be retained separately.
12548	śúṣka	Ush	SSNP-ushojo-USH	rensch-decker-hallberg1992	ʃu'kɑlo	dry	survey-phonetic	2	stress-marked@-2	penultimate		f_cbtn2eusblayq	Shina súkho/šúkho/šúku and Strand šʹuko have initial short-root prominence before an unaccented adjective ending, compatible with old barytonesis and the extended adjective pattern. Liljegren šúša ‘dry out’ is a verb with a different consonant and citation ending, linked through the lexical family rather than an identical sound-reflex formation. Kundal short śok/śuk lacks the adjective's ending.
6368	dīrghá	Ush	SSNP-ushojo-USH	rensch-decker-hallberg1992	'ʐugo	long	survey-phonetic	2	stress-marked@-2	penultimate		f_haoiftjqccmbi	Palula dhrígu and Shina ẓígo/j̣ígu have short root accent before the gender vowel, against the old final-accented adjective. Root-final accent assignment explains locus, while old ī shortening before the rg(h) history is independently required. Newer Kalkoti dríg has H associated with final-vowel loss, whereas the older unmarked drig is not itself evidence of no H. Kundal drī̌g is another distinct quantity outcome.
3895	*khuṭṭa	Ush	SSNP-ushojo-USH	rensch-decker-hallberg1992	'khuʈo	short	survey-phonetic	2	stress-marked@-2	penultimate		f_224yayymvphb6	Gilgit khúṭo has short root prominence before a gender ending; Kundal xaṭūṭ has additional repeated/extended material and different quantity. The old defective family is reconstructed and unaccented. Modern shortness semantics supports a relation, but Kundal's form requires a specific expressive or derivational analysis.
5679	taptá	Ush	SSNP-ushojo-USH	rensch-decker-hallberg1992	'tɑto	hot	survey-phonetic	2	stress-marked@-2	penultimate		f_w2qmagn3wmvn4	Astori tátto preserves a geminate stage that links old pt reduction to the other dialects. Kohistani táto/Guresi tátu are short, Gilgit taáto is late long, and Palula táatu is early long. A common root-accented extended adjective followed by dialect-specific geminate treatment explains both shared locus and divergent mora alignment: preservation, simplification without lengthening, compensatory late lengthening, or a later Palula open-syllable lengthening layer.
12487	śītalá	Ush	SSNP-ushojo-USH	rensch-decker-hallberg1992	ʃi'dʌlo	cold	survey-phonetic	2	stress-marked@-2	penultimate		f_l2mtdvkiqtons	Palula šidáalu and Gilgit šidálo accent the final root syllable before an unaccented gender vowel, with western long versus Gilgit short a. Gilgit/Kohistani šaál ‘fever’ instead has a contracted late-long monosyllabic form and a different grammatical category. Both the retained adjective ending and the noun's contraction are independent conditioning features; the pair must not be collapsed into an irregular single outcome.
11225	vaḍra	Ush	SSNP-ushojo-USH	rensch-decker-hallberg1992	'bʌɽo	big	survey-phonetic	2	stress-marked@-2	penultimate		f_7ak44podjyhbw	Gilgit, Kohistani and Astori báṛo and Guresi báṛu have short-root prominence before gender endings. Turner explicitly doubts direct derivation from vr̥ddhá, so that accented participle cannot be imported to manufacture a historical accent exception. The immediate vaḍra input is unaccented; the extended adjective outcome is nevertheless consistent across dialects.
1962	*udguru	Ush	SSNP-ushojo-USH	rensch-decker-hallberg1992	u'goro	heavy	survey-phonetic	2	stress-marked@-2	penultimate		f_b2ekxsi5tno36	Modern Palula ungúru and Gilgit hagúro/agúro accent the final root syllable before a gender ending, while older Palula úguro/úṅguro is initially accented. This is a real source or historical formation discrepancy within a well-defined adjective class. Sauji ugəró has a finally accented vowel and must be checked for its exact inflection; Kalkoti ugur/uɣur has lost the ending.
10896	laghú	Ush	SSNP-ushojo-USH	rensch-decker-hallberg1992	lɑ'oko	light	survey-phonetic	2	stress-marked@position-unresolved	unscorable	vowel-sequence-unresolved	f_d3pjqkcrt62b6	Palula lhoóku and Gilgit loóko have late long-root accent before an unaccented gender vowel, while older lohóko preserves a less contracted stage. This parallels madhurá > mhoóru: root-final accent is compatible with the adjective class, but mora alignment differs from early tíiṇu. Loss/reorganization of medial aspiration and contraction provide independently visible conditions for a late subclass.
3451	kr̥ṣṇá	Ush	SSNP-ushojo-USH	rensch-decker-hallberg1992	'kinono	black	survey-phonetic	3	stress-marked@-3	other-position		f_pdqsdrjptvbu2	Palula kriṣíṇu/kiṣíṇu has accent on the final root syllable before u, while Shina kíṇo/kíṇu has only one root syllable after greater cluster reduction. Thus the modern first-versus-second syllable difference is predicted by root shape plus the same extension rule; it is not divergent inherited accent. The independently attested old extended adjective strengthens the morphological analysis.
11168	*lōhila	Ush	SSNP-ushojo-USH	rensch-decker-hallberg1992	le'olo	red	survey-phonetic	2	stress-marked@position-unresolved	unscorable	vowel-sequence-unresolved	f_a2t44e45qzx2w	Palula lhoílu/lohílu/lhoyílu accents the final root syllable before u; Shina loólyo/loólu and Kohistani lhiílo have late long roots after h-related contraction. Blood léel has early long ee and a different substantivized formation. The source's money use is explicitly a modern plural metaphor based on red banknotes, not a historical etymological clue.
722	álpa	Ush	SSNP-ushojo-USH	rensch-decker-hallberg1992	'ɑːpo	few	survey-phonetic	2	stress-marked@-2	penultimate		f_vexnxobizrjgw	Kohistani ápa and Guresi/Astori ápo keep root prominence after lp reduction, whereas Degener's Gilgit aápo has late long aa. This is a further test of dialect-specific compensation: an originally short root vowel before a cluster can become late long in Gilgit while remaining short elsewhere. It enlarges the comparison beyond the familiar ‘hot’ example.
9568	bhū́yiṣṭha	Ush	SSNP-ushojo-USH	rensch-decker-hallberg1992	'buʈo	all	survey-phonetic	2	stress-marked@-2	penultimate		f_uzc6nml264yby	Gilgit/Kohistani/Guresi búṭo/búṭa/búṭɨ have a short initially accented root after contraction and shortening. Strand buṭhʹe ‘all’ instead marks the final vowel; it may represent a different quantifier or inflectional cell. The old first-syllable prominence is compatible with Shina, but the major syllable loss and lexicalization prevent a simple long-vowel correspondence claim.
3941	khōra	Ush	SSNP-ushojo-USH	rensch-decker-hallberg1992	'khuʈo	lame, dwarf	survey-phonetic	2	stress-marked@-2	penultimate		f_cvdovfo2chhfw	Palula khúṭu and Gilgit khúro both accent a short root before a gender ending, but their consonants select different independently recorded variants of the defective/lame family. The old short/long variants are unaccented, so the consistent modern adjective pattern is stronger evidence than a unique historical accent input.
5839	tīkṣṇá	Ush	SSNP-ushojo-USH	rensch-decker-hallberg1992	'tinu	sharp	survey-phonetic	2	stress-marked@-2	penultimate		f_4ky73jtyswqic	Palula tíiṇu and the four Shina tíiṇo/tíiṇu forms have early long root accent before their gender ending, against old final accent. Retention of old long ī while kṣṇ simplifies makes this a strong extension example with little vowel-alignment ambiguity. Kalkoti tiin adds segmental coverage but no reliable tone in the older unmarked source.
8156	picchilá	Ush	SSNP-ushojo-USH	rensch-decker-hallberg1992	pi'cɛlo	smooth	survey-phonetic	2	stress-marked@-2	penultimate		f_pughoivqsc3v6	Gilgit phičílo has short accent on the final root syllable before o, matching the extended-adjective locus pattern. Slippery/smooth to pretty is a plausible semantic development. The older phičīlu differs in quantity, so a long-root inference needs source checking; the modern short accent itself is clear.
3523	kōmalá	Ush	SSNP-ushojo-USH	rensch-decker-hallberg1992	kʌ'mʌlo	soft	survey-phonetic	2	stress-marked@-2	penultimate		f_iavcqxnb2c2hs	Palula koomáalu and Strand komʹâlu accent the final root syllable and leave the older initial long o unaccented. This supports root-final accent assignment in an extended adjective; it is not quantity attraction to the first long vowel. The aa in the accented open root syllable can be secondary lengthening of old short a.
6368	dīrghá	Ush	SSNP-ushojo-USH	rensch-decker-hallberg1992	'ʐugo	tall	survey-phonetic	2	stress-marked@-2	penultimate		f_6665qhers3omq	Palula dhrígu and Shina ẓígo/j̣ígu have short root accent before the gender vowel, against the old final-accented adjective. Root-final accent assignment explains locus, while old ī shortening before the rg(h) history is independently required. Newer Kalkoti dríg has H associated with final-vowel loss, whereas the older unmarked drig is not itself evidence of no H. Kundal drī̌g is another distinct quantity outcome.
6983	náva	Phal	HKAT-phl	liljegren-hindukush	naːwu	new	accent-not-investigated		unmarked	unscorable	source-did-not-investigate-accent;no-single-location-mark	f_s2cs7q7x26ytw	Palula náawu is early while Gilgit naáwo is late on a long vowel before a preserved w and gender ending. Kohistani nóo~, Guresi náa~ and Astori náu~ have early root prominence with different contraction. Gilgit's late aa therefore cannot be attributed to loss of the visible w alone; a historical extended-stem or geminate/glide stage is needed. This is a stringent residual for a cluster-only account of new late vowels.
6983	náva	Sh	HKAT-scl_p	liljegren-hindukush	naːwo	new	accent-not-investigated		unmarked	unscorable	source-did-not-investigate-accent;no-single-location-mark	f_lxrrvuvvd7224	Palula náawu is early while Gilgit naáwo is late on a long vowel before a preserved w and gender ending. Kohistani nóo~, Guresi náa~ and Astori náu~ have early root prominence with different contraction. Gilgit's late aa therefore cannot be attributed to loss of the visible w alone; a historical extended-stem or geminate/glide stage is needed. This is a stringent residual for a cluster-only account of new late vowels.
4424	ghaná	Sv	HKAT-sdg	knobloch2020sauji	gaːnu	big	accent-not-investigated		unmarked	unscorable	source-did-not-investigate-accent;no-single-location-mark	f_a3yjut4bpyzry	Liljegren gháanu is early root-accented in the extended big adjective, compatible with open-syllable short-a lengthening. Strand ghâʹnu is late in the same apparent formation. The modern u/ee feminine alternation supports an inflectional formation, but does not remove the source disagreement. Sauji ghaṇyeṛo has extra derivation and cannot be counted as the same stem.
10896	laghú	Sv	HKAT-sdg	knobloch2020sauji	laːvu	child, small	accent-not-investigated		unmarked	unscorable	source-did-not-investigate-accent;no-single-location-mark	f_m2m2z4qeu56b4	Palula lhoóku and Gilgit loóko have late long-root accent before an unaccented gender vowel, while older lohóko preserves a less contracted stage. This parallels madhurá > mhoóru: root-final accent is compatible with the adjective class, but mora alignment differs from early tíiṇu. Loss/reorganization of medial aspiration and contraction provide independently visible conditions for a late subclass.
10896	laghú	Sv	HKAT-sdg	knobloch2020sauji	leew-i	little	accent-not-investigated		unmarked	unscorable	source-did-not-investigate-accent;no-single-location-mark	f_p2i5yl3aq2v2s	Palula lhoóku and Gilgit loóko have late long-root accent before an unaccented gender vowel, while older lohóko preserves a less contracted stage. This parallels madhurá > mhoóru: root-final accent is compatible with the adjective class, but mora alignment differs from early tíiṇu. Loss/reorganization of medial aspiration and contraction provide independently visible conditions for a late subclass.
7563	nī́la	Sv	HKAT-sdg	knobloch2020sauji	nil-i	green	accent-not-investigated		unmarked	unscorable	source-did-not-investigate-accent;no-single-location-mark	f_m6ypq6kjr4seg	Palula níilu and Schmidt/Degener Shina níilo/níilu preserve early root accent on old long ī. Buddruss niílo ‘blue’ is late in an otherwise comparable Gilgit adjective. Since the root was already long, this cannot be explained as the new short-vowel cluster compensation seen in ‘hot’. It is a direct source/lexical variation test for the early-long baseline.
10896	laghú	Sv	HKAT-sdg	knobloch2020sauji	laaw-u	little	accent-not-investigated		unmarked	unscorable	source-did-not-investigate-accent;no-single-location-mark	f_xd6puiadi2ohs	Palula lhoóku and Gilgit loóko have late long-root accent before an unaccented gender vowel, while older lohóko preserves a less contracted stage. This parallels madhurá > mhoóru: root-final accent is compatible with the adjective class, but mora alignment differs from early tíiṇu. Loss/reorganization of medial aspiration and contraction provide independently visible conditions for a late subclass.
3451	kr̥ṣṇá	Sv	HKAT-sdg	knobloch2020sauji	kašaṇ-i	black	accent-not-investigated		unmarked	unscorable	source-did-not-investigate-accent;no-single-location-mark	f_7qkqfzy5qir7c	Palula kriṣíṇu/kiṣíṇu has accent on the final root syllable before u, while Shina kíṇo/kíṇu has only one root syllable after greater cluster reduction. Thus the modern first-versus-second syllable difference is predicted by root shape plus the same extension rule; it is not divergent inherited accent. The independently attested old extended adjective strengthens the morphological analysis.
8047	pā́ṇḍara	Sv	HKAT-sdg	knobloch2020sauji	paṛaṇ-o	white	accent-not-investigated		unmarked	unscorable	source-did-not-investigate-accent;no-single-location-mark	f_4stobeuvtq4em	Palula paṇáaru has early accent on the final root syllable before u, while the old principal adjective is initially accented. Old later a was short, so extension-driven root-final accent plus open-syllable lengthening predicts the modern locus and new aa; old first ā has shortened. Kalkoti pänär and Sauji parãṛó represent additional vowel and ending histories. The old alternate pāṇḍurá must remain visible.
4424	ghaná	Sv	HKAT-sdg	knobloch2020sauji	gaan-o	big	accent-not-investigated		unmarked	unscorable	source-did-not-investigate-accent;no-single-location-mark	f_vkswzslqg7jxa	Liljegren gháanu is early root-accented in the extended big adjective, compatible with open-syllable short-a lengthening. Strand ghâʹnu is late in the same apparent formation. The modern u/ee feminine alternation supports an inflectional formation, but does not remove the source disagreement. Sauji ghaṇyeṛo has extra derivation and cannot be counted as the same stem.
4424	ghaná	Sv	HKAT-sdg	knobloch2020sauji	ganu	old, big, tall	accent-not-investigated		unmarked	unscorable	source-did-not-investigate-accent;no-single-location-mark	f_vdppsixnimo62	Liljegren gháanu is early root-accented in the extended big adjective, compatible with open-syllable short-a lengthening. Strand ghâʹnu is late in the same apparent formation. The modern u/ee feminine alternation supports an inflectional formation, but does not remove the source disagreement. Sauji ghaṇyeṛo has extra derivation and cannot be counted as the same stem.
10896	laghú	Sv	HKAT-sdg	knobloch2020sauji	lawu	young, small	accent-not-investigated		unmarked	unscorable	source-did-not-investigate-accent;no-single-location-mark	f_64qlzh4rsrzwe	Palula lhoóku and Gilgit loóko have late long-root accent before an unaccented gender vowel, while older lohóko preserves a less contracted stage. This parallels madhurá > mhoóru: root-final accent is compatible with the adjective class, but mora alignment differs from early tíiṇu. Loss/reorganization of medial aspiration and contraction provide independently visible conditions for a late subclass.
1962	*udguru	Sh	gil	degener-shina2008	agúro	heavy	gilgit-mora	2	S@-2	penultimate		f_ignx4virrit7u	Modern Palula ungúru and Gilgit hagúro/agúro accent the final root syllable before a gender ending, while older Palula úguro/úṅguro is initially accented. This is a real source or historical formation discrepancy within a well-defined adjective class. Sauji ugəró has a finally accented vowel and must be checked for its exact inflection; Kalkoti ugur/uɣur has lost the ending.
3533	*kōla	Sh	gil	degener-shina2008	ka~óolo	crooked	gilgit-mora	2	E@-2	penultimate		f_qoecdmgrd7wxc	Palula kʹûlo and Gilgit kóolo preserve early long-root prominence before an unaccented ending; Gilgit ka~óolo adds or retains further initial material. The reconstructed input is unaccented and has possible older diphthong variants, but the modern adjective-class behavior is consistent across the two languages.
11168	*lōhila	Sh	gil	degener-shina2008	loólyo	red	gilgit-mora	2	L@-2	penultimate		f_szevgf5gonuwo	Palula lhoílu/lohílu/lhoyílu accents the final root syllable before u; Shina loólyo/loólu and Kohistani lhiílo have late long roots after h-related contraction. Blood léel has early long ee and a different substantivized formation. The source's money use is explicitly a modern plural metaphor based on red banknotes, not a historical etymological clue.
11168	*lōhila	Sh	gil	buddruss-shina1996	loólyo	red	gilgit-mora	2	L@-2	penultimate		f_rzpwf7cgep3k6	Palula lhoílu/lohílu/lhoyílu accents the final root syllable before u; Shina loólyo/loólu and Kohistani lhiílo have late long roots after h-related contraction. Blood léel has early long ee and a different substantivized formation. The source's money use is explicitly a modern plural metaphor based on red banknotes, not a historical etymological clue.
