group	gloss	record_id	form	source	proposed_family	retained_previous_family	status	confidence	relation	analysis	source_locator	description
0		f_5fy4ipmgasx3u	sarsari	knobloch2020sauji			assessed-no-secure-input			Five unglossed citations: sarsari, ṣaaṭ, tase, torati, šahedi. No semantic support for a historical assignment; especially do not identify ṣaaṭ with strength by shape alone.		
0		f_33v4nriyyozmo	ṣaaṭ	knobloch2020sauji			assessed-no-secure-input			Five unglossed citations: sarsari, ṣaaṭ, tase, torati, šahedi. No semantic support for a historical assignment; especially do not identify ṣaaṭ with strength by shape alone.		
0		f_daqb5hg3yqy7w	tase	knobloch2020sauji			assessed-no-secure-input			Five unglossed citations: sarsari, ṣaaṭ, tase, torati, šahedi. No semantic support for a historical assignment; especially do not identify ṣaaṭ with strength by shape alone.		
0		f_uqqib4bxp775k	torati	knobloch2020sauji			assessed-no-secure-input			Five unglossed citations: sarsari, ṣaaṭ, tase, torati, šahedi. No semantic support for a historical assignment; especially do not identify ṣaaṭ with strength by shape alone.		
0		f_ygrk77mnms4jg	šahedi	knobloch2020sauji			assessed-no-secure-input			Five unglossed citations: sarsari, ṣaaṭ, tase, torati, šahedi. No semantic support for a historical assignment; especially do not identify ṣaaṭ with strength by shape alone.		
1	1	f_shrqy6gji6w6o	jak	knobloch2020sauji	2462		new-family-association	high	manually-reviewed-lexical-family	jak one corresponds to regional yak/ak/ek; initial y/j development and numeral category support the identification.		
2	11	f_dpdx4bbocy7uw	jakɑːʃ	knobloch2020sauji	2485		new-family-association	high	manually-reviewed-lexical-family	jakɑːʃ eleven is the one-plus-ten compound, not an independently inherited root accent.		
3	7	f_icvtrtaul5oqm	saat	knobloch2020sauji	13139	13139	previous-research-link	high	manually-reviewed-lexical-family	Numeral saat seven, already linked; the citation does not mark its mora.		
4	after	f_npbebe4uogmne	bat	knobloch2020sauji			assessed-no-secure-input			bat after is plausibly regional baad/bad, but final consonant and source context need checking; no inherited assignment.		
5	after (temporal)	f_wjhtbvkpbj56q	pa	knobloch2020sauji			assessed-no-secure-input			pa/patuno temporal after are a grammatical alternation; compare back/postposition pat-, but the precise formation is not established.		printed as pa/patuno
5	after (temporal)	f_y4snk2xteczde	patuno	knobloch2020sauji			assessed-no-secure-input			pa/patuno temporal after are a grammatical alternation; compare back/postposition pat-, but the precise formation is not established.		printed as pa/patuno
6	all	f_cvrjji7x7r52w	sami	knobloch2020sauji			assessed-no-secure-input			sami all could be a regional sam- totality word; do not assign an etymon on meaning alone.		
7	and	f_5xi3hyumcgvpo	aw	knobloch2020sauji			assessed-no-secure-input			aw and is a regional contact conjunction, likely Pashto; no inherited accent test.		
8	ant	f_wbtnwfsyebge4	piloo	knobloch2020sauji	8201		new-family-association	high	manually-reviewed-lexical-family	piloo ant and plural pilee share the pil- stem; contracted formation relative to pipīla/pilīla.		
9	ants	f_mlb66kks7cyek	pilee	knobloch2020sauji	8201		new-family-association	high	manually-reviewed-lexical-family	pilee is the plural of piloo ant; final ee belongs to the nominal paradigm.		
10	apple	f_72u36srfgkc7c	mana	knobloch2020sauji			assessed-no-secure-input			mana apple has no secure match among the supplied Shinaic apple families; leave etymology open.		
11	approximately	f_obkufdou657fq	taqriban	knobloch2020sauji			assessed-no-secure-input			taqriban approximately is the Arabic-origin regional adverb, a contact item.		
12	around	f_qktyv3u6xe254	terčapera	knobloch2020sauji			assessed-no-secure-input			terčapera around is a regional adverb/compound; superficial resemblance to turn roots is insufficient.		
13	away	f_yzbbzx3brv7yi	pare	knobloch2020sauji	8100		new-family-association	high	manually-reviewed-lexical-family	pare away is a case/adverbial formation of the across/farther-side para family; suffix and direction must be kept separate from noun accent.		
14	azgiral	f_imfbawqy64vca	azirgala	knobloch2020sauji			assessed-no-secure-input			azirgala is a place-name citation; no inherited lexical accent assignment.		
15	baking board	f_3abbuef4vcq5w	laganema	knobloch2020sauji			assessed-no-secure-input			laganema/laganama baking board appears to contain regional lagan vessel plus another element, but formation and borrowing route remain unresolved.		
15	baking board	f_nrju6f3maaulo	laganama	knobloch2020sauji			assessed-no-secure-input			laganema/laganama baking board appears to contain regional lagan vessel plus another element, but formation and borrowing route remain unresolved.		
16	bark	f_t4ad5jofbpqai	čambaan-o	knobloch2020sauji			assessed-no-secure-input			čambaan-o bark is a verbal citation here; do not compare it to bark of a tree merely because the English gloss matches.		
17	battle, conflict	f_7vybsvetb5aai	yang	knobloch2020sauji			assessed-no-secure-input			yang battle is regional jang, an Iranian contact item.		
18	be	f_v6b6wlnpp55is	hino	knobloch2020sauji			assessed-no-secure-input			hin- versus al- copular stems are grammatically distinct; no single historical headword safely predicts both. Retain all ten cells as unassigned copular evidence.		
18	be	f_x54liaapwvp4a	alo	knobloch2020sauji			assessed-no-secure-input			hin- versus al- copular stems are grammatically distinct; no single historical headword safely predicts both. Retain all ten cells as unassigned copular evidence.		
18	be	f_nltsqq2pyxf3k	hine:	knobloch2020sauji			assessed-no-secure-input			hin- versus al- copular stems are grammatically distinct; no single historical headword safely predicts both. Retain all ten cells as unassigned copular evidence.		
18	be	f_vhvkqq7sdmufm	hinɛ	knobloch2020sauji			assessed-no-secure-input			hin- versus al- copular stems are grammatically distinct; no single historical headword safely predicts both. Retain all ten cells as unassigned copular evidence.		
18	be	f_rswkcc6jaierq	hin-u	knobloch2020sauji			assessed-no-secure-input			hin- versus al- copular stems are grammatically distinct; no single historical headword safely predicts both. Retain all ten cells as unassigned copular evidence.		
18	be	f_bfe6y5b7py37c	hin-i	knobloch2020sauji			assessed-no-secure-input			hin- versus al- copular stems are grammatically distinct; no single historical headword safely predicts both. Retain all ten cells as unassigned copular evidence.		
18	be	f_mrxof2tcdwdeo	al-i	knobloch2020sauji			assessed-no-secure-input			hin- versus al- copular stems are grammatically distinct; no single historical headword safely predicts both. Retain all ten cells as unassigned copular evidence.		
18	be	f_k5di55rq6ubwy	al-o	knobloch2020sauji			assessed-no-secure-input			hin- versus al- copular stems are grammatically distinct; no single historical headword safely predicts both. Retain all ten cells as unassigned copular evidence.		
18	be	f_xji3w2sjht32s	hin-ee	knobloch2020sauji			assessed-no-secure-input			hin- versus al- copular stems are grammatically distinct; no single historical headword safely predicts both. Retain all ten cells as unassigned copular evidence.		
18	be	f_feigpqllfafpa	hin-o	knobloch2020sauji			assessed-no-secure-input			hin- versus al- copular stems are grammatically distinct; no single historical headword safely predicts both. Retain all ten cells as unassigned copular evidence.		
19	bear	f_hpllxzhiyusac	inʈ͡ʂ	knobloch2020sauji	2445		new-family-association	high	manually-reviewed-lexical-family	inʈ͡ʂ bear matches the inherited r̥kṣa set; inčeṛi forms add a feminine/derivational ending, so they do not directly test the bare masculine accent.		
19	bear	f_ryhzl4pmo4p6u	inčeṛi	knobloch2020sauji	2445		new-family-association	high	manually-reviewed-lexical-family	inʈ͡ʂ bear matches the inherited r̥kṣa set; inčeṛi forms add a feminine/derivational ending, so they do not directly test the bare masculine accent.		
19	bear	f_s63roetfj4upg	inčeṛi-yee	knobloch2020sauji	2445		new-family-association	high	manually-reviewed-lexical-family	inʈ͡ʂ bear matches the inherited r̥kṣa set; inčeṛi forms add a feminine/derivational ending, so they do not directly test the bare masculine accent.		
20	beard	f_r52anbihpo4oi	daṛi	knobloch2020sauji	6250		new-family-association	high	manually-reviewed-lexical-family	daṛi beard matches the regional dāṁṣṭra family; feminine ending and reduced cluster are independent segmental evidence.		
21	beautiful	f_qaysydt4fec6y	šubaaṇ-u	knobloch2020sauji	12540		new-family-association	high	manually-reviewed-lexical-family	šubaaṇ-u beautiful matches older Sauji šobaṇo and the śubhvan family; the printed hyphen separates gender morphology.		
22	became	f_kvfptzcfocob4	bilo	knobloch2020sauji	9552		new-family-association	high	manually-reviewed-lexical-family	bilo became belongs to the bil- perfective, distinguished from baan- imperfective.		
23	because of	f_7wrmnrgo7bqai	ṣači	knobloch2020sauji			assessed-no-secure-input			ṣači because of is a postposition; no secure lexical reconstruction from these comparanda.		
24	become	f_z6q3oacjuty72	baan-u	knobloch2020sauji	9416		new-family-association	high	root-family-only	Mixed baan- imperfective and bil- perfective become are assigned separately by stem below.		
24	become	f_cnysxpbuaez6o	baan-e	knobloch2020sauji	9416		new-family-association	high	root-family-only	Mixed baan- imperfective and bil- perfective become are assigned separately by stem below.		
24	become	f_5lqkoxsvhxj4e	bil-i	knobloch2020sauji	9552		new-family-association	high	root-family-only	Mixed baan- imperfective and bil- perfective become are assigned separately by stem below.		
24	become	f_odgbpfwqdtilg	bil-o	knobloch2020sauji	9552		new-family-association	high	root-family-only	Mixed baan- imperfective and bil- perfective become are assigned separately by stem below.		
24	become	f_fcrlidy3773hg	baan-ee	knobloch2020sauji	9416		new-family-association	high	root-family-only	Mixed baan- imperfective and bil- perfective become are assigned separately by stem below.		
25	become, go	f_thgqi7an7kjvo	baan-al-ee	knobloch2020sauji			assessed-no-secure-input			baan-al-ee become/go has both verbal extension and tense/agreement morphology; root-family link only, not a direct reflex of the Sanskrit finite citation.		
26	becomes	f_ouqaphurp64si	baanu	knobloch2020sauji	9416		new-family-association	high	root-family-only	baanu becomes is the imperfective becoming stem.		
27	behind	f_4t2tr7uvw4y3m	patkeṇo	knobloch2020sauji	7732		new-family-association	high	manually-reviewed-lexical-family	patkeṇo/patkeṇi behind contain back pat- plus extended adjectival/postpositional morphology; suffix accent is unknown.		
27	behind	f_i57vtvchsye3q	patkeṇi	knobloch2020sauji	7732		new-family-association	high	manually-reviewed-lexical-family	patkeṇo/patkeṇi behind contain back pat- plus extended adjectival/postpositional morphology; suffix accent is unknown.		
28	between	f_krghfijdm4ngc	menǰi	knobloch2020sauji	9804		new-family-association	high	manually-reviewed-lexical-family	menǰi between matches madhya and the regional middle postposition; the nasal is retained as an observed segmental difference.		
29	big	f_a3yjut4bpyzry	gaːnu	knobloch2020sauji	4424		new-family-association	high	manually-reviewed-lexical-family	gaan-/gan- big agrees with older Sauji and Palula ghāṇu/ghan-; compare gender and number endings separately.		
29	big	f_eyddsxshytslc	gan-ee	knobloch2020sauji	4424		new-family-association	high	manually-reviewed-lexical-family	gaan-/gan- big agrees with older Sauji and Palula ghāṇu/ghan-; compare gender and number endings separately.		
29	big	f_vkswzslqg7jxa	gaan-o	knobloch2020sauji	4424		new-family-association	high	manually-reviewed-lexical-family	gaan-/gan- big agrees with older Sauji and Palula ghāṇu/ghan-; compare gender and number endings separately.		
29	big	f_6gonqi56ymfu4	gan-oo	knobloch2020sauji	4424		new-family-association	high	manually-reviewed-lexical-family	gaan-/gan- big agrees with older Sauji and Palula ghāṇu/ghan-; compare gender and number endings separately.		
30	black	f_7qkqfzy5qir7c	kašaṇ-i	knobloch2020sauji	3451		new-family-association	high	manually-reviewed-lexical-family	kašaṇ-i black matches the kr̥ṣṇa family through the known Sauji expanded consonant sequence and feminine ending.		
31	blood	f_5ct4dl6agxaxc	raːt	knobloch2020sauji	10539	10539	previous-research-link	high	manually-reviewed-lexical-family	raːt blood belongs to rakta, not the homophonous night set.		
32	bone	f_rnmknc54y7yfu	haːɖ	knobloch2020sauji	13952		new-family-association	high	manually-reviewed-lexical-family	haːɖ/haːɖu bone belong together; the final u and bare stem are distinct citation shapes.		
32	bone	f_4nhj5b2zgrii2	haːɖu	knobloch2020sauji	13952	13952	previous-research-link	high	manually-reviewed-lexical-family	haːɖ/haːɖu bone belong together; the final u and bare stem are distinct citation shapes.		
33	book	f_2eiej5hknkq56	kitaːb	knobloch2020sauji			assessed-no-secure-input			kitaab book is the Arabic-origin contact noun.		
33	book	f_giks7tkso5mx6	kitaab	knobloch2020sauji			assessed-no-secure-input			kitaab book is the Arabic-origin contact noun.		
34	books	f_uacg3pw3pig6m	kitaaba	knobloch2020sauji			assessed-no-secure-input			kitaaba books is the local plural of the contact noun kitaab; useful morphology, not inherited OIA accent.		
35	borrower	f_7can5t6eecqsg	čeduaṇ-ee	knobloch2020sauji			assessed-no-secure-input			čeduaṇ-ee borrower has agentive morphology, but the verbal base is not established here.		
36	both	f_is5amye6k4biw	diːja	knobloch2020sauji			assessed-no-secure-input			diːja both plausibly belongs to the two family, but the added j and ending require a full pronominal comparison before assignment.		
37	boy	f_4doelvd3ui7ru	pu	knobloch2020sauji	8399		new-family-association	high	manually-reviewed-lexical-family	pu/pi- boy belongs to pōta; ǰitak- boy is a different lexical formation and is left unresolved.		
37	boy	f_ono6cpzorzpsm	ǰitak-a	knobloch2020sauji			assessed-no-secure-input			pu/pi- boy belongs to pōta; ǰitak- boy is a different lexical formation and is left unresolved.		
37	boy	f_rzsteampffz6i	pi-yee	knobloch2020sauji	8399		new-family-association	high	manually-reviewed-lexical-family	pu/pi- boy belongs to pōta; ǰitak- boy is a different lexical formation and is left unresolved.		
37	boy	f_yugbvxhv35osi	ǰitak-u	knobloch2020sauji			assessed-no-secure-input			pu/pi- boy belongs to pōta; ǰitak- boy is a different lexical formation and is left unresolved.		
37	boy	f_d2aynov2pkhr6	piyee	knobloch2020sauji	8399		new-family-association	high	manually-reviewed-lexical-family	pu/pi- boy belongs to pōta; ǰitak- boy is a different lexical formation and is left unresolved.		
38	boys	f_r3c5xqq7w24mm	ǰitaka	knobloch2020sauji			assessed-no-secure-input			ǰitaka boys is the plural of ǰitak-, not evidence for dāraka simply because both mean boys.		
39	bread	f_unq6d3s2edc5i	mandili	knobloch2020sauji	9735		new-family-association	high	manually-reviewed-lexical-family	mandili bread matches older Sauji mēṇḍili and the maṇḍa family; diminutive/extended formation remains part of the analysis.		
40	breast	f_zu2rkemy2w5ba	t͡ʃut͡ʃuː	knobloch2020sauji	4855		new-family-association	high	manually-reviewed-lexical-family	t͡ʃut͡ʃuː breast is the reduplicated cuccu set; expressive origin limits deep accent inference.		
41	bridge	f_6csa6seyn4lzw	si	knobloch2020sauji	13585		new-family-association	high	manually-reviewed-lexical-family	si bridge compares to sētu/sīu; contraction removes the original syllable boundary, so mora history cannot be read from unmarked si.		
42	bridges	f_tdnga65h5z6xw	sia	knobloch2020sauji	13585		new-family-association	high	manually-reviewed-lexical-family	sia bridges is the inflected plural of si bridge.		
43	bring	f_bzw2p6afld6ic	ataan-o	knobloch2020sauji	178		new-family-association	high	root-family-only	ataan-/aṭ- bring matches the aṭṭ family only at the lexical-root level; the added imperfective and agreement morphology is retained.		
43	bring	f_2kk66ttmzcgkq	aṭ-oom-oo	knobloch2020sauji	178		new-family-association	high	root-family-only	ataan-/aṭ- bring matches the aṭṭ family only at the lexical-root level; the added imperfective and agreement morphology is retained.		
43	bring	f_gwqavnvpqfo5y	ataan-oo	knobloch2020sauji	178		new-family-association	high	root-family-only	ataan-/aṭ- bring matches the aṭṭ family only at the lexical-root level; the added imperfective and agreement morphology is retained.		
44	brother	f_4oo6dmq2nj6ws	brɑː	knobloch2020sauji	9661		new-family-association	high	manually-reviewed-lexical-family	bra/braː brother corresponds to bhrātr̥ with cluster reduction.		
44	brother	f_o7sbyyhjszoxs	bra	knobloch2020sauji	9661		new-family-association	high	manually-reviewed-lexical-family	bra/braː brother corresponds to bhrātr̥ with cluster reduction.		
45	brothers	f_2kmszu37q746o	brawu	knobloch2020sauji	9661		new-family-association	high	manually-reviewed-lexical-family	brawu brothers is the brother plural; uw morphology prevents treating it as an independent etymon.		
46	burn	f_s3ejbnqf2tpj4	daǰaan-u	knobloch2020sauji	6248		new-family-association	high	root-family-only	daǰaan-u burn contains the intransitive/passive daj- stem comparable to dahyate, not the causative dahayati by default.		
47	but, however	f_67wu4jooht5oc	xo	knobloch2020sauji			assessed-no-secure-input			xo but/however is the Pashto-type regional conjunction; contact evidence only.		
48	cat	f_77ohtoj3x64ik	piši	knobloch2020sauji	8298		new-family-association	high	manually-reviewed-lexical-family	piši cat matches puśśī; the vowel difference and feminine morphology remain visible.		
49	chicken	f_2ke3e3l2mj4hi	kukuṛ-ee	knobloch2020sauji	3208		new-family-association	high	manually-reviewed-lexical-family	kukuṛ-/kukuṛ-ee chicken is the kukkuṭa set with a plural/oblique ending in the longer form.		
49	chicken	f_vldrhysptgtpc	kukuṛ	knobloch2020sauji	3208		new-family-association	high	manually-reviewed-lexical-family	kukuṛ-/kukuṛ-ee chicken is the kukkuṭa set with a plural/oblique ending in the longer form.		
50	child, small	f_m2m2z4qeu56b4	laːvu	knobloch2020sauji	10896		new-family-association	high	manually-reviewed-lexical-family	laːvu child/small matches older Sauji lau and the laghu property family; semantic nominalization does not create a separate accent history.		
51	clean	f_msfmzowrht6sa	paːɣas	knobloch2020sauji			assessed-no-secure-input			paaɣas clean has no demonstrated cognate among the proposed splendid/clean roots; do not assign by gloss alone.		
51	clean	f_hp24x5mx7au72	paaɣas	knobloch2020sauji			assessed-no-secure-input			paaɣas clean has no demonstrated cognate among the proposed splendid/clean roots; do not assign by gloss alone.		
52	close	f_qt4qr34mqkjuk	ban	knobloch2020sauji			assessed-no-secure-input			ban close likely belongs to the regional band closure verb/adjective, but context is insufficient for a strict inherited input.		
53	come	f_smwrh4rtbelpy	yaan-	knobloch2020sauji	10452		new-family-association	high	root-family-only	yaan-/yeen-/y- come can be compared to yāti; wol- is a separate perfective stem and remains unassigned.		
53	come	f_h52lly6ogynnu	yeen-	knobloch2020sauji	10452		new-family-association	high	root-family-only	yaan-/yeen-/y- come can be compared to yāti; wol- is a separate perfective stem and remains unassigned.		
53	come	f_ajg4hf7a3knei	wol-	knobloch2020sauji			assessed-no-secure-input			yaan-/yeen-/y- come can be compared to yāti; wol- is a separate perfective stem and remains unassigned.		
53	come	f_p26jly4bdcxp4	y-om-oo	knobloch2020sauji	10452		new-family-association	high	root-family-only	yaan-/yeen-/y- come can be compared to yāti; wol- is a separate perfective stem and remains unassigned.		
53	come	f_d6zfvgmhvaary	yaan-u	knobloch2020sauji	10452		new-family-association	high	root-family-only	yaan-/yeen-/y- come can be compared to yāti; wol- is a separate perfective stem and remains unassigned.		
53	come	f_kbksucoh3srim	wol-aal-oo	knobloch2020sauji			assessed-no-secure-input			yaan-/yeen-/y- come can be compared to yāti; wol- is a separate perfective stem and remains unassigned.		
54	cook	f_4oyuy7vjycajc	pačowaan-	knobloch2020sauji	7654		new-family-association	high	root-family-only	pačowaan-/pačoaal- cook show causative/tense extensions of pac-; link the lexical family, not the exact inherited finite formation.		
54	cook	f_6ghnfgimrmqc6	pačoaal-	knobloch2020sauji	7654		new-family-association	high	root-family-only	pačowaan-/pačoaal- cook show causative/tense extensions of pac-; link the lexical family, not the exact inherited finite formation.		
54	cook	f_wpgxyg3nsbo54	pačowaan-i	knobloch2020sauji	7654		new-family-association	high	root-family-only	pačowaan-/pačoaal- cook show causative/tense extensions of pac-; link the lexical family, not the exact inherited finite formation.		
54	cook	f_33onmdpq75gpg	pačoaal-i	knobloch2020sauji	7654		new-family-association	high	root-family-only	pačowaan-/pačoaal- cook show causative/tense extensions of pac-; link the lexical family, not the exact inherited finite formation.		
55	cooked	f_736vwu2qg7qrg	peekibo	knobloch2020sauji	7621		new-family-association	high	root-family-only	peekibo cooked is a pakva-family participial formation with additional morphology; its vowels do not supply accent.		
56	counting	f_rh5r7eau6e5lw	leka	knobloch2020sauji			assessed-no-secure-input			leka counting likely corresponds to the regional lekh reckoning noun, but no input accent should be imputed without the relevant entry.		
57	cry	f_nomhccx3faq34	riŋɡeen-i	knobloch2020sauji			assessed-no-secure-input			riŋɡeen-i cry is not segmentally matched to rodati by meaning alone; leave unresolved.		
58	dawud	f_h562lcfqoi33a	dawudi	knobloch2020sauji			assessed-no-secure-input			dawudi is a personal name with case morphology; exclude from inherited common-noun inference.		
59	did	f_thxigit4rm5gc	thilo	knobloch2020sauji	13756		new-family-association	high	root-family-only	thilo did belongs to the th- do paradigm with a perfective l extension.		
60	die	f_ld7cyyqugws5i	muṛ-oo	knobloch2020sauji	10278		new-family-association	high	root-family-only	muṛ-oo die is a perfective/dead-stem citation; mṛta is the formation comparator, not an unqualified present-root reflex.		
61	died	f_k4ssr3qm7dinw	muro	knobloch2020sauji	10278		new-family-association	high	root-family-only	muro died is the perfective/dead-stem formation corresponding to mṛta.		
62	different	f_bgfs5tbe243uo	rakam	knobloch2020sauji			assessed-no-secure-input			rakam different is the regional kind/sort contact word, not an inherited other adjective.		
63	disturb	f_45sywlutjdbue	čoor-ee	knobloch2020sauji			assessed-no-secure-input			čoor-ee disturb has no secure root assignment in the selected evidence.		
64	do	f_jlrmrk53lxvbe	tʰaanu	knobloch2020sauji	13756		new-family-association	high	root-family-only	thaan-/theen- and thil-/til-/ṭil- are the do paradigm; imperfective, perfective and agreement cells remain separate.		
64	do	f_2pftcsfdul7iq	thaan-	knobloch2020sauji	13756		new-family-association	high	root-family-only	thaan-/theen- and thil-/til-/ṭil- are the do paradigm; imperfective, perfective and agreement cells remain separate.		
64	do	f_dp63726gxwovw	theen-	knobloch2020sauji	13756		new-family-association	high	root-family-only	thaan-/theen- and thil-/til-/ṭil- are the do paradigm; imperfective, perfective and agreement cells remain separate.		
64	do	f_ao7wakm3wnvfc	thil-	knobloch2020sauji	13756		new-family-association	high	root-family-only	thaan-/theen- and thil-/til-/ṭil- are the do paradigm; imperfective, perfective and agreement cells remain separate.		
64	do	f_7pqshtvocb4aq	thaan-u	knobloch2020sauji	13756		new-family-association	high	root-family-only	thaan-/theen- and thil-/til-/ṭil- are the do paradigm; imperfective, perfective and agreement cells remain separate.		
64	do	f_gzyk6xf7gt4wg	thaan-al-oo	knobloch2020sauji	13756		new-family-association	high	root-family-only	thaan-/theen- and thil-/til-/ṭil- are the do paradigm; imperfective, perfective and agreement cells remain separate.		
64	do	f_ydkf32e6gzzes	th-omn-ee	knobloch2020sauji	13756		new-family-association	high	root-family-only	thaan-/theen- and thil-/til-/ṭil- are the do paradigm; imperfective, perfective and agreement cells remain separate.		
64	do	f_szuz2vtb3h4vi	til-u	knobloch2020sauji	13756		new-family-association	high	root-family-only	thaan-/theen- and thil-/til-/ṭil- are the do paradigm; imperfective, perfective and agreement cells remain separate.		
64	do	f_zrpivsgmcjf3u	til-ee	knobloch2020sauji	13756		new-family-association	high	root-family-only	thaan-/theen- and thil-/til-/ṭil- are the do paradigm; imperfective, perfective and agreement cells remain separate.		
64	do	f_fevxojpx5vvui	ṭil-u	knobloch2020sauji	13756		new-family-association	high	root-family-only	thaan-/theen- and thil-/til-/ṭil- are the do paradigm; imperfective, perfective and agreement cells remain separate.		
64	do	f_r5wn4mpksrete	til-i	knobloch2020sauji	13756		new-family-association	high	root-family-only	thaan-/theen- and thil-/til-/ṭil- are the do paradigm; imperfective, perfective and agreement cells remain separate.		
64	do	f_rvshk7jliqtjs	thaan-ee	knobloch2020sauji	13756		new-family-association	high	root-family-only	thaan-/theen- and thil-/til-/ṭil- are the do paradigm; imperfective, perfective and agreement cells remain separate.		
64	do	f_slqgf7lpecikk	thil-i	knobloch2020sauji	13756		new-family-association	high	root-family-only	thaan-/theen- and thil-/til-/ṭil- are the do paradigm; imperfective, perfective and agreement cells remain separate.		
64	do	f_tupiqpowrvmm2	than-ee	knobloch2020sauji	13756		new-family-association	high	root-family-only	thaan-/theen- and thil-/til-/ṭil- are the do paradigm; imperfective, perfective and agreement cells remain separate.		
64	do	f_wrygz3rgf3wfg	theen-e	knobloch2020sauji	13756		new-family-association	high	root-family-only	thaan-/theen- and thil-/til-/ṭil- are the do paradigm; imperfective, perfective and agreement cells remain separate.		
64	do	f_ezqpwoyk7ae5m	thil-o	knobloch2020sauji	13756		new-family-association	high	root-family-only	thaan-/theen- and thil-/til-/ṭil- are the do paradigm; imperfective, perfective and agreement cells remain separate.		
65	does	f_ekjplm56xogaw	thaanu	knobloch2020sauji	13756		new-family-association	high	root-family-only	thaanu does is the imperfective do stem with agreement.		
66	dog	f_dc7yiawvk3gmi	kut͡ʃuroː	knobloch2020sauji	3219		new-family-association	high	manually-reviewed-lexical-family	kučuroo/kučuri/kučure dog are masculine, feminine or inflected members of kuccura; final oo is a genuine length distinction, not an acute mark.		
66	dog	f_ttkxv5btpz6qk	kučuroo	knobloch2020sauji	3219	3219	previous-research-link	high	manually-reviewed-lexical-family	kučuroo/kučuri/kučure dog are masculine, feminine or inflected members of kuccura; final oo is a genuine length distinction, not an acute mark.		
66	dog	f_bbcygfqk5ote4	kučuri	knobloch2020sauji	3219		new-family-association	high	manually-reviewed-lexical-family	kučuroo/kučuri/kučure dog are masculine, feminine or inflected members of kuccura; final oo is a genuine length distinction, not an acute mark.		
66	dog	f_hagot76vhtt7m	kučure	knobloch2020sauji	3219		new-family-association	high	manually-reviewed-lexical-family	kučuroo/kučuri/kučure dog are masculine, feminine or inflected members of kuccura; final oo is a genuine length distinction, not an acute mark.		
67	dogs	f_atz5lia4nv3pq	kučuree	knobloch2020sauji	3219		new-family-association	high	manually-reviewed-lexical-family	kučuree dogs is the plural of kučuroo.		
68	ear	f_y6enpyvsr2h2s	kaːɳ	knobloch2020sauji	2830	2830	previous-research-link	high	manually-reviewed-lexical-family	kaːɳ ear is already linked to karṇa.		
69	eat	f_jbrovj52jkr5q	kʰa:lo	knobloch2020sauji	3865		new-family-association	high	root-family-only	khuwaan-/khaal-/khaa eat represent imperfective, perfective and imperative cells of the khād family.		
69	eat	f_3kk2vj5hmhks4	khuwaan-	knobloch2020sauji	3865		new-family-association	high	root-family-only	khuwaan-/khaal-/khaa eat represent imperfective, perfective and imperative cells of the khād family.		
69	eat	f_lnubrtl5gdhho	khaal-	knobloch2020sauji	3865		new-family-association	high	root-family-only	khuwaan-/khaal-/khaa eat represent imperfective, perfective and imperative cells of the khād family.		
69	eat	f_q6m5zndvbzrss	khaal-oo	knobloch2020sauji	3865		new-family-association	high	root-family-only	khuwaan-/khaal-/khaa eat represent imperfective, perfective and imperative cells of the khād family.		
69	eat	f_7kf3qpvlha4ee	khaal-oo-n-oo	knobloch2020sauji	3865		new-family-association	high	root-family-only	khuwaan-/khaal-/khaa eat represent imperfective, perfective and imperative cells of the khād family.		
69	eat	f_ff7h7ueh2cff2	khuwaan-e	knobloch2020sauji	3865		new-family-association	high	root-family-only	khuwaan-/khaal-/khaa eat represent imperfective, perfective and imperative cells of the khād family.		
69	eat	f_7ndbg7fragqca	khaa	knobloch2020sauji	3865		new-family-association	high	root-family-only	khuwaan-/khaal-/khaa eat represent imperfective, perfective and imperative cells of the khād family.		
70	echo	f_56xlmy6avj5bg	mačo	knobloch2020sauji			assessed-no-secure-input			mačo echo has no secure cognate here; do not confuse it with the fish word.		
71	egg	f_5u5el3vovz66k	aɳɖoː	knobloch2020sauji	1111		new-family-association	high	manually-reviewed-lexical-family	aɳɖoː egg matches āṇḍa; the long final gender vowel must be distinguished from a short-u adjective ending.		
72	eight	f_xkk2divmrvucw	aaš	knobloch2020sauji	941	941	previous-research-link	high	manually-reviewed-lexical-family	aaš eight is already linked to aṣṭā.		
73	eighteen	f_7vbz7lgym2xeo	aštiyaš	knobloch2020sauji	946		new-family-association	high	manually-reviewed-lexical-family	aštiyaš eighteen is the eight-plus-ten compound, with an expanded medial sequence.		
74	eleven	f_jly4ng3yz4ley	yekaaš	knobloch2020sauji	2485		new-family-association	high	manually-reviewed-lexical-family	yekaaš eleven is the same compound as jakɑːʃ, a transcription/variant pair.		
75	evening	f_5jhh5d6tkas2s	degar	knobloch2020sauji			assessed-no-secure-input			degar evening is the Persian-type time-of-day word, not the inherited vikāla set by meaning alone.		
76	every	f_ueuuumxb2zpkq	har	knobloch2020sauji			assessed-no-secure-input			har every is the Iranian regional quantifier.		
77	eye	f_ub5rf7dp6awsc	anʈ͡ʂiː	knobloch2020sauji	43		new-family-association	high	manually-reviewed-lexical-family	anʈ͡ʂiː eye matches akṣi through the characteristic affricate outcome and feminine extension; final length alone is not pitch accent.		
78	face	f_iqvta2grrdppm	mox-e	knobloch2020sauji	10158		new-family-association	high	manually-reviewed-lexical-family	mox-e face belongs to mukha; -e is case/number morphology, and a secondary mukhya formation remains a possible finer comparison.		
79	father	f_gin35x6qyyixu	baːbu	knobloch2020sauji	9209	9209	previous-research-link	high	manually-reviewed-lexical-family	baabu father is already linked to the expressive bāppa family.		
79	father	f_iz6w5ugu2zrlg	baabu	knobloch2020sauji	9209	9209	previous-research-link	high	manually-reviewed-lexical-family	baabu father is already linked to the expressive bāppa family.		
80	feather	f_ntcnk3ry7ax6m	phanti	knobloch2020sauji	7627		new-family-association	provisional	manually-reviewed-lexical-family	phanti feather is a pakṣa-family candidate supported by regional phaaṭu-type forms; the nasal and i ending need further phonological explanation, so confidence is provisional.		
81	female bear	f_wwjwtutzn6syu	inčeṛi	knobloch2020sauji	2447		new-family-association	high	manually-reviewed-lexical-family	inčeṛi female bear is assigned to the independently feminine r̥kṣī family rather than treating its ending as part of the masculine citation.		
82	female chicken	f_vggfh6nkujcr2	kukuri	knobloch2020sauji	3208		new-family-association	high	manually-reviewed-lexical-family	kukuri female chicken is the feminine member of the kukkuṭa paradigm.		
83	female dog	f_defafungnj4ka	kučuri	knobloch2020sauji	3219		new-family-association	high	manually-reviewed-lexical-family	kučuri female dog is the feminine member of kuccura, supported by the source's own kučuroo paradigm.		
84	fifteen	f_kq3ziihdsok54	panǰiš	knobloch2020sauji	7662		new-family-association	high	manually-reviewed-lexical-family	panǰiš fifteen is the inherited five-plus-ten compound; compound accent must be modeled separately.		
85	fifty	f_6ejf6qsamkpdc	dešaan dubiša	knobloch2020sauji			assessed-no-secure-input			dešaan dubiša fifty is a vigesimal phrase ten plus two twenties; no single OIA fifty headword is appropriate.		
86	fight, conflict	f_y7fkozkmp2ido	jaŋg	knobloch2020sauji			assessed-no-secure-input			jaŋg fight/conflict is the Iranian jang contact word, same lexical item as yang battle.		
87	finger	f_ngmjirgi4pcho	aŋguri	knobloch2020sauji	135		new-family-association	high	manually-reviewed-lexical-family	aŋguri/anguri finger corresponds to aṅguli with rhotic outcome.		
87	finger	f_b2jigpza3cuku	anguri	knobloch2020sauji	135		new-family-association	high	manually-reviewed-lexical-family	aŋguri/anguri finger corresponds to aṅguli with rhotic outcome.		
88	fingernail	f_jygpht4hllaks	naːkʰ	knobloch2020sauji	6914		new-family-association	high	manually-reviewed-lexical-family	naːkʰ fingernail matches nakha; long aa and retained aspiration are directly observed, accent unmarked.		
89	fingers	f_vtxuocqokolcs	angure	knobloch2020sauji	135		new-family-association	high	manually-reviewed-lexical-family	angure fingers is the plural of anguri.		
90	fire	f_vlvqkj5nclk3s	hangaːru	knobloch2020sauji	125		new-family-association	high	manually-reviewed-lexical-family	hangaːru fire corresponds to aṅgāra with initial h and broadened ember-to-fire meaning.		
91	fish	f_troy7ylmucxr6	mat͡siɳ	knobloch2020sauji	9758		new-family-association	high	manually-reviewed-lexical-family	matsiɳ fish contains the matsya stem plus an unexplained final extension; do not assign the rohitamatsya compound because of fish alone.		
92	five	f_o6c3kqy7ad446	paanǰ	knobloch2020sauji	7655	7655	previous-research-link	high	manually-reviewed-lexical-family	paanǰ five is already linked to pañca.		
93	flat	f_24mew4rz3nz4u	xawar	knobloch2020sauji			assessed-no-secure-input			xawar flat resembles a regional adjective but lacks a secure reconstruction in the present evidence.		
94	flour	f_7fycjm7sclons	pišo	knobloch2020sauji	8218	8218	previous-research-link	high	manually-reviewed-lexical-family	pišu/pišo flour are the piṣṭa nominal set; the grinding verb pēṣayati is related but not the immediate noun formation.		
94	flour	f_vkvtdfon3ij4u	pišu	knobloch2020sauji	8218		new-family-association	high	manually-reviewed-lexical-family	pišu/pišo flour are the piṣṭa nominal set; the grinding verb pēṣayati is related but not the immediate noun formation.		
95	flower	f_4cxowhjxzoo5e	poš-a	knobloch2020sauji	8306		new-family-association	high	manually-reviewed-lexical-family	poš-a flower belongs to the regional poś/pōṣ flower set under puṣya; the final a is inflectional.		
96	forest	f_wbmpzpqhmanlm	zaŋgali	knobloch2020sauji			assessed-no-secure-input			zaŋgali forest is the regional jangal word with a case/derivational ending; contact versus inherited history is unresolved and no tone is supplied.		
97	forty	f_j4hjcg3yc3fvu	dubiša	knobloch2020sauji			assessed-no-secure-input			dubiša forty is transparently two twenties, a compositional numeral; keep separate from an unmodified twenty reflex.		
98	four	f_tfmr5ibtajunc	t͡ʃoːr	knobloch2020sauji	4655		new-family-association	high	manually-reviewed-lexical-family	čoor/čur four are the catvāraḥ set; vowel quantity varies by citation/cell.		
98	four	f_cllbb46rf63f6	čoor	knobloch2020sauji	4655		new-family-association	high	manually-reviewed-lexical-family	čoor/čur four are the catvāraḥ set; vowel quantity varies by citation/cell.		
98	four	f_yhewj3papumwy	čur	knobloch2020sauji	4655		new-family-association	high	manually-reviewed-lexical-family	čoor/čur four are the catvāraḥ set; vowel quantity varies by citation/cell.		
99	fourteen	f_ufxavxkum5lts	čadiš	knobloch2020sauji	4605	4605	previous-research-link	high	manually-reviewed-lexical-family	čadiš fourteen is already linked to the four-plus-ten compound.		
100	fox	f_pk6u7s5mbdxsy	lambaṛi	knobloch2020sauji	11153		new-family-association	high	manually-reviewed-lexical-family	lambaṛi/lumbaṛi fox correspond to the lōmaṭaka regional fox family, with a feminine/extended ending.		
100	fox	f_i6txcjkmao5zs	lumbaṛi	knobloch2020sauji	11153		new-family-association	high	manually-reviewed-lexical-family	lambaṛi/lumbaṛi fox correspond to the lōmaṭaka regional fox family, with a feminine/extended ending.		
101	frighten	f_kun5xy26wsoic	biyaal-u	knobloch2020sauji			assessed-no-secure-input			biyaal-u frighten plausibly contains the fear root, but causative formation and precise ancestor are not established here.		
102	frog	f_qqpw7wlv5zaao	munɖaːko	knobloch2020sauji	9746		new-family-association	high	manually-reviewed-lexical-family	munɖaːko frog is the maṇḍūka set; modern vowel quality and quantity are separate from inherited accent.		
103	from	f_iw7ukdglke7ms	diyon	knobloch2020sauji			assessed-no-secure-input			diyon/diyaan/diyo from are grammatical postposition forms; no etymology follows from superficial similarity to a holding root.		
103	from	f_bo7qhewxoxkxu	diyaan	knobloch2020sauji			assessed-no-secure-input			diyon/diyaan/diyo from are grammatical postposition forms; no etymology follows from superficial similarity to a holding root.		
103	from	f_65svej4syolog	diyo	knobloch2020sauji			assessed-no-secure-input			diyon/diyaan/diyo from are grammatical postposition forms; no etymology follows from superficial similarity to a holding root.		
104	from us	f_ft5iknsbqi6vi	asondiyo	knobloch2020sauji	986		new-family-association	high	compound-component-only	asondiyo from us contains the first-person plural pronoun plus the source's diyo postposition; phrase-level grammatical evidence, not a simplex accent reflex.		
105	gave	f_u26rw3gq6pdwy	dito	knobloch2020sauji	6140		new-family-association	high	root-family-only	dito gave corresponds to the datta perfective stem.		
106	girl	f_zowpzso2qvbfg	pu-yee	knobloch2020sauji	8399		new-family-association	high	manually-reviewed-lexical-family	pu-yee/poo-yee girl compare to the pōta-family boy/girl paradigm; female and case extensions are retained.		
106	girl	f_pve4lisaedp4a	poo-yee	knobloch2020sauji	8399		new-family-association	high	manually-reviewed-lexical-family	pu-yee/poo-yee girl compare to the pōta-family boy/girl paradigm; female and case extensions are retained.		
107	give	f_c7jgkx6ozseaa	daan-	knobloch2020sauji	6141		new-family-association	high	root-family-only	daan-/d- give and dit- given are linked to their separate present and perfective formations below.		
107	give	f_tnc3pg3onhxeq	dit-	knobloch2020sauji	6140		new-family-association	high	root-family-only	daan-/d- give and dit- given are linked to their separate present and perfective formations below.		
107	give	f_oji66qaqnoqg4	d-ee	knobloch2020sauji	6141		new-family-association	high	root-family-only	daan-/d- give and dit- given are linked to their separate present and perfective formations below.		
107	give	f_f7gv62hcho4sg	dit-i	knobloch2020sauji	6140		new-family-association	high	root-family-only	daan-/d- give and dit- given are linked to their separate present and perfective formations below.		
107	give	f_tbzaxeo6jyihk	dit-oo	knobloch2020sauji	6140		new-family-association	high	root-family-only	daan-/d- give and dit- given are linked to their separate present and perfective formations below.		
108	gives	f_q2rmfgbagt436	daano	knobloch2020sauji	6141		new-family-association	high	root-family-only	daano gives is the present giving stem.		
109	go	f_jvmhisuweusxu	baan-	knobloch2020sauji	12225		new-family-association	high	root-family-only	baan- go and g- perfective go require separate vrájati and gata formation links.		
109	go	f_zjzvhzxg27sae	g-	knobloch2020sauji	4008		new-family-association	high	root-family-only	baan- go and g- perfective go require separate vrájati and gata formation links.		
110	go, become	f_4lrpve3nm7d4i	baan-al-e	knobloch2020sauji			assessed-no-secure-input			baan-al-e go/become is semantically ambiguous between the two source paradigms; no forced historical assignment.		
111	goat	f_54zeintbi4suw	t͡ʃʰɑːlɛ	knobloch2020sauji	4963		new-family-association	high	manually-reviewed-lexical-family	čhaal-u/t͡ʃʰɑːlɛ goat match the chagala set, with sex/number morphology. chāgala is an alternative historical formation, not an interchangeable accent input.		
111	goat	f_mjdm7nrmiudsy	čhaal-u	knobloch2020sauji	4963		new-family-association	high	manually-reviewed-lexical-family	čhaal-u/t͡ʃʰɑːlɛ goat match the chagala set, with sex/number morphology. chāgala is an alternative historical formation, not an interchangeable accent input.		
112	goes	f_gqosbwdmauirg	baanu	knobloch2020sauji	12225		new-family-association	high	root-family-only	baanu goes is the going imperfective; distinguish the homophonous becoming verb.		
113	good	f_2mynp2pcitlro	xwax	knobloch2020sauji			assessed-no-secure-input			xwax good is Pashto-type contact vocabulary; bal is a different citation requiring source-context clarification. Neither is assigned to śubha by gloss.		
113	good	f_kxlk4hj4b34d4	bal	knobloch2020sauji			assessed-no-secure-input			xwax good is Pashto-type contact vocabulary; bal is a different citation requiring source-context clarification. Neither is assigned to śubha by gloss.		
114	government	f_iffxrun5ufuoy	yarime	knobloch2020sauji			assessed-no-secure-input			yarime government is opaque here; a semantic match with rājya is insufficient.		
115	granddaughter	f_glyhtcgbkayyi	nawaasi	knobloch2020sauji			assessed-no-secure-input			nawaasi granddaughter belongs with regional nawasa/nawasi; borrowing route and deeper formation need investigation, not substitution of pautrī.		
116	grandson	f_2q5norjqroebq	nawaasu	knobloch2020sauji			assessed-no-secure-input			nawaasu grandson is the male counterpart of nawaasi; do not equate it with the segmentally different pautra set.		
117	grass	f_u6rnz5w4f22ns	drab	knobloch2020sauji			assessed-no-secure-input			drab grass plausibly reflects darbha with metathesis, an etymological lead needing the full entry; not a reflex of ghāsa by meaning alone.		
118	green	f_m6ypq6kjr4seg	nil-i	knobloch2020sauji	7563		new-family-association	high	manually-reviewed-lexical-family	nil-i green is the nīla adjective with a gender ending; source supplies no accent.		
119	grow	f_gsyhwmzj4iqjo	nilbel-ee-n-ee	knobloch2020sauji			assessed-no-secure-input			nilbel-ee-n-ee grow has substantial verbal morphology and no secure lexical match; do not assign vardhate solely from the gloss.		
120	hand	f_et3rxk2vwdy2u	haːtʰ	knobloch2020sauji	14024		new-family-association	high	manually-reviewed-lexical-family	haat-/haːtʰ hand matches hasta; haat-o-de is an inflected/postpositional form, not the same citation cell.		
120	hand	f_ulzuke6hnyi3m	haat-o-de	knobloch2020sauji	14024		new-family-association	high	manually-reviewed-lexical-family	haat-/haːtʰ hand matches hasta; haat-o-de is an inflected/postpositional form, not the same citation cell.		
121	he, she, it (proximate)	f_oaqmrumg44bvs	la	knobloch2020sauji			assessed-no-secure-input			la-/le-/li- proximate pronouns form a distinct deictic paradigm. Several cells are explicitly secondary Buddruss citations not confirmed by Knobloch's speakers; retain that distinction and leave deep ancestry open.		
121	he, she, it (proximate)	f_emiivhn5g56a2	lasee	knobloch2020sauji			assessed-no-secure-input			la-/le-/li- proximate pronouns form a distinct deictic paradigm. Several cells are explicitly secondary Buddruss citations not confirmed by Knobloch's speakers; retain that distinction and leave deep ancestry open.		
121	he, she, it (proximate)	f_meddsku45kr7c	li	knobloch2020sauji			assessed-no-secure-input			la-/le-/li- proximate pronouns form a distinct deictic paradigm. Several cells are explicitly secondary Buddruss citations not confirmed by Knobloch's speakers; retain that distinction and leave deep ancestry open.		
121	he, she, it (proximate)	f_tvakgwqybzehi	lesi	knobloch2020sauji;buddruss1967sau			assessed-no-secure-input			la-/le-/li- proximate pronouns form a distinct deictic paradigm. Several cells are explicitly secondary Buddruss citations not confirmed by Knobloch's speakers; retain that distinction and leave deep ancestry open.		not confirmed in the field data; supplied from Buddruss (1967: 41-43)
121	he, she, it (proximate)	f_ou3x2z6b2it62	lase	knobloch2020sauji;buddruss1967sau			assessed-no-secure-input			la-/le-/li- proximate pronouns form a distinct deictic paradigm. Several cells are explicitly secondary Buddruss citations not confirmed by Knobloch's speakers; retain that distinction and leave deep ancestry open.		dative and postpositional paradigm reproduced from Buddruss (1967: 41-43)
121	he, she, it (proximate)	f_dimufb7tjul6w	lasi	knobloch2020sauji;buddruss1967sau			assessed-no-secure-input			la-/le-/li- proximate pronouns form a distinct deictic paradigm. Several cells are explicitly secondary Buddruss citations not confirmed by Knobloch's speakers; retain that distinction and leave deep ancestry open.		dative and postpositional paradigm reproduced from Buddruss (1967: 41-43)
121	he, she, it (proximate)	f_q2pkekrjzbixy	laseṭe	knobloch2020sauji;buddruss1967sau			assessed-no-secure-input			la-/le-/li- proximate pronouns form a distinct deictic paradigm. Several cells are explicitly secondary Buddruss citations not confirmed by Knobloch's speakers; retain that distinction and leave deep ancestry open.		dative and postpositional paradigm reproduced from Buddruss (1967: 41-43)
121	he, she, it (proximate)	f_spihnhfnuz3zu	laa	knobloch2020sauji;buddruss1967sau			assessed-no-secure-input			la-/le-/li- proximate pronouns form a distinct deictic paradigm. Several cells are explicitly secondary Buddruss citations not confirmed by Knobloch's speakers; retain that distinction and leave deep ancestry open.		dative and postpositional paradigm reproduced from Buddruss (1967: 41-43)
122	he, she, it (remote)	f_iein55nlapfa4	se	knobloch2020sauji	12815		new-family-association	high	manually-reviewed-lexical-family	se versus t- remote-pronoun stems are suppletive within a paradigm. Link se to sa only; t- requires its own demonstrative formation.		
122	he, she, it (remote)	f_gxuto2fczltq2	tasee	knobloch2020sauji			assessed-no-secure-input			se versus t- remote-pronoun stems are suppletive within a paradigm. Link se to sa only; t- requires its own demonstrative formation.		
122	he, she, it (remote)	f_nzrpzmowhet4o	ti	knobloch2020sauji			assessed-no-secure-input			se versus t- remote-pronoun stems are suppletive within a paradigm. Link se to sa only; t- requires its own demonstrative formation.		
122	he, she, it (remote)	f_ymqulanflfc7s	tesi	knobloch2020sauji;buddruss1967sau			assessed-no-secure-input			se versus t- remote-pronoun stems are suppletive within a paradigm. Link se to sa only; t- requires its own demonstrative formation.		not confirmed in the field data; supplied from Buddruss (1967: 41-43)
122	he, she, it (remote)	f_3nzksc2mwuz4g	tase	knobloch2020sauji;buddruss1967sau			assessed-no-secure-input			se versus t- remote-pronoun stems are suppletive within a paradigm. Link se to sa only; t- requires its own demonstrative formation.		dative and postpositional paradigm reproduced from Buddruss (1967: 41-43)
122	he, she, it (remote)	f_adh33smro4drq	taseṭe	knobloch2020sauji;buddruss1967sau			assessed-no-secure-input			se versus t- remote-pronoun stems are suppletive within a paradigm. Link se to sa only; t- requires its own demonstrative formation.		dative and postpositional paradigm reproduced from Buddruss (1967: 41-43)
122	he, she, it (remote)	f_jri3hoq2tc2qm	taṭe	knobloch2020sauji;buddruss1967sau			assessed-no-secure-input			se versus t- remote-pronoun stems are suppletive within a paradigm. Link se to sa only; t- requires its own demonstrative formation.		dative and postpositional paradigm reproduced from Buddruss (1967: 41-43)
122	he, she, it (remote)	f_n6lcswmv6xpci	ta	knobloch2020sauji;buddruss1967sau			assessed-no-secure-input			se versus t- remote-pronoun stems are suppletive within a paradigm. Link se to sa only; t- requires its own demonstrative formation.		dative and postpositional paradigm reproduced from Buddruss (1967: 41-43)
122	he, she, it (remote)	f_qb24zpacxgudg	tasi	knobloch2020sauji;buddruss1967sau			assessed-no-secure-input			se versus t- remote-pronoun stems are suppletive within a paradigm. Link se to sa only; t- requires its own demonstrative formation.		dative and postpositional paradigm reproduced from Buddruss (1967: 41-43)
123	head	f_xrlum6qu7q5zk	šeš	knobloch2020sauji	12497		new-family-association	high	manually-reviewed-lexical-family	šeš head corresponds to śīrṣa and older Sauji ṣiṣ; source's unmarked spelling is not a tonelessness claim.		
124	hear	f_zbufwe3bswsoc	bud͡ʒiloː	knobloch2020sauji			assessed-no-secure-input			bud͡ʒiloː hear plausibly contains a budh/buj knowing/hearing stem, but the prefix and formation are not established; do not force śṛṇoti.		
125	help	f_usl7ivf345ei4	kumaak	knobloch2020sauji			assessed-no-secure-input			kumaak help is the regional Persian komak contact word.		
126	hen	f_xxb3alv2mrfjq	kukuṛ-u	knobloch2020sauji	3208		new-family-association	high	manually-reviewed-lexical-family	kukuṛ-/kukuṛi hen are the kukkuṭa bird paradigm; some masculine-shaped citations under hen require the original grammatical cell to be retained.		
126	hen	f_22aomaqshgcgu	kukuṛi	knobloch2020sauji	3208		new-family-association	high	manually-reviewed-lexical-family	kukuṛ-/kukuṛi hen are the kukkuṭa bird paradigm; some masculine-shaped citations under hen require the original grammatical cell to be retained.		
126	hen	f_cldvfg5nopfug	kukuṛ	knobloch2020sauji	3208		new-family-association	high	manually-reviewed-lexical-family	kukuṛ-/kukuṛi hen are the kukkuṭa bird paradigm; some masculine-shaped citations under hen require the original grammatical cell to be retained.		
127	hens	f_7rngqedljge6i	kukuṛe	knobloch2020sauji	3208		new-family-association	high	manually-reviewed-lexical-family	kukuṛe hens is the plural of the chicken/hen stem.		
128	here	f_xsup46vo2hema	laadee	knobloch2020sauji			assessed-no-secure-input			laadee/lade here are locative formations of the proximal la- demonstrative, not independent lexical roots.		
128	here	f_p4bxqx5vnjqos	lade	knobloch2020sauji			assessed-no-secure-input			laadee/lade here are locative formations of the proximal la- demonstrative, not independent lexical roots.		
129	horn	f_75rzofkbanpg4	ʂinga	knobloch2020sauji	12583		new-family-association	high	manually-reviewed-lexical-family	ʂinga horn corresponds to śṛṅga; retained final a prevents a monosyllabic mora comparison.		
130	horse	f_vwqewg4itrmwg	guṛu	knobloch2020sauji	4516		new-family-association	high	manually-reviewed-lexical-family	guṛu horse corresponds to ghōṭa with the regional retroflex-rhotic outcome and masculine ending.		
131	house	f_n5ftatrrml33k	goːš	knobloch2020sauji	4336	4336	previous-research-link	high	manually-reviewed-lexical-family	gooš/goš- house belongs to goṣṭha as already linked in this source; case/number alternants differ in root quantity.		
131	house	f_p6vcjzalap2zq	gooš	knobloch2020sauji	4336	4336	previous-research-link	high	manually-reviewed-lexical-family	gooš/goš- house belongs to goṣṭha as already linked in this source; case/number alternants differ in root quantity.		
131	house	f_777uab3vva3o2	goš-ee	knobloch2020sauji	4336		new-family-association	high	manually-reviewed-lexical-family	gooš/goš- house belongs to goṣṭha as already linked in this source; case/number alternants differ in root quantity.		
131	house	f_iaxcgmubyx7tu	gooš-a	knobloch2020sauji	4336		new-family-association	high	manually-reviewed-lexical-family	gooš/goš- house belongs to goṣṭha as already linked in this source; case/number alternants differ in root quantity.		
131	house	f_yy2cb45ufcen4	goš-a	knobloch2020sauji	4336		new-family-association	high	manually-reviewed-lexical-family	gooš/goš- house belongs to goṣṭha as already linked in this source; case/number alternants differ in root quantity.		
132	how many	f_lggh7p5oozbj4	keti	knobloch2020sauji	3167		new-family-association	high	manually-reviewed-lexical-family	keti how many belongs to the kiyatta quantifier set; its final vowel is grammatical, accent unknown.		
133	hundred	f_ouy5fqouqxp4k	paanǰbiša	knobloch2020sauji			assessed-no-secure-input			paanǰbiša/paanǰbisa hundred are five twenties; sawa hundred is a different formation, assigned separately below.		
133	hundred	f_meru5hmiyj7ou	paanǰbisa	knobloch2020sauji			assessed-no-secure-input			paanǰbiša/paanǰbisa hundred are five twenties; sawa hundred is a different formation, assigned separately below.		
133	hundred	f_wwvlfeqeu2n3k	sawa	knobloch2020sauji	12278		new-family-association	high	manually-reviewed-lexical-family	paanǰbiša/paanǰbisa hundred are five twenties; sawa hundred is a different formation, assigned separately below.		
134	hundred and ten	f_mw5g63gtpa7f2	dešaan paanǰbiša	knobloch2020sauji			assessed-no-secure-input			dešaan paanǰbiša hundred and ten is a compositional phrase ten plus five twenties, not an inherited simplex numeral.		
135	hundred and twenty	f_lvpwl3lyd7mya	ṣubiša	knobloch2020sauji			assessed-no-secure-input			ṣubiša hundred and twenty is six twenties; the vigesimal construction must be analyzed as a compound.		
136	hungry	f_wmdz2qvralpdw	buṣaag-u	knobloch2020sauji	9284		new-family-association	provisional	manually-reviewed-lexical-family	buṣaag-u hungry plausibly continues the bubhukṣaka family through the hunger stem plus adjectival ending; cluster simplification and g require further source comparison, so provisional.		
137	hurt	f_fmci2kykv7j3c	ǰaleen-i	knobloch2020sauji			assessed-no-secure-input			ǰaleen-i hurt is a verbal stem with imperfective morphology; resemblance to śūlate is insufficient without a supported affricate correspondence.		
138	husband	f_l5hikqo2g7abo	miʃa	knobloch2020sauji	9828		new-family-association	high	manually-reviewed-lexical-family	miʃa husband belongs to the contracted miš man/husband set, distinct from uncontracted maanuṣ.		
139	i	f_ds656smuzdh4w	ma	knobloch2020sauji	9691		new-family-association	high	manually-reviewed-lexical-family	ma/mi first-person singular forms belong to the ma pronominal stem, with case variation.		
139	i	f_eajcton2ohdqw	mi	knobloch2020sauji	9691		new-family-association	high	manually-reviewed-lexical-family	ma/mi first-person singular forms belong to the ma pronominal stem, with case variation.		
140	in front of	f_nb3utefvvu7nq	muškani	knobloch2020sauji			assessed-no-secure-input			muškani/muxaamšuṇi in front of contain front/face-related material and further morphology; the exact division and borrowing history remain unresolved.		
140	in front of	f_oqngahszx25bu	muxaamšuṇi	knobloch2020sauji			assessed-no-secure-input			muškani/muxaamšuṇi in front of contain front/face-related material and further morphology; the exact division and borrowing history remain unresolved.		
141	in the direction of	f_zb5sobdvo3gkk	daḍee	knobloch2020sauji			assessed-no-secure-input			daḍee direction-of is a directional postposition, with no secure lexical ancestor assigned.		
142	into	f_5elnozucbkloe	ṣaa	knobloch2020sauji			assessed-no-secure-input			ṣaa into is a grammatical item; no lexical cognacy follows from the retrieved English-gloss matches.		
143	is	f_jcefxrdo5betg	hinu	knobloch2020sauji			assessed-no-secure-input			hinu/hino is belong to the hin- copula; historical derivation remains open rather than inheriting bhavati accent through a modern translation.		
143	is	f_fqfwfqazkabvs	hino	knobloch2020sauji			assessed-no-secure-input			hinu/hino is belong to the hin- copula; historical derivation remains open rather than inheriting bhavati accent through a modern translation.		
144	journey	f_fi4o5p3dviyni	musaaferi	knobloch2020sauji			assessed-no-secure-input			musaaferi/musafari/musaphari journey are Arabic/Persian-origin contact vocabulary; the ph/f variants are transcription/phonological evidence only.		
144	journey	f_5otn5l44nhx7s	musafari	knobloch2020sauji			assessed-no-secure-input			musaaferi/musafari/musaphari journey are Arabic/Persian-origin contact vocabulary; the ph/f variants are transcription/phonological evidence only.		
144	journey	f_givu7cy2re7vi	musaphari	knobloch2020sauji			assessed-no-secure-input			musaaferi/musafari/musaphari journey are Arabic/Persian-origin contact vocabulary; the ph/f variants are transcription/phonological evidence only.		
145	judge	f_ii5valymhdp6s	qaziː	knobloch2020sauji;buddruss1967sau			assessed-no-secure-input			qaziː judge is an Arabic-origin contact noun, here explicitly a secondary Buddruss citation.		
146	kamtili	f_q4uw7ejlh5sjo	kamtili	knobloch2020sauji			assessed-no-secure-input			kamtili is a place-name citation; no common-noun etymology is assumed.		
147	kill	f_aksmastk3ipra	moraan-	knobloch2020sauji	10066		new-family-association	high	root-family-only	moraan-/moreen-/moril- kill belong to the causative mārayati family; perfective l and agreement morphology are separated from the root.		
147	kill	f_p5st3s4yzcfmc	moreen-	knobloch2020sauji	10066		new-family-association	high	root-family-only	moraan-/moreen-/moril- kill belong to the causative mārayati family; perfective l and agreement morphology are separated from the root.		
147	kill	f_jv7aghouwn5cm	moril-	knobloch2020sauji	10066		new-family-association	high	root-family-only	moraan-/moreen-/moril- kill belong to the causative mārayati family; perfective l and agreement morphology are separated from the root.		
147	kill	f_ox25b2rmkre5c	moril-oo	knobloch2020sauji	10066		new-family-association	high	root-family-only	moraan-/moreen-/moril- kill belong to the causative mārayati family; perfective l and agreement morphology are separated from the root.		
147	kill	f_oj6dt4pqncwlc	moril-ee	knobloch2020sauji	10066		new-family-association	high	root-family-only	moraan-/moreen-/moril- kill belong to the causative mārayati family; perfective l and agreement morphology are separated from the root.		
147	kill	f_6uk2ytpjch2pm	moril-i	knobloch2020sauji	10066		new-family-association	high	root-family-only	moraan-/moreen-/moril- kill belong to the causative mārayati family; perfective l and agreement morphology are separated from the root.		
148	killed	f_u5jc3xuxcakb6	morilo	knobloch2020sauji	10066		new-family-association	high	root-family-only	morilo killed is the perfective of moraan- kill.		
149	knead	f_uy77ql7hjrrrm	gozel-e	knobloch2020sauji			assessed-no-secure-input			gozan-/gozel- knead form an imperfective/perfective pair, but their base is not a supported mard- reflex.		
149	knead	f_hix4mr2hzcooe	gozan-e	knobloch2020sauji			assessed-no-secure-input			gozan-/gozel- knead form an imperfective/perfective pair, but their base is not a supported mard- reflex.		
150	knee	f_457nxpcgjabpu	ḍuṅgo	knobloch2020sauji			assessed-no-secure-input			ḍuṅgo knee may relate to a bent/rounded-body-part term, but it is not a secure kuṭṭha reflex; no forced cognacy.		
151	know	f_c6dzpslf62k5e	piyaanil-u	knobloch2020sauji			assessed-no-secure-input			piyaanil-/piyonaan- know may be a prefixed knowing/recognizing formation; jānāti without the prefix does not establish the history.		
151	know	f_yoq6m7kzqyp62	piyonaan-o	knobloch2020sauji			assessed-no-secure-input			piyaanil-/piyonaan- know may be a prefixed knowing/recognizing formation; jānāti without the prefix does not establish the history.		
151	know	f_fdiaciasn37ic	piyonaan-oo	knobloch2020sauji			assessed-no-secure-input			piyaanil-/piyonaan- know may be a prefixed knowing/recognizing formation; jānāti without the prefix does not establish the history.		
152	laugh	f_s3oinexmxkwqo	hansil-i	knobloch2020sauji	14021		new-family-association	high	root-family-only	hansil-i laugh corresponds to hasati with nasal and perfective extension; the exact finite Sanskrit citation is only a root-family comparator.		
153	leaf	f_w2d7ucwcwqu7i	paːɬu	knobloch2020sauji	7733		new-family-association	high	manually-reviewed-lexical-family	paːɬu leaf matches pattra, with the Sauji lateral outcome also seen in three; final u and cluster history distinguish it from pallava.		
154	lender	f_ngylucvb2xtmy	garazaṛ-ee	knobloch2020sauji			assessed-no-secure-input			garazaṛ-ee lender appears related to the regional qarz loan vocabulary, but source segmentation and agentive formation need checking.		
155	life	f_dx7evhaxjaik4	zindagi	knobloch2020sauji			assessed-no-secure-input			zindagi life is the Persian-origin contact noun.		
156	little	f_p2i5yl3aq2v2s	leew-i	knobloch2020sauji	10896		new-family-association	high	manually-reviewed-lexical-family	laaw-u/leew-i little show the laghu adjective's gender/umlaut alternation; do not substitute alpa because of the shared meaning.		
156	little	f_xd6puiadi2ohs	laaw-u	knobloch2020sauji	10896		new-family-association	high	manually-reviewed-lexical-family	laaw-u/leew-i little show the laghu adjective's gender/umlaut alternation; do not substitute alpa because of the shared meaning.		
157	live	f_vwhbfzlqi5yqu	wosedal	knobloch2020sauji			assessed-no-secure-input			wosedal/wasedal live preserve a Pashto-type verbal infinitive; contact origin or calqued integration needs primary lexical confirmation.		
157	live	f_nbdnjafcpkcba	wasedal	knobloch2020sauji			assessed-no-secure-input			wosedal/wasedal live preserve a Pashto-type verbal infinitive; contact origin or calqued integration needs primary lexical confirmation.		
158	liver	f_3fi5jkajayoti	jiːnuː	knobloch2020sauji			assessed-no-secure-input			jiːnuː liver is segmentally unlike yakṛt in these data; leave the lexical replacement unexplained.		
159	loan	f_26zhbhkssghie	čed	knobloch2020sauji			assessed-no-secure-input			čed loan is the base associated with čeduaṇ-ee borrower, but its deeper etymology is unresolved.		
160	look	f_5vrim6rkrrp34	agil-u	knobloch2020sauji			assessed-no-secure-input			agil-u look is not securely linked to lakṣati or dṛkṣati; retain as an unresolved verbal formation.		
161	louse	f_ttkr6o7qvqaxq	d͡ʒuj	knobloch2020sauji	10512		new-family-association	high	manually-reviewed-lexical-family	d͡ʒuj louse belongs to the yūkā set through the widespread ju/jū form; glide quality and final shape remain source observations.		
162	male bear	f_lkolhge4f723m	inč	knobloch2020sauji	2445		new-family-association	high	manually-reviewed-lexical-family	inč male bear is the unextended masculine ṛkṣa comparator.		
163	male chicken	f_eplxqdr76x7mi	kukur	knobloch2020sauji	3208		new-family-association	high	manually-reviewed-lexical-family	kukur male chicken is the masculine kukkuṭa stem.		
164	male dog	f_qlahvwlrzow6c	kučuroo	knobloch2020sauji	3219		new-family-association	high	manually-reviewed-lexical-family	kučuroo male dog is the masculine kuccura form with long final oo.		
165	man	f_jorr5a5vl5rmi	maanuṣ	knobloch2020sauji	10049		new-family-association	provisional	manually-reviewed-lexical-family	maanuṣ- man has a retained long first vowel and uncontracted stem, making mānuṣa a plausible formation distinct from miš husband and short-root mánuṣa. Provisional until the exact historical variant is checked; do not infer its accent from length.		
165	man	f_dsxibq6l26tmw	maanuṣ-a	knobloch2020sauji	10049		new-family-association	provisional	manually-reviewed-lexical-family	maanuṣ- man has a retained long first vowel and uncontracted stem, making mānuṣa a plausible formation distinct from miš husband and short-root mánuṣa. Provisional until the exact historical variant is checked; do not infer its accent from length.		
165	man	f_oijb4ycwyn76o	maanuṣ-ee	knobloch2020sauji	10049		new-family-association	provisional	manually-reviewed-lexical-family	maanuṣ- man has a retained long first vowel and uncontracted stem, making mānuṣa a plausible formation distinct from miš husband and short-root mánuṣa. Provisional until the exact historical variant is checked; do not infer its accent from length.		
165	man	f_zkzspc7ggbqow	maanuṣ-u	knobloch2020sauji	10049		new-family-association	provisional	manually-reviewed-lexical-family	maanuṣ- man has a retained long first vowel and uncontracted stem, making mānuṣa a plausible formation distinct from miš husband and short-root mánuṣa. Provisional until the exact historical variant is checked; do not infer its accent from length.		
166	market	f_j6azrfyottfie	bazaar-ee	knobloch2020sauji			assessed-no-secure-input			bazaar-ee market is the Iranian contact noun with local case morphology.		
167	me	f_44ir7eeufmnue	maṭe	knobloch2020sauji	9691		new-family-association	high	compound-component-only	maṭe/maṭee to me are first-person ma plus the dative ṭe; secondary versus new source attestations remain separate.		
167	me	f_femcttcacepnq	maṭee	knobloch2020sauji;buddruss1967sau	9691		new-family-association	high	compound-component-only	maṭe/maṭee to me are first-person ma plus the dative ṭe; secondary versus new source attestations remain separate.		
168	milk	f_v2qzwvyivrvjs	ʈ͡ʂir	knobloch2020sauji	3696		new-family-association	high	manually-reviewed-lexical-family	ʈ͡ʂir milk is the kṣīra set with affricate outcome; quantity and pitch are not independently resolved by this spelling.		
169	minute	f_bfzvmfvqowbim	menat-a	knobloch2020sauji			assessed-no-secure-input			menat-a minute is the modern international time-unit loan with local ending.		
170	money	f_xpcenfeifxs3q	rupa-ya	knobloch2020sauji			assessed-no-secure-input			rupa-ya/rupai money are the regional rupee noun, a contact currency term; do not assign the red adjective merely because money can be called red in Palula.		
170	money	f_uzwp5g7inplk6	rupai	knobloch2020sauji			assessed-no-secure-input			rupa-ya/rupai money are the regional rupee noun, a contact currency term; do not assign the red adjective merely because money can be called red in Palula.		
171	month	f_3pkkcbcsrcr4u	yon-e	knobloch2020sauji			assessed-no-secure-input			yon-e month may continue a moon-related stem, but no secure māsa derivation is supported by these segments.		
172	morning	f_tuqcaakew52js	laalapare	knobloch2020sauji			assessed-no-secure-input			laalapare morning has more structure than the candidate dawn roots; leave it unresolved without a supported segmentation.		
173	mother	f_4ogdqqnc5oohu	jeːj	knobloch2020sauji	1351		new-family-association	high	manually-reviewed-lexical-family	yeey/jeːj mother match āryikā-family contraction and the regional yēy maternal term.		
173	mother	f_c3rlzrcsah6ho	yeey	knobloch2020sauji	1351		new-family-association	high	manually-reviewed-lexical-family	yeey/jeːj mother match āryikā-family contraction and the regional yēy maternal term.		
174	mountain	f_u33fcexasprxi	moṛ-u	knobloch2020sauji			assessed-no-secure-input			moṛ-u mountain is a separate lexical item from khaṇḍa mountain; the supplied evidence does not establish its root.		
175	name	f_ddrmnea7l7tpo	naːm	knobloch2020sauji	7067		new-family-association	high	manually-reviewed-lexical-family	naːm name corresponds to nāman; this is source Table2's unaccented phonetic citation, not a marked mora.		
176	near	f_azpb3a7fulreo	keči	knobloch2020sauji	2618		new-family-association	provisional	manually-reviewed-lexical-family	keči near is comparable to the regional kacchi near/side set under kaccha; kakṣyā is an alternative formation. The exact ancestor is provisional.		
177	nervous	f_iekesp4ozejk4	sagardan	knobloch2020sauji			assessed-no-secure-input			sagardan nervous is the regional Persian sar-gardān type adjective with reduced r; contact history needs confirmation.		
178	nine	f_52vdgvrfusome	nu	knobloch2020sauji	6984		new-family-association	high	manually-reviewed-lexical-family	nu nine is the contracted nava numeral.		
179	nineteen	f_okk4ttppzczse	uṛiš	knobloch2020sauji	2411		new-family-association	provisional	manually-reviewed-lexical-family	uṛiš nineteen compares to ūnaviṁśati with strong contraction; numeral-series analogy may participate, and the exact phonological steps remain uncertain.		
180	nose	f_vghebu6xpf4vw	naːs	knobloch2020sauji	7031		new-family-association	high	manually-reviewed-lexical-family	naːs nose corresponds to nasta and the regional nās stem.		
181	not	f_icssarn2hztt2	na	knobloch2020sauji	6906		new-family-association	high	manually-reviewed-lexical-family	na and ne negation have distinct potential formations; assign na to na, leave contracted ne ambiguous between naiva and other negative-copular combinations.		
181	not	f_nr7xfopr7xuje	ne	knobloch2020sauji			assessed-no-secure-input			na and ne negation have distinct potential formations; assign na to na, leave contracted ne ambiguous between naiva and other negative-copular combinations.		
182	not be	f_hyrwwacjdqw7q	n-eel-i	knobloch2020sauji			assessed-no-secure-input			n-eel-i not be is a segmented negative copula; it cannot be treated as a simplex reflex of naiva.		
183	old	f_ak2r4e4z3mtsk	ɖaːgu	knobloch2020sauji			assessed-no-secure-input			ɖaːgu/ḍag-i old is a masculine/feminine property pair, but no secure relation to jāra or buḍḍha is demonstrated here.		
183	old	f_bql6bruylbmbq	ḍag-i	knobloch2020sauji			assessed-no-secure-input			ɖaːgu/ḍag-i old is a masculine/feminine property pair, but no secure relation to jāra or buḍḍha is demonstrated here.		
184	old, big, tall	f_vdppsixnimo62	ganu	knobloch2020sauji	4424		new-family-association	high	manually-reviewed-lexical-family	ganu old/big/tall is the same ghan- property family as gaan-o; the age sense does not by itself identify gāḍha.		
185	older	f_ohmrigzqdgehy	ganeeroo	knobloch2020sauji	4424		new-family-association	high	manually-reviewed-lexical-family	ganeeroo older is the comparative of gan- big, with the independently visible -eer- suffix. It parallels Palula age comparatives morphologically but is not a direct reflex of gāḍhatara4119. Final long oo is printed without accent.		
186	on	f_gugbuxavym7hm	rateː	knobloch2020sauji			assessed-no-secure-input			rate-/rati on is a postpositional paradigm; no exact historical input is established by the accidental lexical-gloss matches.		
186	on	f_dgwsqpe454yy2	ratee	knobloch2020sauji			assessed-no-secure-input			rate-/rati on is a postpositional paradigm; no exact historical input is established by the accidental lexical-gloss matches.		
186	on	f_6ljilhxceg4ig	rati	knobloch2020sauji			assessed-no-secure-input			rate-/rati on is a postpositional paradigm; no exact historical input is established by the accidental lexical-gloss matches.		
186	on	f_fab3zmpy673r2	rate	knobloch2020sauji			assessed-no-secure-input			rate-/rati on is a postpositional paradigm; no exact historical input is established by the accidental lexical-gloss matches.		
187	one	f_uamcqbydvht6m	jak	knobloch2020sauji	2462		new-family-association	high	manually-reviewed-lexical-family	jak/yak/ek/eki one are members of the one-numeral paradigm; forms differ in initial glide and ending.		
187	one	f_5v2akh7ndqloa	yak	knobloch2020sauji	2462	2462	previous-research-link	high	manually-reviewed-lexical-family	jak/yak/ek/eki one are members of the one-numeral paradigm; forms differ in initial glide and ending.		
187	one	f_xqkvlqgef6pia	ek	knobloch2020sauji	2462	2462	previous-research-link	high	manually-reviewed-lexical-family	jak/yak/ek/eki one are members of the one-numeral paradigm; forms differ in initial glide and ending.		
187	one	f_2jbtvs2klcxxi	eki	knobloch2020sauji	2462		new-family-association	high	manually-reviewed-lexical-family	jak/yak/ek/eki one are members of the one-numeral paradigm; forms differ in initial glide and ending.		
188	other	f_m7urpnhjtsxya	dwi	knobloch2020sauji	6402		new-family-association	provisional	manually-reviewed-lexical-family	dwi other matches the second-to-other development of dutīya; retained w may reflect the two-stem, so the exact derivation is provisional.		
189	oven	f_ano7rs22cm45e	taandor-e	knobloch2020sauji			assessed-no-secure-input			taandor-e oven is the regional tandoor contact noun with local case ending.		
190	particles	f_g5vofmtcn2nzs	kačo	knobloch2020sauji			assessed-no-secure-input			kačo particles has an underspecified gloss; no reconstruction is defensible without context.		
191	pashto language	f_3lealbh2m7b2s	bora-bato	knobloch2020sauji	11564		new-family-association	high	compound-component-only	bora-bato Pashto language contains the language/speech word bato of the vārtta family plus an ethnolinguistic modifier; compound, not a bare speech reflex.		
192	paternal aunt	f_4igvunuioj3qq	paːpi	knobloch2020sauji			assessed-no-secure-input			paːpi paternal aunt resembles an expressive kinship formation but is not securely established as pitṛṣvasṛ by these segments.		
193	paternal uncle	f_brdwl3n32ewm4	bowɽi	knobloch2020sauji			assessed-no-secure-input			bowṛi paternal uncle is a distinct kin term; do not map it to maternal-uncle mātula by generic uncle meaning.		
193	paternal uncle	f_tpb2ms2b2xksg	bowṛi	knobloch2020sauji			assessed-no-secure-input			bowṛi paternal uncle is a distinct kin term; do not map it to maternal-uncle mātula by generic uncle meaning.		
194	paternal uncle’s wife	f_uqplto66qep4k	bowṛiyee ɬeṛi	knobloch2020sauji			assessed-no-secure-input			bowṛiyee ɬeṛi paternal uncle's wife is an analytic kinship phrase, literally uncle's woman/wife. Components can be compared separately; no simplex etymon assigned.		
195	path	f_cw7d3tdexnpnc	pʰaːnt	knobloch2020sauji	7785		new-family-association	high	manually-reviewed-lexical-family	pʰaːnt path corresponds to panthā with the characteristic aspirated outcome and retained nasal-stop cluster.		
196	people	f_ihs63rmsy4sei	xalaka	knobloch2020sauji			assessed-no-secure-input			xalak-a people is regional Pashto/Arabic-origin xalak, integrated with local number morphology.		
196	people	f_vz35oxyp3hcqm	xalak-a	knobloch2020sauji			assessed-no-secure-input			xalak-a people is regional Pashto/Arabic-origin xalak, integrated with local number morphology.		
197	poet	f_vcdntnhgtzm6m	šair-e	knobloch2020sauji			assessed-no-secure-input			šair-e poet is an Arabic-origin contact noun with case ending.		
198	pour	f_phpqre7wwufee	talaan-oo	knobloch2020sauji			assessed-no-secure-input			talaan-/taleen-/tel- pour constitute a verbal paradigm, but no supported derivation from the retrieved pouring roots exists.		
198	pour	f_qn3r72zrusie2	taleen-e	knobloch2020sauji			assessed-no-secure-input			talaan-/taleen-/tel- pour constitute a verbal paradigm, but no supported derivation from the retrieved pouring roots exists.		
198	pour	f_p5g4fb6salrl4	talaan-e	knobloch2020sauji			assessed-no-secure-input			talaan-/taleen-/tel- pour constitute a verbal paradigm, but no supported derivation from the retrieved pouring roots exists.		
198	pour	f_yixskw26akzd2	tel-oo	knobloch2020sauji			assessed-no-secure-input			talaan-/taleen-/tel- pour constitute a verbal paradigm, but no supported derivation from the retrieved pouring roots exists.		
199	prepare	f_g4kdppfmiwjwy	tayar	knobloch2020sauji			assessed-no-secure-input			tayar prepare is the regional Arabic-origin ready word used predicatively; not an inherited sanoti reflex.		
200	question	f_ubr22lrjrflci	topos	knobloch2020sauji	f_prhj2ccra7c5a		new-family-association	high	manually-reviewed-lexical-family	topos question is the same regional tapos inquiry word grouped under the database's unknown-etymon placeholder. This is lexical comparison only and supplies no reconstructed input.		
201	question marker	f_vuxl3cykcyge2	aya	knobloch2020sauji			assessed-no-secure-input			aya question marker is the Iranian interrogative particle, distinct from the lexical noun topos question.		
202	room	f_jovlkbj7w3yeu	gooš-ee	knobloch2020sauji	4336		new-family-association	high	manually-reviewed-lexical-family	gooš-ee room is the inflected house word with narrower room meaning, independently attested as house in the same source.		
203	rope	f_rzab5yavrv42o	paṛa-yee	knobloch2020sauji			assessed-no-secure-input			paṛa-yee rope has no secure match to rajju/dāman in this evidence; feminine/case morphology is identifiable but not the root history.		
204	saleem	f_xagjxjbvw3b4m	salim	knobloch2020sauji			assessed-no-secure-input			salim is a personal name, not a common-noun sound-law datum.		
205	sau	f_zcduxc7dnhcbm	sau	knobloch2020sauji			assessed-no-secure-input			sau/sau-gaṛi are place-name and demonym material; their deep ancestry is unresolved.		
205	sau	f_nbpdendbd5vcg	sau-gaṛi	knobloch2020sauji			assessed-no-secure-input			sau/sau-gaṛi are place-name and demonym material; their deep ancestry is unresolved.		
206	sauji language	f_4cynuggx63fn2	saujibid-ee	knobloch2020sauji	11564		new-family-association	provisional	compound-component-only	saujibid-ee Sauji language plausibly includes the same speech/language bati stem with compounding reduction; provisional component-level comparison only.		
207	say	f_cw2l5ugxnfbku	men-aal-oo	knobloch2020sauji	9837		new-family-association	high	root-family-only	men-aal-oo/men-oo say belong to the regional man/men say set assigned to mantrayate; tense and agreement are separate.		
207	say	f_ljbaq4vesbdsc	men-oo	knobloch2020sauji	9837		new-family-association	high	root-family-only	men-aal-oo/men-oo say belong to the regional man/men say set assigned to mantrayate; tense and agreement are separate.		
208	say, speak, read	f_2e2wkq444ihfg	man-ani	knobloch2020sauji	9837		new-family-association	high	root-family-only	man-ani say/speak/read has the same man- stem; the broad English sense range does not justify a different rásati link.		
209	scorpion	f_cmtczs6unmm3m	ʈikut͡ʃ	knobloch2020sauji	5478		new-family-association	provisional	manually-reviewed-lexical-family	ʈikut͡ʃ scorpion resembles the regional ṭinčuk/ṭičuk formation under ṭoṅka, but metathesis and the deeper semantic derivation remain provisional.		
210	see	f_3rucyzref6f7w	deːʂoː	knobloch2020sauji	6518		new-family-association	high	root-family-only	pašaan- see and deeš-/deš- seen are the independently identifiable present and perfective stems; assign to paśyati and dṛṣṭa separately.		
210	see	f_m75blks45ecz6	pašaan-oo	knobloch2020sauji	8012		new-family-association	high	root-family-only	pašaan- see and deeš-/deš- seen are the independently identifiable present and perfective stems; assign to paśyati and dṛṣṭa separately.		
210	see	f_vwotpxplm3ibi	deš-aal-oo	knobloch2020sauji	6518		new-family-association	high	root-family-only	pašaan- see and deeš-/deš- seen are the independently identifiable present and perfective stems; assign to paśyati and dṛṣṭa separately.		
210	see	f_ep6umjl5lmtu4	deeš-i	knobloch2020sauji	6518		new-family-association	high	root-family-only	pašaan- see and deeš-/deš- seen are the independently identifiable present and perfective stems; assign to paśyati and dṛṣṭa separately.		
210	see	f_ask6y2kmrbvma	deeṣ-oo	knobloch2020sauji	6518		new-family-association	high	root-family-only	pašaan- see and deeš-/deš- seen are the independently identifiable present and perfective stems; assign to paśyati and dṛṣṭa separately.		
210	see	f_awi777ejcmvdu	pašaanu	knobloch2020sauji	8012		new-family-association	high	root-family-only	pašaan- see and deeš-/deš- seen are the independently identifiable present and perfective stems; assign to paśyati and dṛṣṭa separately.		
211	seven	f_2hyldbyeets44	saat	knobloch2020sauji	13139		new-family-association	high	manually-reviewed-lexical-family	saat seven is the same numeral as the source's digit-glossed citation.		
212	seven hundred	f_remdtmydk43xi	saat-sawa	knobloch2020sauji			assessed-no-secure-input			saat-sawa seven hundred is a compositional seven plus hundred expression, not a simple saptá reflex.		
212	seven hundred	f_2sezl7e62z5rs	saatsawa	knobloch2020sauji			assessed-no-secure-input			saat-sawa seven hundred is a compositional seven plus hundred expression, not a simple saptá reflex.		
213	seventeen	f_dyuqcckeae5x4	satiyaš	knobloch2020sauji	13146		new-family-association	high	manually-reviewed-lexical-family	satiyaš seventeen is the seven-plus-ten compound with an expanded medial sequence.		
214	seventy	f_gzncbipo75smo	dešaan ɬaabiša	knobloch2020sauji			assessed-no-secure-input			dešaan ɬaabiša seventy is ten plus three twenties; retain its vigesimal composition.		
215	sha	f_ll7bvmbzazxom	ša	knobloch2020sauji			assessed-no-secure-input			ša is a proper-name or insufficiently glossed citation; do not equate it with oath or king without context.		
216	shepherd	f_fs3zeaozb2ypy	špank-ay	knobloch2020sauji			assessed-no-secure-input			špank-ay shepherd is a Pashto-type shepherd word with local morphology; it is not segmentally a barkarapāla reflex.		
217	shergal	f_ezfsoh223nm52	šergala	knobloch2020sauji			assessed-no-secure-input			šergala is a place name.		
218	show	f_ekfex7ktta3ga	paša	knobloch2020sauji	8134		new-family-association	high	root-family-only	paša/pašuwanu/pašuanu show are causatives of the see stem; the optional w is printed as an explicit source alternative.		
218	show	f_nek4kfwl2af7q	pašuwanu	knobloch2020sauji	8134		new-family-association	high	root-family-only	paša/pašuwanu/pašuanu show are causatives of the see stem; the optional w is printed as an explicit source alternative.		printed as pašu(w)anu
218	show	f_tzvtqupnywhgs	pašuanu	knobloch2020sauji	8134		new-family-association	high	root-family-only	paša/pašuwanu/pašuanu show are causatives of the see stem; the optional w is printed as an explicit source alternative.		printed as pašu(w)anu
219	sieve	f_r74znxdidgvva	čaŋ	knobloch2020sauji			assessed-no-secure-input			čaŋ sieve is a different lexical item from paripavana; no secure history is established here.		
220	similar to	f_bxbxteb5n7yj6	gošte	knobloch2020sauji			assessed-no-secure-input			gošte similar to is a comparative/postpositional item; similarity to the house spelling does not establish cognacy.		
221	sister	f_w75r3e3pnbk52	beːɳ	knobloch2020sauji	9349		new-family-association	high	manually-reviewed-lexical-family	beeṇ/bhyeṇ sister corresponds to bhaginī with contraction; source variants preserve different glide/aspiration representations.		
221	sister	f_7qjzslhkrd5cq	bhyeṇ	knobloch2020sauji	9349		new-family-association	high	manually-reviewed-lexical-family	beeṇ/bhyeṇ sister corresponds to bhaginī with contraction; source variants preserve different glide/aspiration representations.		
221	sister	f_lho6pfdqfuy6q	beeṇ	knobloch2020sauji	9349		new-family-association	high	manually-reviewed-lexical-family	beeṇ/bhyeṇ sister corresponds to bhaginī with contraction; source variants preserve different glide/aspiration representations.		
222	sisters	f_licxjwqooplc4	beeṇa	knobloch2020sauji	9349		new-family-association	high	manually-reviewed-lexical-family	beeṇa sisters is the inflected plural of beeṇ.		
223	sit	f_7mblgnnwe6t2c	beeṭ-ee-n-ee	knobloch2020sauji	14327		new-family-association	high	root-family-only	beeṭ- sit contains the upaviṣṭa-type perfective stem plus further tense/agreement suffixes, distinct from the present viś/bish stem.		
223	sit	f_ffmftt3wzf7fm	beeṭ-oo-n-oo	knobloch2020sauji	14327		new-family-association	high	root-family-only	beeṭ- sit contains the upaviṣṭa-type perfective stem plus further tense/agreement suffixes, distinct from the present viś/bish stem.		
224	six	f_sf5macdtnlovs	ʂo	knobloch2020sauji	12803		new-family-association	high	manually-reviewed-lexical-family	ṣo/ʂo six are the ṣaṣ numeral set.		
224	six	f_7t7pgx2ivvlja	ṣo	knobloch2020sauji	12803		new-family-association	high	manually-reviewed-lexical-family	ṣo/ʂo six are the ṣaṣ numeral set.		
225	sixteen	f_726stptjmbgke	ṣuṛaš	knobloch2020sauji	12812	12812	previous-research-link	high	manually-reviewed-lexical-family	ṣuṛaš sixteen is already linked to ṣoḍaśa.		
226	sixty	f_7o6om2thmy3t2	ɬaabiša	knobloch2020sauji			assessed-no-secure-input			ɬaabiša sixty is three twenties, not a direct simplex ṣaṣṭi reflex.		
227	skin	f_526agso5rjzf6	gaːɬ	knobloch2020sauji			assessed-no-secure-input			gaːɬ skin is not a secure carman reflex; a body/limb term such as gātra could be investigated because of the lateral correspondence, but that is an unverified new proposal.		
228	sleep	f_t7wnmos6ysz4u	suaan-	knobloch2020sauji	13902		new-family-association	high	root-family-only	suaan-/sueen- sleep and sot- slept require svapati versus supta formation comparison; do not map the entire paradigm to one finite headword.		
228	sleep	f_pdoe3rlpkxzdc	sueen-	knobloch2020sauji	13902		new-family-association	high	root-family-only	suaan-/sueen- sleep and sot- slept require svapati versus supta formation comparison; do not map the entire paradigm to one finite headword.		
228	sleep	f_v6iv2coezvjxo	sot-	knobloch2020sauji	13479		new-family-association	high	root-family-only	suaan-/sueen- sleep and sot- slept require svapati versus supta formation comparison; do not map the entire paradigm to one finite headword.		
228	sleep	f_gpkcsd3gkix5i	sot-i	knobloch2020sauji	13479		new-family-association	high	root-family-only	suaan-/sueen- sleep and sot- slept require svapati versus supta formation comparison; do not map the entire paradigm to one finite headword.		
229	small	f_35qx7ujt2262w	law-ee	knobloch2020sauji	10896		new-family-association	high	manually-reviewed-lexical-family	law-ee small is the plural/oblique laghu adjective form.		
230	snake	f_wncedmd5howvu	ǰandraːv	knobloch2020sauji	5110		new-family-association	high	manually-reviewed-lexical-family	ǰandraaw snake corresponds to the extended jantu family and Palula jhandurā, with final aw and nominal extension retained.		
230	snake	f_m7olckpoa2y5g	ǰandraaw-ee	knobloch2020sauji	5110		new-family-association	high	manually-reviewed-lexical-family	ǰandraaw snake corresponds to the extended jantu family and Palula jhandurā, with final aw and nominal extension retained.		
230	snake	f_oemnqg7d3xbdw	ǰandraaw	knobloch2020sauji	5110		new-family-association	high	manually-reviewed-lexical-family	ǰandraaw snake corresponds to the extended jantu family and Palula jhandurā, with final aw and nominal extension retained.		
231	soil	f_ucjncnfiujjv2	sum	knobloch2020sauji			assessed-no-secure-input			sum soil clearly matches Palula/Shina sum lexically, but their database súmahānt link is explicitly very doubtful. Record the cross-language lexical set without propagating that old-accent input.		
232	some	f_2auomgllpjyty	ade	knobloch2020sauji			assessed-no-secure-input			ade/aḍe some are quantifier forms whose exact historical formation remains open.		
232	some	f_uzayuid4wcnsg	aḍe	knobloch2020sauji			assessed-no-secure-input			ade/aḍe some are quantifier forms whose exact historical formation remains open.		
233	some, also	f_6qlkijuxezes4	aḍi-bi	knobloch2020sauji			assessed-no-secure-input			aḍi-bi some/also combines the quantifier with an additive particle; do not treat it as one inherited root.		
234	speech	f_li32hdziyzagy	bati	knobloch2020sauji	11564		new-family-association	high	manually-reviewed-lexical-family	bati/bata speech belong to the vārtta tidings/speech family and older Sauji bātya.		
234	speech	f_4oeycbhy54g7a	bata	knobloch2020sauji	11564		new-family-association	high	manually-reviewed-lexical-family	bati/bata speech belong to the vārtta tidings/speech family and older Sauji bātya.		
235	spoon	f_pgvqhavmkwulw	qaʃuq	knobloch2020sauji;buddruss1967sau			assessed-no-secure-input			qaʃuq spoon is the Turkic-origin regional spoon word, a secondary Buddruss citation here.		
236	star	f_6hsqj66gxuh74	taːri	knobloch2020sauji	5798		new-family-association	high	manually-reviewed-lexical-family	taːri star belongs to tārā with a feminine ending; modern stress unmarked.		
237	stick	f_enpivxklsro3q	šaank-ee	knobloch2020sauji	12379		new-family-association	provisional	manually-reviewed-lexical-family	šaank-ee stick compares to šaŋko wood and the śākhya/śākhā branch family; nasal and immediate derivative remain uncertain, so provisional.		
238	stone	f_4ytwybqmwfsym	baːʈ	knobloch2020sauji	11348		new-family-association	high	manually-reviewed-lexical-family	baːʈ stone corresponds to varta and the regional baṭ stem.		
239	stones	f_inz2frtu6qhyi	baːʈa	knobloch2020sauji	11348		new-family-association	high	manually-reviewed-lexical-family	baːʈa stones is the plural of baːʈ, with final a retained.		
240	stupid	f_wzhsj2kq7fut2	kamaqal	knobloch2020sauji;buddruss1967sau			assessed-no-secure-input			kamaqal stupid is the Persian/Arabic kam-aql compound, a contact adjective.		
241	sun	f_en7iybkjgqhxs	suːri	knobloch2020sauji	13574		new-family-association	high	manually-reviewed-lexical-family	suːri/suri sun belongs to sūra with final i; the source gives quantity variants without accent analysis.		
241	sun	f_kubwkczxvwsxa	suri	knobloch2020sauji	13574		new-family-association	high	manually-reviewed-lexical-family	suːri/suri sun belongs to sūra with final i; the source gives quantity variants without accent analysis.		
242	suns	f_rf3rf7itol25y	sure	knobloch2020sauji	13574		new-family-association	high	manually-reviewed-lexical-family	sure suns is the plural of suri.		
243	surrounding	f_u47gdri5nd4by	terčapera	knobloch2020sauji			assessed-no-secure-input			terčapera surrounding repeats the around adverb; its internal history remains unresolved.		
244	table	f_bwmj4myxahewq	meːz	knobloch2020sauji			assessed-no-secure-input			meez table is the Persian contact noun; meez-aan is an inflected cell, not a different etymon.		
244	table	f_fvpqwrkm6wpea	meez-aan	knobloch2020sauji			assessed-no-secure-input			meez table is the Persian contact noun; meez-aan is an inflected cell, not a different etymon.		
244	table	f_y77lo3npyx434	meez	knobloch2020sauji			assessed-no-secure-input			meez table is the Persian contact noun; meez-aan is an inflected cell, not a different etymon.		
245	tables	f_iiiuwtdmn7dvc	meeza	knobloch2020sauji			assessed-no-secure-input			meeza tables is the local plural of borrowed meez.		
246	teeth	f_iubglot5aldqw	daːnda	knobloch2020sauji	6152		new-family-association	high	manually-reviewed-lexical-family	daːnda teeth is the plural of daːnd tooth, corresponding to danta.		
247	ten	f_vxpd37ffllmge	dɛʃ	knobloch2020sauji	6227		new-family-association	high	manually-reviewed-lexical-family	deš/dɛʃ/daš ten belong to daśa; source variants differ in vowel representation.		
247	ten	f_r77rn2x2cxv6i	deš	knobloch2020sauji	6227		new-family-association	high	manually-reviewed-lexical-family	deš/dɛʃ/daš ten belong to daśa; source variants differ in vowel representation.		
247	ten	f_42uqd33pydu4g	daš	knobloch2020sauji	6227	6227	previous-research-link	high	manually-reviewed-lexical-family	deš/dɛʃ/daš ten belong to daśa; source variants differ in vowel representation.		
248	that	f_meb3kz7vpivb2	se	knobloch2020sauji	12815		new-family-association	high	manually-reviewed-lexical-family	Mixed demonstratives se/t- remote and la proximal must be separated; se alone is assigned to sa, while the other stems remain unresolved.		
248	that	f_6muyesjxnkkd2	ta	knobloch2020sauji;buddruss1967sau			assessed-no-secure-input			Mixed demonstratives se/t- remote and la proximal must be separated; se alone is assigned to sa, while the other stems remain unresolved.		dative and postpositional paradigm reproduced from Buddruss (1967: 41-43)
248	that	f_uzibkookp4zbi	ti	knobloch2020sauji			assessed-no-secure-input			Mixed demonstratives se/t- remote and la proximal must be separated; se alone is assigned to sa, while the other stems remain unresolved.		
248	that	f_hvzq6qlgsxweg	tesi	knobloch2020sauji;buddruss1967sau			assessed-no-secure-input			Mixed demonstratives se/t- remote and la proximal must be separated; se alone is assigned to sa, while the other stems remain unresolved.		not confirmed in the field data; supplied from Buddruss (1967: 41-43)
248	that	f_tkm3ggcjnhu2w	tasi	knobloch2020sauji;buddruss1967sau			assessed-no-secure-input			Mixed demonstratives se/t- remote and la proximal must be separated; se alone is assigned to sa, while the other stems remain unresolved.		dative and postpositional paradigm reproduced from Buddruss (1967: 41-43)
248	that	f_e5bt26uklkbbg	tase	knobloch2020sauji;buddruss1967sau			assessed-no-secure-input			Mixed demonstratives se/t- remote and la proximal must be separated; se alone is assigned to sa, while the other stems remain unresolved.		dative and postpositional paradigm reproduced from Buddruss (1967: 41-43)
248	that	f_422okp54bdj4y	la	knobloch2020sauji			assessed-no-secure-input			Mixed demonstratives se/t- remote and la proximal must be separated; se alone is assigned to sa, while the other stems remain unresolved.		
249	that (plural)	f_ni5svruejuxhi	se	knobloch2020sauji	12815		new-family-association	high	manually-reviewed-lexical-family	Remote plural se/t- forms belong to one suppletive demonstrative paradigm, but not one unqualified old headword; se alone receives the sa link.		
249	that (plural)	f_tia2zurb7zq2m	tena	knobloch2020sauji;buddruss1967sau			assessed-no-secure-input			Remote plural se/t- forms belong to one suppletive demonstrative paradigm, but not one unqualified old headword; se alone receives the sa link.		dative and postpositional paradigm reproduced from Buddruss (1967: 41-43)
249	that (plural)	f_tro754viqokom	tini	knobloch2020sauji			assessed-no-secure-input			Remote plural se/t- forms belong to one suppletive demonstrative paradigm, but not one unqualified old headword; se alone receives the sa link.		
249	that (plural)	f_q45lhlhedc6hs	teni	knobloch2020sauji;buddruss1967sau			assessed-no-secure-input			Remote plural se/t- forms belong to one suppletive demonstrative paradigm, but not one unqualified old headword; se alone receives the sa link.		not confirmed in the field data; supplied from Buddruss (1967: 41-43)
249	that (plural)	f_plzi5eczhtap2	teno	knobloch2020sauji;buddruss1967sau			assessed-no-secure-input			Remote plural se/t- forms belong to one suppletive demonstrative paradigm, but not one unqualified old headword; se alone receives the sa link.		dative and postpositional paradigm reproduced from Buddruss (1967: 41-43)
250	the elders, leaders	f_auyk4dfj5hc74	ganeere	knobloch2020sauji	4424		new-family-association	high	manually-reviewed-lexical-family	ganeere elders/leaders is the plural/substantivized age comparative of gan- big; independent -eer- morphology parallels ganeeroo older.		
251	then	f_gxmyuvzvzwsl4	bi	knobloch2020sauji			assessed-no-secure-input			bi and giri then are separate discourse particles; no common historical input is warranted.		
251	then	f_ll6lmshbuxgfc	giri	knobloch2020sauji			assessed-no-secure-input			bi and giri then are separate discourse particles; no common historical input is warranted.		
252	then, again	f_peltvfk4ov32c	giri	knobloch2020sauji			assessed-no-secure-input			giri then/again resembles a turn/again adverb but lacks a demonstrated route from phirati; leave unresolved.		
253	they (proximate)	f_clm66zs5swe7s	le	knobloch2020sauji			assessed-no-secure-input			le-/lin- proximal plural pronouns are the la- paradigm's number/case alternants; preserve secondary-source labels and unknown ancestry.		
253	they (proximate)	f_k4jsk7cjs6szq	lena	knobloch2020sauji;buddruss1967sau			assessed-no-secure-input			le-/lin- proximal plural pronouns are the la- paradigm's number/case alternants; preserve secondary-source labels and unknown ancestry.		dative and postpositional paradigm reproduced from Buddruss (1967: 41-43)
253	they (proximate)	f_2kphay2tmrtqq	lini	knobloch2020sauji			assessed-no-secure-input			le-/lin- proximal plural pronouns are the la- paradigm's number/case alternants; preserve secondary-source labels and unknown ancestry.		
253	they (proximate)	f_epgysbcvl2j56	leni	knobloch2020sauji;buddruss1967sau			assessed-no-secure-input			le-/lin- proximal plural pronouns are the la- paradigm's number/case alternants; preserve secondary-source labels and unknown ancestry.		not confirmed in the field data; supplied from Buddruss (1967: 41-43)
254	they (remote)	f_hy5v2oxraoc7e	se	knobloch2020sauji	12815		new-family-association	high	manually-reviewed-lexical-family	Remote plural se/t- pronouns have suppletive stem formation; only se is assigned to sa.		
254	they (remote)	f_mfy35uz6vobzk	tena	knobloch2020sauji;buddruss1967sau			assessed-no-secure-input			Remote plural se/t- pronouns have suppletive stem formation; only se is assigned to sa.		dative and postpositional paradigm reproduced from Buddruss (1967: 41-43)
254	they (remote)	f_xfplxlnxwnw2q	tini	knobloch2020sauji			assessed-no-secure-input			Remote plural se/t- pronouns have suppletive stem formation; only se is assigned to sa.		
254	they (remote)	f_ftnl4b6pmm3mw	teni	knobloch2020sauji;buddruss1967sau			assessed-no-secure-input			Remote plural se/t- pronouns have suppletive stem formation; only se is assigned to sa.		not confirmed in the field data; supplied from Buddruss (1967: 41-43)
254	they (remote)	f_xh7u6nr3fdfao	teno	knobloch2020sauji;buddruss1967sau			assessed-no-secure-input			Remote plural se/t- pronouns have suppletive stem formation; only se is assigned to sa.		dative and postpositional paradigm reproduced from Buddruss (1967: 41-43)
254	they (remote)	f_gzw7wbvhtyuws	tenoṭe	knobloch2020sauji;buddruss1967sau			assessed-no-secure-input			Remote plural se/t- pronouns have suppletive stem formation; only se is assigned to sa.		dative and postpositional paradigm reproduced from Buddruss (1967: 41-43)
254	they (remote)	f_7z5xf4mnqesoc	tene	knobloch2020sauji;buddruss1967sau			assessed-no-secure-input			Remote plural se/t- pronouns have suppletive stem formation; only se is assigned to sa.		dative and postpositional paradigm reproduced from Buddruss (1967: 41-43)
255	thief	f_wqagbpcfnecha	muṣaaṛ-ee	knobloch2020sauji			assessed-no-secure-input			muṣaaṛi thief plausibly derives from a steal root muṣ- with an agentive suffix, a useful etymological lead; exact formation and accent are unresolved.		
255	thief	f_fukcsewrc54ou	muṣaaṛi	knobloch2020sauji			assessed-no-secure-input			muṣaaṛi thief plausibly derives from a steal root muṣ- with an agentive suffix, a useful etymological lead; exact formation and accent are unresolved.		
256	thirteen	f_m4q7ief472a3q	troyiš	knobloch2020sauji	6001		new-family-association	high	manually-reviewed-lexical-family	troyiš thirteen is the three-plus-ten compound and should be compared to the teen series, not the simple numeral three.		
257	thirty	f_f5g2suw25jzua	dešaan biš	knobloch2020sauji			assessed-no-secure-input			dešaan biš thirty is ten plus twenty, not a direct triṁśat reflex.		
258	thirty-eight	f_j5yfbr2icldxk	aštiyašaan biš	knobloch2020sauji			assessed-no-secure-input			aštiyašaan biš thirty-eight is eighteen plus twenty; preserve the phrase's composition.		
259	thirty-five	f_u4zlhdc3w7rug	panǰišaan biš	knobloch2020sauji			assessed-no-secure-input			panǰišaan biš thirty-five is fifteen plus twenty.		
260	thirty-four	f_hm47sfbaxjjgi	čadišaan biš	knobloch2020sauji			assessed-no-secure-input			čadišaan biš thirty-four is fourteen plus twenty.		
261	thirty-nine	f_nox4a4z7zflge	uṛišaan biš	knobloch2020sauji			assessed-no-secure-input			uṛišaan biš thirty-nine is nineteen plus twenty.		
262	thirty-one	f_tjyuakzen7uey	yakaašaan biš	knobloch2020sauji			assessed-no-secure-input			yakaašaan biš thirty-one is eleven plus twenty.		
263	thirty-seven	f_2uojgi5ponihw	satiyaašaan biš	knobloch2020sauji			assessed-no-secure-input			satiyaašaan biš thirty-seven is seventeen plus twenty.		
264	thirty-six	f_y3bcydnlg62xs	ṣuṛešaan biš	knobloch2020sauji			assessed-no-secure-input			ṣuṛešaan biš thirty-six is sixteen plus twenty.		
265	thirty-three	f_6egfyzoyellgu	troyišaan biš	knobloch2020sauji			assessed-no-secure-input			troyišaan biš thirty-three is thirteen plus twenty.		
266	thirty-two	f_k2gbwiupinu5o	baašaan biš	knobloch2020sauji			assessed-no-secure-input			baašaan biš thirty-two is twelve plus twenty.		
267	this	f_75dk7by7uheou	lɑː	knobloch2020sauji			assessed-no-secure-input			la-/le-/li- this forms belong to the proximal demonstrative paradigm; no supported derivation from ayam or ana is established.		
267	this	f_me24nji42hu6k	la	knobloch2020sauji;buddruss1967sau			assessed-no-secure-input			la-/le-/li- this forms belong to the proximal demonstrative paradigm; no supported derivation from ayam or ana is established.		dative and postpositional paradigm reproduced from Buddruss (1967: 41-43)
267	this	f_cdcsmldbk3xso	li	knobloch2020sauji			assessed-no-secure-input			la-/le-/li- this forms belong to the proximal demonstrative paradigm; no supported derivation from ayam or ana is established.		
267	this	f_xhejaaxxwo352	lesi	knobloch2020sauji;buddruss1967sau			assessed-no-secure-input			la-/le-/li- this forms belong to the proximal demonstrative paradigm; no supported derivation from ayam or ana is established.		not confirmed in the field data; supplied from Buddruss (1967: 41-43)
267	this	f_gzlzn6zl2mrmi	lase	knobloch2020sauji;buddruss1967sau			assessed-no-secure-input			la-/le-/li- this forms belong to the proximal demonstrative paradigm; no supported derivation from ayam or ana is established.		dative and postpositional paradigm reproduced from Buddruss (1967: 41-43)
267	this	f_bbl3sksseiclc	lasi	knobloch2020sauji;buddruss1967sau			assessed-no-secure-input			la-/le-/li- this forms belong to the proximal demonstrative paradigm; no supported derivation from ayam or ana is established.		dative and postpositional paradigm reproduced from Buddruss (1967: 41-43)
267	this	f_bc4hsj6fjwebs	le	knobloch2020sauji			assessed-no-secure-input			la-/le-/li- this forms belong to the proximal demonstrative paradigm; no supported derivation from ayam or ana is established.		
267	this	f_ldjg4quewm2xc	laa	knobloch2020sauji			assessed-no-secure-input			la-/le-/li- this forms belong to the proximal demonstrative paradigm; no supported derivation from ayam or ana is established.		
268	this (plural)	f_pcvxp2kjdu4wi	le	knobloch2020sauji			assessed-no-secure-input			le/lena/lini/leni this-plural are proximal plural/case forms, several cited secondarily from Buddruss.		
268	this (plural)	f_eksj6t5gms35q	lena	knobloch2020sauji;buddruss1967sau			assessed-no-secure-input			le/lena/lini/leni this-plural are proximal plural/case forms, several cited secondarily from Buddruss.		dative and postpositional paradigm reproduced from Buddruss (1967: 41-43)
268	this (plural)	f_m73do6l5rh4i4	lini	knobloch2020sauji			assessed-no-secure-input			le/lena/lini/leni this-plural are proximal plural/case forms, several cited secondarily from Buddruss.		
268	this (plural)	f_kqbgm4nejcpu6	leni	knobloch2020sauji;buddruss1967sau			assessed-no-secure-input			le/lena/lini/leni this-plural are proximal plural/case forms, several cited secondarily from Buddruss.		not confirmed in the field data; supplied from Buddruss (1967: 41-43)
269	three	f_ywmk24r5mxaro	ɬɑː	knobloch2020sauji	5994		new-family-association	high	manually-reviewed-lexical-family	ɬaa three corresponds to trayaḥ with the diagnostic Sauji tr-to-lateral outcome.		
269	three	f_2rw6tqav2ivfw	ɬaa	knobloch2020sauji	5994		new-family-association	high	manually-reviewed-lexical-family	ɬaa three corresponds to trayaḥ with the diagnostic Sauji tr-to-lateral outcome.		
270	thumb	f_dhxu5fvelchgw	anguṭo	knobloch2020sauji	137		new-family-association	high	manually-reviewed-lexical-family	anguṭo thumb corresponds to aṅguṣṭha and older Sauji aṅguṭho; aspiration loss and ending are explicit differences.		
271	tie	f_edjvexyohpz5q	gan	knobloch2020sauji	4353		new-family-association	high	root-family-only	gan tie matches granthayati-family knot/tying stems; exact verbal formation remains distinct from the Sanskrit finite citation.		
272	time	f_ihzclxxbfyh5m	vaxti	knobloch2020sauji			assessed-no-secure-input			vaxti/waxta time are inflections of the Arabic-origin regional waqt word.		
272	time	f_sogpuko45ejye	waxta	knobloch2020sauji			assessed-no-secure-input			vaxti/waxta time are inflections of the Arabic-origin regional waqt word.		
273	to	f_jly6ff2b7wcgo	ʈe	knobloch2020sauji			assessed-no-secure-input			ṭe/ṭee and diya to are separate postpositional forms; no simplex lexical ancestor assigned.		
273	to	f_rikw5vjnaj73k	ṭee	knobloch2020sauji			assessed-no-secure-input			ṭe/ṭee and diya to are separate postpositional forms; no simplex lexical ancestor assigned.		
273	to	f_fkedsdkaqdk4m	diya	knobloch2020sauji			assessed-no-secure-input			ṭe/ṭee and diya to are separate postpositional forms; no simplex lexical ancestor assigned.		
274	to, towards	f_tp6dojcq5h7ug	di	knobloch2020sauji			assessed-no-secure-input			di towards is a grammatical directional item with unresolved deeper history.		
275	to, towards, at	f_uttjwccrmxqmc	ṭee	knobloch2020sauji			assessed-no-secure-input			ṭee to/towards/at is the same dative postposition found after pronouns, not an independent content-word etymon.		
276	together	f_4wc5co4w6lqaa	si	knobloch2020sauji			assessed-no-secure-input			si together is a comitative item; its short form alone does not establish a derivation from sārtha.		
277	together with	f_ay6ciwswkt7c6	si	knobloch2020sauji			assessed-no-secure-input			si together with is the same comitative as si together; ancestry unresolved.		
278	tongue	f_5q7lkeh2oratw	d͡ʒib	knobloch2020sauji	5228		new-family-association	high	manually-reviewed-lexical-family	ǰib/d͡ʒib tongue corresponds to jihvā with the regional b outcome.		
278	tongue	f_cu6ghoipyc5xu	ǰib	knobloch2020sauji	5228		new-family-association	high	manually-reviewed-lexical-family	ǰib/d͡ʒib tongue corresponds to jihvā with the regional b outcome.		
279	tongues	f_fdrzjg53nhs46	ǰiba	knobloch2020sauji	5228		new-family-association	high	manually-reviewed-lexical-family	ǰiba tongues is the plural of ǰib.		
280	tooth	f_46vcgftjpigyq	daːnd	knobloch2020sauji	6152		new-family-association	high	manually-reviewed-lexical-family	daːnd/daːndu tooth correspond to danta; bare and u-ending forms are distinct cells/shapes.		
280	tooth	f_pvg444lp7se6q	daːndu	knobloch2020sauji	6152		new-family-association	high	manually-reviewed-lexical-family	daːnd/daːndu tooth correspond to danta; bare and u-ending forms are distinct cells/shapes.		
281	torsan	f_f26eb2ro455rw	torsan	knobloch2020sauji			assessed-no-secure-input			torsan is a place-name citation.		
282	towards, in the direction of	f_3cugbgb5nnplq	keeṇi	knobloch2020sauji			assessed-no-secure-input			keeṇi towards is a directional form whose relation to the -keṇ- postposition series merits study; no accent input assigned.		
283	traveler, journey	f_qsf32h5cfadtk	musaːpʰar	knobloch2020sauji			assessed-no-secure-input			musaːpʰar traveler/journey is the Arabic/Persian-origin musāfir contact word; semantic nominal use does not make it inherited OIA vocabulary.		
284	tree	f_z3c6juf2ypzkm	ǰul-e	knobloch2020sauji	5355		new-family-association	provisional	manually-reviewed-lexical-family	ǰul-e tree compares to the jhalla forest/tree family; narrowed versus broad vegetation senses are plausible, but exact vowel history remains uncertain.		
285	twelve	f_3kwkkbqr2sy5g	baaš	knobloch2020sauji	6658	6658	previous-research-link	high	manually-reviewed-lexical-family	baaš twelve is already linked to dvādaśa.		
286	twenty	f_6rh3d4k2zm444	biʃ	knobloch2020sauji	11616		new-family-association	high	manually-reviewed-lexical-family	biš/biʃ twenty correspond to viṁśati; separate from the many larger vigesimal compounds.		
286	twenty	f_vtno25p4vggtw	biš	knobloch2020sauji	11616		new-family-association	high	manually-reviewed-lexical-family	biš/biʃ twenty correspond to viṁśati; separate from the many larger vigesimal compounds.		
287	twenty-eight	f_j67hvvjsqjcoy	aašaan biš	knobloch2020sauji			assessed-no-secure-input			aašaan biš twenty-eight is eight plus twenty.		
288	twenty-five	f_pdeq52mp2mduy	paanǰaan biš	knobloch2020sauji			assessed-no-secure-input			paanǰaan biš twenty-five is five plus twenty.		
289	twenty-four	f_vtpqicasmnqeu	čuraan biš	knobloch2020sauji			assessed-no-secure-input			čuraan biš twenty-four is four plus twenty.		
290	twenty-nine	f_bjpj4ousqcv6a	nuwaan biš	knobloch2020sauji			assessed-no-secure-input			nuwaan biš twenty-nine is nine plus twenty.		
291	twenty-one	f_lqviji34ig3dq	yakaan biš	knobloch2020sauji			assessed-no-secure-input			yakaan biš twenty-one is one plus twenty.		
292	twenty-seven	f_bbmum3qnx46b6	saataan biš	knobloch2020sauji			assessed-no-secure-input			saataan biš twenty-seven is seven plus twenty.		
293	twenty-six	f_qnnumizhlnkw2	ṣuwaan biš	knobloch2020sauji			assessed-no-secure-input			ṣuwaan biš twenty-six is six plus twenty.		
294	twenty-three	f_yogkmcvfa2yh2	ɬaawaan biš	knobloch2020sauji			assessed-no-secure-input			ɬaawaan biš twenty-three is three plus twenty.		
295	twenty-two	f_hso73aojmc2sk	duwaan biš	knobloch2020sauji			assessed-no-secure-input			duwaan biš twenty-two is two plus twenty.		
296	two	f_6ea52nrmxg7rg	duː	knobloch2020sauji	6648	6648	previous-research-link	high	manually-reviewed-lexical-family	du/duu/duː two are already linked to dva; long spelling alone is not accent.		
296	two	f_wftcfbjrzn5g2	du	knobloch2020sauji	6648	6648	previous-research-link	high	manually-reviewed-lexical-family	du/duu/duː two are already linked to dva; long spelling alone is not accent.		
296	two	f_553s6ov6nybd4	duu	knobloch2020sauji	6648	6648	previous-research-link	high	manually-reviewed-lexical-family	du/duu/duː two are already linked to dva; long spelling alone is not accent.		
297	two, both	f_jw6e5m2odnp4m	due	knobloch2020sauji	6648		new-family-association	high	manually-reviewed-lexical-family	due two/both is an inflected or extended two form; the vowel sequence prevents an automatic mora-location score.		
298	under	f_6hheqidjj3x5i	ṭoopee	knobloch2020sauji			assessed-no-secure-input			ṭoopee under is a postposition with no securely established tala derivation.		
299	us	f_yrkmc234jomno	asonṭee	knobloch2020sauji;buddruss1967sau	986		new-family-association	high	manually-reviewed-lexical-family	asan/asa/asonṭee us belong to the asmad oblique plural paradigm; final ṭee is the dative postposition.		
299	us	f_gmvrzgcnucqsc	asan	knobloch2020sauji;buddruss1967sau	986		new-family-association	high	manually-reviewed-lexical-family	asan/asa/asonṭee us belong to the asmad oblique plural paradigm; final ṭee is the dative postposition.		
299	us	f_nh6p6mjuexs2e	asa	knobloch2020sauji;buddruss1967sau	986		new-family-association	high	manually-reviewed-lexical-family	asan/asa/asonṭee us belong to the asmad oblique plural paradigm; final ṭee is the dative postposition.		
300	valley	f_hbv7xgglpyhrm	daro	knobloch2020sauji			assessed-no-secure-input			daro valley may be regional Iranian dara or an inherited cleft term; the borrowing versus inheritance alternative remains unresolved.		
301	village	f_kgokk2wpjqif2	grɑːm	knobloch2020sauji	4368		new-family-association	high	manually-reviewed-lexical-family	grɑːm/grom-/grome village correspond to grāma; root-vowel variation and case endings are preserved as source evidence.		
301	village	f_psw4mnojew47o	grom-e	knobloch2020sauji	4368		new-family-association	high	manually-reviewed-lexical-family	grɑːm/grom-/grome village correspond to grāma; root-vowel variation and case endings are preserved as source evidence.		
301	village	f_lyj6x6qyfnuoe	grom-a	knobloch2020sauji	4368		new-family-association	high	manually-reviewed-lexical-family	grɑːm/grom-/grome village correspond to grāma; root-vowel variation and case endings are preserved as source evidence.		
301	village	f_vzikttufqas76	grome	knobloch2020sauji	4368		new-family-association	high	manually-reviewed-lexical-family	grɑːm/grom-/grome village correspond to grāma; root-vowel variation and case endings are preserved as source evidence.		
301	village	f_djag2ifinjnyy	grom	knobloch2020sauji	4368		new-family-association	high	manually-reviewed-lexical-family	grɑːm/grom-/grome village correspond to grāma; root-vowel variation and case endings are preserved as source evidence.		
302	walk	f_xpvjeapwfflxg	baan-oo	knobloch2020sauji	12225		new-family-association	high	root-family-only	baan-oo walk is the going verb used with a walking sense, supported by baan- go in the same source.		
303	walk around	f_7pv3ggaqlhqui	geraan-al-ee	knobloch2020sauji	4474		new-family-association	high	root-family-only	geraan-al-ee walk around belongs to the ghir turn/go-round family with aspect/agreement extensions.		
304	was	f_2q4bwsskyl2ia	alu	knobloch2020sauji			assessed-no-secure-input			alu was is the al- past copula; an āsate derivation is not established by a shared translation.		
305	water	f_anbw6ltnohgmg	i	knobloch2020sauji	1921		new-family-association	provisional	manually-reviewed-lexical-family	i water matches the regional wi/ūi water set under udaka through contraction; tiny surviving shape makes deeper reconstruction provisional.		
306	we	f_njgcdbywpoo7y	asi	knobloch2020sauji	986		new-family-association	high	manually-reviewed-lexical-family	First-person plural be belongs to vayam, while as- forms belong to asmad; preserve the paradigm's suppletion.		
306	we	f_uhk6xacyyx6ek	be	knobloch2020sauji	11302	11302	previous-research-link	high	manually-reviewed-lexical-family	First-person plural be belongs to vayam, while as- forms belong to asmad; preserve the paradigm's suppletion.		
306	we	f_rwxno2aeypbns	asoo	knobloch2020sauji	986		new-family-association	high	manually-reviewed-lexical-family	First-person plural be belongs to vayam, while as- forms belong to asmad; preserve the paradigm's suppletion.		
306	we	f_xn4m34fzik7kw	ason	knobloch2020sauji	986		new-family-association	high	manually-reviewed-lexical-family	First-person plural be belongs to vayam, while as- forms belong to asmad; preserve the paradigm's suppletion.		
307	went	f_vb2uz4awetqda	go	knobloch2020sauji	4008		new-family-association	high	root-family-only	go went corresponds to gata, distinct from baan- go.		
308	what	f_xdghlq655vo5m	ga	knobloch2020sauji	3164		new-family-association	high	manually-reviewed-lexical-family	ga what matches the regional interrogative ga under kim, but the exact case formation is not recovered.		
309	when	f_q2fhtw2lgrfzk	bo	knobloch2020sauji			assessed-no-secure-input			kaaree/karee when correspond to karhi; bo when is a different form and remains unresolved.		
309	when	f_ibhy5gl3ygx4u	kaaree	knobloch2020sauji	2910		new-family-association	high	manually-reviewed-lexical-family	kaaree/karee when correspond to karhi; bo when is a different form and remains unresolved.		printed as kaaree/karee
309	when	f_cw6rxzlzgdp2i	karee	knobloch2020sauji	2910		new-family-association	high	manually-reviewed-lexical-family	kaaree/karee when correspond to karhi; bo when is a different form and remains unresolved.		printed as kaaree/karee
310	where	f_6lnps62f743fu	kanee	knobloch2020sauji			assessed-no-secure-input			kanee where is interrogative k- plus locative morphology, but its exact ancestor is not established from kuha alone.		
311	white	f_4stobeuvtq4em	paṛaṇ-o	knobloch2020sauji	8047		new-family-association	high	manually-reviewed-lexical-family	paṛaṇ-o white corresponds to pāṇḍara and older Sauji parãṛó; the new source omits accent, so it cannot resolve the older final accent.		
312	who	f_crzrxjajco7te	ko	knobloch2020sauji	2574		new-family-association	high	manually-reviewed-lexical-family	ko who belongs to the ka interrogative family.		
313	why	f_sxauc7eb6h6fk	gašeyṭe	knobloch2020sauji			assessed-no-secure-input			gašeyṭe why is a grammatical question expression with final dative ṭe; component segmentation and its middle element remain unresolved.		
314	wife’s sister	f_mfjpe3uymqlxo	saraaṇi	knobloch2020sauji	13871		new-family-association	high	manually-reviewed-lexical-family	saraaṇi wife's sister belongs to the extended syāla affinal-kin family, with a feminine suffix; not the wife's-sister's-husband formation.		
315	wife’s sisters husband	f_qmykgbqkc47qy	saraaṇiyee miš	knobloch2020sauji			assessed-no-secure-input			saraaṇiyee miš wife's sister's husband is an analytic genitive-plus-husband phrase; compare components separately, not as one inherited compound.		
316	will bring	f_ryjy6h5yqg3ge	aṭomo	knobloch2020sauji	178		new-family-association	high	root-family-only	aṭomo will bring is the future of the aṭ- bring stem.		
317	will come	f_oljejcthm6mes	yomo	knobloch2020sauji	10452		new-family-association	high	root-family-only	yomo/yomi will come are future/agreement cells of y- come, with source alternatives preserved.		printed as yomo/yomi
317	will come	f_o5e6ce4bngero	yomi	knobloch2020sauji	10452		new-family-association	high	root-family-only	yomo/yomi will come are future/agreement cells of y- come, with source alternatives preserved.		printed as yomo/yomi
318	will do	f_uupm74yk5sxhm	thomno	knobloch2020sauji	13756		new-family-association	high	root-family-only	thomno will do is a future of th- do.		
319	will eat	f_nfs5u4fwf6ztm	khamno	knobloch2020sauji	3865		new-family-association	high	root-family-only	khamno/khomno will eat are futures of kh- eat; the second is explicitly secondary Buddruss evidence.		
319	will eat	f_usmumnuzefoi6	khomno	knobloch2020sauji;buddruss1967sau	3865		new-family-association	high	root-family-only	khamno/khomno will eat are futures of kh- eat; the second is explicitly secondary Buddruss evidence.		
320	wind	f_ifsiemncvovuu	uːʃiː	knobloch2020sauji			assessed-no-secure-input			uːʃiː wind has no secure match in the supplied family candidates; leave the replacement/etymology unresolved.		
321	with	f_ncy3mh7pjmcks	dee	knobloch2020sauji			assessed-no-secure-input			dee with is an instrumental/comitative postposition; no supported relation to saṅga or sārtha is established.		
322	woman	f_phfgt2kz2ugm4	ɬeṛ-u	knobloch2020sauji	13736		new-family-association	high	manually-reviewed-lexical-family	ɬeṛ-/ɬer- woman belongs to the straika set, already linked for two forms; gender/number endings remain explicit.		
322	woman	f_qwcnycgwn5q7w	ɬeṛi	knobloch2020sauji	13736	13736	previous-research-link	high	manually-reviewed-lexical-family	ɬeṛ-/ɬer- woman belongs to the straika set, already linked for two forms; gender/number endings remain explicit.		
322	woman	f_myjw3a7n7rlda	ɬeeṛi	knobloch2020sauji	13736	13736	previous-research-link	high	manually-reviewed-lexical-family	ɬeṛ-/ɬer- woman belongs to the straika set, already linked for two forms; gender/number endings remain explicit.		
322	woman	f_54g6rezsvncso	ɬer-a	knobloch2020sauji	13736		new-family-association	high	manually-reviewed-lexical-family	ɬeṛ-/ɬer- woman belongs to the straika set, already linked for two forms; gender/number endings remain explicit.		
323	wood	f_cygdboujcnmp6	ʃaŋko	knobloch2020sauji	12379		new-family-association	provisional	manually-reviewed-lexical-family	ʃaŋko wood matches the śākhya/śākhā branch/wood set, but nasal and final o favor keeping the immediate derivation provisional rather than copying the bare Palula šaák history.		
324	word	f_jyb2inu67oepw	gap	knobloch2020sauji;buddruss1967sau			assessed-no-secure-input			gap word is an Iranian regional speech noun, here a secondary Buddruss citation.		
325	work	f_evr55woqhnocs	kraam	knobloch2020sauji	2892		new-family-association	high	manually-reviewed-lexical-family	kraam work corresponds to karman with metathesis, as in Palula kram/kráam.		
326	worm	f_xtinscgtpi6j4	kirmi	knobloch2020sauji	3438		new-family-association	high	manually-reviewed-lexical-family	kirmi worm corresponds to kṛmi with expanded initial vowel and retained final i.		
327	year	f_6rj64aja4zqjq	baːriʂ	knobloch2020sauji	11392		new-family-association	high	manually-reviewed-lexical-family	baːriʂ year corresponds to varṣa through the rains-to-year development; not an Iranian saal token.		
328	yesterday	f_3he5vcnmnh2is	doːɽ	knobloch2020sauji	6590		new-family-association	high	manually-reviewed-lexical-family	dooṛ/doːɽ yesterday belongs to the doṣā night/yesterday family with rhotic outcome.		
328	yesterday	f_24amyqpybt74u	dooṛ	knobloch2020sauji	6590		new-family-association	high	manually-reviewed-lexical-family	dooṛ/doːɽ yesterday belongs to the doṣā night/yesterday family with rhotic outcome.		
329	you	f_2dhmvwcyay3vi	tuː	knobloch2020sauji	5889		new-family-association	high	manually-reviewed-lexical-family	tuː/thi you are singular second-person cells; case alternation does not supply an independent accent contrast.		
329	you	f_gywn7gstzlrhk	thi	knobloch2020sauji	5889		new-family-association	high	manually-reviewed-lexical-family	tuː/thi you are singular second-person cells; case alternation does not supply an independent accent contrast.		
330	you (plural)	f_f3sitcqz7dnkc	tu	knobloch2020sauji			assessed-no-secure-input			tus- plural you forms belong to yuṣmad; the isolated tu under plural you may be analogical/syncretic and is marked separately below.		
330	you (plural)	f_m6d6xkhbut3eo	tusoo	knobloch2020sauji	10511		new-family-association	high	manually-reviewed-lexical-family	tus- plural you forms belong to yuṣmad; the isolated tu under plural you may be analogical/syncretic and is marked separately below.		
330	you (plural)	f_gmrghcut5atmw	tusi	knobloch2020sauji	10511		new-family-association	high	manually-reviewed-lexical-family	tus- plural you forms belong to yuṣmad; the isolated tu under plural you may be analogical/syncretic and is marked separately below.		
330	you (plural)	f_6wo62k4ktm4mm	tuson	knobloch2020sauji	10511		new-family-association	high	manually-reviewed-lexical-family	tus- plural you forms belong to yuṣmad; the isolated tu under plural you may be analogical/syncretic and is marked separately below.		
330	you (plural)	f_iwii375nuuuf6	tusoṇṭee	knobloch2020sauji;buddruss1967sau	10511		new-family-association	high	manually-reviewed-lexical-family	tus- plural you forms belong to yuṣmad; the isolated tu under plural you may be analogical/syncretic and is marked separately below.		
330	you (plural)	f_6coi4c3a7tlvw	tusan	knobloch2020sauji;buddruss1967sau	10511		new-family-association	high	manually-reviewed-lexical-family	tus- plural you forms belong to yuṣmad; the isolated tu under plural you may be analogical/syncretic and is marked separately below.		
330	you (plural)	f_e3fldnetalooc	tusa	knobloch2020sauji;buddruss1967sau	10511		new-family-association	high	manually-reviewed-lexical-family	tus- plural you forms belong to yuṣmad; the isolated tu under plural you may be analogical/syncretic and is marked separately below.		
331	you (singular)	f_2h6upqfhp4y6s	tu	knobloch2020sauji	5889		new-family-association	high	manually-reviewed-lexical-family	tu/či/tuṭee/ti/tusi singular you are source-labeled members of the singular paradigm; tusi overlaps the plural shape and requires source-cell verification, not forced reclassification.		
331	you (singular)	f_zxuim2yur6zfk	či	knobloch2020sauji	5889		new-family-association	high	manually-reviewed-lexical-family	tu/či/tuṭee/ti/tusi singular you are source-labeled members of the singular paradigm; tusi overlaps the plural shape and requires source-cell verification, not forced reclassification.		
331	you (singular)	f_n6xw5a23anili	tuṭee	knobloch2020sauji	5889		new-family-association	high	manually-reviewed-lexical-family	tu/či/tuṭee/ti/tusi singular you are source-labeled members of the singular paradigm; tusi overlaps the plural shape and requires source-cell verification, not forced reclassification.		
331	you (singular)	f_mdb5hdviqkz4u	ti	knobloch2020sauji	5889		new-family-association	high	manually-reviewed-lexical-family	tu/či/tuṭee/ti/tusi singular you are source-labeled members of the singular paradigm; tusi overlaps the plural shape and requires source-cell verification, not forced reclassification.		
331	you (singular)	f_ibblqbhz56hwm	tusi	knobloch2020sauji	5889		new-family-association	high	manually-reviewed-lexical-family	tu/či/tuṭee/ti/tusi singular you are source-labeled members of the singular paradigm; tusi overlaps the plural shape and requires source-cell verification, not forced reclassification.		
331	you (singular)	f_mpfmbhjpmcen4	tuṭee	knobloch2020sauji;buddruss1967sau	5889		new-family-association	high	manually-reviewed-lexical-family	tu/či/tuṭee/ti/tusi singular you are source-labeled members of the singular paradigm; tusi overlaps the plural shape and requires source-cell verification, not forced reclassification.		
332	young, small	f_64qlzh4rsrzwe	lawu	knobloch2020sauji	10896		new-family-association	high	manually-reviewed-lexical-family	lawu young/small belongs to the laghu property family.		
333	zahir	f_fxrsuvimqnqcu	zahir	knobloch2020sauji			assessed-no-secure-input			zahir is a personal name.		
334	zangabosho	f_suxsp53zl75ow	zaŋgabošo	knobloch2020sauji			assessed-no-secure-input			zaŋgabošo is a place-name citation.		
